Ticker,Description,fLK+lF,Yahoo_Ticker
VFV,Vanguard S&P 500 Index ETF,$35.25 B,VFV.TO
XIC,iShares Core S&P/TSX Capped Composite Index ETF,$33.90 B,XIC.TO
ZSP,BMO S&P 500 Index ETF,$24.53 B,ZSP.TO
XEF,iShares Core MSCI EAFE IMI Index ETF,$23.81 B,XEF.TO
XIU,iShares S&P/TSX 60 Index ETF,$22.44 B,XIU.TO
XEQT,iShares Core Equity ETF,$22.33 B,XEQT.TO
VUN,Vanguard Morningstar U.S. Total Market Index ETF,$19.72 B,VUN.TO
ZCN,BMO S&P/TSX Capped Composite Index ETF,$18.21 B,ZCN.TO
VCN,Vanguard FTSE Canada All Cap Index ETF,$17.60 B,VCN.TO
VEQT,Vanguard All-Equity ETF Portfolio,$17.13 B,VEQT.TO
XSP,iShares Core S&P 500 Index ETF,$16.01 B,XSP.TO
ZEA,BMO MSCI EAFE Index ETF,$13.60 B,ZEA.TO
XUS,iShares Core S&P 500 Index ETF,$13.30 B,XUS.TO
ZAG,BMO Aggregate Bond Index ETF,$13.10 B,ZAG.TO
VIU,Vanguard FTSE Developed All Cap ex North America Index ETF,$11.60 B,VIU.TO
VGRO,Vanguard Growth ETF Portfolio,$10.81 B,VGRO.TO
XBB,iShares Canadian Universe Bond Index ETF,$10.59 B,XBB.TO
FBAL,Fidelity All-in-One Balanced ETF,$10.16 B,FBAL.NE
VDY,Vanguard FTSE Canadian High Dividend Yield Index ETF,$9.05 B,VDY.TO
HXS,Global X S&P 500 Index Corporate Class ETF,$7.60 B,HXS.TO
TEC,TD Global Technology Leaders Index ETF,$5.15 B,TEC.TO
ZUE,BMO S&P 500 Index ETF,$4.91 B,ZUE.TO
XEC,iShares Core MSCI Emerging Markets IMI Index ETF,$4.80 B,XEC.TO
XGD,iShares S&P/TSX Global Gold Index ETF,$4.69 B,XGD.TO
XUU,iShares Core S&P U.S. Total Market Index ETF,$4.65 B,XUU.TO
SITU,Scotia US Equity Index Tracker ETF,$4.65 B,SITU.NE
VEE,Vanguard FTSE Emerging Markets All Cap Index ETF,$4.64 B,VEE.TO
ZWB,BMO Covered Call Canadian Banks ETF,$4.63 B,ZWB.TO
FCCB,Fidelity Systematic Canadian Bond Index ETF,$4.62 B,FCCB.TO
ZCS,BMO Short Corporate Bond Index ETF,$4.61 B,ZCS.TO
XAW,iShares Core MSCI All Country World ex Canada Index ETF,$4.59 B,XAW.TO
XSB,iShares Canadian Short Term Bond Index ETF,$4.49 B,XSB.TO
CSAV,CI First Asset High Interest Savings ETF,$4.40 B,CSAV.TO
XEI,iShares Core S&P/TSX Composite High Dividend Index ETF,$4.35 B,XEI.TO
DMEU,Desjardins American Equity Index ETF,$4.33 B,DMEU.TO
FCUV,Fidelity U.S. Value Index ETF,$4.27 B,FCUV.TO
TDB,TD Canadian Aggregate Bond Index ETF,$4.20 B,TDB.TO
ZSP.U,BMO S&P 500 Index ETF,$3.01 B,ZSP-U.TO
VCE,Vanguard FTSE Canada Index ETF,$3.72 B,VCE.TO
XCB,iShares Canadian Corporate Bond Index ETF,$3.63 B,XCB.TO
ZIC,BMO Mid-Term US IG Corporate Bond Index ETF,$3.63 B,ZIC.TO
TQCD,TD Q Canadian Dividend ETF,$3.63 B,TQCD.TO
ZEM,BMO MSCI Emerging Markets Index ETF,$3.61 B,ZEM.TO
VXC,Vanguard FTSE Global All Cap ex Canada Index ETF,$3.57 B,VXC.TO
ZMU,BMO Mid-Term US IG Corporate Bond Index ETF,$3.54 B,ZMU.TO
ZST,BMO Ultra Short-Term Bond ETF,$3.48 B,ZST.TO
XBAL,iShares Balanced Income CorePortfolio Index ETF,$3.46 B,XBAL.TO
PSA,Purpose High Interest Savings ETF,$3.37 B,PSA.TO
XFH,iShares Core MSCI EAFE IMI Index ETF,$3.23 B,XFH.TO
ZQQ,BMO NASDAQ 100 Equity Index ETF,$3.08 B,ZQQ.TO
HBB,Global X Canadian Select Universe Bond Index Corporate Class ETF,$3.04 B,HBB.TO
FINN,Fidelity Global Innovators ETF,$3.03 B,FINN.NE
NUBF,NBI Unconstrained Fixed Income ETF,$2.99 B,NUBF.TO
XSH,iShares Core Canadian Short Term Corporate + Maple Bond Index ETF,$2.93 B,XSH.TO
ZGEQ,BMO Global Equity Fund Active ETF Series,$2.88 B,ZGEQ.NE
ZCPB,BMO Core Plus Bond Fund ETF,$2.85 B,ZCPB.TO
NSCB,NBI Sustainable Canadian Bond ETF,$2.79 B,NSCB.TO
CBIL,Global X 0-3 Month T-Bill ETF,$2.78 B,CBIL.TO
CMR,iShares Premium Money Market ETF,$2.77 B,CMR.TO
SITB,Scotia Canadian Bond Index Tracker ETF,$2.71 B,SITB.NE
FCUQ,Fidelity U.S. High Quality Index ETF,$2.70 B,FCUQ.TO
HXCN,Global X S&P/TSX Capped Composite Index Corporate Class ETF,$2.62 B,HXCN.TO
XDV,iShares Canadian Select Dividend Index ETF,$2.61 B,XDV.TO
FCIV,Fidelity International Value Index ETF,$2.58 B,FCIV.TO
VGG,Vanguard U.S. Dividend Appreciation Index ETF,$2.54 B,VGG.TO
HMAX,Hamilton Canadian Financials Yield Maximizer ETF,$2.53 B,HMAX.TO
FCMO,Fidelity U.S. Momentum Index ETF,$2.52 B,FCMO.TO
CACB,CIBC Active Investment Grade Corporate Bond ETF,$2.49 B,CACB.TO
DMEI,Desjardins International Equity Index ETF,$2.49 B,DMEI.TO
ZLU,BMO Low Volatility US Equity ETF,$2.48 B,ZLU.TO
ZWC,BMO Canadian High Dividend Covered Call ETF,$2.47 B,ZWC.TO
DCU,Desjardins Canadian Universe Bond Index ETF,$2.45 B,DCU.TO
XSTH,iShares 0-5 Year TIPS Bond Index ETF,$2.45 B,XSTH.TO
XEG,iShares S&P/TSX Capped Energy Index ETF,$2.43 B,XEG.TO
FCNS,Fidelity All-in-One Conservative ETF,$2.37 B,FCNS.NE
DMEC,Desjardins Canadian Equity Index ETF,$2.36 B,DMEC.TO
NSCE,NBI Sustainable Canadian Equity ETF,$2.34 B,NSCE.TO
IDIV.B,Manulife Smart International Dividend ETF,$2.30 B,IDIV-B.TO
ZNQ,BMO NASDAQ 100 Equity Index ETF,$2.28 B,ZNQ.TO
QQC,CI Invesco NASDAQ 100 Index ETF,$2.25 B,QQC.TO
VIDY,Vanguard FTSE Developed ex North America High Dividend Yield Index ETF,$2.26 B,VIDY.TO
XFN,iShares S&P/TSX Capped Financials Index ETF,$2.25 B,XFN.TO
FCUL,Fidelity U.S. Low Volatility Index ETF,$2.19 B,FCUL.NE
CGL,iShares Gold Bullion ETF,$2.19 B,CGL.TO
ZWU,BMO Covered Call Utilities ETF,$2.16 B,ZWU.TO
QQQX,Global X NASDAQ-100 Index ETF,$2.11 B,QQQX.TO
ZCB,BMO Corporate Bond Index ETF,$2.11 B,ZCB.TO
QDX,Mackenzie International Equity Index ETF,$2.00 B,QDX.TO
FCIQ,Fidelity International High Quality Index ETF,$1.99 B,FCIQ.TO
ZDM,BMO MSCI EAFE Hedged to CAD Index ETF,$1.98 B,ZDM.TO
HHIS,Harvest Diversified High Income Shares ETF,$1.97 B,HHIS.TO
EQL,CI Invesco S&P 500 Equal Weight Index ETF,$1.95 B,EQL.TO
FCIM,Fidelity International Momentum Index ETF,$1.94 B,FCIM.TO
VSB,Vanguard Canadian Short-Term Bond Index ETF,$1.94 B,VSB.TO
HSAV,Global X Cash Maximizer Corporate Class ETF,$1.93 B,HSAV.TO
XIN,iShares MSCI EAFE Index ETF,$1.93 B,XIN.TO
CDIV,Manulife Smart Dividend ETF,$1.92 B,CDIV.TO
ZDV,BMO Canadian Dividend ETF,$1.91 B,ZDV.TO
HDIV,Hamilton Enhanced Canadian Covered Call ETF,$1.90 B,HDIV.TO
VBU,Vanguard U.S. Aggregate Bond Index ETF,$1.88 B,VBU.TO
MNY,Purpose Cash Management Fund,$1.88 B,MNY.TO
HHL,Harvest Healthcare Leaders Income ETF,$1.83 B,HHL.TO
HXQ,Global X Nasdaq-100 Index Corporate Class ETF,$1.82 B,HXQ.TO
NREA,NBI Global Real Assets Income Fund - ETF Series,$1.80 B,NREA.TO
XWD,iShares MSCI World Index ETF,$1.78 B,XWD.TO
ZJK,BMO High Yield US Corporate Bond Index ETF,$1.77 B,ZJK.TO
MIQE,Mackenzie GQE International Equity ETF,$1.77 B,MIQE.TO
TGED,TD Active Global Enhanced Dividend ETF,$1.74 B,TGED.TO
ZGLD,BMO Gold Bullion ETF,$1.68 B,ZGLD.TO
XGB,iShares Canadian Government Bond Index ETF,$1.67 B,XGB.TO
ZPR,BMO Laddered Preferred Share Index ETF,$1.67 B,ZPR.TO
FBTC,Fidelity Advantage Bitcoin ETF,$1.62 B,FBTC.TO
VSC,Vanguard Canadian Short-Term Corporate Bond Index ETF,$1.62 B,VSC.TO
FCGB,Fidelity Global Core Plus Bond ETF,$1.59 B,FCGB.TO
VBG,Vanguard Global ex-U.S. Aggregate Bond Index ETF,$1.56 B,VBG.TO
DCBC,Desjardins Canadian Corporate Bond Index ETF,$1.55 B,DCBC.TO
QQC.F,CI Invesco NASDAQ 100 Index ETF,$1.55 B,QQC-F.TO
CIF,iShares Global Infrastructure Index ETF,$1.54 B,CIF.TO
CUEI,CIBC MSCI USA Equity Index ETF,$1.53 B,CUEI.TO
QBB,Mackenzie Canadian Aggregate Bond Index ETF,$1.53 B,QBB.TO
NHYB,NBI High Yield Bond ETF,$1.52 B,NHYB.TO
ZHY,BMO High Yield US Corporate Bond Hedged to CAD Index ETF,$1.51 B,ZHY.TO
TQGM,TD Q Global Multifactor ETF,$1.49 B,TQGM.TO
ZCM,BMO Mid Corporate Bond Index ETF,$1.47 B,ZCM.TO
UMAX,Hamilton Utilities Yield Maximizer ETF,$1.45 B,UMAX.TO
RCDB,RBC Canadian Discount Bond ETF,$1.43 B,RCDB.NE
VUS,Vanguard Morningstar U.S. Total Market Index ETF,$1.42 B,VUS.TO
ZUAG.F,BMO US Aggregate Bond Index ETF,$1.41 B,ZUAG-F.TO
FIE,iShares Canadian Financial Monthly Income ETF,$1.39 B,FIE.TO
ZDB,BMO Discount Bond Index ETF,$1.37 B,ZDB.TO
HEB,HAMILTON CHAMPIONS Canadian Bank Equal-Weight Index ETF,$1.36 B,HEB.TO
FCCV,Fidelity Canadian Value Index ETF,$1.35 B,FCCV.TO
HXDM,Global X Intl Developed Markets Equity Index Corporate Class ETF,$1.32 B,HXDM.TO
VEF,Vanguard FTSE Developed All Cap ex U.S. Index ETF,$1.32 B,VEF.TO
FCIL,Fidelity International Low Volatility Index ETF,$1.32 B,FCIL.NE
TCSH,TD Cash Management ETF,$1.32 B,TCSH.TO
FCCM,Fidelity Canadian Momentum Index ETF,$1.30 B,FCCM.TO
BANK,Evolve Canadian Banks and Lifecos Enhanced Yield Index Fund,$1.28 B,BANK.TO
ZUQ,BMO MSCI USA High Quality Index ETF,$1.28 B,ZUQ.TO
ZFL,BMO Long Federal Bond Index ETF,$1.28 B,ZFL.TO
ZGQ,BMO MSCI All Country World High Quality Index ETF,$1.26 B,ZGQ.TO
FCGS,Fidelity Global Small Cap Opportunities Fund,$1.24 B,FCGS.NE
ZGB,BMO Government Bond Index ETF,$1.23 B,ZGB.TO
CDZ,iShares S&P/TSX Canadian Dividend Aristocrats Index ETF,$1.22 B,CDZ.TO
QAH,Mackenzie US Large Cap Equity Index ETF,$1.22 B,QAH.TO
WXM,CI Morningstar Canada Momentum Index ETF,$1.22 B,WXM.TO
HYLD,Hamilton Enhanced U.S. Covered Call ETF,$1.21 B,HYLD.TO
EQL.F,CI Invesco S&P 500 Equal Weight Index ETF,$1.21 B,EQL-F.TO
VXM,CI First Asset Morningstar International Value Index ETF,$1.21 B,VXM.TO
CIAI,CI Global Artificial Intelligence ETF,$1.19 B,CIAI.TO
SITI,Scotia International Equity Index Tracker ETF,$1.17 B,SITI.NE
ZWH,BMO US High Dividend Covered Call ETF,$1.16 B,ZWH.TO
XHY,iShares U.S. High Yield Bond Index ETF,$1.15 B,XHY.TO
FCCQ,Fidelity Canadian High Quality Index ETF,$1.14 B,FCCQ.TO
CPD,iShares S&P/TSX Canadian Preferred Share Index ETF,$1.13 B,CPD.TO
CQLU,CIBC Qx U.S. Low Volatility Dividend ETF,$1.12 B,CQLU.NE
FCCL,Fidelity Canadian Low Volatility Index ETF,$1.12 B,FCCL.NE
FCIN,Fidelity All-International Equity ETF,$1.12 B,FCIN.NE
CNDX,Global X S&P/TSX 60 Index ETF,$1.11 B,CNDX.TO
SMAX,Hamilton U.S. Equity Yield Maximizer ETF,$1.11 B,SMAX.TO
ZWP,BMO Europe High Dividend Covered Call ETF,$1.11 B,ZWP.TO
ESG,CI S&P 500 ESG Index ETF,$1.10 B,ESG.TO
HSUV.U,Global X USD Cash Maximizer Corporate Class ETF,$774.50 M,HSUV-U.TO
QQCE,CI ESG NASDAQ 100 Index ETF,$1.07 B,QQCE.TO
MUB,Mackenzie Unconstrained Bond ETF,$1.06 B,MUB.TO
BND,Purpose Global Bond Fund ETF,$1.06 B,BND.TO
TQSM,TD Q U.S. Small-Mid-Cap Equity ETF,$1.05 B,TQSM.TO
PDC,CI Canadian Dividend Index ETF,$1.04 B,PDC.TO
VGH,Vanguard U.S. Dividend Appreciation Index ETF,$1.03 B,VGH.TO
ZEQT,BMO All-Equity ETF,$1.03 B,ZEQT.TO
XRE,iShares S&P/TSX Capped REIT Index ETF,$1.03 B,XRE.TO
HCAL,Hamilton Enhanced Canadian Bank ETF,$1.01 B,HCAL.TO
PSU.U,Purpose US Cash Fund,$726.92 M,PSU-U.TO
WSRI,Wealthsimple North America Socially Responsible Index ETF,$1.00 B,WSRI.TO
QMAX,Hamilton Technology Yield Maximizer ETF,$999.04 M,QMAX.TO
CLG,iShares 1-10 Year Laddered Government Bond Index ETF,$988.71 M,CLG.TO
DGRC,CI Canada Quality Dividend Growth Index ETF,$987.09 M,DGRC.TO
XDSR,iShares ESG Advanced MSCI EAFE Index ETF,$986.60 M,XDSR.TO
WSRD,Wealthsimple Developed Markets ex North America Socially Responsible Index ETF,$985.98 M,WSRD.TO
DMEE,Desjardins Emerging Markets Equity Index ETF,$980.18 M,DMEE.TO
ZFS,BMO Short Federal Bond Index ETF,$979.86 M,ZFS.TO
CAGE,Avantis CIBC All-Equity Asset Allocation ETF,$975.48 M,CAGE.TO
VCNS,Vanguard Conservative ETF Portfolio,$962.39 M,VCNS.TO
ZDI,BMO International Dividend ETF,$947.34 M,ZDI.TO
HPR,Global X Active Preferred Share ETF,$944.45 M,HPR.TO
CBO,iShares 1-5 Year Laddered Corporate Bond Index ETF,$937.00 M,CBO.TO
TQGD,TD Q Global Dividend ETF,$935.37 M,TQGD.TO
BTCC.B,Purpose Bitcoin ETF,$933.47 M,BTCC-B.TO
RUD,RBC Quant U.S. Dividend Leaders ETF,$929.70 M,RUD.TO
NSDC,NBI SmartData Canadian Equity Fund ETF Series Units,$925.44 M,NSDC.TO
TCSB,TD Select Short Term Corporate Bond Ladder ETF,$917.93 M,TCSB.TO
RING,Global X Equal Weight Canadian Telecommunications Index ETF,$916.24 M,RING.TO
MKB,Mackenzie Core Plus Canadian Fixed Income ETF,$915.02 M,MKB.TO
ZDY,BMO US Dividend ETF,$902.25 M,ZDY.TO
DXDB,Dynamic Active Discount Bond ETF,$892.18 M,DXDB.TO
VVL,Vanguard Global Value Factor ETF,$890.02 M,VVL.TO
TERM,Manulife Smart Short Term Bond ETF,$889.84 M,TERM.TO
XUT,iShares S&P/TSX Capped Utilities Index ETF,$889.55 M,XUT.TO
HTA,Harvest Tech Leaders Income ETF,$887.85 M,HTA.TO
XMD,iShares S&P/TSX Completion Index ETF,$883.79 M,XMD.TO
DXG,Dynamic Active Global Dividend ETF,$877.01 M,DXG.TO
ZAAA.F,BMO AAA CLO ETF,$868.84 M,ZAAA-F.NE
XMC,iShares S&P U.S. Mid-Cap Index ETF,$867.62 M,XMC.TO
RQP,RBC Target 2027 Canadian Corporate Bond Index ETF,$865.53 M,RQP.TO
VCB,Vanguard Canadian Corporate Bond Index ETF,$864.91 M,VCB.TO
VDU,Vanguard FTSE Developed All Cap ex U.S. Index ETF,$852.81 M,VDU.TO
USSX,Global X S&P 500 Index ETF,$610.75 M,USSX.TO
TXF,CI Tech Giants Covered Call ETF,$838.24 M,TXF.TO
BTCX.B,CI Galaxy Bitcoin ETF,$836.36 M,BTCX-B.TO
DXQ,Dynamic Active Enhanced Yield Covered Options ETF,$835.45 M,DXQ.TO
ZMP,BMO Mid Provincial Bond Index ETF,$832.55 M,ZMP.TO
UBIL.U,Global X 0-3 Month U.S. T-Bill ETF,$598.49 M,UBIL-U.TO
HISA,High Interest Savings Account Fund,$825.80 M,HISA.NE
XFR,iShares Floating Rate Index ETF,$816.39 M,XFR.TO
HULC,Global X US Large Cap Index Corporate Class ETF,$816.20 M,HULC.TO
FCAB,Fidelity Absolute Income Fund ETF,$811.72 M,FCAB.TO
ZGRO,BMO Growth ETF,$809.39 M,ZGRO.TO
ZUT,BMO Equal Weight Utilities Index ETF,$805.63 M,ZUT.TO
CGL.C,iShares Gold Bullion ETF,$799.25 M,CGL-C.TO
CCEI,CIBC MSCI Canada Equity Index ETF,$798.95 M,CCEI.TO
ZBK,BMO Equal Weight U.S. Banks Index ETF,$795.64 M,ZBK.TO
ENCC,Global X Canadian Oil and Gas Equity Covered Call ETF,$786.24 M,ENCC.TO
RQQ,RBC Target 2028 Canadian Corporate Bond Index ETF,$785.62 M,RQQ.TO
XDG,iShares Core MSCI Global Quality Dividend Index ETF,$785.51 M,XDG.TO
CGBI,CIBC Global Bond ex-Canada Index ETF,$781.15 M,CGBI.TO
MGQE,Mackenzie GQE Global Equity ETF,$780.72 M,MGQE.TO
ZWE,BMO Europe High Dividend Covered Call Hedged to CAD ETF,$774.80 M,ZWE.TO
ZEF,BMO Emerging Markets Bond Hedged to CAD Index ETF,$772.86 M,ZEF.TO
XMA,iShares S&P/TSX Capped Materials Index ETF,$764.10 M,XMA.TO
CLF,iShares 1-5 Year Laddered Government Bond Index ETF,$760.16 M,CLF.TO
BSKT,Manulife Smart Core Bond ETF,$756.75 M,BSKT.TO
HBNK,Global X Equal Weight Canadian Banks Index ETF,$749.54 M,HBNK.TO
VXM.B,CI First Asset Morningstar International Value Index ETF,$747.51 M,VXM-B.TO
FGO,CI First Asset Enhanced Government Bond ETF,$747.22 M,FGO.TO
SPLT,Brompton Split Corp. Preferred Share ETF,$736.80 M,SPLT.TO
SITC,Scotia Canadian Large Cap Equity Index Tracker ETF,$732.30 M,SITC.NE
CQLC,CIBC Qx Canadian Low Volatility Dividend ETF,$730.85 M,CQLC.NE
ZJPN,BMO Japan Index ETF,$727.47 M,ZJPN.TO
XSUS,iShares ESG MSCI USA Index ETF,$726.28 M,XSUS.TO
MEME.B,Manulife Multifactor Emerging Markets Index ETF,$721.00 M,MEME-B.TO
CAGG,CI Canadian Aggregate Bond Index ETF,$717.62 M,CAGG.TO
XLB,iShares Core Canadian Long Term Bond Index ETF,$715.56 M,XLB.TO
XIT,iShares S&P/TSX Capped Information Technology Index ETF,$712.32 M,XIT.TO
QQCC,Global X Nasdaq-100 Covered Call ETF,$708.38 M,QQCC.TO
ZFM,BMO Mid Federal Bond Index ETF,$704.50 M,ZFM.TO
XEU,iShares MSCI Europe IMI Index ETF,$694.30 M,XEU.TO
PFMN,PICTON Market Neutral Equity Alternative Fund ETF,$683.80 M,PFMN.TO
CQLI,CIBC Qx International Low Volatility Dividend ETF,$682.26 M,CQLI.NE
XSU,iShares U.S. Small Cap Index ETF,$679.32 M,XSU.TO
VE,Vanguard FTSE Developed Europe All Cap Index ETF,$678.69 M,VE.TO
ZBAL,BMO Balanced ETF,$668.63 M,ZBAL.TO
VGAB,Vanguard Global Aggregate Bond Index ETF,$666.73 M,VGAB.TO
GLCC,Global X Gold Producer Equity Covered Call ETF,$665.30 M,GLCC.TO
HFR,Global X Active Ultra-Short Term Investment Grade Bond ETF,$664.16 M,HFR.TO
ZST.L,BMO Ultra Short-Term Bond ETF,$660.86 M,ZST-L.TO
ZCOM,BMO Broad Commodity ETF,$658.98 M,ZCOM.NE
TUED,TD Active U.S. Enhanced Dividend ETF,$658.15 M,TUED.TO
JAPN.B,CI Japan Equity Index ETF,$657.91 M,JAPN-B.TO
RPF,RBC Canadian Preferred Share ETF,$656.79 M,RPF.TO
QUIG,Mackenzie US Investment Grade Corporate Bond Index ETF,$654.80 M,QUIG.TO
XESG,iShares ESG MSCI Canada Index ETF,$648.86 M,XESG.TO
BTCC,Purpose Bitcoin ETF,$646.32 M,BTCC.TO
DXP,Dynamic Active Preferred Shares ETF,$642.21 M,DXP.TO
FGEP,Fidelity Global Equity+ Fund,$642.16 M,FGEP.TO
DRFC,Desjardins RI Canada Multifactor - Net-Zero Emissions Pathway ETF,$641.97 M,DRFC.TO
CFRN,CIBC Active Investment Grade Floating Rate Bond ETF,$636.27 M,CFRN.TO
XIGS,iShares 1-5 Year U.S. IG Corporate Bond Index ETF,$630.41 M,XIGS.TO
XBM,iShares S&P/TSX Global Base Metals Index ETF,$625.67 M,XBM.TO
FLUR,Franklin International Equity Index ETF,$619.06 M,FLUR.TO
QCB,Mackenzie Canadian All Corporate Bond Index ETF,$613.48 M,QCB.TO
AMAX,Hamilton Gold Producer Yield Maximizer ETF,$610.53 M,AMAX.TO
CGSB,CI Global Short-Term Bond Fund,$608.85 M,CGSB.NE
XMH,iShares S&P U.S. Mid-Cap Index ETF,$604.49 M,XMH.TO
TUHY,TD Active U.S. High Yield Bond ETF,$598.80 M,TUHY.TO
EMAX,Hamilton Energy Yield Maximizer ETF,$596.83 M,EMAX.TO
RID,RBC Quant EAFE Dividend Leaders ETF,$591.59 M,RID.TO
CMVP,HAMILTON CHAMPIONS Canadian Dividend Index ETF,$591.26 M,CMVP.TO
ZRE,BMO Equal Weight REITs Index ETF,$584.17 M,ZRE.TO
HISU.U,US High Interest Savings Account Fund,$418.17 M,HISU-U.TO
HBF,Harvest US Equity Leaders Income ETF,$573.60 M,HBF.TO
USCC.U,Global X S&P 500 Covered Call ETF (CA),$567.38 M,USCC-U.TO
HDIF,Harvest Diversified Monthly Income ETF,$564.54 M,HDIF.TO
CIEI,CIBC MSCI EAFE Equity Index ETF,$557.50 M,CIEI.TO
DRFE,Desjardins RI Emerging Markets Multifactor - Net-Zero Emissions Pathway ETF,$547.83 M,DRFE.TO
XCSR,iShares ESG Advanced MSCI Canada Index ETF,$547.11 M,XCSR.TO
XUS.U,iShares Core S&P 500 Index ETF,$395.19 M,XUS-U.TO
RQR,RBC Target 2029 Canadian Corporate Bond Index ETF,$546.41 M,RQR.TO
FCSW,Fidelity Sustainable World ETF,$543.28 M,FCSW.NE
HUTL,Harvest Utilities Leaders Income ETF,$541.85 M,HUTL.TO
FXM,CI Morningstar Canada Value Index ETF,$539.95 M,FXM.TO
MCLC,Manulife Multifactor Canadian Large Cap Index ETF,$537.26 M,MCLC.TO
XUSR,iShares ESG Advanced MSCI USA ETF - CAD,$534.69 M,XUSR.TO
RCOR,RBC Core Bond Pool ETF,$533.61 M,RCOR.NE
CBH,iShares 1-10 Year Laddered Corporate Bond Index ETF,$530.79 M,CBH.TO
XHC,iShares Global Healthcare Index ETF,$529.87 M,XHC.TO
XQB,iShares Core High Quality Canadian Bond Index ETF,$527.16 M,XQB.TO
XFLI,iShares Flexible Monthly Income ETF,$526.54 M,XFLI.TO
PSB,CI 1-5 Year Laddered Investment Grade Corporate Bond Index ETF,$522.85 M,PSB.TO
KILO,Purpose Gold Bullion Fund ETF,$523.04 M,KILO.TO
RPLS,RBC Core Plus Bond Pool ETF,$519.75 M,RPLS.NE
RBNK,RBC Canadian Bank Yield Index ETF,$516.94 M,RBNK.TO
XUH,iShares Core S&P U.S. Total Market Index ETF,$511.97 M,XUH.TO
XEM,iShares MSCI Emerging Markets Index ETF,$510.44 M,XEM.TO
WSHR,Wealthsimple Shariah World Equity Index ETF,$510.34 M,WSHR.NE
TPRF,TD Active Preferred Share ETF,$504.44 M,TPRF.TO
CDAY,Hamilton Enhanced Canadian Equity DayMAX ETF,$500.02 M,CDAY.NE
HFIN,Hamilton Enhanced Canadian Financials ETF,$496.51 M,HFIN.TO
ZGI,BMO Global Infrastructure Index ETF,$494.57 M,ZGI.TO
DGR.B,CI U.S. Quality Dividend Growth Index ETF,$494.22 M,DGR-B.TO
VMO,Vanguard Global Momentum Factor ETF,$489.72 M,VMO.TO
CCAD,CIBC Premium Cash Management ETF,$479.30 M,CCAD.TO
DRFG,Desjardins RI Global Multifactor - Fossil Fuel Reserves Free ETF,$477.41 M,DRFG.TO
IBIT,iShares Bitcoin ETF,$473.62 M,IBIT.NE
QQU,BetaPro NASDAQ-100 2x Daily Bull ETF,$470.25 M,QQU.TO
SVR,iShares Silver Bullion ETF,$469.92 M,SVR.TO
ETHX.B,CI Galaxy Ethereum ETF,$468.22 M,ETHX-B.TO
ZEO,BMO Equal Weight Oil & Gas Index ETF,$466.58 M,ZEO.TO
NNRG,Ninepoint Energy Fund,$466.07 M,NNRG.TO
NNRG.U,Ninepoint Energy Fund,$336.89 M,NNRG-U.TO
TINF,TD Active Global Infrastructure Equity ETF,$460.91 M,TINF.TO
DXV,Dynamic  Active Investment Grade Floating Rate ETF,$458.70 M,DXV.TO
CINF,CI Global Infrastructure Private Pool ETF,$457.29 M,CINF.TO
CAUS,Avantis CIBC U.S. All-Cap Equity ETF,$452.58 M,CAUS.TO
TGRO,TD Growth ETF Portfolio,$451.68 M,TGRO.TO
PFIA,PICTON Long Short Income Alternative Fund ETF,$448.47 M,PFIA.TO
ZDJ,BMO Dow Jones Industrial Average Hedged to CAD Index ETF,$448.23 M,ZDJ.TO
ZMBS,BMO Canadian MBS Index ETF,$445.05 M,ZMBS.TO
YTSL,Tesla (TSLA) Yield Shares Purpose ETF,$443.79 M,YTSL.NE
ZPAY,BMO Premium Yield ETF,$442.52 M,ZPAY.TO
RQS,RBC Target 2030 Canadian Corporate Bond Index ETF,$442.39 M,RQS.TO
MSTE,Harvest Strategy Inc. Enhanced High Income Shares ETF,$438.78 M,MSTE.TO
PCOR,PIMCO Managed Core Bond Pool ETF,$438.78 M,PCOR.TO
ZESM,BMO MSCI EAFE Small-Mid Cap Index ETF,$436.33 M,ZESM.TO
UTES,Evolve Canadian Utilities Enhanced Yield Index Fund,$436.21 M,UTES.TO
TCLB,TD Canadian Long Term Federal Bond ETF,$435.89 M,TCLB.TO
IGB,Purpose Global Bond Class ETF,$435.19 M,IGB.TO
HAZ,Global X Active Global Dividend ETF,$434.09 M,HAZ.TO
MWLV,Mackenzie World Low Volatility ETF,$433.18 M,MWLV.TO
DMID,Desjardins American Mid Cap Equity Index ETF,$431.59 M,DMID.TO
XCNS,iShares Core Conservative Balanced ETF,$429.77 M,XCNS.TO
XGGB,iShares Global Government Bond Index ETF,$425.34 M,XGGB.NE
DRFU,Desjardins RI USA Multifactor - Net-Zero Emissions Pathway ETF,$425.30 M,DRFU.TO
HISA.L,High Interest Savings Account Fund,$423.11 M,HISA-L.NE
RCD,RBC Quant Canadian Dividend Leaders ETF,$421.42 M,RCD.TO
CEW,iShares Equal Weight Banc & Lifeco ETF,$419.03 M,CEW.TO
CAPM,Capital Group Multi-Sector Income Select ETF,$418.21 M,CAPM.TO
CSBI,CIBC Canadian Short-Term Bond Index ETF,$417.80 M,CSBI.TO
FLAM,Franklin FTSE U.S. Index ETF,$414.84 M,FLAM.TO
DXC,Dynamic Active Canadian Dividend ETF,$414.40 M,DXC.TO
FHIS,Franklin Canadian Ultra Short Term Bond Fund,$411.16 M,FHIS.TO
HEQT,Global X All-Equity Asset Allocation ETF,$408.20 M,HEQT.TO
JEPI,JPMorgan US Equity Premium Income Active ETF,$405.97 M,JEPI.TO
FCID,Fidelity International High Dividend Index ETF,$404.80 M,FCID.TO
ZGD,BMO Equal Weight Global Gold Index ETF,$402.41 M,ZGD.TO
RQT,RBC Target 2031 Canadian Corporate Bond ETF,$400.89 M,RQT.TO
QMVP,Hamilton Champions U.S. Technology Index ETF,$399.14 M,QMVP.TO
BKCC,Global X Equal Weight Canadian Bank Covered Call ETF,$396.22 M,BKCC.TO
XMV,iShares Edge MSCI Min Vol Canada Index ETF,$395.95 M,XMV.TO
CCOM,CI Auspice Broad Commodity Fund,$393.61 M,CCOM.TO
QTIP,Mackenzie US TIPS Index ETF,$392.35 M,QTIP.NE
TBAL,TD Balanced ETF Portfolio,$389.59 M,TBAL.TO
QDAY,Hamilton Enhanced Technology DayMAX ETF,$389.29 M,QDAY.NE
FCCD,Fidelity Canadian High Dividend Index ETF,$388.67 M,FCCD.TO
XFLX,iShares Flexible Monthly Income ETF,$386.66 M,XFLX.TO
NGPE,NBI Global Private Equity ETF,$385.11 M,NGPE.TO
MGDV,Mackenzie Global Dividend ETF,$384.93 M,MGDV.TO
ZPS,BMO Short Provincial Bond Index ETF,$383.98 M,ZPS.TO
TGFI,TD Active Global Income ETF,$382.30 M,TGFI.TO
CGIN,CI Global Investment Grade ETF,$382.18 M,CGIN.TO
XST,iShares S&P/TSX Capped Consumer Staples Index ETF,$375.42 M,XST.TO
CHPS,Global X Artificial Intelligence Semiconductor Index ETF,$375.26 M,CHPS.TO
BTCC.U,Purpose Bitcoin ETF,$270.82 M,BTCC-U.TO
VRIF,Vanguard Retirement Income ETF Portfolio,$371.88 M,VRIF.TO
XSEA,iShares ESG MSCI EAFE Index ETF,$369.36 M,XSEA.TO
NALT,NBI Liquid Alternatives ETF,$369.25 M,NALT.TO
RIT,CI First Asset Canadian REIT ETF,$369.01 M,RIT.TO
CACE,Avantis CIBC Canadian Equity ETF,$368.33 M,CACE.TO
XTR,iShares Diversified Monthly Income ETF,$368.02 M,XTR.TO
QQCL,Global X Enhanced Nasdaq-100 Covered Call ETF,$367.13 M,QQCL.TO
FCVH,Fidelity U.S. Value Currency Neutral Index ETF,$362.76 M,FCVH.TO
BIGY,Evolve US Equity UltraYield ETF,$362.38 M,BIGY.TO
VA,Vanguard FTSE Developed Asia Pacific All Cap Index ETF,$361.06 M,VA.TO
HFN,HAMILTON CHAMPIONS Canadian Financials Index ETF,$360.04 M,HFN.TO
FLGA,Franklin Global Core Bond Fund,$359.06 M,FLGA.TO
XMU,iShares MSCI USA Minimum Volatility Index ETF,$358.58 M,XMU.TO
RUSB.U,RBC Short Term U.S. Corporate Bond ETF,$258.87 M,RUSB-U.TO
XSPC,iShares S&P 500 3% Capped Index ETF,$355.17 M,XSPC.TO
RQO,RBC Target 2026 Canadian Corporate Bond Index ETF,$352.34 M,RQO.TO
QEE,Mackenzie Emerging Markets Equity Index ETF,$351.20 M,QEE.TO
FCSB,Fidelity Canadian Short Term Corporate Bond ETF,$350.27 M,FCSB.TO
HSH,Global X S&P 500 CAD Hedged Index Corporate Class ETF,$349.59 M,HSH.TO
HEWB,Global X Equal Weight Canadian Banks Index Corporate Class ETF,$348.25 M,HEWB.TO
CMGG,CI Munro Global Growth Equity Fund,$345.88 M,CMGG.TO
DLR,Global X US Dollar Currency ETF,$345.75 M,DLR.TO
ZWK,BMO Covered Call US Banks ETF,$344.19 M,ZWK.TO
MNU.U,Purpose USD Cash Management Fund,$247.88 M,MNU-U.TO
FCAM,Fidelity All-American Equity ETF,$342.43 M,FCAM.NE
SMVP.U,Hamilton Champions U.S. Dividend Index ETF,$245.41 M,SMVP-U.TO
ZUB,BMO Equal Weight U.S. Banks Index ETF,$339.38 M,ZUB.TO
CIC,CI First Asset CanBanc Income Class ETF,$335.23 M,CIC.TO
SDAY,Hamilton Enhanced U.S. Equity DayMAX ETF,$335.02 M,SDAY.NE
MCSM,Manulife Multifactor Canadian SMID Cap Index ETF,$330.01 M,MCSM.TO
XDU,iShares Core MSCI US Quality Dividend Index ETF,$329.75 M,XDU.TO
XCHP,iShares Semiconductor Index ETF,$328.80 M,XCHP.TO
NSDI,NBI SmartData International Equity Fund ETF Series Units,$328.71 M,NSDI.TO
CBND,Manulife Smart Corporate Bond ETF,$328.61 M,CBND.TO
PABF,Purpose Active Balanced Fund,$327.78 M,PABF.TO
MFT,Mackenzie Floating Rate Income ETF,$326.13 M,MFT.TO
QEBH,Mackenzie Emerging Markets Bond Index ETF,$325.36 M,QEBH.TO
RTA,Purpose Tactical Asset Allocation Fund,$324.74 M,RTA.NE
NRGY,Global X Equal Weight Canadian Oil & Gas Index ETF,$324.23 M,NRGY.TO
QBTL,AGF US Market Neutral Anti-Beta CAD-Hedged ETF,$323.61 M,QBTL.TO
FLVI,Franklin International Low Volatility High Dividend Index ETF (CA),$322.88 M,FLVI.NE
ZWG,BMO Global High Dividend Covered Call ETF,$322.52 M,ZWG.TO
JBND,JPMorgan US Bond Active ETF,$321.17 M,JBND.TO
CCDN,CI Canadian Equity Index ETF,$314.99 M,CCDN.NE
DXUS,Dynamic Active U.S. Equity ETF,$314.57 M,DXUS.TO
EVO,Evovest Global Equity ETF,$312.35 M,EVO.TO
ZSDB,BMO Short-Term Discount Bond ETF,$309.55 M,ZSDB.TO
ZSU,BMO Short-Term US IG Corporate Bond Hedged to CAD Index ETF,$309.23 M,ZSU.TO
PYF,Purpose Premium Yield Fund ETF,$308.60 M,PYF.TO
XAGH,iShares U.S. Aggregate Bond Index ETF,$308.44 M,XAGH.TO
ZBBZ.F,BMO BBB CLO ETF,$306.91 M,ZBBZ-F.NE
UDIV.B,Manulife Smart US Dividend ETF,$305.89 M,UDIV-B.TO
ZEQ,BMO MSCI Europe High Quality Hedged to CAD Index ETF,$304.38 M,ZEQ.TO
RUDB,RBC U.S. Discount Bond ETF,$304.06 M,RUDB.TO
GEQT,iShares ESG Equity ETF Portfolio,$301.59 M,GEQT.TO
CAPG,Capital Group Global Equity Select ETF,$300.30 M,CAPG.TO
CUSA.B,CI U.S. 500 Index ETF,$299.23 M,CUSA-B.NE
COW,iShares Global Agriculture Index ETF,$297.78 M,COW.TO
UMVP,Hamilton Champions Utilities Index ETF,$297.09 M,UMVP.TO
KILO.B,Purpose Gold Bullion Fund ETF,$296.36 M,KILO-B.TO
XEH,iShares MSCI Europe IMI Index ETF,$296.28 M,XEH.TO
ZPL,BMO Long Provincial Bond Index ETF,$296.20 M,ZPL.TO
TBNK,TD Canadian Bank Dividend Index ETF,$296.10 M,TBNK.TO
FCUB,Fidelity Core U.S. Bond ETF,$295.86 M,FCUB.TO
ZIU,BMO S&P/TSX 60 Index ETF,$294.30 M,ZIU.TO
CROP,Purpose Credit Opportunities Fund,$292.54 M,CROP.TO
CGXF,CI Gold+ Giants Covered Call ETF,$290.61 M,CGXF.TO
ENCL,Global X Enhanced Canadian Oil and Gas Equity Covered Call ETF,$290.08 M,ENCL.TO
HAB,Global X Active Corporate Bond ETF,$289.83 M,HAB.TO
XUSC,iShares S&P 500 3% Capped Index ETF,$289.51 M,XUSC.TO
GDXU,BetaPro Canadian Gold Miners 2x Daily Bull ETF,$289.48 M,GDXU.TO
CWW,iShares Global Water Index ETF,$289.44 M,CWW.TO
QCE,Mackenzie Canadian Large Cap Equity Index ETF,$289.44 M,QCE.TO
GBAL,iShares ESG Balanced ETF Portfolio,$288.02 M,GBAL.TO
XIG,iShares U.S. IG Corporate Bond Index ETF,$287.11 M,XIG.TO
MHYB,Mackenzie Global High Yield Fixed Income ETF,$286.76 M,MHYB.NE
CMNY,CI Money Market ETF,$283.32 M,CMNY.TO
ZLI,BMO Low Volatility International Equity ETF,$282.78 M,ZLI.TO
CGR,iShares Global Real Estate Index ETF,$281.47 M,CGR.TO
ZMID,BMO S&P US Mid Cap Index ETF,$280.57 M,ZMID.TO
CADE,Avantis CIBC International Equity ETF,$277.16 M,CADE.TO
HPYT,Harvest Premium Yield Treasury ETF,$275.33 M,HPYT.TO
WSGB,Wealthsimple North American Green Bond Index ETF,$274.71 M,WSGB.NE
GGRO,iShares ESG Growth ETF Portfolio,$273.52 M,GGRO.TO
NVHE,Harvest NVIDIA Enhanced High Income Shares ETF,$273.19 M,NVHE.TO
TULB,TD U.S. Long Term Treasury Bond ETF,$272.65 M,TULB.TO
UCSH.U,Global X USD High Interest Savings ETF,$196.74 M,UCSH-U.TO
DRFD,Desjardins RI Developed ex-USA ex-Canada Multifactor - Net-Zero Emissions Pathway ETF,$271.57 M,DRFD.TO
ZLC,BMO Long Corporate Bond Index ETF,$270.53 M,ZLC.TO
TSLY,Harvest Tesla Enhanced High Income Shares ETF,$267.36 M,TSLY.TO
FCUD,Fidelity U.S. High Dividend Index ETF,$266.80 M,FCUD.TO
PXC,CI RAFI Canadian Index ETF,$264.75 M,PXC.TO
PFL,CI 1-3 Year Laddered Floating Rate Note Index ETF,$264.02 M,PFL.TO
XTLH,iShares 20+ Year U.S. Treasury Bond Index ETF (CAD-Hedged),$264.63 M,XTLH.TO
LIFE,Evolve Global Healthcare Enhanced Yield ETF,$264.14 M,LIFE.TO
BTCX.U,CI Galaxy Bitcoin ETF,$190.75 M,BTCX-U.TO
QHY,Mackenzie US High Yield Bond Index ETF,$263.57 M,QHY.TO
ZFH,BMO Floating Rate High Yield ETF,$263.23 M,ZFH.TO
PRA,Purpose Diversified Real Asset Fund ETF,$262.72 M,PRA.TO
XRB,iShares Canadian Real Return Bond Index ETF,$260.61 M,XRB.TO
HNU,BetaPro Natural Gas 2x Daily Bull ETF - CAD,$260.46 M,HNU.TO
HXH,Global X Canadian High Dividend Index Corporate Class ETF,$259.45 M,HXH.TO
VRE,Vanguard FTSE Canadian Capped REIT Index ETF,$258.89 M,VRE.TO
EAFX,Global X MSCI EAFE Index ETF,$187.02 M,EAFX.NE
VCIP,Vanguard Conservative Income ETF Portfolio,$257.64 M,VCIP.TO
FLSA,Fidelity Long/Short Alternative Fund,$256.18 M,FLSA.NE
XQLT,iShares MSCI USA Quality Factor Index ETF,$255.91 M,XQLT.TO
TBCG,TD Target 2027 Investment Grade Bond ETF,$255.17 M,TBCG.TO
ETHH.B,Purpose Ether ETF,$255.06 M,ETHH-B.TO
XCS,iShares S&P/TSX Small Cap Index ETF,$254.76 M,XCS.TO
XHD,iShares U.S. High Dividend Equity Index ETF,$253.50 M,XHD.TO
ZMI,BMO Monthly Income ETF,$253.13 M,ZMI.TO
RUDH,RBC Quant U.S. Dividend Leaders ETF,$252.98 M,RUDH.TO
SYLD,Purpose Strategic Yield Fund ETF,$252.48 M,SYLD.TO
DXBG,Dynamic Global Fixed Income Fund ETF,$252.44 M,DXBG.TO
THE,TD International Equity Index ETF,$252.40 M,THE.TO
VALT,CI Gold Bullion Fund,$249.85 M,VALT.TO
SITE,Scotia Emerging Markets Equity Index Tracker ETF,$249.32 M,SITE.NE
CIE,iShares International Fundamental Index ETF,$248.47 M,CIE.TO
XCV,iShares Canadian Value Index ETF,$247.80 M,XCV.TO
PDF,Purpose Core Dividend Fund ETF,$247.43 M,PDF.TO
JEPQ,JPMorgan Nasdaq Equity Premium Income Active ETF,$247.28 M,JEPQ.TO
SRIU,Scotia Responsible Investing US Equity Index ETF,$245.90 M,SRIU.NE
FCIP,Fidelity All-In-One Conservative Income ETF,$245.07 M,FCIP.NE
BTCQ,3iQ Bitcoin ETF - USD,$176.56 M,BTCQ.TO
VLB,Vanguard Canadian Long-Term Bond Index ETF,$244.12 M,VLB.TO
GLDX,Global X Gold Producers Index ETF,$244.05 M,GLDX.TO
ZTIP.F,BMO Short-Term US TIPS Index ETF,$243.02 M,ZTIP-F.TO
USCL,Global X Enhanced S&P 500 Covered Call ETF,$242.41 M,USCL.TO
MBAL,Mackenzie Balanced Allocation ETF,$242.16 M,MBAL.TO
XPF,iShares S&P/TSX North American Preferred Stock Index ETF,$241.52 M,XPF.TO
HHIC,Harvest Canadian High Income Shares ETF,$241.07 M,HHIC.TO
JGLO,JPMorgan Global Select Equity Active ETF (CA),$240.86 M,JGLO.TO
ZDH,BMO International Dividend ETF,$240.42 M,ZDH.TO
FLCD,Franklin FTSE Canada All Cap Index ETF,$240.20 M,FLCD.TO
FST,First Trust Canadian Capital Strength ETF,$238.71 M,FST.TO
DGGB,Desjardins Global Government Bond Index ETF,$238.08 M,DGGB.TO
FSB,First Asset Enhanced Short Duration Bond ETF,$237.96 M,FSB.TO
DXCP,Dynamic Short Term Credit PLUS Fund ETF,$236.96 M,DXCP.TO
VVSG,Vanguard Canadian Ultra-Short Government Bond Index ETF,$236.45 M,VVSG.TO
XSAB,iShares ESG Canadian Aggregate Bond Index ETF,$236.14 M,XSAB.TO
HXEM,Global X Emerging Markets Equity Index Corporate Class ETF,$234.35 M,HXEM.TO
CUD,iShares US Dividend Growers Index ETF,$233.75 M,CUD.TO
TBIL,Harvest Canadian T-Bill ETF,$232.65 M,TBIL.TO
RDBH,RBC U.S. Discount Bond ETF,$232.26 M,RDBH.TO
CRED,CI Alternative Investment Grade Credit Fund,$232.09 M,CRED.TO
HUTS,Hamilton Enhanced Utilities ETF,$231.42 M,HUTS.TO
CEMI,CIBC MSCI Emerging Markets Equity Index ETF,$231.29 M,CEMI.TO
HOD,BetaPro Crude Oil Inverse Leveraged Daily Bear ETF,$229.22 M,HOD.TO
DGR,CI U.S. Quality Dividend Growth Index ETF,$227.08 M,DGR.TO
PLTE,Harvest Palantir Enhanced High Income Shares ETF,$226.95 M,PLTE.TO
CGDV.B,CI Global Minimum Downside Volatility Index ETF,$226.27 M,CGDV-B.TO
LLHE,Harvest Eli Lilly Enhanced High Income Shares ETF,$226.23 M,LLHE.TO
PMIF.U,PIMCO Monthly Income Fund (Canada) ETF,$163.34 M,PMIF-U.TO
LMAX,Hamilton Healthcare Yield Maximizer ETF,$225.59 M,LMAX.TO
MAAA,Mackenzie AAA CLO ETF,$225.22 M,MAAA.TO
XHB,iShares Canadian HYBrid Corporate Bond Index ETF,$224.66 M,XHB.TO
ZLSU,BMO Long Short US Equity ETF,$223.09 M,ZLSU.TO
CUSM.B,CI U.S. 1000 Index ETF,$222.90 M,CUSM-B.NE
ZBI,BMO Canadian Bank Income Index ETF,$220.87 M,ZBI.TO
FCCA,Fidelity All-Canadian Equity ETF,$220.16 M,FCCA.NE
JPIE,JPMorgan Income Active ETF,$218.97 M,JPIE.TO
ZJG,BMO Junior Gold Index ETF,$217.50 M,ZJG.TO
RLB,RBC 1-5 YEAR LADDERED CANADIAN BOND ETF,$215.68 M,RLB.TO
ZWA,BMO Covered Call Dow Jones Industrial Average Hedged to CAD ETF,$215.11 M,ZWA.TO
HPYM,Harvest Premium Yield 7-10 Year Treasury ETF,$215.09 M,HPYM.TO
PAGF,Purpose Active Growth Fund,$214.76 M,PAGF.TO
GCTB,Guardian Ultra-Short Canadian T-Bill Fund,$214.25 M,GCTB.TO
SHLD,Global X Defence Tech Index ETF,$213.33 M,SHLD.TO
CAPI,Capital Group International Equity Select ETF,$212.46 M,CAPI.TO
ZWT,BMO Covered Call Technology ETF,$211.01 M,ZWT.TO
ZFN,BMO SIA Focused North American Equity Fund ETF,$210.29 M,ZFN.TO
HXX,Global X Europe 50 Index Corporate Class ETF,$209.88 M,HXX.TO
XHU,iShares U.S. High Dividend Equity Index ETF,$209.81 M,XHU.TO
PID,Purpose International Dividend Fund ETF,$209.23 M,PID.TO
DXBB,Dynamic Active Bond ETF,$207.75 M,DXBB.TO
RBO,RBC 1-5 Year Laddered Canadian Corporate Bond ETF,$207.11 M,RBO.TO
ECHI,Ninepoint Enhanced Canadian HighShares ETF,$206.07 M,ECHI.TO
CYH,iShares Global Monthly Dividend Index ETF,$205.31 M,CYH.TO
DANC,Desjardins Alt Long/Short Equity Market Neutral ETF,$205.18 M,DANC.TO
HURA,Global X Uranium Index ETF,$204.73 M,HURA.TO
FIG,CI Investment Grade Bond ETF,$204.18 M,FIG.TO
CORE,PIMCO Canadian Core Bond Fund,$203.83 M,CORE.TO
MINT.B,Manulife Multifactor Developed International Index ETF,$203.56 M,MINT-B.TO
NBCG,NBI Canadian Equity Growth Fund - ETF Series,$203.14 M,NBCG.TO
MGSB,Mackenzie Global Sustainable Bond ETF,$203.08 M,MGSB.NE
HLIF,Harvest Canadian Dividend Leaders Income ETF,$202.41 M,HLIF.TO
ESGY,BMO MSCI USA ESG Leaders Index ETF,$198.70 M,ESGY.TO
FCLC,Fidelity Canadian Large Cap Fund,$197.93 M,FCLC.NE
BKCL,Global X Enhanced Equal Weight Canadian Banks Covered Call ETF,$196.66 M,BKCL.TO
FMAX,Hamilton U.S. Financials Yield Maximizer ETF,$196.10 M,FMAX.TO
COPP,Global X Copper Producers Index ETF,$195.36 M,COPP.TO
YNVD,NVIDIA (NVDA) Yield Shares Purpose ETF,$195.35 M,YNVD.NE
CBNK,Mulvihill Canadian Bank Enhanced Yield ETF,$195.34 M,CBNK.TO
MSHE,Harvest Microsoft Enhanced High Income Shares ETF,$195.23 M,MSHE.TO
EBIT,Evolve Bitcoin ETF,$194.89 M,EBIT.TO
XQQU,iShares NASDAQ 100 Index ETF,$193.89 M,XQQU.TO
MCLV,Mackenzie Canada Low Volatility ETF,$190.66 M,MCLV.TO
ZSML,BMO S&P US Small Cap Index ETF,$190.65 M,ZSML.TO
CNCC,Global X S&P/TSX 60 Covered Call ETF,$190.42 M,CNCC.TO
HGY,Global X Gold Yield ETF,$189.92 M,HGY.TO
CYBR,Evolve Cyber Security Index ETF,$189.88 M,CYBR.TO
MULC.B,Manulife Multifactor U.S. Large Cap Index ETF,$187.28 M,MULC-B.TO
IQD.B,CI International Quality Dividend Growth Index ETF,$186.67 M,IQD-B.TO
XDGH,iShares Core MSCI Global Quality Dividend Index ETF,$185.62 M,XDGH.TO
HBAL,Global X Balanced Asset Allocation ETF,$183.15 M,HBAL.TO
SPXU,BetaPro S&P 500 2x Daily Bull ETF,$182.24 M,SPXU.TO
ZUH,BMO Equal Weight U.S. Health Care Index ETF,$181.94 M,ZUH.TO
ZSB,BMO Short-Term Bond Index ETF,$181.67 M,ZSB.TO
XMI,iShares MSCI EAFE Minimum Volatility Index ETF,$180.89 M,XMI.TO
XCH,iShares China Index ETF,$179.34 M,XCH.TO
XEN,iShares Jantzi Social Index ETF,$179.29 M,XEN.TO
CCBI,CIBC Canadian Bond Index ETF,$178.49 M,CCBI.TO
XEF.U,iShares Core MSCI EAFE IMI Index ETF,$128.79 M,XEF-U.TO
HISU.V,US High Interest Savings Account Fund,$127.80 M,HISU-V.TO
CUSD.U,CIBC USD Premium Cash Management ETF,$127.77 M,CUSD-U.TO
CJP,iShares Japan Fundamental Index ETF,$176.37 M,CJP.TO
VALT.U,CI Gold Bullion Fund,$127.31 M,VALT-U.TO
BMAX,Brompton Enhanced Multi-Asset Income ETF,$175.56 M,BMAX.TO
XMW,iShares Edge MSCI Min Vol Global Index ETF,$175.35 M,XMW.TO
CBAL,CI Balanced Asset Allocation ETF,$174.80 M,CBAL.TO
FCIG,Fidelity Global Investment Grade Bond ETF,$171.73 M,FCIG.TO
ZVU,BMO MSCI USA Value Index ETF,$169.02 M,ZVU.TO
EQLI,Invesco S&P 500 Equal Weight Income Advantage ETF (CA),$168.07 M,EQLI.TO
NPRF,NBI Active Canadian Preferred Shares ETF,$167.45 M,NPRF.TO
SOLQ,3iQ Solana Staking ETF,$166.43 M,SOLQ.TO
DUIG,Desjardins US Investment Grade Corp Bond Index ETF,$165.69 M,DUIG.TO
HTB,Global X US 7-10 Year Treasury Bond Index Corporate Class ETF,$165.62 M,HTB.TO
ZUCM.U,BMO USD Cash Management ETF,$119.50 M,ZUCM-U.TO
APLE,Harvest Apple Enhanced High Income Shares ETF,$164.82 M,APLE.TO
AMDY,Harvest AMD Enhanced High Income Shares ETF,$164.77 M,AMDY.TO
RMAX,Hamilton REITs YIELD MAXIMIZER ETF,$164.68 M,RMAX.TO
HBIL,Hamilton U.S. T-Bill YIELD MAXIMIZER ETF,$163.80 M,HBIL.TO
XAD,iShares U.S. Aerospace & Defense Index ETF,$162.21 M,XAD.TO
ZID,BMO MSCI India Selection Equity Index ETF,$162.04 M,ZID.TO
RIDH,RBC Quant EAFE Dividend Leaders ETF,$161.51 M,RIDH.TO
SLVU,BetaPro Silver 2x Daily Bull ETF,$160.52 M,SLVU.TO
HBND,Hamilton U.S. Bond Yield Maximizer ETF,$159.70 M,HBND.TO
AVGY,Harvest Broadcom Enhanced High Income Shares ETF,$159.45 M,AVGY.TO
ZUD,BMO US Dividend ETF,$159.41 M,ZUD.TO
XGI,iShares S&P Global Industrials Index ETF,$159.16 M,XGI.TO
GTRI,IA Clarington Agile Global Total Return Income Fund,$159.15 M,GTRI.TO
CIBR,First Trust Nasdaq Cybersecurity ETF (CA),$158.47 M,CIBR.TO
GOGY,Harvest Alphabet Enhanced High Income Shares ETF,$158.34 M,GOGY.TO
XSTB,iShares ESG Canadian Short Term Bond Index ETF,$158.25 M,XSTB.TO
TLF,Brompton Tech Leaders Income ETF,$157.74 M,TLF.TO
QTLT,Mackenzie US Government Long Bond Index ETF,$157.37 M,QTLT.TO
AMHE,Harvest Amazon Enhanced High Income Shares ETF,$157.01 M,AMHE.TO
XUU.U,iShares Core S&P U.S. Total Market Index ETF,$112.97 M,XUU-U.TO
MHCD,Middlefield Healthcare Dividend ETF,$156.14 M,MHCD.TO
RUST,RBC Canadian Ultra Short Term Bond ETF,$155.51 M,RUST.TO
THU,TD S&P 500 Index ETF,$155.48 M,THU.TO
HAC,Global X Seasonal Rotation ETF,$154.66 M,HAC.TO
ZXM,CI First Asset Morningstar International Momentum Index ETF,$153.30 M,ZXM.TO
NSCC,NBI Sustainable Canadian Corporate Bond ETF,$153.28 M,NSCC.TO
HHL.U,Harvest Healthcare Leaders Income ETF,$110.75 M,HHL-U.TO
XCG,iShares Canadian Growth Index ETF,$153.11 M,XCG.TO
MREL,Middlefield Real Estate Dividend ETF,$153.05 M,MREL.TO
DXB,Dynamic Active Tactical Bond ETF,$152.89 M,DXB.TO
ESPX,Evolve S&P 500 Enhanced Yield Fund,$152.69 M,ESPX.TO
METE,Harvest Meta Enhanced High Income Shares ETF,$152.63 M,METE.TO
QQQT,Evolve NASDAQ Technology Index Fund,$152.57 M,QQQT.TO
EMMX,Global X MSCI Emerging Markets Index ETF,$109.98 M,EMMX.NE
CRQ,iShares Canadian Fundamental Index ETF,$151.79 M,CRQ.TO
HXE,Global X S&P/TSX Capped Energy Index Corporate Class ETF,$150.76 M,HXE.TO
BDIV,Brompton Global Dividend Growth ETF,$150.44 M,BDIV.TO
ZUQ.F,BMO MSCI USA High Quality Index ETF,$147.93 M,ZUQ-F.TO
HOU,BetaPro Crude Oil Leveraged Daily Bull ETF,$147.71 M,HOU.TO
XEMC,iShares MSCI Emerging Markets ex China Index ETF (CA),$147.34 M,XEMC.TO
PFLS,PICTON Long Short Equity Alternative Fund ETF,$147.24 M,PFLS.TO
CIEM,CI Emerging Markets Alpha ETF,$147.10 M,CIEM.TO
CMAG,CI Munro Alternative Global Growth ETF,$145.30 M,CMAG.TO
VGV,Vanguard Canadian Government Bond Index ETF,$144.45 M,VGV.TO
FLCP,Franklin Canadian Core Plus Bond Fund,$143.71 M,FLCP.TO
ZJAN,BMO US Equity Buffer Hedged to CAD ETF - January,$142.50 M,ZJAN.NE
ICGB,Invesco Global Bond ETF,$142.13 M,ICGB.TO
BPRF,Brompton Flaherty & Crumrine Investment Grade Preferred ETF,$142.09 M,BPRF.TO
XSTP,iShares 0-5 Year TIPS Bond Index ETF,$141.73 M,XSTP.TO
HYLD.U,Hamilton Enhanced U.S. Covered Call ETF,$102.04 M,HYLD-U.TO
ESGC,CI S&P/TSX Composite ESG Index ETF,$140.61 M,ESGC.TO
ZGLH,BMO Gold Bullion Hedged to CAD ETF,$141.00 M,ZGLH.TO
ZWEN,BMO Covered Call Energy ETF,$140.27 M,ZWEN.TO
QQQQ,Mackenzie NASDAQ 100 Index ETF,$139.97 M,QQQQ.TO
VALT.B,CI Gold Bullion Fund,$139.22 M,VALT-B.TO
ESGA,BMO MSCI Canada Selection Equity Index ETF,$138.49 M,ESGA.TO
TQQQ,BetaPro 3x Nasdaq-100 Daily Leveraged Bull Alternative ETF,$138.23 M,TQQQ.TO
DCG,Desjardins 1-5 year Laddered Canadian Government Bond Index ETF,$137.92 M,DCG.TO
QIF,AGF Systematic Global Infrastructure ETF,$137.54 M,QIF.NE
NXF,CI Energy Giants Covered Call ETF,$137.39 M,NXF.TO
CAEM,Avantis CIBC Emerging Markets Equity ETF,$137.27 M,CAEM.TO
SVR.C,iShares Silver Bullion ETF,$137.01 M,SVR-C.TO
QASH,Mackenzie Canadian Ultra Short Bond Index ETF,$136.78 M,QASH.TO
UCSH.V,Global X USD High Interest Savings ETF,$97.41 M,UCSH-V.TO
SOXL,BetaPro 3x Semiconductor Daily Leveraged Bull Alternative ETF,$134.62 M,SOXL.NE
CASV,Avantis CIBC Global Small Cap Value ETF,$134.09 M,CASV.TO
TCON,TD Conservative ETF Portfolio,$133.93 M,TCON.TO
RPD,RBC QUANT EUROPEAN Dividend LEADERS ETF,$133.60 M,RPD.TO
FLUS,Franklin U.S. Large Cap Multifactor Index ETF (CA),$132.84 M,FLUS.TO
TILV,TD Q International Low Volatility ETF,$131.94 M,TILV.TO
CTBD,CIBC 2028 Investment Grade Bond Fund,$131.69 M,CTBD.NE
ETSX,Evolve S&P/TSX 60 Enhanced Yield Fund ETF,$131.69 M,ETSX.TO
HBA,Hamilton Australian Bank Equal-Weight Index ETF,$131.58 M,HBA.TO
TDOC,TD Global Healthcare Leaders Index ETF,$131.15 M,TDOC.TO
HXF,Global X S&P/TSX Capped Financials Index Corporate Class ETF,$130.93 M,HXF.TO
CHCL.B,CI Global Healthcare Leaders Index ETF,$130.90 M,CHCL-B.NE
FLJA,Franklin FTSE Japan Index ETF,$130.41 M,FLJA.TO
ZTL.F,BMO Long-Term US Treasury Bond Index ETF,$130.13 M,ZTL-F.NE
ETHH,Purpose Ether ETF,$130.12 M,ETHH.TO
QQQY,Evolve NASDAQ Technology Enhanced Yield Index Fund ETF,$129.30 M,QQQY.TO
PPLN,Global X Equal Weight Canadian Pipeline Index ETF - CAD,$127.83 M,PPLN.TO
TECH,Evolve FANGMA Index ETF,$127.60 M,TECH.TO
ZUS.U,BMO Ultra Short-Term US Bond ETF,$91.97 M,ZUS-U.TO
SPXE,Harvest SpaceX Enhanced High Income Shares ETF,$127.16 M,SPXE.TO
RGQT,RBC Target 2031 Canadian Government Bond ETF,$126.72 M,RGQT.TO
COSY,Harvest Costco Enhanced High Income Shares ETF,$126.52 M,COSY.TO
XINC,iShares Core Income Balanced ETF,$126.17 M,XINC.TO
RGQP,RBC Target 2027 Canadian Government Bond ETF,$125.84 M,RGQP.TO
CUBD,CI Global Unconstrained Bond Private Pool ETF,$125.77 M,CUBD.TO
ESGE,BMO MSCI EAFE Selection Equity Index ETF,$125.59 M,ESGE.TO
SIXY,Evolve Big Six Canadian Banks UltraYield Index ETF,$124.72 M,SIXY.TO
ZWH.U,BMO US High Dividend Covered Call ETF,$89.95 M,ZWH-U.TO
HAL,Global X Active Canadian Dividend ETF,$124.32 M,HAL.TO
FSF,CI Global Financial Sector ETF,$123.99 M,FSF.TO
NRGI,Ninepoint Energy Income Fund,$123.77 M,NRGI.TO
SPAY,Global X Short-Term U.S. Treasury Premium Yield ETF,$89.00 M,SPAY.TO
CALL,Evolve US Banks Enhanced Yield ETF,$122.69 M,CALL.TO
QUB,Mackenzie U.S. Aggregate Bond Index ETF,$122.15 M,QUB.TO
BOND,Evolve Enhanced Yield Bond Fund ETF,$121.92 M,BOND.TO
XMM,iShares Edge MSCI Min Vol Emerging Markets Index ETF,$121.92 M,XMM.TO
ZWS,BMO US High Dividend Covered Call Hedged to CAD ETF,$121.54 M,ZWS.TO
HLPR,Global X Laddered Canadian Preferred Share Index Corporate Class ETF,$121.05 M,HLPR.TO
IQD,CI International Quality Dividend Growth Index ETF,$120.71 M,IQD.TO
XDUH,iShares Core MSCI US Quality Dividend Index ETF,$120.67 M,XDUH.TO
TCLV,TD Q Canadian Low Volatility ETF,$120.52 M,TCLV.TO
CVD,iShares Convertible Bond Index ETF,$118.77 M,CVD.TO
ZCON,BMO Conservative ETF,$118.76 M,ZCON.TO
XID,iShares India Index ETF,$118.63 M,XID.TO
QEBL,Mackenzie Emerging Markets Local Currency Bond Index ETF,$118.61 M,QEBL.TO
BAAA,Brompton Wellington Square AAA CLO ETF,$118.10 M,BAAA.TO
TGED.U,TD Active Global Enhanced Dividend ETF,$85.35 M,TGED-U.TO
CCRE,CIBC Core Fixed Income Pool ETF,$117.76 M,CCRE.TO
CLU,iShares US Fundamental Index ETF,$117.71 M,CLU.TO
MINN,Middlefield Innovation Dividend ETF,$117.29 M,MINN.TO
ZLU.U,BMO Low Volatility US Equity ETF,$84.68 M,ZLU-U.TO
FHI,CI Health Care Giants Covered Call ETF,$116.96 M,FHI.TO
ZAPR,BMO US Equity Buffer Hedged to CAD ETF - April,$116.70 M,ZAPR.NE
HIND,Harvest Industrial Leaders Income ETF,$116.60 M,HIND.TO
CWO,iShares Emerging Markets Fundamental Index ETF,$116.54 M,CWO.TO
JAVA,JPMorgan US Value Active ETF,$116.36 M,JAVA.TO
NINT,NBI Active International Equity ETF,$115.17 M,NINT.TO
DXO,Dynamic Active Crossover Bond ETF,$114.70 M,DXO.TO
QEF,AGF Systematic Global ESG Factors ETF,$114.29 M,QEF.NE
EBNK,Evolve European Banks Enhanced Yield ETF,$114.10 M,EBNK.TO
FLSD,Franklin Canadian Short Term Bond Fund,$114.07 M,FLSD.TO
HTAE,Harvest Tech Leaders Enhanced Income ETF,$114.05 M,HTAE.TO
DXAU,Dynamic Active Global Gold ETF,$113.67 M,DXAU.TO
EMV.B,CI Emerging Markets Dividend Index ETF,$113.51 M,EMV-B.TO
RGQS,RBC Target 2030 Canadian Government Bond ETF,$112.83 M,RGQS.TO
DXID,Dynamic Active Innovation and Disruption ETF,$112.79 M,DXID.TO
CANY,Evolve Canadian Equity UltraYield ETF,$112.72 M,CANY.TO
TBCH,TD Target 2028 Investment Grade Bond ETF,$112.42 M,TBCH.TO
FCGC,Fidelity Greater Canada Fund,$112.19 M,FCGC.NE
HUBL,Harvest US Bank Leaders Income ETF,$112.02 M,HUBL.TO
ZCH,BMO MSCI China Selection Equity Index ETF,$111.90 M,ZCH.TO
BFIN,Brompton North American Financials Dividend ETF,$111.71 M,BFIN.TO
ZJUL,BMO US Equity Buffer Hedged to CAD ETF – July,$111.50 M,ZJUL.NE
XETM,iShares S&P/TSX Energy Transition Materials Index ETF,$111.13 M,XETM.TO
RGQQ,RBC Target 2028 Canadian Government Bond ETF,$111.04 M,RGQQ.TO
ZTS,BMO Short-Term US Treasury Bond Index ETF,$110.60 M,ZTS.NE
HHIH,Harvest High Income Equity Shares ETF,$110.55 M,HHIH.TO
HHLE,Harvest Healthcare Leaders Enhanced Income ETF,$110.33 M,HHLE.TO
ZBAL.T,BMO Balanced ETF,$109.39 M,ZBAL-T.TO
EACC,Global X MSCI EAFE Covered Call ETF,$109.13 M,EACC.NE
ZPW,BMO US Put Write ETF,$108.71 M,ZPW.TO
RDE,Purpose Core Equity Income Fund,$108.54 M,RDE.NE
ESG.F,CI S&P 500 ESG Index ETF,$107.82 M,ESG-F.TO
ZUS.V,BMO Ultra Short-Term US Bond ETF,$77.70 M,ZUS-V.TO
CMDO,CI Alternative Diversified Opportunities Fund,$107.36 M,CMDO.TO
DXGE,Dynamic Active Global Equity Income ETF,$107.02 M,DXGE.TO
CNYE,Harvest Coinbase Enhanced High Income Shares ETF,$106.90 M,CNYE.TO
MGB,Mackenzie Core Plus Global Fixed Income ETF,$106.20 M,MGB.TO
RATE,Arrow EC Income Advantage Alternative Fund ETF,$106.12 M,RATE.TO
IUMF,CI Invesco Russell 1000 Multifactor Index ETF,$105.54 M,IUMF.TO
CPCC,Global X Copper Producer Equity Covered Call ETF,$105.88 M,CPCC.TO
DRMC,Desjardins RI Canada - Net-Zero Emissions Pathway ETF,$105.44 M,DRMC.TO
STRT,Manulife Strategic Income Fund,$105.39 M,STRT.NE
CRWY,Harvest CrowdStrike Enhanced High Income Shares ETF,$105.30 M,CRWY.TO
ZLH,BMO Low Volatility US Equity ETF,$104.87 M,ZLH.TO
BESG,Invesco ESG Canadian Core Plus Bond ETF,$104.22 M,BESG.TO
YAMZ,Amazon (AMZN) Yield Shares Purpose ETF,$104.23 M,YAMZ.NE
XRPQ,3iQ XRP ETF,$104.23 M,XRPQ.TO
ZESG,BMO Balanced ESG ETF,$104.16 M,ZESG.TO
PDIV,Purpose Enhanced Dividend Fund ETF,$104.09 M,PDIV.TO
HCA,Hamilton Canadian Bank Mean Reversion Index ETF,$103.88 M,HCA.TO
EASY,Evolve All-in-One UltraYield ETF,$103.61 M,EASY.TO
HODY,Harvest Robinhood Enhanced High Income Shares ETF,$103.50 M,HODY.TO
MORE,Mackenzie Core Resources ETF,$103.35 M,MORE.TO
ZTL,BMO Long-Term US Treasury Bond Index ETF,$102.80 M,ZTL.NE
RNAV,RBC North American Value Fund,$102.74 M,RNAV.NE
CTBB,CIBC 2026 Investment Grade Bond Fund,$102.40 M,CTBB.NE
SOFY,Harvest SoFi Enhanced High Income Shares ETF,$102.34 M,SOFY.TO
TBCF,TD Target 2026 Investment Grade Bond ETF,$102.08 M,TBCF.TO
HUTE,Harvest Utilities Leaders Enhanced Income ETF,$101.93 M,HUTE.TO
TCOM,TD Alternative Commodities Pool ETF,$101.66 M,TCOM.TO
TLV,CI S&P/TSX Composite Low Volatility Index ETF,$100.73 M,TLV.TO
XSMC,iShares S&P U.S. Small-Cap Index ETF,$100.96 M,XSMC.TO
PAYS,Global X Short-Term Government Bond Premium Yield ETF,$100.51 M,PAYS.TO
CLU.C,iShares US Fundamental Index ETF,$100.22 M,CLU-C.NE
ETHI,Global X Global Sustainability Leaders Index ETF,$98.83 M,ETHI.TO
ZLE,BMO Low Volatility Emerging Markets Equity ETF,$98.80 M,ZLE.TO
ZRR,BMO Real Return Bond Index ETF,$98.77 M,ZRR.TO
UDIV,Manulife Smart US Dividend ETF,$98.35 M,UDIV.TO
TGRE,TD Active Global Real Estate Equity ETF,$98.24 M,TGRE.TO
RDDY,Harvest Reddit Enhanced High Income Shares ETF,$98.01 M,RDDY.TO
PR,Lysander-Slater Preferred Share Activ ETF,$97.72 M,PR.TO
SRIB,Scotia Responsible Investing Canadian Bond Index ETF,$97.20 M,SRIB.NE
BTCY,Purpose Bitcoin Yield ETF,$96.45 M,BTCY.TO
DRMU,Desjardins RI USA - Net-Zero Emissions Pathway ETF,$95.35 M,DRMU.TO
TDNA,TD North American Dividend Fund - ETF Series,$94.82 M,TDNA.TO
BASE,Evolve Global Materials & Mining Enhanced Yield Index ETF,$94.77 M,BASE.TO
CGRO,CI Growth Asset Allocation ETF,$94.02 M,CGRO.TO
RGQR,RBC Target 2029 Canadian Government Bond ETF,$93.96 M,RGQR.TO
ONEB,CI North American Core Plus Bond ETF,$93.85 M,ONEB.TO
XVLU,iShares MSCI USA Value Factor Index ETF,$93.74 M,XVLU.TO
PAYG,Brompton Global Equity HighPay ETF,$93.69 M,PAYG.TO
PFCB,PICTON Core Bond Fund ETF,$93.29 M,PFCB.TO
FLI,CI First Asset U.S. & Canada LifeCo Income ETF,$93.03 M,FLI.TO
CTBC,CIBC 2027 Investment Grade Bond Fund,$92.58 M,CTBC.NE
GIDY,Guardian i3 Global Dividend Premium Yield Fund,$92.09 M,GIDY.TO
ZBEC,BMO Canadian Equity Plus ETF,$92.07 M,ZBEC.NE
DGLM,Desjardins Global Macro ETF,$92.02 M,DGLM.TO
TXF.B,CI Tech Giants Covered Call ETF,$91.88 M,TXF-B.TO
CGLO,CIBC Global Growth ETF,$91.81 M,CGLO.TO
ZQB,BMO High Quality Corporate Bond Index ETF,$91.53 M,ZQB.TO
QXM,CI Morningstar National Bank Québec Index ETF,$91.13 M,QXM.TO
ZTM,BMO Mid-Term US Treasury Bond Index ETF,$90.82 M,ZTM.NE
ETHY,Purpose Ether Yield ETF,$89.70 M,ETHY.TO
NUSA,NBI Active U.S. Equity ETF,$89.63 M,NUSA.TO
DXU,Dynamic Active U.S. Dividend ETF,$89.05 M,DXU.TO
FEPY,Fidelity Equity Premium Yield ETF,$88.86 M,FEPY.NE
ETHQ,3iQ Ether Staking ETF,$64.22 M,ETHQ.TO
GCNS,iShares ESG Conservative Balanced ETF Portfolio,$88.73 M,GCNS.TO
QDXB,Mackenzie Developed ex-North America Aggregate Bond Index ETF,$88.48 M,QDXB.TO
BGIE,Brompton Global Infrastructure ETF,$88.38 M,BGIE.TO
IIMF,CI Invesco International Developed Dynamic-Multifactor Index ETF,$87.74 M,IIMF.TO
ESGB,BMO ESG Corporate Bond Index ETF,$87.96 M,ESGB.TO
GDIV,Manulife Smart Global Dividend ETF Portfolio,$87.45 M,GDIV.NE
RGQO,RBC Target 2026 Canadian Government Bond ETF,$87.36 M,RGQO.TO
CLML,CI Global Climate Leaders Fund,$87.17 M,CLML.TO
DXMO,Dynamic Active Mining Opportunties ETF,$86.79 M,DXMO.TO
SLCA,Sun Life Core Advantage Credit Private Pool ETF Series,$86.32 M,SLCA.TO
DXCB,Dynamic Active Corporate Bond ETF,$85.62 M,DXCB.TO
SRII,Scotia Responsible Investing International Equity Index ETF,$85.37 M,SRII.NE
XTLT,iShares 20+ Year U.S. Treasury Bond Index ETF,$85.31 M,XTLT.TO
ZLSC,BMO Long Short Canadian Equity ETF,$85.14 M,ZLSC.TO
HMP,Global X Active Canadian Municipal Bond ETF,$84.98 M,HMP.TO
CNDU,BetaPro S&P/TSX 60 2x Daily Bull ETF,$84.27 M,CNDU.TO
MGRW,Mackenzie Growth Allocation ETF,$83.88 M,MGRW.TO
FTHI,Fidelity Tactical High Income Fund,$83.87 M,FTHI.TO
CRCY,Harvest Circle Enhanced High Income Shares ETF,$83.75 M,CRCY.TO
CFOU,BetaPro S&P/TSX Capped Financials 2x Daily Bull ETF,$83.71 M,CFOU.TO
FETH,Fidelity Advantage Ether ETF,$83.65 M,FETH.TO
ZMT,BMO Equal Weight Global Base Metals Hedged to CAD Index ETF,$83.52 M,ZMT.TO
CTBF,CIBC 2030 Investment Grade Bond Fund,$83.52 M,CTBF.NE
ZFC,BMO SIA Focused Canadian Equity Fund ETF,$83.16 M,ZFC.TO
XCBG,iShares ESG Advanced Canadian Corporate Bond Index ETF,$82.80 M,XCBG.TO
FFIX,Fidelity All-In-One Fixed Income ETF,$82.65 M,FFIX.NE
SBT.B,Purpose Silver Bullion Trust ETF,$82.44 M,SBT-B.TO
DRMD,Desjardins RI Developed ex-USA ex-Canada - Net-Zero Emissions Pathway ETF,$81.82 M,DRMD.TO
ULV.F,CI Invesco S&P 500 Low Volatility Index ETF,$81.46 M,ULV-F.TO
RCLO,RBC AAA CLO (CAD Hedged) ETF,$80.73 M,RCLO.NE
RCDC,RBC Canadian Dividend Covered Call ETF,$79.39 M,RCDC.TO
HBTE,Harvest Bitcoin Leaders Enhanced Income ETF,$78.84 M,HBTE.NE
BGU,Bristol Gate Concentrated US Equity ETF,$78.62 M,BGU.TO
PACF,Purpose Active Conservative Fund,$78.49 M,PACF.TO
ICPB,IA Clarington Agile Core Plus Bond Fund,$78.13 M,ICPB.TO
DRME,Desjardins RI Emerging Markets - Net-Zero Emissions Pathway ETF,$77.06 M,DRME.TO
JCOR,JPMorgan US Core Active ETF,$76.99 M,JCOR.TO
RUQQ,RBC Target 2028 U.S. Corporate Bond ETF,$76.93 M,RUQQ.TO
MUMC.B,Manulife Multifactor U.S. Mid Cap Index ETF,$76.66 M,MUMC-B.TO
ZCLN,BMO Clean Energy Index ETF,$76.63 M,ZCLN.TO
CTBE,CIBC 2029 Investment Grade Bond Fund,$76.58 M,CTBE.NE
NSAV,Ninepoint Cash Management Fund,$75.93 M,NSAV.TO
TUED.U,TD Active U.S. Enhanced Dividend ETF,$54.87 M,TUED-U.TO
ZNQ.U,BMO NASDAQ 100 Equity Index ETF,$54.40 M,ZNQ-U.TO
ETHX.U,CI Galaxy Ethereum ETF,$53.92 M,ETHX-U.TO
GIGD,Guardian i³ Global Dividend Growth Fund ETF,$73.87 M,GIGD.TO
NSGE,NBI Sustainable Global Equity ETF,$73.78 M,NSGE.TO
XSHG,iShares ESG Advanced 1-5 Year Canadian Corporate Bond Index ETF,$73.69 M,XSHG.TO
DXBC,Dynamic Active Canadian Bond ETF,$73.54 M,DXBC.TO
RUD.U,RBC Quant U.S. Dividend Leaders ETF,$52.67 M,RUD-U.TO
EQL.U,CI Invesco S&P 500 Equal Weight Index ETF,$52.47 M,EQL-U.TO
INTY,Evolve International Equity UltraYield ETF,$72.50 M,INTY.TO
RIIN,Russell Investments Global Infrastructure Pool ETF,$72.34 M,RIIN.TO
RUDB.U,RBC U.S. Discount Bond ETF,$51.76 M,RUDB-U.TO
FCQH,Fidelity U.S. High Quality Currency Neutral Index ETF,$71.41 M,FCQH.TO
FLCI,Franklin Canadian Corporate Bond Fund,$71.35 M,FLCI.TO
ZAAA,BMO AAA CLO ETF,$70.87 M,ZAAA.NE
EQE,CI S&P Europe 350 Equal Weight Index ETF,$69.52 M,EQE.NE
EQCL,Global X Enhanced All-Equity Asset Allocation Covered Call ETF,$69.22 M,EQCL.TO
ZJPN.F,BMO Japan Index ETF,$68.73 M,ZJPN-F.TO
HPF,Harvest Energy Leaders Income ETF,$68.38 M,HPF.TO
CAPW,Capital Group World Bond Select ETF,$68.36 M,CAPW.TO
HGGG,Harvest Global Gold Giants Index ETF,$68.19 M,HGGG.TO
CXF,CI First Asset Canadian Convertible Bond ETF,$68.07 M,CXF.TO
TSTX.U,Global X 1-3 Year U.S. Treasury Bond Index ETF,$49.07 M,TSTX-U.TO
HAF,Global X Active Global Fixed Income ETF,$67.84 M,HAF.TO
XMS,iShares Edge MSCI Min Vol USA Index ETF,$67.76 M,XMS.TO
XRPP,Purpose XRP ETF,$67.65 M,XRPP.TO
MCAD,Evolve Premium Cash Management Fund ETF,$67.57 M,MCAD.TO
PXU.F,CI Invesco FTSE RAFI US Fundamental Index ETF,$67.15 M,PXU-F.TO
MPAY,Global X Mid-Term U.S. Treasury Premium Yield ETF,$48.36 M,MPAY.TO
RUQP,RBC Target 2027 U.S. Corporate Bond ETF,$66.85 M,RUQP.TO
FLEM,Franklin Emerging Markets Equity Index ETF,$66.37 M,FLEM.TO
HIG,Brompton Global Healthcare Income & Growth ETF,$66.14 M,HIG.TO
RBOT,Global X Robotics & AI Index ETF,$66.00 M,RBOT.TO
PGL,CI Ultra Liquid Long Term Government Bond Index ETF,$65.65 M,PGL.TO
XSC,iShares Conservative Short Term Strategic Fixed Income ETF,$65.70 M,XSC.TO
XUSF,iShares S&P U.S. Financials Index ETF,$65.69 M,XUSF.TO
RUQS,RBC Target 2030 U.S. Corporate Bond ETF,$65.62 M,RUQS.TO
BOND.B,Evolve Enhanced Yield Bond Fund ETF,$65.55 M,BOND-B.TO
HTA.U,Harvest Tech Leaders Income ETF,$47.18 M,HTA-U.TO
SBT,Purpose Silver Bullion Trust ETF,$65.23 M,SBT.TO
CMDO.U,CI Alternative Diversified Opportunities Fund,$46.98 M,CMDO-U.TO
ZDY.U,BMO US Dividend ETF,$46.79 M,ZDY-U.TO
QLB,Mackenzie Canadian Government Long Bond Index ETF,$64.42 M,QLB.TO
DXDU.U,Dynamic Active U.S. Discount Bond ETF,$46.25 M,DXDU-U.TO
NCPB,NBI Canadian Core Plus Bond Fund - ETF Series,$63.91 M,NCPB.TO
HFG,Hamilton Global Financials ETF,$63.85 M,HFG.TO
ETC,Evolve Cryptocurrencies ETF,$63.80 M,ETC.TO
MDIV,Middlefield Global Dividend Growers ETF,$63.46 M,MDIV.TO
VUDV,Vanguard U.S. High Dividend Yield Index ETF,$63.32 M,VUDV.TO
MTRX,Global X Artificial Intelligence Infrastructure Index ETF,$62.98 M,MTRX.TO
PFIN,PICTON Income Fund,$62.16 M,PFIN.TO
EMCC,Global X MSCI Emerging Markets Covered Call ETF (CA),$62.16 M,EMCC.NE
QINF,Mackenzie Global Infrastructure Index ETF,$62.00 M,QINF.TO
REMD,RBC Emerging Markets Dividend Fund,$61.91 M,REMD.NE
PLDI,PIMCO Low Duration Monthly Income Fund (Canada) ETF,$61.91 M,PLDI.TO
DXW,Dynamic Active International Dividend ETF,$61.66 M,DXW.TO
ETHR,Evolve Ether ETF,$61.53 M,ETHR.TO
ZCDB,BMO Corporate Discount Bond ETF,$61.28 M,ZCDB.TO
PINC,Purpose Multi-Asset Income Fund ETF,$60.88 M,PINC.TO
FPR,First Asset Preferred Share ETF,$60.23 M,FPR.TO
XAGG,iShares U.S. Aggregate Bond Index ETF,$59.75 M,XAGG.TO
ZEQL,BMO MSCI USA Equal Weight Index ETF,$59.75 M,ZEQL.TO
MSFH,Harvest Microsoft High Income Shares ETF,$59.74 M,MSFH.TO
XSE,iShares Conservative Strategic Fixed Income ETF,$59.55 M,XSE.TO
ETHO.B,Purpose Core Ether ETF,$59.51 M,ETHO-B.TO
QQCI,Invesco NASDAQ 100 Income Advantage ETF,$59.28 M,QQCI.TO
HBF.U,Harvest US Equity Leaders Income ETF,$42.95 M,HBF-U.TO
HBGD,Global X Big Data & Hardware Index ETF,$59.40 M,HBGD.TO
MULV,Mackenzie US Low Volatility ETF,$59.30 M,MULV.TO
YGOG,Alphabet (GOOGL) Yield Shares Purpose ETF,$59.15 M,YGOG.NE
ZACE,BMO U.S. All Cap Equity Fund ETF,$59.14 M,ZACE.TO
JIDE,JPMorgan International Developed Equity Active ETF,$58.59 M,JIDE.TO
FSL,First Trust Senior Loan ETF (CA),$58.58 M,FSL.TO
HHIS.U,Harvest Diversified High Income Shares ETF,$42.20 M,HHIS-U.TO
ESGG,BMO MSCI World ESG Leaders Index ETF,$58.20 M,ESGG.TO
XSMH,iShares S&P U.S. Small-Cap Index ETF,$58.05 M,XSMH.TO
ONEQ,CI ONE Global Equity ETF,$57.99 M,ONEQ.TO
ZVC,BMO MSCI Canada Value Index ETF,$57.79 M,ZVC.TO
TUSB,TD Select U.S. Short Term Corporate Bond Ladder ETF,$57.42 M,TUSB.TO
ZIN,BMO Equal Weight Industrials Index ETF,$57.28 M,ZIN.TO
BEPR,Brompton Flaherty & Crumrine Enhanced Investment Grade Preferred ETF,$56.78 M,BEPR.TO
BRKY,Berkshire Hathaway (BRK) Yield Shares Purpose ETF,$56.19 M,BRKY.NE
HPYG,Harvest Premium Yield Gold ETF,$56.15 M,HPYG.TO
DXBU,Dynamic Active U.S. Investment Grade Corporate Bond ETF,$56.13 M,DXBU.TO
PXS,CI Invesco RAFI U.S. Index ETF II,$55.36 M,PXS.TO
HPYB,Harvest Premium Yield Canadian Bank ETF,$55.28 M,HPYB.TO
QSB,Mackenzie Canadian Short-Term Bond Index ETF,$55.08 M,QSB.TO
MSTY,Harvest Strategy Inc. High Income Shares ETF,$55.04 M,MSTY.TO
FGLS,Fidelity Global Value Long/Short Fund,$54.84 M,FGLS.NE
CEQT,CI Equity Asset Allocation ETF,$54.55 M,CEQT.TO
FHG,First Trust AlphaDEX U.S. Industrials Sector Index ETF,$54.51 M,FHG.TO
ZWQT,BMO Global Enhanced Income Fund ETF Series,$54.23 M,ZWQT.TO
HUC,Global X Crude Oil ETF,$54.11 M,HUC.TO
JAPN,CI Japan Equity Index ETF,$54.01 M,JAPN.TO
XCD,iShares S&P Global Consumer Discretionary Index ETF,$53.83 M,XCD.TO
PREF,Quadravest Preferred Split Share ETF,$53.72 M,PREF.TO
UYLD.B,Manulife Smart U.S. Enhanced Yield ETF,$53.55 M,UYLD-B.NE
ZXLU.F,BMO SPDR Utilities Select Sector Index ETF,$53.36 M,ZXLU-F.TO
RNCC,Global X Equal Weight Canadian Telecom Covered Call ETF,$53.23 M,RNCC.TO
KILO.U,Purpose Gold Bullion Fund ETF,$38.35 M,KILO-U.TO
HUZ,Global X Silver ETF,$52.94 M,HUZ.TO
CAUV,Avantis CIBC U.S. Small Cap Value ETF,$52.71 M,CAUV.TO
TULV,TD Q U.S. Low Volatility ETF,$52.07 M,TULV.TO
XUSC.U,iShares S&P 500 3% Capped Index ETF,$37.48 M,XUSC-U.TO
TRVI,Harvest Travel & Leisure Income ETF,$51.76 M,TRVI.TO
RUQP.U,RBC Target 2027 U.S. Corporate Bond ETF,$37.40 M,RUQP-U.TO
XML,iShares Edge MSCI Min Vol EAFE Index ETF,$51.69 M,XML.TO
ZCS.L,BMO Short Corporate Bond Index ETF,$51.43 M,ZCS-L.TO
ARB,Accelerate Arbitrage Fund ETF,$51.40 M,ARB.TO
ZUCM,BMO USD Cash Management ETF,$51.21 M,ZUCM.TO
ZPAY.F,BMO Premium Yield ETF,$51.13 M,ZPAY-F.TO
ZGRO.T,BMO Growth ETF,$50.27 M,ZGRO-T.TO
NSSB,NBI Sustainable Canadian Short Term Bond ETF,$49.95 M,NSSB.TO
HUG,Global X Gold ETF,$49.81 M,HUG.TO
CNAO,CI Alternative North American Opportunities Fund,$49.44 M,CNAO.TO
CAGS,CI Canadian Short-Term Aggregate Bond Index ETF,$49.23 M,CAGS.TO
GLDU,BetaPro Gold Bullion 2x Daily Bull ETF,$49.00 M,GLDU.TO
DCS,Desjardins Canadian Short Term Bond Index ETF,$48.91 M,DCS.TO
ZPAY.U,BMO Premium Yield ETF,$35.29 M,ZPAY-U.TO
RSSX,Global X Russell 2000 Index ETF,$35.27 M,RSSX.NE
PAYF,Purpose Enhanced Premium Yield Fund ETF,$48.74 M,PAYF.TO
ZIQ,BMO MSCI EAFE High Quality Index ETF,$48.74 M,ZIQ.TO
CVLU.B,CI U.S. Enhanced Value Index ETF,$48.15 M,CVLU-B.TO
MINT,Manulife Multifactor Developed International Index ETF,$48.05 M,MINT.TO
CTUD.U,CIBC 2026 U.S. Investment Grade Bond Fund,$34.57 M,CTUD-U.NE
DACL,Desjardins Canadian Equity Leaders ETF,$47.62 M,DACL.TO
HCRE,Global X Equal Weight Canadian REITs Index Corporate Class ETF,$47.45 M,HCRE.TO
CGQD.B,CI Global Quality Dividend Growth Index ETF,$47.44 M,CGQD-B.TO
OILY,Evolve Canadian Energy Enhanced Yield Index Fund,$47.33 M,OILY.TO
DRCU,Desjardins RI Active Canadian Bond - Net-Zero Emissions Pathway ETF,$47.14 M,DRCU.TO
JGRO,JPMorgan US Growth Active ETF,$47.12 M,JGRO.TO
CBGR,CI Balanced Growth Asset Allocation ETF,$47.05 M,CBGR.TO
NRGU,BetaPro S&P/TSX Capped Energy 2x Daily Bull ETF,$47.01 M,NRGU.TO
NOVB.F,First Trust Vest U.S. Equity Buffer ETF - November,$46.92 M,NOVB-F.TO
DAMG,Desjardins Alt Long/Short Global Equity Markets ETF,$46.85 M,DAMG.TO
HAD,Global X Active Canadian Bond ETF,$46.51 M,HAD.TO
SAFE,Global X Equal Weight Canadian Insurance Index ETF,$46.04 M,SAFE.TO
MSBP,Middlefield Short Duration Bond Plus ETF,$45.75 M,MSBP.TO
ZOCT,BMO US Equity Buffer Hedged to CAD ETF,$45.40 M,ZOCT.NE
XFLB,iShares Core Canadian 15+ Year Federal Bond Index ETF,$45.39 M,XFLB.TO
CESG.B,CI MSCI World ESG Impact Index ETF,$45.30 M,CESG-B.NE
AGG,Evolve Canadian Aggregate Bond Enhanced Yield Fund,$45.20 M,AGG.TO
GCBD,Guardian Canadian Bond ETF,$45.19 M,GCBD.TO
FEBB.F,First Trust Vest U.S. Equity Buffer ETF - February,$45.09 M,FEBB-F.TO
CGRE,CI Global REIT Private Pool ETF,$45.08 M,CGRE.TO
HBIX,Harvest Bitcoin Enhanced Income ETF,$44.75 M,HBIX.NE
CTUE.U,CIBC 2027 U.S. Investment Grade Bond Fund,$32.22 M,CTUE-U.NE
RUQQ.U,RBC Target 2028 U.S. Corporate Bond ETF,$32.13 M,RUQQ-U.TO
VVO,Vanguard Global Minimum Volatility ETF,$44.35 M,VVO.TO
TGGR,TD Active Global Equity Growth ETF,$44.34 M,TGGR.TO
RKLC,Rocklinc Principled Equity ETF,$44.16 M,RKLC.TO
HVOI,Harvest Low Volatility Canadian Equity Income ETF,$44.07 M,HVOI.TO
CINT,CIBC International Equity ETF,$43.99 M,CINT.TO
RGPM,RBC Global Precious Metals Fund,$43.84 M,RGPM.NE
ZUP,BMO US Preferred Share Index ETF,$43.80 M,ZUP.TO
CFLX,CIBC Flexible Yield ETF,$43.80 M,CFLX.TO
TLTX.U,Global X 20+ Year U.S. Treasury Bond Index ETF,$31.67 M,TLTX-U.TO
CGHY,CI Global High Yield Credit Private Pool ETF,$43.80 M,CGHY.TO
TBUG.U,TD Target 2027 U.S. Investment Grade Bond ETF,$31.39 M,TBUG-U.TO
EDGF,Brompton European Dividend Growth ETF,$43.37 M,EDGF.TO
AIQ,Global X Artificial Intelligence & Technology Index,$43.35 M,AIQ.TO
CYLD,Manulife Smart Enhanced Yield ETF,$43.32 M,CYLD.NE
CCOE,Harvest Cameco Enhanced High Income Shares ETF,$43.09 M,CCOE.TO
CCHI,Ninepoint Cameco HighShares ETF,$43.05 M,CCHI.TO
SPXD,BetaPro S&P 500 -2x Daily Bear ETF,$42.92 M,SPXD.TO
CBIL.L,Global X 0-3 Month T-Bill ETF,$42.83 M,CBIL-L.TO
XSI,iShares Short Term Strategic Fixed Income ETF,$42.64 M,XSI.TO
DCP,Desjardins Canadian Preferred Share Index ETF,$42.52 M,DCP.TO
BTCO.B,Purpose Core Bitcoin ETF,$42.30 M,BTCO-B.TO
PFCO,PICTON Credit Opportunities Alternative Fund ETF,$42.17 M,PFCO.TO
HMMJ,Global X Marijuana Life Sciences Index ETF,$42.13 M,HMMJ.TO
CCLO,CIBC Income Advantage Fund,$41.92 M,CCLO.NE
MCON,Mackenzie Conservative Allocation ETF,$41.92 M,MCON.TO
PFAE,PICTON Long Short Equity (130/30) Alternative Fund ETF,$41.74 M,PFAE.TO
AEME,Harvest Agnico Eagle Enhanced High Income Shares ETF,$41.74 M,AEME.TO
HDGE,Accelerate Absolute Return Hedge Fund,$41.67 M,HDGE.TO
HPYE,Harvest Premium Yield Enhanced ETF,$41.61 M,HPYE.TO
XEXP,iShares Exponential Technologies Index ETF,$41.52 M,XEXP.TO
HBF.B,Harvest US Equity Leaders Income ETF,$41.32 M,HBF-B.TO
RUQS.U,RBC Target 2030 U.S. Corporate Bond ETF,$29.86 M,RUQS-U.TO
MSFY,Microsoft (MSFT) Yield Shares Purpose ETF,$41.17 M,MSFY.NE
XRP,Evolve XRP ETF,$41.12 M,XRP.TO
RUMG,RBC U.S. Mid-Cap Growth Equity Fund,$41.12 M,RUMG.NE
MEQT,Mackenzie All-Equity Allocation ETF,$41.03 M,MEQT.TO
ZWHC,BMO Covered Call Health Care ETF,$40.92 M,ZWHC.TO
DMQC,Desjardins Quebec Equity ETF,$40.84 M,DMQC.TO
SOXU,MegaLong (3X) US Semiconductors Daily Leveraged Alternative ETF,$40.56 M,SOXU.TO
EBNK.B,Evolve European Banks Enhanced Yield ETF,$40.52 M,EBNK-B.TO
ZTIP,BMO Short-Term US TIPS Index ETF,$40.45 M,ZTIP.TO
INAI,CI Morningstar Global Next Gen AI Index ETF,$40.28 M,INAI.TO
NVDH,Harvest NVIDIA High Income Shares ETF,$40.06 M,NVDH.TO
RUQR,RBC Target 2029 U.S. Corporate Bond ETF,$39.97 M,RUQR.TO
ZXLV,BMO SPDR Health Care Select Sector Index ETF,$39.83 M,ZXLV.TO
IGAF,IA Clarington Loomis Global Allocation Fund ETF,$39.59 M,IGAF.TO
HCON,Global X Conservative Asset Allocation ETF,$39.57 M,HCON.TO
MCSB,Mackenzie Canadian Short Term Fixed Income ETF,$39.35 M,MCSB.TO
ZWGD,BMO Covered Call Spread Gold Bullion ETF,$39.34 M,ZWGD.TO
MAYB.F,First Trust Vest U.S. Equity Buffer ETF - May,$39.03 M,MAYB-F.TO
XMC.U,iShares S&P U.S. Mid-Cap Index ETF,$28.05 M,XMC-U.TO
RPS,Purpose Canadian Preferred Share Fund,$38.75 M,RPS.NE
FGCV,Fidelity Global Concentrated Value Fund ETF,$38.60 M,FGCV.TO
GIGF,Guardian i3 Global Quality Growth ETF,$38.52 M,GIGF.TO
ZUQ.U,BMO MSCI USA High Quality Index ETF,$27.83 M,ZUQ-U.TO
RID.U,RBC Quant EAFE Dividend Leaders ETF,$27.75 M,RID-U.TO
QDXH,Mackenzie International Equity Index ETF,$38.20 M,QDXH.TO
MUSD.U,Evolve US Premium Cash Management Fund ETF,$27.55 M,MUSD-U.TO
HEQL,Global X Enhanced All-Equity Asset Allocation ETF,$37.76 M,HEQL.TO
YMET,META (META) Yield Shares Purpose ETF,$37.61 M,YMET.NE
DXCO,Dynamic Credit Opportunities Fund ETF,$37.44 M,DXCO.TO
GLCL,Global X Enhanced Gold Producer Equity Covered Call ETF,$37.43 M,GLCL.TO
HGRW,Global X Growth Asset Allocation ETF,$37.38 M,HGRW.TO
DXRE,Dynamic Active Real Estate ETF,$37.23 M,DXRE.TO
BBBB,Brompton Wellington Square Investment Grade CLO ETF,$37.03 M,BBBB.TO
RCNS,RBC Conservative Bond Pool ETF,$36.98 M,RCNS.NE
BCCC,Global X Bitcoin Covered Call ETF (CA),$36.90 M,BCCC.NE
LIFE.B,Evolve Global Healthcare Enhanced Yield ETF,$36.84 M,LIFE-B.TO
SGRD,First Trust Nasdaq Clean Edge Smart Grid Infrastructure ETF,$36.74 M,SGRD.TO
HND,BetaPro Natural Gas -2x Daily Bear ETF,$36.65 M,HND.TO
CUTL,CI Utilities Giants Covered Call ETF,$36.45 M,CUTL.TO
LLYH,Harvest Eli Lilly High Income Shares ETF,$36.44 M,LLYH.TO
FCRU,Franklin U.S. Core Equity Fund ETF Series Units,$36.31 M,FCRU.TO
RUDC,RBC U.S. Dividend Covered Call ETF,$36.31 M,RUDC.TO
ZWB.U,BMO Covered Call Canadian Banks ETF,$26.22 M,ZWB-U.TO
BXF,First Asset 1-5 Year Laddered Government Strip Bond Index ETF,$36.22 M,BXF.TO
ZGLD.U,BMO Gold Bullion ETF,$26.06 M,ZGLD-U.TO
TRVL,Harvest Travel & Leisure Index ETF,$35.96 M,TRVL.TO
ZPH,BMO US Put Write ETF,$35.86 M,ZPH.TO
XAW.U,iShares Core MSCI All Country World ex Canada Index ETF,$25.65 M,XAW-U.TO
CASH.L,Global X High Interest Savings ETF,$35.25 M,CASH-L.TO
ZLD,BMO Low Volatility International Equity ETF,$34.87 M,ZLD.TO
NBND,Ninepoint Diversified Bond Fund,$34.70 M,NBND.TO
HBTA,Humilis North American Tactical Equity Fund ETF,$34.65 M,HBTA.TO
SQQQ,BetaPro -3x Nasdaq-100 Daily Leveraged Bear Alternative ETF,$34.46 M,SQQQ.TO
MBNK,Mulvihill Canadian Bank ETF,$34.42 M,MBNK.TO
JPST,JPMorgan US Ultra-Short Income Active ETF,$34.40 M,JPST.TO
YUNH,UnitedHealth Group (UNH) Yield Shares Purpose ETF,$34.37 M,YUNH.NE
HBND.U,Hamilton U.S. Bond Yield Maximizer ETF,$24.85 M,HBND-U.TO
RGBM,Return Stacked Global Balanced & Macro ETF,$34.35 M,RGBM.TO
HBIL.U,Hamilton U.S. T-Bill YIELD MAXIMIZER ETF,$24.79 M,HBIL-U.TO
FCRR,Fidelity U.S. Dividend for Rising Rates Index ETF,$34.27 M,FCRR.TO
CRHI,Ninepoint CNR HighShares ETF,$34.06 M,CRHI.TO
TEC.U,TD Global Technology Leaders Index ETF,$24.35 M,TEC-U.TO
FCUH,Fidelity U.S. High Dividend Currency Neutral Index ETF,$33.46 M,FCUH.TO
NXF.B,CI Energy Giants Covered Call ETF,$33.41 M,NXF-B.TO
CMCL,Global X Enhanced All-In-One Commodity Producers Equity Covered Call ETF,$33.39 M,CMCL.TO
COMM,BMO Global Communications Index ETF,$33.39 M,COMM.TO
FGEB,Fidelity Global Equity+ Balanced Fund,$33.19 M,FGEB.TO
SHHI,Ninepoint Shopify HighShares ETF,$33.14 M,SHHI.TO
PMNT,PIMCO Global Short Maturity Fund (Canada) ETF,$33.10 M,PMNT.TO
RUQO,RBC Target 2026 U.S. Corporate Bond ETF,$33.07 M,RUQO.TO
QCH,Mackenzie China A-Shares CSI 300 Index ETF,$32.77 M,QCH.NE
MALX,Mackenzie GQE US Alpha Extension ETF,$32.76 M,MALX.TO
APLY,Apple (AAPL) Yield Shares Purpose ETF,$32.65 M,APLY.NE
XDU.U,iShares Core MSCI US Quality Dividend Index ETF,$23.60 M,XDU-U.TO
ZTS.U,BMO Short-Term US Treasury Bond Index ETF,$23.35 M,ZTS-U.NE
OPPS,Manulife Alternative Opportunities Fund,$32.27 M,OPPS.NE
SDVY,First Trust SMID Cap Rising Dividend Achievers ETF (CA),$32.11 M,SDVY.NE
XMTM,iShares MSCI USA Momentum Factor Index ETF,$32.02 M,XMTM.TO
HGR,Harvest REIT Leaders Income ETF,$31.95 M,HGR.TO
GUTB.U,Guardian Ultra-Short U.S. T-Bill Fund,$23.03 M,GUTB-U.TO
AMZH,Harvest Amazon High Income Shares ETF,$31.84 M,AMZH.TO
EDGE,Evolve Innovation Index Fund ETF,$31.72 M,EDGE.TO
EQLT,CI S&P/TSX 60 Equal Weight Index ETF,$31.56 M,EQLT.TO
HRIF,Harvest Diversified Equity Income ETF,$31.45 M,HRIF.TO
ZGIN,BMO Global Innovators Fund Active ETF Series,$31.36 M,ZGIN.NE
INOC,Global X Inovestor Canadian Equity Index ETF,$31.13 M,INOC.TO
STPL,BMO Global Consumer Staples Hedged to CAD Index ETF,$30.96 M,STPL.TO
FBGO,Franklin Brandywine Global Income Optimiser Fund,$30.79 M,FBGO.TO
ZPR.U,BMO Laddered Preferred Share Index ETF,$22.13 M,ZPR-U.TO
FMAE,Fidelity Multi-Alt Equity Fund ETF,$30.55 M,FMAE.TO
INCM.B,Accelerate Diversified Credit Income Fund,$30.54 M,INCM-B.TO
CGMU,MegaLong (3X) Canadian Gold Miners Daily Leveraged Alternative ETF,$30.37 M,CGMU.TO
CPLS,CIBC Core Plus Fixed Income Pool ETF,$30.30 M,CPLS.TO
FLVC,Franklin Canadian Low Volatility High Dividend Index ETF,$30.22 M,FLVC.NE
CNV,Franklin Conservative Income ETF Portfolio ETF,$29.88 M,CNV.TO
YAMD,AMD (AMD) Yield Shares Purpose ETF,$29.74 M,YAMD.NE
TECI,TD Global Technology Innovators Index ETF,$29.62 M,TECI.TO
XEB,iShares J.P. Morgan USD Emerging Markets Bond Index ETF,$29.57 M,XEB.TO
RUQT,RBC Target 2031 U.S. Corporate Bond ETF,$29.51 M,RUQT.TO
RLST,RBC Life Science and Technology Fund,$29.44 M,RLST.NE
DISC,BMO Global Consumer Discretionary Hedged to CAD Index ETF,$29.37 M,DISC.TO
SHPE,Harvest Shopify Enhanced High Income Shares ETF,$29.27 M,SHPE.TO
ETHH.U,Purpose Ether ETF,$21.15 M,ETHH-U.TO
TSTX,Global X 1-3 Year U.S. Treasury Bond Index ETF,$29.25 M,TSTX.TO
XINT,iShares Core MSCI All-International Equity Index ETF,$29.05 M,XINT.TO
HQD,BetaPro NASDAQ-100 -2x Daily Bear ETF,$28.73 M,HQD.TO
SOLL,Purpose Solana ETF,$28.76 M,SOLL.TO
SLVX,Global X Silver Miners Index ETF,$28.73 M,SLVX.TO
FLVU,Franklin U.S. Low Volatility High Dividend Index ETF (CA),$28.65 M,FLVU.NE
EARN,Evolve Active Global Fixed Income Fund ETF,$28.32 M,EARN.TO
CHQQ,Global X China Hang Seng TECH Index ETF,$28.32 M,CHQQ.TO
ZXLK,BMO SPDR Technology Select Sector Index ETF,$28.30 M,ZXLK.TO
GCFE,Guardian Canadian Focused Equity Fund,$28.20 M,GCFE.TO
BGU.U,Bristol Gate Concentrated US Equity ETF,$20.38 M,BGU-U.TO
CCDC,CIBC Canadian High Dividend Covered Call ETF,$28.10 M,CCDC.TO
ZEQT.T,BMO All-Equity ETF,$28.06 M,ZEQT-T.TO
XHAK,iShares Cybersecurity and Tech Index ETF,$28.00 M,XHAK.TO
XCLN,iShares Global Clean Energy Index ETF,$27.86 M,XCLN.TO
UMNY.U,CI U.S. Money Market ETF,$20.04 M,UMNY-U.TO
FHQ,First Trust AlphaDEX U.S. Technology Sector Index ETF,$27.63 M,FHQ.TO
CBIN,CI Balanced Income Asset Allocation ETF,$27.19 M,CBIN.TO
ESGF,BMO ESG US Corporate Bond Hedged to CAD Index ETF,$27.17 M,ESGF.TO
RTEC,RBC Global Technology Fund,$27.04 M,RTEC.NE
ZSML.F,BMO S&P US Small Cap Index ETF,$26.91 M,ZSML-F.TO
DIVS,Evolve Active Canadian Preferred Share Fund ETF,$26.89 M,DIVS.TO
KNGC,Brompton Canadian Cash Flow Kings ETF,$26.84 M,KNGC.TO
IMAX,Hamilton International Equity YIELD MAXIMIZER ETF,$26.76 M,IMAX.TO
MBAP,Manulife Balanced ETF Portfolio,$26.68 M,MBAP.TO
TDHI,Ninepoint TD HighShares ETF,$26.67 M,TDHI.TO
BITI,BetaPro Inverse Bitcoin ETF - CAD,$26.66 M,BITI.TO
PZW,CI Invesco RAFI Global Small-Mid ETF,$26.43 M,PZW.TO
RYHI,Ninepoint Royal Bank HighShares ETF,$26.44 M,RYHI.TO
CGDV,CI Global Minimum Downside Volatility Index ETF,$26.43 M,CGDV.TO
BTCY.B,Purpose Bitcoin Yield ETF,$26.34 M,BTCY-B.TO
XAGG.U,iShares U.S. Aggregate Bond Index ETF,$19.02 M,XAGG-U.TO
ONEC,Accelerate OneChoice Alternative Portfolio ETF,$26.29 M,ONEC.TO
BAAA.U,Brompton Wellington Square AAA CLO ETF,$18.99 M,BAAA-U.TO
REM,Purpose Emerging Markets Dividend ETF,$26.16 M,REM.NE
NFLY,Harvest Netflix Enhanced High Income Shares ETF,$26.16 M,NFLY.TO
RPDH,RBC QUANT EUROPEAN Dividend LEADERS ETF,$26.10 M,RPDH.TO
ZHP,BMO US Preferred Share Index ETF,$25.95 M,ZHP.TO
MIVG,Mackenzie Ivy Global Equity ETF,$25.90 M,MIVG.TO
XFLI.U,iShares Flexible Monthly Income ETF,$18.68 M,XFLI-U.TO
YPLT,Palantir (PLTR) Yield Shares Purpose ETF,$25.82 M,YPLT.NE
BNKU,MegaLong (3X) Canadian Banks Daily Leveraged Alternative ETF,$25.81 M,BNKU.TO
ZZZD,BMO Tactical Dividend ETF Fund,$25.69 M,ZZZD.TO
ZMID.U,BMO S&P US Mid Cap Index ETF,$18.52 M,ZMID-U.TO
CQHI,Ninepoint Canadian Natural Resources HighShares ETF,$25.38 M,CQHI.TO
SBLG,SLGI MFS Blended Research Low Vol Global Fund ETF Series,$25.30 M,SBLG.TO
ZXLU,BMO SPDR Utilities Select Sector Index ETF,$25.34 M,ZXLU.TO
FCRI,Franklin International Core Equity Fund ETF Series Units,$25.29 M,FCRI.TO
XQQU.U,iShares NASDAQ 100 Index ETF,$18.17 M,XQQU-U.TO
TKN,Ninepoint Crypto and AI Leaders ETF,$25.04 M,TKN.TO
CALV,Avantis CIBC U.S. Large Cap Value ETF,$25.01 M,CALV.TO
BLOV,Brompton North American Low Volatility Dividend ETF,$24.76 M,BLOV.TO
YCON,Coinbase (COIN) Yield Shares Purpose ETF,$24.74 M,YCON.NE
ABHI,Ninepoint Barrick HighShares ETF,$24.59 M,ABHI.TO
UBIL.V,Global X 0-3 Month U.S. T-Bill ETF,$17.72 M,UBIL-V.TO
LYCT,Lysander-Canso Corporate Treasury ActivETF,$24.49 M,LYCT.TO
SVCC,Global X Silver Miners Covered Call ETF,$24.36 M,SVCC.TO
ORCY,Harvest Oracle Enhanced High Income Shares ETF,$24.27 M,ORCY.TO
ZXLI,BMO SPDR Industrials Select Sector Index ETF,$24.13 M,ZXLI.TO
ICCB,Invesco Canadian Core Plus Bond ETF,$24.12 M,ICCB.TO
ARTI,Evolve Artificial Intelligence Fund,$24.09 M,ARTI.TO
TXF.U,CI Tech Giants Covered Call ETF,$17.34 M,TXF-U.TO
MCKG,Mackenzie Corporate Knights Global 100 Index ETF,$23.91 M,MCKG.NE
TBUF.U,TD Target 2026 U.S. Investment Grade Bond ETF,$17.11 M,TBUF-U.TO
ULV.C,CI Invesco S&P 500 Low Volatility Index ETF,$23.57 M,ULV-C.TO
RUQT.U,RBC Target 2031 U.S. Corporate Bond ETF,$17.08 M,RUQT-U.TO
RQU,RBC Target 2032 Canadian Corporate Bond ETF,$23.61 M,RQU.TO
RUQR.U,RBC Target 2029 U.S. Corporate Bond ETF,$17.06 M,RUQR-U.TO
MCAP,Manulife Conservative ETF Portfolio,$23.59 M,MCAP.TO
MUMC,Manulife Multifactor U.S. Mid Cap Index ETF,$23.56 M,MUMC.TO
BCCL,Global X Enhanced Bitcoin Covered Call ETF,$23.55 M,BCCL.NE
ZXM.B,CI First Asset Morningstar International Momentum Index ETF,$23.50 M,ZXM-B.TO
CGAA,CI Global Asset Allocation Private Pool ETF,$23.48 M,CGAA.TO
ZTL.U,BMO Long-Term US Treasury Bond Index ETF,$16.90 M,ZTL-U.NE
OILU,SavvyLong Geared Crude Oil ETF,$23.32 M,OILU.TO
KNGU,Brompton U.S. Cash Flow Kings ETF,$23.11 M,KNGU.TO
GEDG,Manulife Global Edge ETF,$23.05 M,GEDG.NE
FCII,Franklin ClearBridge Global Infrastructure Income Fund ETF,$23.02 M,FCII.TO
UTIL,Global X Equal Weight Canadian Utilities Index ETF,$22.89 M,UTIL.TO
MGAP,Manulife Growth ETF Portfolio,$22.83 M,MGAP.TO
SPXI,BetaPro S&P 500 Daily Inverse ETF,$22.78 M,SPXI.TO
SMVP,Hamilton Champions U.S. Dividend Index ETF,$22.72 M,SMVP.TO
HUM,Hamilton US Mid-Cap Financials ETF - CAD,$22.48 M,HUM.TO
SUHI,Ninepoint Suncor HighShares ETF,$22.40 M,SUHI.TO
BOND.U,Evolve Enhanced Yield Bond Fund ETF,$16.01 M,BOND-U.TO
GBFC,GuardBonds 2026 Investment Grade Bond Fund,$22.01 M,GBFC.NE
BDAY,Hamilton Enhanced Bitcoin DayMAX ETF,$21.97 M,BDAY.NE
GLDE,Ninepoint Gold and Precious Minerals Fund,$21.96 M,GLDE.TO
DXZ,Dynamic Active U.S. Mid-Cap ETF,$21.92 M,DXZ.TO
SMAX.U,Hamilton U.S. Equity Yield Maximizer ETF,$15.85 M,SMAX-U.TO
ZUAG.U,BMO US Aggregate Bond Index ETF,$15.84 M,ZUAG-U.TO
MIX,Hamilton Enhanced Mixed Asset Allocation ETF,$21.75 M,MIX.TO
MUU,SavvyLong (2X) Micron ETF,$21.69 M,MUU.TO
XEC.U,iShares Core MSCI Emerging Markets IMI Index ETF,$15.65 M,XEC-U.TO
HBLK,Blockchain Technologies ETF,$21.59 M,HBLK.TO
QQEQ,CI NASDAQ 100 Equal Weight Index ETF,$21.45 M,QQEQ.TO
CNDD,BetaPro S&P/TSX 60 -2x Daily Bear ETF - CAD,$21.29 M,CNDD.TO
MINF,Middlefield Global Infrastructure Dividend ETF,$21.22 M,MINF.TO
RSCC,Global X Russell 2000 Covered Call ETF (CA),$21.06 M,RSCC.NE
DXIF,Dynamic Active International ETF,$20.89 M,DXIF.TO
GIGC,Guardian Investment Grade Corporate Bond Fund,$20.79 M,GIGC.TO
XMY,iShares Edge MSCI Min Vol Global Index ETF,$20.77 M,XMY.TO
DXN,Dynamic Active Global Infrastructure ETF,$20.63 M,DXN.TO
RIFI,Russell Investments Fixed Income Pool ETF,$20.62 M,RIFI.TO
AGSL,AGF Global Select Fund - ETF Series,$20.55 M,AGSL.TO
ENHI,Ninepoint Enbridge HighShares ETF,$20.53 M,ENHI.TO
PCON,PIMCO Managed Conservative Bond Pool ETF,$20.52 M,PCON.TO
FINT,First Trust International Capital Strength ETF,$20.52 M,FINT.TO
SOLX.B,CI Galaxy Solana ETF,$20.41 M,SOLX-B.TO
VOLX,BetaPro S&P 500 Vix Short-Term Futures ETF - CAD,$20.40 M,VOLX.TO
ZEQL.U,BMO MSCI USA Equal Weight Index ETF,$14.69 M,ZEQL-U.TO
BCHI,Ninepoint BCE HighShares ETF,$20.19 M,BCHI.TO
XSTP.U,iShares 0-5 Year TIPS Bond Index ETF,$14.59 M,XSTP-U.TO
GRCC,Global X Growth Asset Allocation Covered Call ETF,$19.90 M,GRCC.TO
CHNA.B,CI ICBCUBS S&P China 500 Index ETF,$19.89 M,CHNA-B.TO
HUBL.U,Harvest US Bank Leaders Income ETF,$14.37 M,HUBL-U.TO
BTCX,CI Galaxy Bitcoin ETF,$19.78 M,BTCX.TO
CYBR.B,Evolve Cyber Security Index ETF,$19.70 M,CYBR-B.TO
CWIN,HAMILTON CHAMPIONS Enhanced Canadian Dividend ETF,$19.68 M,CWIN.TO
BUFR,First Trust Vest Fund of Buffer ETFs (Canada) ETF,$19.41 M,BUFR.NE
HLIT,Global X Lithium Producers Index ETF,$19.35 M,HLIT.TO
ORBX,Global X Space Tech Index ETF,$19.34 M,ORBX.TO
AUGB.F,First Trust Vest U.S. Equity Buffer ETF - August,$19.33 M,AUGB-F.TO
TECH.B,Evolve FANGMA Index ETF,$19.30 M,TECH-B.TO
GIUS,Guardian i3 US Quality Growth ETF,$19.29 M,GIUS.TO
FCRC,Franklin Canadian Core Equity Fund ETF Series Units,$19.23 M,FCRC.TO
ETHY.B,Purpose Ether Yield ETF,$19.09 M,ETHY-B.TO
HCLN,Harvest Clean Energy ETF,$18.98 M,HCLN.TO
MPY,Mulvihill Premium Yield Fund - ETF,$18.91 M,MPY.TO
SRIC,Scotia Responsible Investing Canadian EquityIndex ETF,$18.86 M,SRIC.NE
CROP.U,Purpose Credit Opportunities Fund,$13.57 M,CROP-U.TO
CMGG.U,CI Munro Global Growth Equity Fund,$13.57 M,CMGG-U.TO
XRPP.B,Purpose XRP ETF,$18.72 M,XRPP-B.TO
NDIV,NBI Canadian Dividend Income ETF,$18.67 M,NDIV.TO
JEPH,JPMorgan US Equity Premium Income Active (Hedged) ETF,$18.52 M,JEPH.TO
ZMSB,BMO Global Multi-Sector Bond Fund ETF,$18.51 M,ZMSB.TO
XSHU,iShares 1-5 Year U.S. IG Corporate Bond Index ETF,$18.39 M,XSHU.TO
CROC,Purpose Credit Opportunities Class ETF,$18.37 M,CROC.TO
CGRB,CI Global Green Bond Fund,$18.36 M,CGRB.TO
CNCL,Global X Enhanced S&P/TSX 60 Covered Call ETF,$18.29 M,CNCL.TO
QQQL,Global X Enhanced NASDAQ-100 Index ETF,$18.29 M,QQQL.TO
GCSC,Guardian Canadian Sector Controlled Equity Fund,$18.25 M,GCSC.TO
IICE,CI S&P International Developed ESG Index ETF,$18.14 M,IICE.TO
GBFD,GuardBonds 2027 Investment Grade Bond Fund,$18.14 M,GBFD.NE
TSTX.F,Global X 1-3 Year U.S. Treasury Bond Index ETF,$18.12 M,TSTX-F.TO
GDXD,BetaPro Canadian Gold Miners -2x Daily Bear ETF - CAD,$18.05 M,GDXD.TO
CMOM,CI U.S. Enhanced Momentum Index ETF,$17.90 M,CMOM.TO
EQCC,Global X All-Equity Asset Allocation Covered Call ETF,$17.85 M,EQCC.TO
XDG.U,iShares Core MSCI Global Quality Dividend Index ETF,$12.78 M,XDG-U.TO
SOXS,BetaPro -3x Semiconductor Daily Leveraged Bear Alternative ETF,$17.54 M,SOXS.NE
AENP,AGF Enhanced U.S. Income Plus Fund - ETF Series,$17.40 M,AENP.TO
AGCC,Global X Silver Covered Call ETF,$17.39 M,AGCC.TO
ILGB,IA Clarington Loomis Global Multisector Bond Fund ETF,$17.28 M,ILGB.TO
IUAE.F,CI S&P US Dividend Aristocrats ESG Index ETF,$17.21 M,IUAE-F.TO
NTGB,NBI Target 2027 Investment Grade Bond Fund,$17.17 M,NTGB.TO
KNGX,Brompton International Cash Flow Kings ETF,$17.12 M,KNGX.TO
NBBX,NBI Canadian Bond Index Fund - ETF Series,$17.09 M,NBBX.TO
EACL,Global X Enhanced MSCI EAFE Covered Call ETF,$17.01 M,EACL.NE
BASE.B,Evolve Global Materials & Mining Enhanced Yield Index ETF,$16.97 M,BASE-B.TO
HHII,Harvest International High Income Shares ETF,$16.93 M,HHII.TO
LIFE.U,Evolve Global Healthcare Enhanced Yield ETF,$12.11 M,LIFE-U.TO
GBFE,GuardBonds 2028 Investment Grade Bond Fund,$16.63 M,GBFE.NE
YNET,Netflix (NFLX) Yield Shares Purpose ETF,$16.63 M,YNET.NE
FLX,Purpose Global Flexible Credit Fund,$16.61 M,FLX.TO
FINC,Forstrong Global Income ETF,$16.60 M,FINC.TO
HPYM.U,Harvest Premium Yield 7-10 Year Treasury ETF,$11.94 M,HPYM-U.TO
HPYT.U,Harvest Premium Yield Treasury ETF,$11.89 M,HPYT-U.TO
EBIT.U,Evolve Bitcoin ETF,$11.83 M,EBIT-U.TO
SPYU,MegaLong (3X) S&P 500 Daily Leveraged Alternative ETF,$16.34 M,SPYU.TO
MULC,Manulife Multifactor U.S. Large Cap Index ETF,$16.17 M,MULC.TO
PMM,Purpose Multi-Strategy Market Neutral Fund ETF,$16.06 M,PMM.TO
CAGX,Avantis CIBC World Equity ETF,$16.03 M,CAGX.TO
KNGG,Brompton Global Cash Flow Kings ETF,$15.93 M,KNGG.TO
TECX,TD Global Technology Leaders CAD Hedged Index ETF,$15.81 M,TECX.TO
CALL.U,Evolve US Banks Enhanced Yield ETF,$11.41 M,CALL-U.TO
HBIG,Harvest Balanced Income & Growth ETF,$15.70 M,HBIG.TO
CUSA,CI U.S. 500 Index ETF,$15.56 M,CUSA.NE
ZGHC,BMO Global Health Care Fund Active ETF Series,$15.55 M,ZGHC.NE
PAVE,Global X U.S. Infrastructure Development Index ETF,$11.16 M,PAVE.TO
IUMF.F,CI Invesco Russell 1000 Multifactor Index ETF,$15.37 M,IUMF-F.TO
SLVD,BetaPro Silver -2x Daily Bear ETF,$15.38 M,SLVD.TO
HALO,Russell Investments Fallen Angels ETF,$15.37 M,HALO.TO
BCEE,Harvest BCE Enhanced High Income Shares ETF,$15.33 M,BCEE.TO
CTBG,CIBC 2031 Investment Grade Bond Fund,$15.33 M,CTBG.NE
CAMO.B,Evolve Global Defense & Aerospace Index ETF,$15.33 M,CAMO-B.TO
FMPB,Fidelity Global Balanced Portfolio ETF,$15.25 M,FMPB.TO
RUQO.U,RBC Target 2026 U.S. Corporate Bond ETF,$10.97 M,RUQO-U.TO
FGO.U,CI First Asset Enhanced Government Bond ETF,$10.86 M,FGO-U.TO
XDNA,iShares Genomics Immunology and Healthcare Index ETF,$15.01 M,XDNA.TO
CMAR,CI Marret Alternative Absolute Return Bond ETF,$14.99 M,CMAR.TO
LPAY,Global X Long-Term U.S. Treasury Premium Yield ETF,$10.83 M,LPAY.TO
ETP,First Trust Global Risk Managed Income Index ETF,$14.94 M,ETP.TO
CAPQ,Capital Group Global Developed Equity Select ETF,$14.90 M,CAPQ.TO
PBD,Purpose Total Return Bond Fund ETF,$14.87 M,PBD.TO
CMAX,Hamilton Canadian Equity YIELD MAXIMIZER ETF,$14.81 M,CMAX.TO
ZBEU,BMO US Equity Focused ETF,$14.78 M,ZBEU.NE
ZTM.U,BMO Mid-Term US Treasury Bond Index ETF,$10.69 M,ZTM-U.NE
KGHI,Ninepoint Kinross Gold HighShares ETF,$14.78 M,KGHI.TO
IIMF.F,CI Invesco International Developed Dynamic-Multifactor Index ETF,$14.66 M,IIMF-F.TO
QQQU,MegaLong (3X) NASDAQ-100 Daily Leveraged Alternative ETF,$14.67 M,QQQU.TO
DATA,Evolve Cloud Computing Index Fund,$14.67 M,DATA.TO
VIGG,Vanguard Developed ex-North America Dividend Appreciation Index ETF,$14.60 M,VIGG.TO
SPXY,Purpose SpaceX (SPCX) Yield Shares ETF,$14.54 M,SPXY.NE
ZEQL.F,BMO MSCI USA Equal Weight Index ETF,$14.49 M,ZEQL-F.TO
NTGF,NBI Target 2031 Investment Grade Bond Fund ETF Series Units,$14.43 M,NTGF.TO
CINV,CI Global Alpha Innovation ETF,$14.40 M,CINV.TO
HHL.B,Harvest Healthcare Leaders Income ETF,$14.38 M,HHL-B.TO
FTLS,First Trust Long/Short Equity ETF (CA),$14.37 M,FTLS.TO
CGXF.U,CI Gold+ Giants Covered Call ETF,$10.38 M,CGXF-U.TO
DXUS.U,Dynamic Active U.S. Equity ETF,$10.30 M,DXUS-U.TO
GBND,Manulife Smart Global Bond ETF,$14.23 M,GBND.NE
CCBD,CI U.S. Aggregate Bond Covered Call ETF,$14.15 M,CCBD.TO
HERO,Evolve E-Gaming Index ETF,$14.13 M,HERO.TO
IBIT.U,iShares Bitcoin ETF,$10.14 M,IBIT-U.NE
NVDU,SavvyLong (2X) NVDA ETF,$13.90 M,NVDU.TO
ESPX.U,Evolve S&P 500 Enhanced Yield Fund,$10.03 M,ESPX-U.TO
MNXT,Mackenzie Bluewater Next Gen Growth ETF,$13.86 M,MNXT.TO
ZSML.U,BMO S&P US Small Cap Index ETF,$10.01 M,ZSML-U.TO
ZGSB,BMO Global Strategic Bond Fund ETF,$13.82 M,ZGSB.TO
EQLI.F,Invesco S&P 500 Equal Weight Income Advantage ETF (CA),$13.68 M,EQLI-F.TO
CARS,Evolve Automobile Innovation Index ETF,$13.61 M,CARS.TO
INAI.F,CI Morningstar Global Next Gen AI Index ETF,$13.47 M,INAI-F.TO
JPQH,JPMorgan Nasdaq Equity Premium Income Active (Hedged) ETF,$13.40 M,JPQH.TO
IIAE.F,CI S&P International Developed Dividend Aristocrats ESG Index ETF,$13.35 M,IIAE-F.TO
TSPX,BetaPro 3x S&P 500 Daily Leveraged Bull Alternative ETF,$13.39 M,TSPX.TO
ZXCQ,BMO Target 2029 Canadian Corporate Bond ETF,$13.36 M,ZXCQ.TO
CCNV,CI Conservative Asset Allocation ETF,$13.27 M,CCNV.TO
YMAG,Tech Innovators Yield Shares Purpose ETF,$13.23 M,YMAG.NE
DXID.U,Dynamic Active Innovation and Disruption ETF,$9.56 M,DXID-U.TO
CAPN,Capital Group International Developed Equity Select ETF,$13.11 M,CAPN.TO
CONY,Harvest Coinbase High Income Shares ETF,$12.98 M,CONY.TO
BNKL,Global X Enhanced Equal Weight Banks Index ETF,$12.98 M,BNKL.TO
ZXLK.F,BMO SPDR Technology Select Sector Index ETF,$12.94 M,ZXLK-F.TO
CAPU,Capital Group U.S. Equity Select ETF,$12.92 M,CAPU.TO
CFRT,CI Floating Rate Income Fund ETF,$12.90 M,CFRT.TO
USSL,Global X Enhanced S&P 500 Index ETF,$12.80 M,USSL.TO
MBQG,Mackenzie GQE Global Balanced ETF,$12.77 M,MBQG.TO
CALL.B,Evolve US Banks Enhanced Yield ETF,$12.74 M,CALL-B.TO
ENBE,Harvest Enbridge Enhanced High Income Shares ETF,$12.71 M,ENBE.TO
MOAT,Moat Active Premium Yield ETF,$12.69 M,MOAT.TO
ZUAG,BMO US Aggregate Bond Index ETF,$12.68 M,ZUAG.TO
SXHI,Ninepoint SpaceX HighShares ETF,$12.64 M,SXHI.TO
MMAC,Manulife CQS Multi Asset Credit Fund,$12.64 M,MMAC.TO
CLML.U,CI Global Climate Leaders Fund,$9.13 M,CLML-U.TO
FJFB,First Trust JFL Fixed Income Core Plus ETF,$12.52 M,FJFB.NE
FDL,First Trust Morningstar Dividend Leaders ETF,$12.52 M,FDL.TO
ZAAA.U,BMO AAA CLO ETF,$9.03 M,ZAAA-U.NE
ZDIV,BMO MSCI Canada IMI High Dividend Yield Index ETF,$12.49 M,ZDIV.TO
HBIE,Harvest Balanced Income & Growth Enhanced ETF,$12.40 M,HBIE.TO
XSHU.U,iShares 1-5 Year U.S. IG Corporate Bond Index ETF,$8.96 M,XSHU-U.TO
QQQT.B,Evolve NASDAQ Technology Index Fund,$12.37 M,QQQT-B.TO
ISCB,IA Clarington Strategic Corporate Bond Fund,$12.35 M,ISCB.TO
RNAG,RBC North American Growth Fund,$12.35 M,RNAG.NE
TUEX,TD Active U.S. Enhanced Dividend CAD Hedged ETF,$12.34 M,TUEX.TO
CANL,Global X Enhanced S&P/TSX 60 Index ETF,$12.33 M,CANL.TO
FMID,Franklin U.S. Mid Cap Multifactor Index ETF (CA),$12.32 M,FMID.NE
CNDI,BetaPro S&P/TSX 60 Daily Inverse ETF,$12.29 M,CNDI.TO
ZXLV.F,BMO SPDR Health Care Select Sector Index ETF,$12.24 M,ZXLV-F.TO
PFMS,PICTON Multi-Strategy Alternative Fund ETF,$12.21 M,PFMS.TO
SHPY,Purpose Shopify (SHOP) Yield Shares ETF,$12.16 M,SHPY.NE
YAVG,Broadcom (AVGO) Yield Shares Purpose ETF,$12.15 M,YAVG.NE
BND.U,Purpose Global Bond Fund ETF,$8.77 M,BND-U.TO
NTGA,NBI Target 2026 Investment Grade Bond Fund,$12.10 M,NTGA.TO
NMNG,Ninepoint Mining Evolution Fund ETF Series units,$11.97 M,NMNG.TO
ZXLI.F,BMO SPDR Industrials Select Sector Index ETF,$11.95 M,ZXLI-F.TO
RAAA,Corton Enhanced Income Fund,$11.94 M,RAAA.TO
RCAN,RBC Canadian Equity ETF,$11.94 M,RCAN.TO
GGPY,Guardian Directed Premium Yield ETF,$11.91 M,GGPY.TO
ZMID.F,BMO S&P US Mid Cap Index ETF,$11.89 M,ZMID-F.TO
TSLU,SavvyLong (2X) TSLA ETF,$11.89 M,TSLU.TO
RCEI,RBC Canadian Equity Income Fund,$11.80 M,RCEI.NE
GSIF,Guardian Strategic Income Fund,$11.72 M,GSIF.NE
DXEM,Dynamic Active Emerging Markets ETF,$11.46 M,DXEM.TO
PBI,Purpose Best Ideas Fund ETF,$11.46 M,PBI.TO
ZXCP,BMO Target 2028 Canadian Corporate Bond ETF,$11.38 M,ZXCP.TO
ALPU,SavvyLong (2X) GOOGL ETF,$11.37 M,ALPU.TO
TUSB.U,TD Select U.S. Short Term Corporate Bond Ladder ETF,$8.17 M,TUSB-U.TO
GBSL,Ninepoint Global Select Fund ETF Series Units,$11.26 M,GBSL.TO
ZXLF,BMO SPDR Financials Select Sector Index ETF,$11.26 M,ZXLF.TO
HUN,Global X Natural Gas ETF,$11.25 M,HUN.TO
FID,Franklin FTSE India Index ETF,$11.24 M,FID.NE
CMAG.U,CI Munro Alternative Global Growth ETF,$8.12 M,CMAG-U.TO
ZHU,BMO Equal Weight US Health Care Index ETF,$11.03 M,ZHU.TO
ZJK.U,BMO High Yield US Corporate Bond Index ETF,$7.96 M,ZJK-U.TO
CFOD,BetaPro S&P/TSX Capped Financials -2x Daily Bear ETF - CAD,$10.99 M,CFOD.TO
ICAE,CI S&P/TSX Canadian Dividend Aristocrats ESG Index ETF,$10.94 M,ICAE.TO
MART,Global X Equal Weight Canadian Groceries & Staples Index ETF,$10.95 M,MART.TO
PAYM,Global X Mid-Term Government Bond Premium Yield ETF,$10.94 M,PAYM.TO
SOLX.U,CI Galaxy Solana ETF,$7.89 M,SOLX-U.TO
QQQT.U,Evolve NASDAQ Technology Index Fund,$7.88 M,QQQT-U.TO
IUFR.U,CI US Treasury Floating Rate Note Index ETF,$7.80 M,IUFR-U.TO
MFUN,Manulife Fundamental Equity Fund,$10.76 M,MFUN.TO
CNQE,Harvest CNQ Enhanced High Income Shares ETF,$10.76 M,CNQE.TO
CCCX.B,CI Galaxy Core Multi-Crypto ETF,$10.75 M,CCCX-B.TO
DGR.U,CI U.S. Quality Dividend Growth Index ETF,$7.71 M,DGR-U.TO
ZBCB,BMO Canadian Core Plus US Balanced ETF,$10.60 M,ZBCB.NE
FLSE,Fidelity Global Opportunities Long/Short Fund ETF,$10.58 M,FLSE.TO
ZBVU,BMO US Large Cap Disciplined Value ETF,$10.58 M,ZBVU.NE
ZCOM.F,BMO Broad Commodity ETF,$10.54 M,ZCOM-F.NE
ZUP.U,BMO US Preferred Share Index ETF,$7.60 M,ZUP-U.TO
CESG,CI MSCI World ESG Impact Index ETF,$10.50 M,CESG.NE
VXM.U,CI Morningstar International Value Index ETF,$7.54 M,VXM-U.TO
PHE.B,Purpose Tactical Hedged Equity Fund ETF,$10.41 M,PHE-B.TO
DCC,Desjardins 1-5 year Laddered Canadian Corporate Bond Index ETF,$10.34 M,DCC.TO
ZMI.U,BMO Monthly Income ETF,$7.47 M,ZMI-U.TO
SBLI,SLGI MFS Blended Research Low Vol International Fund ETF Series,$10.27 M,SBLI.TO
CTIP,CI U.S. Treasury Inflation-Linked Bond Index ETF,$10.28 M,CTIP.NE
DAGL,Desjardins Global Opportunities ETF,$10.24 M,DAGL.TO
SCGR,Starlight Global Real Estate Fund ETF,$10.20 M,SCGR.NE
MIDB,Evolve Enhanced Yield Mid Term Bond Fund,$10.19 M,MIDB.TO
RINT,RBC International Equity Fund,$10.16 M,RINT.NE
MIPC,Middlefield Income Plus Class ETF,$10.16 M,MIPC.TO
LEAD,Evolve Future Leadership Fund ETF,$10.11 M,LEAD.TO
XTLT.U,iShares 20+ Year U.S. Treasury Bond Index ETF,$7.30 M,XTLT-U.TO
UBNK,Global X Equal Weight U.S. Banks Index ETF,$10.07 M,UBNK.TO
FGOV,Franklin Canadian Government Bond Fund,$10.03 M,FGOV.TO
MSFU,SavvyLong (2X) MSFT ETF,$9.96 M,MSFU.TO
PFRD,Mulvihill Split Preferred Share ETF,$9.91 M,PFRD.TO
NSDU,NBI SmartData U.S. Equity Fund ETF Series Units,$9.89 M,NSDU.TO
AMZU,SavvyLong (2X) AMZN ETF,$9.88 M,AMZU.TO
FCLS,Fidelity Canadian Long/Short Alternative Fund,$9.87 M,FCLS.NE
ETHX,CI Galaxy Ethereum ETF,$9.83 M,ETHX.TO
XSMB,iShares Core Canadian 1-10 Year Bond Index ETF,$9.78 M,XSMB.TO
ZPW.U,BMO US Put Write ETF,$7.05 M,ZPW-U.TO
NSDG,NBI SmartData Global Equity Fund - ETF Series,$9.73 M,NSDG.TO
RPD.U,RBC QUANT EUROPEAN Dividend LEADERS ETF,$7.03 M,RPD-U.TO
FMPG,Fidelity Global Growth Portfolio ETF,$9.62 M,FMPG.TO
GRNI,BMO Brookfield Global Renewables Infrastructure Fund ETF,$9.60 M,GRNI.TO
SOLA,Evolve Solana ETF,$9.53 M,SOLA.TO
DXF,Dynamic Active Global Financial Services ETF,$9.52 M,DXF.TO
NVHE.U,Harvest NVIDIA Enhanced High Income Shares ETF,$6.88 M,NVHE-U.TO
NBGE,NBI Global Equity Fund ETF Series Units,$9.50 M,NBGE.TO
CMOM.B,CI U.S. Enhanced Momentum Index ETF,$9.40 M,CMOM-B.TO
YCST,Costco (COST) Yield Shares Purpose ETF,$9.35 M,YCST.NE
FEMO,Fidelity Emerging Markets Opportunities Fund ETF Series units,$9.34 M,FEMO.TO
CGRA,CI Global Real Asset Private Pool ETF,$9.29 M,CGRA.TO
QMAX.U,Hamilton Technology Yield Maximizer ETF,$6.60 M,QMAX-U.TO
NTGE,NBI Target 2030 Investment Grade Bond Fund - ETF Series,$8.96 M,NTGE.TO
TLTX.F,Global X 20+ Year U.S. Treasury Bond Index ETF,$8.90 M,TLTX-F.TO
FSB.U,First Asset Enhanced Short Duration Bond ETF,$6.42 M,FSB-U.TO
URCC,Global X Uranium Covered Call ETF,$8.84 M,URCC.TO
CYBR.U,Evolve Cyber Security Index ETF,$6.39 M,CYBR-U.TO
CEQY,CIBC All-Equity ETF Portfolio ETF,$8.70 M,CEQY.TO
MSFH.U,Harvest Microsoft High Income Shares ETF,$6.20 M,MSFH-U.TO
PYF.U,Purpose Premium Yield Fund ETF,$6.19 M,PYF-U.TO
CTUF.U,CIBC 2028 U.S. Investment Grade Bond Fund,$6.17 M,CTUF-U.NE
IGEO,IA Clarington Loomis Global Equity Opportunities Fund,$8.51 M,IGEO.TO
ZXCO,BMO Target 2027 Canadian Corporate Bond ETF,$8.48 M,ZXCO.TO
ZXLE,BMO SPDR Energy Select Sector Index ETF,$8.46 M,ZXLE.TO
RNCL,Global X Enhanced Equal Weight Canadian Telecom Covered Call ETF,$8.38 M,RNCL.TO
CGHY.U,CI Global High Yield Credit Private Pool ETF,$6.04 M,CGHY-U.TO
FINO,Franklin Innovation Fund,$8.31 M,FINO.TO
CGIN.U,CI Global Investment Grade ETF,$6.00 M,CGIN-U.TO
NTGC,NBI Target 2028 Investment Grade Bond Fund,$8.29 M,NTGC.TO
CSHI,Ninepoint Constellation Software HighShares ETF,$8.27 M,CSHI.TO
MWMN,Mackenzie Global Women's Leadership ETF,$8.25 M,MWMN.NE
AMZH.U,Harvest Amazon High Income Shares ETF,$5.96 M,AMZH-U.TO
ZWU.T,BMO Covered Call Utilities ETF,$8.22 M,ZWU-T.TO
FLX.U,Purpose Global Flexible Credit Fund,$5.93 M,FLX-U.TO
GBLF,GuardBonds 1-3 Year Laddered Investment Grade Bond Fund,$8.18 M,GBLF.NE
INFR,Ninepoint Global Infrastructure Fund,$8.09 M,INFR.TO
NTGD,NBI Target 2029 Investment Grade Bond Fund ETF Series Units,$8.09 M,NTGD.TO
CVLU,CI U.S. Enhanced Value Index ETF,$8.09 M,CVLU.TO
ZTIP.U,BMO Short-Term US TIPS Index ETF,$5.84 M,ZTIP-U.TO
CLHI,Ninepoint Celestica HighShares ETF,$8.07 M,CLHI.TO
NVDH.U,Harvest NVIDIA High Income Shares ETF,$5.82 M,NVDH-U.TO
MCOR,Manulife Core Plus Bond Fund,$8.03 M,MCOR.TO
PIN,Purpose Monthly Income Fund ETF,$8.02 M,PIN.TO
WOMN,BMO Women In Leadership Fund ETF,$8.02 M,WOMN.TO
CCNS,CIBC Conservative Fixed Income Pool ETF,$8.00 M,CCNS.TO
CNAO.U,CI Alternative North American Opportunities Fund,$5.73 M,CNAO-U.TO
EBNK.U,Evolve European Banks Enhanced Yield ETF,$5.65 M,EBNK-U.TO
SVCL,Global X Enhanced Silver Miners Covered Call ETF,$7.77 M,SVCL.TO
AENU,AGF Enhanced U.S. Equity Income Fund,$7.74 M,AENU.NE
ZWB.T,BMO Covered Call Canadian Banks ETF,$7.68 M,ZWB-T.TO
FUD,First Trust Value Line Dividend ETF,$7.61 M,FUD.TO
TCND,BetaPro 3x S&P/TSX 60 Daily Leveraged Bull Alternative ETF,$7.60 M,TCND.TO
HTA.B,Harvest Tech Leaders Income ETF,$7.46 M,HTA-B.TO
ZBDU,BMO US Dividend Growth ETF,$7.43 M,ZBDU.NE
TECH.U,Evolve FANGMA Index ETF,$5.37 M,TECH-U.TO
CCCB,CIBC Canadian Banks Covered Call ETF,$7.40 M,CCCB.TO
ZXLF.F,BMO SPDR Financials Select Sector Index ETF,$7.36 M,ZXLF-F.TO
NOVY,Harvest Novo Enhanced High Income Shares ETF,$7.36 M,NOVY.TO
BTCY.U,Purpose Bitcoin Yield ETF,$5.26 M,BTCY-U.TO
TEHE,Harvest TELUS Enhanced High Income Shares ETF,$7.22 M,TEHE.TO
ZXLC.F,BMO SPDR Communication Services Select Sector Index ETF,$7.19 M,ZXLC-F.TO
FHQ.F,First Trust AlphaDEX U.S. Technology Sector Index ETF,$7.17 M,FHQ-F.TO
ZXLY.F,BMO SPDR Consumer Discretionary Select Sector Index ETF,$7.17 M,ZXLY-F.TO
GGPY.F,Guardian Directed Premium Yield ETF,$7.15 M,GGPY-F.TO
CUDC,CIBC U.S. High Dividend Covered Call ETF,$7.09 M,CUDC.TO
QQCE.F,CI ESG NASDAQ 100 Index ETF,$7.04 M,QQCE-F.TO
UYLD,Manulife Smart U.S. Enhanced Yield ETF,$7.06 M,UYLD.NE
EMCL,Global X Enhanced MSCI Emerging Markets Covered Call ETF,$7.05 M,EMCL.NE
XMU.U,iShares MSCI USA Minimum Volatility Index ETF,$5.02 M,XMU-U.TO
UMI,CI U.S. MidCap Dividend Index ETF,$6.94 M,UMI.TO
LLHE.U,Harvest Eli Lilly Enhanced High Income Shares ETF,$5.00 M,LLHE-U.TO
PLTU,SavvyLong (2X) PLTR ETF,$6.89 M,PLTU.TO
METU,SavvyLong (2X) META ETF,$6.89 M,METU.TO
ATSX,Accelerate Canadian Long Short Equity Fund,$6.86 M,ATSX.TO
FBT,First Trust NYSE Arca Biotechnology ETF,$6.85 M,FBT.TO
CBCX,CI Galaxy Blockchain ETF,$6.80 M,CBCX.TO
FDN,First Trust Dow Jones Internet ETF,$6.74 M,FDN.TO
SOLL.B,Purpose Solana ETF,$6.65 M,SOLL-B.TO
QQI,BetaPro Nasdaq-100 Daily Inverse ETF,$6.62 M,QQI.TO
TLF.U,Brompton Tech Leaders Income ETF,$4.77 M,TLF-U.TO
FIG.U,CI Investment Grade Bond ETF,$4.76 M,FIG-U.TO
NXF.U,CI Energy Giants Covered Call ETF,$4.76 M,NXF-U.TO
CUDV,CI U.S. Minimum Downside Volatility Index ETF,$6.56 M,CUDV.TO
FHI.B,CI Health Care Giants Covered Call ETF,$6.53 M,FHI-B.TO
XTOT.U,iShares Core S&P Total U.S. Stock Market Index ETF,$4.72 M,XTOT-U.TO
SUHE,Harvest Suncor Enhanced High Income Shares ETF,$6.53 M,SUHE.TO
DXG.U,Dynamic Active Global Dividend ETF,$4.71 M,DXG-U.TO
TTTX,Global X Innovative Bluechip Top 10 Index ETF,$6.41 M,TTTX.TO
CMEY,CI Marret Alternative Enhanced Yield Fund ETF,$6.41 M,CMEY.TO
CNQY,Purpose Canadian Natural Resources (CNQ) Yield Shares ETF,$6.39 M,CNQY.NE
XCBU.U,iShares U.S. IG Corporate Bond Index ETF,$4.61 M,XCBU-U.TO
ZPS.L,BMO Short Provincial Bond Index ETF,$6.33 M,ZPS-L.TO
RSCL,Global X Enhanced Russell 2000 Covered Call ETF,$6.31 M,RSCL.NE
ASHR,Mulvihill Split Capital Share ETF,$6.28 M,ASHR.TO
CBUG,CI Digital Security ETF,$6.24 M,CBUG.TO
SWIN,HAMILTON CHAMPIONS Enhanced U.S. Dividend ETF,$6.23 M,SWIN.TO
AMGR,AGF American Growth Fund - ETF Series,$6.20 M,AMGR.TO
CMCC,Global X All-In-One Commodity Producers Equity Covered Call ETF,$6.20 M,CMCC.TO
HVOL,Harvest Low Volatility Canadian Equity ETF,$6.18 M,HVOL.TO
MAEC,Middlefield ActivEnergy Dividend Class ETF,$6.17 M,MAEC.TO
GIGF.F,Guardian i3 Global Quality Growth ETF,$6.16 M,GIGF-F.TO
CLBF,CIBC 1-5 Year Laddered Investment Grade Bond Fund,$6.15 M,CLBF.NE
MSHE.U,Harvest Microsoft Enhanced High Income Shares ETF,$4.41 M,MSHE-U.TO
MCAN,Manulife Canadian Equity Class Fund,$6.07 M,MCAN.TO
STLT,BetaPro -3x US Treasury 20+ Year Daily Leveraged Bear Alternative ETF,$6.03 M,STLT.NE
GIAI,Guardian i3 AI Technology and Innovation Fund ETF,$6.02 M,GIAI.TO
EQY,Franklin All-Equity ETF Portfolio,$5.99 M,EQY.TO
QRET,Mackenzie Developed Markets Real Estate Index ETF,$5.98 M,QRET.TO
PHR,Purpose Real Estate Income Fund ETF,$5.97 M,PHR.TO
RUSB,RBC Short Term U.S. Corporate Bond ETF,$5.84 M,RUSB.TO
PBAL,PIMCO Managed Balanced Portfolio - ETF Series,$5.80 M,PBAL.TO
ZXLB,BMO SPDR Materials Select Sector Index ETF,$5.76 M,ZXLB.TO
RYHE,Harvest Enhanced High Income RY-Linked Shares ETF,$5.75 M,RYHE.TO
CTUG.U,CIBC 2029 U.S. Investment Grade Bond Fund,$4.15 M,CTUG-U.NE
HBOP,Humilis Fundamental Opportunities ETF,$5.71 M,HBOP.TO
AGLR,AGF Global Real Assets Fund,$5.71 M,AGLR.NE
ESGY.F,BMO MSCI USA ESG Leaders Index ETF,$5.71 M,ESGY-F.TO
CTUH.U,CIBC 2030 U.S. Investment Grade Bond Fund,$4.13 M,CTUH-U.NE
XDRV,iShares Global Electric and Autonomous Vehicles Index ETF,$5.70 M,XDRV.TO
ZFS.L,BMO Short Federal Bond Index ETF,$5.69 M,ZFS-L.TO
CTUI.U,CIBC 2031 U.S. Investment Grade Bond Fund,$4.10 M,CTUI-U.NE
MAUV,Mackenzie US Value ETF,$5.65 M,MAUV.TO
CUEH,CIBC MSCI USA Equity Index ETF,$5.63 M,CUEH.TO
SDVY.F,First Trust SMID Cap Rising Dividend Achievers ETF (CA),$5.62 M,SDVY-F.NE
AAPU,SavvyLong (2X) AAPL ETF,$5.62 M,AAPU.TO
HPYT.B,Harvest Premium Yield Treasury ETF,$5.55 M,HPYT-B.TO
HBDV,Humilis North American Dividend Growth ETF,$5.54 M,HBDV.TO
CBLN,CIBC Balanced Portfolio ETF,$5.54 M,CBLN.TO
MAUG,Mackenzie US All Cap Growth ETF,$5.51 M,MAUG.TO
ZXLE.F,BMO SPDR Energy Select Sector Index ETF,$5.49 M,ZXLE-F.TO
FHI.U,CI Health Care Giants Covered Call ETF,$3.96 M,FHI-U.TO
MAGV,Mackenzie Global Value ETF,$5.46 M,MAGV.TO
MHDC,Mackenzie Canadian High Dividend Yield ETF,$5.45 M,MHDC.TO
OILD,SavvyLong Geared Natural Gas ETF,$5.41 M,OILD.TO
GICD,Guardian i³ Canadian Dividend Growth Fund ETF,$5.37 M,GICD.TO
ZXLP,BMO SPDR Consumer Staples Select Sector Index ETF,$5.37 M,ZXLP.TO
NACO,Ninepoint Alternative Credit Opportunities Fund,$5.31 M,NACO.TO
CIEH,CIBC MSCI EAFE Equity Index ETF,$5.30 M,CIEH.TO
BNC,Purpose Canadian Financial Income Fund ETF,$5.29 M,BNC.TO
GIES,Guardian International Equity Select Fund,$5.24 M,GIES.TO
BEPR.U,Brompton Flaherty & Crumrine Enhanced Investment Grade Preferred ETF,$3.74 M,BEPR-U.TO
EQLI.U,Invesco S&P 500 Equal Weight Income Advantage ETF (CA),$3.74 M,EQLI-U.TO
TIF,Ninepoint Target Income Fund ETF,$5.09 M,TIF.TO
TDHE,Harvest Enhanced High Income TD-Linked Shares ETF,$5.08 M,TDHE.TO
ULV.U,CI Invesco S&P 500 Low Volatility Index ETF,$3.67 M,ULV-U.TO
QCLN,First Trust Nasdaq Clean Edge Green Energy ETF,$5.03 M,QCLN.TO
XCBU,iShares U.S. IG Corporate Bond Index ETF,$5.01 M,XCBU.TO
MTBA,Mackenzie Target 2027 North American IG Corporate Bond ETF,$5.01 M,MTBA.TO
RUDC.U,RBC U.S. Dividend Covered Call ETF,$3.61 M,RUDC-U.TO
REIT,Global X Equal Weight Canadian REITs Index ETF,$4.98 M,REIT.TO
SPYD,MegaShort (-3X) S&P 500 Daily Leveraged Alternative ETF,$4.95 M,SPYD.TO
MTBB,Mackenzie Target 2029 North American IG Corporate Bond ETF,$4.94 M,MTBB.TO
DXMC,Dynamic Active Multi-Crypto ETF,$4.94 M,DXMC.NE
MGAB,Mackenzie Global Fixed Income Allocation ETF,$4.92 M,MGAB.TO
ENBY,Purpose Enbridge (ENB) Yield Shares ETF,$4.87 M,ENBY.NE
SCGI,Starlight Global Infrastructure Fund ETF,$4.85 M,SCGI.NE
FHH,First Trust AlphaDEX U.S. Health Care Sector Index ETF,$4.81 M,FHH.TO
CMCX.B,CI Galaxy Multi-Crypto Navigator ETF,$4.80 M,CMCX-B.TO
LYFR,Lysander-Canso Floating Rate ActivETF,$4.80 M,LYFR.TO
BBBB.U,Brompton Wellington Square Investment Grade CLO ETF,$3.45 M,BBBB-U.TO
GIUS.F,Guardian i3 US Quality Growth ETF,$4.78 M,GIUS-F.TO
ACAA,Arrow long/short Alternative Fund ETF,$4.78 M,ACAA.TO
GBFF,GuardBonds 2029 Investment Grade Bond Fund,$4.76 M,GBFF.NE
FORU,ForAll Core & More U.S. Equity Index ETF,$4.75 M,FORU.NE
FDIV,Franklin U.S. Quality Moat Dividend Index ETF,$4.75 M,FDIV.NE
NTHM,NBI Thematic Rotation ETF,$4.67 M,NTHM.TO
GASD,SavvyShort Geared Natural Gas ETF,$4.67 M,GASD.TO
UMI.B,CI U.S. MidCap Dividend Index ETF,$4.65 M,UMI-B.TO
FGRW,Forstrong Global Growth ETF,$4.64 M,FGRW.TO
MHDU,Mackenzie US High Dividend Yield ETF,$4.64 M,MHDU.TO
ZXLP.F,BMO SPDR Consumer Staples Select Sector Index ETF,$4.63 M,ZXLP-F.TO
ASMD,AGF U.S. Small-Mid Cap Fund,$4.62 M,ASMD.NE
PHE,Purpose Tactical Hedged Equity Fund ETF,$4.62 M,PHE.TO
FMPI,Fidelity Global Income Portfolio ETF,$4.62 M,FMPI.TO
RGBM.U,Return Stacked Global Balanced & Macro ETF,$3.33 M,RGBM-U.TO
AMHE.U,Harvest Amazon Enhanced High Income Shares ETF,$3.33 M,AMHE-U.TO
FLX.B,Purpose Global Flexible Credit Fund,$4.56 M,FLX-B.TO
SKYY,First Trust Cloud Computing ETF,$4.56 M,SKYY.TO
PZW.F,CI Invesco RAFI Global Small-Mid ETF,$4.53 M,PZW-F.TO
CIEM.U,CI Emerging Markets Alpha ETF,$3.28 M,CIEM-U.TO
QQEQ.F,CI NASDAQ 100 Equal Weight Index ETF,$4.46 M,QQEQ-F.TO
LONG,CI Global Longevity Economy Fund ETF,$4.45 M,LONG.TO
XRPP.U,Purpose XRP ETF,$3.20 M,XRPP-U.TO
SCDG,Starlight Dividend Growth Class ETF,$4.42 M,SCDG.NE
MCYC,Mackenzie Cyclical Tilt ETF,$4.29 M,MCYC.TO
SLGC,Sun Life MFS Global Core Plus Bond Fund ETF Series,$4.24 M,SLGC.TO
PBI.B,Purpose Best Ideas Fund ETF,$4.23 M,PBI-B.TO
WAAV,WaveFront All-Weather Alternative Fund,$4.22 M,WAAV.TO
BPRF.U,Brompton Flaherty & Crumrine Investment Grade Preferred ETF,$3.05 M,BPRF-U.TO
RIRA,Russell Investments Real Assets ETF,$4.21 M,RIRA.TO
ZWC.T,BMO Canadian High Dividend Covered Call ETF,$4.20 M,ZWC-T.TO
TCCB,TD Canadian Corporate Bond Fund ETF,$4.20 M,TCCB.TO
TDY,Purpose TD (TD) Yield Shares ETF,$4.19 M,TDY.NE
ESPX.B,Evolve S&P 500 Enhanced Yield Fund,$4.19 M,ESPX-B.TO
QQQD,MegaShort (-3X) NASDAQ-100 Daily Leveraged Alternative ETF,$4.19 M,QQQD.TO
CBAP,CI Balanced+ Asset Allocation ETF,$4.19 M,CBAP.TO
ZXLB.F,BMO SPDR Materials Select Sector Index ETF,$4.18 M,ZXLB-F.TO
CAKE,Avantis CIBC Balanced Asset Allocation ETF,$4.14 M,CAKE.TO
ZBEU.F,BMO US Equity Focused ETF,$4.12 M,ZBEU-F.NE
RTT,Purpose Tactical Thematic Fund,$4.12 M,RTT.TO
ZBBZ.U,BMO BBB CLO ETF,$2.96 M,ZBBZ-U.NE
UYLD.U,Manulife Smart U.S. Enhanced Yield ETF,$2.94 M,UYLD-U.NE
FIXD,Evolve Active Core Fixed Income Fund,$4.02 M,FIXD.NE
HPF.U,Harvest Energy Leaders Income ETF,$2.90 M,HPF-U.TO
SSPX,BetaPro -3x S&P 500 Daily Leveraged Bear Alternative ETF,$4.00 M,SSPX.TO
DATA.B,Evolve Cloud Computing Index Fund,$3.98 M,DATA-B.TO
IDEF.B,Manulife Smart International Defensive Equity ETF,$3.96 M,IDEF-B.TO
MUSC,Manulife Multifactor U.S. Small Cap Index ETF,$3.95 M,MUSC.TO
LBIT,Evolve Levered Bitcoin ETF,$3.93 M,LBIT.TO
TCCA,Trading Central Quant Canada 50 Equity Index ETF,$3.93 M,TCCA.TO
VUDH,Vanguard U.S. High Dividend Yield Index ETF,$3.85 M,VUDH.TO
TTLT,BetaPro 3x US Treasury 20+ Year Daily Leveraged Bull Alternative ETF,$3.81 M,TTLT.NE
PXS.U,CI Invesco RAFI U.S. Index ETF II,$2.75 M,PXS-U.TO
PSY,Purpose Structured Equity Yield Fund ETF,$3.77 M,PSY.TO
CBL,Franklin Core ETF Portfolio ETF,$3.76 M,CBL.TO
PAYI,Brompton Utilities & Infrastructure HighPay ETF,$3.74 M,PAYI.TO
RENG,RBC Global Energy Fund,$3.74 M,RENG.NE
INHI,Ninepoint Intel HighShares ETF,$3.72 M,INHI.TO
RBNU,SavvyLong (2X) HOOD ETF,$3.72 M,RBNU.TO
FJFG,First Trust JFL Global Equity ETF,$3.71 M,FJFG.NE
ZBBZ,BMO BBB CLO ETF,$3.70 M,ZBBZ.NE
CDEF,Manulife Smart Defensive Equity ETF,$3.66 M,CDEF.TO
TY,Purpose Telus (T) Yield Shares ETF,$3.65 M,TY.NE
ZBDU.F,BMO US Dividend Growth ETF,$3.63 M,ZBDU-F.NE
SOXD,MegaShort (-3X) US Semiconductors Daily Leveraged Alternative ETF,$3.61 M,SOXD.TO
NYSX,Global X NYSE 100 Index ETF,$2.58 M,NYSX.TO
NMEQ,NBI Meritage Tactical ETF Equity Portfolio - ETF Series,$3.57 M,NMEQ.TO
ZXLY,BMO SPDR Consumer Discretionary Select Sector Index ETF,$3.53 M,ZXLY.TO
ETHR.U,Evolve Ether ETF,$2.54 M,ETHR-U.TO
CGRW,CIBC Balanced Growth ETF,$3.50 M,CGRW.TO
COMX,Global X All-In-One Commodity Producers Equity ETF,$3.48 M,COMX.TO
ADIV,ARROW EC equity advantage ALTERNATIVE FUND ETF,$3.43 M,ADIV.TO
PAYU,Brompton U.S. Equity HighPay ETF,$3.41 M,PAYU.TO
NRGD,BetaPro S&P/TSX Capped Energy -2x Daily Bear ETF - CAD,$3.40 M,NRGD.TO
WHYP,Westcourt Hamilton Yield Portfolio ETF,$3.39 M,WHYP.TO
UDEF.B,Manulife Smart U.S. Defensive Equity ETF,$3.38 M,UDEF-B.TO
TLTX,Global X 20+ Year U.S. Treasury Bond Index ETF,$3.37 M,TLTX.TO
CUTL.B,CI Utilities Giants Covered Call ETF,$3.37 M,CUTL-B.TO
FHH.F,First Trust AlphaDEX U.S. Health Care Sector Index ETF,$3.34 M,FHH-F.TO
AMDU,SavvyLong (2X) AMD ETF,$3.26 M,AMDU.TO
ORBU,SavvyLong (2X) SpaceX ETF,$3.26 M,ORBU.TO
MSTZ,SavvyShort (-2X) MSTR ETF,$3.20 M,MSTZ.TO
TRVL.U,Harvest Travel & Leisure Index ETF,$2.31 M,TRVL-U.TO
PLHI,Ninepoint Palantir HighShares ETF,$3.17 M,PLHI.TO
CAGR,Avantis CIBC Growth Asset Allocation ETF,$3.16 M,CAGR.TO
RBCY,Purpose RBC (RY) Yield Shares ETF,$3.15 M,RBCY.NE
ZGIF,BMO Global Infrastructure Fund Active ETF Series,$3.15 M,ZGIF.NE
ZXLC,BMO SPDR Communication Services Select Sector Index ETF,$3.14 M,ZXLC.TO
CCIP,Counterpoint Global CIBC International Permanence ETF,$3.08 M,CCIP.TO
FCAE,Fidelity American Equity Fund ETF,$3.05 M,FCAE.TO
EQE.F,CI S&P Europe 350 Equal Weight Index ETF,$3.04 M,EQE-F.NE
TDOC.U,TD Global Healthcare Leaders Index ETF,$2.19 M,TDOC-U.TO
ZXLR.F,BMO SPDR Real Estate Select Sector Index ETF,$3.03 M,ZXLR-F.TO
IICE.F,CI S&P International Developed ESG Index ETF,$3.01 M,IICE-F.TO
ZXLR,BMO SPDR Real Estate Select Sector Index ETF,$3.01 M,ZXLR.TO
TCUS,Trading Central Quant U.S. 50 Equity Index ETF,$3.01 M,TCUS.TO
LEAD.B,Evolve Future Leadership Fund ETF,$2.96 M,LEAD-B.TO
CCBA,CIBC Canadian Bond Fund,$2.13 M,CCBA.NE
ZWP.T,BMO Europe High Dividend Covered Call ETF,$2.94 M,ZWP-T.TO
ABXU,SavvyLong (2X) Barrick ETF,$2.91 M,ABXU.TO
UDEF,Manulife Smart U.S. Defensive Equity ETF,$2.91 M,UDEF.TO
JPHE,Harvest JPHE Enhanced High Income Shares ETF,$2.89 M,JPHE.TO
RUQU.U,RBC Target 2032 U.S. Corporate Bond ETF,$2.09 M,RUQU-U.TO
DIVY,Global X Active U.S. Dividend ETF,$2.07 M,DIVY.TO
NVHI,Ninepoint NVIDIA HighShares ETF,$2.86 M,NVHI.TO
CUIG.U,CI U.S. Monthly Income Private Pool ETF,$2.06 M,CUIG-U.TO
BLKY,Harvest Block Enhanced High Income Shares ETF,$2.83 M,BLKY.TO
GOHI,Ninepoint Alphabet HighShares ETF,$2.82 M,GOHI.TO
CINV.U,CI Global Alpha Innovation ETF,$2.03 M,CINV-U.TO
TCWW,Trading Central Quant Global 50 Equity Index ETF,$2.78 M,TCWW.TO
COMU,SavvyLong 2X CIBC (CM) Equity-Linked ETF,$2.77 M,COMU.TO
MDIF,Manulife Dividend Income Fund,$2.76 M,MDIF.TO
RBCU,SavvyLong 2X RBC (RY) Equity-Linked ETF,$2.76 M,RBCU.TO
TUST,TD Ultra Short Term Bond Fund ETF,$2.75 M,TUST.TO
LLYH.U,Harvest Eli Lilly High Income Shares ETF,$1.97 M,LLYH-U.TO
VCOR,Vanguard Global Core-Plus Bond ETF,$2.72 M,VCOR.TO
TCEU,Trading Central Quant Europe 50 Equity Index ETF,$2.71 M,TCEU.TO
NBCU,SavvyLong 2X NBC (NA) Equity-Linked ETF,$2.70 M,NBCU.TO
CGRN,CI Global Sustainable Infrastructure Fund,$2.70 M,CGRN.TO
CALB,CIBC Canadian Government Long-Term Bond ETF,$2.68 M,CALB.TO
DOLY,Purpose Dollarama (DOL) Yield Shares ETF,$2.67 M,DOLY.NE
EGIF,Arrow Exemplar Growth and Income Fund ETF,$2.64 M,EGIF.TO
BNSY,Purpose Scotiabank (BNS) Yield Shares ETF,$2.62 M,BNSY.NE
ZWT.T,BMO Covered Call Technology ETF,$2.60 M,ZWT-T.TO
ETHY.U,Purpose Ether Yield ETF,$1.87 M,ETHY-U.TO
CGMD,MegaShort (-3X) Canadian Gold Miners Daily Leveraged Alternative ETF,$2.58 M,CGMD.TO
BNY,Purpose Brookfield (BN) Yield Shares ETF,$2.58 M,BNY.NE
CSUU,SavvyLong (2X) Constellation Software ETF,$2.57 M,CSUU.TO
PGRX,Purpose Global Resource Fund,$2.55 M,PGRX.TO
QQJR,CI Invesco NASDAQ Next Gen 100 Index ETF,$2.54 M,QQJR.TO
JNJY,Harvest JnJ Enhanced High Income Shares ETF,$2.52 M,JNJY.TO
UDEF.U,Manulife Smart U.S. Defensive Equity ETF,$1.80 M,UDEF-U.TO
GIIF,Guardian i3 International Core Equity Fund,$2.47 M,GIIF.NE
PAYL,Global X Long-Term Government Bond Premium Yield ETF,$2.46 M,PAYL.TO
CNQU,SavvyLong (2X) Cdn Natural Resources ETF,$2.45 M,CNQU.TO
MUSC.B,Manulife Multifactor U.S. Small Cap Index ETF,$2.45 M,MUSC-B.TO
BYLD.B,Manulife Smart Enhanced Yield Bond ETF,$2.38 M,BYLD-B.NE
SHPU,SavvyLong (2X) Shopify ETF,$2.38 M,SHPU.TO
PINV,Purpose Global Innovators Fund ETF,$2.38 M,PINV.TO
BYLD,Manulife Smart Enhanced Yield Bond ETF,$2.38 M,BYLD.NE
GSDB,Guardian Short Duration Bond Fund ETF units,$2.37 M,GSDB.TO
ISIF,IA Clarington Strategic Income Fund ETF,$2.33 M,ISIF.TO
GBUL,Ninepoint Gold Bullion Fund,$2.33 M,GBUL.TO
CUDC.F,CIBC U.S. High Dividend Covered Call ETF,$2.33 M,CUDC-F.TO
ZMPU.U,BMO Market+ US Equity ETF,$1.68 M,ZMPU-U.NE
LEAD.U,Evolve Future Leadership Fund ETF,$1.67 M,LEAD-U.TO
ZWH.T,BMO US High Dividend Covered Call ETF,$2.30 M,ZWH-T.TO
ZWK.T,BMO Covered Call US Banks ETF,$2.24 M,ZWK-T.TO
LETH,Evolve Levered Ether ETF,$2.24 M,LETH.TO
MEDX,Global X Equal Weight Global Healthcare Index ETF,$2.23 M,MEDX.TO
QQQY.U,Evolve NASDAQ Technology Enhanced Yield Index Fund ETF,$1.61 M,QQQY-U.TO
ZWS.T,BMO US High Dividend Covered Call Hedged to CAD ETF,$2.22 M,ZWS-T.TO
CEQP,CI Equity+ Asset Allocation ETF,$2.18 M,CEQP.TO
CRED.U,CI Alternative Investment Grade Credit Fund,$1.56 M,CRED-U.TO
RIGE,Russell Investments Global Equity Pool ETF,$2.15 M,RIGE.TO
FMNA,Fidelity Market Neutral Alternative Fund,$2.12 M,FMNA.NE
MDEF,Mackenzie Defensive Tilt ETF,$2.12 M,MDEF.TO
BLCK,First Trust Indxx Innovative Transaction and Process ETF,$2.10 M,BLCK.TO
NXTG,First Trust Indxx NextG ETF (CA),$2.09 M,NXTG.TO
ZCDX.U,BMO Credit Stress Opportunities ETF,$1.50 M,ZCDX-U.TO
CCGP,Counterpoint Global CIBC Global Permanence ETF,$2.07 M,CCGP.TO
ZABS.U,BMO Asset-Backed Securities ETF,$1.50 M,ZABS-U.TO
ZWG.T,BMO Global High Dividend Covered Call ETF,$2.07 M,ZWG-T.TO
PHW,Purpose International Enhanced Equity Income Fund,$2.05 M,PHW.TO
SRSL,BetaPro -3x Russell 2000 Daily Leveraged Bear Alternative ETF,$2.03 M,SRSL.TO
NBUE,NBI U.S. Equity Fund - ETF Series,$2.03 M,NBUE.TO
RNVL,RBC Enhanced North American Value Fund,$2.03 M,RNVL.NE
PYF.B,Purpose Premium Yield Fund ETF,$2.02 M,PYF-B.TO
TOKN,Global X Tokenization Ecosystem Index ETF,$2.01 M,TOKN.TO
ETC.U,Evolve Cryptocurrencies ETF,$1.44 M,ETC-U.TO
ZHC,BMO Human Capital Factor US Equity ETF,$1.99 M,ZHC.NE
ZWE.T,BMO Europe High Dividend Covered Call Hedged to CAD ETF,$1.98 M,ZWE-T.TO
CTMA,CI Target 2028 Investment Grade Bond Fund ETF,$1.98 M,CTMA.TO
CTMB,CI Target 2029 Investment Grade Bond Fund ETF,$1.97 M,CTMB.TO
FAUS,Fidelity Advanced U.S. Equity Fund ETF,$1.97 M,FAUS.TO
EHE,CI Europe Hedged Equity Index ETF,$1.97 M,EHE.TO
CTMC,CI Target 2030 Investment Grade Bond Fund ETF,$1.97 M,CTMC.TO
TSHI,Ninepoint Tesla HighShares ETF,$1.97 M,TSHI.TO
RGQU,RBC Target 2032 Canadian Government Bond ETF,$1.96 M,RGQU.TO
CGRN.U,CI Global Sustainable Infrastructure Fund,$1.41 M,CGRN-U.TO
ETHO.U,Purpose Core Ether ETF,$1.41 M,ETHO-U.TO
DACU,Desjardins Active Canadian Bond Universe ETF Units,$1.94 M,DACU.TO
CFIN,Evolve Canadian Financials Yield Fund ETF,$1.94 M,CFIN.TO
SLSC,Sun Life Crescent Specialty Credit Private Pool ETF Series,$1.93 M,SLSC.TO
ZGDV,BMO Global Dividend Opportunities Fund Active ETF Series,$1.93 M,ZGDV.NE
CMAR.U,CI Marret Alternative Absolute Return Bond ETF,$1.39 M,CMAR-U.TO
RBND,Russell Investments Core Plus Fixed Income ETF,$1.90 M,RBND.TO
SOLL.U,Purpose Solana ETF,$1.36 M,SOLL-U.TO
CDLB.B,CI DoubleLine Total Return Bond US$ Fund ETF,$1.86 M,CDLB-B.TO
CCOU,SavvyLong (2X) Cameco ETF,$1.84 M,CCOU.TO
CUTE,Evolve Canadian Utilities Yield Fund ETF,$1.82 M,CUTE.TO
SCND,BetaPro -3x S&P/TSX 60 Daily Leveraged Bear Alternative ETF,$1.81 M,SCND.TO
NBUX,NBI U.S. Equity Index Fund - ETF Series,$1.81 M,NBUX.TO
FHG.F,First Trust AlphaDEX U.S. Industrials Sector Index ETF,$1.80 M,FHG-F.TO
BTCO.U,Purpose Core Bitcoin ETF,$1.30 M,BTCO-U.TO
BFIN.U,Brompton North American Financials Dividend ETF,$1.29 M,BFIN-U.TO
GGEP.F,Guardian Directed Equity Path ETF,$1.77 M,GGEP-F.TO
GASU,SavvyShort Geared Crude Oil ETF,$1.76 M,GASU.TO
RUSA,RBC U.S. Large-Cap Equity ETF,$1.73 M,RUSA.TO
ZMPU,BMO Market+ US Equity ETF,$1.70 M,ZMPU.NE
UMRT,Global X Equal Weight U.S. Groceries & Staples Index ETF,$1.69 M,UMRT.TO
SHPD,SavvyShort (-2X) Shopify ETF,$1.69 M,SHPD.TO
JPYS,Yield Shares (JPYS) Purpose ETF,$1.69 M,JPYS.NE
ZMPG,BMO Market+ Global Equity ETF,$1.68 M,ZMPG.NE
ZMPW,BMO Market+ All Country World Equity ETF,$1.68 M,ZMPW.NE
CDLB.U,CI DoubleLine Total Return Bond US$ Fund ETF,$1.21 M,CDLB-U.TO
FGSM,Fidelity Global Small-Mid Cap Equity Fund ETF,$1.67 M,FGSM.TO
ZMPU.F,BMO Market+ US Equity ETF,$1.66 M,ZMPU-F.NE
CSTB,CIBC Short-Term Income Fund,$1.19 M,CSTB.NE
BTCC.J,Purpose Bitcoin ETF,$1.63 M,BTCC-J.TO
ZMLG,BMO Market+ Low Volatility Global Equity ETF,$1.62 M,ZMLG.NE
CCLN,CIBC Clean Energy Index ETF,$1.59 M,CCLN.NE
FFAB,Fidelity Alternative Bond Fund ETF,$1.59 M,FFAB.TO
CARS.B,Evolve Automobile Innovation Index ETF,$1.58 M,CARS-B.TO
ZMPC,BMO Market+ Canadian Equity ETF,$1.57 M,ZMPC.NE
IIAE,CI S&P International Developed Dividend Aristocrats ESG Index ETF,$1.55 M,IIAE.TO
CSBG,CIBC Sustainable Balanced Growth Solution ETF,$1.55 M,CSBG.NE
CGRB.U,CI Global Green Bond Fund,$1.09 M,CGRB-U.TO
ZABS,BMO Asset-Backed Securities ETF,$1.50 M,ZABS.TO
ZABS.F,BMO Asset-Backed Securities ETF,$1.49 M,ZABS-F.TO
COIU,SavvyLong (2X) COIN ETF,$1.49 M,COIU.TO
XTOH,iShares Core S&P Total U.S. Stock Market Index ETF,$1.49 M,XTOH.TO
ZMPI,BMO Market+ International Equity Fund,$1.47 M,ZMPI.NE
ZCDX,BMO Credit Stress Opportunities ETF,$1.47 M,ZCDX.TO
QQCI.U,Invesco NASDAQ 100 Income Advantage ETF,$1.05 M,QQCI-U.TO
ATRB,AGF Total Return Bond Fund,$1.46 M,ATRB.NE
RGLE,RBC Global Large-Cap Equity Fund,$1.44 M,RGLE.NE
PLUS,Manulife Strategic Income Plus Fund,$1.43 M,PLUS.NE
SDVD,First Trust Vest SMID Rising Dividend Achievers Target Income ETF,$1.43 M,SDVD.NE
CUDV.B,CI U.S. Minimum Downside Volatility Index ETF,$1.41 M,CUDV-B.TO
TRSL,BetaPro 3x Russell 2000 Daily Leveraged Bull Alternative ETF,$1.41 M,TRSL.TO
TSLD,SavvyShort (-2X) TSLA ETF,$1.41 M,TSLD.TO
CMEY.U,CI Marret Alternative Enhanced Yield Fund ETF,$1.01 M,CMEY-U.TO
WHYP.U,Westcourt Hamilton Yield Portfolio ETF,"$994,000.00",WHYP-U.TO
MGEQ,Manulife Global Equity Class,$1.37 M,MGEQ.NE
ZWEN.T,BMO Covered Call Energy ETF,$1.36 M,ZWEN-T.TO
GRO,Franklin Growth ETF Portfolio,$1.36 M,GRO.TO
CAMO,Evolve Global Defense & Aerospace Index ETF,$1.35 M,CAMO.TO
FMAB,Fidelity Multi-Alt Balanced Fund ETF Series units,$1.34 M,FMAB.TO
IUAE,CI S&P US Dividend Aristocrats ESG Index ETF,$1.33 M,IUAE.TO
ITIN,IA Clarington Thematic Innovation Class ETF Series,$1.33 M,ITIN.TO
PFIG,PICTON Investment Grade Alternative Fund ETF,$1.32 M,PFIG.TO
NBCX,NBI Canadian Equity Index Fund - ETF Series,$1.28 M,NBCX.TO
CCUL,Counterpoint Global CIBC U.S. Large Cap Growth ETF,$1.28 M,CCUL.TO
ATDY,Purpose Couche-Tard (ATD) Yield Shares ETF,$1.27 M,ATDY.NE
GLDD,BetaPro Gold Bullion -2x Daily Bear ETF - CAD,$1.26 M,GLDD.TO
ZGRT,BMO Global REIT Fund Active ETF Series,$1.25 M,ZGRT.NE
IWEB,IA Wealth Enhanced Bond Pool Fund,$1.25 M,IWEB.TO
CCON,CIBC Conservative Portfolio ETF,$1.24 M,CCON.TO
NSDI.F,NBI SmartData International Equity Fund ETF Series Units,$1.22 M,NSDI-F.TO
CCUS,Counterpoint Global CIBC U.S. Small Cap Growth ETF,$1.22 M,CCUS.TO
XRP.U,Evolve XRP ETF,"$881,000.00",XRP-U.TO
NVDD,SavvyShort (-2X) NVDA ETF,$1.21 M,NVDD.TO
BIVC,Capstone Biblically Informed Canadian Equity Fund ETF,$1.20 M,BIVC.TO
CDLB,CI DoubleLine Total Return Bond US$ Fund ETF,$1.19 M,CDLB.TO
IBQT,iShares Equity + Bitcoin ETF Portfolio,$1.19 M,IBQT.TO
FGBL,Forstrong Global Balanced ETF,$1.18 M,FGBL.TO
RQUS,Russell Investments Multi-Factor US Equity Pool ETF,$1.15 M,RQUS.TO
CSUC,Ninepoint Constellation Software CoreShares ETF,$1.15 M,CSUC.TO
RUSA.U,RBC U.S. Large-Cap Equity ETF,"$829,000.00",RUSA-U.TO
SCNA,Starlight North American Equity Fund ETF,$1.14 M,SCNA.NE
NSDU.F,NBI SmartData U.S. Equity Fund ETF Series Units,$1.13 M,NSDU-F.TO
SOLX,CI Galaxy Solana ETF,$1.13 M,SOLX.TO
HIG.U,Brompton Global Healthcare Income & Growth ETF,"$813,000.00",HIG-U.TO
RQCA,Russell Investments Multi-Factor Canadian Equity Pool ETF,$1.12 M,RQCA.TO
IGET,CI Morningstar Global Energy Transition Index ETF,$1.12 M,IGET.TO
MIDB.B,Evolve Enhanced Yield Mid Term Bond Fund,$1.10 M,MIDB-B.TO
ZWA.T,BMO Covered Call Dow Jones Industrial Average Hedged to CAD ETF,$1.10 M,ZWA-T.TO
NINV,NBI Innovators Fund - ETF Series,$1.10 M,NINV.TO
IMFE,IA Clarington Global Multifactor Equity Fund ETF Series Units,$1.09 M,IMFE.TO
ZWHC.T,BMO Covered Call Health Care ETF,$1.08 M,ZWHC-T.TO
GCEI,Guardian Canadian Equity Income Fund ETF,$1.08 M,GCEI.TO
CSMD,CI U.S. Small/Mid Cap Equity Private Pool ETF,$1.08 M,CSMD.TO
NBIE.F,NBI International Equity Fund ETF Series Units,$1.08 M,NBIE-F.TO
NINV.F,NBI Innovators Fund - ETF Series,$1.07 M,NINV-F.TO
NBIV,NBI International Value Fund - ETF Series,$1.07 M,NBIV.TO
NUSA.F,NBI Active U.S. Equity ETF,$1.07 M,NUSA-F.TO
NBIX,NBI International Equity Index Fund - ETF Series,$1.06 M,NBIX.TO
NBIE,NBI International Equity Fund ETF Series Units,$1.06 M,NBIE.TO
NBGE.F,NBI Global Equity Fund ETF Series Units,$1.06 M,NBGE-F.TO
RQIN,Russell Investments Multi-Factor International Equity Pool ETF,$1.06 M,RQIN.TO
IGET.F,CI Morningstar Global Energy Transition Index ETF,$1.05 M,IGET-F.TO
QQCI.F,Invesco NASDAQ 100 Income Advantage ETF,$1.04 M,QQCI-F.TO
NMGR,NBI Meritage Tactical ETF Growth Portfolio - ETF Series,$1.04 M,NMGR.TO
RUDL,RBC Enhanced Quant U.S. Dividend Leaders Fund,$1.04 M,RUDL.NE
SCGG,Starlight Global Growth Fund ETF,$1.04 M,SCGG.NE
NBEM,NBI Diversified Emerging Markets Equity Fund - ETF Series,$1.03 M,NBEM.TO
NMBL,NBI Meritage Tactical ETF Balanced Portfolio - ETF Series,$1.03 M,NMBL.TO
CGDI,CI Global Dividend Private Pool ETF,$1.02 M,CGDI.TO
NMMO,NBI Meritage Tactical ETF Moderate Portfolio - ETF Series,$1.02 M,NMMO.TO
RCDL,RBC Enhanced Quant Canadian Dividend Leaders Fund,$1.01 M,RCDL.NE
NBSC,NBI Global Small Cap Fund - ETF Series,$1.01 M,NBSC.TO
GFGE,Guardian Fundamental Global Equity Fund ETF,$1.01 M,GFGE.TO
CUIG,CI U.S. Monthly Income Private Pool ETF,$1.01 M,CUIG.TO
NBSC.F,NBI Global Small Cap Fund - ETF Series,$1.01 M,NBSC-F.NE
PRP,Purpose Conservative Income Fund ETF,$1.01 M,PRP.TO
TBCK,TD Target 2031 Investment Grade Bond Fund ETF Series Units,"$997,000.00",TBCK.TO
NEQT,NBI Equity ETF Portfolio,"$998,000.00",NEQT.TO
IIME,IA Clarington International Multifactor Equity Fund ETF,"$999,000.00",IIME.TO
RHYB,RBC High Yield Bond Fund,"$996,000.00",RHYB.NE
BIVU,Capstone Biblically Informed U.S. Equity Fund ETF,"$996,000.00",BIVU.TO
SBUL,Ninepoint Silver Bullion Fund,"$995,000.00",SBUL.TO
NGRW,NBI Growth ETF Portfolio,"$994,000.00",NGRW.TO
TSTB,TD Short Term Bond Fund ETF,"$992,000.00",TSTB.TO
NBLD,NBI Balanced ETF Portfolio,"$989,000.00",NBLD.TO
RGCB,RBC Global Corporate Bond Fund - ETF Series,"$987,000.00",RGCB.NE
CPIF,Caldwell Lazard CorePlus Infrastructure Fund ETF,"$982,000.00",CPIF.NE
REMB,RBC Emerging Markets Bond Fund - ETF Series,"$983,000.00",REMB.NE
NCNS,NBI Conservative ETF Portfolio,"$982,000.00",NCNS.TO
TECY,Evolve NASDAQ Technology UltraYield ETF,"$978,000.00",TECY.TO
EHE.B,CI Europe Hedged Equity Index ETF,"$975,000.00",EHE-B.TO
MLRG,Madison US Large Cap ETF,"$966,000.00",MLRG.TO
RUQU,RBC Target 2032 U.S. Corporate Bond ETF,"$964,000.00",RUQU.TO
MMID,Madison US Mid Cap ETF,"$957,000.00",MMID.TO
NBQC,NBI Quebec Growth Fund - ETF Series,"$949,000.00",NBQC.TO
NBUE.F,NBI U.S. Equity Fund - ETF Series,"$946,000.00",NBUE-F.TO
IFRF,IA Clarington Loomis Floating Rate Income Fund,"$946,000.00",IFRF.TO
EDGE.U,Evolve Innovation Index Fund ETF,"$677,000.00",EDGE-U.TO
RCTR,First Trust Bloomberg Nuclear Power ETF (CA),"$922,000.00",RCTR.TO
GGEP,Guardian Directed Equity Path ETF,"$904,000.00",GGEP.TO
CARS.U,Evolve Automobile Innovation Index ETF,"$648,000.00",CARS-U.TO
CMCX.U,CI Galaxy Multi-Crypto Navigator ETF,"$633,000.00",CMCX-U.TO
CCCX.U,CI Galaxy Core Multi-Crypto ETF,"$617,000.00",CCCX-U.TO
ZWGD.T,BMO Covered Call Spread Gold Bullion ETF,"$838,000.00",ZWGD-T.TO
FDN.F,First Trust Dow Jones Internet ETF,"$833,000.00",FDN-F.TO
CMCX,CI Galaxy Multi-Crypto Navigator ETF,"$826,000.00",CMCX.TO
LETH.U,Evolve Levered Ether ETF,"$579,000.00",LETH-U.TO
SOLA.U,Evolve Solana ETF,"$557,000.00",SOLA-U.TO
CCCX,CI Galaxy Core Multi-Crypto ETF,"$752,000.00",CCCX.TO
DANC.U,Desjardins Alt Long/Short Equity Market Neutral ETF,"$544,000.00",DANC-U.TO
DXU.U,Dynamic Active U.S. Dividend ETF,"$535,000.00",DXU-U.TO
MIDB.U,Evolve Enhanced Yield Mid Term Bond Fund,"$435,000.00",MIDB-U.TO
NBAL,Ninepoint Capital Appreciation Fund,"$579,000.00",NBAL.TO
LBIT.U,Evolve Levered Bitcoin ETF,"$406,000.00",LBIT-U.TO
PZW.U,CI Invesco RAFI Global Small-Mid ETF,"$349,000.00",PZW-U.TO
COID,SavvyShort (-2X) COIN ETF,"$480,000.00",COID.TO
QQJR.F,CI Invesco NASDAQ Next Gen 100 Index ETF,"$254,000.00",QQJR-F.TO
INCM,Accelerate Diversified Credit Income Fund,"$1,000.00",INCM.TO
IVEG,Invesco EQV European Equity Class,-,IVEG.NE
BGC,Bristol Gate Concentrated Canadian Equity ETF,-,BGC.TO
CSBA,CIBC Sustainable Balanced Solution ETF,-,CSBA.NE
IVIG,Invesco EQV International Equity Class,-,IVIG.NE
IVCP,Invesco EQV Canadian Premier Equity Class,-,IVCP.NE
CLSA,Brompton Split Corp. Class A Share ETF,-,CLSA.TO
ITAB,Invesco Unconstrained Bond Fund,-,ITAB.NE
ITGD,Invesco Global Dividend Class,-,ITGD.NE
IVGG,Invesco Global Class,-,IVGG.NE
ZIC.U,BMO Mid-Term US IG Corporate Bond Index ETF,-,ZIC-U.TO
ITEP.U,Invesco EQV European Equity Fund,-,ITEP-U.NE
SPFD,Mulvihill Enhanced Split Preferred Share ETF - USD,-,SPFD.TO
IVIP,Invesco Emerging Markets Fund,-,IVIP.NE
ITGS.U,Invesco Global Opportunities Class,-,ITGS-U.NE
ITHY,Invesco Global High Yield Bond Fund,-,ITHY.NE
IVGR,Invesco Global Real Estate Fund,-,IVGR.NE
TBCJ,TD Target 2030 Investment Grade Bond ETF,-,TBCJ.TO
ITGE.U,Invesco Global Focus Class,-,ITGE-U.NE
PBY,Lysander-Canso Credit Income ActivETF,-,PBY.TO
ITTF,Invesco Global Companies Fund,-,ITTF.NE
IVIG.U,Invesco EQV International Equity Class,-,IVIG-U.NE
ATAP,AGF Global Sustainable Growth Equity ETF,-,ATAP.NE
ITEP,Invesco EQV European Equity Fund,-,ITEP.NE
TPU.U,TD U.S. Equity Index ETF,-,TPU-U.TO
IVEG.U,Invesco EQV European Equity Class,-,IVEG-U.NE
ITFR,Invesco Floating Rate Income Fund,-,ITFR.NE
TQSM.U,TD Q U.S. Small-Mid-Cap Equity ETF,-,TQSM-U.TO
IVIP.U,Invesco Emerging Markets Fund,-,IVIP-U.NE
TDU,SavvyLong 2X TDB (TD) Equity-Linked ETF,-,TDU.TO
IVGR.U,Invesco Global Real Estate Fund,-,IVGR-U.NE
IVESG,Invesco S&P 500 ESG Index ETF Fund,-,IVESG.NE
ITCB,Invesco Canadian Core Plus Bond Fund,-,ITCB.NE
ITTF.U,Invesco Global Companies Fund,-,ITTF-U.NE
IQQQJ,Invesco NASDAQ Next Gen 100 Index ETF Fund,-,IQQQJ.NE
UDA,Caldwell U.S. Dividend Advantage Fund ETF,-,UDA.TO
TUSD.U,TD U.S. Cash Management ETF,-,TUSD-U.TO
IESGC,Invesco S&P/TSX Composite ESG Index ETF Class,-,IESGC.NE
MSTU,SavvyLong (2X) MSTR ETF,-,MSTU.TO
ITEM,Invesco Emerging Markets Class,-,ITEM.NE
IQQQM,Invesco NASDAQ 100 Index ETF Fund,-,IQQQM.NE
ITUS,Invesco Main Street U.S. Small Cap Class,-,ITUS.NE
ITGDI,Invesco Global Diversified Income Fund,-,ITGDI.NE
UDIV.U,Manulife Smart US Dividend ETF,-,UDIV-U.TO
ITGE,Invesco Global Focus Class,-,ITGE.NE
ITGS,Invesco Global Opportunities Class,-,ITGS.NE
ITUC,Invesco U.S. Companies Class,-,ITUC.NE
IVGBF,Invesco Global Bond Fund,-,IVGBF.NE
TPUT,Corton Theta Alpha Fund ETF Units,-,TPUT.TO
HYBR,Global X Active Hybrid Bond and Preferred Share ETF,-,HYBR.TO
IVGG.U,Invesco Global Class,-,IVGG-U.NE
PMIF,PIMCO Monthly Income Fund (Canada) ETF,-,PMIF.TO
ITIC,Invesco International Companies Class,-,ITIC.NE
MUSA,Middlefield U.S. Equity Dividend ETF,-,MUSA.TO
IGCF,PIMCO Investment Grade Credit Fund (Canada) ETF,-,IGCF.TO
COIL,All-Canadian Oil & Gas ETF,-,COIL.TO
TGAF,Tralucent Global Alt (Long/Short) Equity Fund,-,TGAF.TO
CSCE,CIBC Sustainable Canadian Equity Fund ETF,-,CSCE.NE
ITFE,Invesco Global Select Equity Class,-,ITFE.NE
DAMG.U,Desjardins Alt Long/Short Global Equity Markets ETF,-,DAMG-U.TO
ITCD,Invesco Canadian Plus Dividend Class,-,ITCD.NE
TERP,TRU.X Exogenous Risk Pool ETF,-,TERP.TO
ITOP,Invesco Pure Canadian Equity Class,-,ITOP.NE
ITCE,Invesco Pure Canadian Equity Fund,-,ITCE.NE
LYUV.U,Lysander-Canso U.S. Corporate Value Bond Fund ETF Series units,-,LYUV-U.TO
TEQT,TD All-Equity ETF Portfolio,-,TEQT.TO
PFAA,PICTON Multi-Strategy Alpha Alternative Fund ETF,-,PFAA.TO
VI,Vanguard FTSE Developed All Cap ex North America Index ETF,-,VI.TO
ITEM.U,Invesco Emerging Markets Class,-,ITEM-U.NE
IVGBE,Invesco Global Balanced ESG ETF Fund,-,IVGBE.NE
ITUS.U,Invesco Main Street U.S. Small Cap Class,-,ITUS-U.NE
IVGSB,Invesco Global Select Balanced Fund,-,IVGSB.NE
ITUC.U,Invesco U.S. Companies Class,-,ITUC-U.NE
CSCB,CIBC Sustainable Conservative Balanced Solution ETF,-,CSCB.NE
ITGO,Invesco Global Balanced Class,-,ITGO.NE
CSGE,CIBC Sustainable Global Equity Fund ETF,-,CSGE.NE
ITDY,Invesco Diversified Yield Class,-,ITDY.NE
CSCP,CIBC Sustainable Canadian Core Plus Bond Fund ETF,-,CSCP.NE