etf_ticker,etf_exchange,etf_name,provider,holding_ticker,holding_name,weight_pct,data_as_of,source,coverage,ticker_source,fetched_at,status
QCD,TSX,AGFiQ Enhanced Core Canadian Equity ETF,AGFiQ,,,,,,terminated,,2026-09-19 17:30 UTC,terminated
QUS,TSX,AGFiQ Enhanced Core US Equity ETF,AGFiQ,,,,,,terminated,,2026-09-19 17:30 UTC,terminated
QIE,TSX,AGFiQ Enhanced Core International Equity ETF,AGFiQ,,,,,,no_adapter,,2026-09-19 17:30 UTC,no_adapter [AGFiQ]
QEM,TSX,AGFiQ Enhanced Core Emerging Markets Equity ETF,AGFiQ,,,,,,no_adapter,,2026-09-19 17:30 UTC,no_adapter [AGFiQ]
QIF,TSX,AGFiQ Enhanced Global Infrastructure ETF,AGFiQ,,,,,,no_adapter,,2026-09-19 17:30 UTC,no_adapter [AGFiQ]
QEF,TSX,AGFiQ Enhanced Global ESG Factors ETF,AGFiQ,,,,,,no_adapter,,2026-09-19 17:30 UTC,no_adapter [AGFiQ]
QGL,TSX,AGFiQ Global Equity Rotation ETF,AGFiQ,,,,,,no_adapter,,2026-09-19 17:30 UTC,no_adapter [AGFiQ]
QMA,TSX,AGFiQ MultiAsset Allocation ETF,AGFiQ,,,,,,no_adapter,,2026-09-19 17:30 UTC,no_adapter [AGFiQ]
QMY,TSX,AGFiQ MultiAsset Income Allocation ETF,AGFiQ,,,,,,no_adapter,,2026-09-19 17:30 UTC,no_adapter [AGFiQ]
XIU,TSX,iShares S&P/TSX 60 Index ETF,BlackRock Inc,,,,,,no_adapter,,2026-09-19 17:30 UTC,no_adapter [BlackRock Inc]
XIC,TSX,iShares S&P/TSX Capped Composite Index ETF,BlackRock Inc,,,,,,no_adapter,,2026-09-19 17:30 UTC,no_adapter [BlackRock Inc]
XMD,TSX,iShares S&P/TSX MidCap Index ETF,BlackRock Inc,,,,,,no_adapter,,2026-09-19 17:30 UTC,no_adapter [BlackRock Inc]
XCS,TSX,iShares S&P/TSX SmallCap Index ETF,BlackRock Inc,,,,,,no_adapter,,2026-09-19 17:30 UTC,no_adapter [BlackRock Inc]
XEF,TSX,iShares Core MSCI EAFE IMI Index ETF,BlackRock Inc,,,,,,no_adapter,,2026-09-19 17:30 UTC,no_adapter [BlackRock Inc]
XEG,TSX,iShares S&P/TSX Capped Energy Index ETF,BlackRock Inc,,,,,,no_adapter,,2026-09-19 17:30 UTC,no_adapter [BlackRock Inc]
XIT,TSX,iShares S&P/TSX Capped Information Technology Index ETF,BlackRock Inc,,,,,,no_adapter,,2026-09-19 17:30 UTC,no_adapter [BlackRock Inc]
XGD,TSX,iShares S&P/TSX Capped Gold Index ETF,BlackRock Inc,,,,,,no_adapter,,2026-09-19 17:30 UTC,no_adapter [BlackRock Inc]
XFN,TSX,iShares S&P/TSX Capped Financials Index ETF,BlackRock Inc,,,,,,no_adapter,,2026-09-19 17:30 UTC,no_adapter [BlackRock Inc]
XMA,TSX,iShares S&P/TSX Capped Materials Index ETF,BlackRock Inc,,,,,,no_adapter,,2026-09-19 17:30 UTC,no_adapter [BlackRock Inc]
XRE,TSX,iShares S&P/TSX Capped REIT Index ETF,BlackRock Inc,,,,,,no_adapter,,2026-09-19 17:30 UTC,no_adapter [BlackRock Inc]
XTR,TSX,iShares S&P/TSX Income Trust Index ETF,BlackRock Inc,,,,,,no_adapter,,2026-09-19 17:30 UTC,no_adapter [BlackRock Inc]
XDV,TSX,iShares Dow Jones Canada Select Dividend Index ETF,BlackRock Inc,,,,,,no_adapter,,2026-09-19 17:30 UTC,no_adapter [BlackRock Inc]
XCG,TSX,iShares Dow Jones Canada Select Growth Index ETF,BlackRock Inc,,,,,,no_adapter,,2026-09-19 17:30 UTC,no_adapter [BlackRock Inc]
XCV,TSX,iShares Dow Jones Canada Select Value Index ETF,BlackRock Inc,,,,,,no_adapter,,2026-09-19 17:30 UTC,no_adapter [BlackRock Inc]
XEN,TSX,iShares Jantzi Social Index ETF,BlackRock Inc,,,,,,no_adapter,,2026-09-19 17:30 UTC,no_adapter [BlackRock Inc]
XSB,TSX,iShares Core Canadian Short Term Bond Index ETF,BlackRock Inc,,,,,,no_adapter,,2026-09-19 17:30 UTC,no_adapter [BlackRock Inc]
XBB,TSX,iShares Core Canadian Universe Bond Index ETF,BlackRock Inc,,,,,,no_adapter,,2026-09-19 17:30 UTC,no_adapter [BlackRock Inc]
XRB,TSX,iShares Canadian Real Return Bond Index ETF,BlackRock Inc,,,,,,no_adapter,,2026-09-19 17:30 UTC,no_adapter [BlackRock Inc]
XCB,TSX,iShares Canadian Corporate Bond Index ETF,BlackRock Inc,,,,,,no_adapter,,2026-09-19 17:30 UTC,no_adapter [BlackRock Inc]
XGB,TSX,iShares Canadian Government Bond Index ETF,BlackRock Inc,,,,,,no_adapter,,2026-09-19 17:30 UTC,no_adapter [BlackRock Inc]
XLB,TSX,iShares Core Canadian Long Term Bond Index ETF,BlackRock Inc,,,,,,no_adapter,,2026-09-19 17:30 UTC,no_adapter [BlackRock Inc]
XSP,TSX,iShares Core S&P 500 Index ETF ( CAD-hedged ),BlackRock Inc,,,,,,no_adapter,,2026-09-19 17:30 UTC,no_adapter [BlackRock Inc]
XUS,TSX,iShares Core S&P 500 Index ETF,BlackRock Inc,,,,,,no_adapter,,2026-09-19 17:30 UTC,no_adapter [BlackRock Inc]
XSU,TSX,iShares Russell 2000 Index ETF (CAD-hedged),BlackRock Inc,,,,,,no_adapter,,2026-09-19 17:30 UTC,no_adapter [BlackRock Inc]
XIN,TSX,iShares MSCI EAFE Index ETF (CAD-hedged),BlackRock Inc,,,,,,no_adapter,,2026-09-19 17:30 UTC,no_adapter [BlackRock Inc]
XEM,TSX,iShares MSCI Emerging Markets Index ETF,BlackRock Inc,,,,,,no_adapter,,2026-09-19 17:30 UTC,no_adapter [BlackRock Inc]
XWD,TSX,iShares MSCI World Index ETF,BlackRock Inc,,,,,,no_adapter,,2026-09-19 17:30 UTC,no_adapter [BlackRock Inc]
XQQ,TSX,iShares Nasdaq 100 Index ETF,BlackRock Inc,,,,,,no_adapter,,2026-09-19 17:30 UTC,no_adapter [BlackRock Inc]
XCHP,TSX,iShares Semiconductor Index ETF,BlackRock Inc,,,,,,no_adapter,,2026-09-19 17:30 UTC,no_adapter [BlackRock Inc]
ZCN,TSX,BMO TSX Capped Composite ETF,BMO Asset Management,,,,,,no_adapter,,2026-09-19 17:30 UTC,no_adapter [BMO Asset Management]
ZCLN,TSX,BMO Clean Energy Index ETF,BMO Asset Management,,,,,,no_adapter,,2026-09-19 17:30 UTC,no_adapter [BMO Asset Management]
ZDJ,TSX,BMO Dow Jones Industrial Average Hedged to CAD Index ETF,BMO Asset Management,,,,,,no_adapter,,2026-09-19 17:30 UTC,no_adapter [BMO Asset Management]
ZUE,TSX,BMO US Equity Hedged to CAD Index ETF,BMO Asset Management,,,,,,no_adapter,,2026-09-19 17:30 UTC,no_adapter [BMO Asset Management]
ZDM,TSX,BMO International Equity Hedged to CAD Index ETF,BMO Asset Management,,,,,,no_adapter,,2026-09-19 17:30 UTC,no_adapter [BMO Asset Management]
ZEM,TSX,BMO Emerging Markets Equity Index ETF,BMO Asset Management,,,,,,no_adapter,,2026-09-19 17:30 UTC,no_adapter [BMO Asset Management]
ZCH,TSX,BMO China Equity Hedged to CAD Index ETF,BMO Asset Management,,,,,,no_adapter,,2026-09-19 17:30 UTC,no_adapter [BMO Asset Management]
ZID,TSX,BMO India Equity Hedged to CAD Index ETF,BMO Asset Management,,,,,,no_adapter,,2026-09-19 17:30 UTC,no_adapter [BMO Asset Management]
ZEB,TSX,BMO S&P/TSX Equal Weight Banks Index ETF,BMO Asset Management,,,,,,no_adapter,,2026-09-19 17:30 UTC,no_adapter [BMO Asset Management]
ZEO,TSX,BMO S&P/TSX Equal Weight Oil & Gas Index ETF,BMO Asset Management,,,,,,no_adapter,,2026-09-19 17:30 UTC,no_adapter [BMO Asset Management]
ZUT,TSX,BMO Equal Weight Utilities Index ETF,BMO Asset Management,,,,,,no_adapter,,2026-09-19 17:30 UTC,no_adapter [BMO Asset Management]
ZRE,TSX,BMO Equal Weight REITs Index ETF,BMO Asset Management,,,,,,no_adapter,,2026-09-19 17:30 UTC,no_adapter [BMO Asset Management]
ZQQ,TSX,BMO NASDAQ 100 Equity Hedged to CAD Index ETF,BMO Asset Management,,,,,,no_adapter,,2026-09-19 17:30 UTC,no_adapter [BMO Asset Management]
ZUH,TSX,BMO Equal Weight U.S. Health Care Hedged to CAD Index ETF,BMO Asset Management,,,,,,no_adapter,,2026-09-19 17:30 UTC,no_adapter [BMO Asset Management]
ZUB,TSX,BMO Equal Weight U.S. Banks Hedged to CAD Index ETF,BMO Asset Management,,,,,,no_adapter,,2026-09-19 17:31 UTC,no_adapter [BMO Asset Management]
ZGI,TSX,BMO Global Infrastructure Index ETF,BMO Asset Management,,,,,,no_adapter,,2026-09-19 17:31 UTC,no_adapter [BMO Asset Management]
ZMT,TSX,BMO S&P/TSX Equal Weight Global Base Metals Hedged to CAD Index ETF,BMO Asset Management,,,,,,no_adapter,,2026-09-19 17:31 UTC,no_adapter [BMO Asset Management]
ZJG,TSX,BMO Junior Gold Index ETF,BMO Asset Management,,,,,,no_adapter,,2026-09-19 17:31 UTC,no_adapter [BMO Asset Management]
ZJO,TSX,BMO Junior Oil Index ETF,BMO Asset Management,,,,,,no_adapter,,2026-09-19 17:31 UTC,no_adapter [BMO Asset Management]
ZJN,TSX,BMO Junior Gas Index ETF,BMO Asset Management,,,,,,no_adapter,,2026-09-19 17:31 UTC,no_adapter [BMO Asset Management]
ZAG,TSX,BMO Aggregate Bond Index ETF,BMO Asset Management,,,,,,no_adapter,,2026-09-19 17:31 UTC,no_adapter [BMO Asset Management]
ZFS,TSX,BMO Short Federal Bond Index ETF,BMO Asset Management,,,,,,no_adapter,,2026-09-19 17:31 UTC,no_adapter [BMO Asset Management]
ZFM,TSX,BMO Mid Federal Bond Index ETF,BMO Asset Management,,,,,,no_adapter,,2026-09-19 17:31 UTC,no_adapter [BMO Asset Management]
ZFL,TSX,BMO Long Federal Bond Index ETF,BMO Asset Management,,,,,,no_adapter,,2026-09-19 17:31 UTC,no_adapter [BMO Asset Management]
ZRR,TSX,BMO Real Return Bond Index ETF,BMO Asset Management,,,,,,no_adapter,,2026-09-19 17:31 UTC,no_adapter [BMO Asset Management]
ZPS,TSX,BMO Short Provincial Bond Index ETF,BMO Asset Management,,,,,,no_adapter,,2026-09-19 17:31 UTC,no_adapter [BMO Asset Management]
ZCS,TSX,BMO Short Corporate Bond Index ETF,BMO Asset Management,,,,,,no_adapter,,2026-09-19 17:31 UTC,no_adapter [BMO Asset Management]
ZCM,TSX,BMO Mid Corporate Bond Index ETF,BMO Asset Management,,,,,,no_adapter,,2026-09-19 17:31 UTC,no_adapter [BMO Asset Management]
ZLC,TSX,BMO Long Corporate Bond Index ETF,BMO Asset Management,,,,,,no_adapter,,2026-09-19 17:31 UTC,no_adapter [BMO Asset Management]
ZHY,TSX,BMO High Yield US Corporate Bond Hedged to CAD Index ETF,BMO Asset Management,,,,,,no_adapter,,2026-09-19 17:31 UTC,no_adapter [BMO Asset Management]
ZEF,TSX,BMO Emerging Markets Bond Hedged to CAD Index ETF,BMO Asset Management,,,,,,no_adapter,,2026-09-19 17:31 UTC,no_adapter [BMO Asset Management]
ZDV,TSX,BMO Canadian Dividend ETF,BMO Asset Management,,,,,,no_adapter,,2026-09-19 17:31 UTC,no_adapter [BMO Asset Management]
ZPR,TSX,BMO S&P/TSX Laddered Preferred Share Index ETF,BMO Asset Management,,,,,,no_adapter,,2026-09-19 17:31 UTC,no_adapter [BMO Asset Management]
ZWC,TSX,BMO Canada High Dividend Covered Call,BMO Asset Management,,,,,,no_adapter,,2026-09-19 17:31 UTC,no_adapter [BMO Asset Management]
ZWE,TSX,BMO Europe High Dividend Covered Call Hedged to CAD ETF,BMO Asset Management,,,,,,no_adapter,,2026-09-19 17:31 UTC,no_adapter [BMO Asset Management]
ZGD,TSX,BMO S&P/TSX Equal Weight Global Gold Index ETF,BMO Asset Management,,,,,,no_adapter,,2026-09-19 17:31 UTC,no_adapter [BMO Asset Management]
ZSP,TSX,BMO S&P 500 Index ETF,BMO Asset Management,,,,,,no_adapter,,2026-09-19 17:31 UTC,no_adapter [BMO Asset Management]
ZDY,TSX,BMO US Dividend ETF,BMO Asset Management,,,,,,no_adapter,,2026-09-19 17:31 UTC,no_adapter [BMO Asset Management]
BANK,TSX,Evolve Canadian Banks and Lifecos Enhanced Yield Index Fund,Evolve ETFs,,,,,,no_adapter,,2026-09-19 17:31 UTC,no_adapter [Evolve ETFs]
UTES,TSX,Evolve Canadian Utilities Enhanced Yield Index Fund,Evolve ETFs,,,,,,no_adapter,,2026-09-19 17:31 UTC,no_adapter [Evolve ETFs]
OILY,TSX,Evolve Canadian Energy Enhanced Yield Index Fund,Evolve ETFs,,,,,,no_adapter,,2026-09-19 17:31 UTC,no_adapter [Evolve ETFs]
BIGY,TSX,Evolve US Equity UltraYield ETF,Evolve ETFs,,,,,,no_adapter,,2026-09-19 17:31 UTC,no_adapter [Evolve ETFs]
CANY,TSX,Evolve Canadian Equity UltraYield ETF,Evolve ETFs,,,,,,no_adapter,,2026-09-19 17:31 UTC,no_adapter [Evolve ETFs]
SIXY,TSX,Evolve Big Six Canadian Banks UltraYield Index ETF,Evolve ETFs,,,,,,no_adapter,,2026-09-19 17:31 UTC,no_adapter [Evolve ETFs]
INTY,TSX,Evolve International Equity UltraYield ETF,Evolve ETFs,,,,,,no_adapter,,2026-09-19 17:31 UTC,no_adapter [Evolve ETFs]
EASY,TSX,Evolve All-in-One UltraYield ETF,Evolve ETFs,,,,,,no_adapter,,2026-09-19 17:31 UTC,no_adapter [Evolve ETFs]
ETSX,TSX,Evolve S&P/TSX 60 Enhanced Yield Fund,Evolve ETFs,,,,,,no_adapter,,2026-09-19 17:31 UTC,no_adapter [Evolve ETFs]
ESPX,TSX,Evolve S&P 500 Enhanced Yield Fund,Evolve ETFs,,,,,,no_adapter,,2026-09-19 17:31 UTC,no_adapter [Evolve ETFs]
QQQY,TSX,Evolve NASDAQ Technology Enhanced Yield Index Fund,Evolve ETFs,,,,,,no_adapter,,2026-09-19 17:31 UTC,no_adapter [Evolve ETFs]
LIFE,TSX,Evolve Global Healthcare Enhanced Yield Fund,Evolve ETFs,,,,,,no_adapter,,2026-09-19 17:31 UTC,no_adapter [Evolve ETFs]
CALL,TSX,Evolve US Banks Enhanced Yield Fund,Evolve ETFs,,,,,,no_adapter,,2026-09-19 17:31 UTC,no_adapter [Evolve ETFs]
EBNK,TSX,Evolve European Banks Enhanced Yield ETF,Evolve ETFs,,,,,,no_adapter,,2026-09-19 17:31 UTC,no_adapter [Evolve ETFs]
BASE,TSX,Evolve Global Materials & Mining Enhanced Yield Index ETF,Evolve ETFs,,,,,,no_adapter,,2026-09-19 17:31 UTC,no_adapter [Evolve ETFs]
LEAD,TSX,Evolve Future Leadership Fund,Evolve ETFs,,,,,,no_adapter,,2026-09-19 17:31 UTC,no_adapter [Evolve ETFs]
BOND,TSX,Evolve Enhanced Yield Bond Fund,Evolve ETFs,,,,,,no_adapter,,2026-09-19 17:31 UTC,no_adapter [Evolve ETFs]
AGG,TSX,Evolve Canadian Aggregate Bond Enhanced Yield Fund,Evolve ETFs,,,,,,no_adapter,,2026-09-19 17:31 UTC,no_adapter [Evolve ETFs]
MIDB,TSX,Evolve Enhanced Yield Mid Term Bond Fund,Evolve ETFs,,,,,,no_adapter,,2026-09-19 17:31 UTC,no_adapter [Evolve ETFs]
HISU.U,TSX,US High Interest Savings Account Fund,Evolve ETFs,,,,,,no_adapter,,2026-09-19 17:31 UTC,no_adapter [Evolve ETFs]
MCAD,TSX,Premium Cash Management Fund,Evolve ETFs,,,,,,no_adapter,,2026-09-19 17:31 UTC,no_adapter [Evolve ETFs]
MUSD.U,TSX,US Premium Cash Management Fund,Evolve ETFs,,,,,,no_adapter,,2026-09-19 17:31 UTC,no_adapter [Evolve ETFs]
QQQT,TSX,Evolve NASDAQ Technology Index Fund,Evolve ETFs,,,,,,no_adapter,,2026-09-19 17:31 UTC,no_adapter [Evolve ETFs]
TECH,TSX,Evolve FANGMA Index ETF,Evolve ETFs,,,,,,no_adapter,,2026-09-19 17:31 UTC,no_adapter [Evolve ETFs]
CYBR,TSX,Evolve Cyber Security Index Fund,Evolve ETFs,,,,,,no_adapter,,2026-09-19 17:31 UTC,no_adapter [Evolve ETFs]
HERO,TSX,Evolve E-Gaming Index ETF,Evolve ETFs,,,,,,no_adapter,,2026-09-19 17:31 UTC,no_adapter [Evolve ETFs]
ARTI,TSX,Evolve Artificial Intelligence Fund,Evolve ETFs,,,,,,no_adapter,,2026-09-19 17:31 UTC,no_adapter [Evolve ETFs]
EDGE,TSX,Evolve Innovation Index Fund,Evolve ETFs,,,,,,no_adapter,,2026-09-19 17:31 UTC,no_adapter [Evolve ETFs]
CARS,TSX,Evolve Automobile Innovation Index Fund,Evolve ETFs,,,,,,no_adapter,,2026-09-19 17:31 UTC,no_adapter [Evolve ETFs]
DATA,TSX,Evolve Cloud Computing Index Fund,Evolve ETFs,,,,,,no_adapter,,2026-09-19 17:31 UTC,no_adapter [Evolve ETFs]
EARN,TSX,Evolve Active Global Fixed Income Fund,Evolve ETFs,,,,,,no_adapter,,2026-09-19 17:31 UTC,no_adapter [Evolve ETFs]
DIVS,TSX,Evolve Active Canadian Preferred Share Fund,Evolve ETFs,,,,,,no_adapter,,2026-09-19 17:31 UTC,no_adapter [Evolve ETFs]
EBIT,TSX,Evolve Bitcoin ETF,Evolve ETFs,,,,,,no_adapter,,2026-09-19 17:31 UTC,no_adapter [Evolve ETFs]
ETHR,TSX,Evolve Ether ETF,Evolve ETFs,,,,,,no_adapter,,2026-09-19 17:31 UTC,no_adapter [Evolve ETFs]
XRP,TSX,Evolve XRP ETF,Evolve ETFs,,,,,,no_adapter,,2026-09-19 17:31 UTC,no_adapter [Evolve ETFs]
SOLA,TSX,Evolve Solana ETF,Evolve ETFs,,,,,,no_adapter,,2026-09-19 17:31 UTC,no_adapter [Evolve ETFs]
ETC,TSX,Evolve Cryptocurrencies ETF,Evolve ETFs,,,,,,no_adapter,,2026-09-19 17:31 UTC,no_adapter [Evolve ETFs]
LBIT,TSX,Evolve Levered Bitcoin ETF,Evolve ETFs,,,,,,no_adapter,,2026-09-19 17:31 UTC,no_adapter [Evolve ETFs]
LETH,TSX,Evolve Levered Ether ETF,Evolve ETFs,,,,,,no_adapter,,2026-09-19 17:31 UTC,no_adapter [Evolve ETFs]
HFG,TSX,Hamilton Global Financial ETF,Hamilton ETFs (Hamilton Capital Partners Inc.),PGR,Progressive Corp/The,3.3,"August 31, 2026",hamilton,top_10,issuer,2026-09-19 17:31 UTC,ok
HFG,TSX,Hamilton Global Financial ETF,Hamilton ETFs (Hamilton Capital Partners Inc.),SCHW,Charles Schwab Corp/The,3.3,"August 31, 2026",hamilton,top_10,issuer,2026-09-19 17:31 UTC,ok
HFG,TSX,Hamilton Global Financial ETF,Hamilton ETFs (Hamilton Capital Partners Inc.),ICE,Intercontinental Exchange Inc,3.3,"August 31, 2026",hamilton,top_10,issuer,2026-09-19 17:31 UTC,ok
HFG,TSX,Hamilton Global Financial ETF,Hamilton ETFs (Hamilton Capital Partners Inc.),MA,Mastercard Inc,3.1,"August 31, 2026",hamilton,top_10,issuer,2026-09-19 17:31 UTC,ok
HFG,TSX,Hamilton Global Financial ETF,Hamilton ETFs (Hamilton Capital Partners Inc.),V,Visa Inc,3.1,"August 31, 2026",hamilton,top_10,issuer,2026-09-19 17:31 UTC,ok
HFG,TSX,Hamilton Global Financial ETF,Hamilton ETFs (Hamilton Capital Partners Inc.),LSEG,London Stock Exchange Group PL,3.1,"August 31, 2026",hamilton,top_10,issuer,2026-09-19 17:31 UTC,ok
HFG,TSX,Hamilton Global Financial ETF,Hamilton ETFs (Hamilton Capital Partners Inc.),GFNORTEO,Grupo Financiero Banorte SAB d,3.0,"August 31, 2026",hamilton,top_10,issuer,2026-09-19 17:31 UTC,ok
HFG,TSX,Hamilton Global Financial ETF,Hamilton ETFs (Hamilton Capital Partners Inc.),EBS,Erste Group Bank AG,2.9,"August 31, 2026",hamilton,top_10,issuer,2026-09-19 17:31 UTC,ok
HFG,TSX,Hamilton Global Financial ETF,Hamilton ETFs (Hamilton Capital Partners Inc.),MRSH,Marsh & McLennan Cos Inc,2.7,"August 31, 2026",hamilton,top_10,issuer,2026-09-19 17:31 UTC,ok
HFG,TSX,Hamilton Global Financial ETF,Hamilton ETFs (Hamilton Capital Partners Inc.),ADM,Admiral Group PLC,2.4,"August 31, 2026",hamilton,top_10,issuer,2026-09-19 17:31 UTC,ok
HUM,TSX,Hamilton U.S. Mid/Small-Cap Financials ETF,Hamilton ETFs (Hamilton Capital Partners Inc.),LPLA,LPL Financial Holdings Inc,3.6,"September 17, 2026",hamilton,top_10,issuer,2026-09-19 17:31 UTC,ok
HUM,TSX,Hamilton U.S. Mid/Small-Cap Financials ETF,Hamilton ETFs (Hamilton Capital Partners Inc.),PNFP,Pinnacle Financial Partners In,3.4,"September 17, 2026",hamilton,top_10,issuer,2026-09-19 17:31 UTC,ok
HUM,TSX,Hamilton U.S. Mid/Small-Cap Financials ETF,Hamilton ETFs (Hamilton Capital Partners Inc.),SSB,SOUTHSTATE BANK CORP,3.1,"September 17, 2026",hamilton,top_10,issuer,2026-09-19 17:31 UTC,ok
HUM,TSX,Hamilton U.S. Mid/Small-Cap Financials ETF,Hamilton ETFs (Hamilton Capital Partners Inc.),UMBF,UMB Financial Corp,3.1,"September 17, 2026",hamilton,top_10,issuer,2026-09-19 17:31 UTC,ok
HUM,TSX,Hamilton U.S. Mid/Small-Cap Financials ETF,Hamilton ETFs (Hamilton Capital Partners Inc.),PLMR,Palomar Holdings Inc,3.0,"September 17, 2026",hamilton,top_10,issuer,2026-09-19 17:31 UTC,ok
HUM,TSX,Hamilton U.S. Mid/Small-Cap Financials ETF,Hamilton ETFs (Hamilton Capital Partners Inc.),RYAN,Ryan Specialty Holdings Inc,3.0,"September 17, 2026",hamilton,top_10,issuer,2026-09-19 17:31 UTC,ok
HUM,TSX,Hamilton U.S. Mid/Small-Cap Financials ETF,Hamilton ETFs (Hamilton Capital Partners Inc.),ONB,Old National Bancorp/IN,2.8,"September 17, 2026",hamilton,top_10,issuer,2026-09-19 17:31 UTC,ok
HUM,TSX,Hamilton U.S. Mid/Small-Cap Financials ETF,Hamilton ETFs (Hamilton Capital Partners Inc.),TPG,TPG Inc,2.5,"September 17, 2026",hamilton,top_10,issuer,2026-09-19 17:31 UTC,ok
HUM,TSX,Hamilton U.S. Mid/Small-Cap Financials ETF,Hamilton ETFs (Hamilton Capital Partners Inc.),BR,Broadridge Financial Solutions,2.5,"September 17, 2026",hamilton,top_10,issuer,2026-09-19 17:31 UTC,ok
HUM,TSX,Hamilton U.S. Mid/Small-Cap Financials ETF,Hamilton ETFs (Hamilton Capital Partners Inc.),HLI,Houlihan Lokey Inc,2.4,"September 17, 2026",hamilton,top_10,issuer,2026-09-19 17:31 UTC,ok
HCA,TSX,Hamilton Canadian Bank Mean Reversion Index ETF,Hamilton ETFs (Hamilton Capital Partners Inc.),BNS,Bank of Nova Scotia/The,28.3,"August 31, 2026",hamilton,complete,issuer,2026-09-19 17:31 UTC,ok
HCA,TSX,Hamilton Canadian Bank Mean Reversion Index ETF,Hamilton ETFs (Hamilton Capital Partners Inc.),CM,Canadian Imperial Bank of Comm,26.0,"August 31, 2026",hamilton,complete,issuer,2026-09-19 17:31 UTC,ok
HCA,TSX,Hamilton Canadian Bank Mean Reversion Index ETF,Hamilton ETFs (Hamilton Capital Partners Inc.),NA,National Bank of Canada,25.7,"August 31, 2026",hamilton,complete,issuer,2026-09-19 17:31 UTC,ok
HCA,TSX,Hamilton Canadian Bank Mean Reversion Index ETF,Hamilton ETFs (Hamilton Capital Partners Inc.),TD,Toronto-Dominion Bank/The,6.8,"August 31, 2026",hamilton,complete,issuer,2026-09-19 17:31 UTC,ok
HCA,TSX,Hamilton Canadian Bank Mean Reversion Index ETF,Hamilton ETFs (Hamilton Capital Partners Inc.),RY,Royal Bank of Canada,6.6,"August 31, 2026",hamilton,complete,issuer,2026-09-19 17:31 UTC,ok
HCA,TSX,Hamilton Canadian Bank Mean Reversion Index ETF,Hamilton ETFs (Hamilton Capital Partners Inc.),BMO,Bank of Montreal,6.5,"August 31, 2026",hamilton,complete,issuer,2026-09-19 17:31 UTC,ok
HCA,TSX,Hamilton Canadian Bank Mean Reversion Index ETF,Hamilton ETFs (Hamilton Capital Partners Inc.),,Cash and Other Assets/Liabilities,0.1,"August 31, 2026",hamilton,complete,n/a,2026-09-19 17:31 UTC,ok
HBA,TSX,Hamilton Australian Bank Equal-Weight Index ETF,Hamilton ETFs (Hamilton Capital Partners Inc.),MQG,Macquarie Group Ltd,25.7,"August 31, 2026",hamilton,complete,issuer,2026-09-19 17:31 UTC,ok
HBA,TSX,Hamilton Australian Bank Equal-Weight Index ETF,Hamilton ETFs (Hamilton Capital Partners Inc.),ANZ,ANZ Group Holdings Ltd,20.3,"August 31, 2026",hamilton,complete,issuer,2026-09-19 17:31 UTC,ok
HBA,TSX,Hamilton Australian Bank Equal-Weight Index ETF,Hamilton ETFs (Hamilton Capital Partners Inc.),CBA,Commonwealth Bank of Australia,19.8,"August 31, 2026",hamilton,complete,issuer,2026-09-19 17:31 UTC,ok
HBA,TSX,Hamilton Australian Bank Equal-Weight Index ETF,Hamilton ETFs (Hamilton Capital Partners Inc.),WBC,Westpac Banking Corp,17.8,"August 31, 2026",hamilton,complete,issuer,2026-09-19 17:31 UTC,ok
HBA,TSX,Hamilton Australian Bank Equal-Weight Index ETF,Hamilton ETFs (Hamilton Capital Partners Inc.),NAB,National Australia Bank Ltd,17.3,"August 31, 2026",hamilton,complete,issuer,2026-09-19 17:31 UTC,ok
HBA,TSX,Hamilton Australian Bank Equal-Weight Index ETF,Hamilton ETFs (Hamilton Capital Partners Inc.),,Cash and Other Assets/Liabilities,-0.8,"August 31, 2026",hamilton,complete,n/a,2026-09-19 17:31 UTC,ok
HCAL,TSX,Hamilton Enhanced Canadian Bank ETF,Hamilton ETFs (Hamilton Capital Partners Inc.),HEB,HAMILTON CHAMPIONS Canadian Equal-Weight Index ETF,126.0,"August 31, 2026",hamilton,complete,issuer,2026-09-19 17:31 UTC,ok
HCAL,TSX,Hamilton Enhanced Canadian Bank ETF,Hamilton ETFs (Hamilton Capital Partners Inc.),,Cash and Other Assets/Liabilities,-26.0,"August 31, 2026",hamilton,complete,n/a,2026-09-19 17:31 UTC,ok
HFIN,TSX,Hamilton Enhanced Canadian Financials ETF,Hamilton ETFs (Hamilton Capital Partners Inc.),HFN,HAMILTON CHAMPIONS Canadian Financials Index ETF,69.9,"September 17, 2026",hamilton,complete,issuer,2026-09-19 17:31 UTC,ok
HFIN,TSX,Hamilton Enhanced Canadian Financials ETF,Hamilton ETFs (Hamilton Capital Partners Inc.),GWO,Great-West Lifeco Inc,5.2,"September 17, 2026",hamilton,complete,issuer,2026-09-19 17:31 UTC,ok
HFIN,TSX,Hamilton Enhanced Canadian Financials ETF,Hamilton ETFs (Hamilton Capital Partners Inc.),BNS,Bank of Nova Scotia/The,5.1,"September 17, 2026",hamilton,complete,issuer,2026-09-19 17:31 UTC,ok
HFIN,TSX,Hamilton Enhanced Canadian Financials ETF,Hamilton ETFs (Hamilton Capital Partners Inc.),RY,Royal Bank of Canada,4.9,"September 17, 2026",hamilton,complete,issuer,2026-09-19 17:31 UTC,ok
HFIN,TSX,Hamilton Enhanced Canadian Financials ETF,Hamilton ETFs (Hamilton Capital Partners Inc.),TD,Toronto-Dominion Bank/The,4.9,"September 17, 2026",hamilton,complete,issuer,2026-09-19 17:31 UTC,ok
HFIN,TSX,Hamilton Enhanced Canadian Financials ETF,Hamilton ETFs (Hamilton Capital Partners Inc.),BMO,Bank of Montreal,4.8,"September 17, 2026",hamilton,complete,issuer,2026-09-19 17:31 UTC,ok
HFIN,TSX,Hamilton Enhanced Canadian Financials ETF,Hamilton ETFs (Hamilton Capital Partners Inc.),SLF,Sun Life Financial Inc,4.7,"September 17, 2026",hamilton,complete,issuer,2026-09-19 17:31 UTC,ok
HFIN,TSX,Hamilton Enhanced Canadian Financials ETF,Hamilton ETFs (Hamilton Capital Partners Inc.),MFC,Manulife Financial Corp,4.7,"September 17, 2026",hamilton,complete,issuer,2026-09-19 17:31 UTC,ok
HFIN,TSX,Hamilton Enhanced Canadian Financials ETF,Hamilton ETFs (Hamilton Capital Partners Inc.),CM,Canadian Imperial Bank of Comm,4.4,"September 17, 2026",hamilton,complete,issuer,2026-09-19 17:31 UTC,ok
HFIN,TSX,Hamilton Enhanced Canadian Financials ETF,Hamilton ETFs (Hamilton Capital Partners Inc.),NA,National Bank of Canada,4.4,"September 17, 2026",hamilton,complete,issuer,2026-09-19 17:31 UTC,ok
HFIN,TSX,Hamilton Enhanced Canadian Financials ETF,Hamilton ETFs (Hamilton Capital Partners Inc.),IFC,Intact Financial Corp,4.4,"September 17, 2026",hamilton,complete,issuer,2026-09-19 17:31 UTC,ok
HFIN,TSX,Hamilton Enhanced Canadian Financials ETF,Hamilton ETFs (Hamilton Capital Partners Inc.),FFH,Fairfax Financial Holdings Ltd,4.1,"September 17, 2026",hamilton,complete,issuer,2026-09-19 17:31 UTC,ok
HFIN,TSX,Hamilton Enhanced Canadian Financials ETF,Hamilton ETFs (Hamilton Capital Partners Inc.),BN,Brookfield Corp,3.9,"September 17, 2026",hamilton,complete,issuer,2026-09-19 17:31 UTC,ok
HFIN,TSX,Hamilton Enhanced Canadian Financials ETF,Hamilton ETFs (Hamilton Capital Partners Inc.),,Cash and Other Assets/Liabilities,-25.4,"September 17, 2026",hamilton,complete,n/a,2026-09-19 17:31 UTC,ok
HDIV,TSX,Hamilton Enhanced Multi-Sector Covered Call ETF,Hamilton ETFs (Hamilton Capital Partners Inc.),HFIN,Hamilton Enhanced Canadian Financials ETF,22.2,"August 31, 2026",hamilton,complete,issuer,2026-09-19 17:31 UTC,ok
HDIV,TSX,Hamilton Enhanced Multi-Sector Covered Call ETF,Hamilton ETFs (Hamilton Capital Partners Inc.),HMAX,Hamilton Canadian Financials YIELD MAXIMIZER ETF,19.2,"August 31, 2026",hamilton,complete,issuer,2026-09-19 17:31 UTC,ok
HDIV,TSX,Hamilton Enhanced Multi-Sector Covered Call ETF,Hamilton ETFs (Hamilton Capital Partners Inc.),EMAX,Hamilton Energy YIELD MAXIMIZER ETF,18.8,"August 31, 2026",hamilton,complete,issuer,2026-09-19 17:31 UTC,ok
HDIV,TSX,Hamilton Enhanced Multi-Sector Covered Call ETF,Hamilton ETFs (Hamilton Capital Partners Inc.),AMAX,Hamilton Gold Producer YIELD MAXIMIZER ETF,15.1,"August 31, 2026",hamilton,complete,issuer,2026-09-19 17:31 UTC,ok
HDIV,TSX,Hamilton Enhanced Multi-Sector Covered Call ETF,Hamilton ETFs (Hamilton Capital Partners Inc.),QMAX,Hamilton Technology YIELD MAXIMIZER ETF,15.1,"August 31, 2026",hamilton,complete,issuer,2026-09-19 17:31 UTC,ok
HDIV,TSX,Hamilton Enhanced Multi-Sector Covered Call ETF,Hamilton ETFs (Hamilton Capital Partners Inc.),UMAX,Hamilton Utilities YIELD MAXIMIZER ETF,9.3,"August 31, 2026",hamilton,complete,issuer,2026-09-19 17:31 UTC,ok
HDIV,TSX,Hamilton Enhanced Multi-Sector Covered Call ETF,Hamilton ETFs (Hamilton Capital Partners Inc.),CDAY,Hamilton Enhanced Canadian Equity DayMAX ETF,7.4,"August 31, 2026",hamilton,complete,issuer,2026-09-19 17:31 UTC,ok
HDIV,TSX,Hamilton Enhanced Multi-Sector Covered Call ETF,Hamilton ETFs (Hamilton Capital Partners Inc.),HUTS,Hamilton Enhanced Utilities ETF,3.9,"August 31, 2026",hamilton,complete,issuer,2026-09-19 17:31 UTC,ok
HDIV,TSX,Hamilton Enhanced Multi-Sector Covered Call ETF,Hamilton ETFs (Hamilton Capital Partners Inc.),RMAX,Hamilton REITs YIELD MAXIMIZER ETF,2.3,"August 31, 2026",hamilton,complete,issuer,2026-09-19 17:31 UTC,ok
HDIV,TSX,Hamilton Enhanced Multi-Sector Covered Call ETF,Hamilton ETFs (Hamilton Capital Partners Inc.),QDAY,Hamilton Enhanced Technology DayMAX ETF,1.9,"August 31, 2026",hamilton,complete,issuer,2026-09-19 17:31 UTC,ok
HDIV,TSX,Hamilton Enhanced Multi-Sector Covered Call ETF,Hamilton ETFs (Hamilton Capital Partners Inc.),,Cash and Other Assets/Liabilities,-15.2,"August 31, 2026",hamilton,complete,n/a,2026-09-19 17:31 UTC,ok
HYLD,TSX,Hamilton Enhanced U.S. Covered Call ETF,Hamilton ETFs (Hamilton Capital Partners Inc.),SMAX,Hamilton U.S. Equity YIELD MAXIMIZER ETF,59.8,"September 17, 2026",hamilton,complete,issuer,2026-09-19 17:31 UTC,ok
HYLD,TSX,Hamilton Enhanced U.S. Covered Call ETF,Hamilton ETFs (Hamilton Capital Partners Inc.),QMAX,Hamilton Technology YIELD MAXIMIZER ETF,28.1,"September 17, 2026",hamilton,complete,issuer,2026-09-19 17:31 UTC,ok
HYLD,TSX,Hamilton Enhanced U.S. Covered Call ETF,Hamilton ETFs (Hamilton Capital Partners Inc.),FMAX,Hamilton U.S. Financials YIELD MAXIMIZER ETF,7.6,"September 17, 2026",hamilton,complete,issuer,2026-09-19 17:31 UTC,ok
HYLD,TSX,Hamilton Enhanced U.S. Covered Call ETF,Hamilton ETFs (Hamilton Capital Partners Inc.),SDAY,Hamilton Enhanced U.S. Equity DayMAX ETF,7.4,"September 17, 2026",hamilton,complete,issuer,2026-09-19 17:31 UTC,ok
HYLD,TSX,Hamilton Enhanced U.S. Covered Call ETF,Hamilton ETFs (Hamilton Capital Partners Inc.),LMAX,Hamilton Healthcare YIELD MAXIMIZER ETF,6.3,"September 17, 2026",hamilton,complete,issuer,2026-09-19 17:31 UTC,ok
HYLD,TSX,Hamilton Enhanced U.S. Covered Call ETF,Hamilton ETFs (Hamilton Capital Partners Inc.),QDAY,Hamilton Enhanced Technology DayMAX ETF,4.9,"September 17, 2026",hamilton,complete,issuer,2026-09-19 17:31 UTC,ok
HYLD,TSX,Hamilton Enhanced U.S. Covered Call ETF,Hamilton ETFs (Hamilton Capital Partners Inc.),AMAX,Hamilton Gold Producer YIELD MAXIMIZER ETF,2.7,"September 17, 2026",hamilton,complete,issuer,2026-09-19 17:31 UTC,ok
HYLD,TSX,Hamilton Enhanced U.S. Covered Call ETF,Hamilton ETFs (Hamilton Capital Partners Inc.),EMAX,Hamilton Energy YIELD MAXIMIZER ETF,2.6,"September 17, 2026",hamilton,complete,issuer,2026-09-19 17:31 UTC,ok
HYLD,TSX,Hamilton Enhanced U.S. Covered Call ETF,Hamilton ETFs (Hamilton Capital Partners Inc.),RMAX,Hamilton REITs YIELD MAXIMIZER ETF,1.8,"September 17, 2026",hamilton,complete,issuer,2026-09-19 17:31 UTC,ok
HYLD,TSX,Hamilton Enhanced U.S. Covered Call ETF,Hamilton ETFs (Hamilton Capital Partners Inc.),,Cash and Other Assets/Liabilities,-21.2,"September 17, 2026",hamilton,complete,n/a,2026-09-19 17:31 UTC,ok
HUTS,TSX,Hamilton Enhanced Utilities ETF,Hamilton ETFs (Hamilton Capital Partners Inc.),UMVP,HAMILTON CHAMPIONS Utilities Index ETF,125.4,"September 17, 2026",hamilton,complete,issuer,2026-09-19 17:31 UTC,ok
HUTS,TSX,Hamilton Enhanced Utilities ETF,Hamilton ETFs (Hamilton Capital Partners Inc.),,Cash and Other Assets/Liabilities,-25.4,"September 17, 2026",hamilton,complete,n/a,2026-09-19 17:31 UTC,ok
HMAX,TSX,Hamilton Canadian Financials YIELD MAXIMIZER™ ETF,Hamilton ETFs (Hamilton Capital Partners Inc.),RY,Royal Bank of Canada,24.9,"September 17, 2026",hamilton,complete,issuer,2026-09-19 17:31 UTC,ok
HMAX,TSX,Hamilton Canadian Financials YIELD MAXIMIZER™ ETF,Hamilton ETFs (Hamilton Capital Partners Inc.),TD,Toronto-Dominion Bank/The,17.5,"September 17, 2026",hamilton,complete,issuer,2026-09-19 17:31 UTC,ok
HMAX,TSX,Hamilton Canadian Financials YIELD MAXIMIZER™ ETF,Hamilton ETFs (Hamilton Capital Partners Inc.),BMO,Bank of Montreal,10.5,"September 17, 2026",hamilton,complete,issuer,2026-09-19 17:31 UTC,ok
HMAX,TSX,Hamilton Canadian Financials YIELD MAXIMIZER™ ETF,Hamilton ETFs (Hamilton Capital Partners Inc.),BNS,Bank of Nova Scotia/The,9.8,"September 17, 2026",hamilton,complete,issuer,2026-09-19 17:31 UTC,ok
HMAX,TSX,Hamilton Canadian Financials YIELD MAXIMIZER™ ETF,Hamilton ETFs (Hamilton Capital Partners Inc.),CM,Canadian Imperial Bank of Comm,9.1,"September 17, 2026",hamilton,complete,issuer,2026-09-19 17:31 UTC,ok
HMAX,TSX,Hamilton Canadian Financials YIELD MAXIMIZER™ ETF,Hamilton ETFs (Hamilton Capital Partners Inc.),BN,Brookfield Corp,8.9,"September 17, 2026",hamilton,complete,issuer,2026-09-19 17:31 UTC,ok
HMAX,TSX,Hamilton Canadian Financials YIELD MAXIMIZER™ ETF,Hamilton ETFs (Hamilton Capital Partners Inc.),MFC,Manulife Financial Corp,6.2,"September 17, 2026",hamilton,complete,issuer,2026-09-19 17:31 UTC,ok
HMAX,TSX,Hamilton Canadian Financials YIELD MAXIMIZER™ ETF,Hamilton ETFs (Hamilton Capital Partners Inc.),NA,National Bank of Canada,5.3,"September 17, 2026",hamilton,complete,issuer,2026-09-19 17:31 UTC,ok
HMAX,TSX,Hamilton Canadian Financials YIELD MAXIMIZER™ ETF,Hamilton ETFs (Hamilton Capital Partners Inc.),GWO,Great-West Lifeco Inc,5.0,"September 17, 2026",hamilton,complete,issuer,2026-09-19 17:31 UTC,ok
HMAX,TSX,Hamilton Canadian Financials YIELD MAXIMIZER™ ETF,Hamilton ETFs (Hamilton Capital Partners Inc.),SLF,Sun Life Financial Inc,3.8,"September 17, 2026",hamilton,complete,issuer,2026-09-19 17:31 UTC,ok
HMAX,TSX,Hamilton Canadian Financials YIELD MAXIMIZER™ ETF,Hamilton ETFs (Hamilton Capital Partners Inc.),,CANADIAN TREASURY BILL,0.0,"September 17, 2026",hamilton,complete,n/a,2026-09-19 17:31 UTC,ok
HMAX,TSX,Hamilton Canadian Financials YIELD MAXIMIZER™ ETF,Hamilton ETFs (Hamilton Capital Partners Inc.),,CANADIAN TREASURY BILL,0.0,"September 17, 2026",hamilton,complete,n/a,2026-09-19 17:31 UTC,ok
HMAX,TSX,Hamilton Canadian Financials YIELD MAXIMIZER™ ETF,Hamilton ETFs (Hamilton Capital Partners Inc.),,Written Call Options,-0.3,"September 17, 2026",hamilton,complete,n/a,2026-09-19 17:31 UTC,ok
HMAX,TSX,Hamilton Canadian Financials YIELD MAXIMIZER™ ETF,Hamilton ETFs (Hamilton Capital Partners Inc.),,Cash and Other Assets/Liabilities,-0.6,"September 17, 2026",hamilton,complete,n/a,2026-09-19 17:31 UTC,ok
AMAX,TSX,Hamilton Gold Producer YIELD MAXIMIZER™ ETF,Hamilton ETFs (Hamilton Capital Partners Inc.),CDE,Coeur Mining Inc,7.1,"September 17, 2026",hamilton,complete,issuer,2026-09-19 17:31 UTC,ok
AMAX,TSX,Hamilton Gold Producer YIELD MAXIMIZER™ ETF,Hamilton ETFs (Hamilton Capital Partners Inc.),NEM,Newmont Corp,7.1,"September 17, 2026",hamilton,complete,issuer,2026-09-19 17:31 UTC,ok
AMAX,TSX,Hamilton Gold Producer YIELD MAXIMIZER™ ETF,Hamilton ETFs (Hamilton Capital Partners Inc.),GFI,Gold Fields Ltd,7.0,"September 17, 2026",hamilton,complete,issuer,2026-09-19 17:31 UTC,ok
AMAX,TSX,Hamilton Gold Producer YIELD MAXIMIZER™ ETF,Hamilton ETFs (Hamilton Capital Partners Inc.),WPM,Wheaton Precious Metals Corp,7.0,"September 17, 2026",hamilton,complete,issuer,2026-09-19 17:31 UTC,ok
AMAX,TSX,Hamilton Gold Producer YIELD MAXIMIZER™ ETF,Hamilton ETFs (Hamilton Capital Partners Inc.),RGLD,Royal Gold Inc,7.0,"September 17, 2026",hamilton,complete,issuer,2026-09-19 17:31 UTC,ok
AMAX,TSX,Hamilton Gold Producer YIELD MAXIMIZER™ ETF,Hamilton ETFs (Hamilton Capital Partners Inc.),HL,Hecla Mining Co,7.0,"September 17, 2026",hamilton,complete,issuer,2026-09-19 17:31 UTC,ok
AMAX,TSX,Hamilton Gold Producer YIELD MAXIMIZER™ ETF,Hamilton ETFs (Hamilton Capital Partners Inc.),AU,Anglogold Ashanti Plc,6.8,"September 17, 2026",hamilton,complete,issuer,2026-09-19 17:31 UTC,ok
AMAX,TSX,Hamilton Gold Producer YIELD MAXIMIZER™ ETF,Hamilton ETFs (Hamilton Capital Partners Inc.),KGC,Kinross Gold Corp,6.8,"September 17, 2026",hamilton,complete,issuer,2026-09-19 17:31 UTC,ok
AMAX,TSX,Hamilton Gold Producer YIELD MAXIMIZER™ ETF,Hamilton ETFs (Hamilton Capital Partners Inc.),EDV,Endeavour Mining PLC,6.8,"September 17, 2026",hamilton,complete,issuer,2026-09-19 17:31 UTC,ok
AMAX,TSX,Hamilton Gold Producer YIELD MAXIMIZER™ ETF,Hamilton ETFs (Hamilton Capital Partners Inc.),AEM,Agnico Eagle Mines Ltd,6.8,"September 17, 2026",hamilton,complete,issuer,2026-09-19 17:31 UTC,ok
AMAX,TSX,Hamilton Gold Producer YIELD MAXIMIZER™ ETF,Hamilton ETFs (Hamilton Capital Partners Inc.),FNV,Franco-Nevada Corp,6.6,"September 17, 2026",hamilton,complete,issuer,2026-09-19 17:31 UTC,ok
AMAX,TSX,Hamilton Gold Producer YIELD MAXIMIZER™ ETF,Hamilton ETFs (Hamilton Capital Partners Inc.),AGI,Alamos Gold Inc,6.5,"September 17, 2026",hamilton,complete,issuer,2026-09-19 17:31 UTC,ok
AMAX,TSX,Hamilton Gold Producer YIELD MAXIMIZER™ ETF,Hamilton ETFs (Hamilton Capital Partners Inc.),B,Barrick Mining Corp,6.4,"September 17, 2026",hamilton,complete,issuer,2026-09-19 17:31 UTC,ok
AMAX,TSX,Hamilton Gold Producer YIELD MAXIMIZER™ ETF,Hamilton ETFs (Hamilton Capital Partners Inc.),PAAS,Pan American Silver Corp,6.2,"September 17, 2026",hamilton,complete,issuer,2026-09-19 17:31 UTC,ok
AMAX,TSX,Hamilton Gold Producer YIELD MAXIMIZER™ ETF,Hamilton ETFs (Hamilton Capital Partners Inc.),HMY,Harmony Gold Mining Co Ltd,6.1,"September 17, 2026",hamilton,complete,issuer,2026-09-19 17:31 UTC,ok
AMAX,TSX,Hamilton Gold Producer YIELD MAXIMIZER™ ETF,Hamilton ETFs (Hamilton Capital Partners Inc.),,Written Call Options,-0.6,"September 17, 2026",hamilton,complete,n/a,2026-09-19 17:31 UTC,ok
AMAX,TSX,Hamilton Gold Producer YIELD MAXIMIZER™ ETF,Hamilton ETFs (Hamilton Capital Partners Inc.),,Cash and Other Assets/Liabilities,-0.7,"September 17, 2026",hamilton,complete,n/a,2026-09-19 17:31 UTC,ok
EMAX,TSX,Hamilton Energy YIELD MAXIMIZER™ ETF,Hamilton ETFs (Hamilton Capital Partners Inc.),MPC,Marathon Petroleum Corp,6.6,"September 17, 2026",hamilton,complete,issuer,2026-09-19 17:31 UTC,ok
EMAX,TSX,Hamilton Energy YIELD MAXIMIZER™ ETF,Hamilton ETFs (Hamilton Capital Partners Inc.),PSX,Phillips 66,6.5,"September 17, 2026",hamilton,complete,issuer,2026-09-19 17:31 UTC,ok
EMAX,TSX,Hamilton Energy YIELD MAXIMIZER™ ETF,Hamilton ETFs (Hamilton Capital Partners Inc.),VLO,Valero Energy Corp,6.5,"September 17, 2026",hamilton,complete,issuer,2026-09-19 17:31 UTC,ok
EMAX,TSX,Hamilton Energy YIELD MAXIMIZER™ ETF,Hamilton ETFs (Hamilton Capital Partners Inc.),CVE,Cenovus Energy Inc,5.4,"September 17, 2026",hamilton,complete,issuer,2026-09-19 17:31 UTC,ok
EMAX,TSX,Hamilton Energy YIELD MAXIMIZER™ ETF,Hamilton ETFs (Hamilton Capital Partners Inc.),SLB,SLB Ltd,5.3,"September 17, 2026",hamilton,complete,issuer,2026-09-19 17:31 UTC,ok
EMAX,TSX,Hamilton Energy YIELD MAXIMIZER™ ETF,Hamilton ETFs (Hamilton Capital Partners Inc.),CNQ,Canadian Natural Resources Ltd,5.2,"September 17, 2026",hamilton,complete,issuer,2026-09-19 17:31 UTC,ok
EMAX,TSX,Hamilton Energy YIELD MAXIMIZER™ ETF,Hamilton ETFs (Hamilton Capital Partners Inc.),COP,ConocoPhillips,5.1,"September 17, 2026",hamilton,complete,issuer,2026-09-19 17:31 UTC,ok
EMAX,TSX,Hamilton Energy YIELD MAXIMIZER™ ETF,Hamilton ETFs (Hamilton Capital Partners Inc.),FANG,Diamondback Energy Inc,5.0,"September 17, 2026",hamilton,complete,issuer,2026-09-19 17:31 UTC,ok
EMAX,TSX,Hamilton Energy YIELD MAXIMIZER™ ETF,Hamilton ETFs (Hamilton Capital Partners Inc.),IMO,Imperial Oil Ltd,5.0,"September 17, 2026",hamilton,complete,issuer,2026-09-19 17:31 UTC,ok
EMAX,TSX,Hamilton Energy YIELD MAXIMIZER™ ETF,Hamilton ETFs (Hamilton Capital Partners Inc.),SU,Suncor Energy Inc,4.9,"September 17, 2026",hamilton,complete,issuer,2026-09-19 17:31 UTC,ok
EMAX,TSX,Hamilton Energy YIELD MAXIMIZER™ ETF,Hamilton ETFs (Hamilton Capital Partners Inc.),EOG,EOG Resources Inc,4.9,"September 17, 2026",hamilton,complete,issuer,2026-09-19 17:31 UTC,ok
EMAX,TSX,Hamilton Energy YIELD MAXIMIZER™ ETF,Hamilton ETFs (Hamilton Capital Partners Inc.),BKR,Baker Hughes Co,4.9,"September 17, 2026",hamilton,complete,issuer,2026-09-19 17:31 UTC,ok
EMAX,TSX,Hamilton Energy YIELD MAXIMIZER™ ETF,Hamilton ETFs (Hamilton Capital Partners Inc.),OXY,Occidental Petroleum Corp,4.8,"September 17, 2026",hamilton,complete,issuer,2026-09-19 17:31 UTC,ok
EMAX,TSX,Hamilton Energy YIELD MAXIMIZER™ ETF,Hamilton ETFs (Hamilton Capital Partners Inc.),CVX,Chevron Corp,4.8,"September 17, 2026",hamilton,complete,issuer,2026-09-19 17:31 UTC,ok
EMAX,TSX,Hamilton Energy YIELD MAXIMIZER™ ETF,Hamilton ETFs (Hamilton Capital Partners Inc.),XOM,ExxonMobil Holdings Corp,4.7,"September 17, 2026",hamilton,complete,issuer,2026-09-19 17:31 UTC,ok
EMAX,TSX,Hamilton Energy YIELD MAXIMIZER™ ETF,Hamilton ETFs (Hamilton Capital Partners Inc.),DVN,Devon Energy Corp,4.7,"September 17, 2026",hamilton,complete,issuer,2026-09-19 17:31 UTC,ok
EMAX,TSX,Hamilton Energy YIELD MAXIMIZER™ ETF,Hamilton ETFs (Hamilton Capital Partners Inc.),HAL,Halliburton Co,4.5,"September 17, 2026",hamilton,complete,issuer,2026-09-19 17:31 UTC,ok
EMAX,TSX,Hamilton Energy YIELD MAXIMIZER™ ETF,Hamilton ETFs (Hamilton Capital Partners Inc.),EXE,Expand Energy Corp,4.4,"September 17, 2026",hamilton,complete,issuer,2026-09-19 17:31 UTC,ok
EMAX,TSX,Hamilton Energy YIELD MAXIMIZER™ ETF,Hamilton ETFs (Hamilton Capital Partners Inc.),TPL,Texas Pacific Land Corp,4.2,"September 17, 2026",hamilton,complete,issuer,2026-09-19 17:31 UTC,ok
EMAX,TSX,Hamilton Energy YIELD MAXIMIZER™ ETF,Hamilton ETFs (Hamilton Capital Partners Inc.),EQT,EQT Corp,4.1,"September 17, 2026",hamilton,complete,issuer,2026-09-19 17:31 UTC,ok
EMAX,TSX,Hamilton Energy YIELD MAXIMIZER™ ETF,Hamilton ETFs (Hamilton Capital Partners Inc.),,Cash and Other Assets/Liabilities,-0.6,"September 17, 2026",hamilton,complete,n/a,2026-09-19 17:31 UTC,ok
EMAX,TSX,Hamilton Energy YIELD MAXIMIZER™ ETF,Hamilton ETFs (Hamilton Capital Partners Inc.),,Written Call Options,-0.9,"September 17, 2026",hamilton,complete,n/a,2026-09-19 17:31 UTC,ok
FMAX,TSX,Hamilton U.S. Financials YIELD MAXIMIZER™ ETF,Hamilton ETFs (Hamilton Capital Partners Inc.),V,Visa Inc,5.6,"September 17, 2026",hamilton,complete,issuer,2026-09-19 17:31 UTC,ok
FMAX,TSX,Hamilton U.S. Financials YIELD MAXIMIZER™ ETF,Hamilton ETFs (Hamilton Capital Partners Inc.),BX,Blackstone Inc,5.5,"September 17, 2026",hamilton,complete,issuer,2026-09-19 17:31 UTC,ok
FMAX,TSX,Hamilton U.S. Financials YIELD MAXIMIZER™ ETF,Hamilton ETFs (Hamilton Capital Partners Inc.),MA,Mastercard Inc,5.4,"September 17, 2026",hamilton,complete,issuer,2026-09-19 17:31 UTC,ok
FMAX,TSX,Hamilton U.S. Financials YIELD MAXIMIZER™ ETF,Hamilton ETFs (Hamilton Capital Partners Inc.),SCHW,Charles Schwab Corp/The,5.3,"September 17, 2026",hamilton,complete,issuer,2026-09-19 17:31 UTC,ok
FMAX,TSX,Hamilton U.S. Financials YIELD MAXIMIZER™ ETF,Hamilton ETFs (Hamilton Capital Partners Inc.),MRSH,Marsh & McLennan Cos Inc,5.2,"September 17, 2026",hamilton,complete,issuer,2026-09-19 17:31 UTC,ok
FMAX,TSX,Hamilton U.S. Financials YIELD MAXIMIZER™ ETF,Hamilton ETFs (Hamilton Capital Partners Inc.),BLK,Blackrock Inc,5.2,"September 17, 2026",hamilton,complete,issuer,2026-09-19 17:31 UTC,ok
FMAX,TSX,Hamilton U.S. Financials YIELD MAXIMIZER™ ETF,Hamilton ETFs (Hamilton Capital Partners Inc.),JPM,JPMorgan Chase & Co,5.2,"September 17, 2026",hamilton,complete,issuer,2026-09-19 17:31 UTC,ok
FMAX,TSX,Hamilton U.S. Financials YIELD MAXIMIZER™ ETF,Hamilton ETFs (Hamilton Capital Partners Inc.),BAC,Bank of America Corp,5.1,"September 17, 2026",hamilton,complete,issuer,2026-09-19 17:31 UTC,ok
FMAX,TSX,Hamilton U.S. Financials YIELD MAXIMIZER™ ETF,Hamilton ETFs (Hamilton Capital Partners Inc.),GS,Goldman Sachs Group Inc/The,5.1,"September 17, 2026",hamilton,complete,issuer,2026-09-19 17:31 UTC,ok
FMAX,TSX,Hamilton U.S. Financials YIELD MAXIMIZER™ ETF,Hamilton ETFs (Hamilton Capital Partners Inc.),COF,Capital One Financial Corp,5.1,"September 17, 2026",hamilton,complete,issuer,2026-09-19 17:31 UTC,ok
FMAX,TSX,Hamilton U.S. Financials YIELD MAXIMIZER™ ETF,Hamilton ETFs (Hamilton Capital Partners Inc.),WFC,Wells Fargo & Co,5.1,"September 17, 2026",hamilton,complete,issuer,2026-09-19 17:31 UTC,ok
FMAX,TSX,Hamilton U.S. Financials YIELD MAXIMIZER™ ETF,Hamilton ETFs (Hamilton Capital Partners Inc.),MS,Morgan Stanley,5.1,"September 17, 2026",hamilton,complete,issuer,2026-09-19 17:31 UTC,ok
FMAX,TSX,Hamilton U.S. Financials YIELD MAXIMIZER™ ETF,Hamilton ETFs (Hamilton Capital Partners Inc.),SPGI,S&P Global Inc,5.0,"September 17, 2026",hamilton,complete,issuer,2026-09-19 17:31 UTC,ok
FMAX,TSX,Hamilton U.S. Financials YIELD MAXIMIZER™ ETF,Hamilton ETFs (Hamilton Capital Partners Inc.),AXP,American Express Co,5.0,"September 17, 2026",hamilton,complete,issuer,2026-09-19 17:31 UTC,ok
FMAX,TSX,Hamilton U.S. Financials YIELD MAXIMIZER™ ETF,Hamilton ETFs (Hamilton Capital Partners Inc.),C,Citigroup Inc,4.9,"September 17, 2026",hamilton,complete,issuer,2026-09-19 17:31 UTC,ok
FMAX,TSX,Hamilton U.S. Financials YIELD MAXIMIZER™ ETF,Hamilton ETFs (Hamilton Capital Partners Inc.),PGR,Progressive Corp/The,4.9,"September 17, 2026",hamilton,complete,issuer,2026-09-19 17:31 UTC,ok
FMAX,TSX,Hamilton U.S. Financials YIELD MAXIMIZER™ ETF,Hamilton ETFs (Hamilton Capital Partners Inc.),BRK/B,Berkshire Hathaway Inc,4.8,"September 17, 2026",hamilton,complete,issuer,2026-09-19 17:31 UTC,ok
FMAX,TSX,Hamilton U.S. Financials YIELD MAXIMIZER™ ETF,Hamilton ETFs (Hamilton Capital Partners Inc.),CB,Chubb Ltd,4.8,"September 17, 2026",hamilton,complete,issuer,2026-09-19 17:31 UTC,ok
FMAX,TSX,Hamilton U.S. Financials YIELD MAXIMIZER™ ETF,Hamilton ETFs (Hamilton Capital Partners Inc.),ICE,Intercontinental Exchange Inc,4.6,"September 17, 2026",hamilton,complete,issuer,2026-09-19 17:31 UTC,ok
FMAX,TSX,Hamilton U.S. Financials YIELD MAXIMIZER™ ETF,Hamilton ETFs (Hamilton Capital Partners Inc.),CME,CME Group Inc,4.4,"September 17, 2026",hamilton,complete,issuer,2026-09-19 17:31 UTC,ok
FMAX,TSX,Hamilton U.S. Financials YIELD MAXIMIZER™ ETF,Hamilton ETFs (Hamilton Capital Partners Inc.),,Written Call Options,-0.7,"September 17, 2026",hamilton,complete,n/a,2026-09-19 17:31 UTC,ok
FMAX,TSX,Hamilton U.S. Financials YIELD MAXIMIZER™ ETF,Hamilton ETFs (Hamilton Capital Partners Inc.),,Cash and Other Assets/Liabilities,-0.7,"September 17, 2026",hamilton,complete,n/a,2026-09-19 17:31 UTC,ok
LMAX,TSX,Hamilton Gold Producer YIELD MAXIMIZER™ ETF,Hamilton ETFs (Hamilton Capital Partners Inc.),AMGN,Amgen Inc,5.7,"September 17, 2026",hamilton,complete,issuer,2026-09-19 17:31 UTC,ok
LMAX,TSX,Hamilton Gold Producer YIELD MAXIMIZER™ ETF,Hamilton ETFs (Hamilton Capital Partners Inc.),ABBV,AbbVie Inc,5.7,"September 17, 2026",hamilton,complete,issuer,2026-09-19 17:31 UTC,ok
LMAX,TSX,Hamilton Gold Producer YIELD MAXIMIZER™ ETF,Hamilton ETFs (Hamilton Capital Partners Inc.),TMO,Thermo Fisher Scientific Inc,5.6,"September 17, 2026",hamilton,complete,issuer,2026-09-19 17:31 UTC,ok
LMAX,TSX,Hamilton Gold Producer YIELD MAXIMIZER™ ETF,Hamilton ETFs (Hamilton Capital Partners Inc.),VRTX,Vertex Pharmaceuticals Inc,5.6,"September 17, 2026",hamilton,complete,issuer,2026-09-19 17:31 UTC,ok
LMAX,TSX,Hamilton Gold Producer YIELD MAXIMIZER™ ETF,Hamilton ETFs (Hamilton Capital Partners Inc.),MRK,Merck & Co Inc,5.6,"September 17, 2026",hamilton,complete,issuer,2026-09-19 17:31 UTC,ok
LMAX,TSX,Hamilton Gold Producer YIELD MAXIMIZER™ ETF,Hamilton ETFs (Hamilton Capital Partners Inc.),BMY,Bristol-Myers Squibb Co,5.5,"September 17, 2026",hamilton,complete,issuer,2026-09-19 17:31 UTC,ok
LMAX,TSX,Hamilton Gold Producer YIELD MAXIMIZER™ ETF,Hamilton ETFs (Hamilton Capital Partners Inc.),LLY,Eli Lilly & Co,5.3,"September 17, 2026",hamilton,complete,issuer,2026-09-19 17:31 UTC,ok
LMAX,TSX,Hamilton Gold Producer YIELD MAXIMIZER™ ETF,Hamilton ETFs (Hamilton Capital Partners Inc.),JNJ,Johnson & Johnson,5.3,"September 17, 2026",hamilton,complete,issuer,2026-09-19 17:31 UTC,ok
LMAX,TSX,Hamilton Gold Producer YIELD MAXIMIZER™ ETF,Hamilton ETFs (Hamilton Capital Partners Inc.),DHR,Danaher Corp,5.3,"September 17, 2026",hamilton,complete,issuer,2026-09-19 17:31 UTC,ok
LMAX,TSX,Hamilton Gold Producer YIELD MAXIMIZER™ ETF,Hamilton ETFs (Hamilton Capital Partners Inc.),ABT,Abbott Laboratories,5.2,"September 17, 2026",hamilton,complete,issuer,2026-09-19 17:31 UTC,ok
LMAX,TSX,Hamilton Gold Producer YIELD MAXIMIZER™ ETF,Hamilton ETFs (Hamilton Capital Partners Inc.),UNH,UnitedHealth Group Inc,5.2,"September 17, 2026",hamilton,complete,issuer,2026-09-19 17:31 UTC,ok
LMAX,TSX,Hamilton Gold Producer YIELD MAXIMIZER™ ETF,Hamilton ETFs (Hamilton Capital Partners Inc.),CVS,CVS Health Corp,5.2,"September 17, 2026",hamilton,complete,issuer,2026-09-19 17:31 UTC,ok
LMAX,TSX,Hamilton Gold Producer YIELD MAXIMIZER™ ETF,Hamilton ETFs (Hamilton Capital Partners Inc.),GILD,Gilead Sciences Inc,5.0,"September 17, 2026",hamilton,complete,issuer,2026-09-19 17:31 UTC,ok
LMAX,TSX,Hamilton Gold Producer YIELD MAXIMIZER™ ETF,Hamilton ETFs (Hamilton Capital Partners Inc.),PFE,Pfizer Inc,5.0,"September 17, 2026",hamilton,complete,issuer,2026-09-19 17:31 UTC,ok
LMAX,TSX,Hamilton Gold Producer YIELD MAXIMIZER™ ETF,Hamilton ETFs (Hamilton Capital Partners Inc.),MDT,Medtronic PLC,4.9,"September 17, 2026",hamilton,complete,issuer,2026-09-19 17:31 UTC,ok
LMAX,TSX,Hamilton Gold Producer YIELD MAXIMIZER™ ETF,Hamilton ETFs (Hamilton Capital Partners Inc.),CI,Cigna Group/The,4.8,"September 17, 2026",hamilton,complete,issuer,2026-09-19 17:31 UTC,ok
LMAX,TSX,Hamilton Gold Producer YIELD MAXIMIZER™ ETF,Hamilton ETFs (Hamilton Capital Partners Inc.),MCK,McKesson Corp,4.7,"September 17, 2026",hamilton,complete,issuer,2026-09-19 17:31 UTC,ok
LMAX,TSX,Hamilton Gold Producer YIELD MAXIMIZER™ ETF,Hamilton ETFs (Hamilton Capital Partners Inc.),SYK,Stryker Corp,4.5,"September 17, 2026",hamilton,complete,issuer,2026-09-19 17:31 UTC,ok
LMAX,TSX,Hamilton Gold Producer YIELD MAXIMIZER™ ETF,Hamilton ETFs (Hamilton Capital Partners Inc.),BSX,Boston Scientific Corp,3.8,"September 17, 2026",hamilton,complete,issuer,2026-09-19 17:31 UTC,ok
LMAX,TSX,Hamilton Gold Producer YIELD MAXIMIZER™ ETF,Hamilton ETFs (Hamilton Capital Partners Inc.),ISRG,Intuitive Surgical Inc,3.7,"September 17, 2026",hamilton,complete,issuer,2026-09-19 17:31 UTC,ok
LMAX,TSX,Hamilton Gold Producer YIELD MAXIMIZER™ ETF,Hamilton ETFs (Hamilton Capital Partners Inc.),,Written Call Options,-0.6,"September 17, 2026",hamilton,complete,n/a,2026-09-19 17:31 UTC,ok
LMAX,TSX,Hamilton Gold Producer YIELD MAXIMIZER™ ETF,Hamilton ETFs (Hamilton Capital Partners Inc.),,Cash and Other Assets/Liabilities,-0.8,"September 17, 2026",hamilton,complete,n/a,2026-09-19 17:31 UTC,ok
SMAX,TSX,Hamilton U.S. Equity YIELD MAXIMIZER™ ETF,Hamilton ETFs (Hamilton Capital Partners Inc.),MU,Micron Technology Inc,5.8,"September 17, 2026",hamilton,complete,issuer,2026-09-19 17:31 UTC,ok
SMAX,TSX,Hamilton U.S. Equity YIELD MAXIMIZER™ ETF,Hamilton ETFs (Hamilton Capital Partners Inc.),AMD,Advanced Micro Devices Inc,5.3,"September 17, 2026",hamilton,complete,issuer,2026-09-19 17:31 UTC,ok
SMAX,TSX,Hamilton U.S. Equity YIELD MAXIMIZER™ ETF,Hamilton ETFs (Hamilton Capital Partners Inc.),CSCO,Cisco Systems Inc,4.7,"September 17, 2026",hamilton,complete,issuer,2026-09-19 17:31 UTC,ok
SMAX,TSX,Hamilton U.S. Equity YIELD MAXIMIZER™ ETF,Hamilton ETFs (Hamilton Capital Partners Inc.),MSFT,Microsoft Corp,4.6,"September 17, 2026",hamilton,complete,issuer,2026-09-19 17:31 UTC,ok
SMAX,TSX,Hamilton U.S. Equity YIELD MAXIMIZER™ ETF,Hamilton ETFs (Hamilton Capital Partners Inc.),AAPL,Apple Inc,4.4,"September 17, 2026",hamilton,complete,issuer,2026-09-19 17:31 UTC,ok
SMAX,TSX,Hamilton U.S. Equity YIELD MAXIMIZER™ ETF,Hamilton ETFs (Hamilton Capital Partners Inc.),LLY,Eli Lilly & Co,4.4,"September 17, 2026",hamilton,complete,issuer,2026-09-19 17:31 UTC,ok
SMAX,TSX,Hamilton U.S. Equity YIELD MAXIMIZER™ ETF,Hamilton ETFs (Hamilton Capital Partners Inc.),NVDA,NVIDIA Corp,4.4,"September 17, 2026",hamilton,complete,issuer,2026-09-19 17:31 UTC,ok
SMAX,TSX,Hamilton U.S. Equity YIELD MAXIMIZER™ ETF,Hamilton ETFs (Hamilton Capital Partners Inc.),PLTR,Palantir Technologies Inc,4.4,"September 17, 2026",hamilton,complete,issuer,2026-09-19 17:31 UTC,ok
SMAX,TSX,Hamilton U.S. Equity YIELD MAXIMIZER™ ETF,Hamilton ETFs (Hamilton Capital Partners Inc.),V,Visa Inc,4.3,"September 17, 2026",hamilton,complete,issuer,2026-09-19 17:31 UTC,ok
SMAX,TSX,Hamilton U.S. Equity YIELD MAXIMIZER™ ETF,Hamilton ETFs (Hamilton Capital Partners Inc.),AMZN,Amazon.com Inc,4.3,"September 17, 2026",hamilton,complete,issuer,2026-09-19 17:31 UTC,ok
SMAX,TSX,Hamilton U.S. Equity YIELD MAXIMIZER™ ETF,Hamilton ETFs (Hamilton Capital Partners Inc.),JPM,JPMorgan Chase & Co,4.3,"September 17, 2026",hamilton,complete,issuer,2026-09-19 17:31 UTC,ok
SMAX,TSX,Hamilton U.S. Equity YIELD MAXIMIZER™ ETF,Hamilton ETFs (Hamilton Capital Partners Inc.),JNJ,Johnson & Johnson,4.0,"September 17, 2026",hamilton,complete,issuer,2026-09-19 17:31 UTC,ok
SMAX,TSX,Hamilton U.S. Equity YIELD MAXIMIZER™ ETF,Hamilton ETFs (Hamilton Capital Partners Inc.),GE,General Electric Co,4.0,"September 17, 2026",hamilton,complete,issuer,2026-09-19 17:31 UTC,ok
SMAX,TSX,Hamilton U.S. Equity YIELD MAXIMIZER™ ETF,Hamilton ETFs (Hamilton Capital Partners Inc.),GOOGL,Alphabet Inc,4.0,"September 17, 2026",hamilton,complete,issuer,2026-09-19 17:31 UTC,ok
SMAX,TSX,Hamilton U.S. Equity YIELD MAXIMIZER™ ETF,Hamilton ETFs (Hamilton Capital Partners Inc.),CAT,Caterpillar Inc,3.8,"September 17, 2026",hamilton,complete,issuer,2026-09-19 17:31 UTC,ok
SMAX,TSX,Hamilton U.S. Equity YIELD MAXIMIZER™ ETF,Hamilton ETFs (Hamilton Capital Partners Inc.),PLD,Prologis Inc,3.7,"September 17, 2026",hamilton,complete,issuer,2026-09-19 17:31 UTC,ok
SMAX,TSX,Hamilton U.S. Equity YIELD MAXIMIZER™ ETF,Hamilton ETFs (Hamilton Capital Partners Inc.),AVGO,Broadcom Inc,3.7,"September 17, 2026",hamilton,complete,issuer,2026-09-19 17:31 UTC,ok
SMAX,TSX,Hamilton U.S. Equity YIELD MAXIMIZER™ ETF,Hamilton ETFs (Hamilton Capital Partners Inc.),BRK/B,Berkshire Hathaway Inc,3.7,"September 17, 2026",hamilton,complete,issuer,2026-09-19 17:31 UTC,ok
SMAX,TSX,Hamilton U.S. Equity YIELD MAXIMIZER™ ETF,Hamilton ETFs (Hamilton Capital Partners Inc.),LIN,Linde PLC,3.6,"September 17, 2026",hamilton,complete,issuer,2026-09-19 17:31 UTC,ok
SMAX,TSX,Hamilton U.S. Equity YIELD MAXIMIZER™ ETF,Hamilton ETFs (Hamilton Capital Partners Inc.),XOM,ExxonMobil Holdings Corp,3.6,"September 17, 2026",hamilton,complete,issuer,2026-09-19 17:31 UTC,ok
SMAX,TSX,Hamilton U.S. Equity YIELD MAXIMIZER™ ETF,Hamilton ETFs (Hamilton Capital Partners Inc.),TSLA,Tesla Inc,3.4,"September 17, 2026",hamilton,complete,issuer,2026-09-19 17:31 UTC,ok
SMAX,TSX,Hamilton U.S. Equity YIELD MAXIMIZER™ ETF,Hamilton ETFs (Hamilton Capital Partners Inc.),NFLX,Netflix Inc,3.4,"September 17, 2026",hamilton,complete,issuer,2026-09-19 17:31 UTC,ok
SMAX,TSX,Hamilton U.S. Equity YIELD MAXIMIZER™ ETF,Hamilton ETFs (Hamilton Capital Partners Inc.),META,Meta Platforms Inc,3.3,"September 17, 2026",hamilton,complete,issuer,2026-09-19 17:31 UTC,ok
SMAX,TSX,Hamilton U.S. Equity YIELD MAXIMIZER™ ETF,Hamilton ETFs (Hamilton Capital Partners Inc.),NEE,NextEra Energy Inc,3.2,"September 17, 2026",hamilton,complete,issuer,2026-09-19 17:31 UTC,ok
SMAX,TSX,Hamilton U.S. Equity YIELD MAXIMIZER™ ETF,Hamilton ETFs (Hamilton Capital Partners Inc.),WMT,Walmart Inc,3.1,"September 17, 2026",hamilton,complete,issuer,2026-09-19 17:31 UTC,ok
SMAX,TSX,Hamilton U.S. Equity YIELD MAXIMIZER™ ETF,Hamilton ETFs (Hamilton Capital Partners Inc.),#N/A,#N/A Field Not Applicable Equity,0.0,"September 17, 2026",hamilton,complete,issuer,2026-09-19 17:31 UTC,ok
SMAX,TSX,Hamilton U.S. Equity YIELD MAXIMIZER™ ETF,Hamilton ETFs (Hamilton Capital Partners Inc.),#N/A,#N/A Field Not Applicable Equity,0.0,"September 17, 2026",hamilton,complete,issuer,2026-09-19 17:31 UTC,ok
SMAX,TSX,Hamilton U.S. Equity YIELD MAXIMIZER™ ETF,Hamilton ETFs (Hamilton Capital Partners Inc.),#N/A,#N/A Field Not Applicable Equity,0.0,"September 17, 2026",hamilton,complete,issuer,2026-09-19 17:31 UTC,ok
SMAX,TSX,Hamilton U.S. Equity YIELD MAXIMIZER™ ETF,Hamilton ETFs (Hamilton Capital Partners Inc.),,Written Call Options,-0.6,"September 17, 2026",hamilton,complete,n/a,2026-09-19 17:31 UTC,ok
SMAX,TSX,Hamilton U.S. Equity YIELD MAXIMIZER™ ETF,Hamilton ETFs (Hamilton Capital Partners Inc.),,Cash and Other Assets/Liabilities,-0.9,"September 17, 2026",hamilton,complete,n/a,2026-09-19 17:31 UTC,ok
QMAX,TSX,Hamilton Technology YIELD MAXIMIZER™ ETF,Hamilton ETFs (Hamilton Capital Partners Inc.),PLTR,Palantir Technologies Inc,8.9,"September 17, 2026",hamilton,complete,issuer,2026-09-19 17:31 UTC,ok
QMAX,TSX,Hamilton Technology YIELD MAXIMIZER™ ETF,Hamilton ETFs (Hamilton Capital Partners Inc.),MU,Micron Technology Inc,8.0,"September 17, 2026",hamilton,complete,issuer,2026-09-19 17:31 UTC,ok
QMAX,TSX,Hamilton Technology YIELD MAXIMIZER™ ETF,Hamilton ETFs (Hamilton Capital Partners Inc.),MSFT,Microsoft Corp,7.8,"September 17, 2026",hamilton,complete,issuer,2026-09-19 17:31 UTC,ok
QMAX,TSX,Hamilton Technology YIELD MAXIMIZER™ ETF,Hamilton ETFs (Hamilton Capital Partners Inc.),AMD,Advanced Micro Devices Inc,7.7,"September 17, 2026",hamilton,complete,issuer,2026-09-19 17:31 UTC,ok
QMAX,TSX,Hamilton Technology YIELD MAXIMIZER™ ETF,Hamilton ETFs (Hamilton Capital Partners Inc.),AAPL,Apple Inc,6.9,"September 17, 2026",hamilton,complete,issuer,2026-09-19 17:31 UTC,ok
QMAX,TSX,Hamilton Technology YIELD MAXIMIZER™ ETF,Hamilton ETFs (Hamilton Capital Partners Inc.),LRCX,Lam Research Corp,6.8,"September 17, 2026",hamilton,complete,issuer,2026-09-19 17:31 UTC,ok
QMAX,TSX,Hamilton Technology YIELD MAXIMIZER™ ETF,Hamilton ETFs (Hamilton Capital Partners Inc.),AMAT,Applied Materials Inc,6.7,"September 17, 2026",hamilton,complete,issuer,2026-09-19 17:31 UTC,ok
QMAX,TSX,Hamilton Technology YIELD MAXIMIZER™ ETF,Hamilton ETFs (Hamilton Capital Partners Inc.),NVDA,NVIDIA Corp,6.6,"September 17, 2026",hamilton,complete,issuer,2026-09-19 17:31 UTC,ok
QMAX,TSX,Hamilton Technology YIELD MAXIMIZER™ ETF,Hamilton ETFs (Hamilton Capital Partners Inc.),INTC,Intel Corp,6.5,"September 17, 2026",hamilton,complete,issuer,2026-09-19 17:31 UTC,ok
QMAX,TSX,Hamilton Technology YIELD MAXIMIZER™ ETF,Hamilton ETFs (Hamilton Capital Partners Inc.),AMZN,Amazon.com Inc,6.3,"September 17, 2026",hamilton,complete,issuer,2026-09-19 17:31 UTC,ok
QMAX,TSX,Hamilton Technology YIELD MAXIMIZER™ ETF,Hamilton ETFs (Hamilton Capital Partners Inc.),NFLX,Netflix Inc,6.3,"September 17, 2026",hamilton,complete,issuer,2026-09-19 17:31 UTC,ok
QMAX,TSX,Hamilton Technology YIELD MAXIMIZER™ ETF,Hamilton ETFs (Hamilton Capital Partners Inc.),META,Meta Platforms Inc,6.0,"September 17, 2026",hamilton,complete,issuer,2026-09-19 17:31 UTC,ok
QMAX,TSX,Hamilton Technology YIELD MAXIMIZER™ ETF,Hamilton ETFs (Hamilton Capital Partners Inc.),GOOGL,Alphabet Inc,5.9,"September 17, 2026",hamilton,complete,issuer,2026-09-19 17:31 UTC,ok
QMAX,TSX,Hamilton Technology YIELD MAXIMIZER™ ETF,Hamilton ETFs (Hamilton Capital Partners Inc.),AVGO,Broadcom Inc,5.9,"September 17, 2026",hamilton,complete,issuer,2026-09-19 17:31 UTC,ok
QMAX,TSX,Hamilton Technology YIELD MAXIMIZER™ ETF,Hamilton ETFs (Hamilton Capital Partners Inc.),TSLA,Tesla Inc,5.3,"September 17, 2026",hamilton,complete,issuer,2026-09-19 17:31 UTC,ok
QMAX,TSX,Hamilton Technology YIELD MAXIMIZER™ ETF,Hamilton ETFs (Hamilton Capital Partners Inc.),,Written Call Options,-0.7,"September 17, 2026",hamilton,complete,n/a,2026-09-19 17:31 UTC,ok
QMAX,TSX,Hamilton Technology YIELD MAXIMIZER™ ETF,Hamilton ETFs (Hamilton Capital Partners Inc.),,Cash and Other Assets/Liabilities,-0.9,"September 17, 2026",hamilton,complete,n/a,2026-09-19 17:31 UTC,ok
HBND,TSX,Hamilton U.S. Bond YIELD MAXIMIZER™ ETF,Hamilton ETFs (Hamilton Capital Partners Inc.),TLT,iShares 20+ Year Treasury Bond,50.4,"September 17, 2026",hamilton,complete,issuer,2026-09-19 17:31 UTC,ok
HBND,TSX,Hamilton U.S. Bond YIELD MAXIMIZER™ ETF,Hamilton ETFs (Hamilton Capital Partners Inc.),VGLT,Vanguard Long-Term Treasury ET,40.4,"September 17, 2026",hamilton,complete,issuer,2026-09-19 17:31 UTC,ok
HBND,TSX,Hamilton U.S. Bond YIELD MAXIMIZER™ ETF,Hamilton ETFs (Hamilton Capital Partners Inc.),EDV,Vanguard Extended Duration Tre,10.1,"September 17, 2026",hamilton,complete,issuer,2026-09-19 17:31 UTC,ok
HBND,TSX,Hamilton U.S. Bond YIELD MAXIMIZER™ ETF,Hamilton ETFs (Hamilton Capital Partners Inc.),,Written Call Options,-0.2,"September 17, 2026",hamilton,complete,n/a,2026-09-19 17:31 UTC,ok
HBND,TSX,Hamilton U.S. Bond YIELD MAXIMIZER™ ETF,Hamilton ETFs (Hamilton Capital Partners Inc.),,Cash and Other Assets/Liabilities,-0.8,"September 17, 2026",hamilton,complete,n/a,2026-09-19 17:31 UTC,ok
HBIL,TSX,Hamilton U.S. T-Bill YIELD MAXIMIZER™ ETF,Hamilton ETFs (Hamilton Capital Partners Inc.),SGOV,iShares 0-3 Month Treasury Bon,80.3,"September 17, 2026",hamilton,complete,issuer,2026-09-19 17:31 UTC,ok
HBIL,TSX,Hamilton U.S. T-Bill YIELD MAXIMIZER™ ETF,Hamilton ETFs (Hamilton Capital Partners Inc.),TLT,iShares 20+ Year Treasury Bond,20.0,"September 17, 2026",hamilton,complete,issuer,2026-09-19 17:31 UTC,ok
HBIL,TSX,Hamilton U.S. T-Bill YIELD MAXIMIZER™ ETF,Hamilton ETFs (Hamilton Capital Partners Inc.),,Written Call Options,0.0,"September 17, 2026",hamilton,complete,n/a,2026-09-19 17:31 UTC,ok
HBIL,TSX,Hamilton U.S. T-Bill YIELD MAXIMIZER™ ETF,Hamilton ETFs (Hamilton Capital Partners Inc.),,Cash and Other Assets/Liabilities,-0.3,"September 17, 2026",hamilton,complete,n/a,2026-09-19 17:31 UTC,ok
CMVP,TSX,HAMILTON CHAMPIONS™ Canadian Dividend Index ETF,Hamilton ETFs (Hamilton Capital Partners Inc.),WPM,Wheaton Precious Metals Corp,5.1,"September 17, 2026",hamilton,complete,issuer,2026-09-19 17:31 UTC,ok
CMVP,TSX,HAMILTON CHAMPIONS™ Canadian Dividend Index ETF,Hamilton ETFs (Hamilton Capital Partners Inc.),AEM,Agnico Eagle Mines Ltd,5.0,"September 17, 2026",hamilton,complete,issuer,2026-09-19 17:31 UTC,ok
CMVP,TSX,HAMILTON CHAMPIONS™ Canadian Dividend Index ETF,Hamilton ETFs (Hamilton Capital Partners Inc.),FNV,Franco-Nevada Corp,4.8,"September 17, 2026",hamilton,complete,issuer,2026-09-19 17:31 UTC,ok
CMVP,TSX,HAMILTON CHAMPIONS™ Canadian Dividend Index ETF,Hamilton ETFs (Hamilton Capital Partners Inc.),CNQ,Canadian Natural Resources Ltd,4.7,"September 17, 2026",hamilton,complete,issuer,2026-09-19 17:31 UTC,ok
CMVP,TSX,HAMILTON CHAMPIONS™ Canadian Dividend Index ETF,Hamilton ETFs (Hamilton Capital Partners Inc.),NTR,Nutrien Ltd,4.4,"September 17, 2026",hamilton,complete,issuer,2026-09-19 17:31 UTC,ok
CMVP,TSX,HAMILTON CHAMPIONS™ Canadian Dividend Index ETF,Hamilton ETFs (Hamilton Capital Partners Inc.),BNS,Bank of Nova Scotia/The,4.1,"September 17, 2026",hamilton,complete,issuer,2026-09-19 17:31 UTC,ok
CMVP,TSX,HAMILTON CHAMPIONS™ Canadian Dividend Index ETF,Hamilton ETFs (Hamilton Capital Partners Inc.),MFC,Manulife Financial Corp,4.0,"September 17, 2026",hamilton,complete,issuer,2026-09-19 17:31 UTC,ok
CMVP,TSX,HAMILTON CHAMPIONS™ Canadian Dividend Index ETF,Hamilton ETFs (Hamilton Capital Partners Inc.),QSR,Restaurant Brands Internationa,4.0,"September 17, 2026",hamilton,complete,issuer,2026-09-19 17:31 UTC,ok
CMVP,TSX,HAMILTON CHAMPIONS™ Canadian Dividend Index ETF,Hamilton ETFs (Hamilton Capital Partners Inc.),CP,Canadian Pacific Kansas City L,4.0,"September 17, 2026",hamilton,complete,issuer,2026-09-19 17:31 UTC,ok
CMVP,TSX,HAMILTON CHAMPIONS™ Canadian Dividend Index ETF,Hamilton ETFs (Hamilton Capital Partners Inc.),CNR,Canadian National Railway Co,4.0,"September 17, 2026",hamilton,complete,issuer,2026-09-19 17:31 UTC,ok
CMVP,TSX,HAMILTON CHAMPIONS™ Canadian Dividend Index ETF,Hamilton ETFs (Hamilton Capital Partners Inc.),TD,Toronto-Dominion Bank/The,3.9,"September 17, 2026",hamilton,complete,issuer,2026-09-19 17:31 UTC,ok
CMVP,TSX,HAMILTON CHAMPIONS™ Canadian Dividend Index ETF,Hamilton ETFs (Hamilton Capital Partners Inc.),SLF,Sun Life Financial Inc,3.9,"September 17, 2026",hamilton,complete,issuer,2026-09-19 17:31 UTC,ok
CMVP,TSX,HAMILTON CHAMPIONS™ Canadian Dividend Index ETF,Hamilton ETFs (Hamilton Capital Partners Inc.),CM,Canadian Imperial Bank of Comm,3.8,"September 17, 2026",hamilton,complete,issuer,2026-09-19 17:31 UTC,ok
CMVP,TSX,HAMILTON CHAMPIONS™ Canadian Dividend Index ETF,Hamilton ETFs (Hamilton Capital Partners Inc.),L,Loblaw Cos Ltd,3.8,"September 17, 2026",hamilton,complete,issuer,2026-09-19 17:31 UTC,ok
CMVP,TSX,HAMILTON CHAMPIONS™ Canadian Dividend Index ETF,Hamilton ETFs (Hamilton Capital Partners Inc.),RY,Royal Bank of Canada,3.8,"September 17, 2026",hamilton,complete,issuer,2026-09-19 17:31 UTC,ok
CMVP,TSX,HAMILTON CHAMPIONS™ Canadian Dividend Index ETF,Hamilton ETFs (Hamilton Capital Partners Inc.),WCN,Waste Connections Inc,3.8,"September 17, 2026",hamilton,complete,issuer,2026-09-19 17:31 UTC,ok
CMVP,TSX,HAMILTON CHAMPIONS™ Canadian Dividend Index ETF,Hamilton ETFs (Hamilton Capital Partners Inc.),NA,National Bank of Canada,3.8,"September 17, 2026",hamilton,complete,issuer,2026-09-19 17:31 UTC,ok
CMVP,TSX,HAMILTON CHAMPIONS™ Canadian Dividend Index ETF,Hamilton ETFs (Hamilton Capital Partners Inc.),BMO,Bank of Montreal,3.8,"September 17, 2026",hamilton,complete,issuer,2026-09-19 17:31 UTC,ok
CMVP,TSX,HAMILTON CHAMPIONS™ Canadian Dividend Index ETF,Hamilton ETFs (Hamilton Capital Partners Inc.),FTS,Fortis Inc/Canada,3.7,"September 17, 2026",hamilton,complete,issuer,2026-09-19 17:31 UTC,ok
CMVP,TSX,HAMILTON CHAMPIONS™ Canadian Dividend Index ETF,Hamilton ETFs (Hamilton Capital Partners Inc.),DOL,Dollarama Inc,3.7,"September 17, 2026",hamilton,complete,issuer,2026-09-19 17:31 UTC,ok
CMVP,TSX,HAMILTON CHAMPIONS™ Canadian Dividend Index ETF,Hamilton ETFs (Hamilton Capital Partners Inc.),ENB,Enbridge Inc,3.7,"September 17, 2026",hamilton,complete,issuer,2026-09-19 17:31 UTC,ok
CMVP,TSX,HAMILTON CHAMPIONS™ Canadian Dividend Index ETF,Hamilton ETFs (Hamilton Capital Partners Inc.),ATD,Alimentation Couche-Tard Inc,3.6,"September 17, 2026",hamilton,complete,issuer,2026-09-19 17:31 UTC,ok
CMVP,TSX,HAMILTON CHAMPIONS™ Canadian Dividend Index ETF,Hamilton ETFs (Hamilton Capital Partners Inc.),T,TELUS Corp,3.5,"September 17, 2026",hamilton,complete,issuer,2026-09-19 17:31 UTC,ok
CMVP,TSX,HAMILTON CHAMPIONS™ Canadian Dividend Index ETF,Hamilton ETFs (Hamilton Capital Partners Inc.),IFC,Intact Financial Corp,3.5,"September 17, 2026",hamilton,complete,issuer,2026-09-19 17:31 UTC,ok
CMVP,TSX,HAMILTON CHAMPIONS™ Canadian Dividend Index ETF,Hamilton ETFs (Hamilton Capital Partners Inc.),RBA,RB Global Inc,3.4,"September 17, 2026",hamilton,complete,issuer,2026-09-19 17:31 UTC,ok
CMVP,TSX,HAMILTON CHAMPIONS™ Canadian Dividend Index ETF,Hamilton ETFs (Hamilton Capital Partners Inc.),,Cash and Other Assets/Liabilities,0.1,"September 17, 2026",hamilton,complete,n/a,2026-09-19 17:31 UTC,ok
SMVP,TSX,HAMILTON CHAMPIONS™ U.S. Dividend Index ETF,Hamilton ETFs (Hamilton Capital Partners Inc.),BDX,Becton Dickinson & Co,3.3,"September 17, 2026",hamilton,complete,issuer,2026-09-19 17:31 UTC,ok
SMVP,TSX,HAMILTON CHAMPIONS™ U.S. Dividend Index ETF,Hamilton ETFs (Hamilton Capital Partners Inc.),TGT,Target Corp,3.2,"September 17, 2026",hamilton,complete,issuer,2026-09-19 17:31 UTC,ok
SMVP,TSX,HAMILTON CHAMPIONS™ U.S. Dividend Index ETF,Hamilton ETFs (Hamilton Capital Partners Inc.),ROP,Roper Technologies Inc,3.2,"September 17, 2026",hamilton,complete,issuer,2026-09-19 17:31 UTC,ok
SMVP,TSX,HAMILTON CHAMPIONS™ U.S. Dividend Index ETF,Hamilton ETFs (Hamilton Capital Partners Inc.),CVX,Chevron Corp,3.2,"September 17, 2026",hamilton,complete,issuer,2026-09-19 17:31 UTC,ok
SMVP,TSX,HAMILTON CHAMPIONS™ U.S. Dividend Index ETF,Hamilton ETFs (Hamilton Capital Partners Inc.),ADP,Automatic Data Processing Inc,3.2,"September 17, 2026",hamilton,complete,issuer,2026-09-19 17:31 UTC,ok
SMVP,TSX,HAMILTON CHAMPIONS™ U.S. Dividend Index ETF,Hamilton ETFs (Hamilton Capital Partners Inc.),XOM,ExxonMobil Holdings Corp,3.1,"September 17, 2026",hamilton,complete,issuer,2026-09-19 17:31 UTC,ok
SMVP,TSX,HAMILTON CHAMPIONS™ U.S. Dividend Index ETF,Hamilton ETFs (Hamilton Capital Partners Inc.),WAT,Waters Corp,3.0,"September 17, 2026",hamilton,complete,issuer,2026-09-19 17:31 UTC,ok
SMVP,TSX,HAMILTON CHAMPIONS™ U.S. Dividend Index ETF,Hamilton ETFs (Hamilton Capital Partners Inc.),MDT,Medtronic PLC,2.9,"September 17, 2026",hamilton,complete,issuer,2026-09-19 17:31 UTC,ok
SMVP,TSX,HAMILTON CHAMPIONS™ U.S. Dividend Index ETF,Hamilton ETFs (Hamilton Capital Partners Inc.),EMR,Emerson Electric Co,2.9,"September 17, 2026",hamilton,complete,issuer,2026-09-19 17:31 UTC,ok
SMVP,TSX,HAMILTON CHAMPIONS™ U.S. Dividend Index ETF,Hamilton ETFs (Hamilton Capital Partners Inc.),KO,Coca-Cola Co/The,2.8,"September 17, 2026",hamilton,complete,issuer,2026-09-19 17:31 UTC,ok
SMVP,TSX,HAMILTON CHAMPIONS™ U.S. Dividend Index ETF,Hamilton ETFs (Hamilton Capital Partners Inc.),FAST,Fastenal Co,2.8,"September 17, 2026",hamilton,complete,issuer,2026-09-19 17:31 UTC,ok
SMVP,TSX,HAMILTON CHAMPIONS™ U.S. Dividend Index ETF,Hamilton ETFs (Hamilton Capital Partners Inc.),APD,Air Products and Chemicals Inc,2.7,"September 17, 2026",hamilton,complete,issuer,2026-09-19 17:31 UTC,ok
SMVP,TSX,HAMILTON CHAMPIONS™ U.S. Dividend Index ETF,Hamilton ETFs (Hamilton Capital Partners Inc.),ITW,Illinois Tool Works Inc,2.7,"September 17, 2026",hamilton,complete,issuer,2026-09-19 17:31 UTC,ok
SMVP,TSX,HAMILTON CHAMPIONS™ U.S. Dividend Index ETF,Hamilton ETFs (Hamilton Capital Partners Inc.),ECL,Ecolab Inc,2.7,"September 17, 2026",hamilton,complete,issuer,2026-09-19 17:31 UTC,ok
SMVP,TSX,HAMILTON CHAMPIONS™ U.S. Dividend Index ETF,Hamilton ETFs (Hamilton Capital Partners Inc.),SPGI,S&P Global Inc,2.7,"September 17, 2026",hamilton,complete,issuer,2026-09-19 17:31 UTC,ok
SMVP,TSX,HAMILTON CHAMPIONS™ U.S. Dividend Index ETF,Hamilton ETFs (Hamilton Capital Partners Inc.),SHW,Sherwin-Williams Co/The,2.7,"September 17, 2026",hamilton,complete,issuer,2026-09-19 17:31 UTC,ok
SMVP,TSX,HAMILTON CHAMPIONS™ U.S. Dividend Index ETF,Hamilton ETFs (Hamilton Capital Partners Inc.),GD,General Dynamics Corp,2.6,"September 17, 2026",hamilton,complete,issuer,2026-09-19 17:31 UTC,ok
SMVP,TSX,HAMILTON CHAMPIONS™ U.S. Dividend Index ETF,Hamilton ETFs (Hamilton Capital Partners Inc.),JNJ,Johnson & Johnson,2.6,"September 17, 2026",hamilton,complete,issuer,2026-09-19 17:31 UTC,ok
SMVP,TSX,HAMILTON CHAMPIONS™ U.S. Dividend Index ETF,Hamilton ETFs (Hamilton Capital Partners Inc.),PG,Procter & Gamble Co/The,2.6,"September 17, 2026",hamilton,complete,issuer,2026-09-19 17:31 UTC,ok
SMVP,TSX,HAMILTON CHAMPIONS™ U.S. Dividend Index ETF,Hamilton ETFs (Hamilton Capital Partners Inc.),PEP,PepsiCo Inc,2.6,"September 17, 2026",hamilton,complete,issuer,2026-09-19 17:31 UTC,ok
SMVP,TSX,HAMILTON CHAMPIONS™ U.S. Dividend Index ETF,Hamilton ETFs (Hamilton Capital Partners Inc.),GWW,WW Grainger Inc,2.6,"September 17, 2026",hamilton,complete,issuer,2026-09-19 17:31 UTC,ok
SMVP,TSX,HAMILTON CHAMPIONS™ U.S. Dividend Index ETF,Hamilton ETFs (Hamilton Capital Partners Inc.),O,Realty Income Corp,2.6,"September 17, 2026",hamilton,complete,issuer,2026-09-19 17:31 UTC,ok
SMVP,TSX,HAMILTON CHAMPIONS™ U.S. Dividend Index ETF,Hamilton ETFs (Hamilton Capital Partners Inc.),KMB,Kimberly-Clark Corp,2.6,"September 17, 2026",hamilton,complete,issuer,2026-09-19 17:31 UTC,ok
SMVP,TSX,HAMILTON CHAMPIONS™ U.S. Dividend Index ETF,Hamilton ETFs (Hamilton Capital Partners Inc.),CAH,Cardinal Health Inc,2.6,"September 17, 2026",hamilton,complete,issuer,2026-09-19 17:31 UTC,ok
SMVP,TSX,HAMILTON CHAMPIONS™ U.S. Dividend Index ETF,Hamilton ETFs (Hamilton Capital Partners Inc.),CL,Colgate-Palmolive Co,2.5,"September 17, 2026",hamilton,complete,issuer,2026-09-19 17:31 UTC,ok
SMVP,TSX,HAMILTON CHAMPIONS™ U.S. Dividend Index ETF,Hamilton ETFs (Hamilton Capital Partners Inc.),ED,Consolidated Edison Inc,2.5,"September 17, 2026",hamilton,complete,issuer,2026-09-19 17:31 UTC,ok
SMVP,TSX,HAMILTON CHAMPIONS™ U.S. Dividend Index ETF,Hamilton ETFs (Hamilton Capital Partners Inc.),LOW,Lowe's Cos Inc,2.5,"September 17, 2026",hamilton,complete,issuer,2026-09-19 17:31 UTC,ok
SMVP,TSX,HAMILTON CHAMPIONS™ U.S. Dividend Index ETF,Hamilton ETFs (Hamilton Capital Partners Inc.),NEE,NextEra Energy Inc,2.5,"September 17, 2026",hamilton,complete,issuer,2026-09-19 17:31 UTC,ok
SMVP,TSX,HAMILTON CHAMPIONS™ U.S. Dividend Index ETF,Hamilton ETFs (Hamilton Capital Partners Inc.),AFL,Aflac Inc,2.5,"September 17, 2026",hamilton,complete,issuer,2026-09-19 17:31 UTC,ok
SMVP,TSX,HAMILTON CHAMPIONS™ U.S. Dividend Index ETF,Hamilton ETFs (Hamilton Capital Partners Inc.),MBGL,Mobility Global Inc,2.5,"September 17, 2026",hamilton,complete,issuer,2026-09-19 17:31 UTC,ok
SMVP,TSX,HAMILTON CHAMPIONS™ U.S. Dividend Index ETF,Hamilton ETFs (Hamilton Capital Partners Inc.),CB,Chubb Ltd,2.5,"September 17, 2026",hamilton,complete,issuer,2026-09-19 17:31 UTC,ok
SMVP,TSX,HAMILTON CHAMPIONS™ U.S. Dividend Index ETF,Hamilton ETFs (Hamilton Capital Partners Inc.),MCD,McDonald's Corp,2.5,"September 17, 2026",hamilton,complete,issuer,2026-09-19 17:31 UTC,ok
SMVP,TSX,HAMILTON CHAMPIONS™ U.S. Dividend Index ETF,Hamilton ETFs (Hamilton Capital Partners Inc.),WMT,Walmart Inc,2.5,"September 17, 2026",hamilton,complete,issuer,2026-09-19 17:31 UTC,ok
SMVP,TSX,HAMILTON CHAMPIONS™ U.S. Dividend Index ETF,Hamilton ETFs (Hamilton Capital Partners Inc.),LLY,Eli Lilly & Co,2.4,"September 17, 2026",hamilton,complete,issuer,2026-09-19 17:31 UTC,ok
SMVP,TSX,HAMILTON CHAMPIONS™ U.S. Dividend Index ETF,Hamilton ETFs (Hamilton Capital Partners Inc.),LIN,Linde PLC,2.4,"September 17, 2026",hamilton,complete,issuer,2026-09-19 17:31 UTC,ok
SMVP,TSX,HAMILTON CHAMPIONS™ U.S. Dividend Index ETF,Hamilton ETFs (Hamilton Capital Partners Inc.),CAT,Caterpillar Inc,2.2,"September 17, 2026",hamilton,complete,issuer,2026-09-19 17:31 UTC,ok
SMVP,TSX,HAMILTON CHAMPIONS™ U.S. Dividend Index ETF,Hamilton ETFs (Hamilton Capital Partners Inc.),IBM,International Business Machine,2.0,"September 17, 2026",hamilton,complete,issuer,2026-09-19 17:31 UTC,ok
SMVP,TSX,HAMILTON CHAMPIONS™ U.S. Dividend Index ETF,Hamilton ETFs (Hamilton Capital Partners Inc.),,Cash and Other Assets/Liabilities,0.4,"September 17, 2026",hamilton,complete,n/a,2026-09-19 17:31 UTC,ok
QMVP,TSX,HAMILTON CHAMPIONS™ U.S. Technology Index ETF,Hamilton ETFs (Hamilton Capital Partners Inc.),MSFT,Microsoft Corp,6.4,"September 17, 2026",hamilton,complete,issuer,2026-09-19 17:31 UTC,ok
QMVP,TSX,HAMILTON CHAMPIONS™ U.S. Technology Index ETF,Hamilton ETFs (Hamilton Capital Partners Inc.),TSLA,Tesla Inc,6.4,"September 17, 2026",hamilton,complete,issuer,2026-09-19 17:31 UTC,ok
QMVP,TSX,HAMILTON CHAMPIONS™ U.S. Technology Index ETF,Hamilton ETFs (Hamilton Capital Partners Inc.),AAPL,Apple Inc,6.3,"September 17, 2026",hamilton,complete,issuer,2026-09-19 17:31 UTC,ok
QMVP,TSX,HAMILTON CHAMPIONS™ U.S. Technology Index ETF,Hamilton ETFs (Hamilton Capital Partners Inc.),NVDA,NVIDIA Corp,6.1,"September 17, 2026",hamilton,complete,issuer,2026-09-19 17:31 UTC,ok
QMVP,TSX,HAMILTON CHAMPIONS™ U.S. Technology Index ETF,Hamilton ETFs (Hamilton Capital Partners Inc.),META,Meta Platforms Inc,6.0,"September 17, 2026",hamilton,complete,issuer,2026-09-19 17:31 UTC,ok
QMVP,TSX,HAMILTON CHAMPIONS™ U.S. Technology Index ETF,Hamilton ETFs (Hamilton Capital Partners Inc.),AMZN,Amazon.com Inc,5.9,"September 17, 2026",hamilton,complete,issuer,2026-09-19 17:31 UTC,ok
QMVP,TSX,HAMILTON CHAMPIONS™ U.S. Technology Index ETF,Hamilton ETFs (Hamilton Capital Partners Inc.),GOOGL,Alphabet Inc,5.8,"September 17, 2026",hamilton,complete,issuer,2026-09-19 17:31 UTC,ok
QMVP,TSX,HAMILTON CHAMPIONS™ U.S. Technology Index ETF,Hamilton ETFs (Hamilton Capital Partners Inc.),AVGO,Broadcom Inc,5.4,"September 17, 2026",hamilton,complete,issuer,2026-09-19 17:31 UTC,ok
QMVP,TSX,HAMILTON CHAMPIONS™ U.S. Technology Index ETF,Hamilton ETFs (Hamilton Capital Partners Inc.),MU,Micron Technology Inc,5.2,"September 17, 2026",hamilton,complete,issuer,2026-09-19 17:31 UTC,ok
QMVP,TSX,HAMILTON CHAMPIONS™ U.S. Technology Index ETF,Hamilton ETFs (Hamilton Capital Partners Inc.),AMD,Advanced Micro Devices Inc,3.7,"September 17, 2026",hamilton,complete,issuer,2026-09-19 17:31 UTC,ok
QMVP,TSX,HAMILTON CHAMPIONS™ U.S. Technology Index ETF,Hamilton ETFs (Hamilton Capital Partners Inc.),CTSH,Cognizant Technology Solutions,3.5,"September 17, 2026",hamilton,complete,issuer,2026-09-19 17:31 UTC,ok
QMVP,TSX,HAMILTON CHAMPIONS™ U.S. Technology Index ETF,Hamilton ETFs (Hamilton Capital Partners Inc.),WDAY,Workday Inc,3.5,"September 17, 2026",hamilton,complete,issuer,2026-09-19 17:31 UTC,ok
QMVP,TSX,HAMILTON CHAMPIONS™ U.S. Technology Index ETF,Hamilton ETFs (Hamilton Capital Partners Inc.),ADBE,Adobe Inc,3.4,"September 17, 2026",hamilton,complete,issuer,2026-09-19 17:31 UTC,ok
QMVP,TSX,HAMILTON CHAMPIONS™ U.S. Technology Index ETF,Hamilton ETFs (Hamilton Capital Partners Inc.),INTU,Intuit Inc,3.3,"September 17, 2026",hamilton,complete,issuer,2026-09-19 17:31 UTC,ok
QMVP,TSX,HAMILTON CHAMPIONS™ U.S. Technology Index ETF,Hamilton ETFs (Hamilton Capital Partners Inc.),NFLX,Netflix Inc,3.3,"September 17, 2026",hamilton,complete,issuer,2026-09-19 17:31 UTC,ok
QMVP,TSX,HAMILTON CHAMPIONS™ U.S. Technology Index ETF,Hamilton ETFs (Hamilton Capital Partners Inc.),QCOM,QUALCOMM Inc,3.2,"September 17, 2026",hamilton,complete,issuer,2026-09-19 17:31 UTC,ok
QMVP,TSX,HAMILTON CHAMPIONS™ U.S. Technology Index ETF,Hamilton ETFs (Hamilton Capital Partners Inc.),PANW,Palo Alto Networks Inc,3.2,"September 17, 2026",hamilton,complete,issuer,2026-09-19 17:31 UTC,ok
QMVP,TSX,HAMILTON CHAMPIONS™ U.S. Technology Index ETF,Hamilton ETFs (Hamilton Capital Partners Inc.),LRCX,Lam Research Corp,2.9,"September 17, 2026",hamilton,complete,issuer,2026-09-19 17:31 UTC,ok
QMVP,TSX,HAMILTON CHAMPIONS™ U.S. Technology Index ETF,Hamilton ETFs (Hamilton Capital Partners Inc.),EBAY,eBay Inc,2.9,"September 17, 2026",hamilton,complete,issuer,2026-09-19 17:31 UTC,ok
QMVP,TSX,HAMILTON CHAMPIONS™ U.S. Technology Index ETF,Hamilton ETFs (Hamilton Capital Partners Inc.),TXN,Texas Instruments Inc,2.8,"September 17, 2026",hamilton,complete,issuer,2026-09-19 17:31 UTC,ok
QMVP,TSX,HAMILTON CHAMPIONS™ U.S. Technology Index ETF,Hamilton ETFs (Hamilton Capital Partners Inc.),KLAC,KLA Corp,2.7,"September 17, 2026",hamilton,complete,issuer,2026-09-19 17:31 UTC,ok
QMVP,TSX,HAMILTON CHAMPIONS™ U.S. Technology Index ETF,Hamilton ETFs (Hamilton Capital Partners Inc.),CSCO,Cisco Systems Inc,2.7,"September 17, 2026",hamilton,complete,issuer,2026-09-19 17:31 UTC,ok
QMVP,TSX,HAMILTON CHAMPIONS™ U.S. Technology Index ETF,Hamilton ETFs (Hamilton Capital Partners Inc.),INTC,Intel Corp,2.6,"September 17, 2026",hamilton,complete,issuer,2026-09-19 17:31 UTC,ok
QMVP,TSX,HAMILTON CHAMPIONS™ U.S. Technology Index ETF,Hamilton ETFs (Hamilton Capital Partners Inc.),AMAT,Applied Materials Inc,2.5,"September 17, 2026",hamilton,complete,issuer,2026-09-19 17:31 UTC,ok
QMVP,TSX,HAMILTON CHAMPIONS™ U.S. Technology Index ETF,Hamilton ETFs (Hamilton Capital Partners Inc.),,Cash and Other Assets/Liabilities,0.2,"September 17, 2026",hamilton,complete,n/a,2026-09-19 17:31 UTC,ok
UMVP,TSX,HAMILTON CHAMPIONS™ Utilities Index ETF,Hamilton ETFs (Hamilton Capital Partners Inc.),CU,Canadian Utilities Ltd,9.0,"September 17, 2026",hamilton,complete,issuer,2026-09-19 17:31 UTC,ok
UMVP,TSX,HAMILTON CHAMPIONS™ Utilities Index ETF,Hamilton ETFs (Hamilton Capital Partners Inc.),FTS,Fortis Inc/Canada,8.8,"September 17, 2026",hamilton,complete,issuer,2026-09-19 17:31 UTC,ok
UMVP,TSX,HAMILTON CHAMPIONS™ Utilities Index ETF,Hamilton ETFs (Hamilton Capital Partners Inc.),PPL,Pembina Pipeline Corp,8.7,"September 17, 2026",hamilton,complete,issuer,2026-09-19 17:31 UTC,ok
UMVP,TSX,HAMILTON CHAMPIONS™ Utilities Index ETF,Hamilton ETFs (Hamilton Capital Partners Inc.),ALA,AltaGas Ltd,8.7,"September 17, 2026",hamilton,complete,issuer,2026-09-19 17:31 UTC,ok
UMVP,TSX,HAMILTON CHAMPIONS™ Utilities Index ETF,Hamilton ETFs (Hamilton Capital Partners Inc.),EMA,Emera Inc,8.6,"September 17, 2026",hamilton,complete,issuer,2026-09-19 17:31 UTC,ok
UMVP,TSX,HAMILTON CHAMPIONS™ Utilities Index ETF,Hamilton ETFs (Hamilton Capital Partners Inc.),BIP-U,Brookfield Infrastructure Part,8.6,"September 17, 2026",hamilton,complete,issuer,2026-09-19 17:31 UTC,ok
UMVP,TSX,HAMILTON CHAMPIONS™ Utilities Index ETF,Hamilton ETFs (Hamilton Capital Partners Inc.),RCI/B,Rogers Communications Inc,8.5,"September 17, 2026",hamilton,complete,issuer,2026-09-19 17:31 UTC,ok
UMVP,TSX,HAMILTON CHAMPIONS™ Utilities Index ETF,Hamilton ETFs (Hamilton Capital Partners Inc.),BCE,BCE Inc,8.4,"September 17, 2026",hamilton,complete,issuer,2026-09-19 17:31 UTC,ok
UMVP,TSX,HAMILTON CHAMPIONS™ Utilities Index ETF,Hamilton ETFs (Hamilton Capital Partners Inc.),TRP,TC Energy Corp,8.1,"September 17, 2026",hamilton,complete,issuer,2026-09-19 17:31 UTC,ok
UMVP,TSX,HAMILTON CHAMPIONS™ Utilities Index ETF,Hamilton ETFs (Hamilton Capital Partners Inc.),ENB,Enbridge Inc,7.9,"September 17, 2026",hamilton,complete,issuer,2026-09-19 17:31 UTC,ok
UMVP,TSX,HAMILTON CHAMPIONS™ Utilities Index ETF,Hamilton ETFs (Hamilton Capital Partners Inc.),BEP-U,Brookfield Renewable Partners,7.5,"September 17, 2026",hamilton,complete,issuer,2026-09-19 17:31 UTC,ok
UMVP,TSX,HAMILTON CHAMPIONS™ Utilities Index ETF,Hamilton ETFs (Hamilton Capital Partners Inc.),T,TELUS Corp,6.9,"September 17, 2026",hamilton,complete,issuer,2026-09-19 17:31 UTC,ok
UMVP,TSX,HAMILTON CHAMPIONS™ Utilities Index ETF,Hamilton ETFs (Hamilton Capital Partners Inc.),,Cash and Other Assets/Liabilities,0.2,"September 17, 2026",hamilton,complete,n/a,2026-09-19 17:31 UTC,ok
HEB,TSX,HAMILTON CHAMPIONS™ Canadian Bank Equal-Weight Index ETF,Hamilton ETFs (Hamilton Capital Partners Inc.),BNS,Bank of Nova Scotia/The,17.6,"September 17, 2026",hamilton,complete,issuer,2026-09-19 17:31 UTC,ok
HEB,TSX,HAMILTON CHAMPIONS™ Canadian Bank Equal-Weight Index ETF,Hamilton ETFs (Hamilton Capital Partners Inc.),TD,Toronto-Dominion Bank/The,17.4,"September 17, 2026",hamilton,complete,issuer,2026-09-19 17:31 UTC,ok
HEB,TSX,HAMILTON CHAMPIONS™ Canadian Bank Equal-Weight Index ETF,Hamilton ETFs (Hamilton Capital Partners Inc.),RY,Royal Bank of Canada,17.3,"September 17, 2026",hamilton,complete,issuer,2026-09-19 17:31 UTC,ok
HEB,TSX,HAMILTON CHAMPIONS™ Canadian Bank Equal-Weight Index ETF,Hamilton ETFs (Hamilton Capital Partners Inc.),BMO,Bank of Montreal,16.5,"September 17, 2026",hamilton,complete,issuer,2026-09-19 17:31 UTC,ok
HEB,TSX,HAMILTON CHAMPIONS™ Canadian Bank Equal-Weight Index ETF,Hamilton ETFs (Hamilton Capital Partners Inc.),CM,Canadian Imperial Bank of Comm,15.8,"September 17, 2026",hamilton,complete,issuer,2026-09-19 17:31 UTC,ok
HEB,TSX,HAMILTON CHAMPIONS™ Canadian Bank Equal-Weight Index ETF,Hamilton ETFs (Hamilton Capital Partners Inc.),NA,National Bank of Canada,15.4,"September 17, 2026",hamilton,complete,issuer,2026-09-19 17:31 UTC,ok
HEB,TSX,HAMILTON CHAMPIONS™ Canadian Bank Equal-Weight Index ETF,Hamilton ETFs (Hamilton Capital Partners Inc.),,Cash and Other Assets/Liabilities,0.0,"September 17, 2026",hamilton,complete,n/a,2026-09-19 17:31 UTC,ok
HFN,TSX,HAMILTON CHAMPIONS™ Canadian Financials Index ETF,Hamilton ETFs (Hamilton Capital Partners Inc.),GWO,Great-West Lifeco Inc,9.3,"September 17, 2026",hamilton,complete,issuer,2026-09-19 17:31 UTC,ok
HFN,TSX,HAMILTON CHAMPIONS™ Canadian Financials Index ETF,Hamilton ETFs (Hamilton Capital Partners Inc.),BNS,Bank of Nova Scotia/The,9.2,"September 17, 2026",hamilton,complete,issuer,2026-09-19 17:31 UTC,ok
HFN,TSX,HAMILTON CHAMPIONS™ Canadian Financials Index ETF,Hamilton ETFs (Hamilton Capital Partners Inc.),RY,Royal Bank of Canada,8.8,"September 17, 2026",hamilton,complete,issuer,2026-09-19 17:31 UTC,ok
HFN,TSX,HAMILTON CHAMPIONS™ Canadian Financials Index ETF,Hamilton ETFs (Hamilton Capital Partners Inc.),TD,Toronto-Dominion Bank/The,8.8,"September 17, 2026",hamilton,complete,issuer,2026-09-19 17:31 UTC,ok
HFN,TSX,HAMILTON CHAMPIONS™ Canadian Financials Index ETF,Hamilton ETFs (Hamilton Capital Partners Inc.),BMO,Bank of Montreal,8.7,"September 17, 2026",hamilton,complete,issuer,2026-09-19 17:31 UTC,ok
HFN,TSX,HAMILTON CHAMPIONS™ Canadian Financials Index ETF,Hamilton ETFs (Hamilton Capital Partners Inc.),SLF,Sun Life Financial Inc,8.5,"September 17, 2026",hamilton,complete,issuer,2026-09-19 17:31 UTC,ok
HFN,TSX,HAMILTON CHAMPIONS™ Canadian Financials Index ETF,Hamilton ETFs (Hamilton Capital Partners Inc.),MFC,Manulife Financial Corp,8.4,"September 17, 2026",hamilton,complete,issuer,2026-09-19 17:31 UTC,ok
HFN,TSX,HAMILTON CHAMPIONS™ Canadian Financials Index ETF,Hamilton ETFs (Hamilton Capital Partners Inc.),CM,Canadian Imperial Bank of Comm,8.0,"September 17, 2026",hamilton,complete,issuer,2026-09-19 17:31 UTC,ok
HFN,TSX,HAMILTON CHAMPIONS™ Canadian Financials Index ETF,Hamilton ETFs (Hamilton Capital Partners Inc.),NA,National Bank of Canada,7.9,"September 17, 2026",hamilton,complete,issuer,2026-09-19 17:31 UTC,ok
HFN,TSX,HAMILTON CHAMPIONS™ Canadian Financials Index ETF,Hamilton ETFs (Hamilton Capital Partners Inc.),IFC,Intact Financial Corp,7.8,"September 17, 2026",hamilton,complete,issuer,2026-09-19 17:31 UTC,ok
HFN,TSX,HAMILTON CHAMPIONS™ Canadian Financials Index ETF,Hamilton ETFs (Hamilton Capital Partners Inc.),FFH,Fairfax Financial Holdings Ltd,7.3,"September 17, 2026",hamilton,complete,issuer,2026-09-19 17:31 UTC,ok
HFN,TSX,HAMILTON CHAMPIONS™ Canadian Financials Index ETF,Hamilton ETFs (Hamilton Capital Partners Inc.),BN,Brookfield Corp,7.1,"September 17, 2026",hamilton,complete,issuer,2026-09-19 17:31 UTC,ok
HFN,TSX,HAMILTON CHAMPIONS™ Canadian Financials Index ETF,Hamilton ETFs (Hamilton Capital Partners Inc.),,Cash and Other Assets/Liabilities,0.2,"September 17, 2026",hamilton,complete,n/a,2026-09-19 17:31 UTC,ok
HHL,TSX,Harvest Healthcare Leaders Income ETF,Harvest ETFs,REGN,"Regeneron Pharmaceuticals, Inc.",5.4,2026/09/18,harvest,complete,issuer,2026-09-19 17:31 UTC,ok
HHL,TSX,Harvest Healthcare Leaders Income ETF,Harvest ETFs,VRTX,Vertex Pharmaceuticals Incorporated,5.4,2026/09/18,harvest,complete,issuer,2026-09-19 17:31 UTC,ok
HHL,TSX,Harvest Healthcare Leaders Income ETF,Harvest ETFs,A,"Agilent Technologies, Inc.",5.3,2026/09/18,harvest,complete,issuer,2026-09-19 17:31 UTC,ok
HHL,TSX,Harvest Healthcare Leaders Income ETF,Harvest ETFs,AMGN,Amgen Inc.,5.3,2026/09/18,harvest,complete,issuer,2026-09-19 17:31 UTC,ok
HHL,TSX,Harvest Healthcare Leaders Income ETF,Harvest ETFs,DHR,Danaher Corporation,5.2,2026/09/18,harvest,complete,issuer,2026-09-19 17:31 UTC,ok
HHL,TSX,Harvest Healthcare Leaders Income ETF,Harvest ETFs,TMO,Thermo Fisher Scientific Inc.,5.2,2026/09/18,harvest,complete,issuer,2026-09-19 17:31 UTC,ok
HHL,TSX,Harvest Healthcare Leaders Income ETF,Harvest ETFs,BSX,Boston Scientific Corporation,5.1,2026/09/18,harvest,complete,issuer,2026-09-19 17:31 UTC,ok
HHL,TSX,Harvest Healthcare Leaders Income ETF,Harvest ETFs,ISRG,"Intuitive Surgical, Inc.",5.1,2026/09/18,harvest,complete,issuer,2026-09-19 17:31 UTC,ok
HHL,TSX,Harvest Healthcare Leaders Income ETF,Harvest ETFs,BMY,Bristol-Myers Squibb Company,5.0,2026/09/18,harvest,complete,issuer,2026-09-19 17:31 UTC,ok
HHL,TSX,Harvest Healthcare Leaders Income ETF,Harvest ETFs,ELV,"Elevance Health, Inc.",5.0,2026/09/18,harvest,complete,issuer,2026-09-19 17:31 UTC,ok
HHL,TSX,Harvest Healthcare Leaders Income ETF,Harvest ETFs,MDT,Medtronic PLC,5.0,2026/09/18,harvest,complete,issuer,2026-09-19 17:31 UTC,ok
HHL,TSX,Harvest Healthcare Leaders Income ETF,Harvest ETFs,MRK,"Merck & Co., Inc.",5.0,2026/09/18,harvest,complete,issuer,2026-09-19 17:31 UTC,ok
HHL,TSX,Harvest Healthcare Leaders Income ETF,Harvest ETFs,ABT,Abbott Laboratories,4.9,2026/09/18,harvest,complete,issuer,2026-09-19 17:31 UTC,ok
HHL,TSX,Harvest Healthcare Leaders Income ETF,Harvest ETFs,JNJ,Johnson & Johnson,4.9,2026/09/18,harvest,complete,issuer,2026-09-19 17:31 UTC,ok
HHL,TSX,Harvest Healthcare Leaders Income ETF,Harvest ETFs,ABBV,AbbVie Inc.,4.7,2026/09/18,harvest,complete,issuer,2026-09-19 17:31 UTC,ok
HHL,TSX,Harvest Healthcare Leaders Income ETF,Harvest ETFs,LLY,Eli Lilly and Company,4.7,2026/09/18,harvest,complete,issuer,2026-09-19 17:31 UTC,ok
HHL,TSX,Harvest Healthcare Leaders Income ETF,Harvest ETFs,NVS,Novartis AG,4.6,2026/09/18,harvest,complete,issuer,2026-09-19 17:31 UTC,ok
HHL,TSX,Harvest Healthcare Leaders Income ETF,Harvest ETFs,AZN,AstraZeneca PLC,4.5,2026/09/18,harvest,complete,issuer,2026-09-19 17:31 UTC,ok
HHL,TSX,Harvest Healthcare Leaders Income ETF,Harvest ETFs,UNH,UnitedHealth Group Incorporated,4.5,2026/09/18,harvest,complete,issuer,2026-09-19 17:31 UTC,ok
HHL,TSX,Harvest Healthcare Leaders Income ETF,Harvest ETFs,SYK,Stryker Corporation,4.4,2026/09/18,harvest,complete,issuer,2026-09-19 17:31 UTC,ok
HHL,TSX,Harvest Healthcare Leaders Income ETF,Harvest ETFs,,Cash and other assets and liabilities,0.5,2026/09/18,harvest,complete,n/a,2026-09-19 17:31 UTC,ok
HHL,TSX,Harvest Healthcare Leaders Income ETF,Harvest ETFs,TBIL,Harvest Canadian T-Bill ETF,0.4,2026/09/18,harvest,complete,issuer,2026-09-19 17:31 UTC,ok
HHL,TSX,Harvest Healthcare Leaders Income ETF,Harvest ETFs,,Foreign currency forwards,0.3,2026/09/18,harvest,complete,n/a,2026-09-19 17:31 UTC,ok
HHL,TSX,Harvest Healthcare Leaders Income ETF,Harvest ETFs,,Written Options,-0.3,2026/09/18,harvest,complete,n/a,2026-09-19 17:31 UTC,ok
HTA,TSX,Harvest Tech Achievers Growth & Income ETF,Harvest ETFs,NOW,"ServiceNow, Inc.",7.0,2026/09/18,harvest,complete,issuer,2026-09-19 17:31 UTC,ok
HTA,TSX,Harvest Tech Achievers Growth & Income ETF,Harvest ETFs,MSFT,Microsoft Corporation,6.1,2026/09/18,harvest,complete,issuer,2026-09-19 17:31 UTC,ok
HTA,TSX,Harvest Tech Achievers Growth & Income ETF,Harvest ETFs,ORCL,Oracle Corporation,5.8,2026/09/18,harvest,complete,issuer,2026-09-19 17:31 UTC,ok
HTA,TSX,Harvest Tech Achievers Growth & Income ETF,Harvest ETFs,INTU,Intuit Inc.,5.7,2026/09/18,harvest,complete,issuer,2026-09-19 17:31 UTC,ok
HTA,TSX,Harvest Tech Achievers Growth & Income ETF,Harvest ETFs,MSI,"Motorola Solutions, Inc.",5.4,2026/09/18,harvest,complete,issuer,2026-09-19 17:31 UTC,ok
HTA,TSX,Harvest Tech Achievers Growth & Income ETF,Harvest ETFs,PANW,"Palo Alto Networks, Inc.",5.4,2026/09/18,harvest,complete,issuer,2026-09-19 17:31 UTC,ok
HTA,TSX,Harvest Tech Achievers Growth & Income ETF,Harvest ETFs,ANET,"Arista Networks, Inc.",5.2,2026/09/18,harvest,complete,issuer,2026-09-19 17:31 UTC,ok
HTA,TSX,Harvest Tech Achievers Growth & Income ETF,Harvest ETFs,GOOGL,Alphabet Inc.,4.9,2026/09/18,harvest,complete,issuer,2026-09-19 17:31 UTC,ok
HTA,TSX,Harvest Tech Achievers Growth & Income ETF,Harvest ETFs,NVDA,NVIDIA Corporation,4.9,2026/09/18,harvest,complete,issuer,2026-09-19 17:31 UTC,ok
HTA,TSX,Harvest Tech Achievers Growth & Income ETF,Harvest ETFs,MU,"Micron Technology, Inc.",4.8,2026/09/18,harvest,complete,issuer,2026-09-19 17:31 UTC,ok
HTA,TSX,Harvest Tech Achievers Growth & Income ETF,Harvest ETFs,APH,Amphenol Corporation,4.7,2026/09/18,harvest,complete,issuer,2026-09-19 17:31 UTC,ok
HTA,TSX,Harvest Tech Achievers Growth & Income ETF,Harvest ETFs,AVGO,Broadcom Inc.,4.5,2026/09/18,harvest,complete,issuer,2026-09-19 17:31 UTC,ok
HTA,TSX,Harvest Tech Achievers Growth & Income ETF,Harvest ETFs,CSCO,"Cisco Systems, Inc.",4.5,2026/09/18,harvest,complete,issuer,2026-09-19 17:31 UTC,ok
HTA,TSX,Harvest Tech Achievers Growth & Income ETF,Harvest ETFs,LRCX,Lam Research Corporation,4.5,2026/09/18,harvest,complete,issuer,2026-09-19 17:31 UTC,ok
HTA,TSX,Harvest Tech Achievers Growth & Income ETF,Harvest ETFs,AAPL,Apple Inc.,4.4,2026/09/18,harvest,complete,issuer,2026-09-19 17:31 UTC,ok
HTA,TSX,Harvest Tech Achievers Growth & Income ETF,Harvest ETFs,META,"Meta Platforms, Inc.",4.4,2026/09/18,harvest,complete,issuer,2026-09-19 17:31 UTC,ok
HTA,TSX,Harvest Tech Achievers Growth & Income ETF,Harvest ETFs,STX,Seagate Technology Holdings PLC,4.4,2026/09/18,harvest,complete,issuer,2026-09-19 17:31 UTC,ok
HTA,TSX,Harvest Tech Achievers Growth & Income ETF,Harvest ETFs,TXN,Texas Instruments Incorporated,4.3,2026/09/18,harvest,complete,issuer,2026-09-19 17:31 UTC,ok
HTA,TSX,Harvest Tech Achievers Growth & Income ETF,Harvest ETFs,AMD,"Advanced Micro Devices, Inc.",4.1,2026/09/18,harvest,complete,issuer,2026-09-19 17:31 UTC,ok
HTA,TSX,Harvest Tech Achievers Growth & Income ETF,Harvest ETFs,AMAT,"Applied Materials, Inc.",3.9,2026/09/18,harvest,complete,issuer,2026-09-19 17:31 UTC,ok
HTA,TSX,Harvest Tech Achievers Growth & Income ETF,Harvest ETFs,,Cash and other assets and liabilities,1.3,2026/09/18,harvest,complete,n/a,2026-09-19 17:31 UTC,ok
HTA,TSX,Harvest Tech Achievers Growth & Income ETF,Harvest ETFs,TBIL,Harvest Canadian T-Bill ETF,0.4,2026/09/18,harvest,complete,issuer,2026-09-19 17:31 UTC,ok
HTA,TSX,Harvest Tech Achievers Growth & Income ETF,Harvest ETFs,,Foreign currency forwards,0.3,2026/09/18,harvest,complete,n/a,2026-09-19 17:31 UTC,ok
HTA,TSX,Harvest Tech Achievers Growth & Income ETF,Harvest ETFs,,Written Options,-0.9,2026/09/18,harvest,complete,n/a,2026-09-19 17:31 UTC,ok
HBF,TSX,Harvest Brand Leaders Plus Income ETF,Harvest ETFs,MSFT,Microsoft Corporation,6.1,2026/09/18,harvest,complete,issuer,2026-09-19 17:32 UTC,ok
HBF,TSX,Harvest Brand Leaders Plus Income ETF,Harvest ETFs,ORCL,Oracle Corporation,6.0,2026/09/18,harvest,complete,issuer,2026-09-19 17:32 UTC,ok
HBF,TSX,Harvest Brand Leaders Plus Income ETF,Harvest ETFs,NVDA,NVIDIA Corporation,5.5,2026/09/18,harvest,complete,issuer,2026-09-19 17:32 UTC,ok
HBF,TSX,Harvest Brand Leaders Plus Income ETF,Harvest ETFs,AMZN,"Amazon.com, Inc.",5.4,2026/09/18,harvest,complete,issuer,2026-09-19 17:32 UTC,ok
HBF,TSX,Harvest Brand Leaders Plus Income ETF,Harvest ETFs,VZ,Verizon Communications Inc.,5.0,2026/09/18,harvest,complete,issuer,2026-09-19 17:32 UTC,ok
HBF,TSX,Harvest Brand Leaders Plus Income ETF,Harvest ETFs,MS,Morgan Stanley,4.9,2026/09/18,harvest,complete,issuer,2026-09-19 17:32 UTC,ok
HBF,TSX,Harvest Brand Leaders Plus Income ETF,Harvest ETFs,SHEL,Shell PLC,4.9,2026/09/18,harvest,complete,issuer,2026-09-19 17:32 UTC,ok
HBF,TSX,Harvest Brand Leaders Plus Income ETF,Harvest ETFs,V,Visa Inc.,4.9,2026/09/18,harvest,complete,issuer,2026-09-19 17:32 UTC,ok
HBF,TSX,Harvest Brand Leaders Plus Income ETF,Harvest ETFs,GOOGL,Alphabet Inc.,4.8,2026/09/18,harvest,complete,issuer,2026-09-19 17:32 UTC,ok
HBF,TSX,Harvest Brand Leaders Plus Income ETF,Harvest ETFs,CAT,Caterpillar Inc.,4.8,2026/09/18,harvest,complete,issuer,2026-09-19 17:32 UTC,ok
HBF,TSX,Harvest Brand Leaders Plus Income ETF,Harvest ETFs,JPM,JPMorgan Chase & Co.,4.8,2026/09/18,harvest,complete,issuer,2026-09-19 17:32 UTC,ok
HBF,TSX,Harvest Brand Leaders Plus Income ETF,Harvest ETFs,PG,The Procter & Gamble Company,4.8,2026/09/18,harvest,complete,issuer,2026-09-19 17:32 UTC,ok
HBF,TSX,Harvest Brand Leaders Plus Income ETF,Harvest ETFs,WFC,Wells Fargo & Company,4.8,2026/09/18,harvest,complete,issuer,2026-09-19 17:32 UTC,ok
HBF,TSX,Harvest Brand Leaders Plus Income ETF,Harvest ETFs,AVGO,Broadcom Inc.,4.7,2026/09/18,harvest,complete,issuer,2026-09-19 17:32 UTC,ok
HBF,TSX,Harvest Brand Leaders Plus Income ETF,Harvest ETFs,KO,The Coca-Cola Company,4.7,2026/09/18,harvest,complete,issuer,2026-09-19 17:32 UTC,ok
HBF,TSX,Harvest Brand Leaders Plus Income ETF,Harvest ETFs,MCD,McDonald's Corporation,4.6,2026/09/18,harvest,complete,issuer,2026-09-19 17:32 UTC,ok
HBF,TSX,Harvest Brand Leaders Plus Income ETF,Harvest ETFs,CSCO,"Cisco Systems, Inc.",4.5,2026/09/18,harvest,complete,issuer,2026-09-19 17:32 UTC,ok
HBF,TSX,Harvest Brand Leaders Plus Income ETF,Harvest ETFs,AAPL,Apple Inc.,4.4,2026/09/18,harvest,complete,issuer,2026-09-19 17:32 UTC,ok
HBF,TSX,Harvest Brand Leaders Plus Income ETF,Harvest ETFs,WMT,Walmart Inc.,4.4,2026/09/18,harvest,complete,issuer,2026-09-19 17:32 UTC,ok
HBF,TSX,Harvest Brand Leaders Plus Income ETF,Harvest ETFs,UNH,UnitedHealth Group Incorporated,4.3,2026/09/18,harvest,complete,issuer,2026-09-19 17:32 UTC,ok
HBF,TSX,Harvest Brand Leaders Plus Income ETF,Harvest ETFs,,Cash and other assets and liabilities,1.7,2026/09/18,harvest,complete,n/a,2026-09-19 17:32 UTC,ok
HBF,TSX,Harvest Brand Leaders Plus Income ETF,Harvest ETFs,,Foreign currency forwards,0.3,2026/09/18,harvest,complete,n/a,2026-09-19 17:32 UTC,ok
HBF,TSX,Harvest Brand Leaders Plus Income ETF,Harvest ETFs,TBIL,Harvest Canadian T-Bill ETF,0.1,2026/09/18,harvest,complete,issuer,2026-09-19 17:32 UTC,ok
HBF,TSX,Harvest Brand Leaders Plus Income ETF,Harvest ETFs,,Written Options,-0.5,2026/09/18,harvest,complete,n/a,2026-09-19 17:32 UTC,ok
HUTL,TSX,Harvest Equal Weight Global Utilities Income ETF,Harvest ETFs,RCI/B,Rogers Communications Inc.,3.5,2026/09/18,harvest,complete,issuer,2026-09-19 17:32 UTC,ok
HUTL,TSX,Harvest Equal Weight Global Utilities Income ETF,Harvest ETFs,UU/ LN,United Utilities Group PLC,3.5,2026/09/18,harvest,complete,issuer,2026-09-19 17:32 UTC,ok
HUTL,TSX,Harvest Equal Weight Global Utilities Income ETF,Harvest ETFs,T,AT&T Inc.,3.4,2026/09/18,harvest,complete,issuer,2026-09-19 17:32 UTC,ok
HUTL,TSX,Harvest Equal Weight Global Utilities Income ETF,Harvest ETFs,DUK,Duke Energy Corporation,3.4,2026/09/18,harvest,complete,issuer,2026-09-19 17:32 UTC,ok
HUTL,TSX,Harvest Equal Weight Global Utilities Income ETF,Harvest ETFs,FORTUM FH,Fortum Oyj,3.4,2026/09/18,harvest,complete,issuer,2026-09-19 17:32 UTC,ok
HUTL,TSX,Harvest Equal Weight Global Utilities Income ETF,Harvest ETFs,KMI,"Kinder Morgan, Inc.",3.4,2026/09/18,harvest,complete,issuer,2026-09-19 17:32 UTC,ok
HUTL,TSX,Harvest Equal Weight Global Utilities Income ETF,Harvest ETFs,NTGY SM,"Naturgy Energy Group, S.A.",3.4,2026/09/18,harvest,complete,issuer,2026-09-19 17:32 UTC,ok
HUTL,TSX,Harvest Equal Weight Global Utilities Income ETF,Harvest ETFs,OKE,"ONEOK, Inc.",3.4,2026/09/18,harvest,complete,issuer,2026-09-19 17:32 UTC,ok
HUTL,TSX,Harvest Equal Weight Global Utilities Income ETF,Harvest ETFs,PNW,Pinnacle West Capital Corporation,3.4,2026/09/18,harvest,complete,issuer,2026-09-19 17:32 UTC,ok
HUTL,TSX,Harvest Equal Weight Global Utilities Income ETF,Harvest ETFs,SVT LN,Severn Trent PLC,3.4,2026/09/18,harvest,complete,issuer,2026-09-19 17:32 UTC,ok
HUTL,TSX,Harvest Equal Weight Global Utilities Income ETF,Harvest ETFs,VZ,Verizon Communications Inc.,3.4,2026/09/18,harvest,complete,issuer,2026-09-19 17:32 UTC,ok
HUTL,TSX,Harvest Equal Weight Global Utilities Income ETF,Harvest ETFs,BCE,BCE Inc.,3.3,2026/09/18,harvest,complete,issuer,2026-09-19 17:32 UTC,ok
HUTL,TSX,Harvest Equal Weight Global Utilities Income ETF,Harvest ETFs,BT/A LN,BT Group PLC,3.3,2026/09/18,harvest,complete,issuer,2026-09-19 17:32 UTC,ok
HUTL,TSX,Harvest Equal Weight Global Utilities Income ETF,Harvest ETFs,CMCSA,Comcast Corporation,3.3,2026/09/18,harvest,complete,issuer,2026-09-19 17:32 UTC,ok
HUTL,TSX,Harvest Equal Weight Global Utilities Income ETF,Harvest ETFs,ENB,Enbridge Inc.,3.3,2026/09/18,harvest,complete,issuer,2026-09-19 17:32 UTC,ok
HUTL,TSX,Harvest Equal Weight Global Utilities Income ETF,Harvest ETFs,KPN NA,Koninklijke KPN N.V.,3.3,2026/09/18,harvest,complete,issuer,2026-09-19 17:32 UTC,ok
HUTL,TSX,Harvest Equal Weight Global Utilities Income ETF,Harvest ETFs,PPL,Pembina Pipeline Corporation,3.3,2026/09/18,harvest,complete,issuer,2026-09-19 17:32 UTC,ok
HUTL,TSX,Harvest Equal Weight Global Utilities Income ETF,Harvest ETFs,TRP,TC Energy Corporation,3.3,2026/09/18,harvest,complete,issuer,2026-09-19 17:32 UTC,ok
HUTL,TSX,Harvest Equal Weight Global Utilities Income ETF,Harvest ETFs,TELIA SS,Telia Company AB,3.3,2026/09/18,harvest,complete,issuer,2026-09-19 17:32 UTC,ok
HUTL,TSX,Harvest Equal Weight Global Utilities Income ETF,Harvest ETFs,DTE GR,Deutsche Telekom AG,3.2,2026/09/18,harvest,complete,issuer,2026-09-19 17:32 UTC,ok
HUTL,TSX,Harvest Equal Weight Global Utilities Income ETF,Harvest ETFs,D,"Dominion Energy, Inc.",3.2,2026/09/18,harvest,complete,issuer,2026-09-19 17:32 UTC,ok
HUTL,TSX,Harvest Equal Weight Global Utilities Income ETF,Harvest ETFs,EMA,Emera Incorporated,3.2,2026/09/18,harvest,complete,issuer,2026-09-19 17:32 UTC,ok
HUTL,TSX,Harvest Equal Weight Global Utilities Income ETF,Harvest ETFs,ES,Eversource Energy,3.2,2026/09/18,harvest,complete,issuer,2026-09-19 17:32 UTC,ok
HUTL,TSX,Harvest Equal Weight Global Utilities Income ETF,Harvest ETFs,EXC,Exelon Corporation,3.2,2026/09/18,harvest,complete,issuer,2026-09-19 17:32 UTC,ok
HUTL,TSX,Harvest Equal Weight Global Utilities Income ETF,Harvest ETFs,FE,FirstEnergy Corp.,3.2,2026/09/18,harvest,complete,issuer,2026-09-19 17:32 UTC,ok
HUTL,TSX,Harvest Equal Weight Global Utilities Income ETF,Harvest ETFs,NG/ LN,National Grid PLC,3.2,2026/09/18,harvest,complete,issuer,2026-09-19 17:32 UTC,ok
HUTL,TSX,Harvest Equal Weight Global Utilities Income ETF,Harvest ETFs,SCMN SW,Swisscom AG,3.2,2026/09/18,harvest,complete,issuer,2026-09-19 17:32 UTC,ok
HUTL,TSX,Harvest Equal Weight Global Utilities Income ETF,Harvest ETFs,ORA FP,Orange S.A.,3.1,2026/09/18,harvest,complete,issuer,2026-09-19 17:32 UTC,ok
HUTL,TSX,Harvest Equal Weight Global Utilities Income ETF,Harvest ETFs,VIE FP,Veolia Environnement S.A.,3.0,2026/09/18,harvest,complete,issuer,2026-09-19 17:32 UTC,ok
HUTL,TSX,Harvest Equal Weight Global Utilities Income ETF,Harvest ETFs,EIX,Edison International,2.4,2026/09/18,harvest,complete,issuer,2026-09-19 17:32 UTC,ok
HUTL,TSX,Harvest Equal Weight Global Utilities Income ETF,Harvest ETFs,,Cash and other assets and liabilities,1.1,2026/09/18,harvest,complete,n/a,2026-09-19 17:32 UTC,ok
HUTL,TSX,Harvest Equal Weight Global Utilities Income ETF,Harvest ETFs,TBIL,Harvest Canadian T-Bill ETF,0.8,2026/09/18,harvest,complete,issuer,2026-09-19 17:32 UTC,ok
HUTL,TSX,Harvest Equal Weight Global Utilities Income ETF,Harvest ETFs,,Foreign currency forwards,0.2,2026/09/18,harvest,complete,n/a,2026-09-19 17:32 UTC,ok
HUTL,TSX,Harvest Equal Weight Global Utilities Income ETF,Harvest ETFs,,Written Options,-0.3,2026/09/18,harvest,complete,n/a,2026-09-19 17:32 UTC,ok
HGR,TSX,Harvest Global REIT Leaders Income ETF,Harvest ETFs,PLD,"Prologis, Inc.",5.5,2026/09/18,harvest,complete,issuer,2026-09-19 17:32 UTC,ok
HGR,TSX,Harvest Global REIT Leaders Income ETF,Harvest ETFs,DLR,"Digital Realty Trust, Inc.",5.3,2026/09/18,harvest,complete,issuer,2026-09-19 17:32 UTC,ok
HGR,TSX,Harvest Global REIT Leaders Income ETF,Harvest ETFs,AMT,American Tower Corporation,5.1,2026/09/18,harvest,complete,issuer,2026-09-19 17:32 UTC,ok
HGR,TSX,Harvest Global REIT Leaders Income ETF,Harvest ETFs,KDCREIT SP,Keppel DC REIT,4.9,2026/09/18,harvest,complete,issuer,2026-09-19 17:32 UTC,ok
HGR,TSX,Harvest Global REIT Leaders Income ETF,Harvest ETFs,GTY,Getty Realty Corp.,4.8,2026/09/18,harvest,complete,issuer,2026-09-19 17:32 UTC,ok
HGR,TSX,Harvest Global REIT Leaders Income ETF,Harvest ETFs,MRL SM,"Merlin Properties SOCIMI, S.A.",4.8,2026/09/18,harvest,complete,issuer,2026-09-19 17:32 UTC,ok
HGR,TSX,Harvest Global REIT Leaders Income ETF,Harvest ETFs,CHP-U,Choice Properties Real Estate Investment Trust,4.7,2026/09/18,harvest,complete,issuer,2026-09-19 17:32 UTC,ok
HGR,TSX,Harvest Global REIT Leaders Income ETF,Harvest ETFs,REG,Regency Centers Corporation,4.7,2026/09/18,harvest,complete,issuer,2026-09-19 17:32 UTC,ok
HGR,TSX,Harvest Global REIT Leaders Income ETF,Harvest ETFs,STAG,"STAG Industrial, Inc.",4.6,2026/09/18,harvest,complete,issuer,2026-09-19 17:32 UTC,ok
HGR,TSX,Harvest Global REIT Leaders Income ETF,Harvest ETFs,CLAR SP,CapitaLand Ascendas REIT,4.5,2026/09/18,harvest,complete,issuer,2026-09-19 17:32 UTC,ok
HGR,TSX,Harvest Global REIT Leaders Income ETF,Harvest ETFs,PSA,Public Storage,4.3,2026/09/18,harvest,complete,issuer,2026-09-19 17:32 UTC,ok
HGR,TSX,Harvest Global REIT Leaders Income ETF,Harvest ETFs,ADC,Agree Realty Corporation,4.1,2026/09/18,harvest,complete,issuer,2026-09-19 17:32 UTC,ok
HGR,TSX,Harvest Global REIT Leaders Income ETF,Harvest ETFs,O,Realty Income Corporation,4.1,2026/09/18,harvest,complete,issuer,2026-09-19 17:32 UTC,ok
HGR,TSX,Harvest Global REIT Leaders Income ETF,Harvest ETFs,CDP,COPT Defense Properties,3.9,2026/09/18,harvest,complete,issuer,2026-09-19 17:32 UTC,ok
HGR,TSX,Harvest Global REIT Leaders Income ETF,Harvest ETFs,LAMR,Lamar Advertising Company,3.9,2026/09/18,harvest,complete,issuer,2026-09-19 17:32 UTC,ok
HGR,TSX,Harvest Global REIT Leaders Income ETF,Harvest ETFs,SPG,"Simon Property Group, Inc.",3.9,2026/09/18,harvest,complete,issuer,2026-09-19 17:32 UTC,ok
HGR,TSX,Harvest Global REIT Leaders Income ETF,Harvest ETFs,MAA,"Mid-America Apartment Communities, Inc.",3.8,2026/09/18,harvest,complete,issuer,2026-09-19 17:32 UTC,ok
HGR,TSX,Harvest Global REIT Leaders Income ETF,Harvest ETFs,INVH,Invitation Homes Inc.,3.5,2026/09/18,harvest,complete,issuer,2026-09-19 17:32 UTC,ok
HGR,TSX,Harvest Global REIT Leaders Income ETF,Harvest ETFs,SUI,"Sun Communities, Inc.",3.3,2026/09/18,harvest,complete,issuer,2026-09-19 17:32 UTC,ok
HGR,TSX,Harvest Global REIT Leaders Income ETF,Harvest ETFs,PSPN SW,PSP Swiss Property AG,3.0,2026/09/18,harvest,complete,issuer,2026-09-19 17:32 UTC,ok
HGR,TSX,Harvest Global REIT Leaders Income ETF,Harvest ETFs,GMG AU,Goodman Group,2.8,2026/09/18,harvest,complete,issuer,2026-09-19 17:32 UTC,ok
HGR,TSX,Harvest Global REIT Leaders Income ETF,Harvest ETFs,UDR,"UDR, Inc.",2.8,2026/09/18,harvest,complete,issuer,2026-09-19 17:32 UTC,ok
HGR,TSX,Harvest Global REIT Leaders Income ETF,Harvest ETFs,DOC,"Healthpeak Properties, Inc.",2.7,2026/09/18,harvest,complete,issuer,2026-09-19 17:32 UTC,ok
HGR,TSX,Harvest Global REIT Leaders Income ETF,Harvest ETFs,UTG LN,The Unite Group PLC,1.9,2026/09/18,harvest,complete,issuer,2026-09-19 17:32 UTC,ok
HGR,TSX,Harvest Global REIT Leaders Income ETF,Harvest ETFs,ARE,"Alexandria Real Estate Equities, Inc.",1.4,2026/09/18,harvest,complete,issuer,2026-09-19 17:32 UTC,ok
HGR,TSX,Harvest Global REIT Leaders Income ETF,Harvest ETFs,CCI,Crown Castle Inc.,1.3,2026/09/18,harvest,complete,issuer,2026-09-19 17:32 UTC,ok
HGR,TSX,Harvest Global REIT Leaders Income ETF,Harvest ETFs,,Cash and other assets and liabilities,0.4,2026/09/18,harvest,complete,n/a,2026-09-19 17:32 UTC,ok
HGR,TSX,Harvest Global REIT Leaders Income ETF,Harvest ETFs,,Foreign currency forwards,0.1,2026/09/18,harvest,complete,n/a,2026-09-19 17:32 UTC,ok
HGR,TSX,Harvest Global REIT Leaders Income ETF,Harvest ETFs,,Written Options,-0.1,2026/09/18,harvest,complete,n/a,2026-09-19 17:32 UTC,ok
HPF,TSX,Harvest Energy Leaders Plus Income ETF,Harvest ETFs,SLB,SLB Limited,5.9,2026/09/18,harvest,complete,issuer,2026-09-19 17:32 UTC,ok
HPF,TSX,Harvest Energy Leaders Plus Income ETF,Harvest ETFs,PSX,Phillips 66,5.4,2026/09/18,harvest,complete,issuer,2026-09-19 17:32 UTC,ok
HPF,TSX,Harvest Energy Leaders Plus Income ETF,Harvest ETFs,EQNR,Equinor ASA,5.3,2026/09/18,harvest,complete,issuer,2026-09-19 17:32 UTC,ok
HPF,TSX,Harvest Energy Leaders Plus Income ETF,Harvest ETFs,CNQ,Canadian Natural Resources Limited,5.2,2026/09/18,harvest,complete,issuer,2026-09-19 17:32 UTC,ok
HPF,TSX,Harvest Energy Leaders Plus Income ETF,Harvest ETFs,COP,ConocoPhillips,5.2,2026/09/18,harvest,complete,issuer,2026-09-19 17:32 UTC,ok
HPF,TSX,Harvest Energy Leaders Plus Income ETF,Harvest ETFs,OVV,Ovintiv Inc.,5.2,2026/09/18,harvest,complete,issuer,2026-09-19 17:32 UTC,ok
HPF,TSX,Harvest Energy Leaders Plus Income ETF,Harvest ETFs,VLO,Valero Energy Corporation,5.2,2026/09/18,harvest,complete,issuer,2026-09-19 17:32 UTC,ok
HPF,TSX,Harvest Energy Leaders Plus Income ETF,Harvest ETFs,E,Eni S.p.A.,5.1,2026/09/18,harvest,complete,issuer,2026-09-19 17:32 UTC,ok
HPF,TSX,Harvest Energy Leaders Plus Income ETF,Harvest ETFs,DINO,HF Sinclair Corporation,5.1,2026/09/18,harvest,complete,issuer,2026-09-19 17:32 UTC,ok
HPF,TSX,Harvest Energy Leaders Plus Income ETF,Harvest ETFs,CVX,Chevron Corporation,5.0,2026/09/18,harvest,complete,issuer,2026-09-19 17:32 UTC,ok
HPF,TSX,Harvest Energy Leaders Plus Income ETF,Harvest ETFs,XOM,ExxonMobil Holdings Corporation,5.0,2026/09/18,harvest,complete,issuer,2026-09-19 17:32 UTC,ok
HPF,TSX,Harvest Energy Leaders Plus Income ETF,Harvest ETFs,TTE,TotalEnergies SE,5.0,2026/09/18,harvest,complete,issuer,2026-09-19 17:32 UTC,ok
HPF,TSX,Harvest Energy Leaders Plus Income ETF,Harvest ETFs,OXY,Occidental Petroleum Corporation,4.9,2026/09/18,harvest,complete,issuer,2026-09-19 17:32 UTC,ok
HPF,TSX,Harvest Energy Leaders Plus Income ETF,Harvest ETFs,SHEL,Shell PLC,4.9,2026/09/18,harvest,complete,issuer,2026-09-19 17:32 UTC,ok
HPF,TSX,Harvest Energy Leaders Plus Income ETF,Harvest ETFs,SU,Suncor Energy Inc.,4.9,2026/09/18,harvest,complete,issuer,2026-09-19 17:32 UTC,ok
HPF,TSX,Harvest Energy Leaders Plus Income ETF,Harvest ETFs,BP,BP PLC,4.7,2026/09/18,harvest,complete,issuer,2026-09-19 17:32 UTC,ok
HPF,TSX,Harvest Energy Leaders Plus Income ETF,Harvest ETFs,EOG,"EOG Resources, Inc.",4.7,2026/09/18,harvest,complete,issuer,2026-09-19 17:32 UTC,ok
HPF,TSX,Harvest Energy Leaders Plus Income ETF,Harvest ETFs,PPL,Pembina Pipeline Corporation,4.4,2026/09/18,harvest,complete,issuer,2026-09-19 17:32 UTC,ok
HPF,TSX,Harvest Energy Leaders Plus Income ETF,Harvest ETFs,ENB,Enbridge Inc.,4.2,2026/09/18,harvest,complete,issuer,2026-09-19 17:32 UTC,ok
HPF,TSX,Harvest Energy Leaders Plus Income ETF,Harvest ETFs,TRP,TC Energy Corporation,4.2,2026/09/18,harvest,complete,issuer,2026-09-19 17:32 UTC,ok
HPF,TSX,Harvest Energy Leaders Plus Income ETF,Harvest ETFs,,Cash and other assets and liabilities,0.8,2026/09/18,harvest,complete,n/a,2026-09-19 17:32 UTC,ok
HPF,TSX,Harvest Energy Leaders Plus Income ETF,Harvest ETFs,,Foreign currency forwards,0.2,2026/09/18,harvest,complete,n/a,2026-09-19 17:32 UTC,ok
HPF,TSX,Harvest Energy Leaders Plus Income ETF,Harvest ETFs,,Written Options,-0.5,2026/09/18,harvest,complete,n/a,2026-09-19 17:32 UTC,ok
HUBL,TSX,Harvest US Bank Leaders Income ETF,Harvest ETFs,BNY,The Bank of New York Mellon Corporation,6.4,2026/09/18,harvest,complete,issuer,2026-09-19 17:32 UTC,ok
HUBL,TSX,Harvest US Bank Leaders Income ETF,Harvest ETFs,GS,"The Goldman Sachs Group, Inc.",6.3,2026/09/18,harvest,complete,issuer,2026-09-19 17:32 UTC,ok
HUBL,TSX,Harvest US Bank Leaders Income ETF,Harvest ETFs,JPM,JPMorgan Chase & Co.,6.3,2026/09/18,harvest,complete,issuer,2026-09-19 17:32 UTC,ok
HUBL,TSX,Harvest US Bank Leaders Income ETF,Harvest ETFs,MS,Morgan Stanley,6.3,2026/09/18,harvest,complete,issuer,2026-09-19 17:32 UTC,ok
HUBL,TSX,Harvest US Bank Leaders Income ETF,Harvest ETFs,WFC,Wells Fargo & Company,6.3,2026/09/18,harvest,complete,issuer,2026-09-19 17:32 UTC,ok
HUBL,TSX,Harvest US Bank Leaders Income ETF,Harvest ETFs,BAC,Bank of America Corporation,6.2,2026/09/18,harvest,complete,issuer,2026-09-19 17:32 UTC,ok
HUBL,TSX,Harvest US Bank Leaders Income ETF,Harvest ETFs,C,Citigroup Inc.,6.1,2026/09/18,harvest,complete,issuer,2026-09-19 17:32 UTC,ok
HUBL,TSX,Harvest US Bank Leaders Income ETF,Harvest ETFs,KEY,KeyCorp,6.1,2026/09/18,harvest,complete,issuer,2026-09-19 17:32 UTC,ok
HUBL,TSX,Harvest US Bank Leaders Income ETF,Harvest ETFs,PNC,"The PNC Financial Services Group, Inc.",6.1,2026/09/18,harvest,complete,issuer,2026-09-19 17:32 UTC,ok
HUBL,TSX,Harvest US Bank Leaders Income ETF,Harvest ETFs,RF,Regions Financial Corporation,6.1,2026/09/18,harvest,complete,issuer,2026-09-19 17:32 UTC,ok
HUBL,TSX,Harvest US Bank Leaders Income ETF,Harvest ETFs,TFC,Truist Financial Corporation,6.1,2026/09/18,harvest,complete,issuer,2026-09-19 17:32 UTC,ok
HUBL,TSX,Harvest US Bank Leaders Income ETF,Harvest ETFs,USB,U.S. Bancorp,6.1,2026/09/18,harvest,complete,issuer,2026-09-19 17:32 UTC,ok
HUBL,TSX,Harvest US Bank Leaders Income ETF,Harvest ETFs,CFG,"Citizens Financial Group, Inc.",6.0,2026/09/18,harvest,complete,issuer,2026-09-19 17:32 UTC,ok
HUBL,TSX,Harvest US Bank Leaders Income ETF,Harvest ETFs,FITB,Fifth Third Bancorp,6.0,2026/09/18,harvest,complete,issuer,2026-09-19 17:32 UTC,ok
HUBL,TSX,Harvest US Bank Leaders Income ETF,Harvest ETFs,HBAN,Huntington Bancshares Incorporated,6.0,2026/09/18,harvest,complete,issuer,2026-09-19 17:32 UTC,ok
HUBL,TSX,Harvest US Bank Leaders Income ETF,Harvest ETFs,MTB,M&T Bank Corporation,5.9,2026/09/18,harvest,complete,issuer,2026-09-19 17:32 UTC,ok
HUBL,TSX,Harvest US Bank Leaders Income ETF,Harvest ETFs,,Cash and other assets and liabilities,1.6,2026/09/18,harvest,complete,n/a,2026-09-19 17:32 UTC,ok
HUBL,TSX,Harvest US Bank Leaders Income ETF,Harvest ETFs,TBIL,Harvest Canadian T-Bill ETF,0.2,2026/09/18,harvest,complete,issuer,2026-09-19 17:32 UTC,ok
HUBL,TSX,Harvest US Bank Leaders Income ETF,Harvest ETFs,,Foreign currency forwards,0.2,2026/09/18,harvest,complete,n/a,2026-09-19 17:32 UTC,ok
HUBL,TSX,Harvest US Bank Leaders Income ETF,Harvest ETFs,,Written Options,-0.3,2026/09/18,harvest,complete,n/a,2026-09-19 17:32 UTC,ok
HLIF,TSX,Harvest Canadian Equity Income Leaders ETF,Harvest ETFs,TRI,Thomson Reuters Corporation,4.0,2026/09/18,harvest,complete,issuer,2026-09-19 17:32 UTC,ok
HLIF,TSX,Harvest Canadian Equity Income Leaders ETF,Harvest ETFs,CNQ,Canadian Natural Resources Limited,3.8,2026/09/18,harvest,complete,issuer,2026-09-19 17:32 UTC,ok
HLIF,TSX,Harvest Canadian Equity Income Leaders ETF,Harvest ETFs,SU,Suncor Energy Inc.,3.8,2026/09/18,harvest,complete,issuer,2026-09-19 17:32 UTC,ok
HLIF,TSX,Harvest Canadian Equity Income Leaders ETF,Harvest ETFs,BAM,Brookfield Asset Management Ltd.,3.6,2026/09/18,harvest,complete,issuer,2026-09-19 17:32 UTC,ok
HLIF,TSX,Harvest Canadian Equity Income Leaders ETF,Harvest ETFs,IGM,IGM Financial Inc.,3.6,2026/09/18,harvest,complete,issuer,2026-09-19 17:32 UTC,ok
HLIF,TSX,Harvest Canadian Equity Income Leaders ETF,Harvest ETFs,NTR,Nutrien Ltd.,3.6,2026/09/18,harvest,complete,issuer,2026-09-19 17:32 UTC,ok
HLIF,TSX,Harvest Canadian Equity Income Leaders ETF,Harvest ETFs,QSR,Restaurant Brands International Inc.,3.5,2026/09/18,harvest,complete,issuer,2026-09-19 17:32 UTC,ok
HLIF,TSX,Harvest Canadian Equity Income Leaders ETF,Harvest ETFs,ABX,Barrick Mining Corporation,3.4,2026/09/18,harvest,complete,issuer,2026-09-19 17:32 UTC,ok
HLIF,TSX,Harvest Canadian Equity Income Leaders ETF,Harvest ETFs,POW,Power Corporation of Canada,3.4,2026/09/18,harvest,complete,issuer,2026-09-19 17:32 UTC,ok
HLIF,TSX,Harvest Canadian Equity Income Leaders ETF,Harvest ETFs,TOU,Tourmaline Oil Corp.,3.4,2026/09/18,harvest,complete,issuer,2026-09-19 17:32 UTC,ok
HLIF,TSX,Harvest Canadian Equity Income Leaders ETF,Harvest ETFs,BNS,The Bank of Nova Scotia,3.3,2026/09/18,harvest,complete,issuer,2026-09-19 17:32 UTC,ok
HLIF,TSX,Harvest Canadian Equity Income Leaders ETF,Harvest ETFs,BCE,BCE Inc.,3.3,2026/09/18,harvest,complete,issuer,2026-09-19 17:32 UTC,ok
HLIF,TSX,Harvest Canadian Equity Income Leaders ETF,Harvest ETFs,KEY,Keyera Corp.,3.3,2026/09/18,harvest,complete,issuer,2026-09-19 17:32 UTC,ok
HLIF,TSX,Harvest Canadian Equity Income Leaders ETF,Harvest ETFs,MFC,Manulife Financial Corporation,3.3,2026/09/18,harvest,complete,issuer,2026-09-19 17:32 UTC,ok
HLIF,TSX,Harvest Canadian Equity Income Leaders ETF,Harvest ETFs,PPL,Pembina Pipeline Corporation,3.3,2026/09/18,harvest,complete,issuer,2026-09-19 17:32 UTC,ok
HLIF,TSX,Harvest Canadian Equity Income Leaders ETF,Harvest ETFs,CM,Canadian Imperial Bank of Commerce,3.2,2026/09/18,harvest,complete,issuer,2026-09-19 17:32 UTC,ok
HLIF,TSX,Harvest Canadian Equity Income Leaders ETF,Harvest ETFs,CU,Canadian Utilities Limited,3.2,2026/09/18,harvest,complete,issuer,2026-09-19 17:32 UTC,ok
HLIF,TSX,Harvest Canadian Equity Income Leaders ETF,Harvest ETFs,GWO,Great-West Lifeco Inc.,3.2,2026/09/18,harvest,complete,issuer,2026-09-19 17:32 UTC,ok
HLIF,TSX,Harvest Canadian Equity Income Leaders ETF,Harvest ETFs,MG,Magna International Inc.,3.2,2026/09/18,harvest,complete,issuer,2026-09-19 17:32 UTC,ok
HLIF,TSX,Harvest Canadian Equity Income Leaders ETF,Harvest ETFs,RCI/B,Rogers Communications Inc.,3.2,2026/09/18,harvest,complete,issuer,2026-09-19 17:32 UTC,ok
HLIF,TSX,Harvest Canadian Equity Income Leaders ETF,Harvest ETFs,RY,Royal Bank of Canada,3.2,2026/09/18,harvest,complete,issuer,2026-09-19 17:32 UTC,ok
HLIF,TSX,Harvest Canadian Equity Income Leaders ETF,Harvest ETFs,SLF,Sun Life Financial Inc.,3.2,2026/09/18,harvest,complete,issuer,2026-09-19 17:32 UTC,ok
HLIF,TSX,Harvest Canadian Equity Income Leaders ETF,Harvest ETFs,TD,The Toronto-Dominion Bank,3.2,2026/09/18,harvest,complete,issuer,2026-09-19 17:32 UTC,ok
HLIF,TSX,Harvest Canadian Equity Income Leaders ETF,Harvest ETFs,BMO,Bank of Montreal,3.1,2026/09/18,harvest,complete,issuer,2026-09-19 17:32 UTC,ok
HLIF,TSX,Harvest Canadian Equity Income Leaders ETF,Harvest ETFs,EMA,Emera Incorporated,3.1,2026/09/18,harvest,complete,issuer,2026-09-19 17:32 UTC,ok
HLIF,TSX,Harvest Canadian Equity Income Leaders ETF,Harvest ETFs,NA,National Bank of Canada,3.1,2026/09/18,harvest,complete,issuer,2026-09-19 17:32 UTC,ok
HLIF,TSX,Harvest Canadian Equity Income Leaders ETF,Harvest ETFs,FTS,Fortis Inc.,3.0,2026/09/18,harvest,complete,issuer,2026-09-19 17:32 UTC,ok
HLIF,TSX,Harvest Canadian Equity Income Leaders ETF,Harvest ETFs,ENB,Enbridge Inc.,2.9,2026/09/18,harvest,complete,issuer,2026-09-19 17:32 UTC,ok
HLIF,TSX,Harvest Canadian Equity Income Leaders ETF,Harvest ETFs,TRP,TC Energy Corporation,2.9,2026/09/18,harvest,complete,issuer,2026-09-19 17:32 UTC,ok
HLIF,TSX,Harvest Canadian Equity Income Leaders ETF,Harvest ETFs,BEPC,Brookfield Renewable Corporation,2.7,2026/09/18,harvest,complete,issuer,2026-09-19 17:32 UTC,ok
HLIF,TSX,Harvest Canadian Equity Income Leaders ETF,Harvest ETFs,,Cash and other assets and liabilities,1.0,2026/09/18,harvest,complete,n/a,2026-09-19 17:32 UTC,ok
HLIF,TSX,Harvest Canadian Equity Income Leaders ETF,Harvest ETFs,,Written Options,-0.2,2026/09/18,harvest,complete,n/a,2026-09-19 17:32 UTC,ok
TRVI,TSX,Harvest Travel & Leisure Income ETF,Harvest ETFs,ABNB,"Airbnb, Inc.",12.3,2026/09/18,harvest,complete,issuer,2026-09-19 17:32 UTC,ok
TRVI,TSX,Harvest Travel & Leisure Income ETF,Harvest ETFs,BKNG,Booking Holdings Inc.,10.1,2026/09/18,harvest,complete,issuer,2026-09-19 17:32 UTC,ok
TRVI,TSX,Harvest Travel & Leisure Income ETF,Harvest ETFs,HLT,Hilton Worldwide Holdings Inc.,9.7,2026/09/18,harvest,complete,issuer,2026-09-19 17:32 UTC,ok
TRVI,TSX,Harvest Travel & Leisure Income ETF,Harvest ETFs,MAR,"Marriott International, Inc.",9.5,2026/09/18,harvest,complete,issuer,2026-09-19 17:32 UTC,ok
TRVI,TSX,Harvest Travel & Leisure Income ETF,Harvest ETFs,RCL,Royal Caribbean Cruises Ltd.,8.6,2026/09/18,harvest,complete,issuer,2026-09-19 17:32 UTC,ok
TRVI,TSX,Harvest Travel & Leisure Income ETF,Harvest ETFs,DAL,"Delta Air Lines, Inc.",6.8,2026/09/18,harvest,complete,issuer,2026-09-19 17:32 UTC,ok
TRVI,TSX,Harvest Travel & Leisure Income ETF,Harvest ETFs,UAL,"United Airlines Holdings, Inc.",4.7,2026/09/18,harvest,complete,issuer,2026-09-19 17:32 UTC,ok
TRVI,TSX,Harvest Travel & Leisure Income ETF,Harvest ETFs,EXPE,"Expedia Group, Inc.",4.6,2026/09/18,harvest,complete,issuer,2026-09-19 17:32 UTC,ok
TRVI,TSX,Harvest Travel & Leisure Income ETF,Harvest ETFs,CCL,Carnival Corporation,3.7,2026/09/18,harvest,complete,issuer,2026-09-19 17:32 UTC,ok
TRVI,TSX,Harvest Travel & Leisure Income ETF,Harvest ETFs,VICI,VICI Properties Inc.,3.7,2026/09/18,harvest,complete,issuer,2026-09-19 17:32 UTC,ok
TRVI,TSX,Harvest Travel & Leisure Income ETF,Harvest ETFs,VIK,Viking Holdings Ltd.,3.4,2026/09/18,harvest,complete,issuer,2026-09-19 17:32 UTC,ok
TRVI,TSX,Harvest Travel & Leisure Income ETF,Harvest ETFs,LUV,Southwest Airlines Co.,2.5,2026/09/18,harvest,complete,issuer,2026-09-19 17:32 UTC,ok
TRVI,TSX,Harvest Travel & Leisure Income ETF,Harvest ETFs,HST,"Host Hotels & Resorts, Inc.",2.2,2026/09/18,harvest,complete,issuer,2026-09-19 17:32 UTC,ok
TRVI,TSX,Harvest Travel & Leisure Income ETF,Harvest ETFs,H,Hyatt Hotels Corporation,2.2,2026/09/18,harvest,complete,issuer,2026-09-19 17:32 UTC,ok
TRVI,TSX,Harvest Travel & Leisure Income ETF,Harvest ETFs,SUI,"Sun Communities, Inc.",2.1,2026/09/18,harvest,complete,issuer,2026-09-19 17:32 UTC,ok
TRVI,TSX,Harvest Travel & Leisure Income ETF,Harvest ETFs,LVS,Las Vegas Sands Corp.,1.7,2026/09/18,harvest,complete,issuer,2026-09-19 17:32 UTC,ok
TRVI,TSX,Harvest Travel & Leisure Income ETF,Harvest ETFs,AAL,American Airlines Group Inc.,1.3,2026/09/18,harvest,complete,issuer,2026-09-19 17:32 UTC,ok
TRVI,TSX,Harvest Travel & Leisure Income ETF,Harvest ETFs,MGM,MGM Resorts International,1.2,2026/09/18,harvest,complete,issuer,2026-09-19 17:32 UTC,ok
TRVI,TSX,Harvest Travel & Leisure Income ETF,Harvest ETFs,RHP,"Ryman Hospitality Properties, Inc.",1.1,2026/09/18,harvest,complete,issuer,2026-09-19 17:32 UTC,ok
TRVI,TSX,Harvest Travel & Leisure Income ETF,Harvest ETFs,WYNN,"Wynn Resorts, Limited",1.1,2026/09/18,harvest,complete,issuer,2026-09-19 17:32 UTC,ok
TRVI,TSX,Harvest Travel & Leisure Income ETF,Harvest ETFs,NCLH,Norwegian Cruise Line Holdings Ltd.,1.0,2026/09/18,harvest,complete,issuer,2026-09-19 17:32 UTC,ok
TRVI,TSX,Harvest Travel & Leisure Income ETF,Harvest ETFs,CZR,"Caesars Entertainment, Inc.",0.8,2026/09/18,harvest,complete,issuer,2026-09-19 17:32 UTC,ok
TRVI,TSX,Harvest Travel & Leisure Income ETF,Harvest ETFs,CPA,"Copa Holdings, S.A.",0.8,2026/09/18,harvest,complete,issuer,2026-09-19 17:32 UTC,ok
TRVI,TSX,Harvest Travel & Leisure Income ETF,Harvest ETFs,WH,"Wyndham Hotels & Resorts, Inc.",0.8,2026/09/18,harvest,complete,issuer,2026-09-19 17:32 UTC,ok
TRVI,TSX,Harvest Travel & Leisure Income ETF,Harvest ETFs,ALK,"Alaska Air Group, Inc.",0.7,2026/09/18,harvest,complete,issuer,2026-09-19 17:32 UTC,ok
TRVI,TSX,Harvest Travel & Leisure Income ETF,Harvest ETFs,MTN,"Vail Resorts, Inc.",0.7,2026/09/18,harvest,complete,issuer,2026-09-19 17:32 UTC,ok
TRVI,TSX,Harvest Travel & Leisure Income ETF,Harvest ETFs,BYD,Boyd Gaming Corporation,0.6,2026/09/18,harvest,complete,issuer,2026-09-19 17:32 UTC,ok
TRVI,TSX,Harvest Travel & Leisure Income ETF,Harvest ETFs,SKYW,"SkyWest, Inc.",0.6,2026/09/18,harvest,complete,issuer,2026-09-19 17:32 UTC,ok
TRVI,TSX,Harvest Travel & Leisure Income ETF,Harvest ETFs,,Cash and other assets and liabilities,0.6,2026/09/18,harvest,complete,n/a,2026-09-19 17:32 UTC,ok
TRVI,TSX,Harvest Travel & Leisure Income ETF,Harvest ETFs,RRR,"Red Rock Resorts, Inc.",0.5,2026/09/18,harvest,complete,issuer,2026-09-19 17:32 UTC,ok
TRVI,TSX,Harvest Travel & Leisure Income ETF,Harvest ETFs,TNL,Travel + Leisure Co.,0.4,2026/09/18,harvest,complete,issuer,2026-09-19 17:32 UTC,ok
TRVI,TSX,Harvest Travel & Leisure Income ETF,Harvest ETFs,,Foreign currency forwards,0.2,2026/09/18,harvest,complete,n/a,2026-09-19 17:32 UTC,ok
TRVI,TSX,Harvest Travel & Leisure Income ETF,Harvest ETFs,,Written Options,-0.3,2026/09/18,harvest,complete,n/a,2026-09-19 17:32 UTC,ok
HRIF,TSX,HRIF - Harvest Diversified Equity Income ETF,Harvest ETFs,HTA.TO,Harvest Tech Leaders Income ETF 2,18.6,2026/09/18,harvest,complete,yahoo,2026-09-19 17:32 UTC,ok
HRIF,TSX,HRIF - Harvest Diversified Equity Income ETF,Harvest ETFs,HBF.TO,Harvest US Equity Leaders Income ETF 1,18.0,2026/09/18,harvest,complete,yahoo,2026-09-19 17:32 UTC,ok
HRIF,TSX,HRIF - Harvest Diversified Equity Income ETF,Harvest ETFs,HHL,Harvest Healthcare Leaders Income ETF,10.4,2026/09/18,harvest,complete,etf_list,2026-09-19 17:32 UTC,ok
HRIF,TSX,HRIF - Harvest Diversified Equity Income ETF,Harvest ETFs,HLIF.TO,Harvest Canadian Dividend Leaders Income ETF 6,9.7,2026/09/18,harvest,complete,yahoo,2026-09-19 17:32 UTC,ok
HRIF,TSX,HRIF - Harvest Diversified Equity Income ETF,Harvest ETFs,HHIH.TO,Harvest High Income Equity Shares ETF,9.6,2026/09/18,harvest,complete,seed,2026-09-19 17:32 UTC,ok
HRIF,TSX,HRIF - Harvest Diversified Equity Income ETF,Harvest ETFs,HUTL.TO,Harvest Utilities Leaders Income ETF 3,7.8,2026/09/18,harvest,complete,yahoo,2026-09-19 17:32 UTC,ok
HRIF,TSX,HRIF - Harvest Diversified Equity Income ETF,Harvest ETFs,TRVI,Harvest Travel & Leisure Income ETF,6.5,2026/09/18,harvest,complete,etf_list,2026-09-19 17:32 UTC,ok
HRIF,TSX,HRIF - Harvest Diversified Equity Income ETF,Harvest ETFs,HUBL,Harvest US Bank Leaders Income ETF,6.4,2026/09/18,harvest,complete,etf_list,2026-09-19 17:32 UTC,ok
HRIF,TSX,HRIF - Harvest Diversified Equity Income ETF,Harvest ETFs,HIND.TO,Harvest Industrial Leaders Income ETF,6.3,2026/09/18,harvest,complete,seed,2026-09-19 17:32 UTC,ok
HRIF,TSX,HRIF - Harvest Diversified Equity Income ETF,Harvest ETFs,HVOI.TO,Harvest Low Volatility Canadian Equity Income ETF,5.0,2026/09/18,harvest,complete,yahoo,2026-09-19 17:32 UTC,ok
HRIF,TSX,HRIF - Harvest Diversified Equity Income ETF,Harvest ETFs,,Cash and other assets and liabilities,1.8,2026/09/18,harvest,complete,n/a,2026-09-19 17:32 UTC,ok
HPYT,TSX,Harvest Premium Yield Treasury ETF,Harvest ETFs,TLT,iShares 20+ Year Treasury Bond ETF,81.9,2026/09/18,harvest,complete,issuer,2026-09-19 17:32 UTC,ok
HPYT,TSX,Harvest Premium Yield Treasury ETF,Harvest ETFs,VGLT,Vanguard Long-Term Treasury ETF,7.5,2026/09/18,harvest,complete,issuer,2026-09-19 17:32 UTC,ok
HPYT,TSX,Harvest Premium Yield Treasury ETF,Harvest ETFs,EDV,Vanguard Extended Duration Treasury ETF,5.3,2026/09/18,harvest,complete,issuer,2026-09-19 17:32 UTC,ok
HPYT,TSX,Harvest Premium Yield Treasury ETF,Harvest ETFs,TLH,iShares 10-20 Year Treasury Bond ETF,3.5,2026/09/18,harvest,complete,issuer,2026-09-19 17:32 UTC,ok
HPYT,TSX,Harvest Premium Yield Treasury ETF,Harvest ETFs,,Cash and other assets and liabilities,1.4,2026/09/18,harvest,complete,n/a,2026-09-19 17:32 UTC,ok
HPYT,TSX,Harvest Premium Yield Treasury ETF,Harvest ETFs,TBIL,Harvest Canadian T-Bill ETF,0.5,2026/09/18,harvest,complete,issuer,2026-09-19 17:32 UTC,ok
HPYT,TSX,Harvest Premium Yield Treasury ETF,Harvest ETFs,,Foreign currency forwards,0.2,2026/09/18,harvest,complete,n/a,2026-09-19 17:32 UTC,ok
HPYT,TSX,Harvest Premium Yield Treasury ETF,Harvest ETFs,,Written Options,-0.3,2026/09/18,harvest,complete,n/a,2026-09-19 17:32 UTC,ok
HPYM,TSX,Harvest Premium Yield 7-10 Year Treasury ETF,Harvest ETFs,IEF,iShares 7-10 Year Treasury Bond ETF,92.2,2026/09/18,harvest,complete,issuer,2026-09-19 17:32 UTC,ok
HPYM,TSX,Harvest Premium Yield 7-10 Year Treasury ETF,Harvest ETFs,SCHR,Schwab Intermediate-Term U.S. Treasury ETF,3.0,2026/09/18,harvest,complete,issuer,2026-09-19 17:32 UTC,ok
HPYM,TSX,Harvest Premium Yield 7-10 Year Treasury ETF,Harvest ETFs,VGIT,Vanguard Intermediate-Term Treasury ETF,3.0,2026/09/18,harvest,complete,issuer,2026-09-19 17:32 UTC,ok
HPYM,TSX,Harvest Premium Yield 7-10 Year Treasury ETF,Harvest ETFs,,Cash and other assets and liabilities,1.6,2026/09/18,harvest,complete,n/a,2026-09-19 17:32 UTC,ok
HPYM,TSX,Harvest Premium Yield 7-10 Year Treasury ETF,Harvest ETFs,,Foreign currency forwards,0.4,2026/09/18,harvest,complete,n/a,2026-09-19 17:32 UTC,ok
HPYM,TSX,Harvest Premium Yield 7-10 Year Treasury ETF,Harvest ETFs,,Written Options,-0.1,2026/09/18,harvest,complete,n/a,2026-09-19 17:32 UTC,ok
TBIL,TSX,Harvest Canadian T-Bill ETF,Harvest ETFs,,Canada Treasury Bill 02-Dec-2026,20.0,2026/09/18,harvest,complete,n/a,2026-09-19 17:32 UTC,ok
TBIL,TSX,Harvest Canadian T-Bill ETF,Harvest ETFs,,Canada Treasury Bill 23-Sep-2026,18.0,2026/09/18,harvest,complete,n/a,2026-09-19 17:32 UTC,ok
TBIL,TSX,Harvest Canadian T-Bill ETF,Harvest ETFs,,Canada Treasury Bill 07-Oct-2026,16.9,2026/09/18,harvest,complete,n/a,2026-09-19 17:32 UTC,ok
TBIL,TSX,Harvest Canadian T-Bill ETF,Harvest ETFs,,Canada Treasury Bill 09-Sep-2026,15.9,2026/09/18,harvest,complete,n/a,2026-09-19 17:32 UTC,ok
TBIL,TSX,Harvest Canadian T-Bill ETF,Harvest ETFs,,Canada Treasury Bill 21-Oct-2026,14.4,2026/09/18,harvest,complete,n/a,2026-09-19 17:32 UTC,ok
TBIL,TSX,Harvest Canadian T-Bill ETF,Harvest ETFs,,Canada Treasury Bill 04-Nov-2026,14.4,2026/09/18,harvest,complete,n/a,2026-09-19 17:32 UTC,ok
TBIL,TSX,Harvest Canadian T-Bill ETF,Harvest ETFs,,Canada Treasury Bill 18-Nov-2026,0.6,2026/09/18,harvest,complete,n/a,2026-09-19 17:32 UTC,ok
TBIL,TSX,Harvest Canadian T-Bill ETF,Harvest ETFs,,Cash and other assets and liabilities,-0.2,2026/09/18,harvest,complete,n/a,2026-09-19 17:32 UTC,ok
HDIF,TSX,Harvest Diversified Monthly Income ETF,Harvest ETFs,HTA.TO,Harvest Tech Leaders Income ETF 2,23.3,2026/09/18,harvest,complete,yahoo,2026-09-19 17:32 UTC,ok
HDIF,TSX,Harvest Diversified Monthly Income ETF,Harvest ETFs,HBF.TO,Harvest US Equity Leaders Income ETF 1,22.6,2026/09/18,harvest,complete,yahoo,2026-09-19 17:32 UTC,ok
HDIF,TSX,Harvest Diversified Monthly Income ETF,Harvest ETFs,HLIF.TO,Harvest Canadian Dividend Leaders Income ETF 6,13.7,2026/09/18,harvest,complete,yahoo,2026-09-19 17:32 UTC,ok
HDIF,TSX,Harvest Diversified Monthly Income ETF,Harvest ETFs,HHL,Harvest Healthcare Leaders Income ETF,13.0,2026/09/18,harvest,complete,etf_list,2026-09-19 17:32 UTC,ok
HDIF,TSX,Harvest Diversified Monthly Income ETF,Harvest ETFs,HHIH.TO,Harvest High Income Equity Shares ETF,12.7,2026/09/18,harvest,complete,seed,2026-09-19 17:32 UTC,ok
HDIF,TSX,Harvest Diversified Monthly Income ETF,Harvest ETFs,HUTL.TO,Harvest Utilities Leaders Income ETF 3,9.8,2026/09/18,harvest,complete,yahoo,2026-09-19 17:32 UTC,ok
HDIF,TSX,Harvest Diversified Monthly Income ETF,Harvest ETFs,TRVI,Harvest Travel & Leisure Income ETF,8.1,2026/09/18,harvest,complete,etf_list,2026-09-19 17:32 UTC,ok
HDIF,TSX,Harvest Diversified Monthly Income ETF,Harvest ETFs,HUBL,Harvest US Bank Leaders Income ETF,8.0,2026/09/18,harvest,complete,etf_list,2026-09-19 17:32 UTC,ok
HDIF,TSX,Harvest Diversified Monthly Income ETF,Harvest ETFs,HIND.TO,Harvest Industrial Leaders Income ETF,7.9,2026/09/18,harvest,complete,seed,2026-09-19 17:32 UTC,ok
HDIF,TSX,Harvest Diversified Monthly Income ETF,Harvest ETFs,HPYG.NE,Harvest Premium Yield Gold ETF,5.0,2026/09/18,harvest,complete,yahoo,2026-09-19 17:32 UTC,ok
HDIF,TSX,Harvest Diversified Monthly Income ETF,Harvest ETFs,,Cash and other assets and liabilities,-24.2,2026/09/18,harvest,complete,n/a,2026-09-19 17:32 UTC,ok
HHLE,TSX,Harvest Healthcare Leaders Enhanced Income ETF,Harvest ETFs,HHL,Harvest Healthcare Leaders Income ETF,124.3,2026/09/18,harvest,complete,etf_list,2026-09-19 17:32 UTC,ok
HHLE,TSX,Harvest Healthcare Leaders Enhanced Income ETF,Harvest ETFs,,Cash and other assets and liabilities,-24.3,2026/09/18,harvest,complete,n/a,2026-09-19 17:32 UTC,ok
HTAE,TSX,Harvest Tech Achievers Enhanced Income ETF,Harvest ETFs,HTA.TO,Harvest Tech Leaders Income ETF 2,124.6,2026/09/18,harvest,complete,yahoo,2026-09-19 17:32 UTC,ok
HTAE,TSX,Harvest Tech Achievers Enhanced Income ETF,Harvest ETFs,,Cash and other assets and liabilities,-24.6,2026/09/18,harvest,complete,n/a,2026-09-19 17:32 UTC,ok
HUTE,TSX,Harvest Equal Weight Global Utilities Enhanced Income ETF,Harvest ETFs,HUTL.TO,Harvest Utilities Leaders Income ETF 3,125.8,2026/09/18,harvest,complete,yahoo,2026-09-19 17:32 UTC,ok
HUTE,TSX,Harvest Equal Weight Global Utilities Enhanced Income ETF,Harvest ETFs,,Cash and other assets and liabilities,-25.8,2026/09/18,harvest,complete,n/a,2026-09-19 17:32 UTC,ok
HBFE,TSX,Harvest Brand Leaders Enhanced Income ETF,Harvest ETFs,,,,,harvest,,,2026-09-19 17:32 UTC,no_holdings_table [https://harvestportfolios.com/etf/hbfe/:no-holdings-table https://harvestportfolios.com/fr-CA/etf/hbfe/:no-response]
HLFE,TSX,Harvest Canadian Equity Enhanced Income Leaders ETF,Harvest ETFs,,,,,harvest,,,2026-09-19 17:32 UTC,no_holdings_table [https://harvestportfolios.com/etf/hlfe/:no-holdings-table https://harvestportfolios.com/fr-CA/etf/hlfe/:no-response]
HGGG,TSX,Harvest Global Gold Giants Index ETF,Harvest ETFs,SSRM,SSR Mining Inc.,5.3,2026/09/18,harvest,complete,issuer,2026-09-19 17:32 UTC,ok
HGGG,TSX,Harvest Global Gold Giants Index ETF,Harvest ETFs,ELD,Eldorado Gold Corporation,5.2,2026/09/18,harvest,complete,issuer,2026-09-19 17:32 UTC,ok
HGGG,TSX,Harvest Global Gold Giants Index ETF,Harvest ETFs,AU,AngloGold Ashanti PLC,5.1,2026/09/18,harvest,complete,issuer,2026-09-19 17:32 UTC,ok
HGGG,TSX,Harvest Global Gold Giants Index ETF,Harvest ETFs,GMIN,G Mining Ventures Corp.,5.1,2026/09/18,harvest,complete,issuer,2026-09-19 17:32 UTC,ok
HGGG,TSX,Harvest Global Gold Giants Index ETF,Harvest ETFs,LUG,Lundin Gold Inc.,5.1,2026/09/18,harvest,complete,issuer,2026-09-19 17:32 UTC,ok
HGGG,TSX,Harvest Global Gold Giants Index ETF,Harvest ETFs,AGI,Alamos Gold Inc.,5.0,2026/09/18,harvest,complete,issuer,2026-09-19 17:32 UTC,ok
HGGG,TSX,Harvest Global Gold Giants Index ETF,Harvest ETFs,CDE,"Coeur Mining, Inc.",5.0,2026/09/18,harvest,complete,issuer,2026-09-19 17:32 UTC,ok
HGGG,TSX,Harvest Global Gold Giants Index ETF,Harvest ETFs,EQX,Equinox Gold Corp.,5.0,2026/09/18,harvest,complete,issuer,2026-09-19 17:32 UTC,ok
HGGG,TSX,Harvest Global Gold Giants Index ETF,Harvest ETFs,IMG,IAMGOLD Corporation,5.0,2026/09/18,harvest,complete,issuer,2026-09-19 17:32 UTC,ok
HGGG,TSX,Harvest Global Gold Giants Index ETF,Harvest ETFs,K,Kinross Gold Corporation,5.0,2026/09/18,harvest,complete,issuer,2026-09-19 17:32 UTC,ok
HGGG,TSX,Harvest Global Gold Giants Index ETF,Harvest ETFs,PAAS,Pan American Silver Corp.,5.0,2026/09/18,harvest,complete,issuer,2026-09-19 17:32 UTC,ok
HGGG,TSX,Harvest Global Gold Giants Index ETF,Harvest ETFs,AEM,Agnico Eagle Mines Limited,4.9,2026/09/18,harvest,complete,issuer,2026-09-19 17:32 UTC,ok
HGGG,TSX,Harvest Global Gold Giants Index ETF,Harvest ETFs,BTO,B2Gold Corp.,4.9,2026/09/18,harvest,complete,issuer,2026-09-19 17:32 UTC,ok
HGGG,TSX,Harvest Global Gold Giants Index ETF,Harvest ETFs,NEM,Newmont Corporation,4.9,2026/09/18,harvest,complete,issuer,2026-09-19 17:32 UTC,ok
HGGG,TSX,Harvest Global Gold Giants Index ETF,Harvest ETFs,ABX,Barrick Mining Corporation,4.8,2026/09/18,harvest,complete,issuer,2026-09-19 17:32 UTC,ok
HGGG,TSX,Harvest Global Gold Giants Index ETF,Harvest ETFs,EDV LN,Endeavour Mining PLC,4.8,2026/09/18,harvest,complete,issuer,2026-09-19 17:32 UTC,ok
HGGG,TSX,Harvest Global Gold Giants Index ETF,Harvest ETFs,OGC,OceanaGold Corporation,4.8,2026/09/18,harvest,complete,issuer,2026-09-19 17:32 UTC,ok
HGGG,TSX,Harvest Global Gold Giants Index ETF,Harvest ETFs,EVN AU,Evolution Mining Limited,4.6,2026/09/18,harvest,complete,issuer,2026-09-19 17:32 UTC,ok
HGGG,TSX,Harvest Global Gold Giants Index ETF,Harvest ETFs,DPM,DPM Metals Inc.,4.5,2026/09/18,harvest,complete,issuer,2026-09-19 17:32 UTC,ok
HGGG,TSX,Harvest Global Gold Giants Index ETF,Harvest ETFs,NST AU,Northern Star Resources Limited,4.3,2026/09/18,harvest,complete,issuer,2026-09-19 17:32 UTC,ok
HGGG,TSX,Harvest Global Gold Giants Index ETF,Harvest ETFs,,Cash and other assets and liabilities,1.7,2026/09/18,harvest,complete,n/a,2026-09-19 17:32 UTC,ok
TRVL,TSX,Harvest Travel & Leisure Index ETF,Harvest ETFs,ABNB,"Airbnb, Inc.",12.6,2026/09/18,harvest,complete,issuer,2026-09-19 17:32 UTC,ok
TRVL,TSX,Harvest Travel & Leisure Index ETF,Harvest ETFs,BKNG,Booking Holdings Inc.,10.0,2026/09/18,harvest,complete,issuer,2026-09-19 17:32 UTC,ok
TRVL,TSX,Harvest Travel & Leisure Index ETF,Harvest ETFs,HLT,Hilton Worldwide Holdings Inc.,9.4,2026/09/18,harvest,complete,issuer,2026-09-19 17:32 UTC,ok
TRVL,TSX,Harvest Travel & Leisure Index ETF,Harvest ETFs,MAR,"Marriott International, Inc.",9.4,2026/09/18,harvest,complete,issuer,2026-09-19 17:32 UTC,ok
TRVL,TSX,Harvest Travel & Leisure Index ETF,Harvest ETFs,RCL,Royal Caribbean Cruises Ltd.,8.8,2026/09/18,harvest,complete,issuer,2026-09-19 17:32 UTC,ok
TRVL,TSX,Harvest Travel & Leisure Index ETF,Harvest ETFs,DAL,"Delta Air Lines, Inc.",6.9,2026/09/18,harvest,complete,issuer,2026-09-19 17:32 UTC,ok
TRVL,TSX,Harvest Travel & Leisure Index ETF,Harvest ETFs,EXPE,"Expedia Group, Inc.",5.1,2026/09/18,harvest,complete,issuer,2026-09-19 17:32 UTC,ok
TRVL,TSX,Harvest Travel & Leisure Index ETF,Harvest ETFs,UAL,"United Airlines Holdings, Inc.",4.5,2026/09/18,harvest,complete,issuer,2026-09-19 17:32 UTC,ok
TRVL,TSX,Harvest Travel & Leisure Index ETF,Harvest ETFs,VICI,VICI Properties Inc.,3.7,2026/09/18,harvest,complete,issuer,2026-09-19 17:32 UTC,ok
TRVL,TSX,Harvest Travel & Leisure Index ETF,Harvest ETFs,CCL,Carnival Corporation,3.5,2026/09/18,harvest,complete,issuer,2026-09-19 17:32 UTC,ok
TRVL,TSX,Harvest Travel & Leisure Index ETF,Harvest ETFs,VIK,Viking Holdings Ltd.,3.3,2026/09/18,harvest,complete,issuer,2026-09-19 17:32 UTC,ok
TRVL,TSX,Harvest Travel & Leisure Index ETF,Harvest ETFs,LUV,Southwest Airlines Co.,2.6,2026/09/18,harvest,complete,issuer,2026-09-19 17:32 UTC,ok
TRVL,TSX,Harvest Travel & Leisure Index ETF,Harvest ETFs,SUI,"Sun Communities, Inc.",2.2,2026/09/18,harvest,complete,issuer,2026-09-19 17:32 UTC,ok
TRVL,TSX,Harvest Travel & Leisure Index ETF,Harvest ETFs,HST,"Host Hotels & Resorts, Inc.",2.0,2026/09/18,harvest,complete,issuer,2026-09-19 17:32 UTC,ok
TRVL,TSX,Harvest Travel & Leisure Index ETF,Harvest ETFs,H,Hyatt Hotels Corporation,2.0,2026/09/18,harvest,complete,issuer,2026-09-19 17:32 UTC,ok
TRVL,TSX,Harvest Travel & Leisure Index ETF,Harvest ETFs,LVS,Las Vegas Sands Corp.,1.8,2026/09/18,harvest,complete,issuer,2026-09-19 17:32 UTC,ok
TRVL,TSX,Harvest Travel & Leisure Index ETF,Harvest ETFs,AAL,American Airlines Group Inc.,1.2,2026/09/18,harvest,complete,issuer,2026-09-19 17:32 UTC,ok
TRVL,TSX,Harvest Travel & Leisure Index ETF,Harvest ETFs,MGM,MGM Resorts International,1.1,2026/09/18,harvest,complete,issuer,2026-09-19 17:32 UTC,ok
TRVL,TSX,Harvest Travel & Leisure Index ETF,Harvest ETFs,RHP,"Ryman Hospitality Properties, Inc.",1.1,2026/09/18,harvest,complete,issuer,2026-09-19 17:32 UTC,ok
TRVL,TSX,Harvest Travel & Leisure Index ETF,Harvest ETFs,NCLH,Norwegian Cruise Line Holdings Ltd.,1.0,2026/09/18,harvest,complete,issuer,2026-09-19 17:32 UTC,ok
TRVL,TSX,Harvest Travel & Leisure Index ETF,Harvest ETFs,WYNN,"Wynn Resorts, Limited",0.9,2026/09/18,harvest,complete,issuer,2026-09-19 17:32 UTC,ok
TRVL,TSX,Harvest Travel & Leisure Index ETF,Harvest ETFs,,Cash and other assets and liabilities,0.9,2026/09/18,harvest,complete,n/a,2026-09-19 17:32 UTC,ok
TRVL,TSX,Harvest Travel & Leisure Index ETF,Harvest ETFs,CZR,"Caesars Entertainment, Inc.",0.7,2026/09/18,harvest,complete,issuer,2026-09-19 17:32 UTC,ok
TRVL,TSX,Harvest Travel & Leisure Index ETF,Harvest ETFs,CPA,"Copa Holdings, S.A.",0.7,2026/09/18,harvest,complete,issuer,2026-09-19 17:32 UTC,ok
TRVL,TSX,Harvest Travel & Leisure Index ETF,Harvest ETFs,MTN,"Vail Resorts, Inc.",0.7,2026/09/18,harvest,complete,issuer,2026-09-19 17:32 UTC,ok
TRVL,TSX,Harvest Travel & Leisure Index ETF,Harvest ETFs,WH,"Wyndham Hotels & Resorts, Inc.",0.7,2026/09/18,harvest,complete,issuer,2026-09-19 17:32 UTC,ok
TRVL,TSX,Harvest Travel & Leisure Index ETF,Harvest ETFs,ALK,"Alaska Air Group, Inc.",0.6,2026/09/18,harvest,complete,issuer,2026-09-19 17:32 UTC,ok
TRVL,TSX,Harvest Travel & Leisure Index ETF,Harvest ETFs,RRR,"Red Rock Resorts, Inc.",0.6,2026/09/18,harvest,complete,issuer,2026-09-19 17:32 UTC,ok
TRVL,TSX,Harvest Travel & Leisure Index ETF,Harvest ETFs,TNL,Travel + Leisure Co.,0.6,2026/09/18,harvest,complete,issuer,2026-09-19 17:32 UTC,ok
TRVL,TSX,Harvest Travel & Leisure Index ETF,Harvest ETFs,BYD,Boyd Gaming Corporation,0.5,2026/09/18,harvest,complete,issuer,2026-09-19 17:32 UTC,ok
TRVL,TSX,Harvest Travel & Leisure Index ETF,Harvest ETFs,SKYW,"SkyWest, Inc.",0.5,2026/09/18,harvest,complete,issuer,2026-09-19 17:32 UTC,ok
HBLK,TSX,Blockchain Technologies ETF,Harvest ETFs,CRCL,"Circle Internet Group, Inc.",7.9,2026/09/18,harvest,complete,issuer,2026-09-19 17:32 UTC,ok
HBLK,TSX,Blockchain Technologies ETF,Harvest ETFs,COIN,"Coinbase Global, Inc.",7.7,2026/09/18,harvest,complete,issuer,2026-09-19 17:32 UTC,ok
HBLK,TSX,Blockchain Technologies ETF,Harvest ETFs,XYZ,"Block, Inc.",7.5,2026/09/18,harvest,complete,issuer,2026-09-19 17:32 UTC,ok
HBLK,TSX,Blockchain Technologies ETF,Harvest ETFs,HOOD,"Robinhood Markets, Inc.",7.4,2026/09/18,harvest,complete,issuer,2026-09-19 17:32 UTC,ok
HBLK,TSX,Blockchain Technologies ETF,Harvest ETFs,IREN,IREN Limited,6.6,2026/09/18,harvest,complete,issuer,2026-09-19 17:32 UTC,ok
HBLK,TSX,Blockchain Technologies ETF,Harvest ETFs,HUT,Hut 8 Corp.,5.7,2026/09/18,harvest,complete,issuer,2026-09-19 17:32 UTC,ok
HBLK,TSX,Blockchain Technologies ETF,Harvest ETFs,CIFR,Cipher Digital Inc.,4.7,2026/09/18,harvest,complete,issuer,2026-09-19 17:32 UTC,ok
HBLK,TSX,Blockchain Technologies ETF,Harvest ETFs,GLXY,Galaxy Digital Inc.,4.4,2026/09/18,harvest,complete,issuer,2026-09-19 17:32 UTC,ok
HBLK,TSX,Blockchain Technologies ETF,Harvest ETFs,RIOT,"Riot Platforms, Inc.",3.8,2026/09/18,harvest,complete,issuer,2026-09-19 17:32 UTC,ok
HBLK,TSX,Blockchain Technologies ETF,Harvest ETFs,CORZ,"Core Scientific, Inc.",3.4,2026/09/18,harvest,complete,issuer,2026-09-19 17:32 UTC,ok
HBLK,TSX,Blockchain Technologies ETF,Harvest ETFs,WULF,TeraWulf Inc.,3.2,2026/09/18,harvest,complete,issuer,2026-09-19 17:32 UTC,ok
HBLK,TSX,Blockchain Technologies ETF,Harvest ETFs,ACN,Accenture PLC,2.6,2026/09/18,harvest,complete,issuer,2026-09-19 17:32 UTC,ok
HBLK,TSX,Blockchain Technologies ETF,Harvest ETFs,MSFT,Microsoft Corporation,2.6,2026/09/18,harvest,complete,issuer,2026-09-19 17:32 UTC,ok
HBLK,TSX,Blockchain Technologies ETF,Harvest ETFs,SAP,SAP SE,2.6,2026/09/18,harvest,complete,issuer,2026-09-19 17:32 UTC,ok
HBLK,TSX,Blockchain Technologies ETF,Harvest ETFs,INFY,Infosys Limited,2.5,2026/09/18,harvest,complete,issuer,2026-09-19 17:32 UTC,ok
HBLK,TSX,Blockchain Technologies ETF,Harvest ETFs,INTC,Intel Corporation,2.5,2026/09/18,harvest,complete,issuer,2026-09-19 17:32 UTC,ok
HBLK,TSX,Blockchain Technologies ETF,Harvest ETFs,IBM,International Business Machines Corporation,2.5,2026/09/18,harvest,complete,issuer,2026-09-19 17:32 UTC,ok
HBLK,TSX,Blockchain Technologies ETF,Harvest ETFs,ORCL,Oracle Corporation,2.5,2026/09/18,harvest,complete,issuer,2026-09-19 17:32 UTC,ok
HBLK,TSX,Blockchain Technologies ETF,Harvest ETFs,V,Visa Inc.,2.5,2026/09/18,harvest,complete,issuer,2026-09-19 17:32 UTC,ok
HBLK,TSX,Blockchain Technologies ETF,Harvest ETFs,WIT,Wipro Limited,2.5,2026/09/18,harvest,complete,issuer,2026-09-19 17:32 UTC,ok
HBLK,TSX,Blockchain Technologies ETF,Harvest ETFs,MA,Mastercard Incorporated,2.4,2026/09/18,harvest,complete,issuer,2026-09-19 17:32 UTC,ok
HBLK,TSX,Blockchain Technologies ETF,Harvest ETFs,FIGR,"Figure Technology Solutions, Inc.",2.2,2026/09/18,harvest,complete,issuer,2026-09-19 17:32 UTC,ok
HBLK,TSX,Blockchain Technologies ETF,Harvest ETFs,MARA,"MARA Holdings, Inc.",2.2,2026/09/18,harvest,complete,issuer,2026-09-19 17:32 UTC,ok
HBLK,TSX,Blockchain Technologies ETF,Harvest ETFs,CLSK,"CleanSpark, Inc.",1.7,2026/09/18,harvest,complete,issuer,2026-09-19 17:32 UTC,ok
HBLK,TSX,Blockchain Technologies ETF,Harvest ETFs,,Cash and other assets and liabilities,1.7,2026/09/18,harvest,complete,n/a,2026-09-19 17:32 UTC,ok
HBLK,TSX,Blockchain Technologies ETF,Harvest ETFs,FOUR,"Shift4 Payments, Inc.",1.4,2026/09/18,harvest,complete,issuer,2026-09-19 17:32 UTC,ok
HBLK,TSX,Blockchain Technologies ETF,Harvest ETFs,KEEL,Keel Infrastructure Corp.,1.1,2026/09/18,harvest,complete,issuer,2026-09-19 17:32 UTC,ok
HBLK,TSX,Blockchain Technologies ETF,Harvest ETFs,BTDR,Bitdeer Technologies Group,0.7,2026/09/18,harvest,complete,issuer,2026-09-19 17:32 UTC,ok
HBLK,TSX,Blockchain Technologies ETF,Harvest ETFs,HIVE,HIVE Digital Technologies Ltd.,0.4,2026/09/18,harvest,complete,issuer,2026-09-19 17:32 UTC,ok
HBLK,TSX,Blockchain Technologies ETF,Harvest ETFs,BTBT,"Bit Digital, Inc.",0.2,2026/09/18,harvest,complete,issuer,2026-09-19 17:32 UTC,ok
HBLK,TSX,Blockchain Technologies ETF,Harvest ETFs,AIFC,ALT5 Sigma Corporation,0.1,2026/09/18,harvest,complete,issuer,2026-09-19 17:32 UTC,ok
HBLK,TSX,Blockchain Technologies ETF,Harvest ETFs,BKKT,"Bakkt Holdings, Inc.",0.1,2026/09/18,harvest,complete,issuer,2026-09-19 17:32 UTC,ok
HBLK,TSX,Blockchain Technologies ETF,Harvest ETFs,CD,Chaince Digital Holdings Inc.,0.1,2026/09/18,harvest,complete,issuer,2026-09-19 17:32 UTC,ok
HBLK,TSX,Blockchain Technologies ETF,Harvest ETFs,DFDV,DeFi Development Corp.,0.1,2026/09/18,harvest,complete,issuer,2026-09-19 17:32 UTC,ok
HBLK,TSX,Blockchain Technologies ETF,Harvest ETFs,DEFI,DeFi Technologies Inc.,0.1,2026/09/18,harvest,complete,issuer,2026-09-19 17:32 UTC,ok
HBLK,TSX,Blockchain Technologies ETF,Harvest ETFs,DGX,Digi Power X Inc.,0.1,2026/09/18,harvest,complete,issuer,2026-09-19 17:32 UTC,ok
HBLK,TSX,Blockchain Technologies ETF,Harvest ETFs,DMGI,DMG Blockchain Solutions Inc.,0.1,2026/09/18,harvest,complete,issuer,2026-09-19 17:32 UTC,ok
HBLK,TSX,Blockchain Technologies ETF,Harvest ETFs,FUFU,BitFuFu Inc.,0.0,2026/09/18,harvest,complete,issuer,2026-09-19 17:32 UTC,ok
HBLK,TSX,Blockchain Technologies ETF,Harvest ETFs,BTCS,BTCS Inc.,0.0,2026/09/18,harvest,complete,issuer,2026-09-19 17:32 UTC,ok
HBLK,TSX,Blockchain Technologies ETF,Harvest ETFs,EXOD,"Exodus Movement, Inc.",0.0,2026/09/18,harvest,complete,issuer,2026-09-19 17:32 UTC,ok
HBLK,TSX,Blockchain Technologies ETF,Harvest ETFs,NDA,Neptune Digital Assets Corp.,0.0,2026/09/18,harvest,complete,issuer,2026-09-19 17:32 UTC,ok
HBLK,TSX,Blockchain Technologies ETF,Harvest ETFs,NC,NetCents Technology Inc.,0.0,2026/09/18,harvest,complete,issuer,2026-09-19 17:32 UTC,ok
HBLK,TSX,Blockchain Technologies ETF,Harvest ETFs,HODL,Sol Strategies Inc.,0.0,2026/09/18,harvest,complete,issuer,2026-09-19 17:32 UTC,ok
HBLK,TSX,Blockchain Technologies ETF,Harvest ETFs,VOYG,Voyager Digital Ltd.,0.0,2026/09/18,harvest,complete,issuer,2026-09-19 17:32 UTC,ok
HCLN,TSX,Harvest Clean Energy ETF,Harvest ETFs,,Cash and other assets and liabilities,3.8,2026/09/18,harvest,complete,n/a,2026-09-19 17:32 UTC,ok
HCLN,TSX,Harvest Clean Energy ETF,Harvest ETFs,VWS DC,Vestas Wind Systems A/S,3.3,2026/09/18,harvest,complete,issuer,2026-09-19 17:32 UTC,ok
HCLN,TSX,Harvest Clean Energy ETF,Harvest ETFs,CADLR NO,Cadeler A/S,3.0,2026/09/18,harvest,complete,issuer,2026-09-19 17:32 UTC,ok
HCLN,TSX,Harvest Clean Energy ETF,Harvest ETFs,3800 HK,GCL Technology Holdings Limited,3.0,2026/09/18,harvest,complete,issuer,2026-09-19 17:32 UTC,ok
HCLN,TSX,Harvest Clean Energy ETF,Harvest ETFs,LAND SW,Landis+Gyr Group AG,2.8,2026/09/18,harvest,complete,issuer,2026-09-19 17:32 UTC,ok
HCLN,TSX,Harvest Clean Energy ETF,Harvest ETFs,RNW,ReNew Energy Global PLC,2.8,2026/09/18,harvest,complete,issuer,2026-09-19 17:32 UTC,ok
HCLN,TSX,Harvest Clean Energy ETF,Harvest ETFs,SCATC NO,Scatec ASA,2.7,2026/09/18,harvest,complete,issuer,2026-09-19 17:32 UTC,ok
HCLN,TSX,Harvest Clean Energy ETF,Harvest ETFs,S92 GR,SMA Solar Technology AG,2.7,2026/09/18,harvest,complete,issuer,2026-09-19 17:32 UTC,ok
HCLN,TSX,Harvest Clean Energy ETF,Harvest ETFs,VER AV,VERBUND AG,2.7,2026/09/18,harvest,complete,issuer,2026-09-19 17:32 UTC,ok
HCLN,TSX,Harvest Clean Energy ETF,Harvest ETFs,968 HK,Xinyi Solar Holdings Limited,2.7,2026/09/18,harvest,complete,issuer,2026-09-19 17:32 UTC,ok
HCLN,TSX,Harvest Clean Energy ETF,Harvest ETFs,ANE SM,"Corporación Acciona Energías Renovables, S.A.",2.6,2026/09/18,harvest,complete,issuer,2026-09-19 17:32 UTC,ok
HCLN,TSX,Harvest Clean Energy ETF,Harvest ETFs,DRX LN,Drax Group PLC,2.6,2026/09/18,harvest,complete,issuer,2026-09-19 17:32 UTC,ok
HCLN,TSX,Harvest Clean Energy ETF,Harvest ETFs,EDPR PL,"EDP Renováveis, S.A.",2.6,2026/09/18,harvest,complete,issuer,2026-09-19 17:32 UTC,ok
HCLN,TSX,Harvest Clean Energy ETF,Harvest ETFs,ERG IM,ERG S.p.A.,2.6,2026/09/18,harvest,complete,issuer,2026-09-19 17:32 UTC,ok
HCLN,TSX,Harvest Clean Energy ETF,Harvest ETFs,MCY NZ,Mercury NZ Limited,2.6,2026/09/18,harvest,complete,issuer,2026-09-19 17:32 UTC,ok
HCLN,TSX,Harvest Clean Energy ETF,Harvest ETFs,PLUG,Plug Power Inc.,2.6,2026/09/18,harvest,complete,issuer,2026-09-19 17:32 UTC,ok
HCLN,TSX,Harvest Clean Energy ETF,Harvest ETFs,BEPC,Brookfield Renewable Corporation,2.5,2026/09/18,harvest,complete,issuer,2026-09-19 17:32 UTC,ok
HCLN,TSX,Harvest Clean Energy ETF,Harvest ETFs,CWEN,"Clearway Energy, Inc.",2.5,2026/09/18,harvest,complete,issuer,2026-09-19 17:32 UTC,ok
HCLN,TSX,Harvest Clean Energy ETF,Harvest ETFs,ENS,EnerSys,2.5,2026/09/18,harvest,complete,issuer,2026-09-19 17:32 UTC,ok
HCLN,TSX,Harvest Clean Energy ETF,Harvest ETFs,ENPH,"Enphase Energy, Inc.",2.5,2026/09/18,harvest,complete,issuer,2026-09-19 17:32 UTC,ok
HCLN,TSX,Harvest Clean Energy ETF,Harvest ETFs,MEL NZ,Meridian Energy Limited,2.5,2026/09/18,harvest,complete,issuer,2026-09-19 17:32 UTC,ok
HCLN,TSX,Harvest Clean Energy ETF,Harvest ETFs,NDX1 GR,Nordex SE,2.5,2026/09/18,harvest,complete,issuer,2026-09-19 17:32 UTC,ok
HCLN,TSX,Harvest Clean Energy ETF,Harvest ETFs,ORA,"Ormat Technologies, Inc.",2.5,2026/09/18,harvest,complete,issuer,2026-09-19 17:32 UTC,ok
HCLN,TSX,Harvest Clean Energy ETF,Harvest ETFs,SLR SM,"Solaria Energía y Medio Ambiente, S.A.",2.5,2026/09/18,harvest,complete,issuer,2026-09-19 17:32 UTC,ok
HCLN,TSX,Harvest Clean Energy ETF,Harvest ETFs,916 HK,China Longyuan Power Group Corporation Limited,2.4,2026/09/18,harvest,complete,issuer,2026-09-19 17:32 UTC,ok
HCLN,TSX,Harvest Clean Energy ETF,Harvest ETFs,CEN NZ,Contact Energy Limited,2.4,2026/09/18,harvest,complete,issuer,2026-09-19 17:32 UTC,ok
HCLN,TSX,Harvest Clean Energy ETF,Harvest ETFs,FSLR,"First Solar, Inc.",2.4,2026/09/18,harvest,complete,issuer,2026-09-19 17:32 UTC,ok
HCLN,TSX,Harvest Clean Energy ETF,Harvest ETFs,NPI,Northland Power Inc.,2.4,2026/09/18,harvest,complete,issuer,2026-09-19 17:32 UTC,ok
HCLN,TSX,Harvest Clean Energy ETF,Harvest ETFs,ORSTED DC,Orsted A/S,2.4,2026/09/18,harvest,complete,issuer,2026-09-19 17:32 UTC,ok
HCLN,TSX,Harvest Clean Energy ETF,Harvest ETFs,EOSE,"Eos Energy Enterprises, Inc.",2.3,2026/09/18,harvest,complete,issuer,2026-09-19 17:32 UTC,ok
HCLN,TSX,Harvest Clean Energy ETF,Harvest ETFs,GRE SM,"Grenergy Renovables, S.A.",2.3,2026/09/18,harvest,complete,issuer,2026-09-19 17:32 UTC,ok
HCLN,TSX,Harvest Clean Energy ETF,Harvest ETFs,MWH,"Solv Energy, Inc.",2.3,2026/09/18,harvest,complete,issuer,2026-09-19 17:32 UTC,ok
HCLN,TSX,Harvest Clean Energy ETF,Harvest ETFs,TE,T1 Energy Inc.,2.3,2026/09/18,harvest,complete,issuer,2026-09-19 17:32 UTC,ok
HCLN,TSX,Harvest Clean Energy ETF,Harvest ETFs,RUN,Sunrun Inc.,2.2,2026/09/18,harvest,complete,issuer,2026-09-19 17:32 UTC,ok
HCLN,TSX,Harvest Clean Energy ETF,Harvest ETFs,FCEL,"FuelCell Energy, Inc.",2.1,2026/09/18,harvest,complete,issuer,2026-09-19 17:32 UTC,ok
HCLN,TSX,Harvest Clean Energy ETF,Harvest ETFs,FLNC,"Fluence Energy, Inc.",2.0,2026/09/18,harvest,complete,issuer,2026-09-19 17:32 UTC,ok
HCLN,TSX,Harvest Clean Energy ETF,Harvest ETFs,NXT,Nextpower Inc.,2.0,2026/09/18,harvest,complete,issuer,2026-09-19 17:32 UTC,ok
HCLN,TSX,Harvest Clean Energy ETF,Harvest ETFs,SHLS,"Shoals Technologies Group, Inc.",1.9,2026/09/18,harvest,complete,issuer,2026-09-19 17:32 UTC,ok
HCLN,TSX,Harvest Clean Energy ETF,Harvest ETFs,SEDG,"SolarEdge Technologies, Inc.",1.9,2026/09/18,harvest,complete,issuer,2026-09-19 17:32 UTC,ok
HCLN,TSX,Harvest Clean Energy ETF,Harvest ETFs,FRVO,Fervo Energy Company,1.7,2026/09/18,harvest,complete,issuer,2026-09-19 17:32 UTC,ok
DLR,TSX,Horizons U.S. Dollar Currency ETF,Horizons ETFs Management,UBIL.U,GLOBAL X 0-3 MONTH U.S. T-BILL ETF (UBIL.U),81.35,"September 17, 2026",globalx,top_10,name_embedded,2026-09-19 17:32 UTC,ok
DLR,TSX,Horizons U.S. Dollar Currency ETF,Horizons ETFs Management,UCSH.U,GLOBAL X USD HIGH INTEREST SAVINGS ETF (UCSH.U),11.84,"September 17, 2026",globalx,top_10,name_embedded,2026-09-19 17:32 UTC,ok
DLR,TSX,Horizons U.S. Dollar Currency ETF,Horizons ETFs Management,,CASH & CASH EQUIVALENTS,6.81,"September 17, 2026",globalx,top_10,n/a,2026-09-19 17:32 UTC,ok
DLR.U,TSX,Horizons U.S. Dollar Currency ETF (USD),Horizons ETFs Management,UBIL.U,GLOBAL X 0-3 MONTH U.S. T-BILL ETF (UBIL.U),81.35,"September 17, 2026",globalx,top_10,name_embedded,2026-09-19 17:32 UTC,ok
DLR.U,TSX,Horizons U.S. Dollar Currency ETF (USD),Horizons ETFs Management,UCSH.U,GLOBAL X USD HIGH INTEREST SAVINGS ETF (UCSH.U),11.84,"September 17, 2026",globalx,top_10,name_embedded,2026-09-19 17:32 UTC,ok
DLR.U,TSX,Horizons U.S. Dollar Currency ETF (USD),Horizons ETFs Management,,CASH & CASH EQUIVALENTS,6.81,"September 17, 2026",globalx,top_10,n/a,2026-09-19 17:32 UTC,ok
HXT,TSX,Horizons S&P/TSX 60 Index ETF,Horizons ETFs Management,RY,ROYAL BANK OF CANADA,9.56,"September 17, 2026",globalx,top_10,seed,2026-09-19 17:32 UTC,ok
HXT,TSX,Horizons S&P/TSX 60 Index ETF,Horizons ETFs Management,TD.NE,TORONTO-DOMINION BANK/THE,6.76,"September 17, 2026",globalx,top_10,yahoo,2026-09-19 17:32 UTC,ok
HXT,TSX,Horizons S&P/TSX 60 Index ETF,Horizons ETFs Management,SHOP,SHOPIFY INC,6.01,"September 17, 2026",globalx,top_10,yahoo,2026-09-19 17:32 UTC,ok
HXT,TSX,Horizons S&P/TSX 60 Index ETF,Horizons ETFs Management,BMO.TO,BANK OF MONTREAL,4.0,"September 17, 2026",globalx,top_10,seed,2026-09-19 17:32 UTC,ok
HXT,TSX,Horizons S&P/TSX 60 Index ETF,Horizons ETFs Management,BNS.NE,BANK OF NOVA SCOTIA/THE,3.76,"September 17, 2026",globalx,top_10,yahoo,2026-09-19 17:32 UTC,ok
HXT,TSX,Horizons S&P/TSX 60 Index ETF,Horizons ETFs Management,ENB.TO,ENBRIDGE INC,3.7,"September 17, 2026",globalx,top_10,seed,2026-09-19 17:32 UTC,ok
HXT,TSX,Horizons S&P/TSX 60 Index ETF,Horizons ETFs Management,CNQ.TO,CANADIAN NATURAL RESOURCES LTD,3.5,"September 17, 2026",globalx,top_10,seed,2026-09-19 17:32 UTC,ok
HXT,TSX,Horizons S&P/TSX 60 Index ETF,Horizons ETFs Management,CM.TO,CANADIAN IMPERIAL BANK OF COMM,3.49,"September 17, 2026",globalx,top_10,yahoo,2026-09-19 17:32 UTC,ok
HXT,TSX,Horizons S&P/TSX 60 Index ETF,Horizons ETFs Management,AEM.TO,AGNICO EAGLE MINES LTD,3.45,"September 17, 2026",globalx,top_10,seed,2026-09-19 17:32 UTC,ok
HXT,TSX,Horizons S&P/TSX 60 Index ETF,Horizons ETFs Management,BN-PB.TO,BROOKFIELD CORP,2.94,"September 17, 2026",globalx,top_10,yahoo,2026-09-19 17:32 UTC,ok
HXS,TSX,Horizons S&P 500 Index ETF,Horizons ETFs Management,NVDA,NVIDIA CORP,8.09,"September 17, 2026",globalx,top_10,seed,2026-09-19 17:32 UTC,ok
HXS,TSX,Horizons S&P 500 Index ETF,Horizons ETFs Management,AAPL,APPLE INC,7.04,"September 17, 2026",globalx,top_10,seed,2026-09-19 17:32 UTC,ok
HXS,TSX,Horizons S&P 500 Index ETF,Horizons ETFs Management,MSFT,MICROSOFT CORP,5.7,"September 17, 2026",globalx,top_10,seed,2026-09-19 17:32 UTC,ok
HXS,TSX,Horizons S&P 500 Index ETF,Horizons ETFs Management,GOOG,ALPHABET INC,5.41,"September 17, 2026",globalx,top_10,yahoo,2026-09-19 17:32 UTC,ok
HXS,TSX,Horizons S&P 500 Index ETF,Horizons ETFs Management,AMZN,AMAZON.COM INC,3.85,"September 17, 2026",globalx,top_10,seed,2026-09-19 17:32 UTC,ok
HXS,TSX,Horizons S&P 500 Index ETF,Horizons ETFs Management,AVGO,BROADCOM INC,2.65,"September 17, 2026",globalx,top_10,seed,2026-09-19 17:32 UTC,ok
HXS,TSX,Horizons S&P 500 Index ETF,Horizons ETFs Management,META,META PLATFORMS INC,1.9,"September 17, 2026",globalx,top_10,yahoo,2026-09-19 17:32 UTC,ok
HXS,TSX,Horizons S&P 500 Index ETF,Horizons ETFs Management,MU,MICRON TECHNOLOGY INC,1.64,"September 17, 2026",globalx,top_10,seed,2026-09-19 17:32 UTC,ok
HXS,TSX,Horizons S&P 500 Index ETF,Horizons ETFs Management,TSLA,TESLA INC,1.57,"September 17, 2026",globalx,top_10,seed,2026-09-19 17:32 UTC,ok
HXS,TSX,Horizons S&P 500 Index ETF,Horizons ETFs Management,JPM,JPMORGAN CHASE & CO,1.44,"September 17, 2026",globalx,top_10,seed,2026-09-19 17:32 UTC,ok
HXQ,TSX,Horizons NASDAQ-100 Index ETF,Horizons ETFs Management,QQQX.U,GLOBAL X NASDAQ-100 INDEX ETF (QQQX.U),49.85,"September 17, 2026",globalx,top_10,name_embedded,2026-09-19 17:32 UTC,ok
HXQ,TSX,Horizons NASDAQ-100 Index ETF,Horizons ETFs Management,NVDA,NVIDIA CORP,4.27,"September 17, 2026",globalx,top_10,seed,2026-09-19 17:32 UTC,ok
HXQ,TSX,Horizons NASDAQ-100 Index ETF,Horizons ETFs Management,AAPL,APPLE INC,3.72,"September 17, 2026",globalx,top_10,seed,2026-09-19 17:32 UTC,ok
HXQ,TSX,Horizons NASDAQ-100 Index ETF,Horizons ETFs Management,GOOG,ALPHABET INC,3.04,"September 17, 2026",globalx,top_10,yahoo,2026-09-19 17:32 UTC,ok
HXQ,TSX,Horizons NASDAQ-100 Index ETF,Horizons ETFs Management,MSFT,MICROSOFT CORP,3.02,"September 17, 2026",globalx,top_10,seed,2026-09-19 17:32 UTC,ok
HXQ,TSX,Horizons NASDAQ-100 Index ETF,Horizons ETFs Management,MU,MICRON TECHNOLOGY INC,2.38,"September 17, 2026",globalx,top_10,seed,2026-09-19 17:32 UTC,ok
HXQ,TSX,Horizons NASDAQ-100 Index ETF,Horizons ETFs Management,AMZN,AMAZON.COM INC,2.23,"September 17, 2026",globalx,top_10,seed,2026-09-19 17:32 UTC,ok
HXQ,TSX,Horizons NASDAQ-100 Index ETF,Horizons ETFs Management,AMD,ADVANCED MICRO DEVICES INC,1.69,"September 17, 2026",globalx,top_10,seed,2026-09-19 17:32 UTC,ok
HXQ,TSX,Horizons NASDAQ-100 Index ETF,Horizons ETFs Management,TSLA,TESLA INC,1.47,"September 17, 2026",globalx,top_10,seed,2026-09-19 17:32 UTC,ok
HXQ,TSX,Horizons NASDAQ-100 Index ETF,Horizons ETFs Management,AVGO,BROADCOM INC,1.4,"September 17, 2026",globalx,top_10,seed,2026-09-19 17:32 UTC,ok
HXU,TSX,Horizons BetaPro S&P/TSX 60 Bull Plus ETF,Horizons ETFs Management,,,,,globalx,,,2026-09-19 17:32 UTC,no_holdings_found [https://www.globalx.ca/product/HXU:no-holdings-divs https://www.globalx.ca/product/hxu:no-holdings-divs]
HXD,TSX,Horizons BetaPro S&P/TSX 60 Bear Plus ETF,Horizons ETFs Management,,,,,globalx,,,2026-09-19 17:32 UTC,no_holdings_found [https://www.globalx.ca/product/HXD:no-holdings-divs https://www.globalx.ca/product/hxd:no-holdings-divs]
HEU,TSX,Horizons BetaPro S&P/TSX Capped Energy Bull Plus ETF,Horizons ETFs Management,,,,,globalx,,,2026-09-19 17:32 UTC,no_holdings_found [https://www.globalx.ca/product/HEU:no-holdings-divs https://www.globalx.ca/product/heu:no-holdings-divs]
HED,TSX,Horizons BetaPro S&P/TSX Capped Energy Bear Plus ETF,Horizons ETFs Management,,,,,globalx,,,2026-09-19 17:32 UTC,no_holdings_found [https://www.globalx.ca/product/HED:no-holdings-divs https://www.globalx.ca/product/hed:no-holdings-divs]
HFU,TSX,Horizons BetaPro S&P/TSX Capped Financials Bull Plus ETF,Horizons ETFs Management,,,,,globalx,,,2026-09-19 17:32 UTC,no_holdings_found [https://www.globalx.ca/product/HFU:no-holdings-divs https://www.globalx.ca/product/hfu:no-holdings-divs]
HFD,TSX,Horizons BetaPro S&P/TSX Capped Financials Bear Plus ETF,Horizons ETFs Management,,,,,globalx,,,2026-09-19 17:32 UTC,no_holdings_found [https://www.globalx.ca/product/HFD:no-holdings-divs https://www.globalx.ca/product/hfd:no-holdings-divs]
HMU,TSX,Horizons BetaPro S&P/TSX Global Mining Bull Plus ETF,Horizons ETFs Management,,,,,globalx,,,2026-09-19 17:32 UTC,no_holdings_found [https://www.globalx.ca/product/HMU:no-response https://www.globalx.ca/product/hmu:no-response]
HMD,TSX,Horizons BetaPro S&P/TSX Global Mining Bear Plus ETF,Horizons ETFs Management,,,,,globalx,,,2026-09-19 17:32 UTC,no_holdings_found [https://www.globalx.ca/product/HMD:no-response https://www.globalx.ca/product/hmd:no-response]
HOU,TSX,Horizons BetaPro NYMEX Crude Oil Bull Plus ETF,Horizons ETFs Management,,,,,globalx,,,2026-09-19 17:32 UTC,no_holdings_found [https://www.globalx.ca/product/HOU:no-holdings-divs https://www.globalx.ca/product/hou:no-holdings-divs]
HOD,TSX,Horizons BetaPro NYMEX Crude Oil Bear Plus ETF,Horizons ETFs Management,,,,,globalx,,,2026-09-19 17:32 UTC,no_holdings_found [https://www.globalx.ca/product/HOD:no-holdings-divs https://www.globalx.ca/product/hod:no-holdings-divs]
HNU,TSX,Horizons BetaPro NYMEX Natural Gas Bull Plus ETF,Horizons ETFs Management,,,,,globalx,,,2026-09-19 17:32 UTC,no_holdings_found [https://www.globalx.ca/product/HNU:no-holdings-divs https://www.globalx.ca/product/hnu:no-holdings-divs]
HND,TSX,Horizons BetaPro NYMEX Natural Gas Bear Plus ETF,Horizons ETFs Management,,,,,globalx,,,2026-09-19 17:32 UTC,no_holdings_found [https://www.globalx.ca/product/HND:no-holdings-divs https://www.globalx.ca/product/hnd:no-holdings-divs]
HBU,TSX,Horizons BetaPro COMEX Gold Bull Plus ETF,Horizons ETFs Management,,,,,globalx,,,2026-09-19 17:32 UTC,no_holdings_found [https://www.globalx.ca/product/HBU:no-holdings-divs https://www.globalx.ca/product/hbu:no-holdings-divs]
HBD,TSX,Horizons BetaPro COMEX Gold Bear Plus ETF,Horizons ETFs Management,,,,,globalx,,,2026-09-19 17:32 UTC,no_holdings_found [https://www.globalx.ca/product/HBD:no-holdings-divs https://www.globalx.ca/product/hbd:no-holdings-divs]
HAU,TSX,Horizons BetaPro DJ-AIG Agricultural Grains Bull Plus ETF,Horizons ETFs Management,,,,,globalx,,,2026-09-19 17:32 UTC,no_holdings_found [https://www.globalx.ca/product/HAU:no-response https://www.globalx.ca/product/hau:no-response]
FHB,TSX,First Asset European Bank ETF,First Asset,,,,,,no_adapter,,2026-09-19 17:33 UTC,no_adapter [First Asset]
RWC,TSX,First Asset MSCI Canada Low Risk Weighted ETF,First Asset,,,,,,no_adapter,,2026-09-19 17:33 UTC,no_adapter [First Asset]
RWE,TSX,First Asset MSCI Europe Low Risk Weighted ETF (CAD Hedged),First Asset,,,,,,no_adapter,,2026-09-19 17:33 UTC,no_adapter [First Asset]
RWE.B,TSX,First Asset MSCI Europe Low Risk Weighted ETF (Unhedged),First Asset,,,,,,no_adapter,,2026-09-19 17:33 UTC,no_adapter [First Asset]
RWU,TSX,First Asset MSCI USA Low Risk Weighted ETF (CAD Hedged),First Asset,,,,,,no_adapter,,2026-09-19 17:33 UTC,no_adapter [First Asset]
RWU.B,TSX,First Asset MSCI USA Low Risk Weighted ETF (Unhedged),First Asset,,,,,,no_adapter,,2026-09-19 17:33 UTC,no_adapter [First Asset]
RWW,TSX,First Asset MSCI World Low Risk Weighted ETF (CAD Hedged),First Asset,,,,,,no_adapter,,2026-09-19 17:33 UTC,no_adapter [First Asset]
RWW.B,TSX,First Asset MSCI World Low Risk Weighted ETF (Unhedged),First Asset,,,,,,no_adapter,,2026-09-19 17:33 UTC,no_adapter [First Asset]
DXM,TSX,First Asset Morningstar Canada Dividend Target 30 Index ETF,First Asset,,,,,,no_adapter,,2026-09-19 17:33 UTC,no_adapter [First Asset]
WXM,TSX,First Asset Morningstar Canada Momentum Index ETF,First Asset,,,,,,no_adapter,,2026-09-19 17:33 UTC,no_adapter [First Asset]
FXM,TSX,First Asset Morningstar Canada Value Index ETF,First Asset,,,,,,no_adapter,,2026-09-19 17:33 UTC,no_adapter [First Asset]
QXM,TSX,First Asset Morningstar National Bank Québec Index ETF,First Asset,,,,,,no_adapter,,2026-09-19 17:33 UTC,no_adapter [First Asset]
UXM,TSX,First Asset Morningstar US Dividend Target 50 Index ETF (CAD Hedged),First Asset,,,,,,no_adapter,,2026-09-19 17:33 UTC,no_adapter [First Asset]
UXM.B,TSX,First Asset Morningstar US Dividend Target 50 Index ETF (Unhedged),First Asset,,,,,,no_adapter,,2026-09-19 17:33 UTC,no_adapter [First Asset]
YXM,TSX,First Asset Morningstar US Momentum Index ETF (CAD Hedged),First Asset,,,,,,no_adapter,,2026-09-19 17:33 UTC,no_adapter [First Asset]
YXM.B,TSX,First Asset Morningstar US Momentum Index ETF (Unhedged),First Asset,,,,,,no_adapter,,2026-09-19 17:33 UTC,no_adapter [First Asset]
XXM,TSX,First Asset Morningstar US Value Index ETF (CAD Hedged),First Asset,,,,,,no_adapter,,2026-09-19 17:33 UTC,no_adapter [First Asset]
XXM.B,TSX,First Asset Morningstar US Value Index ETF (Unhedged),First Asset,,,,,,no_adapter,,2026-09-19 17:33 UTC,no_adapter [First Asset]
TXF,TSX,First Asset Tech Giants Covered Call ETF (CAD Hedged),First Asset,,,,,,no_adapter,,2026-09-19 17:33 UTC,no_adapter [First Asset]
BXF,TSX,First Asset DEX 1-5 Year Laddered Government Strip Bond Index ETF,First Asset,,,,,,no_adapter,,2026-09-19 17:33 UTC,no_adapter [First Asset]
AXF,TSX,First Asset DEX All Canada Bond Barbell Index ETF,First Asset,,,,,,no_adapter,,2026-09-19 17:33 UTC,no_adapter [First Asset]
KXF,TSX,First Asset DEX Corporate Bond Barbell Index ETF,First Asset,,,,,,no_adapter,,2026-09-19 17:33 UTC,no_adapter [First Asset]
GXF,TSX,First Asset DEX Government Bond Barbell Index ETF,First Asset,,,,,,no_adapter,,2026-09-19 17:33 UTC,no_adapter [First Asset]
PXF,TSX,First Asset DEX Provincial Bond Index ETF,First Asset,,,,,,no_adapter,,2026-09-19 17:33 UTC,no_adapter [First Asset]
EXM,TSX,First Asset Morningstar Emerging Markets Composite Bond Index ETF,First Asset,,,,,,no_adapter,,2026-09-19 17:33 UTC,no_adapter [First Asset]
PSA,TSX,Purpose High Interest Savings ETF,Purpose Investments Inc.,,,,,,no_adapter,,2026-09-19 17:33 UTC,no_adapter [Purpose Investments Inc.]
MJJ,TSX,Purpose Marijuana Opportunities Fund,Purpose Investments Inc.,,,,,,no_adapter,,2026-09-19 17:33 UTC,no_adapter [Purpose Investments Inc.]
PSU.U,TSX,Purpose US Cash ETF,Purpose Investments Inc.,,,,,,no_adapter,,2026-09-19 17:33 UTC,no_adapter [Purpose Investments Inc.]
BND,TSX,Purpose Global Bond Fund,Purpose Investments Inc.,,,,,,no_adapter,,2026-09-19 17:33 UTC,no_adapter [Purpose Investments Inc.]
FLOT,TSX,Purpose Floating Rate Income Fund— FX Hedged,Purpose Investments Inc.,,,,,,no_adapter,,2026-09-19 17:33 UTC,no_adapter [Purpose Investments Inc.]
FLOT.B,TSX,Purpose Floating Rate Income Fund— Non-FX Hedged,Purpose Investments Inc.,,,,,,no_adapter,,2026-09-19 17:33 UTC,no_adapter [Purpose Investments Inc.]
FLOT.U,TSX,Purpose Floating Rate Income Fund— USD,Purpose Investments Inc.,,,,,,no_adapter,,2026-09-19 17:33 UTC,no_adapter [Purpose Investments Inc.]
IGB,TSX,Purpose Managed Duration Investment Grade Bond Fund,Purpose Investments Inc.,,,,,,no_adapter,,2026-09-19 17:33 UTC,no_adapter [Purpose Investments Inc.]
PBD,TSX,Purpose Total Return Bond Fund,Purpose Investments Inc.,,,,,,no_adapter,,2026-09-19 17:33 UTC,no_adapter [Purpose Investments Inc.]
PCF,TSX,Purpose Energy Credit Fund— FX Hedged,Purpose Investments Inc.,,,,,,no_adapter,,2026-09-19 17:33 UTC,no_adapter [Purpose Investments Inc.]
SBND,TSX,Purpose Short Duration Tactical Bond Fund,Purpose Investments Inc.,,,,,,no_adapter,,2026-09-19 17:33 UTC,no_adapter [Purpose Investments Inc.]
SYLD,TSX,Purpose Strategic Yield Fund— FX Hedged,Purpose Investments Inc.,,,,,,no_adapter,,2026-09-19 17:33 UTC,no_adapter [Purpose Investments Inc.]
BNC,TSX,Purpose Canadian Financial Income Fund,Purpose Investments Inc.,,,,,,no_adapter,,2026-09-19 17:33 UTC,no_adapter [Purpose Investments Inc.]
PDF,TSX,Purpose Core Dividend Fund,Purpose Investments Inc.,,,,,,no_adapter,,2026-09-19 17:33 UTC,no_adapter [Purpose Investments Inc.]
PDIV,TSX,Purpose Enhanced Dividend Fund,Purpose Investments Inc.,,,,,,no_adapter,,2026-09-19 17:33 UTC,no_adapter [Purpose Investments Inc.]
PFG,TSX,Purpose Global Financials Income Fund,Purpose Investments Inc.,,,,,,no_adapter,,2026-09-19 17:33 UTC,no_adapter [Purpose Investments Inc.]
PID,TSX,Purpose International Dividend Fund,Purpose Investments Inc.,,,,,,no_adapter,,2026-09-19 17:33 UTC,no_adapter [Purpose Investments Inc.]
PUD,TSX,Purpose US Dividend Fund — FX Hedged,Purpose Investments Inc.,,,,,,no_adapter,,2026-09-19 17:33 UTC,no_adapter [Purpose Investments Inc.]
PUD.B,TSX,Purpose US Dividend Fund— Non-FX Hedged,Purpose Investments Inc.,,,,,,no_adapter,,2026-09-19 17:33 UTC,no_adapter [Purpose Investments Inc.]
PIN,TSX,Purpose Monthly Income Fund,Purpose Investments Inc.,,,,,,no_adapter,,2026-09-19 17:33 UTC,no_adapter [Purpose Investments Inc.]
PINC,TSX,Purpose Multi-Asset Income Fund,Purpose Investments Inc.,,,,,,no_adapter,,2026-09-19 17:33 UTC,no_adapter [Purpose Investments Inc.]
PRP,TSX,Purpose Conservative Income Fund,Purpose Investments Inc.,,,,,,no_adapter,,2026-09-19 17:33 UTC,no_adapter [Purpose Investments Inc.]
PBI,TSX,Purpose Best Ideas Fund — FX Hedged,Purpose Investments Inc.,,,,,,no_adapter,,2026-09-19 17:33 UTC,no_adapter [Purpose Investments Inc.]
PBI.B,TSX,Purpose Best Ideas Fund— Non-FX Hedged,Purpose Investments Inc.,,,,,,no_adapter,,2026-09-19 17:33 UTC,no_adapter [Purpose Investments Inc.]
PINV,TSX,Purpose Global Innovators Fund,Purpose Investments Inc.,,,,,,no_adapter,,2026-09-19 17:33 UTC,no_adapter [Purpose Investments Inc.]
KILO,TSX,Purpose Gold Bullion Fund — FX Hedged,Purpose Investments Inc.,,,,,,no_adapter,,2026-09-19 17:33 UTC,no_adapter [Purpose Investments Inc.]
KILO.B,TSX,Purpose Gold Bullion Fund— Non-FX Hedged,Purpose Investments Inc.,,,,,,no_adapter,,2026-09-19 17:33 UTC,no_adapter [Purpose Investments Inc.]
KILO.U,TSX,Purpose Gold Bullion Fund — USD,Purpose Investments Inc.,,,,,,no_adapter,,2026-09-19 17:33 UTC,no_adapter [Purpose Investments Inc.]
PEU,TSX,Purpose Enhanced US Equity Fund— FX Hedged,Purpose Investments Inc.,,,,,,no_adapter,,2026-09-19 17:33 UTC,no_adapter [Purpose Investments Inc.]
PEU.B,TSX,Purpose Enhanced US Equity Fund— Non-FX Hedged,Purpose Investments Inc.,,,,,,no_adapter,,2026-09-19 17:33 UTC,no_adapter [Purpose Investments Inc.]
PHE,TSX,Purpose Tactical Hedged Equity Fund— FX Hedged,Purpose Investments Inc.,,,,,,no_adapter,,2026-09-19 17:33 UTC,no_adapter [Purpose Investments Inc.]
PHE.B,TSX,Purpose Tactical Hedged Equity Fund— Non-FX Hedged,Purpose Investments Inc.,,,,,,no_adapter,,2026-09-19 17:33 UTC,no_adapter [Purpose Investments Inc.]
PHR,TSX,Purpose Duration Hedged Real Estate Fund,Purpose Investments Inc.,,,,,,no_adapter,,2026-09-19 17:33 UTC,no_adapter [Purpose Investments Inc.]
PHW,TSX,Purpose International Tactical Hedged Equity Fund,Purpose Investments Inc.,,,,,,no_adapter,,2026-09-19 17:33 UTC,no_adapter [Purpose Investments Inc.]
PMM,TSX,Purpose Multi-Strategy Market Neutral Fund,Purpose Investments Inc.,,,,,,no_adapter,,2026-09-19 17:33 UTC,no_adapter [Purpose Investments Inc.]
PRA,TSX,Purpose Diversified Real Asset Fund,Purpose Investments Inc.,,,,,,no_adapter,,2026-09-19 17:33 UTC,no_adapter [Purpose Investments Inc.]
PYF,TSX,Purpose Premium Yield Fund— FX Hedged,Purpose Investments Inc.,,,,,,no_adapter,,2026-09-19 17:33 UTC,no_adapter [Purpose Investments Inc.]
PYF.B,TSX,Purpose Premium Yield Fund— Non-FX Hedged,Purpose Investments Inc.,,,,,,no_adapter,,2026-09-19 17:33 UTC,no_adapter [Purpose Investments Inc.]
PYF.U,TSX,Purpose Premium Yield Fund — USD,Purpose Investments Inc.,,,,,,no_adapter,,2026-09-19 17:33 UTC,no_adapter [Purpose Investments Inc.]
SBT,TSX,Purpose Silver Bullion Fund— FX Hedged,Purpose Investments Inc.,,,,,,no_adapter,,2026-09-19 17:33 UTC,no_adapter [Purpose Investments Inc.]
SBT.B,TSX,Purpose Silver Bullion Fund— Non-FX Hedged,Purpose Investments Inc.,,,,,,no_adapter,,2026-09-19 17:33 UTC,no_adapter [Purpose Investments Inc.]
SBT.U,TSX,Purpose Silver Bullion Fund — USD,Purpose Investments Inc.,,,,,,no_adapter,,2026-09-19 17:33 UTC,no_adapter [Purpose Investments Inc.]
BTCC,TSX,Purpose Bitcoin ETF — FX Hedged,Purpose Investments Inc.,,,,,,no_adapter,,2026-09-19 17:33 UTC,no_adapter [Purpose Investments Inc.]
BTCC.B,TSX,Purpose Bitcoin ETF — Non-FX Hedged,Purpose Investments Inc.,,,,,,no_adapter,,2026-09-19 17:33 UTC,no_adapter [Purpose Investments Inc.]
BTCC.U,TSX,Purpose Bitcoin ETF — USD,Purpose Investments Inc.,,,,,,no_adapter,,2026-09-19 17:33 UTC,no_adapter [Purpose Investments Inc.]
VCE,TSX,Vanguard FTSE Canada Index ETF,Vanguard Investments Canada Inc.,,,,,,no_adapter,,2026-09-19 17:33 UTC,no_adapter [Vanguard Investments Canada Inc.]
VCN,TSX,Vanguard FTSE Canada All Cap Index ETF,Vanguard Investments Canada Inc.,,,,,,no_adapter,,2026-09-19 17:33 UTC,no_adapter [Vanguard Investments Canada Inc.]
VDY,TSX,Vanguard FTSE Canadian High Dividend Yield Index ETF,Vanguard Investments Canada Inc.,,,,,,no_adapter,,2026-09-19 17:33 UTC,no_adapter [Vanguard Investments Canada Inc.]
VRE,TSX,Vanguard FTSE Canadian Capped REIT Index ETF,Vanguard Investments Canada Inc.,,,,,,no_adapter,,2026-09-19 17:33 UTC,no_adapter [Vanguard Investments Canada Inc.]
VUN,TSX,Vanguard U.S. Total Market Index ETF,Vanguard Investments Canada Inc.,,,,,,no_adapter,,2026-09-19 17:33 UTC,no_adapter [Vanguard Investments Canada Inc.]
VUS,TSX,Vanguard U.S. Total Market Index ETF (CAD-hedged),Vanguard Investments Canada Inc.,,,,,,no_adapter,,2026-09-19 17:33 UTC,no_adapter [Vanguard Investments Canada Inc.]
VFV,TSX,Vanguard S&P 500 Index,Vanguard Investments Canada Inc.,,,,,,no_adapter,,2026-09-19 17:33 UTC,no_adapter [Vanguard Investments Canada Inc.]
VSP,TSX,Vanguard S&P 500 Index (CAD-hedged),Vanguard Investments Canada Inc.,,,,,,no_adapter,,2026-09-19 17:33 UTC,no_adapter [Vanguard Investments Canada Inc.]
VGG,TSX,Vanguard U.S. Dividend Appreciation Index ETF,Vanguard Investments Canada Inc.,,,,,,no_adapter,,2026-09-19 17:33 UTC,no_adapter [Vanguard Investments Canada Inc.]
VGH,TSX,Vanguard U.S. Dividend Appreciation Index ETF (CAD-hedged),Vanguard Investments Canada Inc.,,,,,,no_adapter,,2026-09-19 17:33 UTC,no_adapter [Vanguard Investments Canada Inc.]
VXC,TSX,Vanguard FTSE All-World ex Canada Index ETF,Vanguard Investments Canada Inc.,,,,,,no_adapter,,2026-09-19 17:33 UTC,no_adapter [Vanguard Investments Canada Inc.]
VDU,TSX,Vanguard FTSE Developed ex North America Index ETF,Vanguard Investments Canada Inc.,,,,,,no_adapter,,2026-09-19 17:33 UTC,no_adapter [Vanguard Investments Canada Inc.]
VEF,TSX,Vanguard FTSE Developed ex North America Index ETF (CAD-hedged),Vanguard Investments Canada Inc.,,,,,,no_adapter,,2026-09-19 17:33 UTC,no_adapter [Vanguard Investments Canada Inc.]
VE,TSX,Vanguard FTSE Developed Europe Index ETF,Vanguard Investments Canada Inc.,,,,,,no_adapter,,2026-09-19 17:33 UTC,no_adapter [Vanguard Investments Canada Inc.]
VA,TSX,Vanguard FTSE Asia Pacific Index ETF,Vanguard Investments Canada Inc.,,,,,,no_adapter,,2026-09-19 17:33 UTC,no_adapter [Vanguard Investments Canada Inc.]
VEE,TSX,Vanguard FTSE Emerging Markets Index ETF,Vanguard Investments Canada Inc.,,,,,,no_adapter,,2026-09-19 17:33 UTC,no_adapter [Vanguard Investments Canada Inc.]
VAB,TSX,Vanguard Canadian Aggregate Bond Index ETF,Vanguard Investments Canada Inc.,,,,,,no_adapter,,2026-09-19 17:33 UTC,no_adapter [Vanguard Investments Canada Inc.]
VSB,TSX,Vanguard Canadian Short-Term Bond Index ETF,Vanguard Investments Canada Inc.,,,,,,no_adapter,,2026-09-19 17:33 UTC,no_adapter [Vanguard Investments Canada Inc.]
VSC,TSX,Vanguard Canadian Short-Term Corporate Bond Index ETF,Vanguard Investments Canada Inc.,,,,,,no_adapter,,2026-09-19 17:33 UTC,no_adapter [Vanguard Investments Canada Inc.]
VBU,TSX,Vanguard U.S. Aggregate Bond Index ETF (CAD-hedged),Vanguard Investments Canada Inc.,,,,,,no_adapter,,2026-09-19 17:33 UTC,no_adapter [Vanguard Investments Canada Inc.]
VBG,TSX,Vanguard Global ex-U.S. Aggregate Bond Index ETF (CAD-hedged),Vanguard Investments Canada Inc.,,,,,,no_adapter,,2026-09-19 17:33 UTC,no_adapter [Vanguard Investments Canada Inc.]
VMO,TSX,Vanguard Global Momentum Factor ETF (VMO),Vanguard Investments Canada Inc.,,,,,,no_adapter,,2026-09-19 17:33 UTC,no_adapter [Vanguard Investments Canada Inc.]
VVL,TSX,Vanguard Global Value Factor ETF (VVL),Vanguard Investments Canada Inc.,,,,,,no_adapter,,2026-09-19 17:33 UTC,no_adapter [Vanguard Investments Canada Inc.]
VBAL,TSX,Vanguard Balanced ETF Portfolio (VBAL),Vanguard Investments Canada Inc.,,,,,,no_adapter,,2026-09-19 17:33 UTC,no_adapter [Vanguard Investments Canada Inc.]
VCNS,TSX,Vanguard Conservative ETF Portfolio (VCNS),Vanguard Investments Canada Inc.,,,,,,no_adapter,,2026-09-19 17:33 UTC,no_adapter [Vanguard Investments Canada Inc.]
VGRO,TSX,Vanguard Growth ETF Portfolio (VGRO),Vanguard Investments Canada Inc.,,,,,,no_adapter,,2026-09-19 17:33 UTC,no_adapter [Vanguard Investments Canada Inc.]
VEQT,TSX,Vanguard All Equity ETF (VEQT),Vanguard Investments Canada Inc.,,,,,,no_adapter,,2026-09-19 17:33 UTC,no_adapter [Vanguard Investments Canada Inc.]
CAGS,TSX,WisdomTree Yield Enhanced Canada Short-Term Aggregate Bond Index ETF.,WisdomTree Canada,,,,,,no_adapter,,2026-09-19 17:33 UTC,no_adapter [WisdomTree Canada]
EHE,TSX,WisdomTree Europe Hedged Equity Index ETF.,WisdomTree Canada,,,,,,no_adapter,,2026-09-19 17:33 UTC,no_adapter [WisdomTree Canada]
CAGG,TSX,WisdomTree Yield Enhanced Canada Aggregate Bond Index ETF.,WisdomTree Canada,,,,,,no_adapter,,2026-09-19 17:33 UTC,no_adapter [WisdomTree Canada]
ONEQ,TSX,ONE Global Equity ETF.,WisdomTree Canada,,,,,,no_adapter,,2026-09-19 17:33 UTC,no_adapter [WisdomTree Canada]
DRG.B,TSX,WisdomTree U.S. Quality Dividend Growth Index ETF.,WisdomTree Canada,,,,,,no_adapter,,2026-09-19 17:33 UTC,no_adapter [WisdomTree Canada]
EHE.B,TSX,WisdomTree Europe Hedged Equity Index ETF.,WisdomTree Canada,,,,,,no_adapter,,2026-09-19 17:33 UTC,no_adapter [WisdomTree Canada]
DRG,TSX,WisdomTree U.S. Quality Dividend Growth Index ETF.,WisdomTree Canada,,,,,,no_adapter,,2026-09-19 17:33 UTC,no_adapter [WisdomTree Canada]
UMI,TSX,WisdomTree U.S. MidCap Dividend Index ETF.,WisdomTree Canada,,,,,,no_adapter,,2026-09-19 17:34 UTC,no_adapter [WisdomTree Canada]
DQD,TSX,WisdomTree U.S. Quality Dividend Growth Variably Hedged Index ETF™.,WisdomTree Canada,,,,,,no_adapter,,2026-09-19 17:34 UTC,no_adapter [WisdomTree Canada]
IQD.B,TSX,WisdomTree International Quality Dividend Growth Index ETF.,WisdomTree Canada,,,,,,no_adapter,,2026-09-19 17:34 UTC,no_adapter [WisdomTree Canada]
IQD,TSX,WisdomTree International Quality Dividend Growth Index ETF.,WisdomTree Canada,,,,,,no_adapter,,2026-09-19 17:34 UTC,no_adapter [WisdomTree Canada]
DQI,TSX,WisdomTree International Quality Dividend Growth Variably Hedged Index ETF™.,WisdomTree Canada,,,,,,no_adapter,,2026-09-19 17:34 UTC,no_adapter [WisdomTree Canada]
HID,TSX,WisdomTree U.S. High Dividend Index ETF.,WisdomTree Canada,,,,,,no_adapter,,2026-09-19 17:34 UTC,no_adapter [WisdomTree Canada]
HID.B,TSX,WisdomTree U.S. High Dividend Index ETF.,WisdomTree Canada,,,,,,no_adapter,,2026-09-19 17:34 UTC,no_adapter [WisdomTree Canada]
DRGC,TSX,WisdomTree Canada Quality Dividend Growth Index ETF.,WisdomTree Canada,,,,,,no_adapter,,2026-09-19 17:34 UTC,no_adapter [WisdomTree Canada]
EMV.B,TSX,WisdomTree Emerging Markets Dividend Index ETF.,WisdomTree Canada,,,,,,no_adapter,,2026-09-19 17:34 UTC,no_adapter [WisdomTree Canada]
UMI.B,TSX,WisdomTreee U.S. MidCap Dividend Index ETF.,WisdomTree Canada,,,,,,no_adapter,,2026-09-19 17:34 UTC,no_adapter [WisdomTree Canada]
PLV,TSX,"PowerShares Low Volatility Portfolio ETF - CAD, May 6, 2015",Invesco,,,,,,terminated,,2026-09-19 17:34 UTC,terminated
PTB,TSX,"PowerShares Tactical Bond ETF, Aug 24 2012",Invesco,,,,,,no_adapter,,2026-09-19 17:34 UTC,no_adapter [Invesco]
PFL,TSX,"PowerShares 1-3 Year Laddered Floating Rate Note Index ETF, Jul 21 2014",Invesco,,,,,,no_adapter,,2026-09-19 17:34 UTC,no_adapter [Invesco]
PSB,TSX,"PowerShares 1-5 Year Laddered Investment Grade Corporate Bond Index ETF, Jun 15 2011",Invesco,,,,,,no_adapter,,2026-09-19 17:34 UTC,no_adapter [Invesco]
USB,TSX,"PowerShares LadderRite U.S. 0-5 Year Corporate Bond Index ETF - CAD, Jul 21 2014",Invesco,,,,,,no_adapter,,2026-09-19 17:34 UTC,no_adapter [Invesco]
USB.U,TSX,"PowerShares LadderRite U.S. 0-5 Year Corporate Bond Index ETF - USD, Jul 21 2014",Invesco,,,,,,no_adapter,,2026-09-19 17:34 UTC,no_adapter [Invesco]
PGL,TSX,"PowerShares Ultra Liquid Long Term Government Bond Index ETF, Jun 15 2011",Invesco,,,,,,no_adapter,,2026-09-19 17:34 UTC,no_adapter [Invesco]
BKL,TSX,"PowerShares Senior Loan (CAD Hedged) Index ETF, Apr 16 2012",Invesco,,,,,,no_adapter,,2026-09-19 17:34 UTC,no_adapter [Invesco]
PFH,TSX,"PowerShares Fundamental High Yield Corporate Bond (CAD Hedged) Index ETF, Jun 21 2011",Invesco,,,,,,no_adapter,,2026-09-19 17:34 UTC,no_adapter [Invesco]
PPS,TSX,"PowerShares Canadian Preferred Share Index ETF, Jun 16 2011",Invesco,,,,,,no_adapter,,2026-09-19 17:34 UTC,no_adapter [Invesco]
PDC,TSX,"PowerShares Canadian Dividend Index ETF, Jun 16 2011",Invesco,,,,,,no_adapter,,2026-09-19 17:34 UTC,no_adapter [Invesco]
PSY,TSX,"PowerShares Global Shareholder Yield ETF - CAD, May 6, 2015",Invesco,,,,,,no_adapter,,2026-09-19 17:34 UTC,no_adapter [Invesco]
PSY.U,TSX,"PowerShares Global Shareholder Yield ETF - USD, May 6, 2015",Invesco,,,,,,no_adapter,,2026-09-19 17:34 UTC,no_adapter [Invesco]
TLV,TSX,"PowerShares S&P/TSX Composite Low Volatility Index ETF, Apr 24 2012",Invesco,,,,,,no_adapter,,2026-09-19 17:34 UTC,no_adapter [Invesco]
ULV,TSX,"PowerShares S&P 500 Low Volatility (CAD Hedged) Index ETF, Jan 24 2012",Invesco,,,,,,no_adapter,,2026-09-19 17:34 UTC,no_adapter [Invesco]
ILV,TSX,"PowerShares S&P International Developed Low Volatility Index ETF, Sep 08 2014",Invesco,,,,,,no_adapter,,2026-09-19 17:34 UTC,no_adapter [Invesco]
ELV,TSX,"PowerShares S&P Emerging Markets Low Volatility Index ETF, Sep 08 2014",Invesco,,,,,,no_adapter,,2026-09-19 17:34 UTC,no_adapter [Invesco]
PXC,TSX,"PowerShares FTSE RAFI Canadian Fundamental Index ETF, Jan 26 2012",Invesco,,,,,,no_adapter,,2026-09-19 17:34 UTC,no_adapter [Invesco]
PZC,TSX,"PowerShares FTSE RAFI Canadian Small-Mid Fundamental Index ETF, Apr 14 2015",Invesco,,,,,,no_adapter,,2026-09-19 17:34 UTC,no_adapter [Invesco]
PXS,TSX,"PowerShares FTSE RAFI U.S. Fundamental Index ETF - CAD, Apr 14 2015",Invesco,,,,,,no_adapter,,2026-09-19 17:34 UTC,no_adapter [Invesco]
PXS.U,TSX,"PowerShares FTSE RAFI U.S. Fundamental Index ETF - USD, Apr 14 2015",Invesco,,,,,,no_adapter,,2026-09-19 17:34 UTC,no_adapter [Invesco]
PXU,TSX,"PowerShares FTSE RAFI US Fundamental (CAD Hedged) Index ETF, Jan 26 2012",Invesco,,,,,,no_adapter,,2026-09-19 17:34 UTC,no_adapter [Invesco]
PXG,TSX,"PowerShares FTSE RAFI Global+ Fundamental Index ETF - CAD, Apr 14 2015",Invesco,,,,,,no_adapter,,2026-09-19 17:34 UTC,no_adapter [Invesco]
PXG.U,TSX,"PowerShares FTSE RAFI Global+ Fundamental Index ETF - USD, Apr 14 2015",Invesco,,,,,,no_adapter,,2026-09-19 17:34 UTC,no_adapter [Invesco]
PZW,TSX,"PowerShares FTSE RAFI Global Small-Mid Fundamental ETF - CAD, May 6, 2015",Invesco,,,,,,no_adapter,,2026-09-19 17:34 UTC,no_adapter [Invesco]
PZW.U,TSX,"PowerShares FTSE RAFI Global Small-Mid Fundamental ETF - USD, May 6, 2015",Invesco,,,,,,no_adapter,,2026-09-19 17:34 UTC,no_adapter [Invesco]
QQC.F,TSX,"PowerShares QQQ (CAD Hedged) Index ETF, Jun 16 2011",Invesco,,,,,,no_adapter,,2026-09-19 17:34 UTC,no_adapter [Invesco]
FST,TSX,First Trust Canadian Capital Strength ETF,First Trust,AEM,Agnico Eagle Mines Limited,5.37,,firsttrust,complete,yahoo,2026-09-19 17:34 UTC,ok
FST,TSX,First Trust Canadian Capital Strength ETF,First Trust,KGC,Kinross Gold Corporation,4.66,,firsttrust,complete,yahoo,2026-09-19 17:34 UTC,ok
FST,TSX,First Trust Canadian Capital Strength ETF,First Trust,RUS.TO,Russel Metals Inc.,4.65,,firsttrust,complete,seed,2026-09-19 17:34 UTC,ok
FST,TSX,First Trust Canadian Capital Strength ETF,First Trust,CVE.TO,Cenovus Energy Inc.,4.43,,firsttrust,complete,seed,2026-09-19 17:34 UTC,ok
FST,TSX,First Trust Canadian Capital Strength ETF,First Trust,CNQ.TO,Canadian Natural Resources Ltd.,4.21,,firsttrust,complete,seed,2026-09-19 17:34 UTC,ok
FST,TSX,First Trust Canadian Capital Strength ETF,First Trust,SU.TO,Suncor Energy Inc.,4.16,,firsttrust,complete,seed,2026-09-19 17:34 UTC,ok
FST,TSX,First Trust Canadian Capital Strength ETF,First Trust,X.TO,TMX Group Limited,4.1,,firsttrust,complete,yahoo,2026-09-19 17:34 UTC,ok
FST,TSX,First Trust Canadian Capital Strength ETF,First Trust,TD,The Toronto-Dominion Bank,4.06,,firsttrust,complete,seed,2026-09-19 17:34 UTC,ok
FST,TSX,First Trust Canadian Capital Strength ETF,First Trust,WSP.TO,WSP Global Inc.,4.06,,firsttrust,complete,seed,2026-09-19 17:34 UTC,ok
FST,TSX,First Trust Canadian Capital Strength ETF,First Trust,FTT.TO,Finning International Inc.,4.05,,firsttrust,complete,yahoo,2026-09-19 17:34 UTC,ok
FST,TSX,First Trust Canadian Capital Strength ETF,First Trust,MFC,Manulife Financial Corporation,3.94,,firsttrust,complete,yahoo,2026-09-19 17:34 UTC,ok
FST,TSX,First Trust Canadian Capital Strength ETF,First Trust,CLS,Celestica Inc.,3.89,,firsttrust,complete,yahoo,2026-09-19 17:34 UTC,ok
FST,TSX,First Trust Canadian Capital Strength ETF,First Trust,CCL-B.TO,CCL Industries (Class B),3.89,,firsttrust,complete,yahoo,2026-09-19 17:34 UTC,ok
FST,TSX,First Trust Canadian Capital Strength ETF,First Trust,SLF.TO,Sun Life Financial Inc.,3.88,,firsttrust,complete,seed,2026-09-19 17:34 UTC,ok
FST,TSX,First Trust Canadian Capital Strength ETF,First Trust,CM.TO,Canadian Imperial Bank of Commerce,3.84,,firsttrust,complete,seed,2026-09-19 17:34 UTC,ok
FST,TSX,First Trust Canadian Capital Strength ETF,First Trust,RY,Royal Bank of Canada,3.83,,firsttrust,complete,seed,2026-09-19 17:34 UTC,ok
FST,TSX,First Trust Canadian Capital Strength ETF,First Trust,SHOP,Shopify Inc. (Class A),3.79,,firsttrust,complete,yahoo,2026-09-19 17:34 UTC,ok
FST,TSX,First Trust Canadian Capital Strength ETF,First Trust,STN,Stantec Inc.,3.75,,firsttrust,complete,yahoo,2026-09-19 17:34 UTC,ok
FST,TSX,First Trust Canadian Capital Strength ETF,First Trust,PBA,Pembina Pipeline Corporation,3.72,,firsttrust,complete,yahoo,2026-09-19 17:34 UTC,ok
FST,TSX,First Trust Canadian Capital Strength ETF,First Trust,DOL.TO,Dollarama Inc.,3.64,,firsttrust,complete,seed,2026-09-19 17:34 UTC,ok
FST,TSX,First Trust Canadian Capital Strength ETF,First Trust,CSU.TO,Constellation Software Inc.,3.62,,firsttrust,complete,seed,2026-09-19 17:34 UTC,ok
FST,TSX,First Trust Canadian Capital Strength ETF,First Trust,LNR.DU,Linamar Corp.,3.61,,firsttrust,complete,yahoo,2026-09-19 17:34 UTC,ok
FST,TSX,First Trust Canadian Capital Strength ETF,First Trust,GIL,Gildan Activewear Inc.,3.58,,firsttrust,complete,yahoo,2026-09-19 17:34 UTC,ok
FST,TSX,First Trust Canadian Capital Strength ETF,First Trust,ATZ.TO,Aritzia Inc.,3.53,,firsttrust,complete,yahoo,2026-09-19 17:34 UTC,ok
FST,TSX,First Trust Canadian Capital Strength ETF,First Trust,ATD.TO,Alimentation Couche-Tard Inc.,3.43,,firsttrust,complete,seed,2026-09-19 17:34 UTC,ok
FST,TSX,First Trust Canadian Capital Strength ETF,First Trust,WARRANT,Constellation Software Inc. (Warrant),0.0,,firsttrust,complete,name_embedded,2026-09-19 17:34 UTC,ok
FST.A,TSX,First Trust Canadian Capital Strength ETF,First Trust,AEM,Agnico Eagle Mines Limited,5.37,,firsttrust,complete,yahoo,2026-09-19 17:34 UTC,ok
FST.A,TSX,First Trust Canadian Capital Strength ETF,First Trust,KGC,Kinross Gold Corporation,4.66,,firsttrust,complete,yahoo,2026-09-19 17:34 UTC,ok
FST.A,TSX,First Trust Canadian Capital Strength ETF,First Trust,RUS.TO,Russel Metals Inc.,4.65,,firsttrust,complete,seed,2026-09-19 17:34 UTC,ok
FST.A,TSX,First Trust Canadian Capital Strength ETF,First Trust,CVE.TO,Cenovus Energy Inc.,4.43,,firsttrust,complete,seed,2026-09-19 17:34 UTC,ok
FST.A,TSX,First Trust Canadian Capital Strength ETF,First Trust,CNQ.TO,Canadian Natural Resources Ltd.,4.21,,firsttrust,complete,seed,2026-09-19 17:34 UTC,ok
FST.A,TSX,First Trust Canadian Capital Strength ETF,First Trust,SU.TO,Suncor Energy Inc.,4.16,,firsttrust,complete,seed,2026-09-19 17:34 UTC,ok
FST.A,TSX,First Trust Canadian Capital Strength ETF,First Trust,X.TO,TMX Group Limited,4.1,,firsttrust,complete,yahoo,2026-09-19 17:34 UTC,ok
FST.A,TSX,First Trust Canadian Capital Strength ETF,First Trust,TD,The Toronto-Dominion Bank,4.06,,firsttrust,complete,seed,2026-09-19 17:34 UTC,ok
FST.A,TSX,First Trust Canadian Capital Strength ETF,First Trust,WSP.TO,WSP Global Inc.,4.06,,firsttrust,complete,seed,2026-09-19 17:34 UTC,ok
FST.A,TSX,First Trust Canadian Capital Strength ETF,First Trust,FTT.TO,Finning International Inc.,4.05,,firsttrust,complete,yahoo,2026-09-19 17:34 UTC,ok
FST.A,TSX,First Trust Canadian Capital Strength ETF,First Trust,MFC,Manulife Financial Corporation,3.94,,firsttrust,complete,yahoo,2026-09-19 17:34 UTC,ok
FST.A,TSX,First Trust Canadian Capital Strength ETF,First Trust,CLS,Celestica Inc.,3.89,,firsttrust,complete,yahoo,2026-09-19 17:34 UTC,ok
FST.A,TSX,First Trust Canadian Capital Strength ETF,First Trust,CCL-B.TO,CCL Industries (Class B),3.89,,firsttrust,complete,yahoo,2026-09-19 17:34 UTC,ok
FST.A,TSX,First Trust Canadian Capital Strength ETF,First Trust,SLF.TO,Sun Life Financial Inc.,3.88,,firsttrust,complete,seed,2026-09-19 17:34 UTC,ok
FST.A,TSX,First Trust Canadian Capital Strength ETF,First Trust,CM.TO,Canadian Imperial Bank of Commerce,3.84,,firsttrust,complete,seed,2026-09-19 17:34 UTC,ok
FST.A,TSX,First Trust Canadian Capital Strength ETF,First Trust,RY,Royal Bank of Canada,3.83,,firsttrust,complete,seed,2026-09-19 17:34 UTC,ok
FST.A,TSX,First Trust Canadian Capital Strength ETF,First Trust,SHOP,Shopify Inc. (Class A),3.79,,firsttrust,complete,yahoo,2026-09-19 17:34 UTC,ok
FST.A,TSX,First Trust Canadian Capital Strength ETF,First Trust,STN,Stantec Inc.,3.75,,firsttrust,complete,yahoo,2026-09-19 17:34 UTC,ok
FST.A,TSX,First Trust Canadian Capital Strength ETF,First Trust,PBA,Pembina Pipeline Corporation,3.72,,firsttrust,complete,yahoo,2026-09-19 17:34 UTC,ok
FST.A,TSX,First Trust Canadian Capital Strength ETF,First Trust,DOL.TO,Dollarama Inc.,3.64,,firsttrust,complete,seed,2026-09-19 17:34 UTC,ok
FST.A,TSX,First Trust Canadian Capital Strength ETF,First Trust,CSU.TO,Constellation Software Inc.,3.62,,firsttrust,complete,seed,2026-09-19 17:34 UTC,ok
FST.A,TSX,First Trust Canadian Capital Strength ETF,First Trust,LNR.DU,Linamar Corp.,3.61,,firsttrust,complete,yahoo,2026-09-19 17:34 UTC,ok
FST.A,TSX,First Trust Canadian Capital Strength ETF,First Trust,GIL,Gildan Activewear Inc.,3.58,,firsttrust,complete,yahoo,2026-09-19 17:34 UTC,ok
FST.A,TSX,First Trust Canadian Capital Strength ETF,First Trust,ATZ.TO,Aritzia Inc.,3.53,,firsttrust,complete,yahoo,2026-09-19 17:34 UTC,ok
FST.A,TSX,First Trust Canadian Capital Strength ETF,First Trust,ATD.TO,Alimentation Couche-Tard Inc.,3.43,,firsttrust,complete,seed,2026-09-19 17:34 UTC,ok
FST.A,TSX,First Trust Canadian Capital Strength ETF,First Trust,WARRANT,Constellation Software Inc. (Warrant),0.0,,firsttrust,complete,name_embedded,2026-09-19 17:34 UTC,ok
FDE,TSX,First Trust AlphaDEX™ Emerging Market Dividend ETF (CAD-Hedged),First Trust,,,,,,terminated,,2026-09-19 17:34 UTC,terminated
FDE.A,TSX,First Trust AlphaDEX™ Emerging Market Dividend ETF (CAD-Hedged),First Trust,,,,,firsttrust,,,2026-09-19 17:34 UTC,no-holdings-table [FDE.A:no-holdings-table FDE:no-holdings-table]
EUR,TSX,First Trust AlphaDEX™ European Dividend Index ETF (CAD-Hedged),First Trust,,,,,,terminated,,2026-09-19 17:34 UTC,terminated
EUR.A,TSX,First Trust AlphaDEX™ European Dividend Index ETF (CAD-Hedged),First Trust,,,,,firsttrust,,,2026-09-19 17:34 UTC,no-holdings-table [EUR.A:no-holdings-table EUR:no-holdings-table]
FHD,TSX,First Trust AlphaDEX™ U.S. Consumer Discretionary Sector Index ETF,First Trust,,,,,firsttrust,,,2026-09-19 17:34 UTC,no-holdings-table [FHD:no-holdings-table]
FHC,TSX,First Trust AlphaDEX™ U.S. Consumer Staples Sector Index ETF,First Trust,,,,,firsttrust,,,2026-09-19 17:34 UTC,no-holdings-table [FHC:no-holdings-table]
FHE,TSX,First Trust AlphaDEX™ U.S. Energy Sector Index ETF,First Trust,,,,,firsttrust,,,2026-09-19 17:34 UTC,no-holdings-table [FHE:no-holdings-table]
FHF,TSX,First Trust AlphaDEX™ U.S. Financial Sector Index ETF,First Trust,,,,,firsttrust,,,2026-09-19 17:34 UTC,no-holdings-table [FHF:no-holdings-table]
FHH,TSX,First Trust AlphaDEX™ U.S. Health Care Sector Index ETF,First Trust,NTRA,"Natera, Inc.",3.01,,firsttrust,complete,seed,2026-09-19 17:34 UTC,ok
FHH,TSX,First Trust AlphaDEX™ U.S. Health Care Sector Index ETF,First Trust,REGN,"Regeneron Pharmaceuticals, Inc.",2.78,,firsttrust,complete,seed,2026-09-19 17:34 UTC,ok
FHH,TSX,First Trust AlphaDEX™ U.S. Health Care Sector Index ETF,First Trust,GH,"Guardant Health, Inc.",2.64,,firsttrust,complete,seed,2026-09-19 17:34 UTC,ok
FHH,TSX,First Trust AlphaDEX™ U.S. Health Care Sector Index ETF,First Trust,UHS,"Universal Health Services, Inc. (Class B)",2.63,,firsttrust,complete,seed,2026-09-19 17:34 UTC,ok
FHH,TSX,First Trust AlphaDEX™ U.S. Health Care Sector Index ETF,First Trust,SOLV,Solventum Corporation,2.55,,firsttrust,complete,yahoo,2026-09-19 17:34 UTC,ok
FHH,TSX,First Trust AlphaDEX™ U.S. Health Care Sector Index ETF,First Trust,PFE,Pfizer Inc.,2.54,,firsttrust,complete,seed,2026-09-19 17:34 UTC,ok
FHH,TSX,First Trust AlphaDEX™ U.S. Health Care Sector Index ETF,First Trust,ZBH,"Zimmer Biomet Holdings, Inc.",2.45,,firsttrust,complete,seed,2026-09-19 17:34 UTC,ok
FHH,TSX,First Trust AlphaDEX™ U.S. Health Care Sector Index ETF,First Trust,HALO,"Halozyme Therapeutics, Inc.",2.37,,firsttrust,complete,yahoo,2026-09-19 17:34 UTC,ok
FHH,TSX,First Trust AlphaDEX™ U.S. Health Care Sector Index ETF,First Trust,THC,Tenet Healthcare Corporation,2.31,,firsttrust,complete,yahoo,2026-09-19 17:34 UTC,ok
FHH,TSX,First Trust AlphaDEX™ U.S. Health Care Sector Index ETF,First Trust,BSX,Boston Scientific Corporation,2.25,,firsttrust,complete,yahoo,2026-09-19 17:34 UTC,ok
FHH,TSX,First Trust AlphaDEX™ U.S. Health Care Sector Index ETF,First Trust,CNC,Centene Corporation,2.24,,firsttrust,complete,yahoo,2026-09-19 17:34 UTC,ok
FHH,TSX,First Trust AlphaDEX™ U.S. Health Care Sector Index ETF,First Trust,CI,The Cigna Group,2.21,,firsttrust,complete,yahoo,2026-09-19 17:34 UTC,ok
FHH,TSX,First Trust AlphaDEX™ U.S. Health Care Sector Index ETF,First Trust,HTD.SG,Corcept Therapeutics Inc.,2.09,,firsttrust,complete,yahoo,2026-09-19 17:34 UTC,ok
FHH,TSX,First Trust AlphaDEX™ U.S. Health Care Sector Index ETF,First Trust,GMED,"Globus Medical, Inc. (Class A)",2.07,,firsttrust,complete,seed,2026-09-19 17:34 UTC,ok
FHH,TSX,First Trust AlphaDEX™ U.S. Health Care Sector Index ETF,First Trust,EHC,Encompass Health Corporation,1.99,,firsttrust,complete,yahoo,2026-09-19 17:34 UTC,ok
FHH,TSX,First Trust AlphaDEX™ U.S. Health Care Sector Index ETF,First Trust,MDT,Medtronic Plc,1.95,,firsttrust,complete,seed,2026-09-19 17:34 UTC,ok
FHH,TSX,First Trust AlphaDEX™ U.S. Health Care Sector Index ETF,First Trust,RMD,ResMed Inc.,1.91,,firsttrust,complete,yahoo,2026-09-19 17:34 UTC,ok
FHH,TSX,First Trust AlphaDEX™ U.S. Health Care Sector Index ETF,First Trust,AXSM,"Axsome Therapeutics, Inc.",1.88,,firsttrust,complete,yahoo,2026-09-19 17:34 UTC,ok
FHH,TSX,First Trust AlphaDEX™ U.S. Health Care Sector Index ETF,First Trust,INCY,Incyte Corporation,1.83,,firsttrust,complete,yahoo,2026-09-19 17:34 UTC,ok
FHH,TSX,First Trust AlphaDEX™ U.S. Health Care Sector Index ETF,First Trust,QGEN,QIAGEN N.V.,1.83,,firsttrust,complete,yahoo,2026-09-19 17:34 UTC,ok
FHH,TSX,First Trust AlphaDEX™ U.S. Health Care Sector Index ETF,First Trust,DVA,DaVita Inc.,1.83,,firsttrust,complete,yahoo,2026-09-19 17:34 UTC,ok
FHH,TSX,First Trust AlphaDEX™ U.S. Health Care Sector Index ETF,First Trust,MDLN,Medline Inc. (Class A),1.77,,firsttrust,complete,yahoo,2026-09-19 17:34 UTC,ok
FHH,TSX,First Trust AlphaDEX™ U.S. Health Care Sector Index ETF,First Trust,ELV,Elevance Health Inc.,1.76,,firsttrust,complete,seed,2026-09-19 17:34 UTC,ok
FHH,TSX,First Trust AlphaDEX™ U.S. Health Care Sector Index ETF,First Trust,DOCS,"Doximity, Inc. (Class A)",1.67,,firsttrust,complete,yahoo,2026-09-19 17:34 UTC,ok
FHH,TSX,First Trust AlphaDEX™ U.S. Health Care Sector Index ETF,First Trust,ZTS,Zoetis Inc.,1.64,,firsttrust,complete,yahoo,2026-09-19 17:34 UTC,ok
FHH,TSX,First Trust AlphaDEX™ U.S. Health Care Sector Index ETF,First Trust,LLY,Eli Lilly and Company,1.6,,firsttrust,complete,yahoo,2026-09-19 17:34 UTC,ok
FHH,TSX,First Trust AlphaDEX™ U.S. Health Care Sector Index ETF,First Trust,BDX,"Becton, Dickinson and Company",1.59,,firsttrust,complete,yahoo,2026-09-19 17:34 UTC,ok
FHH,TSX,First Trust AlphaDEX™ U.S. Health Care Sector Index ETF,First Trust,GILD,"Gilead Sciences, Inc.",1.58,,firsttrust,complete,seed,2026-09-19 17:34 UTC,ok
FHH,TSX,First Trust AlphaDEX™ U.S. Health Care Sector Index ETF,First Trust,DGX,Quest Diagnostics Incorporated,1.54,,firsttrust,complete,yahoo,2026-09-19 17:34 UTC,ok
FHH,TSX,First Trust AlphaDEX™ U.S. Health Care Sector Index ETF,First Trust,MEDP,"Medpace Holdings, Inc.",1.53,,firsttrust,complete,yahoo,2026-09-19 17:34 UTC,ok
FHH,TSX,First Trust AlphaDEX™ U.S. Health Care Sector Index ETF,First Trust,LH,Labcorp Holdings Inc.,1.52,,firsttrust,complete,yahoo,2026-09-19 17:34 UTC,ok
FHH,TSX,First Trust AlphaDEX™ U.S. Health Care Sector Index ETF,First Trust,UTHR,United Therapeutics Corporation,1.51,,firsttrust,complete,yahoo,2026-09-19 17:34 UTC,ok
FHH,TSX,First Trust AlphaDEX™ U.S. Health Care Sector Index ETF,First Trust,ASND,Ascendis Pharma A/S,1.47,,firsttrust,complete,yahoo,2026-09-19 17:34 UTC,ok
FHH,TSX,First Trust AlphaDEX™ U.S. Health Care Sector Index ETF,First Trust,BMY,Bristol-Myers Squibb Company,1.45,,firsttrust,complete,yahoo,2026-09-19 17:34 UTC,ok
FHH,TSX,First Trust AlphaDEX™ U.S. Health Care Sector Index ETF,First Trust,NBIX,"Neurocrine Biosciences, Inc.",1.43,,firsttrust,complete,yahoo,2026-09-19 17:34 UTC,ok
FHH,TSX,First Trust AlphaDEX™ U.S. Health Care Sector Index ETF,First Trust,EXEL,"Exelixis, Inc.",1.42,,firsttrust,complete,yahoo,2026-09-19 17:34 UTC,ok
FHH,TSX,First Trust AlphaDEX™ U.S. Health Care Sector Index ETF,First Trust,VTRS,Viatris Inc.,1.42,,firsttrust,complete,seed,2026-09-19 17:34 UTC,ok
FHH,TSX,First Trust AlphaDEX™ U.S. Health Care Sector Index ETF,First Trust,ARWR,"Arrowhead Pharmaceuticals, Inc.",1.35,,firsttrust,complete,yahoo,2026-09-19 17:34 UTC,ok
FHH,TSX,First Trust AlphaDEX™ U.S. Health Care Sector Index ETF,First Trust,RVMD,"Revolution Medicines, Inc.",1.35,,firsttrust,complete,yahoo,2026-09-19 17:34 UTC,ok
FHH,TSX,First Trust AlphaDEX™ U.S. Health Care Sector Index ETF,First Trust,GEHC,GE HealthCare Technologies Inc.,1.33,,firsttrust,complete,yahoo,2026-09-19 17:34 UTC,ok
FHH,TSX,First Trust AlphaDEX™ U.S. Health Care Sector Index ETF,First Trust,BIIB,Biogen Inc.,1.32,,firsttrust,complete,yahoo,2026-09-19 17:34 UTC,ok
FHH,TSX,First Trust AlphaDEX™ U.S. Health Care Sector Index ETF,First Trust,STE,Steris Plc,1.29,,firsttrust,complete,yahoo,2026-09-19 17:34 UTC,ok
FHH,TSX,First Trust AlphaDEX™ U.S. Health Care Sector Index ETF,First Trust,1VEEV.MI,Veeva Systems Inc. (Class A),1.21,,firsttrust,complete,yahoo,2026-09-19 17:34 UTC,ok
FHH,TSX,First Trust AlphaDEX™ U.S. Health Care Sector Index ETF,First Trust,IQV,IQVIA Holdings Inc.,1.14,,firsttrust,complete,seed,2026-09-19 17:34 UTC,ok
FHH,TSX,First Trust AlphaDEX™ U.S. Health Care Sector Index ETF,First Trust,TEM,"Tempus AI, Inc. (Class A)",1.11,,firsttrust,complete,yahoo,2026-09-19 17:34 UTC,ok
FHH,TSX,First Trust AlphaDEX™ U.S. Health Care Sector Index ETF,First Trust,TMO,Thermo Fisher Scientific Inc.,1.08,,firsttrust,complete,seed,2026-09-19 17:34 UTC,ok
FHH,TSX,First Trust AlphaDEX™ U.S. Health Care Sector Index ETF,First Trust,A,"Agilent Technologies, Inc.",0.97,,firsttrust,complete,seed,2026-09-19 17:34 UTC,ok
FHH,TSX,First Trust AlphaDEX™ U.S. Health Care Sector Index ETF,First Trust,ABT,Abbott Laboratories,0.93,,firsttrust,complete,seed,2026-09-19 17:34 UTC,ok
FHH,TSX,First Trust AlphaDEX™ U.S. Health Care Sector Index ETF,First Trust,HCA,"HCA Healthcare, Inc.",0.9,,firsttrust,complete,yahoo,2026-09-19 17:34 UTC,ok
FHH,TSX,First Trust AlphaDEX™ U.S. Health Care Sector Index ETF,First Trust,CHE,Chemed Corporation,0.89,,firsttrust,complete,yahoo,2026-09-19 17:34 UTC,ok
FHH,TSX,First Trust AlphaDEX™ U.S. Health Care Sector Index ETF,First Trust,ABBV,AbbVie Inc.,0.86,,firsttrust,complete,seed,2026-09-19 17:34 UTC,ok
FHH,TSX,First Trust AlphaDEX™ U.S. Health Care Sector Index ETF,First Trust,VRTX,Vertex Pharmaceuticals Incorporated,0.84,,firsttrust,complete,yahoo,2026-09-19 17:34 UTC,ok
FHH,TSX,First Trust AlphaDEX™ U.S. Health Care Sector Index ETF,First Trust,HSIC,"Henry Schein, Inc.",0.84,,firsttrust,complete,yahoo,2026-09-19 17:34 UTC,ok
FHH,TSX,First Trust AlphaDEX™ U.S. Health Care Sector Index ETF,First Trust,OGN,Organon & Co.,0.83,,firsttrust,complete,yahoo,2026-09-19 17:34 UTC,ok
FHH,TSX,First Trust AlphaDEX™ U.S. Health Care Sector Index ETF,First Trust,MDGL,"Madrigal Pharmaceuticals, Inc.",0.82,,firsttrust,complete,yahoo,2026-09-19 17:34 UTC,ok
FHH,TSX,First Trust AlphaDEX™ U.S. Health Care Sector Index ETF,First Trust,IONS,"Ionis Pharmaceuticals, Inc.",0.74,,firsttrust,complete,yahoo,2026-09-19 17:34 UTC,ok
FHH,TSX,First Trust AlphaDEX™ U.S. Health Care Sector Index ETF,First Trust,BBIO,"BridgeBio Pharma, Inc.",0.74,,firsttrust,complete,yahoo,2026-09-19 17:34 UTC,ok
FHH,TSX,First Trust AlphaDEX™ U.S. Health Care Sector Index ETF,First Trust,ALGN,"Align Technology, Inc.",0.72,,firsttrust,complete,yahoo,2026-09-19 17:34 UTC,ok
FHH,TSX,First Trust AlphaDEX™ U.S. Health Care Sector Index ETF,First Trust,ILMN,"Illumina, Inc.",0.56,,firsttrust,complete,seed,2026-09-19 17:34 UTC,ok
FHH,TSX,First Trust AlphaDEX™ U.S. Health Care Sector Index ETF,First Trust,DXCM,"DexCom, Inc.",0.55,,firsttrust,complete,yahoo,2026-09-19 17:34 UTC,ok
FHH,TSX,First Trust AlphaDEX™ U.S. Health Care Sector Index ETF,First Trust,RVTY,"Revvity, Inc.",0.53,,firsttrust,complete,yahoo,2026-09-19 17:34 UTC,ok
FHH,TSX,First Trust AlphaDEX™ U.S. Health Care Sector Index ETF,First Trust,BIO,"Bio-Rad Laboratories, Inc. (Class A)",0.53,,firsttrust,complete,yahoo,2026-09-19 17:34 UTC,ok
FHH,TSX,First Trust AlphaDEX™ U.S. Health Care Sector Index ETF,First Trust,MRK,"Merck & Co., Inc.",0.47,,firsttrust,complete,seed,2026-09-19 17:34 UTC,ok
FHH,TSX,First Trust AlphaDEX™ U.S. Health Care Sector Index ETF,First Trust,DHR,Danaher Corporation,0.46,,firsttrust,complete,yahoo,2026-09-19 17:34 UTC,ok
FHH,TSX,First Trust AlphaDEX™ U.S. Health Care Sector Index ETF,First Trust,BMRN,BioMarin Pharmaceutical Inc.,0.46,,firsttrust,complete,yahoo,2026-09-19 17:34 UTC,ok
FHH,TSX,First Trust AlphaDEX™ U.S. Health Care Sector Index ETF,First Trust,ENSG,"The Ensign Group, Inc.",0.45,,firsttrust,complete,yahoo,2026-09-19 17:34 UTC,ok
FHH,TSX,First Trust AlphaDEX™ U.S. Health Care Sector Index ETF,First Trust,JNJ,Johnson & Johnson,0.44,,firsttrust,complete,seed,2026-09-19 17:34 UTC,ok
FHH,TSX,First Trust AlphaDEX™ U.S. Health Care Sector Index ETF,First Trust,AMGN,Amgen Inc.,0.44,,firsttrust,complete,seed,2026-09-19 17:34 UTC,ok
FHH,TSX,First Trust AlphaDEX™ U.S. Health Care Sector Index ETF,First Trust,WST,"West Pharmaceutical Services, Inc.",0.42,,firsttrust,complete,seed,2026-09-19 17:34 UTC,ok
FHH,TSX,First Trust AlphaDEX™ U.S. Health Care Sector Index ETF,First Trust,IDXX,"IDEXX Laboratories, Inc.",0.4,,firsttrust,complete,yahoo,2026-09-19 17:34 UTC,ok
FHH,TSX,First Trust AlphaDEX™ U.S. Health Care Sector Index ETF,First Trust,NVST,Envista Holdings Corporation,0.37,,firsttrust,complete,yahoo,2026-09-19 17:34 UTC,ok
FHH,TSX,First Trust AlphaDEX™ U.S. Health Care Sector Index ETF,First Trust,SYK,Stryker Corporation,0.36,,firsttrust,complete,yahoo,2026-09-19 17:34 UTC,ok
FHH,TSX,First Trust AlphaDEX™ U.S. Health Care Sector Index ETF,First Trust,COO,"The Cooper Companies, Inc.",0.32,,firsttrust,complete,yahoo,2026-09-19 17:34 UTC,ok
FHM,TSX,First Trust AlphaDEX™ U.S. Materials Sector Index ETF,First Trust,,,,,firsttrust,,,2026-09-19 17:34 UTC,no-holdings-table [FHM:no-holdings-table]
FHU,TSX,First Trust AlphaDEX™ U.S. Utilities Sector Index ETF,First Trust,,,,,firsttrust,,,2026-09-19 17:34 UTC,no-holdings-table [FHU:no-holdings-table]
FSL,TSX,First Trust Senior Loan ETF (CAD-Hedged),First Trust,FTSL,First Trust Senior Loan Fund,100.18,,firsttrust,complete,yahoo,2026-09-19 17:34 UTC,ok
FSL.A,TSX,First Trust Senior Loan ETF (CAD-Hedged),First Trust,FTSL,First Trust Senior Loan Fund,100.18,,firsttrust,complete,yahoo,2026-09-19 17:34 UTC,ok
FHY,TSX,First Trust Short Duration High Yield Bond ETF (CAD-Hedged),First Trust,,,,,firsttrust,,,2026-09-19 17:34 UTC,no-holdings-table [FHY:no-holdings-table]
FHY.A,TSX,First Trust Short Duration High Yield Bond ETF (CAD-Hedged),First Trust,,,,,firsttrust,,,2026-09-19 17:34 UTC,no-holdings-table [FHY.A:no-holdings-table FHY:no-holdings-table]
FTB,TSX,First Trust Tactical Bond Index ETF,First Trust,,,,,firsttrust,,,2026-09-19 17:34 UTC,no-holdings-table [FTB:no-holdings-table]
FSR,TSX,First Trust Dorsey Wright U.S. Sector Rotation Index ETF (CAD-Hedged),First Trust,,,,,firsttrust,,,2026-09-19 17:34 UTC,no-holdings-table [FSR:no-holdings-table]
HBB,TSX,Horizons CDN Select Universe Bond ETF,Horizons ETFs Management,,HIS MAJESTY THE KING IN RIGHT OF CANADA 0.0125 01.06.2030,1.57,"September 17, 2026",globalx,top_10,n/a,2026-09-19 17:35 UTC,ok
HBB,TSX,Horizons CDN Select Universe Bond ETF,Horizons ETFs Management,,GOV OF CANADA 0.0275 01.09.2030,1.57,"September 17, 2026",globalx,top_10,n/a,2026-09-19 17:35 UTC,ok
HBB,TSX,Horizons CDN Select Universe Bond ETF,Horizons ETFs Management,,GOV OF CANADA 0.0275 01.03.2031,1.56,"September 17, 2026",globalx,top_10,n/a,2026-09-19 17:35 UTC,ok
HBB,TSX,Horizons CDN Select Universe Bond ETF,Horizons ETFs Management,,GOV OF CANADA 0.0325 01.12.2035,1.55,"September 17, 2026",globalx,top_10,n/a,2026-09-19 17:35 UTC,ok
HBB,TSX,Horizons CDN Select Universe Bond ETF,Horizons ETFs Management,,GOV OF CANADA 0.0325 01.06.2036,1.51,"September 17, 2026",globalx,top_10,n/a,2026-09-19 17:35 UTC,ok
HBB,TSX,Horizons CDN Select Universe Bond ETF,Horizons ETFs Management,,HIS MAJESTY THE KING IN RIGHT OF CANADA 0.015 01.06.2031,1.48,"September 17, 2026",globalx,top_10,n/a,2026-09-19 17:35 UTC,ok
HBB,TSX,Horizons CDN Select Universe Bond ETF,Horizons ETFs Management,,GOV OF CANADA 0.0325 01.06.2035,1.45,"September 17, 2026",globalx,top_10,n/a,2026-09-19 17:35 UTC,ok
HBB,TSX,Horizons CDN Select Universe Bond ETF,Horizons ETFs Management,,HIS MAJESTY THE KING IN RIGHT OF CANADA 0.005 01.12.2030,1.36,"September 17, 2026",globalx,top_10,n/a,2026-09-19 17:35 UTC,ok
HBB,TSX,Horizons CDN Select Universe Bond ETF,Horizons ETFs Management,,HIS MAJESTY THE KING IN RIGHT OF CANADA 0.02 01.12.2051,1.33,"September 17, 2026",globalx,top_10,n/a,2026-09-19 17:35 UTC,ok
HBB,TSX,Horizons CDN Select Universe Bond ETF,Horizons ETFs Management,,HIS MAJESTY THE KING IN RIGHT OF CANADA 0.03 01.06.2034,1.25,"September 17, 2026",globalx,top_10,n/a,2026-09-19 17:35 UTC,ok
HAD,TSX,Horizons BetaPro DJ-AIG Agricultural Grains Bear Plus ETF,Horizons ETFs Management,,GOVERNMENT OF CANADA 01-06-2032,6.96,"September 17, 2026",globalx,top_10,n/a,2026-09-19 17:53 UTC,ok
HAD,TSX,Horizons BetaPro DJ-AIG Agricultural Grains Bear Plus ETF,Horizons ETFs Management,,CANADIAN GOVERNMENT BOND 01-09-2030,5.3,"September 17, 2026",globalx,top_10,n/a,2026-09-19 17:53 UTC,ok
HAD,TSX,Horizons BetaPro DJ-AIG Agricultural Grains Bear Plus ETF,Horizons ETFs Management,,CANADIAN GOVERNMENT BOND 01-06-2036,3.13,"September 17, 2026",globalx,top_10,n/a,2026-09-19 17:53 UTC,ok
HAD,TSX,Horizons BetaPro DJ-AIG Agricultural Grains Bear Plus ETF,Horizons ETFs Management,,CANADIAN GOVERNMENT BOND 01-12-2035,2.02,"September 17, 2026",globalx,top_10,n/a,2026-09-19 17:53 UTC,ok
HAD,TSX,Horizons BetaPro DJ-AIG Agricultural Grains Bear Plus ETF,Horizons ETFs Management,,CANADIAN GOVERNMENT BOND 01-03-2031,1.82,"September 17, 2026",globalx,top_10,n/a,2026-09-19 17:53 UTC,ok
HAD,TSX,Horizons BetaPro DJ-AIG Agricultural Grains Bear Plus ETF,Horizons ETFs Management,,GOVERNMENT OF CANADA 01-06-2031,1.77,"September 17, 2026",globalx,top_10,n/a,2026-09-19 17:53 UTC,ok
HAD,TSX,Horizons BetaPro DJ-AIG Agricultural Grains Bear Plus ETF,Horizons ETFs Management,,PROV OF ONTARIO 02-12-2030,1.23,"September 17, 2026",globalx,top_10,n/a,2026-09-19 17:53 UTC,ok
HAD,TSX,Horizons BetaPro DJ-AIG Agricultural Grains Bear Plus ETF,Horizons ETFs Management,,CANADIAN GOVERNMENT BOND 01-06-2034,1.22,"September 17, 2026",globalx,top_10,n/a,2026-09-19 17:53 UTC,ok
HAD,TSX,Horizons BetaPro DJ-AIG Agricultural Grains Bear Plus ETF,Horizons ETFs Management,,CANADIAN GOVERNMENT BOND 01-06-2035,1.07,"September 17, 2026",globalx,top_10,n/a,2026-09-19 17:53 UTC,ok
HAD,TSX,Horizons BetaPro DJ-AIG Agricultural Grains Bear Plus ETF,Horizons ETFs Management,,GOVERNMENT OF CANADA 01-06-2029,1.0,"September 17, 2026",globalx,top_10,n/a,2026-09-19 17:53 UTC,ok
FHG,TSX,First Trust AlphaDEX™ U.S. Industrials Sector Index ETF,First Trust,ACN,Accenture plc,1.73,,firsttrust,complete,yahoo,2026-09-19 17:53 UTC,ok
FHG,TSX,First Trust AlphaDEX™ U.S. Industrials Sector Index ETF,First Trust,G,Genpact Limited,1.47,,firsttrust,complete,yahoo,2026-09-19 17:53 UTC,ok
FHG,TSX,First Trust AlphaDEX™ U.S. Industrials Sector Index ETF,First Trust,PYPL,"PayPal Holdings, Inc.",1.44,,firsttrust,complete,seed,2026-09-19 17:53 UTC,ok
FHG,TSX,First Trust AlphaDEX™ U.S. Industrials Sector Index ETF,First Trust,EXLS,"ExlService Holdings, Inc.",1.29,,firsttrust,complete,seed,2026-09-19 17:53 UTC,ok
FHG,TSX,First Trust AlphaDEX™ U.S. Industrials Sector Index ETF,First Trust,VNT,Vontier Corporation,1.28,,firsttrust,complete,yahoo,2026-09-19 17:53 UTC,ok
FHG,TSX,First Trust AlphaDEX™ U.S. Industrials Sector Index ETF,First Trust,ADT,ADT Inc.,1.26,,firsttrust,complete,seed,2026-09-19 17:53 UTC,ok
FHG,TSX,First Trust AlphaDEX™ U.S. Industrials Sector Index ETF,First Trust,MHK,"Mohawk Industries, Inc.",1.23,,firsttrust,complete,seed,2026-09-19 17:53 UTC,ok
FHG,TSX,First Trust AlphaDEX™ U.S. Industrials Sector Index ETF,First Trust,BAH,Booz Allen Hamilton Holding Corporation,1.21,,firsttrust,complete,yahoo,2026-09-19 17:53 UTC,ok
FHG,TSX,First Trust AlphaDEX™ U.S. Industrials Sector Index ETF,First Trust,AGCO,AGCO Corporation,1.19,,firsttrust,complete,yahoo,2026-09-19 17:53 UTC,ok
FHG,TSX,First Trust AlphaDEX™ U.S. Industrials Sector Index ETF,First Trust,SUNB,"Sunbelt Rentals Holdings, Inc.",1.17,,firsttrust,complete,yahoo,2026-09-19 17:53 UTC,ok
FHG,TSX,First Trust AlphaDEX™ U.S. Industrials Sector Index ETF,First Trust,FISV,"Fiserv, Inc.",1.14,,firsttrust,complete,seed,2026-09-19 17:53 UTC,ok
FHG,TSX,First Trust AlphaDEX™ U.S. Industrials Sector Index ETF,First Trust,KEYS,"Keysight Technologies, Inc.",1.14,,firsttrust,complete,yahoo,2026-09-19 17:53 UTC,ok
FHG,TSX,First Trust AlphaDEX™ U.S. Industrials Sector Index ETF,First Trust,NVT,nVent Electric plc,1.11,,firsttrust,complete,yahoo,2026-09-19 17:53 UTC,ok
FHG,TSX,First Trust AlphaDEX™ U.S. Industrials Sector Index ETF,First Trust,FIS,"Fidelity National Information Services, Inc.",1.09,,firsttrust,complete,seed,2026-09-19 17:53 UTC,ok
FHG,TSX,First Trust AlphaDEX™ U.S. Industrials Sector Index ETF,First Trust,JKHY,"Jack Henry & Associates, Inc.",1.07,,firsttrust,complete,yahoo,2026-09-19 17:53 UTC,ok
FHG,TSX,First Trust AlphaDEX™ U.S. Industrials Sector Index ETF,First Trust,EME,"EMCOR Group, Inc.",1.07,,firsttrust,complete,yahoo,2026-09-19 17:53 UTC,ok
FHG,TSX,First Trust AlphaDEX™ U.S. Industrials Sector Index ETF,First Trust,EEFT,"Euronet Worldwide, Inc.",1.07,,firsttrust,complete,yahoo,2026-09-19 17:53 UTC,ok
FHG,TSX,First Trust AlphaDEX™ U.S. Industrials Sector Index ETF,First Trust,PWR,"Quanta Services, Inc.",1.05,,firsttrust,complete,yahoo,2026-09-19 17:53 UTC,ok
FHG,TSX,First Trust AlphaDEX™ U.S. Industrials Sector Index ETF,First Trust,GPK,Graphic Packaging Holding Company,1.05,,firsttrust,complete,yahoo,2026-09-19 17:53 UTC,ok
FHG,TSX,First Trust AlphaDEX™ U.S. Industrials Sector Index ETF,First Trust,IESC,"IES Holdings, Inc.",1.04,,firsttrust,complete,yahoo,2026-09-19 17:53 UTC,ok
FHG,TSX,First Trust AlphaDEX™ U.S. Industrials Sector Index ETF,First Trust,BE,Bloom Energy Corporation (Class A),1.04,,firsttrust,complete,yahoo,2026-09-19 17:53 UTC,ok
FHG,TSX,First Trust AlphaDEX™ U.S. Industrials Sector Index ETF,First Trust,SON,Sonoco Products Company,1.03,,firsttrust,complete,yahoo,2026-09-19 17:53 UTC,ok
FHG,TSX,First Trust AlphaDEX™ U.S. Industrials Sector Index ETF,First Trust,FIX,"Comfort Systems USA, Inc.",0.99,,firsttrust,complete,yahoo,2026-09-19 17:53 UTC,ok
FHG,TSX,First Trust AlphaDEX™ U.S. Industrials Sector Index ETF,First Trust,NOC,Northrop Grumman Corporation,0.98,,firsttrust,complete,yahoo,2026-09-19 17:53 UTC,ok
FHG,TSX,First Trust AlphaDEX™ U.S. Industrials Sector Index ETF,First Trust,KEX,Kirby Corporation,0.97,,firsttrust,complete,yahoo,2026-09-19 17:53 UTC,ok
FHG,TSX,First Trust AlphaDEX™ U.S. Industrials Sector Index ETF,First Trust,WU,The Western Union Company,0.95,,firsttrust,complete,yahoo,2026-09-19 17:53 UTC,ok
FHG,TSX,First Trust AlphaDEX™ U.S. Industrials Sector Index ETF,First Trust,TRU,TransUnion,0.95,,firsttrust,complete,yahoo,2026-09-19 17:53 UTC,ok
FHG,TSX,First Trust AlphaDEX™ U.S. Industrials Sector Index ETF,First Trust,ATR,"AptarGroup, Inc.",0.94,,firsttrust,complete,yahoo,2026-09-19 17:53 UTC,ok
FHG,TSX,First Trust AlphaDEX™ U.S. Industrials Sector Index ETF,First Trust,SYF,Synchrony Financial,0.94,,firsttrust,complete,yahoo,2026-09-19 17:53 UTC,ok
FHG,TSX,First Trust AlphaDEX™ U.S. Industrials Sector Index ETF,First Trust,HII,"Huntington Ingalls Industries, Inc.",0.93,,firsttrust,complete,yahoo,2026-09-19 17:53 UTC,ok
FHG,TSX,First Trust AlphaDEX™ U.S. Industrials Sector Index ETF,First Trust,FDX,FedEx Corporation,0.92,,firsttrust,complete,yahoo,2026-09-19 17:53 UTC,ok
FHG,TSX,First Trust AlphaDEX™ U.S. Industrials Sector Index ETF,First Trust,ATI,ATI Inc.,0.92,,firsttrust,complete,seed,2026-09-19 17:53 UTC,ok
FHG,TSX,First Trust AlphaDEX™ U.S. Industrials Sector Index ETF,First Trust,OSK,Oshkosh Corporation,0.91,,firsttrust,complete,yahoo,2026-09-19 17:53 UTC,ok
FHG,TSX,First Trust AlphaDEX™ U.S. Industrials Sector Index ETF,First Trust,SW,Smurfit Westrock Plc,0.91,,firsttrust,complete,yahoo,2026-09-19 17:53 UTC,ok
FHG,TSX,First Trust AlphaDEX™ U.S. Industrials Sector Index ETF,First Trust,CAT,Caterpillar Inc.,0.9,,firsttrust,complete,seed,2026-09-19 17:53 UTC,ok
FHG,TSX,First Trust AlphaDEX™ U.S. Industrials Sector Index ETF,First Trust,FCN,"FTI Consulting, Inc.",0.9,,firsttrust,complete,yahoo,2026-09-19 17:53 UTC,ok
FHG,TSX,First Trust AlphaDEX™ U.S. Industrials Sector Index ETF,First Trust,AMTM,"Amentum Holdings, Inc.",0.9,,firsttrust,complete,yahoo,2026-09-19 17:53 UTC,ok
FHG,TSX,First Trust AlphaDEX™ U.S. Industrials Sector Index ETF,First Trust,GWW,"W.W. Grainger, Inc.",0.89,,firsttrust,complete,yahoo,2026-09-19 17:53 UTC,ok
FHG,TSX,First Trust AlphaDEX™ U.S. Industrials Sector Index ETF,First Trust,TTEK,"Tetra Tech, Inc.",0.88,,firsttrust,complete,yahoo,2026-09-19 17:53 UTC,ok
FHG,TSX,First Trust AlphaDEX™ U.S. Industrials Sector Index ETF,First Trust,AOS,A.O. Smith Corporation,0.86,,firsttrust,complete,yahoo,2026-09-19 17:53 UTC,ok
FHG,TSX,First Trust AlphaDEX™ U.S. Industrials Sector Index ETF,First Trust,URI,"United Rentals, Inc.",0.85,,firsttrust,complete,yahoo,2026-09-19 17:53 UTC,ok
FHG,TSX,First Trust AlphaDEX™ U.S. Industrials Sector Index ETF,First Trust,MOD,Modine Manufacturing Company,0.84,,firsttrust,complete,yahoo,2026-09-19 17:53 UTC,ok
FHG,TSX,First Trust AlphaDEX™ U.S. Industrials Sector Index ETF,First Trust,GPN,Global Payments Inc.,0.84,,firsttrust,complete,yahoo,2026-09-19 17:53 UTC,ok
FHG,TSX,First Trust AlphaDEX™ U.S. Industrials Sector Index ETF,First Trust,TXT,Textron Inc.,0.83,,firsttrust,complete,yahoo,2026-09-19 17:53 UTC,ok
FHG,TSX,First Trust AlphaDEX™ U.S. Industrials Sector Index ETF,First Trust,AFRM,"Affirm Holdings, Inc. (Class A)",0.83,,firsttrust,complete,yahoo,2026-09-19 17:53 UTC,ok
FHG,TSX,First Trust AlphaDEX™ U.S. Industrials Sector Index ETF,First Trust,ECG,"Everus Construction Group, Inc.",0.83,,firsttrust,complete,yahoo,2026-09-19 17:53 UTC,ok
FHG,TSX,First Trust AlphaDEX™ U.S. Industrials Sector Index ETF,First Trust,GE,GE Aerospace,0.8,,firsttrust,complete,yahoo,2026-09-19 17:53 UTC,ok
FHG,TSX,First Trust AlphaDEX™ U.S. Industrials Sector Index ETF,First Trust,ROK,"Rockwell Automation, Inc.",0.8,,firsttrust,complete,yahoo,2026-09-19 17:53 UTC,ok
FHG,TSX,First Trust AlphaDEX™ U.S. Industrials Sector Index ETF,First Trust,TRMB,Trimble Inc.,0.8,,firsttrust,complete,yahoo,2026-09-19 17:53 UTC,ok
FHG,TSX,First Trust AlphaDEX™ U.S. Industrials Sector Index ETF,First Trust,LSTR,"Landstar System, Inc.",0.78,,firsttrust,complete,yahoo,2026-09-19 17:53 UTC,ok
FHG,TSX,First Trust AlphaDEX™ U.S. Industrials Sector Index ETF,First Trust,ALLE,Allegion Public Limited Company,0.77,,firsttrust,complete,yahoo,2026-09-19 17:53 UTC,ok
FHG,TSX,First Trust AlphaDEX™ U.S. Industrials Sector Index ETF,First Trust,SLGN,Silgan Holdings Inc.,0.76,,firsttrust,complete,yahoo,2026-09-19 17:53 UTC,ok
FHG,TSX,First Trust AlphaDEX™ U.S. Industrials Sector Index ETF,First Trust,GEV,GE Vernova Inc.,0.76,,firsttrust,complete,seed,2026-09-19 17:53 UTC,ok
FHG,TSX,First Trust AlphaDEX™ U.S. Industrials Sector Index ETF,First Trust,EXP,Eagle Materials Inc.,0.75,,firsttrust,complete,yahoo,2026-09-19 17:53 UTC,ok
FHG,TSX,First Trust AlphaDEX™ U.S. Industrials Sector Index ETF,First Trust,RKLB,Rocket Lab Corporation,0.75,,firsttrust,complete,yahoo,2026-09-19 17:53 UTC,ok
FHG,TSX,First Trust AlphaDEX™ U.S. Industrials Sector Index ETF,First Trust,ALSN,"Allison Transmission Holdings, Inc.",0.74,,firsttrust,complete,yahoo,2026-09-19 17:53 UTC,ok
FHG,TSX,First Trust AlphaDEX™ U.S. Industrials Sector Index ETF,First Trust,STRL,"Sterling Infrastructure, Inc.",0.73,,firsttrust,complete,yahoo,2026-09-19 17:53 UTC,ok
FHG,TSX,First Trust AlphaDEX™ U.S. Industrials Sector Index ETF,First Trust,GGG,Graco Inc.,0.72,,firsttrust,complete,yahoo,2026-09-19 17:53 UTC,ok
FHG,TSX,First Trust AlphaDEX™ U.S. Industrials Sector Index ETF,First Trust,WWD,"Woodward, Inc.",0.72,,firsttrust,complete,yahoo,2026-09-19 17:53 UTC,ok
FHG,TSX,First Trust AlphaDEX™ U.S. Industrials Sector Index ETF,First Trust,AAON,"AAON, Inc.",0.72,,firsttrust,complete,yahoo,2026-09-19 17:53 UTC,ok
FHG,TSX,First Trust AlphaDEX™ U.S. Industrials Sector Index ETF,First Trust,ETN,Eaton Corporation Plc,0.71,,firsttrust,complete,yahoo,2026-09-19 17:53 UTC,ok
FHG,TSX,First Trust AlphaDEX™ U.S. Industrials Sector Index ETF,First Trust,CMI,Cummins Inc.,0.71,,firsttrust,complete,yahoo,2026-09-19 17:53 UTC,ok
FHG,TSX,First Trust AlphaDEX™ U.S. Industrials Sector Index ETF,First Trust,AWI,"Armstrong World Industries, Inc.",0.71,,firsttrust,complete,yahoo,2026-09-19 17:53 UTC,ok
FHG,TSX,First Trust AlphaDEX™ U.S. Industrials Sector Index ETF,First Trust,JCI,Johnson Controls International Plc,0.7,,firsttrust,complete,yahoo,2026-09-19 17:53 UTC,ok
FHG,TSX,First Trust AlphaDEX™ U.S. Industrials Sector Index ETF,First Trust,VICR,Vicor Corporation,0.7,,firsttrust,complete,yahoo,2026-09-19 17:53 UTC,ok
FHG,TSX,First Trust AlphaDEX™ U.S. Industrials Sector Index ETF,First Trust,CCK,"Crown Holdings, Inc.",0.7,,firsttrust,complete,yahoo,2026-09-19 17:53 UTC,ok
FHG,TSX,First Trust AlphaDEX™ U.S. Industrials Sector Index ETF,First Trust,BALL,Ball Corporation,0.69,,firsttrust,complete,yahoo,2026-09-19 17:53 UTC,ok
FHG,TSX,First Trust AlphaDEX™ U.S. Industrials Sector Index ETF,First Trust,DY,"Dycom Industries, Inc.",0.69,,firsttrust,complete,yahoo,2026-09-19 17:53 UTC,ok
FHG,TSX,First Trust AlphaDEX™ U.S. Industrials Sector Index ETF,First Trust,AMCR,Amcor plc,0.69,,firsttrust,complete,yahoo,2026-09-19 17:53 UTC,ok
FHG,TSX,First Trust AlphaDEX™ U.S. Industrials Sector Index ETF,First Trust,MKSI,"MKS, Inc.",0.67,,firsttrust,complete,yahoo,2026-09-19 17:53 UTC,ok
FHG,TSX,First Trust AlphaDEX™ U.S. Industrials Sector Index ETF,First Trust,AXTA,Axalta Coating Systems Ltd.,0.67,,firsttrust,complete,yahoo,2026-09-19 17:53 UTC,ok
FHG,TSX,First Trust AlphaDEX™ U.S. Industrials Sector Index ETF,First Trust,FTAI,FTAI Aviation Ltd.,0.67,,firsttrust,complete,seed,2026-09-19 17:53 UTC,ok
FHG,TSX,First Trust AlphaDEX™ U.S. Industrials Sector Index ETF,First Trust,SNA,Snap-on Incorporated,0.66,,firsttrust,complete,yahoo,2026-09-19 17:53 UTC,ok
FHG,TSX,First Trust AlphaDEX™ U.S. Industrials Sector Index ETF,First Trust,UPS,"United Parcel Service, Inc. (Class B)",0.66,,firsttrust,complete,yahoo,2026-09-19 17:53 UTC,ok
FHG,TSX,First Trust AlphaDEX™ U.S. Industrials Sector Index ETF,First Trust,BA,The Boeing Company,0.65,,firsttrust,complete,yahoo,2026-09-19 17:53 UTC,ok
FHG,TSX,First Trust AlphaDEX™ U.S. Industrials Sector Index ETF,First Trust,WEX,WEX Inc.,0.65,,firsttrust,complete,yahoo,2026-09-19 17:53 UTC,ok
FHG,TSX,First Trust AlphaDEX™ U.S. Industrials Sector Index ETF,First Trust,GXO,"GXO Logistics, Inc.",0.65,,firsttrust,complete,yahoo,2026-09-19 17:53 UTC,ok
FHG,TSX,First Trust AlphaDEX™ U.S. Industrials Sector Index ETF,First Trust,R,"Ryder System, Inc.",0.64,,firsttrust,complete,yahoo,2026-09-19 17:53 UTC,ok
FHG,TSX,First Trust AlphaDEX™ U.S. Industrials Sector Index ETF,First Trust,SNDR,"Schneider National, Inc. (Class B)",0.64,,firsttrust,complete,yahoo,2026-09-19 17:53 UTC,ok
FHG,TSX,First Trust AlphaDEX™ U.S. Industrials Sector Index ETF,First Trust,ACM,AECOM,0.63,,firsttrust,complete,yahoo,2026-09-19 17:53 UTC,ok
FHG,TSX,First Trust AlphaDEX™ U.S. Industrials Sector Index ETF,First Trust,PPG,"PPG Industries, Inc.",0.61,,firsttrust,complete,yahoo,2026-09-19 17:53 UTC,ok
FHG,TSX,First Trust AlphaDEX™ U.S. Industrials Sector Index ETF,First Trust,MTZ,"MasTec, Inc.",0.61,,firsttrust,complete,yahoo,2026-09-19 17:53 UTC,ok
FHG,TSX,First Trust AlphaDEX™ U.S. Industrials Sector Index ETF,First Trust,POWL,"Powell Industries, Inc.",0.61,,firsttrust,complete,yahoo,2026-09-19 17:53 UTC,ok
FHG,TSX,First Trust AlphaDEX™ U.S. Industrials Sector Index ETF,First Trust,HWM,Howmet Aerospace Inc.,0.61,,firsttrust,complete,yahoo,2026-09-19 17:53 UTC,ok
FHG,TSX,First Trust AlphaDEX™ U.S. Industrials Sector Index ETF,First Trust,XPO,"XPO, Inc.",0.6,,firsttrust,complete,yahoo,2026-09-19 17:53 UTC,ok
FHG,TSX,First Trust AlphaDEX™ U.S. Industrials Sector Index ETF,First Trust,RHI,Robert Half Inc.,0.58,,firsttrust,complete,seed,2026-09-19 17:53 UTC,ok
FHG,TSX,First Trust AlphaDEX™ U.S. Industrials Sector Index ETF,First Trust,CHRW,"C.H. Robinson Worldwide, Inc.",0.58,,firsttrust,complete,yahoo,2026-09-19 17:53 UTC,ok
FHG,TSX,First Trust AlphaDEX™ U.S. Industrials Sector Index ETF,First Trust,SSD,"Simpson Manufacturing Co., Inc.",0.58,,firsttrust,complete,yahoo,2026-09-19 17:53 UTC,ok
FHG,TSX,First Trust AlphaDEX™ U.S. Industrials Sector Index ETF,First Trust,CPAY,"Corpay, Inc.",0.57,,firsttrust,complete,yahoo,2026-09-19 17:53 UTC,ok
FHG,TSX,First Trust AlphaDEX™ U.S. Industrials Sector Index ETF,First Trust,CNH,CNH Industrial N.V.,0.57,,firsttrust,complete,yahoo,2026-09-19 17:53 UTC,ok
FHG,TSX,First Trust AlphaDEX™ U.S. Industrials Sector Index ETF,First Trust,CRH,CRH Plc,0.57,,firsttrust,complete,seed,2026-09-19 17:53 UTC,ok
FHG,TSX,First Trust AlphaDEX™ U.S. Industrials Sector Index ETF,First Trust,CW,Curtiss-Wright Corporation,0.53,,firsttrust,complete,yahoo,2026-09-19 17:53 UTC,ok
FHG,TSX,First Trust AlphaDEX™ U.S. Industrials Sector Index ETF,First Trust,HAYW,"Hayward Holdings, Inc.",0.53,,firsttrust,complete,yahoo,2026-09-19 17:53 UTC,ok
FHG,TSX,First Trust AlphaDEX™ U.S. Industrials Sector Index ETF,First Trust,PNR,Pentair Plc,0.52,,firsttrust,complete,yahoo,2026-09-19 17:53 UTC,ok
FHG,TSX,First Trust AlphaDEX™ U.S. Industrials Sector Index ETF,First Trust,VLTO,Veralto Corporation,0.51,,firsttrust,complete,yahoo,2026-09-19 17:53 UTC,ok
FHG,TSX,First Trust AlphaDEX™ U.S. Industrials Sector Index ETF,First Trust,UNP,Union Pacific Corporation,0.49,,firsttrust,complete,yahoo,2026-09-19 17:53 UTC,ok
FHG,TSX,First Trust AlphaDEX™ U.S. Industrials Sector Index ETF,First Trust,MSA,MSA Safety Incorporated,0.49,,firsttrust,complete,yahoo,2026-09-19 17:53 UTC,ok
FHG,TSX,First Trust AlphaDEX™ U.S. Industrials Sector Index ETF,First Trust,EFX,Equifax Inc.,0.48,,firsttrust,complete,yahoo,2026-09-19 17:53 UTC,ok
FHG,TSX,First Trust AlphaDEX™ U.S. Industrials Sector Index ETF,First Trust,GD,General Dynamics Corporation,0.47,,firsttrust,complete,yahoo,2026-09-19 17:53 UTC,ok
FHG,TSX,First Trust AlphaDEX™ U.S. Industrials Sector Index ETF,First Trust,PL,Planet Labs PBC (Class A),0.47,,firsttrust,complete,yahoo,2026-09-19 17:53 UTC,ok
FHG,TSX,First Trust AlphaDEX™ U.S. Industrials Sector Index ETF,First Trust,PCAR,PACCAR Inc,0.46,,firsttrust,complete,yahoo,2026-09-19 17:53 UTC,ok
FHG,TSX,First Trust AlphaDEX™ U.S. Industrials Sector Index ETF,First Trust,DCI,"Donaldson Company, Inc.",0.46,,firsttrust,complete,yahoo,2026-09-19 17:53 UTC,ok
FHG,TSX,First Trust AlphaDEX™ U.S. Industrials Sector Index ETF,First Trust,LECO,"Lincoln Electric Holdings, Inc.",0.46,,firsttrust,complete,yahoo,2026-09-19 17:53 UTC,ok
FHG,TSX,First Trust AlphaDEX™ U.S. Industrials Sector Index ETF,First Trust,PKG,Packaging Corporation of America,0.46,,firsttrust,complete,yahoo,2026-09-19 17:53 UTC,ok
FHG,TSX,First Trust AlphaDEX™ U.S. Industrials Sector Index ETF,First Trust,BLDR,"Builders FirstSource, Inc.",0.46,,firsttrust,complete,yahoo,2026-09-19 17:53 UTC,ok
FHG,TSX,First Trust AlphaDEX™ U.S. Industrials Sector Index ETF,First Trust,SWK,"Stanley Black & Decker, Inc.",0.45,,firsttrust,complete,seed,2026-09-19 17:53 UTC,ok
FHG,TSX,First Trust AlphaDEX™ U.S. Industrials Sector Index ETF,First Trust,ULS,UL Solutions Inc. (Class A),0.45,,firsttrust,complete,yahoo,2026-09-19 17:53 UTC,ok
FHG,TSX,First Trust AlphaDEX™ U.S. Industrials Sector Index ETF,First Trust,HON,Honeywell International Inc.,0.44,,firsttrust,complete,yahoo,2026-09-19 17:53 UTC,ok
FHG,TSX,First Trust AlphaDEX™ U.S. Industrials Sector Index ETF,First Trust,GTES,Gates Industrial Corporation Ltd.,0.44,,firsttrust,complete,yahoo,2026-09-19 17:53 UTC,ok
FHG,TSX,First Trust AlphaDEX™ U.S. Industrials Sector Index ETF,First Trust,XYL,Xylem Inc.,0.43,,firsttrust,complete,yahoo,2026-09-19 17:53 UTC,ok
FHG,TSX,First Trust AlphaDEX™ U.S. Industrials Sector Index ETF,First Trust,RPM,RPM International Inc.,0.42,,firsttrust,complete,yahoo,2026-09-19 17:53 UTC,ok
FHG,TSX,First Trust AlphaDEX™ U.S. Industrials Sector Index ETF,First Trust,CNM,"Core & Main, Inc. (Class A)",0.42,,firsttrust,complete,seed,2026-09-19 17:53 UTC,ok
FHG,TSX,First Trust AlphaDEX™ U.S. Industrials Sector Index ETF,First Trust,TT,Trane Technologies plc,0.41,,firsttrust,complete,yahoo,2026-09-19 17:53 UTC,ok
FHG,TSX,First Trust AlphaDEX™ U.S. Industrials Sector Index ETF,First Trust,TREX,"Trex Company, Inc.",0.41,,firsttrust,complete,yahoo,2026-09-19 17:53 UTC,ok
FHG,TSX,First Trust AlphaDEX™ U.S. Industrials Sector Index ETF,First Trust,CSL,Carlisle Companies Incorporated,0.41,,firsttrust,complete,yahoo,2026-09-19 17:53 UTC,ok
FHG,TSX,First Trust AlphaDEX™ U.S. Industrials Sector Index ETF,First Trust,HEI,HEICO Corporation,0.4,,firsttrust,complete,yahoo,2026-09-19 17:53 UTC,ok
FHG,TSX,First Trust AlphaDEX™ U.S. Industrials Sector Index ETF,First Trust,DOV,Dover Corporation,0.4,,firsttrust,complete,yahoo,2026-09-19 17:53 UTC,ok
FHG,TSX,First Trust AlphaDEX™ U.S. Industrials Sector Index ETF,First Trust,MIDD,The Middleby Corporation,0.39,,firsttrust,complete,yahoo,2026-09-19 17:53 UTC,ok
FHG,TSX,First Trust AlphaDEX™ U.S. Industrials Sector Index ETF,First Trust,AYI,Acuity Inc.,0.38,,firsttrust,complete,yahoo,2026-09-19 17:53 UTC,ok
FHG,TSX,First Trust AlphaDEX™ U.S. Industrials Sector Index ETF,First Trust,WMS,"Advanced Drainage Systems, Inc.",0.38,,firsttrust,complete,yahoo,2026-09-19 17:53 UTC,ok
FHG,TSX,First Trust AlphaDEX™ U.S. Industrials Sector Index ETF,First Trust,PRIM,Primoris Services Corporation,0.37,,firsttrust,complete,yahoo,2026-09-19 17:53 UTC,ok
FHG,TSX,First Trust AlphaDEX™ U.S. Industrials Sector Index ETF,First Trust,BWXT,"BWX Technologies, Inc.",0.36,,firsttrust,complete,yahoo,2026-09-19 17:53 UTC,ok
FHG,TSX,First Trust AlphaDEX™ U.S. Industrials Sector Index ETF,First Trust,FBIN,Fortune Brands Innovations Inc.,0.34,,firsttrust,complete,yahoo,2026-09-19 17:53 UTC,ok
FHG,TSX,First Trust AlphaDEX™ U.S. Industrials Sector Index ETF,First Trust,PCTY,Paylocity Holding Corporation,0.33,,firsttrust,complete,yahoo,2026-09-19 17:53 UTC,ok
FHG,TSX,First Trust AlphaDEX™ U.S. Industrials Sector Index ETF,First Trust,ZBRA,Zebra Technologies Corporation,0.31,,firsttrust,complete,yahoo,2026-09-19 17:53 UTC,ok
FHG,TSX,First Trust AlphaDEX™ U.S. Industrials Sector Index ETF,First Trust,ESAB,ESAB Corporation,0.31,,firsttrust,complete,yahoo,2026-09-19 17:53 UTC,ok
FHG,TSX,First Trust AlphaDEX™ U.S. Industrials Sector Index ETF,First Trust,PAYX,"Paychex, Inc.",0.28,,firsttrust,complete,yahoo,2026-09-19 17:53 UTC,ok
FHG,TSX,First Trust AlphaDEX™ U.S. Industrials Sector Index ETF,First Trust,EXPD,"Expeditors International of Washington, Inc.",0.28,,firsttrust,complete,yahoo,2026-09-19 17:53 UTC,ok
FHG,TSX,First Trust AlphaDEX™ U.S. Industrials Sector Index ETF,First Trust,EMR,Emerson Electric Co.,0.25,,firsttrust,complete,seed,2026-09-19 17:53 UTC,ok
FHG,TSX,First Trust AlphaDEX™ U.S. Industrials Sector Index ETF,First Trust,NDSN,Nordson Corporation,0.25,,firsttrust,complete,yahoo,2026-09-19 17:53 UTC,ok
FHG,TSX,First Trust AlphaDEX™ U.S. Industrials Sector Index ETF,First Trust,CSX,CSX Corporation,0.24,,firsttrust,complete,yahoo,2026-09-19 17:53 UTC,ok
FHG,TSX,First Trust AlphaDEX™ U.S. Industrials Sector Index ETF,First Trust,NSC,Norfolk Southern Corporation,0.24,,firsttrust,complete,yahoo,2026-09-19 17:53 UTC,ok
FHG,TSX,First Trust AlphaDEX™ U.S. Industrials Sector Index ETF,First Trust,ITW,Illinois Tool Works Inc.,0.24,,firsttrust,complete,yahoo,2026-09-19 17:53 UTC,ok
FHG,TSX,First Trust AlphaDEX™ U.S. Industrials Sector Index ETF,First Trust,MSM,"MSC Industrial Direct Co., Inc. (Class A)",0.24,,firsttrust,complete,yahoo,2026-09-19 17:53 UTC,ok
FHG,TSX,First Trust AlphaDEX™ U.S. Industrials Sector Index ETF,First Trust,FLS,Flowserve Corporation,0.24,,firsttrust,complete,yahoo,2026-09-19 17:53 UTC,ok
FHG,TSX,First Trust AlphaDEX™ U.S. Industrials Sector Index ETF,First Trust,AIT,"Applied Industrial Technologies, Inc.",0.23,,firsttrust,complete,yahoo,2026-09-19 17:53 UTC,ok
FHG,TSX,First Trust AlphaDEX™ U.S. Industrials Sector Index ETF,First Trust,IEX,IDEX Corporation,0.23,,firsttrust,complete,yahoo,2026-09-19 17:53 UTC,ok
FHG,TSX,First Trust AlphaDEX™ U.S. Industrials Sector Index ETF,First Trust,TTC,The Toro Company,0.23,,firsttrust,complete,yahoo,2026-09-19 17:53 UTC,ok
FHG,TSX,First Trust AlphaDEX™ U.S. Industrials Sector Index ETF,First Trust,AME,"AMETEK, Inc.",0.23,,firsttrust,complete,yahoo,2026-09-19 17:53 UTC,ok
FHG,TSX,First Trust AlphaDEX™ U.S. Industrials Sector Index ETF,First Trust,AXP,American Express Company,0.22,,firsttrust,complete,yahoo,2026-09-19 17:53 UTC,ok
FHG,TSX,First Trust AlphaDEX™ U.S. Industrials Sector Index ETF,First Trust,WTS,"Watts Water Technologies, Inc.",0.21,,firsttrust,complete,yahoo,2026-09-19 17:53 UTC,ok
FHG,TSX,First Trust AlphaDEX™ U.S. Industrials Sector Index ETF,First Trust,TDY,Teledyne Technologies Incorporated,0.21,,firsttrust,complete,yahoo,2026-09-19 17:53 UTC,ok
FHG,TSX,First Trust AlphaDEX™ U.S. Industrials Sector Index ETF,First Trust,FTV,Fortive Corporation,0.21,,firsttrust,complete,yahoo,2026-09-19 17:53 UTC,ok
FHG,TSX,First Trust AlphaDEX™ U.S. Industrials Sector Index ETF,First Trust,FERG,Ferguson Enterprises Inc.,0.21,,firsttrust,complete,yahoo,2026-09-19 17:53 UTC,ok
FHG,TSX,First Trust AlphaDEX™ U.S. Industrials Sector Index ETF,First Trust,MAS,Masco Corporation,0.2,,firsttrust,complete,yahoo,2026-09-19 17:53 UTC,ok
FHG,TSX,First Trust AlphaDEX™ U.S. Industrials Sector Index ETF,First Trust,HUBB,Hubbell Incorporated,0.2,,firsttrust,complete,yahoo,2026-09-19 17:53 UTC,ok
FHG,TSX,First Trust AlphaDEX™ U.S. Industrials Sector Index ETF,First Trust,LHX,"L3Harris Technologies, Inc.",0.2,,firsttrust,complete,yahoo,2026-09-19 17:53 UTC,ok
FHG,TSX,First Trust AlphaDEX™ U.S. Industrials Sector Index ETF,First Trust,MLM,"Martin Marietta Materials, Inc.",0.2,,firsttrust,complete,yahoo,2026-09-19 17:53 UTC,ok
FHG,TSX,First Trust AlphaDEX™ U.S. Industrials Sector Index ETF,First Trust,KNX,Knight-Swift Transportation Holdings Inc.,0.2,,firsttrust,complete,yahoo,2026-09-19 17:53 UTC,ok
FHG,TSX,First Trust AlphaDEX™ U.S. Industrials Sector Index ETF,First Trust,VMI,"Valmont Industries, Inc.",0.19,,firsttrust,complete,yahoo,2026-09-19 17:53 UTC,ok
FHG,TSX,First Trust AlphaDEX™ U.S. Industrials Sector Index ETF,First Trust,VMC,Vulcan Materials Company,0.19,,firsttrust,complete,yahoo,2026-09-19 17:53 UTC,ok
FHG,TSX,First Trust AlphaDEX™ U.S. Industrials Sector Index ETF,First Trust,SAIA,"Saia, Inc.",0.19,,firsttrust,complete,yahoo,2026-09-19 17:53 UTC,ok
FHG,TSX,First Trust AlphaDEX™ U.S. Industrials Sector Index ETF,First Trust,ODFL,"Old Dominion Freight Line, Inc.",0.19,,firsttrust,complete,yahoo,2026-09-19 17:53 UTC,ok
FHG,TSX,First Trust AlphaDEX™ U.S. Industrials Sector Index ETF,First Trust,FOUR,"Shift4 Payments, Inc. (Class A)",0.19,,firsttrust,complete,yahoo,2026-09-19 17:53 UTC,ok
FHG,TSX,First Trust AlphaDEX™ U.S. Industrials Sector Index ETF,First Trust,LII,Lennox International Inc.,0.15,,firsttrust,complete,yahoo,2026-09-19 17:53 UTC,ok
FHQ,TSX,First Trust AlphaDEX™ U.S. Technology Sector Index ETF,First Trust,CTSH,Cognizant Technology Solutions Corporation,2.37,,firsttrust,complete,yahoo,2026-09-19 17:53 UTC,ok
FHQ,TSX,First Trust AlphaDEX™ U.S. Technology Sector Index ETF,First Trust,EPAM,"EPAM Systems, Inc.",2.21,,firsttrust,complete,seed,2026-09-19 17:53 UTC,ok
FHQ,TSX,First Trust AlphaDEX™ U.S. Technology Sector Index ETF,First Trust,DELL,Dell Technologies Inc. (Class C),2.02,,firsttrust,complete,yahoo,2026-09-19 17:53 UTC,ok
FHQ,TSX,First Trust AlphaDEX™ U.S. Technology Sector Index ETF,First Trust,LDOS,"Leidos Holdings, Inc.",1.9,,firsttrust,complete,seed,2026-09-19 17:53 UTC,ok
FHQ,TSX,First Trust AlphaDEX™ U.S. Technology Sector Index ETF,First Trust,PTC,PTC Inc.,1.84,,firsttrust,complete,seed,2026-09-19 17:53 UTC,ok
FHQ,TSX,First Trust AlphaDEX™ U.S. Technology Sector Index ETF,First Trust,DOX,Amdocs Limited,1.8,,firsttrust,complete,yahoo,2026-09-19 17:53 UTC,ok
FHQ,TSX,First Trust AlphaDEX™ U.S. Technology Sector Index ETF,First Trust,RNG,"RingCentral, Inc. (Class A)",1.7,,firsttrust,complete,seed,2026-09-19 17:53 UTC,ok
FHQ,TSX,First Trust AlphaDEX™ U.S. Technology Sector Index ETF,First Trust,ZM,"Zoom Communications, Inc. (Class A)",1.58,,firsttrust,complete,yahoo,2026-09-19 17:53 UTC,ok
FHQ,TSX,First Trust AlphaDEX™ U.S. Technology Sector Index ETF,First Trust,CRWD,"CrowdStrike Holdings, Inc. (Class A)",1.53,,firsttrust,complete,seed,2026-09-19 17:53 UTC,ok
FHQ,TSX,First Trust AlphaDEX™ U.S. Technology Sector Index ETF,First Trust,ADBE,Adobe Incorporated,1.49,,firsttrust,complete,yahoo,2026-09-19 17:53 UTC,ok
FHQ,TSX,First Trust AlphaDEX™ U.S. Technology Sector Index ETF,First Trust,AMD,"Advanced Micro Devices, Inc.",1.48,,firsttrust,complete,seed,2026-09-19 17:53 UTC,ok
FHQ,TSX,First Trust AlphaDEX™ U.S. Technology Sector Index ETF,First Trust,TWLO,Twilio Inc. (Class A),1.45,,firsttrust,complete,yahoo,2026-09-19 17:53 UTC,ok
FHQ,TSX,First Trust AlphaDEX™ U.S. Technology Sector Index ETF,First Trust,SMTC,Semtech Corporation,1.4,,firsttrust,complete,yahoo,2026-09-19 17:53 UTC,ok
FHQ,TSX,First Trust AlphaDEX™ U.S. Technology Sector Index ETF,First Trust,CRM,"Salesforce, Inc.",1.4,,firsttrust,complete,seed,2026-09-19 17:53 UTC,ok
FHQ,TSX,First Trust AlphaDEX™ U.S. Technology Sector Index ETF,First Trust,FTNT,"Fortinet, Inc.",1.36,,firsttrust,complete,seed,2026-09-19 17:53 UTC,ok
FHQ,TSX,First Trust AlphaDEX™ U.S. Technology Sector Index ETF,First Trust,MU,"Micron Technology, Inc.",1.35,,firsttrust,complete,seed,2026-09-19 17:53 UTC,ok
FHQ,TSX,First Trust AlphaDEX™ U.S. Technology Sector Index ETF,First Trust,PANW,"Palo Alto Networks, Inc.",1.31,,firsttrust,complete,seed,2026-09-19 17:53 UTC,ok
FHQ,TSX,First Trust AlphaDEX™ U.S. Technology Sector Index ETF,First Trust,SITM,Sitime Corporation,1.27,,firsttrust,complete,yahoo,2026-09-19 17:53 UTC,ok
FHQ,TSX,First Trust AlphaDEX™ U.S. Technology Sector Index ETF,First Trust,KBR,"KBR, Inc.",1.26,,firsttrust,complete,yahoo,2026-09-19 17:53 UTC,ok
FHQ,TSX,First Trust AlphaDEX™ U.S. Technology Sector Index ETF,First Trust,MRVL,"Marvell Technology, Inc.",1.26,,firsttrust,complete,seed,2026-09-19 17:53 UTC,ok
FHQ,TSX,First Trust AlphaDEX™ U.S. Technology Sector Index ETF,First Trust,IREN,IREN Ltd.,1.25,,firsttrust,complete,seed,2026-09-19 17:53 UTC,ok
FHQ,TSX,First Trust AlphaDEX™ U.S. Technology Sector Index ETF,First Trust,SMCI,"Super Micro Computer, Inc.",1.23,,firsttrust,complete,yahoo,2026-09-19 17:53 UTC,ok
FHQ,TSX,First Trust AlphaDEX™ U.S. Technology Sector Index ETF,First Trust,P,"Everpure, Inc. (Class A)",1.22,,firsttrust,complete,yahoo,2026-09-19 17:53 UTC,ok
FHQ,TSX,First Trust AlphaDEX™ U.S. Technology Sector Index ETF,First Trust,SANM,Sanmina Corporation,1.21,,firsttrust,complete,yahoo,2026-09-19 17:53 UTC,ok
FHQ,TSX,First Trust AlphaDEX™ U.S. Technology Sector Index ETF,First Trust,SWKS,"Skyworks Solutions, Inc.",1.21,,firsttrust,complete,seed,2026-09-19 17:53 UTC,ok
FHQ,TSX,First Trust AlphaDEX™ U.S. Technology Sector Index ETF,First Trust,SNDK,Sandisk Corporation,1.21,,firsttrust,complete,yahoo,2026-09-19 17:53 UTC,ok
FHQ,TSX,First Trust AlphaDEX™ U.S. Technology Sector Index ETF,First Trust,SNWF.VI,Snowflake Inc. (Class A),1.2,,firsttrust,complete,yahoo,2026-09-19 17:53 UTC,ok
FHQ,TSX,First Trust AlphaDEX™ U.S. Technology Sector Index ETF,First Trust,JBL,Jabil Inc.,1.19,,firsttrust,complete,yahoo,2026-09-19 17:53 UTC,ok
FHQ,TSX,First Trust AlphaDEX™ U.S. Technology Sector Index ETF,First Trust,SSNC,"SS&C Technologies Holdings, Inc.",1.19,,firsttrust,complete,yahoo,2026-09-19 17:53 UTC,ok
FHQ,TSX,First Trust AlphaDEX™ U.S. Technology Sector Index ETF,First Trust,TER,"Teradyne, Inc.",1.18,,firsttrust,complete,yahoo,2026-09-19 17:53 UTC,ok
FHQ,TSX,First Trust AlphaDEX™ U.S. Technology Sector Index ETF,First Trust,NTAP,"NetApp, Inc.",1.18,,firsttrust,complete,seed,2026-09-19 17:53 UTC,ok
FHQ,TSX,First Trust AlphaDEX™ U.S. Technology Sector Index ETF,First Trust,ADI,"Analog Devices, Inc.",1.16,,firsttrust,complete,seed,2026-09-19 17:53 UTC,ok
FHQ,TSX,First Trust AlphaDEX™ U.S. Technology Sector Index ETF,First Trust,PATH,"UiPath, Inc. (Class A)",1.14,,firsttrust,complete,seed,2026-09-19 17:53 UTC,ok
FHQ,TSX,First Trust AlphaDEX™ U.S. Technology Sector Index ETF,First Trust,SAIC,Science Applications International Corporation,1.11,,firsttrust,complete,yahoo,2026-09-19 17:53 UTC,ok
FHQ,TSX,First Trust AlphaDEX™ U.S. Technology Sector Index ETF,First Trust,PAYC,"Paycom Software, Inc.",1.11,,firsttrust,complete,yahoo,2026-09-19 17:53 UTC,ok
FHQ,TSX,First Trust AlphaDEX™ U.S. Technology Sector Index ETF,First Trust,DDOG,"Datadog, Inc. (Class A)",1.09,,firsttrust,complete,yahoo,2026-09-19 17:53 UTC,ok
FHQ,TSX,First Trust AlphaDEX™ U.S. Technology Sector Index ETF,First Trust,APH,Amphenol Corporation,1.08,,firsttrust,complete,yahoo,2026-09-19 17:53 UTC,ok
FHQ,TSX,First Trust AlphaDEX™ U.S. Technology Sector Index ETF,First Trust,MPWR,"Monolithic Power Systems, Inc.",1.08,,firsttrust,complete,yahoo,2026-09-19 17:53 UTC,ok
FHQ,TSX,First Trust AlphaDEX™ U.S. Technology Sector Index ETF,First Trust,INTU,Intuit Inc.,1.07,,firsttrust,complete,seed,2026-09-19 17:53 UTC,ok
FHQ,TSX,First Trust AlphaDEX™ U.S. Technology Sector Index ETF,First Trust,WDC,Western Digital Corporation,1.06,,firsttrust,complete,yahoo,2026-09-19 17:53 UTC,ok
FHQ,TSX,First Trust AlphaDEX™ U.S. Technology Sector Index ETF,First Trust,WULF,TeraWulf Inc.,1.06,,firsttrust,complete,yahoo,2026-09-19 17:53 UTC,ok
FHQ,TSX,First Trust AlphaDEX™ U.S. Technology Sector Index ETF,First Trust,LRCX,Lam Research Corporation,1.02,,firsttrust,complete,yahoo,2026-09-19 17:53 UTC,ok
FHQ,TSX,First Trust AlphaDEX™ U.S. Technology Sector Index ETF,First Trust,ROP,"Roper Technologies, Inc.",1.02,,firsttrust,complete,seed,2026-09-19 17:53 UTC,ok
FHQ,TSX,First Trust AlphaDEX™ U.S. Technology Sector Index ETF,First Trust,DOCN,"DigitalOcean Holdings, Inc.",1.02,,firsttrust,complete,yahoo,2026-09-19 17:53 UTC,ok
FHQ,TSX,First Trust AlphaDEX™ U.S. Technology Sector Index ETF,First Trust,DLB,"Dolby Laboratories, Inc.",1.01,,firsttrust,complete,yahoo,2026-09-19 17:53 UTC,ok
FHQ,TSX,First Trust AlphaDEX™ U.S. Technology Sector Index ETF,First Trust,COHR,Coherent Corp.,0.99,,firsttrust,complete,yahoo,2026-09-19 17:53 UTC,ok
FHQ,TSX,First Trust AlphaDEX™ U.S. Technology Sector Index ETF,First Trust,CRDO,Credo Technology Group Holding Ltd,0.99,,firsttrust,complete,yahoo,2026-09-19 17:53 UTC,ok
FHQ,TSX,First Trust AlphaDEX™ U.S. Technology Sector Index ETF,First Trust,KD,"Kyndryl Holdings, Inc.",0.98,,firsttrust,complete,yahoo,2026-09-19 17:53 UTC,ok
FHQ,TSX,First Trust AlphaDEX™ U.S. Technology Sector Index ETF,First Trust,TTMI,"TTM Technologies, Inc.",0.97,,firsttrust,complete,yahoo,2026-09-19 17:53 UTC,ok
FHQ,TSX,First Trust AlphaDEX™ U.S. Technology Sector Index ETF,First Trust,ALAB,"Astera Labs, Inc.",0.96,,firsttrust,complete,yahoo,2026-09-19 17:53 UTC,ok
FHQ,TSX,First Trust AlphaDEX™ U.S. Technology Sector Index ETF,First Trust,ESTC,Elastic N.V.,0.94,,firsttrust,complete,yahoo,2026-09-19 17:53 UTC,ok
FHQ,TSX,First Trust AlphaDEX™ U.S. Technology Sector Index ETF,First Trust,VRT,Vertiv Holdings Co (Class A),0.92,,firsttrust,complete,seed,2026-09-19 17:53 UTC,ok
FHQ,TSX,First Trust AlphaDEX™ U.S. Technology Sector Index ETF,First Trust,FORM,"FormFactor, Inc.",0.91,,firsttrust,complete,yahoo,2026-09-19 17:53 UTC,ok
FHQ,TSX,First Trust AlphaDEX™ U.S. Technology Sector Index ETF,First Trust,GLW,Corning Incorporated,0.9,,firsttrust,complete,yahoo,2026-09-19 17:53 UTC,ok
FHQ,TSX,First Trust AlphaDEX™ U.S. Technology Sector Index ETF,First Trust,GOOGL,Alphabet Inc. (Class A),0.9,,firsttrust,complete,seed,2026-09-19 17:53 UTC,ok
FHQ,TSX,First Trust AlphaDEX™ U.S. Technology Sector Index ETF,First Trust,LSCC,Lattice Semiconductor Corporation,0.89,,firsttrust,complete,yahoo,2026-09-19 17:53 UTC,ok
FHQ,TSX,First Trust AlphaDEX™ U.S. Technology Sector Index ETF,First Trust,MTSI,"MACOM Technology Solutions Holdings, Inc.",0.89,,firsttrust,complete,yahoo,2026-09-19 17:53 UTC,ok
FHQ,TSX,First Trust AlphaDEX™ U.S. Technology Sector Index ETF,First Trust,AEIS,"Advanced Energy Industries, Inc.",0.86,,firsttrust,complete,yahoo,2026-09-19 17:53 UTC,ok
FHQ,TSX,First Trust AlphaDEX™ U.S. Technology Sector Index ETF,First Trust,CACI,CACI International Inc.,0.83,,firsttrust,complete,yahoo,2026-09-19 17:53 UTC,ok
FHQ,TSX,First Trust AlphaDEX™ U.S. Technology Sector Index ETF,First Trust,OLED,Universal Display Corporation,0.83,,firsttrust,complete,yahoo,2026-09-19 17:53 UTC,ok
FHQ,TSX,First Trust AlphaDEX™ U.S. Technology Sector Index ETF,First Trust,TXN,Texas Instruments Incorporated,0.82,,firsttrust,complete,yahoo,2026-09-19 17:53 UTC,ok
FHQ,TSX,First Trust AlphaDEX™ U.S. Technology Sector Index ETF,First Trust,S,"SentinelOne, Inc. (Class A)",0.82,,firsttrust,complete,yahoo,2026-09-19 17:53 UTC,ok
FHQ,TSX,First Trust AlphaDEX™ U.S. Technology Sector Index ETF,First Trust,MSFT,Microsoft Corporation,0.81,,firsttrust,complete,yahoo,2026-09-19 17:53 UTC,ok
FHQ,TSX,First Trust AlphaDEX™ U.S. Technology Sector Index ETF,First Trust,RMBS,Rambus Inc.,0.81,,firsttrust,complete,yahoo,2026-09-19 17:53 UTC,ok
FHQ,TSX,First Trust AlphaDEX™ U.S. Technology Sector Index ETF,First Trust,NET,"Cloudflare, Inc. (Class A)",0.81,,firsttrust,complete,yahoo,2026-09-19 17:53 UTC,ok
FHQ,TSX,First Trust AlphaDEX™ U.S. Technology Sector Index ETF,First Trust,QRVO,"Qorvo, Inc.",0.77,,firsttrust,complete,yahoo,2026-09-19 17:53 UTC,ok
FHQ,TSX,First Trust AlphaDEX™ U.S. Technology Sector Index ETF,First Trust,CRUS,"Cirrus Logic, Inc.",0.74,,firsttrust,complete,yahoo,2026-09-19 17:53 UTC,ok
FHQ,TSX,First Trust AlphaDEX™ U.S. Technology Sector Index ETF,First Trust,ENTG,"Entegris, Inc.",0.73,,firsttrust,complete,yahoo,2026-09-19 17:53 UTC,ok
FHQ,TSX,First Trust AlphaDEX™ U.S. Technology Sector Index ETF,First Trust,META,"Meta Platforms, Inc. (Class A)",0.73,,firsttrust,complete,seed,2026-09-19 17:53 UTC,ok
FHQ,TSX,First Trust AlphaDEX™ U.S. Technology Sector Index ETF,First Trust,KLAC,KLA Corporation,0.72,,firsttrust,complete,yahoo,2026-09-19 17:53 UTC,ok
FHQ,TSX,First Trust AlphaDEX™ U.S. Technology Sector Index ETF,First Trust,GEN,Gen Digital Inc.,0.72,,firsttrust,complete,yahoo,2026-09-19 17:53 UTC,ok
FHQ,TSX,First Trust AlphaDEX™ U.S. Technology Sector Index ETF,First Trust,PEGA,Pegasystems Inc.,0.72,,firsttrust,complete,yahoo,2026-09-19 17:53 UTC,ok
FHQ,TSX,First Trust AlphaDEX™ U.S. Technology Sector Index ETF,First Trust,MDB,"MongoDB, Inc.",0.7,,firsttrust,complete,yahoo,2026-09-19 17:53 UTC,ok
FHQ,TSX,First Trust AlphaDEX™ U.S. Technology Sector Index ETF,First Trust,NVDA,NVIDIA Corporation,0.68,,firsttrust,complete,yahoo,2026-09-19 17:53 UTC,ok
FHQ,TSX,First Trust AlphaDEX™ U.S. Technology Sector Index ETF,First Trust,ONTO,Onto Innovation Inc.,0.64,,firsttrust,complete,yahoo,2026-09-19 17:53 UTC,ok
FHQ,TSX,First Trust AlphaDEX™ U.S. Technology Sector Index ETF,First Trust,FN,Fabrinet,0.64,,firsttrust,complete,yahoo,2026-09-19 17:53 UTC,ok
FHQ,TSX,First Trust AlphaDEX™ U.S. Technology Sector Index ETF,First Trust,ARW,"Arrow Electronics, Inc.",0.63,,firsttrust,complete,yahoo,2026-09-19 17:53 UTC,ok
FHQ,TSX,First Trust AlphaDEX™ U.S. Technology Sector Index ETF,First Trust,ALGM,"Allegro Microsystems, Inc.",0.6,,firsttrust,complete,yahoo,2026-09-19 17:53 UTC,ok
FHQ,TSX,First Trust AlphaDEX™ U.S. Technology Sector Index ETF,First Trust,INGM,Ingram Micro Holding Corporation,0.6,,firsttrust,complete,yahoo,2026-09-19 17:53 UTC,ok
FHQ,TSX,First Trust AlphaDEX™ U.S. Technology Sector Index ETF,First Trust,NIQ,NIQ Global Intelligence Plc,0.6,,firsttrust,complete,yahoo,2026-09-19 17:53 UTC,ok
FHQ,TSX,First Trust AlphaDEX™ U.S. Technology Sector Index ETF,First Trust,QCOM,QUALCOMM Incorporated,0.59,,firsttrust,complete,yahoo,2026-09-19 17:53 UTC,ok
FHQ,TSX,First Trust AlphaDEX™ U.S. Technology Sector Index ETF,First Trust,INSTACART,Maplebear Inc. (Instacart),0.59,,firsttrust,complete,name_embedded,2026-09-19 17:53 UTC,ok
FHQ,TSX,First Trust AlphaDEX™ U.S. Technology Sector Index ETF,First Trust,AVGO,Broadcom Inc.,0.58,,firsttrust,complete,seed,2026-09-19 17:53 UTC,ok
FHQ,TSX,First Trust AlphaDEX™ U.S. Technology Sector Index ETF,First Trust,AMAT,"Applied Materials, Inc.",0.57,,firsttrust,complete,seed,2026-09-19 17:53 UTC,ok
FHQ,TSX,First Trust AlphaDEX™ U.S. Technology Sector Index ETF,First Trust,CRWV,"CoreWeave, Inc. (Class A)",0.5,,firsttrust,complete,yahoo,2026-09-19 17:53 UTC,ok
FHQ,TSX,First Trust AlphaDEX™ U.S. Technology Sector Index ETF,First Trust,MCHP,Microchip Technology Incorporated,0.49,,firsttrust,complete,yahoo,2026-09-19 17:53 UTC,ok
FHQ,TSX,First Trust AlphaDEX™ U.S. Technology Sector Index ETF,First Trust,HPQ,HP Inc.,0.48,,firsttrust,complete,yahoo,2026-09-19 17:53 UTC,ok
FHQ,TSX,First Trust AlphaDEX™ U.S. Technology Sector Index ETF,First Trust,DOCU,"DocuSign, Inc.",0.48,,firsttrust,complete,yahoo,2026-09-19 17:53 UTC,ok
FHQ,TSX,First Trust AlphaDEX™ U.S. Technology Sector Index ETF,First Trust,PPLI,People Inc.,0.48,,firsttrust,complete,yahoo,2026-09-19 17:53 UTC,ok
FHQ,TSX,First Trust AlphaDEX™ U.S. Technology Sector Index ETF,First Trust,CDNS,"Cadence Design Systems, Inc.",0.46,,firsttrust,complete,yahoo,2026-09-19 17:53 UTC,ok
FHQ,TSX,First Trust AlphaDEX™ U.S. Technology Sector Index ETF,First Trust,ON,ON Semiconductor Corporation,0.45,,firsttrust,complete,yahoo,2026-09-19 17:53 UTC,ok
FHQ,TSX,First Trust AlphaDEX™ U.S. Technology Sector Index ETF,First Trust,HPE,Hewlett Packard Enterprise Company,0.41,,firsttrust,complete,yahoo,2026-09-19 17:53 UTC,ok
FHQ,TSX,First Trust AlphaDEX™ U.S. Technology Sector Index ETF,First Trust,DBX,"Dropbox, Inc. (Class A)",0.41,,firsttrust,complete,yahoo,2026-09-19 17:53 UTC,ok
FHQ,TSX,First Trust AlphaDEX™ U.S. Technology Sector Index ETF,First Trust,RBRK,"Rubrik, Inc. (Class A)",0.41,,firsttrust,complete,yahoo,2026-09-19 17:53 UTC,ok
FHQ,TSX,First Trust AlphaDEX™ U.S. Technology Sector Index ETF,First Trust,DT,"Dynatrace, Inc.",0.39,,firsttrust,complete,yahoo,2026-09-19 17:53 UTC,ok
FHQ,TSX,First Trust AlphaDEX™ U.S. Technology Sector Index ETF,First Trust,CCC,CCC Intelligent Solutions Holdings Inc.,0.39,,firsttrust,complete,yahoo,2026-09-19 17:53 UTC,ok
FHQ,TSX,First Trust AlphaDEX™ U.S. Technology Sector Index ETF,First Trust,AAPL,Apple Inc.,0.36,,firsttrust,complete,seed,2026-09-19 17:53 UTC,ok
FHQ,TSX,First Trust AlphaDEX™ U.S. Technology Sector Index ETF,First Trust,TYL,"Tyler Technologies, Inc.",0.35,,firsttrust,complete,yahoo,2026-09-19 17:53 UTC,ok
FHQ,TSX,First Trust AlphaDEX™ U.S. Technology Sector Index ETF,First Trust,MTCH,Match Group Inc.,0.35,,firsttrust,complete,yahoo,2026-09-19 17:53 UTC,ok
FHQ,TSX,First Trust AlphaDEX™ U.S. Technology Sector Index ETF,First Trust,AVT,"Avnet, Inc.",0.33,,firsttrust,complete,yahoo,2026-09-19 17:53 UTC,ok
FHQ,TSX,First Trust AlphaDEX™ U.S. Technology Sector Index ETF,First Trust,FFIV,"F5, Inc.",0.32,,firsttrust,complete,seed,2026-09-19 17:53 UTC,ok
FHQ,TSX,First Trust AlphaDEX™ U.S. Technology Sector Index ETF,First Trust,CDW,CDW Corporation,0.32,,firsttrust,complete,yahoo,2026-09-19 17:53 UTC,ok
FHQ,TSX,First Trust AlphaDEX™ U.S. Technology Sector Index ETF,First Trust,DASH,"DoorDash, Inc. (Class A)",0.32,,firsttrust,complete,yahoo,2026-09-19 17:53 UTC,ok
FHQ,TSX,First Trust AlphaDEX™ U.S. Technology Sector Index ETF,First Trust,SNX,TD SYNNEX Corporation,0.31,,firsttrust,complete,yahoo,2026-09-19 17:53 UTC,ok
FHQ,TSX,First Trust AlphaDEX™ U.S. Technology Sector Index ETF,First Trust,AKAM,"Akamai Technologies, Inc.",0.27,,firsttrust,complete,seed,2026-09-19 17:53 UTC,ok
FHQ,TSX,First Trust AlphaDEX™ U.S. Technology Sector Index ETF,First Trust,RDDT,"Reddit, Inc. (Class A)",0.27,,firsttrust,complete,yahoo,2026-09-19 17:53 UTC,ok
FHQ,TSX,First Trust AlphaDEX™ U.S. Technology Sector Index ETF,First Trust,PSN,Parsons Corporation,0.26,,firsttrust,complete,yahoo,2026-09-19 17:53 UTC,ok
FHQ,TSX,First Trust AlphaDEX™ U.S. Technology Sector Index ETF,First Trust,IBM,International Business Machines Corporation,0.25,,firsttrust,complete,yahoo,2026-09-19 17:53 UTC,ok
FHQ,TSX,First Trust AlphaDEX™ U.S. Technology Sector Index ETF,First Trust,AMKR,"Amkor Technology, Inc.",0.18,,firsttrust,complete,yahoo,2026-09-19 17:53 UTC,ok
FHQ,TSX,First Trust AlphaDEX™ U.S. Technology Sector Index ETF,First Trust,US03831W1080.SG,Applovin Corp. (Class A),0.18,,firsttrust,complete,yahoo,2026-09-19 17:53 UTC,ok
FUD,TSX,First Trust AlphaDEX™ U.S. Dividend ETF (CAD-Hedged),First Trust,BNS.TO,The Bank of Nova Scotia,0.48,,firsttrust,complete,yahoo,2026-09-19 17:54 UTC,ok
FUD,TSX,First Trust AlphaDEX™ U.S. Dividend ETF (CAD-Hedged),First Trust,ETN,Eaton Corporation Plc,0.46,,firsttrust,complete,yahoo,2026-09-19 17:54 UTC,ok
FUD,TSX,First Trust AlphaDEX™ U.S. Dividend ETF (CAD-Hedged),First Trust,PFG,"Principal Financial Group, Inc.",0.46,,firsttrust,complete,yahoo,2026-09-19 17:54 UTC,ok
FUD,TSX,First Trust AlphaDEX™ U.S. Dividend ETF (CAD-Hedged),First Trust,VRSN,"VeriSign, Inc.",0.46,,firsttrust,complete,yahoo,2026-09-19 17:54 UTC,ok
FUD,TSX,First Trust AlphaDEX™ U.S. Dividend ETF (CAD-Hedged),First Trust,TD,The Toronto-Dominion Bank,0.46,,firsttrust,complete,seed,2026-09-19 17:54 UTC,ok
FUD,TSX,First Trust AlphaDEX™ U.S. Dividend ETF (CAD-Hedged),First Trust,MFC,Manulife Financial Corporation,0.46,,firsttrust,complete,yahoo,2026-09-19 17:54 UTC,ok
FUD,TSX,First Trust AlphaDEX™ U.S. Dividend ETF (CAD-Hedged),First Trust,ADR,Takeda Pharmaceutical Company Limited (ADR),0.46,,firsttrust,complete,name_embedded,2026-09-19 17:54 UTC,ok
FUD,TSX,First Trust AlphaDEX™ U.S. Dividend ETF (CAD-Hedged),First Trust,MO,"Altria Group, Inc.",0.45,,firsttrust,complete,seed,2026-09-19 17:54 UTC,ok
FUD,TSX,First Trust AlphaDEX™ U.S. Dividend ETF (CAD-Hedged),First Trust,WMB,"The Williams Companies, Inc.",0.45,,firsttrust,complete,yahoo,2026-09-19 17:54 UTC,ok
FUD,TSX,First Trust AlphaDEX™ U.S. Dividend ETF (CAD-Hedged),First Trust,TRV,"The Travelers Companies, Inc.",0.45,,firsttrust,complete,seed,2026-09-19 17:54 UTC,ok
FUD,TSX,First Trust AlphaDEX™ U.S. Dividend ETF (CAD-Hedged),First Trust,GILD,"Gilead Sciences, Inc.",0.45,,firsttrust,complete,seed,2026-09-19 17:54 UTC,ok
FUD,TSX,First Trust AlphaDEX™ U.S. Dividend ETF (CAD-Hedged),First Trust,MSM,"MSC Industrial Direct Co., Inc. (Class A)",0.45,,firsttrust,complete,yahoo,2026-09-19 17:54 UTC,ok
FUD,TSX,First Trust AlphaDEX™ U.S. Dividend ETF (CAD-Hedged),First Trust,TXNM,TXNM Energy Inc.,0.45,,firsttrust,complete,yahoo,2026-09-19 17:54 UTC,ok
FUD,TSX,First Trust AlphaDEX™ U.S. Dividend ETF (CAD-Hedged),First Trust,CVX,Chevron Corporation,0.45,,firsttrust,complete,yahoo,2026-09-19 17:54 UTC,ok
FUD,TSX,First Trust AlphaDEX™ U.S. Dividend ETF (CAD-Hedged),First Trust,SLF.TO,Sun Life Financial Inc.,0.45,,firsttrust,complete,seed,2026-09-19 17:54 UTC,ok
FUD,TSX,First Trust AlphaDEX™ U.S. Dividend ETF (CAD-Hedged),First Trust,KMI,"Kinder Morgan, Inc.",0.45,,firsttrust,complete,yahoo,2026-09-19 17:54 UTC,ok
FUD,TSX,First Trust AlphaDEX™ U.S. Dividend ETF (CAD-Hedged),First Trust,ADR,Shell plc (ADR),0.45,,firsttrust,complete,name_embedded,2026-09-19 17:54 UTC,ok
FUD,TSX,First Trust AlphaDEX™ U.S. Dividend ETF (CAD-Hedged),First Trust,TEL,TE Connectivity Plc,0.45,,firsttrust,complete,yahoo,2026-09-19 17:54 UTC,ok
FUD,TSX,First Trust AlphaDEX™ U.S. Dividend ETF (CAD-Hedged),First Trust,TTE.PA,TotalEnergies SE,0.45,,firsttrust,complete,seed,2026-09-19 17:54 UTC,ok
FUD,TSX,First Trust AlphaDEX™ U.S. Dividend ETF (CAD-Hedged),First Trust,JNJ,Johnson & Johnson,0.44,,firsttrust,complete,seed,2026-09-19 17:54 UTC,ok
FUD,TSX,First Trust AlphaDEX™ U.S. Dividend ETF (CAD-Hedged),First Trust,MDT,Medtronic Plc,0.44,,firsttrust,complete,seed,2026-09-19 17:54 UTC,ok
FUD,TSX,First Trust AlphaDEX™ U.S. Dividend ETF (CAD-Hedged),First Trust,PG,The Procter & Gamble Company,0.44,,firsttrust,complete,yahoo,2026-09-19 17:54 UTC,ok
FUD,TSX,First Trust AlphaDEX™ U.S. Dividend ETF (CAD-Hedged),First Trust,NI,NiSource Inc.,0.44,,firsttrust,complete,yahoo,2026-09-19 17:54 UTC,ok
FUD,TSX,First Trust AlphaDEX™ U.S. Dividend ETF (CAD-Hedged),First Trust,PFE,Pfizer Inc.,0.44,,firsttrust,complete,seed,2026-09-19 17:54 UTC,ok
FUD,TSX,First Trust AlphaDEX™ U.S. Dividend ETF (CAD-Hedged),First Trust,NWBI,"Northwest Bancshares, Inc.",0.44,,firsttrust,complete,yahoo,2026-09-19 17:54 UTC,ok
FUD,TSX,First Trust AlphaDEX™ U.S. Dividend ETF (CAD-Hedged),First Trust,OGE,OGE Energy Corp.,0.44,,firsttrust,complete,yahoo,2026-09-19 17:54 UTC,ok
FUD,TSX,First Trust AlphaDEX™ U.S. Dividend ETF (CAD-Hedged),First Trust,CSCO,"Cisco Systems, Inc.",0.44,,firsttrust,complete,seed,2026-09-19 17:54 UTC,ok
FUD,TSX,First Trust AlphaDEX™ U.S. Dividend ETF (CAD-Hedged),First Trust,WTRG,"Essential Utilities, Inc.",0.44,,firsttrust,complete,yahoo,2026-09-19 17:54 UTC,ok
FUD,TSX,First Trust AlphaDEX™ U.S. Dividend ETF (CAD-Hedged),First Trust,NJR,New Jersey Resources Corporation,0.44,,firsttrust,complete,yahoo,2026-09-19 17:54 UTC,ok
FUD,TSX,First Trust AlphaDEX™ U.S. Dividend ETF (CAD-Hedged),First Trust,DGX,Quest Diagnostics Incorporated,0.44,,firsttrust,complete,yahoo,2026-09-19 17:54 UTC,ok
FUD,TSX,First Trust AlphaDEX™ U.S. Dividend ETF (CAD-Hedged),First Trust,RGA,"Reinsurance Group of America, Incorporated",0.44,,firsttrust,complete,yahoo,2026-09-19 17:54 UTC,ok
FUD,TSX,First Trust AlphaDEX™ U.S. Dividend ETF (CAD-Hedged),First Trust,BMO.TO,Bank of Montreal,0.44,,firsttrust,complete,seed,2026-09-19 17:54 UTC,ok
FUD,TSX,First Trust AlphaDEX™ U.S. Dividend ETF (CAD-Hedged),First Trust,MET,"MetLife, Inc.",0.44,,firsttrust,complete,yahoo,2026-09-19 17:54 UTC,ok
FUD,TSX,First Trust AlphaDEX™ U.S. Dividend ETF (CAD-Hedged),First Trust,RY,Royal Bank of Canada,0.44,,firsttrust,complete,seed,2026-09-19 17:54 UTC,ok
FUD,TSX,First Trust AlphaDEX™ U.S. Dividend ETF (CAD-Hedged),First Trust,TRP,TC Energy Corporation,0.44,,firsttrust,complete,yahoo,2026-09-19 17:54 UTC,ok
FUD,TSX,First Trust AlphaDEX™ U.S. Dividend ETF (CAD-Hedged),First Trust,CME,CME Group Inc.,0.44,,firsttrust,complete,yahoo,2026-09-19 17:54 UTC,ok
FUD,TSX,First Trust AlphaDEX™ U.S. Dividend ETF (CAD-Hedged),First Trust,THG,"The Hanover Insurance Group, Inc.",0.44,,firsttrust,complete,seed,2026-09-19 17:54 UTC,ok
FUD,TSX,First Trust AlphaDEX™ U.S. Dividend ETF (CAD-Hedged),First Trust,AXS,Axis Capital Holdings Limited,0.44,,firsttrust,complete,yahoo,2026-09-19 17:54 UTC,ok
FUD,TSX,First Trust AlphaDEX™ U.S. Dividend ETF (CAD-Hedged),First Trust,CM.TO,Canadian Imperial Bank of Commerce,0.44,,firsttrust,complete,seed,2026-09-19 17:54 UTC,ok
FUD,TSX,First Trust AlphaDEX™ U.S. Dividend ETF (CAD-Hedged),First Trust,ABBV,AbbVie Inc.,0.44,,firsttrust,complete,seed,2026-09-19 17:54 UTC,ok
FUD,TSX,First Trust AlphaDEX™ U.S. Dividend ETF (CAD-Hedged),First Trust,AZN.L,AstraZeneca Plc,0.44,,firsttrust,complete,seed,2026-09-19 17:54 UTC,ok
FUD,TSX,First Trust AlphaDEX™ U.S. Dividend ETF (CAD-Hedged),First Trust,XOM,ExxonMobil Holdings Corp.,0.44,,firsttrust,complete,seed,2026-09-19 17:54 UTC,ok
FUD,TSX,First Trust AlphaDEX™ U.S. Dividend ETF (CAD-Hedged),First Trust,CINF,Cincinnati Financial Corporation,0.43,,firsttrust,complete,yahoo,2026-09-19 17:54 UTC,ok
FUD,TSX,First Trust AlphaDEX™ U.S. Dividend ETF (CAD-Hedged),First Trust,MRK,"Merck & Co., Inc.",0.43,,firsttrust,complete,seed,2026-09-19 17:54 UTC,ok
FUD,TSX,First Trust AlphaDEX™ U.S. Dividend ETF (CAD-Hedged),First Trust,BKH,Black Hills Corporation,0.43,,firsttrust,complete,yahoo,2026-09-19 17:54 UTC,ok
FUD,TSX,First Trust AlphaDEX™ U.S. Dividend ETF (CAD-Hedged),First Trust,CNA,CNA Financial Corporation,0.43,,firsttrust,complete,yahoo,2026-09-19 17:54 UTC,ok
FUD,TSX,First Trust AlphaDEX™ U.S. Dividend ETF (CAD-Hedged),First Trust,JPM,JPMorgan Chase & Co.,0.43,,firsttrust,complete,seed,2026-09-19 17:54 UTC,ok
FUD,TSX,First Trust AlphaDEX™ U.S. Dividend ETF (CAD-Hedged),First Trust,AIG,"American International Group, Inc.",0.43,,firsttrust,complete,yahoo,2026-09-19 17:54 UTC,ok
FUD,TSX,First Trust AlphaDEX™ U.S. Dividend ETF (CAD-Hedged),First Trust,ADR,GSK plc (ADR),0.43,,firsttrust,complete,name_embedded,2026-09-19 17:54 UTC,ok
FUD,TSX,First Trust AlphaDEX™ U.S. Dividend ETF (CAD-Hedged),First Trust,ED,"Consolidated Edison, Inc.",0.43,,firsttrust,complete,yahoo,2026-09-19 17:54 UTC,ok
FUD,TSX,First Trust AlphaDEX™ U.S. Dividend ETF (CAD-Hedged),First Trust,AFL,Aflac Incorporated,0.43,,firsttrust,complete,yahoo,2026-09-19 17:54 UTC,ok
FUD,TSX,First Trust AlphaDEX™ U.S. Dividend ETF (CAD-Hedged),First Trust,TM,Toyota Motor Corporation,0.43,,firsttrust,complete,yahoo,2026-09-19 17:54 UTC,ok
FUD,TSX,First Trust AlphaDEX™ U.S. Dividend ETF (CAD-Hedged),First Trust,SJM,The J.M. Smucker Company,0.43,,firsttrust,complete,yahoo,2026-09-19 17:54 UTC,ok
FUD,TSX,First Trust AlphaDEX™ U.S. Dividend ETF (CAD-Hedged),First Trust,CBSH,"Commerce Bancshares, Inc.",0.43,,firsttrust,complete,yahoo,2026-09-19 17:54 UTC,ok
FUD,TSX,First Trust AlphaDEX™ U.S. Dividend ETF (CAD-Hedged),First Trust,AEP,"American Electric Power Company, Inc.",0.43,,firsttrust,complete,yahoo,2026-09-19 17:54 UTC,ok
FUD,TSX,First Trust AlphaDEX™ U.S. Dividend ETF (CAD-Hedged),First Trust,ADR,"Honda Motor Co., Ltd. (ADR)",0.43,,firsttrust,complete,name_embedded,2026-09-19 17:54 UTC,ok
FUD,TSX,First Trust AlphaDEX™ U.S. Dividend ETF (CAD-Hedged),First Trust,ADR,British American Tobacco Plc (ADR),0.43,,firsttrust,complete,name_embedded,2026-09-19 17:54 UTC,ok
FUD,TSX,First Trust AlphaDEX™ U.S. Dividend ETF (CAD-Hedged),First Trust,CB,Chubb Limited,0.43,,firsttrust,complete,yahoo,2026-09-19 17:54 UTC,ok
FUD,TSX,First Trust AlphaDEX™ U.S. Dividend ETF (CAD-Hedged),First Trust,ADR,HSBC Holdings plc (ADR),0.43,,firsttrust,complete,name_embedded,2026-09-19 17:54 UTC,ok
FUD,TSX,First Trust AlphaDEX™ U.S. Dividend ETF (CAD-Hedged),First Trust,FE,FirstEnergy Corp.,0.43,,firsttrust,complete,yahoo,2026-09-19 17:54 UTC,ok
FUD,TSX,First Trust AlphaDEX™ U.S. Dividend ETF (CAD-Hedged),First Trust,ENB.TO,Enbridge Inc.,0.43,,firsttrust,complete,seed,2026-09-19 17:54 UTC,ok
FUD,TSX,First Trust AlphaDEX™ U.S. Dividend ETF (CAD-Hedged),First Trust,NFG,National Fuel Gas Company,0.43,,firsttrust,complete,yahoo,2026-09-19 17:54 UTC,ok
FUD,TSX,First Trust AlphaDEX™ U.S. Dividend ETF (CAD-Hedged),First Trust,CNP,"CenterPoint Energy, Inc.",0.43,,firsttrust,complete,yahoo,2026-09-19 17:54 UTC,ok
FUD,TSX,First Trust AlphaDEX™ U.S. Dividend ETF (CAD-Hedged),First Trust,RSG,"Republic Services, Inc.",0.43,,firsttrust,complete,yahoo,2026-09-19 17:54 UTC,ok
FUD,TSX,First Trust AlphaDEX™ U.S. Dividend ETF (CAD-Hedged),First Trust,AFG,"American Financial Group, Inc.",0.43,,firsttrust,complete,seed,2026-09-19 17:54 UTC,ok
FUD,TSX,First Trust AlphaDEX™ U.S. Dividend ETF (CAD-Hedged),First Trust,PRU,"Prudential Financial, Inc.",0.43,,firsttrust,complete,yahoo,2026-09-19 17:54 UTC,ok
FUD,TSX,First Trust AlphaDEX™ U.S. Dividend ETF (CAD-Hedged),First Trust,ACN,Accenture plc,0.43,,firsttrust,complete,yahoo,2026-09-19 17:54 UTC,ok
FUD,TSX,First Trust AlphaDEX™ U.S. Dividend ETF (CAD-Hedged),First Trust,NWE,"NorthWestern Energy Group, Inc.",0.43,,firsttrust,complete,yahoo,2026-09-19 17:54 UTC,ok
FUD,TSX,First Trust AlphaDEX™ U.S. Dividend ETF (CAD-Hedged),First Trust,AIZ,"Assurant, Inc.",0.43,,firsttrust,complete,yahoo,2026-09-19 17:54 UTC,ok
FUD,TSX,First Trust AlphaDEX™ U.S. Dividend ETF (CAD-Hedged),First Trust,PM,Philip Morris International Inc.,0.43,,firsttrust,complete,seed,2026-09-19 17:54 UTC,ok
FUD,TSX,First Trust AlphaDEX™ U.S. Dividend ETF (CAD-Hedged),First Trust,AWK,"American Water Works Company, Inc.",0.43,,firsttrust,complete,yahoo,2026-09-19 17:54 UTC,ok
FUD,TSX,First Trust AlphaDEX™ U.S. Dividend ETF (CAD-Hedged),First Trust,CPK,Chesapeake Utilities Corporation,0.43,,firsttrust,complete,yahoo,2026-09-19 17:54 UTC,ok
FUD,TSX,First Trust AlphaDEX™ U.S. Dividend ETF (CAD-Hedged),First Trust,ADR,Anheuser-Busch InBev S.A./N.V. (ADR),0.43,,firsttrust,complete,name_embedded,2026-09-19 17:54 UTC,ok
FUD,TSX,First Trust AlphaDEX™ U.S. Dividend ETF (CAD-Hedged),First Trust,EMA.TO,Emera Incorporated,0.43,,firsttrust,complete,yahoo,2026-09-19 17:54 UTC,ok
FUD,TSX,First Trust AlphaDEX™ U.S. Dividend ETF (CAD-Hedged),First Trust,PRI,"Primerica, Inc.",0.43,,firsttrust,complete,yahoo,2026-09-19 17:54 UTC,ok
FUD,TSX,First Trust AlphaDEX™ U.S. Dividend ETF (CAD-Hedged),First Trust,PBA,Pembina Pipeline Corporation,0.43,,firsttrust,complete,yahoo,2026-09-19 17:54 UTC,ok
FUD,TSX,First Trust AlphaDEX™ U.S. Dividend ETF (CAD-Hedged),First Trust,FTS.TO,Fortis Inc.,0.43,,firsttrust,complete,seed,2026-09-19 17:54 UTC,ok
FUD,TSX,First Trust AlphaDEX™ U.S. Dividend ETF (CAD-Hedged),First Trust,EVRG,"Evergy, Inc.",0.43,,firsttrust,complete,yahoo,2026-09-19 17:54 UTC,ok
FUD,TSX,First Trust AlphaDEX™ U.S. Dividend ETF (CAD-Hedged),First Trust,VZ,Verizon Communications Inc.,0.42,,firsttrust,complete,seed,2026-09-19 17:54 UTC,ok
FUD,TSX,First Trust AlphaDEX™ U.S. Dividend ETF (CAD-Hedged),First Trust,KO,The Coca-Cola Company,0.42,,firsttrust,complete,yahoo,2026-09-19 17:54 UTC,ok
FUD,TSX,First Trust AlphaDEX™ U.S. Dividend ETF (CAD-Hedged),First Trust,ADP,"Automatic Data Processing, Inc.",0.42,,firsttrust,complete,seed,2026-09-19 17:54 UTC,ok
FUD,TSX,First Trust AlphaDEX™ U.S. Dividend ETF (CAD-Hedged),First Trust,MSI,"Motorola Solutions, Inc.",0.42,,firsttrust,complete,seed,2026-09-19 17:54 UTC,ok
FUD,TSX,First Trust AlphaDEX™ U.S. Dividend ETF (CAD-Hedged),First Trust,CTAS,Cintas Corporation,0.42,,firsttrust,complete,yahoo,2026-09-19 17:54 UTC,ok
FUD,TSX,First Trust AlphaDEX™ U.S. Dividend ETF (CAD-Hedged),First Trust,DUK,Duke Energy Corporation,0.42,,firsttrust,complete,yahoo,2026-09-19 17:54 UTC,ok
FUD,TSX,First Trust AlphaDEX™ U.S. Dividend ETF (CAD-Hedged),First Trust,ETR,Entergy Corporation,0.42,,firsttrust,complete,yahoo,2026-09-19 17:54 UTC,ok
FUD,TSX,First Trust AlphaDEX™ U.S. Dividend ETF (CAD-Hedged),First Trust,PPL,PPL Corporation,0.42,,firsttrust,complete,yahoo,2026-09-19 17:54 UTC,ok
FUD,TSX,First Trust AlphaDEX™ U.S. Dividend ETF (CAD-Hedged),First Trust,SO,The Southern Company,0.42,,firsttrust,complete,yahoo,2026-09-19 17:54 UTC,ok
FUD,TSX,First Trust AlphaDEX™ U.S. Dividend ETF (CAD-Hedged),First Trust,WEC,"WEC Energy Group, Inc.",0.42,,firsttrust,complete,yahoo,2026-09-19 17:54 UTC,ok
FUD,TSX,First Trust AlphaDEX™ U.S. Dividend ETF (CAD-Hedged),First Trust,IDA,"IDACORP, Inc.",0.42,,firsttrust,complete,yahoo,2026-09-19 17:54 UTC,ok
FUD,TSX,First Trust AlphaDEX™ U.S. Dividend ETF (CAD-Hedged),First Trust,EMR,Emerson Electric Co.,0.42,,firsttrust,complete,seed,2026-09-19 17:54 UTC,ok
FUD,TSX,First Trust AlphaDEX™ U.S. Dividend ETF (CAD-Hedged),First Trust,NEE,"NextEra Energy, Inc.",0.42,,firsttrust,complete,seed,2026-09-19 17:54 UTC,ok
FUD,TSX,First Trust AlphaDEX™ U.S. Dividend ETF (CAD-Hedged),First Trust,PEG,Public Service Enterprise Group Incorporated,0.42,,firsttrust,complete,yahoo,2026-09-19 17:54 UTC,ok
FUD,TSX,First Trust AlphaDEX™ U.S. Dividend ETF (CAD-Hedged),First Trust,ATO,Atmos Energy Corporation,0.42,,firsttrust,complete,yahoo,2026-09-19 17:54 UTC,ok
FUD,TSX,First Trust AlphaDEX™ U.S. Dividend ETF (CAD-Hedged),First Trust,D,"Dominion Energy, Inc.",0.42,,firsttrust,complete,yahoo,2026-09-19 17:54 UTC,ok
FUD,TSX,First Trust AlphaDEX™ U.S. Dividend ETF (CAD-Hedged),First Trust,ITW,Illinois Tool Works Inc.,0.42,,firsttrust,complete,yahoo,2026-09-19 17:54 UTC,ok
FUD,TSX,First Trust AlphaDEX™ U.S. Dividend ETF (CAD-Hedged),First Trust,DTE,DTE Energy Company,0.42,,firsttrust,complete,yahoo,2026-09-19 17:54 UTC,ok
FUD,TSX,First Trust AlphaDEX™ U.S. Dividend ETF (CAD-Hedged),First Trust,ES,Eversource Energy,0.42,,firsttrust,complete,yahoo,2026-09-19 17:54 UTC,ok
FUD,TSX,First Trust AlphaDEX™ U.S. Dividend ETF (CAD-Hedged),First Trust,BDX,"Becton, Dickinson and Company",0.42,,firsttrust,complete,yahoo,2026-09-19 17:54 UTC,ok
FUD,TSX,First Trust AlphaDEX™ U.S. Dividend ETF (CAD-Hedged),First Trust,ADR,Unilever PLC (ADR),0.42,,firsttrust,complete,name_embedded,2026-09-19 17:54 UTC,ok
FUD,TSX,First Trust AlphaDEX™ U.S. Dividend ETF (CAD-Hedged),First Trust,PNW,Pinnacle West Capital Corporation,0.42,,firsttrust,complete,yahoo,2026-09-19 17:54 UTC,ok
FUD,TSX,First Trust AlphaDEX™ U.S. Dividend ETF (CAD-Hedged),First Trust,PNC,"The PNC Financial Services Group, Inc.",0.42,,firsttrust,complete,yahoo,2026-09-19 17:54 UTC,ok
FUD,TSX,First Trust AlphaDEX™ U.S. Dividend ETF (CAD-Hedged),First Trust,FAST,Fastenal Company,0.42,,firsttrust,complete,yahoo,2026-09-19 17:54 UTC,ok
FUD,TSX,First Trust AlphaDEX™ U.S. Dividend ETF (CAD-Hedged),First Trust,CL,Colgate-Palmolive Company,0.42,,firsttrust,complete,yahoo,2026-09-19 17:54 UTC,ok
FUD,TSX,First Trust AlphaDEX™ U.S. Dividend ETF (CAD-Hedged),First Trust,SNA,Snap-on Incorporated,0.42,,firsttrust,complete,yahoo,2026-09-19 17:54 UTC,ok
FUD,TSX,First Trust AlphaDEX™ U.S. Dividend ETF (CAD-Hedged),First Trust,GGG,Graco Inc.,0.42,,firsttrust,complete,yahoo,2026-09-19 17:54 UTC,ok
FUD,TSX,First Trust AlphaDEX™ U.S. Dividend ETF (CAD-Hedged),First Trust,HON,Honeywell International Inc.,0.42,,firsttrust,complete,yahoo,2026-09-19 17:54 UTC,ok
FUD,TSX,First Trust AlphaDEX™ U.S. Dividend ETF (CAD-Hedged),First Trust,ALL,The Allstate Corporation,0.42,,firsttrust,complete,yahoo,2026-09-19 17:54 UTC,ok
FUD,TSX,First Trust AlphaDEX™ U.S. Dividend ETF (CAD-Hedged),First Trust,LMT,Lockheed Martin Corporation,0.42,,firsttrust,complete,yahoo,2026-09-19 17:54 UTC,ok
FUD,TSX,First Trust AlphaDEX™ U.S. Dividend ETF (CAD-Hedged),First Trust,HIG,"The Hartford Insurance Group, Inc.",0.42,,firsttrust,complete,yahoo,2026-09-19 17:54 UTC,ok
FUD,TSX,First Trust AlphaDEX™ U.S. Dividend ETF (CAD-Hedged),First Trust,BNY,The Bank of New York Mellon Corporation,0.42,,firsttrust,complete,yahoo,2026-09-19 17:54 UTC,ok
FUD,TSX,First Trust AlphaDEX™ U.S. Dividend ETF (CAD-Hedged),First Trust,HUBB,Hubbell Incorporated,0.42,,firsttrust,complete,yahoo,2026-09-19 17:54 UTC,ok
FUD,TSX,First Trust AlphaDEX™ U.S. Dividend ETF (CAD-Hedged),First Trust,EXC,Exelon Corporation,0.42,,firsttrust,complete,yahoo,2026-09-19 17:54 UTC,ok
FUD,TSX,First Trust AlphaDEX™ U.S. Dividend ETF (CAD-Hedged),First Trust,SEIC,SEI Investments Company,0.42,,firsttrust,complete,yahoo,2026-09-19 17:54 UTC,ok
FUD,TSX,First Trust AlphaDEX™ U.S. Dividend ETF (CAD-Hedged),First Trust,STT,State Street Corporation,0.42,,firsttrust,complete,yahoo,2026-09-19 17:54 UTC,ok
FUD,TSX,First Trust AlphaDEX™ U.S. Dividend ETF (CAD-Hedged),First Trust,WELL,Welltower Inc.,0.42,,firsttrust,complete,seed,2026-09-19 17:54 UTC,ok
FUD,TSX,First Trust AlphaDEX™ U.S. Dividend ETF (CAD-Hedged),First Trust,CMS,CMS Energy Corporation,0.42,,firsttrust,complete,yahoo,2026-09-19 17:54 UTC,ok
FUD,TSX,First Trust AlphaDEX™ U.S. Dividend ETF (CAD-Hedged),First Trust,ORI,Old Republic International Corporation,0.42,,firsttrust,complete,yahoo,2026-09-19 17:54 UTC,ok
FUD,TSX,First Trust AlphaDEX™ U.S. Dividend ETF (CAD-Hedged),First Trust,IEX,IDEX Corporation,0.42,,firsttrust,complete,yahoo,2026-09-19 17:54 UTC,ok
FUD,TSX,First Trust AlphaDEX™ U.S. Dividend ETF (CAD-Hedged),First Trust,USB,U.S. Bancorp,0.42,,firsttrust,complete,seed,2026-09-19 17:54 UTC,ok
FUD,TSX,First Trust AlphaDEX™ U.S. Dividend ETF (CAD-Hedged),First Trust,SR,Spire Inc.,0.42,,firsttrust,complete,yahoo,2026-09-19 17:54 UTC,ok
FUD,TSX,First Trust AlphaDEX™ U.S. Dividend ETF (CAD-Hedged),First Trust,DMC,Del Monte Corp.,0.42,,firsttrust,complete,yahoo,2026-09-19 17:54 UTC,ok
FUD,TSX,First Trust AlphaDEX™ U.S. Dividend ETF (CAD-Hedged),First Trust,NOC,Northrop Grumman Corporation,0.42,,firsttrust,complete,yahoo,2026-09-19 17:54 UTC,ok
FUD,TSX,First Trust AlphaDEX™ U.S. Dividend ETF (CAD-Hedged),First Trust,LNT,Alliant Energy Corporation,0.42,,firsttrust,complete,yahoo,2026-09-19 17:54 UTC,ok
FUD,TSX,First Trust AlphaDEX™ U.S. Dividend ETF (CAD-Hedged),First Trust,CTSH,Cognizant Technology Solutions Corporation,0.42,,firsttrust,complete,yahoo,2026-09-19 17:54 UTC,ok
FUD,TSX,First Trust AlphaDEX™ U.S. Dividend ETF (CAD-Hedged),First Trust,DOX,Amdocs Limited,0.42,,firsttrust,complete,yahoo,2026-09-19 17:54 UTC,ok
FUD,TSX,First Trust AlphaDEX™ U.S. Dividend ETF (CAD-Hedged),First Trust,AEE,Ameren Corporation,0.42,,firsttrust,complete,yahoo,2026-09-19 17:54 UTC,ok
FUD,TSX,First Trust AlphaDEX™ U.S. Dividend ETF (CAD-Hedged),First Trust,RCI-B.TO,Rogers Communications Inc. (Class B),0.42,,firsttrust,complete,yahoo,2026-09-19 17:54 UTC,ok
FUD,TSX,First Trust AlphaDEX™ U.S. Dividend ETF (CAD-Hedged),First Trust,AGO,Assured Guaranty Ltd.,0.42,,firsttrust,complete,yahoo,2026-09-19 17:54 UTC,ok
FUD,TSX,First Trust AlphaDEX™ U.S. Dividend ETF (CAD-Hedged),First Trust,MSA,MSA Safety Incorporated,0.42,,firsttrust,complete,yahoo,2026-09-19 17:54 UTC,ok
FUD,TSX,First Trust AlphaDEX™ U.S. Dividend ETF (CAD-Hedged),First Trust,AVA,Avista Corporation,0.42,,firsttrust,complete,yahoo,2026-09-19 17:54 UTC,ok
FUD,TSX,First Trust AlphaDEX™ U.S. Dividend ETF (CAD-Hedged),First Trust,ICE,"Intercontinental Exchange, Inc.",0.42,,firsttrust,complete,seed,2026-09-19 17:54 UTC,ok
FUD,TSX,First Trust AlphaDEX™ U.S. Dividend ETF (CAD-Hedged),First Trust,NDAQ,"Nasdaq, Inc.",0.42,,firsttrust,complete,yahoo,2026-09-19 17:54 UTC,ok
FUD,TSX,First Trust AlphaDEX™ U.S. Dividend ETF (CAD-Hedged),First Trust,POR,Portland General Electric Company,0.42,,firsttrust,complete,yahoo,2026-09-19 17:54 UTC,ok
FUD,TSX,First Trust AlphaDEX™ U.S. Dividend ETF (CAD-Hedged),First Trust,REG,Regency Centers Corporation,0.42,,firsttrust,complete,yahoo,2026-09-19 17:54 UTC,ok
FUD,TSX,First Trust AlphaDEX™ U.S. Dividend ETF (CAD-Hedged),First Trust,KDP,Keurig Dr Pepper Inc.,0.42,,firsttrust,complete,seed,2026-09-19 17:54 UTC,ok
FUD,TSX,First Trust AlphaDEX™ U.S. Dividend ETF (CAD-Hedged),First Trust,SSNC,"SS&C Technologies Holdings, Inc.",0.42,,firsttrust,complete,yahoo,2026-09-19 17:54 UTC,ok
FUD,TSX,First Trust AlphaDEX™ U.S. Dividend ETF (CAD-Hedged),First Trust,KHC,The Kraft Heinz Company,0.42,,firsttrust,complete,yahoo,2026-09-19 17:54 UTC,ok
FUD,TSX,First Trust AlphaDEX™ U.S. Dividend ETF (CAD-Hedged),First Trust,SWX,"Southwest Gas Holdings, Inc.",0.42,,firsttrust,complete,yahoo,2026-09-19 17:54 UTC,ok
FUD,TSX,First Trust AlphaDEX™ U.S. Dividend ETF (CAD-Hedged),First Trust,NWN,Northwest Natural Holding Company,0.42,,firsttrust,complete,yahoo,2026-09-19 17:54 UTC,ok
FUD,TSX,First Trust AlphaDEX™ U.S. Dividend ETF (CAD-Hedged),First Trust,OTIS,Otis Worldwide Corporation,0.42,,firsttrust,complete,yahoo,2026-09-19 17:54 UTC,ok
FUD,TSX,First Trust AlphaDEX™ U.S. Dividend ETF (CAD-Hedged),First Trust,J,Jacobs Solutions Inc.,0.42,,firsttrust,complete,yahoo,2026-09-19 17:54 UTC,ok
FUD,TSX,First Trust AlphaDEX™ U.S. Dividend ETF (CAD-Hedged),First Trust,BMY,Bristol-Myers Squibb Company,0.41,,firsttrust,complete,yahoo,2026-09-19 17:54 UTC,ok
FUD,TSX,First Trust AlphaDEX™ U.S. Dividend ETF (CAD-Hedged),First Trust,XEL,Xcel Energy Inc.,0.41,,firsttrust,complete,yahoo,2026-09-19 17:54 UTC,ok
FUD,TSX,First Trust AlphaDEX™ U.S. Dividend ETF (CAD-Hedged),First Trust,VTR,"Ventas, Inc.",0.41,,firsttrust,complete,yahoo,2026-09-19 17:54 UTC,ok
FUD,TSX,First Trust AlphaDEX™ U.S. Dividend ETF (CAD-Hedged),First Trust,RTX,RTX Corporation,0.41,,firsttrust,complete,yahoo,2026-09-19 17:54 UTC,ok
FUD,TSX,First Trust AlphaDEX™ U.S. Dividend ETF (CAD-Hedged),First Trust,AWR,American States Water Company,0.41,,firsttrust,complete,yahoo,2026-09-19 17:54 UTC,ok
FUD,TSX,First Trust AlphaDEX™ U.S. Dividend ETF (CAD-Hedged),First Trust,WM,"Waste Management, Inc.",0.41,,firsttrust,complete,seed,2026-09-19 17:54 UTC,ok
FUD,TSX,First Trust AlphaDEX™ U.S. Dividend ETF (CAD-Hedged),First Trust,BCE.TO,BCE Inc.,0.41,,firsttrust,complete,seed,2026-09-19 17:54 UTC,ok
FUD,TSX,First Trust AlphaDEX™ U.S. Dividend ETF (CAD-Hedged),First Trust,SYY,Sysco Corporation,0.41,,firsttrust,complete,yahoo,2026-09-19 17:54 UTC,ok
FUD,TSX,First Trust AlphaDEX™ U.S. Dividend ETF (CAD-Hedged),First Trust,NDSN,Nordson Corporation,0.41,,firsttrust,complete,yahoo,2026-09-19 17:54 UTC,ok
FUD,TSX,First Trust AlphaDEX™ U.S. Dividend ETF (CAD-Hedged),First Trust,RPM,RPM International Inc.,0.41,,firsttrust,complete,yahoo,2026-09-19 17:54 UTC,ok
FUD,TSX,First Trust AlphaDEX™ U.S. Dividend ETF (CAD-Hedged),First Trust,SHW,The Sherwin-Williams Company,0.41,,firsttrust,complete,yahoo,2026-09-19 17:54 UTC,ok
FUD,TSX,First Trust AlphaDEX™ U.S. Dividend ETF (CAD-Hedged),First Trust,PPG,"PPG Industries, Inc.",0.41,,firsttrust,complete,yahoo,2026-09-19 17:54 UTC,ok
FUD,TSX,First Trust AlphaDEX™ U.S. Dividend ETF (CAD-Hedged),First Trust,DCI,"Donaldson Company, Inc.",0.41,,firsttrust,complete,yahoo,2026-09-19 17:54 UTC,ok
FUD,TSX,First Trust AlphaDEX™ U.S. Dividend ETF (CAD-Hedged),First Trust,BAC,Bank of America Corporation,0.41,,firsttrust,complete,yahoo,2026-09-19 17:54 UTC,ok
FUD,TSX,First Trust AlphaDEX™ U.S. Dividend ETF (CAD-Hedged),First Trust,ATR,"AptarGroup, Inc.",0.41,,firsttrust,complete,yahoo,2026-09-19 17:54 UTC,ok
FUD,TSX,First Trust AlphaDEX™ U.S. Dividend ETF (CAD-Hedged),First Trust,ESS,"Essex Property Trust, Inc.",0.41,,firsttrust,complete,yahoo,2026-09-19 17:54 UTC,ok
FUD,TSX,First Trust AlphaDEX™ U.S. Dividend ETF (CAD-Hedged),First Trust,PAYX,"Paychex, Inc.",0.41,,firsttrust,complete,yahoo,2026-09-19 17:54 UTC,ok
FUD,TSX,First Trust AlphaDEX™ U.S. Dividend ETF (CAD-Hedged),First Trust,MS,Morgan Stanley,0.41,,firsttrust,complete,seed,2026-09-19 17:54 UTC,ok
FUD,TSX,First Trust AlphaDEX™ U.S. Dividend ETF (CAD-Hedged),First Trust,TROW,"T. Rowe Price Group, Inc.",0.41,,firsttrust,complete,seed,2026-09-19 17:54 UTC,ok
FUD,TSX,First Trust AlphaDEX™ U.S. Dividend ETF (CAD-Hedged),First Trust,SUI,"Sun Communities, Inc.",0.41,,firsttrust,complete,yahoo,2026-09-19 17:54 UTC,ok
FUD,TSX,First Trust AlphaDEX™ U.S. Dividend ETF (CAD-Hedged),First Trust,ECL,Ecolab Inc.,0.41,,firsttrust,complete,seed,2026-09-19 17:54 UTC,ok
FUD,TSX,First Trust AlphaDEX™ U.S. Dividend ETF (CAD-Hedged),First Trust,KIM,Kimco Realty Corporation,0.41,,firsttrust,complete,yahoo,2026-09-19 17:54 UTC,ok
FUD,TSX,First Trust AlphaDEX™ U.S. Dividend ETF (CAD-Hedged),First Trust,SIGI,"Selective Insurance Group, Inc.",0.41,,firsttrust,complete,yahoo,2026-09-19 17:54 UTC,ok
FUD,TSX,First Trust AlphaDEX™ U.S. Dividend ETF (CAD-Hedged),First Trust,CMI,Cummins Inc.,0.41,,firsttrust,complete,yahoo,2026-09-19 17:54 UTC,ok
FUD,TSX,First Trust AlphaDEX™ U.S. Dividend ETF (CAD-Hedged),First Trust,CHD,"Church & Dwight Co., Inc.",0.41,,firsttrust,complete,yahoo,2026-09-19 17:54 UTC,ok
FUD,TSX,First Trust AlphaDEX™ U.S. Dividend ETF (CAD-Hedged),First Trust,LHX,"L3Harris Technologies, Inc.",0.41,,firsttrust,complete,yahoo,2026-09-19 17:54 UTC,ok
FUD,TSX,First Trust AlphaDEX™ U.S. Dividend ETF (CAD-Hedged),First Trust,GD,General Dynamics Corporation,0.41,,firsttrust,complete,yahoo,2026-09-19 17:54 UTC,ok
FUD,TSX,First Trust AlphaDEX™ U.S. Dividend ETF (CAD-Hedged),First Trust,CNI,Canadian National Railway Company,0.41,,firsttrust,complete,yahoo,2026-09-19 17:54 UTC,ok
FUD,TSX,First Trust AlphaDEX™ U.S. Dividend ETF (CAD-Hedged),First Trust,MDLZ,"Mondelez International, Inc.",0.41,,firsttrust,complete,yahoo,2026-09-19 17:54 UTC,ok
FUD,TSX,First Trust AlphaDEX™ U.S. Dividend ETF (CAD-Hedged),First Trust,APD,"Air Products and Chemicals, Inc.",0.41,,firsttrust,complete,seed,2026-09-19 17:54 UTC,ok
FUD,TSX,First Trust AlphaDEX™ U.S. Dividend ETF (CAD-Hedged),First Trust,FRT,Federal Realty Investment Trust,0.41,,firsttrust,complete,yahoo,2026-09-19 17:54 UTC,ok
FUD,TSX,First Trust AlphaDEX™ U.S. Dividend ETF (CAD-Hedged),First Trust,ADR,Sanofi (ADR),0.41,,firsttrust,complete,name_embedded,2026-09-19 17:54 UTC,ok
FUD,TSX,First Trust AlphaDEX™ U.S. Dividend ETF (CAD-Hedged),First Trust,FELE,"Franklin Electric Co., Inc.",0.41,,firsttrust,complete,yahoo,2026-09-19 17:54 UTC,ok
FUD,TSX,First Trust AlphaDEX™ U.S. Dividend ETF (CAD-Hedged),First Trust,CWT,California Water Service Group,0.41,,firsttrust,complete,yahoo,2026-09-19 17:54 UTC,ok
FUD,TSX,First Trust AlphaDEX™ U.S. Dividend ETF (CAD-Hedged),First Trust,ADR,Rio Tinto plc (ADR),0.41,,firsttrust,complete,name_embedded,2026-09-19 17:54 UTC,ok
FUD,TSX,First Trust AlphaDEX™ U.S. Dividend ETF (CAD-Hedged),First Trust,PKG,Packaging Corporation of America,0.41,,firsttrust,complete,yahoo,2026-09-19 17:54 UTC,ok
FUD,TSX,First Trust AlphaDEX™ U.S. Dividend ETF (CAD-Hedged),First Trust,STN,Stantec Inc.,0.41,,firsttrust,complete,yahoo,2026-09-19 17:54 UTC,ok
FUD,TSX,First Trust AlphaDEX™ U.S. Dividend ETF (CAD-Hedged),First Trust,MGEE,"MGE Energy, Inc.",0.41,,firsttrust,complete,yahoo,2026-09-19 17:54 UTC,ok
FUD,TSX,First Trust AlphaDEX™ U.S. Dividend ETF (CAD-Hedged),First Trust,WPY.MU,W.P. Carey Inc.,0.41,,firsttrust,complete,yahoo,2026-09-19 17:54 UTC,ok
FUD,TSX,First Trust AlphaDEX™ U.S. Dividend ETF (CAD-Hedged),First Trust,OGS,"ONE Gas, Inc.",0.41,,firsttrust,complete,yahoo,2026-09-19 17:54 UTC,ok
FUD,TSX,First Trust AlphaDEX™ U.S. Dividend ETF (CAD-Hedged),First Trust,LIN,Linde Plc,0.41,,firsttrust,complete,seed,2026-09-19 17:54 UTC,ok
FUD,TSX,First Trust AlphaDEX™ U.S. Dividend ETF (CAD-Hedged),First Trust,ADR,"America Movil, S.A.B. de C.V. (ADR)",0.41,,firsttrust,complete,name_embedded,2026-09-19 17:54 UTC,ok
FUD,TSX,First Trust AlphaDEX™ U.S. Dividend ETF (CAD-Hedged),First Trust,MCD,McDonald's Corporation,0.4,,firsttrust,complete,yahoo,2026-09-19 17:54 UTC,ok
FUD,TSX,First Trust AlphaDEX™ U.S. Dividend ETF (CAD-Hedged),First Trust,UNP,Union Pacific Corporation,0.4,,firsttrust,complete,yahoo,2026-09-19 17:54 UTC,ok
FUD,TSX,First Trust AlphaDEX™ U.S. Dividend ETF (CAD-Hedged),First Trust,CSX,CSX Corporation,0.4,,firsttrust,complete,yahoo,2026-09-19 17:54 UTC,ok
FUD,TSX,First Trust AlphaDEX™ U.S. Dividend ETF (CAD-Hedged),First Trust,TJX,"The TJX Companies, Inc.",0.4,,firsttrust,complete,yahoo,2026-09-19 17:54 UTC,ok
FUD,TSX,First Trust AlphaDEX™ U.S. Dividend ETF (CAD-Hedged),First Trust,CPT,Camden Property Trust,0.4,,firsttrust,complete,yahoo,2026-09-19 17:54 UTC,ok
FUD,TSX,First Trust AlphaDEX™ U.S. Dividend ETF (CAD-Hedged),First Trust,AVY,Avery Dennison Corporation,0.4,,firsttrust,complete,yahoo,2026-09-19 17:54 UTC,ok
FUD,TSX,First Trust AlphaDEX™ U.S. Dividend ETF (CAD-Hedged),First Trust,PSA,Public Storage,0.4,,firsttrust,complete,yahoo,2026-09-19 17:54 UTC,ok
FUD,TSX,First Trust AlphaDEX™ U.S. Dividend ETF (CAD-Hedged),First Trust,VMRK,Vivmark Residential,0.4,,firsttrust,complete,yahoo,2026-09-19 17:54 UTC,ok
FUD,TSX,First Trust AlphaDEX™ U.S. Dividend ETF (CAD-Hedged),First Trust,JKHY,"Jack Henry & Associates, Inc.",0.4,,firsttrust,complete,yahoo,2026-09-19 17:54 UTC,ok
FUD,TSX,First Trust AlphaDEX™ U.S. Dividend ETF (CAD-Hedged),First Trust,GS,"The Goldman Sachs Group, Inc.",0.4,,firsttrust,complete,seed,2026-09-19 17:54 UTC,ok
FUD,TSX,First Trust AlphaDEX™ U.S. Dividend ETF (CAD-Hedged),First Trust,DOV,Dover Corporation,0.4,,firsttrust,complete,yahoo,2026-09-19 17:54 UTC,ok
FUD,TSX,First Trust AlphaDEX™ U.S. Dividend ETF (CAD-Hedged),First Trust,INGR,Ingredion Incorporated,0.4,,firsttrust,complete,yahoo,2026-09-19 17:54 UTC,ok
FUD,TSX,First Trust AlphaDEX™ U.S. Dividend ETF (CAD-Hedged),First Trust,LECO,"Lincoln Electric Holdings, Inc.",0.4,,firsttrust,complete,yahoo,2026-09-19 17:54 UTC,ok
FUD,TSX,First Trust AlphaDEX™ U.S. Dividend ETF (CAD-Hedged),First Trust,ADR,Infosys Limited (ADR),0.4,,firsttrust,complete,name_embedded,2026-09-19 17:54 UTC,ok
FUD,TSX,First Trust AlphaDEX™ U.S. Dividend ETF (CAD-Hedged),First Trust,ELS,"Equity Lifestyle Properties, Inc.",0.4,,firsttrust,complete,yahoo,2026-09-19 17:54 UTC,ok
FUD,TSX,First Trust AlphaDEX™ U.S. Dividend ETF (CAD-Hedged),First Trust,TMUS,"T-Mobile US, Inc.",0.4,,firsttrust,complete,yahoo,2026-09-19 17:54 UTC,ok
FUD,TSX,First Trust AlphaDEX™ U.S. Dividend ETF (CAD-Hedged),First Trust,GLPI,"Gaming and Leisure Properties, Inc.",0.4,,firsttrust,complete,yahoo,2026-09-19 17:54 UTC,ok
FUD,TSX,First Trust AlphaDEX™ U.S. Dividend ETF (CAD-Hedged),First Trust,CCEP,Coca-Cola European Partners Plc,0.4,,firsttrust,complete,seed,2026-09-19 17:54 UTC,ok
FUD,TSX,First Trust AlphaDEX™ U.S. Dividend ETF (CAD-Hedged),First Trust,KVUE,Kenvue Inc.,0.4,,firsttrust,complete,yahoo,2026-09-19 17:54 UTC,ok
FUD,TSX,First Trust AlphaDEX™ U.S. Dividend ETF (CAD-Hedged),First Trust,BLK,"BlackRock, Inc.",0.4,,firsttrust,complete,seed,2026-09-19 17:54 UTC,ok
FUD,TSX,First Trust AlphaDEX™ U.S. Dividend ETF (CAD-Hedged),First Trust,ABT,Abbott Laboratories,0.39,,firsttrust,complete,seed,2026-09-19 17:54 UTC,ok
FUD,TSX,First Trust AlphaDEX™ U.S. Dividend ETF (CAD-Hedged),First Trust,HD,"The Home Depot, Inc.",0.39,,firsttrust,complete,seed,2026-09-19 17:54 UTC,ok
FUD,TSX,First Trust AlphaDEX™ U.S. Dividend ETF (CAD-Hedged),First Trust,NSC,Norfolk Southern Corporation,0.39,,firsttrust,complete,yahoo,2026-09-19 17:54 UTC,ok
FUD,TSX,First Trust AlphaDEX™ U.S. Dividend ETF (CAD-Hedged),First Trust,GIS,"General Mills, Inc.",0.39,,firsttrust,complete,seed,2026-09-19 17:54 UTC,ok
FUD,TSX,First Trust AlphaDEX™ U.S. Dividend ETF (CAD-Hedged),First Trust,KMB,Kimberly-Clark Corporation,0.39,,firsttrust,complete,yahoo,2026-09-19 17:54 UTC,ok
FUD,TSX,First Trust AlphaDEX™ U.S. Dividend ETF (CAD-Hedged),First Trust,PCAR,PACCAR Inc,0.39,,firsttrust,complete,yahoo,2026-09-19 17:54 UTC,ok
FUD,TSX,First Trust AlphaDEX™ U.S. Dividend ETF (CAD-Hedged),First Trust,PEP,"PepsiCo, Inc.",0.39,,firsttrust,complete,seed,2026-09-19 17:54 UTC,ok
FUD,TSX,First Trust AlphaDEX™ U.S. Dividend ETF (CAD-Hedged),First Trust,HSY,The Hershey Company,0.39,,firsttrust,complete,yahoo,2026-09-19 17:54 UTC,ok
FUD,TSX,First Trust AlphaDEX™ U.S. Dividend ETF (CAD-Hedged),First Trust,UDR,"UDR, Inc.",0.39,,firsttrust,complete,yahoo,2026-09-19 17:54 UTC,ok
FUD,TSX,First Trust AlphaDEX™ U.S. Dividend ETF (CAD-Hedged),First Trust,BRC,Brady Corporation,0.39,,firsttrust,complete,yahoo,2026-09-19 17:54 UTC,ok
FUD,TSX,First Trust AlphaDEX™ U.S. Dividend ETF (CAD-Hedged),First Trust,ADR,Novartis AG (ADR),0.39,,firsttrust,complete,name_embedded,2026-09-19 17:54 UTC,ok
FUD,TSX,First Trust AlphaDEX™ U.S. Dividend ETF (CAD-Hedged),First Trust,YUM,"Yum! Brands, Inc.",0.39,,firsttrust,complete,yahoo,2026-09-19 17:54 UTC,ok
FUD,TSX,First Trust AlphaDEX™ U.S. Dividend ETF (CAD-Hedged),First Trust,LOW,"Lowe's Companies, Inc.",0.39,,firsttrust,complete,yahoo,2026-09-19 17:54 UTC,ok
FUD,TSX,First Trust AlphaDEX™ U.S. Dividend ETF (CAD-Hedged),First Trust,MRSH,"Marsh & McLennan Companies, Inc.",0.39,,firsttrust,complete,yahoo,2026-09-19 17:54 UTC,ok
FUD,TSX,First Trust AlphaDEX™ U.S. Dividend ETF (CAD-Hedged),First Trust,O,Realty Income Corporation,0.39,,firsttrust,complete,yahoo,2026-09-19 17:54 UTC,ok
FUD,TSX,First Trust AlphaDEX™ U.S. Dividend ETF (CAD-Hedged),First Trust,ADR,Diageo plc (ADR),0.39,,firsttrust,complete,name_embedded,2026-09-19 17:54 UTC,ok
FUD,TSX,First Trust AlphaDEX™ U.S. Dividend ETF (CAD-Hedged),First Trust,AJG,Arthur J. Gallagher & Co.,0.39,,firsttrust,complete,yahoo,2026-09-19 17:54 UTC,ok
FUD,TSX,First Trust AlphaDEX™ U.S. Dividend ETF (CAD-Hedged),First Trust,RLI,RLI Corp.,0.39,,firsttrust,complete,yahoo,2026-09-19 17:54 UTC,ok
FUD,TSX,First Trust AlphaDEX™ U.S. Dividend ETF (CAD-Hedged),First Trust,FHI,"Federated Hermes, Inc. (Class B)",0.39,,firsttrust,complete,yahoo,2026-09-19 17:54 UTC,ok
FUD,TSX,First Trust AlphaDEX™ U.S. Dividend ETF (CAD-Hedged),First Trust,MAA,"Mid-America Apartment Communities, Inc.",0.39,,firsttrust,complete,yahoo,2026-09-19 17:54 UTC,ok
FUD,TSX,First Trust AlphaDEX™ U.S. Dividend ETF (CAD-Hedged),First Trust,BR,"Broadridge Financial Solutions, Inc.",0.39,,firsttrust,complete,yahoo,2026-09-19 17:54 UTC,ok
FUD,TSX,First Trust AlphaDEX™ U.S. Dividend ETF (CAD-Hedged),First Trust,CBOE,"Cboe Global Markets, Inc.",0.39,,firsttrust,complete,yahoo,2026-09-19 17:54 UTC,ok
FUD,TSX,First Trust AlphaDEX™ U.S. Dividend ETF (CAD-Hedged),First Trust,WTY.MU,Willis Towers Watson Plc,0.39,,firsttrust,complete,yahoo,2026-09-19 17:54 UTC,ok
FUD,TSX,First Trust AlphaDEX™ U.S. Dividend ETF (CAD-Hedged),First Trust,T.TO,TELUS Corporation,0.39,,firsttrust,complete,yahoo,2026-09-19 17:54 UTC,ok
FUD,TSX,First Trust AlphaDEX™ U.S. Dividend ETF (CAD-Hedged),First Trust,AMH,American Homes 4 Rent (Class A),0.39,,firsttrust,complete,yahoo,2026-09-19 17:54 UTC,ok
FUD,TSX,First Trust AlphaDEX™ U.S. Dividend ETF (CAD-Hedged),First Trust,INVH,Invitation Homes Inc.,0.39,,firsttrust,complete,yahoo,2026-09-19 17:54 UTC,ok
FUD,TSX,First Trust AlphaDEX™ U.S. Dividend ETF (CAD-Hedged),First Trust,VICI,VICI Properties Inc.,0.39,,firsttrust,complete,yahoo,2026-09-19 17:54 UTC,ok
FUD,TSX,First Trust AlphaDEX™ U.S. Dividend ETF (CAD-Hedged),First Trust,HRL,Hormel Foods Corporation,0.38,,firsttrust,complete,yahoo,2026-09-19 17:54 UTC,ok
FUD,TSX,First Trust AlphaDEX™ U.S. Dividend ETF (CAD-Hedged),First Trust,MZTI,The Marzetti Company,0.38,,firsttrust,complete,yahoo,2026-09-19 17:54 UTC,ok
FUD,TSX,First Trust AlphaDEX™ U.S. Dividend ETF (CAD-Hedged),First Trust,AMGN,Amgen Inc.,0.38,,firsttrust,complete,seed,2026-09-19 17:54 UTC,ok
FUD,TSX,First Trust AlphaDEX™ U.S. Dividend ETF (CAD-Hedged),First Trust,STZ,"Constellation Brands, Inc. (Class A)",0.38,,firsttrust,complete,yahoo,2026-09-19 17:54 UTC,ok
FUD,TSX,First Trust AlphaDEX™ U.S. Dividend ETF (CAD-Hedged),First Trust,DLB,"Dolby Laboratories, Inc.",0.38,,firsttrust,complete,yahoo,2026-09-19 17:54 UTC,ok
FUD,TSX,First Trust AlphaDEX™ U.S. Dividend ETF (CAD-Hedged),First Trust,STE,Steris Plc,0.38,,firsttrust,complete,yahoo,2026-09-19 17:54 UTC,ok
FUD,TSX,First Trust AlphaDEX™ U.S. Dividend ETF (CAD-Hedged),First Trust,AMCR,Amcor plc,0.38,,firsttrust,complete,yahoo,2026-09-19 17:54 UTC,ok
FUD,TSX,First Trust AlphaDEX™ U.S. Dividend ETF (CAD-Hedged),First Trust,REYN,Reynolds Consumer Products Inc.,0.38,,firsttrust,complete,yahoo,2026-09-19 17:54 UTC,ok
FUD,TSX,First Trust AlphaDEX™ U.S. Dividend ETF (CAD-Hedged),First Trust,SYK,Stryker Corporation,0.37,,firsttrust,complete,yahoo,2026-09-19 17:54 UTC,ok
FUD,TSX,First Trust AlphaDEX™ U.S. Dividend ETF (CAD-Hedged),First Trust,CMCSA,Comcast Corporation (Class A),0.37,,firsttrust,complete,yahoo,2026-09-19 17:54 UTC,ok
FUD,TSX,First Trust AlphaDEX™ U.S. Dividend ETF (CAD-Hedged),First Trust,SON,Sonoco Products Company,0.37,,firsttrust,complete,yahoo,2026-09-19 17:54 UTC,ok
FUD.A,TSX,First Trust AlphaDEX™ U.S. Dividend ETF (CAD-Hedged),First Trust,BNS.TO,The Bank of Nova Scotia,0.48,,firsttrust,complete,yahoo,2026-09-19 17:54 UTC,ok
FUD.A,TSX,First Trust AlphaDEX™ U.S. Dividend ETF (CAD-Hedged),First Trust,ETN,Eaton Corporation Plc,0.46,,firsttrust,complete,yahoo,2026-09-19 17:54 UTC,ok
FUD.A,TSX,First Trust AlphaDEX™ U.S. Dividend ETF (CAD-Hedged),First Trust,PFG,"Principal Financial Group, Inc.",0.46,,firsttrust,complete,yahoo,2026-09-19 17:54 UTC,ok
FUD.A,TSX,First Trust AlphaDEX™ U.S. Dividend ETF (CAD-Hedged),First Trust,VRSN,"VeriSign, Inc.",0.46,,firsttrust,complete,yahoo,2026-09-19 17:54 UTC,ok
FUD.A,TSX,First Trust AlphaDEX™ U.S. Dividend ETF (CAD-Hedged),First Trust,TD,The Toronto-Dominion Bank,0.46,,firsttrust,complete,seed,2026-09-19 17:54 UTC,ok
FUD.A,TSX,First Trust AlphaDEX™ U.S. Dividend ETF (CAD-Hedged),First Trust,MFC,Manulife Financial Corporation,0.46,,firsttrust,complete,yahoo,2026-09-19 17:54 UTC,ok
FUD.A,TSX,First Trust AlphaDEX™ U.S. Dividend ETF (CAD-Hedged),First Trust,ADR,Takeda Pharmaceutical Company Limited (ADR),0.46,,firsttrust,complete,name_embedded,2026-09-19 17:54 UTC,ok
FUD.A,TSX,First Trust AlphaDEX™ U.S. Dividend ETF (CAD-Hedged),First Trust,MO,"Altria Group, Inc.",0.45,,firsttrust,complete,seed,2026-09-19 17:54 UTC,ok
FUD.A,TSX,First Trust AlphaDEX™ U.S. Dividend ETF (CAD-Hedged),First Trust,WMB,"The Williams Companies, Inc.",0.45,,firsttrust,complete,yahoo,2026-09-19 17:54 UTC,ok
FUD.A,TSX,First Trust AlphaDEX™ U.S. Dividend ETF (CAD-Hedged),First Trust,TRV,"The Travelers Companies, Inc.",0.45,,firsttrust,complete,seed,2026-09-19 17:54 UTC,ok
FUD.A,TSX,First Trust AlphaDEX™ U.S. Dividend ETF (CAD-Hedged),First Trust,GILD,"Gilead Sciences, Inc.",0.45,,firsttrust,complete,seed,2026-09-19 17:54 UTC,ok
FUD.A,TSX,First Trust AlphaDEX™ U.S. Dividend ETF (CAD-Hedged),First Trust,MSM,"MSC Industrial Direct Co., Inc. (Class A)",0.45,,firsttrust,complete,yahoo,2026-09-19 17:54 UTC,ok
FUD.A,TSX,First Trust AlphaDEX™ U.S. Dividend ETF (CAD-Hedged),First Trust,TXNM,TXNM Energy Inc.,0.45,,firsttrust,complete,yahoo,2026-09-19 17:54 UTC,ok
FUD.A,TSX,First Trust AlphaDEX™ U.S. Dividend ETF (CAD-Hedged),First Trust,CVX,Chevron Corporation,0.45,,firsttrust,complete,yahoo,2026-09-19 17:54 UTC,ok
FUD.A,TSX,First Trust AlphaDEX™ U.S. Dividend ETF (CAD-Hedged),First Trust,SLF.TO,Sun Life Financial Inc.,0.45,,firsttrust,complete,seed,2026-09-19 17:54 UTC,ok
FUD.A,TSX,First Trust AlphaDEX™ U.S. Dividend ETF (CAD-Hedged),First Trust,KMI,"Kinder Morgan, Inc.",0.45,,firsttrust,complete,yahoo,2026-09-19 17:54 UTC,ok
FUD.A,TSX,First Trust AlphaDEX™ U.S. Dividend ETF (CAD-Hedged),First Trust,ADR,Shell plc (ADR),0.45,,firsttrust,complete,name_embedded,2026-09-19 17:54 UTC,ok
FUD.A,TSX,First Trust AlphaDEX™ U.S. Dividend ETF (CAD-Hedged),First Trust,TEL,TE Connectivity Plc,0.45,,firsttrust,complete,yahoo,2026-09-19 17:54 UTC,ok
FUD.A,TSX,First Trust AlphaDEX™ U.S. Dividend ETF (CAD-Hedged),First Trust,TTE.PA,TotalEnergies SE,0.45,,firsttrust,complete,seed,2026-09-19 17:54 UTC,ok
FUD.A,TSX,First Trust AlphaDEX™ U.S. Dividend ETF (CAD-Hedged),First Trust,JNJ,Johnson & Johnson,0.44,,firsttrust,complete,seed,2026-09-19 17:54 UTC,ok
FUD.A,TSX,First Trust AlphaDEX™ U.S. Dividend ETF (CAD-Hedged),First Trust,MDT,Medtronic Plc,0.44,,firsttrust,complete,seed,2026-09-19 17:54 UTC,ok
FUD.A,TSX,First Trust AlphaDEX™ U.S. Dividend ETF (CAD-Hedged),First Trust,PG,The Procter & Gamble Company,0.44,,firsttrust,complete,yahoo,2026-09-19 17:54 UTC,ok
FUD.A,TSX,First Trust AlphaDEX™ U.S. Dividend ETF (CAD-Hedged),First Trust,NI,NiSource Inc.,0.44,,firsttrust,complete,yahoo,2026-09-19 17:54 UTC,ok
FUD.A,TSX,First Trust AlphaDEX™ U.S. Dividend ETF (CAD-Hedged),First Trust,PFE,Pfizer Inc.,0.44,,firsttrust,complete,seed,2026-09-19 17:54 UTC,ok
FUD.A,TSX,First Trust AlphaDEX™ U.S. Dividend ETF (CAD-Hedged),First Trust,NWBI,"Northwest Bancshares, Inc.",0.44,,firsttrust,complete,yahoo,2026-09-19 17:54 UTC,ok
FUD.A,TSX,First Trust AlphaDEX™ U.S. Dividend ETF (CAD-Hedged),First Trust,OGE,OGE Energy Corp.,0.44,,firsttrust,complete,yahoo,2026-09-19 17:54 UTC,ok
FUD.A,TSX,First Trust AlphaDEX™ U.S. Dividend ETF (CAD-Hedged),First Trust,CSCO,"Cisco Systems, Inc.",0.44,,firsttrust,complete,seed,2026-09-19 17:54 UTC,ok
FUD.A,TSX,First Trust AlphaDEX™ U.S. Dividend ETF (CAD-Hedged),First Trust,WTRG,"Essential Utilities, Inc.",0.44,,firsttrust,complete,yahoo,2026-09-19 17:54 UTC,ok
FUD.A,TSX,First Trust AlphaDEX™ U.S. Dividend ETF (CAD-Hedged),First Trust,NJR,New Jersey Resources Corporation,0.44,,firsttrust,complete,yahoo,2026-09-19 17:54 UTC,ok
FUD.A,TSX,First Trust AlphaDEX™ U.S. Dividend ETF (CAD-Hedged),First Trust,DGX,Quest Diagnostics Incorporated,0.44,,firsttrust,complete,yahoo,2026-09-19 17:54 UTC,ok
FUD.A,TSX,First Trust AlphaDEX™ U.S. Dividend ETF (CAD-Hedged),First Trust,RGA,"Reinsurance Group of America, Incorporated",0.44,,firsttrust,complete,yahoo,2026-09-19 17:54 UTC,ok
FUD.A,TSX,First Trust AlphaDEX™ U.S. Dividend ETF (CAD-Hedged),First Trust,BMO.TO,Bank of Montreal,0.44,,firsttrust,complete,seed,2026-09-19 17:54 UTC,ok
FUD.A,TSX,First Trust AlphaDEX™ U.S. Dividend ETF (CAD-Hedged),First Trust,MET,"MetLife, Inc.",0.44,,firsttrust,complete,yahoo,2026-09-19 17:54 UTC,ok
FUD.A,TSX,First Trust AlphaDEX™ U.S. Dividend ETF (CAD-Hedged),First Trust,RY,Royal Bank of Canada,0.44,,firsttrust,complete,seed,2026-09-19 17:54 UTC,ok
FUD.A,TSX,First Trust AlphaDEX™ U.S. Dividend ETF (CAD-Hedged),First Trust,TRP,TC Energy Corporation,0.44,,firsttrust,complete,yahoo,2026-09-19 17:54 UTC,ok
FUD.A,TSX,First Trust AlphaDEX™ U.S. Dividend ETF (CAD-Hedged),First Trust,CME,CME Group Inc.,0.44,,firsttrust,complete,yahoo,2026-09-19 17:54 UTC,ok
FUD.A,TSX,First Trust AlphaDEX™ U.S. Dividend ETF (CAD-Hedged),First Trust,THG,"The Hanover Insurance Group, Inc.",0.44,,firsttrust,complete,seed,2026-09-19 17:54 UTC,ok
FUD.A,TSX,First Trust AlphaDEX™ U.S. Dividend ETF (CAD-Hedged),First Trust,AXS,Axis Capital Holdings Limited,0.44,,firsttrust,complete,yahoo,2026-09-19 17:54 UTC,ok
FUD.A,TSX,First Trust AlphaDEX™ U.S. Dividend ETF (CAD-Hedged),First Trust,CM.TO,Canadian Imperial Bank of Commerce,0.44,,firsttrust,complete,seed,2026-09-19 17:54 UTC,ok
FUD.A,TSX,First Trust AlphaDEX™ U.S. Dividend ETF (CAD-Hedged),First Trust,ABBV,AbbVie Inc.,0.44,,firsttrust,complete,seed,2026-09-19 17:54 UTC,ok
FUD.A,TSX,First Trust AlphaDEX™ U.S. Dividend ETF (CAD-Hedged),First Trust,AZN.L,AstraZeneca Plc,0.44,,firsttrust,complete,seed,2026-09-19 17:54 UTC,ok
FUD.A,TSX,First Trust AlphaDEX™ U.S. Dividend ETF (CAD-Hedged),First Trust,XOM,ExxonMobil Holdings Corp.,0.44,,firsttrust,complete,seed,2026-09-19 17:54 UTC,ok
FUD.A,TSX,First Trust AlphaDEX™ U.S. Dividend ETF (CAD-Hedged),First Trust,CINF,Cincinnati Financial Corporation,0.43,,firsttrust,complete,yahoo,2026-09-19 17:54 UTC,ok
FUD.A,TSX,First Trust AlphaDEX™ U.S. Dividend ETF (CAD-Hedged),First Trust,MRK,"Merck & Co., Inc.",0.43,,firsttrust,complete,seed,2026-09-19 17:54 UTC,ok
FUD.A,TSX,First Trust AlphaDEX™ U.S. Dividend ETF (CAD-Hedged),First Trust,BKH,Black Hills Corporation,0.43,,firsttrust,complete,yahoo,2026-09-19 17:54 UTC,ok
FUD.A,TSX,First Trust AlphaDEX™ U.S. Dividend ETF (CAD-Hedged),First Trust,CNA,CNA Financial Corporation,0.43,,firsttrust,complete,yahoo,2026-09-19 17:54 UTC,ok
FUD.A,TSX,First Trust AlphaDEX™ U.S. Dividend ETF (CAD-Hedged),First Trust,JPM,JPMorgan Chase & Co.,0.43,,firsttrust,complete,seed,2026-09-19 17:54 UTC,ok
FUD.A,TSX,First Trust AlphaDEX™ U.S. Dividend ETF (CAD-Hedged),First Trust,AIG,"American International Group, Inc.",0.43,,firsttrust,complete,yahoo,2026-09-19 17:54 UTC,ok
FUD.A,TSX,First Trust AlphaDEX™ U.S. Dividend ETF (CAD-Hedged),First Trust,ADR,GSK plc (ADR),0.43,,firsttrust,complete,name_embedded,2026-09-19 17:54 UTC,ok
FUD.A,TSX,First Trust AlphaDEX™ U.S. Dividend ETF (CAD-Hedged),First Trust,ED,"Consolidated Edison, Inc.",0.43,,firsttrust,complete,yahoo,2026-09-19 17:54 UTC,ok
FUD.A,TSX,First Trust AlphaDEX™ U.S. Dividend ETF (CAD-Hedged),First Trust,AFL,Aflac Incorporated,0.43,,firsttrust,complete,yahoo,2026-09-19 17:54 UTC,ok
FUD.A,TSX,First Trust AlphaDEX™ U.S. Dividend ETF (CAD-Hedged),First Trust,TM,Toyota Motor Corporation,0.43,,firsttrust,complete,yahoo,2026-09-19 17:54 UTC,ok
FUD.A,TSX,First Trust AlphaDEX™ U.S. Dividend ETF (CAD-Hedged),First Trust,SJM,The J.M. Smucker Company,0.43,,firsttrust,complete,yahoo,2026-09-19 17:54 UTC,ok
FUD.A,TSX,First Trust AlphaDEX™ U.S. Dividend ETF (CAD-Hedged),First Trust,CBSH,"Commerce Bancshares, Inc.",0.43,,firsttrust,complete,yahoo,2026-09-19 17:54 UTC,ok
FUD.A,TSX,First Trust AlphaDEX™ U.S. Dividend ETF (CAD-Hedged),First Trust,AEP,"American Electric Power Company, Inc.",0.43,,firsttrust,complete,yahoo,2026-09-19 17:54 UTC,ok
FUD.A,TSX,First Trust AlphaDEX™ U.S. Dividend ETF (CAD-Hedged),First Trust,ADR,"Honda Motor Co., Ltd. (ADR)",0.43,,firsttrust,complete,name_embedded,2026-09-19 17:54 UTC,ok
FUD.A,TSX,First Trust AlphaDEX™ U.S. Dividend ETF (CAD-Hedged),First Trust,ADR,British American Tobacco Plc (ADR),0.43,,firsttrust,complete,name_embedded,2026-09-19 17:54 UTC,ok
FUD.A,TSX,First Trust AlphaDEX™ U.S. Dividend ETF (CAD-Hedged),First Trust,CB,Chubb Limited,0.43,,firsttrust,complete,yahoo,2026-09-19 17:54 UTC,ok
FUD.A,TSX,First Trust AlphaDEX™ U.S. Dividend ETF (CAD-Hedged),First Trust,ADR,HSBC Holdings plc (ADR),0.43,,firsttrust,complete,name_embedded,2026-09-19 17:54 UTC,ok
FUD.A,TSX,First Trust AlphaDEX™ U.S. Dividend ETF (CAD-Hedged),First Trust,FE,FirstEnergy Corp.,0.43,,firsttrust,complete,yahoo,2026-09-19 17:54 UTC,ok
FUD.A,TSX,First Trust AlphaDEX™ U.S. Dividend ETF (CAD-Hedged),First Trust,ENB.TO,Enbridge Inc.,0.43,,firsttrust,complete,seed,2026-09-19 17:54 UTC,ok
FUD.A,TSX,First Trust AlphaDEX™ U.S. Dividend ETF (CAD-Hedged),First Trust,NFG,National Fuel Gas Company,0.43,,firsttrust,complete,yahoo,2026-09-19 17:54 UTC,ok
FUD.A,TSX,First Trust AlphaDEX™ U.S. Dividend ETF (CAD-Hedged),First Trust,CNP,"CenterPoint Energy, Inc.",0.43,,firsttrust,complete,yahoo,2026-09-19 17:54 UTC,ok
FUD.A,TSX,First Trust AlphaDEX™ U.S. Dividend ETF (CAD-Hedged),First Trust,RSG,"Republic Services, Inc.",0.43,,firsttrust,complete,yahoo,2026-09-19 17:54 UTC,ok
FUD.A,TSX,First Trust AlphaDEX™ U.S. Dividend ETF (CAD-Hedged),First Trust,AFG,"American Financial Group, Inc.",0.43,,firsttrust,complete,seed,2026-09-19 17:54 UTC,ok
FUD.A,TSX,First Trust AlphaDEX™ U.S. Dividend ETF (CAD-Hedged),First Trust,PRU,"Prudential Financial, Inc.",0.43,,firsttrust,complete,yahoo,2026-09-19 17:54 UTC,ok
FUD.A,TSX,First Trust AlphaDEX™ U.S. Dividend ETF (CAD-Hedged),First Trust,ACN,Accenture plc,0.43,,firsttrust,complete,yahoo,2026-09-19 17:54 UTC,ok
FUD.A,TSX,First Trust AlphaDEX™ U.S. Dividend ETF (CAD-Hedged),First Trust,NWE,"NorthWestern Energy Group, Inc.",0.43,,firsttrust,complete,yahoo,2026-09-19 17:54 UTC,ok
FUD.A,TSX,First Trust AlphaDEX™ U.S. Dividend ETF (CAD-Hedged),First Trust,AIZ,"Assurant, Inc.",0.43,,firsttrust,complete,yahoo,2026-09-19 17:54 UTC,ok
FUD.A,TSX,First Trust AlphaDEX™ U.S. Dividend ETF (CAD-Hedged),First Trust,PM,Philip Morris International Inc.,0.43,,firsttrust,complete,seed,2026-09-19 17:54 UTC,ok
FUD.A,TSX,First Trust AlphaDEX™ U.S. Dividend ETF (CAD-Hedged),First Trust,AWK,"American Water Works Company, Inc.",0.43,,firsttrust,complete,yahoo,2026-09-19 17:54 UTC,ok
FUD.A,TSX,First Trust AlphaDEX™ U.S. Dividend ETF (CAD-Hedged),First Trust,CPK,Chesapeake Utilities Corporation,0.43,,firsttrust,complete,yahoo,2026-09-19 17:54 UTC,ok
FUD.A,TSX,First Trust AlphaDEX™ U.S. Dividend ETF (CAD-Hedged),First Trust,ADR,Anheuser-Busch InBev S.A./N.V. (ADR),0.43,,firsttrust,complete,name_embedded,2026-09-19 17:54 UTC,ok
FUD.A,TSX,First Trust AlphaDEX™ U.S. Dividend ETF (CAD-Hedged),First Trust,EMA.TO,Emera Incorporated,0.43,,firsttrust,complete,yahoo,2026-09-19 17:54 UTC,ok
FUD.A,TSX,First Trust AlphaDEX™ U.S. Dividend ETF (CAD-Hedged),First Trust,PRI,"Primerica, Inc.",0.43,,firsttrust,complete,yahoo,2026-09-19 17:54 UTC,ok
FUD.A,TSX,First Trust AlphaDEX™ U.S. Dividend ETF (CAD-Hedged),First Trust,PBA,Pembina Pipeline Corporation,0.43,,firsttrust,complete,yahoo,2026-09-19 17:54 UTC,ok
FUD.A,TSX,First Trust AlphaDEX™ U.S. Dividend ETF (CAD-Hedged),First Trust,FTS.TO,Fortis Inc.,0.43,,firsttrust,complete,seed,2026-09-19 17:54 UTC,ok
FUD.A,TSX,First Trust AlphaDEX™ U.S. Dividend ETF (CAD-Hedged),First Trust,EVRG,"Evergy, Inc.",0.43,,firsttrust,complete,yahoo,2026-09-19 17:54 UTC,ok
FUD.A,TSX,First Trust AlphaDEX™ U.S. Dividend ETF (CAD-Hedged),First Trust,VZ,Verizon Communications Inc.,0.42,,firsttrust,complete,seed,2026-09-19 17:54 UTC,ok
FUD.A,TSX,First Trust AlphaDEX™ U.S. Dividend ETF (CAD-Hedged),First Trust,KO,The Coca-Cola Company,0.42,,firsttrust,complete,yahoo,2026-09-19 17:54 UTC,ok
FUD.A,TSX,First Trust AlphaDEX™ U.S. Dividend ETF (CAD-Hedged),First Trust,ADP,"Automatic Data Processing, Inc.",0.42,,firsttrust,complete,seed,2026-09-19 17:54 UTC,ok
FUD.A,TSX,First Trust AlphaDEX™ U.S. Dividend ETF (CAD-Hedged),First Trust,MSI,"Motorola Solutions, Inc.",0.42,,firsttrust,complete,seed,2026-09-19 17:54 UTC,ok
FUD.A,TSX,First Trust AlphaDEX™ U.S. Dividend ETF (CAD-Hedged),First Trust,CTAS,Cintas Corporation,0.42,,firsttrust,complete,yahoo,2026-09-19 17:54 UTC,ok
FUD.A,TSX,First Trust AlphaDEX™ U.S. Dividend ETF (CAD-Hedged),First Trust,DUK,Duke Energy Corporation,0.42,,firsttrust,complete,yahoo,2026-09-19 17:54 UTC,ok
FUD.A,TSX,First Trust AlphaDEX™ U.S. Dividend ETF (CAD-Hedged),First Trust,ETR,Entergy Corporation,0.42,,firsttrust,complete,yahoo,2026-09-19 17:54 UTC,ok
FUD.A,TSX,First Trust AlphaDEX™ U.S. Dividend ETF (CAD-Hedged),First Trust,PPL,PPL Corporation,0.42,,firsttrust,complete,yahoo,2026-09-19 17:54 UTC,ok
FUD.A,TSX,First Trust AlphaDEX™ U.S. Dividend ETF (CAD-Hedged),First Trust,SO,The Southern Company,0.42,,firsttrust,complete,yahoo,2026-09-19 17:54 UTC,ok
FUD.A,TSX,First Trust AlphaDEX™ U.S. Dividend ETF (CAD-Hedged),First Trust,WEC,"WEC Energy Group, Inc.",0.42,,firsttrust,complete,yahoo,2026-09-19 17:54 UTC,ok
FUD.A,TSX,First Trust AlphaDEX™ U.S. Dividend ETF (CAD-Hedged),First Trust,IDA,"IDACORP, Inc.",0.42,,firsttrust,complete,yahoo,2026-09-19 17:54 UTC,ok
FUD.A,TSX,First Trust AlphaDEX™ U.S. Dividend ETF (CAD-Hedged),First Trust,EMR,Emerson Electric Co.,0.42,,firsttrust,complete,seed,2026-09-19 17:54 UTC,ok
FUD.A,TSX,First Trust AlphaDEX™ U.S. Dividend ETF (CAD-Hedged),First Trust,NEE,"NextEra Energy, Inc.",0.42,,firsttrust,complete,seed,2026-09-19 17:54 UTC,ok
FUD.A,TSX,First Trust AlphaDEX™ U.S. Dividend ETF (CAD-Hedged),First Trust,PEG,Public Service Enterprise Group Incorporated,0.42,,firsttrust,complete,yahoo,2026-09-19 17:54 UTC,ok
FUD.A,TSX,First Trust AlphaDEX™ U.S. Dividend ETF (CAD-Hedged),First Trust,ATO,Atmos Energy Corporation,0.42,,firsttrust,complete,yahoo,2026-09-19 17:54 UTC,ok
FUD.A,TSX,First Trust AlphaDEX™ U.S. Dividend ETF (CAD-Hedged),First Trust,D,"Dominion Energy, Inc.",0.42,,firsttrust,complete,yahoo,2026-09-19 17:54 UTC,ok
FUD.A,TSX,First Trust AlphaDEX™ U.S. Dividend ETF (CAD-Hedged),First Trust,ITW,Illinois Tool Works Inc.,0.42,,firsttrust,complete,yahoo,2026-09-19 17:54 UTC,ok
FUD.A,TSX,First Trust AlphaDEX™ U.S. Dividend ETF (CAD-Hedged),First Trust,DTE,DTE Energy Company,0.42,,firsttrust,complete,yahoo,2026-09-19 17:54 UTC,ok
FUD.A,TSX,First Trust AlphaDEX™ U.S. Dividend ETF (CAD-Hedged),First Trust,ES,Eversource Energy,0.42,,firsttrust,complete,yahoo,2026-09-19 17:54 UTC,ok
FUD.A,TSX,First Trust AlphaDEX™ U.S. Dividend ETF (CAD-Hedged),First Trust,BDX,"Becton, Dickinson and Company",0.42,,firsttrust,complete,yahoo,2026-09-19 17:54 UTC,ok
FUD.A,TSX,First Trust AlphaDEX™ U.S. Dividend ETF (CAD-Hedged),First Trust,ADR,Unilever PLC (ADR),0.42,,firsttrust,complete,name_embedded,2026-09-19 17:54 UTC,ok
FUD.A,TSX,First Trust AlphaDEX™ U.S. Dividend ETF (CAD-Hedged),First Trust,PNW,Pinnacle West Capital Corporation,0.42,,firsttrust,complete,yahoo,2026-09-19 17:54 UTC,ok
FUD.A,TSX,First Trust AlphaDEX™ U.S. Dividend ETF (CAD-Hedged),First Trust,PNC,"The PNC Financial Services Group, Inc.",0.42,,firsttrust,complete,yahoo,2026-09-19 17:54 UTC,ok
FUD.A,TSX,First Trust AlphaDEX™ U.S. Dividend ETF (CAD-Hedged),First Trust,FAST,Fastenal Company,0.42,,firsttrust,complete,yahoo,2026-09-19 17:54 UTC,ok
FUD.A,TSX,First Trust AlphaDEX™ U.S. Dividend ETF (CAD-Hedged),First Trust,CL,Colgate-Palmolive Company,0.42,,firsttrust,complete,yahoo,2026-09-19 17:54 UTC,ok
FUD.A,TSX,First Trust AlphaDEX™ U.S. Dividend ETF (CAD-Hedged),First Trust,SNA,Snap-on Incorporated,0.42,,firsttrust,complete,yahoo,2026-09-19 17:54 UTC,ok
FUD.A,TSX,First Trust AlphaDEX™ U.S. Dividend ETF (CAD-Hedged),First Trust,GGG,Graco Inc.,0.42,,firsttrust,complete,yahoo,2026-09-19 17:54 UTC,ok
FUD.A,TSX,First Trust AlphaDEX™ U.S. Dividend ETF (CAD-Hedged),First Trust,HON,Honeywell International Inc.,0.42,,firsttrust,complete,yahoo,2026-09-19 17:54 UTC,ok
FUD.A,TSX,First Trust AlphaDEX™ U.S. Dividend ETF (CAD-Hedged),First Trust,ALL,The Allstate Corporation,0.42,,firsttrust,complete,yahoo,2026-09-19 17:54 UTC,ok
FUD.A,TSX,First Trust AlphaDEX™ U.S. Dividend ETF (CAD-Hedged),First Trust,LMT,Lockheed Martin Corporation,0.42,,firsttrust,complete,yahoo,2026-09-19 17:54 UTC,ok
FUD.A,TSX,First Trust AlphaDEX™ U.S. Dividend ETF (CAD-Hedged),First Trust,HIG,"The Hartford Insurance Group, Inc.",0.42,,firsttrust,complete,yahoo,2026-09-19 17:54 UTC,ok
FUD.A,TSX,First Trust AlphaDEX™ U.S. Dividend ETF (CAD-Hedged),First Trust,BNY,The Bank of New York Mellon Corporation,0.42,,firsttrust,complete,yahoo,2026-09-19 17:54 UTC,ok
FUD.A,TSX,First Trust AlphaDEX™ U.S. Dividend ETF (CAD-Hedged),First Trust,HUBB,Hubbell Incorporated,0.42,,firsttrust,complete,yahoo,2026-09-19 17:54 UTC,ok
FUD.A,TSX,First Trust AlphaDEX™ U.S. Dividend ETF (CAD-Hedged),First Trust,EXC,Exelon Corporation,0.42,,firsttrust,complete,yahoo,2026-09-19 17:54 UTC,ok
FUD.A,TSX,First Trust AlphaDEX™ U.S. Dividend ETF (CAD-Hedged),First Trust,SEIC,SEI Investments Company,0.42,,firsttrust,complete,yahoo,2026-09-19 17:54 UTC,ok
FUD.A,TSX,First Trust AlphaDEX™ U.S. Dividend ETF (CAD-Hedged),First Trust,STT,State Street Corporation,0.42,,firsttrust,complete,yahoo,2026-09-19 17:54 UTC,ok
FUD.A,TSX,First Trust AlphaDEX™ U.S. Dividend ETF (CAD-Hedged),First Trust,WELL,Welltower Inc.,0.42,,firsttrust,complete,seed,2026-09-19 17:54 UTC,ok
FUD.A,TSX,First Trust AlphaDEX™ U.S. Dividend ETF (CAD-Hedged),First Trust,CMS,CMS Energy Corporation,0.42,,firsttrust,complete,yahoo,2026-09-19 17:54 UTC,ok
FUD.A,TSX,First Trust AlphaDEX™ U.S. Dividend ETF (CAD-Hedged),First Trust,ORI,Old Republic International Corporation,0.42,,firsttrust,complete,yahoo,2026-09-19 17:54 UTC,ok
FUD.A,TSX,First Trust AlphaDEX™ U.S. Dividend ETF (CAD-Hedged),First Trust,IEX,IDEX Corporation,0.42,,firsttrust,complete,yahoo,2026-09-19 17:54 UTC,ok
FUD.A,TSX,First Trust AlphaDEX™ U.S. Dividend ETF (CAD-Hedged),First Trust,USB,U.S. Bancorp,0.42,,firsttrust,complete,seed,2026-09-19 17:54 UTC,ok
FUD.A,TSX,First Trust AlphaDEX™ U.S. Dividend ETF (CAD-Hedged),First Trust,SR,Spire Inc.,0.42,,firsttrust,complete,yahoo,2026-09-19 17:54 UTC,ok
FUD.A,TSX,First Trust AlphaDEX™ U.S. Dividend ETF (CAD-Hedged),First Trust,DMC,Del Monte Corp.,0.42,,firsttrust,complete,yahoo,2026-09-19 17:54 UTC,ok
FUD.A,TSX,First Trust AlphaDEX™ U.S. Dividend ETF (CAD-Hedged),First Trust,NOC,Northrop Grumman Corporation,0.42,,firsttrust,complete,yahoo,2026-09-19 17:54 UTC,ok
FUD.A,TSX,First Trust AlphaDEX™ U.S. Dividend ETF (CAD-Hedged),First Trust,LNT,Alliant Energy Corporation,0.42,,firsttrust,complete,yahoo,2026-09-19 17:54 UTC,ok
FUD.A,TSX,First Trust AlphaDEX™ U.S. Dividend ETF (CAD-Hedged),First Trust,CTSH,Cognizant Technology Solutions Corporation,0.42,,firsttrust,complete,yahoo,2026-09-19 17:54 UTC,ok
FUD.A,TSX,First Trust AlphaDEX™ U.S. Dividend ETF (CAD-Hedged),First Trust,DOX,Amdocs Limited,0.42,,firsttrust,complete,yahoo,2026-09-19 17:54 UTC,ok
FUD.A,TSX,First Trust AlphaDEX™ U.S. Dividend ETF (CAD-Hedged),First Trust,AEE,Ameren Corporation,0.42,,firsttrust,complete,yahoo,2026-09-19 17:54 UTC,ok
FUD.A,TSX,First Trust AlphaDEX™ U.S. Dividend ETF (CAD-Hedged),First Trust,RCI-B.TO,Rogers Communications Inc. (Class B),0.42,,firsttrust,complete,yahoo,2026-09-19 17:54 UTC,ok
FUD.A,TSX,First Trust AlphaDEX™ U.S. Dividend ETF (CAD-Hedged),First Trust,AGO,Assured Guaranty Ltd.,0.42,,firsttrust,complete,yahoo,2026-09-19 17:54 UTC,ok
FUD.A,TSX,First Trust AlphaDEX™ U.S. Dividend ETF (CAD-Hedged),First Trust,MSA,MSA Safety Incorporated,0.42,,firsttrust,complete,yahoo,2026-09-19 17:54 UTC,ok
FUD.A,TSX,First Trust AlphaDEX™ U.S. Dividend ETF (CAD-Hedged),First Trust,AVA,Avista Corporation,0.42,,firsttrust,complete,yahoo,2026-09-19 17:54 UTC,ok
FUD.A,TSX,First Trust AlphaDEX™ U.S. Dividend ETF (CAD-Hedged),First Trust,ICE,"Intercontinental Exchange, Inc.",0.42,,firsttrust,complete,seed,2026-09-19 17:54 UTC,ok
FUD.A,TSX,First Trust AlphaDEX™ U.S. Dividend ETF (CAD-Hedged),First Trust,NDAQ,"Nasdaq, Inc.",0.42,,firsttrust,complete,yahoo,2026-09-19 17:54 UTC,ok
FUD.A,TSX,First Trust AlphaDEX™ U.S. Dividend ETF (CAD-Hedged),First Trust,POR,Portland General Electric Company,0.42,,firsttrust,complete,yahoo,2026-09-19 17:54 UTC,ok
FUD.A,TSX,First Trust AlphaDEX™ U.S. Dividend ETF (CAD-Hedged),First Trust,REG,Regency Centers Corporation,0.42,,firsttrust,complete,yahoo,2026-09-19 17:54 UTC,ok
FUD.A,TSX,First Trust AlphaDEX™ U.S. Dividend ETF (CAD-Hedged),First Trust,KDP,Keurig Dr Pepper Inc.,0.42,,firsttrust,complete,seed,2026-09-19 17:54 UTC,ok
FUD.A,TSX,First Trust AlphaDEX™ U.S. Dividend ETF (CAD-Hedged),First Trust,SSNC,"SS&C Technologies Holdings, Inc.",0.42,,firsttrust,complete,yahoo,2026-09-19 17:54 UTC,ok
FUD.A,TSX,First Trust AlphaDEX™ U.S. Dividend ETF (CAD-Hedged),First Trust,KHC,The Kraft Heinz Company,0.42,,firsttrust,complete,yahoo,2026-09-19 17:54 UTC,ok
FUD.A,TSX,First Trust AlphaDEX™ U.S. Dividend ETF (CAD-Hedged),First Trust,SWX,"Southwest Gas Holdings, Inc.",0.42,,firsttrust,complete,yahoo,2026-09-19 17:54 UTC,ok
FUD.A,TSX,First Trust AlphaDEX™ U.S. Dividend ETF (CAD-Hedged),First Trust,NWN,Northwest Natural Holding Company,0.42,,firsttrust,complete,yahoo,2026-09-19 17:54 UTC,ok
FUD.A,TSX,First Trust AlphaDEX™ U.S. Dividend ETF (CAD-Hedged),First Trust,OTIS,Otis Worldwide Corporation,0.42,,firsttrust,complete,yahoo,2026-09-19 17:54 UTC,ok
FUD.A,TSX,First Trust AlphaDEX™ U.S. Dividend ETF (CAD-Hedged),First Trust,J,Jacobs Solutions Inc.,0.42,,firsttrust,complete,yahoo,2026-09-19 17:54 UTC,ok
FUD.A,TSX,First Trust AlphaDEX™ U.S. Dividend ETF (CAD-Hedged),First Trust,BMY,Bristol-Myers Squibb Company,0.41,,firsttrust,complete,yahoo,2026-09-19 17:54 UTC,ok
FUD.A,TSX,First Trust AlphaDEX™ U.S. Dividend ETF (CAD-Hedged),First Trust,XEL,Xcel Energy Inc.,0.41,,firsttrust,complete,yahoo,2026-09-19 17:54 UTC,ok
FUD.A,TSX,First Trust AlphaDEX™ U.S. Dividend ETF (CAD-Hedged),First Trust,VTR,"Ventas, Inc.",0.41,,firsttrust,complete,yahoo,2026-09-19 17:54 UTC,ok
FUD.A,TSX,First Trust AlphaDEX™ U.S. Dividend ETF (CAD-Hedged),First Trust,RTX,RTX Corporation,0.41,,firsttrust,complete,yahoo,2026-09-19 17:54 UTC,ok
FUD.A,TSX,First Trust AlphaDEX™ U.S. Dividend ETF (CAD-Hedged),First Trust,AWR,American States Water Company,0.41,,firsttrust,complete,yahoo,2026-09-19 17:54 UTC,ok
FUD.A,TSX,First Trust AlphaDEX™ U.S. Dividend ETF (CAD-Hedged),First Trust,WM,"Waste Management, Inc.",0.41,,firsttrust,complete,seed,2026-09-19 17:54 UTC,ok
FUD.A,TSX,First Trust AlphaDEX™ U.S. Dividend ETF (CAD-Hedged),First Trust,BCE.TO,BCE Inc.,0.41,,firsttrust,complete,seed,2026-09-19 17:54 UTC,ok
FUD.A,TSX,First Trust AlphaDEX™ U.S. Dividend ETF (CAD-Hedged),First Trust,SYY,Sysco Corporation,0.41,,firsttrust,complete,yahoo,2026-09-19 17:54 UTC,ok
FUD.A,TSX,First Trust AlphaDEX™ U.S. Dividend ETF (CAD-Hedged),First Trust,NDSN,Nordson Corporation,0.41,,firsttrust,complete,yahoo,2026-09-19 17:54 UTC,ok
FUD.A,TSX,First Trust AlphaDEX™ U.S. Dividend ETF (CAD-Hedged),First Trust,RPM,RPM International Inc.,0.41,,firsttrust,complete,yahoo,2026-09-19 17:54 UTC,ok
FUD.A,TSX,First Trust AlphaDEX™ U.S. Dividend ETF (CAD-Hedged),First Trust,SHW,The Sherwin-Williams Company,0.41,,firsttrust,complete,yahoo,2026-09-19 17:54 UTC,ok
FUD.A,TSX,First Trust AlphaDEX™ U.S. Dividend ETF (CAD-Hedged),First Trust,PPG,"PPG Industries, Inc.",0.41,,firsttrust,complete,yahoo,2026-09-19 17:54 UTC,ok
FUD.A,TSX,First Trust AlphaDEX™ U.S. Dividend ETF (CAD-Hedged),First Trust,DCI,"Donaldson Company, Inc.",0.41,,firsttrust,complete,yahoo,2026-09-19 17:54 UTC,ok
FUD.A,TSX,First Trust AlphaDEX™ U.S. Dividend ETF (CAD-Hedged),First Trust,BAC,Bank of America Corporation,0.41,,firsttrust,complete,yahoo,2026-09-19 17:54 UTC,ok
FUD.A,TSX,First Trust AlphaDEX™ U.S. Dividend ETF (CAD-Hedged),First Trust,ATR,"AptarGroup, Inc.",0.41,,firsttrust,complete,yahoo,2026-09-19 17:54 UTC,ok
FUD.A,TSX,First Trust AlphaDEX™ U.S. Dividend ETF (CAD-Hedged),First Trust,ESS,"Essex Property Trust, Inc.",0.41,,firsttrust,complete,yahoo,2026-09-19 17:54 UTC,ok
FUD.A,TSX,First Trust AlphaDEX™ U.S. Dividend ETF (CAD-Hedged),First Trust,PAYX,"Paychex, Inc.",0.41,,firsttrust,complete,yahoo,2026-09-19 17:54 UTC,ok
FUD.A,TSX,First Trust AlphaDEX™ U.S. Dividend ETF (CAD-Hedged),First Trust,MS,Morgan Stanley,0.41,,firsttrust,complete,seed,2026-09-19 17:54 UTC,ok
FUD.A,TSX,First Trust AlphaDEX™ U.S. Dividend ETF (CAD-Hedged),First Trust,TROW,"T. Rowe Price Group, Inc.",0.41,,firsttrust,complete,seed,2026-09-19 17:54 UTC,ok
FUD.A,TSX,First Trust AlphaDEX™ U.S. Dividend ETF (CAD-Hedged),First Trust,SUI,"Sun Communities, Inc.",0.41,,firsttrust,complete,yahoo,2026-09-19 17:54 UTC,ok
FUD.A,TSX,First Trust AlphaDEX™ U.S. Dividend ETF (CAD-Hedged),First Trust,ECL,Ecolab Inc.,0.41,,firsttrust,complete,seed,2026-09-19 17:54 UTC,ok
FUD.A,TSX,First Trust AlphaDEX™ U.S. Dividend ETF (CAD-Hedged),First Trust,KIM,Kimco Realty Corporation,0.41,,firsttrust,complete,yahoo,2026-09-19 17:54 UTC,ok
FUD.A,TSX,First Trust AlphaDEX™ U.S. Dividend ETF (CAD-Hedged),First Trust,SIGI,"Selective Insurance Group, Inc.",0.41,,firsttrust,complete,yahoo,2026-09-19 17:54 UTC,ok
FUD.A,TSX,First Trust AlphaDEX™ U.S. Dividend ETF (CAD-Hedged),First Trust,CMI,Cummins Inc.,0.41,,firsttrust,complete,yahoo,2026-09-19 17:54 UTC,ok
FUD.A,TSX,First Trust AlphaDEX™ U.S. Dividend ETF (CAD-Hedged),First Trust,CHD,"Church & Dwight Co., Inc.",0.41,,firsttrust,complete,yahoo,2026-09-19 17:54 UTC,ok
FUD.A,TSX,First Trust AlphaDEX™ U.S. Dividend ETF (CAD-Hedged),First Trust,LHX,"L3Harris Technologies, Inc.",0.41,,firsttrust,complete,yahoo,2026-09-19 17:54 UTC,ok
FUD.A,TSX,First Trust AlphaDEX™ U.S. Dividend ETF (CAD-Hedged),First Trust,GD,General Dynamics Corporation,0.41,,firsttrust,complete,yahoo,2026-09-19 17:54 UTC,ok
FUD.A,TSX,First Trust AlphaDEX™ U.S. Dividend ETF (CAD-Hedged),First Trust,CNI,Canadian National Railway Company,0.41,,firsttrust,complete,yahoo,2026-09-19 17:54 UTC,ok
FUD.A,TSX,First Trust AlphaDEX™ U.S. Dividend ETF (CAD-Hedged),First Trust,MDLZ,"Mondelez International, Inc.",0.41,,firsttrust,complete,yahoo,2026-09-19 17:54 UTC,ok
FUD.A,TSX,First Trust AlphaDEX™ U.S. Dividend ETF (CAD-Hedged),First Trust,APD,"Air Products and Chemicals, Inc.",0.41,,firsttrust,complete,seed,2026-09-19 17:54 UTC,ok
FUD.A,TSX,First Trust AlphaDEX™ U.S. Dividend ETF (CAD-Hedged),First Trust,FRT,Federal Realty Investment Trust,0.41,,firsttrust,complete,yahoo,2026-09-19 17:54 UTC,ok
FUD.A,TSX,First Trust AlphaDEX™ U.S. Dividend ETF (CAD-Hedged),First Trust,ADR,Sanofi (ADR),0.41,,firsttrust,complete,name_embedded,2026-09-19 17:54 UTC,ok
FUD.A,TSX,First Trust AlphaDEX™ U.S. Dividend ETF (CAD-Hedged),First Trust,FELE,"Franklin Electric Co., Inc.",0.41,,firsttrust,complete,yahoo,2026-09-19 17:54 UTC,ok
FUD.A,TSX,First Trust AlphaDEX™ U.S. Dividend ETF (CAD-Hedged),First Trust,CWT,California Water Service Group,0.41,,firsttrust,complete,yahoo,2026-09-19 17:54 UTC,ok
FUD.A,TSX,First Trust AlphaDEX™ U.S. Dividend ETF (CAD-Hedged),First Trust,ADR,Rio Tinto plc (ADR),0.41,,firsttrust,complete,name_embedded,2026-09-19 17:54 UTC,ok
FUD.A,TSX,First Trust AlphaDEX™ U.S. Dividend ETF (CAD-Hedged),First Trust,PKG,Packaging Corporation of America,0.41,,firsttrust,complete,yahoo,2026-09-19 17:54 UTC,ok
FUD.A,TSX,First Trust AlphaDEX™ U.S. Dividend ETF (CAD-Hedged),First Trust,STN,Stantec Inc.,0.41,,firsttrust,complete,yahoo,2026-09-19 17:54 UTC,ok
FUD.A,TSX,First Trust AlphaDEX™ U.S. Dividend ETF (CAD-Hedged),First Trust,MGEE,"MGE Energy, Inc.",0.41,,firsttrust,complete,yahoo,2026-09-19 17:54 UTC,ok
FUD.A,TSX,First Trust AlphaDEX™ U.S. Dividend ETF (CAD-Hedged),First Trust,WPY.MU,W.P. Carey Inc.,0.41,,firsttrust,complete,yahoo,2026-09-19 17:54 UTC,ok
FUD.A,TSX,First Trust AlphaDEX™ U.S. Dividend ETF (CAD-Hedged),First Trust,OGS,"ONE Gas, Inc.",0.41,,firsttrust,complete,yahoo,2026-09-19 17:54 UTC,ok
FUD.A,TSX,First Trust AlphaDEX™ U.S. Dividend ETF (CAD-Hedged),First Trust,LIN,Linde Plc,0.41,,firsttrust,complete,seed,2026-09-19 17:54 UTC,ok
FUD.A,TSX,First Trust AlphaDEX™ U.S. Dividend ETF (CAD-Hedged),First Trust,ADR,"America Movil, S.A.B. de C.V. (ADR)",0.41,,firsttrust,complete,name_embedded,2026-09-19 17:54 UTC,ok
FUD.A,TSX,First Trust AlphaDEX™ U.S. Dividend ETF (CAD-Hedged),First Trust,MCD,McDonald's Corporation,0.4,,firsttrust,complete,yahoo,2026-09-19 17:54 UTC,ok
FUD.A,TSX,First Trust AlphaDEX™ U.S. Dividend ETF (CAD-Hedged),First Trust,UNP,Union Pacific Corporation,0.4,,firsttrust,complete,yahoo,2026-09-19 17:54 UTC,ok
FUD.A,TSX,First Trust AlphaDEX™ U.S. Dividend ETF (CAD-Hedged),First Trust,CSX,CSX Corporation,0.4,,firsttrust,complete,yahoo,2026-09-19 17:54 UTC,ok
FUD.A,TSX,First Trust AlphaDEX™ U.S. Dividend ETF (CAD-Hedged),First Trust,TJX,"The TJX Companies, Inc.",0.4,,firsttrust,complete,yahoo,2026-09-19 17:54 UTC,ok
FUD.A,TSX,First Trust AlphaDEX™ U.S. Dividend ETF (CAD-Hedged),First Trust,CPT,Camden Property Trust,0.4,,firsttrust,complete,yahoo,2026-09-19 17:54 UTC,ok
FUD.A,TSX,First Trust AlphaDEX™ U.S. Dividend ETF (CAD-Hedged),First Trust,AVY,Avery Dennison Corporation,0.4,,firsttrust,complete,yahoo,2026-09-19 17:54 UTC,ok
FUD.A,TSX,First Trust AlphaDEX™ U.S. Dividend ETF (CAD-Hedged),First Trust,PSA,Public Storage,0.4,,firsttrust,complete,yahoo,2026-09-19 17:54 UTC,ok
FUD.A,TSX,First Trust AlphaDEX™ U.S. Dividend ETF (CAD-Hedged),First Trust,VMRK,Vivmark Residential,0.4,,firsttrust,complete,yahoo,2026-09-19 17:54 UTC,ok
FUD.A,TSX,First Trust AlphaDEX™ U.S. Dividend ETF (CAD-Hedged),First Trust,JKHY,"Jack Henry & Associates, Inc.",0.4,,firsttrust,complete,yahoo,2026-09-19 17:54 UTC,ok
FUD.A,TSX,First Trust AlphaDEX™ U.S. Dividend ETF (CAD-Hedged),First Trust,GS,"The Goldman Sachs Group, Inc.",0.4,,firsttrust,complete,seed,2026-09-19 17:54 UTC,ok
FUD.A,TSX,First Trust AlphaDEX™ U.S. Dividend ETF (CAD-Hedged),First Trust,DOV,Dover Corporation,0.4,,firsttrust,complete,yahoo,2026-09-19 17:54 UTC,ok
FUD.A,TSX,First Trust AlphaDEX™ U.S. Dividend ETF (CAD-Hedged),First Trust,INGR,Ingredion Incorporated,0.4,,firsttrust,complete,yahoo,2026-09-19 17:54 UTC,ok
FUD.A,TSX,First Trust AlphaDEX™ U.S. Dividend ETF (CAD-Hedged),First Trust,LECO,"Lincoln Electric Holdings, Inc.",0.4,,firsttrust,complete,yahoo,2026-09-19 17:54 UTC,ok
FUD.A,TSX,First Trust AlphaDEX™ U.S. Dividend ETF (CAD-Hedged),First Trust,ADR,Infosys Limited (ADR),0.4,,firsttrust,complete,name_embedded,2026-09-19 17:54 UTC,ok
FUD.A,TSX,First Trust AlphaDEX™ U.S. Dividend ETF (CAD-Hedged),First Trust,ELS,"Equity Lifestyle Properties, Inc.",0.4,,firsttrust,complete,yahoo,2026-09-19 17:54 UTC,ok
FUD.A,TSX,First Trust AlphaDEX™ U.S. Dividend ETF (CAD-Hedged),First Trust,TMUS,"T-Mobile US, Inc.",0.4,,firsttrust,complete,yahoo,2026-09-19 17:54 UTC,ok
FUD.A,TSX,First Trust AlphaDEX™ U.S. Dividend ETF (CAD-Hedged),First Trust,GLPI,"Gaming and Leisure Properties, Inc.",0.4,,firsttrust,complete,yahoo,2026-09-19 17:54 UTC,ok
FUD.A,TSX,First Trust AlphaDEX™ U.S. Dividend ETF (CAD-Hedged),First Trust,CCEP,Coca-Cola European Partners Plc,0.4,,firsttrust,complete,seed,2026-09-19 17:54 UTC,ok
FUD.A,TSX,First Trust AlphaDEX™ U.S. Dividend ETF (CAD-Hedged),First Trust,KVUE,Kenvue Inc.,0.4,,firsttrust,complete,yahoo,2026-09-19 17:54 UTC,ok
FUD.A,TSX,First Trust AlphaDEX™ U.S. Dividend ETF (CAD-Hedged),First Trust,BLK,"BlackRock, Inc.",0.4,,firsttrust,complete,seed,2026-09-19 17:54 UTC,ok
FUD.A,TSX,First Trust AlphaDEX™ U.S. Dividend ETF (CAD-Hedged),First Trust,ABT,Abbott Laboratories,0.39,,firsttrust,complete,seed,2026-09-19 17:54 UTC,ok
FUD.A,TSX,First Trust AlphaDEX™ U.S. Dividend ETF (CAD-Hedged),First Trust,HD,"The Home Depot, Inc.",0.39,,firsttrust,complete,seed,2026-09-19 17:54 UTC,ok
FUD.A,TSX,First Trust AlphaDEX™ U.S. Dividend ETF (CAD-Hedged),First Trust,NSC,Norfolk Southern Corporation,0.39,,firsttrust,complete,yahoo,2026-09-19 17:54 UTC,ok
FUD.A,TSX,First Trust AlphaDEX™ U.S. Dividend ETF (CAD-Hedged),First Trust,GIS,"General Mills, Inc.",0.39,,firsttrust,complete,seed,2026-09-19 17:54 UTC,ok
FUD.A,TSX,First Trust AlphaDEX™ U.S. Dividend ETF (CAD-Hedged),First Trust,KMB,Kimberly-Clark Corporation,0.39,,firsttrust,complete,yahoo,2026-09-19 17:54 UTC,ok
FUD.A,TSX,First Trust AlphaDEX™ U.S. Dividend ETF (CAD-Hedged),First Trust,PCAR,PACCAR Inc,0.39,,firsttrust,complete,yahoo,2026-09-19 17:54 UTC,ok
FUD.A,TSX,First Trust AlphaDEX™ U.S. Dividend ETF (CAD-Hedged),First Trust,PEP,"PepsiCo, Inc.",0.39,,firsttrust,complete,seed,2026-09-19 17:54 UTC,ok
FUD.A,TSX,First Trust AlphaDEX™ U.S. Dividend ETF (CAD-Hedged),First Trust,HSY,The Hershey Company,0.39,,firsttrust,complete,yahoo,2026-09-19 17:54 UTC,ok
FUD.A,TSX,First Trust AlphaDEX™ U.S. Dividend ETF (CAD-Hedged),First Trust,UDR,"UDR, Inc.",0.39,,firsttrust,complete,yahoo,2026-09-19 17:54 UTC,ok
FUD.A,TSX,First Trust AlphaDEX™ U.S. Dividend ETF (CAD-Hedged),First Trust,BRC,Brady Corporation,0.39,,firsttrust,complete,yahoo,2026-09-19 17:54 UTC,ok
FUD.A,TSX,First Trust AlphaDEX™ U.S. Dividend ETF (CAD-Hedged),First Trust,ADR,Novartis AG (ADR),0.39,,firsttrust,complete,name_embedded,2026-09-19 17:54 UTC,ok
FUD.A,TSX,First Trust AlphaDEX™ U.S. Dividend ETF (CAD-Hedged),First Trust,YUM,"Yum! Brands, Inc.",0.39,,firsttrust,complete,yahoo,2026-09-19 17:54 UTC,ok
FUD.A,TSX,First Trust AlphaDEX™ U.S. Dividend ETF (CAD-Hedged),First Trust,LOW,"Lowe's Companies, Inc.",0.39,,firsttrust,complete,yahoo,2026-09-19 17:54 UTC,ok
FUD.A,TSX,First Trust AlphaDEX™ U.S. Dividend ETF (CAD-Hedged),First Trust,MRSH,"Marsh & McLennan Companies, Inc.",0.39,,firsttrust,complete,yahoo,2026-09-19 17:54 UTC,ok
FUD.A,TSX,First Trust AlphaDEX™ U.S. Dividend ETF (CAD-Hedged),First Trust,O,Realty Income Corporation,0.39,,firsttrust,complete,yahoo,2026-09-19 17:54 UTC,ok
FUD.A,TSX,First Trust AlphaDEX™ U.S. Dividend ETF (CAD-Hedged),First Trust,ADR,Diageo plc (ADR),0.39,,firsttrust,complete,name_embedded,2026-09-19 17:54 UTC,ok
FUD.A,TSX,First Trust AlphaDEX™ U.S. Dividend ETF (CAD-Hedged),First Trust,AJG,Arthur J. Gallagher & Co.,0.39,,firsttrust,complete,yahoo,2026-09-19 17:54 UTC,ok
FUD.A,TSX,First Trust AlphaDEX™ U.S. Dividend ETF (CAD-Hedged),First Trust,RLI,RLI Corp.,0.39,,firsttrust,complete,yahoo,2026-09-19 17:54 UTC,ok
FUD.A,TSX,First Trust AlphaDEX™ U.S. Dividend ETF (CAD-Hedged),First Trust,FHI,"Federated Hermes, Inc. (Class B)",0.39,,firsttrust,complete,yahoo,2026-09-19 17:54 UTC,ok
FUD.A,TSX,First Trust AlphaDEX™ U.S. Dividend ETF (CAD-Hedged),First Trust,MAA,"Mid-America Apartment Communities, Inc.",0.39,,firsttrust,complete,yahoo,2026-09-19 17:54 UTC,ok
FUD.A,TSX,First Trust AlphaDEX™ U.S. Dividend ETF (CAD-Hedged),First Trust,BR,"Broadridge Financial Solutions, Inc.",0.39,,firsttrust,complete,yahoo,2026-09-19 17:54 UTC,ok
FUD.A,TSX,First Trust AlphaDEX™ U.S. Dividend ETF (CAD-Hedged),First Trust,CBOE,"Cboe Global Markets, Inc.",0.39,,firsttrust,complete,yahoo,2026-09-19 17:54 UTC,ok
FUD.A,TSX,First Trust AlphaDEX™ U.S. Dividend ETF (CAD-Hedged),First Trust,WTY.MU,Willis Towers Watson Plc,0.39,,firsttrust,complete,yahoo,2026-09-19 17:54 UTC,ok
FUD.A,TSX,First Trust AlphaDEX™ U.S. Dividend ETF (CAD-Hedged),First Trust,T.TO,TELUS Corporation,0.39,,firsttrust,complete,yahoo,2026-09-19 17:54 UTC,ok
FUD.A,TSX,First Trust AlphaDEX™ U.S. Dividend ETF (CAD-Hedged),First Trust,AMH,American Homes 4 Rent (Class A),0.39,,firsttrust,complete,yahoo,2026-09-19 17:54 UTC,ok
FUD.A,TSX,First Trust AlphaDEX™ U.S. Dividend ETF (CAD-Hedged),First Trust,INVH,Invitation Homes Inc.,0.39,,firsttrust,complete,yahoo,2026-09-19 17:54 UTC,ok
FUD.A,TSX,First Trust AlphaDEX™ U.S. Dividend ETF (CAD-Hedged),First Trust,VICI,VICI Properties Inc.,0.39,,firsttrust,complete,yahoo,2026-09-19 17:54 UTC,ok
FUD.A,TSX,First Trust AlphaDEX™ U.S. Dividend ETF (CAD-Hedged),First Trust,HRL,Hormel Foods Corporation,0.38,,firsttrust,complete,yahoo,2026-09-19 17:54 UTC,ok
FUD.A,TSX,First Trust AlphaDEX™ U.S. Dividend ETF (CAD-Hedged),First Trust,MZTI,The Marzetti Company,0.38,,firsttrust,complete,yahoo,2026-09-19 17:54 UTC,ok
FUD.A,TSX,First Trust AlphaDEX™ U.S. Dividend ETF (CAD-Hedged),First Trust,AMGN,Amgen Inc.,0.38,,firsttrust,complete,seed,2026-09-19 17:54 UTC,ok
FUD.A,TSX,First Trust AlphaDEX™ U.S. Dividend ETF (CAD-Hedged),First Trust,STZ,"Constellation Brands, Inc. (Class A)",0.38,,firsttrust,complete,yahoo,2026-09-19 17:54 UTC,ok
FUD.A,TSX,First Trust AlphaDEX™ U.S. Dividend ETF (CAD-Hedged),First Trust,DLB,"Dolby Laboratories, Inc.",0.38,,firsttrust,complete,yahoo,2026-09-19 17:54 UTC,ok
FUD.A,TSX,First Trust AlphaDEX™ U.S. Dividend ETF (CAD-Hedged),First Trust,STE,Steris Plc,0.38,,firsttrust,complete,yahoo,2026-09-19 17:54 UTC,ok
FUD.A,TSX,First Trust AlphaDEX™ U.S. Dividend ETF (CAD-Hedged),First Trust,AMCR,Amcor plc,0.38,,firsttrust,complete,yahoo,2026-09-19 17:54 UTC,ok
FUD.A,TSX,First Trust AlphaDEX™ U.S. Dividend ETF (CAD-Hedged),First Trust,REYN,Reynolds Consumer Products Inc.,0.38,,firsttrust,complete,yahoo,2026-09-19 17:54 UTC,ok
FUD.A,TSX,First Trust AlphaDEX™ U.S. Dividend ETF (CAD-Hedged),First Trust,SYK,Stryker Corporation,0.37,,firsttrust,complete,yahoo,2026-09-19 17:54 UTC,ok
FUD.A,TSX,First Trust AlphaDEX™ U.S. Dividend ETF (CAD-Hedged),First Trust,CMCSA,Comcast Corporation (Class A),0.37,,firsttrust,complete,yahoo,2026-09-19 17:54 UTC,ok
FUD.A,TSX,First Trust AlphaDEX™ U.S. Dividend ETF (CAD-Hedged),First Trust,SON,Sonoco Products Company,0.37,,firsttrust,complete,yahoo,2026-09-19 17:54 UTC,ok
ETP,TSX,First Trust Global Risk Managed Income Index ETF,First Trust,CPD.TO,iShares S&P/TSX Canadian Preferred Share Index ETF,21.52,,firsttrust,complete,yahoo,2026-09-19 17:54 UTC,ok
ETP,TSX,First Trust Global Risk Managed Income Index ETF,First Trust,ZHY.TO,BMO High Yield US Corporate Bond Hedged to CAD Index ETF,17.78,,firsttrust,complete,yahoo,2026-09-19 17:54 UTC,ok
ETP,TSX,First Trust Global Risk Managed Income Index ETF,First Trust,ZEF.TO,BMO Emerging Markets Bond Hedged to CAD Index ETF,10.72,,firsttrust,complete,seed,2026-09-19 17:54 UTC,ok
ETP,TSX,First Trust Global Risk Managed Income Index ETF,First Trust,CVD.TO,iShares Advantaged Convertible Bond Index ETF,10.6,,firsttrust,complete,seed,2026-09-19 17:54 UTC,ok
ETP,TSX,First Trust Global Risk Managed Income Index ETF,First Trust,VSB.TO,Vanguard Canadian Short-Term Bond Index ETF,6.93,,firsttrust,complete,yahoo,2026-09-19 17:54 UTC,ok
ETP,TSX,First Trust Global Risk Managed Income Index ETF,First Trust,XCB.TO,iShares Canadian Corporate Bond Index ETF,4.94,,firsttrust,complete,seed,2026-09-19 17:54 UTC,ok
ETP,TSX,First Trust Global Risk Managed Income Index ETF,First Trust,ZIC.TO,BMO Mid-Term US IG Corporate Bond Index ETF,3.89,,firsttrust,complete,yahoo,2026-09-19 17:54 UTC,ok
ETP,TSX,First Trust Global Risk Managed Income Index ETF,First Trust,HBB.TO,Global X Canadian Select Universe Bond Index Corporate Class ETF,3.66,,firsttrust,complete,yahoo,2026-09-19 17:54 UTC,ok
ETP,TSX,First Trust Global Risk Managed Income Index ETF,First Trust,XEI.TO,iShares Core S&P/TSX Composite High Dividend Index ETF,3.07,,firsttrust,complete,seed,2026-09-19 17:54 UTC,ok
ETP,TSX,First Trust Global Risk Managed Income Index ETF,First Trust,ZRE.TO,BMO Equal Weight REITs Index ETF,2.71,,firsttrust,complete,yahoo,2026-09-19 17:54 UTC,ok
ETP,TSX,First Trust Global Risk Managed Income Index ETF,First Trust,XGB.TO,iShares Canadian Government Bond Index ETF,2.43,,firsttrust,complete,seed,2026-09-19 17:54 UTC,ok
ETP,TSX,First Trust Global Risk Managed Income Index ETF,First Trust,CAD-HEDGED,iShares Global Monthly Dividend Index ETF (CAD-Hedged),2.33,,firsttrust,complete,name_embedded,2026-09-19 17:54 UTC,ok
ETP,TSX,First Trust Global Risk Managed Income Index ETF,First Trust,VDY.TO,Vanguard FTSE Canadian High Dividend Yield Index ETF,2.27,,firsttrust,complete,yahoo,2026-09-19 17:54 UTC,ok
ETP,TSX,First Trust Global Risk Managed Income Index ETF,First Trust,XLB.TO,iShares Core Canadian Long Term Bond Index ETF,2.18,,firsttrust,complete,yahoo,2026-09-19 17:54 UTC,ok
ETP,TSX,First Trust Global Risk Managed Income Index ETF,First Trust,ZUT.TO,BMO Equal Weight Utilities Index ETF,1.86,,firsttrust,complete,yahoo,2026-09-19 17:54 UTC,ok
ETP,TSX,First Trust Global Risk Managed Income Index ETF,First Trust,CGR.TO,iShares Global Real Estate Index ETF,1.07,,firsttrust,complete,yahoo,2026-09-19 17:54 UTC,ok
ETP,TSX,First Trust Global Risk Managed Income Index ETF,First Trust,XFN.TO,iShares S&P/TSX Capped Financials Index ETF,1.06,,firsttrust,complete,yahoo,2026-09-19 17:54 UTC,ok
ETP,TSX,First Trust Global Risk Managed Income Index ETF,First Trust,VGG.TO,Vanguard U.S. Dividend Appreciation Index ETF,0.78,,firsttrust,complete,yahoo,2026-09-19 17:54 UTC,ok
ETP.A,TSX,First Trust Global Risk Managed Income Index ETF,First Trust,CPD.TO,iShares S&P/TSX Canadian Preferred Share Index ETF,21.52,,firsttrust,complete,yahoo,2026-09-19 17:54 UTC,ok
ETP.A,TSX,First Trust Global Risk Managed Income Index ETF,First Trust,ZHY.TO,BMO High Yield US Corporate Bond Hedged to CAD Index ETF,17.78,,firsttrust,complete,yahoo,2026-09-19 17:54 UTC,ok
ETP.A,TSX,First Trust Global Risk Managed Income Index ETF,First Trust,ZEF.TO,BMO Emerging Markets Bond Hedged to CAD Index ETF,10.72,,firsttrust,complete,seed,2026-09-19 17:54 UTC,ok
ETP.A,TSX,First Trust Global Risk Managed Income Index ETF,First Trust,CVD.TO,iShares Advantaged Convertible Bond Index ETF,10.6,,firsttrust,complete,seed,2026-09-19 17:54 UTC,ok
ETP.A,TSX,First Trust Global Risk Managed Income Index ETF,First Trust,VSB.TO,Vanguard Canadian Short-Term Bond Index ETF,6.93,,firsttrust,complete,yahoo,2026-09-19 17:54 UTC,ok
ETP.A,TSX,First Trust Global Risk Managed Income Index ETF,First Trust,XCB.TO,iShares Canadian Corporate Bond Index ETF,4.94,,firsttrust,complete,seed,2026-09-19 17:54 UTC,ok
ETP.A,TSX,First Trust Global Risk Managed Income Index ETF,First Trust,ZIC.TO,BMO Mid-Term US IG Corporate Bond Index ETF,3.89,,firsttrust,complete,yahoo,2026-09-19 17:54 UTC,ok
ETP.A,TSX,First Trust Global Risk Managed Income Index ETF,First Trust,HBB.TO,Global X Canadian Select Universe Bond Index Corporate Class ETF,3.66,,firsttrust,complete,yahoo,2026-09-19 17:54 UTC,ok
ETP.A,TSX,First Trust Global Risk Managed Income Index ETF,First Trust,XEI.TO,iShares Core S&P/TSX Composite High Dividend Index ETF,3.07,,firsttrust,complete,seed,2026-09-19 17:54 UTC,ok
ETP.A,TSX,First Trust Global Risk Managed Income Index ETF,First Trust,ZRE.TO,BMO Equal Weight REITs Index ETF,2.71,,firsttrust,complete,yahoo,2026-09-19 17:54 UTC,ok
ETP.A,TSX,First Trust Global Risk Managed Income Index ETF,First Trust,XGB.TO,iShares Canadian Government Bond Index ETF,2.43,,firsttrust,complete,seed,2026-09-19 17:54 UTC,ok
ETP.A,TSX,First Trust Global Risk Managed Income Index ETF,First Trust,CAD-HEDGED,iShares Global Monthly Dividend Index ETF (CAD-Hedged),2.33,,firsttrust,complete,name_embedded,2026-09-19 17:54 UTC,ok
ETP.A,TSX,First Trust Global Risk Managed Income Index ETF,First Trust,VDY.TO,Vanguard FTSE Canadian High Dividend Yield Index ETF,2.27,,firsttrust,complete,yahoo,2026-09-19 17:54 UTC,ok
ETP.A,TSX,First Trust Global Risk Managed Income Index ETF,First Trust,XLB.TO,iShares Core Canadian Long Term Bond Index ETF,2.18,,firsttrust,complete,yahoo,2026-09-19 17:54 UTC,ok
ETP.A,TSX,First Trust Global Risk Managed Income Index ETF,First Trust,ZUT.TO,BMO Equal Weight Utilities Index ETF,1.86,,firsttrust,complete,yahoo,2026-09-19 17:54 UTC,ok
ETP.A,TSX,First Trust Global Risk Managed Income Index ETF,First Trust,CGR.TO,iShares Global Real Estate Index ETF,1.07,,firsttrust,complete,yahoo,2026-09-19 17:54 UTC,ok
ETP.A,TSX,First Trust Global Risk Managed Income Index ETF,First Trust,XFN.TO,iShares S&P/TSX Capped Financials Index ETF,1.06,,firsttrust,complete,yahoo,2026-09-19 17:54 UTC,ok
ETP.A,TSX,First Trust Global Risk Managed Income Index ETF,First Trust,VGG.TO,Vanguard U.S. Dividend Appreciation Index ETF,0.78,,firsttrust,complete,yahoo,2026-09-19 17:54 UTC,ok
