etf_ticker,etf_exchange,etf_name,provider,holding_ticker,holding_name,weight_pct,market_value,shares,change_shares_pct,change_shares,pct_owned,data_as_of,source,coverage,fetched_at,status
XIU,TSX,iSHARES SP TSX 60 INDEX ETF,BlackRock Inc,RY,Royal Bank of Canada,9.5384,,,,,,,finance-query,top_10,2026-09-19 16:45 UTC,ok
XIU,TSX,iSHARES SP TSX 60 INDEX ETF,BlackRock Inc,TD,The Toronto-Dominion Bank,6.7479,,,,,,,finance-query,top_10,2026-09-19 16:45 UTC,ok
XIU,TSX,iSHARES SP TSX 60 INDEX ETF,BlackRock Inc,SHOP,Shopify Inc Registered Shs -A- Subord Vtg,6.0003,,,,,,,finance-query,top_10,2026-09-19 16:45 UTC,ok
XIU,TSX,iSHARES SP TSX 60 INDEX ETF,BlackRock Inc,BMO.TO,Bank of Montreal,3.9872,,,,,,,finance-query,top_10,2026-09-19 16:45 UTC,ok
XIU,TSX,iSHARES SP TSX 60 INDEX ETF,BlackRock Inc,BNS.TO,Bank of Nova Scotia,3.7548,,,,,,,finance-query,top_10,2026-09-19 16:45 UTC,ok
XIU,TSX,iSHARES SP TSX 60 INDEX ETF,BlackRock Inc,ENB.TO,Enbridge Inc,3.6923,,,,,,,finance-query,top_10,2026-09-19 16:45 UTC,ok
XIU,TSX,iSHARES SP TSX 60 INDEX ETF,BlackRock Inc,CNQ.TO,Canadian Natural Resources Ltd,3.4904,,,,,,,finance-query,top_10,2026-09-19 16:45 UTC,ok
XIU,TSX,iSHARES SP TSX 60 INDEX ETF,BlackRock Inc,CM.TO,Canadian Imperial Bank of Commerce,3.4864,,,,,,,finance-query,top_10,2026-09-19 16:45 UTC,ok
XIU,TSX,iSHARES SP TSX 60 INDEX ETF,BlackRock Inc,AEM.TO,Agnico Eagle Mines Ltd,3.4368,,,,,,,finance-query,top_10,2026-09-19 16:45 UTC,ok
XIU,TSX,iSHARES SP TSX 60 INDEX ETF,BlackRock Inc,BN.TO,Brookfield Corp Registered Shs -A- Limited Vtg,2.9366,,,,,,,finance-query,top_10,2026-09-19 16:45 UTC,ok
XIC,TSX,iSHARES CORE SP TSX CAPPED COMP,BlackRock Inc,RY,Royal Bank of Canada,7.6289,,,,,,,finance-query,top_10,2026-09-19 16:45 UTC,ok
XIC,TSX,iSHARES CORE SP TSX CAPPED COMP,BlackRock Inc,TD,The Toronto-Dominion Bank,5.397,,,,,,,finance-query,top_10,2026-09-19 16:45 UTC,ok
XIC,TSX,iSHARES CORE SP TSX CAPPED COMP,BlackRock Inc,SHOP,Shopify Inc Registered Shs -A- Subord Vtg,4.7991,,,,,,,finance-query,top_10,2026-09-19 16:45 UTC,ok
XIC,TSX,iSHARES CORE SP TSX CAPPED COMP,BlackRock Inc,BMO.TO,Bank of Montreal,3.189,,,,,,,finance-query,top_10,2026-09-19 16:45 UTC,ok
XIC,TSX,iSHARES CORE SP TSX CAPPED COMP,BlackRock Inc,BNS.TO,Bank of Nova Scotia,3.0031,,,,,,,finance-query,top_10,2026-09-19 16:45 UTC,ok
XIC,TSX,iSHARES CORE SP TSX CAPPED COMP,BlackRock Inc,ENB.TO,Enbridge Inc,2.9531,,,,,,,finance-query,top_10,2026-09-19 16:45 UTC,ok
XIC,TSX,iSHARES CORE SP TSX CAPPED COMP,BlackRock Inc,CNQ.TO,Canadian Natural Resources Ltd,2.7917,,,,,,,finance-query,top_10,2026-09-19 16:45 UTC,ok
XIC,TSX,iSHARES CORE SP TSX CAPPED COMP,BlackRock Inc,CM.TO,Canadian Imperial Bank of Commerce,2.7885,,,,,,,finance-query,top_10,2026-09-19 16:45 UTC,ok
XIC,TSX,iSHARES CORE SP TSX CAPPED COMP,BlackRock Inc,AEM.TO,Agnico Eagle Mines Ltd,2.7488,,,,,,,finance-query,top_10,2026-09-19 16:45 UTC,ok
XIC,TSX,iSHARES CORE SP TSX CAPPED COMP,BlackRock Inc,BN.TO,Brookfield Corp Registered Shs -A- Limited Vtg,2.3487,,,,,,,finance-query,top_10,2026-09-19 16:45 UTC,ok
ZAG,TSX,BMO Aggregate Bond Index ETF,BMO Asset Management,,,,,,,,,,finance-query,top_10,2026-09-19 16:45 UTC,no_holdings_found [ZAG.TO:200-no-holdings ZAG:200-no-holdings]
ZSP,TSX,BMO SP 500 INDEX ETF,BMO Asset Management,NVDA,NVIDIA Corp,7.9494,,,,,,,finance-query,top_10,2026-09-19 16:45 UTC,ok
ZSP,TSX,BMO SP 500 INDEX ETF,BMO Asset Management,AAPL,Apple Inc,7.0201,,,,,,,finance-query,top_10,2026-09-19 16:45 UTC,ok
ZSP,TSX,BMO SP 500 INDEX ETF,BMO Asset Management,MSFT,Microsoft Corp,5.4274,,,,,,,finance-query,top_10,2026-09-19 16:45 UTC,ok
ZSP,TSX,BMO SP 500 INDEX ETF,BMO Asset Management,AMZN,Amazon.com Inc,3.9252,,,,,,,finance-query,top_10,2026-09-19 16:45 UTC,ok
ZSP,TSX,BMO SP 500 INDEX ETF,BMO Asset Management,GOOGL,Alphabet Inc Class A,3.0494,,,,,,,finance-query,top_10,2026-09-19 16:45 UTC,ok
ZSP,TSX,BMO SP 500 INDEX ETF,BMO Asset Management,AVGO,Broadcom Inc,2.5891,,,,,,,finance-query,top_10,2026-09-19 16:45 UTC,ok
ZSP,TSX,BMO SP 500 INDEX ETF,BMO Asset Management,GOOG,Alphabet Inc Class C,2.4365,,,,,,,finance-query,top_10,2026-09-19 16:45 UTC,ok
ZSP,TSX,BMO SP 500 INDEX ETF,BMO Asset Management,META,Meta Platforms Inc Class A,1.8103,,,,,,,finance-query,top_10,2026-09-19 16:45 UTC,ok
ZSP,TSX,BMO SP 500 INDEX ETF,BMO Asset Management,MU,Micron Technology Inc,1.5958,,,,,,,finance-query,top_10,2026-09-19 16:45 UTC,ok
ZSP,TSX,BMO SP 500 INDEX ETF,BMO Asset Management,LLY,Eli Lilly and Co,1.5286,,,,,,,finance-query,top_10,2026-09-19 16:45 UTC,ok
HXT,TSX,Horizons S&P/TSX 60 Index ETF,Horizons ETFs Management,,,,,,,,,,finance-query,top_10,2026-09-19 16:45 UTC,no_holdings_found [HXT.TO:200-no-holdings HXT:200-no-holdings]
VCN,TSX,VANGUARD FTSE CANADA ALL CAP ID,Vanguard Investments Canada Inc.,RY,Royal Bank of Canada,7.7913,,,,,,,finance-query,top_10,2026-09-19 16:45 UTC,ok
VCN,TSX,VANGUARD FTSE CANADA ALL CAP ID,Vanguard Investments Canada Inc.,TD,The Toronto-Dominion Bank,5.51,,,,,,,finance-query,top_10,2026-09-19 16:45 UTC,ok
VCN,TSX,VANGUARD FTSE CANADA ALL CAP ID,Vanguard Investments Canada Inc.,SHOP,Shopify Inc Registered Shs -A- Subord Vtg,4.9179,,,,,,,finance-query,top_10,2026-09-19 16:45 UTC,ok
VCN,TSX,VANGUARD FTSE CANADA ALL CAP ID,Vanguard Investments Canada Inc.,BMO.TO,Bank of Montreal,3.2812,,,,,,,finance-query,top_10,2026-09-19 16:45 UTC,ok
VCN,TSX,VANGUARD FTSE CANADA ALL CAP ID,Vanguard Investments Canada Inc.,BNS.TO,Bank of Nova Scotia,3.0729,,,,,,,finance-query,top_10,2026-09-19 16:45 UTC,ok
VCN,TSX,VANGUARD FTSE CANADA ALL CAP ID,Vanguard Investments Canada Inc.,ENB.TO,Enbridge Inc,3.0122,,,,,,,finance-query,top_10,2026-09-19 16:45 UTC,ok
VCN,TSX,VANGUARD FTSE CANADA ALL CAP ID,Vanguard Investments Canada Inc.,CM.TO,Canadian Imperial Bank of Commerce,2.8409,,,,,,,finance-query,top_10,2026-09-19 16:45 UTC,ok
VCN,TSX,VANGUARD FTSE CANADA ALL CAP ID,Vanguard Investments Canada Inc.,AEM.TO,Agnico Eagle Mines Ltd,2.8136,,,,,,,finance-query,top_10,2026-09-19 16:45 UTC,ok
VCN,TSX,VANGUARD FTSE CANADA ALL CAP ID,Vanguard Investments Canada Inc.,CNQ.TO,Canadian Natural Resources Ltd,2.7881,,,,,,,finance-query,top_10,2026-09-19 16:45 UTC,ok
VCN,TSX,VANGUARD FTSE CANADA ALL CAP ID,Vanguard Investments Canada Inc.,BN.TO,Brookfield Corp Registered Shs -A- Limited Vtg,2.3471,,,,,,,finance-query,top_10,2026-09-19 16:45 UTC,ok
VFV,TSX,VANGUARD SP 500 INDEX ETF,Vanguard Investments Canada Inc.,VOO,Vanguard S&P 500 ETF,100.0,,,,,,,finance-query,top_10,2026-09-19 16:45 UTC,ok
XEQT,TSX,ISHARES CORE EQUITY ETF,test-fallback,XTOT.TO,iShares Core S&P Total U.S. Stk Mktt ETF,29.6804,,,,,,,finance-query,top_10,2026-09-19 16:45 UTC,ok
XEQT,TSX,ISHARES CORE EQUITY ETF,test-fallback,XIC.TO,iShares Core S&P/TSX Cap Composite ETF,25.6443,,,,,,,finance-query,top_10,2026-09-19 16:45 UTC,ok
XEQT,TSX,ISHARES CORE EQUITY ETF,test-fallback,XEF.TO,iShares Core MSCI EAFE IMI ETF,24.4124,,,,,,,finance-query,top_10,2026-09-19 16:45 UTC,ok
XEQT,TSX,ISHARES CORE EQUITY ETF,test-fallback,ITOT,iShares Core S&P Total US Stock Mkt ETF,15.3474,,,,,,,finance-query,top_10,2026-09-19 16:45 UTC,ok
XEQT,TSX,ISHARES CORE EQUITY ETF,test-fallback,XEC.TO,iShares Core MSCI Emer Mkts IMI ETF,4.7782,,,,,,,finance-query,top_10,2026-09-19 16:45 UTC,ok
FIE,TSX,ISHARES CDN FIN MTHLY INCOME ET,test-fallback,CPD.TO,iShares S&P/TSX Cdn Prefr Shr ETF Comm,20.5485,,,,,,,finance-query,top_10,2026-09-19 16:45 UTC,ok
FIE,TSX,ISHARES CDN FIN MTHLY INCOME ET,test-fallback,XCB.TO,iShares Core Canadian Corporate Bd ETF,9.9376,,,,,,,finance-query,top_10,2026-09-19 16:45 UTC,ok
FIE,TSX,ISHARES CDN FIN MTHLY INCOME ET,test-fallback,RY,Royal Bank of Canada,8.1531,,,,,,,finance-query,top_10,2026-09-19 16:45 UTC,ok
FIE,TSX,ISHARES CDN FIN MTHLY INCOME ET,test-fallback,CM.TO,Canadian Imperial Bank of Commerce,8.1214,,,,,,,finance-query,top_10,2026-09-19 16:45 UTC,ok
FIE,TSX,ISHARES CDN FIN MTHLY INCOME ET,test-fallback,TD,The Toronto-Dominion Bank,7.2574,,,,,,,finance-query,top_10,2026-09-19 16:45 UTC,ok
FIE,TSX,ISHARES CDN FIN MTHLY INCOME ET,test-fallback,MFC.TO,Manulife Financial Corp,6.8207,,,,,,,finance-query,top_10,2026-09-19 16:45 UTC,ok
FIE,TSX,ISHARES CDN FIN MTHLY INCOME ET,test-fallback,BMO.TO,Bank of Montreal,6.375,,,,,,,finance-query,top_10,2026-09-19 16:45 UTC,ok
FIE,TSX,ISHARES CDN FIN MTHLY INCOME ET,test-fallback,NA.TO,National Bank of Canada,6.1475,,,,,,,finance-query,top_10,2026-09-19 16:45 UTC,ok
FIE,TSX,ISHARES CDN FIN MTHLY INCOME ET,test-fallback,POW.TO,Power Corporation of Canada Shs Subord.Voting,4.0417,,,,,,,finance-query,top_10,2026-09-19 16:45 UTC,ok
FIE,TSX,ISHARES CDN FIN MTHLY INCOME ET,test-fallback,GWO.TO,Great-West Lifeco Inc,3.5745,,,,,,,finance-query,top_10,2026-09-19 16:45 UTC,ok
CASH,TSX,,test-fallback,,,,,,,,,,finance-query,top_10,2026-09-19 16:45 UTC,no_holdings_found [CASH.TO:200-no-holdings CASH:200-no-holdings]
QCD,TSX,AGF SYSTEMATIC CANADIAN EQUITY ,AGFiQ,RY,Royal Bank of Canada,7.1262,,,,,,,finance-query,top_10,2026-09-19 16:46 UTC,ok
QCD,TSX,AGF SYSTEMATIC CANADIAN EQUITY ,AGFiQ,CSU.TO,Constellation Software Inc,5.9929,,,,,,,finance-query,top_10,2026-09-19 16:46 UTC,ok
QCD,TSX,AGF SYSTEMATIC CANADIAN EQUITY ,AGFiQ,CP.TO,Canadian Pacific Kansas City Ltd,4.1871,,,,,,,finance-query,top_10,2026-09-19 16:46 UTC,ok
QCD,TSX,AGF SYSTEMATIC CANADIAN EQUITY ,AGFiQ,BMO.TO,Bank of Montreal,3.9506,,,,,,,finance-query,top_10,2026-09-19 16:46 UTC,ok
QCD,TSX,AGF SYSTEMATIC CANADIAN EQUITY ,AGFiQ,TD,The Toronto-Dominion Bank,3.9258,,,,,,,finance-query,top_10,2026-09-19 16:46 UTC,ok
QCD,TSX,AGF SYSTEMATIC CANADIAN EQUITY ,AGFiQ,CNR.TO,Canadian National Railway Co,3.6325,,,,,,,finance-query,top_10,2026-09-19 16:46 UTC,ok
QCD,TSX,AGF SYSTEMATIC CANADIAN EQUITY ,AGFiQ,SU.TO,Suncor Energy Inc,3.4069,,,,,,,finance-query,top_10,2026-09-19 16:46 UTC,ok
QCD,TSX,AGF SYSTEMATIC CANADIAN EQUITY ,AGFiQ,WCN,Waste Connections Inc,3.0192,,,,,,,finance-query,top_10,2026-09-19 16:46 UTC,ok
QCD,TSX,AGF SYSTEMATIC CANADIAN EQUITY ,AGFiQ,SHOP,Shopify Inc Registered Shs -A- Subord Vtg,2.8015,,,,,,,finance-query,top_10,2026-09-19 16:46 UTC,ok
QCD,TSX,AGF SYSTEMATIC CANADIAN EQUITY ,AGFiQ,ATD.TO,Alimentation Couche-Tard Inc,2.5157,,,,,,,finance-query,top_10,2026-09-19 16:46 UTC,ok
QUS,TSX,AGF SYSTEMATIC US EQUITY ETF,AGFiQ,AAPL,Apple Inc,6.2709,,,,,,,finance-query,top_10,2026-09-19 16:46 UTC,ok
QUS,TSX,AGF SYSTEMATIC US EQUITY ETF,AGFiQ,MSFT,Microsoft Corp,5.5547,,,,,,,finance-query,top_10,2026-09-19 16:46 UTC,ok
QUS,TSX,AGF SYSTEMATIC US EQUITY ETF,AGFiQ,NVDA,NVIDIA Corp,4.1494,,,,,,,finance-query,top_10,2026-09-19 16:46 UTC,ok
QUS,TSX,AGF SYSTEMATIC US EQUITY ETF,AGFiQ,META,Meta Platforms Inc Class A,2.7927,,,,,,,finance-query,top_10,2026-09-19 16:46 UTC,ok
QUS,TSX,AGF SYSTEMATIC US EQUITY ETF,AGFiQ,AMZN,Amazon.com Inc,2.6855,,,,,,,finance-query,top_10,2026-09-19 16:46 UTC,ok
QUS,TSX,AGF SYSTEMATIC US EQUITY ETF,AGFiQ,GOOG,Alphabet Inc Class C,2.078,,,,,,,finance-query,top_10,2026-09-19 16:46 UTC,ok
QUS,TSX,AGF SYSTEMATIC US EQUITY ETF,AGFiQ,GOOGL,Alphabet Inc Class A,1.6584,,,,,,,finance-query,top_10,2026-09-19 16:46 UTC,ok
QUS,TSX,AGF SYSTEMATIC US EQUITY ETF,AGFiQ,LLY,Eli Lilly and Co,1.2786,,,,,,,finance-query,top_10,2026-09-19 16:46 UTC,ok
QUS,TSX,AGF SYSTEMATIC US EQUITY ETF,AGFiQ,AVGO,Broadcom Inc,1.2514,,,,,,,finance-query,top_10,2026-09-19 16:46 UTC,ok
QUS,TSX,AGF SYSTEMATIC US EQUITY ETF,AGFiQ,MRK,Merck & Co Inc,1.1837,,,,,,,finance-query,top_10,2026-09-19 16:46 UTC,ok
QIE,TSX,AGF SYSTEMATIC  INTERNATIONAL E,AGFiQ,SAP.DE,SAP SE,1.9621,,,,,,,finance-query,top_10,2026-09-19 16:46 UTC,ok
QIE,TSX,AGF SYSTEMATIC  INTERNATIONAL E,AGFiQ,DTE.DE,Deutsche Telekom AG,1.732,,,,,,,finance-query,top_10,2026-09-19 16:46 UTC,ok
QIE,TSX,AGF SYSTEMATIC  INTERNATIONAL E,AGFiQ,ASML.AS,ASML Holding NV,1.704,,,,,,,finance-query,top_10,2026-09-19 16:46 UTC,ok
QIE,TSX,AGF SYSTEMATIC  INTERNATIONAL E,AGFiQ,NOVN.SW,Novartis AG Registered Shares,1.653,,,,,,,finance-query,top_10,2026-09-19 16:46 UTC,ok
QIE,TSX,AGF SYSTEMATIC  INTERNATIONAL E,AGFiQ,SAN.PA,Sanofi SA,1.4866,,,,,,,finance-query,top_10,2026-09-19 16:46 UTC,ok
QIE,TSX,AGF SYSTEMATIC  INTERNATIONAL E,AGFiQ,SHEL.L,Shell PLC,1.3624,,,,,,,finance-query,top_10,2026-09-19 16:46 UTC,ok
QIE,TSX,AGF SYSTEMATIC  INTERNATIONAL E,AGFiQ,NOVO-B.CO,Novo Nordisk AS Class B,1.2459,,,,,,,finance-query,top_10,2026-09-19 16:46 UTC,ok
QIE,TSX,AGF SYSTEMATIC  INTERNATIONAL E,AGFiQ,ROG.SW,Roche Holding AG,1.2068,,,,,,,finance-query,top_10,2026-09-19 16:46 UTC,ok
QIE,TSX,AGF SYSTEMATIC  INTERNATIONAL E,AGFiQ,ULVR.L,Unilever PLC,1.1663,,,,,,,finance-query,top_10,2026-09-19 16:46 UTC,ok
QIE,TSX,AGF SYSTEMATIC  INTERNATIONAL E,AGFiQ,ALV.DE,Allianz SE,1.1631,,,,,,,finance-query,top_10,2026-09-19 16:46 UTC,ok
QEM,TSX,AGF SYSTEMATIC  EMERGING MKT EQ,AGFiQ,OJS1,Rosneft Oil Co DR,0.0389,,,,,,,finance-query,top_10,2026-09-19 16:46 UTC,ok
QIF,TSX,AGFiQ Enhanced Global Infrastructure ETF,AGFiQ,,,,,,,,,,finance-query,top_10,2026-09-19 16:46 UTC,no_holdings_found [QIF.TO:200-no-holdings QIF:200-no-holdings]
QEF,TSX,AGFiQ Enhanced Global ESG Factors ETF,AGFiQ,,,,,,,,,,finance-query,top_10,2026-09-19 16:46 UTC,no_holdings_found [QEF.TO:404 QEF:200-no-holdings]
QGL,TSX,AGFIQ GLOBAL EQUITY ETF PORTFOL,AGFiQ,QUS.TO,AGFiQ US Equity ETF,43.99,,,,,,,finance-query,top_10,2026-09-19 16:46 UTC,ok
QGL,TSX,AGFIQ GLOBAL EQUITY ETF PORTFOL,AGFiQ,IVV,iShares Core S&P 500 ETF,15.81,,,,,,,finance-query,top_10,2026-09-19 16:46 UTC,ok
QGL,TSX,AGFIQ GLOBAL EQUITY ETF PORTFOL,AGFiQ,QEM.TO,AGFiQ Emerging Markets Equity ETF,9.97,,,,,,,finance-query,top_10,2026-09-19 16:46 UTC,ok
QGL,TSX,AGFIQ GLOBAL EQUITY ETF PORTFOL,AGFiQ,QIE.TO,AGFiQ International Equity ETF,8.82,,,,,,,finance-query,top_10,2026-09-19 16:46 UTC,ok
QGL,TSX,AGFIQ GLOBAL EQUITY ETF PORTFOL,AGFiQ,EWG,iShares MSCI Germany ETF,3.56,,,,,,,finance-query,top_10,2026-09-19 16:46 UTC,ok
QGL,TSX,AGFIQ GLOBAL EQUITY ETF PORTFOL,AGFiQ,EWJ,iShares MSCI Japan ETF,3.21,,,,,,,finance-query,top_10,2026-09-19 16:46 UTC,ok
QGL,TSX,AGFIQ GLOBAL EQUITY ETF PORTFOL,AGFiQ,EWN,iShares MSCI Netherlands ETF,2.75,,,,,,,finance-query,top_10,2026-09-19 16:46 UTC,ok
QGL,TSX,AGFIQ GLOBAL EQUITY ETF PORTFOL,AGFiQ,EWY,iShares MSCI South Korea ETF,2.41,,,,,,,finance-query,top_10,2026-09-19 16:46 UTC,ok
QGL,TSX,AGFIQ GLOBAL EQUITY ETF PORTFOL,AGFiQ,QCD.TO,AGFiQ Canadian Equity ETF,2.09,,,,,,,finance-query,top_10,2026-09-19 16:46 UTC,ok
QGL,TSX,AGFIQ GLOBAL EQUITY ETF PORTFOL,AGFiQ,ASHR,Xtrackers Harvest CSI 300 China A ETF,2.01,,,,,,,finance-query,top_10,2026-09-19 16:46 UTC,ok
QMA,TSX,AGFIQ GLOBAL BALANCED ETF PORTF,AGFiQ,QUS.TO,AGFiQ US Equity ETF,31.46,,,,,,,finance-query,top_10,2026-09-19 16:46 UTC,ok
QMA,TSX,AGFIQ GLOBAL BALANCED ETF PORTF,AGFiQ,IVV,iShares Core S&P 500 ETF,11.33,,,,,,,finance-query,top_10,2026-09-19 16:46 UTC,ok
QMA,TSX,AGFIQ GLOBAL BALANCED ETF PORTF,AGFiQ,IAGG,iShares Core International Aggt Bd ETF,9.46,,,,,,,finance-query,top_10,2026-09-19 16:46 UTC,ok
QMA,TSX,AGFIQ GLOBAL BALANCED ETF PORTF,AGFiQ,QIE.TO,AGFiQ International Equity ETF,6.59,,,,,,,finance-query,top_10,2026-09-19 16:46 UTC,ok
QMA,TSX,AGFIQ GLOBAL BALANCED ETF PORTF,AGFiQ,QEM.TO,AGFiQ Emerging Markets Equity ETF,6.45,,,,,,,finance-query,top_10,2026-09-19 16:46 UTC,ok
QMA,TSX,AGFIQ GLOBAL BALANCED ETF PORTF,AGFiQ,QGB.TO,AGFiQ Global Multi-Sector Bond ETF,6.02,,,,,,,finance-query,top_10,2026-09-19 16:46 UTC,ok
QMA,TSX,AGFIQ GLOBAL BALANCED ETF PORTF,AGFiQ,GOVT,iShares US Treasury Bond ETF,4.1,,,,,,,finance-query,top_10,2026-09-19 16:46 UTC,ok
QMA,TSX,AGFIQ GLOBAL BALANCED ETF PORTF,AGFiQ,MBB,iShares MBS ETF,3.52,,,,,,,finance-query,top_10,2026-09-19 16:46 UTC,ok
QMA,TSX,AGFIQ GLOBAL BALANCED ETF PORTF,AGFiQ,BNDX,Vanguard Total International Bond ETF,3.5,,,,,,,finance-query,top_10,2026-09-19 16:46 UTC,ok
QMA,TSX,AGFIQ GLOBAL BALANCED ETF PORTF,AGFiQ,EWJ,iShares MSCI Japan ETF,2.14,,,,,,,finance-query,top_10,2026-09-19 16:46 UTC,ok
QMY,TSX,AGFIQ GLOBAL INCOME ETF PORTFOL,AGFiQ,XCB.TO,iShares Core Canadian Corporate Bd ETF,19.71,,,,,,,finance-query,top_10,2026-09-19 16:46 UTC,ok
QMY,TSX,AGFIQ GLOBAL INCOME ETF PORTFOL,AGFiQ,QGB.TO,AGFiQ Global Multi-Sector Bond ETF,18.99,,,,,,,finance-query,top_10,2026-09-19 16:46 UTC,ok
QMY,TSX,AGFIQ GLOBAL INCOME ETF PORTFOL,AGFiQ,XHB.TO,iShares Canadian HYBrid Corporate Bd ETF,11.61,,,,,,,finance-query,top_10,2026-09-19 16:46 UTC,ok
QMY,TSX,AGFIQ GLOBAL INCOME ETF PORTFOL,AGFiQ,PFF,iShares Preferred&Income Securities ETF,9.71,,,,,,,finance-query,top_10,2026-09-19 16:46 UTC,ok
QMY,TSX,AGFIQ GLOBAL INCOME ETF PORTFOL,AGFiQ,XHY.TO,iShares US High Yield Bond ETF CADH,9.62,,,,,,,finance-query,top_10,2026-09-19 16:46 UTC,ok
QMY,TSX,AGFIQ GLOBAL INCOME ETF PORTFOL,AGFiQ,,AGFiQ Global Infrastructure ETF,7.54,,,,,,,finance-query,top_10,2026-09-19 16:46 UTC,ok
QMY,TSX,AGFIQ GLOBAL INCOME ETF PORTFOL,AGFiQ,CPD.TO,iShares S&P/TSX Cdn Prefr Shr ETF Comm,7.52,,,,,,,finance-query,top_10,2026-09-19 16:46 UTC,ok
QMY,TSX,AGFIQ GLOBAL INCOME ETF PORTFOL,AGFiQ,QEF.TO,AGFiQ Global ESG Factors ETF,6.14,,,,,,,finance-query,top_10,2026-09-19 16:46 UTC,ok
QMY,TSX,AGFIQ GLOBAL INCOME ETF PORTFOL,AGFiQ,XDV.TO,iShares Canadian Select Dividend ETF,5.41,,,,,,,finance-query,top_10,2026-09-19 16:46 UTC,ok
QMY,TSX,AGFIQ GLOBAL INCOME ETF PORTFOL,AGFiQ,XRE.TO,iShares S&P/TSX Capped REIT ETF,2.67,,,,,,,finance-query,top_10,2026-09-19 16:46 UTC,ok
XMD,TSX,iSHARES SP TSX COMPLETION INDEX,BlackRock Inc,PAAS.TO,Pan American Silver Corp,2.9182,,,,,,,finance-query,top_10,2026-09-19 16:46 UTC,ok
XMD,TSX,iSHARES SP TSX COMPLETION INDEX,BlackRock Inc,BBD-B.TO,Bombardier Inc Registered Shs -B- Subord Vtg,2.5414,,,,,,,finance-query,top_10,2026-09-19 16:46 UTC,ok
XMD,TSX,iSHARES SP TSX COMPLETION INDEX,BlackRock Inc,LUN.TO,Lundin Mining Corp,2.4134,,,,,,,finance-query,top_10,2026-09-19 16:46 UTC,ok
XMD,TSX,iSHARES SP TSX COMPLETION INDEX,BlackRock Inc,GWO.TO,Great-West Lifeco Inc,2.2307,,,,,,,finance-query,top_10,2026-09-19 16:46 UTC,ok
XMD,TSX,iSHARES SP TSX COMPLETION INDEX,BlackRock Inc,RBA.TO,RB Global Inc,2.1026,,,,,,,finance-query,top_10,2026-09-19 16:46 UTC,ok
XMD,TSX,iSHARES SP TSX COMPLETION INDEX,BlackRock Inc,WCP.TO,Whitecap Resources Inc,2.0976,,,,,,,finance-query,top_10,2026-09-19 16:46 UTC,ok
XMD,TSX,iSHARES SP TSX COMPLETION INDEX,BlackRock Inc,AGI.TO,Alamos Gold Inc Class A,2.0519,,,,,,,finance-query,top_10,2026-09-19 16:46 UTC,ok
XMD,TSX,iSHARES SP TSX COMPLETION INDEX,BlackRock Inc,EQX.TO,Equinox Gold Corp Ordinary Shares Class A,1.818,,,,,,,finance-query,top_10,2026-09-19 16:46 UTC,ok
XMD,TSX,iSHARES SP TSX COMPLETION INDEX,BlackRock Inc,ARX.TO,ARC Resources Ltd,1.8164,,,,,,,finance-query,top_10,2026-09-19 16:46 UTC,ok
XMD,TSX,iSHARES SP TSX COMPLETION INDEX,BlackRock Inc,IAG.TO,iA Financial Corp Inc,1.7036,,,,,,,finance-query,top_10,2026-09-19 16:46 UTC,ok
XCS,TSX,iSHARES SP TSX SMALLCAP INDEX E,BlackRock Inc,TVE.TO,Tamarack Valley Energy Ltd,2.1369,,,,,,,finance-query,top_10,2026-09-19 16:46 UTC,ok
XCS,TSX,iSHARES SP TSX SMALLCAP INDEX E,BlackRock Inc,BB.TO,BlackBerry Ltd,1.9992,,,,,,,finance-query,top_10,2026-09-19 16:46 UTC,ok
XCS,TSX,iSHARES SP TSX SMALLCAP INDEX E,BlackRock Inc,MX.TO,Methanex Corp,1.7716,,,,,,,finance-query,top_10,2026-09-19 16:46 UTC,ok
XCS,TSX,iSHARES SP TSX SMALLCAP INDEX E,BlackRock Inc,ERO.TO,Ero Copper Corp,1.7556,,,,,,,finance-query,top_10,2026-09-19 16:46 UTC,ok
XCS,TSX,iSHARES SP TSX SMALLCAP INDEX E,BlackRock Inc,ATH.TO,Athabasca Oil Corp,1.6792,,,,,,,finance-query,top_10,2026-09-19 16:46 UTC,ok
XCS,TSX,iSHARES SP TSX SMALLCAP INDEX E,BlackRock Inc,AYA.TO,Aya Gold & Silver Inc,1.6645,,,,,,,finance-query,top_10,2026-09-19 16:46 UTC,ok
XCS,TSX,iSHARES SP TSX SMALLCAP INDEX E,BlackRock Inc,FVI.TO,Fortuna Mining Corp,1.6635,,,,,,,finance-query,top_10,2026-09-19 16:46 UTC,ok
XCS,TSX,iSHARES SP TSX SMALLCAP INDEX E,BlackRock Inc,WDO.TO,Wesdome Gold Mines Ltd,1.6098,,,,,,,finance-query,top_10,2026-09-19 16:46 UTC,ok
XCS,TSX,iSHARES SP TSX SMALLCAP INDEX E,BlackRock Inc,KXS.TO,Kinaxis Inc,1.5795,,,,,,,finance-query,top_10,2026-09-19 16:46 UTC,ok
XCS,TSX,iSHARES SP TSX SMALLCAP INDEX E,BlackRock Inc,TKO.TO,Trekor Metals Ltd,1.4993,,,,,,,finance-query,top_10,2026-09-19 16:46 UTC,ok
XEF,TSX,iSHARES CORE MSCI EAFE IMI INDE,BlackRock Inc,IEFA,iShares Core MSCI EAFE ETF,3.6669,,,,,,,finance-query,top_10,2026-09-19 16:46 UTC,ok
XEF,TSX,iSHARES CORE MSCI EAFE IMI INDE,BlackRock Inc,ASML.AS,ASML Holding NV,2.4162,,,,,,,finance-query,top_10,2026-09-19 16:46 UTC,ok
XEF,TSX,iSHARES CORE MSCI EAFE IMI INDE,BlackRock Inc,HSBA.L,HSBC Holdings PLC,1.3054,,,,,,,finance-query,top_10,2026-09-19 16:46 UTC,ok
XEF,TSX,iSHARES CORE MSCI EAFE IMI INDE,BlackRock Inc,ROP.SW,Roche Holding AG Ordinary Shares new,1.1259,,,,,,,finance-query,top_10,2026-09-19 16:46 UTC,ok
XEF,TSX,iSHARES CORE MSCI EAFE IMI INDE,BlackRock Inc,NOVN.SW,Novartis AG Registered Shares,1.0313,,,,,,,finance-query,top_10,2026-09-19 16:46 UTC,ok
XEF,TSX,iSHARES CORE MSCI EAFE IMI INDE,BlackRock Inc,SHEL.L,Shell PLC,0.9341,,,,,,,finance-query,top_10,2026-09-19 16:46 UTC,ok
XEF,TSX,iSHARES CORE MSCI EAFE IMI INDE,BlackRock Inc,NESN.SW,Nestle SA,0.9222,,,,,,,finance-query,top_10,2026-09-19 16:46 UTC,ok
XEF,TSX,iSHARES CORE MSCI EAFE IMI INDE,BlackRock Inc,8306.T,Mitsubishi UFJ Financial Group Inc,0.9019,,,,,,,finance-query,top_10,2026-09-19 16:46 UTC,ok
XEF,TSX,iSHARES CORE MSCI EAFE IMI INDE,BlackRock Inc,AZN.L,AstraZeneca PLC,0.9002,,,,,,,finance-query,top_10,2026-09-19 16:46 UTC,ok
XEF,TSX,iSHARES CORE MSCI EAFE IMI INDE,BlackRock Inc,BHP.AX,BHP Group Ltd,0.8919,,,,,,,finance-query,top_10,2026-09-19 16:46 UTC,ok
XEG,TSX,iSHARES SP TSX CAPPED ENERGY IN,BlackRock Inc,CNQ.TO,Canadian Natural Resources Ltd,25.5395,,,,,,,finance-query,top_10,2026-09-19 16:46 UTC,ok
XEG,TSX,iSHARES SP TSX CAPPED ENERGY IN,BlackRock Inc,SU.TO,Suncor Energy Inc,24.7928,,,,,,,finance-query,top_10,2026-09-19 16:46 UTC,ok
XEG,TSX,iSHARES SP TSX CAPPED ENERGY IN,BlackRock Inc,CVE.TO,Cenovus Energy Inc,13.6087,,,,,,,finance-query,top_10,2026-09-19 16:46 UTC,ok
XEG,TSX,iSHARES SP TSX CAPPED ENERGY IN,BlackRock Inc,IMO.TO,Imperial Oil Ltd,6.183,,,,,,,finance-query,top_10,2026-09-19 16:46 UTC,ok
XEG,TSX,iSHARES SP TSX CAPPED ENERGY IN,BlackRock Inc,TOU.TO,Tourmaline Oil Corp,5.2721,,,,,,,finance-query,top_10,2026-09-19 16:46 UTC,ok
XEG,TSX,iSHARES SP TSX CAPPED ENERGY IN,BlackRock Inc,WCP.TO,Whitecap Resources Inc,4.9365,,,,,,,finance-query,top_10,2026-09-19 16:46 UTC,ok
XEG,TSX,iSHARES SP TSX CAPPED ENERGY IN,BlackRock Inc,ARX.TO,ARC Resources Ltd,4.2748,,,,,,,finance-query,top_10,2026-09-19 16:46 UTC,ok
XEG,TSX,iSHARES SP TSX CAPPED ENERGY IN,BlackRock Inc,PSK.TO,PrairieSky Royalty Ltd,1.9303,,,,,,,finance-query,top_10,2026-09-19 16:46 UTC,ok
XEG,TSX,iSHARES SP TSX CAPPED ENERGY IN,BlackRock Inc,TVE.TO,Tamarack Valley Energy Ltd,1.4812,,,,,,,finance-query,top_10,2026-09-19 16:46 UTC,ok
XEG,TSX,iSHARES SP TSX CAPPED ENERGY IN,BlackRock Inc,PEY.TO,Peyto Exploration & Development Corp,1.1664,,,,,,,finance-query,top_10,2026-09-19 16:46 UTC,ok
XIT,TSX,iSHARES SP TSX CAPPED INFO TECH,BlackRock Inc,SHOP,Shopify Inc Registered Shs -A- Subord Vtg,25.9168,,,,,,,finance-query,top_10,2026-09-19 16:46 UTC,ok
XIT,TSX,iSHARES SP TSX CAPPED INFO TECH,BlackRock Inc,CSU.TO,Constellation Software Inc,25.5724,,,,,,,finance-query,top_10,2026-09-19 16:46 UTC,ok
XIT,TSX,iSHARES SP TSX CAPPED INFO TECH,BlackRock Inc,CLS.TO,Celestica Inc Ordinary Shares (Subordinate Voting),22.7198,,,,,,,finance-query,top_10,2026-09-19 16:46 UTC,ok
XIT,TSX,iSHARES SP TSX CAPPED INFO TECH,BlackRock Inc,GIB-A.TO,CGI Inc Class A,9.5036,,,,,,,finance-query,top_10,2026-09-19 16:46 UTC,ok
XIT,TSX,iSHARES SP TSX CAPPED INFO TECH,BlackRock Inc,DSG.TO,The Descartes Systems Group Inc,4.6602,,,,,,,finance-query,top_10,2026-09-19 16:46 UTC,ok
XIT,TSX,iSHARES SP TSX CAPPED INFO TECH,BlackRock Inc,OTEX.TO,Open Text Corp,4.0687,,,,,,,finance-query,top_10,2026-09-19 16:46 UTC,ok
XIT,TSX,iSHARES SP TSX CAPPED INFO TECH,BlackRock Inc,BB.TO,BlackBerry Ltd,2.9745,,,,,,,finance-query,top_10,2026-09-19 16:46 UTC,ok
XIT,TSX,iSHARES SP TSX CAPPED INFO TECH,BlackRock Inc,KXS.TO,Kinaxis Inc,2.3501,,,,,,,finance-query,top_10,2026-09-19 16:46 UTC,ok
XIT,TSX,iSHARES SP TSX CAPPED INFO TECH,BlackRock Inc,LSPD.TO,Lightspeed Commerce Inc Ordinary Shares (Sub Voting),0.8934,,,,,,,finance-query,top_10,2026-09-19 16:46 UTC,ok
XIT,TSX,iSHARES SP TSX CAPPED INFO TECH,BlackRock Inc,ENGH.TO,Enghouse Systems Ltd,0.3575,,,,,,,finance-query,top_10,2026-09-19 16:46 UTC,ok
XGD,TSX,iSHARES S&P/TSX GLOBAL GOLD IND,BlackRock Inc,NEM,Newmont Corp,16.4173,,,,,,,finance-query,top_10,2026-09-19 16:46 UTC,ok
XGD,TSX,iSHARES S&P/TSX GLOBAL GOLD IND,BlackRock Inc,AEM.TO,Agnico Eagle Mines Ltd,12.5593,,,,,,,finance-query,top_10,2026-09-19 16:46 UTC,ok
XGD,TSX,iSHARES S&P/TSX GLOBAL GOLD IND,BlackRock Inc,ABX.TO,Barrick Mining Corp,9.1648,,,,,,,finance-query,top_10,2026-09-19 16:46 UTC,ok
XGD,TSX,iSHARES S&P/TSX GLOBAL GOLD IND,BlackRock Inc,WPM.TO,Wheaton Precious Metals Corp,8.3462,,,,,,,finance-query,top_10,2026-09-19 16:46 UTC,ok
XGD,TSX,iSHARES S&P/TSX GLOBAL GOLD IND,BlackRock Inc,FNV.TO,Franco-Nevada Corp,6.1863,,,,,,,finance-query,top_10,2026-09-19 16:46 UTC,ok
XGD,TSX,iSHARES S&P/TSX GLOBAL GOLD IND,BlackRock Inc,AU,Anglogold Ashanti PLC,5.8209,,,,,,,finance-query,top_10,2026-09-19 16:46 UTC,ok
XGD,TSX,iSHARES S&P/TSX GLOBAL GOLD IND,BlackRock Inc,GFI,Gold Fields Ltd ADR,5.0611,,,,,,,finance-query,top_10,2026-09-19 16:46 UTC,ok
XGD,TSX,iSHARES S&P/TSX GLOBAL GOLD IND,BlackRock Inc,K.TO,Kinross Gold Corp,4.4552,,,,,,,finance-query,top_10,2026-09-19 16:46 UTC,ok
XGD,TSX,iSHARES S&P/TSX GLOBAL GOLD IND,BlackRock Inc,PAAS.TO,Pan American Silver Corp,2.6697,,,,,,,finance-query,top_10,2026-09-19 16:46 UTC,ok
XGD,TSX,iSHARES S&P/TSX GLOBAL GOLD IND,BlackRock Inc,CDE,Coeur Mining Inc,2.6232,,,,,,,finance-query,top_10,2026-09-19 16:46 UTC,ok
XFN,TSX,iSHARES SP TSX CAPPED FINANCIAL,BlackRock Inc,RY,Royal Bank of Canada,22.4758,,,,,,,finance-query,top_10,2026-09-19 16:46 UTC,ok
XFN,TSX,iSHARES SP TSX CAPPED FINANCIAL,BlackRock Inc,TD,The Toronto-Dominion Bank,15.9003,,,,,,,finance-query,top_10,2026-09-19 16:46 UTC,ok
XFN,TSX,iSHARES SP TSX CAPPED FINANCIAL,BlackRock Inc,BMO.TO,Bank of Montreal,9.3953,,,,,,,finance-query,top_10,2026-09-19 16:46 UTC,ok
XFN,TSX,iSHARES SP TSX CAPPED FINANCIAL,BlackRock Inc,BNS.TO,Bank of Nova Scotia,8.8477,,,,,,,finance-query,top_10,2026-09-19 16:46 UTC,ok
XFN,TSX,iSHARES SP TSX CAPPED FINANCIAL,BlackRock Inc,CM.TO,Canadian Imperial Bank of Commerce,8.2152,,,,,,,finance-query,top_10,2026-09-19 16:46 UTC,ok
XFN,TSX,iSHARES SP TSX CAPPED FINANCIAL,BlackRock Inc,BN.TO,Brookfield Corp Registered Shs -A- Limited Vtg,6.9196,,,,,,,finance-query,top_10,2026-09-19 16:46 UTC,ok
XFN,TSX,iSHARES SP TSX CAPPED FINANCIAL,BlackRock Inc,MFC.TO,Manulife Financial Corp,5.5671,,,,,,,finance-query,top_10,2026-09-19 16:46 UTC,ok
XFN,TSX,iSHARES SP TSX CAPPED FINANCIAL,BlackRock Inc,NA.TO,National Bank of Canada,4.6512,,,,,,,finance-query,top_10,2026-09-19 16:46 UTC,ok
XFN,TSX,iSHARES SP TSX CAPPED FINANCIAL,BlackRock Inc,SLF.TO,Sun Life Financial Inc,3.4218,,,,,,,finance-query,top_10,2026-09-19 16:46 UTC,ok
XFN,TSX,iSHARES SP TSX CAPPED FINANCIAL,BlackRock Inc,POW.TO,Power Corporation of Canada Shs Subord.Voting,2.7598,,,,,,,finance-query,top_10,2026-09-19 16:46 UTC,ok
XMA,TSX,iSHARES SP TSX CAPPED MATERIALS,BlackRock Inc,AEM.TO,Agnico Eagle Mines Ltd,14.4729,,,,,,,finance-query,top_10,2026-09-19 16:46 UTC,ok
XMA,TSX,iSHARES SP TSX CAPPED MATERIALS,BlackRock Inc,ABX.TO,Barrick Mining Corp,10.5616,,,,,,,finance-query,top_10,2026-09-19 16:46 UTC,ok
XMA,TSX,iSHARES SP TSX CAPPED MATERIALS,BlackRock Inc,WPM.TO,Wheaton Precious Metals Corp,9.6191,,,,,,,finance-query,top_10,2026-09-19 16:46 UTC,ok
XMA,TSX,iSHARES SP TSX CAPPED MATERIALS,BlackRock Inc,FNV.TO,Franco-Nevada Corp,7.13,,,,,,,finance-query,top_10,2026-09-19 16:46 UTC,ok
XMA,TSX,iSHARES SP TSX CAPPED MATERIALS,BlackRock Inc,K.TO,Kinross Gold Corp,5.1326,,,,,,,finance-query,top_10,2026-09-19 16:46 UTC,ok
XMA,TSX,iSHARES SP TSX CAPPED MATERIALS,BlackRock Inc,NTR.TO,Nutrien Ltd,5.0969,,,,,,,finance-query,top_10,2026-09-19 16:46 UTC,ok
XMA,TSX,iSHARES SP TSX CAPPED MATERIALS,BlackRock Inc,TECK-B.TO,Teck Resources Ltd Class B (Sub Voting),4.296,,,,,,,finance-query,top_10,2026-09-19 16:46 UTC,ok
XMA,TSX,iSHARES SP TSX CAPPED MATERIALS,BlackRock Inc,FM.TO,First Quantum Minerals Ltd,3.1588,,,,,,,finance-query,top_10,2026-09-19 16:46 UTC,ok
XMA,TSX,iSHARES SP TSX CAPPED MATERIALS,BlackRock Inc,PAAS.TO,Pan American Silver Corp,3.0757,,,,,,,finance-query,top_10,2026-09-19 16:46 UTC,ok
XMA,TSX,iSHARES SP TSX CAPPED MATERIALS,BlackRock Inc,LUN.TO,Lundin Mining Corp,2.5437,,,,,,,finance-query,top_10,2026-09-19 16:46 UTC,ok
XRE,TSX,iSHARES SP TSX CAPPED REIT INDE,BlackRock Inc,REI-UN.TO,Riocan Real Estate Investment Trust,12.8166,,,,,,,finance-query,top_10,2026-09-19 16:46 UTC,ok
XRE,TSX,iSHARES SP TSX CAPPED REIT INDE,BlackRock Inc,GRT-UN.TO,Granite Real Estate Investment Trust Unit,11.3873,,,,,,,finance-query,top_10,2026-09-19 16:46 UTC,ok
XRE,TSX,iSHARES SP TSX CAPPED REIT INDE,BlackRock Inc,CAR-UN.TO,Canadian Apartment Properties Real Estate Investment Trust Unit,10.5701,,,,,,,finance-query,top_10,2026-09-19 16:46 UTC,ok
XRE,TSX,iSHARES SP TSX CAPPED REIT INDE,BlackRock Inc,FCR-UN.TO,First Capital REIT,10.1657,,,,,,,finance-query,top_10,2026-09-19 16:46 UTC,ok
XRE,TSX,iSHARES SP TSX CAPPED REIT INDE,BlackRock Inc,CHP-UN.TO,Choice Properties Real Estate Investment Trust,8.7814,,,,,,,finance-query,top_10,2026-09-19 16:46 UTC,ok
XRE,TSX,iSHARES SP TSX CAPPED REIT INDE,BlackRock Inc,DIR-UN.TO,Dream Industrial Real Estate Investment Trust,8.0923,,,,,,,finance-query,top_10,2026-09-19 16:46 UTC,ok
XRE,TSX,iSHARES SP TSX CAPPED REIT INDE,BlackRock Inc,SRU-UN.TO,SmartCentres Real Estate Investment Trust Trust Units Variable Voting,7.4904,,,,,,,finance-query,top_10,2026-09-19 16:46 UTC,ok
XRE,TSX,iSHARES SP TSX CAPPED REIT INDE,BlackRock Inc,HR-UN.TO,H&R Real Estate Investment Trust Stapled Units Cons of 1 H&R REIT Ut ' 1 H&,5.5429,,,,,,,finance-query,top_10,2026-09-19 16:46 UTC,ok
XRE,TSX,iSHARES SP TSX CAPPED REIT INDE,BlackRock Inc,PMZ-UN.TO,Primaris REIT Unit - Series A,5.3307,,,,,,,finance-query,top_10,2026-09-19 16:46 UTC,ok
XRE,TSX,iSHARES SP TSX CAPPED REIT INDE,BlackRock Inc,BEI-UN.TO,Boardwalk Real Estate Investment Trust,5.1863,,,,,,,finance-query,top_10,2026-09-19 16:46 UTC,ok
XTR,TSX,iSHARES DIVERSIFIED MONTHLY INC,BlackRock Inc,XHU.TO,iShares US High Dividend Equity ETF,18.1563,,,,,,,finance-query,top_10,2026-09-19 16:46 UTC,ok
XTR,TSX,iSHARES DIVERSIFIED MONTHLY INC,BlackRock Inc,XSH.TO,iShares Core Canadian ST Corp Bd ETF,13.8444,,,,,,,finance-query,top_10,2026-09-19 16:46 UTC,ok
XTR,TSX,iSHARES DIVERSIFIED MONTHLY INC,BlackRock Inc,XMV.TO,iShares MSCI Min Vol Canada ETF,11.9911,,,,,,,finance-query,top_10,2026-09-19 16:46 UTC,ok
XTR,TSX,iSHARES DIVERSIFIED MONTHLY INC,BlackRock Inc,XHY.TO,iShares US High Yield Bond ETF CADH,8.8966,,,,,,,finance-query,top_10,2026-09-19 16:46 UTC,ok
XTR,TSX,iSHARES DIVERSIFIED MONTHLY INC,BlackRock Inc,XLB.TO,iShares Core Canadian Long Term Bond ETF,8.5785,,,,,,,finance-query,top_10,2026-09-19 16:46 UTC,ok
XTR,TSX,iSHARES DIVERSIFIED MONTHLY INC,BlackRock Inc,XEI.TO,iShares S&P/TSX Composite High Div ETF,8.4502,,,,,,,finance-query,top_10,2026-09-19 16:46 UTC,ok
XTR,TSX,iSHARES DIVERSIFIED MONTHLY INC,BlackRock Inc,XIGS.TO,iShares 1-5 Year U.S IG Corp Bd ETF CADH,7.7551,,,,,,,finance-query,top_10,2026-09-19 16:46 UTC,ok
XTR,TSX,iSHARES DIVERSIFIED MONTHLY INC,BlackRock Inc,XDV.TO,iShares Canadian Select Dividend ETF,6.891,,,,,,,finance-query,top_10,2026-09-19 16:46 UTC,ok
XTR,TSX,iSHARES DIVERSIFIED MONTHLY INC,BlackRock Inc,XSB.TO,iShares Core Canadian Short Term Bd ETF,4.6704,,,,,,,finance-query,top_10,2026-09-19 16:46 UTC,ok
XTR,TSX,iSHARES DIVERSIFIED MONTHLY INC,BlackRock Inc,XFLB.TO,iShares Core Canadian 15+ Yr Fdrl Bd ETF,3.7299,,,,,,,finance-query,top_10,2026-09-19 16:46 UTC,ok
XDV,TSX,iSHARES CANADIAN SELECT DIV IND,BlackRock Inc,RY,Royal Bank of Canada,8.7573,,,,,,,finance-query,top_10,2026-09-19 16:46 UTC,ok
XDV,TSX,iSHARES CANADIAN SELECT DIV IND,BlackRock Inc,BMO.TO,Bank of Montreal,8.4451,,,,,,,finance-query,top_10,2026-09-19 16:46 UTC,ok
XDV,TSX,iSHARES CANADIAN SELECT DIV IND,BlackRock Inc,CTC-A.TO,Canadian Tire Corp Ltd Shs -A- Non-Voting,7.4101,,,,,,,finance-query,top_10,2026-09-19 16:46 UTC,ok
XDV,TSX,iSHARES CANADIAN SELECT DIV IND,BlackRock Inc,BNS.TO,Bank of Nova Scotia,5.8638,,,,,,,finance-query,top_10,2026-09-19 16:46 UTC,ok
XDV,TSX,iSHARES CANADIAN SELECT DIV IND,BlackRock Inc,TD,The Toronto-Dominion Bank,5.735,,,,,,,finance-query,top_10,2026-09-19 16:46 UTC,ok
XDV,TSX,iSHARES CANADIAN SELECT DIV IND,BlackRock Inc,CM.TO,Canadian Imperial Bank of Commerce,5.2,,,,,,,finance-query,top_10,2026-09-19 16:46 UTC,ok
XDV,TSX,iSHARES CANADIAN SELECT DIV IND,BlackRock Inc,SLF.TO,Sun Life Financial Inc,4.7807,,,,,,,finance-query,top_10,2026-09-19 16:46 UTC,ok
XDV,TSX,iSHARES CANADIAN SELECT DIV IND,BlackRock Inc,GWO.TO,Great-West Lifeco Inc,4.0111,,,,,,,finance-query,top_10,2026-09-19 16:46 UTC,ok
XDV,TSX,iSHARES CANADIAN SELECT DIV IND,BlackRock Inc,TRP.TO,TC Energy Corp,3.709,,,,,,,finance-query,top_10,2026-09-19 16:46 UTC,ok
XDV,TSX,iSHARES CANADIAN SELECT DIV IND,BlackRock Inc,POW.TO,Power Corporation of Canada Shs Subord.Voting,3.542,,,,,,,finance-query,top_10,2026-09-19 16:46 UTC,ok
XCG,TSX,iSHARES CANADIAN GROWTH INDEX E,BlackRock Inc,SHOP,Shopify Inc Registered Shs -A- Subord Vtg,12.2336,,,,,,,finance-query,top_10,2026-09-19 16:46 UTC,ok
XCG,TSX,iSHARES CANADIAN GROWTH INDEX E,BlackRock Inc,AEM.TO,Agnico Eagle Mines Ltd,7.641,,,,,,,finance-query,top_10,2026-09-19 16:46 UTC,ok
XCG,TSX,iSHARES CANADIAN GROWTH INDEX E,BlackRock Inc,BN.TO,Brookfield Corp Registered Shs -A- Limited Vtg,6.529,,,,,,,finance-query,top_10,2026-09-19 16:46 UTC,ok
XCG,TSX,iSHARES CANADIAN GROWTH INDEX E,BlackRock Inc,CP.TO,Canadian Pacific Kansas City Ltd,6.1021,,,,,,,finance-query,top_10,2026-09-19 16:46 UTC,ok
XCG,TSX,iSHARES CANADIAN GROWTH INDEX E,BlackRock Inc,ABX.TO,Barrick Mining Corp,5.576,,,,,,,finance-query,top_10,2026-09-19 16:46 UTC,ok
XCG,TSX,iSHARES CANADIAN GROWTH INDEX E,BlackRock Inc,WPM.TO,Wheaton Precious Metals Corp,5.0786,,,,,,,finance-query,top_10,2026-09-19 16:46 UTC,ok
XCG,TSX,iSHARES CANADIAN GROWTH INDEX E,BlackRock Inc,CNR.TO,Canadian National Railway Co,5.011,,,,,,,finance-query,top_10,2026-09-19 16:46 UTC,ok
XCG,TSX,iSHARES CANADIAN GROWTH INDEX E,BlackRock Inc,FNV.TO,Franco-Nevada Corp,3.7643,,,,,,,finance-query,top_10,2026-09-19 16:46 UTC,ok
XCG,TSX,iSHARES CANADIAN GROWTH INDEX E,BlackRock Inc,CSU.TO,Constellation Software Inc,3.3456,,,,,,,finance-query,top_10,2026-09-19 16:46 UTC,ok
XCG,TSX,iSHARES CANADIAN GROWTH INDEX E,BlackRock Inc,ATD.TO,Alimentation Couche-Tard Inc,3.3243,,,,,,,finance-query,top_10,2026-09-19 16:46 UTC,ok
XCV,TSX,iSHARES CANADIAN VALUE INDEX ET,BlackRock Inc,TD,The Toronto-Dominion Bank,10.2075,,,,,,,finance-query,top_10,2026-09-19 16:46 UTC,ok
XCV,TSX,iSHARES CANADIAN VALUE INDEX ET,BlackRock Inc,RY,Royal Bank of Canada,9.9885,,,,,,,finance-query,top_10,2026-09-19 16:46 UTC,ok
XCV,TSX,iSHARES CANADIAN VALUE INDEX ET,BlackRock Inc,BMO.TO,Bank of Montreal,7.5718,,,,,,,finance-query,top_10,2026-09-19 16:46 UTC,ok
XCV,TSX,iSHARES CANADIAN VALUE INDEX ET,BlackRock Inc,BNS.TO,Bank of Nova Scotia,7.1305,,,,,,,finance-query,top_10,2026-09-19 16:46 UTC,ok
XCV,TSX,iSHARES CANADIAN VALUE INDEX ET,BlackRock Inc,ENB.TO,Enbridge Inc,7.0117,,,,,,,finance-query,top_10,2026-09-19 16:46 UTC,ok
XCV,TSX,iSHARES CANADIAN VALUE INDEX ET,BlackRock Inc,CNQ.TO,Canadian Natural Resources Ltd,6.6284,,,,,,,finance-query,top_10,2026-09-19 16:46 UTC,ok
XCV,TSX,iSHARES CANADIAN VALUE INDEX ET,BlackRock Inc,CM.TO,Canadian Imperial Bank of Commerce,6.6208,,,,,,,finance-query,top_10,2026-09-19 16:46 UTC,ok
XCV,TSX,iSHARES CANADIAN VALUE INDEX ET,BlackRock Inc,SU.TO,Suncor Energy Inc,5.0069,,,,,,,finance-query,top_10,2026-09-19 16:46 UTC,ok
XCV,TSX,iSHARES CANADIAN VALUE INDEX ET,BlackRock Inc,MFC.TO,Manulife Financial Corp,4.4866,,,,,,,finance-query,top_10,2026-09-19 16:46 UTC,ok
XCV,TSX,iSHARES CANADIAN VALUE INDEX ET,BlackRock Inc,TRP.TO,TC Energy Corp,4.1341,,,,,,,finance-query,top_10,2026-09-19 16:46 UTC,ok
XEN,TSX,iSHARES JANTZI SOCIAL INDEX ETF,BlackRock Inc,RY,Royal Bank of Canada,9.7514,,,,,,,finance-query,top_10,2026-09-19 16:46 UTC,ok
XEN,TSX,iSHARES JANTZI SOCIAL INDEX ETF,BlackRock Inc,SHOP,Shopify Inc Registered Shs -A- Subord Vtg,7.7915,,,,,,,finance-query,top_10,2026-09-19 16:46 UTC,ok
XEN,TSX,iSHARES JANTZI SOCIAL INDEX ETF,BlackRock Inc,BMO.TO,Bank of Montreal,4.7804,,,,,,,finance-query,top_10,2026-09-19 16:46 UTC,ok
XEN,TSX,iSHARES JANTZI SOCIAL INDEX ETF,BlackRock Inc,AEM.TO,Agnico Eagle Mines Ltd,4.7139,,,,,,,finance-query,top_10,2026-09-19 16:46 UTC,ok
XEN,TSX,iSHARES JANTZI SOCIAL INDEX ETF,BlackRock Inc,BNS.TO,Bank of Nova Scotia,4.4989,,,,,,,finance-query,top_10,2026-09-19 16:46 UTC,ok
XEN,TSX,iSHARES JANTZI SOCIAL INDEX ETF,BlackRock Inc,ENB.TO,Enbridge Inc,4.4017,,,,,,,finance-query,top_10,2026-09-19 16:46 UTC,ok
XEN,TSX,iSHARES JANTZI SOCIAL INDEX ETF,BlackRock Inc,CM.TO,Canadian Imperial Bank of Commerce,4.2146,,,,,,,finance-query,top_10,2026-09-19 16:46 UTC,ok
XEN,TSX,iSHARES JANTZI SOCIAL INDEX ETF,BlackRock Inc,CNQ.TO,Canadian Natural Resources Ltd,4.0496,,,,,,,finance-query,top_10,2026-09-19 16:46 UTC,ok
XEN,TSX,iSHARES JANTZI SOCIAL INDEX ETF,BlackRock Inc,CP.TO,Canadian Pacific Kansas City Ltd,3.2792,,,,,,,finance-query,top_10,2026-09-19 16:46 UTC,ok
XEN,TSX,iSHARES JANTZI SOCIAL INDEX ETF,BlackRock Inc,ABX.TO,Barrick Mining Corp,3.2639,,,,,,,finance-query,top_10,2026-09-19 16:46 UTC,ok
XSB,TSX,iShares Core Canadian Short Term Bond Index ETF,BlackRock Inc,,,,,,,,,,finance-query,top_10,2026-09-19 16:46 UTC,no_holdings_found [XSB.TO:200-no-holdings XSB:200-no-holdings]
XBB,TSX,iShares Core Canadian Universe Bond Index ETF,BlackRock Inc,,,,,,,,,,finance-query,top_10,2026-09-19 16:46 UTC,no_holdings_found [XBB.TO:200-no-holdings XBB:200-no-holdings]
XRB,TSX,iShares Canadian Real Return Bond Index ETF,BlackRock Inc,,,,,,,,,,finance-query,top_10,2026-09-19 16:46 UTC,no_holdings_found [XRB.TO:200-no-holdings XRB:200-no-holdings]
XCB,TSX,iShares Canadian Corporate Bond Index ETF,BlackRock Inc,,,,,,,,,,finance-query,top_10,2026-09-19 16:46 UTC,no_holdings_found [XCB.TO:200-no-holdings XCB:200-no-holdings]
XGB,TSX,iShares Canadian Government Bond Index ETF,BlackRock Inc,,,,,,,,,,finance-query,top_10,2026-09-19 16:46 UTC,no_holdings_found [XGB.TO:200-no-holdings XGB:200-no-holdings]
XLB,TSX,State Street Materials Select S,BlackRock Inc,LIN,Linde PLC,13.1349,,,,,,,finance-query,top_10,2026-09-19 16:46 UTC,ok
XLB,TSX,State Street Materials Select S,BlackRock Inc,NEM,Newmont Corp,7.8091,,,,,,,finance-query,top_10,2026-09-19 16:46 UTC,ok
XLB,TSX,State Street Materials Select S,BlackRock Inc,FCX,Freeport-McMoRan Inc,6.3181,,,,,,,finance-query,top_10,2026-09-19 16:46 UTC,ok
XLB,TSX,State Street Materials Select S,BlackRock Inc,CTVA,Corteva Inc,4.9064,,,,,,,finance-query,top_10,2026-09-19 16:46 UTC,ok
XLB,TSX,State Street Materials Select S,BlackRock Inc,APD,Air Products and Chemicals Inc,4.8312,,,,,,,finance-query,top_10,2026-09-19 16:46 UTC,ok
XLB,TSX,State Street Materials Select S,BlackRock Inc,SHW,Sherwin-Williams Co,4.8125,,,,,,,finance-query,top_10,2026-09-19 16:46 UTC,ok
XLB,TSX,State Street Materials Select S,BlackRock Inc,ECL,Ecolab Inc,4.7571,,,,,,,finance-query,top_10,2026-09-19 16:46 UTC,ok
XLB,TSX,State Street Materials Select S,BlackRock Inc,NUE,Nucor Corp,4.3022,,,,,,,finance-query,top_10,2026-09-19 16:46 UTC,ok
XLB,TSX,State Street Materials Select S,BlackRock Inc,VMC,Vulcan Materials Co,4.2678,,,,,,,finance-query,top_10,2026-09-19 16:46 UTC,ok
XLB,TSX,State Street Materials Select S,BlackRock Inc,CRH,CRH PLC,4.0711,,,,,,,finance-query,top_10,2026-09-19 16:46 UTC,ok
XSP,TSX,iSHARES CORE SP 500 IDX ETF CAD,BlackRock Inc,IVV,iShares Core S&P 500 ETF,99.8963,,,,,,,finance-query,top_10,2026-09-19 16:46 UTC,ok
XUS,TSX,iSHARES CORE SP 500 INDEX ETF,BlackRock Inc,IVV,iShares Core S&P 500 ETF,99.9456,,,,,,,finance-query,top_10,2026-09-19 16:46 UTC,ok
XSU,TSX,iSHARES US SMALL CAP INDEX ETF,BlackRock Inc,IWM,iShares Russell 2000 ETF,99.7443,,,,,,,finance-query,top_10,2026-09-19 16:46 UTC,ok
XIN,TSX,iSHARES MSCI EAFE INDEX ETF,BlackRock Inc,EFA,iShares MSCI EAFE ETF,99.9084,,,,,,,finance-query,top_10,2026-09-19 16:46 UTC,ok
XEM,TSX,iSHARES MSCI EMERGING MARKETS I,BlackRock Inc,EEM,iShares MSCI Emerging Markets ETF,99.9474,,,,,,,finance-query,top_10,2026-09-19 16:46 UTC,ok
XWD,TSX,iSHARES MSCI WORLD INDEX ETF,BlackRock Inc,IVV,iShares Core S&P 500 ETF,71.9077,,,,,,,finance-query,top_10,2026-09-19 16:46 UTC,ok
XWD,TSX,iSHARES MSCI WORLD INDEX ETF,BlackRock Inc,EFA,iShares MSCI EAFE ETF,24.4675,,,,,,,finance-query,top_10,2026-09-19 16:46 UTC,ok
XWD,TSX,iSHARES MSCI WORLD INDEX ETF,BlackRock Inc,XIU.TO,iShares S&P/TSX 60 ETF,3.5156,,,,,,,finance-query,top_10,2026-09-19 16:46 UTC,ok
XWD,TSX,iSHARES MSCI WORLD INDEX ETF,BlackRock Inc,SPCX,Space Exploration Technologies Corp Class A,0.082,,,,,,,finance-query,top_10,2026-09-19 16:46 UTC,ok
XQQ,TSX,iSHARES NASDAQ 100 INDEX ETF,BlackRock Inc,NVDA,NVIDIA Corp,8.5171,,,,,,,finance-query,top_10,2026-09-19 16:46 UTC,ok
XQQ,TSX,iSHARES NASDAQ 100 INDEX ETF,BlackRock Inc,AAPL,Apple Inc,7.4185,,,,,,,finance-query,top_10,2026-09-19 16:46 UTC,ok
XQQ,TSX,iSHARES NASDAQ 100 INDEX ETF,BlackRock Inc,MSFT,Microsoft Corp,6.0072,,,,,,,finance-query,top_10,2026-09-19 16:46 UTC,ok
XQQ,TSX,iSHARES NASDAQ 100 INDEX ETF,BlackRock Inc,MU,Micron Technology Inc,4.7582,,,,,,,finance-query,top_10,2026-09-19 16:46 UTC,ok
XQQ,TSX,iSHARES NASDAQ 100 INDEX ETF,BlackRock Inc,AMZN,Amazon.com Inc,4.4545,,,,,,,finance-query,top_10,2026-09-19 16:46 UTC,ok
XQQ,TSX,iSHARES NASDAQ 100 INDEX ETF,BlackRock Inc,AMD,Advanced Micro Devices Inc,3.3779,,,,,,,finance-query,top_10,2026-09-19 16:46 UTC,ok
XQQ,TSX,iSHARES NASDAQ 100 INDEX ETF,BlackRock Inc,GOOGL,Alphabet Inc Class A,3.1506,,,,,,,finance-query,top_10,2026-09-19 16:46 UTC,ok
XQQ,TSX,iSHARES NASDAQ 100 INDEX ETF,BlackRock Inc,TSLA,Tesla Inc,2.9301,,,,,,,finance-query,top_10,2026-09-19 16:46 UTC,ok
XQQ,TSX,iSHARES NASDAQ 100 INDEX ETF,BlackRock Inc,GOOG,Alphabet Inc Class C,2.9172,,,,,,,finance-query,top_10,2026-09-19 16:46 UTC,ok
XQQ,TSX,iSHARES NASDAQ 100 INDEX ETF,BlackRock Inc,AVGO,Broadcom Inc,2.7991,,,,,,,finance-query,top_10,2026-09-19 16:46 UTC,ok
XCHP,TSX,iSHARES SEMICONDUCTOR INDEX ETF,BlackRock Inc,NVDA,NVIDIA Corp,9.423,,,,,,,finance-query,top_10,2026-09-19 16:46 UTC,ok
XCHP,TSX,iSHARES SEMICONDUCTOR INDEX ETF,BlackRock Inc,MU,Micron Technology Inc,8.8953,,,,,,,finance-query,top_10,2026-09-19 16:46 UTC,ok
XCHP,TSX,iSHARES SEMICONDUCTOR INDEX ETF,BlackRock Inc,AMD,Advanced Micro Devices Inc,8.2154,,,,,,,finance-query,top_10,2026-09-19 16:46 UTC,ok
XCHP,TSX,iSHARES SEMICONDUCTOR INDEX ETF,BlackRock Inc,AVGO,Broadcom Inc,7.4716,,,,,,,finance-query,top_10,2026-09-19 16:46 UTC,ok
XCHP,TSX,iSHARES SEMICONDUCTOR INDEX ETF,BlackRock Inc,INTC,Intel Corp,5.0905,,,,,,,finance-query,top_10,2026-09-19 16:46 UTC,ok
XCHP,TSX,iSHARES SEMICONDUCTOR INDEX ETF,BlackRock Inc,MRVL,Marvell Technology Inc,4.6531,,,,,,,finance-query,top_10,2026-09-19 16:46 UTC,ok
XCHP,TSX,iSHARES SEMICONDUCTOR INDEX ETF,BlackRock Inc,TSM,Taiwan Semiconductor Manufacturing Co Ltd ADR,4.6466,,,,,,,finance-query,top_10,2026-09-19 16:46 UTC,ok
XCHP,TSX,iSHARES SEMICONDUCTOR INDEX ETF,BlackRock Inc,AMAT,Applied Materials Inc,4.5853,,,,,,,finance-query,top_10,2026-09-19 16:46 UTC,ok
XCHP,TSX,iSHARES SEMICONDUCTOR INDEX ETF,BlackRock Inc,LRCX,Lam Research Corp,4.2685,,,,,,,finance-query,top_10,2026-09-19 16:46 UTC,ok
XCHP,TSX,iSHARES SEMICONDUCTOR INDEX ETF,BlackRock Inc,KLAC,KLA Corp,4.1148,,,,,,,finance-query,top_10,2026-09-19 16:46 UTC,ok
ZCN,TSX,BMO SP TSX CAPPED COMP IDX ETF,BMO Asset Management,RY,Royal Bank of Canada,7.7182,,,,,,,finance-query,top_10,2026-09-19 16:46 UTC,ok
ZCN,TSX,BMO SP TSX CAPPED COMP IDX ETF,BMO Asset Management,TD,The Toronto-Dominion Bank,5.2653,,,,,,,finance-query,top_10,2026-09-19 16:46 UTC,ok
ZCN,TSX,BMO SP TSX CAPPED COMP IDX ETF,BMO Asset Management,SHOP,Shopify Inc Registered Shs -A- Subord Vtg,4.7588,,,,,,,finance-query,top_10,2026-09-19 16:46 UTC,ok
ZCN,TSX,BMO SP TSX CAPPED COMP IDX ETF,BMO Asset Management,BMO.TO,Bank of Montreal,3.2759,,,,,,,finance-query,top_10,2026-09-19 16:46 UTC,ok
ZCN,TSX,BMO SP TSX CAPPED COMP IDX ETF,BMO Asset Management,ENB.TO,Enbridge Inc,2.924,,,,,,,finance-query,top_10,2026-09-19 16:46 UTC,ok
ZCN,TSX,BMO SP TSX CAPPED COMP IDX ETF,BMO Asset Management,CM.TO,Canadian Imperial Bank of Commerce,2.8795,,,,,,,finance-query,top_10,2026-09-19 16:46 UTC,ok
ZCN,TSX,BMO SP TSX CAPPED COMP IDX ETF,BMO Asset Management,BNS.TO,Bank of Nova Scotia,2.8607,,,,,,,finance-query,top_10,2026-09-19 16:46 UTC,ok
ZCN,TSX,BMO SP TSX CAPPED COMP IDX ETF,BMO Asset Management,AEM.TO,Agnico Eagle Mines Ltd,2.8015,,,,,,,finance-query,top_10,2026-09-19 16:46 UTC,ok
ZCN,TSX,BMO SP TSX CAPPED COMP IDX ETF,BMO Asset Management,CNQ.TO,Canadian Natural Resources Ltd,2.7429,,,,,,,finance-query,top_10,2026-09-19 16:46 UTC,ok
ZCN,TSX,BMO SP TSX CAPPED COMP IDX ETF,BMO Asset Management,BN.TO,Brookfield Corp Registered Shs -A- Limited Vtg,2.3906,,,,,,,finance-query,top_10,2026-09-19 16:46 UTC,ok
ZCLN,TSX,BMO CLEAN ENERGY INDEX ETF,BMO Asset Management,FSLR,First Solar Inc,8.4963,,,,,,,finance-query,top_10,2026-09-19 16:46 UTC,ok
ZCLN,TSX,BMO CLEAN ENERGY INDEX ETF,BMO Asset Management,600900.SS,China Yangtze Power Co Ltd Class A,7.6597,,,,,,,finance-query,top_10,2026-09-19 16:46 UTC,ok
ZCLN,TSX,BMO CLEAN ENERGY INDEX ETF,BMO Asset Management,NXT,Nextpower Inc Class A,7.1926,,,,,,,finance-query,top_10,2026-09-19 16:46 UTC,ok
ZCLN,TSX,BMO CLEAN ENERGY INDEX ETF,BMO Asset Management,BE,Bloom Energy Corp Class A,6.9571,,,,,,,finance-query,top_10,2026-09-19 16:46 UTC,ok
ZCLN,TSX,BMO CLEAN ENERGY INDEX ETF,BMO Asset Management,ENPH,Enphase Energy Inc,4.8226,,,,,,,finance-query,top_10,2026-09-19 16:46 UTC,ok
ZCLN,TSX,BMO CLEAN ENERGY INDEX ETF,BMO Asset Management,VWS.CO,Vestas Wind Systems AS,4.4059,,,,,,,finance-query,top_10,2026-09-19 16:46 UTC,ok
ZCLN,TSX,BMO CLEAN ENERGY INDEX ETF,BMO Asset Management,PLUG,Plug Power Inc,2.9208,,,,,,,finance-query,top_10,2026-09-19 16:46 UTC,ok
ZCLN,TSX,BMO CLEAN ENERGY INDEX ETF,BMO Asset Management,EQTL3.SA,Equatorial SA,2.9208,,,,,,,finance-query,top_10,2026-09-19 16:46 UTC,ok
ZCLN,TSX,BMO CLEAN ENERGY INDEX ETF,BMO Asset Management,EDP.LS,EDP-Energias De Portugal SA,2.8182,,,,,,,finance-query,top_10,2026-09-19 16:46 UTC,ok
ZCLN,TSX,BMO CLEAN ENERGY INDEX ETF,BMO Asset Management,9502.T,Chubu Electric Power Co Inc,2.5821,,,,,,,finance-query,top_10,2026-09-19 16:46 UTC,ok
ZDJ,TSX,BMO DJIA HEDGED TO CAD INDEX ET,BMO Asset Management,GS,The Goldman Sachs Group Inc,11.3514,,,,,,,finance-query,top_10,2026-09-19 16:46 UTC,ok
ZDJ,TSX,BMO DJIA HEDGED TO CAD INDEX ET,BMO Asset Management,CAT,Caterpillar Inc,9.0681,,,,,,,finance-query,top_10,2026-09-19 16:46 UTC,ok
ZDJ,TSX,BMO DJIA HEDGED TO CAD INDEX ET,BMO Asset Management,MSFT,Microsoft Corp,5.3811,,,,,,,finance-query,top_10,2026-09-19 16:46 UTC,ok
ZDJ,TSX,BMO DJIA HEDGED TO CAD INDEX ET,BMO Asset Management,AMGN,Amgen Inc,4.915,,,,,,,finance-query,top_10,2026-09-19 16:46 UTC,ok
ZDJ,TSX,BMO DJIA HEDGED TO CAD INDEX ET,BMO Asset Management,UNH,UnitedHealth Group Inc,4.3178,,,,,,,finance-query,top_10,2026-09-19 16:46 UTC,ok
ZDJ,TSX,BMO DJIA HEDGED TO CAD INDEX ET,BMO Asset Management,V,Visa Inc Class A,4.0615,,,,,,,finance-query,top_10,2026-09-19 16:46 UTC,ok
ZDJ,TSX,BMO DJIA HEDGED TO CAD INDEX ET,BMO Asset Management,TRV,The Travelers Companies Inc,4.0246,,,,,,,finance-query,top_10,2026-09-19 16:46 UTC,ok
ZDJ,TSX,BMO DJIA HEDGED TO CAD INDEX ET,BMO Asset Management,JPM,JPMorgan Chase & Co,3.9695,,,,,,,finance-query,top_10,2026-09-19 16:46 UTC,ok
ZDJ,TSX,BMO DJIA HEDGED TO CAD INDEX ET,BMO Asset Management,SHW,Sherwin-Williams Co,3.9287,,,,,,,finance-query,top_10,2026-09-19 16:46 UTC,ok
ZDJ,TSX,BMO DJIA HEDGED TO CAD INDEX ET,BMO Asset Management,GOOGL,Alphabet Inc Class A,3.8301,,,,,,,finance-query,top_10,2026-09-19 16:46 UTC,ok
ZUE,TSX,BMO SP 500 HEDGED CAD IDX ETF,BMO Asset Management,ZSP.TO,BMO S&P 500 ETF (CAD),99.9561,,,,,,,finance-query,top_10,2026-09-19 16:46 UTC,ok
ZDM,TSX,BMO MSCI EAFE HEDGED TO CAD IND,BMO Asset Management,ZEA.TO,BMO MSCI EAFE ETF,99.9471,,,,,,,finance-query,top_10,2026-09-19 16:46 UTC,ok
ZEM,TSX,BMO MSCI EMERGING MARKETS INDEX,BMO Asset Management,2330.TW,Taiwan Semiconductor Manufacturing Co Ltd,14.1553,,,,,,,finance-query,top_10,2026-09-19 16:46 UTC,ok
ZEM,TSX,BMO MSCI EMERGING MARKETS INDEX,BMO Asset Management,005930.KQ,Samsung Electronics Co Ltd,6.6035,,,,,,,finance-query,top_10,2026-09-19 16:46 UTC,ok
ZEM,TSX,BMO MSCI EMERGING MARKETS INDEX,BMO Asset Management,EEM,iShares MSCI Emerging Markets ETF,5.4714,,,,,,,finance-query,top_10,2026-09-19 16:46 UTC,ok
ZEM,TSX,BMO MSCI EMERGING MARKETS INDEX,BMO Asset Management,000660.KQ,SK hynix Inc,4.7099,,,,,,,finance-query,top_10,2026-09-19 16:46 UTC,ok
ZEM,TSX,BMO MSCI EMERGING MARKETS INDEX,BMO Asset Management,0700.HK,Tencent Holdings Ltd,2.8256,,,,,,,finance-query,top_10,2026-09-19 16:46 UTC,ok
ZEM,TSX,BMO MSCI EMERGING MARKETS INDEX,BMO Asset Management,9988.HK,Alibaba Group Holding Ltd Ordinary Shares,2.134,,,,,,,finance-query,top_10,2026-09-19 16:46 UTC,ok
ZEM,TSX,BMO MSCI EMERGING MARKETS INDEX,BMO Asset Management,2454.TW,MediaTek Inc,1.3599,,,,,,,finance-query,top_10,2026-09-19 16:46 UTC,ok
ZEM,TSX,BMO MSCI EMERGING MARKETS INDEX,BMO Asset Management,2308.TW,Delta Electronics Inc,0.8199,,,,,,,finance-query,top_10,2026-09-19 16:46 UTC,ok
ZEM,TSX,BMO MSCI EMERGING MARKETS INDEX,BMO Asset Management,00939,China Construction Bank Corp Class H,0.7952,,,,,,,finance-query,top_10,2026-09-19 16:46 UTC,ok
ZEM,TSX,BMO MSCI EMERGING MARKETS INDEX,BMO Asset Management,005935,Samsung Electronics Co Ltd Participating Preferred,0.7864,,,,,,,finance-query,top_10,2026-09-19 16:46 UTC,ok
ZCH,TSX,BMO MSCI CHINA SELECTION EQTY I,BMO Asset Management,0700.HK,Tencent Holdings Ltd,20.6,,,,,,,finance-query,top_10,2026-09-19 16:46 UTC,ok
ZCH,TSX,BMO MSCI CHINA SELECTION EQTY I,BMO Asset Management,9988.HK,Alibaba Group Holding Ltd Ordinary Shares,15.6804,,,,,,,finance-query,top_10,2026-09-19 16:46 UTC,ok
ZCH,TSX,BMO MSCI CHINA SELECTION EQTY I,BMO Asset Management,00939,China Construction Bank Corp Class H,5.6535,,,,,,,finance-query,top_10,2026-09-19 16:46 UTC,ok
ZCH,TSX,BMO MSCI CHINA SELECTION EQTY I,BMO Asset Management,01398,Industrial And Commercial Bank Of China Ltd Class H,3.5663,,,,,,,finance-query,top_10,2026-09-19 16:46 UTC,ok
ZCH,TSX,BMO MSCI CHINA SELECTION EQTY I,BMO Asset Management,3690.HK,Meituan Class B,3.2786,,,,,,,finance-query,top_10,2026-09-19 16:46 UTC,ok
ZCH,TSX,BMO MSCI CHINA SELECTION EQTY I,BMO Asset Management,02318,Ping An Insurance (Group) Co. of China Ltd Class H,2.6292,,,,,,,finance-query,top_10,2026-09-19 16:46 UTC,ok
ZCH,TSX,BMO MSCI CHINA SELECTION EQTY I,BMO Asset Management,9999.HK,NetEase Inc Ordinary Shares,2.588,,,,,,,finance-query,top_10,2026-09-19 16:46 UTC,ok
ZCH,TSX,BMO MSCI CHINA SELECTION EQTY I,BMO Asset Management,01211,BYD Co Ltd Class H,2.4615,,,,,,,finance-query,top_10,2026-09-19 16:46 UTC,ok
ZCH,TSX,BMO MSCI CHINA SELECTION EQTY I,BMO Asset Management,9618.HK,JD.com Inc Ordinary Shares - Class A,1.9502,,,,,,,finance-query,top_10,2026-09-19 16:46 UTC,ok
ZCH,TSX,BMO MSCI CHINA SELECTION EQTY I,BMO Asset Management,0992.HK,Lenovo Group Ltd,1.6595,,,,,,,finance-query,top_10,2026-09-19 16:46 UTC,ok
ZID,TSX,BMO MSCI INDIA SELECTION EQTY I,BMO Asset Management,RELIANCE.NS,Reliance Industries Ltd,17.4944,,,,,,,finance-query,top_10,2026-09-19 16:46 UTC,ok
ZID,TSX,BMO MSCI INDIA SELECTION EQTY I,BMO Asset Management,INFY.NS,Infosys Ltd,7.5097,,,,,,,finance-query,top_10,2026-09-19 16:46 UTC,ok
ZID,TSX,BMO MSCI INDIA SELECTION EQTY I,BMO Asset Management,M&M.NS,Mahindra & Mahindra Ltd,6.5462,,,,,,,finance-query,top_10,2026-09-19 16:46 UTC,ok
ZID,TSX,BMO MSCI INDIA SELECTION EQTY I,BMO Asset Management,AXISBANK.BO,Axis Bank Ltd,6.2152,,,,,,,finance-query,top_10,2026-09-19 16:46 UTC,ok
ZID,TSX,BMO MSCI INDIA SELECTION EQTY I,BMO Asset Management,KOTAKBANK.NS,Kotak Mahindra Bank Ltd,4.6742,,,,,,,finance-query,top_10,2026-09-19 16:46 UTC,ok
ZID,TSX,BMO MSCI INDIA SELECTION EQTY I,BMO Asset Management,500696,Hindustan Unilever Ltd,3.1194,,,,,,,finance-query,top_10,2026-09-19 16:46 UTC,ok
ZID,TSX,BMO MSCI INDIA SELECTION EQTY I,BMO Asset Management,HINDALCO.NS,Hindalco Industries Ltd,2.9418,,,,,,,finance-query,top_10,2026-09-19 16:46 UTC,ok
ZID,TSX,BMO MSCI INDIA SELECTION EQTY I,BMO Asset Management,ULTRACEMCO.BO,UltraTech Cement Ltd,2.594,,,,,,,finance-query,top_10,2026-09-19 16:46 UTC,ok
ZID,TSX,BMO MSCI INDIA SELECTION EQTY I,BMO Asset Management,HCLTECH.NS,HCL Technologies Ltd,2.5579,,,,,,,finance-query,top_10,2026-09-19 16:46 UTC,ok
ZID,TSX,BMO MSCI INDIA SELECTION EQTY I,BMO Asset Management,POWERGRID.BO,Power Grid Corp Of India Ltd,2.4142,,,,,,,finance-query,top_10,2026-09-19 16:46 UTC,ok
ZEB,TSX,BMO EQUAL WEIGHT BANKS INDEX ET,BMO Asset Management,RY,Royal Bank of Canada,17.3245,,,,,,,finance-query,top_10,2026-09-19 16:46 UTC,ok
ZEB,TSX,BMO EQUAL WEIGHT BANKS INDEX ET,BMO Asset Management,TD,The Toronto-Dominion Bank,16.902,,,,,,,finance-query,top_10,2026-09-19 16:46 UTC,ok
ZEB,TSX,BMO EQUAL WEIGHT BANKS INDEX ET,BMO Asset Management,BMO.TO,Bank of Montreal,16.8751,,,,,,,finance-query,top_10,2026-09-19 16:46 UTC,ok
ZEB,TSX,BMO EQUAL WEIGHT BANKS INDEX ET,BMO Asset Management,BNS.TO,Bank of Nova Scotia,16.6101,,,,,,,finance-query,top_10,2026-09-19 16:46 UTC,ok
ZEB,TSX,BMO EQUAL WEIGHT BANKS INDEX ET,BMO Asset Management,CM.TO,Canadian Imperial Bank of Commerce,16.171,,,,,,,finance-query,top_10,2026-09-19 16:46 UTC,ok
ZEB,TSX,BMO EQUAL WEIGHT BANKS INDEX ET,BMO Asset Management,NA.TO,National Bank of Canada,16.0149,,,,,,,finance-query,top_10,2026-09-19 16:46 UTC,ok
ZEO,TSX,BMO EQUAL WEIGHT OIL GAS INDEX ,BMO Asset Management,CVE.TO,Cenovus Energy Inc,10.5626,,,,,,,finance-query,top_10,2026-09-19 16:46 UTC,ok
ZEO,TSX,BMO EQUAL WEIGHT OIL GAS INDEX ,BMO Asset Management,ARX.TO,ARC Resources Ltd,9.3281,,,,,,,finance-query,top_10,2026-09-19 16:46 UTC,ok
ZEO,TSX,BMO EQUAL WEIGHT OIL GAS INDEX ,BMO Asset Management,WCP.TO,Whitecap Resources Inc,9.284,,,,,,,finance-query,top_10,2026-09-19 16:46 UTC,ok
ZEO,TSX,BMO EQUAL WEIGHT OIL GAS INDEX ,BMO Asset Management,SU.TO,Suncor Energy Inc,8.7675,,,,,,,finance-query,top_10,2026-09-19 16:46 UTC,ok
ZEO,TSX,BMO EQUAL WEIGHT OIL GAS INDEX ,BMO Asset Management,IMO.TO,Imperial Oil Ltd,8.4925,,,,,,,finance-query,top_10,2026-09-19 16:46 UTC,ok
ZEO,TSX,BMO EQUAL WEIGHT OIL GAS INDEX ,BMO Asset Management,SOBO.TO,South Bow Corp,8.2869,,,,,,,finance-query,top_10,2026-09-19 16:46 UTC,ok
ZEO,TSX,BMO EQUAL WEIGHT OIL GAS INDEX ,BMO Asset Management,KEY.TO,Keyera Corp,8.1502,,,,,,,finance-query,top_10,2026-09-19 16:46 UTC,ok
ZEO,TSX,BMO EQUAL WEIGHT OIL GAS INDEX ,BMO Asset Management,PPL.TO,Pembina Pipeline Corp,8.0334,,,,,,,finance-query,top_10,2026-09-19 16:46 UTC,ok
ZEO,TSX,BMO EQUAL WEIGHT OIL GAS INDEX ,BMO Asset Management,CNQ.TO,Canadian Natural Resources Ltd,7.8905,,,,,,,finance-query,top_10,2026-09-19 16:46 UTC,ok
ZEO,TSX,BMO EQUAL WEIGHT OIL GAS INDEX ,BMO Asset Management,TRP.TO,TC Energy Corp,7.2178,,,,,,,finance-query,top_10,2026-09-19 16:46 UTC,ok
ZUT,TSX,BMO EQUAL WEIGHT UTILITIES INDE,BMO Asset Management,ALA.TO,AltaGas Ltd,9.1748,,,,,,,finance-query,top_10,2026-09-19 16:46 UTC,ok
ZUT,TSX,BMO EQUAL WEIGHT UTILITIES INDE,BMO Asset Management,ACO-X.TO,Atco Ltd Ordinary Shares - Class I,9.0764,,,,,,,finance-query,top_10,2026-09-19 16:46 UTC,ok
ZUT,TSX,BMO EQUAL WEIGHT UTILITIES INDE,BMO Asset Management,BEP-UN.TO,Brookfield Renewable Partners LP,8.9804,,,,,,,finance-query,top_10,2026-09-19 16:46 UTC,ok
ZUT,TSX,BMO EQUAL WEIGHT UTILITIES INDE,BMO Asset Management,CU.TO,Canadian Utilities Ltd Ordinary Shares - Class A,8.7515,,,,,,,finance-query,top_10,2026-09-19 16:46 UTC,ok
ZUT,TSX,BMO EQUAL WEIGHT UTILITIES INDE,BMO Asset Management,CPX.TO,Capital Power Corp,8.6962,,,,,,,finance-query,top_10,2026-09-19 16:46 UTC,ok
ZUT,TSX,BMO EQUAL WEIGHT UTILITIES INDE,BMO Asset Management,BIP-UN.TO,Brookfield Infrastructure Partners LP,8.4954,,,,,,,finance-query,top_10,2026-09-19 16:46 UTC,ok
ZUT,TSX,BMO EQUAL WEIGHT UTILITIES INDE,BMO Asset Management,EMA.TO,Emera Inc,7.9991,,,,,,,finance-query,top_10,2026-09-19 16:46 UTC,ok
ZUT,TSX,BMO EQUAL WEIGHT UTILITIES INDE,BMO Asset Management,NPI.TO,Northland Power Inc,7.9272,,,,,,,finance-query,top_10,2026-09-19 16:46 UTC,ok
ZUT,TSX,BMO EQUAL WEIGHT UTILITIES INDE,BMO Asset Management,FTS.TO,Fortis Inc,7.8784,,,,,,,finance-query,top_10,2026-09-19 16:46 UTC,ok
ZUT,TSX,BMO EQUAL WEIGHT UTILITIES INDE,BMO Asset Management,TA.TO,TransAlta Corp,7.8636,,,,,,,finance-query,top_10,2026-09-19 16:46 UTC,ok
ZRE,TSX,BMO EQUAL WEIGHT REITS INDEX ET,BMO Asset Management,PMZ-UN.TO,Primaris REIT Unit - Series A,6.63,,,,,,,finance-query,top_10,2026-09-19 16:46 UTC,ok
ZRE,TSX,BMO EQUAL WEIGHT REITS INDEX ET,BMO Asset Management,KMP-UN.TO,Killam Apartment Real Estate Investment Trust,6.0787,,,,,,,finance-query,top_10,2026-09-19 16:46 UTC,ok
ZRE,TSX,BMO EQUAL WEIGHT REITS INDEX ET,BMO Asset Management,DIR-UN.TO,Dream Industrial Real Estate Investment Trust,5.9548,,,,,,,finance-query,top_10,2026-09-19 16:46 UTC,ok
ZRE,TSX,BMO EQUAL WEIGHT REITS INDEX ET,BMO Asset Management,REI-UN.TO,Riocan Real Estate Investment Trust,5.8986,,,,,,,finance-query,top_10,2026-09-19 16:46 UTC,ok
ZRE,TSX,BMO EQUAL WEIGHT REITS INDEX ET,BMO Asset Management,FCR-UN.TO,First Capital REIT,5.7374,,,,,,,finance-query,top_10,2026-09-19 16:46 UTC,ok
ZRE,TSX,BMO EQUAL WEIGHT REITS INDEX ET,BMO Asset Management,CRT-UN.TO,CT Real Estate Investment Trust,5.7361,,,,,,,finance-query,top_10,2026-09-19 16:46 UTC,ok
ZRE,TSX,BMO EQUAL WEIGHT REITS INDEX ET,BMO Asset Management,SGR-UN.TO,Slate Grocery REIT Unit - Class U,5.5712,,,,,,,finance-query,top_10,2026-09-19 16:46 UTC,ok
ZRE,TSX,BMO EQUAL WEIGHT REITS INDEX ET,BMO Asset Management,GRT-UN.TO,Granite Real Estate Investment Trust Unit,5.5558,,,,,,,finance-query,top_10,2026-09-19 16:46 UTC,ok
ZRE,TSX,BMO EQUAL WEIGHT REITS INDEX ET,BMO Asset Management,CRR-UN.TO,Crombie Real Estate Investment Trust,5.5451,,,,,,,finance-query,top_10,2026-09-19 16:46 UTC,ok
ZRE,TSX,BMO EQUAL WEIGHT REITS INDEX ET,BMO Asset Management,SRU-UN.TO,SmartCentres Real Estate Investment Trust Trust Units Variable Voting,5.5232,,,,,,,finance-query,top_10,2026-09-19 16:46 UTC,ok
ZQQ,TSX,BMO NASDAQ 100 HEDGED TO CAD IN,BMO Asset Management,NVDA,NVIDIA Corp,8.4139,,,,,,,finance-query,top_10,2026-09-19 16:46 UTC,ok
ZQQ,TSX,BMO NASDAQ 100 HEDGED TO CAD IN,BMO Asset Management,AAPL,Apple Inc,7.4378,,,,,,,finance-query,top_10,2026-09-19 16:46 UTC,ok
ZQQ,TSX,BMO NASDAQ 100 HEDGED TO CAD IN,BMO Asset Management,MSFT,Microsoft Corp,5.7496,,,,,,,finance-query,top_10,2026-09-19 16:46 UTC,ok
ZQQ,TSX,BMO NASDAQ 100 HEDGED TO CAD IN,BMO Asset Management,MU,Micron Technology Inc,4.6603,,,,,,,finance-query,top_10,2026-09-19 16:46 UTC,ok
ZQQ,TSX,BMO NASDAQ 100 HEDGED TO CAD IN,BMO Asset Management,AMZN,Amazon.com Inc,4.5704,,,,,,,finance-query,top_10,2026-09-19 16:46 UTC,ok
ZQQ,TSX,BMO NASDAQ 100 HEDGED TO CAD IN,BMO Asset Management,AMD,Advanced Micro Devices Inc,3.3543,,,,,,,finance-query,top_10,2026-09-19 16:46 UTC,ok
ZQQ,TSX,BMO NASDAQ 100 HEDGED TO CAD IN,BMO Asset Management,GOOGL,Alphabet Inc Class A,3.2077,,,,,,,finance-query,top_10,2026-09-19 16:46 UTC,ok
ZQQ,TSX,BMO NASDAQ 100 HEDGED TO CAD IN,BMO Asset Management,GOOG,Alphabet Inc Class C,2.9794,,,,,,,finance-query,top_10,2026-09-19 16:46 UTC,ok
ZQQ,TSX,BMO NASDAQ 100 HEDGED TO CAD IN,BMO Asset Management,TSLA,Tesla Inc,2.8025,,,,,,,finance-query,top_10,2026-09-19 16:46 UTC,ok
ZQQ,TSX,BMO NASDAQ 100 HEDGED TO CAD IN,BMO Asset Management,AVGO,Broadcom Inc,2.7466,,,,,,,finance-query,top_10,2026-09-19 16:46 UTC,ok
ZUH,TSX,BMO EQL WGT US HCARE HDGD TO CA,BMO Asset Management,MRNA,Moderna Inc,3.5299,,,,,,,finance-query,top_10,2026-09-19 16:46 UTC,ok
ZUH,TSX,BMO EQL WGT US HCARE HDGD TO CA,BMO Asset Management,RVMD,Revolution Medicines Inc Ordinary Shares,2.3232,,,,,,,finance-query,top_10,2026-09-19 16:46 UTC,ok
ZUH,TSX,BMO EQL WGT US HCARE HDGD TO CA,BMO Asset Management,HUM,Humana Inc,2.2477,,,,,,,finance-query,top_10,2026-09-19 16:46 UTC,ok
ZUH,TSX,BMO EQL WGT US HCARE HDGD TO CA,BMO Asset Management,GH,Guardant Health Inc,1.9066,,,,,,,finance-query,top_10,2026-09-19 16:46 UTC,ok
ZUH,TSX,BMO EQL WGT US HCARE HDGD TO CA,BMO Asset Management,ILMN,Illumina Inc,1.7522,,,,,,,finance-query,top_10,2026-09-19 16:46 UTC,ok
ZUH,TSX,BMO EQL WGT US HCARE HDGD TO CA,BMO Asset Management,NTRA,Natera Inc,1.7461,,,,,,,finance-query,top_10,2026-09-19 16:46 UTC,ok
ZUH,TSX,BMO EQL WGT US HCARE HDGD TO CA,BMO Asset Management,BAX,Baxter International Inc,1.605,,,,,,,finance-query,top_10,2026-09-19 16:46 UTC,ok
ZUH,TSX,BMO EQL WGT US HCARE HDGD TO CA,BMO Asset Management,CNC,Centene Corp,1.5785,,,,,,,finance-query,top_10,2026-09-19 16:46 UTC,ok
ZUH,TSX,BMO EQL WGT US HCARE HDGD TO CA,BMO Asset Management,WST,West Pharmaceutical Services Inc,1.5299,,,,,,,finance-query,top_10,2026-09-19 16:46 UTC,ok
ZUH,TSX,BMO EQL WGT US HCARE HDGD TO CA,BMO Asset Management,IQV,IQVIA Holdings Inc,1.5219,,,,,,,finance-query,top_10,2026-09-19 16:46 UTC,ok
ZUB,TSX,BMO EQL WGT US BANK HDGD TO CAD,BMO Asset Management,ZBK.TO,BMO Equal Weight US Banks ETF,99.9335,,,,,,,finance-query,top_10,2026-09-19 16:46 UTC,ok
ZGI,TSX,BMO GLOBAL INFRASTRUCTURE INDEX,BMO Asset Management,ENB.TO,Enbridge Inc,8.6937,,,,,,,finance-query,top_10,2026-09-19 16:46 UTC,ok
ZGI,TSX,BMO GLOBAL INFRASTRUCTURE INDEX,BMO Asset Management,WMB,Williams Companies Inc,7.0874,,,,,,,finance-query,top_10,2026-09-19 16:46 UTC,ok
ZGI,TSX,BMO GLOBAL INFRASTRUCTURE INDEX,BMO Asset Management,AMT,American Tower Corp,6.4309,,,,,,,finance-query,top_10,2026-09-19 16:46 UTC,ok
ZGI,TSX,BMO GLOBAL INFRASTRUCTURE INDEX,BMO Asset Management,NGG,National Grid PLC ADR,6.3512,,,,,,,finance-query,top_10,2026-09-19 16:46 UTC,ok
ZGI,TSX,BMO GLOBAL INFRASTRUCTURE INDEX,BMO Asset Management,TRP.TO,TC Energy Corp,5.1419,,,,,,,finance-query,top_10,2026-09-19 16:46 UTC,ok
ZGI,TSX,BMO GLOBAL INFRASTRUCTURE INDEX,BMO Asset Management,TRGP,Targa Resources Corp,5.0447,,,,,,,finance-query,top_10,2026-09-19 16:46 UTC,ok
ZGI,TSX,BMO GLOBAL INFRASTRUCTURE INDEX,BMO Asset Management,KMI,Kinder Morgan Inc Class P,4.9703,,,,,,,finance-query,top_10,2026-09-19 16:46 UTC,ok
ZGI,TSX,BMO GLOBAL INFRASTRUCTURE INDEX,BMO Asset Management,OKE,ONEOK Inc,4.7862,,,,,,,finance-query,top_10,2026-09-19 16:46 UTC,ok
ZGI,TSX,BMO GLOBAL INFRASTRUCTURE INDEX,BMO Asset Management,LNG,Cheniere Energy Inc,4.5474,,,,,,,finance-query,top_10,2026-09-19 16:46 UTC,ok
ZGI,TSX,BMO GLOBAL INFRASTRUCTURE INDEX,BMO Asset Management,SRE,Sempra,4.4267,,,,,,,finance-query,top_10,2026-09-19 16:46 UTC,ok
ZMT,TSX,BMO EQL WGT GBL BASE METAL HEG ,BMO Asset Management,HBM.TO,Hudbay Minerals Inc,5.5506,,,,,,,finance-query,top_10,2026-09-19 16:46 UTC,ok
ZMT,TSX,BMO EQL WGT GBL BASE METAL HEG ,BMO Asset Management,ATI,ATI Inc,3.233,,,,,,,finance-query,top_10,2026-09-19 16:46 UTC,ok
ZMT,TSX,BMO EQL WGT GBL BASE METAL HEG ,BMO Asset Management,LXFR,Luxfer Holdings PLC,3.2138,,,,,,,finance-query,top_10,2026-09-19 16:46 UTC,ok
ZMT,TSX,BMO EQL WGT GBL BASE METAL HEG ,BMO Asset Management,CGG.TO,China Gold International Resources Corp Ltd,3.1789,,,,,,,finance-query,top_10,2026-09-19 16:46 UTC,ok
ZMT,TSX,BMO EQL WGT GBL BASE METAL HEG ,BMO Asset Management,OM.TO,Osisko Metals Inc,3.0888,,,,,,,finance-query,top_10,2026-09-19 16:46 UTC,ok
ZMT,TSX,BMO EQL WGT GBL BASE METAL HEG ,BMO Asset Management,ALS.TO,Altius Minerals Corp,3.0652,,,,,,,finance-query,top_10,2026-09-19 16:46 UTC,ok
ZMT,TSX,BMO EQL WGT GBL BASE METAL HEG ,BMO Asset Management,ARG.TO,Amerigo Resources Ltd,3.029,,,,,,,finance-query,top_10,2026-09-19 16:46 UTC,ok
ZMT,TSX,BMO EQL WGT GBL BASE METAL HEG ,BMO Asset Management,CS.TO,Capstone Copper Corp,2.9937,,,,,,,finance-query,top_10,2026-09-19 16:46 UTC,ok
ZMT,TSX,BMO EQL WGT GBL BASE METAL HEG ,BMO Asset Management,FM.TO,First Quantum Minerals Ltd,2.9751,,,,,,,finance-query,top_10,2026-09-19 16:46 UTC,ok
ZMT,TSX,BMO EQL WGT GBL BASE METAL HEG ,BMO Asset Management,CRS,Carpenter Technology Corp,2.9608,,,,,,,finance-query,top_10,2026-09-19 16:46 UTC,ok
ZJG,TSX,BMO JUNIOR GOLD INDEX ETF,BMO Asset Management,CDE,Coeur Mining Inc,11.2443,,,,,,,finance-query,top_10,2026-09-19 16:46 UTC,ok
ZJG,TSX,BMO JUNIOR GOLD INDEX ETF,BMO Asset Management,RGLD,Royal Gold Inc,10.5001,,,,,,,finance-query,top_10,2026-09-19 16:46 UTC,ok
ZJG,TSX,BMO JUNIOR GOLD INDEX ETF,BMO Asset Management,AGI.TO,Alamos Gold Inc Class A,7.805,,,,,,,finance-query,top_10,2026-09-19 16:46 UTC,ok
ZJG,TSX,BMO JUNIOR GOLD INDEX ETF,BMO Asset Management,EQX.TO,Equinox Gold Corp Ordinary Shares Class A,6.9552,,,,,,,finance-query,top_10,2026-09-19 16:46 UTC,ok
ZJG,TSX,BMO JUNIOR GOLD INDEX ETF,BMO Asset Management,IMG.TO,Iamgold Corp,5.8629,,,,,,,finance-query,top_10,2026-09-19 16:46 UTC,ok
ZJG,TSX,BMO JUNIOR GOLD INDEX ETF,BMO Asset Management,DPM.TO,DPM Metals Inc,5.5255,,,,,,,finance-query,top_10,2026-09-19 16:46 UTC,ok
ZJG,TSX,BMO JUNIOR GOLD INDEX ETF,BMO Asset Management,ELD.TO,Eldorado Gold Corp,5.1453,,,,,,,finance-query,top_10,2026-09-19 16:46 UTC,ok
ZJG,TSX,BMO JUNIOR GOLD INDEX ETF,BMO Asset Management,SSRM.TO,SSR Mining Inc,3.9764,,,,,,,finance-query,top_10,2026-09-19 16:46 UTC,ok
ZJG,TSX,BMO JUNIOR GOLD INDEX ETF,BMO Asset Management,GMIN.TO,G Mining Ventures Corp,3.8663,,,,,,,finance-query,top_10,2026-09-19 16:46 UTC,ok
ZJG,TSX,BMO JUNIOR GOLD INDEX ETF,BMO Asset Management,BTO.TO,B2Gold Corp,3.6495,,,,,,,finance-query,top_10,2026-09-19 16:46 UTC,ok
ZJO,TSX,BMO JUNIOR OIL INDEX ETF,BMO Asset Management,PE,Parsley Energy Inc A,7.74,,,,,,,finance-query,top_10,2026-09-19 16:46 UTC,ok
ZJO,TSX,BMO JUNIOR OIL INDEX ETF,BMO Asset Management,TOU.TO,Tourmaline Oil Corp,5.77,,,,,,,finance-query,top_10,2026-09-19 16:46 UTC,ok
ZJO,TSX,BMO JUNIOR OIL INDEX ETF,BMO Asset Management,XEC,Cimarex Energy Co,5.68,,,,,,,finance-query,top_10,2026-09-19 16:46 UTC,ok
ZJO,TSX,BMO JUNIOR OIL INDEX ETF,BMO Asset Management,WPX,WPX Energy Inc Class A,5.55,,,,,,,finance-query,top_10,2026-09-19 16:46 UTC,ok
ZJO,TSX,BMO JUNIOR OIL INDEX ETF,BMO Asset Management,GEI.TO,Gibson Energy Inc,5.48,,,,,,,finance-query,top_10,2026-09-19 16:46 UTC,ok
ZJO,TSX,BMO JUNIOR OIL INDEX ETF,BMO Asset Management,MUR,Murphy Oil Corp,4.39,,,,,,,finance-query,top_10,2026-09-19 16:46 UTC,ok
ZJO,TSX,BMO JUNIOR OIL INDEX ETF,BMO Asset Management,HP,Helmerich & Payne Inc,4.36,,,,,,,finance-query,top_10,2026-09-19 16:46 UTC,ok
ZJO,TSX,BMO JUNIOR OIL INDEX ETF,BMO Asset Management,CHX,ChampionX Corp,4.02,,,,,,,finance-query,top_10,2026-09-19 16:46 UTC,ok
ZJO,TSX,BMO JUNIOR OIL INDEX ETF,BMO Asset Management,PXT.TO,Parex Resources Inc,3.92,,,,,,,finance-query,top_10,2026-09-19 16:46 UTC,ok
ZJO,TSX,BMO JUNIOR OIL INDEX ETF,BMO Asset Management,ARX.TO,ARC Resources Ltd,3.43,,,,,,,finance-query,top_10,2026-09-19 16:46 UTC,ok
ZJN,TSX,BMO Junior Gas Index ETF,BMO Asset Management,,,,,,,,,,finance-query,top_10,2026-09-19 16:46 UTC,no_holdings_found [ZJN.TO:200-no-holdings ZJN:200-no-holdings]
ZFS,TSX,BMO Short Federal Bond Index ETF,BMO Asset Management,,,,,,,,,,finance-query,top_10,2026-09-19 16:46 UTC,no_holdings_found [ZFS.TO:200-no-holdings ZFS:200-no-holdings]
ZFM,TSX,BMO Mid Federal Bond Index ETF,BMO Asset Management,,,,,,,,,,finance-query,top_10,2026-09-19 16:46 UTC,no_holdings_found [ZFM.TO:200-no-holdings ZFM:200-no-holdings]
ZFL,TSX,BMO Long Federal Bond Index ETF,BMO Asset Management,,,,,,,,,,finance-query,top_10,2026-09-19 16:46 UTC,no_holdings_found [ZFL.TO:200-no-holdings ZFL:200-no-holdings]
ZRR,TSX,BMO Real Return Bond Index ETF,BMO Asset Management,,,,,,,,,,finance-query,top_10,2026-09-19 16:46 UTC,no_holdings_found [ZRR.TO:200-no-holdings ZRR:200-no-holdings]
ZPS,TSX,BMO Short Provincial Bond Index ETF,BMO Asset Management,,,,,,,,,,finance-query,top_10,2026-09-19 16:46 UTC,no_holdings_found [ZPS.TO:200-no-holdings ZPS:200-no-holdings]
ZCS,TSX,BMO Short Corporate Bond Index ETF,BMO Asset Management,,,,,,,,,,finance-query,top_10,2026-09-19 16:46 UTC,no_holdings_found [ZCS.TO:200-no-holdings ZCS:200-no-holdings]
ZCM,TSX,BMO Mid Corporate Bond Index ETF,BMO Asset Management,,,,,,,,,,finance-query,top_10,2026-09-19 16:46 UTC,no_holdings_found [ZCM.TO:200-no-holdings ZCM:200-no-holdings]
ZLC,TSX,BMO Long Corporate Bond Index ETF,BMO Asset Management,,,,,,,,,,finance-query,top_10,2026-09-19 16:46 UTC,no_holdings_found [ZLC.TO:200-no-holdings ZLC:200-no-holdings]
ZHY,TSX,BMO HIGH YLD US CORP BND HDG CA,BMO Asset Management,ZJK.TO,BMO High Yld US Corp Bd ETF,99.9577,,,,,,,finance-query,top_10,2026-09-19 16:46 UTC,ok
ZEF,TSX,BMO Emerging Markets Bond Hedged to CAD Index ETF,BMO Asset Management,,,,,,,,,,finance-query,top_10,2026-09-19 16:46 UTC,no_holdings_found [ZEF.TO:200-no-holdings ZEF:200-no-holdings]
ZDV,TSX,BMO CANADIAN DIVIDEND ETF,BMO Asset Management,RY,Royal Bank of Canada,8.6332,,,,,,,finance-query,top_10,2026-09-19 16:46 UTC,ok
ZDV,TSX,BMO CANADIAN DIVIDEND ETF,BMO Asset Management,TD,The Toronto-Dominion Bank,6.9344,,,,,,,finance-query,top_10,2026-09-19 16:46 UTC,ok
ZDV,TSX,BMO CANADIAN DIVIDEND ETF,BMO Asset Management,BNS.TO,Bank of Nova Scotia,4.8798,,,,,,,finance-query,top_10,2026-09-19 16:46 UTC,ok
ZDV,TSX,BMO CANADIAN DIVIDEND ETF,BMO Asset Management,CM.TO,Canadian Imperial Bank of Commerce,4.6504,,,,,,,finance-query,top_10,2026-09-19 16:46 UTC,ok
ZDV,TSX,BMO CANADIAN DIVIDEND ETF,BMO Asset Management,CNQ.TO,Canadian Natural Resources Ltd,4.5232,,,,,,,finance-query,top_10,2026-09-19 16:46 UTC,ok
ZDV,TSX,BMO CANADIAN DIVIDEND ETF,BMO Asset Management,ENB.TO,Enbridge Inc,4.1917,,,,,,,finance-query,top_10,2026-09-19 16:46 UTC,ok
ZDV,TSX,BMO CANADIAN DIVIDEND ETF,BMO Asset Management,BMO.TO,Bank of Montreal,3.1098,,,,,,,finance-query,top_10,2026-09-19 16:46 UTC,ok
ZDV,TSX,BMO CANADIAN DIVIDEND ETF,BMO Asset Management,AEM.TO,Agnico Eagle Mines Ltd,2.7096,,,,,,,finance-query,top_10,2026-09-19 16:46 UTC,ok
ZDV,TSX,BMO CANADIAN DIVIDEND ETF,BMO Asset Management,ABX.TO,Barrick Mining Corp,2.4611,,,,,,,finance-query,top_10,2026-09-19 16:46 UTC,ok
ZDV,TSX,BMO CANADIAN DIVIDEND ETF,BMO Asset Management,SU.TO,Suncor Energy Inc,2.1588,,,,,,,finance-query,top_10,2026-09-19 16:46 UTC,ok
ZPR,TSX,BMO LADDERED PREF SHARE IDX ETF,BMO Asset Management,BCE.PR.K,BCE Inc Cum Red 1st Pfd Registered Shs Series -AK-,2.3965,,,,,,,finance-query,top_10,2026-09-19 16:47 UTC,ok
ZPR,TSX,BMO LADDERED PREF SHARE IDX ETF,BMO Asset Management,ENB.PF.C,Enbridge Inc Cum Red Pref Registered Shs Series -11-,1.873,,,,,,,finance-query,top_10,2026-09-19 16:47 UTC,ok
ZPR,TSX,BMO LADDERED PREF SHARE IDX ETF,BMO Asset Management,TRP.PR.C,TC Energy Corp Series 5,1.6904,,,,,,,finance-query,top_10,2026-09-19 16:47 UTC,ok
ZPR,TSX,BMO LADDERED PREF SHARE IDX ETF,BMO Asset Management,NA.PR.C,National Bank of Canada Non-Cum Conv Red 1st Pfd Registered Shs Series -38-,1.5982,,,,,,,finance-query,top_10,2026-09-19 16:47 UTC,ok
ZPR,TSX,BMO LADDERED PREF SHARE IDX ETF,BMO Asset Management,BN.PF.G,Brookfield Corp Cum Red Pref Registered Shs -A- Series -42-,1.5952,,,,,,,finance-query,top_10,2026-09-19 16:47 UTC,ok
ZPR,TSX,BMO LADDERED PREF SHARE IDX ETF,BMO Asset Management,BPO.PR.N,Brookfield Office Properties Inc Pfd Shs -AAA- Series -N-,1.5218,,,,,,,finance-query,top_10,2026-09-19 16:47 UTC,ok
ZPR,TSX,BMO LADDERED PREF SHARE IDX ETF,BMO Asset Management,BN.PR.R,Brookfield Corp Cum Pfd Registered Shs -A- Series -24-,1.5142,,,,,,,finance-query,top_10,2026-09-19 16:47 UTC,ok
ZPR,TSX,BMO LADDERED PREF SHARE IDX ETF,BMO Asset Management,BN.PF.M,Brookfield Corp PRF PERPETUAL CAD - Cls A Ser 54,1.4939,,,,,,,finance-query,top_10,2026-09-19 16:47 UTC,ok
ZPR,TSX,BMO LADDERED PREF SHARE IDX ETF,BMO Asset Management,PWF.PR.P,Power Financial Corp Non Cum 1st Pfd Registered Shs Series -P-,1.4928,,,,,,,finance-query,top_10,2026-09-19 16:47 UTC,ok
ZPR,TSX,BMO LADDERED PREF SHARE IDX ETF,BMO Asset Management,FTS.PR.M,Fortis Inc Cum Red 1st Pref Registered Shs Series -M-,1.4536,,,,,,,finance-query,top_10,2026-09-19 16:47 UTC,ok
ZWC,TSX,BMO CDN HIGH DIV COVERED CALL E,BMO Asset Management,RY,Royal Bank of Canada,7.8257,,,,,,,finance-query,top_10,2026-09-19 16:47 UTC,ok
ZWC,TSX,BMO CDN HIGH DIV COVERED CALL E,BMO Asset Management,TD,The Toronto-Dominion Bank,6.0868,,,,,,,finance-query,top_10,2026-09-19 16:47 UTC,ok
ZWC,TSX,BMO CDN HIGH DIV COVERED CALL E,BMO Asset Management,CNQ.TO,Canadian Natural Resources Ltd,5.9146,,,,,,,finance-query,top_10,2026-09-19 16:47 UTC,ok
ZWC,TSX,BMO CDN HIGH DIV COVERED CALL E,BMO Asset Management,CM.TO,Canadian Imperial Bank of Commerce,5.7481,,,,,,,finance-query,top_10,2026-09-19 16:47 UTC,ok
ZWC,TSX,BMO CDN HIGH DIV COVERED CALL E,BMO Asset Management,BNS.TO,Bank of Nova Scotia,5.5305,,,,,,,finance-query,top_10,2026-09-19 16:47 UTC,ok
ZWC,TSX,BMO CDN HIGH DIV COVERED CALL E,BMO Asset Management,SU.TO,Suncor Energy Inc,4.6274,,,,,,,finance-query,top_10,2026-09-19 16:47 UTC,ok
ZWC,TSX,BMO CDN HIGH DIV COVERED CALL E,BMO Asset Management,ENB.TO,Enbridge Inc,4.2071,,,,,,,finance-query,top_10,2026-09-19 16:47 UTC,ok
ZWC,TSX,BMO CDN HIGH DIV COVERED CALL E,BMO Asset Management,BMO.TO,Bank of Montreal,3.6932,,,,,,,finance-query,top_10,2026-09-19 16:47 UTC,ok
ZWC,TSX,BMO CDN HIGH DIV COVERED CALL E,BMO Asset Management,TRP.TO,TC Energy Corp,3.6383,,,,,,,finance-query,top_10,2026-09-19 16:47 UTC,ok
ZWC,TSX,BMO CDN HIGH DIV COVERED CALL E,BMO Asset Management,AEM.TO,Agnico Eagle Mines Ltd,3.6179,,,,,,,finance-query,top_10,2026-09-19 16:47 UTC,ok
ZWE,TSX,BMO EUROPE HIGH DIV CC CAD HEDG,BMO Asset Management,ZWP.TO,BMO Europe High Dividend Cov Call ETF,99.956,,,,,,,finance-query,top_10,2026-09-19 16:47 UTC,ok
ZGD,TSX,BMO EQUAL WEIGHT GLOBAL GOLD IN,BMO Asset Management,CDE,Coeur Mining Inc,3.944,,,,,,,finance-query,top_10,2026-09-19 16:47 UTC,ok
ZGD,TSX,BMO EQUAL WEIGHT GLOBAL GOLD IN,BMO Asset Management,EQX.TO,Equinox Gold Corp Ordinary Shares Class A,3.1248,,,,,,,finance-query,top_10,2026-09-19 16:47 UTC,ok
ZGD,TSX,BMO EQUAL WEIGHT GLOBAL GOLD IN,BMO Asset Management,WDO.TO,Wesdome Gold Mines Ltd,2.9655,,,,,,,finance-query,top_10,2026-09-19 16:47 UTC,ok
ZGD,TSX,BMO EQUAL WEIGHT GLOBAL GOLD IN,BMO Asset Management,MAU.TO,Montage Gold Corp Ordinary Shares,2.763,,,,,,,finance-query,top_10,2026-09-19 16:47 UTC,ok
ZGD,TSX,BMO EQUAL WEIGHT GLOBAL GOLD IN,BMO Asset Management,CG.TO,Centerra Gold Inc,2.5721,,,,,,,finance-query,top_10,2026-09-19 16:47 UTC,ok
ZGD,TSX,BMO EQUAL WEIGHT GLOBAL GOLD IN,BMO Asset Management,DPM.TO,DPM Metals Inc,2.5389,,,,,,,finance-query,top_10,2026-09-19 16:47 UTC,ok
ZGD,TSX,BMO EQUAL WEIGHT GLOBAL GOLD IN,BMO Asset Management,DSV.TO,Discovery Mining Ltd,2.5248,,,,,,,finance-query,top_10,2026-09-19 16:47 UTC,ok
ZGD,TSX,BMO EQUAL WEIGHT GLOBAL GOLD IN,BMO Asset Management,SXGC.TO,Southern Cross Gold Consolidated Ltd,2.499,,,,,,,finance-query,top_10,2026-09-19 16:47 UTC,ok
ZGD,TSX,BMO EQUAL WEIGHT GLOBAL GOLD IN,BMO Asset Management,SSRM.TO,SSR Mining Inc,2.4716,,,,,,,finance-query,top_10,2026-09-19 16:47 UTC,ok
ZGD,TSX,BMO EQUAL WEIGHT GLOBAL GOLD IN,BMO Asset Management,ORE.TO,Orezone Gold Corp,2.4489,,,,,,,finance-query,top_10,2026-09-19 16:47 UTC,ok
ZDY,TSX,BMO US DIVIDEND ETF CAD,BMO Asset Management,AAPL,Apple Inc,3.9007,,,,,,,finance-query,top_10,2026-09-19 16:47 UTC,ok
ZDY,TSX,BMO US DIVIDEND ETF CAD,BMO Asset Management,DELL,Dell Technologies Inc Ordinary Shares - Class C,3.8635,,,,,,,finance-query,top_10,2026-09-19 16:47 UTC,ok
ZDY,TSX,BMO US DIVIDEND ETF CAD,BMO Asset Management,ABBV,AbbVie Inc,3.6507,,,,,,,finance-query,top_10,2026-09-19 16:47 UTC,ok
ZDY,TSX,BMO US DIVIDEND ETF CAD,BMO Asset Management,CSCO,Cisco Systems Inc,3.5627,,,,,,,finance-query,top_10,2026-09-19 16:47 UTC,ok
ZDY,TSX,BMO US DIVIDEND ETF CAD,BMO Asset Management,NVDA,NVIDIA Corp,2.8858,,,,,,,finance-query,top_10,2026-09-19 16:47 UTC,ok
ZDY,TSX,BMO US DIVIDEND ETF CAD,BMO Asset Management,PM,Philip Morris International Inc,2.8741,,,,,,,finance-query,top_10,2026-09-19 16:47 UTC,ok
ZDY,TSX,BMO US DIVIDEND ETF CAD,BMO Asset Management,AVGO,Broadcom Inc,2.7633,,,,,,,finance-query,top_10,2026-09-19 16:47 UTC,ok
ZDY,TSX,BMO US DIVIDEND ETF CAD,BMO Asset Management,CVX,Chevron Corp,2.6494,,,,,,,finance-query,top_10,2026-09-19 16:47 UTC,ok
ZDY,TSX,BMO US DIVIDEND ETF CAD,BMO Asset Management,QCOM,Qualcomm Inc,2.3746,,,,,,,finance-query,top_10,2026-09-19 16:47 UTC,ok
ZDY,TSX,BMO US DIVIDEND ETF CAD,BMO Asset Management,JPM,JPMorgan Chase & Co,2.0224,,,,,,,finance-query,top_10,2026-09-19 16:47 UTC,ok
BANK,TSX,EVOLVE CDN BANKS LIFECOS ENH YL,Evolve ETFs,BNS.TO,Bank of Nova Scotia,13.1299,,,,,,,finance-query,top_10,2026-09-19 16:47 UTC,ok
BANK,TSX,EVOLVE CDN BANKS LIFECOS ENH YL,Evolve ETFs,TD,The Toronto-Dominion Bank,12.6348,,,,,,,finance-query,top_10,2026-09-19 16:47 UTC,ok
BANK,TSX,EVOLVE CDN BANKS LIFECOS ENH YL,Evolve ETFs,GWO.TO,Great-West Lifeco Inc,12.4286,,,,,,,finance-query,top_10,2026-09-19 16:47 UTC,ok
BANK,TSX,EVOLVE CDN BANKS LIFECOS ENH YL,Evolve ETFs,POW.TO,Power Corporation of Canada Shs Subord.Voting,12.4254,,,,,,,finance-query,top_10,2026-09-19 16:47 UTC,ok
BANK,TSX,EVOLVE CDN BANKS LIFECOS ENH YL,Evolve ETFs,SLF.TO,Sun Life Financial Inc,12.3111,,,,,,,finance-query,top_10,2026-09-19 16:47 UTC,ok
BANK,TSX,EVOLVE CDN BANKS LIFECOS ENH YL,Evolve ETFs,RY,Royal Bank of Canada,12.2651,,,,,,,finance-query,top_10,2026-09-19 16:47 UTC,ok
BANK,TSX,EVOLVE CDN BANKS LIFECOS ENH YL,Evolve ETFs,MFC.TO,Manulife Financial Corp,12.2271,,,,,,,finance-query,top_10,2026-09-19 16:47 UTC,ok
BANK,TSX,EVOLVE CDN BANKS LIFECOS ENH YL,Evolve ETFs,CM.TO,Canadian Imperial Bank of Commerce,12.1223,,,,,,,finance-query,top_10,2026-09-19 16:47 UTC,ok
BANK,TSX,EVOLVE CDN BANKS LIFECOS ENH YL,Evolve ETFs,NA.TO,National Bank of Canada,12.0395,,,,,,,finance-query,top_10,2026-09-19 16:47 UTC,ok
UTES,TSX,EVOLVE CAD UTIL ENH YIELD IDX F,Evolve ETFs,RCI-B.TO,Rogers Communications Inc Shs -B- Non-Voting,13.2769,,,,,,,finance-query,top_10,2026-09-19 16:47 UTC,ok
UTES,TSX,EVOLVE CAD UTIL ENH YIELD IDX F,Evolve ETFs,BCE.TO,BCE Inc,13.0221,,,,,,,finance-query,top_10,2026-09-19 16:47 UTC,ok
UTES,TSX,EVOLVE CAD UTIL ENH YIELD IDX F,Evolve ETFs,KEY.TO,Keyera Corp,12.8297,,,,,,,finance-query,top_10,2026-09-19 16:47 UTC,ok
UTES,TSX,EVOLVE CAD UTIL ENH YIELD IDX F,Evolve ETFs,PPL.TO,Pembina Pipeline Corp,12.5737,,,,,,,finance-query,top_10,2026-09-19 16:47 UTC,ok
UTES,TSX,EVOLVE CAD UTIL ENH YIELD IDX F,Evolve ETFs,FTS.TO,Fortis Inc,12.0651,,,,,,,finance-query,top_10,2026-09-19 16:47 UTC,ok
UTES,TSX,EVOLVE CAD UTIL ENH YIELD IDX F,Evolve ETFs,T.TO,TELUS Corp,12.0335,,,,,,,finance-query,top_10,2026-09-19 16:47 UTC,ok
UTES,TSX,EVOLVE CAD UTIL ENH YIELD IDX F,Evolve ETFs,ENB.TO,Enbridge Inc,12.0258,,,,,,,finance-query,top_10,2026-09-19 16:47 UTC,ok
UTES,TSX,EVOLVE CAD UTIL ENH YIELD IDX F,Evolve ETFs,TRP.TO,TC Energy Corp,11.9273,,,,,,,finance-query,top_10,2026-09-19 16:47 UTC,ok
UTES,TSX,EVOLVE CAD UTIL ENH YIELD IDX F,Evolve ETFs,EMA.TO,Emera Inc,11.8122,,,,,,,finance-query,top_10,2026-09-19 16:47 UTC,ok
OILY,TSX,EVOLVE CDN ENG ENHD YLD IND UNH,Evolve ETFs,CVE.TO,Cenovus Energy Inc,13.3693,,,,,,,finance-query,top_10,2026-09-19 16:47 UTC,ok
OILY,TSX,EVOLVE CDN ENG ENHD YLD IND UNH,Evolve ETFs,WCP.TO,Whitecap Resources Inc,13.3404,,,,,,,finance-query,top_10,2026-09-19 16:47 UTC,ok
OILY,TSX,EVOLVE CDN ENG ENHD YLD IND UNH,Evolve ETFs,CNQ.TO,Canadian Natural Resources Ltd,12.8991,,,,,,,finance-query,top_10,2026-09-19 16:47 UTC,ok
OILY,TSX,EVOLVE CDN ENG ENHD YLD IND UNH,Evolve ETFs,TOU.TO,Tourmaline Oil Corp,12.5245,,,,,,,finance-query,top_10,2026-09-19 16:47 UTC,ok
OILY,TSX,EVOLVE CDN ENG ENHD YLD IND UNH,Evolve ETFs,SU.TO,Suncor Energy Inc,12.269,,,,,,,finance-query,top_10,2026-09-19 16:47 UTC,ok
OILY,TSX,EVOLVE CDN ENG ENHD YLD IND UNH,Evolve ETFs,IMO.TO,Imperial Oil Ltd,12.1255,,,,,,,finance-query,top_10,2026-09-19 16:47 UTC,ok
OILY,TSX,EVOLVE CDN ENG ENHD YLD IND UNH,Evolve ETFs,ARX.TO,ARC Resources Ltd,12.0461,,,,,,,finance-query,top_10,2026-09-19 16:47 UTC,ok
OILY,TSX,EVOLVE CDN ENG ENHD YLD IND UNH,Evolve ETFs,PPL.TO,Pembina Pipeline Corp,11.9543,,,,,,,finance-query,top_10,2026-09-19 16:47 UTC,ok
OILY,TSX,EVOLVE CDN ENG ENHD YLD IND UNH,Evolve ETFs,ENB.TO,Enbridge Inc,11.4449,,,,,,,finance-query,top_10,2026-09-19 16:47 UTC,ok
BIGY,TSX,EVOLVE US EQUITY ULTRAYIELD CAD,Evolve ETFs,MSFT,Microsoft Corp,11.9164,,,,,,,finance-query,top_10,2026-09-19 16:47 UTC,ok
BIGY,TSX,EVOLVE US EQUITY ULTRAYIELD CAD,Evolve ETFs,NVDA,NVIDIA Corp,9.8831,,,,,,,finance-query,top_10,2026-09-19 16:47 UTC,ok
BIGY,TSX,EVOLVE US EQUITY ULTRAYIELD CAD,Evolve ETFs,AAPL,Apple Inc,9.8204,,,,,,,finance-query,top_10,2026-09-19 16:47 UTC,ok
BIGY,TSX,EVOLVE US EQUITY ULTRAYIELD CAD,Evolve ETFs,AMZN,Amazon.com Inc,9.8177,,,,,,,finance-query,top_10,2026-09-19 16:47 UTC,ok
BIGY,TSX,EVOLVE US EQUITY ULTRAYIELD CAD,Evolve ETFs,AVGO,Broadcom Inc,8.7198,,,,,,,finance-query,top_10,2026-09-19 16:47 UTC,ok
BIGY,TSX,EVOLVE US EQUITY ULTRAYIELD CAD,Evolve ETFs,GOOG,Alphabet Inc Class C,8.5904,,,,,,,finance-query,top_10,2026-09-19 16:47 UTC,ok
BIGY,TSX,EVOLVE US EQUITY ULTRAYIELD CAD,Evolve ETFs,MSTR,Strategy Inc Class A,7.5972,,,,,,,finance-query,top_10,2026-09-19 16:47 UTC,ok
BIGY,TSX,EVOLVE US EQUITY ULTRAYIELD CAD,Evolve ETFs,META,Meta Platforms Inc Class A,7.2972,,,,,,,finance-query,top_10,2026-09-19 16:47 UTC,ok
BIGY,TSX,EVOLVE US EQUITY ULTRAYIELD CAD,Evolve ETFs,TSLA,Tesla Inc,6.211,,,,,,,finance-query,top_10,2026-09-19 16:47 UTC,ok
CANY,TSX,EVOLVE CANADIAN EQTY ULTRAYIELD,Evolve ETFs,SHOP,Shopify Inc Registered Shs -A- Subord Vtg,11.5794,,,,,,,finance-query,top_10,2026-09-19 16:47 UTC,ok
CANY,TSX,EVOLVE CANADIAN EQTY ULTRAYIELD,Evolve ETFs,TD,The Toronto-Dominion Bank,9.5823,,,,,,,finance-query,top_10,2026-09-19 16:47 UTC,ok
CANY,TSX,EVOLVE CANADIAN EQTY ULTRAYIELD,Evolve ETFs,RY,Royal Bank of Canada,9.2741,,,,,,,finance-query,top_10,2026-09-19 16:47 UTC,ok
CANY,TSX,EVOLVE CANADIAN EQTY ULTRAYIELD,Evolve ETFs,BMO.TO,Bank of Montreal,8.3778,,,,,,,finance-query,top_10,2026-09-19 16:47 UTC,ok
CANY,TSX,EVOLVE CANADIAN EQTY ULTRAYIELD,Evolve ETFs,ENB.TO,Enbridge Inc,7.8373,,,,,,,finance-query,top_10,2026-09-19 16:47 UTC,ok
CANY,TSX,EVOLVE CANADIAN EQTY ULTRAYIELD,Evolve ETFs,CCO.TO,Cameco Corp,7.3158,,,,,,,finance-query,top_10,2026-09-19 16:47 UTC,ok
CANY,TSX,EVOLVE CANADIAN EQTY ULTRAYIELD,Evolve ETFs,AEM.TO,Agnico Eagle Mines Ltd,7.2956,,,,,,,finance-query,top_10,2026-09-19 16:47 UTC,ok
CANY,TSX,EVOLVE CANADIAN EQTY ULTRAYIELD,Evolve ETFs,CNQ.TO,Canadian Natural Resources Ltd,7.1813,,,,,,,finance-query,top_10,2026-09-19 16:47 UTC,ok
CANY,TSX,EVOLVE CANADIAN EQTY ULTRAYIELD,Evolve ETFs,CM.TO,Canadian Imperial Bank of Commerce,7.1006,,,,,,,finance-query,top_10,2026-09-19 16:47 UTC,ok
SIXY,TSX,Evolve Big Six Canadian Banks UltraYield Index ETF,Evolve ETFs,,,,,,,,,,finance-query,top_10,2026-09-19 16:47 UTC,no_holdings_found [SIXY.TO:200-no-holdings SIXY:404]
INTY,TSX,Evolve International Equity UltraYield ETF,Evolve ETFs,,,,,,,,,,finance-query,top_10,2026-09-19 16:47 UTC,no_holdings_found [INTY.TO:200-no-holdings INTY:404]
EASY,TSX,Liberty One Defensive Dividend ,Evolve ETFs,LLY,Eli Lilly and Co,5.9606,,,,,,,finance-query,top_10,2026-09-19 16:47 UTC,ok
EASY,TSX,Liberty One Defensive Dividend ,Evolve ETFs,CAH,Cardinal Health Inc,5.7038,,,,,,,finance-query,top_10,2026-09-19 16:47 UTC,ok
EASY,TSX,Liberty One Defensive Dividend ,Evolve ETFs,JNJ,Johnson & Johnson,5.4839,,,,,,,finance-query,top_10,2026-09-19 16:47 UTC,ok
EASY,TSX,Liberty One Defensive Dividend ,Evolve ETFs,UNH,UnitedHealth Group Inc,5.3065,,,,,,,finance-query,top_10,2026-09-19 16:47 UTC,ok
EASY,TSX,Liberty One Defensive Dividend ,Evolve ETFs,KO,Coca-Cola Co,4.9962,,,,,,,finance-query,top_10,2026-09-19 16:47 UTC,ok
EASY,TSX,Liberty One Defensive Dividend ,Evolve ETFs,CASY,Casey's General Stores Inc,4.9867,,,,,,,finance-query,top_10,2026-09-19 16:47 UTC,ok
EASY,TSX,Liberty One Defensive Dividend ,Evolve ETFs,WM,Waste Management Inc,4.6764,,,,,,,finance-query,top_10,2026-09-19 16:47 UTC,ok
EASY,TSX,Liberty One Defensive Dividend ,Evolve ETFs,CB,Chubb Ltd,4.6141,,,,,,,finance-query,top_10,2026-09-19 16:47 UTC,ok
EASY,TSX,Liberty One Defensive Dividend ,Evolve ETFs,MCK,McKesson Corp,4.5649,,,,,,,finance-query,top_10,2026-09-19 16:47 UTC,ok
EASY,TSX,Liberty One Defensive Dividend ,Evolve ETFs,MSFT,Microsoft Corp,4.484,,,,,,,finance-query,top_10,2026-09-19 16:47 UTC,ok
ETSX,TSX,EVOLVE SP TSX60 ENHANCED YIELD ,Evolve ETFs,RY,Royal Bank of Canada,9.017,,,,,,,finance-query,top_10,2026-09-19 16:47 UTC,ok
ETSX,TSX,EVOLVE SP TSX60 ENHANCED YIELD ,Evolve ETFs,TD,The Toronto-Dominion Bank,6.3767,,,,,,,finance-query,top_10,2026-09-19 16:47 UTC,ok
ETSX,TSX,EVOLVE SP TSX60 ENHANCED YIELD ,Evolve ETFs,SHOP,Shopify Inc Registered Shs -A- Subord Vtg,5.6559,,,,,,,finance-query,top_10,2026-09-19 16:47 UTC,ok
ETSX,TSX,EVOLVE SP TSX60 ENHANCED YIELD ,Evolve ETFs,CNDX.TO,Global X S&P/TSX 60 ETF,5.3302,,,,,,,finance-query,top_10,2026-09-19 16:47 UTC,ok
ETSX,TSX,EVOLVE SP TSX60 ENHANCED YIELD ,Evolve ETFs,BMO.TO,Bank of Montreal,3.7707,,,,,,,finance-query,top_10,2026-09-19 16:47 UTC,ok
ETSX,TSX,EVOLVE SP TSX60 ENHANCED YIELD ,Evolve ETFs,BNS.TO,Bank of Nova Scotia,3.5519,,,,,,,finance-query,top_10,2026-09-19 16:47 UTC,ok
ETSX,TSX,EVOLVE SP TSX60 ENHANCED YIELD ,Evolve ETFs,ENB.TO,Enbridge Inc,3.5245,,,,,,,finance-query,top_10,2026-09-19 16:47 UTC,ok
ETSX,TSX,EVOLVE SP TSX60 ENHANCED YIELD ,Evolve ETFs,CM.TO,Canadian Imperial Bank of Commerce,3.3072,,,,,,,finance-query,top_10,2026-09-19 16:47 UTC,ok
ETSX,TSX,EVOLVE SP TSX60 ENHANCED YIELD ,Evolve ETFs,AEM.TO,Agnico Eagle Mines Ltd,3.2576,,,,,,,finance-query,top_10,2026-09-19 16:47 UTC,ok
ETSX,TSX,EVOLVE SP TSX60 ENHANCED YIELD ,Evolve ETFs,CNQ.TO,Canadian Natural Resources Ltd,3.2476,,,,,,,finance-query,top_10,2026-09-19 16:47 UTC,ok
ESPX,TSX,EVOLVE SP 500 ENHANCED YIELD FU,Evolve ETFs,NVDA,NVIDIA Corp,7.6335,,,,,,,finance-query,top_10,2026-09-19 16:47 UTC,ok
ESPX,TSX,EVOLVE SP 500 ENHANCED YIELD FU,Evolve ETFs,AAPL,Apple Inc,6.6359,,,,,,,finance-query,top_10,2026-09-19 16:47 UTC,ok
ESPX,TSX,EVOLVE SP 500 ENHANCED YIELD FU,Evolve ETFs,MSFT,Microsoft Corp,5.3488,,,,,,,finance-query,top_10,2026-09-19 16:47 UTC,ok
ESPX,TSX,EVOLVE SP 500 ENHANCED YIELD FU,Evolve ETFs,IVV,iShares Core S&P 500 ETF,5.0738,,,,,,,finance-query,top_10,2026-09-19 16:47 UTC,ok
ESPX,TSX,EVOLVE SP 500 ENHANCED YIELD FU,Evolve ETFs,AMZN,Amazon.com Inc,3.6405,,,,,,,finance-query,top_10,2026-09-19 16:47 UTC,ok
ESPX,TSX,EVOLVE SP 500 ENHANCED YIELD FU,Evolve ETFs,GOOGL,Alphabet Inc Class A,2.8241,,,,,,,finance-query,top_10,2026-09-19 16:47 UTC,ok
ESPX,TSX,EVOLVE SP 500 ENHANCED YIELD FU,Evolve ETFs,AVGO,Broadcom Inc,2.5038,,,,,,,finance-query,top_10,2026-09-19 16:47 UTC,ok
ESPX,TSX,EVOLVE SP 500 ENHANCED YIELD FU,Evolve ETFs,GOOG,Alphabet Inc Class C,2.248,,,,,,,finance-query,top_10,2026-09-19 16:47 UTC,ok
ESPX,TSX,EVOLVE SP 500 ENHANCED YIELD FU,Evolve ETFs,META,Meta Platforms Inc Class A,1.8049,,,,,,,finance-query,top_10,2026-09-19 16:47 UTC,ok
ESPX,TSX,EVOLVE SP 500 ENHANCED YIELD FU,Evolve ETFs,MU,Micron Technology Inc,1.5352,,,,,,,finance-query,top_10,2026-09-19 16:47 UTC,ok
QQQY,TSX,EVOLVE NASDAQ TECH ENH YLD INDX,Evolve ETFs,MSFT,Microsoft Corp,11.8183,,,,,,,finance-query,top_10,2026-09-19 16:47 UTC,ok
QQQY,TSX,EVOLVE NASDAQ TECH ENH YLD INDX,Evolve ETFs,NVDA,NVIDIA Corp,10.6516,,,,,,,finance-query,top_10,2026-09-19 16:47 UTC,ok
QQQY,TSX,EVOLVE NASDAQ TECH ENH YLD INDX,Evolve ETFs,AAPL,Apple Inc,10.5521,,,,,,,finance-query,top_10,2026-09-19 16:47 UTC,ok
QQQY,TSX,EVOLVE NASDAQ TECH ENH YLD INDX,Evolve ETFs,AVGO,Broadcom Inc,8.3229,,,,,,,finance-query,top_10,2026-09-19 16:47 UTC,ok
QQQY,TSX,EVOLVE NASDAQ TECH ENH YLD INDX,Evolve ETFs,META,Meta Platforms Inc Class A,7.0714,,,,,,,finance-query,top_10,2026-09-19 16:47 UTC,ok
QQQY,TSX,EVOLVE NASDAQ TECH ENH YLD INDX,Evolve ETFs,MU,Micron Technology Inc,5.6196,,,,,,,finance-query,top_10,2026-09-19 16:47 UTC,ok
QQQY,TSX,EVOLVE NASDAQ TECH ENH YLD INDX,Evolve ETFs,GOOGL,Alphabet Inc Class A,4.7948,,,,,,,finance-query,top_10,2026-09-19 16:47 UTC,ok
QQQY,TSX,EVOLVE NASDAQ TECH ENH YLD INDX,Evolve ETFs,GOOG,Alphabet Inc Class C,4.4329,,,,,,,finance-query,top_10,2026-09-19 16:47 UTC,ok
QQQY,TSX,EVOLVE NASDAQ TECH ENH YLD INDX,Evolve ETFs,AMD,Advanced Micro Devices Inc,4.2135,,,,,,,finance-query,top_10,2026-09-19 16:47 UTC,ok
QQQY,TSX,EVOLVE NASDAQ TECH ENH YLD INDX,Evolve ETFs,PLTR,Palantir Technologies Inc Ordinary Shares - Class A,2.4834,,,,,,,finance-query,top_10,2026-09-19 16:47 UTC,ok
LIFE,TSX,EVOLVE GLBL HEALTHCARE ENHANCE ,Evolve ETFs,PFE,Pfizer Inc,5.5651,,,,,,,finance-query,top_10,2026-09-19 16:47 UTC,ok
LIFE,TSX,EVOLVE GLBL HEALTHCARE ENHANCE ,Evolve ETFs,TMO,Thermo Fisher Scientific Inc,5.5326,,,,,,,finance-query,top_10,2026-09-19 16:47 UTC,ok
LIFE,TSX,EVOLVE GLBL HEALTHCARE ENHANCE ,Evolve ETFs,AMGN,Amgen Inc,5.5116,,,,,,,finance-query,top_10,2026-09-19 16:47 UTC,ok
LIFE,TSX,EVOLVE GLBL HEALTHCARE ENHANCE ,Evolve ETFs,ABT,Abbott Laboratories,5.3711,,,,,,,finance-query,top_10,2026-09-19 16:47 UTC,ok
LIFE,TSX,EVOLVE GLBL HEALTHCARE ENHANCE ,Evolve ETFs,BMY,Bristol-Myers Squibb Co,5.369,,,,,,,finance-query,top_10,2026-09-19 16:47 UTC,ok
LIFE,TSX,EVOLVE GLBL HEALTHCARE ENHANCE ,Evolve ETFs,MRK,Merck & Co Inc,5.3594,,,,,,,finance-query,top_10,2026-09-19 16:47 UTC,ok
LIFE,TSX,EVOLVE GLBL HEALTHCARE ENHANCE ,Evolve ETFs,GILD,Gilead Sciences Inc,5.2991,,,,,,,finance-query,top_10,2026-09-19 16:47 UTC,ok
LIFE,TSX,EVOLVE GLBL HEALTHCARE ENHANCE ,Evolve ETFs,MDT,Medtronic PLC,5.1399,,,,,,,finance-query,top_10,2026-09-19 16:47 UTC,ok
LIFE,TSX,EVOLVE GLBL HEALTHCARE ENHANCE ,Evolve ETFs,DHR,Danaher Corp,5.0684,,,,,,,finance-query,top_10,2026-09-19 16:47 UTC,ok
LIFE,TSX,EVOLVE GLBL HEALTHCARE ENHANCE ,Evolve ETFs,VRTX,Vertex Pharmaceuticals Inc,4.8395,,,,,,,finance-query,top_10,2026-09-19 16:47 UTC,ok
CALL,TSX,EVOLVE US BANKS ENHANCED YIELD ,Evolve ETFs,BAC,Bank of America Corp,5.7566,,,,,,,finance-query,top_10,2026-09-19 16:47 UTC,ok
CALL,TSX,EVOLVE US BANKS ENHANCED YIELD ,Evolve ETFs,GS,The Goldman Sachs Group Inc,5.6223,,,,,,,finance-query,top_10,2026-09-19 16:47 UTC,ok
CALL,TSX,EVOLVE US BANKS ENHANCED YIELD ,Evolve ETFs,C,Citigroup Inc,5.5804,,,,,,,finance-query,top_10,2026-09-19 16:47 UTC,ok
CALL,TSX,EVOLVE US BANKS ENHANCED YIELD ,Evolve ETFs,JPM,JPMorgan Chase & Co,5.5589,,,,,,,finance-query,top_10,2026-09-19 16:47 UTC,ok
CALL,TSX,EVOLVE US BANKS ENHANCED YIELD ,Evolve ETFs,EWBC,East West Bancorp Inc,5.3991,,,,,,,finance-query,top_10,2026-09-19 16:47 UTC,ok
CALL,TSX,EVOLVE US BANKS ENHANCED YIELD ,Evolve ETFs,CFG,Citizens Financial Group Inc,5.3657,,,,,,,finance-query,top_10,2026-09-19 16:47 UTC,ok
CALL,TSX,EVOLVE US BANKS ENHANCED YIELD ,Evolve ETFs,USB,U.S. Bancorp,5.3197,,,,,,,finance-query,top_10,2026-09-19 16:47 UTC,ok
CALL,TSX,EVOLVE US BANKS ENHANCED YIELD ,Evolve ETFs,PNC,PNC Financial Services Group Inc,5.2582,,,,,,,finance-query,top_10,2026-09-19 16:47 UTC,ok
CALL,TSX,EVOLVE US BANKS ENHANCED YIELD ,Evolve ETFs,FCNCA,First Citizens BancShares Inc Class A,5.1716,,,,,,,finance-query,top_10,2026-09-19 16:47 UTC,ok
CALL,TSX,EVOLVE US BANKS ENHANCED YIELD ,Evolve ETFs,FITB,Fifth Third Bancorp,5.1423,,,,,,,finance-query,top_10,2026-09-19 16:47 UTC,ok
EBNK,TSX,EVOLVE EUROPEAN BANKS ENHANCED ,Evolve ETFs,DNB.OL,Dnb Bk Asa,5.302,,,,,,,finance-query,top_10,2026-09-19 16:47 UTC,ok
EBNK,TSX,EVOLVE EUROPEAN BANKS ENHANCED ,Evolve ETFs,KBC.BR,KBC Groupe NV,5.234,,,,,,,finance-query,top_10,2026-09-19 16:47 UTC,ok
EBNK,TSX,EVOLVE EUROPEAN BANKS ENHANCED ,Evolve ETFs,CBK.DE,Commerzbank AG,5.1854,,,,,,,finance-query,top_10,2026-09-19 16:47 UTC,ok
EBNK,TSX,EVOLVE EUROPEAN BANKS ENHANCED ,Evolve ETFs,CABK.MC,CaixaBank SA,5.1409,,,,,,,finance-query,top_10,2026-09-19 16:47 UTC,ok
EBNK,TSX,EVOLVE EUROPEAN BANKS ENHANCED ,Evolve ETFs,HSBA.L,HSBC Holdings PLC,5.103,,,,,,,finance-query,top_10,2026-09-19 16:47 UTC,ok
EBNK,TSX,EVOLVE EUROPEAN BANKS ENHANCED ,Evolve ETFs,BBVA.MC,Banco Bilbao Vizcaya Argentaria SA,5.1011,,,,,,,finance-query,top_10,2026-09-19 16:47 UTC,ok
EBNK,TSX,EVOLVE EUROPEAN BANKS ENHANCED ,Evolve ETFs,EBS.VI,Erste Group Bank AG.,5.0765,,,,,,,finance-query,top_10,2026-09-19 16:47 UTC,ok
EBNK,TSX,EVOLVE EUROPEAN BANKS ENHANCED ,Evolve ETFs,NDA-SE.ST,Nordea Bank Abp,5.075,,,,,,,finance-query,top_10,2026-09-19 16:47 UTC,ok
EBNK,TSX,EVOLVE EUROPEAN BANKS ENHANCED ,Evolve ETFs,ISP.MI,Intesa Sanpaolo,5.0202,,,,,,,finance-query,top_10,2026-09-19 16:47 UTC,ok
EBNK,TSX,EVOLVE EUROPEAN BANKS ENHANCED ,Evolve ETFs,STAN.L,Standard Chartered PLC,5.0134,,,,,,,finance-query,top_10,2026-09-19 16:47 UTC,ok
BASE,TSX,EVOLVE GLOB MATLS MINING ENH YL,Evolve ETFs,AU,Anglogold Ashanti PLC,5.6523,,,,,,,finance-query,top_10,2026-09-19 16:47 UTC,ok
BASE,TSX,EVOLVE GLOB MATLS MINING ENH YL,Evolve ETFs,NEM,Newmont Corp,5.6175,,,,,,,finance-query,top_10,2026-09-19 16:47 UTC,ok
BASE,TSX,EVOLVE GLOB MATLS MINING ENH YL,Evolve ETFs,GFI,Gold Fields Ltd ADR,5.6061,,,,,,,finance-query,top_10,2026-09-19 16:47 UTC,ok
BASE,TSX,EVOLVE GLOB MATLS MINING ENH YL,Evolve ETFs,RGLD,Royal Gold Inc,5.5335,,,,,,,finance-query,top_10,2026-09-19 16:47 UTC,ok
BASE,TSX,EVOLVE GLOB MATLS MINING ENH YL,Evolve ETFs,SCCO,Southern Copper Corp,5.3498,,,,,,,finance-query,top_10,2026-09-19 16:47 UTC,ok
BASE,TSX,EVOLVE GLOB MATLS MINING ENH YL,Evolve ETFs,FCX,Freeport-McMoRan Inc,5.3032,,,,,,,finance-query,top_10,2026-09-19 16:47 UTC,ok
BASE,TSX,EVOLVE GLOB MATLS MINING ENH YL,Evolve ETFs,CDE,Coeur Mining Inc,5.288,,,,,,,finance-query,top_10,2026-09-19 16:47 UTC,ok
BASE,TSX,EVOLVE GLOB MATLS MINING ENH YL,Evolve ETFs,LYB,LyondellBasell Industries NV Class A,5.1031,,,,,,,finance-query,top_10,2026-09-19 16:47 UTC,ok
BASE,TSX,EVOLVE GLOB MATLS MINING ENH YL,Evolve ETFs,PKX,POSCO Holdings Inc ADR,5.0508,,,,,,,finance-query,top_10,2026-09-19 16:47 UTC,ok
BASE,TSX,EVOLVE GLOB MATLS MINING ENH YL,Evolve ETFs,MT,ArcelorMittal SA Depository Receipt,4.982,,,,,,,finance-query,top_10,2026-09-19 16:47 UTC,ok
LEAD,TSX,EVOLVE FUTURE LEADERSHIP ETF HE,Evolve ETFs,CRCL,Circle Internet Group Inc Ordinary Shares - Class A,4.4759,,,,,,,finance-query,top_10,2026-09-19 16:47 UTC,ok
LEAD,TSX,EVOLVE FUTURE LEADERSHIP ETF HE,Evolve ETFs,ZS,Zscaler Inc,4.191,,,,,,,finance-query,top_10,2026-09-19 16:47 UTC,ok
LEAD,TSX,EVOLVE FUTURE LEADERSHIP ETF HE,Evolve ETFs,MSTR,Strategy Inc Class A,4.0312,,,,,,,finance-query,top_10,2026-09-19 16:47 UTC,ok
LEAD,TSX,EVOLVE FUTURE LEADERSHIP ETF HE,Evolve ETFs,COIN,Coinbase Global Inc Ordinary Shares - Class A,3.3877,,,,,,,finance-query,top_10,2026-09-19 16:47 UTC,ok
LEAD,TSX,EVOLVE FUTURE LEADERSHIP ETF HE,Evolve ETFs,LIFE.TO,Evolve Global Healthcare Enh Yld ETF Hdg,3.1872,,,,,,,finance-query,top_10,2026-09-19 16:47 UTC,ok
LEAD,TSX,EVOLVE FUTURE LEADERSHIP ETF HE,Evolve ETFs,SPCX,Space Exploration Technologies Corp Class A,3.1522,,,,,,,finance-query,top_10,2026-09-19 16:47 UTC,ok
LEAD,TSX,EVOLVE FUTURE LEADERSHIP ETF HE,Evolve ETFs,MSFT,Microsoft Corp,3.1433,,,,,,,finance-query,top_10,2026-09-19 16:47 UTC,ok
LEAD,TSX,EVOLVE FUTURE LEADERSHIP ETF HE,Evolve ETFs,CRWD,CrowdStrike Holdings Inc Class A,3.1209,,,,,,,finance-query,top_10,2026-09-19 16:47 UTC,ok
LEAD,TSX,EVOLVE FUTURE LEADERSHIP ETF HE,Evolve ETFs,NVDA,NVIDIA Corp,2.9902,,,,,,,finance-query,top_10,2026-09-19 16:47 UTC,ok
LEAD,TSX,EVOLVE FUTURE LEADERSHIP ETF HE,Evolve ETFs,VRTX,Vertex Pharmaceuticals Inc,2.9545,,,,,,,finance-query,top_10,2026-09-19 16:47 UTC,ok
BOND,TSX,EVOLVE ENHANCED YIELD BOND FUND,Evolve ETFs,TLT,iShares 20+ Year Treasury Bond ETF,58.7217,,,,,,,finance-query,top_10,2026-09-19 16:47 UTC,ok
BOND,TSX,EVOLVE ENHANCED YIELD BOND FUND,Evolve ETFs,VGLT,Vanguard Long-Term Treasury ETF,39.4805,,,,,,,finance-query,top_10,2026-09-19 16:47 UTC,ok
AGG,TSX,EVOLVE CDN AGGRGT BOND ENHD YLD,Evolve ETFs,ZAG.TO,BMO Aggregate Bond ETF,49.669,,,,,,,finance-query,top_10,2026-09-19 16:47 UTC,ok
AGG,TSX,EVOLVE CDN AGGRGT BOND ENHD YLD,Evolve ETFs,XBB.TO,iShares Core Canadian Universe Bond ETF,49.4327,,,,,,,finance-query,top_10,2026-09-19 16:47 UTC,ok
MIDB,TSX,EVOLVE ENH YLD MID TERM BND FUN,Evolve ETFs,BOND-U.TO,Evolve Enhanced Yield Bond USD Unhedged,93.6422,,,,,,,finance-query,top_10,2026-09-19 16:47 UTC,ok
HISU.U,TSX,US High Interest Savings Account Fund,Evolve ETFs,,,,,,,,,,finance-query,top_10,2026-09-19 16:47 UTC,no_holdings_found [HISU.U.TO:404 HISU-U.TO:200-no-holdings HISU.U:404]
MCAD,TSX,Premium Cash Management Fund,Evolve ETFs,,,,,,,,,,finance-query,top_10,2026-09-19 16:47 UTC,no_holdings_found [MCAD.TO:200-no-holdings MCAD:200-no-holdings]
MUSD.U,TSX,US Premium Cash Management Fund,Evolve ETFs,,,,,,,,,,finance-query,top_10,2026-09-19 16:47 UTC,no_holdings_found [MUSD.U.TO:404 MUSD-U.TO:200-no-holdings MUSD.U:404]
QQQT,TSX,Defiance Nasdaq 100 Income Targ,Evolve ETFs,QQQ,Invesco QQQ Trust,99.8345,,,,,,,finance-query,top_10,2026-09-19 16:47 UTC,ok
QQQT,TSX,Defiance Nasdaq 100 Income Targ,Evolve ETFs,FGXXX,First American Government Obligs X,0.1313,,,,,,,finance-query,top_10,2026-09-19 16:47 UTC,ok
TECH,TSX,EVOLVE FANGMA INDEX HG ETF,Evolve ETFs,MSFT,Microsoft Corp,20.1825,,,,,,,finance-query,top_10,2026-09-19 16:47 UTC,ok
TECH,TSX,EVOLVE FANGMA INDEX HG ETF,Evolve ETFs,NFLX,Netflix Inc,18.5848,,,,,,,finance-query,top_10,2026-09-19 16:47 UTC,ok
TECH,TSX,EVOLVE FANGMA INDEX HG ETF,Evolve ETFs,AMZN,Amazon.com Inc,16.4831,,,,,,,finance-query,top_10,2026-09-19 16:47 UTC,ok
TECH,TSX,EVOLVE FANGMA INDEX HG ETF,Evolve ETFs,GOOGL,Alphabet Inc Class A,15.4396,,,,,,,finance-query,top_10,2026-09-19 16:47 UTC,ok
TECH,TSX,EVOLVE FANGMA INDEX HG ETF,Evolve ETFs,AAPL,Apple Inc,14.9108,,,,,,,finance-query,top_10,2026-09-19 16:47 UTC,ok
TECH,TSX,EVOLVE FANGMA INDEX HG ETF,Evolve ETFs,META,Meta Platforms Inc Class A,13.9795,,,,,,,finance-query,top_10,2026-09-19 16:47 UTC,ok
CYBR,TSX,EVOLVE CYBER SECURITY INDEX HGD,Evolve ETFs,ZS,Zscaler Inc,8.5655,,,,,,,finance-query,top_10,2026-09-19 16:47 UTC,ok
CYBR,TSX,EVOLVE CYBER SECURITY INDEX HGD,Evolve ETFs,OKTA,Okta Inc Class A,8.1968,,,,,,,finance-query,top_10,2026-09-19 16:47 UTC,ok
CYBR,TSX,EVOLVE CYBER SECURITY INDEX HGD,Evolve ETFs,CRWD,CrowdStrike Holdings Inc Class A,7.9716,,,,,,,finance-query,top_10,2026-09-19 16:47 UTC,ok
CYBR,TSX,EVOLVE CYBER SECURITY INDEX HGD,Evolve ETFs,PANW,Palo Alto Networks Inc,7.3523,,,,,,,finance-query,top_10,2026-09-19 16:47 UTC,ok
CYBR,TSX,EVOLVE CYBER SECURITY INDEX HGD,Evolve ETFs,FTNT,Fortinet Inc,7.3295,,,,,,,finance-query,top_10,2026-09-19 16:47 UTC,ok
CYBR,TSX,EVOLVE CYBER SECURITY INDEX HGD,Evolve ETFs,FFIV,F5 Inc,6.6826,,,,,,,finance-query,top_10,2026-09-19 16:47 UTC,ok
CYBR,TSX,EVOLVE CYBER SECURITY INDEX HGD,Evolve ETFs,AKAM,Akamai Technologies Inc,6.4402,,,,,,,finance-query,top_10,2026-09-19 16:47 UTC,ok
CYBR,TSX,EVOLVE CYBER SECURITY INDEX HGD,Evolve ETFs,RBRK,Rubrik Inc Class A Shares,6.3012,,,,,,,finance-query,top_10,2026-09-19 16:47 UTC,ok
CYBR,TSX,EVOLVE CYBER SECURITY INDEX HGD,Evolve ETFs,CHKP,Check Point Software Technologies Ltd,6.0984,,,,,,,finance-query,top_10,2026-09-19 16:47 UTC,ok
CYBR,TSX,EVOLVE CYBER SECURITY INDEX HGD,Evolve ETFs,CACI,CACI International Inc Class A,5.7926,,,,,,,finance-query,top_10,2026-09-19 16:47 UTC,ok
HERO,TSX,EVOLVE E GAMING INDEX ETF,Evolve ETFs,NTDOY,Nintendo Co Ltd ADR,13.2377,,,,,,,finance-query,top_10,2026-09-19 16:47 UTC,ok
HERO,TSX,EVOLVE E GAMING INDEX ETF,Evolve ETFs,9766.T,Konami Group Corp,10.0878,,,,,,,finance-query,top_10,2026-09-19 16:47 UTC,ok
HERO,TSX,EVOLVE E GAMING INDEX ETF,Evolve ETFs,NTES,NetEase Inc ADR,9.5769,,,,,,,finance-query,top_10,2026-09-19 16:47 UTC,ok
HERO,TSX,EVOLVE E GAMING INDEX ETF,Evolve ETFs,TTWO,Take-Two Interactive Software Inc,9.0651,,,,,,,finance-query,top_10,2026-09-19 16:47 UTC,ok
HERO,TSX,EVOLVE E GAMING INDEX ETF,Evolve ETFs,3659.T,NEXON Co Ltd,8.0029,,,,,,,finance-query,top_10,2026-09-19 16:47 UTC,ok
HERO,TSX,EVOLVE E GAMING INDEX ETF,Evolve ETFs,RBLX,Roblox Corp Ordinary Shares - Class A,7.8089,,,,,,,finance-query,top_10,2026-09-19 16:47 UTC,ok
HERO,TSX,EVOLVE E GAMING INDEX ETF,Evolve ETFs,9697.T,Capcom Co Ltd,7.2075,,,,,,,finance-query,top_10,2026-09-19 16:47 UTC,ok
HERO,TSX,EVOLVE E GAMING INDEX ETF,Evolve ETFs,259960.KQ,Krafton,3.8317,,,,,,,finance-query,top_10,2026-09-19 16:47 UTC,ok
HERO,TSX,EVOLVE E GAMING INDEX ETF,Evolve ETFs,9684.T,Square Enix Holdings Co Ltd,3.4344,,,,,,,finance-query,top_10,2026-09-19 16:47 UTC,ok
HERO,TSX,EVOLVE E GAMING INDEX ETF,Evolve ETFs,3293.TWO,International Games System Co Ltd,3.2246,,,,,,,finance-query,top_10,2026-09-19 16:47 UTC,ok
ARTI,TSX,EVOLVE ARTIFICIAL INTELLIGENCE ,Evolve ETFs,MSFT,Microsoft Corp,10.2277,,,,,,,finance-query,top_10,2026-09-19 16:47 UTC,ok
ARTI,TSX,EVOLVE ARTIFICIAL INTELLIGENCE ,Evolve ETFs,NVDA,NVIDIA Corp,8.9858,,,,,,,finance-query,top_10,2026-09-19 16:47 UTC,ok
ARTI,TSX,EVOLVE ARTIFICIAL INTELLIGENCE ,Evolve ETFs,AMZN,Amazon.com Inc,8.8593,,,,,,,finance-query,top_10,2026-09-19 16:47 UTC,ok
ARTI,TSX,EVOLVE ARTIFICIAL INTELLIGENCE ,Evolve ETFs,GOOG,Alphabet Inc Class C,7.2349,,,,,,,finance-query,top_10,2026-09-19 16:47 UTC,ok
ARTI,TSX,EVOLVE ARTIFICIAL INTELLIGENCE ,Evolve ETFs,META,Meta Platforms Inc Class A,7.148,,,,,,,finance-query,top_10,2026-09-19 16:47 UTC,ok
ARTI,TSX,EVOLVE ARTIFICIAL INTELLIGENCE ,Evolve ETFs,AVGO,Broadcom Inc,6.6618,,,,,,,finance-query,top_10,2026-09-19 16:47 UTC,ok
ARTI,TSX,EVOLVE ARTIFICIAL INTELLIGENCE ,Evolve ETFs,TSM,Taiwan Semiconductor Manufacturing Co Ltd ADR,6.1561,,,,,,,finance-query,top_10,2026-09-19 16:47 UTC,ok
ARTI,TSX,EVOLVE ARTIFICIAL INTELLIGENCE ,Evolve ETFs,ORCL,Oracle Corp,3.5377,,,,,,,finance-query,top_10,2026-09-19 16:47 UTC,ok
ARTI,TSX,EVOLVE ARTIFICIAL INTELLIGENCE ,Evolve ETFs,ASML,ASML Holding NV ADR,3.0137,,,,,,,finance-query,top_10,2026-09-19 16:47 UTC,ok
ARTI,TSX,EVOLVE ARTIFICIAL INTELLIGENCE ,Evolve ETFs,ESTC,Elastic NV,2.628,,,,,,,finance-query,top_10,2026-09-19 16:47 UTC,ok
EDGE,TSX,EVOLVE INNOVATION INDEX FUND,Evolve ETFs,CYBR.TO,Evolve Cyber Security ETF Hdg,13.3157,,,,,,,finance-query,top_10,2026-09-19 16:47 UTC,ok
EDGE,TSX,EVOLVE INNOVATION INDEX FUND,Evolve ETFs,DATA.TO,Evolve Cloud Computing ETF Hedged,12.8524,,,,,,,finance-query,top_10,2026-09-19 16:47 UTC,ok
EDGE,TSX,EVOLVE INNOVATION INDEX FUND,Evolve ETFs,HERO.TO,Evolve E-Gaming ETF,12.4203,,,,,,,finance-query,top_10,2026-09-19 16:47 UTC,ok
EDGE,TSX,EVOLVE INNOVATION INDEX FUND,Evolve ETFs,CARS.TO,Evolve Automobile Innovation ETF H,10.3712,,,,,,,finance-query,top_10,2026-09-19 16:47 UTC,ok
EDGE,TSX,EVOLVE INNOVATION INDEX FUND,Evolve ETFs,QCOM,Qualcomm Inc,2.3128,,,,,,,finance-query,top_10,2026-09-19 16:47 UTC,ok
EDGE,TSX,EVOLVE INNOVATION INDEX FUND,Evolve ETFs,INTU,Intuit Inc,1.5675,,,,,,,finance-query,top_10,2026-09-19 16:47 UTC,ok
EDGE,TSX,EVOLVE INNOVATION INDEX FUND,Evolve ETFs,ADYEY,Adyen NV ADR,1.5087,,,,,,,finance-query,top_10,2026-09-19 16:47 UTC,ok
EDGE,TSX,EVOLVE INNOVATION INDEX FUND,Evolve ETFs,T,AT&T Inc,1.5034,,,,,,,finance-query,top_10,2026-09-19 16:47 UTC,ok
EDGE,TSX,EVOLVE INNOVATION INDEX FUND,Evolve ETFs,SHOP,Shopify Inc Registered Shs -A- Subord Vtg,1.4652,,,,,,,finance-query,top_10,2026-09-19 16:47 UTC,ok
EDGE,TSX,EVOLVE INNOVATION INDEX FUND,Evolve ETFs,A,Agilent Technologies Inc,1.447,,,,,,,finance-query,top_10,2026-09-19 16:47 UTC,ok
CARS,TSX,EVOLVE AUTOMOBILE INNOVATION ID,Evolve ETFs,THRM,Gentherm Inc Class A,2.218,,,,,,,finance-query,top_10,2026-09-19 16:47 UTC,ok
CARS,TSX,EVOLVE AUTOMOBILE INNOVATION ID,Evolve ETFs,NVDA,NVIDIA Corp,2.1594,,,,,,,finance-query,top_10,2026-09-19 16:47 UTC,ok
CARS,TSX,EVOLVE AUTOMOBILE INNOVATION ID,Evolve ETFs,RNO.PA,Renault SA,2.0732,,,,,,,finance-query,top_10,2026-09-19 16:47 UTC,ok
CARS,TSX,EVOLVE AUTOMOBILE INNOVATION ID,Evolve ETFs,HIMX,Himax Technologies Inc ADR,1.9458,,,,,,,finance-query,top_10,2026-09-19 16:47 UTC,ok
CARS,TSX,EVOLVE AUTOMOBILE INNOVATION ID,Evolve ETFs,SWKS,Skyworks Solutions Inc,1.9419,,,,,,,finance-query,top_10,2026-09-19 16:47 UTC,ok
CARS,TSX,EVOLVE AUTOMOBILE INNOVATION ID,Evolve ETFs,LI,Li Auto Inc ADR,1.9294,,,,,,,finance-query,top_10,2026-09-19 16:47 UTC,ok
CARS,TSX,EVOLVE AUTOMOBILE INNOVATION ID,Evolve ETFs,VOW3.DE,Volkswagen AG Participating Preferred,1.9025,,,,,,,finance-query,top_10,2026-09-19 16:47 UTC,ok
CARS,TSX,EVOLVE AUTOMOBILE INNOVATION ID,Evolve ETFs,01211,BYD Co Ltd Class H,1.8821,,,,,,,finance-query,top_10,2026-09-19 16:47 UTC,ok
CARS,TSX,EVOLVE AUTOMOBILE INNOVATION ID,Evolve ETFs,VC,Visteon Corp,1.8726,,,,,,,finance-query,top_10,2026-09-19 16:47 UTC,ok
CARS,TSX,EVOLVE AUTOMOBILE INNOVATION ID,Evolve ETFs,PAH3.DE,Porsche Automobil Holding SE Participating Preferred,1.8626,,,,,,,finance-query,top_10,2026-09-19 16:47 UTC,ok
DATA,TSX,EVOLVE CLOUD COMPUTING INDEX FU,Evolve ETFs,MSFT,Microsoft Corp,9.055,,,,,,,finance-query,top_10,2026-09-19 16:47 UTC,ok
DATA,TSX,EVOLVE CLOUD COMPUTING INDEX FU,Evolve ETFs,AMZN,Amazon.com Inc,7.4035,,,,,,,finance-query,top_10,2026-09-19 16:47 UTC,ok
DATA,TSX,EVOLVE CLOUD COMPUTING INDEX FU,Evolve ETFs,ORCL,Oracle Corp,7.1937,,,,,,,finance-query,top_10,2026-09-19 16:47 UTC,ok
DATA,TSX,EVOLVE CLOUD COMPUTING INDEX FU,Evolve ETFs,GOOGL,Alphabet Inc Class A,6.6229,,,,,,,finance-query,top_10,2026-09-19 16:47 UTC,ok
DATA,TSX,EVOLVE CLOUD COMPUTING INDEX FU,Evolve ETFs,PANW,Palo Alto Networks Inc,6.6059,,,,,,,finance-query,top_10,2026-09-19 16:47 UTC,ok
DATA,TSX,EVOLVE CLOUD COMPUTING INDEX FU,Evolve ETFs,SAP,SAP SE ADR,5.739,,,,,,,finance-query,top_10,2026-09-19 16:47 UTC,ok
DATA,TSX,EVOLVE CLOUD COMPUTING INDEX FU,Evolve ETFs,CRWD,CrowdStrike Holdings Inc Class A,5.0418,,,,,,,finance-query,top_10,2026-09-19 16:47 UTC,ok
DATA,TSX,EVOLVE CLOUD COMPUTING INDEX FU,Evolve ETFs,SNDK,SanDisk Corp Ordinary Shares,5.0016,,,,,,,finance-query,top_10,2026-09-19 16:47 UTC,ok
DATA,TSX,EVOLVE CLOUD COMPUTING INDEX FU,Evolve ETFs,CRM,Salesforce Inc,4.5322,,,,,,,finance-query,top_10,2026-09-19 16:47 UTC,ok
DATA,TSX,EVOLVE CLOUD COMPUTING INDEX FU,Evolve ETFs,285A.T,Kioxia Hldgs,4.4513,,,,,,,finance-query,top_10,2026-09-19 16:47 UTC,ok
EARN,TSX,Evolve Active Global Fixed Income Fund,Evolve ETFs,,,,,,,,,,finance-query,top_10,2026-09-19 16:47 UTC,no_holdings_found [EARN.TO:200-no-holdings EARN:200-no-holdings]
DIVS,TSX,EVOLVE ACTIVE CDN PREF SHARE FU,Evolve ETFs,BN.PF.A,Brookfield Corp Cum Conv Pref Registered Shs -A- Series -32-,5.4759,,,,,,,finance-query,top_10,2026-09-19 16:47 UTC,ok
DIVS,TSX,EVOLVE ACTIVE CDN PREF SHARE FU,Evolve ETFs,ENB.PF.K,Enbridge Inc FXDFR PRF PERPETUAL CAD 25 - Ser 19,5.2347,,,,,,,finance-query,top_10,2026-09-19 16:47 UTC,ok
DIVS,TSX,EVOLVE ACTIVE CDN PREF SHARE FU,Evolve ETFs,FTS.PR.M,Fortis Inc Cum Red 1st Pref Registered Shs Series -M-,4.0992,,,,,,,finance-query,top_10,2026-09-19 16:47 UTC,ok
DIVS,TSX,EVOLVE ACTIVE CDN PREF SHARE FU,Evolve ETFs,ENB.PR.J,Enbridge Inc 4.4 % Cum Red Pfd Registered Shs Series -7-,3.3785,,,,,,,finance-query,top_10,2026-09-19 16:47 UTC,ok
DIVS,TSX,EVOLVE ACTIVE CDN PREF SHARE FU,Evolve ETFs,TRP.PR.D,TC Energy Corp Floating Rate Cum Conv Red 1st Pfd Registered Shs Series -7-,3.2338,,,,,,,finance-query,top_10,2026-09-19 16:47 UTC,ok
DIVS,TSX,EVOLVE ACTIVE CDN PREF SHARE FU,Evolve ETFs,PPL.PR.O,Pembina Pipeline Corp PRF PERPETUAL CAD - Ser 15 Cls A,3.1872,,,,,,,finance-query,top_10,2026-09-19 16:47 UTC,ok
DIVS,TSX,EVOLVE ACTIVE CDN PREF SHARE FU,Evolve ETFs,POW.PR.G,Power Corporation of Canada 5.6 % Non Cum Pfd Registered Shs Series -G-,3.0427,,,,,,,finance-query,top_10,2026-09-19 16:47 UTC,ok
DIVS,TSX,EVOLVE ACTIVE CDN PREF SHARE FU,Evolve ETFs,BCE.PR.A,BCE Inc 1St Pfd Shs Series -AA-,2.7035,,,,,,,finance-query,top_10,2026-09-19 16:47 UTC,ok
DIVS,TSX,EVOLVE ACTIVE CDN PREF SHARE FU,Evolve ETFs,TRP.PR.A,TC Energy Corp Cum Red 1st Pfd Registered Shs Series -1-,2.6385,,,,,,,finance-query,top_10,2026-09-19 16:47 UTC,ok
EBIT,TSX,Harbor AlphaEdge Small Cap Earn,Evolve ETFs,NAVI,Navient Corp,1.6391,,,,,,,finance-query,top_10,2026-09-19 16:47 UTC,ok
EBIT,TSX,Harbor AlphaEdge Small Cap Earn,Evolve ETFs,SNEX,StoneX Group Inc,1.0179,,,,,,,finance-query,top_10,2026-09-19 16:47 UTC,ok
EBIT,TSX,Harbor AlphaEdge Small Cap Earn,Evolve ETFs,PFSI,PennyMac Financial Services Inc Class A,0.8589,,,,,,,finance-query,top_10,2026-09-19 16:47 UTC,ok
EBIT,TSX,Harbor AlphaEdge Small Cap Earn,Evolve ETFs,MRX,Marex Group Ltd,0.7658,,,,,,,finance-query,top_10,2026-09-19 16:47 UTC,ok
EBIT,TSX,Harbor AlphaEdge Small Cap Earn,Evolve ETFs,PAGS,PagSeguro Digital Ltd Class A,0.743,,,,,,,finance-query,top_10,2026-09-19 16:47 UTC,ok
EBIT,TSX,Harbor AlphaEdge Small Cap Earn,Evolve ETFs,UNIT,Uniti Group Inc,0.6828,,,,,,,finance-query,top_10,2026-09-19 16:47 UTC,ok
EBIT,TSX,Harbor AlphaEdge Small Cap Earn,Evolve ETFs,ANF,Abercrombie & Fitch Co Class A,0.6652,,,,,,,finance-query,top_10,2026-09-19 16:47 UTC,ok
EBIT,TSX,Harbor AlphaEdge Small Cap Earn,Evolve ETFs,BFH,Bread Financial Holdings Inc,0.6633,,,,,,,finance-query,top_10,2026-09-19 16:47 UTC,ok
EBIT,TSX,Harbor AlphaEdge Small Cap Earn,Evolve ETFs,CNX,CNX Resources Corp,0.6409,,,,,,,finance-query,top_10,2026-09-19 16:47 UTC,ok
EBIT,TSX,Harbor AlphaEdge Small Cap Earn,Evolve ETFs,STNE,StoneCo Ltd Class A,0.5868,,,,,,,finance-query,top_10,2026-09-19 16:47 UTC,ok
ETHR,TSX,Evolve Ether ETF,Evolve ETFs,,,,,,,,,,finance-query,top_10,2026-09-19 16:47 UTC,no_holdings_found [ETHR.TO:200-no-holdings ETHR:404]
XRP,TSX,Evolve XRP ETF,Evolve ETFs,,,,,,,,,,finance-query,top_10,2026-09-19 16:47 UTC,no_holdings_found [XRP.TO:200-no-holdings XRP:200-no-holdings]
SOLA,TSX,Evolve Solana ETF,Evolve ETFs,,,,,,,,,,finance-query,top_10,2026-09-19 16:47 UTC,no_holdings_found [SOLA.TO:200-no-holdings SOLA:404]
ETC,TSX,EVOLVE CRYPTOCURRENCIES ETF,Evolve ETFs,EBIT.TO,Evolve Bitcoin ETF CAD,78.1057,,,,,,,finance-query,top_10,2026-09-19 16:47 UTC,ok
ETC,TSX,EVOLVE CRYPTOCURRENCIES ETF,Evolve ETFs,ETHR.TO,Evolve Ether ETF CAD Unhedged Units,12.6226,,,,,,,finance-query,top_10,2026-09-19 16:47 UTC,ok
ETC,TSX,EVOLVE CRYPTOCURRENCIES ETF,Evolve ETFs,XRP.TO,EVOLVE XRP ETF,5.4473,,,,,,,finance-query,top_10,2026-09-19 16:47 UTC,ok
ETC,TSX,EVOLVE CRYPTOCURRENCIES ETF,Evolve ETFs,SOLA.TO,Evolve Solana ETF,3.5264,,,,,,,finance-query,top_10,2026-09-19 16:47 UTC,ok
LBIT,TSX,EVOLVE LEVERED BITCOIN UNHG ETF,Evolve ETFs,EBIT.TO,Evolve Bitcoin ETF CAD,124.9114,,,,,,,finance-query,top_10,2026-09-19 16:47 UTC,ok
LETH,TSX,EVOLVE LEVERED ETHER UNHG ETF,Evolve ETFs,ETHR.TO,Evolve Ether ETF CAD Unhedged Units,124.7604,,,,,,,finance-query,top_10,2026-09-19 16:47 UTC,ok
HFG,TSX,HAMILTON GLOBAL FINANCIALS ETF,Hamilton ETFs (Hamilton Capital Partners Inc.),V,Visa Inc Class A,3.8345,,,,,,,finance-query,top_10,2026-09-19 16:47 UTC,ok
HFG,TSX,HAMILTON GLOBAL FINANCIALS ETF,Hamilton ETFs (Hamilton Capital Partners Inc.),PNC,PNC Financial Services Group Inc,3.1764,,,,,,,finance-query,top_10,2026-09-19 16:47 UTC,ok
HFG,TSX,HAMILTON GLOBAL FINANCIALS ETF,Hamilton ETFs (Hamilton Capital Partners Inc.),SCHW,Charles Schwab Corp,3.0266,,,,,,,finance-query,top_10,2026-09-19 16:47 UTC,ok
HFG,TSX,HAMILTON GLOBAL FINANCIALS ETF,Hamilton ETFs (Hamilton Capital Partners Inc.),EBS.VI,Erste Group Bank AG.,2.9649,,,,,,,finance-query,top_10,2026-09-19 16:47 UTC,ok
HFG,TSX,HAMILTON GLOBAL FINANCIALS ETF,Hamilton ETFs (Hamilton Capital Partners Inc.),PGR,Progressive Corp,2.7496,,,,,,,finance-query,top_10,2026-09-19 16:47 UTC,ok
HFG,TSX,HAMILTON GLOBAL FINANCIALS ETF,Hamilton ETFs (Hamilton Capital Partners Inc.),ICE,Intercontinental Exchange Inc,2.7479,,,,,,,finance-query,top_10,2026-09-19 16:47 UTC,ok
HFG,TSX,HAMILTON GLOBAL FINANCIALS ETF,Hamilton ETFs (Hamilton Capital Partners Inc.),HBAN,Huntington Bancshares Inc,2.6777,,,,,,,finance-query,top_10,2026-09-19 16:47 UTC,ok
HFG,TSX,HAMILTON GLOBAL FINANCIALS ETF,Hamilton ETFs (Hamilton Capital Partners Inc.),USB,U.S. Bancorp,2.6302,,,,,,,finance-query,top_10,2026-09-19 16:47 UTC,ok
HFG,TSX,HAMILTON GLOBAL FINANCIALS ETF,Hamilton ETFs (Hamilton Capital Partners Inc.),HDB,HDFC Bank Ltd ADR,2.5817,,,,,,,finance-query,top_10,2026-09-19 16:47 UTC,ok
HFG,TSX,HAMILTON GLOBAL FINANCIALS ETF,Hamilton ETFs (Hamilton Capital Partners Inc.),BAC,Bank of America Corp,2.5621,,,,,,,finance-query,top_10,2026-09-19 16:47 UTC,ok
HUM,TSX,HAMILTON US MIDCAP FINANCIALS E,Hamilton ETFs (Hamilton Capital Partners Inc.),PNFP,Pinnacle Financial Partners Inc,3.6558,,,,,,,finance-query,top_10,2026-09-19 16:47 UTC,ok
HUM,TSX,HAMILTON US MIDCAP FINANCIALS E,Hamilton ETFs (Hamilton Capital Partners Inc.),UMBF,UMB Financial Corp,3.3231,,,,,,,finance-query,top_10,2026-09-19 16:47 UTC,ok
HUM,TSX,HAMILTON US MIDCAP FINANCIALS E,Hamilton ETFs (Hamilton Capital Partners Inc.),HBAN,Huntington Bancshares Inc,3.2983,,,,,,,finance-query,top_10,2026-09-19 16:47 UTC,ok
HUM,TSX,HAMILTON US MIDCAP FINANCIALS E,Hamilton ETFs (Hamilton Capital Partners Inc.),SSB,SouthState Bank Corp,3.1982,,,,,,,finance-query,top_10,2026-09-19 16:47 UTC,ok
HUM,TSX,HAMILTON US MIDCAP FINANCIALS E,Hamilton ETFs (Hamilton Capital Partners Inc.),PLMR,Palomar Holdings Inc,3.103,,,,,,,finance-query,top_10,2026-09-19 16:47 UTC,ok
HUM,TSX,HAMILTON US MIDCAP FINANCIALS E,Hamilton ETFs (Hamilton Capital Partners Inc.),ONB,Old National Bancorp,3.005,,,,,,,finance-query,top_10,2026-09-19 16:47 UTC,ok
HUM,TSX,HAMILTON US MIDCAP FINANCIALS E,Hamilton ETFs (Hamilton Capital Partners Inc.),LPLA,LPL Financial Holdings Inc,2.9575,,,,,,,finance-query,top_10,2026-09-19 16:47 UTC,ok
HUM,TSX,HAMILTON US MIDCAP FINANCIALS E,Hamilton ETFs (Hamilton Capital Partners Inc.),RYAN,Ryan Specialty Holdings Inc Class A,2.903,,,,,,,finance-query,top_10,2026-09-19 16:47 UTC,ok
HUM,TSX,HAMILTON US MIDCAP FINANCIALS E,Hamilton ETFs (Hamilton Capital Partners Inc.),THG,The Hanover Insurance Group Inc,2.7263,,,,,,,finance-query,top_10,2026-09-19 16:47 UTC,ok
HUM,TSX,HAMILTON US MIDCAP FINANCIALS E,Hamilton ETFs (Hamilton Capital Partners Inc.),ALLY,Ally Financial Inc,2.454,,,,,,,finance-query,top_10,2026-09-19 16:47 UTC,ok
HCA,TSX,HAMILTON CDN BANK MEAN REVERSIO,Hamilton ETFs (Hamilton Capital Partners Inc.),BNS.TO,Bank of Nova Scotia,28.323,,,,,,,finance-query,top_10,2026-09-19 16:47 UTC,ok
HCA,TSX,HAMILTON CDN BANK MEAN REVERSIO,Hamilton ETFs (Hamilton Capital Partners Inc.),CM.TO,Canadian Imperial Bank of Commerce,25.9718,,,,,,,finance-query,top_10,2026-09-19 16:47 UTC,ok
HCA,TSX,HAMILTON CDN BANK MEAN REVERSIO,Hamilton ETFs (Hamilton Capital Partners Inc.),NA.TO,National Bank of Canada,25.6774,,,,,,,finance-query,top_10,2026-09-19 16:47 UTC,ok
HCA,TSX,HAMILTON CDN BANK MEAN REVERSIO,Hamilton ETFs (Hamilton Capital Partners Inc.),TD,The Toronto-Dominion Bank,6.8429,,,,,,,finance-query,top_10,2026-09-19 16:47 UTC,ok
HCA,TSX,HAMILTON CDN BANK MEAN REVERSIO,Hamilton ETFs (Hamilton Capital Partners Inc.),RY,Royal Bank of Canada,6.6107,,,,,,,finance-query,top_10,2026-09-19 16:47 UTC,ok
HCA,TSX,HAMILTON CDN BANK MEAN REVERSIO,Hamilton ETFs (Hamilton Capital Partners Inc.),BMO.TO,Bank of Montreal,6.4537,,,,,,,finance-query,top_10,2026-09-19 16:47 UTC,ok
HBA,TSX,HAMILTON AUSTRALIAN BANK EQL WG,Hamilton ETFs (Hamilton Capital Partners Inc.),MQG.AX,Macquarie Group Ltd,25.6803,,,,,,,finance-query,top_10,2026-09-19 16:47 UTC,ok
HBA,TSX,HAMILTON AUSTRALIAN BANK EQL WG,Hamilton ETFs (Hamilton Capital Partners Inc.),ANZ.AX,Anz Grp Hldgs Li,20.3232,,,,,,,finance-query,top_10,2026-09-19 16:47 UTC,ok
HBA,TSX,HAMILTON AUSTRALIAN BANK EQL WG,Hamilton ETFs (Hamilton Capital Partners Inc.),CBA.AX,Commonwealth Bank of Australia,19.7753,,,,,,,finance-query,top_10,2026-09-19 16:47 UTC,ok
HBA,TSX,HAMILTON AUSTRALIAN BANK EQL WG,Hamilton ETFs (Hamilton Capital Partners Inc.),WBC.AX,Westpac Banking Corp,17.7648,,,,,,,finance-query,top_10,2026-09-19 16:47 UTC,ok
HBA,TSX,HAMILTON AUSTRALIAN BANK EQL WG,Hamilton ETFs (Hamilton Capital Partners Inc.),NAB.AX,National Australia Bank Ltd,17.2752,,,,,,,finance-query,top_10,2026-09-19 16:47 UTC,ok
HCAL,TSX,HAMILTON ENHANCED CANADIAN BANK,Hamilton ETFs (Hamilton Capital Partners Inc.),HEB.TO,HAMILTON CHAMPIONS Cndn BkEql-WghtIdxETF,126.0243,,,,,,,finance-query,top_10,2026-09-19 16:47 UTC,ok
HFIN,TSX,HAMILTON ENHANCED CDN FINANCIAL,Hamilton ETFs (Hamilton Capital Partners Inc.),HFN.TO,HAMILTON CHAMPION Canadian Fincls IdxETF,69.92,,,,,,,finance-query,top_10,2026-09-19 16:47 UTC,ok
HFIN,TSX,HAMILTON ENHANCED CDN FINANCIAL,Hamilton ETFs (Hamilton Capital Partners Inc.),GWO.TO,Great-West Lifeco Inc,5.1701,,,,,,,finance-query,top_10,2026-09-19 16:47 UTC,ok
HFIN,TSX,HAMILTON ENHANCED CDN FINANCIAL,Hamilton ETFs (Hamilton Capital Partners Inc.),BNS.TO,Bank of Nova Scotia,5.0869,,,,,,,finance-query,top_10,2026-09-19 16:47 UTC,ok
HFIN,TSX,HAMILTON ENHANCED CDN FINANCIAL,Hamilton ETFs (Hamilton Capital Partners Inc.),RY,Royal Bank of Canada,4.9085,,,,,,,finance-query,top_10,2026-09-19 16:47 UTC,ok
HFIN,TSX,HAMILTON ENHANCED CDN FINANCIAL,Hamilton ETFs (Hamilton Capital Partners Inc.),TD,The Toronto-Dominion Bank,4.8637,,,,,,,finance-query,top_10,2026-09-19 16:47 UTC,ok
HFIN,TSX,HAMILTON ENHANCED CDN FINANCIAL,Hamilton ETFs (Hamilton Capital Partners Inc.),BMO.TO,Bank of Montreal,4.8408,,,,,,,finance-query,top_10,2026-09-19 16:47 UTC,ok
HFIN,TSX,HAMILTON ENHANCED CDN FINANCIAL,Hamilton ETFs (Hamilton Capital Partners Inc.),SLF.TO,Sun Life Financial Inc,4.7162,,,,,,,finance-query,top_10,2026-09-19 16:47 UTC,ok
HFIN,TSX,HAMILTON ENHANCED CDN FINANCIAL,Hamilton ETFs (Hamilton Capital Partners Inc.),MFC.TO,Manulife Financial Corp,4.6693,,,,,,,finance-query,top_10,2026-09-19 16:47 UTC,ok
HFIN,TSX,HAMILTON ENHANCED CDN FINANCIAL,Hamilton ETFs (Hamilton Capital Partners Inc.),CM.TO,Canadian Imperial Bank of Commerce,4.4244,,,,,,,finance-query,top_10,2026-09-19 16:47 UTC,ok
HFIN,TSX,HAMILTON ENHANCED CDN FINANCIAL,Hamilton ETFs (Hamilton Capital Partners Inc.),NA.TO,National Bank of Canada,4.3987,,,,,,,finance-query,top_10,2026-09-19 16:47 UTC,ok
HDIV,TSX,HAMILTON ENHANCED CDN COVERED C,Hamilton ETFs (Hamilton Capital Partners Inc.),HMAX.TO,Hamilton Canadian Fincls YLD Mxmzr ETF,19.1613,,,,,,,finance-query,top_10,2026-09-19 16:47 UTC,ok
HDIV,TSX,HAMILTON ENHANCED CDN COVERED C,Hamilton ETFs (Hamilton Capital Partners Inc.),EMAX.TO,Hamilton Energy YIELD MAXIMIZER ETF,18.8343,,,,,,,finance-query,top_10,2026-09-19 16:47 UTC,ok
HDIV,TSX,HAMILTON ENHANCED CDN COVERED C,Hamilton ETFs (Hamilton Capital Partners Inc.),AMAX.TO,Hamilton Gold Producer YIELD MXMSR ETF,15.1207,,,,,,,finance-query,top_10,2026-09-19 16:47 UTC,ok
HDIV,TSX,HAMILTON ENHANCED CDN COVERED C,Hamilton ETFs (Hamilton Capital Partners Inc.),QMAX.TO,Hamilton Technology YIELD MAXIMIZER ETF,15.0914,,,,,,,finance-query,top_10,2026-09-19 16:47 UTC,ok
HDIV,TSX,HAMILTON ENHANCED CDN COVERED C,Hamilton ETFs (Hamilton Capital Partners Inc.),UMAX.TO,Hamilton Utilities YIELD MAXIMIZER ETF,9.3436,,,,,,,finance-query,top_10,2026-09-19 16:47 UTC,ok
HDIV,TSX,HAMILTON ENHANCED CDN COVERED C,Hamilton ETFs (Hamilton Capital Partners Inc.),CDAY.NE,Hamilton Enhanced Canadian Eq DayMAX ETF,7.4098,,,,,,,finance-query,top_10,2026-09-19 16:47 UTC,ok
HDIV,TSX,HAMILTON ENHANCED CDN COVERED C,Hamilton ETFs (Hamilton Capital Partners Inc.),HUTS.TO,Hamilton Enhanced Utilities ETF,3.9097,,,,,,,finance-query,top_10,2026-09-19 16:47 UTC,ok
HDIV,TSX,HAMILTON ENHANCED CDN COVERED C,Hamilton ETFs (Hamilton Capital Partners Inc.),RMAX.TO,Hamilton REITs YIELD MAXIMIZER ETF,2.2538,,,,,,,finance-query,top_10,2026-09-19 16:47 UTC,ok
HDIV,TSX,HAMILTON ENHANCED CDN COVERED C,Hamilton ETFs (Hamilton Capital Partners Inc.),QDAY.NE,Hamilton Enhanced Technology DayMAX ETF,1.8604,,,,,,,finance-query,top_10,2026-09-19 16:47 UTC,ok
HYLD,TSX,HAMILTON ENHANCED US COVERED CA,Hamilton ETFs (Hamilton Capital Partners Inc.),SMAX.TO,Hamilton U.S. Equity YIELD MAXIMIZER ETF,59.7541,,,,,,,finance-query,top_10,2026-09-19 16:47 UTC,ok
HYLD,TSX,HAMILTON ENHANCED US COVERED CA,Hamilton ETFs (Hamilton Capital Partners Inc.),QMAX.TO,Hamilton Technology YIELD MAXIMIZER ETF,28.0818,,,,,,,finance-query,top_10,2026-09-19 16:47 UTC,ok
HYLD,TSX,HAMILTON ENHANCED US COVERED CA,Hamilton ETFs (Hamilton Capital Partners Inc.),FMAX.TO,Hamilton U.S. Financials YIELD MXMSR ETF,7.59,,,,,,,finance-query,top_10,2026-09-19 16:47 UTC,ok
HYLD,TSX,HAMILTON ENHANCED US COVERED CA,Hamilton ETFs (Hamilton Capital Partners Inc.),SDAY.NE,Hamilton Enhanced U.S. Equity DayMAX ETF,7.3677,,,,,,,finance-query,top_10,2026-09-19 16:47 UTC,ok
HYLD,TSX,HAMILTON ENHANCED US COVERED CA,Hamilton ETFs (Hamilton Capital Partners Inc.),LMAX.TO,Hamilton Healthcare YIELD MAXIMIZER ETF,6.3158,,,,,,,finance-query,top_10,2026-09-19 16:47 UTC,ok
HYLD,TSX,HAMILTON ENHANCED US COVERED CA,Hamilton ETFs (Hamilton Capital Partners Inc.),QDAY.NE,Hamilton Enhanced Technology DayMAX ETF,4.8841,,,,,,,finance-query,top_10,2026-09-19 16:47 UTC,ok
HYLD,TSX,HAMILTON ENHANCED US COVERED CA,Hamilton ETFs (Hamilton Capital Partners Inc.),AMAX.TO,Hamilton Gold Producer YIELD MXMSR ETF,2.7359,,,,,,,finance-query,top_10,2026-09-19 16:47 UTC,ok
HYLD,TSX,HAMILTON ENHANCED US COVERED CA,Hamilton ETFs (Hamilton Capital Partners Inc.),EMAX.TO,Hamilton Energy YIELD MAXIMIZER ETF,2.649,,,,,,,finance-query,top_10,2026-09-19 16:47 UTC,ok
HYLD,TSX,HAMILTON ENHANCED US COVERED CA,Hamilton ETFs (Hamilton Capital Partners Inc.),RMAX.TO,Hamilton REITs YIELD MAXIMIZER ETF,1.7769,,,,,,,finance-query,top_10,2026-09-19 16:47 UTC,ok
HUTS,TSX,HAMILTON ENHANCED UTILITIES ETF,Hamilton ETFs (Hamilton Capital Partners Inc.),UMVP.TO,HAMILTON CHAMPIONS Utilities Index ETF,125.3573,,,,,,,finance-query,top_10,2026-09-19 16:47 UTC,ok
HMAX,TSX,HAMILTON CDN FINANCIAL YLD MAXI,Hamilton ETFs (Hamilton Capital Partners Inc.),RY,Royal Bank of Canada,24.8797,,,,,,,finance-query,top_10,2026-09-19 16:47 UTC,ok
HMAX,TSX,HAMILTON CDN FINANCIAL YLD MAXI,Hamilton ETFs (Hamilton Capital Partners Inc.),TD,The Toronto-Dominion Bank,17.4815,,,,,,,finance-query,top_10,2026-09-19 16:47 UTC,ok
HMAX,TSX,HAMILTON CDN FINANCIAL YLD MAXI,Hamilton ETFs (Hamilton Capital Partners Inc.),BMO.TO,Bank of Montreal,10.4548,,,,,,,finance-query,top_10,2026-09-19 16:47 UTC,ok
HMAX,TSX,HAMILTON CDN FINANCIAL YLD MAXI,Hamilton ETFs (Hamilton Capital Partners Inc.),BNS.TO,Bank of Nova Scotia,9.8205,,,,,,,finance-query,top_10,2026-09-19 16:47 UTC,ok
HMAX,TSX,HAMILTON CDN FINANCIAL YLD MAXI,Hamilton ETFs (Hamilton Capital Partners Inc.),CM.TO,Canadian Imperial Bank of Commerce,9.0948,,,,,,,finance-query,top_10,2026-09-19 16:47 UTC,ok
HMAX,TSX,HAMILTON CDN FINANCIAL YLD MAXI,Hamilton ETFs (Hamilton Capital Partners Inc.),BN.TO,Brookfield Corp Registered Shs -A- Limited Vtg,8.8732,,,,,,,finance-query,top_10,2026-09-19 16:47 UTC,ok
HMAX,TSX,HAMILTON CDN FINANCIAL YLD MAXI,Hamilton ETFs (Hamilton Capital Partners Inc.),MFC.TO,Manulife Financial Corp,6.2007,,,,,,,finance-query,top_10,2026-09-19 16:47 UTC,ok
HMAX,TSX,HAMILTON CDN FINANCIAL YLD MAXI,Hamilton ETFs (Hamilton Capital Partners Inc.),NA.TO,National Bank of Canada,5.2745,,,,,,,finance-query,top_10,2026-09-19 16:47 UTC,ok
HMAX,TSX,HAMILTON CDN FINANCIAL YLD MAXI,Hamilton ETFs (Hamilton Capital Partners Inc.),GWO.TO,Great-West Lifeco Inc,5.0464,,,,,,,finance-query,top_10,2026-09-19 16:47 UTC,ok
HMAX,TSX,HAMILTON CDN FINANCIAL YLD MAXI,Hamilton ETFs (Hamilton Capital Partners Inc.),SLF.TO,Sun Life Financial Inc,3.8459,,,,,,,finance-query,top_10,2026-09-19 16:47 UTC,ok
AMAX,TSX,HAMILTON GOLD PRODUCER YLD MAXI,Hamilton ETFs (Hamilton Capital Partners Inc.),CDE,Coeur Mining Inc,7.136,,,,,,,finance-query,top_10,2026-09-19 16:47 UTC,ok
AMAX,TSX,HAMILTON GOLD PRODUCER YLD MAXI,Hamilton ETFs (Hamilton Capital Partners Inc.),NEM,Newmont Corp,7.0752,,,,,,,finance-query,top_10,2026-09-19 16:47 UTC,ok
AMAX,TSX,HAMILTON GOLD PRODUCER YLD MAXI,Hamilton ETFs (Hamilton Capital Partners Inc.),GFI,Gold Fields Ltd ADR,7.0091,,,,,,,finance-query,top_10,2026-09-19 16:47 UTC,ok
AMAX,TSX,HAMILTON GOLD PRODUCER YLD MAXI,Hamilton ETFs (Hamilton Capital Partners Inc.),WPM.TO,Wheaton Precious Metals Corp,7.001,,,,,,,finance-query,top_10,2026-09-19 16:47 UTC,ok
AMAX,TSX,HAMILTON GOLD PRODUCER YLD MAXI,Hamilton ETFs (Hamilton Capital Partners Inc.),RGLD,Royal Gold Inc,6.9975,,,,,,,finance-query,top_10,2026-09-19 16:47 UTC,ok
AMAX,TSX,HAMILTON GOLD PRODUCER YLD MAXI,Hamilton ETFs (Hamilton Capital Partners Inc.),HL,Hecla Mining Co,6.9821,,,,,,,finance-query,top_10,2026-09-19 16:47 UTC,ok
AMAX,TSX,HAMILTON GOLD PRODUCER YLD MAXI,Hamilton ETFs (Hamilton Capital Partners Inc.),AU,Anglogold Ashanti PLC,6.8263,,,,,,,finance-query,top_10,2026-09-19 16:47 UTC,ok
AMAX,TSX,HAMILTON GOLD PRODUCER YLD MAXI,Hamilton ETFs (Hamilton Capital Partners Inc.),K.TO,Kinross Gold Corp,6.8197,,,,,,,finance-query,top_10,2026-09-19 16:47 UTC,ok
AMAX,TSX,HAMILTON GOLD PRODUCER YLD MAXI,Hamilton ETFs (Hamilton Capital Partners Inc.),EDV.L,Endeavour Mng P,6.808,,,,,,,finance-query,top_10,2026-09-19 16:47 UTC,ok
AMAX,TSX,HAMILTON GOLD PRODUCER YLD MAXI,Hamilton ETFs (Hamilton Capital Partners Inc.),AEM.TO,Agnico Eagle Mines Ltd,6.7984,,,,,,,finance-query,top_10,2026-09-19 16:47 UTC,ok
EMAX,TSX,HAMILTON ENERGY YIELD MAXIMIZER,Hamilton ETFs (Hamilton Capital Partners Inc.),MPC,Marathon Petroleum Corp,6.5718,,,,,,,finance-query,top_10,2026-09-19 16:47 UTC,ok
EMAX,TSX,HAMILTON ENERGY YIELD MAXIMIZER,Hamilton ETFs (Hamilton Capital Partners Inc.),PSX,Phillips 66,6.5018,,,,,,,finance-query,top_10,2026-09-19 16:47 UTC,ok
EMAX,TSX,HAMILTON ENERGY YIELD MAXIMIZER,Hamilton ETFs (Hamilton Capital Partners Inc.),VLO,Valero Energy Corp,6.4895,,,,,,,finance-query,top_10,2026-09-19 16:47 UTC,ok
EMAX,TSX,HAMILTON ENERGY YIELD MAXIMIZER,Hamilton ETFs (Hamilton Capital Partners Inc.),CVE.TO,Cenovus Energy Inc,5.4414,,,,,,,finance-query,top_10,2026-09-19 16:47 UTC,ok
EMAX,TSX,HAMILTON ENERGY YIELD MAXIMIZER,Hamilton ETFs (Hamilton Capital Partners Inc.),SLB,SLB Ltd,5.3398,,,,,,,finance-query,top_10,2026-09-19 16:47 UTC,ok
EMAX,TSX,HAMILTON ENERGY YIELD MAXIMIZER,Hamilton ETFs (Hamilton Capital Partners Inc.),CNQ.TO,Canadian Natural Resources Ltd,5.1511,,,,,,,finance-query,top_10,2026-09-19 16:47 UTC,ok
EMAX,TSX,HAMILTON ENERGY YIELD MAXIMIZER,Hamilton ETFs (Hamilton Capital Partners Inc.),COP,ConocoPhillips,5.0578,,,,,,,finance-query,top_10,2026-09-19 16:47 UTC,ok
EMAX,TSX,HAMILTON ENERGY YIELD MAXIMIZER,Hamilton ETFs (Hamilton Capital Partners Inc.),FANG,Diamondback Energy Inc,4.9892,,,,,,,finance-query,top_10,2026-09-19 16:47 UTC,ok
EMAX,TSX,HAMILTON ENERGY YIELD MAXIMIZER,Hamilton ETFs (Hamilton Capital Partners Inc.),IMO.TO,Imperial Oil Ltd,4.9527,,,,,,,finance-query,top_10,2026-09-19 16:47 UTC,ok
EMAX,TSX,HAMILTON ENERGY YIELD MAXIMIZER,Hamilton ETFs (Hamilton Capital Partners Inc.),SU.TO,Suncor Energy Inc,4.941,,,,,,,finance-query,top_10,2026-09-19 16:47 UTC,ok
FMAX,TSX,HAMILTON US FINANCIALS YLD MAXI,Hamilton ETFs (Hamilton Capital Partners Inc.),V,Visa Inc Class A,5.5815,,,,,,,finance-query,top_10,2026-09-19 16:47 UTC,ok
FMAX,TSX,HAMILTON US FINANCIALS YLD MAXI,Hamilton ETFs (Hamilton Capital Partners Inc.),BX,Blackstone Inc,5.4801,,,,,,,finance-query,top_10,2026-09-19 16:47 UTC,ok
FMAX,TSX,HAMILTON US FINANCIALS YLD MAXI,Hamilton ETFs (Hamilton Capital Partners Inc.),MA,Mastercard Inc Class A,5.3669,,,,,,,finance-query,top_10,2026-09-19 16:47 UTC,ok
FMAX,TSX,HAMILTON US FINANCIALS YLD MAXI,Hamilton ETFs (Hamilton Capital Partners Inc.),SCHW,Charles Schwab Corp,5.3141,,,,,,,finance-query,top_10,2026-09-19 16:47 UTC,ok
FMAX,TSX,HAMILTON US FINANCIALS YLD MAXI,Hamilton ETFs (Hamilton Capital Partners Inc.),MRSH,Marsh,5.2381,,,,,,,finance-query,top_10,2026-09-19 16:47 UTC,ok
FMAX,TSX,HAMILTON US FINANCIALS YLD MAXI,Hamilton ETFs (Hamilton Capital Partners Inc.),BLK,BlackRock Inc,5.2202,,,,,,,finance-query,top_10,2026-09-19 16:47 UTC,ok
FMAX,TSX,HAMILTON US FINANCIALS YLD MAXI,Hamilton ETFs (Hamilton Capital Partners Inc.),JPM,JPMorgan Chase & Co,5.216,,,,,,,finance-query,top_10,2026-09-19 16:47 UTC,ok
FMAX,TSX,HAMILTON US FINANCIALS YLD MAXI,Hamilton ETFs (Hamilton Capital Partners Inc.),BAC,Bank of America Corp,5.1274,,,,,,,finance-query,top_10,2026-09-19 16:47 UTC,ok
FMAX,TSX,HAMILTON US FINANCIALS YLD MAXI,Hamilton ETFs (Hamilton Capital Partners Inc.),GS,The Goldman Sachs Group Inc,5.1193,,,,,,,finance-query,top_10,2026-09-19 16:47 UTC,ok
FMAX,TSX,HAMILTON US FINANCIALS YLD MAXI,Hamilton ETFs (Hamilton Capital Partners Inc.),COF,Capital One Financial Corp,5.1104,,,,,,,finance-query,top_10,2026-09-19 16:47 UTC,ok
LMAX,TSX,HAMILTON HEALTHCARE YIELD MAXIM,Hamilton ETFs (Hamilton Capital Partners Inc.),AMGN,Amgen Inc,5.7356,,,,,,,finance-query,top_10,2026-09-19 16:47 UTC,ok
LMAX,TSX,HAMILTON HEALTHCARE YIELD MAXIM,Hamilton ETFs (Hamilton Capital Partners Inc.),ABBV,AbbVie Inc,5.6503,,,,,,,finance-query,top_10,2026-09-19 16:47 UTC,ok
LMAX,TSX,HAMILTON HEALTHCARE YIELD MAXIM,Hamilton ETFs (Hamilton Capital Partners Inc.),TMO,Thermo Fisher Scientific Inc,5.6474,,,,,,,finance-query,top_10,2026-09-19 16:47 UTC,ok
LMAX,TSX,HAMILTON HEALTHCARE YIELD MAXIM,Hamilton ETFs (Hamilton Capital Partners Inc.),VRTX,Vertex Pharmaceuticals Inc,5.609,,,,,,,finance-query,top_10,2026-09-19 16:47 UTC,ok
LMAX,TSX,HAMILTON HEALTHCARE YIELD MAXIM,Hamilton ETFs (Hamilton Capital Partners Inc.),MRK,Merck & Co Inc,5.5781,,,,,,,finance-query,top_10,2026-09-19 16:47 UTC,ok
LMAX,TSX,HAMILTON HEALTHCARE YIELD MAXIM,Hamilton ETFs (Hamilton Capital Partners Inc.),BMY,Bristol-Myers Squibb Co,5.4615,,,,,,,finance-query,top_10,2026-09-19 16:47 UTC,ok
LMAX,TSX,HAMILTON HEALTHCARE YIELD MAXIM,Hamilton ETFs (Hamilton Capital Partners Inc.),LLY,Eli Lilly and Co,5.3036,,,,,,,finance-query,top_10,2026-09-19 16:47 UTC,ok
LMAX,TSX,HAMILTON HEALTHCARE YIELD MAXIM,Hamilton ETFs (Hamilton Capital Partners Inc.),JNJ,Johnson & Johnson,5.2875,,,,,,,finance-query,top_10,2026-09-19 16:47 UTC,ok
LMAX,TSX,HAMILTON HEALTHCARE YIELD MAXIM,Hamilton ETFs (Hamilton Capital Partners Inc.),DHR,Danaher Corp,5.2544,,,,,,,finance-query,top_10,2026-09-19 16:47 UTC,ok
LMAX,TSX,HAMILTON HEALTHCARE YIELD MAXIM,Hamilton ETFs (Hamilton Capital Partners Inc.),ABT,Abbott Laboratories,5.1772,,,,,,,finance-query,top_10,2026-09-19 16:47 UTC,ok
SMAX,TSX,HAMILTON US EQUITY YIELD MAXIMI,Hamilton ETFs (Hamilton Capital Partners Inc.),MU,Micron Technology Inc,5.8109,,,,,,,finance-query,top_10,2026-09-19 16:47 UTC,ok
SMAX,TSX,HAMILTON US EQUITY YIELD MAXIMI,Hamilton ETFs (Hamilton Capital Partners Inc.),AMD,Advanced Micro Devices Inc,5.2696,,,,,,,finance-query,top_10,2026-09-19 16:47 UTC,ok
SMAX,TSX,HAMILTON US EQUITY YIELD MAXIMI,Hamilton ETFs (Hamilton Capital Partners Inc.),CSCO,Cisco Systems Inc,4.7407,,,,,,,finance-query,top_10,2026-09-19 16:47 UTC,ok
SMAX,TSX,HAMILTON US EQUITY YIELD MAXIMI,Hamilton ETFs (Hamilton Capital Partners Inc.),MSFT,Microsoft Corp,4.6451,,,,,,,finance-query,top_10,2026-09-19 16:47 UTC,ok
SMAX,TSX,HAMILTON US EQUITY YIELD MAXIMI,Hamilton ETFs (Hamilton Capital Partners Inc.),AAPL,Apple Inc,4.4429,,,,,,,finance-query,top_10,2026-09-19 16:47 UTC,ok
SMAX,TSX,HAMILTON US EQUITY YIELD MAXIMI,Hamilton ETFs (Hamilton Capital Partners Inc.),LLY,Eli Lilly and Co,4.4362,,,,,,,finance-query,top_10,2026-09-19 16:47 UTC,ok
SMAX,TSX,HAMILTON US EQUITY YIELD MAXIMI,Hamilton ETFs (Hamilton Capital Partners Inc.),NVDA,NVIDIA Corp,4.3931,,,,,,,finance-query,top_10,2026-09-19 16:47 UTC,ok
SMAX,TSX,HAMILTON US EQUITY YIELD MAXIMI,Hamilton ETFs (Hamilton Capital Partners Inc.),PLTR,Palantir Technologies Inc Ordinary Shares - Class A,4.3854,,,,,,,finance-query,top_10,2026-09-19 16:47 UTC,ok
SMAX,TSX,HAMILTON US EQUITY YIELD MAXIMI,Hamilton ETFs (Hamilton Capital Partners Inc.),V,Visa Inc Class A,4.3307,,,,,,,finance-query,top_10,2026-09-19 16:47 UTC,ok
SMAX,TSX,HAMILTON US EQUITY YIELD MAXIMI,Hamilton ETFs (Hamilton Capital Partners Inc.),AMZN,Amazon.com Inc,4.3021,,,,,,,finance-query,top_10,2026-09-19 16:47 UTC,ok
QMAX,TSX,HAMILTON TECHNOLOGY YIELD MAXIM,Hamilton ETFs (Hamilton Capital Partners Inc.),PLTR,Palantir Technologies Inc Ordinary Shares - Class A,8.8777,,,,,,,finance-query,top_10,2026-09-19 16:47 UTC,ok
QMAX,TSX,HAMILTON TECHNOLOGY YIELD MAXIM,Hamilton ETFs (Hamilton Capital Partners Inc.),MU,Micron Technology Inc,8.0005,,,,,,,finance-query,top_10,2026-09-19 16:47 UTC,ok
QMAX,TSX,HAMILTON TECHNOLOGY YIELD MAXIM,Hamilton ETFs (Hamilton Capital Partners Inc.),MSFT,Microsoft Corp,7.8182,,,,,,,finance-query,top_10,2026-09-19 16:47 UTC,ok
QMAX,TSX,HAMILTON TECHNOLOGY YIELD MAXIM,Hamilton ETFs (Hamilton Capital Partners Inc.),AMD,Advanced Micro Devices Inc,7.6717,,,,,,,finance-query,top_10,2026-09-19 16:47 UTC,ok
QMAX,TSX,HAMILTON TECHNOLOGY YIELD MAXIM,Hamilton ETFs (Hamilton Capital Partners Inc.),AAPL,Apple Inc,6.8697,,,,,,,finance-query,top_10,2026-09-19 16:47 UTC,ok
QMAX,TSX,HAMILTON TECHNOLOGY YIELD MAXIM,Hamilton ETFs (Hamilton Capital Partners Inc.),LRCX,Lam Research Corp,6.7918,,,,,,,finance-query,top_10,2026-09-19 16:47 UTC,ok
QMAX,TSX,HAMILTON TECHNOLOGY YIELD MAXIM,Hamilton ETFs (Hamilton Capital Partners Inc.),AMAT,Applied Materials Inc,6.6567,,,,,,,finance-query,top_10,2026-09-19 16:47 UTC,ok
QMAX,TSX,HAMILTON TECHNOLOGY YIELD MAXIM,Hamilton ETFs (Hamilton Capital Partners Inc.),NVDA,NVIDIA Corp,6.6409,,,,,,,finance-query,top_10,2026-09-19 16:47 UTC,ok
QMAX,TSX,HAMILTON TECHNOLOGY YIELD MAXIM,Hamilton ETFs (Hamilton Capital Partners Inc.),INTC,Intel Corp,6.4585,,,,,,,finance-query,top_10,2026-09-19 16:47 UTC,ok
QMAX,TSX,HAMILTON TECHNOLOGY YIELD MAXIM,Hamilton ETFs (Hamilton Capital Partners Inc.),AMZN,Amazon.com Inc,6.3247,,,,,,,finance-query,top_10,2026-09-19 16:47 UTC,ok
HBND,TSX,HAMILTON US BOND YLD MAXIMIZER ,Hamilton ETFs (Hamilton Capital Partners Inc.),TLT,iShares 20+ Year Treasury Bond ETF,50.4278,,,,,,,finance-query,top_10,2026-09-19 16:47 UTC,ok
HBND,TSX,HAMILTON US BOND YLD MAXIMIZER ,Hamilton ETFs (Hamilton Capital Partners Inc.),VGLT,Vanguard Long-Term Treasury ETF,40.3756,,,,,,,finance-query,top_10,2026-09-19 16:47 UTC,ok
HBND,TSX,HAMILTON US BOND YLD MAXIMIZER ,Hamilton ETFs (Hamilton Capital Partners Inc.),EDV,Vanguard Extended Duration Trs ETF,10.1328,,,,,,,finance-query,top_10,2026-09-19 16:47 UTC,ok
HBIL,TSX,HAM US T BILL YLD MAX CDN HG ET,Hamilton ETFs (Hamilton Capital Partners Inc.),SGOV,iShares® 0-3 Month Treasury Bond ETF,80.3277,,,,,,,finance-query,top_10,2026-09-19 16:47 UTC,ok
HBIL,TSX,HAM US T BILL YLD MAX CDN HG ET,Hamilton ETFs (Hamilton Capital Partners Inc.),TLT,iShares 20+ Year Treasury Bond ETF,19.9633,,,,,,,finance-query,top_10,2026-09-19 16:47 UTC,ok
CMVP,TSX,HAMILTON CHAMPIONS CDN DIVIDEND,Hamilton ETFs (Hamilton Capital Partners Inc.),WPM.TO,Wheaton Precious Metals Corp,5.1178,,,,,,,finance-query,top_10,2026-09-19 16:47 UTC,ok
CMVP,TSX,HAMILTON CHAMPIONS CDN DIVIDEND,Hamilton ETFs (Hamilton Capital Partners Inc.),AEM.TO,Agnico Eagle Mines Ltd,4.9918,,,,,,,finance-query,top_10,2026-09-19 16:47 UTC,ok
CMVP,TSX,HAMILTON CHAMPIONS CDN DIVIDEND,Hamilton ETFs (Hamilton Capital Partners Inc.),FNV.TO,Franco-Nevada Corp,4.834,,,,,,,finance-query,top_10,2026-09-19 16:47 UTC,ok
CMVP,TSX,HAMILTON CHAMPIONS CDN DIVIDEND,Hamilton ETFs (Hamilton Capital Partners Inc.),CNQ.TO,Canadian Natural Resources Ltd,4.6999,,,,,,,finance-query,top_10,2026-09-19 16:47 UTC,ok
CMVP,TSX,HAMILTON CHAMPIONS CDN DIVIDEND,Hamilton ETFs (Hamilton Capital Partners Inc.),NTR.TO,Nutrien Ltd,4.4094,,,,,,,finance-query,top_10,2026-09-19 16:47 UTC,ok
CMVP,TSX,HAMILTON CHAMPIONS CDN DIVIDEND,Hamilton ETFs (Hamilton Capital Partners Inc.),BNS.TO,Bank of Nova Scotia,4.1242,,,,,,,finance-query,top_10,2026-09-19 16:47 UTC,ok
CMVP,TSX,HAMILTON CHAMPIONS CDN DIVIDEND,Hamilton ETFs (Hamilton Capital Partners Inc.),MFC.TO,Manulife Financial Corp,4.0443,,,,,,,finance-query,top_10,2026-09-19 16:47 UTC,ok
CMVP,TSX,HAMILTON CHAMPIONS CDN DIVIDEND,Hamilton ETFs (Hamilton Capital Partners Inc.),QSR.TO,Restaurant Brands International Inc,4.0422,,,,,,,finance-query,top_10,2026-09-19 16:47 UTC,ok
CMVP,TSX,HAMILTON CHAMPIONS CDN DIVIDEND,Hamilton ETFs (Hamilton Capital Partners Inc.),CP.TO,Canadian Pacific Kansas City Ltd,3.9776,,,,,,,finance-query,top_10,2026-09-19 16:47 UTC,ok
CMVP,TSX,HAMILTON CHAMPIONS CDN DIVIDEND,Hamilton ETFs (Hamilton Capital Partners Inc.),CNR.TO,Canadian National Railway Co,3.9559,,,,,,,finance-query,top_10,2026-09-19 16:47 UTC,ok
SMVP,TSX,HAMILTON CHAMPIONS US DIV INDX ,Hamilton ETFs (Hamilton Capital Partners Inc.),BDX,Becton Dickinson & Co,3.3223,,,,,,,finance-query,top_10,2026-09-19 16:47 UTC,ok
SMVP,TSX,HAMILTON CHAMPIONS US DIV INDX ,Hamilton ETFs (Hamilton Capital Partners Inc.),TGT,Target Corp,3.2285,,,,,,,finance-query,top_10,2026-09-19 16:47 UTC,ok
SMVP,TSX,HAMILTON CHAMPIONS US DIV INDX ,Hamilton ETFs (Hamilton Capital Partners Inc.),ROP,Roper Technologies Inc,3.1626,,,,,,,finance-query,top_10,2026-09-19 16:47 UTC,ok
SMVP,TSX,HAMILTON CHAMPIONS US DIV INDX ,Hamilton ETFs (Hamilton Capital Partners Inc.),CVX,Chevron Corp,3.1551,,,,,,,finance-query,top_10,2026-09-19 16:47 UTC,ok
SMVP,TSX,HAMILTON CHAMPIONS US DIV INDX ,Hamilton ETFs (Hamilton Capital Partners Inc.),ADP,Automatic Data Processing Inc,3.1532,,,,,,,finance-query,top_10,2026-09-19 16:47 UTC,ok
SMVP,TSX,HAMILTON CHAMPIONS US DIV INDX ,Hamilton ETFs (Hamilton Capital Partners Inc.),XOM,ExxonMobil Holdings Corp,3.0641,,,,,,,finance-query,top_10,2026-09-19 16:47 UTC,ok
SMVP,TSX,HAMILTON CHAMPIONS US DIV INDX ,Hamilton ETFs (Hamilton Capital Partners Inc.),WAT,Waters Corp,2.9734,,,,,,,finance-query,top_10,2026-09-19 16:47 UTC,ok
SMVP,TSX,HAMILTON CHAMPIONS US DIV INDX ,Hamilton ETFs (Hamilton Capital Partners Inc.),MDT,Medtronic PLC,2.9433,,,,,,,finance-query,top_10,2026-09-19 16:47 UTC,ok
SMVP,TSX,HAMILTON CHAMPIONS US DIV INDX ,Hamilton ETFs (Hamilton Capital Partners Inc.),EMR,Emerson Electric Co,2.8867,,,,,,,finance-query,top_10,2026-09-19 16:47 UTC,ok
SMVP,TSX,HAMILTON CHAMPIONS US DIV INDX ,Hamilton ETFs (Hamilton Capital Partners Inc.),KO,Coca-Cola Co,2.8096,,,,,,,finance-query,top_10,2026-09-19 16:47 UTC,ok
QMVP,TSX,HAMILTON CHAMPIONS US TECHNLGY ,Hamilton ETFs (Hamilton Capital Partners Inc.),MSFT,Microsoft Corp,6.3913,,,,,,,finance-query,top_10,2026-09-19 16:47 UTC,ok
QMVP,TSX,HAMILTON CHAMPIONS US TECHNLGY ,Hamilton ETFs (Hamilton Capital Partners Inc.),TSLA,Tesla Inc,6.3838,,,,,,,finance-query,top_10,2026-09-19 16:47 UTC,ok
QMVP,TSX,HAMILTON CHAMPIONS US TECHNLGY ,Hamilton ETFs (Hamilton Capital Partners Inc.),AAPL,Apple Inc,6.3362,,,,,,,finance-query,top_10,2026-09-19 16:47 UTC,ok
QMVP,TSX,HAMILTON CHAMPIONS US TECHNLGY ,Hamilton ETFs (Hamilton Capital Partners Inc.),NVDA,NVIDIA Corp,6.1358,,,,,,,finance-query,top_10,2026-09-19 16:47 UTC,ok
QMVP,TSX,HAMILTON CHAMPIONS US TECHNLGY ,Hamilton ETFs (Hamilton Capital Partners Inc.),META,Meta Platforms Inc Class A,5.9985,,,,,,,finance-query,top_10,2026-09-19 16:47 UTC,ok
QMVP,TSX,HAMILTON CHAMPIONS US TECHNLGY ,Hamilton ETFs (Hamilton Capital Partners Inc.),AMZN,Amazon.com Inc,5.8904,,,,,,,finance-query,top_10,2026-09-19 16:47 UTC,ok
QMVP,TSX,HAMILTON CHAMPIONS US TECHNLGY ,Hamilton ETFs (Hamilton Capital Partners Inc.),GOOGL,Alphabet Inc Class A,5.7645,,,,,,,finance-query,top_10,2026-09-19 16:47 UTC,ok
QMVP,TSX,HAMILTON CHAMPIONS US TECHNLGY ,Hamilton ETFs (Hamilton Capital Partners Inc.),AVGO,Broadcom Inc,5.408,,,,,,,finance-query,top_10,2026-09-19 16:47 UTC,ok
QMVP,TSX,HAMILTON CHAMPIONS US TECHNLGY ,Hamilton ETFs (Hamilton Capital Partners Inc.),MU,Micron Technology Inc,5.1675,,,,,,,finance-query,top_10,2026-09-19 16:47 UTC,ok
QMVP,TSX,HAMILTON CHAMPIONS US TECHNLGY ,Hamilton ETFs (Hamilton Capital Partners Inc.),AMD,Advanced Micro Devices Inc,3.7363,,,,,,,finance-query,top_10,2026-09-19 16:47 UTC,ok
UMVP,TSX,HAMILTON CHAMPIONS UTILITIES IN,Hamilton ETFs (Hamilton Capital Partners Inc.),CU.TO,Canadian Utilities Ltd Ordinary Shares - Class A,9.0405,,,,,,,finance-query,top_10,2026-09-19 16:47 UTC,ok
UMVP,TSX,HAMILTON CHAMPIONS UTILITIES IN,Hamilton ETFs (Hamilton Capital Partners Inc.),FTS.TO,Fortis Inc,8.816,,,,,,,finance-query,top_10,2026-09-19 16:47 UTC,ok
UMVP,TSX,HAMILTON CHAMPIONS UTILITIES IN,Hamilton ETFs (Hamilton Capital Partners Inc.),PPL.TO,Pembina Pipeline Corp,8.7183,,,,,,,finance-query,top_10,2026-09-19 16:47 UTC,ok
UMVP,TSX,HAMILTON CHAMPIONS UTILITIES IN,Hamilton ETFs (Hamilton Capital Partners Inc.),ALA.TO,AltaGas Ltd,8.6692,,,,,,,finance-query,top_10,2026-09-19 16:47 UTC,ok
UMVP,TSX,HAMILTON CHAMPIONS UTILITIES IN,Hamilton ETFs (Hamilton Capital Partners Inc.),EMA.TO,Emera Inc,8.6068,,,,,,,finance-query,top_10,2026-09-19 16:47 UTC,ok
UMVP,TSX,HAMILTON CHAMPIONS UTILITIES IN,Hamilton ETFs (Hamilton Capital Partners Inc.),BIP-UN.TO,Brookfield Infrastructure Partners LP,8.5657,,,,,,,finance-query,top_10,2026-09-19 16:47 UTC,ok
UMVP,TSX,HAMILTON CHAMPIONS UTILITIES IN,Hamilton ETFs (Hamilton Capital Partners Inc.),RCI-B.TO,Rogers Communications Inc Shs -B- Non-Voting,8.5401,,,,,,,finance-query,top_10,2026-09-19 16:47 UTC,ok
UMVP,TSX,HAMILTON CHAMPIONS UTILITIES IN,Hamilton ETFs (Hamilton Capital Partners Inc.),BCE.TO,BCE Inc,8.446,,,,,,,finance-query,top_10,2026-09-19 16:47 UTC,ok
UMVP,TSX,HAMILTON CHAMPIONS UTILITIES IN,Hamilton ETFs (Hamilton Capital Partners Inc.),TRP.TO,TC Energy Corp,8.0735,,,,,,,finance-query,top_10,2026-09-19 16:47 UTC,ok
UMVP,TSX,HAMILTON CHAMPIONS UTILITIES IN,Hamilton ETFs (Hamilton Capital Partners Inc.),ENB.TO,Enbridge Inc,7.9098,,,,,,,finance-query,top_10,2026-09-19 16:47 UTC,ok
HEB,TSX,HAMILTON CHAMPNS CDN BANK EQ WG,Hamilton ETFs (Hamilton Capital Partners Inc.),BNS.TO,Bank of Nova Scotia,17.5658,,,,,,,finance-query,top_10,2026-09-19 16:47 UTC,ok
HEB,TSX,HAMILTON CHAMPNS CDN BANK EQ WG,Hamilton ETFs (Hamilton Capital Partners Inc.),TD,The Toronto-Dominion Bank,17.4271,,,,,,,finance-query,top_10,2026-09-19 16:47 UTC,ok
HEB,TSX,HAMILTON CHAMPNS CDN BANK EQ WG,Hamilton ETFs (Hamilton Capital Partners Inc.),RY,Royal Bank of Canada,17.2959,,,,,,,finance-query,top_10,2026-09-19 16:47 UTC,ok
HEB,TSX,HAMILTON CHAMPNS CDN BANK EQ WG,Hamilton ETFs (Hamilton Capital Partners Inc.),BMO.TO,Bank of Montreal,16.4882,,,,,,,finance-query,top_10,2026-09-19 16:47 UTC,ok
HEB,TSX,HAMILTON CHAMPNS CDN BANK EQ WG,Hamilton ETFs (Hamilton Capital Partners Inc.),CM.TO,Canadian Imperial Bank of Commerce,15.8091,,,,,,,finance-query,top_10,2026-09-19 16:47 UTC,ok
HEB,TSX,HAMILTON CHAMPNS CDN BANK EQ WG,Hamilton ETFs (Hamilton Capital Partners Inc.),NA.TO,National Bank of Canada,15.4388,,,,,,,finance-query,top_10,2026-09-19 16:47 UTC,ok
HFN,TSX,HAMILTON CHAMPIONS CDN FINANCLS,Hamilton ETFs (Hamilton Capital Partners Inc.),GWO.TO,Great-West Lifeco Inc,9.29,,,,,,,finance-query,top_10,2026-09-19 16:47 UTC,ok
HFN,TSX,HAMILTON CHAMPIONS CDN FINANCLS,Hamilton ETFs (Hamilton Capital Partners Inc.),BNS.TO,Bank of Nova Scotia,9.1711,,,,,,,finance-query,top_10,2026-09-19 16:47 UTC,ok
HFN,TSX,HAMILTON CHAMPIONS CDN FINANCLS,Hamilton ETFs (Hamilton Capital Partners Inc.),RY,Royal Bank of Canada,8.847,,,,,,,finance-query,top_10,2026-09-19 16:47 UTC,ok
HFN,TSX,HAMILTON CHAMPIONS CDN FINANCLS,Hamilton ETFs (Hamilton Capital Partners Inc.),TD,The Toronto-Dominion Bank,8.7825,,,,,,,finance-query,top_10,2026-09-19 16:47 UTC,ok
HFN,TSX,HAMILTON CHAMPIONS CDN FINANCLS,Hamilton ETFs (Hamilton Capital Partners Inc.),BMO.TO,Bank of Montreal,8.7163,,,,,,,finance-query,top_10,2026-09-19 16:47 UTC,ok
HFN,TSX,HAMILTON CHAMPIONS CDN FINANCLS,Hamilton ETFs (Hamilton Capital Partners Inc.),SLF.TO,Sun Life Financial Inc,8.4686,,,,,,,finance-query,top_10,2026-09-19 16:47 UTC,ok
HFN,TSX,HAMILTON CHAMPIONS CDN FINANCLS,Hamilton ETFs (Hamilton Capital Partners Inc.),MFC.TO,Manulife Financial Corp,8.4081,,,,,,,finance-query,top_10,2026-09-19 16:47 UTC,ok
HFN,TSX,HAMILTON CHAMPIONS CDN FINANCLS,Hamilton ETFs (Hamilton Capital Partners Inc.),CM.TO,Canadian Imperial Bank of Commerce,7.9896,,,,,,,finance-query,top_10,2026-09-19 16:47 UTC,ok
HFN,TSX,HAMILTON CHAMPIONS CDN FINANCLS,Hamilton ETFs (Hamilton Capital Partners Inc.),NA.TO,National Bank of Canada,7.9498,,,,,,,finance-query,top_10,2026-09-19 16:47 UTC,ok
HFN,TSX,HAMILTON CHAMPIONS CDN FINANCLS,Hamilton ETFs (Hamilton Capital Partners Inc.),IFC.TO,Intact Financial Corp,7.8188,,,,,,,finance-query,top_10,2026-09-19 16:47 UTC,ok
HHL,TSX,HARVEST HEALTHCARE LEADERS INC ,Harvest ETFs,VRTX,Vertex Pharmaceuticals Inc,5.4027,,,,,,,finance-query,top_10,2026-09-19 16:47 UTC,ok
HHL,TSX,HARVEST HEALTHCARE LEADERS INC ,Harvest ETFs,REGN,Regeneron Pharmaceuticals Inc,5.3762,,,,,,,finance-query,top_10,2026-09-19 16:47 UTC,ok
HHL,TSX,HARVEST HEALTHCARE LEADERS INC ,Harvest ETFs,AMGN,Amgen Inc,5.3123,,,,,,,finance-query,top_10,2026-09-19 16:47 UTC,ok
HHL,TSX,HARVEST HEALTHCARE LEADERS INC ,Harvest ETFs,A,Agilent Technologies Inc,5.2763,,,,,,,finance-query,top_10,2026-09-19 16:47 UTC,ok
HHL,TSX,HARVEST HEALTHCARE LEADERS INC ,Harvest ETFs,DHR,Danaher Corp,5.1908,,,,,,,finance-query,top_10,2026-09-19 16:47 UTC,ok
HHL,TSX,HARVEST HEALTHCARE LEADERS INC ,Harvest ETFs,TMO,Thermo Fisher Scientific Inc,5.1646,,,,,,,finance-query,top_10,2026-09-19 16:47 UTC,ok
HHL,TSX,HARVEST HEALTHCARE LEADERS INC ,Harvest ETFs,BSX,Boston Scientific Corp,5.1084,,,,,,,finance-query,top_10,2026-09-19 16:47 UTC,ok
HHL,TSX,HARVEST HEALTHCARE LEADERS INC ,Harvest ETFs,ISRG,Intuitive Surgical Inc,5.0672,,,,,,,finance-query,top_10,2026-09-19 16:47 UTC,ok
HHL,TSX,HARVEST HEALTHCARE LEADERS INC ,Harvest ETFs,ELV,Elevance Health Inc,5.0127,,,,,,,finance-query,top_10,2026-09-19 16:47 UTC,ok
HHL,TSX,HARVEST HEALTHCARE LEADERS INC ,Harvest ETFs,BMY,Bristol-Myers Squibb Co,5.0107,,,,,,,finance-query,top_10,2026-09-19 16:47 UTC,ok
HTA,TSX,HARVEST TECH LEADERS INCOME ETF,Harvest ETFs,NOW,ServiceNow Inc,7.0334,,,,,,,finance-query,top_10,2026-09-19 16:47 UTC,ok
HTA,TSX,HARVEST TECH LEADERS INCOME ETF,Harvest ETFs,MSFT,Microsoft Corp,6.105,,,,,,,finance-query,top_10,2026-09-19 16:47 UTC,ok
HTA,TSX,HARVEST TECH LEADERS INCOME ETF,Harvest ETFs,ORCL,Oracle Corp,5.8358,,,,,,,finance-query,top_10,2026-09-19 16:47 UTC,ok
HTA,TSX,HARVEST TECH LEADERS INCOME ETF,Harvest ETFs,INTU,Intuit Inc,5.6912,,,,,,,finance-query,top_10,2026-09-19 16:47 UTC,ok
HTA,TSX,HARVEST TECH LEADERS INCOME ETF,Harvest ETFs,MSI,Motorola Solutions Inc,5.4404,,,,,,,finance-query,top_10,2026-09-19 16:47 UTC,ok
HTA,TSX,HARVEST TECH LEADERS INCOME ETF,Harvest ETFs,PANW,Palo Alto Networks Inc,5.4078,,,,,,,finance-query,top_10,2026-09-19 16:47 UTC,ok
HTA,TSX,HARVEST TECH LEADERS INCOME ETF,Harvest ETFs,ANET,Arista Networks Inc,5.2162,,,,,,,finance-query,top_10,2026-09-19 16:47 UTC,ok
HTA,TSX,HARVEST TECH LEADERS INCOME ETF,Harvest ETFs,GOOGL,Alphabet Inc Class A,4.9094,,,,,,,finance-query,top_10,2026-09-19 16:47 UTC,ok
HTA,TSX,HARVEST TECH LEADERS INCOME ETF,Harvest ETFs,NVDA,NVIDIA Corp,4.863,,,,,,,finance-query,top_10,2026-09-19 16:47 UTC,ok
HTA,TSX,HARVEST TECH LEADERS INCOME ETF,Harvest ETFs,MU,Micron Technology Inc,4.7813,,,,,,,finance-query,top_10,2026-09-19 16:47 UTC,ok
HBF,TSX,HARVEST US EQUITY LEADERS INCOM,Harvest ETFs,MSFT,Microsoft Corp,6.1148,,,,,,,finance-query,top_10,2026-09-19 16:47 UTC,ok
HBF,TSX,HARVEST US EQUITY LEADERS INCOM,Harvest ETFs,ORCL,Oracle Corp,6.0186,,,,,,,finance-query,top_10,2026-09-19 16:47 UTC,ok
HBF,TSX,HARVEST US EQUITY LEADERS INCOM,Harvest ETFs,NVDA,NVIDIA Corp,5.4506,,,,,,,finance-query,top_10,2026-09-19 16:47 UTC,ok
HBF,TSX,HARVEST US EQUITY LEADERS INCOM,Harvest ETFs,AMZN,Amazon.com Inc,5.4217,,,,,,,finance-query,top_10,2026-09-19 16:47 UTC,ok
HBF,TSX,HARVEST US EQUITY LEADERS INCOM,Harvest ETFs,VZ,Verizon Communications Inc,4.9578,,,,,,,finance-query,top_10,2026-09-19 16:47 UTC,ok
HBF,TSX,HARVEST US EQUITY LEADERS INCOM,Harvest ETFs,SHEL,Shell PLC ADR (Representing - Ordinary Shares),4.9167,,,,,,,finance-query,top_10,2026-09-19 16:47 UTC,ok
HBF,TSX,HARVEST US EQUITY LEADERS INCOM,Harvest ETFs,MS,Morgan Stanley,4.9154,,,,,,,finance-query,top_10,2026-09-19 16:47 UTC,ok
HBF,TSX,HARVEST US EQUITY LEADERS INCOM,Harvest ETFs,V,Visa Inc Class A,4.8891,,,,,,,finance-query,top_10,2026-09-19 16:47 UTC,ok
HBF,TSX,HARVEST US EQUITY LEADERS INCOM,Harvest ETFs,JPM,JPMorgan Chase & Co,4.8348,,,,,,,finance-query,top_10,2026-09-19 16:47 UTC,ok
HBF,TSX,HARVEST US EQUITY LEADERS INCOM,Harvest ETFs,GOOGL,Alphabet Inc Class A,4.8276,,,,,,,finance-query,top_10,2026-09-19 16:47 UTC,ok
HUTL,TSX,HARVEST UTILITIES LEADERS INCOM,Harvest ETFs,RCI.A,Rogers Communications Inc,3.4917,,,,,,,finance-query,top_10,2026-09-19 16:47 UTC,ok
HUTL,TSX,HARVEST UTILITIES LEADERS INCOM,Harvest ETFs,UU.L,United Utilities Group PLC Class A,3.4782,,,,,,,finance-query,top_10,2026-09-19 16:47 UTC,ok
HUTL,TSX,HARVEST UTILITIES LEADERS INCOM,Harvest ETFs,FORTUM.HE,Fortum Oyj,3.4226,,,,,,,finance-query,top_10,2026-09-19 16:47 UTC,ok
HUTL,TSX,HARVEST UTILITIES LEADERS INCOM,Harvest ETFs,T,AT&T Inc,3.4187,,,,,,,finance-query,top_10,2026-09-19 16:47 UTC,ok
HUTL,TSX,HARVEST UTILITIES LEADERS INCOM,Harvest ETFs,KMI,Kinder Morgan Inc Class P,3.3894,,,,,,,finance-query,top_10,2026-09-19 16:47 UTC,ok
HUTL,TSX,HARVEST UTILITIES LEADERS INCOM,Harvest ETFs,NTGY.MC,Naturgy Energy Group SA,3.3863,,,,,,,finance-query,top_10,2026-09-19 16:47 UTC,ok
HUTL,TSX,HARVEST UTILITIES LEADERS INCOM,Harvest ETFs,DUK,Duke Energy Corp,3.3843,,,,,,,finance-query,top_10,2026-09-19 16:47 UTC,ok
HUTL,TSX,HARVEST UTILITIES LEADERS INCOM,Harvest ETFs,SVT.L,Severn Trent PLC,3.3722,,,,,,,finance-query,top_10,2026-09-19 16:47 UTC,ok
HUTL,TSX,HARVEST UTILITIES LEADERS INCOM,Harvest ETFs,VZ,Verizon Communications Inc,3.3692,,,,,,,finance-query,top_10,2026-09-19 16:47 UTC,ok
HUTL,TSX,HARVEST UTILITIES LEADERS INCOM,Harvest ETFs,OKE,ONEOK Inc,3.3644,,,,,,,finance-query,top_10,2026-09-19 16:47 UTC,ok
HGR,TSX,HARVEST REIT LEADERS INCOME ETF,Harvest ETFs,PLD,Prologis Inc,5.5149,,,,,,,finance-query,top_10,2026-09-19 16:47 UTC,ok
HGR,TSX,HARVEST REIT LEADERS INCOME ETF,Harvest ETFs,DLR,Digital Realty Trust Inc,5.2552,,,,,,,finance-query,top_10,2026-09-19 16:47 UTC,ok
HGR,TSX,HARVEST REIT LEADERS INCOME ETF,Harvest ETFs,AMT,American Tower Corp,5.0574,,,,,,,finance-query,top_10,2026-09-19 16:47 UTC,ok
HGR,TSX,HARVEST REIT LEADERS INCOME ETF,Harvest ETFs,AJBU.SI,Keppel DC REIT,4.905,,,,,,,finance-query,top_10,2026-09-19 16:47 UTC,ok
HGR,TSX,HARVEST REIT LEADERS INCOME ETF,Harvest ETFs,GTY,Getty Realty Corp,4.8439,,,,,,,finance-query,top_10,2026-09-19 16:47 UTC,ok
HGR,TSX,HARVEST REIT LEADERS INCOME ETF,Harvest ETFs,MRL.MC,Merlin Properties SOCIMI SA,4.8009,,,,,,,finance-query,top_10,2026-09-19 16:47 UTC,ok
HGR,TSX,HARVEST REIT LEADERS INCOME ETF,Harvest ETFs,REG,Regency Centers Corp,4.7432,,,,,,,finance-query,top_10,2026-09-19 16:47 UTC,ok
HGR,TSX,HARVEST REIT LEADERS INCOME ETF,Harvest ETFs,CHP-UN.TO,Choice Properties Real Estate Investment Trust,4.6979,,,,,,,finance-query,top_10,2026-09-19 16:47 UTC,ok
HGR,TSX,HARVEST REIT LEADERS INCOME ETF,Harvest ETFs,STAG,Stag Industrial Inc,4.5596,,,,,,,finance-query,top_10,2026-09-19 16:47 UTC,ok
HGR,TSX,HARVEST REIT LEADERS INCOME ETF,Harvest ETFs,A17U.SI,CapitaLand Ascendas REIT Units,4.4908,,,,,,,finance-query,top_10,2026-09-19 16:47 UTC,ok
HPF,TSX,HARVEST ENERGY LEADERS INCOME E,Harvest ETFs,SLB,SLB Ltd,5.9288,,,,,,,finance-query,top_10,2026-09-19 16:47 UTC,ok
HPF,TSX,HARVEST ENERGY LEADERS INCOME E,Harvest ETFs,PSX,Phillips 66,5.3884,,,,,,,finance-query,top_10,2026-09-19 16:47 UTC,ok
HPF,TSX,HARVEST ENERGY LEADERS INCOME E,Harvest ETFs,EQNR,Equinor ASA ADR,5.2505,,,,,,,finance-query,top_10,2026-09-19 16:47 UTC,ok
HPF,TSX,HARVEST ENERGY LEADERS INCOME E,Harvest ETFs,COP,ConocoPhillips,5.2395,,,,,,,finance-query,top_10,2026-09-19 16:47 UTC,ok
HPF,TSX,HARVEST ENERGY LEADERS INCOME E,Harvest ETFs,CNQ.TO,Canadian Natural Resources Ltd,5.233,,,,,,,finance-query,top_10,2026-09-19 16:47 UTC,ok
HPF,TSX,HARVEST ENERGY LEADERS INCOME E,Harvest ETFs,VLO,Valero Energy Corp,5.2263,,,,,,,finance-query,top_10,2026-09-19 16:47 UTC,ok
HPF,TSX,HARVEST ENERGY LEADERS INCOME E,Harvest ETFs,OVV,Ovintiv Inc,5.1581,,,,,,,finance-query,top_10,2026-09-19 16:47 UTC,ok
HPF,TSX,HARVEST ENERGY LEADERS INCOME E,Harvest ETFs,DINO,HF Sinclair Corp,5.1217,,,,,,,finance-query,top_10,2026-09-19 16:47 UTC,ok
HPF,TSX,HARVEST ENERGY LEADERS INCOME E,Harvest ETFs,E,Eni SpA ADR,5.0869,,,,,,,finance-query,top_10,2026-09-19 16:47 UTC,ok
HPF,TSX,HARVEST ENERGY LEADERS INCOME E,Harvest ETFs,TTE.PA,TotalEnergies SE,4.9908,,,,,,,finance-query,top_10,2026-09-19 16:47 UTC,ok
HUBL,TSX,HARVEST US BANK LEADERS INCOME ,Harvest ETFs,BNY,Bank of New York Mellon Corp,6.447,,,,,,,finance-query,top_10,2026-09-19 16:47 UTC,ok
HUBL,TSX,HARVEST US BANK LEADERS INCOME ,Harvest ETFs,JPM,JPMorgan Chase & Co,6.3274,,,,,,,finance-query,top_10,2026-09-19 16:47 UTC,ok
HUBL,TSX,HARVEST US BANK LEADERS INCOME ,Harvest ETFs,WFC,Wells Fargo & Co,6.304,,,,,,,finance-query,top_10,2026-09-19 16:47 UTC,ok
HUBL,TSX,HARVEST US BANK LEADERS INCOME ,Harvest ETFs,GS,The Goldman Sachs Group Inc,6.2748,,,,,,,finance-query,top_10,2026-09-19 16:47 UTC,ok
HUBL,TSX,HARVEST US BANK LEADERS INCOME ,Harvest ETFs,MS,Morgan Stanley,6.2741,,,,,,,finance-query,top_10,2026-09-19 16:47 UTC,ok
HUBL,TSX,HARVEST US BANK LEADERS INCOME ,Harvest ETFs,BAC,Bank of America Corp,6.2402,,,,,,,finance-query,top_10,2026-09-19 16:47 UTC,ok
HUBL,TSX,HARVEST US BANK LEADERS INCOME ,Harvest ETFs,C,Citigroup Inc,6.1459,,,,,,,finance-query,top_10,2026-09-19 16:47 UTC,ok
HUBL,TSX,HARVEST US BANK LEADERS INCOME ,Harvest ETFs,USB,U.S. Bancorp,6.0955,,,,,,,finance-query,top_10,2026-09-19 16:47 UTC,ok
HUBL,TSX,HARVEST US BANK LEADERS INCOME ,Harvest ETFs,RF,Regions Financial Corp,6.0899,,,,,,,finance-query,top_10,2026-09-19 16:47 UTC,ok
HUBL,TSX,HARVEST US BANK LEADERS INCOME ,Harvest ETFs,PNC,PNC Financial Services Group Inc,6.089,,,,,,,finance-query,top_10,2026-09-19 16:47 UTC,ok
HLIF,TSX,HARVEST CDN DIVIDEND LEADERS IN,Harvest ETFs,TRI.TO,Thomson Reuters Corp,4.0358,,,,,,,finance-query,top_10,2026-09-19 16:47 UTC,ok
HLIF,TSX,HARVEST CDN DIVIDEND LEADERS IN,Harvest ETFs,CNQ.TO,Canadian Natural Resources Ltd,3.8292,,,,,,,finance-query,top_10,2026-09-19 16:47 UTC,ok
HLIF,TSX,HARVEST CDN DIVIDEND LEADERS IN,Harvest ETFs,SU.TO,Suncor Energy Inc,3.8047,,,,,,,finance-query,top_10,2026-09-19 16:47 UTC,ok
HLIF,TSX,HARVEST CDN DIVIDEND LEADERS IN,Harvest ETFs,IGM.TO,IGM Financial Inc,3.5997,,,,,,,finance-query,top_10,2026-09-19 16:47 UTC,ok
HLIF,TSX,HARVEST CDN DIVIDEND LEADERS IN,Harvest ETFs,NTR.TO,Nutrien Ltd,3.594,,,,,,,finance-query,top_10,2026-09-19 16:47 UTC,ok
HLIF,TSX,HARVEST CDN DIVIDEND LEADERS IN,Harvest ETFs,BAM.TO,Brookfield Asset Management Ltd Ordinary Shares - Class A,3.5743,,,,,,,finance-query,top_10,2026-09-19 16:47 UTC,ok
HLIF,TSX,HARVEST CDN DIVIDEND LEADERS IN,Harvest ETFs,QSP-UN.TO,Restaurant Brands International LP,3.4714,,,,,,,finance-query,top_10,2026-09-19 16:47 UTC,ok
HLIF,TSX,HARVEST CDN DIVIDEND LEADERS IN,Harvest ETFs,ABX.TO,Barrick Mining Corp,3.4064,,,,,,,finance-query,top_10,2026-09-19 16:47 UTC,ok
HLIF,TSX,HARVEST CDN DIVIDEND LEADERS IN,Harvest ETFs,TOU.TO,Tourmaline Oil Corp,3.3806,,,,,,,finance-query,top_10,2026-09-19 16:47 UTC,ok
HLIF,TSX,HARVEST CDN DIVIDEND LEADERS IN,Harvest ETFs,POW.TO,Power Corporation of Canada Shs Subord.Voting,3.3759,,,,,,,finance-query,top_10,2026-09-19 16:47 UTC,ok
TRVI,TSX,Harvest Travel & Leisure Income ETF,Harvest ETFs,,,,,,,,,,finance-query,top_10,2026-09-19 16:47 UTC,no_holdings_found [TRVI.TO:200-no-holdings TRVI:200-no-holdings]
HRIF,TSX,HRIF - Harvest Diversified Equity Income ETF,Harvest ETFs,,,,,,,,,,finance-query,top_10,2026-09-19 16:47 UTC,no_holdings_found [HRIF.TO:200-no-holdings HRIF:404]
HPYT,TSX,HARVEST PREMIUM YIELD TREASURY ,Harvest ETFs,TLT,iShares 20+ Year Treasury Bond ETF,81.8665,,,,,,,finance-query,top_10,2026-09-19 16:47 UTC,ok
HPYT,TSX,HARVEST PREMIUM YIELD TREASURY ,Harvest ETFs,VGLT,Vanguard Long-Term Treasury ETF,7.5422,,,,,,,finance-query,top_10,2026-09-19 16:47 UTC,ok
HPYT,TSX,HARVEST PREMIUM YIELD TREASURY ,Harvest ETFs,EDV,Vanguard Extended Duration Trs ETF,5.2974,,,,,,,finance-query,top_10,2026-09-19 16:47 UTC,ok
HPYT,TSX,HARVEST PREMIUM YIELD TREASURY ,Harvest ETFs,TLH,iShares 10-20 Year Treasury Bond ETF,3.546,,,,,,,finance-query,top_10,2026-09-19 16:47 UTC,ok
HPYT,TSX,HARVEST PREMIUM YIELD TREASURY ,Harvest ETFs,TBIL.TO,Harvest Canadian T-Bill ETF,0.4751,,,,,,,finance-query,top_10,2026-09-19 16:47 UTC,ok
HPYM,TSX,HARVEST PREM YLD 7 10 YR TREASU,Harvest ETFs,IEF,iShares 7-10 Year Treasury Bond ETF,92.201,,,,,,,finance-query,top_10,2026-09-19 16:47 UTC,ok
HPYM,TSX,HARVEST PREM YLD 7 10 YR TREASU,Harvest ETFs,VGIT,Vanguard Intmdt-Term Trs ETF,2.9647,,,,,,,finance-query,top_10,2026-09-19 16:47 UTC,ok
HPYM,TSX,HARVEST PREM YLD 7 10 YR TREASU,Harvest ETFs,SCHR,Schwab Intermediate-Term US Trs ETF™,2.9622,,,,,,,finance-query,top_10,2026-09-19 16:47 UTC,ok
TBIL,TSX,Harvest Canadian T-Bill ETF,Harvest ETFs,,,,,,,,,,finance-query,top_10,2026-09-19 16:47 UTC,no_holdings_found [TBIL.TO:200-no-holdings TBIL:200-no-holdings]
HDIF,TSX,HARVEST DIVERSIFIED MONTHLY INC,Harvest ETFs,HTA.TO,Harvest Tech Leaders Income ETF A CAD H,23.2983,,,,,,,finance-query,top_10,2026-09-19 16:47 UTC,ok
HDIF,TSX,HARVEST DIVERSIFIED MONTHLY INC,Harvest ETFs,HBF.TO,Harvest US Equity Ldrs Inc ETF A CAD H,22.5809,,,,,,,finance-query,top_10,2026-09-19 16:47 UTC,ok
HDIF,TSX,HARVEST DIVERSIFIED MONTHLY INC,Harvest ETFs,HLIF.TO,Harvest Canadian Dividend Leaders IncETF,13.7265,,,,,,,finance-query,top_10,2026-09-19 16:47 UTC,ok
HDIF,TSX,HARVEST DIVERSIFIED MONTHLY INC,Harvest ETFs,HHL.TO,Harvest Healthcare Leaders Income ETF,13.0226,,,,,,,finance-query,top_10,2026-09-19 16:47 UTC,ok
HDIF,TSX,HARVEST DIVERSIFIED MONTHLY INC,Harvest ETFs,HHIH.TO,Harvest High Income Equity Shares ETF,12.6706,,,,,,,finance-query,top_10,2026-09-19 16:47 UTC,ok
HDIF,TSX,HARVEST DIVERSIFIED MONTHLY INC,Harvest ETFs,HUTL.TO,Harvest Utilities Leaders Inc ETF CAD H,9.7889,,,,,,,finance-query,top_10,2026-09-19 16:47 UTC,ok
HDIF,TSX,HARVEST DIVERSIFIED MONTHLY INC,Harvest ETFs,TRVI.TO,Harvest Travel & Leisure Income ETF,8.1022,,,,,,,finance-query,top_10,2026-09-19 16:47 UTC,ok
HDIF,TSX,HARVEST DIVERSIFIED MONTHLY INC,Harvest ETFs,HUBL.TO,Harvest US Bank Leaders Income ETF A,8.0483,,,,,,,finance-query,top_10,2026-09-19 16:47 UTC,ok
HDIF,TSX,HARVEST DIVERSIFIED MONTHLY INC,Harvest ETFs,HIND.TO,Harvest Industrial Leaders Income ETF,7.9431,,,,,,,finance-query,top_10,2026-09-19 16:47 UTC,ok
HDIF,TSX,HARVEST DIVERSIFIED MONTHLY INC,Harvest ETFs,HPYG.TO,Harvest Premium Yield Gold ETF Class A,5.024,,,,,,,finance-query,top_10,2026-09-19 16:47 UTC,ok
HHLE,TSX,HARVEST HEALTHCARE LDRS ENH INC,Harvest ETFs,HHL.TO,Harvest Healthcare Leaders Income ETF,124.3384,,,,,,,finance-query,top_10,2026-09-19 16:47 UTC,ok
HTAE,TSX,HARVEST TECH LEADERS ENHANCED I,Harvest ETFs,HTA.TO,Harvest Tech Leaders Income ETF A CAD H,124.6022,,,,,,,finance-query,top_10,2026-09-19 16:47 UTC,ok
HUTE,TSX,HARVEST UTILITIES LEADERS ENH I,Harvest ETFs,HUTL.TO,Harvest Utilities Leaders Inc ETF CAD H,125.8071,,,,,,,finance-query,top_10,2026-09-19 16:48 UTC,ok
HBFE,TSX,HARVEST BRAND LEADERS ENH INCOM,Harvest ETFs,HBF,Harvest Brand Leaders Plus Inc ETF,126.0363,,,,,,,finance-query,top_10,2026-09-19 16:48 UTC,ok
HLFE,TSX,HARVEST CANADIAN EQUITY ENH INC,Harvest ETFs,HLIF,Harvest Canadian Eq Inc Ldrs ETF A Inc,124.7776,,,,,,,finance-query,top_10,2026-09-19 16:48 UTC,ok
HGGG,TSX,HARVEST GLOBAL GOLD GIANTS INDE,Harvest ETFs,SSRM.TO,SSR Mining Inc,5.2632,,,,,,,finance-query,top_10,2026-09-19 16:48 UTC,ok
HGGG,TSX,HARVEST GLOBAL GOLD GIANTS INDE,Harvest ETFs,ELD.TO,Eldorado Gold Corp,5.1683,,,,,,,finance-query,top_10,2026-09-19 16:48 UTC,ok
HGGG,TSX,HARVEST GLOBAL GOLD GIANTS INDE,Harvest ETFs,GMIN.TO,G Mining Ventures Corp,5.1036,,,,,,,finance-query,top_10,2026-09-19 16:48 UTC,ok
HGGG,TSX,HARVEST GLOBAL GOLD GIANTS INDE,Harvest ETFs,LUG.TO,Lundin Gold Inc,5.0912,,,,,,,finance-query,top_10,2026-09-19 16:48 UTC,ok
HGGG,TSX,HARVEST GLOBAL GOLD GIANTS INDE,Harvest ETFs,AU,Anglogold Ashanti PLC,5.0896,,,,,,,finance-query,top_10,2026-09-19 16:48 UTC,ok
HGGG,TSX,HARVEST GLOBAL GOLD GIANTS INDE,Harvest ETFs,K.TO,Kinross Gold Corp,5.0475,,,,,,,finance-query,top_10,2026-09-19 16:48 UTC,ok
HGGG,TSX,HARVEST GLOBAL GOLD GIANTS INDE,Harvest ETFs,EQX.TO,Equinox Gold Corp Ordinary Shares Class A,5.0475,,,,,,,finance-query,top_10,2026-09-19 16:48 UTC,ok
HGGG,TSX,HARVEST GLOBAL GOLD GIANTS INDE,Harvest ETFs,IMG.TO,Iamgold Corp,5.0218,,,,,,,finance-query,top_10,2026-09-19 16:48 UTC,ok
HGGG,TSX,HARVEST GLOBAL GOLD GIANTS INDE,Harvest ETFs,CDE,Coeur Mining Inc,4.9997,,,,,,,finance-query,top_10,2026-09-19 16:48 UTC,ok
TRVL,TSX,HARVEST TRAVEL AND LEISURE INDE,Harvest ETFs,ABNB,Airbnb Inc Ordinary Shares - Class A,12.6195,,,,,,,finance-query,top_10,2026-09-19 16:48 UTC,ok
TRVL,TSX,HARVEST TRAVEL AND LEISURE INDE,Harvest ETFs,BKNG,Booking Holdings Inc,10.0339,,,,,,,finance-query,top_10,2026-09-19 16:48 UTC,ok
TRVL,TSX,HARVEST TRAVEL AND LEISURE INDE,Harvest ETFs,MAR,Marriott International Inc Class A,9.4426,,,,,,,finance-query,top_10,2026-09-19 16:48 UTC,ok
TRVL,TSX,HARVEST TRAVEL AND LEISURE INDE,Harvest ETFs,HLT,Hilton Worldwide Holdings Inc,9.4082,,,,,,,finance-query,top_10,2026-09-19 16:48 UTC,ok
TRVL,TSX,HARVEST TRAVEL AND LEISURE INDE,Harvest ETFs,RCL,Royal Caribbean Group,8.806,,,,,,,finance-query,top_10,2026-09-19 16:48 UTC,ok
TRVL,TSX,HARVEST TRAVEL AND LEISURE INDE,Harvest ETFs,DAL,Delta Air Lines Inc,6.922,,,,,,,finance-query,top_10,2026-09-19 16:48 UTC,ok
TRVL,TSX,HARVEST TRAVEL AND LEISURE INDE,Harvest ETFs,EXPE,Expedia Group Inc,5.1267,,,,,,,finance-query,top_10,2026-09-19 16:48 UTC,ok
TRVL,TSX,HARVEST TRAVEL AND LEISURE INDE,Harvest ETFs,UAL,United Airlines Holdings Inc,4.5082,,,,,,,finance-query,top_10,2026-09-19 16:48 UTC,ok
TRVL,TSX,HARVEST TRAVEL AND LEISURE INDE,Harvest ETFs,VICI,VICI Properties Inc Ordinary Shares,3.6977,,,,,,,finance-query,top_10,2026-09-19 16:48 UTC,ok
TRVL,TSX,HARVEST TRAVEL AND LEISURE INDE,Harvest ETFs,CCL,Carnival Corporation Ltd,3.5148,,,,,,,finance-query,top_10,2026-09-19 16:48 UTC,ok
HBLK,TSX,BLOCKCHAIN TECHNOLOGIES ETF,Harvest ETFs,CRCL,Circle Internet Group Inc Ordinary Shares - Class A,7.8611,,,,,,,finance-query,top_10,2026-09-19 16:48 UTC,ok
HBLK,TSX,BLOCKCHAIN TECHNOLOGIES ETF,Harvest ETFs,COIN,Coinbase Global Inc Ordinary Shares - Class A,7.7014,,,,,,,finance-query,top_10,2026-09-19 16:48 UTC,ok
HBLK,TSX,BLOCKCHAIN TECHNOLOGIES ETF,Harvest ETFs,XYZ,Block Inc Class A,7.5056,,,,,,,finance-query,top_10,2026-09-19 16:48 UTC,ok
HBLK,TSX,BLOCKCHAIN TECHNOLOGIES ETF,Harvest ETFs,HOOD,Robinhood Markets Inc Class A,7.4055,,,,,,,finance-query,top_10,2026-09-19 16:48 UTC,ok
HBLK,TSX,BLOCKCHAIN TECHNOLOGIES ETF,Harvest ETFs,IREN,IREN Ltd,6.6294,,,,,,,finance-query,top_10,2026-09-19 16:48 UTC,ok
HBLK,TSX,BLOCKCHAIN TECHNOLOGIES ETF,Harvest ETFs,HUT,Hut 8 Corp,5.6703,,,,,,,finance-query,top_10,2026-09-19 16:48 UTC,ok
HBLK,TSX,BLOCKCHAIN TECHNOLOGIES ETF,Harvest ETFs,CIFR,Cipher Digital Inc,4.6974,,,,,,,finance-query,top_10,2026-09-19 16:48 UTC,ok
HBLK,TSX,BLOCKCHAIN TECHNOLOGIES ETF,Harvest ETFs,GLXY,Galaxy Digital Inc Ordinary Shares - Class A,4.4351,,,,,,,finance-query,top_10,2026-09-19 16:48 UTC,ok
HBLK,TSX,BLOCKCHAIN TECHNOLOGIES ETF,Harvest ETFs,RIOT,Riot Platforms Inc,3.7508,,,,,,,finance-query,top_10,2026-09-19 16:48 UTC,ok
HBLK,TSX,BLOCKCHAIN TECHNOLOGIES ETF,Harvest ETFs,CORZ,Core Scientific Inc Ordinary Shares - New,3.4039,,,,,,,finance-query,top_10,2026-09-19 16:48 UTC,ok
HCLN,TSX,HARVEST CLEAN ENERGY ETF,Harvest ETFs,VWS.CO,Vestas Wind Systems AS,3.2606,,,,,,,finance-query,top_10,2026-09-19 16:48 UTC,ok
HCLN,TSX,HARVEST CLEAN ENERGY ETF,Harvest ETFs,CADLR.OL,Cadeler AS Ordinary Shares,2.9808,,,,,,,finance-query,top_10,2026-09-19 16:48 UTC,ok
HCLN,TSX,HARVEST CLEAN ENERGY ETF,Harvest ETFs,3800.HK,GCL Technology Holdings Ltd,2.9606,,,,,,,finance-query,top_10,2026-09-19 16:48 UTC,ok
HCLN,TSX,HARVEST CLEAN ENERGY ETF,Harvest ETFs,LAND.SW,Landis+Gyr Group AG,2.8117,,,,,,,finance-query,top_10,2026-09-19 16:48 UTC,ok
HCLN,TSX,HARVEST CLEAN ENERGY ETF,Harvest ETFs,RNW,ReNew Energy Global PLC Ordinary Shares - Class A,2.7604,,,,,,,finance-query,top_10,2026-09-19 16:48 UTC,ok
HCLN,TSX,HARVEST CLEAN ENERGY ETF,Harvest ETFs,0968.HK,Xinyi Solar Holdings Ltd,2.7159,,,,,,,finance-query,top_10,2026-09-19 16:48 UTC,ok
HCLN,TSX,HARVEST CLEAN ENERGY ETF,Harvest ETFs,SCATC.OL,Scatec ASA Ordinary Shares,2.6912,,,,,,,finance-query,top_10,2026-09-19 16:48 UTC,ok
HCLN,TSX,HARVEST CLEAN ENERGY ETF,Harvest ETFs,S92.DE,SMA Solar Technology AG,2.67,,,,,,,finance-query,top_10,2026-09-19 16:48 UTC,ok
HCLN,TSX,HARVEST CLEAN ENERGY ETF,Harvest ETFs,VER.VI,Verbund AG Class A,2.6523,,,,,,,finance-query,top_10,2026-09-19 16:48 UTC,ok
HCLN,TSX,HARVEST CLEAN ENERGY ETF,Harvest ETFs,MCY.NZ,Mercury NZ Ltd,2.6465,,,,,,,finance-query,top_10,2026-09-19 16:48 UTC,ok
DLR,TSX,GLOBAL X US DOLLAR CURRENCY ETF,Horizons ETFs Management,UBIL-U.TO,Global X 0-3 Month U.S. T-Bill ETF USD,81.3531,,,,,,,finance-query,top_10,2026-09-19 16:48 UTC,ok
DLR,TSX,GLOBAL X US DOLLAR CURRENCY ETF,Horizons ETFs Management,UCSH-U.TO,Global X USD High Interest Savings ETF,11.8422,,,,,,,finance-query,top_10,2026-09-19 16:48 UTC,ok
DLR.U,TSX,GLOBAL X US DOLLAR CURRENCY ETF,Horizons ETFs Management,UBIL.U,Global X 0-3 Month U.S. T-Bill ETF USD,74.4657,,,,,,,finance-query,top_10,2026-09-19 16:48 UTC,ok
DLR.U,TSX,GLOBAL X US DOLLAR CURRENCY ETF,Horizons ETFs Management,UCSH-U.TO,Global X USD High Interest Savings ETF,16.5012,,,,,,,finance-query,top_10,2026-09-19 16:48 UTC,ok
HXS,TSX,Horizons S&P 500 Index ETF,Horizons ETFs Management,,,,,,,,,,finance-query,top_10,2026-09-19 16:48 UTC,no_holdings_found [HXS.TO:200-no-holdings HXS:200-no-holdings]
HXQ,TSX,Horizons NASDAQ-100 Index ETF,Horizons ETFs Management,,,,,,,,,,finance-query,top_10,2026-09-19 16:48 UTC,no_holdings_found [HXQ.TO:200-no-holdings HXQ:200-no-holdings]
HXU,TSX,Horizons BetaPro S&P/TSX 60 Bull Plus ETF,Horizons ETFs Management,,,,,,,,,,finance-query,top_10,2026-09-19 16:48 UTC,no_holdings_found [HXU.TO:200-no-holdings HXU:200-no-holdings]
HXD,TSX,Horizons BetaPro S&P/TSX 60 Bear Plus ETF,Horizons ETFs Management,,,,,,,,,,finance-query,top_10,2026-09-19 16:48 UTC,no_holdings_found [HXD.TO:200-no-holdings HXD:200-no-holdings]
HEU,TSX,Horizons BetaPro S&P/TSX Capped Energy Bull Plus ETF,Horizons ETFs Management,,,,,,,,,,finance-query,top_10,2026-09-19 16:48 UTC,no_holdings_found [HEU.TO:200-no-holdings HEU:200-no-holdings]
HED,TSX,Horizons BetaPro S&P/TSX Capped Energy Bear Plus ETF,Horizons ETFs Management,,,,,,,,,,finance-query,top_10,2026-09-19 16:48 UTC,no_holdings_found [HED.TO:200-no-holdings HED:200-no-holdings]
HFU,TSX,Horizons BetaPro S&P/TSX Capped Financials Bull Plus ETF,Horizons ETFs Management,,,,,,,,,,finance-query,top_10,2026-09-19 16:48 UTC,no_holdings_found [HFU.TO:200-no-holdings HFU:200-no-holdings]
HFD,TSX,Horizons BetaPro S&P/TSX Capped Financials Bear Plus ETF,Horizons ETFs Management,,,,,,,,,,finance-query,top_10,2026-09-19 16:48 UTC,no_holdings_found [HFD.TO:200-no-holdings HFD:200-no-holdings]
HMU,TSX,Horizons BetaPro S&P/TSX Global Mining Bull Plus ETF,Horizons ETFs Management,,,,,,,,,,finance-query,top_10,2026-09-19 16:48 UTC,no_holdings_found [HMU.TO:200-no-holdings HMU:404]
HMD,TSX,Horizons BetaPro S&P/TSX Global Mining Bear Plus ETF,Horizons ETFs Management,,,,,,,,,,finance-query,top_10,2026-09-19 16:48 UTC,no_holdings_found [HMD.TO:200-no-holdings HMD:200-no-holdings]
HOU,TSX,Horizons BetaPro NYMEX Crude Oil Bull Plus ETF,Horizons ETFs Management,,,,,,,,,,finance-query,top_10,2026-09-19 16:48 UTC,no_holdings_found [HOU.TO:200-no-holdings HOU:200-no-holdings]
HOD,TSX,Horizons BetaPro NYMEX Crude Oil Bear Plus ETF,Horizons ETFs Management,,,,,,,,,,finance-query,top_10,2026-09-19 16:48 UTC,no_holdings_found [HOD.TO:200-no-holdings HOD:200-no-holdings]
HNU,TSX,Horizons BetaPro NYMEX Natural Gas Bull Plus ETF,Horizons ETFs Management,,,,,,,,,,finance-query,top_10,2026-09-19 16:48 UTC,no_holdings_found [HNU.TO:200-no-holdings HNU:200-no-holdings]
HND,TSX,Horizons BetaPro NYMEX Natural Gas Bear Plus ETF,Horizons ETFs Management,,,,,,,,,,finance-query,top_10,2026-09-19 16:48 UTC,no_holdings_found [HND.TO:200-no-holdings HND:200-no-holdings]
HBU,TSX,Horizons BetaPro COMEX Gold Bull Plus ETF,Horizons ETFs Management,,,,,,,,,,finance-query,top_10,2026-09-19 16:48 UTC,no_holdings_found [HBU.TO:200-no-holdings HBU:200-no-holdings]
HBD,TSX,Horizons BetaPro COMEX Gold Bear Plus ETF,Horizons ETFs Management,,,,,,,,,,finance-query,top_10,2026-09-19 16:48 UTC,no_holdings_found [HBD.TO:200-no-holdings HBD:200-no-holdings]
HAU,TSX,HORIZONS ACTIVE US DIVIDEND ETF,Horizons ETFs Management,AAPL,Apple Inc,5.81,,,,,,,finance-query,top_10,2026-09-19 16:48 UTC,ok
HAU,TSX,HORIZONS ACTIVE US DIVIDEND ETF,Horizons ETFs Management,AVGO,Broadcom Inc,5.8,,,,,,,finance-query,top_10,2026-09-19 16:48 UTC,ok
HAU,TSX,HORIZONS ACTIVE US DIVIDEND ETF,Horizons ETFs Management,MSFT,Microsoft Corp,5.4,,,,,,,finance-query,top_10,2026-09-19 16:48 UTC,ok
HAU,TSX,HORIZONS ACTIVE US DIVIDEND ETF,Horizons ETFs Management,LRCX,Lam Research Corp,5.36,,,,,,,finance-query,top_10,2026-09-19 16:48 UTC,ok
HAU,TSX,HORIZONS ACTIVE US DIVIDEND ETF,Horizons ETFs Management,MA,Mastercard Inc A,4.23,,,,,,,finance-query,top_10,2026-09-19 16:48 UTC,ok
HAU,TSX,HORIZONS ACTIVE US DIVIDEND ETF,Horizons ETFs Management,APD,Air Products & Chemicals Inc,4.03,,,,,,,finance-query,top_10,2026-09-19 16:48 UTC,ok
HAU,TSX,HORIZONS ACTIVE US DIVIDEND ETF,Horizons ETFs Management,MKTX,MarketAxess Holdings Inc,3.64,,,,,,,finance-query,top_10,2026-09-19 16:48 UTC,ok
HAU,TSX,HORIZONS ACTIVE US DIVIDEND ETF,Horizons ETFs Management,BAH,Booz Allen Hamilton Holding Corp Class A,3.58,,,,,,,finance-query,top_10,2026-09-19 16:48 UTC,ok
HAU,TSX,HORIZONS ACTIVE US DIVIDEND ETF,Horizons ETFs Management,UNH,UnitedHealth Group Inc,3.5,,,,,,,finance-query,top_10,2026-09-19 16:48 UTC,ok
HAU,TSX,HORIZONS ACTIVE US DIVIDEND ETF,Horizons ETFs Management,ACN,Accenture PLC Class A,3.45,,,,,,,finance-query,top_10,2026-09-19 16:48 UTC,ok
HAD,TSX,Horizons BetaPro DJ-AIG Agricultural Grains Bear Plus ETF,Horizons ETFs Management,,,,,,,,,,finance-query,top_10,2026-09-19 16:48 UTC,no_holdings_found [HAD.TO:200-no-holdings HAD:200-no-holdings]
HBB,TSX,Horizons CDN Select Universe Bond ETF,Horizons ETFs Management,,,,,,,,,,finance-query,top_10,2026-09-19 16:48 UTC,no_holdings_found [HBB.TO:200-no-holdings HBB:200-no-holdings]
FHB,TSX,CI FA EUROPEAN BANK ETF,First Asset,INGA,ING Groep NV,9.94,,,,,,,finance-query,top_10,2026-09-19 16:48 UTC,ok
FHB,TSX,CI FA EUROPEAN BANK ETF,First Asset,,Moneta Money Bank AS,9.21,,,,,,,finance-query,top_10,2026-09-19 16:48 UTC,ok
FHB,TSX,CI FA EUROPEAN BANK ETF,First Asset,BG,Bawag Group AG Ordinary Shares,8.59,,,,,,,finance-query,top_10,2026-09-19 16:48 UTC,ok
FHB,TSX,CI FA EUROPEAN BANK ETF,First Asset,BNP.PA,BNP Paribas,6.63,,,,,,,finance-query,top_10,2026-09-19 16:48 UTC,ok
FHB,TSX,CI FA EUROPEAN BANK ETF,First Asset,CRE.L,Conduit Holdings Ltd,6.52,,,,,,,finance-query,top_10,2026-09-19 16:48 UTC,ok
FHB,TSX,CI FA EUROPEAN BANK ETF,First Asset,BARC.L,Barclays PLC,6.35,,,,,,,finance-query,top_10,2026-09-19 16:48 UTC,ok
FHB,TSX,CI FA EUROPEAN BANK ETF,First Asset,CSGN,Credit Suisse Group AG,6.14,,,,,,,finance-query,top_10,2026-09-19 16:48 UTC,ok
FHB,TSX,CI FA EUROPEAN BANK ETF,First Asset,KBCA,KBC Ancora CVA,5.59,,,,,,,finance-query,top_10,2026-09-19 16:48 UTC,ok
FHB,TSX,CI FA EUROPEAN BANK ETF,First Asset,BBVA.BC,Banco Bilbao Vizcaya Argentaria SA,5.46,,,,,,,finance-query,top_10,2026-09-19 16:48 UTC,ok
FHB,TSX,CI FA EUROPEAN BANK ETF,First Asset,NWG.L,NatWest Group PLC,5.36,,,,,,,finance-query,top_10,2026-09-19 16:48 UTC,ok
RWC,TSX,CI MSCI CANADA LOW RISK WTD ETF,First Asset,MRU.TO,Metro Inc,3.6672,,,,,,,finance-query,top_10,2026-09-19 16:48 UTC,ok
RWC,TSX,CI MSCI CANADA LOW RISK WTD ETF,First Asset,T.TO,TELUS Corp,3.3047,,,,,,,finance-query,top_10,2026-09-19 16:48 UTC,ok
RWC,TSX,CI MSCI CANADA LOW RISK WTD ETF,First Asset,BCE.TO,BCE Inc,3.1995,,,,,,,finance-query,top_10,2026-09-19 16:48 UTC,ok
RWC,TSX,CI MSCI CANADA LOW RISK WTD ETF,First Asset,EMA.TO,Emera Inc,2.8285,,,,,,,finance-query,top_10,2026-09-19 16:48 UTC,ok
RWC,TSX,CI MSCI CANADA LOW RISK WTD ETF,First Asset,L.TO,Loblaw Companies Ltd,2.8036,,,,,,,finance-query,top_10,2026-09-19 16:48 UTC,ok
RWC,TSX,CI MSCI CANADA LOW RISK WTD ETF,First Asset,FTS.TO,Fortis Inc,2.8028,,,,,,,finance-query,top_10,2026-09-19 16:48 UTC,ok
RWC,TSX,CI MSCI CANADA LOW RISK WTD ETF,First Asset,WN.TO,George Weston Ltd,2.5893,,,,,,,finance-query,top_10,2026-09-19 16:48 UTC,ok
RWC,TSX,CI MSCI CANADA LOW RISK WTD ETF,First Asset,H.TO,Hydro One Ltd,2.5317,,,,,,,finance-query,top_10,2026-09-19 16:48 UTC,ok
RWC,TSX,CI MSCI CANADA LOW RISK WTD ETF,First Asset,RY,Royal Bank of Canada,2.5123,,,,,,,finance-query,top_10,2026-09-19 16:48 UTC,ok
RWC,TSX,CI MSCI CANADA LOW RISK WTD ETF,First Asset,RCI-B.TO,Rogers Communications Inc Shs -B- Non-Voting,2.4438,,,,,,,finance-query,top_10,2026-09-19 16:48 UTC,ok
RWE,TSX,CI MSCI EUROPE LR WGTD ETF,First Asset,LISP,Chocoladefabriken Lindt & Spruengli AG,2.2693,,,,,,,finance-query,top_10,2026-09-19 16:48 UTC,ok
RWE,TSX,CI MSCI EUROPE LR WGTD ETF,First Asset,SCMN.SW,Swisscom AG,1.9144,,,,,,,finance-query,top_10,2026-09-19 16:48 UTC,ok
RWE,TSX,CI MSCI EUROPE LR WGTD ETF,First Asset,NESN.SW,Nestle SA,1.7961,,,,,,,finance-query,top_10,2026-09-19 16:48 UTC,ok
RWE,TSX,CI MSCI EUROPE LR WGTD ETF,First Asset,ORK.OL,Orkla ASA,1.7703,,,,,,,finance-query,top_10,2026-09-19 16:48 UTC,ok
RWE,TSX,CI MSCI EUROPE LR WGTD ETF,First Asset,TEL.OL,Telenor ASA,1.6647,,,,,,,finance-query,top_10,2026-09-19 16:48 UTC,ok
RWE,TSX,CI MSCI EUROPE LR WGTD ETF,First Asset,BARN.SW,Barry Callebaut AG,1.6612,,,,,,,finance-query,top_10,2026-09-19 16:48 UTC,ok
RWE,TSX,CI MSCI EUROPE LR WGTD ETF,First Asset,BCVN.SW,Banque Cantonale Vaudoise,1.4372,,,,,,,finance-query,top_10,2026-09-19 16:48 UTC,ok
RWE,TSX,CI MSCI EUROPE LR WGTD ETF,First Asset,SVT.L,Severn Trent PLC,1.4307,,,,,,,finance-query,top_10,2026-09-19 16:48 UTC,ok
RWE,TSX,CI MSCI EUROPE LR WGTD ETF,First Asset,SCHN.SW,Schindler Holding AG,1.3746,,,,,,,finance-query,top_10,2026-09-19 16:48 UTC,ok
RWE,TSX,CI MSCI EUROPE LR WGTD ETF,First Asset,TSCO.L,Tesco PLC,1.3458,,,,,,,finance-query,top_10,2026-09-19 16:48 UTC,ok
RWE.B,TSX,CI MSCI EUROPE LR WGTD UNHG ETF,First Asset,LISP,Chocoladefabriken Lindt & Spruengli AG,2.2693,,,,,,,finance-query,top_10,2026-09-19 16:48 UTC,ok
RWE.B,TSX,CI MSCI EUROPE LR WGTD UNHG ETF,First Asset,SCMN.SW,Swisscom AG,1.9144,,,,,,,finance-query,top_10,2026-09-19 16:48 UTC,ok
RWE.B,TSX,CI MSCI EUROPE LR WGTD UNHG ETF,First Asset,NESN.SW,Nestle SA,1.7961,,,,,,,finance-query,top_10,2026-09-19 16:48 UTC,ok
RWE.B,TSX,CI MSCI EUROPE LR WGTD UNHG ETF,First Asset,ORK.OL,Orkla ASA,1.7703,,,,,,,finance-query,top_10,2026-09-19 16:48 UTC,ok
RWE.B,TSX,CI MSCI EUROPE LR WGTD UNHG ETF,First Asset,TEL.OL,Telenor ASA,1.6647,,,,,,,finance-query,top_10,2026-09-19 16:48 UTC,ok
RWE.B,TSX,CI MSCI EUROPE LR WGTD UNHG ETF,First Asset,BARN.SW,Barry Callebaut AG,1.6612,,,,,,,finance-query,top_10,2026-09-19 16:48 UTC,ok
RWE.B,TSX,CI MSCI EUROPE LR WGTD UNHG ETF,First Asset,BCVN.SW,Banque Cantonale Vaudoise,1.4372,,,,,,,finance-query,top_10,2026-09-19 16:48 UTC,ok
RWE.B,TSX,CI MSCI EUROPE LR WGTD UNHG ETF,First Asset,SVT.L,Severn Trent PLC,1.4307,,,,,,,finance-query,top_10,2026-09-19 16:48 UTC,ok
RWE.B,TSX,CI MSCI EUROPE LR WGTD UNHG ETF,First Asset,SCHN.SW,Schindler Holding AG,1.3746,,,,,,,finance-query,top_10,2026-09-19 16:48 UTC,ok
RWE.B,TSX,CI MSCI EUROPE LR WGTD UNHG ETF,First Asset,TSCO.L,Tesco PLC,1.3458,,,,,,,finance-query,top_10,2026-09-19 16:48 UTC,ok
RWU,TSX,CI MSCI USA LR WGTD ETF,First Asset,VZ,Verizon Communications Inc,1.831,,,,,,,finance-query,top_10,2026-09-19 16:48 UTC,ok
RWU,TSX,CI MSCI USA LR WGTD ETF,First Asset,HRL,Hormel Foods Corp,1.4212,,,,,,,finance-query,top_10,2026-09-19 16:48 UTC,ok
RWU,TSX,CI MSCI USA LR WGTD ETF,First Asset,PG,Procter & Gamble Co,1.3069,,,,,,,finance-query,top_10,2026-09-19 16:48 UTC,ok
RWU,TSX,CI MSCI USA LR WGTD ETF,First Asset,CL,Colgate-Palmolive Co,1.2747,,,,,,,finance-query,top_10,2026-09-19 16:48 UTC,ok
RWU,TSX,CI MSCI USA LR WGTD ETF,First Asset,GIS,General Mills Inc,1.1583,,,,,,,finance-query,top_10,2026-09-19 16:48 UTC,ok
RWU,TSX,CI MSCI USA LR WGTD ETF,First Asset,JNJ,Johnson & Johnson,1.1156,,,,,,,finance-query,top_10,2026-09-19 16:48 UTC,ok
RWU,TSX,CI MSCI USA LR WGTD ETF,First Asset,WMT,Walmart Inc,1.105,,,,,,,finance-query,top_10,2026-09-19 16:48 UTC,ok
RWU,TSX,CI MSCI USA LR WGTD ETF,First Asset,MDLZ,Mondelez International Inc Class A,1.0483,,,,,,,finance-query,top_10,2026-09-19 16:48 UTC,ok
RWU,TSX,CI MSCI USA LR WGTD ETF,First Asset,KDP,Keurig Dr Pepper Inc,1.0354,,,,,,,finance-query,top_10,2026-09-19 16:48 UTC,ok
RWU,TSX,CI MSCI USA LR WGTD ETF,First Asset,BRK-B,Berkshire Hathaway Inc Class B,1.0215,,,,,,,finance-query,top_10,2026-09-19 16:48 UTC,ok
RWU.B,TSX,CI MSCI USA LR WGTD UNHEDG ETF,First Asset,VZ,Verizon Communications Inc,1.831,,,,,,,finance-query,top_10,2026-09-19 16:48 UTC,ok
RWU.B,TSX,CI MSCI USA LR WGTD UNHEDG ETF,First Asset,HRL,Hormel Foods Corp,1.4212,,,,,,,finance-query,top_10,2026-09-19 16:48 UTC,ok
RWU.B,TSX,CI MSCI USA LR WGTD UNHEDG ETF,First Asset,PG,Procter & Gamble Co,1.3069,,,,,,,finance-query,top_10,2026-09-19 16:48 UTC,ok
RWU.B,TSX,CI MSCI USA LR WGTD UNHEDG ETF,First Asset,CL,Colgate-Palmolive Co,1.2747,,,,,,,finance-query,top_10,2026-09-19 16:48 UTC,ok
RWU.B,TSX,CI MSCI USA LR WGTD UNHEDG ETF,First Asset,GIS,General Mills Inc,1.1583,,,,,,,finance-query,top_10,2026-09-19 16:48 UTC,ok
RWU.B,TSX,CI MSCI USA LR WGTD UNHEDG ETF,First Asset,JNJ,Johnson & Johnson,1.1156,,,,,,,finance-query,top_10,2026-09-19 16:48 UTC,ok
RWU.B,TSX,CI MSCI USA LR WGTD UNHEDG ETF,First Asset,WMT,Walmart Inc,1.105,,,,,,,finance-query,top_10,2026-09-19 16:48 UTC,ok
RWU.B,TSX,CI MSCI USA LR WGTD UNHEDG ETF,First Asset,MDLZ,Mondelez International Inc Class A,1.0483,,,,,,,finance-query,top_10,2026-09-19 16:48 UTC,ok
RWU.B,TSX,CI MSCI USA LR WGTD UNHEDG ETF,First Asset,KDP,Keurig Dr Pepper Inc,1.0354,,,,,,,finance-query,top_10,2026-09-19 16:48 UTC,ok
RWU.B,TSX,CI MSCI USA LR WGTD UNHEDG ETF,First Asset,BRK-B,Berkshire Hathaway Inc Class B,1.0215,,,,,,,finance-query,top_10,2026-09-19 16:48 UTC,ok
RWW,TSX,CI MSCI WORLD LOW RISK WTD ETF,First Asset,LISP,Chocoladefabriken Lindt & Spruengli AG,1.0233,,,,,,,finance-query,top_10,2026-09-19 16:48 UTC,ok
RWW,TSX,CI MSCI WORLD LOW RISK WTD ETF,First Asset,2638.HK,HK Electric Investments and HK Electric Investments Ltd Stapled Secs Cons o,1.0007,,,,,,,finance-query,top_10,2026-09-19 16:48 UTC,ok
RWW,TSX,CI MSCI WORLD LOW RISK WTD ETF,First Asset,9434.T,SoftBank Corp,0.9485,,,,,,,finance-query,top_10,2026-09-19 16:48 UTC,ok
RWW,TSX,CI MSCI WORLD LOW RISK WTD ETF,First Asset,0066.HK,MTR Corp Ltd,0.918,,,,,,,finance-query,top_10,2026-09-19 16:48 UTC,ok
RWW,TSX,CI MSCI WORLD LOW RISK WTD ETF,First Asset,0002.HK,CLP Holdings Ltd,0.8597,,,,,,,finance-query,top_10,2026-09-19 16:48 UTC,ok
RWW,TSX,CI MSCI WORLD LOW RISK WTD ETF,First Asset,2702.T,McDonald's Holdings Co (Japan) Ltd,0.8526,,,,,,,finance-query,top_10,2026-09-19 16:48 UTC,ok
RWW,TSX,CI MSCI WORLD LOW RISK WTD ETF,First Asset,SCMN.SW,Swisscom AG,0.8519,,,,,,,finance-query,top_10,2026-09-19 16:48 UTC,ok
RWW,TSX,CI MSCI WORLD LOW RISK WTD ETF,First Asset,6823.HK,HKT Trust and HKT Ltd,0.8183,,,,,,,finance-query,top_10,2026-09-19 16:48 UTC,ok
RWW,TSX,CI MSCI WORLD LOW RISK WTD ETF,First Asset,NESN.SW,Nestle SA,0.7991,,,,,,,finance-query,top_10,2026-09-19 16:48 UTC,ok
RWW,TSX,CI MSCI WORLD LOW RISK WTD ETF,First Asset,ORK.OL,Orkla ASA,0.7879,,,,,,,finance-query,top_10,2026-09-19 16:48 UTC,ok
RWW.B,TSX,CI MSCI WLD LR WTD UH ETF,First Asset,LISP,Chocoladefabriken Lindt & Spruengli AG,1.0233,,,,,,,finance-query,top_10,2026-09-19 16:48 UTC,ok
RWW.B,TSX,CI MSCI WLD LR WTD UH ETF,First Asset,2638.HK,HK Electric Investments and HK Electric Investments Ltd Stapled Secs Cons o,1.0007,,,,,,,finance-query,top_10,2026-09-19 16:48 UTC,ok
RWW.B,TSX,CI MSCI WLD LR WTD UH ETF,First Asset,9434.T,SoftBank Corp,0.9485,,,,,,,finance-query,top_10,2026-09-19 16:48 UTC,ok
RWW.B,TSX,CI MSCI WLD LR WTD UH ETF,First Asset,0066.HK,MTR Corp Ltd,0.918,,,,,,,finance-query,top_10,2026-09-19 16:48 UTC,ok
RWW.B,TSX,CI MSCI WLD LR WTD UH ETF,First Asset,0002.HK,CLP Holdings Ltd,0.8597,,,,,,,finance-query,top_10,2026-09-19 16:48 UTC,ok
RWW.B,TSX,CI MSCI WLD LR WTD UH ETF,First Asset,2702.T,McDonald's Holdings Co (Japan) Ltd,0.8526,,,,,,,finance-query,top_10,2026-09-19 16:48 UTC,ok
RWW.B,TSX,CI MSCI WLD LR WTD UH ETF,First Asset,SCMN.SW,Swisscom AG,0.8519,,,,,,,finance-query,top_10,2026-09-19 16:48 UTC,ok
RWW.B,TSX,CI MSCI WLD LR WTD UH ETF,First Asset,6823.HK,HKT Trust and HKT Ltd,0.8183,,,,,,,finance-query,top_10,2026-09-19 16:48 UTC,ok
RWW.B,TSX,CI MSCI WLD LR WTD UH ETF,First Asset,NESN.SW,Nestle SA,0.7991,,,,,,,finance-query,top_10,2026-09-19 16:48 UTC,ok
RWW.B,TSX,CI MSCI WLD LR WTD UH ETF,First Asset,ORK.OL,Orkla ASA,0.7879,,,,,,,finance-query,top_10,2026-09-19 16:48 UTC,ok
DXM,TSX,CI FA MORNINGSTAR CDA DIV TGT 3,First Asset,EMA.TO,Emera Inc,3.51,,,,,,,finance-query,top_10,2026-09-19 16:48 UTC,ok
DXM,TSX,CI FA MORNINGSTAR CDA DIV TGT 3,First Asset,ACO.X.TO,Atco Ltd Registered Shs -I- Non Vtg,3.49,,,,,,,finance-query,top_10,2026-09-19 16:48 UTC,ok
DXM,TSX,CI FA MORNINGSTAR CDA DIV TGT 3,First Asset,CU.TO,Canadian Utilities Ltd A non-voting,3.45,,,,,,,finance-query,top_10,2026-09-19 16:48 UTC,ok
DXM,TSX,CI FA MORNINGSTAR CDA DIV TGT 3,First Asset,GWO.TO,Great-West Lifeco Inc,3.44,,,,,,,finance-query,top_10,2026-09-19 16:48 UTC,ok
DXM,TSX,CI FA MORNINGSTAR CDA DIV TGT 3,First Asset,NPI.TO,Northland Power Inc,3.43,,,,,,,finance-query,top_10,2026-09-19 16:48 UTC,ok
DXM,TSX,CI FA MORNINGSTAR CDA DIV TGT 3,First Asset,BCE.TO,BCE Inc,3.42,,,,,,,finance-query,top_10,2026-09-19 16:48 UTC,ok
DXM,TSX,CI FA MORNINGSTAR CDA DIV TGT 3,First Asset,CPX.TO,Capital Power Corp,3.39,,,,,,,finance-query,top_10,2026-09-19 16:48 UTC,ok
DXM,TSX,CI FA MORNINGSTAR CDA DIV TGT 3,First Asset,ENB.TO,Enbridge Inc,3.39,,,,,,,finance-query,top_10,2026-09-19 16:48 UTC,ok
DXM,TSX,CI FA MORNINGSTAR CDA DIV TGT 3,First Asset,IAG.TO,iA Financial Corp,3.37,,,,,,,finance-query,top_10,2026-09-19 16:48 UTC,ok
DXM,TSX,CI FA MORNINGSTAR CDA DIV TGT 3,First Asset,RY.TO,Royal Bank of Canada,3.37,,,,,,,finance-query,top_10,2026-09-19 16:48 UTC,ok
WXM,TSX,CI MORNINGSTAR CDA MOMENTUM IDX,First Asset,DPM.TO,DPM Metals Inc,4.7841,,,,,,,finance-query,top_10,2026-09-19 16:48 UTC,ok
WXM,TSX,CI MORNINGSTAR CDA MOMENTUM IDX,First Asset,KNT.TO,K92 Mining Inc,4.3721,,,,,,,finance-query,top_10,2026-09-19 16:48 UTC,ok
WXM,TSX,CI MORNINGSTAR CDA MOMENTUM IDX,First Asset,ALS.TO,Altius Minerals Corp,3.8906,,,,,,,finance-query,top_10,2026-09-19 16:48 UTC,ok
WXM,TSX,CI MORNINGSTAR CDA MOMENTUM IDX,First Asset,GWO.TO,Great-West Lifeco Inc,3.7825,,,,,,,finance-query,top_10,2026-09-19 16:48 UTC,ok
WXM,TSX,CI MORNINGSTAR CDA MOMENTUM IDX,First Asset,TECK-B.TO,Teck Resources Ltd Class B (Sub Voting),3.7121,,,,,,,finance-query,top_10,2026-09-19 16:48 UTC,ok
WXM,TSX,CI MORNINGSTAR CDA MOMENTUM IDX,First Asset,QSR.TO,Restaurant Brands International Inc,3.6813,,,,,,,finance-query,top_10,2026-09-19 16:48 UTC,ok
WXM,TSX,CI MORNINGSTAR CDA MOMENTUM IDX,First Asset,IGM.TO,IGM Financial Inc,3.6496,,,,,,,finance-query,top_10,2026-09-19 16:48 UTC,ok
WXM,TSX,CI MORNINGSTAR CDA MOMENTUM IDX,First Asset,CEU.TO,CES Energy Solutions Corp,3.6122,,,,,,,finance-query,top_10,2026-09-19 16:48 UTC,ok
WXM,TSX,CI MORNINGSTAR CDA MOMENTUM IDX,First Asset,PSK.TO,PrairieSky Royalty Ltd,3.6017,,,,,,,finance-query,top_10,2026-09-19 16:48 UTC,ok
WXM,TSX,CI MORNINGSTAR CDA MOMENTUM IDX,First Asset,TD,The Toronto-Dominion Bank,3.5771,,,,,,,finance-query,top_10,2026-09-19 16:48 UTC,ok
FXM,TSX,CI MORNINGSTAR CDA VALUE IDX ET,First Asset,CG.TO,Centerra Gold Inc,4.6961,,,,,,,finance-query,top_10,2026-09-19 16:48 UTC,ok
FXM,TSX,CI MORNINGSTAR CDA VALUE IDX ET,First Asset,TXG.TO,Torex Gold Resources Inc,3.8896,,,,,,,finance-query,top_10,2026-09-19 16:48 UTC,ok
FXM,TSX,CI MORNINGSTAR CDA VALUE IDX ET,First Asset,RUS.TO,Russel Metals Inc,3.7793,,,,,,,finance-query,top_10,2026-09-19 16:48 UTC,ok
FXM,TSX,CI MORNINGSTAR CDA VALUE IDX ET,First Asset,GIB-A.TO,CGI Inc Class A,3.6141,,,,,,,finance-query,top_10,2026-09-19 16:48 UTC,ok
FXM,TSX,CI MORNINGSTAR CDA VALUE IDX ET,First Asset,BNS.TO,Bank of Nova Scotia,3.6047,,,,,,,finance-query,top_10,2026-09-19 16:48 UTC,ok
FXM,TSX,CI MORNINGSTAR CDA VALUE IDX ET,First Asset,OGC.TO,OceanaGold Corp,3.6007,,,,,,,finance-query,top_10,2026-09-19 16:48 UTC,ok
FXM,TSX,CI MORNINGSTAR CDA VALUE IDX ET,First Asset,NTR.TO,Nutrien Ltd,3.5699,,,,,,,finance-query,top_10,2026-09-19 16:48 UTC,ok
FXM,TSX,CI MORNINGSTAR CDA VALUE IDX ET,First Asset,CVE.TO,Cenovus Energy Inc,3.5665,,,,,,,finance-query,top_10,2026-09-19 16:48 UTC,ok
FXM,TSX,CI MORNINGSTAR CDA VALUE IDX ET,First Asset,OTEX.TO,Open Text Corp,3.536,,,,,,,finance-query,top_10,2026-09-19 16:48 UTC,ok
FXM,TSX,CI MORNINGSTAR CDA VALUE IDX ET,First Asset,PXT.TO,Parex Resources Inc,3.457,,,,,,,finance-query,top_10,2026-09-19 16:48 UTC,ok
QXM,TSX,CI MORNINGSTAR NB QUEBEC ETF,First Asset,IAG.TO,iA Financial Corp Inc,5.5341,,,,,,,finance-query,top_10,2026-09-19 16:48 UTC,ok
QXM,TSX,CI MORNINGSTAR NB QUEBEC ETF,First Asset,GIB-A.TO,CGI Inc Class A,5.5125,,,,,,,finance-query,top_10,2026-09-19 16:48 UTC,ok
QXM,TSX,CI MORNINGSTAR NB QUEBEC ETF,First Asset,POW.TO,Power Corporation of Canada Shs Subord.Voting,5.4188,,,,,,,finance-query,top_10,2026-09-19 16:48 UTC,ok
QXM,TSX,CI MORNINGSTAR NB QUEBEC ETF,First Asset,NA.TO,National Bank of Canada,5.0947,,,,,,,finance-query,top_10,2026-09-19 16:48 UTC,ok
QXM,TSX,CI MORNINGSTAR NB QUEBEC ETF,First Asset,WSP.TO,WSP Global Inc,5.0515,,,,,,,finance-query,top_10,2026-09-19 16:48 UTC,ok
QXM,TSX,CI MORNINGSTAR NB QUEBEC ETF,First Asset,CNR.TO,Canadian National Railway Co,5.0229,,,,,,,finance-query,top_10,2026-09-19 16:48 UTC,ok
QXM,TSX,CI MORNINGSTAR NB QUEBEC ETF,First Asset,ATD.TO,Alimentation Couche-Tard Inc,5.0083,,,,,,,finance-query,top_10,2026-09-19 16:48 UTC,ok
QXM,TSX,CI MORNINGSTAR NB QUEBEC ETF,First Asset,BBD-B.TO,Bombardier Inc Registered Shs -B- Subord Vtg,4.8534,,,,,,,finance-query,top_10,2026-09-19 16:48 UTC,ok
QXM,TSX,CI MORNINGSTAR NB QUEBEC ETF,First Asset,DOL.TO,Dollarama Inc,4.806,,,,,,,finance-query,top_10,2026-09-19 16:48 UTC,ok
QXM,TSX,CI MORNINGSTAR NB QUEBEC ETF,First Asset,BCE.TO,BCE Inc,4.7386,,,,,,,finance-query,top_10,2026-09-19 16:48 UTC,ok
UXM,TSX,CI FA MORNINGSTAR US DIV TGT 50,First Asset,LRCX,Lam Research Corp,2.2,,,,,,,finance-query,top_10,2026-09-19 16:48 UTC,ok
UXM,TSX,CI FA MORNINGSTAR US DIV TGT 50,First Asset,TXN,Texas Instruments Inc,2.14,,,,,,,finance-query,top_10,2026-09-19 16:48 UTC,ok
UXM,TSX,CI FA MORNINGSTAR US DIV TGT 50,First Asset,LMT,Lockheed Martin Corp,2.12,,,,,,,finance-query,top_10,2026-09-19 16:48 UTC,ok
UXM,TSX,CI FA MORNINGSTAR US DIV TGT 50,First Asset,CPB,Campbell Soup Co,2.1,,,,,,,finance-query,top_10,2026-09-19 16:48 UTC,ok
UXM,TSX,CI FA MORNINGSTAR US DIV TGT 50,First Asset,NTAP,NetApp Inc,2.1,,,,,,,finance-query,top_10,2026-09-19 16:48 UTC,ok
UXM,TSX,CI FA MORNINGSTAR US DIV TGT 50,First Asset,K,Kellogg Co,2.09,,,,,,,finance-query,top_10,2026-09-19 16:48 UTC,ok
UXM,TSX,CI FA MORNINGSTAR US DIV TGT 50,First Asset,CL,Colgate-Palmolive Co,2.07,,,,,,,finance-query,top_10,2026-09-19 16:48 UTC,ok
UXM,TSX,CI FA MORNINGSTAR US DIV TGT 50,First Asset,FAST,Fastenal Co,2.07,,,,,,,finance-query,top_10,2026-09-19 16:48 UTC,ok
UXM,TSX,CI FA MORNINGSTAR US DIV TGT 50,First Asset,HRB,H&R Block Inc,2.07,,,,,,,finance-query,top_10,2026-09-19 16:48 UTC,ok
UXM,TSX,CI FA MORNINGSTAR US DIV TGT 50,First Asset,VZ,Verizon Communications Inc,2.07,,,,,,,finance-query,top_10,2026-09-19 16:48 UTC,ok
UXM.B,TSX,CI FA MORNINGSTAR US DIV TGT 50,First Asset,LRCX,Lam Research Corp,2.2,,,,,,,finance-query,top_10,2026-09-19 16:48 UTC,ok
UXM.B,TSX,CI FA MORNINGSTAR US DIV TGT 50,First Asset,TXN,Texas Instruments Inc,2.14,,,,,,,finance-query,top_10,2026-09-19 16:48 UTC,ok
UXM.B,TSX,CI FA MORNINGSTAR US DIV TGT 50,First Asset,LMT,Lockheed Martin Corp,2.12,,,,,,,finance-query,top_10,2026-09-19 16:48 UTC,ok
UXM.B,TSX,CI FA MORNINGSTAR US DIV TGT 50,First Asset,CPB,Campbell Soup Co,2.1,,,,,,,finance-query,top_10,2026-09-19 16:48 UTC,ok
UXM.B,TSX,CI FA MORNINGSTAR US DIV TGT 50,First Asset,NTAP,NetApp Inc,2.1,,,,,,,finance-query,top_10,2026-09-19 16:48 UTC,ok
UXM.B,TSX,CI FA MORNINGSTAR US DIV TGT 50,First Asset,K,Kellogg Co,2.09,,,,,,,finance-query,top_10,2026-09-19 16:48 UTC,ok
UXM.B,TSX,CI FA MORNINGSTAR US DIV TGT 50,First Asset,CL,Colgate-Palmolive Co,2.07,,,,,,,finance-query,top_10,2026-09-19 16:48 UTC,ok
UXM.B,TSX,CI FA MORNINGSTAR US DIV TGT 50,First Asset,FAST,Fastenal Co,2.07,,,,,,,finance-query,top_10,2026-09-19 16:48 UTC,ok
UXM.B,TSX,CI FA MORNINGSTAR US DIV TGT 50,First Asset,HRB,H&R Block Inc,2.07,,,,,,,finance-query,top_10,2026-09-19 16:48 UTC,ok
UXM.B,TSX,CI FA MORNINGSTAR US DIV TGT 50,First Asset,VZ,Verizon Communications Inc,2.07,,,,,,,finance-query,top_10,2026-09-19 16:48 UTC,ok
YXM,TSX,CI MORNINGSTAR US MOMENTUM INDE,First Asset,WSM,Williams-Sonoma Inc,1.2545,,,,,,,finance-query,top_10,2026-09-19 16:48 UTC,ok
YXM,TSX,CI MORNINGSTAR US MOMENTUM INDE,First Asset,BCC,Boise Cascade Co,1.1588,,,,,,,finance-query,top_10,2026-09-19 16:48 UTC,ok
YXM,TSX,CI MORNINGSTAR US MOMENTUM INDE,First Asset,FTAI,FTAI Aviation Ltd,1.1203,,,,,,,finance-query,top_10,2026-09-19 16:48 UTC,ok
YXM,TSX,CI MORNINGSTAR US MOMENTUM INDE,First Asset,CNM,Core & Main Inc Class A,1.116,,,,,,,finance-query,top_10,2026-09-19 16:48 UTC,ok
YXM,TSX,CI MORNINGSTAR US MOMENTUM INDE,First Asset,VRT,Vertiv Holdings Co Class A,1.1072,,,,,,,finance-query,top_10,2026-09-19 16:48 UTC,ok
YXM,TSX,CI MORNINGSTAR US MOMENTUM INDE,First Asset,MTG,MGIC Investment Corp,1.1068,,,,,,,finance-query,top_10,2026-09-19 16:48 UTC,ok
YXM,TSX,CI MORNINGSTAR US MOMENTUM INDE,First Asset,RDN,Radian Group Inc,1.104,,,,,,,finance-query,top_10,2026-09-19 16:48 UTC,ok
YXM,TSX,CI MORNINGSTAR US MOMENTUM INDE,First Asset,VST,Vistra Corp,1.1034,,,,,,,finance-query,top_10,2026-09-19 16:48 UTC,ok
YXM,TSX,CI MORNINGSTAR US MOMENTUM INDE,First Asset,ETRN,Equitrans Midstream Corp,1.1015,,,,,,,finance-query,top_10,2026-09-19 16:48 UTC,ok
YXM,TSX,CI MORNINGSTAR US MOMENTUM INDE,First Asset,MPC,Marathon Petroleum Corp,1.1001,,,,,,,finance-query,top_10,2026-09-19 16:48 UTC,ok
YXM.B,TSX,CI MORNINGSTAR US MOMENTUM UNHD,First Asset,WSM,Williams-Sonoma Inc,1.2545,,,,,,,finance-query,top_10,2026-09-19 16:48 UTC,ok
YXM.B,TSX,CI MORNINGSTAR US MOMENTUM UNHD,First Asset,BCC,Boise Cascade Co,1.1588,,,,,,,finance-query,top_10,2026-09-19 16:48 UTC,ok
YXM.B,TSX,CI MORNINGSTAR US MOMENTUM UNHD,First Asset,FTAI,FTAI Aviation Ltd,1.1203,,,,,,,finance-query,top_10,2026-09-19 16:48 UTC,ok
YXM.B,TSX,CI MORNINGSTAR US MOMENTUM UNHD,First Asset,CNM,Core & Main Inc Class A,1.116,,,,,,,finance-query,top_10,2026-09-19 16:48 UTC,ok
YXM.B,TSX,CI MORNINGSTAR US MOMENTUM UNHD,First Asset,VRT,Vertiv Holdings Co Class A,1.1072,,,,,,,finance-query,top_10,2026-09-19 16:48 UTC,ok
YXM.B,TSX,CI MORNINGSTAR US MOMENTUM UNHD,First Asset,MTG,MGIC Investment Corp,1.1068,,,,,,,finance-query,top_10,2026-09-19 16:48 UTC,ok
YXM.B,TSX,CI MORNINGSTAR US MOMENTUM UNHD,First Asset,RDN,Radian Group Inc,1.104,,,,,,,finance-query,top_10,2026-09-19 16:48 UTC,ok
YXM.B,TSX,CI MORNINGSTAR US MOMENTUM UNHD,First Asset,VST,Vistra Corp,1.1034,,,,,,,finance-query,top_10,2026-09-19 16:48 UTC,ok
YXM.B,TSX,CI MORNINGSTAR US MOMENTUM UNHD,First Asset,ETRN,Equitrans Midstream Corp,1.1015,,,,,,,finance-query,top_10,2026-09-19 16:48 UTC,ok
YXM.B,TSX,CI MORNINGSTAR US MOMENTUM UNHD,First Asset,MPC,Marathon Petroleum Corp,1.1001,,,,,,,finance-query,top_10,2026-09-19 16:48 UTC,ok
XXM,TSX,CI MORNINGSTAR US VALUE INDEX E,First Asset,BCC,Boise Cascade Co,1.1357,,,,,,,finance-query,top_10,2026-09-19 16:48 UTC,ok
XXM,TSX,CI MORNINGSTAR US VALUE INDEX E,First Asset,CRBG,Corebridge Financial Inc,1.1318,,,,,,,finance-query,top_10,2026-09-19 16:48 UTC,ok
XXM,TSX,CI MORNINGSTAR US VALUE INDEX E,First Asset,ADM,Archer-Daniels Midland Co,1.1084,,,,,,,finance-query,top_10,2026-09-19 16:48 UTC,ok
XXM,TSX,CI MORNINGSTAR US VALUE INDEX E,First Asset,GM,General Motors Co,1.1033,,,,,,,finance-query,top_10,2026-09-19 16:48 UTC,ok
XXM,TSX,CI MORNINGSTAR US VALUE INDEX E,First Asset,GTES,Gates Industrial Corp PLC,1.0967,,,,,,,finance-query,top_10,2026-09-19 16:48 UTC,ok
XXM,TSX,CI MORNINGSTAR US VALUE INDEX E,First Asset,VLO,Valero Energy Corp,1.0964,,,,,,,finance-query,top_10,2026-09-19 16:48 UTC,ok
XXM,TSX,CI MORNINGSTAR US VALUE INDEX E,First Asset,MDU,MDU Resources Group Inc,1.0892,,,,,,,finance-query,top_10,2026-09-19 16:48 UTC,ok
XXM,TSX,CI MORNINGSTAR US VALUE INDEX E,First Asset,VST,Vistra Corp,1.0813,,,,,,,finance-query,top_10,2026-09-19 16:48 UTC,ok
XXM,TSX,CI MORNINGSTAR US VALUE INDEX E,First Asset,MPC,Marathon Petroleum Corp,1.078,,,,,,,finance-query,top_10,2026-09-19 16:48 UTC,ok
XXM,TSX,CI MORNINGSTAR US VALUE INDEX E,First Asset,STLD,Steel Dynamics Inc,1.0717,,,,,,,finance-query,top_10,2026-09-19 16:48 UTC,ok
XXM.B,TSX,CI MORNINGSTR US VALUE IDX UNHD,First Asset,BCC,Boise Cascade Co,1.1357,,,,,,,finance-query,top_10,2026-09-19 16:48 UTC,ok
XXM.B,TSX,CI MORNINGSTR US VALUE IDX UNHD,First Asset,CRBG,Corebridge Financial Inc,1.1318,,,,,,,finance-query,top_10,2026-09-19 16:48 UTC,ok
XXM.B,TSX,CI MORNINGSTR US VALUE IDX UNHD,First Asset,ADM,Archer-Daniels Midland Co,1.1084,,,,,,,finance-query,top_10,2026-09-19 16:48 UTC,ok
XXM.B,TSX,CI MORNINGSTR US VALUE IDX UNHD,First Asset,GM,General Motors Co,1.1033,,,,,,,finance-query,top_10,2026-09-19 16:48 UTC,ok
XXM.B,TSX,CI MORNINGSTR US VALUE IDX UNHD,First Asset,GTES,Gates Industrial Corp PLC,1.0967,,,,,,,finance-query,top_10,2026-09-19 16:48 UTC,ok
XXM.B,TSX,CI MORNINGSTR US VALUE IDX UNHD,First Asset,VLO,Valero Energy Corp,1.0964,,,,,,,finance-query,top_10,2026-09-19 16:48 UTC,ok
XXM.B,TSX,CI MORNINGSTR US VALUE IDX UNHD,First Asset,MDU,MDU Resources Group Inc,1.0892,,,,,,,finance-query,top_10,2026-09-19 16:48 UTC,ok
XXM.B,TSX,CI MORNINGSTR US VALUE IDX UNHD,First Asset,VST,Vistra Corp,1.0813,,,,,,,finance-query,top_10,2026-09-19 16:48 UTC,ok
XXM.B,TSX,CI MORNINGSTR US VALUE IDX UNHD,First Asset,MPC,Marathon Petroleum Corp,1.078,,,,,,,finance-query,top_10,2026-09-19 16:48 UTC,ok
XXM.B,TSX,CI MORNINGSTR US VALUE IDX UNHD,First Asset,STLD,Steel Dynamics Inc,1.0717,,,,,,,finance-query,top_10,2026-09-19 16:48 UTC,ok
TXF,TSX,CI TECH GIANTS COVERED CALL ETF,First Asset,PLTR,Palantir Technologies Inc Ordinary Shares - Class A,6.4686,,,,,,,finance-query,top_10,2026-09-19 16:48 UTC,ok
TXF,TSX,CI TECH GIANTS COVERED CALL ETF,First Asset,PANW,Palo Alto Networks Inc,5.9352,,,,,,,finance-query,top_10,2026-09-19 16:48 UTC,ok
TXF,TSX,CI TECH GIANTS COVERED CALL ETF,First Asset,MSFT,Microsoft Corp,5.7183,,,,,,,finance-query,top_10,2026-09-19 16:48 UTC,ok
TXF,TSX,CI TECH GIANTS COVERED CALL ETF,First Asset,ANET,Arista Networks Inc,5.1504,,,,,,,finance-query,top_10,2026-09-19 16:48 UTC,ok
TXF,TSX,CI TECH GIANTS COVERED CALL ETF,First Asset,DELL,Dell Technologies Inc Ordinary Shares - Class C,4.7496,,,,,,,finance-query,top_10,2026-09-19 16:48 UTC,ok
TXF,TSX,CI TECH GIANTS COVERED CALL ETF,First Asset,AAPL,Apple Inc,4.7317,,,,,,,finance-query,top_10,2026-09-19 16:48 UTC,ok
TXF,TSX,CI TECH GIANTS COVERED CALL ETF,First Asset,NVDA,NVIDIA Corp,4.671,,,,,,,finance-query,top_10,2026-09-19 16:48 UTC,ok
TXF,TSX,CI TECH GIANTS COVERED CALL ETF,First Asset,META,Meta Platforms Inc Class A,4.4305,,,,,,,finance-query,top_10,2026-09-19 16:48 UTC,ok
TXF,TSX,CI TECH GIANTS COVERED CALL ETF,First Asset,GOOGL,Alphabet Inc Class A,4.0977,,,,,,,finance-query,top_10,2026-09-19 16:48 UTC,ok
TXF,TSX,CI TECH GIANTS COVERED CALL ETF,First Asset,CSCO,Cisco Systems Inc,4.0959,,,,,,,finance-query,top_10,2026-09-19 16:48 UTC,ok
BXF,TSX,First Asset DEX 1-5 Year Laddered Government Strip Bond Index ETF,First Asset,,,,,,,,,,finance-query,top_10,2026-09-19 16:48 UTC,no_holdings_found [BXF.TO:200-no-holdings BXF:200-no-holdings]
AXF,TSX,First Asset DEX All Canada Bond Barbell Index ETF,First Asset,,,,,,,,,,finance-query,top_10,2026-09-19 16:48 UTC,no_holdings_found [AXF.TO:200-no-holdings AXF:200-no-holdings]
KXF,TSX,First Asset DEX Corporate Bond Barbell Index ETF,First Asset,,,,,,,,,,finance-query,top_10,2026-09-19 16:48 UTC,no_holdings_found [KXF.TO:200-no-holdings KXF:200-no-holdings]
GXF,TSX,Global X FTSE Nordic Region ETF,First Asset,NOVO B,Novo Nordisk A/S B,15.28,,,,,,,finance-query,top_10,2026-09-19 16:48 UTC,ok
GXF,TSX,Global X FTSE Nordic Region ETF,First Asset,DSV,DSV Panalpina A/S,5.17,,,,,,,finance-query,top_10,2026-09-19 16:48 UTC,ok
GXF,TSX,Global X FTSE Nordic Region ETF,First Asset,INVE B,Investor AB B,4.73,,,,,,,finance-query,top_10,2026-09-19 16:48 UTC,ok
GXF,TSX,Global X FTSE Nordic Region ETF,First Asset,NDA SE,Nordea Bank Abp,4.46,,,,,,,finance-query,top_10,2026-09-19 16:48 UTC,ok
GXF,TSX,Global X FTSE Nordic Region ETF,First Asset,VWS,Vestas Wind Systems A/S,4.43,,,,,,,finance-query,top_10,2026-09-19 16:48 UTC,ok
GXF,TSX,Global X FTSE Nordic Region ETF,First Asset,ATCO A,Atlas Copco AB A,4.36,,,,,,,finance-query,top_10,2026-09-19 16:48 UTC,ok
GXF,TSX,Global X FTSE Nordic Region ETF,First Asset,ERIC B,Telefonaktiebolaget L M Ericsson Class B,4.26,,,,,,,finance-query,top_10,2026-09-19 16:48 UTC,ok
GXF,TSX,Global X FTSE Nordic Region ETF,First Asset,VOLV B,Volvo AB B,4.11,,,,,,,finance-query,top_10,2026-09-19 16:48 UTC,ok
GXF,TSX,Global X FTSE Nordic Region ETF,First Asset,KNEBV,KONE Oyj Class B,3.62,,,,,,,finance-query,top_10,2026-09-19 16:48 UTC,ok
GXF,TSX,Global X FTSE Nordic Region ETF,First Asset,NOKIA,Nokia Oyj,3.4,,,,,,,finance-query,top_10,2026-09-19 16:48 UTC,ok
PXF,TSX,Invesco RAFI Developed Markets ,First Asset,005930.KQ,Samsung Electronics Co Ltd,4.391,,,,,,,finance-query,top_10,2026-09-19 16:48 UTC,ok
PXF,TSX,Invesco RAFI Developed Markets ,First Asset,SHEL.L,Shell PLC,2.0601,,,,,,,finance-query,top_10,2026-09-19 16:48 UTC,ok
PXF,TSX,Invesco RAFI Developed Markets ,First Asset,TTE.PA,TotalEnergies SE,1.4368,,,,,,,finance-query,top_10,2026-09-19 16:48 UTC,ok
PXF,TSX,Invesco RAFI Developed Markets ,First Asset,HSBA.L,HSBC Holdings PLC,1.2905,,,,,,,finance-query,top_10,2026-09-19 16:48 UTC,ok
PXF,TSX,Invesco RAFI Developed Markets ,First Asset,BHP.AX,BHP Group Ltd,1.0676,,,,,,,finance-query,top_10,2026-09-19 16:48 UTC,ok
PXF,TSX,Invesco RAFI Developed Markets ,First Asset,ROP.SW,Roche Holding AG Ordinary Shares new,1.0565,,,,,,,finance-query,top_10,2026-09-19 16:48 UTC,ok
PXF,TSX,Invesco RAFI Developed Markets ,First Asset,7203.T,Toyota Motor Corp,0.9524,,,,,,,finance-query,top_10,2026-09-19 16:48 UTC,ok
PXF,TSX,Invesco RAFI Developed Markets ,First Asset,GLEN.L,Glencore PLC,0.882,,,,,,,finance-query,top_10,2026-09-19 16:48 UTC,ok
PXF,TSX,Invesco RAFI Developed Markets ,First Asset,BP.L,BP PLC,0.8639,,,,,,,finance-query,top_10,2026-09-19 16:48 UTC,ok
PXF,TSX,Invesco RAFI Developed Markets ,First Asset,000660.KQ,SK hynix Inc,0.7437,,,,,,,finance-query,top_10,2026-09-19 16:48 UTC,ok
EXM,TSX,First Asset Morningstar Emerging Markets Composite Bond Index ETF,First Asset,,,,,,,,,,finance-query,top_10,2026-09-19 16:48 UTC,no_holdings_found [EXM.TO:200-no-holdings EXM:200-no-holdings]
PSA,TSX,Purpose High Interest Savings ETF,Purpose Investments Inc.,,,,,,,,,,finance-query,top_10,2026-09-19 16:48 UTC,no_holdings_found [PSA.TO:200-no-holdings PSA:200-no-holdings]
MJJ,TSX,MicroSectors Cannabis ETNs,Purpose Investments Inc.,ABBV,AbbVie Inc,9.9,,,,,,,finance-query,top_10,2026-09-19 16:48 UTC,ok
MJJ,TSX,MicroSectors Cannabis ETNs,Purpose Investments Inc.,A,Agilent Technologies Inc,9.9,,,,,,,finance-query,top_10,2026-09-19 16:48 UTC,ok
MJJ,TSX,MicroSectors Cannabis ETNs,Purpose Investments Inc.,SNDL.TO,Sundial Growers Inc Ordinary Shares,9.9,,,,,,,finance-query,top_10,2026-09-19 16:48 UTC,ok
MJJ,TSX,MicroSectors Cannabis ETNs,Purpose Investments Inc.,TMO,Thermo Fisher Scientific Inc,9.9,,,,,,,finance-query,top_10,2026-09-19 16:48 UTC,ok
MJJ,TSX,MicroSectors Cannabis ETNs,Purpose Investments Inc.,TLRY.TO,Tilray Inc,9.9,,,,,,,finance-query,top_10,2026-09-19 16:48 UTC,ok
MJJ,TSX,MicroSectors Cannabis ETNs,Purpose Investments Inc.,WEED.TO,Canopy Growth Corp,7.06,,,,,,,finance-query,top_10,2026-09-19 16:48 UTC,ok
MJJ,TSX,MicroSectors Cannabis ETNs,Purpose Investments Inc.,MTD,Mettler-Toledo International Inc,6.62,,,,,,,finance-query,top_10,2026-09-19 16:48 UTC,ok
MJJ,TSX,MicroSectors Cannabis ETNs,Purpose Investments Inc.,ACB.TO,Aurora Cannabis Inc,6.61,,,,,,,finance-query,top_10,2026-09-19 16:48 UTC,ok
MJJ,TSX,MicroSectors Cannabis ETNs,Purpose Investments Inc.,PKI,PerkinElmer Inc,5.42,,,,,,,finance-query,top_10,2026-09-19 16:48 UTC,ok
MJJ,TSX,MicroSectors Cannabis ETNs,Purpose Investments Inc.,WAT,Waters Corp,4.89,,,,,,,finance-query,top_10,2026-09-19 16:48 UTC,ok
PSU.U,TSX,Purpose US Cash ETF,Purpose Investments Inc.,,,,,,,,,,finance-query,top_10,2026-09-19 16:48 UTC,no_holdings_found [PSU.U.TO:404 PSU-U.TO:200-no-holdings PSU.U:404]
BND,TSX,PURPOSE GLOBAL BOND FUND,Purpose Investments Inc.,FBTPU26,Long-Term Euro BTP Future Sept 26,9.4313,,,,,,,finance-query,top_10,2026-09-19 16:48 UTC,ok
BND,TSX,PURPOSE GLOBAL BOND FUND,Purpose Investments Inc.,FGBSU26,Euro Schatz Future Sept 26,3.3449,,,,,,,finance-query,top_10,2026-09-19 16:48 UTC,ok
BND,TSX,PURPOSE GLOBAL BOND FUND,Purpose Investments Inc.,FGBMU26,Euro Bobl Future Sept 26,2.6401,,,,,,,finance-query,top_10,2026-09-19 16:48 UTC,ok
BND,TSX,PURPOSE GLOBAL BOND FUND,Purpose Investments Inc.,FGBLU26,Euro Bund Future Sept 26,2.6027,,,,,,,finance-query,top_10,2026-09-19 16:48 UTC,ok
FLOT,TSX,PURPOSE FLOATING RATE INCOME FU,Purpose Investments Inc.,HYG,iShares iBoxx $ High Yield Corp Bd ETF,3.08,,,,,,,finance-query,top_10,2026-09-19 16:48 UTC,ok
FLOT,TSX,PURPOSE FLOATING RATE INCOME FU,Purpose Investments Inc.,,Galaxy XIV CLO Ltd. 6.18%,2.87,,,,,,,finance-query,top_10,2026-09-19 16:48 UTC,ok
FLOT,TSX,PURPOSE FLOATING RATE INCOME FU,Purpose Investments Inc.,,PPM Clo 2018 LTD 6.13%,2.83,,,,,,,finance-query,top_10,2026-09-19 16:48 UTC,ok
FLOT,TSX,PURPOSE FLOATING RATE INCOME FU,Purpose Investments Inc.,,Ocp 2018-15 6.04%,2.82,,,,,,,finance-query,top_10,2026-09-19 16:48 UTC,ok
FLOT,TSX,PURPOSE FLOATING RATE INCOME FU,Purpose Investments Inc.,,Trestles Clo II Ltd 2018-2 5.93%,2.82,,,,,,,finance-query,top_10,2026-09-19 16:48 UTC,ok
FLOT,TSX,PURPOSE FLOATING RATE INCOME FU,Purpose Investments Inc.,,Alinea Clo 2018-1 Ltd,2.8,,,,,,,finance-query,top_10,2026-09-19 16:48 UTC,ok
FLOT,TSX,PURPOSE FLOATING RATE INCOME FU,Purpose Investments Inc.,,Ticp Clo V 2016-1 Ltd/Llc 5.94%,2.8,,,,,,,finance-query,top_10,2026-09-19 16:48 UTC,ok
FLOT,TSX,PURPOSE FLOATING RATE INCOME FU,Purpose Investments Inc.,,Alinea Clo 2018-1 Lt 1X E Regs,2.76,,,,,,,finance-query,top_10,2026-09-19 16:48 UTC,ok
FLOT,TSX,PURPOSE FLOATING RATE INCOME FU,Purpose Investments Inc.,,Ares CLO Ltd. 5.88%,2.44,,,,,,,finance-query,top_10,2026-09-19 16:48 UTC,ok
FLOT,TSX,PURPOSE FLOATING RATE INCOME FU,Purpose Investments Inc.,,Apidos CLO XXIV,2.07,,,,,,,finance-query,top_10,2026-09-19 16:48 UTC,ok
FLOT.B,TSX,Purpose Floating Rate Income Fund— Non-FX Hedged,Purpose Investments Inc.,,,,,,,,,,finance-query,top_10,2026-09-19 16:48 UTC,no_holdings_found [FLOT.B.TO:404 FLOT-B.TO:200-no-holdings FLOT.B:404]
FLOT.U,TSX,PURPOSE FLOATING RATE INCOME FD,Purpose Investments Inc.,HYG,iShares iBoxx $ High Yield Corp Bd ETF,3.08,,,,,,,finance-query,top_10,2026-09-19 16:48 UTC,ok
FLOT.U,TSX,PURPOSE FLOATING RATE INCOME FD,Purpose Investments Inc.,,Galaxy XIV CLO Ltd. 6.18%,2.87,,,,,,,finance-query,top_10,2026-09-19 16:48 UTC,ok
FLOT.U,TSX,PURPOSE FLOATING RATE INCOME FD,Purpose Investments Inc.,,PPM Clo 2018 LTD 6.13%,2.83,,,,,,,finance-query,top_10,2026-09-19 16:48 UTC,ok
FLOT.U,TSX,PURPOSE FLOATING RATE INCOME FD,Purpose Investments Inc.,,Ocp 2018-15 6.04%,2.82,,,,,,,finance-query,top_10,2026-09-19 16:48 UTC,ok
FLOT.U,TSX,PURPOSE FLOATING RATE INCOME FD,Purpose Investments Inc.,,Trestles Clo II Ltd 2018-2 5.93%,2.82,,,,,,,finance-query,top_10,2026-09-19 16:48 UTC,ok
FLOT.U,TSX,PURPOSE FLOATING RATE INCOME FD,Purpose Investments Inc.,,Alinea Clo 2018-1 Ltd,2.8,,,,,,,finance-query,top_10,2026-09-19 16:48 UTC,ok
FLOT.U,TSX,PURPOSE FLOATING RATE INCOME FD,Purpose Investments Inc.,,Ticp Clo V 2016-1 Ltd/Llc 5.94%,2.8,,,,,,,finance-query,top_10,2026-09-19 16:48 UTC,ok
FLOT.U,TSX,PURPOSE FLOATING RATE INCOME FD,Purpose Investments Inc.,,Alinea Clo 2018-1 Lt 1X E Regs,2.76,,,,,,,finance-query,top_10,2026-09-19 16:48 UTC,ok
FLOT.U,TSX,PURPOSE FLOATING RATE INCOME FD,Purpose Investments Inc.,,Ares CLO Ltd. 5.88%,2.44,,,,,,,finance-query,top_10,2026-09-19 16:48 UTC,ok
FLOT.U,TSX,PURPOSE FLOATING RATE INCOME FD,Purpose Investments Inc.,,Apidos CLO XXIV,2.07,,,,,,,finance-query,top_10,2026-09-19 16:48 UTC,ok
IGB,TSX,PURPOSE GLOBAL BOND CLASS ETF,Purpose Investments Inc.,BND.TO,Purpose Global Bond ETF,3.792,,,,,,,finance-query,top_10,2026-09-19 16:48 UTC,ok
PBD,TSX,PURPOSE TOTAL RETURN BOND FUND ,Purpose Investments Inc.,HYG,iShares iBoxx $ High Yield Corp Bd ETF,65.4882,,,,,,,finance-query,top_10,2026-09-19 16:48 UTC,ok
PBD,TSX,PURPOSE TOTAL RETURN BOND FUND ,Purpose Investments Inc.,MNY.TO,Purpose Cash Management ETF,16.6993,,,,,,,finance-query,top_10,2026-09-19 16:48 UTC,ok
PBD,TSX,PURPOSE TOTAL RETURN BOND FUND ,Purpose Investments Inc.,IGB,Purpose Global Bond Class ETF,14.9757,,,,,,,finance-query,top_10,2026-09-19 16:48 UTC,ok
PBD,TSX,PURPOSE TOTAL RETURN BOND FUND ,Purpose Investments Inc.,ZFM.TO,BMO Mid Federal Bond ETF,1.2679,,,,,,,finance-query,top_10,2026-09-19 16:48 UTC,ok
PCF,TSX,Purpose Energy Credit Fund— FX Hedged,Purpose Investments Inc.,,,,,,,,,,finance-query,top_10,2026-09-19 16:48 UTC,no_holdings_found [PCF.TO:404 PCF:200-no-holdings]
SBND,TSX,PURPOSE SH DUR TACTICAL BD FD E,Purpose Investments Inc.,PSA.TO,Purpose High Interest Savings ETF,54.86,,,,,,,finance-query,top_10,2026-09-19 16:48 UTC,ok
SBND,TSX,PURPOSE SH DUR TACTICAL BD FD E,Purpose Investments Inc.,,Bank of Nova Scotia 3.04%,4.92,,,,,,,finance-query,top_10,2026-09-19 16:48 UTC,ok
SBND,TSX,PURPOSE SH DUR TACTICAL BD FD E,Purpose Investments Inc.,,Royal Bank of Canada 2.86%,4.0,,,,,,,finance-query,top_10,2026-09-19 16:48 UTC,ok
SBND,TSX,PURPOSE SH DUR TACTICAL BD FD E,Purpose Investments Inc.,,NOVA Gas Transmission Ltd 9.9%,3.77,,,,,,,finance-query,top_10,2026-09-19 16:48 UTC,ok
SBND,TSX,PURPOSE SH DUR TACTICAL BD FD E,Purpose Investments Inc.,,Royal Bank of Canada 2.33%,3.31,,,,,,,finance-query,top_10,2026-09-19 16:48 UTC,ok
SBND,TSX,PURPOSE SH DUR TACTICAL BD FD E,Purpose Investments Inc.,,"Brookfield Asset Management, Inc. 5.04%",3.04,,,,,,,finance-query,top_10,2026-09-19 16:48 UTC,ok
SBND,TSX,PURPOSE SH DUR TACTICAL BD FD E,Purpose Investments Inc.,,Hydro One Inc. 3.2%,3.03,,,,,,,finance-query,top_10,2026-09-19 16:48 UTC,ok
SBND,TSX,PURPOSE SH DUR TACTICAL BD FD E,Purpose Investments Inc.,,Bell Canada 3%,3.01,,,,,,,finance-query,top_10,2026-09-19 16:48 UTC,ok
SBND,TSX,PURPOSE SH DUR TACTICAL BD FD E,Purpose Investments Inc.,,Federation des Caisses Desjardins du Quebec 2.39%,2.95,,,,,,,finance-query,top_10,2026-09-19 16:48 UTC,ok
SBND,TSX,PURPOSE SH DUR TACTICAL BD FD E,Purpose Investments Inc.,,BHP Billiton Finance Ltd. 3.23%,2.84,,,,,,,finance-query,top_10,2026-09-19 16:48 UTC,ok
SYLD,TSX,Cambria Shareholder Yield ETF,Purpose Investments Inc.,FXFXX,First American Treasury Obligs X,2.1497,,,,,,,finance-query,top_10,2026-09-19 16:48 UTC,ok
SYLD,TSX,Cambria Shareholder Yield ETF,Purpose Investments Inc.,MAN,ManpowerGroup Inc,1.7735,,,,,,,finance-query,top_10,2026-09-19 16:48 UTC,ok
SYLD,TSX,Cambria Shareholder Yield ETF,Purpose Investments Inc.,ANF,Abercrombie & Fitch Co Class A,1.4699,,,,,,,finance-query,top_10,2026-09-19 16:48 UTC,ok
SYLD,TSX,Cambria Shareholder Yield ETF,Purpose Investments Inc.,DINO,HF Sinclair Corp,1.432,,,,,,,finance-query,top_10,2026-09-19 16:48 UTC,ok
SYLD,TSX,Cambria Shareholder Yield ETF,Purpose Investments Inc.,RHI,Robert Half Inc,1.4162,,,,,,,finance-query,top_10,2026-09-19 16:48 UTC,ok
SYLD,TSX,Cambria Shareholder Yield ETF,Purpose Investments Inc.,MPC,Marathon Petroleum Corp,1.3851,,,,,,,finance-query,top_10,2026-09-19 16:48 UTC,ok
SYLD,TSX,Cambria Shareholder Yield ETF,Purpose Investments Inc.,VLO,Valero Energy Corp,1.3622,,,,,,,finance-query,top_10,2026-09-19 16:48 UTC,ok
SYLD,TSX,Cambria Shareholder Yield ETF,Purpose Investments Inc.,THC,Tenet Healthcare Corp,1.3348,,,,,,,finance-query,top_10,2026-09-19 16:48 UTC,ok
SYLD,TSX,Cambria Shareholder Yield ETF,Purpose Investments Inc.,HRB,H&R Block Inc,1.2891,,,,,,,finance-query,top_10,2026-09-19 16:48 UTC,ok
SYLD,TSX,Cambria Shareholder Yield ETF,Purpose Investments Inc.,FOXA,Fox Corp Class A,1.2266,,,,,,,finance-query,top_10,2026-09-19 16:48 UTC,ok
BNC,TSX,PURPOSE CDN FINANCIAL INCOME FU,Purpose Investments Inc.,BNS.TO,Bank of Nova Scotia,12.0882,,,,,,,finance-query,top_10,2026-09-19 16:48 UTC,ok
BNC,TSX,PURPOSE CDN FINANCIAL INCOME FU,Purpose Investments Inc.,TD,The Toronto-Dominion Bank,11.6545,,,,,,,finance-query,top_10,2026-09-19 16:48 UTC,ok
BNC,TSX,PURPOSE CDN FINANCIAL INCOME FU,Purpose Investments Inc.,RY,Royal Bank of Canada,11.3039,,,,,,,finance-query,top_10,2026-09-19 16:48 UTC,ok
BNC,TSX,PURPOSE CDN FINANCIAL INCOME FU,Purpose Investments Inc.,CM.TO,Canadian Imperial Bank of Commerce,11.209,,,,,,,finance-query,top_10,2026-09-19 16:48 UTC,ok
BNC,TSX,PURPOSE CDN FINANCIAL INCOME FU,Purpose Investments Inc.,BMO.TO,Bank of Montreal,11.1367,,,,,,,finance-query,top_10,2026-09-19 16:48 UTC,ok
BNC,TSX,PURPOSE CDN FINANCIAL INCOME FU,Purpose Investments Inc.,NA.TO,National Bank of Canada,11.0146,,,,,,,finance-query,top_10,2026-09-19 16:48 UTC,ok
BNC,TSX,PURPOSE CDN FINANCIAL INCOME FU,Purpose Investments Inc.,MFC.TO,Manulife Financial Corp,7.7346,,,,,,,finance-query,top_10,2026-09-19 16:48 UTC,ok
BNC,TSX,PURPOSE CDN FINANCIAL INCOME FU,Purpose Investments Inc.,IAG.TO,iA Financial Corp Inc,7.4528,,,,,,,finance-query,top_10,2026-09-19 16:48 UTC,ok
BNC,TSX,PURPOSE CDN FINANCIAL INCOME FU,Purpose Investments Inc.,GWO.TO,Great-West Lifeco Inc,7.4372,,,,,,,finance-query,top_10,2026-09-19 16:48 UTC,ok
BNC,TSX,PURPOSE CDN FINANCIAL INCOME FU,Purpose Investments Inc.,SLF.TO,Sun Life Financial Inc,7.4169,,,,,,,finance-query,top_10,2026-09-19 16:48 UTC,ok
PDF,TSX,PURPOSE CORE DIVIDEND FUND ETF,Purpose Investments Inc.,TD,The Toronto-Dominion Bank,6.5691,,,,,,,finance-query,top_10,2026-09-19 16:48 UTC,ok
PDF,TSX,PURPOSE CORE DIVIDEND FUND ETF,Purpose Investments Inc.,BNS.TO,Bank of Nova Scotia,5.7149,,,,,,,finance-query,top_10,2026-09-19 16:48 UTC,ok
PDF,TSX,PURPOSE CORE DIVIDEND FUND ETF,Purpose Investments Inc.,RY,Royal Bank of Canada,5.1772,,,,,,,finance-query,top_10,2026-09-19 16:48 UTC,ok
PDF,TSX,PURPOSE CORE DIVIDEND FUND ETF,Purpose Investments Inc.,CM.TO,Canadian Imperial Bank of Commerce,4.7182,,,,,,,finance-query,top_10,2026-09-19 16:48 UTC,ok
PDF,TSX,PURPOSE CORE DIVIDEND FUND ETF,Purpose Investments Inc.,MFC.TO,Manulife Financial Corp,4.3659,,,,,,,finance-query,top_10,2026-09-19 16:48 UTC,ok
PDF,TSX,PURPOSE CORE DIVIDEND FUND ETF,Purpose Investments Inc.,ENB.TO,Enbridge Inc,3.9843,,,,,,,finance-query,top_10,2026-09-19 16:48 UTC,ok
PDF,TSX,PURPOSE CORE DIVIDEND FUND ETF,Purpose Investments Inc.,POW.TO,Power Corporation of Canada Shs Subord.Voting,3.5028,,,,,,,finance-query,top_10,2026-09-19 16:48 UTC,ok
PDF,TSX,PURPOSE CORE DIVIDEND FUND ETF,Purpose Investments Inc.,TRP.TO,TC Energy Corp,3.2009,,,,,,,finance-query,top_10,2026-09-19 16:48 UTC,ok
PDF,TSX,PURPOSE CORE DIVIDEND FUND ETF,Purpose Investments Inc.,WCP.TO,Whitecap Resources Inc,3.0284,,,,,,,finance-query,top_10,2026-09-19 16:48 UTC,ok
PDF,TSX,PURPOSE CORE DIVIDEND FUND ETF,Purpose Investments Inc.,BMO.TO,Bank of Montreal,2.8756,,,,,,,finance-query,top_10,2026-09-19 16:48 UTC,ok
PDIV,TSX,PURPOSE ENHANCED DIVIDEND FUND ,Purpose Investments Inc.,MNY.TO,Purpose Cash Management ETF,17.7604,,,,,,,finance-query,top_10,2026-09-19 16:48 UTC,ok
PDIV,TSX,PURPOSE ENHANCED DIVIDEND FUND ,Purpose Investments Inc.,TD,The Toronto-Dominion Bank,5.2018,,,,,,,finance-query,top_10,2026-09-19 16:48 UTC,ok
PDIV,TSX,PURPOSE ENHANCED DIVIDEND FUND ,Purpose Investments Inc.,BNS.TO,Bank of Nova Scotia,4.3023,,,,,,,finance-query,top_10,2026-09-19 16:48 UTC,ok
PDIV,TSX,PURPOSE ENHANCED DIVIDEND FUND ,Purpose Investments Inc.,RY,Royal Bank of Canada,4.0091,,,,,,,finance-query,top_10,2026-09-19 16:48 UTC,ok
PDIV,TSX,PURPOSE ENHANCED DIVIDEND FUND ,Purpose Investments Inc.,CM.TO,Canadian Imperial Bank of Commerce,3.5575,,,,,,,finance-query,top_10,2026-09-19 16:48 UTC,ok
PDIV,TSX,PURPOSE ENHANCED DIVIDEND FUND ,Purpose Investments Inc.,MFC.TO,Manulife Financial Corp,3.2666,,,,,,,finance-query,top_10,2026-09-19 16:48 UTC,ok
PDIV,TSX,PURPOSE ENHANCED DIVIDEND FUND ,Purpose Investments Inc.,ENB.TO,Enbridge Inc,3.1771,,,,,,,finance-query,top_10,2026-09-19 16:48 UTC,ok
PDIV,TSX,PURPOSE ENHANCED DIVIDEND FUND ,Purpose Investments Inc.,POW.TO,Power Corporation of Canada Shs Subord.Voting,2.6434,,,,,,,finance-query,top_10,2026-09-19 16:48 UTC,ok
PDIV,TSX,PURPOSE ENHANCED DIVIDEND FUND ,Purpose Investments Inc.,TRP.TO,TC Energy Corp,2.4157,,,,,,,finance-query,top_10,2026-09-19 16:48 UTC,ok
PDIV,TSX,PURPOSE ENHANCED DIVIDEND FUND ,Purpose Investments Inc.,NVDA,NVIDIA Corp,2.3756,,,,,,,finance-query,top_10,2026-09-19 16:48 UTC,ok
PFG,TSX,PURPOSE GLOBAL FINANCIALS INCOM,Purpose Investments Inc.,CBA.AX,Commonwealth Bank of Australia,12.88,,,,,,,finance-query,top_10,2026-09-19 16:48 UTC,ok
PFG,TSX,PURPOSE GLOBAL FINANCIALS INCOM,Purpose Investments Inc.,NAB.AX,National Australia Bank Ltd,11.39,,,,,,,finance-query,top_10,2026-09-19 16:48 UTC,ok
PFG,TSX,PURPOSE GLOBAL FINANCIALS INCOM,Purpose Investments Inc.,ANZ.AX,Australia and New Zealand Banking Group Ltd,10.44,,,,,,,finance-query,top_10,2026-09-19 16:48 UTC,ok
PFG,TSX,PURPOSE GLOBAL FINANCIALS INCOM,Purpose Investments Inc.,WBC.AX,Westpac Banking Corp,9.87,,,,,,,finance-query,top_10,2026-09-19 16:48 UTC,ok
PFG,TSX,PURPOSE GLOBAL FINANCIALS INCOM,Purpose Investments Inc.,MQG.AX,Macquarie Group Ltd,8.52,,,,,,,finance-query,top_10,2026-09-19 16:48 UTC,ok
PFG,TSX,PURPOSE GLOBAL FINANCIALS INCOM,Purpose Investments Inc.,STAN.L,Standard Chartered PLC,4.22,,,,,,,finance-query,top_10,2026-09-19 16:48 UTC,ok
PFG,TSX,PURPOSE GLOBAL FINANCIALS INCOM,Purpose Investments Inc.,BARC.L,Barclays PLC,3.45,,,,,,,finance-query,top_10,2026-09-19 16:48 UTC,ok
PFG,TSX,PURPOSE GLOBAL FINANCIALS INCOM,Purpose Investments Inc.,HSBA.L,HSBC Holdings PLC,3.38,,,,,,,finance-query,top_10,2026-09-19 16:48 UTC,ok
PFG,TSX,PURPOSE GLOBAL FINANCIALS INCOM,Purpose Investments Inc.,LLOY.L,Lloyds Banking Group PLC,3.24,,,,,,,finance-query,top_10,2026-09-19 16:48 UTC,ok
PFG,TSX,PURPOSE GLOBAL FINANCIALS INCOM,Purpose Investments Inc.,TFSL,TFS Financial Corp,2.77,,,,,,,finance-query,top_10,2026-09-19 16:48 UTC,ok
PID,TSX,PURPOSE INTL DIVIDEND FUND,Purpose Investments Inc.,BHP.AX,BHP Group Ltd,3.2602,,,,,,,finance-query,top_10,2026-09-19 16:48 UTC,ok
PID,TSX,PURPOSE INTL DIVIDEND FUND,Purpose Investments Inc.,ISP.MI,Intesa Sanpaolo,3.0881,,,,,,,finance-query,top_10,2026-09-19 16:48 UTC,ok
PID,TSX,PURPOSE INTL DIVIDEND FUND,Purpose Investments Inc.,TTE.PA,TotalEnergies SE,2.974,,,,,,,finance-query,top_10,2026-09-19 16:48 UTC,ok
PID,TSX,PURPOSE INTL DIVIDEND FUND,Purpose Investments Inc.,ALV.DE,Allianz SE,2.8705,,,,,,,finance-query,top_10,2026-09-19 16:48 UTC,ok
PID,TSX,PURPOSE INTL DIVIDEND FUND,Purpose Investments Inc.,INGA.AS,ING Groep NV,2.7759,,,,,,,finance-query,top_10,2026-09-19 16:48 UTC,ok
PID,TSX,PURPOSE INTL DIVIDEND FUND,Purpose Investments Inc.,NOVN.SW,Novartis AG Registered Shares,2.756,,,,,,,finance-query,top_10,2026-09-19 16:48 UTC,ok
PID,TSX,PURPOSE INTL DIVIDEND FUND,Purpose Investments Inc.,BBVA.MC,Banco Bilbao Vizcaya Argentaria SA,2.6921,,,,,,,finance-query,top_10,2026-09-19 16:48 UTC,ok
PID,TSX,PURPOSE INTL DIVIDEND FUND,Purpose Investments Inc.,SHEL.L,Shell PLC,2.5367,,,,,,,finance-query,top_10,2026-09-19 16:48 UTC,ok
PID,TSX,PURPOSE INTL DIVIDEND FUND,Purpose Investments Inc.,ENEL.MI,Enel SpA,2.3328,,,,,,,finance-query,top_10,2026-09-19 16:48 UTC,ok
PID,TSX,PURPOSE INTL DIVIDEND FUND,Purpose Investments Inc.,CS.PA,AXA SA,2.2509,,,,,,,finance-query,top_10,2026-09-19 16:48 UTC,ok
PUD,TSX,PURPOSE US DIVIDEND FUND ETF,Purpose Investments Inc.,AVGO,Broadcom Inc,3.2169,,,,,,,finance-query,top_10,2026-09-19 16:48 UTC,ok
PUD,TSX,PURPOSE US DIVIDEND FUND ETF,Purpose Investments Inc.,TXN,Texas Instruments Inc,2.8508,,,,,,,finance-query,top_10,2026-09-19 16:48 UTC,ok
PUD,TSX,PURPOSE US DIVIDEND FUND ETF,Purpose Investments Inc.,CVX,Chevron Corp,2.7795,,,,,,,finance-query,top_10,2026-09-19 16:48 UTC,ok
PUD,TSX,PURPOSE US DIVIDEND FUND ETF,Purpose Investments Inc.,KO,Coca-Cola Co,2.7067,,,,,,,finance-query,top_10,2026-09-19 16:48 UTC,ok
PUD,TSX,PURPOSE US DIVIDEND FUND ETF,Purpose Investments Inc.,C,Citigroup Inc,2.6313,,,,,,,finance-query,top_10,2026-09-19 16:48 UTC,ok
PUD,TSX,PURPOSE US DIVIDEND FUND ETF,Purpose Investments Inc.,ABBV,AbbVie Inc,2.4992,,,,,,,finance-query,top_10,2026-09-19 16:48 UTC,ok
PUD,TSX,PURPOSE US DIVIDEND FUND ETF,Purpose Investments Inc.,LMT,Lockheed Martin Corp,2.4679,,,,,,,finance-query,top_10,2026-09-19 16:48 UTC,ok
PUD,TSX,PURPOSE US DIVIDEND FUND ETF,Purpose Investments Inc.,MPC,Marathon Petroleum Corp,2.4602,,,,,,,finance-query,top_10,2026-09-19 16:48 UTC,ok
PUD,TSX,PURPOSE US DIVIDEND FUND ETF,Purpose Investments Inc.,PG,Procter & Gamble Co,2.4386,,,,,,,finance-query,top_10,2026-09-19 16:48 UTC,ok
PUD,TSX,PURPOSE US DIVIDEND FUND ETF,Purpose Investments Inc.,T,AT&T Inc,2.3849,,,,,,,finance-query,top_10,2026-09-19 16:48 UTC,ok
PUD.B,TSX,PURPOSE US DIVIDEND FUND ETF NC,Purpose Investments Inc.,AVGO,Broadcom Inc,3.203,,,,,,,finance-query,top_10,2026-09-19 16:48 UTC,ok
PUD.B,TSX,PURPOSE US DIVIDEND FUND ETF NC,Purpose Investments Inc.,TXN,Texas Instruments Inc,2.8368,,,,,,,finance-query,top_10,2026-09-19 16:48 UTC,ok
PUD.B,TSX,PURPOSE US DIVIDEND FUND ETF NC,Purpose Investments Inc.,CVX,Chevron Corp,2.7704,,,,,,,finance-query,top_10,2026-09-19 16:48 UTC,ok
PUD.B,TSX,PURPOSE US DIVIDEND FUND ETF NC,Purpose Investments Inc.,KO,Coca-Cola Co,2.6987,,,,,,,finance-query,top_10,2026-09-19 16:48 UTC,ok
PUD.B,TSX,PURPOSE US DIVIDEND FUND ETF NC,Purpose Investments Inc.,C,Citigroup Inc,2.6229,,,,,,,finance-query,top_10,2026-09-19 16:48 UTC,ok
PUD.B,TSX,PURPOSE US DIVIDEND FUND ETF NC,Purpose Investments Inc.,ABBV,AbbVie Inc,2.4956,,,,,,,finance-query,top_10,2026-09-19 16:48 UTC,ok
PUD.B,TSX,PURPOSE US DIVIDEND FUND ETF NC,Purpose Investments Inc.,LMT,Lockheed Martin Corp,2.4649,,,,,,,finance-query,top_10,2026-09-19 16:48 UTC,ok
PUD.B,TSX,PURPOSE US DIVIDEND FUND ETF NC,Purpose Investments Inc.,MPC,Marathon Petroleum Corp,2.4578,,,,,,,finance-query,top_10,2026-09-19 16:48 UTC,ok
PUD.B,TSX,PURPOSE US DIVIDEND FUND ETF NC,Purpose Investments Inc.,PG,Procter & Gamble Co,2.436,,,,,,,finance-query,top_10,2026-09-19 16:48 UTC,ok
PUD.B,TSX,PURPOSE US DIVIDEND FUND ETF NC,Purpose Investments Inc.,T,AT&T Inc,2.378,,,,,,,finance-query,top_10,2026-09-19 16:48 UTC,ok
PIN,TSX,PURPOSE MONTHLY INCOME FUND ETF,Purpose Investments Inc.,HYG,iShares iBoxx $ High Yield Corp Bd ETF,21.4547,,,,,,,finance-query,top_10,2026-09-19 16:48 UTC,ok
PIN,TSX,PURPOSE MONTHLY INCOME FUND ETF,Purpose Investments Inc.,IGB,Purpose Global Bond Class ETF,14.2554,,,,,,,finance-query,top_10,2026-09-19 16:48 UTC,ok
PIN,TSX,PURPOSE MONTHLY INCOME FUND ETF,Purpose Investments Inc.,PID.TO,Purpose International Dividend ETF,7.2452,,,,,,,finance-query,top_10,2026-09-19 16:48 UTC,ok
PIN,TSX,PURPOSE MONTHLY INCOME FUND ETF,Purpose Investments Inc.,MNY.TO,Purpose Cash Management ETF,7.1613,,,,,,,finance-query,top_10,2026-09-19 16:48 UTC,ok
PIN,TSX,PURPOSE MONTHLY INCOME FUND ETF,Purpose Investments Inc.,ZFM.TO,BMO Mid Federal Bond ETF,2.6007,,,,,,,finance-query,top_10,2026-09-19 16:48 UTC,ok
PIN,TSX,PURPOSE MONTHLY INCOME FUND ETF,Purpose Investments Inc.,REM.NE,Purpose Emerging Markets Dividend ETF,1.9412,,,,,,,finance-query,top_10,2026-09-19 16:48 UTC,ok
PIN,TSX,PURPOSE MONTHLY INCOME FUND ETF,Purpose Investments Inc.,PYF.TO,Purpose Premium Yield ETF,1.9274,,,,,,,finance-query,top_10,2026-09-19 16:48 UTC,ok
PIN,TSX,PURPOSE MONTHLY INCOME FUND ETF,Purpose Investments Inc.,ZCM.TO,BMO Mid Corporate Bond ETF,1.7602,,,,,,,finance-query,top_10,2026-09-19 16:48 UTC,ok
PIN,TSX,PURPOSE MONTHLY INCOME FUND ETF,Purpose Investments Inc.,KILO-B.TO,Purpose Gold Bullion Non-FX Hedged,1.7565,,,,,,,finance-query,top_10,2026-09-19 16:48 UTC,ok
PIN,TSX,PURPOSE MONTHLY INCOME FUND ETF,Purpose Investments Inc.,TD,The Toronto-Dominion Bank,1.557,,,,,,,finance-query,top_10,2026-09-19 16:48 UTC,ok
PINC,TSX,PURPOSE MULTI ASSET INCOME FUND,Purpose Investments Inc.,PID.TO,Purpose International Dividend ETF,6.6632,,,,,,,finance-query,top_10,2026-09-19 16:48 UTC,ok
PINC,TSX,PURPOSE MULTI ASSET INCOME FUND,Purpose Investments Inc.,SYLD.TO,Purpose Strategic Yield ETF,5.8608,,,,,,,finance-query,top_10,2026-09-19 16:48 UTC,ok
PINC,TSX,PURPOSE MULTI ASSET INCOME FUND,Purpose Investments Inc.,RPS.NE,Purpose Canadian Preferred Share ETF,2.704,,,,,,,finance-query,top_10,2026-09-19 16:48 UTC,ok
PINC,TSX,PURPOSE MULTI ASSET INCOME FUND,Purpose Investments Inc.,GEI.TO,Gibson Energy Inc,2.6677,,,,,,,finance-query,top_10,2026-09-19 16:48 UTC,ok
PINC,TSX,PURPOSE MULTI ASSET INCOME FUND,Purpose Investments Inc.,BCE.TO,BCE Inc,2.623,,,,,,,finance-query,top_10,2026-09-19 16:48 UTC,ok
PINC,TSX,PURPOSE MULTI ASSET INCOME FUND,Purpose Investments Inc.,TD,The Toronto-Dominion Bank,2.61,,,,,,,finance-query,top_10,2026-09-19 16:48 UTC,ok
PINC,TSX,PURPOSE MULTI ASSET INCOME FUND,Purpose Investments Inc.,DFY.TO,Definity Financial Corp,2.5054,,,,,,,finance-query,top_10,2026-09-19 16:48 UTC,ok
PINC,TSX,PURPOSE MULTI ASSET INCOME FUND,Purpose Investments Inc.,TRP.TO,TC Energy Corp,2.4872,,,,,,,finance-query,top_10,2026-09-19 16:48 UTC,ok
PRP,TSX,PURPOSE CONSERVATIVE INCOME FUN,Purpose Investments Inc.,IGB,Purpose Global Bond Class ETF,21.7185,,,,,,,finance-query,top_10,2026-09-19 16:48 UTC,ok
PRP,TSX,PURPOSE CONSERVATIVE INCOME FUN,Purpose Investments Inc.,HYG,iShares iBoxx $ High Yield Corp Bd ETF,15.7796,,,,,,,finance-query,top_10,2026-09-19 16:48 UTC,ok
PRP,TSX,PURPOSE CONSERVATIVE INCOME FUN,Purpose Investments Inc.,MNY.TO,Purpose Cash Management ETF,4.1935,,,,,,,finance-query,top_10,2026-09-19 16:48 UTC,ok
PRP,TSX,PURPOSE CONSERVATIVE INCOME FUN,Purpose Investments Inc.,TLT,iShares 20+ Year Treasury Bond ETF,3.757,,,,,,,finance-query,top_10,2026-09-19 16:48 UTC,ok
PRP,TSX,PURPOSE CONSERVATIVE INCOME FUN,Purpose Investments Inc.,ZFM.TO,BMO Mid Federal Bond ETF,1.916,,,,,,,finance-query,top_10,2026-09-19 16:48 UTC,ok
PRP,TSX,PURPOSE CONSERVATIVE INCOME FUN,Purpose Investments Inc.,TD,The Toronto-Dominion Bank,1.6447,,,,,,,finance-query,top_10,2026-09-19 16:48 UTC,ok
PRP,TSX,PURPOSE CONSERVATIVE INCOME FUN,Purpose Investments Inc.,BNS.TO,Bank of Nova Scotia,1.4309,,,,,,,finance-query,top_10,2026-09-19 16:48 UTC,ok
PRP,TSX,PURPOSE CONSERVATIVE INCOME FUN,Purpose Investments Inc.,ZCM.TO,BMO Mid Corporate Bond ETF,1.2969,,,,,,,finance-query,top_10,2026-09-19 16:48 UTC,ok
PRP,TSX,PURPOSE CONSERVATIVE INCOME FUN,Purpose Investments Inc.,RY,Royal Bank of Canada,1.2967,,,,,,,finance-query,top_10,2026-09-19 16:48 UTC,ok
PRP,TSX,PURPOSE CONSERVATIVE INCOME FUN,Purpose Investments Inc.,CM.TO,Canadian Imperial Bank of Commerce,1.1811,,,,,,,finance-query,top_10,2026-09-19 16:48 UTC,ok
PBI,TSX,PURPOSE BEST IDEAS FUND ETF,Purpose Investments Inc.,ILMN,Illumina Inc,4.5166,,,,,,,finance-query,top_10,2026-09-19 16:49 UTC,ok
PBI,TSX,PURPOSE BEST IDEAS FUND ETF,Purpose Investments Inc.,DASH,DoorDash Inc Ordinary Shares - Class A,4.4363,,,,,,,finance-query,top_10,2026-09-19 16:49 UTC,ok
PBI,TSX,PURPOSE BEST IDEAS FUND ETF,Purpose Investments Inc.,TMO,Thermo Fisher Scientific Inc,4.2042,,,,,,,finance-query,top_10,2026-09-19 16:49 UTC,ok
PBI,TSX,PURPOSE BEST IDEAS FUND ETF,Purpose Investments Inc.,DHR,Danaher Corp,3.7557,,,,,,,finance-query,top_10,2026-09-19 16:49 UTC,ok
PBI,TSX,PURPOSE BEST IDEAS FUND ETF,Purpose Investments Inc.,MSFT,Microsoft Corp,3.71,,,,,,,finance-query,top_10,2026-09-19 16:49 UTC,ok
PBI,TSX,PURPOSE BEST IDEAS FUND ETF,Purpose Investments Inc.,XYZ,Block Inc Class A,3.6699,,,,,,,finance-query,top_10,2026-09-19 16:49 UTC,ok
PBI,TSX,PURPOSE BEST IDEAS FUND ETF,Purpose Investments Inc.,MA,Mastercard Inc Class A,3.609,,,,,,,finance-query,top_10,2026-09-19 16:49 UTC,ok
PBI,TSX,PURPOSE BEST IDEAS FUND ETF,Purpose Investments Inc.,MELI,MercadoLibre Inc,3.5346,,,,,,,finance-query,top_10,2026-09-19 16:49 UTC,ok
PBI,TSX,PURPOSE BEST IDEAS FUND ETF,Purpose Investments Inc.,V,Visa Inc Class A,3.5122,,,,,,,finance-query,top_10,2026-09-19 16:49 UTC,ok
PBI,TSX,PURPOSE BEST IDEAS FUND ETF,Purpose Investments Inc.,NU,Nu Holdings Ltd Ordinary Shares Class A,3.3926,,,,,,,finance-query,top_10,2026-09-19 16:49 UTC,ok
PBI.B,TSX,PURPOSE BEST IDEAS FUND NON HDG,Purpose Investments Inc.,ILMN,Illumina Inc,4.5824,,,,,,,finance-query,top_10,2026-09-19 16:49 UTC,ok
PBI.B,TSX,PURPOSE BEST IDEAS FUND NON HDG,Purpose Investments Inc.,DASH,DoorDash Inc Ordinary Shares - Class A,4.5016,,,,,,,finance-query,top_10,2026-09-19 16:49 UTC,ok
PBI.B,TSX,PURPOSE BEST IDEAS FUND NON HDG,Purpose Investments Inc.,TMO,Thermo Fisher Scientific Inc,4.2643,,,,,,,finance-query,top_10,2026-09-19 16:49 UTC,ok
PBI.B,TSX,PURPOSE BEST IDEAS FUND NON HDG,Purpose Investments Inc.,DHR,Danaher Corp,3.8123,,,,,,,finance-query,top_10,2026-09-19 16:49 UTC,ok
PBI.B,TSX,PURPOSE BEST IDEAS FUND NON HDG,Purpose Investments Inc.,MSFT,Microsoft Corp,3.7644,,,,,,,finance-query,top_10,2026-09-19 16:49 UTC,ok
PBI.B,TSX,PURPOSE BEST IDEAS FUND NON HDG,Purpose Investments Inc.,XYZ,Block Inc Class A,3.732,,,,,,,finance-query,top_10,2026-09-19 16:49 UTC,ok
PBI.B,TSX,PURPOSE BEST IDEAS FUND NON HDG,Purpose Investments Inc.,MA,Mastercard Inc Class A,3.665,,,,,,,finance-query,top_10,2026-09-19 16:49 UTC,ok
PBI.B,TSX,PURPOSE BEST IDEAS FUND NON HDG,Purpose Investments Inc.,MELI,MercadoLibre Inc,3.5864,,,,,,,finance-query,top_10,2026-09-19 16:49 UTC,ok
PBI.B,TSX,PURPOSE BEST IDEAS FUND NON HDG,Purpose Investments Inc.,V,Visa Inc Class A,3.5662,,,,,,,finance-query,top_10,2026-09-19 16:49 UTC,ok
PBI.B,TSX,PURPOSE BEST IDEAS FUND NON HDG,Purpose Investments Inc.,NU,Nu Holdings Ltd Ordinary Shares Class A,3.4454,,,,,,,finance-query,top_10,2026-09-19 16:49 UTC,ok
PINV,TSX,PURPOSE GLOBAL INNOVATORS FUND,Purpose Investments Inc.,SNOW,Snowflake Inc Ordinary Shares,5.189,,,,,,,finance-query,top_10,2026-09-19 16:49 UTC,ok
PINV,TSX,PURPOSE GLOBAL INNOVATORS FUND,Purpose Investments Inc.,AMD,Advanced Micro Devices Inc,5.0114,,,,,,,finance-query,top_10,2026-09-19 16:49 UTC,ok
PINV,TSX,PURPOSE GLOBAL INNOVATORS FUND,Purpose Investments Inc.,TSM,Taiwan Semiconductor Manufacturing Co Ltd ADR,4.9418,,,,,,,finance-query,top_10,2026-09-19 16:49 UTC,ok
PINV,TSX,PURPOSE GLOBAL INNOVATORS FUND,Purpose Investments Inc.,MNU.U,Purpose USD Cash Management ETF,4.8438,,,,,,,finance-query,top_10,2026-09-19 16:49 UTC,ok
PINV,TSX,PURPOSE GLOBAL INNOVATORS FUND,Purpose Investments Inc.,PLTR,Palantir Technologies Inc Ordinary Shares - Class A,4.0852,,,,,,,finance-query,top_10,2026-09-19 16:49 UTC,ok
PINV,TSX,PURPOSE GLOBAL INNOVATORS FUND,Purpose Investments Inc.,MU,Micron Technology Inc,3.9027,,,,,,,finance-query,top_10,2026-09-19 16:49 UTC,ok
PINV,TSX,PURPOSE GLOBAL INNOVATORS FUND,Purpose Investments Inc.,NBIS,Nebius Group NV Shs Class-A-,3.8763,,,,,,,finance-query,top_10,2026-09-19 16:49 UTC,ok
PINV,TSX,PURPOSE GLOBAL INNOVATORS FUND,Purpose Investments Inc.,MDB,MongoDB Inc Class A,3.691,,,,,,,finance-query,top_10,2026-09-19 16:49 UTC,ok
PINV,TSX,PURPOSE GLOBAL INNOVATORS FUND,Purpose Investments Inc.,GOOGL,Alphabet Inc Class A,3.5342,,,,,,,finance-query,top_10,2026-09-19 16:49 UTC,ok
PINV,TSX,PURPOSE GLOBAL INNOVATORS FUND,Purpose Investments Inc.,NVDA,NVIDIA Corp,3.0418,,,,,,,finance-query,top_10,2026-09-19 16:49 UTC,ok
KILO,TSX,Purpose Gold Bullion Fund — FX Hedged,Purpose Investments Inc.,,,,,,,,,,finance-query,top_10,2026-09-19 16:49 UTC,no_holdings_found [KILO.TO:200-no-holdings KILO:404]
KILO.B,TSX,Purpose Gold Bullion Fund— Non-FX Hedged,Purpose Investments Inc.,,,,,,,,,,finance-query,top_10,2026-09-19 16:49 UTC,no_holdings_found [KILO.B.TO:404 KILO-B.TO:200-no-holdings KILO.B:404]
KILO.U,TSX,Purpose Gold Bullion Fund — USD,Purpose Investments Inc.,,,,,,,,,,finance-query,top_10,2026-09-19 16:49 UTC,no_holdings_found [KILO.U.TO:404 KILO-U.TO:200-no-holdings KILO.U:404]
PEU,TSX,PURPOSE ENHANCED US EQUITY FUND,Purpose Investments Inc.,,Cibc Leverage (Usd),29.16,,,,,,,finance-query,top_10,2026-09-19 16:49 UTC,ok
PEU,TSX,PURPOSE ENHANCED US EQUITY FUND,Purpose Investments Inc.,AAPL,Apple Inc,5.56,,,,,,,finance-query,top_10,2026-09-19 16:49 UTC,ok
PEU,TSX,PURPOSE ENHANCED US EQUITY FUND,Purpose Investments Inc.,MSFT,Microsoft Corp,5.25,,,,,,,finance-query,top_10,2026-09-19 16:49 UTC,ok
PEU,TSX,PURPOSE ENHANCED US EQUITY FUND,Purpose Investments Inc.,AMZN,Amazon.com Inc,4.04,,,,,,,finance-query,top_10,2026-09-19 16:49 UTC,ok
PEU,TSX,PURPOSE ENHANCED US EQUITY FUND,Purpose Investments Inc.,JNJ,Johnson & Johnson,2.85,,,,,,,finance-query,top_10,2026-09-19 16:49 UTC,ok
PEU,TSX,PURPOSE ENHANCED US EQUITY FUND,Purpose Investments Inc.,PG,Procter & Gamble Co,2.63,,,,,,,finance-query,top_10,2026-09-19 16:49 UTC,ok
PEU,TSX,PURPOSE ENHANCED US EQUITY FUND,Purpose Investments Inc.,HD,The Home Depot Inc,2.45,,,,,,,finance-query,top_10,2026-09-19 16:49 UTC,ok
PEU,TSX,PURPOSE ENHANCED US EQUITY FUND,Purpose Investments Inc.,CMCSA,Comcast Corp Class A,2.43,,,,,,,finance-query,top_10,2026-09-19 16:49 UTC,ok
PEU,TSX,PURPOSE ENHANCED US EQUITY FUND,Purpose Investments Inc.,MCD,McDonald's Corp,2.3,,,,,,,finance-query,top_10,2026-09-19 16:49 UTC,ok
PEU,TSX,PURPOSE ENHANCED US EQUITY FUND,Purpose Investments Inc.,CSCO,Cisco Systems Inc,2.29,,,,,,,finance-query,top_10,2026-09-19 16:49 UTC,ok
PEU.B,TSX,PURPOSE ENHANCED US EQUITY FD N,Purpose Investments Inc.,AAPL,Apple Inc,5.49,,,,,,,finance-query,top_10,2026-09-19 16:49 UTC,ok
PEU.B,TSX,PURPOSE ENHANCED US EQUITY FD N,Purpose Investments Inc.,MSFT,Microsoft Corp,5.16,,,,,,,finance-query,top_10,2026-09-19 16:49 UTC,ok
PEU.B,TSX,PURPOSE ENHANCED US EQUITY FD N,Purpose Investments Inc.,AMZN,Amazon.com Inc,4.06,,,,,,,finance-query,top_10,2026-09-19 16:49 UTC,ok
PEU.B,TSX,PURPOSE ENHANCED US EQUITY FD N,Purpose Investments Inc.,JNJ,Johnson & Johnson,2.82,,,,,,,finance-query,top_10,2026-09-19 16:49 UTC,ok
PEU.B,TSX,PURPOSE ENHANCED US EQUITY FD N,Purpose Investments Inc.,PG,Procter & Gamble Co,2.59,,,,,,,finance-query,top_10,2026-09-19 16:49 UTC,ok
PEU.B,TSX,PURPOSE ENHANCED US EQUITY FD N,Purpose Investments Inc.,CMCSA,Comcast Corp Class A,2.4,,,,,,,finance-query,top_10,2026-09-19 16:49 UTC,ok
PEU.B,TSX,PURPOSE ENHANCED US EQUITY FD N,Purpose Investments Inc.,HD,The Home Depot Inc,2.4,,,,,,,finance-query,top_10,2026-09-19 16:49 UTC,ok
PEU.B,TSX,PURPOSE ENHANCED US EQUITY FD N,Purpose Investments Inc.,MCD,McDonald's Corp,2.27,,,,,,,finance-query,top_10,2026-09-19 16:49 UTC,ok
PEU.B,TSX,PURPOSE ENHANCED US EQUITY FD N,Purpose Investments Inc.,CSCO,Cisco Systems Inc,2.26,,,,,,,finance-query,top_10,2026-09-19 16:49 UTC,ok
PEU.B,TSX,PURPOSE ENHANCED US EQUITY FD N,Purpose Investments Inc.,PFE,Pfizer Inc,2.24,,,,,,,finance-query,top_10,2026-09-19 16:49 UTC,ok
PHE,TSX,PURPOSE TACTICAL HEDGED EQUITY ,Purpose Investments Inc.,NVDA,NVIDIA Corp,8.9833,,,,,,,finance-query,top_10,2026-09-19 16:49 UTC,ok
PHE,TSX,PURPOSE TACTICAL HEDGED EQUITY ,Purpose Investments Inc.,AAPL,Apple Inc,8.0466,,,,,,,finance-query,top_10,2026-09-19 16:49 UTC,ok
PHE,TSX,PURPOSE TACTICAL HEDGED EQUITY ,Purpose Investments Inc.,GOOGL,Alphabet Inc Class A,6.5544,,,,,,,finance-query,top_10,2026-09-19 16:49 UTC,ok
PHE,TSX,PURPOSE TACTICAL HEDGED EQUITY ,Purpose Investments Inc.,MSFT,Microsoft Corp,6.0619,,,,,,,finance-query,top_10,2026-09-19 16:49 UTC,ok
PHE,TSX,PURPOSE TACTICAL HEDGED EQUITY ,Purpose Investments Inc.,AMZN,Amazon.com Inc,3.5661,,,,,,,finance-query,top_10,2026-09-19 16:49 UTC,ok
PHE,TSX,PURPOSE TACTICAL HEDGED EQUITY ,Purpose Investments Inc.,AVGO,Broadcom Inc,3.076,,,,,,,finance-query,top_10,2026-09-19 16:49 UTC,ok
PHE,TSX,PURPOSE TACTICAL HEDGED EQUITY ,Purpose Investments Inc.,V,Visa Inc Class A,2.3856,,,,,,,finance-query,top_10,2026-09-19 16:49 UTC,ok
PHE,TSX,PURPOSE TACTICAL HEDGED EQUITY ,Purpose Investments Inc.,JPM,JPMorgan Chase & Co,2.2471,,,,,,,finance-query,top_10,2026-09-19 16:49 UTC,ok
PHE,TSX,PURPOSE TACTICAL HEDGED EQUITY ,Purpose Investments Inc.,LLY,Eli Lilly and Co,2.195,,,,,,,finance-query,top_10,2026-09-19 16:49 UTC,ok
PHE,TSX,PURPOSE TACTICAL HEDGED EQUITY ,Purpose Investments Inc.,META,Meta Platforms Inc Class A,1.8864,,,,,,,finance-query,top_10,2026-09-19 16:49 UTC,ok
PHE.B,TSX,PURPOSE TACTICAL HEDGED EQUITY ,Purpose Investments Inc.,NVDA,NVIDIA Corp,9.2994,,,,,,,finance-query,top_10,2026-09-19 16:49 UTC,ok
PHE.B,TSX,PURPOSE TACTICAL HEDGED EQUITY ,Purpose Investments Inc.,AAPL,Apple Inc,8.3312,,,,,,,finance-query,top_10,2026-09-19 16:49 UTC,ok
PHE.B,TSX,PURPOSE TACTICAL HEDGED EQUITY ,Purpose Investments Inc.,GOOGL,Alphabet Inc Class A,6.7752,,,,,,,finance-query,top_10,2026-09-19 16:49 UTC,ok
PHE.B,TSX,PURPOSE TACTICAL HEDGED EQUITY ,Purpose Investments Inc.,MSFT,Microsoft Corp,6.2685,,,,,,,finance-query,top_10,2026-09-19 16:49 UTC,ok
PHE.B,TSX,PURPOSE TACTICAL HEDGED EQUITY ,Purpose Investments Inc.,AMZN,Amazon.com Inc,3.6682,,,,,,,finance-query,top_10,2026-09-19 16:49 UTC,ok
PHE.B,TSX,PURPOSE TACTICAL HEDGED EQUITY ,Purpose Investments Inc.,AVGO,Broadcom Inc,3.163,,,,,,,finance-query,top_10,2026-09-19 16:49 UTC,ok
PHE.B,TSX,PURPOSE TACTICAL HEDGED EQUITY ,Purpose Investments Inc.,V,Visa Inc Class A,2.4421,,,,,,,finance-query,top_10,2026-09-19 16:49 UTC,ok
PHE.B,TSX,PURPOSE TACTICAL HEDGED EQUITY ,Purpose Investments Inc.,JPM,JPMorgan Chase & Co,2.2962,,,,,,,finance-query,top_10,2026-09-19 16:49 UTC,ok
PHE.B,TSX,PURPOSE TACTICAL HEDGED EQUITY ,Purpose Investments Inc.,LLY,Eli Lilly and Co,2.2308,,,,,,,finance-query,top_10,2026-09-19 16:49 UTC,ok
PHE.B,TSX,PURPOSE TACTICAL HEDGED EQUITY ,Purpose Investments Inc.,META,Meta Platforms Inc Class A,1.9339,,,,,,,finance-query,top_10,2026-09-19 16:49 UTC,ok
PHR,TSX,PURPOSE REAL ESTATE INCOME FUND,Purpose Investments Inc.,MHC-U.TO,Flagship Communities REIT Units,5.5355,,,,,,,finance-query,top_10,2026-09-19 16:49 UTC,ok
PHR,TSX,PURPOSE REAL ESTATE INCOME FUND,Purpose Investments Inc.,CSH-UN.TO,Chartwell Retirement Residences,5.3209,,,,,,,finance-query,top_10,2026-09-19 16:49 UTC,ok
PHR,TSX,PURPOSE REAL ESTATE INCOME FUND,Purpose Investments Inc.,GRT-UN.TO,Granite Real Estate Investment Trust Unit,5.0427,,,,,,,finance-query,top_10,2026-09-19 16:49 UTC,ok
PHR,TSX,PURPOSE REAL ESTATE INCOME FUND,Purpose Investments Inc.,DIR-UN.TO,Dream Industrial Real Estate Investment Trust,4.7543,,,,,,,finance-query,top_10,2026-09-19 16:49 UTC,ok
PHR,TSX,PURPOSE REAL ESTATE INCOME FUND,Purpose Investments Inc.,KMP-UN.TO,Killam Apartment Real Estate Investment Trust,4.5289,,,,,,,finance-query,top_10,2026-09-19 16:49 UTC,ok
PHR,TSX,PURPOSE REAL ESTATE INCOME FUND,Purpose Investments Inc.,PLD,Prologis Inc,4.2126,,,,,,,finance-query,top_10,2026-09-19 16:49 UTC,ok
PHR,TSX,PURPOSE REAL ESTATE INCOME FUND,Purpose Investments Inc.,SIA.TO,Sienna Senior Living Inc,3.9588,,,,,,,finance-query,top_10,2026-09-19 16:49 UTC,ok
PHR,TSX,PURPOSE REAL ESTATE INCOME FUND,Purpose Investments Inc.,HOM-U.TO,BSR Real Estate Investment Trust Real Estate Investment Trust Unit,3.7234,,,,,,,finance-query,top_10,2026-09-19 16:49 UTC,ok
PHR,TSX,PURPOSE REAL ESTATE INCOME FUND,Purpose Investments Inc.,CAR-UN.TO,Canadian Apartment Properties Real Estate Investment Trust Unit,3.6192,,,,,,,finance-query,top_10,2026-09-19 16:49 UTC,ok
PHR,TSX,PURPOSE REAL ESTATE INCOME FUND,Purpose Investments Inc.,PMZ-UN.TO,Primaris REIT Unit - Series A,3.5833,,,,,,,finance-query,top_10,2026-09-19 16:49 UTC,ok
PHW,TSX,PURPOSE INTL ENHANCED EQ INCOME,Purpose Investments Inc.,MNY.TO,Purpose Cash Management ETF,8.5,,,,,,,finance-query,top_10,2026-09-19 16:49 UTC,ok
PHW,TSX,PURPOSE INTL ENHANCED EQ INCOME,Purpose Investments Inc.,ASML,ASML Holding NV ADR,6.1308,,,,,,,finance-query,top_10,2026-09-19 16:49 UTC,ok
PHW,TSX,PURPOSE INTL ENHANCED EQ INCOME,Purpose Investments Inc.,BHP,BHP Group Ltd ADR,3.6851,,,,,,,finance-query,top_10,2026-09-19 16:49 UTC,ok
PHW,TSX,PURPOSE INTL ENHANCED EQ INCOME,Purpose Investments Inc.,NVS,Novartis AG ADR,3.5132,,,,,,,finance-query,top_10,2026-09-19 16:49 UTC,ok
PHW,TSX,PURPOSE INTL ENHANCED EQ INCOME,Purpose Investments Inc.,MUFG,Mitsubishi UFJ Financial Group Inc ADR,2.665,,,,,,,finance-query,top_10,2026-09-19 16:49 UTC,ok
PHW,TSX,PURPOSE INTL ENHANCED EQ INCOME,Purpose Investments Inc.,SHEL,Shell PLC ADR (Representing - Ordinary Shares),2.3263,,,,,,,finance-query,top_10,2026-09-19 16:49 UTC,ok
PHW,TSX,PURPOSE INTL ENHANCED EQ INCOME,Purpose Investments Inc.,ROP.SW,Roche Holding AG Ordinary Shares new,2.3215,,,,,,,finance-query,top_10,2026-09-19 16:49 UTC,ok
PHW,TSX,PURPOSE INTL ENHANCED EQ INCOME,Purpose Investments Inc.,GSK,GSK PLC ADR,2.0189,,,,,,,finance-query,top_10,2026-09-19 16:49 UTC,ok
PHW,TSX,PURPOSE INTL ENHANCED EQ INCOME,Purpose Investments Inc.,UBSG.SW,UBS Group AG Registered Shares,1.9624,,,,,,,finance-query,top_10,2026-09-19 16:49 UTC,ok
PHW,TSX,PURPOSE INTL ENHANCED EQ INCOME,Purpose Investments Inc.,NWG,NatWest Group PLC ADR,1.9019,,,,,,,finance-query,top_10,2026-09-19 16:49 UTC,ok
PMM,TSX,PURPOSE MULTI STRATEGY MKT NEUT,Purpose Investments Inc.,PHE-B.TO,Purpose Tactical Hedged Eq ETF (N-C Hdg),29.4369,,,,,,,finance-query,top_10,2026-09-19 16:49 UTC,ok
PMM,TSX,PURPOSE MULTI STRATEGY MKT NEUT,Purpose Investments Inc.,MNY.TO,Purpose Cash Management ETF,20.622,,,,,,,finance-query,top_10,2026-09-19 16:49 UTC,ok
PMM,TSX,PURPOSE MULTI STRATEGY MKT NEUT,Purpose Investments Inc.,MNU.U,Purpose USD Cash Management ETF,20.2808,,,,,,,finance-query,top_10,2026-09-19 16:49 UTC,ok
PMM,TSX,PURPOSE MULTI STRATEGY MKT NEUT,Purpose Investments Inc.,FGBLU26,Euro Bund Future Sept 26,6.7176,,,,,,,finance-query,top_10,2026-09-19 16:49 UTC,ok
PMM,TSX,PURPOSE MULTI STRATEGY MKT NEUT,Purpose Investments Inc.,FGBLZ26,Euro Bund Future Dec 26,6.6718,,,,,,,finance-query,top_10,2026-09-19 16:49 UTC,ok
PMM,TSX,PURPOSE MULTI STRATEGY MKT NEUT,Purpose Investments Inc.,FMWOU26,MSCI World USD Net Total Return Future Sept 26,5.0294,,,,,,,finance-query,top_10,2026-09-19 16:49 UTC,ok
PRA,TSX,PURPOSE DIVERSIFIED REAL ASSET ,Purpose Investments Inc.,MNU.U,Purpose USD Cash Management ETF,11.7959,,,,,,,finance-query,top_10,2026-09-19 16:49 UTC,ok
PRA,TSX,PURPOSE DIVERSIFIED REAL ASSET ,Purpose Investments Inc.,MNY.TO,Purpose Cash Management ETF,10.2537,,,,,,,finance-query,top_10,2026-09-19 16:49 UTC,ok
PRA,TSX,PURPOSE DIVERSIFIED REAL ASSET ,Purpose Investments Inc.,KILO-B.TO,Purpose Gold Bullion Non-FX Hedged,3.6979,,,,,,,finance-query,top_10,2026-09-19 16:49 UTC,ok
PRA,TSX,PURPOSE DIVERSIFIED REAL ASSET ,Purpose Investments Inc.,XOM,ExxonMobil Holdings Corp,2.3672,,,,,,,finance-query,top_10,2026-09-19 16:49 UTC,ok
PRA,TSX,PURPOSE DIVERSIFIED REAL ASSET ,Purpose Investments Inc.,BHP,BHP Group Ltd ADR,2.2226,,,,,,,finance-query,top_10,2026-09-19 16:49 UTC,ok
PRA,TSX,PURPOSE DIVERSIFIED REAL ASSET ,Purpose Investments Inc.,ADM,Archer-Daniels-Midland Co,2.1334,,,,,,,finance-query,top_10,2026-09-19 16:49 UTC,ok
PRA,TSX,PURPOSE DIVERSIFIED REAL ASSET ,Purpose Investments Inc.,CTVA,Corteva Inc,1.9826,,,,,,,finance-query,top_10,2026-09-19 16:49 UTC,ok
PRA,TSX,PURPOSE DIVERSIFIED REAL ASSET ,Purpose Investments Inc.,SBT-B.TO,Silver Bullion Trust ETF Non-Ccy Hedged,1.9366,,,,,,,finance-query,top_10,2026-09-19 16:49 UTC,ok
PRA,TSX,PURPOSE DIVERSIFIED REAL ASSET ,Purpose Investments Inc.,DUK,Duke Energy Corp,1.9257,,,,,,,finance-query,top_10,2026-09-19 16:49 UTC,ok
PRA,TSX,PURPOSE DIVERSIFIED REAL ASSET ,Purpose Investments Inc.,WELL,Welltower Inc,1.8973,,,,,,,finance-query,top_10,2026-09-19 16:49 UTC,ok
PYF,TSX,PURPOSE PREMIUM YIELD FUND ETF,Purpose Investments Inc.,MNY.TO,Purpose Cash Management ETF,91.8307,,,,,,,finance-query,top_10,2026-09-19 16:49 UTC,ok
PYF,TSX,PURPOSE PREMIUM YIELD FUND ETF,Purpose Investments Inc.,TLT,iShares 20+ Year Treasury Bond ETF,1.5602,,,,,,,finance-query,top_10,2026-09-19 16:49 UTC,ok
PYF,TSX,PURPOSE PREMIUM YIELD FUND ETF,Purpose Investments Inc.,MSFT,Microsoft Corp,1.3686,,,,,,,finance-query,top_10,2026-09-19 16:49 UTC,ok
PYF,TSX,PURPOSE PREMIUM YIELD FUND ETF,Purpose Investments Inc.,PG,Procter & Gamble Co,1.305,,,,,,,finance-query,top_10,2026-09-19 16:49 UTC,ok
PYF,TSX,PURPOSE PREMIUM YIELD FUND ETF,Purpose Investments Inc.,HD,The Home Depot Inc,1.2529,,,,,,,finance-query,top_10,2026-09-19 16:49 UTC,ok
PYF,TSX,PURPOSE PREMIUM YIELD FUND ETF,Purpose Investments Inc.,ASHR,Xtrackers Harvest CSI 300 China A ETF,0.9262,,,,,,,finance-query,top_10,2026-09-19 16:49 UTC,ok
PYF,TSX,PURPOSE PREMIUM YIELD FUND ETF,Purpose Investments Inc.,NOW,ServiceNow Inc,0.732,,,,,,,finance-query,top_10,2026-09-19 16:49 UTC,ok
PYF,TSX,PURPOSE PREMIUM YIELD FUND ETF,Purpose Investments Inc.,NEE,NextEra Energy Inc,0.6479,,,,,,,finance-query,top_10,2026-09-19 16:49 UTC,ok
PYF,TSX,PURPOSE PREMIUM YIELD FUND ETF,Purpose Investments Inc.,CRH,CRH PLC,0.6359,,,,,,,finance-query,top_10,2026-09-19 16:49 UTC,ok
PYF,TSX,PURPOSE PREMIUM YIELD FUND ETF,Purpose Investments Inc.,BKNG,Booking Holdings Inc,0.5595,,,,,,,finance-query,top_10,2026-09-19 16:49 UTC,ok
PYF.B,TSX,PURPOSE PREMIUM YIELD FUND NON ,Purpose Investments Inc.,MNY.TO,Purpose Cash Management ETF,91.8307,,,,,,,finance-query,top_10,2026-09-19 16:49 UTC,ok
PYF.B,TSX,PURPOSE PREMIUM YIELD FUND NON ,Purpose Investments Inc.,TLT,iShares 20+ Year Treasury Bond ETF,1.5602,,,,,,,finance-query,top_10,2026-09-19 16:49 UTC,ok
PYF.B,TSX,PURPOSE PREMIUM YIELD FUND NON ,Purpose Investments Inc.,MSFT,Microsoft Corp,1.3686,,,,,,,finance-query,top_10,2026-09-19 16:49 UTC,ok
PYF.B,TSX,PURPOSE PREMIUM YIELD FUND NON ,Purpose Investments Inc.,PG,Procter & Gamble Co,1.305,,,,,,,finance-query,top_10,2026-09-19 16:49 UTC,ok
PYF.B,TSX,PURPOSE PREMIUM YIELD FUND NON ,Purpose Investments Inc.,HD,The Home Depot Inc,1.2529,,,,,,,finance-query,top_10,2026-09-19 16:49 UTC,ok
PYF.B,TSX,PURPOSE PREMIUM YIELD FUND NON ,Purpose Investments Inc.,ASHR,Xtrackers Harvest CSI 300 China A ETF,0.9262,,,,,,,finance-query,top_10,2026-09-19 16:49 UTC,ok
PYF.B,TSX,PURPOSE PREMIUM YIELD FUND NON ,Purpose Investments Inc.,NOW,ServiceNow Inc,0.732,,,,,,,finance-query,top_10,2026-09-19 16:49 UTC,ok
PYF.B,TSX,PURPOSE PREMIUM YIELD FUND NON ,Purpose Investments Inc.,NEE,NextEra Energy Inc,0.6479,,,,,,,finance-query,top_10,2026-09-19 16:49 UTC,ok
PYF.B,TSX,PURPOSE PREMIUM YIELD FUND NON ,Purpose Investments Inc.,CRH,CRH PLC,0.6359,,,,,,,finance-query,top_10,2026-09-19 16:49 UTC,ok
PYF.B,TSX,PURPOSE PREMIUM YIELD FUND NON ,Purpose Investments Inc.,BKNG,Booking Holdings Inc,0.5595,,,,,,,finance-query,top_10,2026-09-19 16:49 UTC,ok
PYF.U,TSX,PURPOSE PREMIUM YIELD FUND NH U,Purpose Investments Inc.,MNY.TO,Purpose Cash Management ETF,91.8307,,,,,,,finance-query,top_10,2026-09-19 16:49 UTC,ok
PYF.U,TSX,PURPOSE PREMIUM YIELD FUND NH U,Purpose Investments Inc.,TLT,iShares 20+ Year Treasury Bond ETF,1.5602,,,,,,,finance-query,top_10,2026-09-19 16:49 UTC,ok
PYF.U,TSX,PURPOSE PREMIUM YIELD FUND NH U,Purpose Investments Inc.,MSFT,Microsoft Corp,1.3686,,,,,,,finance-query,top_10,2026-09-19 16:49 UTC,ok
PYF.U,TSX,PURPOSE PREMIUM YIELD FUND NH U,Purpose Investments Inc.,PG,Procter & Gamble Co,1.305,,,,,,,finance-query,top_10,2026-09-19 16:49 UTC,ok
PYF.U,TSX,PURPOSE PREMIUM YIELD FUND NH U,Purpose Investments Inc.,HD,The Home Depot Inc,1.2529,,,,,,,finance-query,top_10,2026-09-19 16:49 UTC,ok
PYF.U,TSX,PURPOSE PREMIUM YIELD FUND NH U,Purpose Investments Inc.,ASHR,Xtrackers Harvest CSI 300 China A ETF,0.9262,,,,,,,finance-query,top_10,2026-09-19 16:49 UTC,ok
PYF.U,TSX,PURPOSE PREMIUM YIELD FUND NH U,Purpose Investments Inc.,NOW,ServiceNow Inc,0.732,,,,,,,finance-query,top_10,2026-09-19 16:49 UTC,ok
PYF.U,TSX,PURPOSE PREMIUM YIELD FUND NH U,Purpose Investments Inc.,NEE,NextEra Energy Inc,0.6479,,,,,,,finance-query,top_10,2026-09-19 16:49 UTC,ok
PYF.U,TSX,PURPOSE PREMIUM YIELD FUND NH U,Purpose Investments Inc.,CRH,CRH PLC,0.6359,,,,,,,finance-query,top_10,2026-09-19 16:49 UTC,ok
PYF.U,TSX,PURPOSE PREMIUM YIELD FUND NH U,Purpose Investments Inc.,BKNG,Booking Holdings Inc,0.5595,,,,,,,finance-query,top_10,2026-09-19 16:49 UTC,ok
SBT,TSX,Purpose Silver Bullion Fund— FX Hedged,Purpose Investments Inc.,,,,,,,,,,finance-query,top_10,2026-09-19 16:49 UTC,no_holdings_found [SBT.TO:200-no-holdings SBT:200-no-holdings]
SBT.B,TSX,Purpose Silver Bullion Fund— Non-FX Hedged,Purpose Investments Inc.,,,,,,,,,,finance-query,top_10,2026-09-19 16:49 UTC,no_holdings_found [SBT.B.TO:200-no-holdings SBT-B.TO:200-no-holdings SBT.B:404]
SBT.U,TSX,Purpose Silver Bullion Fund — USD,Purpose Investments Inc.,,,,,,,,,,finance-query,top_10,2026-09-19 16:49 UTC,no_holdings_found [SBT.U.TO:404 SBT-U.TO:200-no-holdings SBT.U:404]
BTCC,TSX,Grayscale Bitcoin Covered Call ,Purpose Investments Inc.,FGXXX,First American Government Obligs X,1.6702,,,,,,,finance-query,top_10,2026-09-19 16:49 UTC,ok
BTCC.B,TSX,Purpose Bitcoin ETF — Non-FX Hedged,Purpose Investments Inc.,,,,,,,,,,finance-query,top_10,2026-09-19 16:49 UTC,no_holdings_found [BTCC.B.TO:404 BTCC-B.TO:200-no-holdings BTCC.B:404]
BTCC.U,TSX,Purpose Bitcoin ETF — USD,Purpose Investments Inc.,,,,,,,,,,finance-query,top_10,2026-09-19 16:49 UTC,no_holdings_found [BTCC.U.TO:404 BTCC-U.TO:200-no-holdings BTCC.U:404]
VCE,TSX,VANGUARD FTSE CANADA INDEX ETF,Vanguard Investments Canada Inc.,RY,Royal Bank of Canada,8.7749,,,,,,,finance-query,top_10,2026-09-19 16:49 UTC,ok
VCE,TSX,VANGUARD FTSE CANADA INDEX ETF,Vanguard Investments Canada Inc.,TD,The Toronto-Dominion Bank,6.2056,,,,,,,finance-query,top_10,2026-09-19 16:49 UTC,ok
VCE,TSX,VANGUARD FTSE CANADA INDEX ETF,Vanguard Investments Canada Inc.,SHOP,Shopify Inc Registered Shs -A- Subord Vtg,5.5387,,,,,,,finance-query,top_10,2026-09-19 16:49 UTC,ok
VCE,TSX,VANGUARD FTSE CANADA INDEX ETF,Vanguard Investments Canada Inc.,BMO.TO,Bank of Montreal,3.6955,,,,,,,finance-query,top_10,2026-09-19 16:49 UTC,ok
VCE,TSX,VANGUARD FTSE CANADA INDEX ETF,Vanguard Investments Canada Inc.,BNS.TO,Bank of Nova Scotia,3.4609,,,,,,,finance-query,top_10,2026-09-19 16:49 UTC,ok
VCE,TSX,VANGUARD FTSE CANADA INDEX ETF,Vanguard Investments Canada Inc.,ENB.TO,Enbridge Inc,3.3926,,,,,,,finance-query,top_10,2026-09-19 16:49 UTC,ok
VCE,TSX,VANGUARD FTSE CANADA INDEX ETF,Vanguard Investments Canada Inc.,CM.TO,Canadian Imperial Bank of Commerce,3.1995,,,,,,,finance-query,top_10,2026-09-19 16:49 UTC,ok
VCE,TSX,VANGUARD FTSE CANADA INDEX ETF,Vanguard Investments Canada Inc.,AEM.TO,Agnico Eagle Mines Ltd,3.1689,,,,,,,finance-query,top_10,2026-09-19 16:49 UTC,ok
VCE,TSX,VANGUARD FTSE CANADA INDEX ETF,Vanguard Investments Canada Inc.,CNQ.TO,Canadian Natural Resources Ltd,3.1402,,,,,,,finance-query,top_10,2026-09-19 16:49 UTC,ok
VCE,TSX,VANGUARD FTSE CANADA INDEX ETF,Vanguard Investments Canada Inc.,BN.TO,Brookfield Corp Registered Shs -A- Limited Vtg,2.6433,,,,,,,finance-query,top_10,2026-09-19 16:49 UTC,ok
VDY,TSX,VANGUARD FTSE CDN HIGH DIV YLD ,Vanguard Investments Canada Inc.,RY,Royal Bank of Canada,15.6651,,,,,,,finance-query,top_10,2026-09-19 16:49 UTC,ok
VDY,TSX,VANGUARD FTSE CDN HIGH DIV YLD ,Vanguard Investments Canada Inc.,TD,The Toronto-Dominion Bank,11.0783,,,,,,,finance-query,top_10,2026-09-19 16:49 UTC,ok
VDY,TSX,VANGUARD FTSE CDN HIGH DIV YLD ,Vanguard Investments Canada Inc.,BMO.TO,Bank of Montreal,6.5972,,,,,,,finance-query,top_10,2026-09-19 16:49 UTC,ok
VDY,TSX,VANGUARD FTSE CDN HIGH DIV YLD ,Vanguard Investments Canada Inc.,BNS.TO,Bank of Nova Scotia,6.1784,,,,,,,finance-query,top_10,2026-09-19 16:49 UTC,ok
VDY,TSX,VANGUARD FTSE CDN HIGH DIV YLD ,Vanguard Investments Canada Inc.,ENB.TO,Enbridge Inc,6.0562,,,,,,,finance-query,top_10,2026-09-19 16:49 UTC,ok
VDY,TSX,VANGUARD FTSE CDN HIGH DIV YLD ,Vanguard Investments Canada Inc.,CM.TO,Canadian Imperial Bank of Commerce,5.7118,,,,,,,finance-query,top_10,2026-09-19 16:49 UTC,ok
VDY,TSX,VANGUARD FTSE CDN HIGH DIV YLD ,Vanguard Investments Canada Inc.,CNQ.TO,Canadian Natural Resources Ltd,5.6056,,,,,,,finance-query,top_10,2026-09-19 16:49 UTC,ok
VDY,TSX,VANGUARD FTSE CDN HIGH DIV YLD ,Vanguard Investments Canada Inc.,SU.TO,Suncor Energy Inc,4.353,,,,,,,finance-query,top_10,2026-09-19 16:49 UTC,ok
VDY,TSX,VANGUARD FTSE CDN HIGH DIV YLD ,Vanguard Investments Canada Inc.,MFC.TO,Manulife Financial Corp,3.8841,,,,,,,finance-query,top_10,2026-09-19 16:49 UTC,ok
VDY,TSX,VANGUARD FTSE CDN HIGH DIV YLD ,Vanguard Investments Canada Inc.,TRP.TO,TC Energy Corp,3.5707,,,,,,,finance-query,top_10,2026-09-19 16:49 UTC,ok
VRE,TSX,VANGUARD FTSE CDN CAPPED REIT I,Vanguard Investments Canada Inc.,FSV.TO,FirstService Corp Ordinary Shares,11.5094,,,,,,,finance-query,top_10,2026-09-19 16:49 UTC,ok
VRE,TSX,VANGUARD FTSE CDN CAPPED REIT I,Vanguard Investments Canada Inc.,CSH-UN.TO,Chartwell Retirement Residences,9.6137,,,,,,,finance-query,top_10,2026-09-19 16:49 UTC,ok
VRE,TSX,VANGUARD FTSE CDN CAPPED REIT I,Vanguard Investments Canada Inc.,CIGI.TO,Colliers International Group Inc Shs Subord Voting,8.8357,,,,,,,finance-query,top_10,2026-09-19 16:49 UTC,ok
VRE,TSX,VANGUARD FTSE CDN CAPPED REIT I,Vanguard Investments Canada Inc.,REI-UN.TO,Riocan Real Estate Investment Trust,8.7267,,,,,,,finance-query,top_10,2026-09-19 16:49 UTC,ok
VRE,TSX,VANGUARD FTSE CDN CAPPED REIT I,Vanguard Investments Canada Inc.,GRT-UN.TO,Granite Real Estate Investment Trust Unit,7.7147,,,,,,,finance-query,top_10,2026-09-19 16:49 UTC,ok
VRE,TSX,VANGUARD FTSE CDN CAPPED REIT I,Vanguard Investments Canada Inc.,CAR-UN.TO,Canadian Apartment Properties Real Estate Investment Trust Unit,7.2108,,,,,,,finance-query,top_10,2026-09-19 16:49 UTC,ok
VRE,TSX,VANGUARD FTSE CDN CAPPED REIT I,Vanguard Investments Canada Inc.,FCR-UN.TO,First Capital REIT,6.9186,,,,,,,finance-query,top_10,2026-09-19 16:49 UTC,ok
VRE,TSX,VANGUARD FTSE CDN CAPPED REIT I,Vanguard Investments Canada Inc.,CHP-UN.TO,Choice Properties Real Estate Investment Trust,5.8128,,,,,,,finance-query,top_10,2026-09-19 16:49 UTC,ok
VRE,TSX,VANGUARD FTSE CDN CAPPED REIT I,Vanguard Investments Canada Inc.,DIR-UN.TO,Dream Industrial Real Estate Investment Trust,5.5075,,,,,,,finance-query,top_10,2026-09-19 16:49 UTC,ok
VRE,TSX,VANGUARD FTSE CDN CAPPED REIT I,Vanguard Investments Canada Inc.,SRU-UN.TO,SmartCentres Real Estate Investment Trust Trust Units Variable Voting,5.1155,,,,,,,finance-query,top_10,2026-09-19 16:49 UTC,ok
VUN,TSX,VANGUARD MRNSTR US TOTAL MARKET,Vanguard Investments Canada Inc.,VTI,Vanguard MStar Total Stk Mkt ETF,100.0,,,,,,,finance-query,top_10,2026-09-19 16:49 UTC,ok
VUS,TSX,VANGUARD MRNSTR US TL MK IDX ET,Vanguard Investments Canada Inc.,VTI,Vanguard MStar Total Stk Mkt ETF,100.0,,,,,,,finance-query,top_10,2026-09-19 16:49 UTC,ok
VSP,TSX,VANGUARD SP 500 INDEX ETF CAD H,Vanguard Investments Canada Inc.,VOO,Vanguard S&P 500 ETF,100.0,,,,,,,finance-query,top_10,2026-09-19 16:49 UTC,ok
VGG,TSX,VANGUARD US DIV APPR IDX ETF,Vanguard Investments Canada Inc.,VIG,Vanguard Dividend Appreciation ETF,100.0,,,,,,,finance-query,top_10,2026-09-19 16:49 UTC,ok
VGH,TSX,VANGUARD US DIV APPR IDX ETF CA,Vanguard Investments Canada Inc.,VIG,Vanguard Dividend Appreciation ETF,100.0,,,,,,,finance-query,top_10,2026-09-19 16:49 UTC,ok
VXC,TSX,VANGUARD FTSE GLBL ALL CAP EX C,Vanguard Investments Canada Inc.,VV,Vanguard MStar Large Cap ETF,56.902,,,,,,,finance-query,top_10,2026-09-19 16:49 UTC,ok
VXC,TSX,VANGUARD FTSE GLBL ALL CAP EX C,Vanguard Investments Canada Inc.,VIU.TO,Vanguard FTSE Dev AC ex Nrth Amer ETF,25.8488,,,,,,,finance-query,top_10,2026-09-19 16:49 UTC,ok
VXC,TSX,VANGUARD FTSE GLBL ALL CAP EX C,Vanguard Investments Canada Inc.,VWO,Vanguard FTSE Emerging Markets ETF,10.5659,,,,,,,finance-query,top_10,2026-09-19 16:49 UTC,ok
VXC,TSX,VANGUARD FTSE GLBL ALL CAP EX C,Vanguard Investments Canada Inc.,VB,Vanguard MStar Small Cap ETF,6.6833,,,,,,,finance-query,top_10,2026-09-19 16:49 UTC,ok
VDU,TSX,VANGUARD FTSE DEVELOPED AC EX U,Vanguard Investments Canada Inc.,VEA,Vanguard FTSE Developed Markets ETF,100.0,,,,,,,finance-query,top_10,2026-09-19 16:49 UTC,ok
VEF,TSX,VANGUARD FTSE DEV AC EX US IDX ,Vanguard Investments Canada Inc.,VEA,Vanguard FTSE Developed Markets ETF,100.0,,,,,,,finance-query,top_10,2026-09-19 16:49 UTC,ok
VE,TSX,VANGUARD FTSE DEV EUROPE ALL CA,Vanguard Investments Canada Inc.,ASML.AS,ASML Holding NV,3.99,,,,,,,finance-query,top_10,2026-09-19 16:49 UTC,ok
VE,TSX,VANGUARD FTSE DEV EUROPE ALL CA,Vanguard Investments Canada Inc.,HSBA.L,HSBC Holdings PLC,2.1802,,,,,,,finance-query,top_10,2026-09-19 16:49 UTC,ok
VE,TSX,VANGUARD FTSE DEV EUROPE ALL CA,Vanguard Investments Canada Inc.,ROP.SW,Roche Holding AG Ordinary Shares new,1.8827,,,,,,,finance-query,top_10,2026-09-19 16:49 UTC,ok
VE,TSX,VANGUARD FTSE DEV EUROPE ALL CA,Vanguard Investments Canada Inc.,NOVN.SW,Novartis AG Registered Shares,1.7449,,,,,,,finance-query,top_10,2026-09-19 16:49 UTC,ok
VE,TSX,VANGUARD FTSE DEV EUROPE ALL CA,Vanguard Investments Canada Inc.,SHEL.L,Shell PLC,1.5602,,,,,,,finance-query,top_10,2026-09-19 16:49 UTC,ok
VE,TSX,VANGUARD FTSE DEV EUROPE ALL CA,Vanguard Investments Canada Inc.,NESN.SW,Nestle SA,1.5394,,,,,,,finance-query,top_10,2026-09-19 16:49 UTC,ok
VE,TSX,VANGUARD FTSE DEV EUROPE ALL CA,Vanguard Investments Canada Inc.,SIE.DE,Siemens AG,1.4933,,,,,,,finance-query,top_10,2026-09-19 16:49 UTC,ok
VE,TSX,VANGUARD FTSE DEV EUROPE ALL CA,Vanguard Investments Canada Inc.,AZN.L,AstraZeneca PLC,1.4925,,,,,,,finance-query,top_10,2026-09-19 16:49 UTC,ok
VE,TSX,VANGUARD FTSE DEV EUROPE ALL CA,Vanguard Investments Canada Inc.,SAP.DE,SAP SE,1.4002,,,,,,,finance-query,top_10,2026-09-19 16:49 UTC,ok
VE,TSX,VANGUARD FTSE DEV EUROPE ALL CA,Vanguard Investments Canada Inc.,SAN.MC,Banco Santander SA,1.3342,,,,,,,finance-query,top_10,2026-09-19 16:49 UTC,ok
VA,TSX,VANGUARD FTSE DEV ASIA PAC ALL ,Vanguard Investments Canada Inc.,005930.KQ,Samsung Electronics Co Ltd,6.8288,,,,,,,finance-query,top_10,2026-09-19 16:49 UTC,ok
VA,TSX,VANGUARD FTSE DEV ASIA PAC ALL ,Vanguard Investments Canada Inc.,000660.KQ,SK hynix Inc,5.2801,,,,,,,finance-query,top_10,2026-09-19 16:49 UTC,ok
VA,TSX,VANGUARD FTSE DEV ASIA PAC ALL ,Vanguard Investments Canada Inc.,8306.T,Mitsubishi UFJ Financial Group Inc,1.9514,,,,,,,finance-query,top_10,2026-09-19 16:49 UTC,ok
VA,TSX,VANGUARD FTSE DEV ASIA PAC ALL ,Vanguard Investments Canada Inc.,BHP.AX,BHP Group Ltd,1.8789,,,,,,,finance-query,top_10,2026-09-19 16:49 UTC,ok
VA,TSX,VANGUARD FTSE DEV ASIA PAC ALL ,Vanguard Investments Canada Inc.,7203.T,Toyota Motor Corp,1.6442,,,,,,,finance-query,top_10,2026-09-19 16:49 UTC,ok
VA,TSX,VANGUARD FTSE DEV ASIA PAC ALL ,Vanguard Investments Canada Inc.,CBA.AX,Commonwealth Bank of Australia,1.4898,,,,,,,finance-query,top_10,2026-09-19 16:49 UTC,ok
VA,TSX,VANGUARD FTSE DEV ASIA PAC ALL ,Vanguard Investments Canada Inc.,8316.T,Sumitomo Mitsui Financial Group Inc,1.229,,,,,,,finance-query,top_10,2026-09-19 16:49 UTC,ok
VA,TSX,VANGUARD FTSE DEV ASIA PAC ALL ,Vanguard Investments Canada Inc.,8035.T,Tokyo Electron Ltd,1.2141,,,,,,,finance-query,top_10,2026-09-19 16:49 UTC,ok
VA,TSX,VANGUARD FTSE DEV ASIA PAC ALL ,Vanguard Investments Canada Inc.,6098.T,Recruit Holdings Co Ltd,1.1942,,,,,,,finance-query,top_10,2026-09-19 16:49 UTC,ok
VA,TSX,VANGUARD FTSE DEV ASIA PAC ALL ,Vanguard Investments Canada Inc.,6857.T,Advantest Corp,1.1922,,,,,,,finance-query,top_10,2026-09-19 16:49 UTC,ok
VEE,TSX,VANGUARD FTSE EMERGING MKTS ALL,Vanguard Investments Canada Inc.,VWO,Vanguard FTSE Emerging Markets ETF,100.0,,,,,,,finance-query,top_10,2026-09-19 16:49 UTC,ok
VAB,TSX,Vanguard Canadian Aggregate Bond Index ETF,Vanguard Investments Canada Inc.,,,,,,,,,,finance-query,top_10,2026-09-19 16:49 UTC,no_holdings_found [VAB.TO:200-no-holdings VAB:200-no-holdings]
VSB,TSX,Vanguard Canadian Short-Term Bond Index ETF,Vanguard Investments Canada Inc.,,,,,,,,,,finance-query,top_10,2026-09-19 16:49 UTC,no_holdings_found [VSB.TO:200-no-holdings VSB:200-no-holdings]
VSC,TSX,Vanguard Canadian Short-Term Corporate Bond Index ETF,Vanguard Investments Canada Inc.,,,,,,,,,,finance-query,top_10,2026-09-19 16:49 UTC,no_holdings_found [VSC.TO:200-no-holdings VSC:200-no-holdings]
VBU,TSX,VANGUARD US AGG BOND INDEX ETF ,Vanguard Investments Canada Inc.,BND,Vanguard Total Bond Market ETF,100.0,,,,,,,finance-query,top_10,2026-09-19 16:49 UTC,ok
VBG,TSX,VANGUARD GLOBAL EX US AGG BND I,Vanguard Investments Canada Inc.,BNDX,Vanguard Total International Bond ETF,100.0,,,,,,,finance-query,top_10,2026-09-19 16:49 UTC,ok
VMO,TSX,VANGUARD GLOB MOMENTUM FACTOR E,Vanguard Investments Canada Inc.,MU,Micron Technology Inc,1.0711,,,,,,,finance-query,top_10,2026-09-19 16:49 UTC,ok
VMO,TSX,VANGUARD GLOB MOMENTUM FACTOR E,Vanguard Investments Canada Inc.,LRCX,Lam Research Corp,1.0004,,,,,,,finance-query,top_10,2026-09-19 16:49 UTC,ok
VMO,TSX,VANGUARD GLOB MOMENTUM FACTOR E,Vanguard Investments Canada Inc.,INTC,Intel Corp,0.9435,,,,,,,finance-query,top_10,2026-09-19 16:49 UTC,ok
VMO,TSX,VANGUARD GLOB MOMENTUM FACTOR E,Vanguard Investments Canada Inc.,402340.KQ,SK Square,0.8337,,,,,,,finance-query,top_10,2026-09-19 16:49 UTC,ok
VMO,TSX,VANGUARD GLOB MOMENTUM FACTOR E,Vanguard Investments Canada Inc.,KLAC,KLA Corp,0.828,,,,,,,finance-query,top_10,2026-09-19 16:49 UTC,ok
VMO,TSX,VANGUARD GLOB MOMENTUM FACTOR E,Vanguard Investments Canada Inc.,AMAT,Applied Materials Inc,0.7931,,,,,,,finance-query,top_10,2026-09-19 16:49 UTC,ok
VMO,TSX,VANGUARD GLOB MOMENTUM FACTOR E,Vanguard Investments Canada Inc.,GEV,GE Vernova Inc,0.7795,,,,,,,finance-query,top_10,2026-09-19 16:49 UTC,ok
VMO,TSX,VANGUARD GLOB MOMENTUM FACTOR E,Vanguard Investments Canada Inc.,009150.KQ,Samsung Electro-Mechanics Co Ltd,0.7491,,,,,,,finance-query,top_10,2026-09-19 16:49 UTC,ok
VMO,TSX,VANGUARD GLOB MOMENTUM FACTOR E,Vanguard Investments Canada Inc.,SNDK,SanDisk Corp Ordinary Shares,0.7458,,,,,,,finance-query,top_10,2026-09-19 16:49 UTC,ok
VMO,TSX,VANGUARD GLOB MOMENTUM FACTOR E,Vanguard Investments Canada Inc.,MRVL,Marvell Technology Inc,0.74,,,,,,,finance-query,top_10,2026-09-19 16:49 UTC,ok
VVL,TSX,VANGUARD GLOB VAL FACTOR ETF,Vanguard Investments Canada Inc.,CVS,CVS Health Corp,0.7658,,,,,,,finance-query,top_10,2026-09-19 16:49 UTC,ok
VVL,TSX,VANGUARD GLOB VAL FACTOR ETF,Vanguard Investments Canada Inc.,GM,General Motors Co,0.6838,,,,,,,finance-query,top_10,2026-09-19 16:49 UTC,ok
VVL,TSX,VANGUARD GLOB VAL FACTOR ETF,Vanguard Investments Canada Inc.,ELV,Elevance Health Inc,0.5009,,,,,,,finance-query,top_10,2026-09-19 16:49 UTC,ok
VVL,TSX,VANGUARD GLOB VAL FACTOR ETF,Vanguard Investments Canada Inc.,BMY,Bristol-Myers Squibb Co,0.5006,,,,,,,finance-query,top_10,2026-09-19 16:49 UTC,ok
VVL,TSX,VANGUARD GLOB VAL FACTOR ETF,Vanguard Investments Canada Inc.,MDT,Medtronic PLC,0.4978,,,,,,,finance-query,top_10,2026-09-19 16:49 UTC,ok
VVL,TSX,VANGUARD GLOB VAL FACTOR ETF,Vanguard Investments Canada Inc.,MG.TO,Magna International Inc,0.4969,,,,,,,finance-query,top_10,2026-09-19 16:49 UTC,ok
VVL,TSX,VANGUARD GLOB VAL FACTOR ETF,Vanguard Investments Canada Inc.,MPC,Marathon Petroleum Corp,0.4819,,,,,,,finance-query,top_10,2026-09-19 16:49 UTC,ok
VVL,TSX,VANGUARD GLOB VAL FACTOR ETF,Vanguard Investments Canada Inc.,MO,Altria Group Inc,0.4781,,,,,,,finance-query,top_10,2026-09-19 16:49 UTC,ok
VVL,TSX,VANGUARD GLOB VAL FACTOR ETF,Vanguard Investments Canada Inc.,PFE,Pfizer Inc,0.4709,,,,,,,finance-query,top_10,2026-09-19 16:49 UTC,ok
VVL,TSX,VANGUARD GLOB VAL FACTOR ETF,Vanguard Investments Canada Inc.,ACN,Accenture PLC Class A,0.469,,,,,,,finance-query,top_10,2026-09-19 16:49 UTC,ok
VBAL,TSX,VANGUARD BALANCED ETF PORTFOLIO,Vanguard Investments Canada Inc.,VUN.TO,Vanguard MStar US Total Market Index ETF,27.3774,,,,,,,finance-query,top_10,2026-09-19 16:49 UTC,ok
VBAL,TSX,VANGUARD BALANCED ETF PORTFOLIO,Vanguard Investments Canada Inc.,VAB.TO,Vanguard Canadian Aggregate Bond ETF,22.9395,,,,,,,finance-query,top_10,2026-09-19 16:49 UTC,ok
VBAL,TSX,VANGUARD BALANCED ETF PORTFOLIO,Vanguard Investments Canada Inc.,VCN.TO,Vanguard FTSE Canada All Cap ETF,18.5415,,,,,,,finance-query,top_10,2026-09-19 16:49 UTC,ok
VBAL,TSX,VANGUARD BALANCED ETF PORTFOLIO,Vanguard Investments Canada Inc.,VIU.TO,Vanguard FTSE Dev AC ex Nrth Amer ETF,11.0548,,,,,,,finance-query,top_10,2026-09-19 16:49 UTC,ok
VBAL,TSX,VANGUARD BALANCED ETF PORTFOLIO,Vanguard Investments Canada Inc.,VBG.NE,Vanguard Global ex-US Aggt Bd ETF CAD-H,7.8438,,,,,,,finance-query,top_10,2026-09-19 16:49 UTC,ok
VBAL,TSX,VANGUARD BALANCED ETF PORTFOLIO,Vanguard Investments Canada Inc.,VBU.NE,Vanguard US Aggregate Bond ETF CAD-H,7.589,,,,,,,finance-query,top_10,2026-09-19 16:49 UTC,ok
VBAL,TSX,VANGUARD BALANCED ETF PORTFOLIO,Vanguard Investments Canada Inc.,VEE.TO,Vanguard FTSE Emerging Mkts All Cap ETF,4.6539,,,,,,,finance-query,top_10,2026-09-19 16:49 UTC,ok
VCNS,TSX,VANGUARD CONSERVATIVE ETF PORTF,Vanguard Investments Canada Inc.,VAB.TO,Vanguard Canadian Aggregate Bond ETF,34.7186,,,,,,,finance-query,top_10,2026-09-19 16:49 UTC,ok
VCNS,TSX,VANGUARD CONSERVATIVE ETF PORTF,Vanguard Investments Canada Inc.,VUN.TO,Vanguard MStar US Total Market Index ETF,18.4081,,,,,,,finance-query,top_10,2026-09-19 16:49 UTC,ok
VCNS,TSX,VANGUARD CONSERVATIVE ETF PORTF,Vanguard Investments Canada Inc.,VCN.TO,Vanguard FTSE Canada All Cap ETF,12.5231,,,,,,,finance-query,top_10,2026-09-19 16:49 UTC,ok
VCNS,TSX,VANGUARD CONSERVATIVE ETF PORTF,Vanguard Investments Canada Inc.,VBG.NE,Vanguard Global ex-US Aggt Bd ETF CAD-H,12.0876,,,,,,,finance-query,top_10,2026-09-19 16:49 UTC,ok
VCNS,TSX,VANGUARD CONSERVATIVE ETF PORTF,Vanguard Investments Canada Inc.,VBU.NE,Vanguard US Aggregate Bond ETF CAD-H,11.5671,,,,,,,finance-query,top_10,2026-09-19 16:49 UTC,ok
VCNS,TSX,VANGUARD CONSERVATIVE ETF PORTF,Vanguard Investments Canada Inc.,VIU.TO,Vanguard FTSE Dev AC ex Nrth Amer ETF,7.4582,,,,,,,finance-query,top_10,2026-09-19 16:49 UTC,ok
VCNS,TSX,VANGUARD CONSERVATIVE ETF PORTF,Vanguard Investments Canada Inc.,VEE.TO,Vanguard FTSE Emerging Mkts All Cap ETF,3.2374,,,,,,,finance-query,top_10,2026-09-19 16:49 UTC,ok
VGRO,TSX,VANGUARD GROWTH ETF PORTFOLIO,Vanguard Investments Canada Inc.,VUN.TO,Vanguard MStar US Total Market Index ETF,36.5211,,,,,,,finance-query,top_10,2026-09-19 16:49 UTC,ok
VGRO,TSX,VANGUARD GROWTH ETF PORTFOLIO,Vanguard Investments Canada Inc.,VCN.TO,Vanguard FTSE Canada All Cap ETF,24.7174,,,,,,,finance-query,top_10,2026-09-19 16:49 UTC,ok
VGRO,TSX,VANGUARD GROWTH ETF PORTFOLIO,Vanguard Investments Canada Inc.,VIU.TO,Vanguard FTSE Dev AC ex Nrth Amer ETF,14.7597,,,,,,,finance-query,top_10,2026-09-19 16:49 UTC,ok
VGRO,TSX,VANGUARD GROWTH ETF PORTFOLIO,Vanguard Investments Canada Inc.,VAB.TO,Vanguard Canadian Aggregate Bond ETF,11.1958,,,,,,,finance-query,top_10,2026-09-19 16:49 UTC,ok
VGRO,TSX,VANGUARD GROWTH ETF PORTFOLIO,Vanguard Investments Canada Inc.,VEE.TO,Vanguard FTSE Emerging Mkts All Cap ETF,5.6716,,,,,,,finance-query,top_10,2026-09-19 16:49 UTC,ok
VGRO,TSX,VANGUARD GROWTH ETF PORTFOLIO,Vanguard Investments Canada Inc.,VBG.NE,Vanguard Global ex-US Aggt Bd ETF CAD-H,3.6337,,,,,,,finance-query,top_10,2026-09-19 16:49 UTC,ok
VGRO,TSX,VANGUARD GROWTH ETF PORTFOLIO,Vanguard Investments Canada Inc.,VBU.NE,Vanguard US Aggregate Bond ETF CAD-H,3.5007,,,,,,,finance-query,top_10,2026-09-19 16:49 UTC,ok
VEQT,TSX,VANGUARD ALL EQUITY ETF PORTFOL,Vanguard Investments Canada Inc.,VUN.TO,Vanguard MStar US Total Market Index ETF,44.7808,,,,,,,finance-query,top_10,2026-09-19 16:49 UTC,ok
VEQT,TSX,VANGUARD ALL EQUITY ETF PORTFOL,Vanguard Investments Canada Inc.,VCN.TO,Vanguard FTSE Canada All Cap ETF,30.5891,,,,,,,finance-query,top_10,2026-09-19 16:49 UTC,ok
VEQT,TSX,VANGUARD ALL EQUITY ETF PORTFOL,Vanguard Investments Canada Inc.,VIU.TO,Vanguard FTSE Dev AC ex Nrth Amer ETF,17.6318,,,,,,,finance-query,top_10,2026-09-19 16:49 UTC,ok
VEQT,TSX,VANGUARD ALL EQUITY ETF PORTFOL,Vanguard Investments Canada Inc.,VEE.TO,Vanguard FTSE Emerging Mkts All Cap ETF,6.9983,,,,,,,finance-query,top_10,2026-09-19 16:49 UTC,ok
CAGS,TSX,WisdomTree Yield Enhanced Canada Short-Term Aggregate Bond Index ETF.,WisdomTree Canada,,,,,,,,,,finance-query,top_10,2026-09-19 16:49 UTC,no_holdings_found [CAGS.TO:200-no-holdings CAGS:404]
EHE,TSX,CI EUROPE HEDGED EQUITY INDEX E,WisdomTree Canada,BBVA.MC,Banco Bilbao Vizcaya Argentaria SA,7.0431,,,,,,,finance-query,top_10,2026-09-19 16:49 UTC,ok
EHE,TSX,CI EUROPE HEDGED EQUITY INDEX E,WisdomTree Canada,SAN.MC,Banco Santander SA,6.5531,,,,,,,finance-query,top_10,2026-09-19 16:49 UTC,ok
EHE,TSX,CI EUROPE HEDGED EQUITY INDEX E,WisdomTree Canada,ASML.AS,ASML Holding NV,6.377,,,,,,,finance-query,top_10,2026-09-19 16:49 UTC,ok
EHE,TSX,CI EUROPE HEDGED EQUITY INDEX E,WisdomTree Canada,SIE.DE,Siemens AG,4.299,,,,,,,finance-query,top_10,2026-09-19 16:49 UTC,ok
EHE,TSX,CI EUROPE HEDGED EQUITY INDEX E,WisdomTree Canada,DTE.DE,Deutsche Telekom AG,3.8827,,,,,,,finance-query,top_10,2026-09-19 16:49 UTC,ok
EHE,TSX,CI EUROPE HEDGED EQUITY INDEX E,WisdomTree Canada,MC.PA,Lvmh Moet Hennessy Louis Vuitton SE,3.7394,,,,,,,finance-query,top_10,2026-09-19 16:49 UTC,ok
EHE,TSX,CI EUROPE HEDGED EQUITY INDEX E,WisdomTree Canada,SAN.PA,Sanofi SA,3.6496,,,,,,,finance-query,top_10,2026-09-19 16:49 UTC,ok
EHE,TSX,CI EUROPE HEDGED EQUITY INDEX E,WisdomTree Canada,OR.PA,L'Oreal SA,3.1117,,,,,,,finance-query,top_10,2026-09-19 16:49 UTC,ok
EHE,TSX,CI EUROPE HEDGED EQUITY INDEX E,WisdomTree Canada,ABI.BR,Anheuser-Busch InBev SA/NV,2.4871,,,,,,,finance-query,top_10,2026-09-19 16:49 UTC,ok
EHE,TSX,CI EUROPE HEDGED EQUITY INDEX E,WisdomTree Canada,BAS.DE,Basf SE,2.2165,,,,,,,finance-query,top_10,2026-09-19 16:49 UTC,ok
CAGG,TSX,WisdomTree Yield Enhanced Canada Aggregate Bond Index ETF.,WisdomTree Canada,,,,,,,,,,finance-query,top_10,2026-09-19 16:49 UTC,no_holdings_found [CAGG.TO:200-no-holdings CAGG:404]
ONEQ,TSX,CI GLOBAL CORE PLUS EQUITY ETF,WisdomTree Canada,NVDA,NVIDIA Corp,9.673,,,,,,,finance-query,top_10,2026-09-19 16:49 UTC,ok
ONEQ,TSX,CI GLOBAL CORE PLUS EQUITY ETF,WisdomTree Canada,IQD.TO,CI Intl Qual DivGrETF,8.3726,,,,,,,finance-query,top_10,2026-09-19 16:49 UTC,ok
ONEQ,TSX,CI GLOBAL CORE PLUS EQUITY ETF,WisdomTree Canada,XMD.TO,iShares S&P/TSX Completion ETF,6.5299,,,,,,,finance-query,top_10,2026-09-19 16:49 UTC,ok
ONEQ,TSX,CI GLOBAL CORE PLUS EQUITY ETF,WisdomTree Canada,SCZ,iShares MSCI EAFE Small-Cap ETF,4.8141,,,,,,,finance-query,top_10,2026-09-19 16:49 UTC,ok
ONEQ,TSX,CI GLOBAL CORE PLUS EQUITY ETF,WisdomTree Canada,SU.TO,Suncor Energy Inc,3.393,,,,,,,finance-query,top_10,2026-09-19 16:49 UTC,ok
ONEQ,TSX,CI GLOBAL CORE PLUS EQUITY ETF,WisdomTree Canada,CRWD,CrowdStrike Holdings Inc Class A,3.3169,,,,,,,finance-query,top_10,2026-09-19 16:49 UTC,ok
ONEQ,TSX,CI GLOBAL CORE PLUS EQUITY ETF,WisdomTree Canada,CNQ.TO,Canadian Natural Resources Ltd,3.1699,,,,,,,finance-query,top_10,2026-09-19 16:49 UTC,ok
ONEQ,TSX,CI GLOBAL CORE PLUS EQUITY ETF,WisdomTree Canada,IEMG,iShares Core MSCI Emerging Markets ETF,3.1228,,,,,,,finance-query,top_10,2026-09-19 16:49 UTC,ok
ONEQ,TSX,CI GLOBAL CORE PLUS EQUITY ETF,WisdomTree Canada,L.TO,Loblaw Companies Ltd,3.0133,,,,,,,finance-query,top_10,2026-09-19 16:49 UTC,ok
ONEQ,TSX,CI GLOBAL CORE PLUS EQUITY ETF,WisdomTree Canada,GOOG,Alphabet Inc Class C,2.8546,,,,,,,finance-query,top_10,2026-09-19 16:49 UTC,ok
DRG.B,TSX,WisdomTree U.S. Quality Dividend Growth Index ETF.,WisdomTree Canada,,,,,,,,,,finance-query,top_10,2026-09-19 16:49 UTC,no_holdings_found [DRG.B.TO:404 DRG-B.TO:404 DRG.B:404]
EHE.B,TSX,CI EUROPE HEDGED EQUITY INDEX E,WisdomTree Canada,BBVA.MC,Banco Bilbao Vizcaya Argentaria SA,7.0431,,,,,,,finance-query,top_10,2026-09-19 16:49 UTC,ok
EHE.B,TSX,CI EUROPE HEDGED EQUITY INDEX E,WisdomTree Canada,SAN.MC,Banco Santander SA,6.5531,,,,,,,finance-query,top_10,2026-09-19 16:49 UTC,ok
EHE.B,TSX,CI EUROPE HEDGED EQUITY INDEX E,WisdomTree Canada,ASML.AS,ASML Holding NV,6.377,,,,,,,finance-query,top_10,2026-09-19 16:49 UTC,ok
EHE.B,TSX,CI EUROPE HEDGED EQUITY INDEX E,WisdomTree Canada,SIE.DE,Siemens AG,4.299,,,,,,,finance-query,top_10,2026-09-19 16:49 UTC,ok
EHE.B,TSX,CI EUROPE HEDGED EQUITY INDEX E,WisdomTree Canada,DTE.DE,Deutsche Telekom AG,3.8827,,,,,,,finance-query,top_10,2026-09-19 16:49 UTC,ok
EHE.B,TSX,CI EUROPE HEDGED EQUITY INDEX E,WisdomTree Canada,MC.PA,Lvmh Moet Hennessy Louis Vuitton SE,3.7394,,,,,,,finance-query,top_10,2026-09-19 16:49 UTC,ok
EHE.B,TSX,CI EUROPE HEDGED EQUITY INDEX E,WisdomTree Canada,SAN.PA,Sanofi SA,3.6496,,,,,,,finance-query,top_10,2026-09-19 16:49 UTC,ok
EHE.B,TSX,CI EUROPE HEDGED EQUITY INDEX E,WisdomTree Canada,OR.PA,L'Oreal SA,3.1117,,,,,,,finance-query,top_10,2026-09-19 16:49 UTC,ok
EHE.B,TSX,CI EUROPE HEDGED EQUITY INDEX E,WisdomTree Canada,ABI.BR,Anheuser-Busch InBev SA/NV,2.4871,,,,,,,finance-query,top_10,2026-09-19 16:49 UTC,ok
EHE.B,TSX,CI EUROPE HEDGED EQUITY INDEX E,WisdomTree Canada,BAS.DE,Basf SE,2.2165,,,,,,,finance-query,top_10,2026-09-19 16:49 UTC,ok
DRG,TSX,WisdomTree U.S. Quality Dividend Growth Index ETF.,WisdomTree Canada,,,,,,,,,,finance-query,top_10,2026-09-19 16:49 UTC,no_holdings_found [DRG.TO:404 DRG:200-no-holdings]
UMI,TSX,CI US MIDCAP DIVIDEND INDEX ETF,WisdomTree Canada,BEN,Franklin Templeton Inc,1.4123,,,,,,,finance-query,top_10,2026-09-19 16:49 UTC,ok
UMI,TSX,CI US MIDCAP DIVIDEND INDEX ETF,WisdomTree Canada,VTRS,Viatris Inc,1.3239,,,,,,,finance-query,top_10,2026-09-19 16:49 UTC,ok
UMI,TSX,CI US MIDCAP DIVIDEND INDEX ETF,WisdomTree Canada,BBY,Best Buy Co Inc,1.3037,,,,,,,finance-query,top_10,2026-09-19 16:49 UTC,ok
UMI,TSX,CI US MIDCAP DIVIDEND INDEX ETF,WisdomTree Canada,APA,APA Corp,1.2416,,,,,,,finance-query,top_10,2026-09-19 16:49 UTC,ok
UMI,TSX,CI US MIDCAP DIVIDEND INDEX ETF,WisdomTree Canada,DINO,HF Sinclair Corp,1.1753,,,,,,,finance-query,top_10,2026-09-19 16:49 UTC,ok
UMI,TSX,CI US MIDCAP DIVIDEND INDEX ETF,WisdomTree Canada,PR,Permian Resources Corp Class A,1.1065,,,,,,,finance-query,top_10,2026-09-19 16:49 UTC,ok
UMI,TSX,CI US MIDCAP DIVIDEND INDEX ETF,WisdomTree Canada,SWK,Stanley Black & Decker Inc,1.0598,,,,,,,finance-query,top_10,2026-09-19 16:49 UTC,ok
UMI,TSX,CI US MIDCAP DIVIDEND INDEX ETF,WisdomTree Canada,HAS,Hasbro Inc,1.0402,,,,,,,finance-query,top_10,2026-09-19 16:49 UTC,ok
UMI,TSX,CI US MIDCAP DIVIDEND INDEX ETF,WisdomTree Canada,OMC,Omnicom Group Inc,1.0339,,,,,,,finance-query,top_10,2026-09-19 16:49 UTC,ok
UMI,TSX,CI US MIDCAP DIVIDEND INDEX ETF,WisdomTree Canada,AFG,American Financial Group Inc,0.9716,,,,,,,finance-query,top_10,2026-09-19 16:49 UTC,ok
DQD,TSX,CI WISDOMTREE US QTY DIV GTH VA,WisdomTree Canada,MSFT,Microsoft Corp,7.8963,,,,,,,finance-query,top_10,2026-09-19 16:49 UTC,ok
DQD,TSX,CI WISDOMTREE US QTY DIV GTH VA,WisdomTree Canada,AAPL,Apple Inc,4.4604,,,,,,,finance-query,top_10,2026-09-19 16:49 UTC,ok
DQD,TSX,CI WISDOMTREE US QTY DIV GTH VA,WisdomTree Canada,ABBV,AbbVie Inc,3.9729,,,,,,,finance-query,top_10,2026-09-19 16:49 UTC,ok
DQD,TSX,CI WISDOMTREE US QTY DIV GTH VA,WisdomTree Canada,AVGO,Broadcom Inc,3.9625,,,,,,,finance-query,top_10,2026-09-19 16:49 UTC,ok
DQD,TSX,CI WISDOMTREE US QTY DIV GTH VA,WisdomTree Canada,JNJ,Johnson & Johnson,3.659,,,,,,,finance-query,top_10,2026-09-19 16:49 UTC,ok
DQD,TSX,CI WISDOMTREE US QTY DIV GTH VA,WisdomTree Canada,HD,The Home Depot Inc,3.1264,,,,,,,finance-query,top_10,2026-09-19 16:49 UTC,ok
DQD,TSX,CI WISDOMTREE US QTY DIV GTH VA,WisdomTree Canada,PG,Procter & Gamble Co,3.0141,,,,,,,finance-query,top_10,2026-09-19 16:49 UTC,ok
DQD,TSX,CI WISDOMTREE US QTY DIV GTH VA,WisdomTree Canada,NVDA,NVIDIA Corp,2.995,,,,,,,finance-query,top_10,2026-09-19 16:49 UTC,ok
DQD,TSX,CI WISDOMTREE US QTY DIV GTH VA,WisdomTree Canada,KO,Coca-Cola Co,2.5851,,,,,,,finance-query,top_10,2026-09-19 16:49 UTC,ok
DQD,TSX,CI WISDOMTREE US QTY DIV GTH VA,WisdomTree Canada,PEP,PepsiCo Inc,2.17,,,,,,,finance-query,top_10,2026-09-19 16:49 UTC,ok
IQD.B,TSX,CI INTL QUALITY DIV GROWTH INX ,WisdomTree Canada,7203.T,Toyota Motor Corp,4.6268,,,,,,,finance-query,top_10,2026-09-19 16:49 UTC,ok
IQD.B,TSX,CI INTL QUALITY DIV GROWTH INX ,WisdomTree Canada,BBVA.MC,Banco Bilbao Vizcaya Argentaria SA,3.5549,,,,,,,finance-query,top_10,2026-09-19 16:49 UTC,ok
IQD.B,TSX,CI INTL QUALITY DIV GROWTH INX ,WisdomTree Canada,ITX.MC,Industria De Diseno Textil SA Share From Split,3.4395,,,,,,,finance-query,top_10,2026-09-19 16:49 UTC,ok
IQD.B,TSX,CI INTL QUALITY DIV GROWTH INX ,WisdomTree Canada,BP.L,BP PLC,3.0587,,,,,,,finance-query,top_10,2026-09-19 16:49 UTC,ok
IQD.B,TSX,CI INTL QUALITY DIV GROWTH INX ,WisdomTree Canada,MC.PA,Lvmh Moet Hennessy Louis Vuitton SE,3.0292,,,,,,,finance-query,top_10,2026-09-19 16:49 UTC,ok
IQD.B,TSX,CI INTL QUALITY DIV GROWTH INX ,WisdomTree Canada,INGA.AS,ING Groep NV,2.7321,,,,,,,finance-query,top_10,2026-09-19 16:49 UTC,ok
IQD.B,TSX,CI INTL QUALITY DIV GROWTH INX ,WisdomTree Canada,ASML.AS,ASML Holding NV,2.4076,,,,,,,finance-query,top_10,2026-09-19 16:49 UTC,ok
IQD.B,TSX,CI INTL QUALITY DIV GROWTH INX ,WisdomTree Canada,DTE.DE,Deutsche Telekom AG,2.3687,,,,,,,finance-query,top_10,2026-09-19 16:49 UTC,ok
IQD.B,TSX,CI INTL QUALITY DIV GROWTH INX ,WisdomTree Canada,NOVO-B.CO,Novo Nordisk AS Class B,2.3306,,,,,,,finance-query,top_10,2026-09-19 16:49 UTC,ok
IQD.B,TSX,CI INTL QUALITY DIV GROWTH INX ,WisdomTree Canada,AZN.L,AstraZeneca PLC,2.1632,,,,,,,finance-query,top_10,2026-09-19 16:49 UTC,ok
IQD,TSX,CI INTL QUALITY DIV GROWTH INX ,WisdomTree Canada,7203.T,Toyota Motor Corp,4.6268,,,,,,,finance-query,top_10,2026-09-19 16:49 UTC,ok
IQD,TSX,CI INTL QUALITY DIV GROWTH INX ,WisdomTree Canada,BBVA.MC,Banco Bilbao Vizcaya Argentaria SA,3.5549,,,,,,,finance-query,top_10,2026-09-19 16:49 UTC,ok
IQD,TSX,CI INTL QUALITY DIV GROWTH INX ,WisdomTree Canada,ITX.MC,Industria De Diseno Textil SA Share From Split,3.4395,,,,,,,finance-query,top_10,2026-09-19 16:49 UTC,ok
IQD,TSX,CI INTL QUALITY DIV GROWTH INX ,WisdomTree Canada,BP.L,BP PLC,3.0587,,,,,,,finance-query,top_10,2026-09-19 16:49 UTC,ok
IQD,TSX,CI INTL QUALITY DIV GROWTH INX ,WisdomTree Canada,MC.PA,Lvmh Moet Hennessy Louis Vuitton SE,3.0292,,,,,,,finance-query,top_10,2026-09-19 16:49 UTC,ok
IQD,TSX,CI INTL QUALITY DIV GROWTH INX ,WisdomTree Canada,INGA.AS,ING Groep NV,2.7321,,,,,,,finance-query,top_10,2026-09-19 16:49 UTC,ok
IQD,TSX,CI INTL QUALITY DIV GROWTH INX ,WisdomTree Canada,ASML.AS,ASML Holding NV,2.4076,,,,,,,finance-query,top_10,2026-09-19 16:49 UTC,ok
IQD,TSX,CI INTL QUALITY DIV GROWTH INX ,WisdomTree Canada,DTE.DE,Deutsche Telekom AG,2.3687,,,,,,,finance-query,top_10,2026-09-19 16:49 UTC,ok
IQD,TSX,CI INTL QUALITY DIV GROWTH INX ,WisdomTree Canada,NOVO-B.CO,Novo Nordisk AS Class B,2.3306,,,,,,,finance-query,top_10,2026-09-19 16:49 UTC,ok
IQD,TSX,CI INTL QUALITY DIV GROWTH INX ,WisdomTree Canada,AZN.L,AstraZeneca PLC,2.1632,,,,,,,finance-query,top_10,2026-09-19 16:49 UTC,ok
DQI,TSX,CI WISDOMTREE INT QTY DIV GTH V,WisdomTree Canada,MC.PA,Lvmh Moet Hennessy Louis Vuitton SE,5.279,,,,,,,finance-query,top_10,2026-09-19 16:49 UTC,ok
DQI,TSX,CI WISDOMTREE INT QTY DIV GTH V,WisdomTree Canada,ITX.MC,Industria De Diseno Textil SA Share From Split,4.4536,,,,,,,finance-query,top_10,2026-09-19 16:49 UTC,ok
DQI,TSX,CI WISDOMTREE INT QTY DIV GTH V,WisdomTree Canada,ASML.AS,ASML Holding NV,4.0062,,,,,,,finance-query,top_10,2026-09-19 16:49 UTC,ok
DQI,TSX,CI WISDOMTREE INT QTY DIV GTH V,WisdomTree Canada,NOVN.SW,Novartis AG Registered Shares,3.4145,,,,,,,finance-query,top_10,2026-09-19 16:49 UTC,ok
DQI,TSX,CI WISDOMTREE INT QTY DIV GTH V,WisdomTree Canada,AZN.L,AstraZeneca PLC,3.1276,,,,,,,finance-query,top_10,2026-09-19 16:49 UTC,ok
DQI,TSX,CI WISDOMTREE INT QTY DIV GTH V,WisdomTree Canada,NOVO-B.CO,Novo Nordisk A/S Class B,2.9447,,,,,,,finance-query,top_10,2026-09-19 16:49 UTC,ok
DQI,TSX,CI WISDOMTREE INT QTY DIV GTH V,WisdomTree Canada,DHL.DE,DHL Group,2.9411,,,,,,,finance-query,top_10,2026-09-19 16:49 UTC,ok
DQI,TSX,CI WISDOMTREE INT QTY DIV GTH V,WisdomTree Canada,ROG.SW,Roche Holding AG,2.738,,,,,,,finance-query,top_10,2026-09-19 16:49 UTC,ok
DQI,TSX,CI WISDOMTREE INT QTY DIV GTH V,WisdomTree Canada,8035.T,Tokyo Electron Ltd,2.5446,,,,,,,finance-query,top_10,2026-09-19 16:49 UTC,ok
DQI,TSX,CI WISDOMTREE INT QTY DIV GTH V,WisdomTree Canada,DGE.L,Diageo PLC,2.5069,,,,,,,finance-query,top_10,2026-09-19 16:49 UTC,ok
HID,TSX,WISDOMTREE US HIGH DIV IDX ETF,WisdomTree Canada,PFE,Pfizer Inc,5.07,,,,,,,finance-query,top_10,2026-09-19 16:49 UTC,ok
HID,TSX,WISDOMTREE US HIGH DIV IDX ETF,WisdomTree Canada,T,AT&T Inc,4.97,,,,,,,finance-query,top_10,2026-09-19 16:49 UTC,ok
HID,TSX,WISDOMTREE US HIGH DIV IDX ETF,WisdomTree Canada,VZ,Verizon Communications Inc,4.89,,,,,,,finance-query,top_10,2026-09-19 16:49 UTC,ok
HID,TSX,WISDOMTREE US HIGH DIV IDX ETF,WisdomTree Canada,ABBV,AbbVie Inc,4.06,,,,,,,finance-query,top_10,2026-09-19 16:49 UTC,ok
HID,TSX,WISDOMTREE US HIGH DIV IDX ETF,WisdomTree Canada,IBM,International Business Machines Corp,3.67,,,,,,,finance-query,top_10,2026-09-19 16:49 UTC,ok
HID,TSX,WISDOMTREE US HIGH DIV IDX ETF,WisdomTree Canada,CVX,Chevron Corp,3.48,,,,,,,finance-query,top_10,2026-09-19 16:49 UTC,ok
HID,TSX,WISDOMTREE US HIGH DIV IDX ETF,WisdomTree Canada,WFC,Wells Fargo & Co,3.11,,,,,,,finance-query,top_10,2026-09-19 16:49 UTC,ok
HID,TSX,WISDOMTREE US HIGH DIV IDX ETF,WisdomTree Canada,PM,Philip Morris International Inc,3.02,,,,,,,finance-query,top_10,2026-09-19 16:49 UTC,ok
HID,TSX,WISDOMTREE US HIGH DIV IDX ETF,WisdomTree Canada,KO,Coca-Cola Co,2.96,,,,,,,finance-query,top_10,2026-09-19 16:49 UTC,ok
HID,TSX,WISDOMTREE US HIGH DIV IDX ETF,WisdomTree Canada,XOM,Exxon Mobil Corp,2.87,,,,,,,finance-query,top_10,2026-09-19 16:49 UTC,ok
HID.B,TSX,WISDOMTREE US HIGH DIV IDX ETF ,WisdomTree Canada,PFE,Pfizer Inc,5.07,,,,,,,finance-query,top_10,2026-09-19 16:49 UTC,ok
HID.B,TSX,WISDOMTREE US HIGH DIV IDX ETF ,WisdomTree Canada,T,AT&T Inc,4.97,,,,,,,finance-query,top_10,2026-09-19 16:49 UTC,ok
HID.B,TSX,WISDOMTREE US HIGH DIV IDX ETF ,WisdomTree Canada,VZ,Verizon Communications Inc,4.89,,,,,,,finance-query,top_10,2026-09-19 16:49 UTC,ok
HID.B,TSX,WISDOMTREE US HIGH DIV IDX ETF ,WisdomTree Canada,ABBV,AbbVie Inc,4.06,,,,,,,finance-query,top_10,2026-09-19 16:49 UTC,ok
HID.B,TSX,WISDOMTREE US HIGH DIV IDX ETF ,WisdomTree Canada,IBM,International Business Machines Corp,3.67,,,,,,,finance-query,top_10,2026-09-19 16:49 UTC,ok
HID.B,TSX,WISDOMTREE US HIGH DIV IDX ETF ,WisdomTree Canada,CVX,Chevron Corp,3.48,,,,,,,finance-query,top_10,2026-09-19 16:49 UTC,ok
HID.B,TSX,WISDOMTREE US HIGH DIV IDX ETF ,WisdomTree Canada,WFC,Wells Fargo & Co,3.11,,,,,,,finance-query,top_10,2026-09-19 16:49 UTC,ok
HID.B,TSX,WISDOMTREE US HIGH DIV IDX ETF ,WisdomTree Canada,PM,Philip Morris International Inc,3.02,,,,,,,finance-query,top_10,2026-09-19 16:49 UTC,ok
HID.B,TSX,WISDOMTREE US HIGH DIV IDX ETF ,WisdomTree Canada,KO,Coca-Cola Co,2.96,,,,,,,finance-query,top_10,2026-09-19 16:49 UTC,ok
HID.B,TSX,WISDOMTREE US HIGH DIV IDX ETF ,WisdomTree Canada,XOM,Exxon Mobil Corp,2.87,,,,,,,finance-query,top_10,2026-09-19 16:49 UTC,ok
DRGC,TSX,WisdomTree Canada Quality Dividend Growth Index ETF.,WisdomTree Canada,,,,,,,,,,finance-query,top_10,2026-09-19 16:49 UTC,no_holdings_found [DRGC.TO:404 DRGC:404]
EMV.B,TSX,CI EMERGING MARKETS DIV INDEX E,WisdomTree Canada,2330.TW,Taiwan Semiconductor Manufacturing Co Ltd,10.581,,,,,,,finance-query,top_10,2026-09-19 16:49 UTC,ok
EMV.B,TSX,CI EMERGING MARKETS DIV INDEX E,WisdomTree Canada,005930.KQ,Samsung Electronics Co Ltd,6.755,,,,,,,finance-query,top_10,2026-09-19 16:49 UTC,ok
EMV.B,TSX,CI EMERGING MARKETS DIV INDEX E,WisdomTree Canada,2454.TW,MediaTek Inc,2.3271,,,,,,,finance-query,top_10,2026-09-19 16:49 UTC,ok
EMV.B,TSX,CI EMERGING MARKETS DIV INDEX E,WisdomTree Canada,00939,China Construction Bank Corp Class H,1.9981,,,,,,,finance-query,top_10,2026-09-19 16:49 UTC,ok
EMV.B,TSX,CI EMERGING MARKETS DIV INDEX E,WisdomTree Canada,000660.KQ,SK hynix Inc,1.7708,,,,,,,finance-query,top_10,2026-09-19 16:49 UTC,ok
EMV.B,TSX,CI EMERGING MARKETS DIV INDEX E,WisdomTree Canada,01398,Industrial And Commercial Bank Of China Ltd Class H,1.289,,,,,,,finance-query,top_10,2026-09-19 16:49 UTC,ok
EMV.B,TSX,CI EMERGING MARKETS DIV INDEX E,WisdomTree Canada,2317.TW,Hon Hai Precision Industry Co Ltd,1.069,,,,,,,finance-query,top_10,2026-09-19 16:49 UTC,ok
EMV.B,TSX,CI EMERGING MARKETS DIV INDEX E,WisdomTree Canada,2303.TW,United Microelectronics Corp,0.9008,,,,,,,finance-query,top_10,2026-09-19 16:49 UTC,ok
EMV.B,TSX,CI EMERGING MARKETS DIV INDEX E,WisdomTree Canada,GFNORTEO.MX,Grupo Financiero Banorte SAB de CV Class O,0.8794,,,,,,,finance-query,top_10,2026-09-19 16:49 UTC,ok
EMV.B,TSX,CI EMERGING MARKETS DIV INDEX E,WisdomTree Canada,PKO.WA,PKO Bank Polski SA,0.8242,,,,,,,finance-query,top_10,2026-09-19 16:49 UTC,ok
UMI.B,TSX,CI US MIDCAP DIVIDEND INDEX ETF,WisdomTree Canada,BEN,Franklin Templeton Inc,1.4123,,,,,,,finance-query,top_10,2026-09-19 16:49 UTC,ok
UMI.B,TSX,CI US MIDCAP DIVIDEND INDEX ETF,WisdomTree Canada,VTRS,Viatris Inc,1.3239,,,,,,,finance-query,top_10,2026-09-19 16:49 UTC,ok
UMI.B,TSX,CI US MIDCAP DIVIDEND INDEX ETF,WisdomTree Canada,BBY,Best Buy Co Inc,1.3037,,,,,,,finance-query,top_10,2026-09-19 16:49 UTC,ok
UMI.B,TSX,CI US MIDCAP DIVIDEND INDEX ETF,WisdomTree Canada,APA,APA Corp,1.2416,,,,,,,finance-query,top_10,2026-09-19 16:49 UTC,ok
UMI.B,TSX,CI US MIDCAP DIVIDEND INDEX ETF,WisdomTree Canada,DINO,HF Sinclair Corp,1.1753,,,,,,,finance-query,top_10,2026-09-19 16:49 UTC,ok
UMI.B,TSX,CI US MIDCAP DIVIDEND INDEX ETF,WisdomTree Canada,PR,Permian Resources Corp Class A,1.1065,,,,,,,finance-query,top_10,2026-09-19 16:49 UTC,ok
UMI.B,TSX,CI US MIDCAP DIVIDEND INDEX ETF,WisdomTree Canada,SWK,Stanley Black & Decker Inc,1.0598,,,,,,,finance-query,top_10,2026-09-19 16:49 UTC,ok
UMI.B,TSX,CI US MIDCAP DIVIDEND INDEX ETF,WisdomTree Canada,HAS,Hasbro Inc,1.0402,,,,,,,finance-query,top_10,2026-09-19 16:49 UTC,ok
UMI.B,TSX,CI US MIDCAP DIVIDEND INDEX ETF,WisdomTree Canada,OMC,Omnicom Group Inc,1.0339,,,,,,,finance-query,top_10,2026-09-19 16:49 UTC,ok
UMI.B,TSX,CI US MIDCAP DIVIDEND INDEX ETF,WisdomTree Canada,AFG,American Financial Group Inc,0.9716,,,,,,,finance-query,top_10,2026-09-19 16:49 UTC,ok
PLV,TSX,INVESCO LOW VOL PORTFOLIO ETF,Invesco,PSB,Invesco 1-5 Yr Lad Invmt Gr Corp Bd ETF,29.6689,,,,,,,finance-query,top_10,2026-09-19 16:49 UTC,ok
PLV,TSX,INVESCO LOW VOL PORTFOLIO ETF,Invesco,TLV,Invesco S&P/TSX Composite Low Vol ETF,21.026,,,,,,,finance-query,top_10,2026-09-19 16:49 UTC,ok
PLV,TSX,INVESCO LOW VOL PORTFOLIO ETF,Invesco,IDLV,Invesco S&P Intl Dev Low Vol ETF,19.5221,,,,,,,finance-query,top_10,2026-09-19 16:49 UTC,ok
PLV,TSX,INVESCO LOW VOL PORTFOLIO ETF,Invesco,SPLV,Invesco S&P 500® Low Volatility ETF,15.7428,,,,,,,finance-query,top_10,2026-09-19 16:49 UTC,ok
PLV,TSX,INVESCO LOW VOL PORTFOLIO ETF,Invesco,EELV,Invesco S&P Emerging Markets Low Vol ETF,7.0046,,,,,,,finance-query,top_10,2026-09-19 16:49 UTC,ok
PLV,TSX,INVESCO LOW VOL PORTFOLIO ETF,Invesco,XMLV,Invesco S&P MidCap Low Volatility ETF,4.0097,,,,,,,finance-query,top_10,2026-09-19 16:49 UTC,ok
PLV,TSX,INVESCO LOW VOL PORTFOLIO ETF,Invesco,XSLV,Invesco S&P SmallCap Low Volatility ETF,2.9282,,,,,,,finance-query,top_10,2026-09-19 16:49 UTC,ok
PTB,TSX,INVESCO TACTICAL BOND ETF,Invesco,PSB.TO,Invesco 1-5 Yr Lad Invmt Gr Corp Bd ETF,44.71,,,,,,,finance-query,top_10,2026-09-19 16:49 UTC,ok
PTB,TSX,INVESCO TACTICAL BOND ETF,Invesco,PGL.TO,Invesco Long Term Government Bond ETF,31.36,,,,,,,finance-query,top_10,2026-09-19 16:49 UTC,ok
PTB,TSX,INVESCO TACTICAL BOND ETF,Invesco,PFH.F.TO,Invesco Fundamental High Yld Corp Bd ETF,15.22,,,,,,,finance-query,top_10,2026-09-19 16:49 UTC,ok
PTB,TSX,INVESCO TACTICAL BOND ETF,Invesco,PCY,Invesco Emerging Markets Sov Debt ETF,4.49,,,,,,,finance-query,top_10,2026-09-19 16:49 UTC,ok
PTB,TSX,INVESCO TACTICAL BOND ETF,Invesco,ZRR.TO,BMO Real Return Bond ETF,3.82,,,,,,,finance-query,top_10,2026-09-19 16:49 UTC,ok
PFL,TSX,"PowerShares 1-3 Year Laddered Floating Rate Note Index ETF, Jul 21 2014",Invesco,,,,,,,,,,finance-query,top_10,2026-09-19 16:49 UTC,no_holdings_found [PFL.TO:200-no-holdings PFL:200-no-holdings]
PSB,TSX,"PowerShares 1-5 Year Laddered Investment Grade Corporate Bond Index ETF, Jun 15 2011",Invesco,,,,,,,,,,finance-query,top_10,2026-09-19 16:49 UTC,no_holdings_found [PSB.TO:200-no-holdings PSB:200-no-holdings]
USB,TSX,"PowerShares LadderRite U.S. 0-5 Year Corporate Bond Index ETF - CAD, Jul 21 2014",Invesco,,,,,,,,,,finance-query,top_10,2026-09-19 16:49 UTC,no_holdings_found [USB.TO:200-no-holdings USB:200-no-holdings]
USB.U,TSX,"PowerShares LadderRite U.S. 0-5 Year Corporate Bond Index ETF - USD, Jul 21 2014",Invesco,,,,,,,,,,finance-query,top_10,2026-09-19 16:49 UTC,no_holdings_found [USB.U.TO:404 USB-U.TO:200-no-holdings USB.U:404]
PGL,TSX,"PowerShares Ultra Liquid Long Term Government Bond Index ETF, Jun 15 2011",Invesco,,,,,,,,,,finance-query,top_10,2026-09-19 16:50 UTC,no_holdings_found [PGL.TO:200-no-holdings PGL:200-no-holdings]
BKL,TSX,"PowerShares Senior Loan (CAD Hedged) Index ETF, Apr 16 2012",Invesco,,,,,,,,,,finance-query,top_10,2026-09-19 16:50 UTC,no_holdings_found [BKL.TO:200-no-holdings BKL:200-no-holdings]
PFH,TSX,"PowerShares Fundamental High Yield Corporate Bond (CAD Hedged) Index ETF, Jun 21 2011",Invesco,,,,,,,,,,finance-query,top_10,2026-09-19 16:50 UTC,no_holdings_found [PFH.TO:200-no-holdings PFH:200-no-holdings]
PPS,TSX,INVESCO CDN PREF SHARE IDX ETF,Invesco,PWF.PR.H,Power Financial Corp 5.75 % Non Cum Pfd Registered Shs Series -H-,5.4019,,,,,,,finance-query,top_10,2026-09-19 16:50 UTC,ok
PPS,TSX,INVESCO CDN PREF SHARE IDX ETF,Invesco,PWF.PR.G,Power Financial Corp 5.9 % Non Cum 1st Pfd Registered Shs Series -F-,2.7296,,,,,,,finance-query,top_10,2026-09-19 16:50 UTC,ok
PPS,TSX,INVESCO CDN PREF SHARE IDX ETF,Invesco,TD.PF.M,The Toronto-Dominion Bank FXDFR PRF PERPETUAL CAD 25 - Ser 24 (NVCC),2.4909,,,,,,,finance-query,top_10,2026-09-19 16:50 UTC,ok
PPS,TSX,INVESCO CDN PREF SHARE IDX ETF,Invesco,RY.PR.Z,Royal Bank of Canada Non-Cum First Pfd Shs Series -AZ-,2.2003,,,,,,,finance-query,top_10,2026-09-19 16:50 UTC,ok
PPS,TSX,INVESCO CDN PREF SHARE IDX ETF,Invesco,FTS.PR.M,Fortis Inc Cum Red 1st Pref Shs Series -M-,2.1673,,,,,,,finance-query,top_10,2026-09-19 16:50 UTC,ok
PPS,TSX,INVESCO CDN PREF SHARE IDX ETF,Invesco,TRP.PR.D,TC Energy Corp Floating Rate Cum Conv Red 1st Pfd Registered Shs Series -7-,2.1461,,,,,,,finance-query,top_10,2026-09-19 16:50 UTC,ok
PPS,TSX,INVESCO CDN PREF SHARE IDX ETF,Invesco,TD.PF.L,The Toronto-Dominion Bank FXDFR PRF PERPETUAL CAD 25 - Ser 22 (NVCC),1.9284,,,,,,,finance-query,top_10,2026-09-19 16:50 UTC,ok
PPS,TSX,INVESCO CDN PREF SHARE IDX ETF,Invesco,BMO.PR.F,Bank of Montreal FXDFR PRF PERPETUAL CAD 25 - Ser 46 Cls B NVCC,1.8845,,,,,,,finance-query,top_10,2026-09-19 16:50 UTC,ok
PPS,TSX,INVESCO CDN PREF SHARE IDX ETF,Invesco,BMO.PR.E,Bank of Montreal FXDFR PRF PERPETUAL CAD 25 - Ser 44 Cls B NVCC,1.8836,,,,,,,finance-query,top_10,2026-09-19 16:50 UTC,ok
PPS,TSX,INVESCO CDN PREF SHARE IDX ETF,Invesco,RY.PR.S,Royal Bank of Canada FXDFR PRF PERPETUAL CAD 25 - Ser BO NVCC,1.7977,,,,,,,finance-query,top_10,2026-09-19 16:50 UTC,ok
PDC,TSX,CI CDN DIV IDX ETF,Invesco,BNS.TO,Bank of Nova Scotia,9.0406,,,,,,,finance-query,top_10,2026-09-19 16:50 UTC,ok
PDC,TSX,CI CDN DIV IDX ETF,Invesco,TD,The Toronto-Dominion Bank,8.3784,,,,,,,finance-query,top_10,2026-09-19 16:50 UTC,ok
PDC,TSX,CI CDN DIV IDX ETF,Invesco,BMO.TO,Bank of Montreal,8.316,,,,,,,finance-query,top_10,2026-09-19 16:50 UTC,ok
PDC,TSX,CI CDN DIV IDX ETF,Invesco,CM.TO,Canadian Imperial Bank of Commerce,8.2399,,,,,,,finance-query,top_10,2026-09-19 16:50 UTC,ok
PDC,TSX,CI CDN DIV IDX ETF,Invesco,ENB.TO,Enbridge Inc,7.4169,,,,,,,finance-query,top_10,2026-09-19 16:50 UTC,ok
PDC,TSX,CI CDN DIV IDX ETF,Invesco,MFC.TO,Manulife Financial Corp,4.4298,,,,,,,finance-query,top_10,2026-09-19 16:50 UTC,ok
PDC,TSX,CI CDN DIV IDX ETF,Invesco,SLF.TO,Sun Life Financial Inc,4.3682,,,,,,,finance-query,top_10,2026-09-19 16:50 UTC,ok
PDC,TSX,CI CDN DIV IDX ETF,Invesco,CNQ.TO,Canadian Natural Resources Ltd,4.3682,,,,,,,finance-query,top_10,2026-09-19 16:50 UTC,ok
PDC,TSX,CI CDN DIV IDX ETF,Invesco,NTR.TO,Nutrien Ltd,4.3642,,,,,,,finance-query,top_10,2026-09-19 16:50 UTC,ok
PDC,TSX,CI CDN DIV IDX ETF,Invesco,PPL.TO,Pembina Pipeline Corp,4.136,,,,,,,finance-query,top_10,2026-09-19 16:50 UTC,ok
PSY,TSX,Defiance Next Gen Altered Exper,Invesco,CRON.TO,Cronos Group Inc,9.9788,,,,,,,finance-query,top_10,2026-09-19 16:50 UTC,ok
PSY,TSX,Defiance Next Gen Altered Exper,Invesco,CMPS,Compass Pathways PLC ADR,8.8839,,,,,,,finance-query,top_10,2026-09-19 16:50 UTC,ok
PSY,TSX,Defiance Next Gen Altered Exper,Invesco,ATAI,ATAI Life Sciences NV,7.476,,,,,,,finance-query,top_10,2026-09-19 16:50 UTC,ok
PSY,TSX,Defiance Next Gen Altered Exper,Invesco,MMED,Mind Medicine Inc Ordinary Shares Sub Voting,6.5634,,,,,,,finance-query,top_10,2026-09-19 16:50 UTC,ok
PSY,TSX,Defiance Next Gen Altered Exper,Invesco,GRWG,GrowGeneration Corp,6.4126,,,,,,,finance-query,top_10,2026-09-19 16:50 UTC,ok
PSY,TSX,Defiance Next Gen Altered Exper,Invesco,SEEL,Seelos Therapeutics Inc,6.1658,,,,,,,finance-query,top_10,2026-09-19 16:50 UTC,ok
PSY,TSX,Defiance Next Gen Altered Exper,Invesco,XXII,22nd Century Group Inc,5.6396,,,,,,,finance-query,top_10,2026-09-19 16:50 UTC,ok
PSY,TSX,Defiance Next Gen Altered Exper,Invesco,CRDL.TO,Cardiol Therapeutics Inc Class A,5.407,,,,,,,finance-query,top_10,2026-09-19 16:50 UTC,ok
PSY,TSX,Defiance Next Gen Altered Exper,Invesco,IIPR,Innovative Industrial Properties Inc Registered Shs,5.2381,,,,,,,finance-query,top_10,2026-09-19 16:50 UTC,ok
PSY,TSX,Defiance Next Gen Altered Exper,Invesco,CWEB.TO,Charlottes Web Holdings Inc Ordinary Shares,5.1531,,,,,,,finance-query,top_10,2026-09-19 16:50 UTC,ok
PSY.U,TSX,INVESCO GLB SHAREHLDR YIELD USD,Invesco,PID,Invesco International Div Achiev ETF,25.0723,,,,,,,finance-query,top_10,2026-09-19 16:50 UTC,ok
PSY.U,TSX,INVESCO GLB SHAREHLDR YIELD USD,Invesco,PFM,Invesco Dividend Achievers™ ETF,24.9479,,,,,,,finance-query,top_10,2026-09-19 16:50 UTC,ok
PSY.U,TSX,INVESCO GLB SHAREHLDR YIELD USD,Invesco,PKW,Invesco BuyBack Achievers ETF,24.8184,,,,,,,finance-query,top_10,2026-09-19 16:50 UTC,ok
PSY.U,TSX,INVESCO GLB SHAREHLDR YIELD USD,Invesco,IPKW,Invesco Intl BuyBack Achiev™ ETF,24.4903,,,,,,,finance-query,top_10,2026-09-19 16:50 UTC,ok
TLV,TSX,CI SP TSX COMP LOW VOL IDX ETF,Invesco,SRU-UN.TO,SmartCentres Real Estate Investment Trust Trust Units Variable Voting,2.8289,,,,,,,finance-query,top_10,2026-09-19 16:50 UTC,ok
TLV,TSX,CI SP TSX COMP LOW VOL IDX ETF,Invesco,CU.TO,Canadian Utilities Ltd Ordinary Shares - Class A,2.6079,,,,,,,finance-query,top_10,2026-09-19 16:50 UTC,ok
TLV,TSX,CI SP TSX COMP LOW VOL IDX ETF,Invesco,CRT-UN.TO,CT Real Estate Investment Trust,2.5604,,,,,,,finance-query,top_10,2026-09-19 16:50 UTC,ok
TLV,TSX,CI SP TSX COMP LOW VOL IDX ETF,Invesco,FTS.TO,Fortis Inc,2.5576,,,,,,,finance-query,top_10,2026-09-19 16:50 UTC,ok
TLV,TSX,CI SP TSX COMP LOW VOL IDX ETF,Invesco,RY,Royal Bank of Canada,2.535,,,,,,,finance-query,top_10,2026-09-19 16:50 UTC,ok
TLV,TSX,CI SP TSX COMP LOW VOL IDX ETF,Invesco,BNS.TO,Bank of Nova Scotia,2.5198,,,,,,,finance-query,top_10,2026-09-19 16:50 UTC,ok
TLV,TSX,CI SP TSX COMP LOW VOL IDX ETF,Invesco,H.TO,Hydro One Ltd,2.4797,,,,,,,finance-query,top_10,2026-09-19 16:50 UTC,ok
TLV,TSX,CI SP TSX COMP LOW VOL IDX ETF,Invesco,EMA.TO,Emera Inc,2.4434,,,,,,,finance-query,top_10,2026-09-19 16:50 UTC,ok
TLV,TSX,CI SP TSX COMP LOW VOL IDX ETF,Invesco,CRR-UN.TO,Crombie Real Estate Investment Trust,2.4158,,,,,,,finance-query,top_10,2026-09-19 16:50 UTC,ok
TLV,TSX,CI SP TSX COMP LOW VOL IDX ETF,Invesco,TD,The Toronto-Dominion Bank,2.4024,,,,,,,finance-query,top_10,2026-09-19 16:50 UTC,ok
ULV,TSX,"PowerShares S&P 500 Low Volatility (CAD Hedged) Index ETF, Jan 24 2012",Invesco,,,,,,,,,,finance-query,top_10,2026-09-19 16:50 UTC,no_holdings_found [ULV.TO:200-no-holdings ULV:200-no-holdings]
ILV,TSX,INVESCO SP INTL DEV LOW VOL IDX,Invesco,2702.T,McDonald's Holdings Co (Japan) Ltd,1.0918,,,,,,,finance-query,top_10,2026-09-19 16:50 UTC,ok
ILV,TSX,INVESCO SP INTL DEV LOW VOL IDX,Invesco,S68.SI,Singapore Exchange Ltd,0.7381,,,,,,,finance-query,top_10,2026-09-19 16:50 UTC,ok
ILV,TSX,INVESCO SP INTL DEV LOW VOL IDX,Invesco,O39.SI,Oversea-Chinese Banking Corp Ltd,0.7194,,,,,,,finance-query,top_10,2026-09-19 16:50 UTC,ok
ILV,TSX,INVESCO SP INTL DEV LOW VOL IDX,Invesco,9434.T,Softbank,0.7083,,,,,,,finance-query,top_10,2026-09-19 16:50 UTC,ok
ILV,TSX,INVESCO SP INTL DEV LOW VOL IDX,Invesco,C6L.SI,Singapore Airlines Ltd,0.6779,,,,,,,finance-query,top_10,2026-09-19 16:50 UTC,ok
ILV,TSX,INVESCO SP INTL DEV LOW VOL IDX,Invesco,TLS.AX,Telstra Group Ltd,0.6752,,,,,,,finance-query,top_10,2026-09-19 16:50 UTC,ok
ILV,TSX,INVESCO SP INTL DEV LOW VOL IDX,Invesco,3197.T,Skylark Holdings Co Ltd,0.6675,,,,,,,finance-query,top_10,2026-09-19 16:50 UTC,ok
ILV,TSX,INVESCO SP INTL DEV LOW VOL IDX,Invesco,3226.T,Nippon Accommodations Fund Inc,0.654,,,,,,,finance-query,top_10,2026-09-19 16:50 UTC,ok
ILV,TSX,INVESCO SP INTL DEV LOW VOL IDX,Invesco,S63.SI,Singapore Technologies Engineering Ltd,0.6398,,,,,,,finance-query,top_10,2026-09-19 16:50 UTC,ok
ILV,TSX,INVESCO SP INTL DEV LOW VOL IDX,Invesco,NOVN.SW,Novartis AG Registered Shares,0.6394,,,,,,,finance-query,top_10,2026-09-19 16:50 UTC,ok
ELV,TSX,INVESCO SP EMG MKTS LOW VOL IDX,Invesco,EELV,Invesco S&P Emerging Markets Low Vol ETF,99.0421,,,,,,,finance-query,top_10,2026-09-19 16:50 UTC,ok
PXC,TSX,CI RAFI CAD IDX ETF,Invesco,RY,Royal Bank of Canada,6.4788,,,,,,,finance-query,top_10,2026-09-19 16:50 UTC,ok
PXC,TSX,CI RAFI CAD IDX ETF,Invesco,TD,The Toronto-Dominion Bank,6.2294,,,,,,,finance-query,top_10,2026-09-19 16:50 UTC,ok
PXC,TSX,CI RAFI CAD IDX ETF,Invesco,SU.TO,Suncor Energy Inc,5.133,,,,,,,finance-query,top_10,2026-09-19 16:50 UTC,ok
PXC,TSX,CI RAFI CAD IDX ETF,Invesco,CNQ.TO,Canadian Natural Resources Ltd,5.008,,,,,,,finance-query,top_10,2026-09-19 16:50 UTC,ok
PXC,TSX,CI RAFI CAD IDX ETF,Invesco,BNS.TO,Bank of Nova Scotia,4.6962,,,,,,,finance-query,top_10,2026-09-19 16:50 UTC,ok
PXC,TSX,CI RAFI CAD IDX ETF,Invesco,ENB.TO,Enbridge Inc,4.2976,,,,,,,finance-query,top_10,2026-09-19 16:50 UTC,ok
PXC,TSX,CI RAFI CAD IDX ETF,Invesco,BMO.TO,Bank of Montreal,3.459,,,,,,,finance-query,top_10,2026-09-19 16:50 UTC,ok
PXC,TSX,CI RAFI CAD IDX ETF,Invesco,CVE.TO,Cenovus Energy Inc,3.4471,,,,,,,finance-query,top_10,2026-09-19 16:50 UTC,ok
PXC,TSX,CI RAFI CAD IDX ETF,Invesco,NTR.TO,Nutrien Ltd,3.3287,,,,,,,finance-query,top_10,2026-09-19 16:50 UTC,ok
PXC,TSX,CI RAFI CAD IDX ETF,Invesco,CM.TO,Canadian Imperial Bank of Commerce,2.8418,,,,,,,finance-query,top_10,2026-09-19 16:50 UTC,ok
PZC,TSX,INVESCO FTSE RAFI CDN SMALL MID,Invesco,IMG.TO,Iamgold Corp,2.7161,,,,,,,finance-query,top_10,2026-09-19 16:50 UTC,ok
PZC,TSX,INVESCO FTSE RAFI CDN SMALL MID,Invesco,BEPC.TO,Brookfield Renewable Corp Ordinary Shares - Class A (Sub Voting),2.5718,,,,,,,finance-query,top_10,2026-09-19 16:50 UTC,ok
PZC,TSX,INVESCO FTSE RAFI CDN SMALL MID,Invesco,GRT-UN.TO,Granite Real Estate Investment Trust Stapled Units Cons of 1 Shs of Granite,2.4358,,,,,,,finance-query,top_10,2026-09-19 16:50 UTC,ok
PZC,TSX,INVESCO FTSE RAFI CDN SMALL MID,Invesco,SRU-UN.TO,SmartCentres Real Estate Investment Trust Trust Units Variable Voting,2.3965,,,,,,,finance-query,top_10,2026-09-19 16:50 UTC,ok
PZC,TSX,INVESCO FTSE RAFI CDN SMALL MID,Invesco,CG.TO,Centerra Gold Inc,2.3159,,,,,,,finance-query,top_10,2026-09-19 16:50 UTC,ok
PZC,TSX,INVESCO FTSE RAFI CDN SMALL MID,Invesco,AGI.TO,Alamos Gold Inc Class A,2.2836,,,,,,,finance-query,top_10,2026-09-19 16:50 UTC,ok
PZC,TSX,INVESCO FTSE RAFI CDN SMALL MID,Invesco,RUS.TO,Russel Metals Inc,2.2714,,,,,,,finance-query,top_10,2026-09-19 16:50 UTC,ok
PZC,TSX,INVESCO FTSE RAFI CDN SMALL MID,Invesco,TXG.TO,Torex Gold Resources Inc,2.2536,,,,,,,finance-query,top_10,2026-09-19 16:50 UTC,ok
PZC,TSX,INVESCO FTSE RAFI CDN SMALL MID,Invesco,EQX.TO,Equinox Gold Corp Ordinary Shares Class A,2.2384,,,,,,,finance-query,top_10,2026-09-19 16:50 UTC,ok
PZC,TSX,INVESCO FTSE RAFI CDN SMALL MID,Invesco,PXT.TO,Parex Resources Inc,2.2096,,,,,,,finance-query,top_10,2026-09-19 16:50 UTC,ok
PXS,TSX,CI INVESCO RAFI US IDX ETF II,Invesco,PRF,Invesco RAFI US 1000 ETF,99.9272,,,,,,,finance-query,top_10,2026-09-19 16:50 UTC,ok
PXS.U,TSX,CI INVESCO RAFI US IDX ETF II U,Invesco,PRF,Invesco RAFI US 1000 ETF,99.9272,,,,,,,finance-query,top_10,2026-09-19 16:50 UTC,ok
PXU,TSX,"PowerShares FTSE RAFI US Fundamental (CAD Hedged) Index ETF, Jan 26 2012",Invesco,,,,,,,,,,finance-query,top_10,2026-09-19 16:50 UTC,no_holdings_found [PXU.TO:200-no-holdings PXU:200-no-holdings]
PXG,TSX,INVESCO FTSE RAFI GLOBAL PLUS E,Invesco,PRF,Invesco FTSE RAFI US 1000 ETF,48.5664,,,,,,,finance-query,top_10,2026-09-19 16:50 UTC,ok
PXG,TSX,INVESCO FTSE RAFI GLOBAL PLUS E,Invesco,PXF,Invesco FTSE RAFI Dev Mkts ex-US ETF,41.6356,,,,,,,finance-query,top_10,2026-09-19 16:50 UTC,ok
PXG,TSX,INVESCO FTSE RAFI GLOBAL PLUS E,Invesco,PXH,Invesco FTSE RAFI Emerging Markets ETF,8.9894,,,,,,,finance-query,top_10,2026-09-19 16:50 UTC,ok
PXG.U,TSX,INVESCO FTSE RAFI GLOBAL PLUS E,Invesco,PRF,Invesco FTSE RAFI US 1000 ETF,48.5664,,,,,,,finance-query,top_10,2026-09-19 16:50 UTC,ok
PXG.U,TSX,INVESCO FTSE RAFI GLOBAL PLUS E,Invesco,PXF,Invesco FTSE RAFI Dev Mkts ex-US ETF,41.6356,,,,,,,finance-query,top_10,2026-09-19 16:50 UTC,ok
PXG.U,TSX,INVESCO FTSE RAFI GLOBAL PLUS E,Invesco,PXH,Invesco FTSE RAFI Emerging Markets ETF,8.9894,,,,,,,finance-query,top_10,2026-09-19 16:50 UTC,ok
PZW,TSX,CI INVESCO RAFI GLB SMALL MID E,Invesco,PDN,Invesco RAFI Developed Mkts ex-US S-METF,50.1664,,,,,,,finance-query,top_10,2026-09-19 16:50 UTC,ok
PZW,TSX,CI INVESCO RAFI GLB SMALL MID E,Invesco,PRFZ,Invesco RAFI US 1500 Small-Mid ETF,49.3627,,,,,,,finance-query,top_10,2026-09-19 16:50 UTC,ok
PZW.U,TSX,INVESCO RAFI GLB SMALL MID ETF ,Invesco,PDN,Invesco RAFI Developed Mkts ex-US S-METF,50.1664,,,,,,,finance-query,top_10,2026-09-19 16:50 UTC,ok
PZW.U,TSX,INVESCO RAFI GLB SMALL MID ETF ,Invesco,PRFZ,Invesco RAFI US 1500 Small-Mid ETF,49.3627,,,,,,,finance-query,top_10,2026-09-19 16:50 UTC,ok
QQC.F,TSX,CI INVESCO NASDAQ 100 INDEX ETF,Invesco,QQQM,Invesco NASDAQ 100 ETF,99.5193,,,,,,,finance-query,top_10,2026-09-19 16:50 UTC,ok
FST,TSX,FIRST TRUST CDN CAPITAL STRENGT,First Trust,AEM.TO,Agnico Eagle Mines Ltd,5.3709,,,,,,,finance-query,top_10,2026-09-19 16:50 UTC,ok
FST,TSX,FIRST TRUST CDN CAPITAL STRENGT,First Trust,K.TO,Kinross Gold Corp,5.0073,,,,,,,finance-query,top_10,2026-09-19 16:50 UTC,ok
FST,TSX,FIRST TRUST CDN CAPITAL STRENGT,First Trust,WSP.TO,WSP Global Inc,4.2986,,,,,,,finance-query,top_10,2026-09-19 16:50 UTC,ok
FST,TSX,FIRST TRUST CDN CAPITAL STRENGT,First Trust,CVE.TO,Cenovus Energy Inc,4.2831,,,,,,,finance-query,top_10,2026-09-19 16:50 UTC,ok
FST,TSX,FIRST TRUST CDN CAPITAL STRENGT,First Trust,SHOP,Shopify Inc Registered Shs -A- Subord Vtg,4.2786,,,,,,,finance-query,top_10,2026-09-19 16:50 UTC,ok
FST,TSX,FIRST TRUST CDN CAPITAL STRENGT,First Trust,RUS.TO,Russel Metals Inc,4.2766,,,,,,,finance-query,top_10,2026-09-19 16:50 UTC,ok
FST,TSX,FIRST TRUST CDN CAPITAL STRENGT,First Trust,CNQ.TO,Canadian Natural Resources Ltd,4.1864,,,,,,,finance-query,top_10,2026-09-19 16:50 UTC,ok
FST,TSX,FIRST TRUST CDN CAPITAL STRENGT,First Trust,X.TO,TMX Group Ltd,4.0747,,,,,,,finance-query,top_10,2026-09-19 16:50 UTC,ok
FST,TSX,FIRST TRUST CDN CAPITAL STRENGT,First Trust,CSU.TO,Constellation Software Inc,3.9678,,,,,,,finance-query,top_10,2026-09-19 16:50 UTC,ok
FST,TSX,FIRST TRUST CDN CAPITAL STRENGT,First Trust,SU.TO,Suncor Energy Inc,3.9359,,,,,,,finance-query,top_10,2026-09-19 16:50 UTC,ok
FST.A,TSX,FIRST TRUST CDN CAPITAL STRENGT,First Trust,TFII.TO,TFI International Inc,4.68,,,,,,,finance-query,top_10,2026-09-19 16:50 UTC,ok
FST.A,TSX,FIRST TRUST CDN CAPITAL STRENGT,First Trust,CM.TO,Canadian Imperial Bank of Commerce,4.54,,,,,,,finance-query,top_10,2026-09-19 16:50 UTC,ok
FST.A,TSX,FIRST TRUST CDN CAPITAL STRENGT,First Trust,ATD.B.TO,Alimentation Couche-Tard Inc Class B,4.35,,,,,,,finance-query,top_10,2026-09-19 16:50 UTC,ok
FST.A,TSX,FIRST TRUST CDN CAPITAL STRENGT,First Trust,GOOS.TO,Canada Goose Holdings Inc,4.27,,,,,,,finance-query,top_10,2026-09-19 16:50 UTC,ok
FST.A,TSX,FIRST TRUST CDN CAPITAL STRENGT,First Trust,BCE.TO,BCE Inc,4.25,,,,,,,finance-query,top_10,2026-09-19 16:50 UTC,ok
FST.A,TSX,FIRST TRUST CDN CAPITAL STRENGT,First Trust,RY.TO,Royal Bank of Canada,4.2,,,,,,,finance-query,top_10,2026-09-19 16:50 UTC,ok
FST.A,TSX,FIRST TRUST CDN CAPITAL STRENGT,First Trust,TD.TO,The Toronto-Dominion Bank,4.16,,,,,,,finance-query,top_10,2026-09-19 16:50 UTC,ok
FST.A,TSX,FIRST TRUST CDN CAPITAL STRENGT,First Trust,BNS.TO,Bank of Nova Scotia,4.12,,,,,,,finance-query,top_10,2026-09-19 16:50 UTC,ok
FST.A,TSX,FIRST TRUST CDN CAPITAL STRENGT,First Trust,CP.TO,Canadian Pacific Railway Ltd,4.1,,,,,,,finance-query,top_10,2026-09-19 16:50 UTC,ok
FST.A,TSX,FIRST TRUST CDN CAPITAL STRENGT,First Trust,GIB.A.TO,CGI Inc Class A,4.1,,,,,,,finance-query,top_10,2026-09-19 16:50 UTC,ok
FDE,TSX,FIRST TRUST ALPHADEX EMG MKT DI,First Trust,FINV,FinVolution Group ADR,4.8972,,,,,,,finance-query,top_10,2026-09-19 16:50 UTC,ok
FDE,TSX,FIRST TRUST ALPHADEX EMG MKT DI,First Trust,GGB,Gerdau SA ADR,4.72,,,,,,,finance-query,top_10,2026-09-19 16:50 UTC,ok
FDE,TSX,FIRST TRUST ALPHADEX EMG MKT DI,First Trust,CIG,Energy Company of Minas Gerais ADR,4.5119,,,,,,,finance-query,top_10,2026-09-19 16:50 UTC,ok
FDE,TSX,FIRST TRUST ALPHADEX EMG MKT DI,First Trust,QFIN,360 DigiTech Inc ADR,4.4039,,,,,,,finance-query,top_10,2026-09-19 16:50 UTC,ok
FDE,TSX,FIRST TRUST ALPHADEX EMG MKT DI,First Trust,PBR,Petroleo Brasileiro SA Petrobras ADR,4.1358,,,,,,,finance-query,top_10,2026-09-19 16:50 UTC,ok
FDE,TSX,FIRST TRUST ALPHADEX EMG MKT DI,First Trust,SQM,Sociedad Quimica Y Minera De Chile SA ADR,4.124,,,,,,,finance-query,top_10,2026-09-19 16:50 UTC,ok
FDE,TSX,FIRST TRUST ALPHADEX EMG MKT DI,First Trust,ELP,Cia Paranaense De Energia Copel ADR,3.3093,,,,,,,finance-query,top_10,2026-09-19 16:50 UTC,ok
FDE,TSX,FIRST TRUST ALPHADEX EMG MKT DI,First Trust,EBR,Centrais Eletricas Brasileiras SA ADR,3.2402,,,,,,,finance-query,top_10,2026-09-19 16:50 UTC,ok
FDE,TSX,FIRST TRUST ALPHADEX EMG MKT DI,First Trust,SBS,Companhia De Saneamento Basico Do Estado De Sao Paulo ADR,3.1771,,,,,,,finance-query,top_10,2026-09-19 16:50 UTC,ok
FDE,TSX,FIRST TRUST ALPHADEX EMG MKT DI,First Trust,ASAI,Sendas Distribuidora SA ADR,3.1032,,,,,,,finance-query,top_10,2026-09-19 16:50 UTC,ok
FDE.A,TSX,FIRST TRUST ALPHADEX EMG MKT DI,First Trust,FINV,FinVolution Group ADR,5.28,,,,,,,finance-query,top_10,2026-09-19 16:50 UTC,ok
FDE.A,TSX,FIRST TRUST ALPHADEX EMG MKT DI,First Trust,VALE.SA,Vale SA ADR,4.5,,,,,,,finance-query,top_10,2026-09-19 16:50 UTC,ok
FDE.A,TSX,FIRST TRUST ALPHADEX EMG MKT DI,First Trust,CBD.SA,Companhia Brasileira De Distribuicao ADR (Ordinary Shares),4.33,,,,,,,finance-query,top_10,2026-09-19 16:50 UTC,ok
FDE.A,TSX,FIRST TRUST ALPHADEX EMG MKT DI,First Trust,SID.SA,Companhia Siderurgica Nacional ADR,4.29,,,,,,,finance-query,top_10,2026-09-19 16:50 UTC,ok
FDE.A,TSX,FIRST TRUST ALPHADEX EMG MKT DI,First Trust,TKC,Turkcell Iletisim Hizmetleri AS ADR,4.19,,,,,,,finance-query,top_10,2026-09-19 16:50 UTC,ok
FDE.A,TSX,FIRST TRUST ALPHADEX EMG MKT DI,First Trust,SNP,China Petroleum & Chemical Corp ADR,4.06,,,,,,,finance-query,top_10,2026-09-19 16:50 UTC,ok
FDE.A,TSX,FIRST TRUST ALPHADEX EMG MKT DI,First Trust,PTR,PetroChina Co Ltd ADR,4.05,,,,,,,finance-query,top_10,2026-09-19 16:50 UTC,ok
FDE.A,TSX,FIRST TRUST ALPHADEX EMG MKT DI,First Trust,ELP.SA,Cia Paranaense De Energia Copel ADR,4.04,,,,,,,finance-query,top_10,2026-09-19 16:50 UTC,ok
FDE.A,TSX,FIRST TRUST ALPHADEX EMG MKT DI,First Trust,GGB.SA,Gerdau SA ADR,3.93,,,,,,,finance-query,top_10,2026-09-19 16:50 UTC,ok
FDE.A,TSX,FIRST TRUST ALPHADEX EMG MKT DI,First Trust,VIV.SA,Telefonica Brasil SA ADR,3.39,,,,,,,finance-query,top_10,2026-09-19 16:50 UTC,ok
EUR,TSX,FIRST TRUST ALPHADEX EURO DIV I,First Trust,TTE,TotalEnergies SE ADR,5.4316,,,,,,,finance-query,top_10,2026-09-19 16:50 UTC,ok
EUR,TSX,FIRST TRUST ALPHADEX EURO DIV I,First Trust,EQNR,Equinor ASA ADR,5.3323,,,,,,,finance-query,top_10,2026-09-19 16:50 UTC,ok
EUR,TSX,FIRST TRUST ALPHADEX EURO DIV I,First Trust,SHEL,Shell PLC ADR (Representing - Ordinary Shares),5.0954,,,,,,,finance-query,top_10,2026-09-19 16:50 UTC,ok
EUR,TSX,FIRST TRUST ALPHADEX EURO DIV I,First Trust,E,Eni SpA ADR,5.0656,,,,,,,finance-query,top_10,2026-09-19 16:50 UTC,ok
EUR,TSX,FIRST TRUST ALPHADEX EURO DIV I,First Trust,RIO,Rio Tinto PLC ADR,4.7815,,,,,,,finance-query,top_10,2026-09-19 16:50 UTC,ok
EUR,TSX,FIRST TRUST ALPHADEX EURO DIV I,First Trust,BP,BP PLC ADR,4.5856,,,,,,,finance-query,top_10,2026-09-19 16:50 UTC,ok
EUR,TSX,FIRST TRUST ALPHADEX EURO DIV I,First Trust,BBVA,Banco Bilbao Vizcaya Argentaria SA ADR,4.3847,,,,,,,finance-query,top_10,2026-09-19 16:50 UTC,ok
EUR,TSX,FIRST TRUST ALPHADEX EURO DIV I,First Trust,MT,ArcelorMittal SA ADR,4.2781,,,,,,,finance-query,top_10,2026-09-19 16:50 UTC,ok
EUR,TSX,FIRST TRUST ALPHADEX EURO DIV I,First Trust,AZN,AstraZeneca PLC ADR,4.1854,,,,,,,finance-query,top_10,2026-09-19 16:50 UTC,ok
EUR,TSX,FIRST TRUST ALPHADEX EURO DIV I,First Trust,LYG,Lloyds Banking Group PLC ADR,4.0929,,,,,,,finance-query,top_10,2026-09-19 16:50 UTC,ok
EUR.A,TSX,FIRST TRUST ALPHADEX EURO DIV I,First Trust,ASML,ASML Holding NV ADR,5.86,,,,,,,finance-query,top_10,2026-09-19 16:50 UTC,ok
EUR.A,TSX,FIRST TRUST ALPHADEX EURO DIV I,First Trust,SNY.PA,Sanofi SA ADR,5.65,,,,,,,finance-query,top_10,2026-09-19 16:50 UTC,ok
EUR.A,TSX,FIRST TRUST ALPHADEX EURO DIV I,First Trust,VOD.L,Vodafone Group PLC ADR,5.48,,,,,,,finance-query,top_10,2026-09-19 16:50 UTC,ok
EUR.A,TSX,FIRST TRUST ALPHADEX EURO DIV I,First Trust,MT.SA,ArcelorMittal SA ADR,5.46,,,,,,,finance-query,top_10,2026-09-19 16:50 UTC,ok
EUR.A,TSX,FIRST TRUST ALPHADEX EURO DIV I,First Trust,ING,ING Groep NV ADR,5.43,,,,,,,finance-query,top_10,2026-09-19 16:50 UTC,ok
EUR.A,TSX,FIRST TRUST ALPHADEX EURO DIV I,First Trust,ORAN.PA,Orange SA ADR,5.35,,,,,,,finance-query,top_10,2026-09-19 16:50 UTC,ok
EUR.A,TSX,FIRST TRUST ALPHADEX EURO DIV I,First Trust,MFGP.L,Micro Focus International PLC ADR,4.04,,,,,,,finance-query,top_10,2026-09-19 16:50 UTC,ok
EUR.A,TSX,FIRST TRUST ALPHADEX EURO DIV I,First Trust,BTI.L,British American Tobacco PLC ADR,3.99,,,,,,,finance-query,top_10,2026-09-19 16:50 UTC,ok
EUR.A,TSX,FIRST TRUST ALPHADEX EURO DIV I,First Trust,WPP,WPP PLC ADR,3.91,,,,,,,finance-query,top_10,2026-09-19 16:50 UTC,ok
EUR.A,TSX,FIRST TRUST ALPHADEX EURO DIV I,First Trust,CS,Credit Suisse Group AG ADR,3.74,,,,,,,finance-query,top_10,2026-09-19 16:50 UTC,ok
FUD,TSX,FIRST TRUST VALUE LINE DIV IDX ,First Trust,WMB,Williams Companies Inc,0.4434,,,,,,,finance-query,top_10,2026-09-19 16:50 UTC,ok
FUD,TSX,FIRST TRUST VALUE LINE DIV IDX ,First Trust,BNS.TO,Bank of Nova Scotia,0.4423,,,,,,,finance-query,top_10,2026-09-19 16:50 UTC,ok
FUD,TSX,FIRST TRUST VALUE LINE DIV IDX ,First Trust,SJM,JM Smucker Co,0.4406,,,,,,,finance-query,top_10,2026-09-19 16:50 UTC,ok
FUD,TSX,FIRST TRUST VALUE LINE DIV IDX ,First Trust,KMI,Kinder Morgan Inc Class P,0.4364,,,,,,,finance-query,top_10,2026-09-19 16:50 UTC,ok
FUD,TSX,FIRST TRUST VALUE LINE DIV IDX ,First Trust,TD,The Toronto-Dominion Bank,0.4355,,,,,,,finance-query,top_10,2026-09-19 16:50 UTC,ok
FUD,TSX,FIRST TRUST VALUE LINE DIV IDX ,First Trust,CTSH,Cognizant Technology Solutions Corp Class A,0.4354,,,,,,,finance-query,top_10,2026-09-19 16:50 UTC,ok
FUD,TSX,FIRST TRUST VALUE LINE DIV IDX ,First Trust,PFE,Pfizer Inc,0.432,,,,,,,finance-query,top_10,2026-09-19 16:50 UTC,ok
FUD,TSX,FIRST TRUST VALUE LINE DIV IDX ,First Trust,CME,CME Group Inc Class A,0.4306,,,,,,,finance-query,top_10,2026-09-19 16:50 UTC,ok
FUD,TSX,FIRST TRUST VALUE LINE DIV IDX ,First Trust,ENB.TO,Enbridge Inc,0.4285,,,,,,,finance-query,top_10,2026-09-19 16:50 UTC,ok
FUD,TSX,FIRST TRUST VALUE LINE DIV IDX ,First Trust,INFY,Infosys Ltd ADR,0.4279,,,,,,,finance-query,top_10,2026-09-19 16:50 UTC,ok
FUD.A,TSX,FIRST TRUST VALUE LINE DIV IDX ,First Trust,AOS,A.O. Smith Corp,0.53,,,,,,,finance-query,top_10,2026-09-19 16:50 UTC,ok
FUD.A,TSX,FIRST TRUST VALUE LINE DIV IDX ,First Trust,GS,Goldman Sachs Group Inc,0.53,,,,,,,finance-query,top_10,2026-09-19 16:50 UTC,ok
FUD.A,TSX,FIRST TRUST VALUE LINE DIV IDX ,First Trust,MS,Morgan Stanley,0.53,,,,,,,finance-query,top_10,2026-09-19 16:50 UTC,ok
FUD.A,TSX,FIRST TRUST VALUE LINE DIV IDX ,First Trust,TSM.TW,Taiwan Semiconductor Manufacturing Co Ltd ADR,0.53,,,,,,,finance-query,top_10,2026-09-19 16:50 UTC,ok
FUD.A,TSX,FIRST TRUST VALUE LINE DIV IDX ,First Trust,ABT,Abbott Laboratories,0.52,,,,,,,finance-query,top_10,2026-09-19 16:50 UTC,ok
FUD.A,TSX,FIRST TRUST VALUE LINE DIV IDX ,First Trust,ADI,Analog Devices Inc,0.52,,,,,,,finance-query,top_10,2026-09-19 16:50 UTC,ok
FUD.A,TSX,FIRST TRUST VALUE LINE DIV IDX ,First Trust,CLX,Clorox Co,0.52,,,,,,,finance-query,top_10,2026-09-19 16:50 UTC,ok
FUD.A,TSX,FIRST TRUST VALUE LINE DIV IDX ,First Trust,HLI,Houlihan Lokey Inc Class A,0.52,,,,,,,finance-query,top_10,2026-09-19 16:50 UTC,ok
FUD.A,TSX,FIRST TRUST VALUE LINE DIV IDX ,First Trust,KMB,Kimberly-Clark Corp,0.52,,,,,,,finance-query,top_10,2026-09-19 16:50 UTC,ok
FUD.A,TSX,FIRST TRUST VALUE LINE DIV IDX ,First Trust,TROW,T. Rowe Price Group Inc,0.52,,,,,,,finance-query,top_10,2026-09-19 16:50 UTC,ok
FHD,TSX,FIRST TRUST ALPHADEX US CNSMR D,First Trust,CIBR,First Trust NASDAQ Cybersecurity ETF,99.84,,,,,,,finance-query,top_10,2026-09-19 16:50 UTC,ok
FHC,TSX,FIRST TRUST ALPHADEX US CONSMR ,First Trust,FDN,First Trust Dow Jones Internet ETF,100.08,,,,,,,finance-query,top_10,2026-09-19 16:50 UTC,ok
FHE,TSX,FIRST TRUST ALPHADEX US ENERGY ,First Trust,NXTG,First Trust IndXX NextG ETF,99.73,,,,,,,finance-query,top_10,2026-09-19 16:50 UTC,ok
FHF,TSX,FIRST TRUST ALPHADEX US FINANCI,First Trust,QCLN,First Trust NASDAQ® Cln Edge® GrnEngyETF,99.95,,,,,,,finance-query,top_10,2026-09-19 16:50 UTC,ok
FHH,TSX,FIRST TRUST ALPHADEX US HEALTH ,First Trust,REGN,Regeneron Pharmaceuticals Inc,2.7741,,,,,,,finance-query,top_10,2026-09-19 16:50 UTC,ok
FHH,TSX,FIRST TRUST ALPHADEX US HEALTH ,First Trust,PFE,Pfizer Inc,2.5926,,,,,,,finance-query,top_10,2026-09-19 16:50 UTC,ok
FHH,TSX,FIRST TRUST ALPHADEX US HEALTH ,First Trust,NTRA,Natera Inc,2.5708,,,,,,,finance-query,top_10,2026-09-19 16:50 UTC,ok
FHH,TSX,FIRST TRUST ALPHADEX US HEALTH ,First Trust,SOLV,Solventum Corp,2.5561,,,,,,,finance-query,top_10,2026-09-19 16:50 UTC,ok
FHH,TSX,FIRST TRUST ALPHADEX US HEALTH ,First Trust,ZBH,Zimmer Biomet Holdings Inc,2.5171,,,,,,,finance-query,top_10,2026-09-19 16:50 UTC,ok
FHH,TSX,FIRST TRUST ALPHADEX US HEALTH ,First Trust,UHS,Universal Health Services Inc Class B,2.4807,,,,,,,finance-query,top_10,2026-09-19 16:50 UTC,ok
FHH,TSX,FIRST TRUST ALPHADEX US HEALTH ,First Trust,BSX,Boston Scientific Corp,2.4513,,,,,,,finance-query,top_10,2026-09-19 16:50 UTC,ok
FHH,TSX,FIRST TRUST ALPHADEX US HEALTH ,First Trust,THC,Tenet Healthcare Corp,2.2991,,,,,,,finance-query,top_10,2026-09-19 16:50 UTC,ok
FHH,TSX,FIRST TRUST ALPHADEX US HEALTH ,First Trust,GH,Guardant Health Inc,2.295,,,,,,,finance-query,top_10,2026-09-19 16:50 UTC,ok
FHH,TSX,FIRST TRUST ALPHADEX US HEALTH ,First Trust,GMED,Globus Medical Inc Class A,2.2303,,,,,,,finance-query,top_10,2026-09-19 16:50 UTC,ok
FHG,TSX,FIRST TRUST ALPHADEX US INDUSTR,First Trust,ACN,Accenture PLC Class A,1.7414,,,,,,,finance-query,top_10,2026-09-19 16:50 UTC,ok
FHG,TSX,FIRST TRUST ALPHADEX US INDUSTR,First Trust,G,Genpact Ltd,1.5772,,,,,,,finance-query,top_10,2026-09-19 16:50 UTC,ok
FHG,TSX,FIRST TRUST ALPHADEX US INDUSTR,First Trust,PYPL,PayPal Holdings Inc,1.3928,,,,,,,finance-query,top_10,2026-09-19 16:50 UTC,ok
FHG,TSX,FIRST TRUST ALPHADEX US INDUSTR,First Trust,EXLS,ExlService Holdings Inc,1.3452,,,,,,,finance-query,top_10,2026-09-19 16:50 UTC,ok
FHG,TSX,FIRST TRUST ALPHADEX US INDUSTR,First Trust,ADT,ADT Inc,1.2983,,,,,,,finance-query,top_10,2026-09-19 16:50 UTC,ok
FHG,TSX,FIRST TRUST ALPHADEX US INDUSTR,First Trust,VNT,Vontier Corp Ordinary Shares,1.2683,,,,,,,finance-query,top_10,2026-09-19 16:50 UTC,ok
FHG,TSX,FIRST TRUST ALPHADEX US INDUSTR,First Trust,FISV,Fiserv Inc,1.2411,,,,,,,finance-query,top_10,2026-09-19 16:50 UTC,ok
FHG,TSX,FIRST TRUST ALPHADEX US INDUSTR,First Trust,GPK,Graphic Packaging Holding Co,1.21,,,,,,,finance-query,top_10,2026-09-19 16:50 UTC,ok
FHG,TSX,FIRST TRUST ALPHADEX US INDUSTR,First Trust,MHK,Mohawk Industries Inc,1.2071,,,,,,,finance-query,top_10,2026-09-19 16:50 UTC,ok
FHG,TSX,FIRST TRUST ALPHADEX US INDUSTR,First Trust,FIS,Fidelity National Information Services Inc,1.1974,,,,,,,finance-query,top_10,2026-09-19 16:50 UTC,ok
FHM,TSX,FIRST TRUST ALPHADEX US MATERIA,First Trust,FBT,First Trust NYSE Arca Biotech ETF,99.89,,,,,,,finance-query,top_10,2026-09-19 16:50 UTC,ok
FHQ,TSX,FIRST TRUST ALPHADEX US TECHNOL,First Trust,CTSH,Cognizant Technology Solutions Corp Class A,2.5537,,,,,,,finance-query,top_10,2026-09-19 16:50 UTC,ok
FHQ,TSX,FIRST TRUST ALPHADEX US TECHNOL,First Trust,EPAM,EPAM Systems Inc,2.2744,,,,,,,finance-query,top_10,2026-09-19 16:50 UTC,ok
FHQ,TSX,FIRST TRUST ALPHADEX US TECHNOL,First Trust,PTC,PTC Inc,2.0997,,,,,,,finance-query,top_10,2026-09-19 16:50 UTC,ok
FHQ,TSX,FIRST TRUST ALPHADEX US TECHNOL,First Trust,LDOS,Leidos Holdings Inc,2.0852,,,,,,,finance-query,top_10,2026-09-19 16:50 UTC,ok
FHQ,TSX,FIRST TRUST ALPHADEX US TECHNOL,First Trust,DOX,Amdocs Ltd,1.911,,,,,,,finance-query,top_10,2026-09-19 16:50 UTC,ok
FHQ,TSX,FIRST TRUST ALPHADEX US TECHNOL,First Trust,ADBE,Adobe Inc,1.7497,,,,,,,finance-query,top_10,2026-09-19 16:50 UTC,ok
FHQ,TSX,FIRST TRUST ALPHADEX US TECHNOL,First Trust,ZM,Zoom Communications Inc,1.7156,,,,,,,finance-query,top_10,2026-09-19 16:50 UTC,ok
FHQ,TSX,FIRST TRUST ALPHADEX US TECHNOL,First Trust,RNG,RingCentral Inc Class A,1.6412,,,,,,,finance-query,top_10,2026-09-19 16:50 UTC,ok
FHQ,TSX,FIRST TRUST ALPHADEX US TECHNOL,First Trust,DELL,Dell Technologies Inc Ordinary Shares - Class C,1.6191,,,,,,,finance-query,top_10,2026-09-19 16:50 UTC,ok
FHQ,TSX,FIRST TRUST ALPHADEX US TECHNOL,First Trust,PATH,UiPath Inc Class A,1.5783,,,,,,,finance-query,top_10,2026-09-19 16:50 UTC,ok
FHU,TSX,FIRST TRUST ALPHADEX US UTILITI,First Trust,SKYY,First Trust Cloud Computing ETF,99.86,,,,,,,finance-query,top_10,2026-09-19 16:50 UTC,ok
FSL,TSX,FIRST TRUST SENIOR LOAN ETF,First Trust,FTSL,First Trust Senior Loan ETF,99.2437,,,,,,,finance-query,top_10,2026-09-19 16:50 UTC,ok
FSL.A,TSX,FIRST TRUST SENIOR LOAN ETF ADV,First Trust,FTSL,First Trust Senior Loan ETF,99.5,,,,,,,finance-query,top_10,2026-09-19 16:50 UTC,ok
FSL.A,TSX,FIRST TRUST SENIOR LOAN ETF ADV,First Trust,,MALLINCKRODT INTL TLB USD,0.0,,,,,,,finance-query,top_10,2026-09-19 16:50 UTC,ok
FSL.A,TSX,FIRST TRUST SENIOR LOAN ETF ADV,First Trust,SCU,Sculptor Capital Management Inc Class A,0.0,,,,,,,finance-query,top_10,2026-09-19 16:50 UTC,ok
FHY,TSX,First Trust Short Duration High Yield Bond ETF (CAD-Hedged),First Trust,,,,,,,,,,finance-query,top_10,2026-09-19 16:50 UTC,no_holdings_found [FHY.TO:200-no-holdings FHY:no-response]
FHY.A,TSX,First Trust Short Duration High Yield Bond ETF (CAD-Hedged),First Trust,,,,,,,,,,finance-query,top_10,2026-09-19 16:50 UTC,no_holdings_found [FHY.A.TO:404 FHY-A.TO:200-no-holdings FHY.A:404]
ETP,TSX,FIRST TRUST GLOBAL RISK MANAGED,First Trust,CPD.TO,iShares S&P/TSX Cdn Prefr Shr ETF Comm,21.4902,,,,,,,finance-query,top_10,2026-09-19 16:50 UTC,ok
ETP,TSX,FIRST TRUST GLOBAL RISK MANAGED,First Trust,ZHY.TO,BMO High Yld US Corp Bd Hdgd to CAD ETF,17.8867,,,,,,,finance-query,top_10,2026-09-19 16:50 UTC,ok
ETP,TSX,FIRST TRUST GLOBAL RISK MANAGED,First Trust,ZEF.TO,BMO Emerging Markets Bd Hdgd to CAD ETF,10.7185,,,,,,,finance-query,top_10,2026-09-19 16:50 UTC,ok
ETP,TSX,FIRST TRUST GLOBAL RISK MANAGED,First Trust,CVD.TO,iShares Convertible Bond ETF Comm,10.5874,,,,,,,finance-query,top_10,2026-09-19 16:50 UTC,ok
ETP,TSX,FIRST TRUST GLOBAL RISK MANAGED,First Trust,VSB.TO,Vanguard Canadian Short-Term Bond ETF,6.893,,,,,,,finance-query,top_10,2026-09-19 16:50 UTC,ok
ETP,TSX,FIRST TRUST GLOBAL RISK MANAGED,First Trust,XCB.TO,iShares Core Canadian Corporate Bd ETF,4.9014,,,,,,,finance-query,top_10,2026-09-19 16:50 UTC,ok
ETP,TSX,FIRST TRUST GLOBAL RISK MANAGED,First Trust,ZIC.TO,BMO Mid-Term US IG Corp Bond ETF (CAD),3.8698,,,,,,,finance-query,top_10,2026-09-19 16:50 UTC,ok
ETP,TSX,FIRST TRUST GLOBAL RISK MANAGED,First Trust,HBB.TO,Global X Canadian SelUniverseBdCorpClETF,3.6382,,,,,,,finance-query,top_10,2026-09-19 16:50 UTC,ok
ETP,TSX,FIRST TRUST GLOBAL RISK MANAGED,First Trust,XEI.TO,iShares S&P/TSX Composite High Div ETF,3.0368,,,,,,,finance-query,top_10,2026-09-19 16:50 UTC,ok
ETP,TSX,FIRST TRUST GLOBAL RISK MANAGED,First Trust,ZRE.TO,BMO Equal Weight REITs ETF,2.7692,,,,,,,finance-query,top_10,2026-09-19 16:50 UTC,ok
ETP.A,TSX,FIRST TRUST GLB RISK MANAGED IN,First Trust,ZEF.TO,BMO Emerging Markets Bd Hdgd to CAD ETF,12.6,,,,,,,finance-query,top_10,2026-09-19 16:50 UTC,ok
ETP.A,TSX,FIRST TRUST GLB RISK MANAGED IN,First Trust,ZHY.TO,BMO High Yld US Corp Bd Hdgd to CAD ETF,11.95,,,,,,,finance-query,top_10,2026-09-19 16:50 UTC,ok
ETP.A,TSX,FIRST TRUST GLB RISK MANAGED IN,First Trust,CPD.TO,iShares S&P/TSX Cdn Prefr Shr ETF Comm,11.28,,,,,,,finance-query,top_10,2026-09-19 16:50 UTC,ok
ETP.A,TSX,FIRST TRUST GLB RISK MANAGED IN,First Trust,CVD.TO,iShares Convertible Bond ETF Comm,9.68,,,,,,,finance-query,top_10,2026-09-19 16:50 UTC,ok
ETP.A,TSX,FIRST TRUST GLB RISK MANAGED IN,First Trust,VSB.TO,Vanguard Canadian Short-Term Bond ETF,7.99,,,,,,,finance-query,top_10,2026-09-19 16:50 UTC,ok
ETP.A,TSX,FIRST TRUST GLB RISK MANAGED IN,First Trust,FSL.TO,FT Senior Loan ETF CAD Hdg Comm,6.21,,,,,,,finance-query,top_10,2026-09-19 16:50 UTC,ok
ETP.A,TSX,FIRST TRUST GLB RISK MANAGED IN,First Trust,HBB.TO,Horizons CDN Select Universe Bond ETF,4.77,,,,,,,finance-query,top_10,2026-09-19 16:50 UTC,ok
ETP.A,TSX,FIRST TRUST GLB RISK MANAGED IN,First Trust,XCB.TO,iShares Core Canadian Corporate Bd ETF,4.15,,,,,,,finance-query,top_10,2026-09-19 16:50 UTC,ok
ETP.A,TSX,FIRST TRUST GLB RISK MANAGED IN,First Trust,ZRE.TO,BMO Equal Weight REITs ETF,3.77,,,,,,,finance-query,top_10,2026-09-19 16:50 UTC,ok
ETP.A,TSX,FIRST TRUST GLB RISK MANAGED IN,First Trust,XEI.TO,iShares S&P/TSX Composite High Div ETF,3.76,,,,,,,finance-query,top_10,2026-09-19 16:50 UTC,ok
FTB,TSX,FIRST TRUST TACTICAL BOND INDEX,First Trust,ZFL,BMO Long Federal Bond ETF,20.082,,,,,,,finance-query,top_10,2026-09-19 16:50 UTC,ok
FTB,TSX,FIRST TRUST TACTICAL BOND INDEX,First Trust,XCB,iShares Core Canadian Corporate Bd ETF,19.9462,,,,,,,finance-query,top_10,2026-09-19 16:50 UTC,ok
FTB,TSX,FIRST TRUST TACTICAL BOND INDEX,First Trust,ZAG,BMO Aggregate Bond ETF,19.9407,,,,,,,finance-query,top_10,2026-09-19 16:50 UTC,ok
FTB,TSX,FIRST TRUST TACTICAL BOND INDEX,First Trust,XGB,iShares Core Canadian Government Bd ETF,19.8715,,,,,,,finance-query,top_10,2026-09-19 16:50 UTC,ok
FTB,TSX,FIRST TRUST TACTICAL BOND INDEX,First Trust,XFR,iShares Floating Rate ETF,19.6642,,,,,,,finance-query,top_10,2026-09-19 16:50 UTC,ok
FSR,TSX,FIRST TRUST DW US SCTR RTN IDX ,First Trust,FDL,First Trust Morningstar Div Leaders ETF,99.74,,,,,,,finance-query,top_10,2026-09-19 16:50 UTC,ok
