TICKER,HOLDING_TICKER,HOLDING_NAME,WEIGHT_PCT,AS_OF_DATE
DCU,,Canada Government 2.75% 01-Sep-2030,1.45,2026-09-17
DCU,,Canada Government 2.75% 01-Mar-2031,1.42,2026-09-17
DCU,,Canada Government 1.25% 01-Jun-2030,1.42,2026-09-17
DCU,,Canada Government 3.25% 01-Dec-2035,1.41,2026-09-17
DCU,,Canada Government 3.25% 01-Jun-2036,1.39,2026-09-17
DCU,,Canada Government 1.50% 01-Jun-2031,1.35,2026-09-17
DCU,,Canada Government 3.25% 01-Jun-2035,1.32,2026-09-17
DCU,,Canada Government 0.50% 01-Dec-2030,1.24,2026-09-17
DCU,,Canada Government 2.00% 01-Dec-2051,1.19,2026-09-17
DCU,,Canada Government 3.00% 01-Sep-2031,1.19,2026-09-17
DCU,,Canada Government 3.00% 01-Jun-2034,1.13,2026-09-17
DCU,,Canada Government 2.75% 01-Mar-2030,1.13,2026-09-17
DCU,,Canada Government 3.50% 01-Dec-2057,1.09,2026-09-17
DCU,,Canada Government 3.50% 01-Sep-2029,1.07,2026-09-17
DCU,,Canada Government 2.25% 01-Feb-2028,1.04,2026-09-17
DCU,,Canada Government 3.25% 01-Dec-2034,1.02,2026-09-17
DCU,,Canada Government 2.50% 01-May-2028,1.02,2026-09-17
DCU,,Canada Government 1.50% 01-Dec-2031,1.01,2026-09-17
DCU,,Canada Government 2.50% 01-Nov-2027,0.98,2026-09-17
DCU,,Canada Government 4.00% 01-Mar-2029,0.97,2026-09-17
DCU,,Canada Government 2.75% 01-Aug-2028,0.96,2026-09-17
DCU,,CANADA HOUSING TRUST 3.20 % 15-06-2031,0.89,2026-09-17
DCU,,Canada Housing Trust No 1 4.25% 15-Mar-2034,0.80,2026-09-17
DCU,,Canada Government 2.00% 01-Jun-2032,0.78,2026-09-17
DCU,,Canada Government 2.75% 01-Dec-2055,0.77,2026-09-17
DCU,,Canada Government 3.25% 01-Sep-2028,0.74,2026-09-17
DCU,,Canada Government 3.25% 01-Dec-2033,0.73,2026-09-17
DCU,,Canada Government 2.50% 01-Dec-2032,0.70,2026-09-17
DCU,,Canada Government 2.75% 01-Jun-2033,0.69,2026-09-17
DCU,,Canada Government 1.75% 01-Dec-2053,0.67,2026-09-17
DCU,,Canada Housing Trust No 1 3.70% 15-Jun-2029,0.60,2026-09-17
DCU,,CANADA HOUSING TRUST 2.85 % 15-12-2030,0.57,2026-09-17
DCU,,Canada Housing Trust No 1 2.85% 15-Jun-2030,0.55,2026-09-17
DCU,,CANADIAN GOVERNMENT 3.50 % 01-12-2036,0.53,2026-09-17
DCU,,Canada Government 3.50% 01-Dec-2045,0.53,2026-09-17
DCU,,Canada Housing Trust No 1 2.90% 15-Dec-2029,0.53,2026-09-17
DCU,,Canada Government 2.75% 01-Sep-2027,0.53,2026-09-17
DCU,,Quebec Province 4.40% 01-Dec-2055,0.52,2026-09-17
DCU,,Canada Government 3.50% 01-Mar-2028,0.51,2026-09-17
DCU,,Canada Government 5.00% 01-Jun-2037,0.47,2026-09-17
DCU,,Canada Government 2.00% 01-Jun-2028,0.47,2026-09-17
DCU,,Canada Government 2.25% 01-Jun-2029,0.47,2026-09-17
DCU,,Canada Government 4.00% 01-Jun-2041,0.46,2026-09-17
DCU,,Ontario Province 4.15% 02-Jun-2034,0.45,2026-09-17
DCU,,Ontario Province 3.65% 02-Jun-2033,0.44,2026-09-17
DCU,,CANADA HOUSING TRUST 3.80 % 15-09-2036,0.44,2026-09-17
DCU,,Quebec Province 4.45% 01-Sep-2034,0.44,2026-09-17
DCU,,Canada Housing Trust No 1 3.50% 15-Dec-2034,0.43,2026-09-17
DCU,,Canada Government 2.75% 01-Dec-2048,0.43,2026-09-17
DCU,,Quebec Province 3.60% 01-Sep-2033,0.43,2026-09-17
DCU,,CANADA HOUSING TRUST 3.50 % 15-03-2036,0.42,2026-09-17
DCU,,Canada Government 5.75% 01-Jun-2033,0.41,2026-09-17
DCU,,Ontario Province 4.45% 02-Dec-2056,0.41,2026-09-17
DCU,,Canada Housing Trust No 1 3.60% 15-Sep-2035,0.41,2026-09-17
DCU,,CANADIAN GOVERNMENT 3.00 % 01-11-2028,0.40,2026-09-17
DCU,,Ontario Province 2.05% 02-Jun-2030,0.40,2026-09-17
DCU,,Ontario Province 3.45% 02-Jun-2045,0.39,2026-09-17
DCU,,Canada Housing Trust No 1 3.55% 15-Sep-2032,0.39,2026-09-17
DCU,,Ontario Province 2.15% 02-Jun-2031,0.38,2026-09-17
DCU,,Ontario Province 2.90% 02-Dec-2046,0.37,2026-09-17
DCU,,Quebec Province 3.10% 01-Dec-2051,0.37,2026-09-17
DCU,,Canada Housing Trust No 1 1.75% 15-Jun-2030,0.37,2026-09-17
DCU,,Quebec Province 4.20% 01-Dec-2057,0.36,2026-09-17
DCU,,Ontario Province 3.75% 02-Jun-2032,0.35,2026-09-17
DCU,,Canada Housing Trust No 1 3.60% 15-Dec-2027,0.35,2026-09-17
DCU,,Ontario Province 4.65% 02-Jun-2041,0.34,2026-09-17
DCU,,Quebec Province 1.90% 01-Sep-2030,0.34,2026-09-17
DCU,,Quebec Province 4.00% 01-Sep-2035,0.34,2026-09-17
DCU,,Ontario Province 3.60% 02-Jun-2035,0.34,2026-09-17
DCU,,CANADA HOUSING TRUST,0.34,2026-09-17
DCU,,Ontario Province 2.90% 02-Jun-2028,0.33,2026-09-17
DCU,,ONTARIO (PROVINCE OF) 3.90 % 02-06-2036,0.33,2026-09-17
DCU,,Ontario Province 3.75% 02-Dec-2053,0.33,2026-09-17
DCU,,Quebec Province 3.50% 01-Dec-2048,0.32,2026-09-17
DCU,,Ontario Province 3.50% 02-Jun-2043,0.32,2026-09-17
DCU,,Ontario Province 4.60% 02-Jun-2039,0.32,2026-09-17
DCU,,Canada Housing Trust No 1 4.25% 15-Dec-2028,0.32,2026-09-17
DCU,,Quebec Province 1.50% 01-Sep-2031,0.32,2026-09-17
DCU,,Canada Government 5.75% 01-Jun-2029,0.31,2026-09-17
DCU,,Ontario Province 4.70% 02-Jun-2037,0.31,2026-09-17
DCU,,Ontario Province 2.65% 02-Dec-2050,0.31,2026-09-17
DCU,,Ontario Province 2.90% 02-Jun-2049,0.31,2026-09-17
DCU,,Alberta Province 2.05% 01-Jun-2030,0.31,2026-09-17
DCU,,Quebec Province 5.00% 01-Dec-2041,0.30,2026-09-17
DCU,,Canada Housing Trust No 1 3.65% 15-Jun-2033,0.29,2026-09-17
DCU,,Quebec Province 3.25% 01-Sep-2032,0.29,2026-09-17
DCU,,Ontario Province 2.70% 02-Jun-2029,0.29,2026-09-17
DCU,,Ontario Province 4.15% 02-Dec-2054,0.28,2026-09-17
DCU,,Quebec Province 2.85% 01-Dec-2053,0.27,2026-09-17
DCU,,Ontario Province 3.95% 02-Dec-2035,0.27,2026-09-17
DCU,,British Columbia Province 4.60% 18-Jun-2057,0.27,2026-09-17
DCU,,Quebec Province 3.50% 01-Dec-2045,0.26,2026-09-17
DCU,,Ontario Province 3.80% 02-Dec-2034,0.26,2026-09-17
DCU,,Ontario Province 1.90% 02-Dec-2051,0.25,2026-09-17
DCU,,Ontario Province 2.80% 02-Jun-2048,0.25,2026-09-17
DCU,,Canada Housing Trust No 1 3.95% 15-Jun-2028,0.24,2026-09-17
DCU,,Quebec Province 4.25% 01-Dec-2043,0.24,2026-09-17
DCU,,Alberta Province 3.10% 01-Jun-2050,0.24,2026-09-17
DCU,,Quebec Province 2.30% 01-Sep-2029,0.23,2026-09-17
DCU,,CAD Currency,0.23,2026-09-17
DCU,,BRITISH COLUMBIA PROV OF 3.90 % 18-06-2036,0.22,2026-09-17
DCU,,Ontario Province 4.60% 02-Dec-2055,0.22,2026-09-17
DCU,,British Columbia Province 4.00% 18-Jun-2035,0.21,2026-09-17
DCU,,British Columbia Province 4.45% 18-Dec-2055,0.21,2026-09-17
DCU,,Canada Housing Trust No 1 3.45% 15-Mar-2035,0.21,2026-09-17
DCU,,Canada Housing Trust No 1 2.10% 15-Sep-2029,0.21,2026-09-17
DCU,,Quebec Province 2.75% 01-Sep-2028,0.21,2026-09-17
DCU,,Hydro-Quebec 4.00% 15-Feb-2065,0.21,2026-09-17
DCU,,Ontario Province 1.35% 02-Dec-2030,0.21,2026-09-17
DCU,,Ontario Province 3.60% 08-Mar-2028,0.21,2026-09-17
DCU,,Ontario Province 2.25% 02-Dec-2031,0.20,2026-09-17
DCU,,Canada Government 2.75% 01-Dec-2064,0.20,2026-09-17
DCU,,Canada Government 3.50% 01-Mar-2034,0.20,2026-09-17
DCU,,Ontario Province 1.55% 01-Nov-2029,0.19,2026-09-17
DCU,,Canada Government 2.25% 01-Dec-2029,0.19,2026-09-17
DCU,,Alberta Province 3.05% 01-Dec-2048,0.19,2026-09-17
DCU,,Canada Housing Trust No 1 1.10% 15-Mar-2031,0.19,2026-09-17
DCU,,Quebec Province 6.25% 01-Jun-2032,0.17,2026-09-17
DCU,,Ontario Province 2.55% 02-Dec-2052,0.17,2026-09-17
DCU,,Quebec Province 2.75% 01-Sep-2027,0.17,2026-09-17
DCU,,Ontario Province 5.85% 08-Mar-2033,0.17,2026-09-17
DCU,,Quebec Province 5.00% 01-Dec-2038,0.16,2026-09-17
DCU,,Ontario Province 5.60% 02-Jun-2035,0.16,2026-09-17
DCU,,British Columbia Province 2.95% 18-Jun-2050,0.16,2026-09-17
DCU,,British Columbia Province 4.15% 18-Jun-2034,0.16,2026-09-17
DCU,,Canada Housing Trust No 1 3.10% 15-Jun-2028,0.16,2026-09-17
DCU,,ONTARIO (PROVINCE OF) 3.00 % 08-09-2031,0.16,2026-09-17
DCU,,Royal Bank of Canada 3.57% 09-Dec-2031,0.16,2026-09-17
DCU,,ONTARIO (PROVINCE OF) 3.85 % 02-12-2036,0.16,2026-09-17
DCU,,British Columbia Province 1.55% 18-Jun-2031,0.16,2026-09-17
DCU,,Canada Housing Trust No 1 1.60% 15-Dec-2031,0.15,2026-09-17
DCU,,CPPIB Capital Inc 3.35% 02-Dec-2030,0.15,2026-09-17
DCU,,AMAZON.COM INC 5.00 % 12-06-2056,0.15,2026-09-17
DCU,,Quebec Province 5.75% 01-Dec-2036,0.15,2026-09-17
DCU,,British Columbia Province 2.20% 18-Jun-2030,0.15,2026-09-17
DCU,,Alberta Province 3.30% 01-Dec-2046,0.14,2026-09-17
DCU,,PROVINCE OF QUEBEC 4.00 % 01-09-2036,0.14,2026-09-17
DCU,,British Columbia Province 4.25% 18-Dec-2053,0.13,2026-09-17
DCU,,Ontario Province 4.00% 08-Mar-2029,0.13,2026-09-17
DCU,,CPPIB Capital Inc 4.75% 02-Jun-2033,0.13,2026-09-17
DCU,,BRITISH COL INV,0.13,2026-09-17
DCU,,British Columbia Province 3.55% 18-Jun-2033,0.13,2026-09-17
DCU,,Canada Housing Trust No 1 2.45% 15-Dec-2031,0.13,2026-09-17
DCU,,British Columbia Province 3.20% 18-Jun-2044,0.13,2026-09-17
DCU,,AMAZON.COM INC 4.00 % 12-06-2033,0.13,2026-09-17
DCU,,Ontario Province 6.50% 08-Mar-2029,0.13,2026-09-17
DCU,,CPPIB Capital Inc 3.95% 02-Jun-2032,0.12,2026-09-17
DCU,,Canada Housing Trust No 1 2.65% 15-Mar-2028,0.12,2026-09-17
DCU,,Ontario Province 2.95% 08-Sep-2030,0.12,2026-09-17
DCU,,Canadian Imperial Bank of Comm 3.65% 13-Jan-2032,0.12,2026-09-17
DCU,,HYDRO QUEBEC 3.60 % 01-09-2033,0.12,2026-09-17
DCU,,Canadian Housing Trust 2.35% 15-Mar-2028,0.12,2026-09-17
DCU,,Hydro-Quebec 6.50% 15-Feb-2035,0.12,2026-09-17
DCU,,Hydro-Quebec 6.00% 15-Feb-2040,0.12,2026-09-17
DCU,,CPPIB Capital Inc 4.30% 02-Jun-2034,0.12,2026-09-17
DCU,,British Columbia Province 2.80% 18-Jun-2048,0.12,2026-09-17
DCU,,Canada Housing Trust No 1 4.15% 15-Jun-2033,0.12,2026-09-17
DCU,,Bank of Montreal 3.54% 03-Mar-2032,0.11,2026-09-17
DCU,,Canada Housing Trust No 1 2.15% 15-Dec-2031,0.11,2026-09-17
DCU,,Hydro-Quebec 4.00% 15-Feb-2055,0.11,2026-09-17
DCU,,CPPIB Capital Inc 4.00% 02-Jun-2035,0.11,2026-09-17
DCU,,Canada Government 3.00% 01-Mar-2032,0.11,2026-09-17
DCU,,British Columbia Province 5.70% 18-Jun-2029,0.11,2026-09-17
DCU,,BRITISH COL INV 3.25 % 02-06-2031,0.11,2026-09-17
DCU,,Bank of Nova Scotia 3.62% 30-Jan-2032,0.11,2026-09-17
DCU,,BRITISH COLUMBIA PROV OF,0.11,2026-09-17
DCU,,Bank of Montreal 5.04% 29-Apr-2028,0.11,2026-09-17
DCU,,Hydro-Quebec 3.40% 01-Sep-2029,0.11,2026-09-17
DCU,,Toronto-Dominion Bank 3.69% 09-Jan-2032,0.11,2026-09-17
DCU,,AMAZON.COM INC 4.35 % 12-06-2036,0.11,2026-09-17
DCU,,Alberta Province 1.65% 01-Jun-2031,0.11,2026-09-17
DCU,,Hydro-Quebec 4.00% 15-Feb-2063,0.10,2026-09-17
DCU,,Alberta Province 3.95% 01-Jun-2035,0.10,2026-09-17
DCU,,British Columbia Province 4.30% 18-Jun-2042,0.10,2026-09-17
DCU,,Canada Housing Trust No 1 1.90% 15-Mar-2031,0.10,2026-09-17
DCU,,Alberta Province 2.90% 01-Dec-2028,0.10,2026-09-17
DCU,,British Columbia Province 2.75% 18-Jun-2052,0.10,2026-09-17
DCU,,Ontario Province 4.05% 02-Feb-2032,0.10,2026-09-17
DCU,,CPPIB Capital Inc 3.60% 02-Jun-2029,0.10,2026-09-17
DCU,,Bank of Nova Scotia 4.68% 01-Feb-2029,0.10,2026-09-17
DCU,,Toronto-Dominion Bank 4.68% 08-Jan-2029,0.10,2026-09-17
DCU,,Quebec Province 6.00% 01-Oct-2029,0.09,2026-09-17
DCU,,British Clmbia Invst Mgmt Corp 4.00% 02-Jun-2035,0.09,2026-09-17
DCU,,CANADIAN GOVERNMENT 3.75 % 01-06-2059,0.09,2026-09-17
DCU,,AMAZON.COM INC 3.70 % 12-06-2031,0.09,2026-09-17
DCU,,PSP Capital Inc 4.15% 01-Jun-2033,0.09,2026-09-17
DCU,,Ontario Province 4.10% 04-Mar-2033,0.09,2026-09-17
DCU,,Alberta Province 2.95% 01-Jun-2052,0.09,2026-09-17
DCU,,Royal Bank of Canada 4.63% 01-May-2028,0.09,2026-09-17
DCU,,Hydro-Quebec 2.10% 15-Feb-2060,0.09,2026-09-17
DCU,,CPPIB Capital Inc 3.25% 08-Mar-2028,0.09,2026-09-17
DCU,,Alberta Province 4.15% 01-Jun-2033,0.09,2026-09-17
DCU,,Alberta Province 3.45% 01-Dec-2043,0.08,2026-09-17
DCU,,Bank of Nova Scotia 3.73% 27-Jun-2031,0.08,2026-09-17
DCU,,British Columbia Province 4.95% 18-Jun-2040,0.08,2026-09-17
DCU,,Toronto-Dominion Bank 3.61% 10-Sep-2030,0.08,2026-09-17
DCU,,Manitoba Province 3.70% 02-Jun-2035,0.08,2026-09-17
DCU,,TORONTO DOMINION BANK 4.13 % 11-09-2032,0.08,2026-09-17
DCU,,British Clmbia Invst Mgmt Corp 4.90% 02-Jun-2033,0.08,2026-09-17
DCU,,Saskatchewan Province 3.10% 02-Jun-2050,0.08,2026-09-17
DCU,,BRITISH COL INV 4.15 % 02-06-2036,0.08,2026-09-17
DCU,,Manitoba Province 4.25% 02-Jun-2034,0.08,2026-09-17
DCU,,Sun Life Financial Inc 4.14% 13-Sep-2032,0.08,2026-09-17
DCU,,Hydro-Quebec 3.55% 01-Sep-2032,0.08,2026-09-17
DCU,,CPPIB CAPITAL INC 3.20 % 02-06-2031,0.08,2026-09-17
DCU,,PSP Capital Inc 3.75% 15-Jun-2029,0.08,2026-09-17
DCU,,CDP Financial Inc 3.70% 08-Mar-2028,0.08,2026-09-17
DCU,,ALPHABET INC 4.35 % 15-05-2036,0.08,2026-09-17
DCU,,Ontario Province 3.65% 03-Feb-2034,0.08,2026-09-17
DCU,,ROYAL BANK OF CANADA 3.83 % 27-03-2030,0.08,2026-09-17
DCU,,ALPHABET INC 5.00 % 15-05-2056,0.08,2026-09-17
DCU,,Hydro-Quebec 2.00% 01-Sep-2028,0.08,2026-09-17
DCU,,Bank of Montreal 4.71% 07-Nov-2027,0.08,2026-09-17
DCU,,Toronto-Dominion Bank 3.84% 29-May-2030,0.08,2026-09-17
DCU,,CANADIAN IMPERIAL BANK 3.78 % 18-06-2032,0.07,2026-09-17
DCU,,Saskatchewan Province 4.20% 02-Dec-2054,0.07,2026-09-17
DCU,,Bank of Montreal 3.19% 01-Mar-2028,0.07,2026-09-17
DCU,,CPPIB Capital Inc 3.00% 15-Jun-2028,0.07,2026-09-17
DCU,,Alberta Province 3.90% 01-Dec-2033,0.07,2026-09-17
DCU,,ALPHABET INC 4.00 % 15-05-2033,0.07,2026-09-17
DCU,,Newfoundland & Labrdr Province 4.00% 02-Jun-2035,0.07,2026-09-17
DCU,,Saskatchewan Province 3.80% 02-Jun-2035,0.07,2026-09-17
DCU,,GOLDMAN SACHS GROUP INC 3.64 % 05-03-2032,0.07,2026-09-17
DCU,,British Columbia Province 2.95% 18-Dec-2028,0.07,2026-09-17
DCU,,Toronto-Dominion Bank 5.18% 09-Apr-2029,0.07,2026-09-17
DCU,,Bank of Montreal 4.42% 17-Jun-2029,0.07,2026-09-17
DCU,,Manitoba Province 4.60% 05-Sep-2057,0.07,2026-09-17
DCU,,Alberta Province 4.45% 01-Dec-2054,0.07,2026-09-17
DCU,,TORONTO DOMINION BANK 3.86 % 07-04-2032,0.07,2026-09-17
DCU,,Manitoba Province 2.05% 02-Jun-2031,0.07,2026-09-17
DCU,,AMAZON.COM INC 3.40 % 12-06-2029,0.07,2026-09-17
DCU,,Alberta Province 2.90% 20-Sep-2029,0.07,2026-09-17
DCU,,CANADIAN IMPERIAL BANK 3.70 % 02-04-2030,0.06,2026-09-17
DCU,,Transcanada Pipelines Ltd 5.28% 15-May-2030,0.06,2026-09-17
DCU,,Toronto-Dominion Bank 4.13% 09-Jan-2032,0.06,2026-09-17
DCU,,Canada Housing Trust No 1 1.40% 15-Mar-2031,0.06,2026-09-17
DCU,,BANK OF NOVA SCOTIA 3.58 % 01-05-2030,0.06,2026-09-17
DCU,,BANK OF MONTREAL 4.17 % 15-06-2034,0.06,2026-09-17
DCU,,Toronto-Dominion Bank 3.77% 13-Apr-2029,0.06,2026-09-17
DCU,,Manitoba Province 3.40% 05-Sep-2048,0.06,2026-09-17
DCU,,Bell Canada 5.85% 10-Aug-2032,0.06,2026-09-17
DCU,,Manitoba Province 4.40% 05-Sep-2055,0.06,2026-09-17
DCU,,INTL BK RECON + DEVELOP 2.90 % 05-09-2028,0.06,2026-09-17
DCU,,Hydro One Inc 4.46% 27-Jul-2052,0.06,2026-09-17
DCU,,Manitoba Province 3.20% 05-Mar-2050,0.06,2026-09-17
DCU,,Royal Bank of Canada 3.41% 12-Jun-2028,0.06,2026-09-17
DCU,,CDP Financial Inc 4.20% 02-Dec-2030,0.06,2026-09-17
DCU,,National Bank of Canada 5.22% 14-Jun-2028,0.06,2026-09-17
DCU,,Federation Csses Desjardins Qc 5.47% 17-Oct-2028,0.06,2026-09-17
DCU,,Saskatchewan Province 2.15% 02-Jun-2031,0.06,2026-09-17
DCU,,Saskatchewan Province 3.90% 02-Jun-2033,0.06,2026-09-17
DCU,,Manitoba Province 3.00% 02-Jun-2028,0.06,2026-09-17
DCU,,MANITOBA (PROVINCE OF) 3.80 % 02-06-2036,0.06,2026-09-17
DCU,,Royal Bank of Canada 3.63% 10-Dec-2027,0.06,2026-09-17
DCU,,CDP FINANCIAL INC 3.65 % 02-06-2035,0.06,2026-09-17
DCU,,FED CAISSES DESJARDINS 3.71 % 16-07-2031,0.06,2026-09-17
DCU,,Greater Toronto Airports Auth 6.98% 15-Oct-2032,0.06,2026-09-17
DCU,,Granite REIT Holdings LP 6.07% 12-Apr-2029,0.06,2026-09-17
DCU,,Saskatchewan Province 2.75% 02-Dec-2046,0.06,2026-09-17
DCU,,PROVINCE OF ALBERTA 3.75 % 01-06-2036,0.06,2026-09-17
DCU,,NextEra Energy Capital Hdg Inc 4.67% 12-Mar-2035,0.06,2026-09-17
DCU,,Royal Bank of Canada 3.99% 22-Jul-2030,0.06,2026-09-17
DCU,,Royal Bank of Canada 5.10% 03-Apr-2029,0.06,2026-09-17
DCU,,GIBSON ENERGY INC 4.45 % 09-01-2034,0.06,2026-09-17
DCU,,TCHC Issuer Trust 4.88% 11-May-2037,0.06,2026-09-17
DCU,,Toronto-Dominion Bank 5.38% 21-Oct-2027,0.06,2026-09-17
DCU,,Canada Government 3.25% 01-Mar-2036,0.06,2026-09-17
DCU,,Royal Bank of Canada 4.64% 17-Jan-2028,0.06,2026-09-17
DCU,,Ontario Province 3.40% 08-Sep-2028,0.06,2026-09-17
DCU,,Toronto-Dominion Bank 4.48% 18-Jan-2028,0.06,2026-09-17
DCU,,Saskatchewan Province 4.40% 02-Dec-2056,0.06,2026-09-17
DCU,,IBM CORP 4.10 % 15-08-2030,0.06,2026-09-17
DCU,,Toronto-Dominion Bank 4.00% 31-Oct-2029,0.06,2026-09-17
DCU,,Manitoba Province 3.90% 02-Dec-2032,0.06,2026-09-17
DCU,,Enbridge Gas Inc 4.15% 17-Aug-2032,0.06,2026-09-17
DCU,,Manitoba Province 3.80% 05-Sep-2053,0.06,2026-09-17
DCU,,BANK OF NOVA SCOTIA 4.09 % 01-05-2034,0.06,2026-09-17
DCU,,Bank of Montreal 4.54% 18-Nov-2028,0.06,2026-09-17
DCU,,Bell Canada 5.15% 24-May-2034,0.06,2026-09-17
DCU,,Ontario Province 1.05% 08-Sep-2027,0.06,2026-09-17
DCU,,Ontario Power Generation Inc 4.25% 18-Jul-2048,0.06,2026-09-17
DCU,,AT+T INC 4.50 % 12-03-2036,0.05,2026-09-17
DCU,,Royal Bank of Canada 5.01% 01-Feb-2028,0.05,2026-09-17
DCU,,New Brunswick Province 5.50% 27-Jan-2034,0.05,2026-09-17
DCU,,PROVINCE OF ALBERTA 3.15 % 01-06-2032,0.05,2026-09-17
DCU,,Inter Pipeline Ltd 5.76% 17-Feb-2028,0.05,2026-09-17
DCU,,Saskatchewan Province 3.30% 02-Jun-2048,0.05,2026-09-17
DCU,,Nova Scotia Province 4.60% 01-Dec-2055,0.05,2026-09-17
DCU,,Quebec Province 3.90% 22-Nov-2032,0.05,2026-09-17
DCU,,ROYAL BANK OF CANADA 4.14 % 05-05-2036,0.05,2026-09-17
DCU,,Financement Quebec 5.25% 01-Jun-2034,0.05,2026-09-17
DCU,,Manitoba Province 2.75% 02-Jun-2029,0.05,2026-09-17
DCU,,Bank of Nova Scotia 3.81% 15-Nov-2027,0.05,2026-09-17
DCU,,Bank of Nova Scotia 4.95% 01-Aug-2029,0.05,2026-09-17
DCU,,MINI MALL STORG PRP TRST 4.75 % 01-12-2030,0.05,2026-09-17
DCU,,First Nations Finance Authorty 4.05% 01-Jun-2035,0.05,2026-09-17
DCU,,Athene Global Funding 4.09% 23-May-2030,0.05,2026-09-17
DCU,,British Columbia Province 4.70% 18-Jun-2037,0.05,2026-09-17
DCU,,International Bank Recon Dvlpt 3.50% 12-Jan-2029,0.05,2026-09-17
DCU,,Hydro One Inc 4.25% 04-Oct-2034,0.05,2026-09-17
DCU,,Bank of Montreal 3.73% 03-Jun-2030,0.05,2026-09-17
DCU,,ALPHABET INC 3.65 % 15-05-2031,0.05,2026-09-17
DCU,,Manitoba Province 3.80% 02-Jun-2033,0.05,2026-09-17
DCU,,Telus Corp 5.25% 15-Aug-2032,0.05,2026-09-17
DCU,,Toronto City 4.50% 11-Mar-2055,0.05,2026-09-17
DCU,,BANK OF MONTREAL 3.80 % 09-07-2032,0.05,2026-09-17
DCU,,National Bank of Canada 5.02% 01-Feb-2029,0.05,2026-09-17
DCU,,Enbridge Inc 2.99% 03-Jul-2029,0.05,2026-09-17
DCU,,Alberta Province 4.10% 01-Jun-2029,0.05,2026-09-17
DCU,,Saskatchewan Province 2.20% 02-Jun-2030,0.05,2026-09-17
DCU,,NATIONAL BANK OF CANADA 3.68 % 23-06-2031,0.05,2026-09-17
DCU,,Nova Scotia Province 4.75% 01-Dec-2054,0.05,2026-09-17
DCU,,Hydro-Quebec 5.00% 15-Feb-2045,0.05,2026-09-17
DCU,,Nova Scotia Province 3.15% 01-Dec-2051,0.05,2026-09-17
DCU,,Original Wempi Inc 7.79% 04-Oct-2027,0.05,2026-09-17
DCU,,Royal Bank of Canada 4.21% 03-Jul-2030,0.05,2026-09-17
DCU,,Enbridge Inc 3.10% 21-Jun-2033,0.05,2026-09-17
DCU,,Royal Bank of Canada 4.00% 17-Oct-2029,0.05,2026-09-17
DCU,,Ontario Power Generation Inc 3.22% 08-Jan-2030,0.05,2026-09-17
DCU,,Transcanada Pipelines Ltd 4.35% 06-Dec-2045,0.05,2026-09-17
DCU,,Federation Csses Desjardins Qc 4.26% 24-Jan-2030,0.05,2026-09-17
DCU,,ROYAL BANK OF CANADA 4.37 % 01-05-2037,0.05,2026-09-17
DCU,,PSP Capital Inc 4.25% 01-Dec-2055,0.05,2026-09-17
DCU,,Manitoba Province 4.10% 05-Mar-2041,0.05,2026-09-17
DCU,,Bank of Montreal 6.03% 07-Sep-2028,0.05,2026-09-17
DCU,,Rogers Communications Inc 6.75% 09-Nov-2039,0.05,2026-09-17
DCU,,Manulife Financial Corp 2.82% 13-May-2030,0.05,2026-09-17
DCU,,Federation Csses Desjardins Qc 3.80% 24-Sep-2029,0.05,2026-09-17
DCU,,Newfoundland & Labrdr Province 3.85% 17-Oct-2027,0.05,2026-09-17
DCU,,CPPIB Capital Inc 2.25% 01-Dec-2031,0.05,2026-09-17
DCU,,Canadian Imperial Bank Commrce 3.80% 10-Dec-2030,0.05,2026-09-17
DCU,,MONTREAL INTL FUEL FACIL 3.71 % 10-04-2031,0.05,2026-09-17
DCU,,PROVINCE OF SASKATCHEWAN,0.05,2026-09-17
DCU,,Canadian Imperial Bank Commrce 3.90% 20-May-2030,0.05,2026-09-17
DCU,,Manitoba Province 2.85% 05-Sep-2046,0.05,2026-09-17
DCU,,Manitoba Province 2.05% 02-Jun-2030,0.05,2026-09-17
DCU,,Ontario Teachers Finance Trust 4.45% 02-Jun-2032,0.05,2026-09-17
DCU,,AT+T INC 5.25 % 12-03-2056,0.05,2026-09-17
DCU,,Newfoundland & Labrdr Province 2.85% 02-Jun-2028,0.04,2026-09-17
DCU,,Nova Scotia Province 2.40% 01-Dec-2031,0.04,2026-09-17
DCU,,BROOKFIELD FIN II INC 5.40 % 11-12-2055,0.04,2026-09-17
DCU,,Royal Bank of Canada 4.28% 04-Feb-2030,0.04,2026-09-17
DCU,,Bank of Nova Scotia 3.84% 26-Sep-2029,0.04,2026-09-17
DCU,,New Brunswick Province 3.10% 14-Aug-2028,0.04,2026-09-17
DCU,,ENBRIDGE INC 3.52 % 22-02-2029,0.04,2026-09-17
DCU,,New Brunswick Province 4.45% 14-Aug-2033,0.04,2026-09-17
DCU,,Newfoundland & Labrdr Province 3.30% 17-Oct-2046,0.04,2026-09-17
DCU,,NATIONAL BANK OF CANADA 3.54 % 13-01-2031,0.04,2026-09-17
DCU,,Ontario Province 4.10% 07-Oct-2054,0.04,2026-09-17
DCU,,Health Montreal Collective LP 6.72% 30-Sep-2049,0.04,2026-09-17
DCU,,Citigroup Inc 4.55% 03-Jun-2030,0.04,2026-09-17
DCU,,Brookfield Finance II Inc 5.43% 14-Sep-2032,0.04,2026-09-17
DCU,,Canadian Imperial Bank Commrce 5.05% 07-Oct-2027,0.04,2026-09-17
DCU,,Manitoba Province 4.05% 05-Sep-2045,0.04,2026-09-17
DCU,,Greater Toronto Airports Auth 5.30% 25-Feb-2041,0.04,2026-09-17
DCU,,Toronto-Dominion Bank 4.23% 01-Feb-2030,0.04,2026-09-17
DCU,,Royal Bank of Canada 5.23% 24-Jun-2030,0.04,2026-09-17
DCU,,Bank of Nova Scotia 3.10% 02-Feb-2028,0.04,2026-09-17
DCU,,New Brunswick Province 5.00% 14-Aug-2054,0.04,2026-09-17
DCU,,Toronto-Dominion Bank 5.49% 08-Sep-2028,0.04,2026-09-17
DCU,,Alberta Province 3.50% 01-Jun-2031,0.04,2026-09-17
DCU,,Canadian Pacific Railway Co 4.40% 13-Oct-2035,0.04,2026-09-17
DCU,,New Brunswick Province 3.05% 14-Aug-2050,0.04,2026-09-17
DCU,,Canadian Imperial Bank Commrce 5.30% 16-Jan-2034,0.04,2026-09-17
DCU,,Pacific Life Global Funding II 4.20% 29-Jul-2032,0.04,2026-09-17
DCU,,Saskatchewan Province 3.90% 02-Jun-2045,0.04,2026-09-17
DCU,,McDonald's Corp 4.86% 21-Mar-2031,0.04,2026-09-17
DCU,,ONTARIO TEACHERS  FINANC 4.00 % 02-06-2036,0.04,2026-09-17
DCU,,Nova Scotia Province 4.50% 01-Jun-2037,0.04,2026-09-17
DCU,,Canadian Imperial Bank Commrce 4.90% 12-Jun-2029,0.04,2026-09-17
DCU,,Telus Corp 3.30% 02-Feb-2029,0.04,2026-09-17
DCU,,Bank of Nova Scotia 1.40% 01-Nov-2027,0.04,2026-09-17
DCU,,Manulife Financial Corp 5.05% 23-Feb-2029,0.04,2026-09-17
DCU,,PROLOGIS LP 4.25 % 15-05-2034,0.04,2026-09-17
DCU,,Transcanada Pipelines Ltd 4.55% 15-Nov-2041,0.04,2026-09-17
DCU,,Hydro One Inc 4.85% 30-May-2054,0.04,2026-09-17
DCU,,ONTARIO (PROVINCE OF) 4.15 % 24-08-2036,0.04,2026-09-17
DCU,,Hydro One Inc 3.90% 21-Nov-2033,0.04,2026-09-17
DCU,,PROVINCE OF SASKATCHEWAN 4.10 % 02-06-2036,0.04,2026-09-17
DCU,,Rogers Communications Inc 5.70% 21-Sep-2028,0.04,2026-09-17
DCU,,PSP Capital Inc 4.40% 02-Dec-2030,0.04,2026-09-17
DCU,,TRANSCANADA PIPELINES 5.20 % 15-02-2056,0.04,2026-09-17
DCU,,Newfoundland & Labrdr Province 4.60% 17-Oct-2055,0.04,2026-09-17
DCU,,Newfoundland & Labrdr Province 3.15% 02-Jun-2030,0.04,2026-09-17
DCU,,Hydro One Inc 4.91% 27-Dec-2027,0.04,2026-09-17
DCU,,CDP Financial Inc 3.95% 01-Sep-2029,0.04,2026-09-17
DCU,,Enbridge Inc 6.10% 09-Aug-2032,0.04,2026-09-17
DCU,,NATIONAL BANK OF CANADA 3.44 % 21-10-2031,0.04,2026-09-17
DCU,,Municipal Finance Authority BC 3.30% 02-Oct-2030,0.04,2026-09-17
DCU,,Manulife Financial Corp 4.06% 06-Dec-2029,0.04,2026-09-17
DCU,,PROVINCE OF NEWFOUNDLAND 3.90 % 02-06-2036,0.04,2026-09-17
DCU,,CPPIB CAPITAL INC 3.80 % 02-06-2036,0.04,2026-09-17
DCU,,PROV OF NEW BRUNSWICK 3.95 % 03-06-2035,0.04,2026-09-17
DCU,,CU Inc 4.09% 02-Mar-2044,0.04,2026-09-17
DCU,,Inter-American Developmnt Bank 4.60% 01-Mar-2029,0.04,2026-09-17
DCU,,New Brunswick Province 3.80% 14-Aug-2045,0.04,2026-09-17
DCU,,Cenovus Energy Inc 3.50% 07-Feb-2028,0.04,2026-09-17
DCU,,PROJET REM SEC 4.79 % 22-06-2056,0.04,2026-09-17
DCU,,New Brunswick Province 2.55% 14-Aug-2031,0.04,2026-09-17
DCU,,Manitoba Province 5.70% 05-Mar-2037,0.04,2026-09-17
DCU,,PSP Capital Inc 2.05% 15-Jan-2030,0.04,2026-09-17
DCU,,Toronto City 3.50% 02-Jun-2036,0.04,2026-09-17
DCU,,Manitoba Province 3.25% 05-Sep-2029,0.04,2026-09-17
DCU,,Newfoundland & Labrdr Province 4.10% 17-Oct-2054,0.04,2026-09-17
DCU,,Hydro One Inc 3.93% 30-Sep-2029,0.04,2026-09-17
DCU,,COREBRIDGE GLOB FUNDING 3.76 % 24-06-2030,0.04,2026-09-17
DCU,,North West Redwater Partnershp 2.80% 01-Mar-2031,0.04,2026-09-17
DCU,,International Bank Recon Dvlpt 3.70% 18-Jan-2028,0.04,2026-09-17
DCU,,Newfoundland & Labrdr Province 4.15% 02-Jun-2033,0.04,2026-09-17
DCU,,Royal Bank of Canada 4.46% 17-Oct-2034,0.04,2026-09-17
DCU,,Ontario Teachers Finance Trust 4.15% 01-Nov-2029,0.04,2026-09-17
DCU,,CU Inc 3.81% 10-Sep-2042,0.04,2026-09-17
DCU,,Telus Corp 2.35% 27-Nov-2027,0.04,2026-09-17
DCU,,Municipal Finance Authority BC 2.55% 09-Oct-2029,0.04,2026-09-17
DCU,,Saskatchewan Province 2.80% 02-Dec-2052,0.04,2026-09-17
DCU,,Manulife Financial Corp 5.41% 10-Mar-2028,0.04,2026-09-17
DCU,,Hydro-Quebec 5.00% 15-Feb-2050,0.04,2026-09-17
DCU,,Coastal Gaslink Pipeline LP 5.86% 30-Mar-2049,0.04,2026-09-17
DCU,,Royal Bank of Canada 4.83% 08-Aug-2029,0.04,2026-09-17
DCU,,Municipal Finance Authority BC 3.05% 23-Oct-2028,0.04,2026-09-17
DCU,,Manitoba Province 2.05% 05-Sep-2052,0.04,2026-09-17
DCU,,Nova Scotia Province 2.00% 01-Sep-2030,0.04,2026-09-17
DCU,,Honda Canada Finance Inc 4.87% 23-Sep-2027,0.04,2026-09-17
DCU,,CREDIT AGRICOLE SA 4.03 % 15-07-2032,0.04,2026-09-17
DCU,,Bell Canada 3.80% 21-May-2028,0.04,2026-09-17
DCU,,Plenary PCL Health HIEP LP 4.91% 30-Jun-2060,0.04,2026-09-17
DCU,,North West Redwater Partnershp 3.70% 23-Aug-2042,0.04,2026-09-17
DCU,,ENBRIDGE INC 3.57 % 26-02-2031,0.04,2026-09-17
DCU,,Newfoundland & Labrdr Province 3.85% 02-Dec-2034,0.04,2026-09-17
DCU,,Enbridge Inc 4.56% 25-Nov-2034,0.04,2026-09-17
DCU,,Coastal Gaslink Pipeline LP 5.61% 30-Mar-2047,0.04,2026-09-17
DCU,,Montreal City 3.15% 01-Sep-2028,0.04,2026-09-17
DCU,,Lower Mattagami Energy LP 4.85% 31-Oct-2033,0.04,2026-09-17
DCU,,AIMCO REALTY INVESTORS 4.40 % 22-03-2031,0.04,2026-09-17
DCU,,CPPIB Capital Inc 1.95% 30-Sep-2029,0.03,2026-09-17
DCU,,Bell Canada 4.55% 09-Dec-2029,0.03,2026-09-17
DCU,,Ontario Teachers Finance Trust 1.10% 19-Oct-2027,0.03,2026-09-17
DCU,,Hydro One Inc 3.91% 23-Aug-2045,0.03,2026-09-17
DCU,,Newfoundland & Labrdr Province 2.65% 17-Oct-2050,0.03,2026-09-17
DCU,,NATL GRID ELECT TRANS 4.72 % 12-08-2036,0.03,2026-09-17
DCU,,CGI Inc 3.99% 05-Sep-2027,0.03,2026-09-17
DCU,,Telus Corp 2.85% 13-Aug-2031,0.03,2026-09-17
DCU,,FAIRFAX FINL HLDGS LTD 4.40 % 27-02-2036,0.03,2026-09-17
DCU,,Canadian Pacific Railway Co 2.54% 28-Dec-2027,0.03,2026-09-17
DCU,,407 International Inc 4.11% 03-Oct-2035,0.03,2026-09-17
DCU,,Rogers Communications Inc 5.25% 15-Oct-2051,0.03,2026-09-17
DCU,,Canadian Imperial Bank Commrce 4.15% 02-Apr-2030,0.03,2026-09-17
DCU,,Telus Corp 4.85% 05-Oct-2043,0.03,2026-09-17
DCU,,Trillium M Project Co GP 5.19% 31-Oct-2062,0.03,2026-09-17
DCU,,Labrador Island Lnk Fndg Trust 3.85% 01-Dec-2053,0.03,2026-09-17
DCU,,Federation Csses Desjardins Qc 5.28% 15-May-2029,0.03,2026-09-17
DCU,,Montreal City 3.90% 01-Sep-2035,0.03,2026-09-17
DCU,,Bell Canada 5.25% 15-Feb-2029,0.03,2026-09-17
DCU,,First Nations Finance Authorty 4.10% 01-Jun-2034,0.03,2026-09-17
DCU,,Newfoundland & Labrdr Province 3.70% 17-Oct-2048,0.03,2026-09-17
DCU,,Muskrat Falls Trsmn Fndg Trust 3.86% 01-Dec-2048,0.03,2026-09-17
DCU,,BELL CANADA 4.70 % 15-11-2036,0.03,2026-09-17
DCU,,Brookfield Infra Finance ULC 3.41% 09-Jul-2029,0.03,2026-09-17
DCU,,Newfoundland & Labrdr Province 2.05% 02-Jun-2031,0.03,2026-09-17
DCU,,New Brunswick Province 3.95% 14-Aug-2032,0.03,2026-09-17
DCU,,Canadian Tire Corp Ltd 5.37% 16-Sep-2030,0.03,2026-09-17
DCU,,Rogers Communications Inc 3.75% 15-Feb-2029,0.03,2026-09-17
DCU,,Federation Csses Desjardins Qc 4.12% 25-Aug-2032,0.03,2026-09-17
DCU,,CI Financial Corp 4.75% 03-Apr-2028,0.03,2026-09-17
DCU,,New Brunswick Province 4.05% 14-Aug-2034,0.03,2026-09-17
DCU,,FINNING INTL INC 4.23 % 12-08-2031,0.03,2026-09-17
DCU,,Toronto City 2.95% 28-Apr-2035,0.03,2026-09-17
DCU,,Municipal Finance Authority BC 4.95% 01-Dec-2027,0.03,2026-09-17
DCU,,Transcanada Pipelines Ltd 4.34% 15-Apr-2049,0.03,2026-09-17
DCU,,Ontario Teachers Finance Trust 4.30% 02-Jun-2034,0.03,2026-09-17
DCU,,BELL CANADA 4.40 % 30-03-2033,0.03,2026-09-17
DCU,,Canadian National Railway Co 4.70% 10-Nov-2052,0.03,2026-09-17
DCU,,New Brunswick Province 4.80% 03-Jun-2041,0.03,2026-09-17
DCU,,Montreal City 4.25% 01-Sep-2033,0.03,2026-09-17
DCU,,GLENCORE FUNDING LLC 4.00 % 28-07-2031,0.03,2026-09-17
DCU,,Enbridge Inc 6.51% 09-May-2052,0.03,2026-09-17
DCU,,General Motors Fncl Canada Ltd 5.10% 14-Jul-2028,0.03,2026-09-17
DCU,,FED CAISSES DESJARDINS 3.86 % 03-03-2036,0.03,2026-09-17
DCU,,Bell Canada 3.00% 17-Dec-2030,0.03,2026-09-17
DCU,,CDP Financial Inc 3.65% 02-Jun-2034,0.03,2026-09-17
DCU,,Ventas Canada Finance Ltd 5.40% 21-Mar-2028,0.03,2026-09-17
DCU,,Inter Pipeline Ltd 6.59% 09-Feb-2034,0.03,2026-09-17
DCU,,Bell Canada 2.50% 14-Feb-2030,0.03,2026-09-17
DCU,,OXFORD PROPERTIES GROUP 3.60 % 13-11-2030,0.03,2026-09-17
DCU,,Toronto City 5.20% 01-Jun-2040,0.03,2026-09-17
DCU,,Saskatchewan Province 4.75% 01-Jun-2040,0.03,2026-09-17
DCU,,PSP Capital Inc 2.60% 01-Mar-2032,0.03,2026-09-17
DCU,,Greater Toronto Airports Auth 7.05% 12-Jun-2030,0.03,2026-09-17
DCU,,Altalink LP 4.69% 28-Nov-2032,0.03,2026-09-17
DCU,,New Brunswick Province 3.10% 14-Aug-2048,0.03,2026-09-17
DCU,,Montreal City 3.50% 01-Dec-2038,0.03,2026-09-17
DCU,,iA Financial Corp Inc 5.69% 20-Jun-2033,0.03,2026-09-17
DCU,,Manulife Bank of Canada 4.55% 08-Mar-2029,0.03,2026-09-17
DCU,,New Brunswick Province 3.05% 03-Jun-2030,0.03,2026-09-17
DCU,,Loblaw Cos Ltd 4.49% 11-Dec-2028,0.03,2026-09-17
DCU,,FORTIS INC 5.10 % 04-12-2055,0.03,2026-09-17
DCU,,Rogers Communications Inc 5.90% 21-Sep-2033,0.03,2026-09-17
DCU,,Coastal Gaslink Pipeline LP 5.61% 30-Jun-2044,0.03,2026-09-17
DCU,,New Brunswick Province 4.80% 26-Sep-2039,0.03,2026-09-17
DCU,,SUNCOR ENERGY INC 3.55 % 14-11-2030,0.03,2026-09-17
DCU,,Bank of Montreal 4.08% 05-Mar-2030,0.03,2026-09-17
DCU,,Montreal City 1.75% 01-Sep-2030,0.03,2026-09-17
DCU,,New Brunswick Province 3.55% 03-Jun-2043,0.03,2026-09-17
DCU,,Loblaw Cos Ltd 3.56% 12-Dec-2029,0.03,2026-09-17
DCU,,SOUTH COAST BRIT COL TRA 3.85 % 01-12-2035,0.03,2026-09-17
DCU,,First Nations Finance Authorty 1.71% 16-Jun-2030,0.03,2026-09-17
DCU,,Manitoba Province 4.65% 05-Mar-2040,0.03,2026-09-17
DCU,,BROOKFIELD RENEWABLE PAR 5.20 % 15-01-2056,0.03,2026-09-17
DCU,,Montreal Airports 5.47% 16-Apr-2040,0.03,2026-09-17
DCU,,Toronto-Dominion Bank 4.42% 31-Oct-2034,0.03,2026-09-17
DCU,,Transcanada Pipelines Ltd 4.18% 03-Jan-2048,0.03,2026-09-17
DCU,,BRIT COL MUNI FIN AUTH 3.40 % 03-06-2031,0.03,2026-09-17
DCU,,Enbridge Inc 5.32% 22-Feb-2054,0.03,2026-09-17
DCU,,Toronto-Dominion Bank 1.90% 11-Sep-2028,0.03,2026-09-17
DCU,,National Bank of Canada 1.82% 16-Oct-2027,0.03,2026-09-17
DCU,,Toronto-Dominion Bank 1.89% 08-Mar-2028,0.03,2026-09-17
DCU,,Canadian Imperial Bank Commrce 5.35% 20-Apr-2028,0.03,2026-09-17
DCU,,Loblaw Cos Ltd 5.01% 13-Sep-2032,0.03,2026-09-17
DCU,,Sun Life Financial Inc 2.80% 21-Nov-2028,0.03,2026-09-17
DCU,,Bank of Nova Scotia 4.44% 15-Nov-2034,0.03,2026-09-17
DCU,,New Brunswick Province 2.90% 14-Aug-2052,0.03,2026-09-17
DCU,,Inter Pipeline Ltd 3.98% 25-Nov-2031,0.03,2026-09-17
DCU,,PROVINCE OF NEWFOUNDLAND 3.25 % 02-06-2032,0.03,2026-09-17
DCU,,NORTHRIVER MIDSTR PI/NRM 4.87 % 10-03-2039,0.03,2026-09-17
DCU,,Nova Scotia Power Inc 4.15% 06-Mar-2042,0.03,2026-09-17
DCU,,Pembina Pipeline Corp 5.02% 12-Jan-2032,0.03,2026-09-17
DCU,,Montreal City 4.40% 01-Dec-2043,0.03,2026-09-17
DCU,,F3 FIBRE CAPITAL 4.37 % 13-08-2031,0.03,2026-09-17
DCU,,Quebec Province 3.65% 20-May-2032,0.03,2026-09-17
DCU,,Montreal City 2.00% 01-Sep-2031,0.03,2026-09-17
DCU,,Nova Scotia Province 3.85% 01-Jun-2035,0.03,2026-09-17
DCU,,Telus Corp 5.10% 15-Feb-2034,0.03,2026-09-17
DCU,,Manulife Finance LP 5.06% 15-Dec-2036,0.03,2026-09-17
DCU,,Choice Properties REIT 6.00% 24-Jun-2032,0.03,2026-09-17
DCU,,National Bank of Canada 3.52% 17-Jul-2028,0.03,2026-09-17
DCU,,407 International Inc 4.19% 25-Apr-2042,0.03,2026-09-17
DCU,,Canadian National Railway Co 4.60% 02-Apr-2029,0.03,2026-09-17
DCU,,Bruce Power LP 4.13% 21-Mar-2033,0.03,2026-09-17
DCU,,Enbridge Inc 3.90% 25-Jan-2030,0.03,2026-09-17
DCU,,NextEra Energy Capital Hdg Inc 4.85% 28-Feb-2031,0.03,2026-09-17
DCU,,Reliance LP 2.68% 01-Dec-2027,0.03,2026-09-17
DCU,,Metro Inc 4.66% 07-Feb-2033,0.03,2026-09-17
DCU,,Telus Corp 4.95% 18-Feb-2031,0.03,2026-09-17
DCU,,National Bank of Canada 4.26% 15-Feb-2030,0.03,2026-09-17
DCU,,PRINCE EDWARD ISLAND 3.10 % 02-06-2030,0.03,2026-09-17
DCU,,Telus Corp 4.65% 13-Jun-2031,0.03,2026-09-17
DCU,,Rogers Communications Inc 4.25% 15-Jan-2032,0.03,2026-09-17
DCU,,TMX Group Ltd 4.97% 16-Feb-2034,0.03,2026-09-17
DCU,,George Weston Ltd 4.19% 05-Sep-2029,0.03,2026-09-17
DCU,,Montreal City 3.00% 01-Sep-2027,0.03,2026-09-17
DCU,,Transcanada Pipelines Ltd 4.58% 20-Nov-2034,0.03,2026-09-17
DCU,,International Bank Recon Dvlpt 4.25% 18-Sep-2030,0.03,2026-09-17
DCU,,Pembina Pipeline Corp 4.54% 03-Apr-2049,0.03,2026-09-17
DCU,,NEW YORK LIFE GLOBAL FDG 4.20 % 09-05-2033,0.03,2026-09-17
DCU,,Ontario Province 6.20% 02-Jun-2031,0.03,2026-09-17
DCU,,AIMCo Realty Investors LP 2.71% 01-Jun-2029,0.03,2026-09-17
DCU,,Newfoundland & Labrdr Province 2.85% 02-Jun-2029,0.03,2026-09-17
DCU,,Coastal Gaslink Pipeline LP 5.86% 30-Jun-2049,0.03,2026-09-17
DCU,,Alimentation Couche Tard Inc 5.59% 25-Sep-2030,0.03,2026-09-17
DCU,,TRANSCANADA PIPELINES 4.61 % 24-06-2036,0.03,2026-09-17
DCU,,OMERS Realty Corp 4.96% 10-Feb-2031,0.03,2026-09-17
DCU,,Epcor Utilities Inc 5.33% 03-Apr-2053,0.03,2026-09-17
DCU,,SUN LIFE FINANCIAL INC 4.56 % 03-12-2040,0.03,2026-09-17
DCU,,Ontario Province 9.50% 12-Jan-2035,0.03,2026-09-17
DCU,,KEYERA CORP 5.31 % 15-10-2055,0.03,2026-09-17
DCU,,Municipal Finance Authority BC 2.30% 15-Apr-2031,0.03,2026-09-17
DCU,,Allied Properties REIT 4.81% 24-Feb-2029,0.03,2026-09-17
DCU,,Loblaw Cos Ltd 6.45% 01-Mar-2039,0.03,2026-09-17
DCU,,Pembina Pipeline Corp 5.22% 28-Jun-2033,0.03,2026-09-17
DCU,,Telus Corp 4.75% 17-Jul-2044,0.03,2026-09-17
DCU,,GOLDMAN SACHS GROUP INC 4.34 % 05-03-2037,0.03,2026-09-17
DCU,,Saskatchewan Province 3.40% 03-Feb-2042,0.03,2026-09-17
DCU,,PSP Capital Inc 1.50% 15-Mar-2028,0.03,2026-09-17
DCU,,RioCan REIT 5.96% 01-Oct-2029,0.03,2026-09-17
DCU,,OMERS FINANCE TRUST,0.03,2026-09-17
DCU,,Canada Government 3.50% 01-Dec-2056,0.03,2026-09-17
DCU,,Bell Canada 4.75% 29-Mar-2044,0.03,2026-09-17
DCU,,Pembina Pipeline Corp 4.74% 21-Jan-2047,0.03,2026-09-17
DCU,,Coastal Gaslink Pipeline LP 5.19% 30-Sep-2034,0.03,2026-09-17
DCU,,Toronto-Dominion Bank 4.23% 02-Apr-2029,0.03,2026-09-17
DCU,,Fairfax Financial Holdings Ltd 4.73% 22-Aug-2034,0.03,2026-09-17
DCU,,General Motors Fncl Canada Ltd 4.45% 25-Jan-2030,0.03,2026-09-17
DCU,,Inter Pipeline Ltd 5.71% 29-May-2030,0.03,2026-09-17
DCU,,ALLIED PROPERTIES REIT 4.67 % 25-09-2031,0.03,2026-09-17
DCU,,Enbridge Inc 4.21% 22-Jan-2030,0.03,2026-09-17
DCU,,LOBLAW COS LTD 4.39 % 16-06-2035,0.03,2026-09-17
DCU,,BRIT COL MUNI FIN AUTH 4.05 % 03-06-2035,0.03,2026-09-17
DCU,,Labrador Island Lnk Fndg Trust 3.76% 01-Jun-2033,0.03,2026-09-17
DCU,,Inter-American Developmnt Bank 3.40% 24-May-2028,0.03,2026-09-17
DCU,,BELL CANADA 5.30 % 03-06-2056,0.03,2026-09-17
DCU,,CANADIAN NATL RESOURCES 4.55 % 08-02-2036,0.03,2026-09-17
DCU,,International Finance Corp 3.30% 10-May-2028,0.03,2026-09-17
DCU,,TORONTO DOMINION BANK 4.21 % 16-06-2036,0.03,2026-09-17
DCU,,Enbridge Gas Inc 4.20% 02-Jun-2044,0.03,2026-09-17
DCU,,Metro Inc 3.39% 06-Dec-2027,0.03,2026-09-17
DCU,,Lower Mattagami Energy LP 5.14% 18-May-2041,0.03,2026-09-17
DCU,,Daimler Truck Finance Cnd Inc 5.22% 20-Sep-2027,0.03,2026-09-17
DCU,,HONDA CANADA FINANCE INC 3.54 % 23-09-2030,0.03,2026-09-17
DCU,,NOVA SCOTIA PROVINCE 3.90 % 01-06-2036,0.03,2026-09-17
DCU,,Telus Corp 5.15% 26-May-2043,0.03,2026-09-17
DCU,,Teranet Holdings LP 5.75% 17-Dec-2040,0.03,2026-09-17
DCU,,WSP Global Inc 5.55% 22-Nov-2030,0.03,2026-09-17
DCU,,Municipal Finance Authority BC 4.05% 03-Dec-2033,0.03,2026-09-17
DCU,,Great-West Lifeco Inc 6.00% 16-Nov-2039,0.03,2026-09-17
DCU,,DEFINITY FINANCIAL CORP 4.39 % 12-09-2035,0.03,2026-09-17
DCU,,Choice Properties REIT 5.40% 01-Mar-2033,0.03,2026-09-17
DCU,,PRINCE EDWARD ISLAND 3.80 % 01-06-2036,0.03,2026-09-17
DCU,,ENBRIDGE INC 4.35 % 26-02-2036,0.03,2026-09-17
DCU,,Altalink LP 4.92% 17-Sep-2043,0.03,2026-09-17
DCU,,Sun Life Financial Inc 2.06% 01-Oct-2030,0.03,2026-09-17
DCU,,North West Redwater Partnershp 3.65% 01-Dec-2034,0.03,2026-09-17
DCU,,BROOKFIELD INFRA FIN ULC 3.70 % 06-01-2031,0.03,2026-09-17
DCU,,Nova Scotia Province 4.40% 01-Jun-2042,0.03,2026-09-17
DCU,,407 International Inc 2.59% 25-May-2032,0.03,2026-09-17
DCU,,Labrador Island Lnk Fndg Trust 3.86% 01-Dec-2045,0.03,2026-09-17
DCU,,Greater Toronto Airports Auth 3.26% 01-Dec-2036,0.03,2026-09-17
DCU,,Ottawa City 3.75% 02-Oct-2034,0.03,2026-09-17
DCU,,FIRST NATIONS FINAN AUTH 3.25 % 01-06-2031,0.02,2026-09-17
DCU,,Enbridge Gas Inc 3.65% 01-Apr-2050,0.02,2026-09-17
DCU,,Toyota Credit Canada Inc 3.73% 02-Oct-2029,0.02,2026-09-17
DCU,,55 School Board Trust 5.90% 02-Jun-2033,0.02,2026-09-17
DCU,,MANULIFE BANK OF CANADA 3.32 % 19-02-2030,0.02,2026-09-17
DCU,,Nova Scotia Province 4.70% 01-Jun-2041,0.02,2026-09-17
DCU,,Newfoundland & Labrdr Province 3.15% 02-Dec-2052,0.02,2026-09-17
DCU,,Asian Development Bank 3.30% 24-May-2028,0.02,2026-09-17
DCU,,INTER PIPELINE LTD 4.65 % 13-02-2036,0.02,2026-09-17
DCU,,Nova Scotia Province 4.90% 01-Jun-2035,0.02,2026-09-17
DCU,,FAIRSTONE BANK OF CANADA 4.31 % 10-09-2029,0.02,2026-09-17
DCU,,HYUNDAI CAPITAL CANADA 3.85 % 26-10-2029,0.02,2026-09-17
DCU,,MCDONALD S CORP 4.11 % 21-08-2032,0.02,2026-09-17
DCU,,FAIRFAX FINL HLDGS LTD 5.10 % 16-08-2055,0.02,2026-09-17
DCU,,HYUNDAI CAPITAL CANADA 4.16 % 26-08-2031,0.02,2026-09-17
DCU,,Great-West Lifeco Inc 2.38% 14-Feb-2030,0.02,2026-09-17
DCU,,DOLLARAMA INC. 3.94 % 25-07-2031,0.02,2026-09-17
DCU,,Enbridge Inc 5.76% 26-Nov-2052,0.02,2026-09-17
DCU,,Fortis Inc 4.09% 26-Jan-2032,0.02,2026-09-17
DCU,,Newfoundland & Labrdr Province 6.15% 17-Apr-2028,0.02,2026-09-17
DCU,,FAIRSTONE BANK OF CANADA 3.62 % 23-02-2029,0.02,2026-09-17
DCU,,Montreal City 3.15% 01-Dec-2036,0.02,2026-09-17
DCU,,New Brunswick Province 4.55% 26-Mar-2037,0.02,2026-09-17
DCU,,CROMBIE REAL ESTATE INV 4.52 % 06-07-2033,0.02,2026-09-17
DCU,,DOLLARAMA INC. 4.58 % 02-04-2036,0.02,2026-09-17
DCU,,CHUBB INA HOLDINGS LLC 4.03 % 10-06-2033,0.02,2026-09-17
DCU,,Telus Corp 5.65% 13-Mar-2052,0.02,2026-09-17
DCU,,MCAP COMMERCIAL LP 4.30 % 04-03-2031,0.02,2026-09-17
DCU,,Montreal City 4.75% 01-Dec-2045,0.02,2026-09-17
DCU,,TRISUMMIT UTILITIES INC 3.71 % 14-02-2031,0.02,2026-09-17
DCU,,Enbridge Inc 4.90% 26-Apr-2028,0.02,2026-09-17
DCU,,Nova Scotia Province 3.50% 02-Jun-2062,0.02,2026-09-17
DCU,,Manitoba Province 4.60% 05-Mar-2038,0.02,2026-09-17
DCU,,PACIFIC LIFE GF II 3.92 % 24-01-2033,0.02,2026-09-17
DCU,,Transcanada Pipelines Ltd 4.33% 16-Mar-2047,0.02,2026-09-17
DCU,,Royal Bank of Canada 1.83% 31-Jul-2028,0.02,2026-09-17
DCU,,TRANSCANADA PIPELINES 5.13 % 19-11-2055,0.02,2026-09-17
DCU,,Telus Corp 4.80% 15-Dec-2028,0.02,2026-09-17
DCU,,Municipal Finance Authority BC 3.30% 08-Apr-2032,0.02,2026-09-17
DCU,,Fairfax Financial Holdings Ltd 4.25% 06-Sep-2027,0.02,2026-09-17
DCU,,TRANSCANADA PIPELINES 5.36 % 24-06-2056,0.02,2026-09-17
DCU,,Sun Life Financial Inc 5.50% 04-Jul-2030,0.02,2026-09-17
DCU,,Concordia University 6.55% 02-Sep-2042,0.02,2026-09-17
DCU,,Saskatchewan Province 5.80% 05-Sep-2033,0.02,2026-09-17
DCU,,Rogers Communications Inc 6.11% 25-Feb-2040,0.02,2026-09-17
DCU,,Pembina Pipeline Corp 5.67% 12-Jan-2054,0.02,2026-09-17
DCU,,EQUINIX CANADA FIN 4.00 % 15-11-2032,0.02,2026-09-17
DCU,,Newfoundland & Labrdr Province 1.75% 02-Jun-2030,0.02,2026-09-17
DCU,,Granite REIT Holdings LP 2.19% 30-Aug-2028,0.02,2026-09-17
DCU,,PROJET REM SEC 4.15 % 22-06-2036,0.02,2026-09-17
DCU,,Coastal Gaslink Pipeline LP 4.91% 30-Jun-2031,0.02,2026-09-17
DCU,,Enbridge Inc 4.73% 22-May-2034,0.02,2026-09-17
DCU,,Honda Canada Finance Inc 1.65% 25-Feb-2028,0.02,2026-09-17
DCU,,Greater Toronto Airports Auth 5.63% 07-Jun-2040,0.02,2026-09-17
DCU,,PROV OF NEW BRUNSWICK 4.55 % 03-12-2056,0.02,2026-09-17
DCU,,Pembina Pipeline Corp 3.31% 01-Feb-2030,0.02,2026-09-17
DCU,,Montreal City 6.00% 01-Jun-2043,0.02,2026-09-17
DCU,,BROOKFIELD RENEWABLE PAR 4.95 % 13-08-2036,0.02,2026-09-17
DCU,,CU Inc 4.72% 09-Mar-2043,0.02,2026-09-17
DCU,,NOVERCO INC 4.90 % 28-01-2056,0.02,2026-09-17
DCU,,British Columbia Province 6.35% 18-Jun-2031,0.02,2026-09-17
DCU,,Nova Scotia Province 1.10% 01-Jun-2028,0.02,2026-09-17
DCU,,Canadian Imperial Bank Commrce 3.65% 10-Dec-2028,0.02,2026-09-17
DCU,,Transcanada Pipelines Ltd 3.00% 18-Jun-2029,0.02,2026-09-17
DCU,,CENOVUS ENERGY INC 4.60 % 20-11-2035,0.02,2026-09-17
DCU,,Hyundai Capital Canada Inc 3.57% 05-Sep-2028,0.02,2026-09-17
DCU,,EQUINIX CANADA FIN 4.75 % 15-05-2035,0.02,2026-09-17
DCU,,Pembina Pipeline Corp 5.21% 12-Jan-2034,0.02,2026-09-17
DCU,,Dollarama Inc 5.17% 26-Apr-2030,0.02,2026-09-17
DCU,,CU Inc 4.54% 24-Oct-2041,0.02,2026-09-17
DCU,,Toronto City 2.65% 09-Nov-2029,0.02,2026-09-17
DCU,,Bank of Montreal 4.98% 03-Jul-2029,0.02,2026-09-17
DCU,,National Bank of Canada 4.57% 11-Jul-2028,0.02,2026-09-17
DCU,,Capital City Link GP 4.39% 31-Mar-2046,0.02,2026-09-17
DCU,,Ontario Power Generation Inc 4.83% 28-Mar-2034,0.02,2026-09-17
DCU,,WASTE MANAGEMENT OF CANA 3.94 % 15-07-2033,0.02,2026-09-17
DCU,,Enmax Corp 3.77% 06-Jun-2030,0.02,2026-09-17
DCU,,Keyera Corp 3.93% 21-Jun-2028,0.02,2026-09-17
DCU,,National Bank of Canada 4.33% 15-Aug-2030,0.02,2026-09-17
DCU,,NATIONAL BANK OF CANADA 3.64 % 13-04-2030,0.02,2026-09-17
DCU,,Brookfield Renewable Ptnrs ULC 5.88% 09-Aug-2032,0.02,2026-09-17
DCU,,North West Redwater Partnershp 4.35% 10-Jul-2038,0.02,2026-09-17
DCU,,BRUCE POWER LP 4.41 % 21-12-2035,0.02,2026-09-17
DCU,,Brookfield Infra Finance ULC 5.62% 14-Oct-2027,0.02,2026-09-17
DCU,,Sun Life Financial Inc 5.12% 15-May-2031,0.02,2026-09-17
DCU,,Hydro-Quebec 6.00% 15-Aug-2031,0.02,2026-09-17
DCU,,Rogers Communications Inc 3.25% 01-Feb-2029,0.02,2026-09-17
DCU,,Mondelez International Inc 4.63% 03-May-2031,0.02,2026-09-17
DCU,,New Brunswick Province 4.65% 26-Sep-2035,0.02,2026-09-17
DCU,,Alberta Province 4.50% 01-Dec-2040,0.02,2026-09-17
DCU,,North West Redwater Partnershp 4.85% 01-Jun-2034,0.02,2026-09-17
DCU,,Canadian National Railway Co 3.60% 01-Feb-2047,0.02,2026-09-17
DCU,,Altalink LP 3.99% 30-Jun-2042,0.02,2026-09-17
DCU,,Keyera Corp 4.20% 15-Apr-2033,0.02,2026-09-17
DCU,,Metropolitan Life Globl Fndg I 4.15% 06-Jun-2033,0.02,2026-09-17
DCU,,Cogeco Communications Inc 2.99% 22-Sep-2031,0.02,2026-09-17
DCU,,OMERS Realty Corp 5.38% 14-Nov-2028,0.02,2026-09-17
DCU,,Choice Properties REIT 2.98% 04-Mar-2030,0.02,2026-09-17
DCU,,WSP Global Inc 4.75% 12-Sep-2034,0.02,2026-09-17
DCU,,New York Life Global Funding 4.00% 17-Jun-2032,0.02,2026-09-17
DCU,,Hydro One Inc 4.39% 26-Sep-2041,0.02,2026-09-17
DCU,,Canadian National Railway Co 5.10% 02-Nov-2053,0.02,2026-09-17
DCU,,South Coast BC Transport Auth 4.65% 20-Jun-2041,0.02,2026-09-17
DCU,,Enbridge Gas Inc 5.46% 06-Oct-2028,0.02,2026-09-17
DCU,,Dollarama Inc 5.53% 26-Sep-2028,0.02,2026-09-17
DCU,,Equitable Bank 3.99% 24-Mar-2028,0.02,2026-09-17
DCU,,Canadian Imperial Bank Commrce 5.33% 20-Jan-2028,0.02,2026-09-17
DCU,,Telus Corp 3.63% 01-Dec-2027,0.02,2026-09-17
DCU,,Peel Regional Municipality 3.85% 02-Jun-2035,0.02,2026-09-17
DCU,,PS CANADA FINANCE ULC 4.54 % 16-09-2033,0.02,2026-09-17
DCU,,Rogers Communications Inc 4.40% 02-Aug-2028,0.02,2026-09-17
DCU,,South Bow Cdn Infra Hldgs Ltd 4.62% 01-Dec-2031,0.02,2026-09-17
DCU,,WSP Global Inc 2.41% 19-Apr-2028,0.02,2026-09-17
DCU,,Videotron Ltd 4.65% 15-Jun-2029,0.02,2026-09-17
DCU,,First Capital Realty Inc 3.45% 01-Mar-2028,0.02,2026-09-17
DCU,,Hydro One Inc 4.59% 09-Apr-2043,0.02,2026-09-17
DCU,,SAGEN MI CANADA INC 4.95 % 22-09-2033,0.02,2026-09-17
DCU,,HYDRO ONE INC 4.80 % 21-11-2056,0.02,2026-09-17
DCU,,SmartCentres REIT 2.31% 18-Dec-2028,0.02,2026-09-17
DCU,,Sun Life Financial Inc 4.78% 10-Aug-2029,0.02,2026-09-17
DCU,,Muskrat Falls Trsmn Fndg Trust 3.63% 01-Jun-2029,0.02,2026-09-17
DCU,,Transcanada Pipelines Ltd 5.33% 12-Feb-2032,0.02,2026-09-17
DCU,,Coastal Gaslink Pipeline LP 5.40% 30-Sep-2036,0.02,2026-09-17
DCU,,FIRST NATIONAL FINANCIAL 4.89 % 23-10-2030,0.02,2026-09-17
DCU,,FIRST NATIONAL FINANCIAL 4.29 % 23-10-2028,0.02,2026-09-17
DCU,,Fairfax Financial Holdings Ltd 3.95% 03-Dec-2030,0.02,2026-09-17
DCU,,CU Inc 3.95% 23-May-2048,0.02,2026-09-17
DCU,,Capital Power Corp 5.97% 25-Oct-2033,0.02,2026-09-17
DCU,,BRUCE POWER LP 4.81 % 21-06-2036,0.02,2026-09-17
DCU,,ALTAGAS LTD 3.03 % 10-11-2027,0.02,2026-09-17
DCU,,Greater Toronto Airports Auth 2.75% 17-Oct-2039,0.02,2026-09-17
DCU,,John Deere Financial Inc 3.55% 12-Jun-2029,0.02,2026-09-17
DCU,,Great-West Lifeco Inc 2.98% 08-Jan-2050,0.02,2026-09-17
DCU,,Prince Edward Island Province 3.75% 01-Dec-2032,0.02,2026-09-17
DCU,,BMW CANADA INC 3.08 % 03-02-2028,0.02,2026-09-17
DCU,,Sun Life Financial Inc 5.40% 29-May-2037,0.02,2026-09-17
DCU,,CITY OF MONTREAL 4.30 % 01-09-2036,0.02,2026-09-17
DCU,,HEATHROW FUNDING LTD 4.65 % 14-04-2037,0.02,2026-09-17
DCU,,CENTRAL 1 CREDIT UNION 4.00 % 20-08-2030,0.02,2026-09-17
DCU,,RioCan REIT 5.46% 01-Mar-2031,0.02,2026-09-17
DCU,,EXCHANGE INCOME CORP 4.32 % 13-03-2031,0.02,2026-09-17
DCU,,RioCan REIT 4.62% 03-Oct-2031,0.02,2026-09-17
DCU,,LE Carrefour Laval Rec Inc 4.20% 16-May-2030,0.02,2026-09-17
DCU,,Chip Mortgage Trust 3.87% 01-Feb-2051,0.02,2026-09-17
DCU,,Hydro One Inc 3.63% 25-Dec-2048,0.02,2026-09-17
DCU,,BRIT COL MUNI FIN AUTH 4.00 % 03-06-2036,0.02,2026-09-17
DCU,,SNC-Lavalin Insfr McGl Fnc Inc 6.63% 30-Jun-2044,0.02,2026-09-17
DCU,,Hospital Infrastrtre Ptnrs NOH 5.44% 31-Jan-2045,0.02,2026-09-17
DCU,,MET LIFE GLOB FUNDING I 4.00 % 12-01-2033,0.02,2026-09-17
DCU,,PROJET REM SEC 3.80 % 22-06-2033,0.02,2026-09-17
DCU,,GLENCORE FINANCE CANADA 4.05 % 10-10-2032,0.02,2026-09-17
DCU,,Honda Canada Finance Inc 3.55% 25-Feb-2031,0.02,2026-09-17
DCU,,BRIT COL MUNI FIN AUTH 4.75 % 04-05-2046,0.02,2026-09-17
DCU,,Stonlasec8 Indigenous Invmt LP 5.17% 06-Jul-2055,0.02,2026-09-17
DCU,,NOVERCO INC 3.90 % 28-01-2033,0.02,2026-09-17
DCU,,VIDEOTRON LTD 3.95 % 15-10-2032,0.02,2026-09-17
DCU,,Toronto City - Debenture,0.02,2026-09-17
DCU,,Hydro One Inc 4.16% 27-Oct-2032,0.02,2026-09-17
DCU,,Choice Properties REIT 4.18% 08-Mar-2028,0.02,2026-09-17
DCU,,Magna International Inc 4.95% 31-Oct-2030,0.02,2026-09-17
DCU,,Altagas Ltd 5.60% 14-Sep-2053,0.02,2026-09-17
DCU,,CANADIAN NATL RESOURCES 3.30 % 08-12-2028,0.02,2026-09-17
DCU,,TOYOTA CREDIT CANADA INC 3.65 % 19-08-2030,0.02,2026-09-17
DCU,,Nova Scotia Province 4.05% 01-Jun-2029,0.02,2026-09-17
DCU,,Prologis LP 4.20% 15-Nov-2032,0.02,2026-09-17
DCU,,CAPITAL POWER CORP 4.23 % 14-01-2033,0.02,2026-09-17
DCU,,Hydro One Inc 2.16% 28-Nov-2029,0.02,2026-09-17
DCU,,WSP GLOBAL INC 4.00 % 22-01-2032,0.02,2026-09-17
DCU,,Epcor Utilities Inc 6.65% 15-Apr-2038,0.02,2026-09-17
DCU,,Winnipeg City 4.30% 15-Nov-2051,0.02,2026-09-17
DCU,,Toronto City 4.55% 29-Oct-2054,0.02,2026-09-17
DCU,,AIMCo Realty Investors LP 4.97% 23-May-2034,0.02,2026-09-17
DCU,,Greater Toronto Airports Auth 1.54% 03-Mar-2028,0.02,2026-09-17
DCU,,Gibson Energy Inc 3.60% 17-Sep-2029,0.02,2026-09-17
DCU,,Pembina Pipeline Corp 3.53% 10-Dec-2031,0.02,2026-09-17
DCU,,Dollarama Inc 3.85% 16-Dec-2030,0.02,2026-09-17
DCU,,Toronto City 4.55% 27-Jul-2042,0.02,2026-09-17
DCU,,MANULIFE BANK OF CANADA 3.83 % 10-09-2029,0.02,2026-09-17
DCU,,Inter Pipeline Ltd 5.85% 18-May-2032,0.02,2026-09-17
DCU,,Massmutual Global Funding II 4.13% 10-Jul-2026,0.02,2026-09-17
DCU,,Hyundai Capital Canada Inc 5.57% 08-Feb-2028,0.02,2026-09-17
DCU,,Montreal City 2.30% 01-Sep-2029,0.02,2026-09-17
DCU,,Alimentation Couche Tard Inc 4.60% 25-Jan-2029,0.02,2026-09-17
DCU,,Pembina Pipeline Corp 4.75% 30-Apr-2043,0.02,2026-09-17
DCU,,Montreal City 3.90% 01-Sep-2034,0.02,2026-09-17
DCU,,OMERS Realty Corp 3.63% 05-Jun-2030,0.02,2026-09-17
DCU,,Canadian National Railway Co 4.15% 10-Mar-2030,0.02,2026-09-17
DCU,,WSP GLOBAL INC 4.59 % 22-01-2036,0.02,2026-09-17
DCU,,Saskatchewan Province 5.75% 05-Mar-2029,0.02,2026-09-17
DCU,,Canadian Natural Resources Ltd 4.15% 15-Dec-2031,0.02,2026-09-17
DCU,,EQUINIX CANADA FIN 3.95 % 15-05-2030,0.02,2026-09-17
DCU,,NextEra Energy Capital Hdg Inc 3.83% 12-May-2030,0.02,2026-09-17
DCU,,SAPUTO INC 3.88 % 02-07-2030,0.02,2026-09-17
DCU,,CENOVUS ENERGY INC 4.25 % 20-03-2033,0.02,2026-09-17
DCU,,Brookfield Renewable Ptnrs ULC 3.38% 15-Oct-2029,0.02,2026-09-17
DCU,,CANADIAN NATL RESOURCES 3.75 % 08-02-2031,0.02,2026-09-17
DCU,,BELL CANADA 4.30 % 14-03-2033,0.02,2026-09-17
DCU,,Oxford Properties Group 3.91% 04-Dec-2029,0.02,2026-09-17
DCU,,John Deere Financial Inc 5.17% 15-Sep-2028,0.02,2026-09-17
DCU,,BELL CANADA 4.70 % 14-03-2036,0.02,2026-09-17
DCU,,Whitecap Resources Inc 4.97% 21-Jun-2029,0.02,2026-09-17
DCU,,Nova Scotia Power Inc 5.61% 15-Jun-2040,0.02,2026-09-17
DCU,,ALIMENTATION COUCHE TARD 3.86 % 26-09-2032,0.02,2026-09-17
DCU,,York Regional Municipality 2.65% 18-Apr-2029,0.02,2026-09-17
DCU,,Brookfield Infra Finance ULC 5.71% 27-May-2030,0.02,2026-09-17
DCU,,CU Inc 5.09% 20-Sep-2053,0.02,2026-09-17
DCU,,Greater Toronto Airports Auth 6.47% 02-Feb-2034,0.02,2026-09-17
DCU,,Maritime Link Financing Trust 3.50% 01-Dec-2052,0.02,2026-09-17
DCU,,Ontario Power Generation Inc 3.84% 22-Dec-2047,0.02,2026-09-17
DCU,,Fortis Inc 4.17% 09-Sep-2031,0.02,2026-09-17
DCU,,CT REIT 5.83% 14-Jun-2028,0.02,2026-09-17
DCU,,Canadian National Railway Co 4.40% 10-Feb-2033,0.02,2026-09-17
DCU,,NAV Canada 2.92% 29-Sep-2051,0.02,2026-09-17
DCU,,Pembina Pipeline Corp 3.62% 03-Apr-2029,0.02,2026-09-17
DCU,,Epcor Utilities Inc 4.73% 02-Sep-2052,0.02,2026-09-17
DCU,,Choice Properties REIT 3.53% 11-Jun-2029,0.02,2026-09-17
DCU,,Toronto City 4.30% 01-Jun-2052,0.02,2026-09-17
DCU,,North West Redwater Partnershp 4.05% 22-Jan-2044,0.02,2026-09-17
DCU,,Athene Global Funding 5.11% 07-Mar-2029,0.02,2026-09-17
DCU,,Hydro One Inc 4.39% 01-Dec-2033,0.02,2026-09-17
DCU,,CANADIAN PACIFIC RR CO 4.80 % 13-06-2055,0.02,2026-09-17
DCU,,Enbridge Gas Inc 5.20% 23-Jul-2040,0.02,2026-09-17
DCU,,Montreal Airports 5.67% 16-Oct-2037,0.02,2026-09-17
DCU,,CT REIT 3.03% 05-Feb-2029,0.02,2026-09-17
DCU,,Ontario Power Generation Inc 4.87% 13-Sep-2054,0.02,2026-09-17
DCU,,North West Redwater Partnershp 3.75% 01-Dec-2050,0.02,2026-09-17
DCU,,North West Redwater Partnershp 4.75% 01-Dec-2036,0.02,2026-09-17
DCU,,Telus Corp 4.95% 28-Dec-2032,0.02,2026-09-17
DCU,,Bell Canada 5.60% 11-Feb-2053,0.02,2026-09-17
DCU,,South Coast BC Transport Auth 3.15% 16-Nov-2048,0.02,2026-09-17
DCU,,GA GLOBAL FUNDING TRUST 4.86 % 22-07-2033,0.02,2026-09-17
DCU,,FortisAlberta Inc 4.54% 18-Oct-2041,0.02,2026-09-17
DCU,,Capital Power Corp 4.42% 08-Nov-2029,0.02,2026-09-17
DCU,,Fortis Inc 4.43% 31-Mar-2029,0.02,2026-09-17
DCU,,Brookfield Renewable Ptnrs ULC 5.32% 10-Jul-2053,0.02,2026-09-17
DCU,,Fortis Inc 2.18% 15-Mar-2028,0.02,2026-09-17
DCU,,Ontario Power Generation Inc 4.99% 28-Dec-2053,0.02,2026-09-17
DCU,,McMaster University 4.11% 26-Nov-2065,0.02,2026-09-17
DCU,,WELLTOWER OP LLC 3.85 % 15-08-2031,0.02,2026-09-17
DCU,,Bank of Nova Scotia 4.25% 20-Mar-2034,0.02,2026-09-17
DCU,,Canada Post Corp 4.36% 16-Jul-2040,0.02,2026-09-17
DCU,,SOBEYS INC 3.10 % 30-10-2028,0.02,2026-09-17
DCU,,407 International Inc 2.84% 07-Mar-2050,0.02,2026-09-17
DCU,,Pembina Pipeline Corp 4.75% 26-Mar-2048,0.02,2026-09-17
DCU,,British Columbia Frry Svcs Inc 6.25% 13-Oct-2034,0.02,2026-09-17
DCU,,Royal Bank of Canada 1.67% 28-Jan-2028,0.02,2026-09-17
DCU,,Coastal Gaslink Pipeline LP 5.54% 30-Jun-2039,0.02,2026-09-17
DCU,,ATHENE GLOBAL FUNDING 4.70 % 17-09-2030,0.02,2026-09-17
DCU,,ENBRIDGE GAS INC 5.35 % 19-08-2056,0.02,2026-09-17
DCU,,North West Redwater Partnershp 4.15% 01-Dec-2032,0.02,2026-09-17
DCU,,Muskrat Falls Trsmn Fndg Trust 3.83% 01-Jun-2037,0.02,2026-09-17
DCU,,KEYERA CORP 3.94 % 15-07-2031,0.02,2026-09-17
DCU,,ATKINSREALIS GROUP INC 4.76 % 15-03-2033,0.02,2026-09-17
DCU,,Newfoundland & Labrdr Province 4.65% 17-Oct-2040,0.02,2026-09-17
DCU,,Bruce Power LP 4.00% 21-Mar-2030,0.02,2026-09-17
DCU,,SUNCOR ENERGY INC 2.95 % 14-11-2027,0.02,2026-09-17
DCU,,Saskatchewan Province 5.00% 05-Mar-2037,0.02,2026-09-17
DCU,,HYUNDAI CAPITAL CANADA 3.72 % 14-05-2029,0.02,2026-09-17
DCU,,Trillium M Project Co GP 4.85% 30-Apr-2043,0.02,2026-09-17
DCU,,HEATHROW FUNDING LTD 4.90 % 06-08-2037,0.02,2026-09-17
DCU,,Transcanada Pipelines Ltd 2.97% 09-Mar-2031,0.02,2026-09-17
DCU,,Greater Toronto Airports Auth 4.53% 02-Dec-2041,0.02,2026-09-17
DCU,,North West Redwater Partnershp 5.08% 01-Jun-2054,0.02,2026-09-17
DCU,,York Regional Municipality 3.65% 13-May-2033,0.02,2026-09-17
DCU,,RioCan REIT 5.47% 01-Mar-2030,0.02,2026-09-17
DCU,,MOLSON COORS INTL LP 4.30 % 08-07-2033,0.02,2026-09-17
DCU,,BROOKFIELD INFRA FIN ULC,0.02,2026-09-17
DCU,,ATHENE GLOBAL FUNDING 4.61 % 19-09-2035,0.02,2026-09-17
DCU,,DEFINITY FINANCIAL CORP 3.71 % 12-09-2030,0.02,2026-09-17
DCU,,ALTALINK LP 5.11 % 23-07-2056,0.02,2026-09-17
DCU,,GM FINANCIAL CAD 3.75 % 20-02-2031,0.02,2026-09-17
DCU,,Toronto Hydro Corp 3.49% 28-Feb-2048,0.02,2026-09-17
DCU,,Rogers Communications Inc 5.80% 21-Sep-2030,0.02,2026-09-17
DCU,,BMW CANADA INC 3.30 % 07-09-2027,0.02,2026-09-17
DCU,,Bell Canada 6.10% 16-Mar-2035,0.02,2026-09-17
DCU,,KEYERA CORP 4.64 % 15-07-2036,0.02,2026-09-17
DCU,,Toronto Hydro Corp 2.43% 11-Dec-2029,0.02,2026-09-17
DCU,,CU Inc 3.96% 27-Jan-2045,0.02,2026-09-17
DCU,,407 INTERNATIONAL INC 5.06 % 07-04-2056,0.02,2026-09-17
DCU,,Stantec Inc 4.37% 10-Jun-2032,0.02,2026-09-17
DCU,,Hydro One Inc 5.49% 16-Jul-2040,0.02,2026-09-17
DCU,,PROV OF NEW BRUNSWICK 3.80 % 03-06-2036,0.02,2026-09-17
DCU,,PROLOGIS LP 3.60 % 15-02-2032,0.02,2026-09-17
DCU,,Manitoba Province 6.30% 05-Mar-2031,0.02,2026-09-17
DCU,,Cogeco Communications Inc 5.30% 16-Feb-2033,0.02,2026-09-17
DCU,,INTACT FINANCIAL CORP 3.78 % 28-02-2038,0.02,2026-09-17
DCU,,Manitoba Province 3.35% 05-Mar-2043,0.02,2026-09-17
DCU,,Altalink LP 4.46% 08-Nov-2041,0.02,2026-09-17
DCU,,New Brunswick Province 5.65% 27-Dec-2028,0.02,2026-09-17
DCU,,CGI Inc 2.10% 18-Jul-2028,0.02,2026-09-17
DCU,,Toyota Credit Canada Inc 4.46% 19-Mar-2029,0.02,2026-09-17
DCU,,CU Inc 2.96% 07-Mar-2049,0.02,2026-09-17
DCU,,General Motors Fncl Canada Ltd 5.20% 09-Jan-2028,0.02,2026-09-17
DCU,,Hydro One Inc 2.71% 28-Aug-2049,0.02,2026-09-17
DCU,,Saputo Inc 5.49% 20-Sep-2030,0.02,2026-09-17
DCU,,Ventas Canada Finance Ltd 5.10% 05-Mar-2029,0.02,2026-09-17
DCU,,Calgary City 4.20% 01-Jun-2034,0.02,2026-09-17
DCU,,Manitoba Province 4.40% 05-Mar-2042,0.02,2026-09-17
DCU,,Greater Toronto Airports Auth 7.10% 04-Jun-2031,0.02,2026-09-17
DCU,,407 International Inc 4.45% 14-Aug-2031,0.02,2026-09-17
DCU,,Prologis LP 4.70% 01-Feb-2029,0.02,2026-09-17
DCU,,Connect 6Ix GP 6.21% 30-Nov-2060,0.02,2026-09-17
DCU,,Manulife Financial Corp 3.98% 23-May-2030,0.02,2026-09-17
DCU,,OPB Finance Trust 3.89% 04-Jul-2042,0.02,2026-09-17
DCU,,Hydro One Inc 5.36% 20-May-2036,0.02,2026-09-17
DCU,,Ellisdon Infrastructure SNH GP 5.15% 31-Aug-2057,0.02,2026-09-17
DCU,,Newfoundland and Labradr Hydro 3.60% 01-Dec-2045,0.02,2026-09-17
DCU,,Altagas Ltd 5.14% 14-Dec-2033,0.02,2026-09-17
DCU,,Montreal City 2.40% 01-Dec-2041,0.02,2026-09-17
DCU,,Enbridge Gas Inc 6.05% 02-Sep-2038,0.02,2026-09-17
DCU,,Transcanada Pipelines Ltd 3.39% 15-Dec-2027,0.02,2026-09-17
DCU,,Bruce Power LP 4.75% 21-Dec-2048,0.02,2026-09-17
DCU,,Brookfield Renewable Ptnrs ULC 5.29% 28-Oct-2033,0.02,2026-09-17
DCU,,Teranet Holdings LP 3.72% 23-Feb-2029,0.01,2026-09-17
DCU,,ENOVA POWER CORP 3.60 % 21-01-2031,0.01,2026-09-17
DCU,,Canadian National Railway Co 4.20% 10-Mar-2035,0.01,2026-09-17
DCU,,Pembina Pipeline Corp 4.02% 27-Mar-2028,0.01,2026-09-17
DCU,,Bridging North America GP 4.34% 31-Aug-2053,0.01,2026-09-17
DCU,,Capital Power Corp 4.83% 16-Jul-2031,0.01,2026-09-17
DCU,,BNP Paribas SA 4.49% 03-Sep-2030,0.01,2026-09-17
DCU,,John Deere Financial Inc 4.63% 04-Apr-2029,0.01,2026-09-17
DCU,,KEYERA CORP 3.70 % 15-10-2030,0.01,2026-09-17
DCU,,Nova Scotia Province 5.80% 01-Jun-2033,0.01,2026-09-17
DCU,,Epcor Utilities Inc 3.55% 27-May-2047,0.01,2026-09-17
DCU,,IA FINANCIAL CORP INC 4.16 % 26-05-2036,0.01,2026-09-17
DCU,,BROOKFIELD RENEWABLE PAR 4.26 % 13-08-2031,0.01,2026-09-17
DCU,,Hydro One Inc 6.93% 01-Jun-2032,0.01,2026-09-17
DCU,,Peel Regional Municipality 5.10% 29-Jun-2040,0.01,2026-09-17
DCU,,Bell Canada 2.20% 29-Mar-2028,0.01,2026-09-17
DCU,,Plenary Hlth Cr Ptshps Hmbr LP 4.90% 31-May-2039,0.01,2026-09-17
DCU,,Telus Corp 2.05% 07-Jul-2030,0.01,2026-09-17
DCU,,South Bow Cdn Infra Hldgs Ltd 4.32% 01-Jan-2030,0.01,2026-09-17
DCU,,CAE Inc 5.54% 12-Jun-2028,0.01,2026-09-17
DCU,,Air Lease Corp 5.40% 29-Jun-2025,0.01,2026-09-17
DCU,,Pembina Pipeline Corp 4.49% 10-Dec-2051,0.01,2026-09-17
DCU,,Honda Canada Finance Inc 3.87% 22-May-2030,0.01,2026-09-17
DCU,,Toronto City 4.25% 11-Jul-2033,0.01,2026-09-17
DCU,,KEYERA CORP 4.57 % 15-10-2035,0.01,2026-09-17
DCU,,Brookfield Corp 5.95% 14-Jun-2035,0.01,2026-09-17
DCU,,Toyota Credit Canada Inc 4.44% 27-Jun-2029,0.01,2026-09-17
DCU,,Toronto City 4.70% 10-Jun-2041,0.01,2026-09-17
DCU,,Enbridge Gas Inc 2.90% 01-Apr-2030,0.01,2026-09-17
DCU,,Toyota Credit Canada Inc 5.16% 12-Jul-2028,0.01,2026-09-17
DCU,,Greater Toronto Airports Auth 2.73% 03-Apr-2029,0.01,2026-09-17
DCU,,Reliance LP 2.67% 01-Aug-2028,0.01,2026-09-17
DCU,,ENBRIDGE INC 5.82 % 17-08-2053,0.01,2026-09-17
DCU,,Choice Properties REIT 5.03% 28-Feb-2031,0.01,2026-09-17
DCU,,Ottawa City 3.25% 10-Nov-2047,0.01,2026-09-17
DCU,,VANCOUVER CITY SVGS CRED 4.36 % 24-07-2029,0.01,2026-09-17
DCU,,Mercedes-Benz Fin Canada Inc 5.12% 27-Jun-2028,0.01,2026-09-17
DCU,,Enbridge Inc 4.24% 27-Aug-2042,0.01,2026-09-17
DCU,,Avenue Living (2014) LP 5.11% 12-May-2030,0.01,2026-09-17
DCU,,Saskatchewan Province 5.60% 05-Sep-2035,0.01,2026-09-17
DCU,,Toronto City 2.80% 22-Nov-2049,0.01,2026-09-17
DCU,,Nouvelle Autort 30 Finmt Inc 3.75% 31-Mar-2033,0.01,2026-09-17
DCU,,Power Corp of Canada 8.57% 22-Apr-2039,0.01,2026-09-17
DCU,,407 International Inc 3.83% 11-May-2046,0.01,2026-09-17
DCU,,HYUNDAI CAPITAL CANADA 3.58 % 14-01-2030,0.01,2026-09-17
DCU,,National Bank of Canada 5.28% 15-Feb-2029,0.01,2026-09-17
DCU,,THOMSON REUTERS CORP 4.48 % 17-09-2031,0.01,2026-09-17
DCU,,THOMSON REUTERS CORP 4.13 % 17-09-2029,0.01,2026-09-17
DCU,,TMX GROUP LTD 3.86 % 26-09-2028,0.01,2026-09-17
DCU,,CU Inc 4.21% 29-Apr-2055,0.01,2026-09-17
DCU,,Stella-Jones Inc 4.31% 01-Oct-2031,0.01,2026-09-17
DCU,,Toronto City 2.60% 24-Sep-2039,0.01,2026-09-17
DCU,,Quebec Province 2.10% 27-May-2031,0.01,2026-09-17
DCU,,Pembina Pipeline Corp 4.67% 28-May-2050,0.01,2026-09-17
DCU,,Cordelio Amalco GP I 4.09% 30-Sep-2034,0.01,2026-09-17
DCU,,Bruce Power LP 4.27% 21-Sep-2034,0.01,2026-09-17
DCU,,Canadian Utilities Ltd 4.79% 16-Sep-2055,0.01,2026-09-17
DCU,,Coastal Gaslink Pipeline LP 4.69% 30-Sep-2029,0.01,2026-09-17
DCU,,BROOKFIELD FIN II INC 4.80 % 21-04-2036,0.01,2026-09-17
DCU,,CU Inc 5.58% 26-May-2038,0.01,2026-09-17
DCU,,Manitoba Province 3.15% 05-Sep-2052,0.01,2026-09-17
DCU,,407 International Inc 5.75% 14-Feb-2036,0.01,2026-09-17
DCU,,Newfoundland & Labrdr Province 5.70% 17-Oct-2035,0.01,2026-09-17
DCU,,Saskatchewan Province 3.75% 05-Mar-2054,0.01,2026-09-17
DCU,,York Regional Municipality 4.05% 01-May-2034,0.01,2026-09-17
DCU,,407 International Inc 4.86% 31-Jul-2053,0.01,2026-09-17
DCU,,Electricite de France SA 6.49% 23-Nov-2052,0.01,2026-09-17
DCU,,SMARTSTOP OP LP 4.32 % 18-02-2031,0.01,2026-09-17
DCU,,407 International Inc 3.60% 21-May-2047,0.01,2026-09-17
DCU,,Electricite de France SA 5.38% 17-May-2034,0.01,2026-09-17
DCU,,CNH Industrial Cptl Canada Ltd 3.75% 05-May-2029,0.01,2026-09-17
DCU,,Intact Financial Corp 5.28% 14-Mar-2054,0.01,2026-09-17
DCU,,Rogers Communications Inc 6.68% 04-Nov-2039,0.01,2026-09-17
DCU,,Laurentian Bank of Canada 4.19% 23-Jan-2028,0.01,2026-09-17
DCU,,Enbridge Gas Inc 3.20% 15-Sep-2051,0.01,2026-09-17
DCU,,COAST CAPITAL SV CRE UN 4.79 % 16-09-2031,0.01,2026-09-17
DCU,,Hydro One Inc 7.35% 03-Jun-2030,0.01,2026-09-17
DCU,,Whitecap Resources Inc 5.50% 21-Jun-2034,0.01,2026-09-17
DCU,,BC FERRY SERVICES INC 4.69 % 19-02-2056,0.01,2026-09-17
DCU,,MANULIFE BANK OF CANADA 3.95 % 20-05-2031,0.01,2026-09-17
DCU,,Manulife Bank of Canada 3.72% 15-May-2030,0.01,2026-09-17
DCU,,Choice Properties REIT 5.70% 28-Feb-2034,0.01,2026-09-17
DCU,,Hyundai Capital Canada Inc 4.90% 31-Dec-2028,0.01,2026-09-17
DCU,,Calgary Airport Authority 3.55% 07-Oct-2051,0.01,2026-09-17
DCU,,IGM Financial Inc 5.43% 26-May-2053,0.01,2026-09-17
DCU,,Toronto City 4.15% 10-Mar-2044,0.01,2026-09-17
DCU,,MINI MALL STORG PRP TRST 4.28 % 01-12-2028,0.01,2026-09-17
DCU,,Ivanhoe Cambridge II Inc 4.99% 02-Jun-2028,0.01,2026-09-17
DCU,,Brookfield Renewable Ptnrs ULC 4.25% 15-Oct-2028,0.01,2026-09-17
DCU,,NOUVELLE AUTO 30 FINANCE,0.01,2026-09-17
DCU,,GM FINANCIAL CAD 3.80 % 07-11-2030,0.01,2026-09-17
DCU,,FortisAlberta Inc 5.37% 30-Oct-2039,0.01,2026-09-17
DCU,,VW Credit Canada Inc 4.42% 20-Aug-2029,0.01,2026-09-17
DCU,,ENBRIDGE INC 4.33 % 22-02-2049,0.01,2026-09-17
DCU,,Altagas Ltd 2.08% 30-Mar-2028,0.01,2026-09-17
DCU,,Penske Truck Leasng Canada Inc 3.70% 01-Oct-2027,0.01,2026-09-17
DCU,,Montreal City 4.25% 01-Dec-2032,0.01,2026-09-17
DCU,,407 International Inc 3.72% 11-May-2048,0.01,2026-09-17
DCU,,Muskrat Falls Trsmn Fndg Trust 3.38% 01-Jun-2057,0.01,2026-09-17
DCU,,Montreal Airports 3.92% 12-Dec-2044,0.01,2026-09-17
DCU,,Montreal City 4.70% 01-Dec-2041,0.01,2026-09-17
DCU,,Hydro One Inc 4.89% 13-Mar-2037,0.01,2026-09-17
DCU,,Brookfield Renewable Ptnrs ULC 4.54% 12-Jul-2035,0.01,2026-09-17
DCU,,Canadian Pacific Railway Co 6.45% 17-Nov-2039,0.01,2026-09-17
DCU,,TMX Group Ltd 4.84% 18-Feb-2032,0.01,2026-09-17
DCU,,ENBRIDGE GAS INC 4.65 % 19-08-2036,0.01,2026-09-17
DCU,,Oxford Properties Group 4.39% 04-Jun-2032,0.01,2026-09-17
DCU,,ENBRIDGE INC 4.55 % 29-09-2045,0.01,2026-09-17
DCU,,TMX Group Ltd 4.68% 16-Aug-2029,0.01,2026-09-17
DCU,,BELL CANADA 5.25 % 14-08-2055,0.01,2026-09-17
DCU,,Hydro Ottawa Capital Corp 4.37% 30-Jan-2035,0.01,2026-09-17
DCU,,Bruce Power LP 4.70% 21-Jun-2031,0.01,2026-09-17
DCU,,SmartCentres REIT 3.53% 20-Dec-2029,0.01,2026-09-17
DCU,,York Regional Municipality 4.00% 31-May-2032,0.01,2026-09-17
DCU,,Wilfrid Laurier University 5.43% 01-Feb-2045,0.01,2026-09-17
DCU,,Ontario Infrastructr Lnds Corp 4.70% 01-Jun-2037,0.01,2026-09-17
DCU,,FIRST NATIONS FINAN AUTH 4.70 % 01-12-2056,0.01,2026-09-17
DCU,,Peel Regional Municipality 2.50% 16-Jun-2051,0.01,2026-09-17
DCU,,Gildan Activewear Inc 4.36% 22-Nov-2029,0.01,2026-09-17
DCU,,407 International Inc 4.68% 07-Oct-2053,0.01,2026-09-17
DCU,,DREAM SUMMIT INDUSTRIAL 4.43 % 28-03-2030,0.01,2026-09-17
DCU,,First Nations Finance Authorty 3.05% 01-Jun-2028,0.01,2026-09-17
DCU,,Federation Csses Desjardins Qc 5.48% 16-Aug-2028,0.01,2026-09-17
DCU,,CNH Industrial Cptl Canada Ltd 4.00% 11-Apr-2028,0.01,2026-09-17
DCU,,Crombie REIT 2.69% 31-Mar-2028,0.01,2026-09-17
DCU,,Metro Inc 4.00% 27-Nov-2029,0.01,2026-09-17
DCU,,ATKINSREALIS GROUP INC 4.41 % 15-06-2031,0.01,2026-09-17
DCU,,Gildan Activewear Inc 3.63% 13-Mar-2028,0.01,2026-09-17
DCU,,Transcanada Pipelines Ltd 6.89% 07-Aug-2028,0.01,2026-09-17
DCU,,BROOKFIELD FIN II INC 4.39 % 01-03-2033,0.01,2026-09-17
DCU,,DREAM SUMMIT INDUSTRIAL 3.96 % 10-04-2029,0.01,2026-09-17
DCU,,Metro Inc 4.27% 04-Dec-2047,0.01,2026-09-17
DCU,,Toronto University 5.84% 15-Dec-2043,0.01,2026-09-17
DCU,,Epcor Utilities Inc 4.99% 31-May-2054,0.01,2026-09-17
DCU,,GO RESIDENTIAL OPERATING 4.53 % 13-02-2029,0.01,2026-09-17
DCU,,VW CREDIT CANADA INC 4.33 % 25-08-2031,0.01,2026-09-17
DCU,,TOYOTA CREDIT CANADA INC 3.55 % 16-07-2029,0.01,2026-09-17
DCU,,Loblaw Cos Ltd 5.12% 04-Mar-2054,0.01,2026-09-17
DCU,,Brookfield Infra Finance ULC 5.98% 14-Nov-2032,0.01,2026-09-17
DCU,,TriSummit Utilities Inc 4.26% 05-Sep-2028,0.01,2026-09-17
DCU,,Bell Canada 3.65% 14-Jul-2029,0.01,2026-09-17
DCU,,IGM Financial Inc 4.17% 13-Jul-2048,0.01,2026-09-17
DCU,,TOYOTA CREDIT CANADA INC 3.86 % 14-07-2031,0.01,2026-09-17
DCU,,Montreal City 4.10% 01-Dec-2034,0.01,2026-09-17
DCU,,Ottawa City 3.10% 27-Jul-2048,0.01,2026-09-17
DCU,,PRIMARIS REAL ESTATE INV 3.85 % 09-10-2030,0.01,2026-09-17
DCU,,FortisAlberta Inc 6.22% 31-Oct-2034,0.01,2026-09-17
DCU,,ENBRIDGE INC 5.35 % 10-11-2039,0.01,2026-09-17
DCU,,Hydro One Inc 6.03% 03-Mar-2039,0.01,2026-09-17
DCU,,Loblaw Cos Ltd 6.05% 09-Jun-2034,0.01,2026-09-17
DCU,,METRO INC 3.47 % 25-02-2031,0.01,2026-09-17
DCU,,FAIRFAX FINL HLDGS LTD 4.45 % 14-08-2035,0.01,2026-09-17
DCU,,Capital Power Corp 5.82% 15-Aug-2028,0.01,2026-09-17
DCU,,HYUNDAI CAPITAL CANADA 4.00 % 13-05-2031,0.01,2026-09-17
DCU,,Dollarama Inc 2.44% 09-Jul-2029,0.01,2026-09-17
DCU,,CGI Inc 4.15% 05-Sep-2029,0.01,2026-09-17
DCU,,Reliance LP 5.25% 15-May-2031,0.01,2026-09-17
DCU,,Pembina Pipeline Corp 4.81% 25-Mar-2044,0.01,2026-09-17
DCU,,Toronto City 2.15% 25-Aug-2040,0.01,2026-09-17
DCU,,SUN LIFE FINANCIAL INC 4.21 % 22-06-2038,0.01,2026-09-17
DCU,,iA Financial Corp Inc 4.13% 05-Dec-2034,0.01,2026-09-17
DCU,,Enbridge Gas Inc 3.80% 01-Jun-2046,0.01,2026-09-17
DCU,,British Columbia Province 5.00% 18-Jun-2031,0.01,2026-09-17
DCU,,Toyota Credit Canada Inc 3.74% 21-May-2030,0.01,2026-09-17
DCU,,VW Credit Canada Inc 4.49% 19-Nov-2029,0.01,2026-09-17
DCU,,Calgary Airport Authority 3.45% 07-Oct-2041,0.01,2026-09-17
DCU,,AVENUE LIVING 2014 LP 4.65 % 15-07-2029,0.01,2026-09-17
DCU,,Intact Financial Corp 2.95% 16-Jun-2050,0.01,2026-09-17
DCU,,Finning International Inc 4.78% 13-Feb-2029,0.01,2026-09-17
DCU,,British Columbia Frry Svcs Inc 2.79% 15-Oct-2049,0.01,2026-09-17
DCU,,GIBSON ENERGY INC 4.45 % 20-08-2032,0.01,2026-09-17
DCU,,Enbridge Gas Inc 2.35% 15-Sep-2031,0.01,2026-09-17
DCU,,Chartwell Retirement Residencs 3.65% 06-May-2028,0.01,2026-09-17
DCU,,Whitecap Resources Inc 4.38% 01-Nov-2029,0.01,2026-09-17
DCU,,Empire Life Insurance Co 5.50% 13-Jan-2033,0.01,2026-09-17
DCU,,Athabasca Indigenous Mdstrm LP 6.07% 05-Feb-2042,0.01,2026-09-17
DCU,,Crosslinx Transit Solutions GP 4.56% 30-Jun-2051,0.01,2026-09-17
DCU,,First Capital Realty Inc 5.46% 12-Jun-2032,0.01,2026-09-17
DCU,,SmartCentres REIT 4.74% 05-Aug-2031,0.01,2026-09-17
DCU,,Manulife Bank of Canada 3.99% 22-Feb-2028,0.01,2026-09-17
DCU,,Enbridge Inc 5.70% 10-Oct-2027,0.01,2026-09-17
DCU,,ENBRIDGE INC 5.10 % 26-02-2056,0.01,2026-09-17
DCU,,Fairfax Financial Holdings Ltd 4.23% 14-Mar-2029,0.01,2026-09-17
DCU,,TOYOTA CREDIT CANADA INC 3.12 % 20-11-2028,0.01,2026-09-17
DCU,,Saskatchewan Province 6.40% 05-Sep-2031,0.01,2026-09-17
DCU,,SGTP Highway Bypass LP 4.11% 29-Jun-2025,0.01,2026-09-17
DCU,,Bruce Power LP 4.99% 21-Sep-2032,0.01,2026-09-17
DCU,,Keyera Corp 5.66% 04-Jan-2054,0.01,2026-09-17
DCU,,Newfoundland & Labrdr Province 5.60% 17-Oct-2033,0.01,2026-09-17
DCU,,407 International Inc 4.45% 15-Nov-2041,0.01,2026-09-17
DCU,,Connect 6Ix GP 6.11% 30-Nov-2046,0.01,2026-09-17
DCU,,Plenary Health Bridgepoint LP 7.25% 31-Aug-2042,0.01,2026-09-17
DCU,,Gildan Activewear Inc 4.15% 22-Nov-2030,0.01,2026-09-17
DCU,,Intact Financial Corp 4.65% 21-Mar-2055,0.01,2026-09-17
DCU,,Calgary Airport Authority 3.75% 07-Oct-2061,0.01,2026-09-17
DCU,,Suncor Energy Inc 3.95% 04-Sep-2050,0.01,2026-09-17
DCU,,Peel Regional Municipality 4.25% 02-Dec-2033,0.01,2026-09-17
DCU,,Central 1 Credit Union 4.65% 07-Feb-2028,0.01,2026-09-17
DCU,,Dream Summit Industrial LP 4.17% 18-Sep-2030,0.01,2026-09-17
DCU,,Nova Scotia Power Inc 3.57% 05-Apr-2049,0.01,2026-09-17
DCU,,Prince Edward Island Province 2.65% 01-Dec-2051,0.01,2026-09-17
DCU,,York University 6.48% 07-Mar-2042,0.01,2026-09-17
DCU,,Municipal Finance Authority BC 4.50% 03-Dec-2028,0.01,2026-09-17
DCU,,SmartCentres REIT 5.35% 29-May-2028,0.01,2026-09-17
DCU,,Canadian National Railway Co 3.95% 22-Mar-2045,0.01,2026-09-17
DCU,,407 International Inc 4.45% 11-Sep-2052,0.01,2026-09-17
DCU,,COREBRIDGE GLOB FUNDING 3.84 % 15-01-2031,0.01,2026-09-17
DCU,,Epcor Utilities Inc 4.55% 28-Feb-2042,0.01,2026-09-17
DCU,,VITAL INFRA PROP TRUST 5.02 % 18-02-2028,0.01,2026-09-17
DCU,,Primaris REIT 6.37% 30-Jun-2029,0.01,2026-09-17
DCU,,Altagas Ltd 4.67% 08-Dec-2028,0.01,2026-09-17
DCU,,Teranet Holdings LP 4.64% 07-Mar-2032,0.01,2026-09-17
DCU,,Calgary Airport Authority 3.20% 07-Oct-2036,0.01,2026-09-17
DCU,,Bell Canada 2.90% 10-Jun-2029,0.01,2026-09-17
DCU,,Access Research Montreal SEC 7.07% 31-Dec-2042,0.01,2026-09-17
DCU,,Electricite de France SA 5.99% 23-Mar-2030,0.01,2026-09-17
DCU,,Epcor Utilities Inc 5.65% 16-Nov-2035,0.01,2026-09-17
DCU,,Hydro One Inc 3.72% 18-May-2047,0.01,2026-09-17
DCU,,Intact Financial Corp 2.18% 18-Mar-2028,0.01,2026-09-17
DCU,,Canadian Pacific Railway Co 3.15% 13-Dec-2028,0.01,2026-09-17
DCU,,CGI INC 0.01 % 14-12-2029,0.01,2026-09-17
DCU,,British Columbia Province 5.40% 18-Jun-2035,0.01,2026-09-17
DCU,,FORTISBC ENERGY INC 5.17 % 06-08-2056,0.01,2026-09-17
DCU,,BMW CANADA INC 3.70 % 05-09-2029,0.01,2026-09-17
DCU,,Nova Scotia Power Inc 5.95% 27-Jul-2039,0.01,2026-09-17
DCU,,Carleton University 3.26% 05-Jul-2061,0.01,2026-09-17
DCU,,Brookfield Renewable Ptnrs ULC 5.45% 12-Dec-2029,0.01,2026-09-17
DCU,,VW CREDIT CANADA INC 3.95 % 27-08-2029,0.01,2026-09-17
DCU,,Inter Pipeline Ltd 4.64% 30-Nov-2043,0.01,2026-09-17
DCU,,Ontario Power Generation Inc 4.92% 19-Apr-2032,0.01,2026-09-17
DCU,,FortisAlberta Inc 4.85% 11-Sep-2043,0.01,2026-09-17
DCU,,TriSummit Utilities Inc 5.02% 11-Nov-2029,0.01,2026-09-17
DCU,,Daimler Truck Finance Cnd Inc 4.54% 27-Sep-2029,0.01,2026-09-17
DCU,,Equitable Bank 3.91% 17-Dec-2027,0.01,2026-09-17
DCU,,RBC Canadian Core Real Est Fnd 4.48% 16-Oct-2029,0.01,2026-09-17
DCU,,Metro Inc 5.97% 15-Oct-2035,0.01,2026-09-17
DCU,,Vancouver Airport Authority 2.87% 18-Oct-2049,0.01,2026-09-17
DCU,,Enbridge Inc 3.55% 25-Feb-2028,0.01,2026-09-17
DCU,,Toronto City 3.25% 24-Jun-2046,0.01,2026-09-17
DCU,,Energir LP 4.83% 02-Jun-2053,0.01,2026-09-17
DCU,,Reliance LP 4.39% 16-Apr-2032,0.01,2026-09-17
DCU,,AVENUE LIVING 2014 LP 4.52 % 25-09-2028,0.01,2026-09-17
DCU,,CT REAL ESTATE INV TRUST 4.36 % 05-12-2031,0.01,2026-09-17
DCU,,Toyota Credit Canada Inc 3.36% 23-May-2028,0.01,2026-09-17
DCU,,FIRST CAP REAL ESTATE IN 4.76 % 15-02-2035,0.01,2026-09-17
DCU,,Altalink LP 5.46% 11-Oct-2055,0.01,2026-09-17
DCU,,HYDRO ONE INC 3.94 % 25-08-2032,0.01,2026-09-17
DCU,,Alectra Inc 3.96% 30-Jul-2042,0.01,2026-09-17
DCU,,Canadian National Railway Co 3.60% 08-Aug-2048,0.01,2026-09-17
DCU,,Crombie REIT 4.73% 15-Jan-2032,0.01,2026-09-17
DCU,,OXFORD PROPERTIES GROUP 3.94 % 20-04-2031,0.01,2026-09-17
DCU,,HYDRO ONE INC 4.30 % 24-08-2035,0.01,2026-09-17
DCU,,Ventas Canada Finance Ltd 3.30% 01-Dec-2031,0.01,2026-09-17
DCU,,SmartCentres REIT 5.16% 01-Aug-2030,0.01,2026-09-17
DCU,,South Coast BC Transport Auth 4.15% 12-Dec-2053,0.01,2026-09-17
DCU,,Loblaw Cos Ltd 5.34% 13-Sep-2052,0.01,2026-09-17
DCU,,PROJET REM SEC 3.54 % 22-06-2031,0.01,2026-09-17
DCU,,PEEL (REG. MUNIC. OF) 4.85 % 02-06-2046,0.01,2026-09-17
DCU,,Toronto Hydro Corp 2.47% 20-Oct-2031,0.01,2026-09-17
DCU,,REGIONAL MUNI OF YORK 3.90 % 02-12-2035,0.01,2026-09-17
DCU,,Noverco Inc 4.57% 28-Jan-2035,0.01,2026-09-17
DCU,,ONCOR ELECTRIC DELIVERY 4.20 % 01-10-2035,0.01,2026-09-17
DCU,,ENBRIDGE GAS INC 4.16 % 12-09-2035,0.01,2026-09-17
DCU,,Energir LP 3.04% 09-Feb-2032,0.01,2026-09-17
DCU,,Vancouver City 3.70% 18-Oct-2052,0.01,2026-09-17
DCU,,Granite REIT Holdings LP 4.35% 04-Oct-2031,0.01,2026-09-17
DCU,,Brookfield Infra Finance ULC 5.44% 25-Jan-2034,0.01,2026-09-17
DCU,,Energir LP 4.67% 27-Sep-2032,0.01,2026-09-17
DCU,,CU Inc 4.66% 11-Sep-2054,0.01,2026-09-17
DCU,,Vancouver Airport Authority 2.80% 21-Sep-2050,0.01,2026-09-17
DCU,,Enbridge Gas Inc 5.70% 06-Oct-2033,0.01,2026-09-17
DCU,,Altalink LP 4.05% 21-May-2044,0.01,2026-09-17
DCU,,Granite REIT Holdings LP 2.38% 18-Dec-2030,0.01,2026-09-17
DCU,,Newfoundland & Labrdr Province 6.55% 17-Oct-2030,0.01,2026-09-17
DCU,,Power Corp of Canada 4.81% 31-Jan-2047,0.01,2026-09-17
DCU,,Crombie REIT 5.24% 28-Sep-2029,0.01,2026-09-17
DCU,,Ontario Power Generation Inc 4.32% 13-Dec-2034,0.01,2026-09-17
DCU,,Electricite de France SA 5.78% 17-May-2054,0.01,2026-09-17
DCU,,Halifax Intl Airport Authority 3.68% 03-May-2051,0.01,2026-09-17
DCU,,Gibson Energy Inc 4.45% 12-Nov-2031,0.01,2026-09-17
DCU,,NOVA SCOTIA PROVINCE 4.60 % 01-12-2056,0.01,2026-09-17
DCU,,York Regional Municipality 1.70% 27-May-2030,0.01,2026-09-17
DCU,,Enbridge Gas Inc 5.21% 25-Feb-2036,0.01,2026-09-17
DCU,,Peel Regional Municipality 4.65% 02-Dec-2055,0.01,2026-09-17
DCU,,Montreal Airports 3.44% 26-Oct-2050,0.01,2026-09-17
DCU,,Toronto City 2.20% 21-Dec-2031,0.01,2026-09-17
DCU,,Montreal Airports 5.17% 17-Sep-2035,0.01,2026-09-17
DCU,,BROOKFIELD INFRA FIN ULC 4.53 % 24-09-2035,0.01,2026-09-17
DCU,,Suncor Energy Inc 5.00% 09-Jan-2030,0.01,2026-09-17
DCU,,WHITECAP RESOURCES INC 3.76 % 19-06-2028,0.01,2026-09-17
DCU,,Montreal Airports 3.92% 26-Sep-2042,0.01,2026-09-17
DCU,,FortisBC Inc 4.00% 28-Apr-2044,0.01,2026-09-17
DCU,,Daimler Truck Finance Cnd Inc 5.77% 25-Sep-2028,0.01,2026-09-17
DCU,,FortisBC Energy Inc 6.00% 02-Oct-2037,0.01,2026-09-17
DCU,,Enbridge Inc 4.10% 21-Mar-2051,0.01,2026-09-17
DCU,,CU INC,0.01,2026-09-17
DCU,,Alectra Inc 5.30% 29-Apr-2041,0.01,2026-09-17
DCU,,Honda Canada Finance Inc 4.90% 04-Jun-2029,0.01,2026-09-17
DCU,,Dream Industrial REIT 5.38% 22-Mar-2028,0.01,2026-09-17
DCU,,Electricite de France SA 4.57% 06-Feb-2035,0.01,2026-09-17
DCU,,Ontario Power Generation Inc 2.95% 21-Aug-2050,0.01,2026-09-17
DCU,,FortisAlberta Inc 4.11% 29-Sep-2044,0.01,2026-09-17
DCU,,Emera Inc 4.84% 02-Mar-2030,0.01,2026-09-17
DCU,,Great-West Lifeco Inc 6.74% 24-Nov-2031,0.01,2026-09-17
DCU,,Altalink LP 4.45% 11-Jul-2053,0.01,2026-09-17
DCU,,Bell Canada 7.00% 24-Sep-2027,0.01,2026-09-17
DCU,,RioCan REIT 2.83% 08-Nov-2028,0.01,2026-09-17
DCU,,Newfoundland & Labrdr Province 4.50% 17-Apr-2037,0.01,2026-09-17
DCU,,407 International Inc 3.65% 08-Sep-2044,0.01,2026-09-17
DCU,,North West Redwater Partnershp 4.25% 01-Mar-2029,0.01,2026-09-17
DCU,,Videotron Ltd 5.00% 15-Apr-2034,0.01,2026-09-17
DCU,,Enbridge Gas Inc 6.16% 16-Dec-2033,0.01,2026-09-17
DCU,,Epcor Utilities Inc 5.75% 24-Nov-2039,0.01,2026-09-17
DCU,,NAV Canada 3.53% 23-Aug-2045,0.01,2026-09-17
DCU,,Ontario Power Generation Inc 3.65% 13-Mar-2050,0.01,2026-09-17
DCU,,Toronto City 3.80% 13-Dec-2042,0.01,2026-09-17
DCU,,Toronto Hydro Corp 5.13% 12-Oct-2028,0.01,2026-09-17
DCU,,Bell Canada 5.15% 09-Aug-2052,0.01,2026-09-17
DCU,,Coast Capital Savings FCU 4.15% 01-Feb-2028,0.01,2026-09-17
DCU,,407 International Inc 4.54% 09-Oct-2054,0.01,2026-09-17
DCU,,Fair Hydro Trust Series 2018 1 3.36% 15-Nov-2032,0.01,2026-09-17
DCU,,RIOCAN REAL ESTATE INVST 4.31 % 11-03-2033,0.01,2026-09-17
DCU,,Inter Pipeline Ltd 6.38% 17-Feb-2033,0.01,2026-09-17
DCU,,Enbridge Gas Inc 5.46% 11-Sep-2036,0.01,2026-09-17
DCU,,Intact Financial Corp 5.16% 16-Jun-2042,0.01,2026-09-17
DCU,,Sienna Senior Living Inc 4.11% 21-Aug-2030,0.01,2026-09-17
DCU,,Capital Power Corp 3.15% 01-Jul-2032,0.01,2026-09-17
DCU,,New Brunswick Province 4.25% 14-Aug-2029,0.01,2026-09-17
DCU,,TMX GROUP LTD 4.57 % 22-09-2033,0.01,2026-09-17
DCU,,VW Credit Canada Inc 5.73% 20-Sep-2028,0.01,2026-09-17
DCU,,South Bow Cdn Infra Hldgs Ltd 4.93% 01-Nov-2034,0.01,2026-09-17
DCU,,Hydro One Inc 6.35% 31-Jan-2034,0.01,2026-09-17
DCU,,Cameco Corp 4.94% 24-May-2031,0.01,2026-09-17
DCU,,McGill University Health Cntre 5.36% 31-Dec-2043,0.01,2026-09-17
DCU,,FortisAlberta Inc 4.27% 22-Sep-2045,0.01,2026-09-17
DCU,,Honda Canada Finance Inc 4.90% 21-Feb-2029,0.01,2026-09-17
DCU,,CI Financial Corp 6.00% 20-Sep-2027,0.01,2026-09-17
DCU,,AIMCo Realty Investors LP 4.64% 15-Feb-2030,0.01,2026-09-17
DCU,,FortisAlberta Inc 4.90% 27-May-2054,0.01,2026-09-17
DCU,,FIRST NATIONAL FINANCIAL 5.44 % 25-10-2032,0.01,2026-09-17
DCU,,SOUTH COAST BRIT COL TRA,0.01,2026-09-17
DCU,,Winnipeg Airports Authorty Inc 5.21% 28-Sep-2040,0.01,2026-09-17
DCU,,Fortis Inc 5.68% 08-Nov-2033,0.01,2026-09-17
DCU,,WELLTOWER OP LLC 4.15 % 15-08-2033,0.01,2026-09-17
DCU,,Municipal Finance Authority BC 3.75% 03-Dec-2034,0.01,2026-09-17
DCU,,FortisBC Energy Inc 2.42% 18-Apr-2031,0.01,2026-09-17
DCU,,Prince Edward Island Province 4.05% 02-Jun-2034,0.01,2026-09-17
DCU,,ENBRIDGE INC 5.33 % 06-04-2040,0.01,2026-09-17
DCU,,Granite REIT Holdings LP 4.00% 04-Oct-2029,0.01,2026-09-17
DCU,,FORTISBC INC 5.37 % 13-08-2056,0.01,2026-09-17
DCU,,BIRD CONSTRUCTION INC 4.40 % 01-06-2031,0.01,2026-09-17
DCU,,TOURMALINE OIL CORP 3.93 % 16-03-2031,0.01,2026-09-17
DCU,,VW Credit Canada Inc 5.86% 15-Nov-2027,0.01,2026-09-17
DCU,,Alectra Inc 4.63% 13-Mar-2034,0.01,2026-09-17
DCU,,Hydro One Inc 3.02% 05-Jan-2029,0.01,2026-09-17
DCU,,WASTE CONNECTIONS INC 4.20 % 04-09-2033,0.01,2026-09-17
DCU,,VW CREDIT CANADA INC 3.39 % 20-11-2028,0.01,2026-09-17
DCU,,MERCEDES BENZ CA FIN INC 3.50 % 22-06-2029,0.01,2026-09-17
DCU,,Greater Sudbury City 3.46% 15-Mar-2047,0.01,2026-09-17
DCU,,ASIAN DEVELOPMENT BANK 2.60 % 20-10-2028,0.01,2026-09-17
DCU,,Altalink LP 4.87% 15-Nov-2040,0.01,2026-09-17
DCU,,Allied Properties REIT 5.53% 26-Sep-2028,0.01,2026-09-17
DCU,,RELIANCE LP 3.60 % 18-04-2030,0.01,2026-09-17
DCU,,CHUBB INA HOLDINGS LLC 3.78 % 10-06-2031,0.01,2026-09-17
DCU,,TOYOTA CREDIT CANADA INC 3.14 % 26-02-2029,0.01,2026-09-17
DCU,,Prince Edward Island Province 3.95% 15-Jun-2035,0.01,2026-09-17
DCU,,INTL FINANCE CORP 2.55 % 22-01-2029,0.01,2026-09-17
DCU,,VW CREDIT CANADA INC 3.81 % 19-11-2030,0.01,2026-09-17
DCU,,Grand Renewable Solar LP 3.93% 31-Jan-2035,0.01,2026-09-17
DCU,,Toronto Hydro Corp 4.08% 16-Mar-2044,0.01,2026-09-17
DCU,,Brookfield Renewable Ptnrs ULC 5.37% 12-Jun-2030,0.01,2026-09-17
DCU,,Bell Canada 6.17% 26-Feb-2037,0.01,2026-09-17
DCU,,TOYOTA CREDIT CANADA INC 3.46 % 24-02-2031,0.01,2026-09-17
DCU,,ENBRIDGE INC 4.13 % 09-08-2046,0.01,2026-09-17
DCU,,Saputo Inc 5.25% 29-Sep-2029,0.01,2026-09-17
DCU,,CHOICE PROPERTIES REIT 4.84 % 22-09-2033,0.01,2026-09-17
DCU,,ENBRIDGE INC 4.55 % 17-08-2043,0.01,2026-09-17
DCU,,Waste Connections Inc 4.50% 14-May-2029,0.01,2026-09-17
DCU,,CU Inc 4.95% 18-Nov-2050,0.01,2026-09-17
DCU,,Ottawa City - Debenture,0.01,2026-09-17
DCU,,Nova Scotia Province 3.45% 01-Jun-2045,0.01,2026-09-17
DCU,,Nova Scotia Power Inc 4.95% 15-Nov-2032,0.01,2026-09-17
DCU,,CITY OF OTTAWA 4.60 % 02-12-2045,0.01,2026-09-17
DCU,,BMW Canada Inc 3.70% 02-Apr-2029,0.01,2026-09-17
DCU,,Toronto City 4.40% 14-Dec-2042,0.01,2026-09-17
DCU,,407 International Inc 3.67% 08-Mar-2049,0.01,2026-09-17
DCU,,ENBRIDGE INC 4.20 % 12-05-2051,0.01,2026-09-17
DCU,,Canadian National Railway Co 3.05% 08-Aug-2049,0.01,2026-09-17
DCU,,Enbridge Gas Inc 3.51% 29-Nov-2047,0.01,2026-09-17
DCU,,CU Inc 3.17% 06-Mar-2051,0.01,2026-09-17
DCU,,Municipal Finance Authority BC 2.50% 27-Sep-2041,0.01,2026-09-17
DCU,,BRUCE POWER LP 4.00 % 21-12-2032,0.01,2026-09-17
DCU,,Crosslinx Transit Solutions GP 4.65% 30-Sep-2046,0.01,2026-09-17
DCU,,Enbridge Inc 5.36% 26-Feb-2033,0.01,2026-09-17
DCU,,Coastal Gaslink Pipeline LP 5.61% 30-Sep-2042,0.01,2026-09-17
DCU,,Suncor Energy Inc 4.34% 13-Mar-2046,0.01,2026-09-17
DCU,,Energir LP 4.65% 20-May-2055,0.01,2026-09-17
DCU,,Electricite de France SA 5.23% 06-Feb-2055,0.01,2026-09-17
DCU,,407 International Inc 4.89% 04-Apr-2054,0.01,2026-09-17
DCU,,Dream Summit Industrial LP 4.51% 12-Feb-2031,0.01,2026-09-17
DCU,,MCAP Commercial LP 4.82% 04-Mar-2030,0.01,2026-09-17
DCU,,Toronto Metropolitan Universty 3.54% 04-May-2061,0.01,2026-09-17
DCU,,CARGOJET INC 4.60 % 30-06-2030,0.01,2026-09-17
DCU,,FortisBC Energy Inc 6.05% 15-Feb-2038,0.01,2026-09-17
DCU,,TRISUMMIT UTILITIES INC 4.44 % 26-08-2033,0.01,2026-09-17
DCU,,CHOICE PROPERTIES REIT 4.63 % 08-08-2035,0.01,2026-09-17
DCU,,FortisBC Energy Inc 3.38% 13-Oct-2044,0.01,2026-09-17
DCU,,Canadian Natural Resources Ltd 4.85% 30-Nov-2046,0.01,2026-09-17
DCU,,Keyera Corp 3.96% 29-May-2030,0.01,2026-09-17
DCU,,New Brunswick Province 3.55% 03-Jun-2055,0.01,2026-09-17
DCU,,WSP Global Inc 4.12% 12-Sep-2029,0.01,2026-09-17
DCU,,Canadian Pacific Railway Co 4.00% 13-Apr-2032,0.01,2026-09-17
DCU,,Prince Edward Island Province 4.65% 19-Nov-2037,0.01,2026-09-17
DCU,,Fair Hydro Trust Series 2018 1 3.52% 15-Nov-2037,0.01,2026-09-17
DCU,,Enbridge Gas Inc 2.37% 09-Aug-2029,0.01,2026-09-17
DCU,,RELIANCE LP 4.15 % 18-04-2033,0.01,2026-09-17
DCU,,MANULIFE BANK OF CANADA 3.69 % 19-08-2030,0.01,2026-09-17
DCU,,Toronto City 2.85% 23-Nov-2041,0.01,2026-09-17
DCU,,Canadian National Railway Co 3.50% 10-May-2030,0.01,2026-09-17
DCU,,MANULIFE BANK OF CANADA 3.16 % 01-06-2029,0.01,2026-09-17
DCU,,TMX GROUP LTD 4.90 % 23-09-2036,0.01,2026-09-17
DCU,,HYDRO ONE INC 4.95 % 25-08-2055,0.01,2026-09-17
DCU,,NAV Canada 3.29% 30-Sep-2047,0.01,2026-09-17
DCU,,John Deere Financial Inc 1.34% 08-Sep-2027,0.01,2026-09-17
DCU,,Bell Canada 7.85% 02-Apr-2031,0.01,2026-09-17
DCU,,Telus Corp 5.00% 13-Jul-2029,0.01,2026-09-17
DCU,,MERCEDES BENZ CA FIN INC 3.75 % 23-06-2031,0.01,2026-09-17
DCU,,Newfoundland and Labradr Hydro 6.65% 27-Aug-2031,0.01,2026-09-17
DCU,,Enbridge Gas Inc 5.67% 06-Oct-2053,0.01,2026-09-17
DCU,,FortisBC Energy Inc 6.50% 01-May-2034,0.01,2026-09-17
DCU,,Vancouver Airport Authority 3.66% 23-Nov-2048,0.01,2026-09-17
DCU,,FortisBC Energy Inc 3.67% 09-Oct-2045,0.01,2026-09-17
DCU,,Magna International Inc 4.80% 30-Apr-2029,0.01,2026-09-17
DCU,,Choice Properties REIT 4.29% 16-Jan-2030,0.01,2026-09-17
DCU,,Bank of Montreal 6.53% 27-Oct-2032,0.01,2026-09-17
DCU,,South Coast BC Transport Auth 3.85% 09-Feb-2052,0.01,2026-09-17
DCU,,Dream Summit Industrial LP 5.11% 12-Feb-2029,0.01,2026-09-17
DCU,,General Motors Fncl Canada Ltd 5.00% 09-Jan-2029,0.01,2026-09-17
DCU,,BMW Canada Inc 3.99% 10-Oct-2028,0.01,2026-09-17
DCU,,Cordelio Amalco GP I 4.09% 30-Jun-2034,0.01,2026-09-17
DCU,,Finning International Inc 4.45% 16-May-2028,0.01,2026-09-17
DCU,,South Coast BC Transport Auth 1.60% 03-Jul-2030,0.01,2026-09-17
DCU,,Royal Institution Advncmt Lrng 3.98% 29-Jul-2055,0.01,2026-09-17
DCU,,Metro Inc 5.03% 01-Dec-2044,0.01,2026-09-17
DCU,,Sobeys Inc 6.64% 07-Jun-2040,0.01,2026-09-17
DCU,,Altalink LP 3.72% 03-Dec-2046,0.01,2026-09-17
DCU,,Toronto Hydro Corp 2.99% 10-Dec-2049,0.01,2026-09-17
DCU,,CGI INC 4.48 % 14-06-2031,0.01,2026-09-17
DCU,,Montreal Airports 3.03% 21-Apr-2050,0.01,2026-09-17
DCU,,Prince Edward Island Province 4.60% 19-May-2041,0.01,2026-09-17
DCU,,Alectra Inc 3.46% 12-Apr-2049,0.01,2026-09-17
DCU,,Canadian Pacific Railway Co 3.05% 09-Sep-2049,0.01,2026-09-17
DCU,,Toronto Hydro Corp 1.50% 15-Oct-2030,0.01,2026-09-17
DCU,,South Coast BC Transport Auth 4.45% 09-Jun-2044,0.01,2026-09-17
DCU,,407 International Inc 3.30% 27-Mar-2045,0.01,2026-09-17
DCU,,Sienna Senior Living Inc 4.44% 17-Oct-2029,0.01,2026-09-17
DCU,,Hyundai Capital Canada Inc 3.58% 22-Nov-2027,0.01,2026-09-17
DCU,,Sun Life Financial Inc 3.15% 18-Nov-2031,0.01,2026-09-17
DCU,,Inter Pipeline Ltd 5.09% 27-Nov-2051,0.01,2026-09-17
DCU,,Telus Corp 3.15% 19-Nov-2029,0.01,2026-09-17
DCU,,Hydro One Inc 2.23% 17-Jun-2031,0.01,2026-09-17
DCU,,H&R REIT 5.46% 28-Feb-2029,0.01,2026-09-17
DCU,,Halifax Intl Airport Authority 5.50% 19-Jul-2041,0.01,2026-09-17
DCU,,Hydro One Inc 3.79% 31-Jul-2062,0.01,2026-09-17
DCU,,John Deere Financial Inc 4.38% 11-Jul-2028,0.01,2026-09-17
DCU,,CSS FSCC Partnership 6.92% 31-Jul-2042,0.01,2026-09-17
DCU,,Intact Financial Corp 1.93% 16-Sep-2030,0.01,2026-09-17
DCU,,Ottawa City 4.60% 14-Jul-2042,0.01,2026-09-17
DCU,,Royal Institution Advncmt Lrng 6.15% 22-Sep-2042,0.01,2026-09-17
DCU,,Plenary Health Hamilton LP 5.80% 31-May-2043,0.01,2026-09-17
DCU,,Toronto City 3.20% 01-Aug-2048,0.01,2026-09-17
DCU,,Equitable Bank 3.74% 05-May-2028,0.01,2026-09-17
DCU,,Brookfield Infra Finance ULC 2.86% 01-Jun-2032,0.01,2026-09-17
DCU,,DAIMLER TRUCK FI CANADA 3.48 % 13-10-2028,0.01,2026-09-17
DCU,,Chartwell Retirement Residencs 4.50% 06-Mar-2032,0.01,2026-09-17
DCU,,SIENNA SENIOR LIVING 3.52 % 18-12-2028,0.01,2026-09-17
DCU,,Toromont Industries Ltd 3.76% 28-Mar-2030,0.01,2026-09-17
DCU,,Power Corp of Canada 4.46% 27-Jul-2048,0.01,2026-09-17
DCU,,TRISURA GROUP LTD 4.02 % 17-03-2031,0.01,2026-09-17
DCU,,SMARTSTOP OP LP 3.89 % 24-09-2030,0.01,2026-09-17
DCU,,Brookfield Renewable Ptnrs ULC 3.33% 13-Aug-2050,0.01,2026-09-17
DCU,,FIRST CAP REAL ESTATE IN 4.46 % 15-02-2034,0.01,2026-09-17
DCU,,Access Prairies Partnership 4.23% 01-Mar-2048,0.01,2026-09-17
DCU,,Russel Metals Inc 4.42% 28-Mar-2030,0.01,2026-09-17
DCU,,VW Credit Canada Inc 4.25% 18-Feb-2028,0.01,2026-09-17
DCU,,Bell Canada 5.15% 14-Oct-2028,0.01,2026-09-17
DCU,,Tourmaline Oil Corp 2.53% 12-Feb-2029,0.01,2026-09-17
DCU,,Saskatchewan Province 2.35% 02-Jun-2060,0.01,2026-09-17
DCU,,Stantec Inc 5.39% 27-Jun-2030,0.01,2026-09-17
DCU,,407 International Inc 5.96% 03-Dec-2035,0.01,2026-09-17
DCU,,Enmax Corp 4.70% 09-Jul-2034,0.01,2026-09-17
DCU,,Transcanada Pipelines Ltd 5.92% 12-Nov-2051,0.01,2026-09-17
DCU,,CITY OF VANCOUVER 3.75 % 28-11-2035,0.01,2026-09-17
DCU,,First Nations Finance Authorty 2.85% 01-Jun-2032,0.01,2026-09-17
DCU,,Toronto University 6.78% 18-Jul-2031,0.01,2026-09-17
DCU,,407 International Inc 3.98% 11-Sep-2052,0.01,2026-09-17
DCU,,CU Inc 3.76% 19-May-2046,0.01,2026-09-17
DCU,,South Coast BC Transport Auth 4.60% 14-Jun-2055,0.01,2026-09-17
DCU,,BMW CANADA INC 3.54 % 04-02-2030,0.01,2026-09-17
DCU,,407 INTERNATIONAL INC 4.48 % 07-10-2036,0.01,2026-09-17
DCU,,First Capital Realty Inc 5.57% 01-Mar-2031,0.01,2026-09-17
DCU,,Toronto Hydro Corp 5.54% 21-May-2040,0.01,2026-09-17
DCU,,Great-West Lifeco Inc 6.67% 21-Mar-2033,0.01,2026-09-17
DCU,,IGM Financial Inc 4.12% 09-Dec-2047,0.01,2026-09-17
DCU,,Calgary Airport Authority 3.34% 07-Oct-2038,0.01,2026-09-17
DCU,,RioCan REIT 4.67% 01-Mar-2032,0.01,2026-09-17
DCU,,Greater Toronto Airports Auth 3.15% 05-Apr-2051,0.01,2026-09-17
DCU,,Saskatchewan Province 2.95% 02-Jun-2058,0.01,2026-09-17
DCU,,Cogeco Communications Inc 4.74% 06-Feb-2035,0.01,2026-09-17
DCU,,McMaster University 3.41% 17-Jun-2071,0.01,2026-09-17
DCU,,Manitoba Province 3.45% 05-Mar-2063,0.01,2026-09-17
DCU,,Bruce Power LP 4.01% 21-Mar-2029,0.01,2026-09-17
DCU,,FortisBC Energy Inc 5.80% 13-May-2038,0.01,2026-09-17
DCU,,Loblaw Cos Ltd 6.15% 29-Jan-2035,0.01,2026-09-17
DCU,,Keyera Corp 5.02% 28-Mar-2032,0.01,2026-09-17
DCU,,Western Ontario University 4.80% 24-May-2047,0.01,2026-09-17
DCU,,Hospital for Sick Children 3.42% 07-Jun-2057,0.01,2026-09-17
DCU,,Winnipeg City 4.65% 01-Jun-2064,0.01,2026-09-17
DCU,,British Columbia Frry Svcs Inc 5.58% 11-Jan-2038,0.01,2026-09-17
DCU,,Rogers Communications Inc 6.56% 21-Sep-2040,0.01,2026-09-17
DCU,,British Columbia Frry Svcs Inc 4.70% 23-Oct-2043,0.01,2026-09-17
DCU,,Brookfield Infra Finance ULC 5.79% 25-Oct-2051,0.01,2026-09-17
DCU,,IGM Financial Inc 4.21% 21-Mar-2050,0.01,2026-09-17
DCU,,BMW Canada Inc 4.66% 05-Apr-2028,0.01,2026-09-17
DCU,,Toyota Credit Canada Inc 3.55% 04-Oct-2027,0.01,2026-09-17
DCU,,Daimler Truck Finance Cnd Inc 4.46% 27-Sep-2027,0.01,2026-09-17
DCU,,Primaris REIT 5.30% 15-Mar-2032,0.01,2026-09-17
DCU,,First Capital Realty Inc 4.83% 13-Jun-2033,0.01,2026-09-17
DCU,,RioCan REIT 4.63% 01-May-2029,0.01,2026-09-17
DCU,,Alberta Province 3.06% 01-Jun-2120,0.01,2026-09-17
DCU,,Greater Toronto Airports Auth 6.45% 03-Dec-2027,0.01,2026-09-17
DCU,,Hydro One Inc 4.17% 06-Dec-2043,0.01,2026-09-17
DCU,,British Columbia Frry Svcs Inc 4.29% 28-Oct-2043,0.01,2026-09-17
DCU,,Transcanada Pipelines Ltd 8.05% 17-Feb-2039,0.01,2026-09-17
DCU,,Teranet Holdings LP 5.01% 07-Mar-2035,0.01,2026-09-17
DCU,,SMARTCENTRES REIT 3.60 % 12-06-2029,0.01,2026-09-17
DCU,,Energir Inc 5.70% 10-Jul-2036,0.00,2026-09-17
DCU,,Winnipeg Airports Authorty Inc 3.66% 30-Mar-2047,0.00,2026-09-17
DCU,,Enbridge Gas Inc 4.00% 22-Aug-2044,0.00,2026-09-17
DCU,,TMX Group Ltd 2.02% 12-Feb-2031,0.00,2026-09-17
DCU,,Toronto City 4.90% 15-May-2054,0.00,2026-09-17
DCU,,Winnipeg City 4.10% 01-Jun-2045,0.00,2026-09-17
DCU,,Toronto Metropolitan Universty 3.77% 11-Apr-2057,0.00,2026-09-17
DCU,,407 International Inc 3.43% 01-Jun-2033,0.00,2026-09-17
DCU,,RioCan REIT 4.42% 01-Oct-2032,0.00,2026-09-17
DCU,,TOYOTA CREDIT CANADA INC 3.31 % 18-08-2028,0.00,2026-09-17
DCU,,Co-operators Financl Srvcs Ltd 3.33% 13-May-2030,0.00,2026-09-17
DCU,,Manitoba Province 4.25% 05-Mar-2039,0.00,2026-09-17
DCU,,Montreal Airports 6.55% 11-Oct-2033,0.00,2026-09-17
DCU,,Enbridge Inc 7.20% 18-Jun-2032,0.00,2026-09-17
DCU,,Fortis Inc 6.51% 04-Jul-2039,0.00,2026-09-17
DCU,,Canadian Utilities Ltd 4.85% 03-Jun-2052,0.00,2026-09-17
DCU,,WASTE CONNECTIONS INC 4.55 % 04-09-2036,0.00,2026-09-17
DCU,,Westcoast Energy Inc 7.15% 20-Mar-2031,0.00,2026-09-17
DCU,,Tourmaline Oil Corp 2.08% 25-Jan-2028,0.00,2026-09-17
DCU,,MORGUARD CORPORATION 4.31 % 18-06-2029,0.00,2026-09-17
DCU,,EQUITABLE BANK 3.87 % 12-04-2029,0.00,2026-09-17
DCU,,Great-West Lifeco Inc 3.34% 28-Nov-2027,0.00,2026-09-17
DCU,,Sun Life Assurance Co Canada 6.30% 15-May-2028,0.00,2026-09-17
DCU,,HomeEquity Bank 5.82% 13-Aug-2029,0.00,2026-09-17
DCU,,Transcanada Pipelines Ltd 6.50% 09-Dec-2030,0.00,2026-09-17
DCU,,Toronto City 2.90% 29-Apr-2051,0.00,2026-09-17
DCU,,Gibson Energy Inc 6.20% 12-Jul-2053,0.00,2026-09-17
DCU,,Gibson Energy Inc 5.75% 12-Jul-2033,0.00,2026-09-17
DCU,,Loblaw Cos Ltd 6.50% 22-Jan-2029,0.00,2026-09-17
DCU,,FortisAlberta Inc 4.86% 26-May-2053,0.00,2026-09-17
DCU,,Hydro One Inc 3.10% 15-Mar-2051,0.00,2026-09-17
DCU,,Ornge Issuer Trust 5.73% 11-Jun-2034,0.00,2026-09-17
DCU,,FortisBC Energy Inc 2.54% 13-Jan-2050,0.00,2026-09-17
DCU,,Liberty Utilities (Canada) LP 3.32% 14-Feb-2050,0.00,2026-09-17
DCU,,Sagen MI Canada Inc 3.26% 05-Mar-2031,0.00,2026-09-17
DCU,,Central 1 Credit Union 5.98% 10-Nov-2028,0.00,2026-09-17
DCU,,Plenary Health Niagara 7.69% 31-May-2042,0.00,2026-09-17
DCU,,CU Inc 4.77% 14-Sep-2052,0.00,2026-09-17
DCU,,Montreal Airports 3.36% 24-Oct-2046,0.00,2026-09-17
DCU,,Enbridge Inc 5.75% 02-Sep-2039,0.00,2026-09-17
DCU,,Nouvelle Autort 30 Finmt Inc 3.74% 31-Dec-2032,0.00,2026-09-17
DCU,,Lower Mattagami Energy LP 4.18% 23-Apr-2052,0.00,2026-09-17
DCU,,Primaris REIT 4.47% 01-Mar-2031,0.00,2026-09-17
DCU,,TriSummit Utilities Inc 4.48% 09-Jun-2025,0.00,2026-09-17
DCU,,FortisBC Energy Inc 3.85% 07-Jun-2048,0.00,2026-09-17
DCU,,Enbridge Gas Inc 4.95% 22-Nov-2050,0.00,2026-09-17
DCU,,Toronto City 4.00% 02-Dec-2034,0.00,2026-09-17
DCU,,GRANDBRIDGE CORP 4.00 % 15-07-2031,0.00,2026-09-17
DCU,,Epcor Utilities Inc 2.90% 19-Nov-2049,0.00,2026-09-17
DCU,,Dream Summit Industrial LP 2.44% 14-Jul-2028,0.00,2026-09-17
DCU,,SMARTCENTRES REIT 4.32 % 12-06-2032,0.00,2026-09-17
DCU,,Enbridge Gas Inc 4.55% 17-Aug-2052,0.00,2026-09-17
DCU,,TORONTO HYDRO CORP 3.65 % 24-09-2032,0.00,2026-09-17
DCU,,CHOICE PROPERTIES REIT 5.37 % 08-08-2055,0.00,2026-09-17
DCU,,COASTAL GASLINK PIPELINE 4.42 % 30-09-2037,0.00,2026-09-17
DCU,,Toronto University 4.25% 07-Dec-2051,0.00,2026-09-17
DCU,,Intact Financial Corp 4.65% 16-May-2029,0.00,2026-09-17
DCU,,IGM FINANCIAL INC 5.00 % 02-06-2056,0.00,2026-09-17
DCU,,OPB Finance Trust 3.87% 04-Jul-2062,0.00,2026-09-17
DCU,,Queen's University at Kingston 2.89% 27-Apr-2060,0.00,2026-09-17
DCU,,Hydro Ottawa Capital Corp 3.64% 02-Feb-2045,0.00,2026-09-17
DCU,,National Bank of Canada 5.95% 29-Jan-2034,0.00,2026-09-17
DCU,,Fairfax Financial Holdings Ltd 5.23% 23-May-2054,0.00,2026-09-17
DCU,,Brookfield Renewable Ptnrs ULC 4.96% 20-Jul-2034,0.00,2026-09-17
DCU,,SMARTCENTRES REIT,0.00,2026-09-17
DCU,,407 International Inc 4.81% 03-Oct-2055,0.00,2026-09-17
DCU,,407 International Inc 3.14% 06-Mar-2030,0.00,2026-09-17
DCU,,Enbridge Gas Inc 4.88% 21-Jun-2041,0.00,2026-09-17
DCU,,Sagen MI Canada Inc 5.91% 19-May-2028,0.00,2026-09-17
DCU,,RioCan REIT 5.61% 06-Oct-2027,0.00,2026-09-17
DCU,,Altalink LP 4.74% 22-May-2054,0.00,2026-09-17
DCU,,MCAP Commercial LP 3.38% 26-Nov-2027,0.00,2026-09-17
DCU,,FortisAlberta Inc 3.67% 09-Sep-2047,0.00,2026-09-17
DCU,,FORTISALBERTA INC 4.76 % 07-07-2055,0.00,2026-09-17
DCU,,Ottawa City 4.20% 30-Jul-2053,0.00,2026-09-17
DCU,,CU Inc 5.03% 20-Nov-2036,0.00,2026-09-17
DCU,,Hyundai Capital Canada Inc 4.58% 24-Jul-2029,0.00,2026-09-17
DCU,,Toronto Hydro Corp 4.95% 13-Oct-2052,0.00,2026-09-17
DCU,,Enbridge Gas Inc 3.01% 09-Aug-2049,0.00,2026-09-17
DCU,,Brookfield Renewable Ptnrs ULC 4.29% 05-May-2049,0.00,2026-09-17
DCU,,Northern Courier Pipeline LP 3.37% 30-Jun-2042,0.00,2026-09-17
DCU,,FortisBC Energy Inc 3.69% 30-Apr-2047,0.00,2026-09-17
DCU,,PSS Generating Station LP 4.80% 24-Oct-2067,0.00,2026-09-17
DCU,,407 International Inc 4.22% 14-Feb-2028,0.00,2026-09-17
DCU,,Canadian National Railway Co 3.60% 31-Jan-2048,0.00,2026-09-17
DCU,,ENBRIDGE INC 2.82 % 12-05-2031,0.00,2026-09-17
DCU,,HOOPP REALTY FINANCE TR 4.21 % 27-05-2033,0.00,2026-09-17
DCU,,Peel Regional Municipality 3.85% 30-Oct-2042,0.00,2026-09-17
DCU,,Altalink LP 4.09% 30-Jun-2045,0.00,2026-09-17
DCU,,Ontario Power Generation Inc 2.98% 13-Jun-2029,0.00,2026-09-17
DCU,,Manitoba Province 4.70% 05-Mar-2050,0.00,2026-09-17
DCU,,E-L Financial Corp Ltd 4.00% 22-Jun-2050,0.00,2026-09-17
DCU,,Power Financial Corp 6.90% 11-Mar-2033,0.00,2026-09-17
DCU,,FortisBC Energy Inc 2.82% 09-Feb-2049,0.00,2026-09-17
DCU,,CU Inc 5.18% 21-Nov-2035,0.00,2026-09-17
DCU,,Honda Canada Finance Inc 5.73% 28-Sep-2028,0.00,2026-09-17
DCU,,SGTP Highway Bypass LP 4.16% 31-Jul-2049,0.00,2026-09-17
DCU,,AIMCo Realty Investors LP 3.04% 01-Jun-2028,0.00,2026-09-17
DCU,,Manitoba Province 3.75% 05-Sep-2033,0.00,2026-09-17
DCU,,DREAM INDUSTRIAL REIT 4.29 % 03-07-2030,0.00,2026-09-17
DCU,,Brookfield Renewable Ptnrs ULC 5.84% 05-Nov-2036,0.00,2026-09-17
DCU,,Alectra Inc 4.31% 30-Oct-2034,0.00,2026-09-17
DCU,,York Regional Municipality 2.15% 22-Jun-2031,0.00,2026-09-17
DCU,,SSL Finance Inc 4.10% 31-Oct-2045,0.00,2026-09-17
DCU,,PRIMARIS REAL ESTATE INV 4.84 % 25-06-2033,0.00,2026-09-17
DCU,,CCL Industries Inc 3.86% 13-Jan-2028,0.00,2026-09-17
DCU,,Crombie REIT 5.14% 29-Mar-2030,0.00,2026-09-17
DCU,,Lower Mattagami Energy LP 2.43% 14-Feb-2031,0.00,2026-09-17
DCU,,Arrow Lakes Power Corp 5.52% 05-Apr-2041,0.00,2026-09-17
DCU,,CU Inc 5.56% 26-May-2028,0.00,2026-09-17
DCU,,British Columbia University 4.82% 26-Jul-2035,0.00,2026-09-17
DCU,,Brookfield Infra Finance ULC 5.95% 27-Jan-2053,0.00,2026-09-17
DCU,,Enbridge Gas Inc 3.59% 22-Nov-2047,0.00,2026-09-17
DCU,,EPCOR UTILITIES,0.00,2026-09-17
DCU,,Hydro One Inc 4.00% 22-Dec-2051,0.00,2026-09-17
DCU,,NorthwestConnect GP 5.95% 30-Apr-2041,0.00,2026-09-17
DCU,,Canadian Utilities Ltd 4.41% 24-Jun-2035,0.00,2026-09-17
DCU,,Nova Scotia Power Inc 5.67% 14-Nov-2035,0.00,2026-09-17
DCU,,Intact Financial Corp 3.77% 19-Nov-2052,0.00,2026-09-17
DCU,,IGM FINANCIAL INC 4.41 % 02-06-2036,0.00,2026-09-17
DCU,,TORONTO HYDRO CORP 4.75 % 24-09-2055,0.00,2026-09-17
DCU,,THP Partnership 4.39% 31-Oct-2046,0.00,2026-09-17
DCU,,Calgary Airport Authority 3.55% 07-Oct-2053,0.00,2026-09-17
DCU,,Montreal Port Authority 3.24% 22-Mar-2051,0.00,2026-09-17
DCU,,Toronto City 4.25% 29-Jul-2034,0.00,2026-09-17
DCU,,Lower Mattagami Energy LP 4.18% 23-Feb-2046,0.00,2026-09-17
DCU,,Toronto Hydro Corp 3.96% 09-Apr-2063,0.00,2026-09-17
DCU,,TMX Group Ltd - Debenture Cl B,0.00,2026-09-17
DCU,,Coast Capital Savings FCU 4.52% 18-Oct-2027,0.00,2026-09-17
DCU,,FortisBC Energy Inc 3.78% 06-Sep-2046,0.00,2026-09-17
DCU,,Altalink LP 1.51% 11-Sep-2030,0.00,2026-09-17
DCU,,Bruce Power LP 2.68% 21-Oct-2028,0.00,2026-09-17
DCU,,Bell Canada 6.55% 01-May-2029,0.00,2026-09-17
DCU,,Nova Scotia Power Inc 5.36% 24-Mar-2053,0.00,2026-09-17
DCU,,Nova Scotia Power Inc 3.31% 25-Apr-2050,0.00,2026-09-17
DCU,,Gildan Activewear Inc 4.71% 22-Nov-2031,0.00,2026-09-17
DCU,,Bruce Power LP 4.70% 21-Nov-2027,0.00,2026-09-17
DCU,,Bridging North America GP 4.02% 31-May-2038,0.00,2026-09-17
DCU,,CT REIT 4.29% 09-Jun-2030,0.00,2026-09-17
DCU,,BCI QUADREAL REALTY/TRUS 3.28 % 14-03-2028,0.00,2026-09-17
DCU,,Canadian National Railway Co 3.20% 30-Apr-2028,0.00,2026-09-17
DCU,,DREAM INDUSTRIAL REIT 4.15 % 22-04-2031,0.00,2026-09-17
DCU,,Saputo Inc 2.30% 22-Apr-2028,0.00,2026-09-17
DCU,,CU Inc 4.09% 19-Apr-2054,0.00,2026-09-17
DCU,,Rogers Communications Inc 2.90% 09-Sep-2030,0.00,2026-09-17
DCU,,IGM Financial Inc 6.00% 10-Dec-2040,0.00,2026-09-17
DCU,,Ottawa University 6.28% 15-Apr-2043,0.00,2026-09-17
DCU,,Ottawa City 4.10% 06-Dec-2052,0.00,2026-09-17
DCU,,RioCan REIT 4.00% 01-Mar-2028,0.00,2026-09-17
DCU,,CITY OF REGINA 4.70 % 18-03-2056,0.00,2026-09-17
DCU,,Intact Financial Corp 6.40% 23-Nov-2039,0.00,2026-09-17
DCU,,Enbridge Gas Inc 4.50% 23-Nov-2043,0.00,2026-09-17
DCU,,CU Inc 5.90% 20-Nov-2034,0.00,2026-09-17
DCU,,Brock University 3.03% 17-May-2060,0.00,2026-09-17
DCU,,Toronto Hydro Corp 4.61% 14-Jun-2033,0.00,2026-09-17
DCU,,Enmax Corp 3.84% 05-Mar-2028,0.00,2026-09-17
DCU,,FortisBC Energy Inc 4.67% 28-May-2052,0.00,2026-09-17
DCU,,CU Inc 4.56% 07-May-2053,0.00,2026-09-17
DCU,,Westcoast Energy Inc 6.75% 15-Dec-2027,0.00,2026-09-17
DCU,,FortisBC Energy Inc 5.55% 25-Sep-2036,0.00,2026-09-17
DCU,,Vancouver Airprt Fuel Fclts Co 3.81% 04-Jun-2030,0.00,2026-09-17
DCU,,Westcoast Energy Inc 4.79% 28-Oct-2041,0.00,2026-09-17
DCU,,Enbridge Inc 5.57% 14-Nov-2035,0.00,2026-09-17
DCU,,Altalink LP 5.38% 26-Mar-2040,0.00,2026-09-17
DCU,,Primaris REIT 5.00% 15-Mar-2030,0.00,2026-09-17
DCU,,BCI QUADREAL REALTY/TRUS 1.75 % 24-07-2030,0.00,2026-09-17
DCU,,Enbridge Inc 4.87% 21-May-2044,0.00,2026-09-17
DCU,,IGM Financial Inc 4.56% 25-Jan-2047,0.00,2026-09-17
DCU,,Chartwell Retirement Residencs 4.40% 05-Nov-2029,0.00,2026-09-17
DCU,,Vancouver Airprt Fuel Fclts Co 5.06% 04-Jun-2065,0.00,2026-09-17
DCU,,Crombie REIT 3.13% 12-Aug-2031,0.00,2026-09-17
DCU,,Vancouver Airport Authority 1.76% 20-Sep-2030,0.00,2026-09-17
DCU,,Clover LP 4.22% 31-Mar-2034,0.00,2026-09-17
DCU,,Crombie REIT 3.21% 09-Oct-2030,0.00,2026-09-17
DCU,,Hydro One Inc 6.59% 22-Apr-2043,0.00,2026-09-17
DCU,,Plenary Hlth Cr Ptshps Hmbr LP 4.82% 30-Nov-2044,0.00,2026-09-17
DCU,,Lower Mattagami Energy LP 4.69% 07-Dec-2053,0.00,2026-09-17
DCU,,EPCOR UTILITIES 3.37 % 01-10-2030,0.00,2026-09-17
DCU,,FortisBC Inc 6.10% 02-Jun-2039,0.00,2026-09-17
DCU,,Hydro One Inc 5.00% 19-Oct-2046,0.00,2026-09-17
DCU,,Integrated Team Soltns SJHC LP 5.95% 30-Nov-2042,0.00,2026-09-17
DCU,,Ottawa Mc Crtir Intl Arprt Aut 3.93% 09-Dec-2044,0.00,2026-09-17
DCU,,Plenary Properties LTAP LP 6.29% 31-Jan-2044,0.00,2026-09-17
DCU,,Loblaw Cos Ltd 2.28% 07-May-2030,0.00,2026-09-17
DCU,,Clover LP 4.22% 30-Jun-2034,0.00,2026-09-17
DCU,,CU Inc 3.86% 14-Nov-2052,0.00,2026-09-17
DCU,,Hydro One Inc 3.64% 05-Oct-2049,0.00,2026-09-17
DCU,,John Deere Financial Inc 2.81% 19-Jan-2029,0.00,2026-09-17
DCU,,Integratd Team Sltn PCH Ptnshp 4.88% 31-May-2046,0.00,2026-09-17
DCU,,Toronto Hydro Corp 3.99% 26-Sep-2034,0.00,2026-09-17
DCU,,Energir Inc 3.28% 09-Oct-2046,0.00,2026-09-17
DCU,,Loblaw Cos Ltd 5.90% 18-Jan-2036,0.00,2026-09-17
DCU,,FortisAlberta Inc 4.62% 30-May-2052,0.00,2026-09-17
DCU,,CT REIT 3.87% 07-Dec-2027,0.00,2026-09-17
DCU,,FortisBC Energy Inc 5.90% 26-Feb-2035,0.00,2026-09-17
DCU,,GE Capital Canada Funding Co 5.73% 22-Oct-2037,0.00,2026-09-17
DCU,,FortisAlberta Inc 2.63% 08-Jun-2051,0.00,2026-09-17
DCU,,British Columbia Frry Svcs Inc 5.02% 20-Mar-2037,0.00,2026-09-17
DCU,,Enmax Corp 3.88% 18-Jul-2029,0.00,2026-09-17
DCU,,Teranet Holdings LP 6.10% 17-Jun-2041,0.00,2026-09-17
DCU,,Hydro One Inc 1.69% 16-Oct-2030,0.00,2026-09-17
DCU,,Rogers Communications Inc 3.30% 10-Sep-2029,0.00,2026-09-17
DCU,,First Capital Realty Inc 4.51% 03-Jun-2030,0.00,2026-09-17
DCU,,MARITIME ELECTRIC CO LTD 4.94 % 09-07-2055,0.00,2026-09-17
DCU,,Suncor Energy Inc 5.39% 26-Mar-2037,0.00,2026-09-17
DCU,,Lower Mattagami Energy LP 4.94% 21-Sep-2043,0.00,2026-09-17
DCU,,CU Inc 3.83% 11-Sep-2062,0.00,2026-09-17
DCU,,FortisAlberta Inc 4.99% 03-Jan-2047,0.00,2026-09-17
DCU,,Toronto City 3.25% 20-Apr-2032,0.00,2026-09-17
DCU,,Ottawa University 2.64% 13-Aug-2059,0.00,2026-09-17
DCU,,Nova Scotia Power Inc 3.61% 01-May-2045,0.00,2026-09-17
DCU,,Saint John City 4.22% 24-Mar-2036,0.00,2026-09-17
DCU,,CU Inc 5.56% 30-Oct-2037,0.00,2026-09-17
DCU,,IGM Financial Inc 7.11% 07-Mar-2033,0.00,2026-09-17
DCU,,IGM Financial Inc 7.00% 31-Dec-2032,0.00,2026-09-17
DCU,,Toronto Hydro Corp 3.27% 18-Oct-2051,0.00,2026-09-17
DCU,,Loblaw Cos Ltd 6.45% 09-Feb-2028,0.00,2026-09-17
DCU,,Independent Order of Forester 2.89% 15-Oct-2035,0.00,2026-09-17
DCU,,Toyota Credit Canada Inc 4.33% 24-Jan-2028,0.00,2026-09-17
DCU,,ENBRIDGE INC 5.08 % 19-12-2036,0.00,2026-09-17
DCU,,Alectra Inc 5.23% 14-May-2052,0.00,2026-09-17
DCU,,Canadian Natural Resources Ltd 2.50% 17-Nov-2027,0.00,2026-09-17
DCU,,Nova Scotia Power Inc 6.95% 25-Aug-2033,0.00,2026-09-17
DCU,,Ottawa City 3.05% 10-May-2039,0.00,2026-09-17
DCU,,Canadian Tire Corp Ltd 5.61% 04-Sep-2035,0.00,2026-09-17
DCU,,SmartCentres REIT 3.83% 21-Dec-2027,0.00,2026-09-17
DCU,,FortisAlberta Inc 4.80% 27-Oct-2050,0.00,2026-09-17
DCU,,South Coast BC Transport Auth 2.65% 29-Oct-2050,0.00,2026-09-17
DCU,,FortisAlberta Inc 3.98% 23-Oct-2052,0.00,2026-09-17
DCU,,FortisAlberta Inc 3.73% 18-Sep-2048,0.00,2026-09-17
DCU,,Epcor Utilities Inc 3.29% 28-Dec-2050,0.00,2026-09-17
DCU,,Alectra Inc 1.75% 11-Nov-2030,0.00,2026-09-17
DCU,,Epcor Utilities Inc 3.95% 26-May-2048,0.00,2026-09-17
DCU,,Finning International Inc 5.08% 13-Jun-2042,0.00,2026-09-17
DCU,,Epcor Utilities Inc 2.41% 30-Mar-2031,0.00,2026-09-17
DCU,,NAV CANADA,0.00,2026-09-17
DCU,,NAV Canada 2.06% 29-May-2030,0.00,2026-09-17
DCU,,FortisAlberta Inc 3.34% 21-Sep-2046,0.00,2026-09-17
DCU,,North Battleford Power LP 4.96% 31-Dec-2032,0.00,2026-09-17
DCS,,Canada Government 2.75% 01-Mar-2031,3.32,2026-09-17
DCS,,Canada Government 2.75% 01-Sep-2030,3.30,2026-09-17
DCS,,Canada Government 1.25% 01-Jun-2030,3.30,2026-09-17
DCS,,Canada Government 1.50% 01-Jun-2031,3.08,2026-09-17
DCS,,Canada Government 0.50% 01-Dec-2030,2.88,2026-09-17
DCS,,Canada Government 2.75% 01-Mar-2030,2.64,2026-09-17
DCS,,Canada Government 2.50% 01-Nov-2027,2.52,2026-09-17
DCS,,Canada Government 3.50% 01-Sep-2029,2.44,2026-09-17
DCS,,Canada Government 2.25% 01-Feb-2028,2.43,2026-09-17
DCS,,Canada Government 2.75% 01-Aug-2028,2.36,2026-09-17
DCS,,Canada Government 2.50% 01-May-2028,2.27,2026-09-17
DCS,,Canada Government 4.00% 01-Mar-2029,2.24,2026-09-17
DCS,,CANADA HOUSING TRUST 3.20 % 15-06-2031,2.01,2026-09-17
DCS,,Canada Government 3.25% 01-Sep-2028,1.61,2026-09-17
DCS,,Canada Government 2.75% 01-Sep-2027,1.51,2026-09-17
DCS,,CANADA HOUSING TRUST 2.85 % 15-12-2030,1.38,2026-09-17
DCS,,Canada Housing Trust No 1 3.70% 15-Jun-2029,1.34,2026-09-17
DCS,,Canada Housing Trust No 1 2.85% 15-Jun-2030,1.26,2026-09-17
DCS,,Canada Housing Trust No 1 2.90% 15-Dec-2029,1.22,2026-09-17
DCS,,Canada Government 3.50% 01-Mar-2028,1.20,2026-09-17
DCS,,Canada Government 2.25% 01-Jun-2029,1.08,2026-09-17
DCS,,Canada Government 2.00% 01-Jun-2028,1.06,2026-09-17
DCS,,Ontario Province 2.05% 02-Jun-2030,0.92,2026-09-17
DCS,,Canada Housing Trust No 1 1.75% 15-Jun-2030,0.87,2026-09-17
DCS,,Canada Government 5.75% 01-Jun-2029,0.85,2026-09-17
DCS,,Ontario Province 2.90% 02-Jun-2028,0.84,2026-09-17
DCS,,Ontario Province 2.15% 02-Jun-2031,0.81,2026-09-17
DCS,,Canada Housing Trust No 1 3.60% 15-Dec-2027,0.81,2026-09-17
DCS,,Quebec Province 1.90% 01-Sep-2030,0.80,2026-09-17
DCS,,CANADA HOUSING TRUST,0.76,2026-09-17
DCS,,Ontario Province 2.70% 02-Jun-2029,0.74,2026-09-17
DCS,,Canada Housing Trust No 1 4.25% 15-Dec-2028,0.70,2026-09-17
DCS,,Alberta Province 2.05% 01-Jun-2030,0.68,2026-09-17
DCS,,Canada Housing Trust No 1 2.10% 15-Sep-2029,0.52,2026-09-17
DCS,,Ontario Province 1.35% 02-Dec-2030,0.51,2026-09-17
DCS,,Quebec Province 2.75% 01-Sep-2028,0.51,2026-09-17
DCS,,Quebec Province 2.30% 01-Sep-2029,0.50,2026-09-17
DCS,,CAD Currency,0.48,2026-09-17
DCS,,Canada Housing Trust No 1 1.10% 15-Mar-2031,0.45,2026-09-17
DCS,,Ontario Province 3.60% 08-Mar-2028,0.43,2026-09-17
DCS,,Ontario Province 1.55% 01-Nov-2029,0.42,2026-09-17
DCS,,Canada Housing Trust No 1 3.10% 15-Jun-2028,0.42,2026-09-17
DCS,,Canada Housing Trust No 1 3.95% 15-Jun-2028,0.40,2026-09-17
DCS,,Quebec Province 2.75% 01-Sep-2027,0.40,2026-09-17
DCS,,Royal Bank of Canada 3.57% 09-Dec-2031,0.38,2026-09-17
DCS,,Canada Government 2.25% 01-Dec-2029,0.37,2026-09-17
DCS,,British Columbia Province 1.55% 18-Jun-2031,0.37,2026-09-17
DCS,,Ontario Province 4.00% 08-Mar-2029,0.37,2026-09-17
DCS,,British Columbia Province 2.20% 18-Jun-2030,0.34,2026-09-17
DCS,,British Columbia Province 5.70% 18-Jun-2029,0.30,2026-09-17
DCS,,BRITISH COL INV 3.25 % 02-06-2031,0.30,2026-09-17
DCS,,Canada Housing Trust No 1 1.90% 15-Mar-2031,0.30,2026-09-17
DCS,,Canada Housing Trust No 1 2.65% 15-Mar-2028,0.30,2026-09-17
DCS,,Ontario Province 2.95% 08-Sep-2030,0.29,2026-09-17
DCS,,BRITISH COL INV,0.29,2026-09-17
DCS,,CPPIB Capital Inc 3.25% 08-Mar-2028,0.28,2026-09-17
DCS,,Alberta Province 1.65% 01-Jun-2031,0.28,2026-09-17
DCS,,Bank of Nova Scotia 3.62% 30-Jan-2032,0.28,2026-09-17
DCS,,CPPIB Capital Inc 3.35% 02-Dec-2030,0.27,2026-09-17
DCS,,Hydro-Quebec 2.00% 01-Sep-2028,0.27,2026-09-17
DCS,,CPPIB Capital Inc 3.60% 02-Jun-2029,0.27,2026-09-17
DCS,,Canadian Imperial Bank of Comm 3.65% 13-Jan-2032,0.27,2026-09-17
DCS,,TORONTO DOMINION BANK 4.13 % 11-09-2032,0.26,2026-09-17
DCS,,Alberta Province 2.90% 01-Dec-2028,0.26,2026-09-17
DCS,,Ontario Province 6.50% 08-Mar-2029,0.25,2026-09-17
DCS,,Royal Bank of Canada 4.63% 01-May-2028,0.24,2026-09-17
DCS,,Cenovus Energy Inc 3.50% 07-Feb-2028,0.23,2026-09-17
DCS,,Toronto-Dominion Bank 3.69% 09-Jan-2032,0.23,2026-09-17
DCS,,Bank of Montreal 4.54% 18-Nov-2028,0.22,2026-09-17
DCS,,Bank of Montreal 5.04% 29-Apr-2028,0.21,2026-09-17
DCS,,Toronto-Dominion Bank 3.61% 10-Sep-2030,0.20,2026-09-17
DCS,,CPPIB CAPITAL INC 3.20 % 02-06-2031,0.20,2026-09-17
DCS,,Bank of Montreal 4.71% 07-Nov-2027,0.19,2026-09-17
DCS,,Bank of Nova Scotia 3.81% 15-Nov-2027,0.19,2026-09-17
DCS,,Quebec Province 6.00% 01-Oct-2029,0.19,2026-09-17
DCS,,Canadian Housing Trust 2.35% 15-Mar-2028,0.19,2026-09-17
DCS,,Bank of Nova Scotia 3.73% 27-Jun-2031,0.19,2026-09-17
DCS,,IBM CORP 4.10 % 15-08-2030,0.19,2026-09-17
DCS,,Ontario Province 3.40% 08-Sep-2028,0.18,2026-09-17
DCS,,BANK OF NOVA SCOTIA 3.58 % 01-05-2030,0.18,2026-09-17
DCS,,Choice Properties REIT 3.53% 11-Jun-2029,0.18,2026-09-17
DCS,,TORONTO DOMINION BANK 3.86 % 07-04-2032,0.18,2026-09-17
DCS,,AMAZON.COM INC 3.70 % 12-06-2031,0.18,2026-09-17
DCS,,PSP Capital Inc 3.75% 15-Jun-2029,0.18,2026-09-17
DCS,,Bank of Montreal 3.54% 03-Mar-2032,0.18,2026-09-17
DCS,,Toronto-Dominion Bank 5.49% 08-Sep-2028,0.17,2026-09-17
DCS,,Royal Bank of Canada 3.41% 12-Jun-2028,0.17,2026-09-17
DCS,,CANADIAN IMPERIAL BANK 3.78 % 18-06-2032,0.17,2026-09-17
DCS,,Toronto-Dominion Bank 3.77% 13-Apr-2029,0.17,2026-09-17
DCS,,GOLDMAN SACHS GROUP INC 3.64 % 05-03-2032,0.17,2026-09-17
DCS,,Royal Bank of Canada 5.10% 03-Apr-2029,0.17,2026-09-17
DCS,,Bank of Nova Scotia 3.10% 02-Feb-2028,0.17,2026-09-17
DCS,,British Columbia Province 2.95% 18-Dec-2028,0.17,2026-09-17
DCS,,Toronto-Dominion Bank 3.84% 29-May-2030,0.17,2026-09-17
DCS,,Bank of Montreal 3.19% 01-Mar-2028,0.17,2026-09-17
DCS,,INTL BK RECON + DEVELOP 2.90 % 05-09-2028,0.16,2026-09-17
DCS,,CDP Financial Inc 3.70% 08-Mar-2028,0.16,2026-09-17
DCS,,AMAZON.COM INC 3.40 % 12-06-2029,0.16,2026-09-17
DCS,,Hydro-Quebec 3.40% 01-Sep-2029,0.16,2026-09-17
DCS,,Transcanada Pipelines Ltd 5.28% 15-May-2030,0.16,2026-09-17
DCS,,National Bank of Canada 4.26% 15-Feb-2030,0.16,2026-09-17
DCS,,NextEra Energy Capital Hdg Inc 3.83% 12-May-2030,0.16,2026-09-17
DCS,,CDP Financial Inc 3.95% 01-Sep-2029,0.15,2026-09-17
DCS,,Newfoundland & Labrdr Province 3.85% 17-Oct-2027,0.15,2026-09-17
DCS,,Canadian Imperial Bank Commrce 3.80% 10-Dec-2030,0.15,2026-09-17
DCS,,Toronto-Dominion Bank 4.68% 08-Jan-2029,0.15,2026-09-17
DCS,,Canadian Imperial Bank Commrce 5.05% 07-Oct-2027,0.15,2026-09-17
DCS,,Royal Bank of Canada 4.64% 17-Jan-2028,0.15,2026-09-17
DCS,,Alberta Province 2.90% 20-Sep-2029,0.15,2026-09-17
DCS,,CPPIB Capital Inc 3.00% 15-Jun-2028,0.14,2026-09-17
DCS,,BANK OF MONTREAL 3.80 % 09-07-2032,0.14,2026-09-17
DCS,,Saskatchewan Province 2.15% 02-Jun-2031,0.14,2026-09-17
DCS,,Manitoba Province 2.05% 02-Jun-2031,0.14,2026-09-17
DCS,,Fairfax Financial Holdings Ltd 4.25% 06-Sep-2027,0.14,2026-09-17
DCS,,Manitoba Province 2.75% 02-Jun-2029,0.14,2026-09-17
DCS,,National Bank of Canada 5.22% 14-Jun-2028,0.14,2026-09-17
DCS,,CDP Financial Inc 4.20% 02-Dec-2030,0.14,2026-09-17
DCS,,Newfoundland & Labrdr Province 3.15% 02-Jun-2030,0.14,2026-09-17
DCS,,Manitoba Province 3.00% 02-Jun-2028,0.14,2026-09-17
DCS,,Royal Bank of Canada 4.83% 08-Aug-2029,0.14,2026-09-17
DCS,,Canadian Imperial Bank Commrce 3.65% 10-Dec-2028,0.14,2026-09-17
DCS,,Bank of Montreal 4.42% 17-Jun-2029,0.13,2026-09-17
DCS,,Toronto-Dominion Bank 4.23% 02-Apr-2029,0.13,2026-09-17
DCS,,Royal Bank of Canada 3.99% 22-Jul-2030,0.13,2026-09-17
DCS,,PROVINCE OF SASKATCHEWAN,0.13,2026-09-17
DCS,,Citigroup Inc 4.55% 03-Jun-2030,0.13,2026-09-17
DCS,,ALPHABET INC 3.65 % 15-05-2031,0.13,2026-09-17
DCS,,Toronto-Dominion Bank 4.23% 01-Feb-2030,0.13,2026-09-17
DCS,,Royal Bank of Canada 3.63% 10-Dec-2027,0.13,2026-09-17
DCS,,Federation Csses Desjardins Qc 5.28% 15-May-2029,0.13,2026-09-17
DCS,,Newfoundland & Labrdr Province 2.85% 02-Jun-2028,0.13,2026-09-17
DCS,,ROYAL BANK OF CANADA 4.14 % 05-05-2036,0.13,2026-09-17
DCS,,Royal Bank of Canada 4.00% 17-Oct-2029,0.13,2026-09-17
DCS,,ROYAL BANK OF CANADA 3.83 % 27-03-2030,0.13,2026-09-17
DCS,,Dream Summit Industrial LP 2.44% 14-Jul-2028,0.13,2026-09-17
DCS,,Toronto-Dominion Bank 5.38% 21-Oct-2027,0.13,2026-09-17
DCS,,Canada Housing Trust No 1 1.40% 15-Mar-2031,0.12,2026-09-17
DCS,,Royal Bank of Canada 1.83% 31-Jul-2028,0.12,2026-09-17
DCS,,CANADIAN IMPERIAL BANK 3.70 % 02-04-2030,0.12,2026-09-17
DCS,,International Bank Recon Dvlpt 3.70% 18-Jan-2028,0.12,2026-09-17
DCS,,Bank of Montreal 4.08% 05-Mar-2030,0.12,2026-09-17
DCS,,Toronto-Dominion Bank 5.18% 09-Apr-2029,0.12,2026-09-17
DCS,,Bank of Nova Scotia 4.68% 01-Feb-2029,0.11,2026-09-17
DCS,,Manitoba Province 2.05% 02-Jun-2030,0.11,2026-09-17
DCS,,Nova Scotia Province 2.00% 01-Sep-2030,0.11,2026-09-17
DCS,,National Bank of Canada 3.52% 17-Jul-2028,0.11,2026-09-17
DCS,,Dollarama Inc 5.53% 26-Sep-2028,0.11,2026-09-17
DCS,,AIMCO REALTY INVESTORS 4.40 % 22-03-2031,0.11,2026-09-17
DCS,,Hyundai Capital Canada Inc 5.57% 08-Feb-2028,0.11,2026-09-17
DCS,,New Brunswick Province 3.10% 14-Aug-2028,0.11,2026-09-17
DCS,,Manulife Financial Corp 4.06% 06-Dec-2029,0.11,2026-09-17
DCS,,Athene Global Funding 4.09% 23-May-2030,0.11,2026-09-17
DCS,,Royal Bank of Canada 4.21% 03-Jul-2030,0.10,2026-09-17
DCS,,Telus Corp 4.65% 13-Jun-2031,0.10,2026-09-17
DCS,,Canadian Imperial Bank Commrce 3.90% 20-May-2030,0.10,2026-09-17
DCS,,Bank of Nova Scotia 1.40% 01-Nov-2027,0.10,2026-09-17
DCS,,Alberta Province 3.50% 01-Jun-2031,0.10,2026-09-17
DCS,,TORONTO DOMINION BANK 4.21 % 16-06-2036,0.10,2026-09-17
DCS,,BRIT COL MUNI FIN AUTH 3.40 % 03-06-2031,0.10,2026-09-17
DCS,,WSP Global Inc 4.12% 12-Sep-2029,0.10,2026-09-17
DCS,,Manulife Financial Corp 5.05% 23-Feb-2029,0.10,2026-09-17
DCS,,Federation Csses Desjardins Qc 5.47% 17-Oct-2028,0.10,2026-09-17
DCS,,New Brunswick Province 2.55% 14-Aug-2031,0.10,2026-09-17
DCS,,National Bank of Canada 5.02% 01-Feb-2029,0.10,2026-09-17
DCS,,Ontario Province 1.05% 08-Sep-2027,0.10,2026-09-17
DCS,,Ontario Teachers Finance Trust 4.15% 01-Nov-2029,0.10,2026-09-17
DCS,,Alberta Province 4.10% 01-Jun-2029,0.10,2026-09-17
DCS,,Primaris REIT 6.37% 30-Jun-2029,0.10,2026-09-17
DCS,,Newfoundland & Labrdr Province 2.05% 02-Jun-2031,0.09,2026-09-17
DCS,,Granite REIT Holdings LP 6.07% 12-Apr-2029,0.09,2026-09-17
DCS,,Royal Bank of Canada 5.23% 24-Jun-2030,0.09,2026-09-17
DCS,,Bank of Nova Scotia 4.95% 01-Aug-2029,0.09,2026-09-17
DCS,,Federation Csses Desjardins Qc 3.80% 24-Sep-2029,0.09,2026-09-17
DCS,,Bank of Nova Scotia 3.84% 26-Sep-2029,0.09,2026-09-17
DCS,,Toyota Credit Canada Inc 3.74% 21-May-2030,0.09,2026-09-17
DCS,,Sagen MI Canada Inc 5.91% 19-May-2028,0.09,2026-09-17
DCS,,PSP Capital Inc 4.40% 02-Dec-2030,0.09,2026-09-17
DCS,,McDonald's Corp 4.86% 21-Mar-2031,0.09,2026-09-17
DCS,,Alimentation Couche Tard Inc 5.59% 25-Sep-2030,0.09,2026-09-17
DCS,,International Bank Recon Dvlpt 4.25% 18-Sep-2030,0.09,2026-09-17
DCS,,KEYERA CORP 3.70 % 15-10-2030,0.09,2026-09-17
DCS,,NextEra Energy Capital Hdg Inc 4.85% 28-Feb-2031,0.09,2026-09-17
DCS,,Toronto-Dominion Bank 4.00% 31-Oct-2029,0.09,2026-09-17
DCS,,Bank of Montreal 6.03% 07-Sep-2028,0.09,2026-09-17
DCS,,Bell Canada 3.65% 14-Jul-2029,0.09,2026-09-17
DCS,,Municipal Finance Authority BC 4.50% 03-Dec-2028,0.09,2026-09-17
DCS,,Fairfax Financial Holdings Ltd 3.95% 03-Dec-2030,0.09,2026-09-17
DCS,,Municipal Finance Authority BC 3.30% 02-Oct-2030,0.09,2026-09-17
DCS,,Bank of Montreal 3.73% 03-Jun-2030,0.09,2026-09-17
DCS,,COREBRIDGE GLOB FUNDING 3.76 % 24-06-2030,0.09,2026-09-17
DCS,,CREDIT AGRICOLE SA 4.03 % 15-07-2032,0.09,2026-09-17
DCS,,PRINCE EDWARD ISLAND 3.10 % 02-06-2030,0.09,2026-09-17
DCS,,Intact Financial Corp 2.18% 18-Mar-2028,0.09,2026-09-17
DCS,,Royal Bank of Canada 4.28% 04-Feb-2030,0.09,2026-09-17
DCS,,Federation Csses Desjardins Qc 4.26% 24-Jan-2030,0.09,2026-09-17
DCS,,FED CAISSES DESJARDINS 3.86 % 03-03-2036,0.09,2026-09-17
DCS,,Canadian Imperial Bank Commrce 4.15% 02-Apr-2030,0.09,2026-09-17
DCS,,Nova Scotia Province 1.10% 01-Jun-2028,0.09,2026-09-17
DCS,,Original Wempi Inc 7.79% 04-Oct-2027,0.09,2026-09-17
DCS,,Bell Canada 3.00% 17-Dec-2030,0.09,2026-09-17
DCS,,Saskatchewan Province 2.20% 02-Jun-2030,0.09,2026-09-17
DCS,,Honda Canada Finance Inc 4.90% 04-Jun-2029,0.09,2026-09-17
DCS,,Enbridge Inc 2.99% 03-Jul-2029,0.09,2026-09-17
DCS,,Canadian Pacific Railway Co 2.54% 28-Dec-2027,0.08,2026-09-17
DCS,,Hydro One Inc 7.35% 03-Jun-2030,0.08,2026-09-17
DCS,,First Nations Finance Authorty 1.71% 16-Jun-2030,0.08,2026-09-17
DCS,,PSP Capital Inc 2.05% 15-Jan-2030,0.08,2026-09-17
DCS,,Montreal City 1.75% 01-Sep-2030,0.08,2026-09-17
DCS,,Telus Corp 2.05% 07-Jul-2030,0.08,2026-09-17
DCS,,Altalink LP 1.51% 11-Sep-2030,0.08,2026-09-17
DCS,,Manulife Bank of Canada 3.99% 22-Feb-2028,0.08,2026-09-17
DCS,,Toronto-Dominion Bank 1.89% 08-Mar-2028,0.08,2026-09-17
DCS,,Canadian Imperial Bank Commrce 5.30% 16-Jan-2034,0.08,2026-09-17
DCS,,OMERS FINANCE TRUST,0.08,2026-09-17
DCS,,HYUNDAI CAPITAL CANADA 3.85 % 26-10-2029,0.08,2026-09-17
DCS,,Toronto-Dominion Bank 4.48% 18-Jan-2028,0.08,2026-09-17
DCS,,NATIONAL BANK OF CANADA 3.68 % 23-06-2031,0.08,2026-09-17
DCS,,BROOKFIELD INFRA FIN ULC,0.08,2026-09-17
DCS,,Air Lease Corp 5.40% 29-Jun-2025,0.08,2026-09-17
DCS,,First Nations Finance Authorty 3.05% 01-Jun-2028,0.08,2026-09-17
DCS,,Bank of Montreal 4.98% 03-Jul-2029,0.08,2026-09-17
DCS,,Bell Canada 4.55% 09-Dec-2029,0.08,2026-09-17
DCS,,National Bank of Canada 1.82% 16-Oct-2027,0.08,2026-09-17
DCS,,Canadian National Railway Co 4.15% 10-Mar-2030,0.08,2026-09-17
DCS,,ENBRIDGE INC 3.57 % 26-02-2031,0.08,2026-09-17
DCS,,Great-West Lifeco Inc 3.34% 28-Nov-2027,0.08,2026-09-17
DCS,,Toronto-Dominion Bank 1.90% 11-Sep-2028,0.08,2026-09-17
DCS,,SmartCentres REIT 3.53% 20-Dec-2029,0.08,2026-09-17
DCS,,NATIONAL BANK OF CANADA 3.44 % 21-10-2031,0.08,2026-09-17
DCS,,Municipal Finance Authority BC 2.55% 09-Oct-2029,0.08,2026-09-17
DCS,,FINNING INTL INC 4.23 % 12-08-2031,0.08,2026-09-17
DCS,,Manulife Financial Corp 5.41% 10-Mar-2028,0.08,2026-09-17
DCS,,Nova Scotia Province 4.05% 01-Jun-2029,0.07,2026-09-17
DCS,,Crombie REIT 2.69% 31-Mar-2028,0.07,2026-09-17
DCS,,GM FINANCIAL CAD 3.80 % 07-11-2030,0.07,2026-09-17
DCS,,Rogers Communications Inc 5.70% 21-Sep-2028,0.07,2026-09-17
DCS,,Pembina Pipeline Corp 4.02% 27-Mar-2028,0.07,2026-09-17
DCS,,MCAP COMMERCIAL LP 4.30 % 04-03-2031,0.07,2026-09-17
DCS,,iA Financial Corp Inc 5.69% 20-Jun-2033,0.07,2026-09-17
DCS,,Ventas Canada Finance Ltd 5.40% 21-Mar-2028,0.07,2026-09-17
DCS,,Rogers Communications Inc 3.75% 15-Feb-2029,0.07,2026-09-17
DCS,,Hydro One Inc 4.91% 27-Dec-2027,0.07,2026-09-17
DCS,,Magna International Inc 4.80% 30-Apr-2029,0.07,2026-09-17
DCS,,Canadian Imperial Bank Commrce 4.90% 12-Jun-2029,0.07,2026-09-17
DCS,,Enbridge Gas Inc 2.37% 09-Aug-2029,0.07,2026-09-17
DCS,,Transcanada Pipelines Ltd 3.00% 18-Jun-2029,0.07,2026-09-17
DCS,,North West Redwater Partnershp 2.80% 01-Mar-2031,0.07,2026-09-17
DCS,,FORTIS INC 5.10 % 04-12-2055,0.07,2026-09-17
DCS,,Newfoundland & Labrdr Province 2.85% 02-Jun-2029,0.07,2026-09-17
DCS,,RioCan REIT 2.83% 08-Nov-2028,0.07,2026-09-17
DCS,,Sun Life Financial Inc 2.80% 21-Nov-2028,0.07,2026-09-17
DCS,,Sun Life Financial Inc 5.12% 15-May-2031,0.07,2026-09-17
DCS,,Allied Properties REIT 4.81% 24-Feb-2029,0.07,2026-09-17
DCS,,CT REIT 3.87% 07-Dec-2027,0.07,2026-09-17
DCS,,F3 FIBRE CAPITAL 4.37 % 13-08-2031,0.07,2026-09-17
DCS,,NATIONAL BANK OF CANADA 3.64 % 13-04-2030,0.06,2026-09-17
DCS,,Coastal Gaslink Pipeline LP 4.69% 30-Sep-2029,0.06,2026-09-17
DCS,,John Deere Financial Inc 1.34% 08-Sep-2027,0.06,2026-09-17
DCS,,Hyundai Capital Canada Inc 3.58% 22-Nov-2027,0.06,2026-09-17
DCS,,Toromont Industries Ltd 3.76% 28-Mar-2030,0.06,2026-09-17
DCS,,Royal Bank of Canada 5.01% 01-Feb-2028,0.06,2026-09-17
DCS,,FAIRSTONE BANK OF CANADA 4.31 % 10-09-2029,0.06,2026-09-17
DCS,,HYUNDAI CAPITAL CANADA 4.16 % 26-08-2031,0.06,2026-09-17
DCS,,Telus Corp 3.30% 02-Feb-2029,0.06,2026-09-17
DCS,,MONTREAL INTL FUEL FACIL 3.71 % 10-04-2031,0.06,2026-09-17
DCS,,MANULIFE BANK OF CANADA 3.69 % 19-08-2030,0.06,2026-09-17
DCS,,Inter Pipeline Ltd 3.98% 25-Nov-2031,0.06,2026-09-17
DCS,,Telus Corp 3.63% 01-Dec-2027,0.06,2026-09-17
DCS,,New Brunswick Province 3.05% 03-Jun-2030,0.06,2026-09-17
DCS,,MANULIFE BANK OF CANADA 3.32 % 19-02-2030,0.06,2026-09-17
DCS,,Central 1 Credit Union 4.65% 07-Feb-2028,0.06,2026-09-17
DCS,,Inter-American Developmnt Bank 3.40% 24-May-2028,0.06,2026-09-17
DCS,,Equitable Bank 3.91% 17-Dec-2027,0.06,2026-09-17
DCS,,Hyundai Capital Canada Inc 3.57% 05-Sep-2028,0.05,2026-09-17
DCS,,HYUNDAI CAPITAL CANADA 3.72 % 14-05-2029,0.05,2026-09-17
DCS,,EQUINIX CANADA FIN 3.95 % 15-05-2030,0.05,2026-09-17
DCS,,FAIRSTONE BANK OF CANADA 3.62 % 23-02-2029,0.05,2026-09-17
DCS,,Hydro One Inc 3.02% 05-Jan-2029,0.05,2026-09-17
DCS,,Brookfield Infra Finance ULC 5.62% 14-Oct-2027,0.05,2026-09-17
DCS,,NATIONAL BANK OF CANADA 3.54 % 13-01-2031,0.05,2026-09-17
DCS,,Inter Pipeline Ltd 5.71% 29-May-2030,0.05,2026-09-17
DCS,,RioCan REIT 5.47% 01-Mar-2030,0.05,2026-09-17
DCS,,Coastal Gaslink Pipeline LP 4.91% 30-Jun-2031,0.05,2026-09-17
DCS,,Crombie REIT 5.14% 29-Mar-2030,0.05,2026-09-17
DCS,,General Motors Fncl Canada Ltd 5.10% 14-Jul-2028,0.05,2026-09-17
DCS,,Canadian Imperial Bank Commrce 5.33% 20-Jan-2028,0.05,2026-09-17
DCS,,Allied Properties REIT 5.53% 26-Sep-2028,0.05,2026-09-17
DCS,,AIMCo Realty Investors LP 4.64% 15-Feb-2030,0.05,2026-09-17
DCS,,Capital Power Corp 4.83% 16-Jul-2031,0.05,2026-09-17
DCS,,Bruce Power LP 4.70% 21-Jun-2031,0.05,2026-09-17
DCS,,Altagas Ltd 4.67% 08-Dec-2028,0.05,2026-09-17
DCS,,Waste Connections Inc 4.50% 14-May-2029,0.05,2026-09-17
DCS,,Fortis Inc 4.43% 31-Mar-2029,0.05,2026-09-17
DCS,,Newfoundland & Labrdr Province 1.75% 02-Jun-2030,0.05,2026-09-17
DCS,,Telus Corp 3.15% 19-Nov-2029,0.05,2026-09-17
DCS,,VW Credit Canada Inc 4.49% 19-Nov-2029,0.05,2026-09-17
DCS,,North West Redwater Partnershp 4.25% 01-Mar-2029,0.05,2026-09-17
DCS,,THOMSON REUTERS CORP 4.48 % 17-09-2031,0.05,2026-09-17
DCS,,Brookfield Renewable Ptnrs ULC 4.25% 15-Oct-2028,0.05,2026-09-17
DCS,,407 International Inc 4.22% 14-Feb-2028,0.05,2026-09-17
DCS,,TriSummit Utilities Inc 4.26% 05-Sep-2028,0.05,2026-09-17
DCS,,ATHENE GLOBAL FUNDING 4.70 % 17-09-2030,0.05,2026-09-17
DCS,,407 International Inc 4.45% 14-Aug-2031,0.05,2026-09-17
DCS,,THOMSON REUTERS CORP 4.13 % 17-09-2029,0.05,2026-09-17
DCS,,Enbridge Inc 4.21% 22-Jan-2030,0.05,2026-09-17
DCS,,RioCan REIT 4.62% 03-Oct-2031,0.05,2026-09-17
DCS,,South Bow Cdn Infra Hldgs Ltd 4.32% 01-Jan-2030,0.05,2026-09-17
DCS,,TMX GROUP LTD 3.86 % 26-09-2028,0.05,2026-09-17
DCS,,Keyera Corp 3.93% 21-Jun-2028,0.05,2026-09-17
DCS,,CGI Inc 4.15% 05-Sep-2029,0.05,2026-09-17
DCS,,SOUTH COAST BRIT COL TRA,0.05,2026-09-17
DCS,,iA Financial Corp Inc 4.13% 05-Dec-2034,0.05,2026-09-17
DCS,,BROOKFIELD RENEWABLE PAR 4.26 % 13-08-2031,0.05,2026-09-17
DCS,,Bruce Power LP 4.00% 21-Mar-2030,0.05,2026-09-17
DCS,,MANULIFE BANK OF CANADA 3.83 % 10-09-2029,0.05,2026-09-17
DCS,,BCI QUADREAL REALTY/TRUS 3.28 % 14-03-2028,0.05,2026-09-17
DCS,,LE Carrefour Laval Rec Inc 4.20% 16-May-2030,0.05,2026-09-17
DCS,,ENBRIDGE INC 3.52 % 22-02-2029,0.05,2026-09-17
DCS,,Honda Canada Finance Inc 3.87% 22-May-2030,0.05,2026-09-17
DCS,,Manulife Financial Corp 3.98% 23-May-2030,0.05,2026-09-17
DCS,,OMERS Realty Corp 3.63% 05-Jun-2030,0.05,2026-09-17
DCS,,Bell Canada 2.50% 14-Feb-2030,0.05,2026-09-17
DCS,,AIMCo Realty Investors LP 3.04% 01-Jun-2028,0.05,2026-09-17
DCS,,Loblaw Cos Ltd 3.56% 12-Dec-2029,0.05,2026-09-17
DCS,,Teranet Holdings LP 3.72% 23-Feb-2029,0.05,2026-09-17
DCS,,Gibson Energy Inc 3.60% 17-Sep-2029,0.05,2026-09-17
DCS,,GLENCORE FUNDING LLC 4.00 % 28-07-2031,0.05,2026-09-17
DCS,,Telus Corp 2.35% 27-Nov-2027,0.05,2026-09-17
DCS,,Tourmaline Oil Corp 2.08% 25-Jan-2028,0.05,2026-09-17
DCS,,WSP Global Inc 2.41% 19-Apr-2028,0.05,2026-09-17
DCS,,Bell Canada 2.20% 29-Mar-2028,0.05,2026-09-17
DCS,,Brookfield Renewable Ptnrs ULC 3.38% 15-Oct-2029,0.05,2026-09-17
DCS,,Reliance LP 2.67% 01-Aug-2028,0.05,2026-09-17
DCS,,Saputo Inc 2.30% 22-Apr-2028,0.05,2026-09-17
DCS,,Ontario Power Generation Inc 2.98% 13-Jun-2029,0.05,2026-09-17
DCS,,Manitoba Province 6.30% 05-Mar-2031,0.05,2026-09-17
DCS,,Greater Toronto Airports Auth 7.05% 12-Jun-2030,0.05,2026-09-17
DCS,,Bell Canada 2.90% 10-Jun-2029,0.05,2026-09-17
DCS,,Greater Toronto Airports Auth 1.54% 03-Mar-2028,0.05,2026-09-17
DCS,,Enbridge Gas Inc 2.90% 01-Apr-2030,0.05,2026-09-17
DCS,,SmartCentres REIT 2.31% 18-Dec-2028,0.05,2026-09-17
DCS,,Montreal City 2.30% 01-Sep-2029,0.05,2026-09-17
DCS,,Great-West Lifeco Inc 2.38% 14-Feb-2030,0.05,2026-09-17
DCS,,New Brunswick Province 4.25% 14-Aug-2029,0.05,2026-09-17
DCS,,First Capital Realty Inc 5.57% 01-Mar-2031,0.05,2026-09-17
DCS,,WSP Global Inc 5.55% 22-Nov-2030,0.05,2026-09-17
DCS,,Sun Life Financial Inc 5.50% 04-Jul-2030,0.05,2026-09-17
DCS,,First Capital Realty Inc 3.45% 01-Mar-2028,0.05,2026-09-17
DCS,,Canadian Tire Corp Ltd 5.37% 16-Sep-2030,0.05,2026-09-17
DCS,,OMERS Realty Corp 4.96% 10-Feb-2031,0.05,2026-09-17
DCS,,Reliance LP 5.25% 15-May-2031,0.05,2026-09-17
DCS,,VW Credit Canada Inc 5.73% 20-Sep-2028,0.05,2026-09-17
DCS,,Choice Properties REIT 5.03% 28-Feb-2031,0.05,2026-09-17
DCS,,Telus Corp 4.95% 18-Feb-2031,0.05,2026-09-17
DCS,,Mondelez International Inc 4.63% 03-May-2031,0.05,2026-09-17
DCS,,Rogers Communications Inc 4.40% 02-Aug-2028,0.05,2026-09-17
DCS,,Electricite de France SA 5.99% 23-Mar-2030,0.05,2026-09-17
DCS,,Brookfield Infra Finance ULC 5.71% 27-May-2030,0.05,2026-09-17
DCS,,ATKINSREALIS GROUP INC 4.41 % 15-06-2031,0.04,2026-09-17
DCS,,Granite REIT Holdings LP 4.00% 04-Oct-2029,0.04,2026-09-17
DCS,,Oxford Properties Group 3.91% 04-Dec-2029,0.04,2026-09-17
DCS,,ALTAGAS LTD 3.03 % 10-11-2027,0.04,2026-09-17
DCS,,AVENUE LIVING 2014 LP 4.52 % 25-09-2028,0.04,2026-09-17
DCS,,Dream Summit Industrial LP 4.17% 18-Sep-2030,0.04,2026-09-17
DCS,,SIENNA SENIOR LIVING 3.52 % 18-12-2028,0.04,2026-09-17
DCS,,MINI MALL STORG PRP TRST 4.28 % 01-12-2028,0.04,2026-09-17
DCS,,Manulife Bank of Canada 3.72% 15-May-2030,0.04,2026-09-17
DCS,,TRANSCANADA PIPELINES 5.20 % 15-02-2056,0.04,2026-09-17
DCS,,CANADIAN NATL RESOURCES 3.30 % 08-12-2028,0.04,2026-09-17
DCS,,NOVA SCOTIA POWER INC 3.95 % 17-04-2031,0.04,2026-09-17
DCS,,CANADIAN NATL RESOURCES 3.75 % 08-02-2031,0.04,2026-09-17
DCS,,HYUNDAI CAPITAL CANADA 3.58 % 14-01-2030,0.04,2026-09-17
DCS,,Brookfield Infra Finance ULC 3.41% 09-Jul-2029,0.04,2026-09-17
DCS,,KEYERA CORP 3.94 % 15-07-2031,0.04,2026-09-17
DCS,,COREBRIDGE GLOB FUNDING 3.84 % 15-01-2031,0.04,2026-09-17
DCS,,DEFINITY FINANCIAL CORP 3.71 % 12-09-2030,0.04,2026-09-17
DCS,,Inter-American Developmnt Bank 4.60% 01-Mar-2029,0.04,2026-09-17
DCS,,MINI MALL STORG PRP TRST 4.75 % 01-12-2030,0.04,2026-09-17
DCS,,Ontario Teachers Finance Trust 1.10% 19-Oct-2027,0.04,2026-09-17
DCS,,Inter Pipeline Ltd 5.76% 17-Feb-2028,0.04,2026-09-17
DCS,,Municipal Finance Authority BC 4.95% 01-Dec-2027,0.04,2026-09-17
DCS,,John Deere Financial Inc 4.63% 04-Apr-2029,0.04,2026-09-17
DCS,,Honda Canada Finance Inc 3.55% 25-Feb-2031,0.04,2026-09-17
DCS,,Telus Corp 4.80% 15-Dec-2028,0.04,2026-09-17
DCS,,Emera Inc 4.84% 02-Mar-2030,0.04,2026-09-17
DCS,,Dollarama Inc 2.44% 09-Jul-2029,0.04,2026-09-17
DCS,,General Motors Fncl Canada Ltd 4.45% 25-Jan-2030,0.04,2026-09-17
DCS,,CI Financial Corp 4.75% 03-Apr-2028,0.04,2026-09-17
DCS,,International Bank Recon Dvlpt 3.50% 12-Jan-2029,0.04,2026-09-17
DCS,,Toyota Credit Canada Inc 3.55% 04-Oct-2027,0.04,2026-09-17
DCS,,Montreal City 3.00% 01-Sep-2027,0.04,2026-09-17
DCS,,Bell Canada 3.80% 21-May-2028,0.04,2026-09-17
DCS,,Transcanada Pipelines Ltd 2.97% 09-Mar-2031,0.04,2026-09-17
DCS,,Transcanada Pipelines Ltd 3.39% 15-Dec-2027,0.04,2026-09-17
DCS,,Montreal City 3.15% 01-Sep-2028,0.04,2026-09-17
DCS,,Enbridge Inc 3.90% 25-Jan-2030,0.04,2026-09-17
DCS,,Municipal Finance Authority BC 3.05% 23-Oct-2028,0.04,2026-09-17
DCS,,DAIMLER TRUCK FI CANADA 3.48 % 13-10-2028,0.04,2026-09-17
DCS,,Municipal Finance Authority BC 2.30% 15-Apr-2031,0.04,2026-09-17
DCS,,WELLTOWER OP LLC 3.85 % 15-08-2031,0.04,2026-09-17
DCS,,Lower Mattagami Energy LP 2.43% 14-Feb-2031,0.04,2026-09-17
DCS,,Quebec Province 2.10% 27-May-2031,0.04,2026-09-17
DCS,,Pembina Pipeline Corp 3.31% 01-Feb-2030,0.04,2026-09-17
DCS,,Ontario Power Generation Inc 3.22% 08-Jan-2030,0.04,2026-09-17
DCS,,Honda Canada Finance Inc 1.65% 25-Feb-2028,0.04,2026-09-17
DCS,,Granite REIT Holdings LP 2.38% 18-Dec-2030,0.04,2026-09-17
DCS,,TMX Group Ltd 4.68% 16-Aug-2029,0.04,2026-09-17
DCS,,CGI Inc 2.10% 18-Jul-2028,0.04,2026-09-17
DCS,,Alectra Inc 1.75% 11-Nov-2030,0.04,2026-09-17
DCS,,Manulife Financial Corp 2.82% 13-May-2030,0.04,2026-09-17
DCS,,CPPIB Capital Inc 1.95% 30-Sep-2029,0.04,2026-09-17
DCS,,York Regional Municipality 1.70% 27-May-2030,0.04,2026-09-17
DCS,,BCI QUADREAL REALTY/TRUS 1.75 % 24-07-2030,0.04,2026-09-17
DCS,,Canadian Imperial Bank Commrce 5.35% 20-Apr-2028,0.04,2026-09-17
DCS,,Pembina Pipeline Corp 3.62% 03-Apr-2029,0.04,2026-09-17
DCS,,HYUNDAI CAPITAL CANADA 4.00 % 13-05-2031,0.04,2026-09-17
DCS,,Toronto City 2.65% 09-Nov-2029,0.04,2026-09-17
DCS,,National Bank of Canada 5.28% 15-Feb-2029,0.04,2026-09-17
DCS,,Rogers Communications Inc 5.80% 21-Sep-2030,0.04,2026-09-17
DCS,,CT REIT 4.29% 09-Jun-2030,0.03,2026-09-17
DCS,,National Bank of Canada 4.33% 15-Aug-2030,0.03,2026-09-17
DCS,,DREAM SUMMIT INDUSTRIAL 3.96 % 10-04-2029,0.03,2026-09-17
DCS,,Gildan Activewear Inc 4.15% 22-Nov-2030,0.03,2026-09-17
DCS,,MCAP Commercial LP 3.38% 26-Nov-2027,0.03,2026-09-17
DCS,,SUNCOR ENERGY INC 2.95 % 14-11-2027,0.03,2026-09-17
DCS,,VW CREDIT CANADA INC 4.33 % 25-08-2031,0.03,2026-09-17
DCS,,MANULIFE BANK OF CANADA 3.95 % 20-05-2031,0.03,2026-09-17
DCS,,Dollarama Inc 3.85% 16-Dec-2030,0.03,2026-09-17
DCS,,AVENUE LIVING 2014 LP 4.65 % 15-07-2029,0.03,2026-09-17
DCS,,TOYOTA CREDIT CANADA INC 3.65 % 19-08-2030,0.03,2026-09-17
DCS,,BROOKFIELD INFRA FIN ULC 3.70 % 06-01-2031,0.03,2026-09-17
DCS,,York Regional Municipality 2.65% 18-Apr-2029,0.03,2026-09-17
DCS,,EPCOR UTILITIES 3.37 % 01-10-2030,0.03,2026-09-17
DCS,,OXFORD PROPERTIES GROUP 3.60 % 13-11-2030,0.03,2026-09-17
DCS,,HONDA CANADA FINANCE INC 3.54 % 23-09-2030,0.03,2026-09-17
DCS,,METRO INC 3.47 % 25-02-2031,0.03,2026-09-17
DCS,,OMERS Realty Corp 5.38% 14-Nov-2028,0.03,2026-09-17
DCS,,Ventas Canada Finance Ltd 5.10% 05-Mar-2029,0.03,2026-09-17
DCS,,Athene Global Funding 5.11% 07-Mar-2029,0.03,2026-09-17
DCS,,Prologis LP 4.70% 01-Feb-2029,0.03,2026-09-17
DCS,,Rogers Communications Inc 2.90% 09-Sep-2030,0.03,2026-09-17
DCS,,Manulife Bank of Canada 4.55% 08-Mar-2029,0.03,2026-09-17
DCS,,Finning International Inc 4.45% 16-May-2028,0.03,2026-09-17
DCS,,ENBRIDGE INC 2.82 % 12-05-2031,0.03,2026-09-17
DCS,,CNH Industrial Cptl Canada Ltd 4.00% 11-Apr-2028,0.03,2026-09-17
DCS,,Metro Inc 4.00% 27-Nov-2029,0.03,2026-09-17
DCS,,Toyota Credit Canada Inc 3.36% 23-May-2028,0.03,2026-09-17
DCS,,Toyota Credit Canada Inc 3.73% 02-Oct-2029,0.03,2026-09-17
DCS,,Sun Life Financial Inc 2.06% 01-Oct-2030,0.03,2026-09-17
DCS,,TOYOTA CREDIT CANADA INC 3.12 % 20-11-2028,0.03,2026-09-17
DCS,,Rogers Communications Inc 3.25% 01-Feb-2029,0.03,2026-09-17
DCS,,Greater Toronto Airports Auth 2.73% 03-Apr-2029,0.03,2026-09-17
DCS,,PSP Capital Inc 1.50% 15-Mar-2028,0.03,2026-09-17
DCS,,TMX GROUP LTD 4.57 % 22-09-2033,0.03,2026-09-17
DCS,,DREAM SUMMIT INDUSTRIAL 4.43 % 28-03-2030,0.03,2026-09-17
DCS,,Greater Toronto Airports Auth 6.45% 03-Dec-2027,0.03,2026-09-17
DCS,,CT REIT 5.83% 14-Jun-2028,0.03,2026-09-17
DCS,,Bell Canada 5.25% 15-Feb-2029,0.03,2026-09-17
DCS,,Whitecap Resources Inc 4.97% 21-Jun-2029,0.03,2026-09-17
DCS,,Enbridge Inc 5.70% 10-Oct-2027,0.03,2026-09-17
DCS,,Sun Life Financial Inc 4.78% 10-Aug-2029,0.03,2026-09-17
DCS,,Canadian National Railway Co 4.60% 02-Apr-2029,0.03,2026-09-17
DCS,,Videotron Ltd 4.65% 15-Jun-2029,0.03,2026-09-17
DCS,,Alimentation Couche Tard Inc 4.60% 25-Jan-2029,0.03,2026-09-17
DCS,,Intact Financial Corp 4.65% 16-May-2029,0.03,2026-09-17
DCS,,Toyota Credit Canada Inc 4.44% 27-Jun-2029,0.03,2026-09-17
DCS,,VW Credit Canada Inc 4.42% 20-Aug-2029,0.03,2026-09-17
DCS,,Choice Properties REIT 4.18% 08-Mar-2028,0.03,2026-09-17
DCS,,Hydro One Inc 3.93% 30-Sep-2029,0.03,2026-09-17
DCS,,DREAM INDUSTRIAL REIT 4.29 % 03-07-2030,0.03,2026-09-17
DCS,,Altagas Ltd 2.08% 30-Mar-2028,0.03,2026-09-17
DCS,,Choice Properties REIT 2.98% 04-Mar-2030,0.03,2026-09-17
DCS,,CAE Inc 5.54% 12-Jun-2028,0.03,2026-09-17
DCS,,CGI INC 0.01 % 14-12-2029,0.03,2026-09-17
DCS,,Royal Bank of Canada 1.67% 28-Jan-2028,0.03,2026-09-17
DCS,,Saputo Inc 5.49% 20-Sep-2030,0.03,2026-09-17
DCS,,Bank of Montreal 6.53% 27-Oct-2032,0.03,2026-09-17
DCS,,Toronto Hydro Corp 5.13% 12-Oct-2028,0.03,2026-09-17
DCS,,Telus Corp 5.00% 13-Jul-2029,0.03,2026-09-17
DCS,,General Motors Fncl Canada Ltd 5.00% 09-Jan-2029,0.03,2026-09-17
DCS,,TMX GROUP LTD 4.90 % 23-09-2036,0.02,2026-09-17
DCS,,John Deere Financial Inc 4.38% 11-Jul-2028,0.02,2026-09-17
DCS,,BMW CANADA INC 3.30 % 07-09-2027,0.02,2026-09-17
DCS,,Enbridge Inc 3.55% 25-Feb-2028,0.02,2026-09-17
DCS,,BNP Paribas SA 4.49% 03-Sep-2030,0.02,2026-09-17
DCS,,Enmax Corp 3.88% 18-Jul-2029,0.02,2026-09-17
DCS,,VW CREDIT CANADA INC 3.95 % 27-08-2029,0.02,2026-09-17
DCS,,Reliance LP 2.68% 01-Dec-2027,0.02,2026-09-17
DCS,,TOURMALINE OIL CORP 3.93 % 16-03-2031,0.02,2026-09-17
DCS,,TOYOTA CREDIT CANADA INC 3.55 % 16-07-2029,0.02,2026-09-17
DCS,,BMW CANADA INC 3.70 % 05-09-2029,0.02,2026-09-17
DCS,,VW CREDIT CANADA INC 3.39 % 20-11-2028,0.02,2026-09-17
DCS,,MERCEDES BENZ CA FIN INC 3.50 % 22-06-2029,0.02,2026-09-17
DCS,,OXFORD PROPERTIES GROUP 3.94 % 20-04-2031,0.02,2026-09-17
DCS,,Canadian National Railway Co 3.50% 10-May-2030,0.02,2026-09-17
DCS,,SOBEYS INC 3.10 % 30-10-2028,0.02,2026-09-17
DCS,,CHUBB INA HOLDINGS LLC 3.78 % 10-06-2031,0.02,2026-09-17
DCS,,TOYOTA CREDIT CANADA INC 3.86 % 14-07-2031,0.02,2026-09-17
DCS,,VW CREDIT CANADA INC 3.81 % 19-11-2030,0.02,2026-09-17
DCS,,GM FINANCIAL CAD 3.75 % 20-02-2031,0.02,2026-09-17
DCS,,Toyota Credit Canada Inc 5.16% 12-Jul-2028,0.02,2026-09-17
DCS,,South Coast BC Transport Auth 1.60% 03-Jul-2030,0.02,2026-09-17
DCS,,Whitecap Resources Inc 4.38% 01-Nov-2029,0.02,2026-09-17
DCS,,Manitoba Province 3.25% 05-Sep-2029,0.02,2026-09-17
DCS,,John Deere Financial Inc 3.55% 12-Jun-2029,0.02,2026-09-17
DCS,,SUNCOR ENERGY INC 3.55 % 14-11-2030,0.02,2026-09-17
DCS,,WHITECAP RESOURCES INC 3.76 % 19-06-2028,0.02,2026-09-17
DCS,,SMARTSTOP OP LP 4.32 % 18-02-2031,0.02,2026-09-17
DCS,,MORGUARD CORPORATION 4.31 % 18-06-2029,0.02,2026-09-17
DCS,,GO RESIDENTIAL OPERATING 4.53 % 13-02-2029,0.02,2026-09-17
DCS,,SMARTCENTRES REIT 3.60 % 12-06-2029,0.02,2026-09-17
DCS,,TOYOTA CREDIT CANADA INC 3.14 % 26-02-2029,0.02,2026-09-17
DCS,,TRISURA GROUP LTD 4.02 % 17-03-2031,0.02,2026-09-17
DCS,,MANULIFE BANK OF CANADA 3.16 % 01-06-2029,0.02,2026-09-17
DCS,,RELIANCE LP 3.60 % 18-04-2030,0.02,2026-09-17
DCS,,FORTISBC ENERGY INC 3.38 % 16-10-2030,0.02,2026-09-17
DCS,,TOYOTA CREDIT CANADA INC 3.46 % 24-02-2031,0.02,2026-09-17
DCS,,New Brunswick Province 5.65% 27-Dec-2028,0.02,2026-09-17
DCS,,RioCan REIT 5.96% 01-Oct-2029,0.02,2026-09-17
DCS,,Saputo Inc 5.25% 29-Sep-2029,0.02,2026-09-17
DCS,,Federation Csses Desjardins Qc 5.48% 16-Aug-2028,0.02,2026-09-17
DCS,,John Deere Financial Inc 5.17% 15-Sep-2028,0.02,2026-09-17
DCS,,Mercedes-Benz Fin Canada Inc 5.12% 27-Jun-2028,0.02,2026-09-17
DCS,,SmartCentres REIT 5.35% 29-May-2028,0.02,2026-09-17
DCS,,Hyundai Capital Canada Inc 4.90% 31-Dec-2028,0.02,2026-09-17
DCS,,General Motors Fncl Canada Ltd 5.20% 09-Jan-2028,0.02,2026-09-17
DCS,,Enbridge Inc 4.90% 26-Apr-2028,0.02,2026-09-17
DCS,,Bruce Power LP 4.70% 21-Nov-2027,0.02,2026-09-17
DCS,,BMW Canada Inc 4.66% 05-Apr-2028,0.02,2026-09-17
DCS,,Loblaw Cos Ltd 4.49% 11-Dec-2028,0.02,2026-09-17
DCS,,Toyota Credit Canada Inc 4.46% 19-Mar-2029,0.02,2026-09-17
DCS,,Gildan Activewear Inc 4.36% 22-Nov-2029,0.02,2026-09-17
DCS,,Fairfax Financial Holdings Ltd 4.23% 14-Mar-2029,0.02,2026-09-17
DCS,,MCAP Commercial LP 4.82% 04-Mar-2030,0.02,2026-09-17
DCS,,Laurentian Bank of Canada 4.19% 23-Jan-2028,0.02,2026-09-17
DCS,,CCL Industries Inc 3.86% 13-Jan-2028,0.02,2026-09-17
DCS,,George Weston Ltd 4.19% 05-Sep-2029,0.02,2026-09-17
DCS,,Metro Inc 3.39% 06-Dec-2027,0.02,2026-09-17
DCS,,SAPUTO INC 3.88 % 02-07-2030,0.02,2026-09-17
DCS,,BMW Canada Inc 3.70% 02-Apr-2029,0.02,2026-09-17
DCS,,CNH Industrial Cptl Canada Ltd 3.75% 05-May-2029,0.02,2026-09-17
DCS,,Fortis Inc 2.18% 15-Mar-2028,0.02,2026-09-17
DCS,,Bruce Power LP 2.68% 21-Oct-2028,0.02,2026-09-17
DCS,,AIMCo Realty Investors LP 2.71% 01-Jun-2029,0.02,2026-09-17
DCS,,Granite REIT Holdings LP 2.19% 30-Aug-2028,0.02,2026-09-17
DCS,,Capital Power Corp 5.82% 15-Aug-2028,0.02,2026-09-17
DCS,,CGI INC 4.48 % 14-06-2031,0.02,2026-09-17
DCS,,BMW Canada Inc 3.99% 10-Oct-2028,0.02,2026-09-17
DCS,,VW Credit Canada Inc 4.25% 18-Feb-2028,0.01,2026-09-17
DCS,,EQUITABLE BANK 3.87 % 12-04-2029,0.01,2026-09-17
DCS,,BMW CANADA INC 3.54 % 04-02-2030,0.01,2026-09-17
DCS,,Co-operators Financl Srvcs Ltd 3.33% 13-May-2030,0.01,2026-09-17
DCS,,Dream Industrial REIT 5.38% 22-Mar-2028,0.01,2026-09-17
DCS,,Ivanhoe Cambridge II Inc 4.99% 02-Jun-2028,0.01,2026-09-17
DCS,,Finning International Inc 4.78% 13-Feb-2029,0.01,2026-09-17
DCS,,Daimler Truck Finance Cnd Inc 4.54% 27-Sep-2029,0.01,2026-09-17
DCS,,VITAL INFRA PROP TRUST 5.02 % 18-02-2028,0.01,2026-09-17
DCS,,Daimler Truck Finance Cnd Inc 4.46% 27-Sep-2027,0.01,2026-09-17
DCS,,Russel Metals Inc 4.42% 28-Mar-2030,0.01,2026-09-17
DCS,,Vancouver Airprt Fuel Fclts Co 3.81% 04-Jun-2030,0.01,2026-09-17
DCS,,GRANDBRIDGE CORP 4.00 % 15-07-2031,0.01,2026-09-17
DCS,,Bell Canada 5.15% 14-Oct-2028,0.01,2026-09-17
DCG,,Ontario Province 3.75% 02-Jun-2032,8.89,2026-09-17
DCG,,Quebec Province 1.50% 01-Sep-2031,7.44,2026-09-17
DCG,,Ontario Province 2.15% 02-Jun-2031,7.25,2026-09-17
DCG,,Ontario Province 1.35% 02-Dec-2030,7.11,2026-09-17
DCG,,CPPIB Capital Inc 3.00% 15-Jun-2028,6.55,2026-09-17
DCG,,Canada Government 2.25% 01-Jun-2029,6.55,2026-09-17
DCG,,CPPIB Capital Inc 3.35% 02-Dec-2030,5.48,2026-09-17
DCG,,Quebec Province 2.75% 01-Sep-2027,5.28,2026-09-17
DCG,,CANADA HOUSING TRUST,5.12,2026-09-17
DCG,,New Brunswick Province 3.10% 14-Aug-2028,4.62,2026-09-17
DCG,,Ontario Province 2.70% 02-Jun-2029,4.29,2026-09-17
DCG,,Ontario Province 1.55% 01-Nov-2029,2.96,2026-09-17
DCG,,PSP Capital Inc 2.05% 15-Jan-2030,2.83,2026-09-17
DCG,,Municipal Finance Authority BC 3.05% 23-Oct-2028,2.72,2026-09-17
DCG,,International Bank Recon Dvlpt 4.25% 18-Sep-2030,2.55,2026-09-17
DCG,,Quebec Province 1.90% 01-Sep-2030,2.17,2026-09-17
DCG,,British Columbia Province 1.55% 18-Jun-2031,2.13,2026-09-17
DCG,,Ontario Province 1.05% 08-Sep-2027,1.75,2026-09-17
DCG,,Manitoba Province 2.75% 02-Jun-2029,1.60,2026-09-17
DCG,,British Columbia Province 2.20% 18-Jun-2030,1.22,2026-09-17
DCG,,Newfoundland & Labrdr Province 2.85% 02-Jun-2029,1.21,2026-09-17
DCG,,CPPIB Capital Inc 3.95% 02-Jun-2032,1.10,2026-09-17
DCG,,Canada Housing Trust No 1 2.15% 15-Dec-2031,1.09,2026-09-17
DCG,,Ontario Teachers Finance Trust 1.10% 19-Oct-2027,0.84,2026-09-17
DCG,,BRITISH COLUMBIA PROV OF,0.71,2026-09-17
DCG,,British Columbia Province 2.95% 18-Dec-2028,0.70,2026-09-17
DCG,,Manitoba Province 2.05% 02-Jun-2031,0.64,2026-09-17
DCG,,Nova Scotia Province 2.00% 01-Sep-2030,0.57,2026-09-17
DCG,,Montreal City 3.00% 01-Sep-2027,0.54,2026-09-17
DCG,,Saskatchewan Province 2.15% 02-Jun-2031,0.46,2026-09-17
DCG,,Ontario Province 4.05% 02-Feb-2032,0.43,2026-09-17
DCG,,New Brunswick Province 2.55% 14-Aug-2031,0.41,2026-09-17
DCG,,Montreal City 1.75% 01-Sep-2030,0.40,2026-09-17
DCG,,Quebec Province 3.65% 20-May-2032,0.38,2026-09-17
DCG,,South Coast BC Transport Auth 1.60% 03-Jul-2030,0.38,2026-09-17
DCG,,New Brunswick Province 3.95% 14-Aug-2032,0.37,2026-09-17
DCG,,PROVINCE OF SASKATCHEWAN,0.32,2026-09-17
DCG,,Toronto City 2.65% 09-Nov-2029,0.31,2026-09-17
DCG,,Municipal Finance Authority BC 2.55% 09-Oct-2029,0.25,2026-09-17
DCG,,CAD Currency,0.19,2026-09-17
DCG,,Ontario Teachers Finance Trust 4.45% 02-Jun-2032,0.19,2026-09-17
DCC,,Bell Canada 5.25% 15-Feb-2029,2.01,2026-09-17
DCC,,Bell Canada 3.80% 21-May-2028,1.98,2026-09-17
DCC,,Royal Bank of Canada 1.83% 31-Jul-2028,1.93,2026-09-17
DCC,,TORONTO DOMINION BANK 4.21 % 16-06-2036,1.71,2026-09-17
DCC,,CAD Currency,1.70,2026-09-17
DCC,,Bank of Nova Scotia 3.73% 27-Jun-2031,1.70,2026-09-17
DCC,,Bank of Montreal 3.19% 01-Mar-2028,1.67,2026-09-17
DCC,,Rogers Communications Inc 4.40% 02-Aug-2028,1.57,2026-09-17
DCC,,Transcanada Pipelines Ltd 5.28% 15-May-2030,1.56,2026-09-17
DCC,,Hydro One Inc 3.93% 30-Sep-2029,1.56,2026-09-17
DCC,,Royal Bank of Canada 5.23% 24-Jun-2030,1.53,2026-09-17
DCC,,McDonald's Corp 4.86% 21-Mar-2031,1.49,2026-09-17
DCC,,North West Redwater Partnershp 2.80% 01-Mar-2031,1.45,2026-09-17
DCC,,BROOKFIELD INFRA FIN ULC,1.38,2026-09-17
DCC,,Bell Canada 4.55% 09-Dec-2029,1.26,2026-09-17
DCC,,Toronto-Dominion Bank 1.89% 08-Mar-2028,1.23,2026-09-17
DCC,,Manulife Financial Corp 2.82% 13-May-2030,1.19,2026-09-17
DCC,,CGI Inc 2.10% 18-Jul-2028,1.18,2026-09-17
DCC,,Pembina Pipeline Corp 5.02% 12-Jan-2032,1.11,2026-09-17
DCC,,Toronto-Dominion Bank 4.13% 09-Jan-2032,1.11,2026-09-17
DCC,,Bell Canada 2.90% 10-Jun-2029,1.11,2026-09-17
DCC,,Sun Life Financial Inc 5.12% 15-May-2031,1.10,2026-09-17
DCC,,GLENCORE FUNDING LLC 4.00 % 28-07-2031,1.10,2026-09-17
DCC,,Mondelez International Inc 4.63% 03-May-2031,1.03,2026-09-17
DCC,,Bell Canada 3.00% 17-Dec-2030,0.98,2026-09-17
DCC,,SmartCentres REIT 3.53% 20-Dec-2029,0.98,2026-09-17
DCC,,Inter Pipeline Ltd 5.71% 29-May-2030,0.94,2026-09-17
DCC,,Alimentation Couche Tard Inc 5.59% 25-Sep-2030,0.93,2026-09-17
DCC,,Choice Properties REIT 6.00% 24-Jun-2032,0.93,2026-09-17
DCC,,Granite REIT Holdings LP 2.19% 30-Aug-2028,0.89,2026-09-17
DCC,,NextEra Energy Capital Hdg Inc 4.85% 28-Feb-2031,0.89,2026-09-17
DCC,,Bell Canada 2.50% 14-Feb-2030,0.87,2026-09-17
DCC,,Bank of Montreal 4.71% 07-Nov-2027,0.87,2026-09-17
DCC,,Rogers Communications Inc 3.75% 15-Feb-2029,0.86,2026-09-17
DCC,,Granite REIT Holdings LP 6.07% 12-Apr-2029,0.86,2026-09-17
DCC,,Canadian Pacific Railway Co 4.00% 13-Apr-2032,0.85,2026-09-17
DCC,,Fairfax Financial Holdings Ltd 3.95% 03-Dec-2030,0.85,2026-09-17
DCC,,FED CAISSES DESJARDINS 3.71 % 16-07-2031,0.80,2026-09-17
DCC,,Enbridge Inc 2.99% 03-Jul-2029,0.79,2026-09-17
DCC,,Bruce Power LP 4.00% 21-Mar-2030,0.79,2026-09-17
DCC,,Reliance LP 2.67% 01-Aug-2028,0.77,2026-09-17
DCC,,Bell Canada 5.85% 10-Aug-2032,0.73,2026-09-17
DCC,,Ontario Power Generation Inc 3.22% 08-Jan-2030,0.72,2026-09-17
DCC,,Cameco Corp 4.94% 24-May-2031,0.71,2026-09-17
DCC,,Brookfield Infra Finance ULC 5.71% 27-May-2030,0.71,2026-09-17
DCC,,Stantec Inc 4.37% 10-Jun-2032,0.70,2026-09-17
DCC,,Brookfield Infra Finance ULC 3.41% 09-Jul-2029,0.67,2026-09-17
DCC,,Telus Corp 4.95% 18-Feb-2031,0.66,2026-09-17
DCC,,Transcanada Pipelines Ltd 2.97% 09-Mar-2031,0.66,2026-09-17
DCC,,DOLLARAMA INC. 3.94 % 25-07-2031,0.65,2026-09-17
DCC,,Cenovus Energy Inc 3.50% 07-Feb-2028,0.65,2026-09-17
DCC,,Bank of Nova Scotia 3.10% 02-Feb-2028,0.65,2026-09-17
DCC,,Coastal Gaslink Pipeline LP 4.69% 30-Sep-2029,0.64,2026-09-17
DCC,,Emera Inc 4.84% 02-Mar-2030,0.63,2026-09-17
DCC,,Canadian Natural Resources Ltd 4.15% 15-Dec-2031,0.63,2026-09-17
DCC,,Brookfield Renewable Ptnrs ULC 3.38% 15-Oct-2029,0.63,2026-09-17
DCC,,ALLIED PROPERTIES REIT 4.67 % 25-09-2031,0.63,2026-09-17
DCC,,Canadian National Railway Co 4.15% 10-Mar-2030,0.63,2026-09-17
DCC,,Reliance LP 5.25% 15-May-2031,0.61,2026-09-17
DCC,,Pembina Pipeline Corp 3.53% 10-Dec-2031,0.61,2026-09-17
DCC,,Telus Corp 5.25% 15-Aug-2032,0.60,2026-09-17
DCC,,Canadian Pacific Railway Co 2.54% 28-Dec-2027,0.60,2026-09-17
DCC,,Enbridge Gas Inc 2.90% 01-Apr-2030,0.60,2026-09-17
DCC,,Sun Life Financial Inc 5.50% 04-Jul-2030,0.60,2026-09-17
DCC,,Great-West Lifeco Inc 2.38% 14-Feb-2030,0.59,2026-09-17
DCC,,Telus Corp 3.15% 19-Nov-2029,0.59,2026-09-17
DCC,,Pembina Pipeline Corp 3.31% 01-Feb-2030,0.57,2026-09-17
DCC,,Enbridge Gas Inc 4.15% 17-Aug-2032,0.56,2026-09-17
DCC,,Rogers Communications Inc 4.25% 15-Jan-2032,0.56,2026-09-17
DCC,,Sun Life Financial Inc 4.78% 10-Aug-2029,0.55,2026-09-17
DCC,,Sun Life Financial Inc 3.15% 18-Nov-2031,0.55,2026-09-17
DCC,,Telus Corp 2.05% 07-Jul-2030,0.53,2026-09-17
DCC,,Enbridge Inc 6.10% 09-Aug-2032,0.53,2026-09-17
DCC,,Choice Properties REIT 3.53% 11-Jun-2029,0.50,2026-09-17
DCC,,OMERS Realty Corp 4.96% 10-Feb-2031,0.49,2026-09-17
DCC,,RioCan REIT 5.47% 01-Mar-2030,0.48,2026-09-17
DCC,,Pacific Life Global Funding II 4.20% 29-Jul-2032,0.48,2026-09-17
DCC,,New York Life Global Funding 4.00% 17-Jun-2032,0.48,2026-09-17
DCC,,Transcanada Pipelines Ltd 5.33% 12-Feb-2032,0.48,2026-09-17
DCC,,Royal Bank of Canada 1.67% 28-Jan-2028,0.48,2026-09-17
DCC,,Gildan Activewear Inc 4.15% 22-Nov-2030,0.47,2026-09-17
DCC,,Canadian Tire Corp Ltd 5.37% 16-Sep-2030,0.46,2026-09-17
DCC,,Transcanada Pipelines Ltd 3.00% 18-Jun-2029,0.46,2026-09-17
DCC,,Gibson Energy Inc 3.60% 17-Sep-2029,0.46,2026-09-17
DCC,,TMX Group Ltd 4.68% 16-Aug-2029,0.46,2026-09-17
DCC,,Keyera Corp 3.96% 29-May-2030,0.44,2026-09-17
DCC,,AIMCo Realty Investors LP 2.71% 01-Jun-2029,0.44,2026-09-17
DCC,,Dollarama Inc 5.17% 26-Apr-2030,0.43,2026-09-17
DCC,,407 International Inc 4.45% 14-Aug-2031,0.43,2026-09-17
DCC,,BROOKFIELD INFRA FIN ULC 3.70 % 06-01-2031,0.43,2026-09-17
DCC,,Energir LP 3.04% 09-Feb-2032,0.42,2026-09-17
DCC,,Bank of Nova Scotia 1.40% 01-Nov-2027,0.42,2026-09-17
DCC,,Ontario Power Generation Inc 2.98% 13-Jun-2029,0.42,2026-09-17
DCC,,SmartCentres REIT 5.16% 01-Aug-2030,0.41,2026-09-17
DCC,,Honda Canada Finance Inc 1.65% 25-Feb-2028,0.41,2026-09-17
DCC,,MONTREAL INTL FUEL FACIL 3.71 % 10-04-2031,0.40,2026-09-17
DCC,,Choice Properties REIT 4.18% 08-Mar-2028,0.40,2026-09-17
DCC,,Choice Properties REIT 5.03% 28-Feb-2031,0.40,2026-09-17
DCC,,PROLOGIS LP 3.60 % 15-02-2032,0.39,2026-09-17
DCC,,Gibson Energy Inc 4.45% 12-Nov-2031,0.39,2026-09-17
DCC,,Greater Toronto Airports Auth 1.54% 03-Mar-2028,0.39,2026-09-17
DCC,,Choice Properties REIT 2.98% 04-Mar-2030,0.38,2026-09-17
DCC,,Hydro One Inc 2.16% 28-Nov-2029,0.38,2026-09-17
DCC,,Loblaw Cos Ltd 2.28% 07-May-2030,0.38,2026-09-17
DCC,,VIDEOTRON LTD 3.95 % 15-10-2032,0.38,2026-09-17
DCC,,AIMCo Realty Investors LP 4.64% 15-Feb-2030,0.38,2026-09-17
DCC,,Fortis Inc 4.43% 31-Mar-2029,0.37,2026-09-17
DCC,,Bell Canada 2.20% 29-Mar-2028,0.37,2026-09-17
DCC,,Fortis Inc 2.18% 15-Mar-2028,0.37,2026-09-17
DCC,,Altagas Ltd 2.08% 30-Mar-2028,0.37,2026-09-17
DCC,,BCI QUADREAL REALTY/TRUS 1.75 % 24-07-2030,0.37,2026-09-17
DCC,,Toronto-Dominion Bank 4.68% 08-Jan-2029,0.37,2026-09-17
DCC,,Fairfax Financial Holdings Ltd 4.23% 14-Mar-2029,0.36,2026-09-17
DCC,,Pembina Pipeline Corp 4.02% 27-Mar-2028,0.36,2026-09-17
DCC,,ENBRIDGE INC 2.82 % 12-05-2031,0.36,2026-09-17
DCC,,Fortis Inc 4.09% 26-Jan-2032,0.36,2026-09-17
DCC,,Lower Mattagami Energy LP 2.43% 14-Feb-2031,0.36,2026-09-17
DCC,,MCDONALD S CORP 4.11 % 21-08-2032,0.34,2026-09-17
DCC,,Massmutual Global Funding II 4.13% 10-Jul-2026,0.34,2026-09-17
DCC,,GLENCORE FINANCE CANADA 4.05 % 10-10-2032,0.33,2026-09-17
DCC,,Inter Pipeline Ltd 5.85% 18-May-2032,0.32,2026-09-17
DCC,,Telus Corp 5.00% 13-Jul-2029,0.28,2026-09-17
DCC,,Keyera Corp 3.93% 21-Jun-2028,0.27,2026-09-17
DCC,,Telus Corp 3.63% 01-Dec-2027,0.27,2026-09-17
DCC,,AIMCo Realty Investors LP 3.04% 01-Jun-2028,0.27,2026-09-17
DCC,,Telus Corp 2.35% 27-Nov-2027,0.27,2026-09-17
DCC,,Keyera Corp 5.02% 28-Mar-2032,0.26,2026-09-17
DCC,,WSP Global Inc 2.41% 19-Apr-2028,0.26,2026-09-17
DCC,,Intact Financial Corp 2.18% 18-Mar-2028,0.26,2026-09-17
DCC,,South Bow Cdn Infra Hldgs Ltd 4.62% 01-Dec-2031,0.25,2026-09-17
DCC,,Great-West Lifeco Inc 3.34% 28-Nov-2027,0.25,2026-09-17
DCC,,Transcanada Pipelines Ltd 3.39% 15-Dec-2027,0.25,2026-09-17
DCC,,Reliance LP 4.39% 16-Apr-2032,0.25,2026-09-17
DCC,,WSP GLOBAL INC 4.00 % 22-01-2032,0.25,2026-09-17
DCC,,Toronto-Dominion Bank 1.90% 11-Sep-2028,0.25,2026-09-17
DCC,,Dollarama Inc 2.44% 09-Jul-2029,0.24,2026-09-17
DCC,,Enbridge Gas Inc 2.37% 09-Aug-2029,0.24,2026-09-17
DCC,,Canadian National Railway Co 3.20% 30-Apr-2028,0.24,2026-09-17
DCC,,Federation Csses Desjardins Qc 4.12% 25-Aug-2032,0.24,2026-09-17
DCC,,TRANSCANADA PIPELINES 5.20 % 15-02-2056,0.24,2026-09-17
DCC,,ALIMENTATION COUCHE TARD 3.86 % 26-09-2032,0.24,2026-09-17
DCC,,Inter Pipeline Ltd 5.76% 17-Feb-2028,0.21,2026-09-17
DCC,,Hydro One Inc 4.91% 27-Dec-2027,0.21,2026-09-17
DCC,,Brookfield Renewable Ptnrs ULC 5.88% 09-Aug-2032,0.21,2026-09-17
DCC,,Finning International Inc 4.78% 13-Feb-2029,0.21,2026-09-17
DCC,,Bruce Power LP 4.70% 21-Jun-2031,0.21,2026-09-17
DCC,,Coastal Gaslink Pipeline LP 4.91% 30-Jun-2031,0.20,2026-09-17
DCC,,Capital Power Corp 4.83% 16-Jul-2031,0.20,2026-09-17
DCC,,Telus Corp 4.65% 13-Jun-2031,0.20,2026-09-17
DCC,,HYDRO ONE INC 3.94 % 25-08-2032,0.19,2026-09-17
DCC,,Inter Pipeline Ltd 3.98% 25-Nov-2031,0.19,2026-09-17
DCC,,Fairfax Financial Holdings Ltd 4.25% 06-Sep-2027,0.19,2026-09-17
DCC,,Telus Corp 2.85% 13-Aug-2031,0.18,2026-09-17
DCC,,Sun Life Financial Inc 2.06% 01-Oct-2030,0.16,2026-09-17
DCC,,OMERS Realty Corp 5.38% 14-Nov-2028,0.16,2026-09-17
DCC,,Loblaw Cos Ltd 4.49% 11-Dec-2028,0.16,2026-09-17
DCC,,Brookfield Renewable Ptnrs ULC 4.25% 15-Oct-2028,0.16,2026-09-17
DCC,,Telus Corp 3.30% 02-Feb-2029,0.15,2026-09-17
DCC,,National Bank of Canada 1.82% 16-Oct-2027,0.15,2026-09-17
DCC,,RioCan REIT 2.83% 08-Nov-2028,0.15,2026-09-17
DCC,,Sun Life Financial Inc 2.80% 21-Nov-2028,0.15,2026-09-17
DCC,,Bruce Power LP 2.68% 21-Oct-2028,0.15,2026-09-17
DCC,,RioCan REIT 4.62% 03-Oct-2031,0.15,2026-09-17
DCC,,Fortis Inc 4.17% 09-Sep-2031,0.15,2026-09-17
DCC,,Granite REIT Holdings LP 4.35% 04-Oct-2031,0.15,2026-09-17
DCC,,Stella-Jones Inc 4.31% 01-Oct-2031,0.14,2026-09-17
DCC,,Dollarama Inc 3.85% 16-Dec-2030,0.14,2026-09-17
DCC,,Cogeco Communications Inc 2.99% 22-Sep-2031,0.14,2026-09-17
DCC,,Hydro One Inc 2.23% 17-Jun-2031,0.14,2026-09-17
DCC,,Enbridge Gas Inc 2.35% 15-Sep-2031,0.14,2026-09-17
DCC,,Metro Inc 3.39% 06-Dec-2027,0.06,2026-09-17
DCC,,Pembina Pipeline Corp 3.62% 03-Apr-2029,0.06,2026-09-17
DCC,,Reliance LP 2.68% 01-Dec-2027,0.06,2026-09-17
DCC,,Rogers Communications Inc 3.25% 01-Feb-2029,0.06,2026-09-17
DCC,,Rogers Communications Inc 5.80% 21-Sep-2030,0.05,2026-09-17
DCC,,Saputo Inc 5.49% 20-Sep-2030,0.05,2026-09-17
DCC,,WSP Global Inc 5.55% 22-Nov-2030,0.05,2026-09-17
DCC,,Magna International Inc 4.95% 31-Oct-2030,0.05,2026-09-17
DCC,,407 International Inc 4.22% 14-Feb-2028,0.05,2026-09-17
DCC,,Enbridge Inc 4.21% 22-Jan-2030,0.05,2026-09-17
DCC,,South Bow Cdn Infra Hldgs Ltd 4.32% 01-Jan-2030,0.05,2026-09-17
DCC,,ENBRIDGE INC 3.52 % 22-02-2029,0.05,2026-09-17
DCC,,Teranet Holdings LP 3.72% 23-Feb-2029,0.05,2026-09-17
DCC,,Canadian National Railway Co 3.00% 08-Nov-2028,0.05,2026-09-17
DCC,,Canadian Pacific Railway Co 3.15% 13-Dec-2028,0.05,2026-09-17
DCC,,John Deere Financial Inc 1.34% 08-Sep-2027,0.05,2026-09-17
DCC,,Hydro One Inc 3.02% 05-Jan-2029,0.05,2026-09-17
DCC,,Greater Toronto Airports Auth 2.73% 03-Apr-2029,0.05,2026-09-17
DCC,,Granite REIT Holdings LP 2.38% 18-Dec-2030,0.05,2026-09-17
DCC,,Hydro One Inc 1.69% 16-Oct-2030,0.04,2026-09-17
DCBC,,AMAZON.COM INC 5.00 % 12-06-2056,0.76,2026-09-17
DCBC,,CAD Currency,0.65,2026-09-17
DCBC,,Royal Bank of Canada 3.57% 09-Dec-2031,0.61,2026-09-17
DCBC,,AMAZON.COM INC 4.35 % 12-06-2036,0.57,2026-09-17
DCBC,,Toronto-Dominion Bank 3.69% 09-Jan-2032,0.56,2026-09-17
DCBC,,Bank of Nova Scotia 3.62% 30-Jan-2032,0.56,2026-09-17
DCBC,,Canadian Imperial Bank Commrce 3.65% 13-Dec-2030,0.53,2026-09-17
DCBC,,Canadian Imperial Bank Commrce 4.15% 02-Apr-2030,0.50,2026-09-17
DCBC,,Bank of Nova Scotia 3.73% 27-Jun-2031,0.49,2026-09-17
DCBC,,TORONTO DOMINION BANK 4.13 % 11-09-2032,0.47,2026-09-17
DCBC,,Toronto-Dominion Bank 4.68% 08-Jan-2029,0.44,2026-09-17
DCBC,,Toronto-Dominion Bank 3.61% 10-Sep-2030,0.43,2026-09-17
DCBC,,Royal Bank of Canada 4.63% 01-May-2028,0.43,2026-09-17
DCBC,,ALPHABET INC 5.00 % 15-05-2056,0.42,2026-09-17
DCBC,,AMAZON.COM INC 3.70 % 12-06-2031,0.42,2026-09-17
DCBC,,GOLDMAN SACHS GROUP INC 3.64 % 05-03-2032,0.40,2026-09-17
DCBC,,Bank of Montreal 4.71% 07-Nov-2027,0.40,2026-09-17
DCBC,,ALPHABET INC 4.35 % 15-05-2036,0.39,2026-09-17
DCBC,,Toronto-Dominion Bank 3.84% 29-May-2030,0.39,2026-09-17
DCBC,,Bank of Montreal 3.19% 01-Mar-2028,0.38,2026-09-17
DCBC,,ROYAL BANK OF CANADA 3.83 % 27-03-2030,0.37,2026-09-17
DCBC,,Toronto-Dominion Bank 5.38% 21-Oct-2027,0.36,2026-09-17
DCBC,,Bank of Nova Scotia 4.68% 01-Feb-2029,0.36,2026-09-17
DCBC,,Transcanada Pipelines Ltd 5.28% 15-May-2030,0.35,2026-09-17
DCBC,,Bank of Montreal 3.54% 03-Mar-2032,0.35,2026-09-17
DCBC,,Bank of Montreal 4.42% 17-Jun-2029,0.34,2026-09-17
DCBC,,CANADIAN IMPERIAL BANK 3.70 % 02-04-2030,0.33,2026-09-17
DCBC,,Bank of Montreal 4.54% 18-Nov-2028,0.33,2026-09-17
DCBC,,Bank of Montreal 5.04% 29-Apr-2028,0.33,2026-09-17
DCBC,,AMAZON.COM INC 3.40 % 12-06-2029,0.32,2026-09-17
DCBC,,Royal Bank of Canada 3.99% 22-Jul-2030,0.32,2026-09-17
DCBC,,Royal Bank of Canada 3.63% 10-Dec-2027,0.32,2026-09-17
DCBC,,ALPHABET INC 4.00 % 15-05-2033,0.32,2026-09-17
DCBC,,Royal Bank of Canada 4.64% 17-Jan-2028,0.32,2026-09-17
DCBC,,Federation Csses Desjardins Qc 5.28% 15-May-2029,0.32,2026-09-17
DCBC,,National Bank of Canada 5.22% 14-Jun-2028,0.31,2026-09-17
DCBC,,Royal Bank of Canada 5.10% 03-Apr-2029,0.31,2026-09-17
DCBC,,Royal Bank of Canada 3.41% 12-Jun-2028,0.31,2026-09-17
DCBC,,BANK OF MONTREAL 4.17 % 15-06-2034,0.31,2026-09-17
DCBC,,Toronto-Dominion Bank 4.13% 09-Jan-2032,0.31,2026-09-17
DCBC,,Canadian Imperial Bank Commrce 5.05% 07-Oct-2027,0.31,2026-09-17
DCBC,,Bank of Nova Scotia 3.10% 02-Feb-2028,0.30,2026-09-17
DCBC,,AMAZON.COM INC 4.00 % 12-06-2033,0.30,2026-09-17
DCBC,,Toronto-Dominion Bank 4.48% 18-Jan-2028,0.30,2026-09-17
DCBC,,Toronto-Dominion Bank 5.18% 09-Apr-2029,0.29,2026-09-17
DCBC,,Bank of Nova Scotia 3.81% 15-Nov-2027,0.29,2026-09-17
DCBC,,CANADIAN IMPERIAL BANK 3.78 % 18-06-2032,0.29,2026-09-17
DCBC,,Toronto-Dominion Bank 5.49% 08-Sep-2028,0.28,2026-09-17
DCBC,,BANK OF NOVA SCOTIA 3.58 % 01-05-2030,0.28,2026-09-17
DCBC,,ROYAL BANK OF CANADA 4.14 % 05-05-2036,0.28,2026-09-17
DCBC,,Toronto-Dominion Bank 3.77% 13-Apr-2029,0.27,2026-09-17
DCBC,,IBM CORP 4.10 % 15-08-2030,0.27,2026-09-17
DCBC,,Citigroup Inc 4.55% 03-Jun-2030,0.27,2026-09-17
DCBC,,FED CAISSES DESJARDINS 3.71 % 16-07-2031,0.27,2026-09-17
DCBC,,Bank of Nova Scotia 4.44% 15-Nov-2034,0.26,2026-09-17
DCBC,,Toronto-Dominion Bank 4.00% 31-Oct-2029,0.26,2026-09-17
DCBC,,Canadian Imperial Bank Commrce 3.80% 10-Dec-2030,0.26,2026-09-17
DCBC,,Bell Canada 3.00% 17-Dec-2030,0.26,2026-09-17
DCBC,,NextEra Energy Capital Hdg Inc 4.67% 12-Mar-2035,0.25,2026-09-17
DCBC,,National Bank of Canada 5.02% 01-Feb-2029,0.25,2026-09-17
DCBC,,Royal Bank of Canada 5.01% 01-Feb-2028,0.25,2026-09-17
DCBC,,Royal Bank of Canada 4.28% 04-Feb-2030,0.24,2026-09-17
DCBC,,Toronto-Dominion Bank 1.89% 08-Mar-2028,0.24,2026-09-17
DCBC,,Manulife Financial Corp 5.41% 10-Mar-2028,0.24,2026-09-17
DCBC,,ALPHABET INC 3.65 % 15-05-2031,0.24,2026-09-17
DCBC,,TORONTO DOMINION BANK 3.86 % 07-04-2032,0.24,2026-09-17
DCBC,,Royal Bank of Canada 4.00% 17-Oct-2029,0.24,2026-09-17
DCBC,,Royal Bank of Canada 5.23% 24-Jun-2030,0.23,2026-09-17
DCBC,,Federation Csses Desjardins Qc 5.47% 17-Oct-2028,0.23,2026-09-17
DCBC,,NATL GRID ELECT TRANS 4.72 % 12-08-2036,0.23,2026-09-17
DCBC,,Telus Corp 4.65% 13-Jun-2031,0.23,2026-09-17
DCBC,,Hydro One Inc 3.90% 21-Nov-2033,0.23,2026-09-17
DCBC,,Bank of Montreal 3.73% 03-Jun-2030,0.23,2026-09-17
DCBC,,Canadian Imperial Bank Commrce 3.90% 20-May-2030,0.23,2026-09-17
DCBC,,Hydro One Inc 3.02% 05-Jan-2029,0.23,2026-09-17
DCBC,,Bank of Nova Scotia 1.40% 01-Nov-2027,0.22,2026-09-17
DCBC,,Rogers Communications Inc 6.75% 09-Nov-2039,0.22,2026-09-17
DCBC,,ROYAL BANK OF CANADA 4.37 % 01-05-2037,0.22,2026-09-17
DCBC,,Enbridge Inc 6.10% 09-Aug-2032,0.22,2026-09-17
DCBC,,NEW YORK LIFE GLOBAL FDG 4.20 % 09-05-2033,0.22,2026-09-17
DCBC,,TRANSCANADA PIPELINES 5.20 % 15-02-2056,0.22,2026-09-17
DCBC,,National Bank of Canada 4.26% 15-Feb-2030,0.22,2026-09-17
DCBC,,AT+T INC 4.50 % 12-03-2036,0.22,2026-09-17
DCBC,,Bell Canada 5.85% 10-Aug-2032,0.21,2026-09-17
DCBC,,NATIONAL BANK OF CANADA 3.68 % 23-06-2031,0.21,2026-09-17
DCBC,,Rogers Communications Inc 3.75% 15-Feb-2029,0.21,2026-09-17
DCBC,,Canadian Imperial Bank Commrce 3.65% 10-Dec-2028,0.21,2026-09-17
DCBC,,Bank of Nova Scotia 3.84% 26-Sep-2029,0.21,2026-09-17
DCBC,,Pacific Life Global Funding II 4.20% 29-Jul-2032,0.20,2026-09-17
DCBC,,Canadian Pacific Railway Co 2.54% 28-Dec-2027,0.20,2026-09-17
DCBC,,Brookfield Finance II Inc 5.43% 14-Sep-2032,0.20,2026-09-17
DCBC,,Toronto-Dominion Bank 1.90% 11-Sep-2028,0.20,2026-09-17
DCBC,,BANK OF MONTREAL 3.80 % 09-07-2032,0.20,2026-09-17
DCBC,,GOLDMAN SACHS GROUP INC 4.34 % 05-03-2037,0.20,2026-09-17
DCBC,,OXFORD PROPERTIES GROUP 3.60 % 13-11-2030,0.20,2026-09-17
DCBC,,Enbridge Inc 5.32% 22-Feb-2054,0.20,2026-09-17
DCBC,,Enbridge Inc 3.10% 21-Jun-2033,0.20,2026-09-17
DCBC,,Athene Global Funding 4.09% 23-May-2030,0.20,2026-09-17
DCBC,,Dream Industrial REIT 5.38% 22-Mar-2028,0.20,2026-09-17
DCBC,,NATIONAL BANK OF CANADA 3.64 % 13-04-2030,0.20,2026-09-17
DCBC,,iA Financial Corp Inc 5.69% 20-Jun-2033,0.20,2026-09-17
DCBC,,Federation Csses Desjardins Qc 3.80% 24-Sep-2029,0.19,2026-09-17
DCBC,,Bank of Montreal 6.03% 07-Sep-2028,0.19,2026-09-17
DCBC,,Royal Bank of Canada 4.83% 08-Aug-2029,0.19,2026-09-17
DCBC,,Enbridge Inc 4.90% 26-Apr-2028,0.19,2026-09-17
DCBC,,BANK OF NOVA SCOTIA 4.09 % 01-05-2034,0.19,2026-09-17
DCBC,,NATIONAL BANK OF CANADA 3.54 % 13-01-2031,0.19,2026-09-17
DCBC,,McDonald's Corp 4.86% 21-Mar-2031,0.19,2026-09-17
DCBC,,National Bank of Canada 3.52% 17-Jul-2028,0.19,2026-09-17
DCBC,,Bank of Montreal 4.08% 05-Mar-2030,0.19,2026-09-17
DCBC,,Federation Csses Desjardins Qc 4.26% 24-Jan-2030,0.19,2026-09-17
DCBC,,Telus Corp 5.25% 15-Aug-2032,0.18,2026-09-17
DCBC,,Royal Bank of Canada 4.21% 03-Jul-2030,0.18,2026-09-17
DCBC,,Transcanada Pipelines Ltd 4.58% 20-Nov-2034,0.18,2026-09-17
DCBC,,AIMCO REALTY INVESTORS 4.40 % 22-03-2031,0.18,2026-09-17
DCBC,,Canadian Imperial Bank Commrce 5.30% 16-Jan-2034,0.18,2026-09-17
DCBC,,Telus Corp 5.75% 08-Jun-2033,0.18,2026-09-17
DCBC,,Rogers Communications Inc 5.90% 21-Sep-2033,0.18,2026-09-17
DCBC,,Bank of Montreal 4.98% 03-Jul-2029,0.18,2026-09-17
DCBC,,Bell Canada 5.15% 24-May-2034,0.18,2026-09-17
DCBC,,Fairfax Financial Holdings Ltd 3.95% 03-Dec-2030,0.18,2026-09-17
DCBC,,Hydro One Inc 4.25% 04-Oct-2034,0.18,2026-09-17
DCBC,,PROLOGIS LP 4.25 % 15-05-2034,0.17,2026-09-17
DCBC,,Sun Life Financial Inc 2.80% 21-Nov-2028,0.17,2026-09-17
DCBC,,Bell Canada 4.55% 09-Dec-2029,0.17,2026-09-17
DCBC,,Rogers Communications Inc 5.70% 21-Sep-2028,0.17,2026-09-17
DCBC,,Rogers Communications Inc 4.25% 15-Jan-2032,0.17,2026-09-17
DCBC,,SUN LIFE FINANCIAL INC 4.56 % 03-12-2040,0.17,2026-09-17
DCBC,,Cenovus Energy Inc 3.50% 07-Feb-2028,0.17,2026-09-17
DCBC,,Manulife Financial Corp 5.05% 23-Feb-2029,0.17,2026-09-17
DCBC,,Bank of Nova Scotia 4.95% 01-Aug-2029,0.17,2026-09-17
DCBC,,NextEra Energy Capital Hdg Inc 4.85% 28-Feb-2031,0.17,2026-09-17
DCBC,,Canadian Imperial Bank Commrce 5.33% 20-Jan-2028,0.16,2026-09-17
DCBC,,Pembina Pipeline Corp 5.22% 28-Jun-2033,0.16,2026-09-17
DCBC,,BELL CANADA 4.70 % 15-11-2036,0.16,2026-09-17
DCBC,,Inter Pipeline Ltd 5.76% 17-Feb-2028,0.16,2026-09-17
DCBC,,PROJET REM SEC 4.79 % 22-06-2056,0.16,2026-09-17
DCBC,,Transcanada Pipelines Ltd 4.18% 03-Jan-2048,0.16,2026-09-17
DCBC,,Bruce Power LP 2.68% 21-Oct-2028,0.16,2026-09-17
DCBC,,Royal Bank of Canada 4.46% 17-Oct-2034,0.16,2026-09-17
DCBC,,FED CAISSES DESJARDINS 3.86 % 03-03-2036,0.16,2026-09-17
DCBC,,IBM CORP 4.75 % 15-08-2034,0.16,2026-09-17
DCBC,,Toronto-Dominion Bank 4.23% 01-Feb-2030,0.16,2026-09-17
DCBC,,Telus Corp 3.30% 02-Feb-2029,0.16,2026-09-17
DCBC,,NATIONAL BANK OF CANADA 3.44 % 21-10-2031,0.16,2026-09-17
DCBC,,Original Wempi Inc 7.79% 04-Oct-2027,0.16,2026-09-17
DCBC,,CU Inc 4.09% 02-Mar-2044,0.15,2026-09-17
DCBC,,Rogers Communications Inc 5.25% 15-Oct-2051,0.15,2026-09-17
DCBC,,AT+T INC 5.25 % 12-03-2056,0.15,2026-09-17
DCBC,,North West Redwater Partnershp 2.80% 01-Mar-2031,0.15,2026-09-17
DCBC,,Sun Life Financial Inc 4.78% 10-Aug-2029,0.15,2026-09-17
DCBC,,Sun Life Financial Inc 5.12% 15-May-2031,0.15,2026-09-17
DCBC,,Bell Canada 4.75% 29-Mar-2044,0.15,2026-09-17
DCBC,,Brookfield Renewable Ptnrs ULC 4.25% 15-Oct-2028,0.15,2026-09-17
DCBC,,Toronto-Dominion Bank 4.42% 31-Oct-2034,0.15,2026-09-17
DCBC,,TORONTO DOMINION BANK 4.21 % 16-06-2036,0.15,2026-09-17
DCBC,,Royal Bank of Canada 1.83% 31-Jul-2028,0.15,2026-09-17
DCBC,,Enbridge Inc 3.90% 25-Jan-2030,0.15,2026-09-17
DCBC,,Coastal Gaslink Pipeline LP 5.40% 30-Sep-2036,0.15,2026-09-17
DCBC,,Rogers Communications Inc 6.11% 25-Feb-2040,0.15,2026-09-17
DCBC,,New York Life Global Funding 4.00% 17-Jun-2032,0.15,2026-09-17
DCBC,,Hydro One Inc 4.85% 30-May-2054,0.15,2026-09-17
DCBC,,Canadian Imperial Bank Commrce 4.90% 12-Jun-2029,0.15,2026-09-17
DCBC,,BELL CANADA 4.40 % 30-03-2033,0.15,2026-09-17
DCBC,,HEATHROW FUNDING LTD 4.65 % 14-04-2037,0.14,2026-09-17
DCBC,,National Bank of Canada 4.33% 15-Aug-2030,0.14,2026-09-17
DCBC,,BROOKFIELD FIN II INC 5.40 % 11-12-2055,0.14,2026-09-17
DCBC,,Toronto-Dominion Bank 4.23% 02-Apr-2029,0.14,2026-09-17
DCBC,,Enbridge Inc 2.99% 03-Jul-2029,0.14,2026-09-17
DCBC,,Telus Corp 4.85% 05-Oct-2043,0.14,2026-09-17
DCBC,,Sun Life Financial Inc 4.14% 13-Sep-2032,0.14,2026-09-17
DCBC,,Pembina Pipeline Corp 4.75% 26-Mar-2048,0.14,2026-09-17
DCBC,,TRANSCANADA PIPELINES 5.13 % 19-11-2055,0.14,2026-09-17
DCBC,,Transcanada Pipelines Ltd 5.33% 12-Feb-2032,0.14,2026-09-17
DCBC,,Choice Properties REIT 3.53% 11-Jun-2029,0.14,2026-09-17
DCBC,,Transcanada Pipelines Ltd 4.34% 15-Apr-2049,0.14,2026-09-17
DCBC,,ENBRIDGE INC 4.35 % 26-02-2036,0.14,2026-09-17
DCBC,,Coastal Gaslink Pipeline LP 5.61% 30-Jun-2044,0.14,2026-09-17
DCBC,,F3 FIBRE CAPITAL 4.37 % 13-08-2031,0.14,2026-09-17
DCBC,,John Deere Financial Inc 5.17% 15-Sep-2028,0.14,2026-09-17
DCBC,,MET LIFE GLOB FUNDING I 4.00 % 12-01-2033,0.14,2026-09-17
DCBC,,Ventas Canada Finance Ltd 5.10% 05-Mar-2029,0.14,2026-09-17
DCBC,,Telus Corp 5.00% 13-Jul-2029,0.14,2026-09-17
DCBC,,Manulife Financial Corp 4.06% 06-Dec-2029,0.14,2026-09-17
DCBC,,Bell Canada 5.60% 11-Feb-2053,0.14,2026-09-17
DCBC,,Ontario Power Generation Inc 4.83% 28-Mar-2034,0.14,2026-09-17
DCBC,,Inter Pipeline Ltd 6.59% 09-Feb-2034,0.14,2026-09-17
DCBC,,Inter Pipeline Ltd 5.71% 29-May-2030,0.14,2026-09-17
DCBC,,Hydro One Inc 4.91% 27-Dec-2027,0.14,2026-09-17
DCBC,,Pembina Pipeline Corp 5.67% 12-Jan-2054,0.13,2026-09-17
DCBC,,Ontario Power Generation Inc 3.22% 08-Jan-2030,0.13,2026-09-17
DCBC,,Mondelez International Inc 4.63% 03-May-2031,0.13,2026-09-17
DCBC,,CHUBB INA HOLDINGS LLC 3.78 % 10-06-2031,0.13,2026-09-17
DCBC,,Federation Csses Desjardins Qc 4.12% 25-Aug-2032,0.13,2026-09-17
DCBC,,North West Redwater Partnershp 4.05% 22-Jan-2044,0.13,2026-09-17
DCBC,,Metropolitan Life Globl Fndg I 4.15% 06-Jun-2033,0.13,2026-09-17
DCBC,,Bell Canada 5.25% 15-Feb-2029,0.13,2026-09-17
DCBC,,BROOKFIELD RENEWABLE PAR 4.95 % 13-08-2036,0.13,2026-09-17
DCBC,,Transcanada Pipelines Ltd 4.33% 16-Mar-2047,0.13,2026-09-17
DCBC,,WELLTOWER OP LLC 3.85 % 15-08-2031,0.13,2026-09-17
DCBC,,Inter Pipeline Ltd 3.98% 25-Nov-2031,0.13,2026-09-17
DCBC,,Enbridge Inc 4.56% 25-Nov-2034,0.13,2026-09-17
DCBC,,Canadian National Railway Co 4.70% 10-Nov-2052,0.13,2026-09-17
DCBC,,FINNING INTL INC 4.23 % 12-08-2031,0.13,2026-09-17
DCBC,,BNP Paribas SA 4.49% 03-Sep-2030,0.13,2026-09-17
DCBC,,Dollarama Inc 3.85% 16-Dec-2030,0.13,2026-09-17
DCBC,,CENOVUS ENERGY INC 4.25 % 20-03-2033,0.13,2026-09-17
DCBC,,407 International Inc 5.96% 03-Dec-2035,0.13,2026-09-17
DCBC,,COREBRIDGE GLOB FUNDING 3.76 % 24-06-2030,0.13,2026-09-17
DCBC,,CREDIT AGRICOLE SA 4.03 % 15-07-2032,0.13,2026-09-17
DCBC,,Transcanada Pipelines Ltd 4.55% 15-Nov-2041,0.13,2026-09-17
DCBC,,MONTREAL INTL FUEL FACIL 3.71 % 10-04-2031,0.13,2026-09-17
DCBC,,Brookfield Infra Finance ULC 3.41% 09-Jul-2029,0.13,2026-09-17
DCBC,,North West Redwater Partnershp 4.85% 01-Jun-2034,0.13,2026-09-17
DCBC,,North West Redwater Partnershp 3.65% 01-Dec-2034,0.13,2026-09-17
DCBC,,MCDONALD S CORP 4.11 % 21-08-2032,0.12,2026-09-17
DCBC,,Coastal Gaslink Pipeline LP 4.91% 30-Jun-2031,0.12,2026-09-17
DCBC,,PACIFIC LIFE GF II 3.92 % 24-01-2033,0.12,2026-09-17
DCBC,,Alimentation Couche Tard Inc 5.59% 25-Sep-2030,0.12,2026-09-17
DCBC,,FORTIS INC 5.10 % 04-12-2055,0.12,2026-09-17
DCBC,,Manulife Finance LP 5.06% 15-Dec-2036,0.12,2026-09-17
DCBC,,BROOKFIELD INFRA FIN ULC,0.12,2026-09-17
DCBC,,DEFINITY FINANCIAL CORP 3.71 % 12-09-2030,0.12,2026-09-17
DCBC,,Keyera Corp 4.20% 15-Apr-2033,0.12,2026-09-17
DCBC,,Telus Corp 5.15% 26-May-2043,0.12,2026-09-17
DCBC,,PROLOGIS LP 3.60 % 15-02-2032,0.12,2026-09-17
DCBC,,Prologis LP 4.20% 15-Nov-2032,0.12,2026-09-17
DCBC,,SUN LIFE FINANCIAL INC 4.21 % 22-06-2038,0.12,2026-09-17
DCBC,,Rogers Communications Inc 3.25% 01-Feb-2029,0.12,2026-09-17
DCBC,,Coastal Gaslink Pipeline LP 5.54% 30-Jun-2039,0.12,2026-09-17
DCBC,,Massmutual Global Funding II 4.13% 10-Jul-2026,0.12,2026-09-17
DCBC,,KEYERA CORP 5.31 % 15-10-2055,0.12,2026-09-17
DCBC,,Canadian Natural Resources Ltd 2.50% 17-Nov-2027,0.12,2026-09-17
DCBC,,Manulife Financial Corp 2.82% 13-May-2030,0.12,2026-09-17
DCBC,,AIMCo Realty Investors LP 2.71% 01-Jun-2029,0.12,2026-09-17
DCBC,,RioCan REIT 4.62% 03-Oct-2031,0.12,2026-09-17
DCBC,,Telus Corp 2.85% 13-Aug-2031,0.12,2026-09-17
DCBC,,CANADIAN NATL RESOURCES 3.30 % 08-12-2028,0.12,2026-09-17
DCBC,,Fortis Inc 4.09% 26-Jan-2032,0.12,2026-09-17
DCBC,,GM FINANCIAL CAD 3.80 % 07-11-2030,0.12,2026-09-17
DCBC,,SAGEN MI CANADA INC 4.95 % 22-09-2033,0.12,2026-09-17
DCBC,,Canadian National Railway Co 4.60% 02-Apr-2029,0.12,2026-09-17
DCBC,,IA FINANCIAL CORP INC 4.16 % 26-05-2036,0.12,2026-09-17
DCBC,,GLENCORE FINANCE CANADA 4.05 % 10-10-2032,0.12,2026-09-17
DCBC,,Hydro One Inc 5.36% 20-May-2036,0.12,2026-09-17
DCBC,,TRANSCANADA PIPELINES 5.36 % 24-06-2056,0.12,2026-09-17
DCBC,,John Deere Financial Inc 4.38% 11-Jul-2028,0.12,2026-09-17
DCBC,,Greater Toronto Airports Auth 5.63% 07-Jun-2040,0.12,2026-09-17
DCBC,,BRUCE POWER LP 4.41 % 21-12-2035,0.12,2026-09-17
DCBC,,BRUCE POWER LP 4.81 % 21-06-2036,0.11,2026-09-17
DCBC,,HYUNDAI CAPITAL CANADA 3.85 % 26-10-2029,0.11,2026-09-17
DCBC,,Bell Canada 5.15% 14-Oct-2028,0.11,2026-09-17
DCBC,,Manulife Bank of Canada 4.55% 08-Mar-2029,0.11,2026-09-17
DCBC,,BELL CANADA 5.30 % 03-06-2056,0.11,2026-09-17
DCBC,,Canadian National Railway Co 5.10% 02-Nov-2053,0.11,2026-09-17
DCBC,,Enbridge Gas Inc 2.90% 01-Apr-2030,0.11,2026-09-17
DCBC,,Coastal Gaslink Pipeline LP 5.61% 30-Mar-2047,0.11,2026-09-17
DCBC,,Bruce Power LP 4.13% 21-Mar-2033,0.11,2026-09-17
DCBC,,SUNCOR ENERGY INC 3.55 % 14-11-2030,0.11,2026-09-17
DCBC,,ENBRIDGE INC 3.57 % 26-02-2031,0.11,2026-09-17
DCBC,,Enbridge Inc 4.73% 22-May-2034,0.11,2026-09-17
DCBC,,Intact Financial Corp 2.18% 18-Mar-2028,0.11,2026-09-17
DCBC,,ENBRIDGE GAS INC 4.65 % 19-08-2036,0.11,2026-09-17
DCBC,,WSP Global Inc 4.12% 12-Sep-2029,0.11,2026-09-17
DCBC,,Telus Corp 4.80% 15-Dec-2028,0.11,2026-09-17
DCBC,,Magna International Inc 4.80% 30-Apr-2029,0.11,2026-09-17
DCBC,,General Motors Fncl Canada Ltd 5.00% 09-Jan-2029,0.11,2026-09-17
DCBC,,Pembina Pipeline Corp 4.54% 03-Apr-2049,0.11,2026-09-17
DCBC,,Fortis Inc 4.43% 31-Mar-2029,0.11,2026-09-17
DCBC,,Ventas Canada Finance Ltd 5.40% 21-Mar-2028,0.11,2026-09-17
DCBC,,Ontario Power Generation Inc 2.95% 21-Aug-2050,0.11,2026-09-17
DCBC,,SUNCOR ENERGY INC 2.95 % 14-11-2027,0.11,2026-09-17
DCBC,,Bruce Power LP 4.27% 21-Sep-2034,0.11,2026-09-17
DCBC,,Manulife Financial Corp 3.98% 23-May-2030,0.11,2026-09-17
DCBC,,Enbridge Inc 5.76% 26-Nov-2052,0.11,2026-09-17
DCBC,,Sun Life Financial Inc 5.40% 29-May-2037,0.11,2026-09-17
DCBC,,North West Redwater Partnershp 4.35% 10-Jul-2038,0.11,2026-09-17
DCBC,,EQUINIX CANADA FIN 4.00 % 15-11-2032,0.11,2026-09-17
DCBC,,KEYERA CORP 3.70 % 15-10-2030,0.11,2026-09-17
DCBC,,Hydro One Inc 6.93% 01-Jun-2032,0.11,2026-09-17
DCBC,,MERCEDES BENZ CA FIN INC 3.75 % 23-06-2031,0.11,2026-09-17
DCBC,,PS CANADA FINANCE ULC 4.54 % 16-09-2033,0.11,2026-09-17
DCBC,,Enbridge Inc 4.21% 22-Jan-2030,0.11,2026-09-17
DCBC,,Pembina Pipeline Corp 5.02% 12-Jan-2032,0.11,2026-09-17
DCBC,,North West Redwater Partnershp 4.25% 01-Mar-2029,0.11,2026-09-17
DCBC,,FAIRFAX FINL HLDGS LTD 4.40 % 27-02-2036,0.11,2026-09-17
DCBC,,Pembina Pipeline Corp 3.53% 10-Dec-2031,0.11,2026-09-17
DCBC,,Choice Properties REIT 4.18% 08-Mar-2028,0.11,2026-09-17
DCBC,,WASTE MANAGEMENT OF CANA 3.94 % 15-07-2033,0.10,2026-09-17
DCBC,,MANULIFE BANK OF CANADA 3.95 % 20-05-2031,0.10,2026-09-17
DCBC,,CENOVUS ENERGY INC 4.60 % 20-11-2035,0.10,2026-09-17
DCBC,,Teranet Holdings LP 3.72% 23-Feb-2029,0.10,2026-09-17
DCBC,,Enbridge Inc 4.24% 27-Aug-2042,0.10,2026-09-17
DCBC,,Choice Properties REIT 6.00% 24-Jun-2032,0.10,2026-09-17
DCBC,,Pembina Pipeline Corp 4.81% 25-Mar-2044,0.10,2026-09-17
DCBC,,CI Financial Corp 4.75% 03-Apr-2028,0.10,2026-09-17
DCBC,,Loblaw Cos Ltd 5.34% 13-Sep-2052,0.10,2026-09-17
DCBC,,Sun Life Financial Inc 3.15% 18-Nov-2031,0.10,2026-09-17
DCBC,,Transcanada Pipelines Ltd 3.00% 18-Jun-2029,0.10,2026-09-17
DCBC,,MOLSON COORS INTL LP 4.30 % 08-07-2033,0.10,2026-09-17
DCBC,,FAIRSTONE BANK OF CANADA 4.31 % 10-09-2029,0.10,2026-09-17
DCBC,,ATHENE GLOBAL FUNDING 4.70 % 17-09-2030,0.10,2026-09-17
DCBC,,Air Lease Corp 5.40% 29-Jun-2025,0.10,2026-09-17
DCBC,,Pembina Pipeline Corp 3.31% 01-Feb-2030,0.10,2026-09-17
DCBC,,EQUINIX CANADA FIN 4.75 % 15-05-2035,0.10,2026-09-17
DCBC,,HYUNDAI CAPITAL CANADA 4.16 % 26-08-2031,0.10,2026-09-17
DCBC,,Canadian Natural Resources Ltd 4.15% 15-Dec-2031,0.10,2026-09-17
DCBC,,ALIMENTATION COUCHE TARD 3.86 % 26-09-2032,0.10,2026-09-17
DCBC,,HYUNDAI CAPITAL CANADA 3.58 % 14-01-2030,0.10,2026-09-17
DCBC,,PROJET REM SEC 3.80 % 22-06-2033,0.10,2026-09-17
DCBC,,First Capital Realty Inc 5.46% 12-Jun-2032,0.10,2026-09-17
DCBC,,Emera Inc 4.84% 02-Mar-2030,0.10,2026-09-17
DCBC,,407 International Inc 4.45% 14-Aug-2031,0.10,2026-09-17
DCBC,,Altagas Ltd 2.08% 30-Mar-2028,0.10,2026-09-17
DCBC,,Pembina Pipeline Corp 4.02% 27-Mar-2028,0.10,2026-09-17
DCBC,,Hydro One Inc 4.39% 01-Dec-2033,0.10,2026-09-17
DCBC,,Sun Life Financial Inc 2.06% 01-Oct-2030,0.10,2026-09-17
DCBC,,Bruce Power LP 4.00% 21-Mar-2030,0.10,2026-09-17
DCBC,,Hydro Ottawa Capital Corp 4.37% 30-Jan-2035,0.10,2026-09-17
DCBC,,Telus Corp 4.95% 18-Feb-2031,0.10,2026-09-17
DCBC,,CU Inc 3.81% 10-Sep-2042,0.10,2026-09-17
DCBC,,PROJET REM SEC 4.15 % 22-06-2036,0.10,2026-09-17
DCBC,,RioCan REIT 5.47% 01-Mar-2030,0.10,2026-09-17
DCBC,,CANADIAN NATL RESOURCES 4.55 % 08-02-2036,0.10,2026-09-17
DCBC,,South Bow Cdn Infra Hldgs Ltd 4.93% 01-Nov-2034,0.10,2026-09-17
DCBC,,Reliance LP 4.39% 16-Apr-2032,0.10,2026-09-17
DCBC,,Dollarama Inc 5.53% 26-Sep-2028,0.10,2026-09-17
DCBC,,WSP GLOBAL INC 4.00 % 22-01-2032,0.10,2026-09-17
DCBC,,Greater Toronto Airports Auth 2.75% 17-Oct-2039,0.10,2026-09-17
DCBC,,ENBRIDGE INC 4.33 % 22-02-2049,0.10,2026-09-17
DCBC,,HONDA CANADA FINANCE INC 3.54 % 23-09-2030,0.10,2026-09-17
DCBC,,Hydro One Inc 6.03% 03-Mar-2039,0.10,2026-09-17
DCBC,,TriSummit Utilities Inc 4.26% 05-Sep-2028,0.10,2026-09-17
DCBC,,Hydro One Inc 3.63% 25-Dec-2048,0.10,2026-09-17
DCBC,,Saputo Inc 5.49% 20-Sep-2030,0.10,2026-09-17
DCBC,,North West Redwater Partnershp 3.75% 01-Dec-2050,0.10,2026-09-17
DCBC,,Choice Properties REIT 2.98% 04-Mar-2030,0.10,2026-09-17
DCBC,,ENBRIDGE INC 3.52 % 22-02-2029,0.10,2026-09-17
DCBC,,COREBRIDGE GLOB FUNDING 3.84 % 15-01-2031,0.10,2026-09-17
DCBC,,Transcanada Pipelines Ltd 4.35% 06-Dec-2045,0.10,2026-09-17
DCBC,,Capital Power Corp 4.83% 16-Jul-2031,0.10,2026-09-17
DCBC,,Hydro One Inc 4.46% 27-Jul-2052,0.10,2026-09-17
DCBC,,Electricite de France SA 4.57% 06-Feb-2035,0.10,2026-09-17
DCBC,,VIDEOTRON LTD 3.95 % 15-10-2032,0.10,2026-09-17
DCBC,,LE Carrefour Laval Rec Inc 4.20% 16-May-2030,0.10,2026-09-17
DCBC,,Coastal Gaslink Pipeline LP 4.69% 30-Sep-2029,0.10,2026-09-17
DCBC,,MASSMUTUAL GLOBAL FUNDIN 4.50 % 01-09-2033,0.10,2026-09-17
DCBC,,Reliance LP 5.25% 15-May-2031,0.10,2026-09-17
DCBC,,Enbridge Inc 6.51% 09-May-2052,0.10,2026-09-17
DCBC,,Hydro One Inc 4.89% 13-Mar-2037,0.10,2026-09-17
DCBC,,EQUINIX CANADA FIN 3.95 % 15-05-2030,0.10,2026-09-17
DCBC,,CNH INDUSTRIAL CAPITAL 3.80 % 22-01-2030,0.09,2026-09-17
DCBC,,Electricite de France SA 5.99% 23-Mar-2030,0.09,2026-09-17
DCBC,,Honda Canada Finance Inc 4.90% 04-Jun-2029,0.09,2026-09-17
DCBC,,Transcanada Pipelines Ltd 3.39% 15-Dec-2027,0.09,2026-09-17
DCBC,,CROMBIE REAL ESTATE INV 4.52 % 06-07-2033,0.09,2026-09-17
DCBC,,Toyota Credit Canada Inc 3.74% 21-May-2030,0.09,2026-09-17
DCBC,,Fairfax Financial Holdings Ltd 4.25% 06-Sep-2027,0.09,2026-09-17
DCBC,,Canadian Tire Corp Ltd 5.37% 16-Sep-2030,0.09,2026-09-17
DCBC,,Rogers Communications Inc 6.68% 04-Nov-2039,0.09,2026-09-17
DCBC,,Altalink LP 5.46% 11-Oct-2055,0.09,2026-09-17
DCBC,,Greater Toronto Airports Auth 5.30% 25-Feb-2041,0.09,2026-09-17
DCBC,,407 International Inc 3.65% 08-Sep-2044,0.09,2026-09-17
DCBC,,BELL CANADA 4.70 % 14-03-2036,0.09,2026-09-17
DCBC,,Telus Corp 3.63% 01-Dec-2027,0.09,2026-09-17
DCBC,,Brookfield Renewable Ptnrs ULC 4.54% 12-Jul-2035,0.09,2026-09-17
DCBC,,CGI Inc 2.10% 18-Jul-2028,0.09,2026-09-17
DCBC,,Honda Canada Finance Inc 3.87% 22-May-2030,0.09,2026-09-17
DCBC,,Altagas Ltd 5.60% 14-Sep-2053,0.09,2026-09-17
DCBC,,WSP Global Inc 5.55% 22-Nov-2030,0.09,2026-09-17
DCBC,,John Deere Financial Inc 4.63% 04-Apr-2029,0.09,2026-09-17
DCBC,,Enbridge Gas Inc 3.65% 01-Apr-2050,0.09,2026-09-17
DCBC,,WELLTOWER OP LLC 4.15 % 15-08-2033,0.09,2026-09-17
DCBC,,Rogers Communications Inc 6.56% 21-Sep-2040,0.09,2026-09-17
DCBC,,CU Inc 2.96% 07-Mar-2049,0.09,2026-09-17
DCBC,,Inter Pipeline Ltd 5.85% 18-May-2032,0.09,2026-09-17
DCBC,,Choice Properties REIT 5.03% 28-Feb-2031,0.09,2026-09-17
DCBC,,ONCOR ELECTRIC DELIVERY 4.20 % 01-10-2035,0.09,2026-09-17
DCBC,,ENBRIDGE GAS INC 4.16 % 12-09-2035,0.09,2026-09-17
DCBC,,Altalink LP 3.99% 30-Jun-2042,0.09,2026-09-17
DCBC,,Bruce Power LP 4.75% 21-Dec-2048,0.09,2026-09-17
DCBC,,407 International Inc 2.59% 25-May-2032,0.09,2026-09-17
DCBC,,Honda Canada Finance Inc 1.65% 25-Feb-2028,0.09,2026-09-17
DCBC,,Canadian Pacific Railway Co 4.40% 13-Oct-2035,0.09,2026-09-17
DCBC,,Enbridge Gas Inc 6.05% 02-Sep-2038,0.09,2026-09-17
DCBC,,Enbridge Gas Inc 4.20% 02-Jun-2044,0.09,2026-09-17
DCBC,,Brookfield Renewable Ptnrs ULC 5.88% 09-Aug-2032,0.09,2026-09-17
DCBC,,GLENCORE FUNDING LLC 4.00 % 28-07-2031,0.09,2026-09-17
DCBC,,Fortis Inc 4.17% 09-Sep-2031,0.09,2026-09-17
DCBC,,Enbridge Inc 7.20% 18-Jun-2032,0.09,2026-09-17
DCBC,,Toyota Credit Canada Inc 3.36% 23-May-2028,0.09,2026-09-17
DCBC,,Great-West Lifeco Inc 3.34% 28-Nov-2027,0.09,2026-09-17
DCBC,,North West Redwater Partnershp 4.75% 01-Dec-2036,0.09,2026-09-17
DCBC,,Inter Pipeline Ltd 4.64% 30-Nov-2043,0.09,2026-09-17
DCBC,,Greater Toronto Airports Auth 6.47% 02-Feb-2034,0.09,2026-09-17
DCBC,,National Bank of Canada 5.28% 15-Feb-2029,0.09,2026-09-17
DCBC,,GM FINANCIAL CAD 3.75 % 20-02-2031,0.09,2026-09-17
DCBC,,Altalink LP 4.46% 08-Nov-2041,0.09,2026-09-17
DCBC,,Cogeco Communications Inc 2.99% 22-Sep-2031,0.09,2026-09-17
DCBC,,CU Inc 4.72% 09-Mar-2043,0.09,2026-09-17
DCBC,,Rogers Communications Inc 4.40% 02-Aug-2028,0.09,2026-09-17
DCBC,,Gibson Energy Inc 3.60% 17-Sep-2029,0.09,2026-09-17
DCBC,,WHITECAP RESOURCES INC 3.76 % 19-06-2028,0.09,2026-09-17
DCBC,,North West Redwater Partnershp 5.08% 01-Jun-2054,0.09,2026-09-17
DCBC,,Canadian National Railway Co 3.50% 10-May-2030,0.09,2026-09-17
DCBC,,Hyundai Capital Canada Inc 5.57% 08-Feb-2028,0.09,2026-09-17
DCBC,,SOBEYS INC 3.10 % 30-10-2028,0.09,2026-09-17
DCBC,,Pembina Pipeline Corp 3.62% 03-Apr-2029,0.09,2026-09-17
DCBC,,NextEra Energy Capital Hdg Inc 3.83% 12-May-2030,0.09,2026-09-17
DCBC,,RioCan REIT 2.83% 08-Nov-2028,0.09,2026-09-17
DCBC,,Videotron Ltd 5.00% 15-Apr-2034,0.09,2026-09-17
DCBC,,Enbridge Gas Inc 5.70% 06-Oct-2033,0.09,2026-09-17
DCBC,,Hydro One Inc 5.49% 16-Jul-2040,0.09,2026-09-17
DCBC,,Coastal Gaslink Pipeline LP 5.19% 30-Sep-2034,0.09,2026-09-17
DCBC,,Canadian National Railway Co 4.15% 10-Mar-2030,0.09,2026-09-17
DCBC,,Greater Toronto Airports Auth 1.54% 03-Mar-2028,0.09,2026-09-17
DCBC,,TRANSCANADA PIPELINES 4.61 % 24-06-2036,0.08,2026-09-17
DCBC,,Montreal Airports 5.67% 16-Oct-2037,0.08,2026-09-17
DCBC,,FIRST NATIONAL FINANCIAL 5.44 % 25-10-2032,0.08,2026-09-17
DCBC,,ATHENE GLOBAL FUNDING 4.61 % 19-09-2035,0.08,2026-09-17
DCBC,,ALLIED PROPERTIES REIT 4.67 % 25-09-2031,0.08,2026-09-17
DCBC,,Videotron Ltd 4.65% 15-Jun-2029,0.08,2026-09-17
DCBC,,Brookfield Infra Finance ULC 2.86% 01-Jun-2032,0.08,2026-09-17
DCBC,,Royal Bank of Canada 1.67% 28-Jan-2028,0.08,2026-09-17
DCBC,,KEYERA CORP 4.57 % 15-10-2035,0.08,2026-09-17
DCBC,,First Capital Realty Inc 5.57% 01-Mar-2031,0.08,2026-09-17
DCBC,,ENBRIDGE GAS INC 5.35 % 19-08-2056,0.08,2026-09-17
DCBC,,Cameco Corp 4.94% 24-May-2031,0.08,2026-09-17
DCBC,,Manulife Bank of Canada 3.99% 22-Feb-2028,0.08,2026-09-17
DCBC,,Capital Power Corp 5.82% 15-Aug-2028,0.08,2026-09-17
DCBC,,KEYERA CORP 4.64 % 15-07-2036,0.08,2026-09-17
DCBC,,Ontario Power Generation Inc 4.99% 28-Dec-2053,0.08,2026-09-17
DCBC,,KEYERA CORP 3.94 % 15-07-2031,0.08,2026-09-17
DCBC,,407 International Inc 4.22% 14-Feb-2028,0.08,2026-09-17
DCBC,,Equitable Bank 3.74% 05-May-2028,0.08,2026-09-17
DCBC,,Telus Corp 4.95% 28-Dec-2032,0.08,2026-09-17
DCBC,,Bell Canada 6.10% 16-Mar-2035,0.08,2026-09-17
DCBC,,HEATHROW FUNDING LTD 4.90 % 06-08-2037,0.08,2026-09-17
DCBC,,Great-West Lifeco Inc 2.98% 08-Jan-2050,0.08,2026-09-17
DCBC,,Enmax Corp 3.77% 06-Jun-2030,0.08,2026-09-17
DCBC,,Fortis Inc 2.18% 15-Mar-2028,0.08,2026-09-17
DCBC,,Loblaw Cos Ltd 5.01% 13-Sep-2032,0.08,2026-09-17
DCBC,,Saputo Inc 5.25% 29-Sep-2029,0.08,2026-09-17
DCBC,,BROOKFIELD RENEWABLE PAR 5.20 % 15-01-2056,0.08,2026-09-17
DCBC,,Federation Csses Desjardins Qc 5.48% 16-Aug-2028,0.08,2026-09-17
DCBC,,Cogeco Communications Inc 5.30% 16-Feb-2033,0.08,2026-09-17
DCBC,,LOBLAW COS LTD 4.39 % 16-06-2035,0.08,2026-09-17
DCBC,,Laurentian Bank of Canada 4.19% 23-Jan-2028,0.08,2026-09-17
DCBC,,Brookfield Corp 5.95% 14-Jun-2035,0.08,2026-09-17
DCBC,,Altagas Ltd 4.67% 08-Dec-2028,0.08,2026-09-17
DCBC,,MANULIFE BANK OF CANADA 3.83 % 10-09-2029,0.08,2026-09-17
DCBC,,Bruce Power LP 4.70% 21-Jun-2031,0.08,2026-09-17
DCBC,,Magna International Inc 4.95% 31-Oct-2030,0.08,2026-09-17
DCBC,,Fairfax Financial Holdings Ltd 4.73% 22-Aug-2034,0.08,2026-09-17
DCBC,,AIMCo Realty Investors LP 3.04% 01-Jun-2028,0.08,2026-09-17
DCBC,,Bell Canada 2.20% 29-Mar-2028,0.08,2026-09-17
DCBC,,407 International Inc 3.72% 11-May-2048,0.08,2026-09-17
DCBC,,Telus Corp 3.15% 19-Nov-2029,0.08,2026-09-17
DCBC,,Metro Inc 4.00% 27-Nov-2029,0.08,2026-09-17
DCBC,,Toromont Industries Ltd 3.76% 28-Mar-2030,0.08,2026-09-17
DCBC,,Canadian National Railway Co 3.20% 30-Apr-2028,0.08,2026-09-17
DCBC,,407 International Inc 2.84% 07-Mar-2050,0.08,2026-09-17
DCBC,,Hydro One Inc 3.93% 30-Sep-2029,0.08,2026-09-17
DCBC,,GA GLOBAL FUNDING TRUST 4.86 % 22-07-2033,0.08,2026-09-17
DCBC,,Russel Metals Inc 4.42% 28-Mar-2030,0.08,2026-09-17
DCBC,,407 INTERNATIONAL INC 4.48 % 07-10-2036,0.08,2026-09-17
DCBC,,BELL CANADA 4.30 % 14-03-2033,0.08,2026-09-17
DCBC,,Brookfield Renewable Ptnrs ULC 5.32% 10-Jul-2053,0.08,2026-09-17
DCBC,,Canadian Imperial Bank Commrce 5.35% 20-Apr-2028,0.08,2026-09-17
DCBC,,INTER PIPELINE LTD 4.65 % 13-02-2036,0.08,2026-09-17
DCBC,,Loblaw Cos Ltd 6.05% 09-Jun-2034,0.08,2026-09-17
DCBC,,407 INTERNATIONAL INC 5.06 % 07-04-2056,0.08,2026-09-17
DCBC,,Dream Summit Industrial LP 4.17% 18-Sep-2030,0.08,2026-09-17
DCBC,,AVENUE LIVING 2014 LP 4.65 % 15-07-2029,0.08,2026-09-17
DCBC,,Metro Inc 4.66% 07-Feb-2033,0.08,2026-09-17
DCBC,,MANULIFE BANK OF CANADA 3.32 % 19-02-2030,0.08,2026-09-17
DCBC,,Dollarama Inc 5.17% 26-Apr-2030,0.08,2026-09-17
DCBC,,CU Inc 5.58% 26-May-2038,0.08,2026-09-17
DCBC,,IGM Financial Inc 5.43% 26-May-2053,0.08,2026-09-17
DCBC,,THOMSON REUTERS CORP 4.48 % 17-09-2031,0.08,2026-09-17
DCBC,,Greater Toronto Airports Auth 7.05% 12-Jun-2030,0.08,2026-09-17
DCBC,,THOMSON REUTERS CORP 4.13 % 17-09-2029,0.08,2026-09-17
DCBC,,TMX GROUP LTD 3.86 % 26-09-2028,0.08,2026-09-17
DCBC,,Allied Properties REIT 4.81% 24-Feb-2029,0.08,2026-09-17
DCBC,,Rogers Communications Inc 5.80% 21-Sep-2030,0.08,2026-09-17
DCBC,,Pembina Pipeline Corp 4.74% 21-Jan-2047,0.08,2026-09-17
DCBC,,Toyota Credit Canada Inc 4.44% 27-Jun-2029,0.08,2026-09-17
DCBC,,SMARTCENTRES REIT 3.60 % 12-06-2029,0.08,2026-09-17
DCBC,,Oxford Properties Group 4.39% 04-Jun-2032,0.08,2026-09-17
DCBC,,Hydro One Inc 7.35% 03-Jun-2030,0.08,2026-09-17
DCBC,,Crombie REIT 4.73% 15-Jan-2032,0.08,2026-09-17
DCBC,,TMX Group Ltd 4.97% 16-Feb-2034,0.08,2026-09-17
DCBC,,SmartCentres REIT 2.31% 18-Dec-2028,0.08,2026-09-17
DCBC,,Dollarama Inc 2.44% 09-Jul-2029,0.08,2026-09-17
DCBC,,FAIRSTONE BANK OF CANADA 3.62 % 23-02-2029,0.08,2026-09-17
DCBC,,WSP Global Inc 2.41% 19-Apr-2028,0.08,2026-09-17
DCBC,,MCAP COMMERCIAL LP 4.30 % 04-03-2031,0.08,2026-09-17
DCBC,,Chartwell Retirement Residencs 3.65% 06-May-2028,0.08,2026-09-17
DCBC,,Greater Toronto Airports Auth 6.98% 15-Oct-2032,0.07,2026-09-17
DCBC,,Primaris REIT 6.37% 30-Jun-2029,0.07,2026-09-17
DCBC,,Stantec Inc 5.39% 27-Jun-2030,0.07,2026-09-17
DCBC,,ENBRIDGE INC 4.55 % 29-09-2045,0.07,2026-09-17
DCBC,,407 International Inc 4.54% 09-Oct-2054,0.07,2026-09-17
DCBC,,Choice Properties REIT 5.40% 01-Mar-2033,0.07,2026-09-17
DCBC,,Telus Corp 5.65% 13-Mar-2052,0.07,2026-09-17
DCBC,,Enbridge Gas Inc 5.20% 23-Jul-2040,0.07,2026-09-17
DCBC,,Gildan Activewear Inc 4.15% 22-Nov-2030,0.07,2026-09-17
DCBC,,Granite REIT Holdings LP 6.07% 12-Apr-2029,0.07,2026-09-17
DCBC,,Pembina Pipeline Corp 5.21% 12-Jan-2034,0.07,2026-09-17
DCBC,,Granite REIT Holdings LP 2.19% 30-Aug-2028,0.07,2026-09-17
DCBC,,National Bank of Canada 1.82% 16-Oct-2027,0.07,2026-09-17
DCBC,,Canadian Pacific Railway Co 4.00% 13-Apr-2032,0.07,2026-09-17
DCBC,,Bank of Montreal 6.53% 27-Oct-2032,0.07,2026-09-17
DCBC,,CGI Inc 4.15% 05-Sep-2029,0.07,2026-09-17
DCBC,,407 International Inc 4.86% 31-Jul-2053,0.07,2026-09-17
DCBC,,GIBSON ENERGY INC 4.45 % 20-08-2032,0.07,2026-09-17
DCBC,,Hydro One Inc 4.16% 27-Oct-2032,0.07,2026-09-17
DCBC,,Sagen MI Canada Inc 3.26% 05-Mar-2031,0.07,2026-09-17
DCBC,,CHUBB INA HOLDINGS LLC 4.03 % 10-06-2033,0.07,2026-09-17
DCBC,,TOYOTA CREDIT CANADA INC 3.31 % 18-08-2028,0.07,2026-09-17
DCBC,,Prologis LP 4.70% 01-Feb-2029,0.07,2026-09-17
DCBC,,Nova Scotia Power Inc 6.95% 25-Aug-2033,0.07,2026-09-17
DCBC,,Greater Toronto Airports Auth 2.73% 03-Apr-2029,0.07,2026-09-17
DCBC,,MINI MALL STORG PRP TRST 4.28 % 01-12-2028,0.07,2026-09-17
DCBC,,Whitecap Resources Inc 4.97% 21-Jun-2029,0.07,2026-09-17
DCBC,,Enbridge Gas Inc 5.46% 06-Oct-2028,0.07,2026-09-17
DCBC,,Canadian National Railway Co 4.20% 10-Mar-2035,0.07,2026-09-17
DCBC,,Telus Corp 5.10% 15-Feb-2034,0.07,2026-09-17
DCBC,,WSP Global Inc 4.75% 12-Sep-2034,0.07,2026-09-17
DCBC,,Enbridge Inc 5.70% 10-Oct-2027,0.07,2026-09-17
DCBC,,RBC Canadian Core Real Est Fnd 4.48% 16-Oct-2029,0.07,2026-09-17
DCBC,,Greater Toronto Airports Auth 4.53% 02-Dec-2041,0.07,2026-09-17
DCBC,,Canadian National Railway Co 3.60% 08-Aug-2048,0.07,2026-09-17
DCBC,,Keyera Corp 5.02% 28-Mar-2032,0.07,2026-09-17
DCBC,,Honda Canada Finance Inc 5.73% 28-Sep-2028,0.07,2026-09-17
DCBC,,Ontario Power Generation Inc 4.32% 13-Dec-2034,0.07,2026-09-17
DCBC,,H&R REIT 5.46% 28-Feb-2029,0.07,2026-09-17
DCBC,,Ontario Power Generation Inc 2.98% 13-Jun-2029,0.07,2026-09-17
DCBC,,Metro Inc 5.97% 15-Oct-2035,0.07,2026-09-17
DCBC,,FAIRFAX FINL HLDGS LTD 5.10 % 16-08-2055,0.07,2026-09-17
DCBC,,WSP GLOBAL INC 4.59 % 22-01-2036,0.07,2026-09-17
DCBC,,Granite REIT Holdings LP 4.35% 04-Oct-2031,0.07,2026-09-17
DCBC,,Ontario Power Generation Inc 4.87% 13-Sep-2054,0.07,2026-09-17
DCBC,,BROOKFIELD FIN II INC 4.80 % 21-04-2036,0.07,2026-09-17
DCBC,,Electricite de France SA 5.78% 17-May-2054,0.07,2026-09-17
DCBC,,BC FERRY SERVICES INC 4.69 % 19-02-2056,0.07,2026-09-17
DCBC,,Suncor Energy Inc 3.95% 04-Sep-2050,0.07,2026-09-17
DCBC,,Brookfield Infra Finance ULC 5.98% 14-Nov-2032,0.07,2026-09-17
DCBC,,GIBSON ENERGY INC 4.45 % 09-01-2034,0.07,2026-09-17
DCBC,,General Motors Fncl Canada Ltd 5.10% 14-Jul-2028,0.07,2026-09-17
DCBC,,Loblaw Cos Ltd 2.28% 07-May-2030,0.07,2026-09-17
DCBC,,Toronto Hydro Corp 5.13% 12-Oct-2028,0.07,2026-09-17
DCBC,,Brookfield Infra Finance ULC 5.71% 27-May-2030,0.07,2026-09-17
DCBC,,General Motors Fncl Canada Ltd 5.20% 09-Jan-2028,0.07,2026-09-17
DCBC,,Manulife Bank of Canada 3.72% 15-May-2030,0.07,2026-09-17
DCBC,,BROOKFIELD RENEWABLE PAR 4.26 % 13-08-2031,0.07,2026-09-17
DCBC,,Hydro One Inc 3.91% 23-Aug-2045,0.07,2026-09-17
DCBC,,Great-West Lifeco Inc 6.67% 21-Mar-2033,0.07,2026-09-17
DCBC,,CU Inc 4.66% 11-Sep-2054,0.07,2026-09-17
DCBC,,Enbridge Gas Inc 2.35% 15-Sep-2031,0.07,2026-09-17
DCBC,,Toyota Credit Canada Inc 3.55% 04-Oct-2027,0.07,2026-09-17
DCBC,,Mercedes-Benz Fin Canada Inc 5.12% 27-Jun-2028,0.07,2026-09-17
DCBC,,Canadian Utilities Ltd 4.79% 16-Sep-2055,0.07,2026-09-17
DCBC,,Gildan Activewear Inc 4.36% 22-Nov-2029,0.07,2026-09-17
DCBC,,Brookfield Renewable Ptnrs ULC 3.33% 13-Aug-2050,0.07,2026-09-17
DCBC,,BELL CANADA 5.25 % 14-08-2055,0.07,2026-09-17
DCBC,,CT REIT 3.87% 07-Dec-2027,0.07,2026-09-17
DCBC,,Whitecap Resources Inc 5.50% 21-Jun-2034,0.07,2026-09-17
DCBC,,HYDRO ONE INC 4.80 % 21-11-2056,0.07,2026-09-17
DCBC,,Electricite de France SA 6.49% 23-Nov-2052,0.07,2026-09-17
DCBC,,COAST CAPITAL SV CRE UN 4.79 % 16-09-2031,0.07,2026-09-17
DCBC,,Waste Connections Inc 4.50% 14-May-2029,0.07,2026-09-17
DCBC,,Dream Summit Industrial LP 5.11% 12-Feb-2029,0.07,2026-09-17
DCBC,,North West Redwater Partnershp 4.15% 01-Dec-2032,0.07,2026-09-17
DCBC,,VW Credit Canada Inc 5.86% 15-Nov-2027,0.07,2026-09-17
DCBC,,Alectra Inc 4.31% 30-Oct-2034,0.07,2026-09-17
DCBC,,Enbridge Gas Inc 5.21% 25-Feb-2036,0.07,2026-09-17
DCBC,,Lower Mattagami Energy LP 2.43% 14-Feb-2031,0.07,2026-09-17
DCBC,,TOYOTA CREDIT CANADA INC 3.12 % 20-11-2028,0.07,2026-09-17
DCBC,,Whitecap Resources Inc 4.38% 01-Nov-2029,0.07,2026-09-17
DCBC,,Energir LP 4.67% 27-Sep-2032,0.07,2026-09-17
DCBC,,407 International Inc 3.60% 21-May-2047,0.07,2026-09-17
DCBC,,Inter Pipeline Ltd 6.38% 17-Feb-2033,0.07,2026-09-17
DCBC,,Ontario Power Generation Inc 4.92% 19-Apr-2032,0.07,2026-09-17
DCBC,,Greater Toronto Airports Auth 7.10% 04-Jun-2031,0.07,2026-09-17
DCBC,,Central 1 Credit Union 5.98% 10-Nov-2028,0.07,2026-09-17
DCBC,,Energir LP 4.83% 02-Jun-2053,0.07,2026-09-17
DCBC,,Oxford Properties Group 3.91% 04-Dec-2029,0.07,2026-09-17
DCBC,,Teranet Holdings LP 5.75% 17-Dec-2040,0.07,2026-09-17
DCBC,,SAPUTO INC 3.88 % 02-07-2030,0.07,2026-09-17
DCBC,,Toyota Credit Canada Inc 4.46% 19-Mar-2029,0.07,2026-09-17
DCBC,,British Columbia Frry Svcs Inc 5.58% 11-Jan-2038,0.07,2026-09-17
DCBC,,Toyota Credit Canada Inc 3.73% 02-Oct-2029,0.06,2026-09-17
DCBC,,ENBRIDGE INC 2.82 % 12-05-2031,0.06,2026-09-17
DCBC,,VW Credit Canada Inc 4.49% 19-Nov-2029,0.06,2026-09-17
DCBC,,Enbridge Gas Inc 4.55% 17-Aug-2052,0.06,2026-09-17
DCBC,,Intact Financial Corp 5.28% 14-Mar-2054,0.06,2026-09-17
DCBC,,Tourmaline Oil Corp 2.08% 25-Jan-2028,0.06,2026-09-17
DCBC,,Great-West Lifeco Inc 2.38% 14-Feb-2030,0.06,2026-09-17
DCBC,,Fortis Inc 5.68% 08-Nov-2033,0.06,2026-09-17
DCBC,,Enmax Corp 4.70% 09-Jul-2034,0.06,2026-09-17
DCBC,,CNH Industrial Cptl Canada Ltd 3.75% 05-May-2029,0.06,2026-09-17
DCBC,,South Bow Cdn Infra Hldgs Ltd 4.62% 01-Dec-2031,0.06,2026-09-17
DCBC,,VW CREDIT CANADA INC 4.33 % 25-08-2031,0.06,2026-09-17
DCBC,,FIRST CAP REAL ESTATE IN 4.76 % 15-02-2035,0.06,2026-09-17
DCBC,,CT REIT 4.29% 09-Jun-2030,0.06,2026-09-17
DCBC,,DOLLARAMA INC. 3.94 % 25-07-2031,0.06,2026-09-17
DCBC,,North West Redwater Partnershp 3.70% 23-Aug-2042,0.06,2026-09-17
DCBC,,CU Inc 3.95% 23-May-2048,0.06,2026-09-17
DCBC,,Alimentation Couche Tard Inc 4.60% 25-Jan-2029,0.06,2026-09-17
DCBC,,VW CREDIT CANADA INC 3.81 % 19-11-2030,0.06,2026-09-17
DCBC,,Montreal Airports 3.92% 26-Sep-2042,0.06,2026-09-17
DCBC,,CANADIAN PACIFIC RR CO 4.80 % 13-06-2055,0.06,2026-09-17
DCBC,,Independent Order of Forester 2.89% 15-Oct-2035,0.06,2026-09-17
DCBC,,Honda Canada Finance Inc 3.55% 25-Feb-2031,0.06,2026-09-17
DCBC,,CU Inc 3.96% 27-Jan-2045,0.06,2026-09-17
DCBC,,HYDRO ONE INC 4.95 % 25-08-2055,0.06,2026-09-17
DCBC,,Canadian National Railway Co 4.40% 10-Feb-2033,0.06,2026-09-17
DCBC,,Bruce Power LP 4.99% 21-Sep-2032,0.06,2026-09-17
DCBC,,Metro Inc 5.03% 01-Dec-2044,0.06,2026-09-17
DCBC,,NEXUS INDUSTRIAL REIT 4.24 % 14-04-2029,0.06,2026-09-17
DCBC,,Noverco Inc 4.57% 28-Jan-2035,0.06,2026-09-17
DCBC,,TMX Group Ltd 2.02% 12-Feb-2031,0.06,2026-09-17
DCBC,,MINI MALL STORG PRP TRST 4.75 % 01-12-2030,0.06,2026-09-17
DCBC,,MINI MALL STORG PRP TRST 4.16 % 30-01-2028,0.06,2026-09-17
DCBC,,South Bow Cdn Infra Hldgs Ltd 4.32% 01-Jan-2030,0.06,2026-09-17
DCBC,,Transcanada Pipelines Ltd 5.92% 12-Nov-2051,0.06,2026-09-17
DCBC,,Granite REIT Holdings LP 2.38% 18-Dec-2030,0.06,2026-09-17
DCBC,,BMW CANADA INC 3.08 % 03-02-2028,0.06,2026-09-17
DCBC,,Equitable Bank 3.91% 17-Dec-2027,0.06,2026-09-17
DCBC,,AIMCo Realty Investors LP 4.97% 23-May-2034,0.06,2026-09-17
DCBC,,Reliance LP 2.67% 01-Aug-2028,0.06,2026-09-17
DCBC,,407 International Inc 3.98% 11-Sep-2052,0.06,2026-09-17
DCBC,,PRIMARIS REAL ESTATE INV 3.85 % 09-10-2030,0.06,2026-09-17
DCBC,,iA Financial Corp Inc 4.13% 05-Dec-2034,0.06,2026-09-17
DCBC,,CU Inc 4.54% 24-Oct-2041,0.06,2026-09-17
DCBC,,Bell Canada 3.65% 14-Jul-2029,0.06,2026-09-17
DCBC,,Power Financial Corp 6.90% 11-Mar-2033,0.06,2026-09-17
DCBC,,WASTE CONNECTIONS INC 4.55 % 04-09-2036,0.06,2026-09-17
DCBC,,Ontario Power Generation Inc 3.65% 13-Mar-2050,0.06,2026-09-17
DCBC,,Hydro One Inc 2.71% 28-Aug-2049,0.06,2026-09-17
DCBC,,Toronto Hydro Corp 3.96% 09-Apr-2063,0.06,2026-09-17
DCBC,,IGM Financial Inc 4.56% 25-Jan-2047,0.06,2026-09-17
DCBC,,407 International Inc 5.75% 14-Feb-2036,0.06,2026-09-17
DCBC,,TOYOTA CREDIT CANADA INC 3.46 % 24-02-2031,0.06,2026-09-17
DCBC,,British Columbia Frry Svcs Inc 5.02% 20-Mar-2037,0.06,2026-09-17
DCBC,,Primaris REIT 5.00% 15-Mar-2030,0.06,2026-09-17
DCBC,,Altalink LP 3.72% 03-Dec-2046,0.06,2026-09-17
DCBC,,Pembina Pipeline Corp 4.67% 28-May-2050,0.06,2026-09-17
DCBC,,Loblaw Cos Ltd 5.12% 04-Mar-2054,0.06,2026-09-17
DCBC,,CAPITAL POWER CORP 4.23 % 14-01-2033,0.06,2026-09-17
DCBC,,Hydro One Inc 3.10% 15-Mar-2051,0.06,2026-09-17
DCBC,,John Deere Financial Inc 3.55% 12-Jun-2029,0.06,2026-09-17
DCBC,,General Motors Fncl Canada Ltd 4.45% 25-Jan-2030,0.06,2026-09-17
DCBC,,ALTALINK LP 5.11 % 23-07-2056,0.06,2026-09-17
DCBC,,Brookfield Renewable Ptnrs ULC 5.29% 28-Oct-2033,0.06,2026-09-17
DCBC,,Telus Corp 4.75% 17-Jul-2044,0.06,2026-09-17
DCBC,,Altalink LP 4.92% 17-Sep-2043,0.06,2026-09-17
DCBC,,Canadian Pacific Railway Co 6.45% 17-Nov-2039,0.06,2026-09-17
DCBC,,CU Inc 3.76% 19-May-2046,0.06,2026-09-17
DCBC,,ALTAGAS LTD 3.03 % 10-11-2027,0.06,2026-09-17
DCBC,,Sun Life Financial Inc 5.50% 04-Jul-2030,0.06,2026-09-17
DCBC,,HYDRO ONE INC 3.94 % 25-08-2032,0.06,2026-09-17
DCBC,,VW CREDIT CANADA INC 3.39 % 20-11-2028,0.06,2026-09-17
DCBC,,CANADIAN NATL RESOURCES 3.75 % 08-02-2031,0.06,2026-09-17
DCBC,,Hyundai Capital Canada Inc 4.90% 31-Dec-2028,0.06,2026-09-17
DCBC,,407 International Inc 4.45% 11-Sep-2052,0.06,2026-09-17
DCBC,,BROOKFIELD FIN II INC 4.39 % 01-03-2033,0.06,2026-09-17
DCBC,,Great-West Lifeco Inc 6.00% 16-Nov-2039,0.06,2026-09-17
DCBC,,ENBRIDGE INC 4.20 % 12-05-2051,0.06,2026-09-17
DCBC,,Brookfield Renewable Ptnrs ULC 3.38% 15-Oct-2029,0.06,2026-09-17
DCBC,,Enbridge Inc 4.10% 21-Mar-2051,0.06,2026-09-17
DCBC,,Hydro One Inc 4.59% 09-Apr-2043,0.06,2026-09-17
DCBC,,Canadian National Railway Co 3.60% 31-Jan-2048,0.06,2026-09-17
DCBC,,VW Credit Canada Inc 4.42% 20-Aug-2029,0.06,2026-09-17
DCBC,,Ontario Power Generation Inc 4.25% 18-Jul-2048,0.06,2026-09-17
DCBC,,Cogeco Communications Inc 4.74% 06-Feb-2035,0.05,2026-09-17
DCBC,,EQUITABLE BANK 3.87 % 12-04-2029,0.05,2026-09-17
DCBC,,TOYOTA CREDIT CANADA INC 3.55 % 16-07-2029,0.05,2026-09-17
DCBC,,Hydro One Inc 6.35% 31-Jan-2034,0.05,2026-09-17
DCBC,,Hydro One Inc 5.00% 19-Oct-2046,0.05,2026-09-17
DCBC,,Athene Global Funding 5.11% 07-Mar-2029,0.05,2026-09-17
DCBC,,Canadian National Railway Co 3.95% 22-Mar-2045,0.05,2026-09-17
DCBC,,VW CREDIT CANADA INC 3.95 % 27-08-2029,0.05,2026-09-17
DCBC,,IGM Financial Inc 6.00% 10-Dec-2040,0.05,2026-09-17
DCBC,,TMX Group Ltd 4.84% 18-Feb-2032,0.05,2026-09-17
DCBC,,Nova Scotia Power Inc 4.50% 20-Jan-2043,0.05,2026-09-17
DCBC,,Hyundai Capital Canada Inc 3.57% 05-Sep-2028,0.05,2026-09-17
DCBC,,Toronto Hydro Corp 3.99% 26-Sep-2034,0.05,2026-09-17
DCBC,,CHOICE PROPERTIES REIT 4.63 % 08-08-2035,0.05,2026-09-17
DCBC,,Stella-Jones Inc 4.31% 01-Oct-2031,0.05,2026-09-17
DCBC,,RioCan REIT 4.63% 01-May-2029,0.05,2026-09-17
DCBC,,Hyundai Capital Canada Inc 3.58% 22-Nov-2027,0.05,2026-09-17
DCBC,,ENBRIDGE INC 5.82 % 17-08-2053,0.05,2026-09-17
DCBC,,Ivanhoe Cambridge II Inc 4.99% 02-Jun-2028,0.05,2026-09-17
DCBC,,Enbridge Gas Inc 3.51% 29-Nov-2047,0.05,2026-09-17
DCBC,,FortisBC Energy Inc 3.85% 07-Jun-2048,0.05,2026-09-17
DCBC,,NAV CANADA,0.05,2026-09-17
DCBC,,Lower Mattagami Energy LP 5.14% 18-May-2041,0.05,2026-09-17
DCBC,,Daimler Truck Finance Cnd Inc 4.54% 27-Sep-2029,0.05,2026-09-17
DCBC,,Pembina Pipeline Corp 4.49% 10-Dec-2051,0.05,2026-09-17
DCBC,,CU Inc 3.17% 06-Mar-2051,0.05,2026-09-17
DCBC,,Fairfax Financial Holdings Ltd 4.23% 14-Mar-2029,0.05,2026-09-17
DCBC,,Nova Scotia Power Inc 5.61% 15-Jun-2040,0.05,2026-09-17
DCBC,,Stantec Inc 4.37% 10-Jun-2032,0.05,2026-09-17
DCBC,,Pembina Pipeline Corp 4.75% 30-Apr-2043,0.05,2026-09-17
DCBC,,Nova Scotia Power Inc 3.57% 05-Apr-2049,0.05,2026-09-17
DCBC,,Intact Financial Corp 3.77% 19-Nov-2052,0.05,2026-09-17
DCBC,,DREAM SUMMIT INDUSTRIAL 4.43 % 28-03-2030,0.05,2026-09-17
DCBC,,Honda Canada Finance Inc 4.87% 23-Sep-2027,0.05,2026-09-17
DCBC,,CU Inc 4.77% 14-Sep-2052,0.05,2026-09-17
DCBC,,EXCHANGE INCOME CORP 4.32 % 13-03-2031,0.05,2026-09-17
DCBC,,CU INC,0.05,2026-09-17
DCBC,,Hydro One Inc 6.59% 22-Apr-2043,0.05,2026-09-17
DCBC,,FortisBC Energy Inc 5.80% 13-May-2038,0.05,2026-09-17
DCBC,,Brookfield Infra Finance ULC 5.44% 25-Jan-2034,0.05,2026-09-17
DCBC,,Enbridge Gas Inc 2.37% 09-Aug-2029,0.05,2026-09-17
DCBC,,407 International Inc 4.11% 03-Oct-2035,0.05,2026-09-17
DCBC,,ATKINSREALIS GROUP INC 4.76 % 15-03-2033,0.05,2026-09-17
DCBC,,BCI QUADREAL REALTY/TRUS 3.28 % 14-03-2028,0.05,2026-09-17
DCBC,,SmartCentres REIT 3.53% 20-Dec-2029,0.05,2026-09-17
DCBC,,Coastal Gaslink Pipeline LP 5.61% 30-Sep-2042,0.05,2026-09-17
DCBC,,HYUNDAI CAPITAL CANADA 3.72 % 14-05-2029,0.05,2026-09-17
DCBC,,Loblaw Cos Ltd 3.56% 12-Dec-2029,0.05,2026-09-17
DCBC,,PROJET REM SEC 3.54 % 22-06-2031,0.05,2026-09-17
DCBC,,ENBRIDGE GAS INC 4.84 % 12-09-2055,0.05,2026-09-17
DCBC,,WASTE CONNECTIONS INC 4.20 % 04-09-2033,0.05,2026-09-17
DCBC,,TOYOTA CREDIT CANADA INC 3.86 % 14-07-2031,0.05,2026-09-17
DCBC,,NOVA SCOTIA POWER INC 3.95 % 17-04-2031,0.05,2026-09-17
DCBC,,Altagas Ltd 5.14% 14-Dec-2033,0.05,2026-09-17
DCBC,,Bruce Power LP 4.01% 21-Mar-2029,0.05,2026-09-17
DCBC,,OXFORD PROPERTIES GROUP 3.94 % 20-04-2031,0.05,2026-09-17
DCBC,,CU Inc 5.09% 20-Sep-2053,0.05,2026-09-17
DCBC,,FIRST CAP REAL ESTATE IN 4.46 % 15-02-2034,0.05,2026-09-17
DCBC,,Transcanada Pipelines Ltd 8.05% 17-Feb-2039,0.05,2026-09-17
DCBC,,GO RESIDENTIAL OPERATING 4.53 % 13-02-2029,0.05,2026-09-17
DCBC,,Bell Canada 7.85% 02-Apr-2031,0.05,2026-09-17
DCBC,,Capital Power Corp 5.97% 25-Oct-2033,0.05,2026-09-17
DCBC,,Teranet Holdings LP 6.10% 17-Jun-2041,0.05,2026-09-17
DCBC,,FortisAlberta Inc 6.22% 31-Oct-2034,0.05,2026-09-17
DCBC,,PENSKE TRUCK LEASING CAN 3.75 % 09-12-2030,0.05,2026-09-17
DCBC,,Nova Scotia Power Inc 3.31% 25-Apr-2050,0.05,2026-09-17
DCBC,,Honda Canada Finance Inc 4.90% 21-Feb-2029,0.05,2026-09-17
DCBC,,COGECO COMMUNICATIONS 5.30 % 16-02-2033,0.05,2026-09-17
DCBC,,Bell Canada 3.80% 21-May-2028,0.05,2026-09-17
DCBC,,Intact Financial Corp 6.40% 23-Nov-2039,0.05,2026-09-17
DCBC,,407 International Inc 3.83% 11-May-2046,0.05,2026-09-17
DCBC,,Bell Canada 6.17% 26-Feb-2037,0.05,2026-09-17
DCBC,,Metro Inc 4.27% 04-Dec-2047,0.05,2026-09-17
DCBC,,Hydro One Inc 4.39% 26-Sep-2041,0.05,2026-09-17
DCBC,,First Capital Realty Inc 4.83% 13-Jun-2033,0.05,2026-09-17
DCBC,,TOYOTA CREDIT CANADA INC 3.65 % 19-08-2030,0.05,2026-09-17
DCBC,,Canadian National Railway Co 3.05% 08-Aug-2049,0.05,2026-09-17
DCBC,,Gibson Energy Inc 5.75% 12-Jul-2033,0.05,2026-09-17
DCBC,,EMPIRE LIFE INSURANCE 4.22 % 26-05-2036,0.05,2026-09-17
DCBC,,HOOPP REALTY FINANCE TR 4.21 % 27-05-2033,0.05,2026-09-17
DCBC,,Metro Inc 3.41% 28-Feb-2050,0.05,2026-09-17
DCBC,,MINI MALL STORG PRP TRST 5.03 % 30-07-2031,0.05,2026-09-17
DCBC,,TMX GROUP LTD 4.57 % 22-09-2033,0.05,2026-09-17
DCBC,,CGI Inc 3.99% 05-Sep-2027,0.05,2026-09-17
DCBC,,Reliance LP 2.68% 01-Dec-2027,0.05,2026-09-17
DCBC,,DEFINITY FINANCIAL CORP 4.39 % 12-09-2035,0.05,2026-09-17
DCBC,,Finning International Inc 4.78% 13-Feb-2029,0.05,2026-09-17
DCBC,,Altalink LP 4.05% 21-May-2044,0.05,2026-09-17
DCBC,,Hydro One Inc 3.72% 18-May-2047,0.05,2026-09-17
DCBC,,RioCan REIT 5.96% 01-Oct-2029,0.05,2026-09-17
DCBC,,Metro Inc 3.39% 06-Dec-2027,0.05,2026-09-17
DCBC,,407 International Inc 3.67% 08-Mar-2049,0.05,2026-09-17
DCBC,,CHOICE PROPERTIES REIT 4.84 % 22-09-2033,0.05,2026-09-17
DCBC,,Hydro One Inc 4.00% 22-Dec-2051,0.05,2026-09-17
DCBC,,FORTISALBERTA INC 4.92 % 02-07-2056,0.05,2026-09-17
DCBC,,DOLLARAMA INC. 4.58 % 02-04-2036,0.05,2026-09-17
DCBC,,BMW CANADA INC 3.54 % 04-02-2030,0.05,2026-09-17
DCBC,,Canadian National Railway Co 3.60% 01-Feb-2047,0.05,2026-09-17
DCBC,,Montreal Airports 3.92% 12-Dec-2044,0.05,2026-09-17
DCBC,,Enbridge Gas Inc 4.00% 22-Aug-2044,0.05,2026-09-17
DCBC,,Hydro One Inc 2.23% 17-Jun-2031,0.05,2026-09-17
DCBC,,BROOKFIELD INFRA FIN ULC 3.70 % 06-01-2031,0.04,2026-09-17
DCBC,,Enmax Corp 3.84% 05-Mar-2028,0.04,2026-09-17
DCBC,,Enbridge Gas Inc 5.67% 06-Oct-2053,0.04,2026-09-17
DCBC,,Enbridge Inc 3.55% 25-Feb-2028,0.04,2026-09-17
DCBC,,SmartCentres REIT 4.74% 05-Aug-2031,0.04,2026-09-17
DCBC,,VW Credit Canada Inc 5.73% 20-Sep-2028,0.04,2026-09-17
DCBC,,MERCEDES BENZ CA FIN INC 3.50 % 22-06-2029,0.04,2026-09-17
DCBC,,407 International Inc 4.89% 04-Apr-2054,0.04,2026-09-17
DCBC,,Daimler Truck Finance Cnd Inc 5.77% 25-Sep-2028,0.04,2026-09-17
DCBC,,CGI INC 0.01 % 14-12-2029,0.04,2026-09-17
DCBC,,Montreal Airports 5.17% 17-Sep-2035,0.04,2026-09-17
DCBC,,AIMCo Realty Investors LP 4.64% 15-Feb-2030,0.04,2026-09-17
DCBC,,British Columbia Frry Svcs Inc 2.79% 15-Oct-2049,0.04,2026-09-17
DCBC,,SMARTCENTRES REIT 4.32 % 12-06-2032,0.04,2026-09-17
DCBC,,FORTISBC ENERGY INC 5.17 % 06-08-2056,0.04,2026-09-17
DCBC,,Suncor Energy Inc 4.34% 13-Mar-2046,0.04,2026-09-17
DCBC,,TORONTO HYDRO CORP 3.65 % 24-09-2032,0.04,2026-09-17
DCBC,,Bell Canada 5.15% 09-Aug-2052,0.04,2026-09-17
DCBC,,Hydro One Inc 4.17% 06-Dec-2043,0.04,2026-09-17
DCBC,,Lower Mattagami Energy LP 4.18% 23-Apr-2052,0.04,2026-09-17
DCBC,,DAIMLER TRUCK FI CANADA 3.48 % 13-10-2028,0.04,2026-09-17
DCBC,,Power Corp of Canada 4.46% 27-Jul-2048,0.04,2026-09-17
DCBC,,Enbridge Gas Inc 3.20% 15-Sep-2051,0.04,2026-09-17
DCBC,,BCI QUADREAL REALTY/TRUS 1.75 % 24-07-2030,0.04,2026-09-17
DCBC,,Avenue Living (2014) LP 5.11% 12-May-2030,0.04,2026-09-17
DCBC,,Brookfield Infra Finance ULC 5.62% 14-Oct-2027,0.04,2026-09-17
DCBC,,CT REIT 5.83% 14-Jun-2028,0.04,2026-09-17
DCBC,,407 International Inc 4.45% 15-Nov-2041,0.04,2026-09-17
DCBC,,SmartCentres REIT 5.16% 01-Aug-2030,0.04,2026-09-17
DCBC,,RioCan REIT 4.00% 01-Mar-2028,0.04,2026-09-17
DCBC,,407 International Inc 4.81% 03-Oct-2055,0.04,2026-09-17
DCBC,,Central 1 Credit Union 4.65% 07-Feb-2028,0.04,2026-09-17
DCBC,,FAIRFAX FINL HLDGS LTD 4.45 % 14-08-2035,0.04,2026-09-17
DCBC,,Choice Properties REIT 4.29% 16-Jan-2030,0.04,2026-09-17
DCBC,,NAV Canada 3.53% 23-Aug-2045,0.04,2026-09-17
DCBC,,407 International Inc 4.19% 25-Apr-2042,0.04,2026-09-17
DCBC,,Enbridge Gas Inc 4.15% 17-Aug-2032,0.04,2026-09-17
DCBC,,Keyera Corp 3.93% 21-Jun-2028,0.04,2026-09-17
DCBC,,METRO INC 3.47 % 25-02-2031,0.04,2026-09-17
DCBC,,Intact Financial Corp 4.65% 21-Mar-2055,0.04,2026-09-17
DCBC,,Choice Properties REIT 5.70% 28-Feb-2034,0.04,2026-09-17
DCBC,,IGM FINANCIAL INC 5.00 % 02-06-2056,0.04,2026-09-17
DCBC,,FORTISALBERTA INC 4.76 % 07-07-2055,0.04,2026-09-17
DCBC,,FortisBC Energy Inc 6.05% 15-Feb-2038,0.04,2026-09-17
DCBC,,Electricite de France SA 5.23% 06-Feb-2055,0.04,2026-09-17
DCBC,,Ontario Power Generation Inc 3.84% 22-Dec-2047,0.04,2026-09-17
DCBC,,RioCan REIT 5.61% 06-Oct-2027,0.04,2026-09-17
DCBC,,TMX Group Ltd 4.68% 16-Aug-2029,0.04,2026-09-17
DCBC,,NAV Canada 2.06% 29-May-2030,0.04,2026-09-17
DCBC,,TMX GROUP LTD 4.90 % 23-09-2036,0.04,2026-09-17
DCBC,,Keyera Corp 3.96% 29-May-2030,0.04,2026-09-17
DCBC,,Greater Toronto Airports Auth 3.26% 01-Dec-2036,0.04,2026-09-17
DCBC,,Greater Toronto Airports Auth 3.15% 05-Apr-2051,0.04,2026-09-17
DCBC,,Dream Summit Industrial LP 4.51% 12-Feb-2031,0.04,2026-09-17
DCBC,,CNH Industrial Cptl Canada Ltd 4.00% 11-Apr-2028,0.04,2026-09-17
DCBC,,Chip Mortgage Trust 3.97% 01-Sep-2050,0.04,2026-09-17
DCBC,,Gibson Energy Inc 4.45% 12-Nov-2031,0.04,2026-09-17
DCBC,,ATKINSREALIS GROUP INC 4.41 % 15-06-2031,0.04,2026-09-17
DCBC,,Loblaw Cos Ltd 5.90% 18-Jan-2036,0.04,2026-09-17
DCBC,,Bell Canada 7.30% 23-Feb-2032,0.04,2026-09-17
DCBC,,TRISUMMIT UTILITIES INC 4.44 % 26-08-2033,0.04,2026-09-17
DCBC,,IGM FINANCIAL INC 4.41 % 02-06-2036,0.04,2026-09-17
DCBC,,Bank of Nova Scotia 4.25% 20-Mar-2034,0.04,2026-09-17
DCBC,,BROOKFIELD INFRA FIN ULC 4.53 % 24-09-2035,0.04,2026-09-17
DCBC,,Brookfield Infra Finance ULC 5.79% 25-Oct-2051,0.04,2026-09-17
DCBC,,BMW Canada Inc 4.66% 05-Apr-2028,0.04,2026-09-17
DCBC,,Nova Scotia Power Inc 4.95% 15-Nov-2032,0.04,2026-09-17
DCBC,,Allied Properties REIT 5.53% 26-Sep-2028,0.04,2026-09-17
DCBC,,Toyota Credit Canada Inc 5.16% 12-Jul-2028,0.04,2026-09-17
DCBC,,Lower Mattagami Energy LP 4.94% 21-Sep-2043,0.04,2026-09-17
DCBC,,HYUNDAI CAPITAL CANADA 4.00 % 13-05-2031,0.04,2026-09-17
DCBC,,CAE Inc 5.54% 12-Jun-2028,0.04,2026-09-17
DCBC,,SmartCentres REIT 5.35% 29-May-2028,0.04,2026-09-17
DCBC,,First Capital Realty Inc 3.45% 01-Mar-2028,0.04,2026-09-17
DCBC,,Altalink LP 4.69% 28-Nov-2032,0.04,2026-09-17
DCBC,,Loblaw Cos Ltd 4.49% 11-Dec-2028,0.04,2026-09-17
DCBC,,Enbridge Gas Inc 4.95% 22-Nov-2050,0.04,2026-09-17
DCBC,,Enbridge Inc 5.75% 02-Sep-2039,0.04,2026-09-17
DCBC,,NOVERCO INC 4.90 % 28-01-2056,0.04,2026-09-17
DCBC,,Nova Scotia Power Inc 4.15% 06-Mar-2042,0.04,2026-09-17
DCBC,,Primaris REIT 5.30% 15-Mar-2032,0.04,2026-09-17
DCBC,,British Columbia Frry Svcs Inc 6.25% 13-Oct-2034,0.04,2026-09-17
DCBC,,Hyundai Capital Canada Inc 4.58% 24-Jul-2029,0.04,2026-09-17
DCBC,,SmartCentres REIT 3.83% 21-Dec-2027,0.04,2026-09-17
DCBC,,TMX Group Ltd - Debenture Cl B,0.04,2026-09-17
DCBC,,Enbridge Gas Inc 4.88% 21-Jun-2041,0.04,2026-09-17
DCBC,,RioCan REIT 4.67% 01-Mar-2032,0.04,2026-09-17
DCBC,,SMARTCENTRES REIT,0.04,2026-09-17
DCBC,,Gibson Energy Inc 6.20% 12-Jul-2053,0.04,2026-09-17
DCBC,,Intact Financial Corp 4.65% 16-May-2029,0.04,2026-09-17
DCBC,,BRUCE POWER LP 4.00 % 21-12-2032,0.04,2026-09-17
DCBC,,407 International Inc 3.14% 06-Mar-2030,0.04,2026-09-17
DCBC,,Energir LP 4.65% 20-May-2055,0.04,2026-09-17
DCBC,,ENBRIDGE INC 4.13 % 09-08-2046,0.04,2026-09-17
DCBC,,Teranet Holdings LP 5.01% 07-Mar-2035,0.04,2026-09-17
DCBC,,Alectra Inc 3.96% 30-Jul-2042,0.04,2026-09-17
DCBC,,RioCan REIT 5.46% 01-Mar-2031,0.04,2026-09-17
DCBC,,Co-operators Financl Srvcs Ltd 3.33% 13-May-2030,0.04,2026-09-17
DCBC,,Alectra Inc 5.30% 29-Apr-2041,0.04,2026-09-17
DCBC,,Brookfield Infra Finance ULC 5.95% 27-Jan-2053,0.04,2026-09-17
DCBC,,Capital Power Corp 4.42% 08-Nov-2029,0.04,2026-09-17
DCBC,,John Deere Financial Inc 2.81% 19-Jan-2029,0.03,2026-09-17
DCBC,,Electricite de France SA 5.38% 17-May-2034,0.03,2026-09-17
DCBC,,Altalink LP 4.45% 11-Jul-2053,0.03,2026-09-17
DCBC,,HYDRO ONE INC 4.30 % 24-08-2035,0.03,2026-09-17
DCBC,,ENBRIDGE INC 5.10 % 26-02-2056,0.03,2026-09-17
DCBC,,National Bank of Canada 4.57% 11-Jul-2028,0.03,2026-09-17
DCBC,,Telus Corp 2.05% 07-Jul-2030,0.03,2026-09-17
DCBC,,Brookfield Renewable Ptnrs ULC 5.37% 12-Jun-2030,0.03,2026-09-17
DCBC,,Canadian Natural Resources Ltd 4.85% 30-Nov-2046,0.03,2026-09-17
DCBC,,Altalink LP 4.74% 22-May-2054,0.03,2026-09-17
DCBC,,Intact Financial Corp 1.93% 16-Sep-2030,0.03,2026-09-17
DCBC,,Capital Power Corp 3.15% 01-Jul-2032,0.03,2026-09-17
DCBC,,Canadian Utilities Ltd 4.41% 24-Jun-2035,0.03,2026-09-17
DCBC,,Energir LP 3.04% 09-Feb-2032,0.03,2026-09-17
DCBC,,Gildan Activewear Inc 4.71% 22-Nov-2031,0.03,2026-09-17
DCBC,,Enbridge Inc 5.36% 26-Feb-2033,0.03,2026-09-17
DCBC,,Fairfax Financial Holdings Ltd 5.23% 23-May-2054,0.03,2026-09-17
DCBC,,Canadian Utilities Ltd 4.85% 03-Jun-2052,0.03,2026-09-17
DCBC,,Vancouver Airprt Fuel Fclts Co 3.81% 04-Jun-2030,0.03,2026-09-17
DCBC,,FIRST NATIONAL FINANCIAL 4.89 % 23-10-2030,0.03,2026-09-17
DCBC,,FIRST NATIONAL FINANCIAL 4.29 % 23-10-2028,0.03,2026-09-17
DCBC,,Liberty Utilities (Canada) LP 3.32% 14-Feb-2050,0.03,2026-09-17
DCBC,,DREAM SUMMIT INDUSTRIAL 3.96 % 10-04-2029,0.03,2026-09-17
DCBC,,FAIRSTONE BANK OF CANADA 3.94 % 18-09-2028,0.03,2026-09-17
DCBC,,SMARTSTOP OP LP 4.32 % 18-02-2031,0.03,2026-09-17
DCBC,,Enmax Corp 3.88% 18-Jul-2029,0.03,2026-09-17
DCBC,,AVENUE LIVING 2014 LP 4.52 % 25-09-2028,0.03,2026-09-17
DCBC,,NAV Canada 3.29% 30-Sep-2047,0.03,2026-09-17
DCBC,,DREAM INDUSTRIAL REIT 4.15 % 22-04-2031,0.03,2026-09-17
DCBC,,CHIP MORTGAGE TRUST 4.07 % 28-08-2031,0.03,2026-09-17
DCBC,,IGM Financial Inc 4.21% 21-Mar-2050,0.03,2026-09-17
DCBC,,ENOVA POWER CORP 3.60 % 21-01-2031,0.03,2026-09-17
DCBC,,SMARTSTOP OP LP 3.89 % 24-09-2030,0.03,2026-09-17
DCBC,,Canadian Pacific Railway Co 3.05% 09-Sep-2049,0.03,2026-09-17
DCBC,,FORTISBC ENERGY INC 3.38 % 16-10-2030,0.03,2026-09-17
DCBC,,Toronto Hydro Corp 4.08% 16-Mar-2044,0.03,2026-09-17
DCBC,,Alectra Inc 3.46% 12-Apr-2049,0.03,2026-09-17
DCBC,,NOVERCO INC 3.90 % 28-01-2033,0.03,2026-09-17
DCBC,,Montreal Airports 3.44% 26-Oct-2050,0.03,2026-09-17
DCBC,,Transcanada Pipelines Ltd 2.97% 09-Mar-2031,0.03,2026-09-17
DCBC,,FortisAlberta Inc 4.86% 26-May-2053,0.03,2026-09-17
DCBC,,British Columbia Frry Svcs Inc 4.29% 28-Oct-2043,0.03,2026-09-17
DCBC,,Brookfield Renewable Ptnrs ULC 4.29% 05-May-2049,0.03,2026-09-17
DCBC,,Toronto Hydro Corp 4.95% 13-Oct-2052,0.03,2026-09-17
DCBC,,Nova Scotia Power Inc 5.36% 24-Mar-2053,0.03,2026-09-17
DCBC,,ENBRIDGE INC 5.33 % 06-04-2040,0.03,2026-09-17
DCBC,,ENBRIDGE INC 4.55 % 17-08-2043,0.03,2026-09-17
DCBC,,IGM Financial Inc 4.12% 09-Dec-2047,0.03,2026-09-17
DCBC,,Toronto Hydro Corp 5.54% 21-May-2040,0.03,2026-09-17
DCBC,,BMW Canada Inc 3.70% 02-Apr-2029,0.03,2026-09-17
DCBC,,Brookfield Renewable Ptnrs ULC 5.45% 12-Dec-2029,0.03,2026-09-17
DCBC,,CT REIT 3.03% 05-Feb-2029,0.03,2026-09-17
DCBC,,Enbridge Gas Inc 3.80% 01-Jun-2046,0.03,2026-09-17
DCBC,,Hydro One Inc 3.64% 05-Oct-2049,0.03,2026-09-17
DCBC,,CU Inc 5.56% 30-Oct-2037,0.03,2026-09-17
DCBC,,Teranet Holdings LP 4.64% 07-Mar-2032,0.03,2026-09-17
DCBC,,NAV Canada 2.92% 29-Sep-2051,0.03,2026-09-17
DCBC,,BMW CANADA INC 3.70 % 05-09-2029,0.03,2026-09-17
DCBC,,Montreal Airports 3.03% 21-Apr-2050,0.03,2026-09-17
DCBC,,TOYOTA CREDIT CANADA INC 3.14 % 26-02-2029,0.03,2026-09-17
DCBC,,Chip Mortgage Trust 3.87% 01-Feb-2051,0.03,2026-09-17
DCBC,,Great-West Lifeco Inc 6.74% 24-Nov-2031,0.03,2026-09-17
DCBC,,Power Corp of Canada 4.81% 31-Jan-2047,0.03,2026-09-17
DCBC,,Altalink LP 1.51% 11-Sep-2030,0.03,2026-09-17
DCBC,,Lower Mattagami Energy LP 4.85% 31-Oct-2033,0.03,2026-09-17
DCBC,,Montreal Airports 6.55% 11-Oct-2033,0.03,2026-09-17
DCBC,,E-L Financial Corp Ltd 4.00% 22-Jun-2050,0.03,2026-09-17
DCBC,,RIOCAN REAL ESTATE INVST 4.31 % 11-03-2033,0.03,2026-09-17
DCBC,,FortisAlberta Inc 3.67% 09-Sep-2047,0.03,2026-09-17
DCBC,,INTACT FINANCIAL CORP 3.78 % 28-02-2038,0.03,2026-09-17
DCBC,,CGI INC 4.48 % 14-06-2031,0.03,2026-09-17
DCBC,,CU Inc 5.90% 20-Nov-2034,0.03,2026-09-17
DCBC,,Lower Mattagami Energy LP 4.18% 23-Feb-2046,0.03,2026-09-17
DCBC,,BMW CANADA INC 3.30 % 07-09-2027,0.03,2026-09-17
DCBC,,CT REAL ESTATE INV TRUST 4.36 % 05-12-2031,0.03,2026-09-17
DCBC,,FortisAlberta Inc 4.90% 27-May-2054,0.03,2026-09-17
DCBC,,Altalink LP 4.09% 30-Jun-2045,0.03,2026-09-17
DCBC,,PRIMARIS REAL ESTATE INV 4.84 % 25-06-2033,0.03,2026-09-17
DCBC,,DREAM INDUSTRIAL REIT 4.29 % 03-07-2030,0.03,2026-09-17
DCBC,,George Weston Ltd 4.19% 05-Sep-2029,0.03,2026-09-17
DCBC,,Inter Pipeline Ltd 5.09% 27-Nov-2051,0.03,2026-09-17
DCBC,,Granite REIT Holdings LP 4.00% 04-Oct-2029,0.03,2026-09-17
DCBC,,FortisBC Energy Inc 6.00% 02-Oct-2037,0.03,2026-09-17
DCBC,,BIRD CONSTRUCTION INC 4.40 % 01-06-2031,0.03,2026-09-17
DCBC,,TOURMALINE OIL CORP 3.93 % 16-03-2031,0.03,2026-09-17
DCBC,,Enbridge Gas Inc 3.01% 09-Aug-2049,0.03,2026-09-17
DCBC,,Toronto Hydro Corp 3.49% 28-Feb-2048,0.03,2026-09-17
DCBC,,CU Inc 4.56% 07-May-2053,0.03,2026-09-17
DCBC,,Crombie REIT 5.14% 29-Mar-2030,0.02,2026-09-17
DCBC,,CARGOJET INC 4.60 % 30-06-2030,0.02,2026-09-17
DCBC,,VANCOUVER CITY SVGS CRED 4.36 % 24-07-2029,0.02,2026-09-17
DCBC,,Toronto Hydro Corp 1.50% 15-Oct-2030,0.02,2026-09-17
DCBC,,Atco Ltd 3.88% 28-Apr-2030,0.02,2026-09-17
DCBC,,Brookfield Renewable Ptnrs ULC 4.96% 20-Jul-2034,0.02,2026-09-17
DCBC,,Canadian Pacific Railway Co 3.15% 13-Dec-2028,0.02,2026-09-17
DCBC,,MANULIFE BANK OF CANADA 3.69 % 19-08-2030,0.02,2026-09-17
DCBC,,MANULIFE BANK OF CANADA 3.16 % 01-06-2029,0.02,2026-09-17
DCBC,,CU Inc 4.21% 29-Apr-2055,0.02,2026-09-17
DCBC,,MCAP Commercial LP 4.82% 04-Mar-2030,0.02,2026-09-17
DCBC,,Hydro One Inc 3.79% 31-Jul-2062,0.02,2026-09-17
DCBC,,Keyera Corp 5.66% 04-Jan-2054,0.02,2026-09-17
DCBC,,Enbridge Gas Inc 4.50% 23-Nov-2043,0.02,2026-09-17
DCBC,,MORGUARD CORPORATION 4.31 % 18-06-2029,0.02,2026-09-17
DCBC,,Montreal Airports 3.36% 24-Oct-2046,0.02,2026-09-17
DCBC,,Bell Canada 2.50% 14-Feb-2030,0.02,2026-09-17
DCBC,,VITAL INFRA PROP TRUST 5.02 % 18-02-2028,0.02,2026-09-17
DCBC,,CENTRAL 1 CREDIT UNION 4.00 % 20-08-2030,0.02,2026-09-17
DCBC,,Intact Financial Corp 5.16% 16-Jun-2042,0.02,2026-09-17
DCBC,,Bruce Power LP 4.70% 21-Nov-2027,0.02,2026-09-17
DCBC,,FortisBC Inc 4.00% 28-Apr-2044,0.02,2026-09-17
DCBC,,TRISURA GROUP LTD 4.02 % 17-03-2031,0.02,2026-09-17
DCBC,,Nova Scotia Power Inc 5.95% 27-Jul-2039,0.02,2026-09-17
DCBC,,FortisBC Energy Inc 2.82% 09-Feb-2049,0.02,2026-09-17
DCBC,,Bell Canada 2.90% 10-Jun-2029,0.02,2026-09-17
DCBC,,Alectra Inc 5.23% 14-May-2052,0.02,2026-09-17
DCBC,,Enbridge Gas Inc 3.59% 22-Nov-2047,0.02,2026-09-17
DCBC,,Alectra Inc 4.63% 13-Mar-2034,0.02,2026-09-17
DCBC,,Enbridge Inc 4.87% 21-May-2044,0.02,2026-09-17
DCBC,,Gildan Activewear Inc 3.63% 13-Mar-2028,0.02,2026-09-17
DCBC,,Crombie REIT 5.24% 28-Sep-2029,0.02,2026-09-17
DCBC,,Daimler Truck Finance Cnd Inc 5.22% 20-Sep-2027,0.02,2026-09-17
DCBC,,SIENNA SENIOR LIVING 3.52 % 18-12-2028,0.02,2026-09-17
DCBC,,RELIANCE LP 3.60 % 18-04-2030,0.02,2026-09-17
DCBC,,VW Credit Canada Inc 4.25% 18-Feb-2028,0.02,2026-09-17
DCBC,,Toronto Hydro Corp 2.99% 10-Dec-2049,0.02,2026-09-17
DCBC,,British Columbia Frry Svcs Inc 4.70% 23-Oct-2043,0.02,2026-09-17
DCBC,,Intact Financial Corp 2.95% 16-Jun-2050,0.02,2026-09-17
DCBC,,Telus Corp 2.35% 27-Nov-2027,0.02,2026-09-17
DCBC,,Suncor Energy Inc 5.39% 26-Mar-2037,0.02,2026-09-17
DCBC,,RELIANCE LP 4.15 % 18-04-2033,0.02,2026-09-17
DCBC,,Toronto Hydro Corp 4.61% 14-Jun-2033,0.02,2026-09-17
DCBC,,IGM Financial Inc 4.17% 13-Jul-2048,0.02,2026-09-17
DCBC,,CU Inc 3.86% 14-Nov-2052,0.02,2026-09-17
DCBC,,ENBRIDGE INC 5.35 % 10-11-2039,0.02,2026-09-17
DCBC,,CU Inc 4.09% 19-Apr-2054,0.02,2026-09-17
DCBC,,Toronto Hydro Corp 2.43% 11-Dec-2029,0.02,2026-09-17
DCBC,,407 International Inc 4.68% 07-Oct-2053,0.02,2026-09-17
DCBC,,COASTAL GASLINK PIPELINE 4.42 % 30-09-2037,0.02,2026-09-17
DCBC,,Lower Mattagami Energy LP 4.69% 07-Dec-2053,0.01,2026-09-17
DCBC,,RioCan REIT 4.42% 01-Oct-2032,0.01,2026-09-17
DCBC,,CU Inc 4.59% 24-Oct-2061,0.01,2026-09-17
DCBC,,Hydro One Inc 2.16% 28-Nov-2029,0.01,2026-09-17
DCBC,,John Deere Financial Inc 1.34% 08-Sep-2027,0.01,2026-09-17
DCBC,,Finning International Inc 4.45% 16-May-2028,0.01,2026-09-17
DCBC,,Alectra Inc 1.75% 11-Nov-2030,0.01,2026-09-17
DCBC,,Primaris REIT 4.47% 01-Mar-2031,0.01,2026-09-17
DCBC,,Chartwell Retirement Residencs 4.50% 06-Mar-2032,0.01,2026-09-17
DCBC,,Rogers Communications Inc 2.90% 09-Sep-2030,0.01,2026-09-17
DCBC,,TORONTO HYDRO CORP 4.75 % 24-09-2055,0.01,2026-09-17
DCBC,,Toronto Hydro Corp 3.27% 18-Oct-2051,0.01,2026-09-17
DCBC,,FortisBC Energy Inc 2.54% 13-Jan-2050,0.01,2026-09-17
DCBC,,Tourmaline Oil Corp 2.53% 12-Feb-2029,0.01,2026-09-17
DCBC,,Equitable Bank 3.99% 24-Mar-2028,0.01,2026-09-17
DCBC,,First Capital Realty Inc 4.51% 03-Jun-2030,0.01,2026-09-17
DCBC,,BMW Canada Inc 3.99% 10-Oct-2028,0.01,2026-09-17
DCBC,,Fortis Inc 6.51% 04-Jul-2039,0.01,2026-09-17
DCBC,,407 International Inc 3.43% 01-Jun-2033,0.01,2026-09-17
DCBC,,Ventas Canada Finance Ltd 3.30% 01-Dec-2031,0.01,2026-09-17
DCBC,,Toyota Credit Canada Inc 4.33% 24-Jan-2028,0.01,2026-09-17
DCBC,,CU Inc 3.83% 11-Sep-2062,0.01,2026-09-17
DCBC,,Coast Capital Savings FCU 4.52% 18-Oct-2027,0.01,2026-09-17
DCBC,,National Bank of Canada 5.95% 29-Jan-2034,0.01,2026-09-17
DCBC,,CCL Industries Inc 3.86% 13-Jan-2028,0.01,2026-09-17
DCBC,,Empire Life Insurance Co 5.50% 13-Jan-2033,0.00,2026-09-17
DCBC,,Sagen MI Canada Inc 5.91% 19-May-2028,0.00,2026-09-17
DCBC,,TriSummit Utilities Inc 5.02% 11-Nov-2029,0.00,2026-09-17
DCBC,,Saputo Inc 2.30% 22-Apr-2028,0.00,2026-09-17
DCBC,,Hydro One Inc 1.69% 16-Oct-2030,0.00,2026-09-17
DCBC,,Dream Summit Industrial LP 2.44% 14-Jul-2028,0.00,2026-09-17
DCBC,,Daimler Truck Finance Cnd Inc 4.46% 27-Sep-2027,0.00,2026-09-17
DCBC,,Altagas Ltd 2.48% 30-Aug-2030,0.00,2026-09-17
DCBC,,Coast Capital Savings FCU 4.15% 01-Feb-2028,0.00,2026-09-17
DCBC,,Westcoast Energy Inc 7.15% 20-Mar-2031,0.00,2026-09-17
DCBC,,MCAP Commercial LP 3.38% 26-Nov-2027,0.00,2026-09-17
DCBC,,Westcoast Energy Inc 4.79% 28-Oct-2041,0.00,2026-09-17
DCBC,,NEXUS INDUSTRIAL REIT 4.64 % 14-04-2031,0.00,2026-09-17
DCBC,,GE Capital Canada Funding Co 5.73% 22-Oct-2037,0.00,2026-09-17
DCBC,,USD Currency,0.00,2026-09-17
DCP,,Fortis Inc - Pfd Sr M,2.58,2026-09-17
DCP,,TC Energy Corp - Pfd Sr 7,2.55,2026-09-17
DCP,,Toronto-Dominion Bank - Pfd Cl A Sr 1,2.21,2026-09-17
DCP,,Canadian Imperial Bank Commerce - Pfd Cl A Sr 47,1.96,2026-09-17
DCP,,BCE Inc - Pfd Sr AK,1.82,2026-09-17
DCP,,BANK OF MONTREAL,1.82,2026-09-17
DCP,,National Bank of Canada - Pfd Sr 38,1.76,2026-09-17
DCP,,TC ENERGY CORP PFD,1.72,2026-09-17
DCP,,TC Energy Corp - Pfd Sr 9,1.72,2026-09-17
DCP,,Pembina Pipeline Corp - Pfd Cl A Sr 21,1.64,2026-09-17
DCP,,Royal Bank of Canada - Pfd Sr BO,1.60,2026-09-17
DCP,,Toronto-Dominion Bank - Pfd Sr 18,1.55,2026-09-17
DCP,,Toronto-Dominion Bank - Pfd Sr 16,1.55,2026-09-17
DCP,,National Bank of Canada - Pfd Sr 30,1.55,2026-09-17
DCP,,Manulife Financial Corp - Pfd CL 1 Sr 17,1.54,2026-09-17
DCP,,Canadian Utilities Ltd - Pfd Sr Y,1.39,2026-09-17
DCP,,National Bank of Canada - Pfd,1.34,2026-09-17
DCP,,Emera Inc - Pfd Sr H,1.34,2026-09-17
DCP,,National Bank of Canada - Pfd Sr 40,1.31,2026-09-17
DCP,,TC ENERGY CORP PFD,1.22,2026-09-17
DCP,,Pembina Pipeline Corp - Pfd Cl A Sr 5,1.13,2026-09-17
DCP,,Pembina Pipeline Corp - Pfd Cl A Sr 7,1.12,2026-09-17
DCP,,Emera Inc - Pfd Sr C,1.11,2026-09-17
DCP,,Brookfield Renwbl Pwr Prf Eqty Inc - Pfd CL A Sr 3,1.11,2026-09-17
DCP,,Brookfield Renewable Partners LP - Pfd Cl A,1.10,2026-09-17
DCP,,Pembina Pipeline Corp - Pfd Cl A,1.10,2026-09-17
DCP,,Manulife Financial Corp - Pfd Cl 1 Sr 25,1.10,2026-09-17
DCP,,Manulife Financial Corp - Pfd CL A Sr 9,1.09,2026-09-17
DCP,,Pembina Pipeline Corp - Pfd Cl A-1,1.09,2026-09-17
DCP,,Intact Financial Corp - Pfd Cl A Sr 7,1.08,2026-09-17
DCP,,Power Financial Corp - Pfd Sr P,1.08,2026-09-17
DCP,,Brookfield Infrastructure Partners LP - Pfd Cl A,1.07,2026-09-17
DCP,,Manulife Financial Corp - Pfd CL 1 Sr 19,1.06,2026-09-17
DCP,,Intact Financial Corp - Pfd Cl A Sr 3,1.05,2026-09-17
DCP,,Fortis Inc - Pfd Sr K,1.05,2026-09-17
DCP,,Fairfax Financial Holdings Ltd - Pfd Sr K,1.01,2026-09-17
DCP,,Intact Financial Corp - Pfd Cl A Sr 1,1.00,2026-09-17
DCP,,BCE Inc - Pfd Sr AF,1.00,2026-09-17
DCP,,Fortis Inc - Pfd Sr G,1.00,2026-09-17
DCP,,TC ENERGY CORP PFD,0.96,2026-09-17
DCP,,Brookfield Corp - Pfd,0.95,2026-09-17
DCP,,Brookfield Corp - Pfd,0.95,2026-09-17
DCP,,Brookfield Corp - Pfd,0.95,2026-09-17
DCP,,Brookfield Corp - Pfd,0.95,2026-09-17
DCP,,Emera Inc - Pfd Sr J,0.93,2026-09-17
DCP,,Enbridge Inc - Pfd Cl A Sr 3,0.93,2026-09-17
DCP,,BCE Inc - Pfd Sr AM,0.93,2026-09-17
DCP,,Brookfield Corp - Pfd,0.93,2026-09-17
DCP,,BCE Inc - Pfd Sr AG,0.92,2026-09-17
DCP,,BCE Inc - Pfd Sr AA,0.92,2026-09-17
DCP,,Enbridge Inc - Pfd Sr 19,0.92,2026-09-17
DCP,,Manulife Financial Corp - Pfd Cl 1 Sr 13,0.89,2026-09-17
DCP,,Emera Inc - Pfd Sr F,0.88,2026-09-17
DCP,,Power Financial Corp - Pfd Cl A Sr T,0.88,2026-09-17
DCP,,Enbridge Inc - Pfd Sr 11,0.87,2026-09-17
DCP,,Manulife Financial Corp - Pfd Sr 11,0.87,2026-09-17
DCP,,AltaGas Ltd - Pfd Sr G,0.87,2026-09-17
DCP,,Pembina Pipeline Corp - Pfd Cl A-1,0.86,2026-09-17
DCP,,Manulife Financial Corp - Pfd CL 1 sr 15,0.86,2026-09-17
DCP,,Capital Power Corp - Pfd Sr 5,0.86,2026-09-17
DCP,,Brookfield Infrastructure Partners LP - Pfd Cl A,0.86,2026-09-17
DCP,,Great-West Lifeco Inc - Pfd Sr N,0.85,2026-09-17
DCP,,Enbridge Inc - Pfd Sr B,0.85,2026-09-17
DCP,,Brookfield Renwbl Pwr Prf Eqty Inc - Pfd Cl A Sr 1,0.84,2026-09-17
DCP,,BCE Inc - Pfd Sr AQ,0.83,2026-09-17
DCP,,Brookfield Corp - Pfd,0.83,2026-09-17
DCP,,Enbridge Inc - Pfd Sr N,0.82,2026-09-17
DCP,,Sun Life Financial Inc - Pfd Cl A Sr 8R,0.82,2026-09-17
DCP,,BROOKFIELD CORP,0.82,2026-09-17
DCP,,BCE Inc - Pfd Sr AI,0.81,2026-09-17
DCP,,Brookfield Corp - Pfd,0.79,2026-09-17
DCP,,Brookfield Corp - Pfd,0.78,2026-09-17
DCP,,Enbridge Inc - Pfd Sr F,0.78,2026-09-17
DCP,,Enbridge Inc - Pfd Sr D,0.76,2026-09-17
DCP,,Brookfield Corp - Pfd,0.74,2026-09-17
DCP,,Sun Life Financial Inc - Pfd Cl A Sr 10R,0.73,2026-09-17
DCP,,Enbridge Inc - Pfd Sr R,0.70,2026-09-17
DCP,,Enbridge Inc - Pfd Sr P,0.70,2026-09-17
DCP,,Manulife Financial Corp - Pfd Cl 1 Sr 3,0.67,2026-09-17
DCP,,Pembina Pipeline Corp - Pfd Cl A-1,0.66,2026-09-17
DCP,,Capital Power Corp - Pfd Cl A Sr 3,0.66,2026-09-17
DCP,,Pembina Pipeline Corp - Pfd Cl A Sr 3,0.65,2026-09-17
DCP,,Brookfield Corp - Pfd,0.64,2026-09-17
DCP,,Brookfield Corp - Pfd,0.63,2026-09-17
DCP,,BCE Inc - Pfd Sr R,0.62,2026-09-17
DCP,,Enbridge Inc - Pfd Sr 13,0.61,2026-09-17
DCP,,Canadian Western Bank - Pfd,0.60,2026-09-17
DCP,,Emera Inc - Pfd Sr A,0.58,2026-09-17
DCP,,Canadian Western Bank - Pfd,0.56,2026-09-17
DCP,,Laurentian Bank of Canada - Pfd Cl A Sr 13,0.52,2026-09-17
DCP,,Northland Power Inc - Pfd Sr 1,0.52,2026-09-17
DCP,,Enbridge Inc - Pfd Sr H,0.50,2026-09-17
DCP,,Capital Power Corp - Pfd Sr 1,0.49,2026-09-17
DCP,,Enbridge Inc - Pfd Sr 15,0.49,2026-09-17
DCP,,Enbridge Inc - Pfd Sr 9,0.48,2026-09-17
DCP,,BCE Inc - Pfd Cl A Sr T,0.45,2026-09-17
DCP,,Algonquin Power & Utilities Corp - Pfd Sr D,0.45,2026-09-17
DCP,,Enbridge Inc - Pfd Sr 7,0.44,2026-09-17
DCP,,RFA FINANCIAL INC,0.44,2026-09-17
DCP,,CAD Currency,0.39,2026-09-17
DRCU,,Canada Government 3.50% 01-Sep-2029,10.84,2026-06-30
DRCU,,CANADIAN MORTGAGE POOLS 3.24 % 01-06-2030,4.22,2026-06-30
DRCU,,Canada Government 3.25% 01-Dec-2034,3.80,2026-06-30
DRCU,,Canada Government 3.25% 01-Dec-2033,2.93,2026-06-30
DRCU,,Canada Government 2.00% 01-Dec-2051,2.62,2026-06-30
DRCU,,Ontario Province 4.60% 02-Jun-2039,2.40,2026-06-30
DRCU,,Quebec Province 5.75% 01-Dec-2036,1.95,2026-06-30
DRCU,,Ontario Province 3.45% 02-Jun-2045,1.85,2026-06-30
DRCU,,Quebec Province 5.00% 01-Dec-2041,1.72,2026-06-30
DRCU,,CANADIAN GOVERNMENT 3.25 % 01-06-2036,1.69,2026-06-30
DRCU,,Ontario Province 4.10% 07-Oct-2054,1.58,2026-06-30
DRCU,,TORONTO DOMINION BANK 3.86 % 07-04-2032,1.51,2026-06-30
DRCU,,Royal Bank of Canada 3.57% 09-Dec-2031,1.51,2026-06-30
DRCU,,Canadian Imperial Bank Commrce 3.80% 10-Dec-2030,1.46,2026-06-30
DRCU,,Quebec Province 5.00% 01-Dec-2038,1.42,2026-06-30
DRCU,,Quebec Province 3.50% 01-Dec-2048,1.38,2026-06-30
DRCU,,Toronto-Dominion Bank 3.77% 13-Apr-2029,1.25,2026-06-30
DRCU,,Canada Government 2.00% 01-Jun-2032,1.24,2026-06-30
DRCU,,Bank of Nova Scotia 3.62% 30-Jan-2032,1.20,2026-06-30
DRCU,,Quebec Province 4.25% 01-Dec-2043,1.08,2026-06-30
DRCU,,British Columbia Province 4.70% 18-Jun-2037,1.07,2026-06-30
DRCU,,ROYAL BANK OF CANADA 3.83 % 27-03-2030,1.06,2026-06-30
DRCU,,Hydro One Inc 4.39% 26-Sep-2041,1.05,2026-06-30
DRCU,,Bank of Montreal 4.42% 17-Jun-2029,1.04,2026-06-30
DRCU,,Quebec Province 2.85% 01-Dec-2053,0.97,2026-06-30
DRCU,,Manitoba Province 3.20% 05-Mar-2050,0.92,2026-06-30
DRCU,,Bank of Nova Scotia 3.73% 27-Jun-2031,0.91,2026-06-30
DRCU,,CANADIAN MORTGAGE POOLS 3.85 % 01-09-2029,0.84,2026-06-30
DRCU,,AIMCo Realty Investors LP 4.64% 15-Feb-2030,0.83,2026-06-30
DRCU,,NATIONAL BANK OF CANADA 3.68 % 23-06-2031,0.75,2026-06-30
DRCU,,Canada Government 4.00% 01-Jun-2041,0.71,2026-06-30
DRCU,,Royal Bank of Canada 4.00% 17-Oct-2029,0.70,2026-06-30
DRCU,,CANADIAN MORTGAGE POOLS 3.56 % 01-12-2029,0.69,2026-06-30
DRCU,,CANADIAN GOVERNMENT 3.25 % 01-03-2036,0.69,2026-06-30
DRCU,,NATIONAL BANK OF CANADA 3.64 % 13-04-2030,0.69,2026-06-30
DRCU,,Ontario Province 4.65% 02-Jun-2041,0.68,2026-06-30
DRCU,,CANADIAN MORTGAGE POOLS 3.80 % 01-11-2029,0.65,2026-06-30
DRCU,,BANK OF NOVA SCOTIA 3.58 % 01-05-2030,0.64,2026-06-30
DRCU,,Muskrat Falls Trsmn Fndg Trust 3.86% 01-Dec-2048,0.63,2026-06-30
DRCU,,CANADIAN IMPERIAL BANK 3.70 % 02-04-2030,0.63,2026-06-30
DRCU,,BANK OF NOVA SCOTIA 4.09 % 01-05-2034,0.57,2026-06-30
DRCU,,NOUVELLE AUTO 30 FINANCE,0.55,2026-06-30
DRCU,,Newfoundland & Labrdr Province 3.15% 02-Dec-2052,0.51,2026-06-30
DRCU,,AIMCo Realty Investors LP 4.97% 23-May-2034,0.51,2026-06-30
DRCU,,Toronto-Dominion Bank 5.91% 01-Jan-2030,0.49,2026-06-30
DRCU,,British Columbia Province 2.95% 18-Jun-2050,0.49,2026-06-30
DRCU,,CANADIAN MORTGAGE POOLS 3.35 % 01-10-2029,0.48,2026-06-30
DRCU,,Greater Toronto Airports Auth 3.26% 01-Dec-2036,0.47,2026-06-30
DRCU,,CANADIAN MORTGAGE POOLS 3.04 % 01-02-2030,0.47,2026-06-30
DRCU,,Canadian Imperial Bank Commrce 3.65% 13-Dec-2030,0.46,2026-06-30
DRCU,,Toronto-Dominion Bank 4.00% 31-Oct-2029,0.45,2026-06-30
DRCU,,Ontario Province 2.90% 02-Dec-2046,0.45,2026-06-30
DRCU,,Inter Pipeline Ltd 3.98% 25-Nov-2031,0.44,2026-06-30
DRCU,,Canada Government 3.25% 01-Jun-2035,0.44,2026-06-30
DRCU,,MANULIFE BANK OF CANADA 3.16 % 01-06-2029,0.44,2026-06-30
DRCU,,Sun Life Financial Inc 5.12% 15-May-2031,0.43,2026-06-30
DRCU,,AMAZON.COM INC 4.35 % 12-06-2036,0.41,2026-06-30
DRCU,,Brookfield Finance II Inc 5.43% 14-Sep-2032,0.39,2026-06-30
DRCU,,RBC Canadian Core Real Est Fnd 4.48% 16-Oct-2029,0.37,2026-06-30
DRCU,,AMAZON.COM INC 5.00 % 12-06-2056,0.37,2026-06-30
DRCU,,Canada Government 2.75% 01-Sep-2030,0.37,2026-06-30
DRCU,,CANADIAN MORTGAGE POOLS 4.10 % 01-06-2029,0.37,2026-06-30
DRCU,,Coastal Gaslink Pipeline LP 5.61% 30-Jun-2044,0.36,2026-06-30
DRCU,,NATIONAL BANK OF CANADA 3.54 % 13-01-2031,0.34,2026-06-30
DRCU,,Bank of Montreal 3.54% 03-Mar-2032,0.34,2026-06-30
DRCU,,EQUINIX CANADA FIN 4.75 % 15-05-2035,0.34,2026-06-30
DRCU,,BELL CANADA 4.40 % 30-03-2033,0.34,2026-06-30
DRCU,,Enbridge Inc 5.00% 19-Oct-2031,0.34,2026-06-30
DRCU,,Royal Bank of Canada 4.28% 04-Feb-2030,0.33,2026-06-30
DRCU,,CANADIAN MORTGAGE POOLS 3.50 % 01-10-2029,0.33,2026-06-30
DRCU,,CANADIAN MORTGAGE POOLS 3.24 % 01-07-2030,0.32,2026-06-30
DRCU,,North West Redwater Partnershp 2.80% 01-Mar-2031,0.32,2026-06-30
DRCU,,Waste Connections Inc 4.50% 14-May-2029,0.32,2026-06-30
DRCU,,Canada Government 3.50% 01-Dec-2057,0.32,2026-06-30
DRCU,,BROOKFIELD FIN II INC 5.40 % 11-12-2055,0.32,2026-06-30
DRCU,,Telus Corp 5.75% 08-Jun-2033,0.32,2026-06-30
DRCU,,Rogers Communications Inc 6.75% 09-Nov-2039,0.31,2026-06-30
DRCU,,Montreal Airports 3.92% 26-Sep-2042,0.31,2026-06-30
DRCU,,BELL CANADA 4.70 % 15-11-2036,0.30,2026-06-30
DRCU,,407 International Inc 4.89% 04-Apr-2054,0.30,2026-06-30
DRCU,,Bank of Montreal 3.73% 03-Jun-2030,0.29,2026-06-30
DRCU,,iA Financial Corp Inc 6.92% 30-Sep-2084,0.28,2026-06-30
DRCU,,Teranet Holdings LP 3.72% 23-Feb-2029,0.28,2026-06-30
DRCU,,ALPHABET INC 5.00 % 15-05-2056,0.27,2026-06-30
DRCU,,North West Redwater Partnershp 3.65% 01-Dec-2034,0.27,2026-06-30
DRCU,,BROOKFIELD FIN II INC 4.39 % 01-03-2033,0.27,2026-06-30
DRCU,,Telus Corp 5.25% 15-Aug-2032,0.26,2026-06-30
DRCU,,Reliance LP 4.39% 16-Apr-2032,0.26,2026-06-30
DRCU,,Coastal Gaslink Pipeline LP 5.61% 30-Mar-2047,0.25,2026-06-30
DRCU,,Manulife Financial Corp 4.06% 06-Dec-2029,0.25,2026-06-30
DRCU,,EQUINIX CANADA FIN 3.95 % 15-05-2030,0.25,2026-06-30
DRCU,,Enbridge Inc 8.75% 15-Oct-2033,0.24,2026-06-30
DRCU,,Toronto-Dominion Bank 3.84% 29-May-2030,0.24,2026-06-30
DRCU,,Telus Corp 5.10% 15-Feb-2034,0.23,2026-06-30
DRCU,,Telus Corp 4.95% 28-Dec-2032,0.23,2026-06-30
DRCU,,ATKINSREALIS GROUP INC 4.76 % 15-03-2033,0.23,2026-06-30
DRCU,,Choice Properties REIT 5.40% 01-Mar-2033,0.23,2026-06-30
DRCU,,Ontario Power Generation Inc 4.99% 28-Dec-2053,0.22,2026-06-30
DRCU,,Enbridge Inc 5.57% 14-Nov-2035,0.22,2026-06-30
DRCU,,BROOKFIELD FIN II INC 4.80 % 21-04-2036,0.22,2026-06-30
DRCU,,CANADIAN MORTGAGE POOLS 3.24 % 01-06-2030,0.21,2026-06-30
DRCU,,MCDONALD S CORP 4.11 % 21-08-2032,0.21,2026-06-30
DRCU,,TORONTO DOMINION BANK 5.92 % 31-07-2086,0.21,2026-06-30
DRCU,,Hydro One Inc 3.90% 21-Nov-2033,0.21,2026-06-30
DRCU,,HOOPP REALTY FINANCE TR 4.21 % 27-05-2033,0.20,2026-06-30
DRCU,,PROJET REM SEC 4.15 % 22-06-2036,0.20,2026-06-30
DRCU,,Toronto Hydro Corp 3.49% 28-Feb-2048,0.20,2026-06-30
DRCU,,HYDRO ONE INC 4.80 % 21-11-2056,0.20,2026-06-30
DRCU,,Alberta PowerLine LP 4.07% 01-Dec-2053,0.19,2026-06-30
DRCU,,Bank of Montreal 4.08% 05-Mar-2030,0.19,2026-06-30
DRCU,,ROYAL BANK OF CANADA 4.37 % 01-05-2037,0.19,2026-06-30
DRCU,,ALPHABET INC 4.35 % 15-05-2036,0.19,2026-06-30
DRCU,,CANADIAN MORTGAGE POOLS 3.84 % 01-11-2028,0.19,2026-06-30
DRCU,,Brookfield Renewable Ptnrs ULC 4.54% 12-Jul-2035,0.19,2026-06-30
DRCU,,Canadian Imperial Bank Commrce 6.37% 28-Mar-2030,0.19,2026-06-30
DRCU,,TMX Group Ltd 4.68% 16-Aug-2029,0.18,2026-06-30
DRCU,,407 INTERNATIONAL INC 4.48 % 07-10-2036,0.18,2026-06-30
DRCU,,ATKINSREALIS GROUP INC 4.41 % 15-06-2031,0.18,2026-06-30
DRCU,,BELL CANADA 4.70 % 14-03-2036,0.18,2026-06-30
DRCU,,Granite REIT Holdings LP 4.35% 04-Oct-2031,0.18,2026-06-30
DRCU,,MANULIFE BANK OF CANADA 3.95 % 20-05-2031,0.18,2026-06-30
DRCU,,Telus Corp 2.85% 13-Aug-2031,0.18,2026-06-30
DRCU,,Reliance LP 5.25% 15-May-2031,0.18,2026-06-30
DRCU,,Brookfield Renewable Ptnrs ULC 5.29% 28-Oct-2033,0.18,2026-06-30
DRCU,,TMX Group Ltd 4.84% 18-Feb-2032,0.18,2026-06-30
DRCU,,Sun Life Financial Inc 4.14% 13-Sep-2032,0.17,2026-06-30
DRCU,,Granite REIT Holdings LP 4.00% 04-Oct-2029,0.17,2026-06-30
DRCU,,SUN LIFE FINANCIAL INC 4.56 % 03-12-2040,0.17,2026-06-30
DRCU,,Brookfield Renewable Ptnrs ULC 5.32% 10-Jul-2053,0.17,2026-06-30
DRCU,,SUN LIFE FINANCIAL INC 4.21 % 22-06-2038,0.17,2026-06-30
DRCU,,Newfoundland & Labrdr Province 4.60% 17-Oct-2055,0.16,2026-06-30
DRCU,,CAD Currency,0.16,2026-06-30
DRCU,,RioCan REIT 4.62% 03-Oct-2031,0.16,2026-06-30
DRCU,,North West Redwater Partnershp 5.08% 01-Jun-2054,0.16,2026-06-30
DRCU,,Coastal Gaslink Pipeline LP 5.54% 30-Jun-2039,0.16,2026-06-30
DRCU,,CGI Inc 4.15% 05-Sep-2029,0.16,2026-06-30
DRCU,,Stantec Inc 4.37% 10-Jun-2032,0.16,2026-06-30
DRCU,,ENBRIDGE GAS INC 4.16 % 12-09-2035,0.16,2026-06-30
DRCU,,Brookfield Renewable Ptnrs ULC 3.33% 13-Aug-2050,0.15,2026-06-30
DRCU,,Canadian Utilities Ltd 4.79% 16-Sep-2055,0.15,2026-06-30
DRCU,,Ontario Power Generation Inc 4.87% 13-Sep-2054,0.15,2026-06-30
DRCU,,Canadian Imperial Bank Commrce 6.99% 28-Jun-2029,0.15,2026-06-30
DRCU,,North West Redwater Partnershp 4.85% 01-Jun-2034,0.15,2026-06-30
DRCU,,Gildan Activewear Inc 4.36% 22-Nov-2029,0.15,2026-06-30
DRCU,,Oxford Properties Group 4.39% 04-Jun-2032,0.15,2026-06-30
DRCU,,Rogers Communications Inc 4.25% 15-Jan-2032,0.15,2026-06-30
DRCU,,CU Inc 4.66% 11-Sep-2054,0.15,2026-06-30
DRCU,,Bell Canada 5.15% 24-May-2034,0.14,2026-06-30
DRCU,,Eagle Credit Card Trust 4.92% 18-Jun-2029,0.14,2026-06-30
DRCU,,Bell Canada 5.60% 11-Feb-2053,0.14,2026-06-30
DRCU,,Saskatchewan Province 4.20% 02-Dec-2054,0.14,2026-06-30
DRCU,,407 International Inc 5.96% 03-Dec-2035,0.14,2026-06-30
DRCU,,National Bank of Canada 4.33% 15-Aug-2030,0.14,2026-06-30
DRCU,,Chartwell Retirement Residencs 4.50% 06-Mar-2032,0.13,2026-06-30
DRCU,,RioCan REIT 4.42% 01-Oct-2032,0.13,2026-06-30
DRCU,,BELL CANADA 5.25 % 14-08-2055,0.13,2026-06-30
DRCU,,EPCOR UTILITIES,0.13,2026-06-30
DRCU,,LOBLAW COS LTD 4.39 % 16-06-2035,0.12,2026-06-30
DRCU,,Canadian Imperial Bank Commrce 4.15% 02-Apr-2030,0.12,2026-06-30
DRCU,,Greater Toronto Airports Auth 4.53% 02-Dec-2041,0.12,2026-06-30
DRCU,,Greater Toronto Airports Auth 2.75% 17-Oct-2039,0.12,2026-06-30
DRCU,,IGM Financial Inc 4.56% 25-Jan-2047,0.12,2026-06-30
DRCU,,RioCan REIT 5.46% 01-Mar-2031,0.12,2026-06-30
DRCU,,Teranet Holdings LP 5.75% 17-Dec-2040,0.12,2026-06-30
DRCU,,Stella-Jones Inc 4.31% 01-Oct-2031,0.11,2026-06-30
DRCU,,CHUBB INA HOLDINGS LLC 3.78 % 10-06-2031,0.11,2026-06-30
DRCU,,EXCHANGE INCOME CORP 4.32 % 13-03-2031,0.11,2026-06-30
DRCU,,DEFINITY FINANCIAL CORP 3.71 % 12-09-2030,0.11,2026-06-30
DRCU,,407 International Inc 3.83% 11-May-2046,0.11,2026-06-30
DRCU,,Hydro-Quebec 4.00% 15-Feb-2055,0.11,2026-06-30
DRCU,,Ontario Power Generation Inc 4.83% 28-Mar-2034,0.11,2026-06-30
DRCU,,WSP Global Inc 4.75% 12-Sep-2034,0.10,2026-06-30
DRCU,,LE Carrefour Laval Rec Inc 4.20% 16-May-2030,0.10,2026-06-30
DRCU,,TORONTO DOMINION BANK 4.21 % 16-06-2036,0.10,2026-06-30
DRCU,,MORGUARD CORPORATION 4.31 % 18-06-2029,0.10,2026-06-30
DRCU,,HOOPP REALTY FINANCE TR 3.92 % 27-11-2032,0.10,2026-06-30
DRCU,,TMX Group Ltd 4.97% 16-Feb-2034,0.09,2026-06-30
DRCU,,CT REIT 2.37% 06-Jan-2031,0.09,2026-06-30
DRCU,,AVENUE LIVING 2014 LP 4.65 % 15-07-2029,0.09,2026-06-30
DRCU,,Gildan Activewear Inc 4.71% 22-Nov-2031,0.09,2026-06-30
DRCU,,Enbridge Inc 4.56% 25-Nov-2034,0.09,2026-06-30
DRCU,,Ontario Power Generation Inc 4.32% 13-Dec-2034,0.09,2026-06-30
DRCU,,AVENUE LIVING 2014 LP 4.52 % 25-09-2028,0.09,2026-06-30
DRCU,,RioCan REIT 2.83% 08-Nov-2028,0.09,2026-06-30
DRCU,,Enbridge Gas Inc 2.35% 15-Sep-2031,0.08,2026-06-30
DRCU,,FortisBC Energy Inc 2.54% 13-Jan-2050,0.08,2026-06-30
DRCU,,OXFORD PROPERTIES GROUP 3.60 % 13-11-2030,0.08,2026-06-30
DRCU,,Toromont Industries Ltd 3.76% 28-Mar-2030,0.08,2026-06-30
DRCU,,Epcor Utilities Inc 4.99% 31-May-2054,0.08,2026-06-30
DRCU,,Glacier Credit Card Trust 3.91% 20-Sep-2030,0.08,2026-06-30
DRCU,,IA FINANCIAL CORP INC 4.16 % 26-05-2036,0.08,2026-06-30
DRCU,,DEFINITY FINANCIAL CORP 4.39 % 12-09-2035,0.08,2026-06-30
DRCU,,iA Financial Corp Inc 4.13% 05-Dec-2034,0.08,2026-06-30
DRCU,,Ventas Canada Finance Ltd 3.30% 01-Dec-2031,0.08,2026-06-30
DRCU,,407 International Inc 4.81% 03-Oct-2055,0.07,2026-06-30
DRCU,,Enbridge Gas Inc 3.65% 01-Apr-2050,0.07,2026-06-30
DRCU,,RioCan REIT 4.67% 01-Mar-2032,0.07,2026-06-30
DRCU,,Lower Mattagami Energy LP 4.18% 23-Feb-2046,0.07,2026-06-30
DRCU,,Enmax Corp 4.70% 09-Jul-2034,0.07,2026-06-30
DRCU,,CI Financial Corp 6.00% 20-Sep-2027,0.07,2026-06-30
DRCU,,RioCan REIT 4.63% 01-May-2029,0.07,2026-06-30
DRCU,,EQUITABLE BANK 3.87 % 12-04-2029,0.07,2026-06-30
DRCU,,WSP GLOBAL INC 4.59 % 22-01-2036,0.07,2026-06-30
DRCU,,Brookfield Corp 5.95% 14-Jun-2035,0.07,2026-06-30
DRCU,,NATIONAL BANK OF CANADA 3.44 % 21-10-2031,0.07,2026-06-30
DRCU,,Calgary Airport Authority 3.45% 07-Oct-2041,0.07,2026-06-30
DRCU,,Great-West Lifeco Inc 6.00% 16-Nov-2039,0.06,2026-06-30
DRCU,,Canada Government 2.75% 01-Dec-2064,0.06,2026-06-30
DRCU,,Primaris REIT 5.30% 15-Mar-2032,0.06,2026-06-30
DRCU,,First Capital Realty Inc 4.83% 13-Jun-2033,0.06,2026-06-30
DRCU,,Chartwell Retirement Residencs 4.40% 05-Nov-2029,0.06,2026-06-30
DRCU,,Brookfield Renewable Ptnrs ULC 5.45% 12-Dec-2029,0.06,2026-06-30
DRCU,,407 International Inc 4.11% 03-Oct-2035,0.06,2026-06-30
DRCU,,CU Inc 3.17% 06-Mar-2051,0.06,2026-06-30
DRCU,,Manulife Financial Corp 2.82% 13-May-2030,0.05,2026-06-30
DRCU,,Manitoba Province 2.05% 05-Sep-2052,0.05,2026-06-30
DRCU,,Trillium M Project Co GP 5.19% 31-Oct-2062,0.05,2026-06-30
DRCU,,CT REAL ESTATE INV TRUST 4.36 % 05-12-2031,0.05,2026-06-30
DRCU,,Calgary Airport Authority 3.34% 07-Oct-2038,0.04,2026-06-30
DRCU,,Plenary PCL Health HIEP LP 4.91% 30-Jun-2060,0.04,2026-06-30
DRCU,,Health Montreal Collective LP 6.72% 30-Sep-2049,0.04,2026-06-30
DRCU,,Quebec Province 3.10% 01-Dec-2051,0.04,2026-06-30
DRCU,,FortisBC Energy Inc 4.67% 28-May-2052,0.04,2026-06-30
DRCU,,Plenary Hlth Cr Ptshps Hmbr LP 4.90% 31-May-2039,0.04,2026-06-30
DRCU,,Great-West Lifeco Inc 2.98% 08-Jan-2050,0.04,2026-06-30
DRCU,,Hospital Infrastrtre Ptnrs NOH 5.44% 31-Jan-2045,0.04,2026-06-30
DRCU,,Connect 6Ix GP 6.21% 30-Nov-2060,0.04,2026-06-30
DRCU,,First Capital Realty Inc 5.57% 01-Mar-2031,0.04,2026-06-30
DRCU,,Electricite de France SA 5.78% 17-May-2054,0.04,2026-06-30
DRCU,,Capital City Link GP 4.39% 31-Mar-2046,0.03,2026-06-30
DRCU,,Hydro One Inc 4.16% 27-Oct-2032,0.03,2026-06-30
DRCU,,Intact Financial Corp 2.95% 16-Jun-2050,0.03,2026-06-30
DRCU,,Calgary Airport Authority 3.55% 07-Oct-2051,0.02,2026-06-30
DRCU,,Enmax Corp 3.88% 18-Jul-2029,0.02,2026-06-30
DRCU,,Plenary Properties LTAP LP 6.29% 31-Jan-2044,0.02,2026-06-30
DRCU,,Crombie REIT 3.21% 09-Oct-2030,0.02,2026-06-30
DRCU,,CHOICE PROPERTIES REIT 5.37 % 08-08-2055,0.02,2026-06-30
DMEC,,Royal Bank of Canada,7.71,2026-09-17
DMEC,,Toronto-Dominion Bank,5.46,2026-09-17
DMEC,,Shopify Inc Cl A,4.12,2026-09-17
DMEC,,Bank of Montreal,3.34,2026-09-17
DMEC,,Bank of Nova Scotia,3.16,2026-09-17
DMEC,,Enbridge Inc,2.90,2026-09-17
DMEC,,Canadian Imperial Bank of Commerce,2.87,2026-09-17
DMEC,,Canadian Natural Resources Ltd,2.81,2026-09-17
DMEC,,Agnico Eagle Mines Ltd,2.78,2026-09-17
DMEC,,Suncor Energy Inc,2.23,2026-09-17
DMEC,,Brookfield Corp Cl A,2.21,2026-09-17
DMEC,,Canadian Pacific Kansas City Ltd,2.14,2026-09-17
DMEC,,Manulife Financial Corp,2.00,2026-09-17
DMEC,,Barrick Mining Corp,1.97,2026-09-17
DMEC,,Wheaton Precious Metals Corp,1.87,2026-09-17
DMEC,,Canadian National Railway Co,1.75,2026-09-17
DMEC,,TransCanada Corp,1.74,2026-09-17
DMEC,,National Bank of Canada,1.58,2026-09-17
DMEC,,Franco-Nevada Corp,1.39,2026-09-17
DMEC,,Sun Life Financial Inc,1.21,2026-09-17
DMEC,,Cenovus Energy Inc,1.18,2026-09-17
DMEC,,Constellation Software Inc,1.10,2026-09-17
DMEC,,Cameco Corp,1.09,2026-09-17
DMEC,,Alimentation Couche-Tard Inc,1.07,2026-09-17
DMEC,,Waste Connections Inc,1.06,2026-09-17
DMEC,,Nutrien Ltd,1.03,2026-09-17
DMEC,,Celestica Inc,1.02,2026-09-17
DMEC,,Power Corp of Canada,0.97,2026-09-17
DMEC,,Fairfax Financial Holdings Ltd,0.92,2026-09-17
DMEC,,Kinross Gold Corp,0.91,2026-09-17
DMEC,,Intact Financial Corp,0.89,2026-09-17
DMEC,,Dollarama Inc,0.88,2026-09-17
DMEC,,Teck Resources Ltd Cl B,0.77,2026-09-17
DMEC,,Fortis Inc,0.75,2026-09-17
DMEC,,Pembina Pipeline Corp,0.75,2026-09-17
DMEC,,Loblaw Cos Ltd,0.64,2026-09-17
DMEC,,Restaurant Brands International Inc,0.63,2026-09-17
DMEC,,First Quantum Minerals Ltd,0.57,2026-09-17
DMEC,,BCE Inc,0.56,2026-09-17
DMEC,,Pan American Silver Corp,0.56,2026-09-17
DMEC,,Imperial Oil Ltd,0.52,2026-09-17
DMEC,,Brookfield Asset Management Ltd Cl A,0.51,2026-09-17
DMEC,,Bombardier Inc Cl B,0.51,2026-09-17
DMEC,,Great-West Lifeco Inc,0.48,2026-09-17
DMEC,,WSP Global Inc,0.47,2026-09-17
DMEC,,Magna International Inc,0.45,2026-09-17
DMEC,,Lundin Mining Corp,0.44,2026-09-17
DMEC,,Whitecap Resources Inc,0.43,2026-09-17
DMEC,,Tourmaline Oil Corp,0.43,2026-09-17
DMEC,,RB Global Inc,0.42,2026-09-17
DMEC,,Emera Inc,0.41,2026-09-17
DMEC,,Alamos Gold Inc Cl A,0.40,2026-09-17
DMEC,,Telus Corp,0.38,2026-09-17
DMEC,,Metro Inc,0.37,2026-09-17
DMEC,,iA Financial Corp Inc,0.37,2026-09-17
DMEC,,Rogers Communications Inc Cl B,0.36,2026-09-17
DMEC,,CGI Inc Cl A,0.36,2026-09-17
DMEC,,GFL Environmental Inc,0.36,2026-09-17
DMEC,,THOMSON REUTERS CORP,0.36,2026-09-17
DMEC,,Equinox Gold Corp,0.34,2026-09-17
DMEC,,Toromont Industries Ltd,0.32,2026-09-17
DMEC,,AltaGas Ltd,0.32,2026-09-17
DMEC,,Hydro One Ltd,0.32,2026-09-17
DMEC,,Hudbay Minerals Inc,0.32,2026-09-17
DMEC,,IAMGOLD Corp,0.32,2026-09-17
DMEC,,Keyera Corp,0.31,2026-09-17
DMEC,,George Weston Ltd,0.30,2026-09-17
DMEC,,ATKINSREALIS GROUP INC,0.27,2026-09-17
DMEC,,TMX Group Ltd,0.27,2026-09-17
DMEC,,Eldorado Gold Corp,0.27,2026-09-17
DMEC,,CCL Industries Inc Cl B,0.26,2026-09-17
DMEC,,TFI International Inc,0.25,2026-09-17
DMEC,,DPM METALS INC,0.24,2026-09-17
DMEC,,Finning International Inc,0.24,2026-09-17
DMEC,,Aritzia Inc,0.22,2026-09-17
DMEC,,Stantec Inc,0.22,2026-09-17
DMEC,,First Majestic Silver Corp,0.22,2026-09-17
DMEC,,CAE Inc,0.21,2026-09-17
DMEC,,China Gold Intl Resources Corp Ltd,0.21,2026-09-17
DMEC,,Gildan Activewear Inc Cl A,0.21,2026-09-17
DMEC,,G Mining Ventures Corp,0.21,2026-09-17
DMEC,,SOUTH BOW CORP,0.20,2026-09-17
DMEC,,SSR Mining Inc,0.20,2026-09-17
DMEC,,B2Gold Corp,0.19,2026-09-17
DMEC,,Element Fleet Management Corp,0.19,2026-09-17
DMEC,,OR Royalties Inc,0.19,2026-09-17
DMEC,,Capital Power Corp,0.19,2026-09-17
DMEC,,Descartes Systems Group Inc,0.19,2026-09-17
DMEC,,Quebecor Inc Cl B,0.18,2026-09-17
DMEC,,Saputo Inc,0.18,2026-09-17
DMEC,,Canadian Tire Corp Ltd Cl A,0.18,2026-09-17
DMEC,,Lundin Gold Inc,0.18,2026-09-17
DMEC,,OCEANAGOLD CORP,0.17,2026-09-17
DMEC,,Ivanhoe Mines Ltd Cl A,0.17,2026-09-17
DMEC,,Capstone Copper Corp,0.17,2026-09-17
DMEC,,Nexgen Energy Ltd,0.16,2026-09-17
DMEC,,Prairiesky Royalty Ltd,0.16,2026-09-17
DMEC,,Open Text Corp,0.15,2026-09-17
DMEC,,Air Canada,0.15,2026-09-17
DMEC,,IGM Financial Inc,0.15,2026-09-17
DMEC,,FirstService Corp,0.15,2026-09-17
DMEC,,DISCOVERY MINING LTD,0.14,2026-09-17
DMEC,,Definity Financial Corp,0.14,2026-09-17
DMEC,,Onex Corp,0.14,2026-09-17
DMEC,,K92 Mining Inc,0.14,2026-09-17
DMEC,,MDA Ltd,0.13,2026-09-17
DMEC,,Chartwell Retirement Residences - Units,0.13,2026-09-17
DMEC,,Canadian Utilities Ltd Cl A,0.12,2026-09-17
DMEC,,BlackBerry Ltd,0.12,2026-09-17
DMEC,,Methanex Corp,0.12,2026-09-17
DMEC,,Brookfield Infrastructure Corp Cl A,0.12,2026-09-17
DMEC,,Tamarack Valley Energy Ltd,0.12,2026-09-17
DMEC,,Centerra Gold Inc,0.12,2026-09-17
DMEC,,Torex Gold Resources Inc,0.12,2026-09-17
DMEC,,Exchange Income Corp,0.12,2026-09-17
DMEC,,Montage Gold Corp,0.12,2026-09-17
DMEC,,RioCan REIT - Units,0.12,2026-09-17
DMEC,,Algonquin Power & Utilities Corp,0.11,2026-09-17
DMEC,,Northland Power Inc,0.11,2026-09-17
DMEC,,Empire Co Ltd Cl A,0.11,2026-09-17
DMEC,,Colliers International Group Inc,0.11,2026-09-17
DMEC,,Gibson Energy Inc,0.11,2026-09-17
DMEC,,Atco Ltd Cl B,0.11,2026-09-17
DMEC,,Aris Mining Corp,0.11,2026-09-17
DMEC,,Aya Gold & Silver Inc,0.10,2026-09-17
DMEC,,West Fraser Timber Co Ltd,0.10,2026-09-17
DMEC,,Granite REIT - Units,0.10,2026-09-17
DMEC,,Wesdome Gold Mines Ltd,0.10,2026-09-17
DMEC,,Athabasca Oil Corp,0.10,2026-09-17
DMEC,,Fortuna Silver Mines Inc,0.10,2026-09-17
DMEC,,TransAlta Corp,0.10,2026-09-17
DMEC,,Kinaxis Inc,0.10,2026-09-17
DMEC,,Peyto Exploration & Development Corp,0.09,2026-09-17
DMEC,,Canadian Apartment Properties REIT - Units,0.09,2026-09-17
DMEC,,First Capital REIT - Units,0.09,2026-09-17
DMEC,,Baytex Energy Corp,0.09,2026-09-17
DMEC,,Russel Metals Inc,0.08,2026-09-17
DMEC,,Ero Copper Corp,0.08,2026-09-17
DMEC,,Skeena Resources Ltd,0.08,2026-09-17
DMEC,,TREKOR METALS LTD,0.08,2026-09-17
DMEC,,Endeavour Silver Corp,0.08,2026-09-17
DMEC,,Bird Construction Inc,0.08,2026-09-17
DMEC,,Choice Properties REIT - Units,0.08,2026-09-17
DMEC,,CES Energy Solutions Corp,0.08,2026-09-17
DMEC,,SEABRIDGE GOLD INC,0.08,2026-09-17
DMEC,,Premium Brands Holdings Corp,0.08,2026-09-17
DMEC,,Linamar Corp,0.08,2026-09-17
DMEC,,Enerflex Ltd,0.07,2026-09-17
DMEC,,Stella-Jones Inc,0.07,2026-09-17
DMEC,,Sprott Inc,0.07,2026-09-17
DMEC,,Denison Mines Corp,0.07,2026-09-17
DMEC,,Dream Industrial REIT - Units,0.07,2026-09-17
DMEC,,Silvercorp Metals Inc,0.07,2026-09-17
DMEC,,Topaz Energy Corp,0.07,2026-09-17
DMEC,,SmartCentres REIT - Units,0.07,2026-09-17
DMEC,,NGEX MINERALS LTD,0.07,2026-09-17
DMEC,,Altius Minerals Corp,0.07,2026-09-17
DMEC,,NovaGold Resources Inc,0.06,2026-09-17
DMEC,,ALMONTY INDUSTRIES INC,0.06,2026-09-17
DMEC,,Triple Flag Precious Metals Corp,0.06,2026-09-17
DMEC,,Aecon Group Inc,0.06,2026-09-17
DMEC,,Boyd Group Services Inc,0.06,2026-09-17
DMEC,,Headwater Exploration Inc,0.06,2026-09-17
DMEC,,BRP Inc,0.06,2026-09-17
DMEC,,ALLIED GOLD CORP,0.06,2026-09-17
DMEC,,EQB Inc,0.06,2026-09-17
DMEC,,Badger Infrastructure Solutions Ltd,0.06,2026-09-17
DMEC,,Southern Cross Gold Consolidated Ltd,0.05,2026-09-17
DMEC,,Vermilion Energy Inc,0.05,2026-09-17
DMEC,,Parex Resources Inc,0.05,2026-09-17
DMEC,,ATS Corp,0.05,2026-09-17
DMEC,,Extendicare Inc,0.05,2026-09-17
DMEC,,Paramount Resources Ltd Cl A,0.05,2026-09-17
DMEC,,International Petroleum Corp,0.05,2026-09-17
DMEC,,H&R REIT - Units,0.05,2026-09-17
DMEC,,Primaris REIT - Units Sr A,0.05,2026-09-17
DMEC,,North West Co Inc,0.05,2026-09-17
DMEC,,APOTEX HEALTH CORP,0.05,2026-09-17
DMEC,,Freehold Royalties Ltd,0.05,2026-09-17
DMEC,,Spartan Delta Corp,0.05,2026-09-17
DMEC,,CURALEAF HOLDINGS INC,0.05,2026-09-17
DMEC,,Boardwalk REIT - Units,0.05,2026-09-17
DMEC,,BROOKFIELD BUSINESS CORP A,0.05,2026-09-17
DMEC,,Sienna Senior Living Inc,0.04,2026-09-17
DMEC,,Mullen Group Ltd,0.04,2026-09-17
DMEC,,5N Plus Inc,0.04,2026-09-17
DMEC,,Snowline Gold Corp,0.04,2026-09-17
DMEC,,STRATHCONA RESOURCES LTD,0.04,2026-09-17
DMEC,,HEMLO MINING CORP,0.04,2026-09-17
DMEC,,Bausch Health Cos. Inc,0.04,2026-09-17
DMEC,,Hammond Power Solutions Inc Cl A,0.04,2026-09-17
DMEC,,NFI Group Inc,0.04,2026-09-17
DMEC,,Killam Apartment REIT - Units,0.04,2026-09-17
DMEC,,Trisura Group Ltd,0.04,2026-09-17
DMEC,,Maple Leaf Foods Inc,0.04,2026-09-17
DMEC,,AMERICAS GOLD AND SILVER COR,0.04,2026-09-17
DMEC,,Vizsla Silver Corp,0.04,2026-09-17
DMEC,,Kelt Exploration Ltd,0.04,2026-09-17
DMEC,,Rio2 Ltd,0.04,2026-09-17
DMEC,,AbraSilver Resource Corp,0.04,2026-09-17
DMEC,,Jamieson Wellness Inc,0.04,2026-09-17
DMEC,,Laurentian Bank of Canada,0.04,2026-09-17
DMEC,,Richelieu Hardware Ltd,0.04,2026-09-17
DMEC,,TerraVest Industries Inc,0.04,2026-09-17
DMEC,,GoGold Resources Inc,0.03,2026-09-17
DMEC,,Cogeco Communications Inc,0.03,2026-09-17
DMEC,,Tenaz Energy Corp,0.03,2026-09-17
DMEC,,Cardinal Energy Ltd (Alberta),0.03,2026-09-17
DMEC,,Crombie REIT - Units,0.03,2026-09-17
DMEC,,Birchcliff Energy Ltd,0.03,2026-09-17
DMEC,,Labrador Iron Ore Royalty Corp,0.03,2026-09-17
DMEC,,Chemtrade Logistics Income Fund - Units,0.03,2026-09-17
DMEC,,Advantage Energy Ltd,0.03,2026-09-17
DMEC,,Lightspeed Commerce Inc,0.03,2026-09-17
DMEC,,Orezone Gold Corp,0.03,2026-09-17
DMEC,,Savaria Corp,0.03,2026-09-17
DMEC,,Superior Plus Corp,0.03,2026-09-17
DMEC,,Precision Drilling Corp,0.03,2026-09-17
DMEC,,Altus Group Ltd,0.03,2026-09-17
DMEC,,Avino Silver & Gold Mines Ltd,0.03,2026-09-17
DMEC,,Neo Performance Materials Inc,0.03,2026-09-17
DMEC,,ELEMENTAL ROYALTY CORP,0.03,2026-09-17
DMEC,,Westshore Terminals Investment Corp,0.03,2026-09-17
DMEC,,Lithium Americas Corp,0.03,2026-09-17
DMEC,,Valeura Energy Inc,0.03,2026-09-17
DMEC,,BROOKFIELD WEALTH SOLUTIONS,0.03,2026-09-17
DMEC,,Allied Properties REIT - Units,0.03,2026-09-17
DMEC,,LUNR ROYALTIES CORP,0.03,2026-09-17
DMEC,,CT REIT - Units,0.03,2026-09-17
DMEC,,Cascades Inc,0.03,2026-09-17
DMEC,,MATTR CORP,0.02,2026-09-17
DMEC,,Saturn Oil & Gas Inc,0.02,2026-09-17
DMEC,,VITAL INFRASTRUCTURE PROPERT,0.02,2026-09-17
DMEC,,Canaccord Genuity Group Inc,0.02,2026-09-17
DMEC,,Major Drilling Group International Inc,0.02,2026-09-17
DMEC,,Cargojet Inc,0.02,2026-09-17
DMEC,,Total Energy Services Inc,0.02,2026-09-17
DMEC,,TROILUS MINING CORP,0.02,2026-09-17
DMEC,,Pet Valu Holdings Ltd,0.02,2026-09-17
DMEC,,Winpak Ltd,0.02,2026-09-17
DMEC,,HIVE Digital Technologies Ltd,0.02,2026-09-17
DMEC,,First Mining Gold Corp,0.02,2026-09-17
DMEC,,Amerigo Resources Ltd,0.02,2026-09-17
DMEC,,Pason Systems Inc,0.02,2026-09-17
DMEC,,Trican Well Service Ltd,0.02,2026-09-17
DMEC,,Faraday Copper Corp,0.02,2026-09-17
DMEC,,Surge Energy Inc,0.02,2026-09-17
DMEC,,Liberty Gold Corp,0.02,2026-09-17
DMEC,,TALON METALS CORP,0.02,2026-09-17
DMEC,,Osisko Metals Inc,0.02,2026-09-17
DMEC,,Alaris Equity Partners Income Trust - Units,0.02,2026-09-17
DMEC,,Telesat Corp Cl A,0.02,2026-09-17
DMEC,,WELL Health Technologies Corp,0.02,2026-09-17
DMEC,,Highlander Silver Corp,0.02,2026-09-17
DMEC,,Obsidian Energy Ltd,0.02,2026-09-17
DMEC,,Interfor Corp,0.02,2026-09-17
DMEC,,MEREN ENERGY INC,0.02,2026-09-17
DMEC,,Northern Dynasty Minerals Ltd,0.02,2026-09-17
DMEC,,Collective Mining Ltd,0.02,2026-09-17
DMEC,,Black Diamond Group Ltd,0.02,2026-09-17
DMEC,,AGF Management Ltd Cl B,0.02,2026-09-17
DMEC,,Calian Group Ltd,0.02,2026-09-17
DMEC,,Storagevault Canada Inc,0.02,2026-09-17
DMEC,,Solaris Resources Inc,0.02,2026-09-17
DMEC,,'Rockpoint Gas Storage Inc Cl A,0.02,2026-09-17
DMEC,,Slate Grocery REIT - Units Cl U,0.02,2026-09-17
DMEC,,CAD Currency,0.02,2026-09-17
DMEC,,Canfor Corp,0.02,2026-09-17
DMEC,,New Pacific Metals Corp,0.02,2026-09-17
DMEC,,Rogers Sugar Inc,0.02,2026-09-17
DMEC,,Mainstreet Equity Corp,0.02,2026-09-17
DMEC,,Ballard Power Systems Inc,0.02,2026-09-17
DMEC,,GROUPE DYNAMITE INC,0.02,2026-09-17
DMEC,,Cineplex Inc,0.02,2026-09-17
DMEC,,Imperial Metals Corp,0.02,2026-09-17
DMEC,,Doman Building Materials Group Ltd,0.02,2026-09-17
DMEC,,ADENTRA Inc,0.02,2026-09-17
DMEC,,Galiano Gold Inc,0.02,2026-09-17
DMEC,,MCAN Mortgage Corp,0.02,2026-09-17
DMEC,,Enghouse Systems Ltd,0.01,2026-09-17
DMEC,,LUMINA METALS CORP,0.01,2026-09-17
DMEC,,Wajax Corp,0.01,2026-09-17
DMEC,,UROY EXCHANGECO LTD,0.01,2026-09-17
DMEC,,Isoenergy Ltd,0.01,2026-09-17
DMEC,,RFA FINANCIAL INC,0.01,2026-09-17
DMEC,,Bombardier Inc Cl A,0.01,2026-09-17
DMEC,,PMET RESOURCES INC,0.01,2026-09-17
DMEC,,Diversified Royalty Corp,0.01,2026-09-17
DMEC,,Atex Resources Inc,0.01,2026-09-17
DMEC,,Western Copper and Gold Corp,0.01,2026-09-17
DMEC,,MINING AMERICAS INC,0.01,2026-09-17
DMEC,,MTY Food Group Inc,0.01,2026-09-17
DMEC,,Algoma Steel Group Inc,0.01,2026-09-17
DMEC,,Marimaca Copper Corp,0.01,2026-09-17
DMEC,,ABAXX TECHNOLOGIES IN,0.01,2026-09-17
DMEC,,Spin Master Corp,0.01,2026-09-17
DMEC,,Propel Holdings Inc,0.01,2026-09-17
DMEC,,Atrium Mortgage Investment Corp,0.01,2026-09-17
DMEC,,goeasy Ltd,0.01,2026-09-17
DMEC,,Canopy Growth Corp,0.01,2026-09-17
DMEC,,PHX Energy Services Corp,0.01,2026-09-17
DMEC,,Magna Mining Inc,0.01,2026-09-17
DMEC,,Trilogy Metals Inc,0.01,2026-09-17
DMEC,,North American Construction Group Ltd,0.01,2026-09-17
DMEC,,Canada Goose Holdings Inc,0.01,2026-09-17
DMEC,,Timbercreek Financial Corp,0.01,2026-09-17
DMEC,,Nexus Industrial REIT - Units,0.01,2026-09-17
DMEC,,XANADU QUANTUM TECH CL B,0.01,2026-09-17
DMEC,,Cogeco Inc,0.01,2026-09-17
DMEC,,Magellan Aerospace Corp,0.01,2026-09-17
DMEC,,Andean Precious Metals Corp,0.01,2026-09-17
DMEC,,Frontera Energy Corp,0.01,2026-09-17
DMEC,,Journey Energy Inc,0.01,2026-09-17
DMEC,,Vitalhub Corp,0.01,2026-09-17
DMEC,,VERSAMET ROYALTIES CORP,0.01,2026-09-17
DMEC,,Transcontinental Inc Cl A,0.01,2026-09-17
DMEC,,InPlay Oil Corp,0.01,2026-09-17
DMEC,,Fiera Capital Corp,0.01,2026-09-17
DMEC,,Firan Technology Group Corp,0.01,2026-09-17
DMEC,,AG Growth International Inc,0.01,2026-09-17
DMEC,,Aurora Cannabis Inc,0.01,2026-09-17
DMEC,,Docebo Inc,0.01,2026-09-17
DMEC,,Stack Capital Group Inc,0.01,2026-09-17
DMEC,,ELECTROVAYA INC,0.01,2026-09-17
DMEC,,CANADA PACKERS INC,0.01,2026-09-17
DMEC,,Kits Eyecare Ltd,0.00,2026-09-17
DMEC,,AGNICO EAGLE MINES LTD,0.00,2026-09-17
DMEC,,USD Currency,0.00,2026-09-17
DMEC,,AKITA Drilling Ltd Cl B,0.00,2026-09-17
DMEC,,G3 GOLDFIELDS INC,0.00,2026-09-17
DMEC,,KEEL INFRASTRUCTURE CORP,0.00,2026-09-17
DMEC,,BLACKLINE SAFETY CORP CONTINGE,0.00,2026-09-17
DMEC,,Victoria Gold Corp,0.00,2026-09-17
DMEC,,Arizona Sonoran Copper Co Inc,0.00,2026-09-17
DMEC,,Uranium Royalty Corp,0.00,2026-09-17
DMEE,,Taiwan Semiconductor Manufactrg Co Ltd,14.10,2026-09-17
DMEE,,Samsung Electronics Co Ltd,6.61,2026-09-17
DMEE,,SK Hynix Inc,5.51,2026-09-17
DMEE,,YUAN RENMINBI OFFSHORE,3.52,2026-09-17
DMEE,,Tencent Holdings Ltd,2.60,2026-09-17
DMEE,,Alibaba Group Holding Ltd,1.89,2026-09-17
DMEE,,MediaTek Inc,1.61,2026-09-17
DMEE,,China Construction Bank Corp Cl H,0.89,2026-09-17
DMEE,,Samsung Electronics Co Ltd - Pfd,0.86,2026-09-17
DMEE,,Hon Hai Precision Industry Co Ltd,0.73,2026-09-17
DMEE,,Delta Electronics Inc,0.72,2026-09-17
DMEE,,HDFC Bank Ltd,0.65,2026-09-17
DMEE,,International Holding Co PJSC,0.64,2026-09-17
DMEE,,Reliance Industries Ltd,0.58,2026-09-17
DMEE,,ICICI Bank Ltd,0.57,2026-09-17
DMEE,,ASE Technology Holding Co Ltd,0.56,2026-09-17
DMEE,,Ind and Commercial Bank of China Ltd,0.50,2026-09-17
DMEE,,SK Square Co Ltd,0.49,2026-09-17
DMEE,,Pinduoduo Inc - ADR,0.46,2026-09-17
DMEE,,Xiaomi Corp,0.45,2026-09-17
DMEE,,Vale SA,0.43,2026-09-17
DMEE,,Bank of China Ltd Cl H,0.42,2026-09-17
DMEE,,Samsung Electro-Mechanics Co Ltd,0.42,2026-09-17
DMEE,,United Microelectronics Corp,0.42,2026-09-17
DMEE,,Nu Holdings Ltd Cl A,0.41,2026-09-17
DMEE,,Bharti Airtel Ltd,0.40,2026-09-17
DMEE,,Meituan,0.40,2026-09-17
DMEE,,Al Rajhi Banking & Invsmt Corp SJSC,0.38,2026-09-17
DMEE,,Ping An Insurance Group Co China Ltd Cl H,0.38,2026-09-17
DMEE,,Itau Unibanco Holding SA - Pfd,0.37,2026-09-17
DMEE,,KB Financial Group Inc,0.35,2026-09-17
DMEE,,Elite Material Co Ltd,0.34,2026-09-17
DMEE,,Byd Co Ltd Cl H,0.33,2026-09-17
DMEE,,Nan Ya Plastics Corp,0.33,2026-09-17
DMEE,,NetEase Inc,0.32,2026-09-17
DMEE,,Unimicron Technology Corp,0.31,2026-09-17
DMEE,,Petroleo Brasileiro SA Petrobras - Pfd,0.31,2026-09-17
DMEE,,Petroleo Brasileiro SA Petrobras,0.31,2026-09-17
DMEE,,Grupo Mexico SAB de CV Cl B,0.31,2026-09-17
DMEE,,Hyundai Motor Co,0.30,2026-09-17
DMEE,,Gold Fields Ltd,0.29,2026-09-17
DMEE,,Saudi Arabian Oil Co,0.29,2026-09-17
DMEE,,Fubon Financial Holding Co Ltd,0.28,2026-09-17
DMEE,,Shinhan Financial Group Co Ltd,0.28,2026-09-17
DMEE,,CTBC Financial Holding Co Ltd,0.28,2026-09-17
DMEE,,CAD Currency,0.27,2026-09-17
DMEE,,Infosys Ltd,0.26,2026-09-17
DMEE,,Delta Electronics Thailand PCL,0.26,2026-09-17
DMEE,,NASPERS LTD N SHS,0.26,2026-09-17
DMEE,,Asia Vital Components Co Ltd,0.26,2026-09-17
DMEE,,OTP Bank Nyrt,0.25,2026-09-17
DMEE,,Grupo Financiero Banorte SAB de CV,0.25,2026-09-17
DMEE,,Cathay Financial Holding Co Ltd,0.25,2026-09-17
DMEE,,JD.com Inc,0.25,2026-09-17
DMEE,,Taishin Financial Holding Co Ltd,0.25,2026-09-17
DMEE,,King Slide Works Co Ltd,0.24,2026-09-17
DMEE,,China Merchants Bank Co Ltd Cl H,0.23,2026-09-17
DMEE,,Axis Bank Ltd,0.23,2026-09-17
DMEE,,Saudi National Bank,0.23,2026-09-17
DMEE,,Accton Technology Corp,0.22,2026-09-17
DMEE,,Yageo Corp,0.22,2026-09-17
DMEE,,Mahindra and Mahindra Ltd,0.21,2026-09-17
DMEE,,Quanta Computer Inc,0.21,2026-09-17
DMEE,,FirstRand Ltd,0.21,2026-09-17
DMEE,,BAJAJ FINANCE LTD,0.21,2026-09-17
DMEE,,Doosan Heavy Inds Construction Co Ltd,0.21,2026-09-17
DMEE,,Chroma ATE Inc,0.21,2026-09-17
DMEE,,Hanwha AeroSpace Co Ltd,0.21,2026-09-17
DMEE,,PetroChina Co Ltd Cl H,0.20,2026-09-17
DMEE,,Hana Financial Group Inc,0.20,2026-09-17
DMEE,,Larsen & Toubro Ltd,0.20,2026-09-17
DMEE,,Standard Bank Group Ltd,0.20,2026-09-17
DMEE,,Kuwait Finance House KSCP,0.20,2026-09-17
DMEE,,China Life Insurance Co Ltd Cl H,0.20,2026-09-17
DMEE,,Agricultural Bank of China Ltd Cl H,0.19,2026-09-17
DMEE,,BEONE MEDICINES LTD H,0.19,2026-09-17
DMEE,,First Abu Dhabi Bank PJSC,0.19,2026-09-17
DMEE,,Samsung SDI Co Ltd,0.19,2026-09-17
DMEE,,Zijin Mining Group Co Ltd Cl H,0.19,2026-09-17
DMEE,,Baidu Inc,0.19,2026-09-17
DMEE,,WuXi Biologics Inc,0.19,2026-09-17
DMEE,,Capitec Bank Holdings Ltd,0.18,2026-09-17
DMEE,,KOTAK MAHINDRA BANK LTD,0.18,2026-09-17
DMEE,,Anglo American Platinum Ltd,0.18,2026-09-17
DMEE,,BOC Hong Kong Holdings Ltd,0.18,2026-09-17
DMEE,,Lenovo Group Ltd,0.18,2026-09-17
DMEE,,Trip.com Group Ltd,0.18,2026-09-17
DMEE,,National Bank of Kuwait SAKP,0.18,2026-09-17
DMEE,,Nanya Technology Corp,0.18,2026-09-17
DMEE,,Saudi Arabian Mining Co SJSC,0.18,2026-09-17
DMEE,,Yuanta Financial Holding Co Ltd,0.18,2026-09-17
DMEE,,Banco Bradesco SA - Pfd,0.17,2026-09-17
DMEE,,Samsung C&T Corp,0.17,2026-09-17
DMEE,,Emirates NBD Bank PJSC,0.17,2026-09-17
DMEE,,China Shenhua Energy Co Ltd Cl H,0.17,2026-09-17
DMEE,,Kia Corp,0.16,2026-09-17
DMEE,,Emirates Telecommunications PJSC,0.16,2026-09-17
DMEE,,E.SUN Financial Holding Co Ltd,0.16,2026-09-17
DMEE,,Asustek Computer Inc,0.16,2026-09-17
DMEE,,MTN Group Ltd,0.16,2026-09-17
DMEE,,Emaar Properties PJSC,0.16,2026-09-17
DMEE,,Wiwynn Corp,0.16,2026-09-17
DMEE,,Fomento Economico Mexicano SAB de CV,0.16,2026-09-17
DMEE,,Sinopac Financial Holdings Co Ltd,0.15,2026-09-17
DMEE,,Bank Central Asia Tbk PT,0.15,2026-09-17
DMEE,,Aspeed Technology Inc,0.15,2026-09-17
DMEE,,Innovent Biologics Inc,0.15,2026-09-17
DMEE,,Celltrion Inc,0.15,2026-09-17
DMEE,,Saudi Telecom Co SJSC,0.15,2026-09-17
DMEE,,Mega Financial Holding Co Ltd,0.15,2026-09-17
DMEE,,Naver Corp,0.15,2026-09-17
DMEE,,Sun Pharmaceutical Industries Ltd,0.15,2026-09-17
DMEE,,Tata Consultancy Services Ltd,0.14,2026-09-17
DMEE,,State Bank of India,0.14,2026-09-17
DMEE,,Global Unichip Corp,0.14,2026-09-17
DMEE,,Qatar National Bank QPSC,0.14,2026-09-17
DMEE,,America Movil SAB de CV,0.14,2026-09-17
DMEE,,Jentech Precision Industrial Co Ltd,0.14,2026-09-17
DMEE,,China Dvlpmt Financial Holding Corp,0.14,2026-09-17
DMEE,,LARGAN Precision Co Ltd,0.14,2026-09-17
DMEE,,Winbond Electronics Corp,0.14,2026-09-17
DMEE,,Lite-On Technology Corp,0.14,2026-09-17
DMEE,,Posco,0.13,2026-09-17
DMEE,,Titan Co Ltd,0.13,2026-09-17
DMEE,,Wistron Corp,0.13,2026-09-17
DMEE,,B3 SA Brasil Bolsa Balcao,0.13,2026-09-17
DMEE,,National Bank of Greece SA Cl R,0.13,2026-09-17
DMEE,,Public Bank Bhd,0.13,2026-09-17
DMEE,,Hyundai Mobis Co Ltd,0.13,2026-09-17
DMEE,,LG Electronics Inc,0.13,2026-09-17
DMEE,,Itausa SA - Pfd,0.13,2026-09-17
DMEE,,Woori Financial Group Inc,0.13,2026-09-17
DMEE,,Zomato Ltd,0.12,2026-09-17
DMEE,,Ptt Pcl,0.12,2026-09-17
DMEE,,HonPrecision Inc,0.12,2026-09-17
DMEE,,China Petroleum & Chemical Corp Cl H,0.12,2026-09-17
DMEE,,Samsung Life Insurance Co Ltd,0.12,2026-09-17
DMEE,,MPI Corp,0.12,2026-09-17
DMEE,,Samsung Fire & Marine Insurance Co Ltd,0.12,2026-09-17
DMEE,,Cemex SAB de CV,0.12,2026-09-17
DMEE,,AXIA ENERGIA SA,0.12,2026-09-17
DMEE,,Chunghwa Telecom Co Ltd,0.12,2026-09-17
DMEE,,Kweichow Moutai Co Ltd Cl A,0.12,2026-09-17
DMEE,,Abu Dhabi Commercial Bank PJSC,0.12,2026-09-17
DMEE,,Malayan Banking Bhd,0.12,2026-09-17
DMEE,,PIRAEUS BANK SA,0.11,2026-09-17
DMEE,,WEG SA,0.11,2026-09-17
DMEE,,Hindustan Unilever Ltd,0.11,2026-09-17
DMEE,,First Financial Holding Co Ltd,0.11,2026-09-17
DMEE,,Shriram Finance Ltd,0.11,2026-09-17
DMEE,,CIMB Group Holdings Bhd,0.11,2026-09-17
DMEE,,Banco BTG Pactual SA - Units,0.11,2026-09-17
DMEE,,Bank Rakyat Indonesia (Persero) Tbk PT,0.11,2026-09-17
DMEE,,Bharat Electronics Ltd,0.11,2026-09-17
DMEE,,SK Inc,0.11,2026-09-17
DMEE,,Maruti Suzuki India Ltd,0.11,2026-09-17
DMEE,,NTPC Ltd,0.11,2026-09-17
DMEE,,Hua Nan Financial Holdings Co Ltd,0.11,2026-09-17
DMEE,,PICC Property and Casualty Co Ltd Cl H,0.11,2026-09-17
DMEE,,Tata Steel Ltd,0.11,2026-09-17
DMEE,,Hindalco Industries Ltd,0.11,2026-09-17
DMEE,,Impala Platinum Holdings Ltd,0.10,2026-09-17
DMEE,,EUROBANK SA,0.10,2026-09-17
DMEE,,EMBRAER SA,0.10,2026-09-17
DMEE,,Contemporary Amperex Technology Co Ltd - Comn Cl A,0.10,2026-09-17
DMEE,,Cia de Saneamento Basico Estdo Sao Plo,0.10,2026-09-17
DMEE,,Pop Mart International Group Ltd,0.10,2026-09-17
DMEE,,TWD Currency,0.10,2026-09-17
DMEE,,Midea Group Co Ltd Cl H,0.10,2026-09-17
DMEE,,CONTEMPORARY AMPEREX TECHN H,0.10,2026-09-17
DMEE,,BizLink Holding Inc,0.10,2026-09-17
DMEE,,LG Energy Solution Ltd,0.09,2026-09-17
DMEE,,PharmaEssentia Corp,0.09,2026-09-17
DMEE,,Ambev SA,0.09,2026-09-17
DMEE,,Wal Mart de Mexico SAB de CV,0.09,2026-09-17
DMEE,,GULF DEVELOPMENT PCL FOREIGN,0.09,2026-09-17
DMEE,,ABSA Group Limited,0.09,2026-09-17
DMEE,,Innolux Corp,0.09,2026-09-17
DMEE,,Intl Container Terminal Srvcs Inc,0.09,2026-09-17
DMEE,,Zhen Ding Technology Holding Ltd,0.09,2026-09-17
DMEE,,HCL Technologies Ltd,0.09,2026-09-17
DMEE,,Hua Hong Semiconductor Ltd,0.09,2026-09-17
DMEE,,Taiwan Union Technology Corp,0.09,2026-09-17
DMEE,,Bank of Communications Co Ltd Cl H,0.09,2026-09-17
DMEE,,Samsung Biologics Co Ltd,0.09,2026-09-17
DMEE,,ANTA Sports Products Ltd,0.09,2026-09-17
DMEE,,China Pacific Insurance Group Co Ltd Cl H,0.09,2026-09-17
DMEE,,Power Grid Corp of India Ltd,0.09,2026-09-17
DMEE,,LS Electric Co Ltd,0.09,2026-09-17
DMEE,,Kuaishou Technology,0.09,2026-09-17
DMEE,,Hyosung Corp,0.09,2026-09-17
DMEE,,Grupo de Inversiones Suramericana SA,0.09,2026-09-17
DMEE,,UltraTech Cement Ltd,0.09,2026-09-17
DMEE,,Hyundai Electric Energy Systems Co Ltd,0.09,2026-09-17
DMEE,,Phison Electronics Corp,0.09,2026-09-17
DMEE,,Acwa Power Co,0.09,2026-09-17
DMEE,,Korea Shipbuilding Offshre Engr Co Ltd,0.09,2026-09-17
DMEE,,ALPHA BANK SA,0.09,2026-09-17
DMEE,,Harmony Gold Mining Co Ltd,0.08,2026-09-17
DMEE,,Divi's Laboratories Ltd,0.08,2026-09-17
DMEE,,Interglobe Aviation Ltd,0.08,2026-09-17
DMEE,,Advanced Info Service PCL,0.08,2026-09-17
DMEE,,Hyundai Heavy Industries Co Ltd,0.08,2026-09-17
DMEE,,Ke Holdings Inc,0.08,2026-09-17
DMEE,,Petro Rio SA,0.08,2026-09-17
DMEE,,Weichai Power Co Ltd Cl H,0.08,2026-09-17
DMEE,,Abu Dhabi Islamic Bank PJSC,0.08,2026-09-17
DMEE,,Zhongji Innolight Co Ltd Cl A,0.08,2026-09-17
DMEE,,Realtek Semiconductor Corp,0.08,2026-09-17
DMEE,,KT&G Corp,0.08,2026-09-17
DMEE,,China Resources Land Ltd,0.08,2026-09-17
DMEE,,Saudi Basic Industries Corp SJSC,0.08,2026-09-17
DMEE,,Sociedad Quimica y Minera de Chile SA - Pfd Cl B,0.08,2026-09-17
DMEE,,Uni-President Enterprises Corp,0.08,2026-09-17
DMEE,,Eicher Motors Ltd,0.08,2026-09-17
DMEE,,King Yuan Electronics Co Ltd,0.08,2026-09-17
DMEE,,Samsung Heavy Industries Co Ltd,0.08,2026-09-17
DMEE,,Vibra Energia SA,0.08,2026-09-17
DMEE,,China CITIC Bank Corp Ltd Cl H,0.08,2026-09-17
DMEE,,Aselsan Elektronik Sanayi Ticaret AS Cl A,0.08,2026-09-17
DMEE,,Grasim Industries Ltd,0.08,2026-09-17
DMEE,,Qatar Islamic Bank QPSC,0.08,2026-09-17
DMEE,,CEZ as,0.08,2026-09-17
DMEE,,Gold Circuit Electronics Ltd,0.08,2026-09-17
DMEE,,LG Chem Ltd,0.08,2026-09-17
DMEE,,Alinma Bank SJSC,0.07,2026-09-17
DMEE,,Bank Mandiri (Persero) Tbk PT,0.07,2026-09-17
DMEE,,Novatek Microelectronics Corp,0.07,2026-09-17
DMEE,,Yangtze Optical Fibre Cable JS Ltd Co - Commn Cl H,0.07,2026-09-17
DMEE,,Riyad Bank SJSC,0.07,2026-09-17
DMEE,,China Hongqiao Group Ltd,0.07,2026-09-17
DMEE,,Equatorial Energia SA,0.07,2026-09-17
DMEE,,Industrias Penoles SAB de CV,0.07,2026-09-17
DMEE,,TVS Motor Co Ltd,0.07,2026-09-17
DMEE,,Banco de Chile,0.07,2026-09-17
DMEE,,Adani Ports and Special Economic Zone Ltd,0.07,2026-09-17
DMEE,,Advantech Co Ltd,0.07,2026-09-17
DMEE,,JSW Steel Ltd,0.07,2026-09-17
DMEE,,Turkiye Petrol Rafinerileri AS Cl A,0.07,2026-09-17
DMEE,,Apollo Hospitals Enterprise Ltd,0.07,2026-09-17
DMEE,,Formosa Plastics Corp,0.07,2026-09-17
DMEE,,Alteogen Inc,0.07,2026-09-17
DMEE,,Latam Airlines Group SA,0.07,2026-09-17
DMEE,,Discovery Ltd,0.07,2026-09-17
DMEE,,Haier Smart Home Co Ltd Cl A,0.07,2026-09-17
DMEE,,Bid Corp Ltd,0.07,2026-09-17
DMEE,,Laurus Labs Ltd,0.07,2026-09-17
DMEE,,Sanlam Ltd,0.07,2026-09-17
DMEE,,WuXi AppTec Co Ltd Cl H,0.07,2026-09-17
DMEE,,Max Healthcare Institute Ltd,0.07,2026-09-17
DMEE,,Alchip Technologies Ltd,0.07,2026-09-17
DMEE,,COSCO SHIPPING Holdings Co Ltd Cl A,0.07,2026-09-17
DMEE,,TATA MOTORS LTD /NEW,0.07,2026-09-17
DMEE,,Sasol Ltd,0.07,2026-09-17
DMEE,,Aldar Properties PJSC,0.07,2026-09-17
DMEE,,ADANI POWER LTD,0.07,2026-09-17
DMEE,,Nongfu Spring Co Ltd Cl H,0.07,2026-09-17
DMEE,,Powerchip Semiconductor Manu Corp,0.07,2026-09-17
DMEE,,Tech Mahindra Ltd,0.07,2026-09-17
DMEE,,Hindustan Aeronautics Ltd,0.07,2026-09-17
DMEE,,Shoprite Holdings Ltd,0.07,2026-09-17
DMEE,,Motherson Sumi Systems Ltd,0.07,2026-09-17
DMEE,,Huazhu Group Ltd - ADR,0.07,2026-09-17
DMEE,,Sibanye Stillwater Ltd,0.07,2026-09-17
DMEE,,Falabella SA,0.06,2026-09-17
DMEE,,People's Insurance Co Grp of China Ltd - Comn Cl H,0.06,2026-09-17
DMEE,,SBI Life Insurance Co Ltd,0.06,2026-09-17
DMEE,,Nestle India Ltd,0.06,2026-09-17
DMEE,,Press Metal Aluminium Holdings Bhd,0.06,2026-09-17
DMEE,,SABIC Agri-Nutrients Co,0.06,2026-09-17
DMEE,,Compeq Manufacturing Co Ltd,0.06,2026-09-17
DMEE,,Doosan Corp,0.06,2026-09-17
DMEE,,Tripod Technology Corp,0.06,2026-09-17
DMEE,,Taiwan Cooperative Financl Hldg Co Ltd,0.06,2026-09-17
DMEE,,Asian Paints Ltd,0.06,2026-09-17
DMEE,,New Oriental Education & Tech Grp Inc,0.06,2026-09-17
DMEE,,ZTO Express Inc,0.06,2026-09-17
DMEE,,Xpeng Inc Cl A,0.06,2026-09-17
DMEE,,One 97 Communications Ltd,0.06,2026-09-17
DMEE,,Cholamandalam Invsmt Finance Co Ltd,0.06,2026-09-17
DMEE,,Saudi British Bank SJSC,0.06,2026-09-17
DMEE,,Trent Ltd,0.06,2026-09-17
DMEE,,Xp Inc Cl A,0.06,2026-09-17
DMEE,,BIM Birlesik Magazalar AS Cl A,0.06,2026-09-17
DMEE,,Li Auto Inc Cl A,0.06,2026-09-17
DMEE,,Cipla Ltd,0.06,2026-09-17
DMEE,,China Yangtze Power Co Ltd Cl A,0.06,2026-09-17
DMEE,,Telkom Indonesia (Persero) Tbk PT,0.06,2026-09-17
DMEE,,China Gold Intl Resources Corp Ltd,0.06,2026-09-17
DMEE,,Formosa Chemicals & Fibre Corp,0.06,2026-09-17
DMEE,,Airports of Thailand PCL,0.06,2026-09-17
DMEE,,Foxconn Industrial Internet Co Ltd Cl A,0.06,2026-09-17
DMEE,,Banco de Credito e Inversiones,0.06,2026-09-17
DMEE,,Grupo Aeroportuario Pacifico SAB CV,0.06,2026-09-17
DMEE,,Cambricon Technologies Corp Ltd Cl A,0.06,2026-09-17
DMEE,,SK Innovation Co Ltd,0.06,2026-09-17
DMEE,,CITIC Ltd,0.06,2026-09-17
DMEE,,Cummins India Ltd,0.06,2026-09-17
DMEE,,Sunny Optical Technology Group Co Ltd,0.06,2026-09-17
DMEE,,Evergreen Marine Corp Taiwan Ltd,0.06,2026-09-17
DMEE,,WuXi AppTec Co Ltd Cl A,0.06,2026-09-17
DMEE,,Adani Enterprises Ltd,0.06,2026-09-17
DMEE,,Globalwafers Co Ltd,0.06,2026-09-17
DMEE,,Nan Ya Printed Circuit Board Corp,0.06,2026-09-17
DMEE,,Public Power Corp SA Cl R,0.06,2026-09-17
DMEE,,Bangkok Dusit Medical Services PCL,0.06,2026-09-17
DMEE,,Genscript Biotech Corp,0.06,2026-09-17
DMEE,,ITC Ltd,0.06,2026-09-17
DMEE,,CP All PCL,0.06,2026-09-17
DMEE,,Federal Bank Ltd,0.06,2026-09-17
DMEE,,Fuyao Glass Industry Group Co Ltd Cl A,0.06,2026-09-17
DMEE,,Bajaj Auto Ltd,0.06,2026-09-17
DMEE,,Banco do Brasil SA,0.06,2026-09-17
DMEE,,Banque Saudi Fransi SJSC,0.06,2026-09-17
DMEE,,New China Life Insurance Co Ltd Cl A,0.06,2026-09-17
DMEE,,Hanmi Semiconductor Co Ltd,0.06,2026-09-17
DMEE,,Nedbank Group Ltd,0.06,2026-09-17
DMEE,,Daum Communications Corp,0.06,2026-09-17
DMEE,,Hyundai Engr Construction Co Ltd,0.06,2026-09-17
DMEE,,Dr Reddy's Laboratories Ltd,0.05,2026-09-17
DMEE,,Akeso Inc,0.05,2026-09-17
DMEE,,Commercial Intl Bank Egypt SAE,0.05,2026-09-17
DMEE,,Cia Paranaense de Energia,0.05,2026-09-17
DMEE,,Yanzhou Coal Mining Co Ltd Cl A,0.05,2026-09-17
DMEE,,BSE Ltd,0.05,2026-09-17
DMEE,,Dubai Islamic Bank PJSC,0.05,2026-09-17
DMEE,,SK Telecom Co Ltd,0.05,2026-09-17
DMEE,,LG Corp,0.05,2026-09-17
DMEE,,Hyundai Heavy Industries Hldgs Co Ltd,0.05,2026-09-17
DMEE,,Korea Aerospace Industries Ltd,0.05,2026-09-17
DMEE,,Central Pattana PCL,0.05,2026-09-17
DMEE,,CG Power and Industrial Solutions Ltd,0.05,2026-09-17
DMEE,,Daewoo Shipbuilding Marine Engr Co Ltd,0.05,2026-09-17
DMEE,,Coal India Ltd,0.05,2026-09-17
DMEE,,China Steel Corp,0.05,2026-09-17
DMEE,,PB Fintech Ltd,0.05,2026-09-17
DMEE,,Chang Hwa Commercial Bank Ltd,0.05,2026-09-17
DMEE,,Dubai Electricity and Water Authorty PJSC,0.05,2026-09-17
DMEE,,Hyundai Rotem Co,0.05,2026-09-17
DMEE,,Localiza Rent a Car SA,0.05,2026-09-17
DMEE,,Hero MotoCorp Ltd,0.05,2026-09-17
DMEE,,Rede D'Or Sao Luiz SA,0.05,2026-09-17
DMEE,,Grupo de Inversiones Suramericana SA - Pfd,0.05,2026-09-17
DMEE,,Guotai Junan Securities Co Ltd,0.05,2026-09-17
DMEE,,COFORGE LIMITED,0.05,2026-09-17
DMEE,,Eoptolink Technology Inc Ltd Cl A,0.05,2026-09-17
DMEE,,IDFC First Bank Ltd,0.05,2026-09-17
DMEE,,NIO Inc,0.05,2026-09-17
DMEE,,Gerdau SA - Pfd,0.05,2026-09-17
DMEE,,Jio Financial Services Ltd,0.05,2026-09-17
DMEE,,Northam Platinum Holdings Ltd,0.05,2026-09-17
DMEE,,Full Truck Alliance Co Ltd - ADR Cl A,0.05,2026-09-17
DMEE,,MOL HUNGARIAN OIL AND GAS PL,0.05,2026-09-17
DMEE,,Etihad Etisalat Co SJSC,0.05,2026-09-17
DMEE,,Indian Hotels Co Ltd,0.05,2026-09-17
DMEE,,Astra International Tbk PT,0.05,2026-09-17
DMEE,,NAURA Technology Group Co Ltd Cl A,0.05,2026-09-17
DMEE,,Indusind Bank Ltd,0.05,2026-09-17
DMEE,,GE T&D India Ltd,0.05,2026-09-17
DMEE,,LIG Nex1 Co Ltd,0.05,2026-09-17
DMEE,,Far EasTone Telecommunications Co Ltd,0.05,2026-09-17
DMEE,,Eneva SA,0.05,2026-09-17
DMEE,,China Molybdenum Co Ltd Cl A,0.05,2026-09-17
DMEE,,Siam Cement PCL,0.05,2026-09-17
DMEE,,HDFC Standard Life Insurance Co Ltd,0.05,2026-09-17
DMEE,,APR Co Ltd,0.05,2026-09-17
DMEE,,Ecopro Co Ltd,0.05,2026-09-17
DMEE,,Suzano SA,0.05,2026-09-17
DMEE,,Tenaga Nasional Bhd,0.05,2026-09-17
DMEE,,Bharat Heavy Electricals Ltd,0.05,2026-09-17
DMEE,,Bharat Petroleum Corp Ltd,0.05,2026-09-17
DMEE,,Hygon Information Technology Co Ltd Cl A,0.05,2026-09-17
DMEE,,AU Small Finance Bank Ltd,0.05,2026-09-17
DMEE,,ENN Energy Holdings Ltd,0.05,2026-09-17
DMEE,,Tata Consumer Products Ltd,0.05,2026-09-17
DMEE,,Ultrapar Participacoes SA,0.05,2026-09-17
DMEE,,Zijin Mining Group Co Ltd Cl A,0.05,2026-09-17
DMEE,,AU Optronics Corp,0.05,2026-09-17
DMEE,,Tata Power Co Ltd,0.05,2026-09-17
DMEE,,Samsung Engineering Co Ltd,0.05,2026-09-17
DMEE,,Persistent Systems Ltd,0.05,2026-09-17
DMEE,,Taiwan Mobile Co Ltd,0.05,2026-09-17
DMEE,,Bajaj Finserv Ltd,0.05,2026-09-17
DMEE,,Dr Sulaiman Al-Habib Mdcl Svcs Grp Co,0.05,2026-09-17
DMEE,,Bharat Forge Ltd,0.05,2026-09-17
DMEE,,Powertech Technology Inc,0.05,2026-09-17
DMEE,,DB Insurance Co Ltd,0.05,2026-09-17
DMEE,,MMG Ltd,0.05,2026-09-17
DMEE,,International Games System Co Ltd,0.05,2026-09-17
DMEE,,Tata Motors Ltd,0.05,2026-09-17
DMEE,,SenseTime Group Inc,0.05,2026-09-17
DMEE,,Varun Beverages Ltd,0.05,2026-09-17
DMEE,,Vanguard Intl Semiconductor Corp,0.05,2026-09-17
DMEE,,J&T Global Express Ltd,0.05,2026-09-17
DMEE,,Motor Oil Hellas Corinth Refineries SA - Comn Cl R,0.05,2026-09-17
DMEE,,Shanghai Commercial & Savings Bank Ltd,0.05,2026-09-17
DMEE,,Shenzhen Goodix Technology Co Ltd Cl A,0.05,2026-09-17
DMEE,,Kanzhun Ltd - ADR,0.05,2026-09-17
DMEE,,Airtac International Group,0.05,2026-09-17
DMEE,,Mirae Asset Securities Co Ltd,0.05,2026-09-17
DMEE,,Oil and Natural Gas Corp Ltd,0.05,2026-09-17
DMEE,,Shengyi Technology Co Ltd Cl A,0.05,2026-09-17
DMEE,,China Overseas Land & Investment Ltd,0.04,2026-09-17
DMEE,,Hansoh Pharmaceutical Group Co Ltd,0.04,2026-09-17
DMEE,,Montage Technology Co Ltd Cl A,0.04,2026-09-17
DMEE,,Banco Santander-Chile,0.04,2026-09-17
DMEE,,Ecopetrol SA,0.04,2026-09-17
DMEE,,GigaDevice Semiconductor Beijing Inc Cl A,0.04,2026-09-17
DMEE,,Arab National Bank,0.04,2026-09-17
DMEE,,eMemory Technology Inc,0.04,2026-09-17
DMEE,,Meritz Financial Group Inc,0.04,2026-09-17
DMEE,,Almarai Co SJSC,0.04,2026-09-17
DMEE,,Suzlon Energy Ltd,0.04,2026-09-17
DMEE,,PTT Exploration and Production PCL,0.04,2026-09-17
DMEE,,Gamuda Bhd,0.04,2026-09-17
DMEE,,WinWay Technology Co Ltd,0.04,2026-09-17
DMEE,,Samsung SDS Co Ltd,0.04,2026-09-17
DMEE,,Horizon Robotics,0.04,2026-09-17
DMEE,,Gigabyte Technology Co Ltd,0.04,2026-09-17
DMEE,,Krung Thai Bank PCL,0.04,2026-09-17
DMEE,,Vodacom Group Ltd,0.04,2026-09-17
DMEE,,Korea Electric Power Corp,0.04,2026-09-17
DMEE,,Torrent Pharmaceuticals Ltd,0.04,2026-09-17
DMEE,,WPG Holdings Ltd,0.04,2026-09-17
DMEE,,Richter Gedeon Vegyeszeti Gyar Nyrt,0.04,2026-09-17
DMEE,,Bank Albilad SJSC,0.04,2026-09-17
DMEE,,COSCO Shipping Engy Transporttn Co Ltd - Comn Cl H,0.04,2026-09-17
DMEE,,LG Innotek Co Ltd,0.04,2026-09-17
DMEE,,Everdisplay Optronic Shanghai Co Ltd Cl A,0.04,2026-09-17
DMEE,,Fortis Healthcare Ltd,0.04,2026-09-17
DMEE,,Vista Oil & Gas SAB de CV - ADR Sr A,0.04,2026-09-17
DMEE,,Korea Investment Holdings Co Ltd,0.04,2026-09-17
DMEE,,Avenue Supermarts Ltd,0.04,2026-09-17
DMEE,,Dixon Technologies (India) Ltd,0.04,2026-09-17
DMEE,,Coca-Cola Femsa SAB de CV - Units,0.04,2026-09-17
DMEE,,Lupin Ltd,0.04,2026-09-17
DMEE,,China Tower Corp Ltd Cl H,0.04,2026-09-17
DMEE,,ADNOC Gas PLC,0.04,2026-09-17
DMEE,,Agricultural Bank of China Ltd Cl A,0.04,2026-09-17
DMEE,,Hyundai Glovis Co Ltd,0.04,2026-09-17
DMEE,,Raia Drogasil SA,0.04,2026-09-17
DMEE,,Shanghai Belling Corp Ltd Cl A,0.04,2026-09-17
DMEE,,HDFC Asset Management Co Ltd,0.04,2026-09-17
DMEE,,Shandong Gold Mining Co Ltd Cl A,0.04,2026-09-17
DMEE,,Postal Savings Bank of China Co Ltd Cl H,0.04,2026-09-17
DMEE,,Britannia Industries Ltd,0.04,2026-09-17
DMEE,,AAC Technologies Holdings Inc,0.04,2026-09-17
DMEE,,Indus Towers Ltd,0.04,2026-09-17
DMEE,,Aurobindo Pharma Ltd,0.04,2026-09-17
DMEE,,China Minsheng Banking Corp Ltd Cl H,0.04,2026-09-17
DMEE,,Telekom Malaysia Bhd,0.04,2026-09-17
DMEE,,Prologis Property Mexico SA de CV,0.04,2026-09-17
DMEE,,Tsingtao Brewery Co Ltd Cl H,0.04,2026-09-17
DMEE,,Ind and Commercial Bank of China Ltd Cl A,0.04,2026-09-17
DMEE,,Interconnection Electric SA ESP,0.04,2026-09-17
DMEE,,China Resources Power Holdings Co Ltd,0.04,2026-09-17
DMEE,,ZTE Corp Cl H,0.04,2026-09-17
DMEE,,Adani Transmission Ltd,0.04,2026-09-17
DMEE,,Solar Industries India Ltd,0.04,2026-09-17
DMEE,,Luxshare Precision Industry Co Ltd Cl A,0.04,2026-09-17
DMEE,,Ashok Leyland Ltd,0.04,2026-09-17
DMEE,,Bidvest Group Ltd,0.04,2026-09-17
DMEE,,Kasikornbank PCL,0.04,2026-09-17
DMEE,,Telefonica Brasil SA,0.04,2026-09-17
DMEE,,China Molybdenum Co Ltd Cl H,0.04,2026-09-17
DMEE,,Pegatron Corp,0.04,2026-09-17
DMEE,,Posco Chemical Co Ltd,0.04,2026-09-17
DMEE,,Fibra Uno Administracion SA de CV,0.04,2026-09-17
DMEE,,GEK TERNA Hdgs Real Estate Const SA Cl R,0.04,2026-09-17
DMEE,,Remgro Ltd,0.04,2026-09-17
DMEE,,Anhui Conch Cement Co Ltd Cl H,0.04,2026-09-17
DMEE,,Jiangsu Hengrui Pharmaceuticals Co Ltd - Comn Cl A,0.04,2026-09-17
DMEE,,CGN Power Co Ltd,0.04,2026-09-17
DMEE,,Gongniu Group Co Ltd Cl A,0.04,2026-09-17
DMEE,,S-Oil Corp,0.04,2026-09-17
DMEE,,Grupo Financiero Inbursa SAB de CV,0.04,2026-09-17
DMEE,,MULTI COMMODITY EXCH INDIA,0.04,2026-09-17
DMEE,,AXIA ENERGIA PR C,0.04,2026-09-17
DMEE,,Akbank TAS Cl A,0.04,2026-09-17
DMEE,,Tencent Music Entertainment Group - ADR Cl A,0.04,2026-09-17
DMEE,,Industries Qatar QPSC,0.04,2026-09-17
DMEE,,Swiggy Ltd,0.04,2026-09-17
DMEE,,Hotai Motor Co Ltd,0.04,2026-09-17
DMEE,,Arca Continental SAB de CV,0.04,2026-09-17
DMEE,,Taiwan Cement Corp,0.04,2026-09-17
DMEE,,Silergy Corp,0.04,2026-09-17
DMEE,,Sesa Sterlite Ltd,0.04,2026-09-17
DMEE,,AMMB Holdings Bhd,0.04,2026-09-17
DMEE,,Lotes Co Ltd,0.04,2026-09-17
DMEE,,JD Health International Inc,0.04,2026-09-17
DMEE,,Max Financial Services Ltd,0.04,2026-09-17
DMEE,,Inventec Corp,0.04,2026-09-17
DMEE,,YTL Power International Bhd,0.04,2026-09-17
DMEE,,Compal Electronics Inc,0.04,2026-09-17
DMEE,,ABB Power Products Systems India Ltd,0.04,2026-09-17
DMEE,,OUTsurance Group Ltd,0.04,2026-09-17
DMEE,,Bilibili Inc,0.04,2026-09-17
DMEE,,Klabin SA - Units,0.04,2026-09-17
DMEE,,DLF Ltd,0.04,2026-09-17
DMEE,,Suzhou Dongshan Precision Manufactring - Comn Cl A,0.04,2026-09-17
DMEE,,Tal Education Group - ADR,0.04,2026-09-17
DMEE,,Bumi Resources Minerals Tbk PT,0.04,2026-09-17
DMEE,,Taiwan Business Bank Ltd,0.04,2026-09-17
DMEE,,Adani Green Energy Ltd,0.04,2026-09-17
DMEE,,CIG SHANGHAI CO LTD H,0.04,2026-09-17
DMEE,,Boubyan Bank KSCP,0.04,2026-09-17
DMEE,,Shennan Circuits Co Ltd Cl A,0.04,2026-09-17
DMEE,,GF Securities Co Ltd Cl H,0.04,2026-09-17
DMEE,,Muyuan Foods Co Ltd Cl A,0.04,2026-09-17
DMEE,,Huatai Securities Co Ltd Cl A,0.04,2026-09-17
DMEE,,Mobile Telecommunications Co KSCP,0.04,2026-09-17
DMEE,,RHB Bank Bhd,0.04,2026-09-17
DMEE,,Pepkor Holdings Ltd,0.04,2026-09-17
DMEE,,Walsin Lihwa Corp,0.03,2026-09-17
DMEE,,Grupo Aeroportuario del Sureste SAB CV - Comn Cl B,0.03,2026-09-17
DMEE,,Info Edge (India) Ltd,0.03,2026-09-17
DMEE,,BOE Technology Group Co Ltd Cl A,0.03,2026-09-17
DMEE,,BB Seguridade Participacoes SA,0.03,2026-09-17
DMEE,,China United Network Comms Ltd Cl A,0.03,2026-09-17
DMEE,,Commercial Bank PSQC,0.03,2026-09-17
DMEE,,Gulf Bank KSCP,0.03,2026-09-17
DMEE,,Zhaojin Mining Industry Co Ltd Cl H,0.03,2026-09-17
DMEE,,Chaozhou Three-circle Group Co Ltd Cl A,0.03,2026-09-17
DMEE,,Clicks Group Ltd,0.03,2026-09-17
DMEE,,Yes Bank Ltd,0.03,2026-09-17
DMEE,,Old Mutual Ltd,0.03,2026-09-17
DMEE,,Power Finance Corp Ltd,0.03,2026-09-17
DMEE,,APL Apollo Tubes Ltd,0.03,2026-09-17
DMEE,,CITIC Securities Co Ltd Cl H,0.03,2026-09-17
DMEE,,3SBio Inc,0.03,2026-09-17
DMEE,,Victory Giant Tech HuiZhou Co Ltd Cl A,0.03,2026-09-17
DMEE,,Idea Cellular Ltd,0.03,2026-09-17
DMEE,,Cia Energetica de Minas Gerais Cemig - Pfd,0.03,2026-09-17
DMEE,,Advanced Micro-Fabric Eqmt Inc China Cl A,0.03,2026-09-17
DMEE,,Energisa SA - Units,0.03,2026-09-17
DMEE,,Bank of Cyprus Holdings PLC,0.03,2026-09-17
DMEE,,Radico Khaitan Ltd,0.03,2026-09-17
DMEE,,United Spirits Ltd,0.03,2026-09-17
DMEE,,China Railway Group Ltd Cl H,0.03,2026-09-17
DMEE,,WuXi XDC Cayman Inc,0.03,2026-09-17
DMEE,,China Coal Energy Co Ltd Cl H,0.03,2026-09-17
DMEE,,Al ELM Information Security Co CJSC,0.03,2026-09-17
DMEE,,Jindal Steel and Power Ltd,0.03,2026-09-17
DMEE,,Masraf Al Rayan QPSC,0.03,2026-09-17
DMEE,,Chailease Holding Co Ltd,0.03,2026-09-17
DMEE,,Bumrungrad Hospital PCL,0.03,2026-09-17
DMEE,,Shenzhen Mindry Bio-Med Elctr Co Ltd Cl A,0.03,2026-09-17
DMEE,,Grupo Bimbo SAB de CV Cl A,0.03,2026-09-17
DMEE,,Totvs SA,0.03,2026-09-17
DMEE,,SRF Ltd,0.03,2026-09-17
DMEE,,GAIL (India) Ltd,0.03,2026-09-17
DMEE,,LS Corp,0.03,2026-09-17
DMEE,,ICICI Lombard General Insurance Co Ltd,0.03,2026-09-17
DMEE,,SCB X PCL,0.03,2026-09-17
DMEE,,Embassy Office Parks REIT - Units,0.03,2026-09-17
DMEE,,ABB India Ltd,0.03,2026-09-17
DMEE,,Sona BLW Precision Forgings Ltd,0.03,2026-09-17
DMEE,,Phoenix Mills Ltd,0.03,2026-09-17
DMEE,,MINIMAX GROUP INC,0.03,2026-09-17
DMEE,,BDO Unibank Inc,0.03,2026-09-17
DMEE,,Glenmark Pharmaceuticals Ltd,0.03,2026-09-17
DMEE,,Li Ning Co Ltd,0.03,2026-09-17
DMEE,,Central Retail Corp PCL,0.03,2026-09-17
DMEE,,Grupo Carso SAB de CV,0.03,2026-09-17
DMEE,,Bosch Ltd,0.03,2026-09-17
DMEE,,PTT Global Chemical PCL,0.03,2026-09-17
DMEE,,China CSSC Holdings Ltd Cl A,0.03,2026-09-17
DMEE,,Formosa Petrochemical Corp,0.03,2026-09-17
DMEE,,DESTEK FINANS FAKTORING AS,0.03,2026-09-17
DMEE,,Apar Industries Ltd,0.03,2026-09-17
DMEE,,EcoPro BM Co Ltd,0.03,2026-09-17
DMEE,,Guangdong Investment Ltd,0.03,2026-09-17
DMEE,,Adnoc Drilling Co PJSC,0.03,2026-09-17
DMEE,,GDS Holdings Ltd Cl A,0.03,2026-09-17
DMEE,,Turk Hava Yollari AO Cl A,0.03,2026-09-17
DMEE,,Suzhou TFC Optical Communictn Co Ltd Cl A,0.03,2026-09-17
DMEE,,Polycab India Ltd,0.03,2026-09-17
DMEE,,Hisense Home Appliances Group Co Ltd Cl H,0.03,2026-09-17
DMEE,,Wus Printed Circuit Kunshan Co Ltd Cl A,0.03,2026-09-17
DMEE,,Bank of the Philippine Islands,0.03,2026-09-17
DMEE,,True Corp PCL,0.03,2026-09-17
DMEE,,National Aluminium Co Ltd,0.03,2026-09-17
DMEE,,IHH Healthcare Bhd,0.03,2026-09-17
DMEE,,AMMAN MINERAL INTERNASIONAL,0.03,2026-09-17
DMEE,,Pidilite Industries Ltd,0.03,2026-09-17
DMEE,,WT Microelectronics Co Ltd,0.03,2026-09-17
DMEE,,Sany Heavy Industry Co Ltd Cl A,0.03,2026-09-17
DMEE,,MakeMyTrip Ltd,0.03,2026-09-17
DMEE,,Great Wall Motor Co Ltd Cl H,0.03,2026-09-17
DMEE,,Kunlun Energy Co Ltd,0.03,2026-09-17
DMEE,,Shenzhou International Group Hldgs Ltd,0.03,2026-09-17
DMEE,,Jiangxi Copper Co Ltd Cl A,0.03,2026-09-17
DMEE,,SM Investments Corp,0.03,2026-09-17
DMEE,,Sinotruk Hong Kong Ltd,0.03,2026-09-17
DMEE,,Chongqing Changan Automobile Co Ltd Cl A,0.03,2026-09-17
DMEE,,Komercni Banka as,0.03,2026-09-17
DMEE,,Fsn E-Commerce Ventures Ltd,0.03,2026-09-17
DMEE,,JBS NV A,0.03,2026-09-17
DMEE,,Kingdee Intl Software Grp Co Ltd,0.03,2026-09-17
DMEE,,Korea Zinc Inc,0.03,2026-09-17
DMEE,,Samsung Securities Co Ltd,0.03,2026-09-17
DMEE,,Bank Negara Indonesia (Persero) Tbk PT,0.03,2026-09-17
DMEE,,Krafton Inc,0.03,2026-09-17
DMEE,,China National Nuclear Power Co Ltd Cl A,0.03,2026-09-17
DMEE,,Ganfeng Lithium Co Ltd Cl H,0.03,2026-09-17
DMEE,,S.F. Holding Co Ltd Cl H,0.03,2026-09-17
DMEE,,Indian Oil Corp Ltd,0.03,2026-09-17
DMEE,,E Ink Holdings Inc,0.03,2026-09-17
DMEE,,Ooredoo QPSC,0.03,2026-09-17
DMEE,,Fortune Electric Co Ltd,0.03,2026-09-17
DMEE,,Alpha Dhabi Holding PJSC,0.03,2026-09-17
DMEE,,Godrej Consumer Products Ltd,0.03,2026-09-17
DMEE,,Qatar International Islamic Bank QPSC,0.03,2026-09-17
DMEE,,Haci Omer Sabanci Holding AS,0.03,2026-09-17
DMEE,,Hindustan Petroleum Corp Ltd,0.03,2026-09-17
DMEE,,Rumo SA,0.03,2026-09-17
DMEE,,Southwest Securities Co Ltd Cl A,0.03,2026-09-17
DMEE,,Bupa Arabia Cooperative Inurnc Co SJSC,0.03,2026-09-17
DMEE,,Samyang Foods Co Ltd,0.03,2026-09-17
DMEE,,China Taiping Insurance Hldgs Co Ltd,0.03,2026-09-17
DMEE,,Shanghai Electric Group Co Ltd Cl H,0.03,2026-09-17
DMEE,,Koc Holding AS,0.03,2026-09-17
DMEE,,Emaar Development PJSC,0.03,2026-09-17
DMEE,,Grupo Energia Bogota SA ESP,0.03,2026-09-17
DMEE,,Kimberly-Clark de Mexico SAB de CV Cl A,0.03,2026-09-17
DMEE,,Siemens Ltd,0.03,2026-09-17
DMEE,,Jarir Marketing Co SJSC,0.03,2026-09-17
DMEE,,Marico Ltd,0.03,2026-09-17
DMEE,,President Chain Store Corp,0.03,2026-09-17
DMEE,,Tim SA,0.03,2026-09-17
DMEE,,Wuliangye Yibin Co Ltd Cl A,0.03,2026-09-17
DMEE,,ATHER ENERGY LTD,0.03,2026-09-17
DMEE,,Industrial Bank Co Ltd Cl A,0.03,2026-09-17
DMEE,,Hanwha Systems Co Ltd,0.03,2026-09-17
DMEE,,Livzon Pharmaceutical Group Inc Cl H,0.03,2026-09-17
DMEE,,Petronas Gas Bhd,0.03,2026-09-17
DMEE,,HMM Co Ltd,0.03,2026-09-17
DMEE,,Beijing-Shanghai High Spd Rlwy Co Ltd - Commn Cl A,0.03,2026-09-17
DMEE,,NARI Technology Co Ltd Cl A,0.03,2026-09-17
DMEE,,REC Ltd,0.03,2026-09-17
DMEE,,Co for Cooperative Insurance SJSC,0.03,2026-09-17
DMEE,,LENS TECHNOLOGY CO LTD H,0.03,2026-09-17
DMEE,,Hellenic Telecomms Organization SA,0.03,2026-09-17
DMEE,,BUSY MING GROUP CO LTD H,0.03,2026-09-17
DMEE,,ZHEJIANG SANHUA INTELLIGEN H,0.03,2026-09-17
DMEE,,Grupo Aeroportuario Cntro Norte SAB CV - Comn Cl B,0.03,2026-09-17
DMEE,,China World Trade Center Co Ltd Cl A,0.03,2026-09-17
DMEE,,Warba Bank KSCP,0.03,2026-09-17
DMEE,,Nanjing Securities Co Ltd Cl A,0.03,2026-09-17
DMEE,,YUANJIE SEMICONDUCTOR TECH A,0.03,2026-09-17
DMEE,,Vipshop Holdings Ltd - ADR,0.03,2026-09-17
DMEE,,China Nonferrous Mining Corp Ltd,0.03,2026-09-17
DMEE,,China Resources Beer Holdings Co Ltd,0.03,2026-09-17
DMEE,,CRRC Corp Ltd Cl H,0.03,2026-09-17
DMEE,,Zoomlion Heavy Ind Science Tech Co Ltd - Comn Cl H,0.03,2026-09-17
DMEE,,IPCA Laboratories Ltd,0.03,2026-09-17
DMEE,,Hong Leong Bank Bhd,0.03,2026-09-17
DMEE,,Zai Lab Ltd,0.03,2026-09-17
DMEE,,Sinopharm Group Co Ltd Cl H,0.03,2026-09-17
DMEE,,Kingsoft Corp Ltd,0.03,2026-09-17
DMEE,,KEI Industries Ltd,0.03,2026-09-17
DMEE,,Hyundai Motor Co - Pfd,0.03,2026-09-17
DMEE,,Ambuja Cements Ltd,0.03,2026-09-17
DMEE,,Teco Electric & Machinery Co Ltd,0.03,2026-09-17
DMEE,,Sinotrans Ltd Cl A,0.03,2026-09-17
DMEE,,Macrotech Developers Ltd,0.03,2026-09-17
DMEE,,Wipro Ltd,0.03,2026-09-17
DMEE,,Aluminum Corp of China Ltd Cl A,0.03,2026-09-17
DMEE,,China Longyuan Power Group Corp Ltd Cl H,0.03,2026-09-17
DMEE,,China Resources Mixc Lifstyle Svcs Ltd,0.03,2026-09-17
DMEE,,KakaoBank Corp,0.03,2026-09-17
DMEE,,Tube Investments of India Ltd,0.03,2026-09-17
DMEE,,Eva Airways Corp,0.03,2026-09-17
DMEE,,East Money Information Co Ltd Cl A,0.03,2026-09-17
DMEE,,HBIS Co Ltd Cl A,0.03,2026-09-17
DMEE,,Bank of Ningbo Co Ltd Cl A,0.03,2026-09-17
DMEE,,China International Capital Corp Ltd Cl A,0.03,2026-09-17
DMEE,,Synnex Technology International Corp,0.03,2026-09-17
DMEE,,Sundaram Finance Ltd,0.03,2026-09-17
DMEE,,Korean Air Lines Co Ltd,0.03,2026-09-17
DMEE,,Sichuan Kelun-Biotech Biopharm Ltd Cl H,0.03,2026-09-17
DMEE,,Ubtech Robotics Corp Ltd Cl H,0.03,2026-09-17
DMEE,,Aditya Birla Capital Ltd,0.03,2026-09-17
DMEE,,Yang Ming Marine Transport Corp,0.03,2026-09-17
DMEE,,UPL Ltd,0.03,2026-09-17
DMEE,,360 One Wam Ltd,0.03,2026-09-17
DMEE,,Union Bank of India Ltd,0.03,2026-09-17
DMEE,,Qatar Gas Transport Nakilt Co Ltd QPSC,0.03,2026-09-17
DMEE,,UMM AL QURA FOR DEVELOPMENT,0.03,2026-09-17
DMEE,,Shaanxi Coal Industry Co Ltd Cl A,0.03,2026-09-17
DMEE,,Foshan Haitian Flavouring Food Co Ltd - Commn Cl A,0.03,2026-09-17
DMEE,,Wanhua Chemical Group Co Ltd Cl A,0.03,2026-09-17
DMEE,,Voltas Ltd,0.03,2026-09-17
DMEE,,Yanbu National Petrochemicals Co SJSC,0.03,2026-09-17
DMEE,,Turkcell Iletisim Hizmetleri AS,0.03,2026-09-17
DMEE,,PetroChina Co Ltd Cl A,0.03,2026-09-17
DMEE,,Taichung Commercial Bank Co Ltd,0.03,2026-09-17
DMEE,,Abu Dhabi National Oil Co Dist PJSC,0.03,2026-09-17
DMEE,,Jumbo SA Cl R,0.03,2026-09-17
DMEE,,Colgate-Palmolive (India) Ltd,0.03,2026-09-17
DMEE,,Avary Holding Shenzhen Co Ltd Cl A,0.03,2026-09-17
DMEE,,SIEMENS ENERGY INDIA LTD,0.03,2026-09-17
DMEE,,Saudi Investment Bank SJSC,0.03,2026-09-17
DMEE,,INNOSCIENCE SUZHOU TECHNOL H,0.03,2026-09-17
DMEE,,Telecom Egypt Co SAE,0.03,2026-09-17
DMEE,,Caliway Biopharmaceuticals Co Ltd,0.03,2026-09-17
DMEE,,Motiva Infraestrutura de Mobilidade SA,0.03,2026-09-17
DMEE,,Yangtze Opt Fbr & Cbl Jt Stck Ltd Co Cl A,0.03,2026-09-17
DMEE,,LTIMindtree Ltd,0.03,2026-09-17
DMEE,,TMBThanachart Bank PCL,0.02,2026-09-17
DMEE,,Will Semiconductor Co Ltd Shanghai Cl A,0.02,2026-09-17
DMEE,,Inner Mongolia Junzhng Engy Chm Co Ltd - Comn Cl A,0.02,2026-09-17
DMEE,,Eregli Demir ve Celik Fabrikalari TAS - Commn Cl A,0.02,2026-09-17
DMEE,,Sime Darby Plantation Bhd,0.02,2026-09-17
DMEE,,WANGUO GOLD GROUP LTD,0.02,2026-09-17
DMEE,,Zhejiang Leapmotor Technology Co Ltd Cl H,0.02,2026-09-17
DMEE,,Shenzhen Inovance Technology Co Ltd Cl A,0.02,2026-09-17
DMEE,,China Galaxy Securities Co Ltd Cl H,0.02,2026-09-17
DMEE,,Barito Renewables Energy PT Tbk,0.02,2026-09-17
DMEE,,Nanjing Iron & Steel Co Ltd Cl A,0.02,2026-09-17
DMEE,,Kuala Lumpur Kepong Bhd,0.02,2026-09-17
DMEE,,China Merchants Port Holdings Co Ltd,0.02,2026-09-17
DMEE,,MLP Saglik Hizmetleri AS,0.02,2026-09-17
DMEE,,Yunnan Copper Co Ltd Cl A,0.02,2026-09-17
DMEE,,Exxaro Resources Ltd,0.02,2026-09-17
DMEE,,Yapi ve Kredi Bankasi AS Cl A,0.02,2026-09-17
DMEE,,RemeGen Co Ltd Cl A,0.02,2026-09-17
DMEE,,Tingyi Holding Corp,0.02,2026-09-17
DMEE,,Prestige Estates Projects Ltd,0.02,2026-09-17
DMEE,,Jiangsu Yanghe Brewery JSC Ltd Cl A,0.02,2026-09-17
DMEE,,GoTo Gojek Tokopedia PT Tbk,0.02,2026-09-17
DMEE,,SDIC Capital Co Ltd Cl A,0.02,2026-09-17
DMEE,,HengTen Networks Group Ltd,0.02,2026-09-17
DMEE,,CSG NV,0.02,2026-09-17
DMEE,,China Jushi Co Ltd Cl A,0.02,2026-09-17
DMEE,,Cencosud SA,0.02,2026-09-17
DMEE,,Turkiye Is Bankasi AS,0.02,2026-09-17
DMEE,,Dar Al Arkan RE Dvlpmt Co SJSC,0.02,2026-09-17
DMEE,,INNOCARE PHARMA LTD A,0.02,2026-09-17
DMEE,,China Everbright Environment Group Ltd,0.02,2026-09-17
DMEE,,United Tractors Tbk PT,0.02,2026-09-17
DMEE,,TIME dotCom Bhd,0.02,2026-09-17
DMEE,,IOI Corp Bhd,0.02,2026-09-17
DMEE,,Thai Oil PCL,0.02,2026-09-17
DMEE,,Oracle Financial Services Software Ltd,0.02,2026-09-17
DMEE,,Everbright Securities Co Ltd Cl A,0.02,2026-09-17
DMEE,,Vishal Mega Mart Ltd,0.02,2026-09-17
DMEE,,Hyundai Motor India Ltd,0.02,2026-09-17
DMEE,,Henan Mingtai Al.Industrial Co Ltd Cl A,0.02,2026-09-17
DMEE,,Hankook Tire & Technology Co Ltd,0.02,2026-09-17
DMEE,,Reinet Investments SCA,0.02,2026-09-17
DMEE,,Bajaj Holdings and Investment Ltd,0.02,2026-09-17
DMEE,,Sinolink Securities Co Ltd Cl A,0.02,2026-09-17
DMEE,,Jubilant Foodworks Ltd,0.02,2026-09-17
DMEE,,Inner Mongolia Yili Ind Grp Co Ltd Cl A,0.02,2026-09-17
DMEE,,Page Industries Ltd,0.02,2026-09-17
DMEE,,Shanghai Pudong Dvlpmt Bank Co Ltd Cl A,0.02,2026-09-17
DMEE,,Piotech Inc Cl A,0.02,2026-09-17
DMEE,,PETRONAS Chemicals Group Bhd,0.02,2026-09-17
DMEE,,Tata Communications Ltd,0.02,2026-09-17
DMEE,,KIWOOM Securities Co Ltd,0.02,2026-09-17
DMEE,,Grupo Comercial Chedraui SAB de CV Sr B,0.02,2026-09-17
DMEE,,Havells India Ltd,0.02,2026-09-17
DMEE,,Indian Bank,0.02,2026-09-17
DMEE,,Mankind Pharma Ltd,0.02,2026-09-17
DMEE,,Shanghai Fudan Microlctrncs Grp Co Ltd - Comn Cl H,0.02,2026-09-17
DMEE,,MRF Ltd,0.02,2026-09-17
DMEE,,Torrent Power Ltd,0.02,2026-09-17
DMEE,,ICICI Prudential Life Insurance Co Ltd,0.02,2026-09-17
DMEE,,PIRAMAL FINANCE LTD,0.02,2026-09-17
DMEE,,Maxis Bhd,0.02,2026-09-17
DMEE,,IJM Corp Bhd,0.02,2026-09-17
DMEE,,Anhui Expressway Co Ltd Cl A,0.02,2026-09-17
DMEE,,JSW Energy Ltd,0.02,2026-09-17
DMEE,,Bank Aljazira JSC,0.02,2026-09-17
DMEE,,Muthoot Finance Ltd,0.02,2026-09-17
DMEE,,L&T Finance Holdings Ltd,0.02,2026-09-17
DMEE,,Mabanee Co KPSC,0.02,2026-09-17
DMEE,,Saudi Electricity Co SJSC,0.02,2026-09-17
DMEE,,MISC Bhd,0.02,2026-09-17
DMEE,,Al Ahli Bank of Kuwait KSCP,0.02,2026-09-17
DMEE,,XtalPi Holdings Ltd,0.02,2026-09-17
DMEE,,Promotora y Operadora Infra SAB CV,0.02,2026-09-17
DMEE,,HD Hyundai Marine Solution Co Ltd,0.02,2026-09-17
DMEE,,United Plantations Bhd,0.02,2026-09-17
DMEE,,Banco Itau Chile,0.02,2026-09-17
DMEE,,Nippon Life India Asset Management Ltd,0.02,2026-09-17
DMEE,,Oil India Ltd,0.02,2026-09-17
DMEE,,Dialog Group Bhd,0.02,2026-09-17
DMEE,,Coromandel International Ltd,0.02,2026-09-17
DMEE,,Minda Industries Ltd,0.02,2026-09-17
DMEE,,Supreme Industries Ltd,0.02,2026-09-17
DMEE,,Caixa Seguridade Participacoes SA,0.02,2026-09-17
DMEE,,Atour Lifestyle Holdings Ltd - ADR,0.02,2026-09-17
DMEE,,China Zheshang Bank Co Ltd Cl A,0.02,2026-09-17
DMEE,,Astor Enerji AS,0.02,2026-09-17
DMEE,,Caitong Securities Co Ltd Cl A,0.02,2026-09-17
DMEE,,Gland Pharma Ltd,0.02,2026-09-17
DMEE,,Punjab National Bank,0.02,2026-09-17
DMEE,,Zhongtai Securities Co Ltd Cl A,0.02,2026-09-17
DMEE,,DHC Software Co Ltd Cl A,0.02,2026-09-17
DMEE,,Hybe Co Ltd,0.02,2026-09-17
DMEE,,Merdeka Copper Gold Tbk PT,0.02,2026-09-17
DMEE,,Bank of Baroda Ltd,0.02,2026-09-17
DMEE,,Orient Overseas (International) Ltd,0.02,2026-09-17
DMEE,,Electrical Industries Co JSC,0.02,2026-09-17
DMEE,,Jiangxi Copper Co Ltd Cl H,0.02,2026-09-17
DMEE,,China International Capital Corp Ltd Cl H,0.02,2026-09-17
DMEE,,Mphasis Ltd,0.02,2026-09-17
DMEE,,Charoen Pokphand Foods PCL,0.02,2026-09-17
DMEE,,CRRC Corp Ltd Cl A,0.02,2026-09-17
DMEE,,Woolworths Holdings Ltd,0.02,2026-09-17
DMEE,,Riyadh Cables Group Co CJSC,0.02,2026-09-17
DMEE,,Aluminum Corp of China Ltd Cl H,0.02,2026-09-17
DMEE,,Barito Pacific Tbk PT,0.02,2026-09-17
DMEE,,Minth Group Ltd,0.02,2026-09-17
DMEE,,Henan Shuanghui Invsmt & Dvlpmt Co Ltd - Comn Cl A,0.02,2026-09-17
DMEE,,Petronet LNG Ltd,0.02,2026-09-17
DMEE,,Jiangsu Eastern Shenghong Co Ltd Cl A,0.02,2026-09-17
DMEE,,Cadila Healthcare Ltd,0.02,2026-09-17
DMEE,,Canara Bank Ltd,0.02,2026-09-17
DMEE,,Hanjin Kal,0.02,2026-09-17
DMEE,,LENSKART SOLUTIONS LTD,0.02,2026-09-17
DMEE,,Tianqi Lithium Corp Cl H,0.02,2026-09-17
DMEE,,Hangzhou Changchuan Tech Co Ltd Cl A,0.02,2026-09-17
DMEE,,Lloyds Metals And Energy Ltd,0.02,2026-09-17
DMEE,,Industrial Bank of Korea,0.02,2026-09-17
DMEE,,Air China Ltd Cl H,0.02,2026-09-17
DMEE,,NMDC Ltd,0.02,2026-09-17
DMEE,,Hundsun Technologies Inc Cl A,0.02,2026-09-17
DMEE,,Ningxia Baofeng Energy Group Co Ltd Cl A,0.02,2026-09-17
DMEE,,China Southern Airlines Co Ltd Cl H,0.02,2026-09-17
DMEE,,Al Qudra Holding PJSC,0.02,2026-09-17
DMEE,,Exide Industries Ltd,0.02,2026-09-17
DMEE,,Shanxi Xinghuacun Fen Wne Fctry Co Ltd - Comn Cl A,0.02,2026-09-17
DMEE,,Jabal Omar Development Co SJSC,0.02,2026-09-17
DMEE,,Smoore International Holdings Ltd,0.02,2026-09-17
DMEE,,PI Industries Ltd,0.02,2026-09-17
DMEE,,J K Cement Ltd,0.02,2026-09-17
DMEE,,Godrej Properties Ltd,0.02,2026-09-17
DMEE,,Qinghai Salt Lake Industry Co Ltd Cl A,0.02,2026-09-17
DMEE,,Rongsheng Petrochemical Co Ltd Cl A,0.02,2026-09-17
DMEE,,Chifeng Jilong Gold Mining Co Ltd Cl A,0.02,2026-09-17
DMEE,,Dian Swastatika Sentosa Tbk PT,0.02,2026-09-17
DMEE,,Greek Organisation Footbll Prgnstcs SA,0.02,2026-09-17
DMEE,,NH Investment & Securities Co Ltd,0.02,2026-09-17
DMEE,,Shenwan Hongyuan Group Co Ltd Cl H,0.02,2026-09-17
DMEE,,Ping An Bank Co Ltd Cl A,0.02,2026-09-17
DMEE,,Biocon Ltd,0.02,2026-09-17
DMEE,,JD Logistics Inc,0.02,2026-09-17
DMEE,,Zhejiang Nhu Co Ltd Cl A,0.02,2026-09-17
DMEE,,Minor International PCL,0.02,2026-09-17
DMEE,,Oberoi Realty Ltd,0.02,2026-09-17
DMEE,,JSW Infrastructure Ltd,0.02,2026-09-17
DMEE,,China Medical System Holdings Ltd,0.02,2026-09-17
DMEE,,Cementos Argos SA,0.02,2026-09-17
DMEE,,Makkah Construction and Dev Co SJSC,0.02,2026-09-17
DMEE,,TCL Electronics Holdings Ltd,0.02,2026-09-17
DMEE,,Talaat Mostafa Group Holding Co SAE,0.02,2026-09-17
DMEE,,Kalyan Jewellers India Ltd,0.02,2026-09-17
DMEE,,BOC Aviation Ltd,0.02,2026-09-17
DMEE,,Haitian International Holdings Ltd,0.02,2026-09-17
DMEE,,Bank of Jiangsu Co Ltd Cl A,0.02,2026-09-17
DMEE,,China Resources Gas Group Ltd,0.02,2026-09-17
DMEE,,Far Eastern New Century Corp,0.02,2026-09-17
DMEE,,ViTrox Corp Bhd,0.02,2026-09-17
DMEE,,Plaza SA,0.02,2026-09-17
DMEE,,Xinjiang Tianshan Cement Co Ltd Cl A,0.02,2026-09-17
DMEE,,Huaneng Power International Inc Cl A,0.02,2026-09-17
DMEE,,Rabigh Refining Petrochemical Co SJSC,0.02,2026-09-17
DMEE,,Enerjisa Enerji AS,0.02,2026-09-17
DMEE,,WAAREE ENERGIES LTD,0.02,2026-09-17
DMEE,,Zhuzhou CRRC Times Electric Co Ltd Cl H,0.02,2026-09-17
DMEE,,GMR Infrastructure Ltd,0.02,2026-09-17
DMEE,,Xinyi Solar Holdings Ltd,0.02,2026-09-17
DMEE,,AG Anadolu Grubu Holding AS Cl A,0.02,2026-09-17
DMEE,,Sunway Bhd,0.02,2026-09-17
DMEE,,Hyundai Motor Co - Pfd,0.02,2026-09-17
DMEE,,Balkrishna Industries Ltd,0.02,2026-09-17
DMEE,,Haidilao International Holding Ltd,0.02,2026-09-17
DMEE,,Bumi Resources Tbk PT,0.02,2026-09-17
DMEE,,Saudi Aramco Base Oil Co JSC,0.02,2026-09-17
DMEE,,Laopu Gold Co Ltd Cl H,0.02,2026-09-17
DMEE,,Turkiye Sise ve CAM Fabrikalari AS Cl A,0.02,2026-09-17
DMEE,,Jindal Stainless Ltd,0.02,2026-09-17
DMEE,,Multiply Group PJSC,0.02,2026-09-17
DMEE,,Ratch Group PCL,0.02,2026-09-17
DMEE,,China Everbright Bank Co Ltd Cl A,0.02,2026-09-17
DMEE,,DiGi.Com Bhd,0.02,2026-09-17
DMEE,,Hesai Group - ADR Cl B,0.02,2026-09-17
DMEE,,Enersis Chile SA,0.02,2026-09-17
DMEE,,Hengli Petrochemical Co Ltd Cl A,0.02,2026-09-17
DMEE,,Beigene Ltd Cl A,0.02,2026-09-17
DMEE,,Shanghai Fosun Pharma Grp Co Ltd Cl H,0.02,2026-09-17
DMEE,,Pegasus Hava Tasimaciligi AS,0.02,2026-09-17
DMEE,,BANPU PUBLIC CO LTD FOREIGN,0.02,2026-09-17
DMEE,,Shandong Nanshan Aluminium Co Ltd Cl A,0.02,2026-09-17
DMEE,,QL Resources Bhd,0.02,2026-09-17
DMEE,,Saudi Tadawul Group Holding Co,0.02,2026-09-17
DMEE,,Indofood Sukses Makmur Tbk PT,0.02,2026-09-17
DMEE,,China Industrial Securities Co Ltd Cl A,0.02,2026-09-17
DMEE,,Ayala Corp,0.02,2026-09-17
DMEE,,Thai Airways International PCL,0.02,2026-09-17
DMEE,,Jiangsu Hengli Hydraulic Co Ltd Cl A,0.02,2026-09-17
DMEE,,Astral Ltd,0.02,2026-09-17
DMEE,,Dabur India Ltd,0.02,2026-09-17
DMEE,,Pharmaron Beijing Co Ltd Cl H,0.02,2026-09-17
DMEE,,Empresas Copec SA,0.02,2026-09-17
DMEE,,Migros Ticaret AS Cl A,0.02,2026-09-17
DMEE,,Chongqing Sokon Ind Grp Stock Co Ltd Cl A,0.02,2026-09-17
DMEE,,SM Prime Holdings Inc,0.02,2026-09-17
DMEE,,Kingsoft Cloud Holdings Ltd,0.02,2026-09-17
DMEE,,Mesaieed Petrochemical Holding Co QSC,0.02,2026-09-17
DMEE,,Coca-Cola Icecek AS Cl A,0.02,2026-09-17
DMEE,,Tongcheng-Elong Holdings Ltd,0.02,2026-09-17
DMEE,,Metropolitan Bank and Trust Co,0.02,2026-09-17
DMEE,,Beijing Enterprises Holdings Ltd,0.02,2026-09-17
DMEE,,Zangge Mining Co Ltd Cl A,0.02,2026-09-17
DMEE,,YTL Corp Bhd,0.02,2026-09-17
DMEE,,Dukhan Bank QPSC,0.02,2026-09-17
DMEE,,Xinjiang Goldwind Science Tech Co Ltd - Commn Cl H,0.02,2026-09-17
DMEE,,Gruma SAB de CV Cl B,0.02,2026-09-17
DMEE,,Adaro Energy Tbk PT,0.02,2026-09-17
DMEE,,Delhivery Ltd,0.02,2026-09-17
DMEE,,Autohome Inc - ADR Cl A,0.02,2026-09-17
DMEE,,Manila Electric Co Sr B,0.02,2026-09-17
DMEE,,Sumber Alfaria Trijaya Tbk PT,0.02,2026-09-17
DMEE,,Luzhou Laojiao Co Ltd Cl A,0.02,2026-09-17
DMEE,,Tata Technologies Ltd,0.02,2026-09-17
DMEE,,Kardemir Karabuk Demir Celik Ticret AS - Comn Cl A,0.02,2026-09-17
DMEE,,XCMG Construction Machinery Co Ltd Cl A,0.02,2026-09-17
DMEE,,Bandhan Bank Ltd,0.02,2026-09-17
DMEE,,Guangdong Haid Group Co Ltd Cl A,0.02,2026-09-17
DMEE,,NHPC Ltd,0.02,2026-09-17
DMEE,,Qatar Fuel Co QPSC,0.02,2026-09-17
DMEE,,Shihlin Electric & Engineering Corp,0.02,2026-09-17
DMEE,,China Everbright Bank Co Ltd Cl H,0.02,2026-09-17
DMEE,,Shree Cement Ltd,0.02,2026-09-17
DMEE,,Meitu Inc,0.02,2026-09-17
DMEE,,Satellite Chemical Co Ltd Cl A,0.02,2026-09-17
DMEE,,China Power International Dvlpmt Ltd,0.02,2026-09-17
DMEE,,Sahara Intl Petrochemical Co SJSC,0.02,2026-09-17
DMEE,,China Northern Rare Erth HghTch Co Ltd - Comn Cl A,0.02,2026-09-17
DMEE,,TISCO Financial Group PCL,0.02,2026-09-17
DMEE,,Emlak Konut Gayrimnkl Ytrm Ortkligi AS - Comn Cl A,0.02,2026-09-17
DMEE,,Hindustan Copper Ltd,0.02,2026-09-17
DMEE,,TAV Havalimanlari Holding AS Cl A,0.02,2026-09-17
DMEE,,Mahindra Mahindra Financial Srvcs Ltd,0.02,2026-09-17
DMEE,,Steel Authority of India Ltd,0.02,2026-09-17
DMEE,,Gujarat Fluorochemicals Ltd,0.02,2026-09-17
DMEE,,Posco International Corp,0.02,2026-09-17
DMEE,,SHANGHAI BIREN TECHNOLOGY  H,0.02,2026-09-17
DMEE,,StoneCo Ltd Cl A,0.02,2026-09-17
DMEE,,Hithink RoyalFlush Info Network Co Ltd - Comn Cl A,0.02,2026-09-17
DMEE,,Pony AI Inc - ADR,0.02,2026-09-17
DMEE,,Shandong Hi-speed Co Ltd Cl A,0.02,2026-09-17
DMEE,,Sungrow Power Supply Co Ltd Cl A,0.02,2026-09-17
DMEE,,Com7 PCL,0.02,2026-09-17
DMEE,,MERDEKA GOLD RESOURCES TBK P,0.02,2026-09-17
DMEE,,Yantai Jereh Oilfield Srvcs Grp Co Ltd - Comn Cl A,0.02,2026-09-17
DMEE,,Hindustan Zinc Ltd,0.02,2026-09-17
DMEE,,Dalmia Bharat Ltd,0.02,2026-09-17
DMEE,,SASA Polyester Sanayi AS Cl A,0.02,2026-09-17
DMEE,,Bangkok Expressway and Metro PCL,0.02,2026-09-17
DMEE,,China National Building Matrial Co Ltd - Comn Cl H,0.02,2026-09-17
DMEE,,Saudi Industrial Investment Group SJSC,0.02,2026-09-17
DMEE,,Datang Intl Power Generation Co Ltd Cl H,0.02,2026-09-17
DMEE,,Dongfang Electric Corp Ltd Cl A,0.02,2026-09-17
DMEE,,Charoen Pokphand Indonesia Tbk PT,0.02,2026-09-17
DMEE,,PLDT Inc,0.02,2026-09-17
DMEE,,ADES Holding Co Listed JSC,0.02,2026-09-17
DMEE,,IOI Properties Group Bhd,0.02,2026-09-17
DMEE,,Anadolu Efes Biracilik Malt Sanayii AS - Comn Cl A,0.02,2026-09-17
DMEE,,Hengan International Group Co Ltd,0.02,2026-09-17
DMEE,,Container Corp of India Ltd,0.02,2026-09-17
DMEE,,Huaneng Power International Inc Cl H,0.02,2026-09-17
DMEE,,Adani Total Gas Ltd,0.02,2026-09-17
DMEE,,SBI Cards and Payment Services Ltd,0.02,2026-09-17
DMEE,,Longfor Group Holdings Ltd,0.02,2026-09-17
DMEE,,Petkim Petrokimya Holding AS Cl A,0.02,2026-09-17
DMEE,,Want Want China Holdings Ltd,0.02,2026-09-17
DMEE,,Nestle (Malaysia) Bhd,0.01,2026-09-17
DMEE,,Shanghai Baosight Software Co Ltd Cl A,0.01,2026-09-17
DMEE,,Tata Elxsi Ltd,0.01,2026-09-17
DMEE,,Ayala Land Inc,0.01,2026-09-17
DMEE,,Z AI CO LTD,0.01,2026-09-17
DMEE,,Giant Biogene Holding Co Ltd,0.01,2026-09-17
DMEE,,Hyundai Autoever Corp,0.01,2026-09-17
DMEE,,Chongqing Rural Com Bank Co Ltd Cl A,0.01,2026-09-17
DMEE,,Yadea Group Holdings Ltd,0.01,2026-09-17
DMEE,,XD Inc,0.01,2026-09-17
DMEE,,SCG Packaging PCL,0.01,2026-09-17
DMEE,,Cloud Music Inc,0.01,2026-09-17
DMEE,,Chongqing Rural Commercial Bank Co Ltd - Comn Cl H,0.01,2026-09-17
DMEE,,Duality Biotherapeutics Inc,0.01,2026-09-17
DMEE,,Global Power Synergy PCL,0.01,2026-09-17
DMEE,,Thermax Ltd,0.01,2026-09-17
DMEE,,Far East Horizon Ltd,0.01,2026-09-17
DMEE,,MINISO Group Holding Ltd,0.01,2026-09-17
DMEE,,GUMING HOLDINGS LTD,0.01,2026-09-17
DMEE,,Harbin Electric Co Ltd Cl H,0.01,2026-09-17
DMEE,,ZhongAn Online P & C Insurance Co Ltd - Commn Cl H,0.01,2026-09-17
DMEE,,AXIA ENERGIA S.A.,0.01,2026-09-17
DMEE,,KATILIMEVIM TASARRUF FINANSM,0.01,2026-09-17
DMEE,,INR Currency,0.01,2026-09-17
DMEE,,Peker Gayrimenkul Yatirim Ortakligi AS,0.01,2026-09-17
DMEE,,BRL Currency,0.01,2026-09-17
DMEE,,Odine Solutions Teknoloji Ticaret ve S,0.00,2026-09-17
DMEE,,KRW Currency,0.00,2026-09-17
DMEE,,Korea Investment Holdings Co Ltd - Pfd,0.00,2026-09-17
DMEE,,HKD Currency,0.00,2026-09-17
DMEE,,USD Currency,0.00,2026-09-17
DMEE,,PTT Exploration and Production PCL,0.00,2026-09-17
DMEE,,Krung Thai Bank PCL,0.00,2026-09-17
DMEE,,MXN Currency,0.00,2026-09-17
DMEE,,SOUTH AFRICAN RAND,0.00,2026-09-17
DMEE,,CLP Currency,0.00,2026-09-17
DMEE,,SAR Currency,0.00,2026-09-17
DMEE,,MYR Currency,0.00,2026-09-17
DMEE,,PHILIPPINE PESO,0.00,2026-09-17
DMEE,,KUWAITI DINAR,0.00,2026-09-17
DMEE,,IDR Currency,0.00,2026-09-17
DMEE,,ECOPRO BM CO LTD,0.00,2026-09-17
DMEE,,QAR Currency,0.00,2026-09-17
DMEE,,AED Currency,0.00,2026-09-17
DMEE,,CZK Currency,0.00,2026-09-17
DMEE,,TRY Currency,0.00,2026-09-17
DMEE,,THB Currency,0.00,2026-09-17
DMEE,,HUF Currency,0.00,2026-09-17
DMEE,,EUR Currency,0.00,2026-09-17
DMEE,,CNY Currency,-3.54,2026-09-17
DMEI,,ASML Holding NV,2.72,2026-09-17
DMEI,,HSBC Holdings PLC,1.55,2026-09-17
DMEI,,ROCHE HOLDING AG,1.35,2026-09-17
DMEI,,Shell PLC,1.17,2026-09-17
DMEI,,Mitsubishi UFJ Financial Group Inc,1.17,2026-09-17
DMEI,,Novartis AG Cl N,1.12,2026-09-17
DMEI,,AstraZeneca PLC,1.09,2026-09-17
DMEI,,Nestle SA Cl N,1.08,2026-09-17
DMEI,,SAP AG,0.97,2026-09-17
DMEI,,Siemens AG,0.97,2026-09-17
DMEI,,Banco Santander SA,0.95,2026-09-17
DMEI,,BHP Group Ltd,0.94,2026-09-17
DMEI,,Allianz SE,0.87,2026-09-17
DMEI,,TotalEnergies SE,0.84,2026-09-17
DMEI,,Commonwealth Bank of Australia,0.80,2026-09-17
DMEI,,Schneider Electric SE,0.79,2026-09-17
DMEI,,Toyota Motor Corp,0.78,2026-09-17
DMEI,,Sumitomo Mitsui Financial Group Inc,0.73,2026-09-17
DMEI,,Rolls-Royce Holdings PLC,0.73,2026-09-17
DMEI,,Banco Bilbao Vizcaya Argentaria SA,0.70,2026-09-17
DMEI,,UBS Group AG,0.69,2026-09-17
DMEI,,Hitachi Ltd,0.68,2026-09-17
DMEI,,Abb Ltd Cl N,0.67,2026-09-17
DMEI,,Tokyo Electron Ltd,0.65,2026-09-17
DMEI,,Iberdrola SA,0.63,2026-09-17
DMEI,,Recruit Holdings Co Ltd,0.63,2026-09-17
DMEI,,SoftBank Group Corp,0.63,2026-09-17
DMEI,,Sony Group Corp,0.62,2026-09-17
DMEI,,Advantest Corp,0.62,2026-09-17
DMEI,,Novo Nordisk A/S Cl B,0.60,2026-09-17
DMEI,,Mizuho Financial Group Inc,0.59,2026-09-17
DMEI,,UniCredit SpA,0.59,2026-09-17
DMEI,,Safran SA,0.58,2026-09-17
DMEI,,Airbus SE,0.58,2026-09-17
DMEI,,UNILEVER PLC,0.58,2026-09-17
DMEI,,Kioxia Holdings Corp,0.54,2026-09-17
DMEI,,LVMH Moet Hennessy Louis Vuitton SE,0.53,2026-09-17
DMEI,,DBS Group Holdings Ltd,0.53,2026-09-17
DMEI,,Siemens Energy AG,0.53,2026-09-17
DMEI,,BNP Paribas SA,0.52,2026-09-17
DMEI,,L'Air Liquide SA,0.52,2026-09-17
DMEI,,British American Tobacco PLC,0.50,2026-09-17
DMEI,,Deutsche Telekom AG Cl N,0.50,2026-09-17
DMEI,,Intesa Sanpaolo SpA,0.50,2026-09-17
DMEI,,Cie Financiere Richemont SA Cl A,0.48,2026-09-17
DMEI,,Zurich Insurance Group AG Cl N,0.48,2026-09-17
DMEI,,BP PLC,0.47,2026-09-17
DMEI,,Rio Tinto PLC,0.46,2026-09-17
DMEI,,GSK plc,0.45,2026-09-17
DMEI,,ING Groep NV,0.45,2026-09-17
DMEI,,AIA Group Ltd,0.45,2026-09-17
DMEI,,Mitsubishi Corp,0.45,2026-09-17
DMEI,,L'Oreal SA,0.43,2026-09-17
DMEI,,Itochu Corp,0.42,2026-09-17
DMEI,,Tokio Marine Holdings Inc,0.41,2026-09-17
DMEI,,Sanofi SA,0.40,2026-09-17
DMEI,,Keyence Corp,0.40,2026-09-17
DMEI,,Lloyds Banking Group PLC,0.38,2026-09-17
DMEI,,National Australia Bank Ltd,0.38,2026-09-17
DMEI,,Barclays PLC,0.38,2026-09-17
DMEI,,Axa SA,0.38,2026-09-17
DMEI,,Westpac Banking Corp,0.37,2026-09-17
DMEI,,Spotify Technology SA,0.36,2026-09-17
DMEI,,BAE Systems PLC,0.36,2026-09-17
DMEI,,Anheuser Busch Inbev SA,0.36,2026-09-17
DMEI,,Infineon Technologies AG,0.36,2026-09-17
DMEI,,Australia New Zealand Banking Grp Ltd,0.36,2026-09-17
DMEI,,Murata Manufacturing Co Ltd,0.35,2026-09-17
DMEI,,Enel SpA,0.35,2026-09-17
DMEI,,Mitsui & Co Ltd,0.35,2026-09-17
DMEI,,Oversea-Chinese Banking Corp Ltd,0.35,2026-09-17
DMEI,,Mitsubishi Heavy Industries Ltd,0.34,2026-09-17
DMEI,,National Grid PLC,0.34,2026-09-17
DMEI,,Fast Retailing Co Ltd,0.34,2026-09-17
DMEI,,Muenchener Rueckverschrngs Gslschft AG Mu,0.33,2026-09-17
DMEI,,Glencore PLC,0.33,2026-09-17
DMEI,,Natwest Group PLC,0.32,2026-09-17
DMEI,,Investor AB Cl B,0.32,2026-09-17
DMEI,,Deutsche Bank AG Cl N,0.31,2026-09-17
DMEI,,Industria de Diseno Textil SA,0.29,2026-09-17
DMEI,,Mitsubishi Electric Corp,0.28,2026-09-17
DMEI,,Nordea Bank Abp,0.28,2026-09-17
DMEI,,Vinci SA,0.27,2026-09-17
DMEI,,Nintendo Co Ltd,0.27,2026-09-17
DMEI,,Nippon Telegraph and Telephone Corp,0.27,2026-09-17
DMEI,,Shin-Etsu Chemical Co Ltd,0.27,2026-09-17
DMEI,,argenx SE - ADR,0.27,2026-09-17
DMEI,,Macquarie Group Ltd,0.27,2026-09-17
DMEI,,Panasonic Corp,0.27,2026-09-17
DMEI,,Reed Elsevier PLC,0.26,2026-09-17
DMEI,,Deutsche Post AG Cl N,0.26,2026-09-17
DMEI,,CSL Ltd,0.26,2026-09-17
DMEI,,Hong Kong Exchanges and Clearing Ltd,0.26,2026-09-17
DMEI,,Takeda Pharmaceutical Co Ltd,0.26,2026-09-17
DMEI,,Deutsche Boerse AG,0.26,2026-09-17
DMEI,,Wesfarmers Ltd,0.26,2026-09-17
DMEI,,KDDI Corp,0.25,2026-09-17
DMEI,,Standard Chartered PLC,0.25,2026-09-17
DMEI,,Bayer AG Cl N,0.24,2026-09-17
DMEI,,Rheinmetall AG,0.24,2026-09-17
DMEI,,Fujikura Ltd,0.24,2026-09-17
DMEI,,ANGLO AMERICAN PLC,0.24,2026-09-17
DMEI,,Nokia Oyj,0.24,2026-09-17
DMEI,,BASF SE,0.24,2026-09-17
DMEI,,Societe Generale SA,0.23,2026-09-17
DMEI,,Compass Group PLC,0.23,2026-09-17
DMEI,,Atlas Copco AB Cl A,0.23,2026-09-17
DMEI,,Hermes International SCA,0.23,2026-09-17
DMEI,,Volvo AB Cl B,0.23,2026-09-17
DMEI,,Caixabank SA,0.22,2026-09-17
DMEI,,Prosus NV,0.22,2026-09-17
DMEI,,Ferrari NV,0.22,2026-09-17
DMEI,,Sumitomo Corp,0.22,2026-09-17
DMEI,,Eni SpA,0.22,2026-09-17
DMEI,,Japan Tobacco Inc,0.22,2026-09-17
DMEI,,RWE AG Cl A,0.22,2026-09-17
DMEI,,GDF Suez SA,0.21,2026-09-17
DMEI,,Hoya Corp,0.21,2026-09-17
DMEI,,London Stock Exchange Group PLC,0.21,2026-09-17
DMEI,,Diageo PLC,0.21,2026-09-17
DMEI,,Essilor Intl Cie Generale d'Optique SA,0.21,2026-09-17
DMEI,,Assicurazioni Generali SpA,0.21,2026-09-17
DMEI,,Lonza Group AG,0.20,2026-09-17
DMEI,,Marubeni Corp,0.20,2026-09-17
DMEI,,Teva Pharmaceutical Industries Ltd,0.20,2026-09-17
DMEI,,Swiss RE AG,0.20,2026-09-17
DMEI,,SoftBank Corp,0.20,2026-09-17
DMEI,,Yandex NV Cl A,0.20,2026-09-17
DMEI,,E.On SE,0.20,2026-09-17
DMEI,,Orix Corp,0.20,2026-09-17
DMEI,,Danone SA,0.20,2026-09-17
DMEI,,Woodside Energy Group Ltd,0.20,2026-09-17
DMEI,,Rio Tinto Ltd,0.19,2026-09-17
DMEI,,Fujitsu Ltd,0.19,2026-09-17
DMEI,,MS&AD Insurance Group Holdings Inc,0.19,2026-09-17
DMEI,,Dai-ichi Life Holdings Inc,0.19,2026-09-17
DMEI,,Erste Group Bank AG,0.19,2026-09-17
DMEI,,RECKITT BENCKISER GROUP PLC,0.19,2026-09-17
DMEI,,ASM International NV,0.18,2026-09-17
DMEI,,United Overseas Bank Ltd,0.18,2026-09-17
DMEI,,Honda Motor Co Ltd,0.18,2026-09-17
DMEI,,Tesco PLC,0.18,2026-09-17
DMEI,,Sse PLC,0.18,2026-09-17
DMEI,,Prysmian SpA,0.18,2026-09-17
DMEI,,Haleon PLC,0.18,2026-09-17
DMEI,,Holcim Ltd,0.18,2026-09-17
DMEI,,Komatsu Ltd,0.17,2026-09-17
DMEI,,Sompo Holdings Inc,0.17,2026-09-17
DMEI,,Legrand SA,0.17,2026-09-17
DMEI,,Sandvik AB,0.17,2026-09-17
DMEI,,NEC Corp,0.17,2026-09-17
DMEI,,Sumitomo Electric Industries Ltd,0.17,2026-09-17
DMEI,,Telstra Corp Ltd,0.17,2026-09-17
DMEI,,DSV A/S,0.17,2026-09-17
DMEI,,KBC Groep NV,0.17,2026-09-17
DMEI,,Bank Leumi Le Israel BM,0.17,2026-09-17
DMEI,,Japan Post Bank Co Ltd,0.17,2026-09-17
DMEI,,Repsol SA,0.17,2026-09-17
DMEI,,Goodman Group - Units,0.16,2026-09-17
DMEI,,Daimler AG Cl N,0.16,2026-09-17
DMEI,,Galderma Group AG,0.16,2026-09-17
DMEI,,Givaudan SA,0.16,2026-09-17
DMEI,,Cie de Saint Gobain SA,0.16,2026-09-17
DMEI,,Danske Bank A/S,0.16,2026-09-17
DMEI,,3i Group PLC,0.16,2026-09-17
DMEI,,Daikin Industries Ltd,0.16,2026-09-17
DMEI,,Skandinaviska Enskilda Banken AB,0.16,2026-09-17
DMEI,,Swedbank AB Cl A,0.16,2026-09-17
DMEI,,Bank Hapoalim BM,0.15,2026-09-17
DMEI,,Orange SA,0.15,2026-09-17
DMEI,,Fanuc Corp,0.15,2026-09-17
DMEI,,Assa Abloy AB Cl B,0.15,2026-09-17
DMEI,,Sika AG,0.15,2026-09-17
DMEI,,Resona Holdings Inc,0.15,2026-09-17
DMEI,,TDK Corp,0.15,2026-09-17
DMEI,,Commerzbank AG,0.15,2026-09-17
DMEI,,SANDOZ GROUP AG,0.15,2026-09-17
DMEI,,Experian PLC,0.15,2026-09-17
DMEI,,Renesas Electronics Corp,0.15,2026-09-17
DMEI,,Woolworths Group Ltd,0.15,2026-09-17
DMEI,,Prudential PLC,0.15,2026-09-17
DMEI,,Vodafone Group PLC,0.14,2026-09-17
DMEI,,Koninklijke Ahold Delhaize NV,0.14,2026-09-17
DMEI,,Vestas Wind Systems A/S,0.14,2026-09-17
DMEI,,Alcon AG,0.14,2026-09-17
DMEI,,Sea Ltd - ADR Cl A,0.14,2026-09-17
DMEI,,STMicroelectronics NV,0.14,2026-09-17
DMEI,,ArcelorMittal SA,0.14,2026-09-17
DMEI,,Swiss Life Holding AG Cl N,0.14,2026-09-17
DMEI,,Toyota Tsusho Corp,0.14,2026-09-17
DMEI,,Daiichi Sankyo Co Ltd,0.14,2026-09-17
DMEI,,Otsuka Holdings Co Ltd,0.14,2026-09-17
DMEI,,Nomura Holdings Inc,0.14,2026-09-17
DMEI,,Telefonaktiebolaget LM Ericsson Cl B,0.13,2026-09-17
DMEI,,Seven & i Holdings Co Ltd,0.13,2026-09-17
DMEI,,Ibiden Co Ltd,0.13,2026-09-17
DMEI,,Transurban Group - Units,0.13,2026-09-17
DMEI,,Sumitomo Mitsui Trust Holdings Inc,0.13,2026-09-17
DMEI,,Adyen NV,0.13,2026-09-17
DMEI,,Avivagen Inc,0.13,2026-09-17
DMEI,,Ucb SA,0.13,2026-09-17
DMEI,,Disco Corp,0.13,2026-09-17
DMEI,,ABN AMRO Bank NV,0.13,2026-09-17
DMEI,,AIB Group PLC,0.12,2026-09-17
DMEI,,Ajinomoto Co Inc,0.12,2026-09-17
DMEI,,Chugai Pharmaceutical Co Ltd,0.12,2026-09-17
DMEI,,Kyocera Corp,0.12,2026-09-17
DMEI,,Amadeus IT Group SA,0.12,2026-09-17
DMEI,,Powszechna Kasa Oszczdnsci Bk Plski SA,0.12,2026-09-17
DMEI,,DNB Bank ASA,0.12,2026-09-17
DMEI,,Adidas AG,0.12,2026-09-17
DMEI,,Sampo PLC Cl A,0.12,2026-09-17
DMEI,,Mitsubishi Estate Co Ltd,0.12,2026-09-17
DMEI,,Equinor ASA,0.12,2026-09-17
DMEI,,Japan Post Holdings Co Ltd,0.12,2026-09-17
DMEI,,Atlas Copco AB,0.12,2026-09-17
DMEI,,Mitsui Fudosan Co Ltd,0.12,2026-09-17
DMEI,,Ferrovial SE,0.12,2026-09-17
DMEI,,Canon Inc,0.11,2026-09-17
DMEI,,Ryanair Holdings PLC,0.11,2026-09-17
DMEI,,BPER Banca SpA,0.11,2026-09-17
DMEI,,Bridgestone Corp,0.11,2026-09-17
DMEI,,Banca Monte dei Paschi di Siena SpA,0.11,2026-09-17
DMEI,,Astellas Pharma Inc,0.11,2026-09-17
DMEI,,Publicis Groupe SA,0.11,2026-09-17
DMEI,,Eneos Holdings Inc,0.11,2026-09-17
DMEI,,Daimler Truck Holding AG,0.11,2026-09-17
DMEI,,Fujifilm Holdings Corp,0.11,2026-09-17
DMEI,,Cie Generale Etablismts Michelin SCA,0.11,2026-09-17
DMEI,,QBE Insurance Group Ltd,0.11,2026-09-17
DMEI,,Singapore Telecommunications Ltd,0.11,2026-09-17
DMEI,,Novozymes A/S Cl B,0.11,2026-09-17
DMEI,,Imperial Tobacco Group PLC,0.11,2026-09-17
DMEI,,SMC Corp,0.10,2026-09-17
DMEI,,East Japan Railway Co,0.10,2026-09-17
DMEI,,Tower Semiconductor Ltd,0.10,2026-09-17
DMEI,,Aristocrat Leisure Ltd,0.10,2026-09-17
DMEI,,Thales SA,0.10,2026-09-17
DMEI,,Polski Koncern Naftowy Orlen SA,0.10,2026-09-17
DMEI,,Finmeccanica SpA,0.10,2026-09-17
DMEI,,Bayerische Motoren Werke AG,0.10,2026-09-17
DMEI,,CK Hutchison Holdings Ltd,0.10,2026-09-17
DMEI,,Heineken NV,0.10,2026-09-17
DMEI,,Nippon Steel Corp,0.10,2026-09-17
DMEI,,Legal & General Group PLC,0.10,2026-09-17
DMEI,,Next PLC,0.10,2026-09-17
DMEI,,Svenska Handelsbanken AB,0.10,2026-09-17
DMEI,,Bank of Ireland Group PLC,0.10,2026-09-17
DMEI,,Techtronic Industries Co Ltd,0.10,2026-09-17
DMEI,,Coles Group Ltd,0.10,2026-09-17
DMEI,,AENA SME SA,0.10,2026-09-17
DMEI,,Geberit AG Cl N,0.10,2026-09-17
DMEI,,FRESENIUS SE + CO KGAA,0.10,2026-09-17
DMEI,,Oriental Land Co Ltd,0.10,2026-09-17
DMEI,,MTU Aero Engines AG,0.09,2026-09-17
DMEI,,InterContinental Hotels Group PLC,0.09,2026-09-17
DMEI,,Inpex Corp,0.09,2026-09-17
DMEI,,Credit Agricole SA,0.09,2026-09-17
DMEI,,Northern Star Resources Ltd,0.09,2026-09-17
DMEI,,Suzuki Motor Corp,0.09,2026-09-17
DMEI,,Koninklijke Philips NV,0.09,2026-09-17
DMEI,,HeidelbergCement AG,0.09,2026-09-17
DMEI,,Bandai Namco Holdings Inc,0.09,2026-09-17
DMEI,,Central Japan Railway Co,0.09,2026-09-17
DMEI,,Aeon Co Ltd,0.09,2026-09-17
DMEI,,Investor AB Cl A,0.09,2026-09-17
DMEI,,Denso Corp,0.09,2026-09-17
DMEI,,Genmab A/S,0.09,2026-09-17
DMEI,,Swisscom AG Cl N,0.09,2026-09-17
DMEI,,Banco BPM SpA,0.09,2026-09-17
DMEI,,Elbit Systems Ltd,0.09,2026-09-17
DMEI,,Coca-Cola Europacific Partners PLC,0.09,2026-09-17
DMEI,,Hexagon AB Cl B,0.09,2026-09-17
DMEI,,Santos Ltd,0.09,2026-09-17
DMEI,,Kao Corp,0.09,2026-09-17
DMEI,,Kering SA,0.09,2026-09-17
DMEI,,SGS SA Cl N,0.09,2026-09-17
DMEI,,Terumo Corp,0.09,2026-09-17
DMEI,,Merck KGaA,0.09,2026-09-17
DMEI,,Volkswagen AG - Pfd,0.09,2026-09-17
DMEI,,Capgemini SE,0.08,2026-09-17
DMEI,,Kone Oyj,0.08,2026-09-17
DMEI,,Saab AB Cl B,0.08,2026-09-17
DMEI,,ACS Actividades Construccion Servcs SA,0.08,2026-09-17
DMEI,,Fortescue Metals Group Ltd,0.08,2026-09-17
DMEI,,Evolution Mining Ltd,0.08,2026-09-17
DMEI,,Nippon Yusen KK,0.08,2026-09-17
DMEI,,IHI Corp,0.08,2026-09-17
DMEI,,Sun Hung Kai Properties Ltd,0.08,2026-09-17
DMEI,,Lasertec Corp,0.08,2026-09-17
DMEI,,Intl Consolidated Airlines Grp SA,0.08,2026-09-17
DMEI,,Brambles Ltd,0.08,2026-09-17
DMEI,,CLP Holdings Ltd,0.08,2026-09-17
DMEI,,Halma PLC,0.08,2026-09-17
DMEI,,Hannover Rueck SE,0.08,2026-09-17
DMEI,,DSM FIRMENICH AG,0.08,2026-09-17
DMEI,,Sumitomo Realty & Development Co Ltd,0.08,2026-09-17
DMEI,,Secom Co Ltd,0.08,2026-09-17
DMEI,,Antofagasta PLC,0.08,2026-09-17
DMEI,,Kansai Electric Power Co Inc,0.08,2026-09-17
DMEI,,Neste Oyj,0.08,2026-09-17
DMEI,,Kingspan Group PLC,0.07,2026-09-17
DMEI,,Telefonica SA,0.07,2026-09-17
DMEI,,Daiwa House Industry Co Ltd,0.07,2026-09-17
DMEI,,Kubota Corp,0.07,2026-09-17
DMEI,,Asics Corp,0.07,2026-09-17
DMEI,,BT Group PLC,0.07,2026-09-17
DMEI,,Furukawa Electric Co Ltd,0.07,2026-09-17
DMEI,,EDP Energias de Portugal SA,0.07,2026-09-17
DMEI,,Cellnex Telecom SA,0.07,2026-09-17
DMEI,,Wartsila Oyj Abp Cl B,0.07,2026-09-17
DMEI,,FinecoBank Banca Fineco SpA,0.07,2026-09-17
DMEI,,Siemens Healthineers AG,0.07,2026-09-17
DMEI,,Partners Group Holding AG,0.07,2026-09-17
DMEI,,Epiroc AB Cl A,0.07,2026-09-17
DMEI,,Dassault Systemes SE,0.07,2026-09-17
DMEI,,Essity AB (publ) Cl B,0.07,2026-09-17
DMEI,,Ageas SA,0.07,2026-09-17
DMEI,,Mitsui OSK Lines Ltd,0.07,2026-09-17
DMEI,,T&D Holdings Inc,0.07,2026-09-17
DMEI,,Alfa Laval AB,0.07,2026-09-17
DMEI,,Universal Music Group NV,0.07,2026-09-17
DMEI,,Nidec Corp,0.07,2026-09-17
DMEI,,Endesa SA,0.07,2026-09-17
DMEI,,Segro PLC,0.07,2026-09-17
DMEI,,UPM Kymmene Oyj,0.07,2026-09-17
DMEI,,TELECOM ITALIA SPA,0.07,2026-09-17
DMEI,,Asahi Group Holdings Ltd,0.07,2026-09-17
DMEI,,Showa Denko KK,0.07,2026-09-17
DMEI,,Daiwa Securities Group Inc,0.07,2026-09-17
DMEI,,Boliden AB,0.07,2026-09-17
DMEI,,Eqt AB,0.07,2026-09-17
DMEI,,South32 Ltd,0.07,2026-09-17
DMEI,,Koninklijke KPN NV,0.07,2026-09-17
DMEI,,Sumitomo Metal Mining Co Ltd,0.07,2026-09-17
DMEI,,Iris Energy Ltd,0.07,2026-09-17
DMEI,,Terna Rete Elettrica Nazionale SpA,0.07,2026-09-17
DMEI,,Deutsche Annington Immobilien SE,0.07,2026-09-17
DMEI,,BAWAG Group AG,0.07,2026-09-17
DMEI,,Informa PLC,0.07,2026-09-17
DMEI,,Japan Exchange Group Inc,0.07,2026-09-17
DMEI,,Computershare Ltd,0.06,2026-09-17
DMEI,,Israel Discount Bank Ltd,0.06,2026-09-17
DMEI,,KONGSBERG GRUPPEN ASA,0.06,2026-09-17
DMEI,,Shionogi & Co Ltd,0.06,2026-09-17
DMEI,,Suncorp Group Ltd,0.06,2026-09-17
DMEI,,Nitto Denko Corp,0.06,2026-09-17
DMEI,,Olympus Corp,0.06,2026-09-17
DMEI,,Singapore Exchange Ltd,0.06,2026-09-17
DMEI,,Henkel & Co KGaA AG - Pfd,0.06,2026-09-17
DMEI,,Origin Energy Ltd,0.06,2026-09-17
DMEI,,Poste Italiane SpA,0.06,2026-09-17
DMEI,,Kirin Holdings Co Ltd,0.06,2026-09-17
DMEI,,Kerry Group PLC,0.06,2026-09-17
DMEI,,Osaka Gas Co Ltd,0.06,2026-09-17
DMEI,,Fisher & Paykel Healthcare Corp Ltd,0.06,2026-09-17
DMEI,,Kajima Corp,0.06,2026-09-17
DMEI,,Phoenix Holdings Ltd,0.06,2026-09-17
DMEI,,United Utilities Group PLC,0.06,2026-09-17
DMEI,,Kuehne und Nagel International AG,0.06,2026-09-17
DMEI,,Insurance Australia Group Ltd,0.06,2026-09-17
DMEI,,Tokyo Gas Co Ltd,0.06,2026-09-17
DMEI,,Concordia Financial Group Ltd,0.06,2026-09-17
DMEI,,Allegro.eu SA,0.06,2026-09-17
DMEI,,Pernod Ricard SA,0.06,2026-09-17
DMEI,,Ryohin Keikaku Co Ltd,0.06,2026-09-17
DMEI,,Konami Holdings Corp,0.06,2026-09-17
DMEI,,Snam SpA,0.06,2026-09-17
DMEI,,Sekisui House Ltd,0.06,2026-09-17
DMEI,,Asahi Kasei Corp,0.06,2026-09-17
DMEI,,Geely Automobile Holdings Ltd,0.06,2026-09-17
DMEI,,Scentre Group - Units,0.06,2026-09-17
DMEI,,Screen Holdings Co Ltd,0.06,2026-09-17
DMEI,,Obayashi Corp,0.06,2026-09-17
DMEI,,Metso Outotec Corp,0.06,2026-09-17
DMEI,,JX Advanced Metals Corp,0.06,2026-09-17
DMEI,,Icon PLC,0.06,2026-09-17
DMEI,,Roche Holding AG,0.06,2026-09-17
DMEI,,Ebara Corp,0.06,2026-09-17
DMEI,,SBI Holdings Inc,0.06,2026-09-17
DMEI,,Sage Group PLC,0.05,2026-09-17
DMEI,,Masisa SA,0.05,2026-09-17
DMEI,,Admiral Group PLC,0.05,2026-09-17
DMEI,,Bank Polska Kasa Opieki SA,0.05,2026-09-17
DMEI,,Straumann Holding AG Cl N,0.05,2026-09-17
DMEI,,Taisei Corp,0.05,2026-09-17
DMEI,,Nomura Research Institute Ltd,0.05,2026-09-17
DMEI,,Kawasaki Heavy Industries Ltd,0.05,2026-09-17
DMEI,,Chubu Electric Power Co Inc,0.05,2026-09-17
DMEI,,AP Moeller - Maersk A/S Cl B,0.05,2026-09-17
DMEI,,Keppel Corp Ltd Cl A,0.05,2026-09-17
DMEI,,Aker BP ASA,0.05,2026-09-17
DMEI,,Fortum Oyj,0.05,2026-09-17
DMEI,,KGHM Polska Miedz SA,0.05,2026-09-17
DMEI,,Link REIT - Units,0.05,2026-09-17
DMEI,,Banco Comercial Portugues SA,0.05,2026-09-17
DMEI,,Intertek Group PLC,0.05,2026-09-17
DMEI,,Carlsberg A/S Cl B,0.05,2026-09-17
DMEI,,Omv AG,0.05,2026-09-17
DMEI,,Singapore Technologies Engineering Ltd,0.05,2026-09-17
DMEI,,Mizrahi Tefahot Bank Ltd,0.05,2026-09-17
DMEI,,Norsk Hydro ASA,0.05,2026-09-17
DMEI,,Smith & Nephew PLC,0.05,2026-09-17
DMEI,,Jardine Matheson Holdings Ltd,0.05,2026-09-17
DMEI,,Daifuku Co Ltd,0.05,2026-09-17
DMEI,,Chiba Bank Ltd,0.05,2026-09-17
DMEI,,Fuji Electric Co Ltd,0.05,2026-09-17
DMEI,,Evolution AB (publ),0.05,2026-09-17
DMEI,,Bunzl PLC,0.05,2026-09-17
DMEI,,Toray Industries Inc,0.05,2026-09-17
DMEI,,CapitaLand Integrated Commercial Trust - Units,0.05,2026-09-17
DMEI,,Rentokil Initial PLC,0.05,2026-09-17
DMEI,,ASCENDIS PHARMA A/S,0.05,2026-09-17
DMEI,,Severn Trent PLC,0.05,2026-09-17
DMEI,,Moncler SpA,0.05,2026-09-17
DMEI,,Washington H Soul Pattinson and Co Ltd,0.05,2026-09-17
DMEI,,Powszechny Zaklad Ubezpieczen SA,0.05,2026-09-17
DMEI,,TeliaSonera AB,0.05,2026-09-17
DMEI,,Check Point Software Technologies Ltd,0.05,2026-09-17
DMEI,,KOKUSAI ELECTRIC CORP,0.05,2026-09-17
DMEI,,CK Asset Holdings Ltd,0.05,2026-09-17
DMEI,,BioNTech SE - ADR,0.05,2026-09-17
DMEI,,Yangzijiang Shipbuilding Holdings Ltd,0.05,2026-09-17
DMEI,,Nova Ltd,0.05,2026-09-17
DMEI,,Galp Energia SGPS SA,0.05,2026-09-17
DMEI,,Power Assets Holdings Ltd,0.05,2026-09-17
DMEI,,Unipol Gruppo SpA,0.05,2026-09-17
DMEI,,Obic Co Ltd,0.05,2026-09-17
DMEI,,APA Group - Units,0.05,2026-09-17
DMEI,,Bouygues SA,0.04,2026-09-17
DMEI,,Orion Oyj Cl B,0.04,2026-09-17
DMEI,,Shizuoka Financial Group Inc,0.04,2026-09-17
DMEI,,Stellantis NV,0.04,2026-09-17
DMEI,,Yamaha Motor Co Ltd,0.04,2026-09-17
DMEI,,Smiths Group PLC,0.04,2026-09-17
DMEI,,Chocoladefabriken Lindt & Spruengli AG - Partcptn,0.04,2026-09-17
DMEI,,Marks and Spencer Group PLC,0.04,2026-09-17
DMEI,,Tele2 AB Cl B,0.04,2026-09-17
DMEI,,Mitsubishi Chemical Holdings Corp,0.04,2026-09-17
DMEI,,Dong Energy A/S,0.04,2026-09-17
DMEI,,Marine Harvest ASA,0.04,2026-09-17
DMEI,,BlueScope Steel Ltd,0.04,2026-09-17
DMEI,,Industrivarden AB Cl C,0.04,2026-09-17
DMEI,,Rohm Co Ltd,0.04,2026-09-17
DMEI,,Hong Kong and China Gas Co Ltd,0.04,2026-09-17
DMEI,,Centrica PLC,0.04,2026-09-17
DMEI,,Phoenix Group Holdings PLC,0.04,2026-09-17
DMEI,,Mebuki Financial Group Inc,0.04,2026-09-17
DMEI,,CVC CAPITAL PARTNERS PLC,0.04,2026-09-17
DMEI,,Enlight Renewable Energy Ltd,0.04,2026-09-17
DMEI,,Z Holdings Corp,0.04,2026-09-17
DMEI,,Subaru Corp,0.04,2026-09-17
DMEI,,AB Skf,0.04,2026-09-17
DMEI,,Heineken Holding NV,0.04,2026-09-17
DMEI,,Skanska AB,0.04,2026-09-17
DMEI,,Weir Group PLC,0.04,2026-09-17
DMEI,,M&G PLC,0.04,2026-09-17
DMEI,,Qantas Airways Ltd,0.04,2026-09-17
DMEI,,Pearson PLC,0.04,2026-09-17
DMEI,,Kyoto Financial Group Inc,0.04,2026-09-17
DMEI,,Fukuoka Financial Group Inc,0.04,2026-09-17
DMEI,,Telenor ASA,0.04,2026-09-17
DMEI,,Pilbara Minerals Ltd,0.04,2026-09-17
DMEI,,Continental AG,0.04,2026-09-17
DMEI,,Pan Pacific International Holdngs Corp,0.04,2026-09-17
DMEI,,Medibank Private Ltd,0.04,2026-09-17
DMEI,,CSPC Pharmaceutical Group Ltd,0.04,2026-09-17
DMEI,,Shimano Inc,0.04,2026-09-17
DMEI,,Trelleborg AB,0.04,2026-09-17
DMEI,,Talanx AG,0.04,2026-09-17
DMEI,,Shiseido Co Ltd,0.04,2026-09-17
DMEI,,Raiffeisen Bank International AG,0.04,2026-09-17
DMEI,,Lynas Rare Earths Ltd,0.04,2026-09-17
DMEI,,AP Moeller - Maersk A/S,0.04,2026-09-17
DMEI,,ANA Holdings Inc,0.04,2026-09-17
DMEI,,Tenaris SA,0.04,2026-09-17
DMEI,,Gas Natural SDG SA,0.04,2026-09-17
DMEI,,Shimizu Corp,0.04,2026-09-17
DMEI,,Japan Airlines Co Ltd,0.04,2026-09-17
DMEI,,Swedish Orphan Biovitrum AB (publ),0.04,2026-09-17
DMEI,,CAD Currency,0.04,2026-09-17
DMEI,,West Japan Railway Co,0.04,2026-09-17
DMEI,,Fresenius Medical Care AG & Co KGaA,0.04,2026-09-17
DMEI,,Galaxy Entertainment Group Ltd,0.04,2026-09-17
DMEI,,Hongkong Land Holdings Ltd,0.04,2026-09-17
DMEI,,Epiroc AB Cl B,0.04,2026-09-17
DMEI,,Kawasaki Kisen Kaisha Ltd,0.04,2026-09-17
DMEI,,Auckland International Airport Ltd,0.04,2026-09-17
DMEI,,Coloplast A/S Cl B,0.04,2026-09-17
DMEI,,Idemitsu Kosan Co Ltd,0.04,2026-09-17
DMEI,,Makita Corp,0.04,2026-09-17
DMEI,,ZIJIN GOLD INTERNATIONAL CO,0.04,2026-09-17
DMEI,,Silicon Motion Technology Corp - ADR,0.04,2026-09-17
DMEI,,Eisai Co Ltd,0.04,2026-09-17
DMEI,,Knorr Bremse AG,0.04,2026-09-17
DMEI,,Kikkoman Corp,0.04,2026-09-17
DMEI,,SITC International Holdings Co Ltd,0.03,2026-09-17
DMEI,,Melrose Industries PLC,0.03,2026-09-17
DMEI,,Addtech AB Cl B,0.03,2026-09-17
DMEI,,Sojitz Corp,0.03,2026-09-17
DMEI,,Lottery Corp Ltd,0.03,2026-09-17
DMEI,,Singapore Airlines Ltd,0.03,2026-09-17
DMEI,,Securitas AB Cl B,0.03,2026-09-17
DMEI,,Sigma Healthcare Ltd,0.03,2026-09-17
DMEI,,WISE GROUP PLC CL A,0.03,2026-09-17
DMEI,,Tryg A/S,0.03,2026-09-17
DMEI,,Sanrio Co Ltd,0.03,2026-09-17
DMEI,,ASX Ltd,0.03,2026-09-17
DMEI,,Beiersdorf AG,0.03,2026-09-17
DMEI,,Nippon Express Holdings Inc,0.03,2026-09-17
DMEI,,NGK Insulators Ltd,0.03,2026-09-17
DMEI,,Capcom Co Ltd,0.03,2026-09-17
DMEI,,Xero Ltd,0.03,2026-09-17
DMEI,,Santander Bank Polska SA,0.03,2026-09-17
DMEI,,Henkel AG & Co KgaA,0.03,2026-09-17
DMEI,,Svenska Cellulosa SCA AB,0.03,2026-09-17
DMEI,,ALS Ltd,0.03,2026-09-17
DMEI,,Orica Ltd,0.03,2026-09-17
DMEI,,Mitsui Mining and Smelting Co Ltd,0.03,2026-09-17
DMEI,,Infratil Ltd,0.03,2026-09-17
DMEI,,Isuzu Motors Ltd,0.03,2026-09-17
DMEI,,Ascendas REIT - Units,0.03,2026-09-17
DMEI,,Nitori Holdings Co Ltd,0.03,2026-09-17
DMEI,,J Sainsbury PLC,0.03,2026-09-17
DMEI,,NGK Spark Plug Co Ltd,0.03,2026-09-17
DMEI,,Aisin Corp,0.03,2026-09-17
DMEI,,Yara International ASA,0.03,2026-09-17
DMEI,,Mitsubishi HC Capital Inc,0.03,2026-09-17
DMEI,,Minebea Mitsumi Inc,0.03,2026-09-17
DMEI,,Grab Holdings Ltd Cl A,0.03,2026-09-17
DMEI,,Storebrand ASA,0.03,2026-09-17
DMEI,,Fresnillo PLC,0.03,2026-09-17
DMEI,,Ampol Ltd,0.03,2026-09-17
DMEI,,Toppan Inc,0.03,2026-09-17
DMEI,,Stockland Corp Ltd - Units,0.03,2026-09-17
DMEI,,Frontline Ltd,0.03,2026-09-17
DMEI,,H & M Hennes & Mauritz AB Cl B,0.03,2026-09-17
DMEI,,Dai Nippon Printing Co Ltd,0.03,2026-09-17
DMEI,,Hochtief AG,0.03,2026-09-17
DMEI,,Intermediate Capital Group PLC,0.03,2026-09-17
DMEI,,Hankyu Hanshin Holdings Inc,0.03,2026-09-17
DMEI,,Orkla ASA,0.03,2026-09-17
DMEI,,Ramsay Health Care Ltd,0.03,2026-09-17
DMEI,,Unicharm Corp,0.03,2026-09-17
DMEI,,Hachijuni Bank Ltd,0.03,2026-09-17
DMEI,,Lifco AB (publ) Cl B,0.03,2026-09-17
DMEI,,Sartorius AG - Pfd,0.03,2026-09-17
DMEI,,Andritz AG,0.03,2026-09-17
DMEI,,Associated British Foods PLC,0.03,2026-09-17
DMEI,,AGC Inc,0.03,2026-09-17
DMEI,,Spirax-Sarco Engineering PLC,0.03,2026-09-17
DMEI,,Bezeq Israeli Telecomm Corp Ltd,0.03,2026-09-17
DMEI,,Kingfisher PLC,0.03,2026-09-17
DMEI,,Exor NV,0.03,2026-09-17
DMEI,,Taiyo Yuden Co Ltd,0.03,2026-09-17
DMEI,,JFE Holdings Inc,0.03,2026-09-17
DMEI,,Aedifica NV,0.03,2026-09-17
DMEI,,Stora Enso Oyj Cl R,0.03,2026-09-17
DMEI,,China Mengniu Dairy Co Ltd,0.03,2026-09-17
DMEI,,Kesko Oyj,0.03,2026-09-17
DMEI,,Harel Insurance Invsmts Fcnl Srvcs Ltd,0.03,2026-09-17
DMEI,,Omron Corp,0.03,2026-09-17
DMEI,,Nippon Building Fund Inc,0.03,2026-09-17
DMEI,,Ackermans & Van Haaren NV,0.03,2026-09-17
DMEI,,Isetan Mitsukoshi Holdings Ltd,0.03,2026-09-17
DMEI,,Brother Industries Ltd,0.03,2026-09-17
DMEI,,LPP SA,0.03,2026-09-17
DMEI,,Meiji Holdings Co Ltd,0.03,2026-09-17
DMEI,,Sino Biopharmaceutical Ltd,0.03,2026-09-17
DMEI,,Nippon Sanso Holdings Corp,0.03,2026-09-17
DMEI,,Nexon Co Ltd,0.03,2026-09-17
DMEI,,Nissan Chemical Corp,0.03,2026-09-17
DMEI,,Sonic Healthcare Ltd,0.03,2026-09-17
DMEI,,Indutrade AB,0.03,2026-09-17
DMEI,,Nippon Paint Holdings Co Ltd,0.03,2026-09-17
DMEI,,Recordati Industria Chimca Frmctc SpA,0.03,2026-09-17
DMEI,,Mineral Resources Ltd,0.03,2026-09-17
DMEI,,Sartorius Stedim Biotech SA,0.03,2026-09-17
DMEI,,Volvo AB Cl A,0.03,2026-09-17
DMEI,,ASM Pacific Technology Ltd,0.03,2026-09-17
DMEI,,Futu Holdings Ltd - ADR,0.03,2026-09-17
DMEI,,Rakuten Group Inc,0.03,2026-09-17
DMEI,,Ssab AB Cl B,0.03,2026-09-17
DMEI,,MTR Corp Ltd,0.03,2026-09-17
DMEI,,Daito Trust Construction Co Ltd,0.03,2026-09-17
DMEI,,WH Group Ltd,0.03,2026-09-17
DMEI,,Food & Life Cos Ltd,0.03,2026-09-17
DMEI,,Cochlear Ltd,0.03,2026-09-17
DMEI,,Japan Post Insurance Co Ltd,0.03,2026-09-17
DMEI,,Nibe Industrier AB Cl B,0.03,2026-09-17
DMEI,,Yokogawa Electric Corp,0.03,2026-09-17
DMEI,,Vicinity Centres - Units,0.03,2026-09-17
DMEI,,Schroders PLC,0.03,2026-09-17
DMEI,,SYENSQO SA,0.03,2026-09-17
DMEI,,Kyushu Electric Power Co Inc,0.03,2026-09-17
DMEI,,BayCurrent Consulting Inc,0.03,2026-09-17
DMEI,,Groep Brussel Lambert NV,0.03,2026-09-17
DMEI,,Misumi Group Inc,0.03,2026-09-17
DMEI,,Sumco Corp,0.03,2026-09-17
DMEI,,GPT Group - Units,0.03,2026-09-17
DMEI,,Yaskawa Electric Corp,0.03,2026-09-17
DMEI,,Ono Pharmaceutical Co Ltd,0.03,2026-09-17
DMEI,,Clal Insurance Enterprises Hldgs Ltd,0.03,2026-09-17
DMEI,,Hulic Co Ltd,0.03,2026-09-17
DMEI,,Schindler Holding AG Cl N,0.03,2026-09-17
DMEI,,Elisa Oyj Cl A,0.03,2026-09-17
DMEI,,voestalpine AG,0.03,2026-09-17
DMEI,,Nice Ltd,0.03,2026-09-17
DMEI,,Zensho Holdings Co Ltd,0.03,2026-09-17
DMEI,,Charter Hall Group - Units,0.03,2026-09-17
DMEI,,Pro Medicus Ltd,0.03,2026-09-17
DMEI,,HKT Trust and HKT Ltd - Units,0.03,2026-09-17
DMEI,,NEXTDC Ltd,0.03,2026-09-17
DMEI,,Carsales.Com Ltd,0.03,2026-09-17
DMEI,,Dr Ing hc F Porsche AG - Pfd,0.03,2026-09-17
DMEI,,Beijer Ref AB (publ) Cl B,0.03,2026-09-17
DMEI,,Sekisui Chemical Co Ltd,0.03,2026-09-17
DMEI,,Wharf Real Estate Investment Co Ltd,0.03,2026-09-17
DMEI,,Ricoh Co Ltd,0.03,2026-09-17
DMEI,,Toyo Suisan Kaisha Ltd,0.03,2026-09-17
DMEI,,Sony Financial Group Inc,0.03,2026-09-17
DMEI,,TechnologyOne Ltd,0.03,2026-09-17
DMEI,,Yokohama Rubber Co Ltd,0.03,2026-09-17
DMEI,,Shimadzu Corp,0.02,2026-09-17
DMEI,,Seibu Holdings Inc,0.02,2026-09-17
DMEI,,Elia Group SA,0.02,2026-09-17
DMEI,,Gjensidige Forsikring ASA,0.02,2026-09-17
DMEI,,Seatrium Ltd,0.02,2026-09-17
DMEI,,Sysmex Corp,0.02,2026-09-17
DMEI,,Jeronimo Martins SGPS SA,0.02,2026-09-17
DMEI,,Lotus Bakeries NV,0.02,2026-09-17
DMEI,,Next Vision Stabilized Systems Ltd,0.02,2026-09-17
DMEI,,Seiko Epson Corp,0.02,2026-09-17
DMEI,,Azrieli Group Ltd,0.02,2026-09-17
DMEI,,Japan Real Estate Investment Corp,0.02,2026-09-17
DMEI,,Banca Mediolanum SpA,0.02,2026-09-17
DMEI,,Tokyo Electric Power Co Holdings Inc,0.02,2026-09-17
DMEI,,Kurita Water Industries Ltd,0.02,2026-09-17
DMEI,,REA Group Ltd,0.02,2026-09-17
DMEI,,OPC Energy Ltd,0.02,2026-09-17
DMEI,,Japan Metropolitan Fund Investmnt Corp,0.02,2026-09-17
DMEI,,Industrivarden AB,0.02,2026-09-17
DMEI,,Otsuka Corp,0.02,2026-09-17
DMEI,,Sumitomo Chemical Co Ltd,0.02,2026-09-17
DMEI,,Toho Co Ltd (Tokyo),0.02,2026-09-17
DMEI,,MatsukiyoCocokara & Co,0.02,2026-09-17
DMEI,,Tokyu Corp,0.02,2026-09-17
DMEI,,JB Hi-Fi Ltd,0.02,2026-09-17
DMEI,,TOTO Ltd,0.02,2026-09-17
DMEI,,CK Infrastructure Holdings Ltd,0.02,2026-09-17
DMEI,,Tokyo Ohka Kogyo Co Ltd,0.02,2026-09-17
DMEI,,Getinge AB Cl B,0.02,2026-09-17
DMEI,,Kinden Corp,0.02,2026-09-17
DMEI,,mBank SA,0.02,2026-09-17
DMEI,,Tosoh Corp,0.02,2026-09-17
DMEI,,Wilmar International Ltd,0.02,2026-09-17
DMEI,,Kingboard Laminates Holdings Ltd,0.02,2026-09-17
DMEI,,Contact Energy Ltd,0.02,2026-09-17
DMEI,,Nordnet AB (publ),0.02,2026-09-17
DMEI,,Sparebank 1 SR Bank ASA,0.02,2026-09-17
DMEI,,SGH LTD,0.02,2026-09-17
DMEI,,Mitsui Chemicals Inc,0.02,2026-09-17
DMEI,,Mirvac Group - Units,0.02,2026-09-17
DMEI,,Var Energi ASA,0.02,2026-09-17
DMEI,,Trend Micro Inc,0.02,2026-09-17
DMEI,,TIS Inc,0.02,2026-09-17
DMEI,,Tokyu Fudosan Holdings Corp,0.02,2026-09-17
DMEI,,Whitehaven Coal Ltd,0.02,2026-09-17
DMEI,,Sofina SA,0.02,2026-09-17
DMEI,,TBS Holdings Inc,0.02,2026-09-17
DMEI,,Oji Holdings Corp,0.02,2026-09-17
DMEI,,Dino Polska SA,0.02,2026-09-17
DMEI,,Capitaland Investment Ltd,0.02,2026-09-17
DMEI,,Avanza Bank Holding AB,0.02,2026-09-17
DMEI,,Asahi Intecc Co Ltd,0.02,2026-09-17
DMEI,,Swire Pacific Ltd,0.02,2026-09-17
DMEI,,Sino Land Co Ltd,0.02,2026-09-17
DMEI,,Verbund AG,0.02,2026-09-17
DMEI,,Warehouses de Pauw NV,0.02,2026-09-17
DMEI,,M3 Inc,0.02,2026-09-17
DMEI,,Square Enix Holdings Co Ltd,0.02,2026-09-17
DMEI,,VERISURE PLC,0.02,2026-09-17
DMEI,,Mazda Motor Corp,0.02,2026-09-17
DMEI,,Amada Co Ltd,0.02,2026-09-17
DMEI,,Dentsu Group Inc,0.02,2026-09-17
DMEI,,L E Lundbergforetagen AB (publ),0.02,2026-09-17
DMEI,,Tohoku Electric Power Co Inc,0.02,2026-09-17
DMEI,,Kintetsu Group Holdings Co Ltd,0.02,2026-09-17
DMEI,,Wix.Com Ltd,0.02,2026-09-17
DMEI,,A2A SpA,0.02,2026-09-17
DMEI,,Yakult Honsha Co Ltd,0.02,2026-09-17
DMEI,,J.Front Retailing Co Ltd,0.02,2026-09-17
DMEI,,CD Projekt SA,0.02,2026-09-17
DMEI,,Sumitomo Heavy Industries Ltd,0.02,2026-09-17
DMEI,,Sembcorp Industries Ltd,0.02,2026-09-17
DMEI,,Aurizon Holdings Ltd,0.02,2026-09-17
DMEI,,Nissan Motor Co Ltd,0.02,2026-09-17
DMEI,,McDonald's Holdings Co Japan Ltd,0.02,2026-09-17
DMEI,,Camtek Ltd,0.02,2026-09-17
DMEI,,InPost SA,0.02,2026-09-17
DMEI,,Hitachi Construction Machinery Co Ltd,0.02,2026-09-17
DMEI,,Electric Power Development Co Ltd Cl D,0.02,2026-09-17
DMEI,,Azbil Corp,0.02,2026-09-17
DMEI,,Hirose Electric Co Ltd,0.02,2026-09-17
DMEI,,WiseTech Global Ltd,0.02,2026-09-17
DMEI,,Henderson Land Development Co Ltd,0.02,2026-09-17
DMEI,,Sanwa Holdings Corp,0.02,2026-09-17
DMEI,,DEXUS Property Group - Units,0.02,2026-09-17
DMEI,,USS Co Ltd,0.02,2026-09-17
DMEI,,Financiere de Tubize SA,0.02,2026-09-17
DMEI,,Davide Campari Milano NV,0.02,2026-09-17
DMEI,,Sectra AB Cl B,0.02,2026-09-17
DMEI,,Technoprobe SpA,0.02,2026-09-17
DMEI,,Hamamatsu Photonics KK,0.02,2026-09-17
DMEI,,Haseko Corp,0.02,2026-09-17
DMEI,,First International Bank of Israel Ltd,0.02,2026-09-17
DMEI,,Kingboard Holdings Ltd,0.02,2026-09-17
DMEI,,Sagax AB Cl B,0.02,2026-09-17
DMEI,,Glp J-Reit,0.02,2026-09-17
DMEI,,Sumitomo Forestry Co Ltd,0.02,2026-09-17
DMEI,,Mitsubishi Gas Chemical Co Inc,0.02,2026-09-17
DMEI,,D'Ieteren Group NV,0.02,2026-09-17
DMEI,,GBP Currency,0.02,2026-09-17
DMEI,,Icl Group Ltd,0.02,2026-09-17
DMEI,,SalMar ASA,0.02,2026-09-17
DMEI,,Suntory Beverage & Food Ltd,0.02,2026-09-17
DMEI,,Meridian Energy Ltd,0.02,2026-09-17
DMEI,,Keisei Electric Railway Co Ltd,0.02,2026-09-17
DMEI,,Castellum AB,0.02,2026-09-17
DMEI,,Migdal Insurance Financial Hldgs Ltd,0.02,2026-09-17
DMEI,,Mega Or Holdings Ltd,0.02,2026-09-17
DMEI,,Bank Millennium SA,0.02,2026-09-17
DMEI,,Sands China Ltd,0.02,2026-09-17
DMEI,,Tobu Railway Co Ltd,0.02,2026-09-17
DMEI,,Kandenko Co Ltd,0.02,2026-09-17
DMEI,,Nippon Prologis REIT Inc,0.02,2026-09-17
DMEI,,Aker ASA,0.02,2026-09-17
DMEI,,Nomura Real Estate Master Fund Inc,0.02,2026-09-17
DMEI,,Big Shopping Centers Ltd,0.02,2026-09-17
DMEI,,Air Water Inc,0.02,2026-09-17
DMEI,,Global-E Online Ltd,0.02,2026-09-17
DMEI,,Hoshizaki Corp,0.02,2026-09-17
DMEI,,Odakyu Electric Railway Co Ltd,0.02,2026-09-17
DMEI,,UOL Group Ltd,0.02,2026-09-17
DMEI,,Fastighets AB Balder Cl B,0.02,2026-09-17
DMEI,,Orix JREIT Inc,0.02,2026-09-17
DMEI,,Zabka Group SA,0.02,2026-09-17
DMEI,,AGL Energy Ltd,0.02,2026-09-17
DMEI,,Open House Co Ltd,0.02,2026-09-17
DMEI,,Rakuten Bank Ltd,0.02,2026-09-17
DMEI,,Persol Holdings Co Ltd,0.02,2026-09-17
DMEI,,Rohto Pharmaceutical Co Ltd,0.01,2026-09-17
DMEI,,Monday.Com Ltd,0.01,2026-09-17
DMEI,,Nissin Foods Holdings Co Ltd,0.01,2026-09-17
DMEI,,A2 Milk Co Ltd,0.01,2026-09-17
DMEI,,Yamato Holdings Co Ltd,0.01,2026-09-17
DMEI,,Nippon Television Holdings Inc,0.01,2026-09-17
DMEI,,CyberAgent Inc,0.01,2026-09-17
DMEI,,PGE Polska Grupa Energetyczna SA,0.01,2026-09-17
DMEI,,Tel Aviv Stock Exchange Ltd,0.01,2026-09-17
DMEI,,AAK AB (publ),0.01,2026-09-17
DMEI,,Melisron Ltd,0.01,2026-09-17
DMEI,,NH Foods Ltd,0.01,2026-09-17
DMEI,,Kyushu Railway Co,0.01,2026-09-17
DMEI,,Nordic Semiconductor ASA,0.01,2026-09-17
DMEI,,Santen Pharmaceutical Co Ltd,0.01,2026-09-17
DMEI,,Worley Ltd,0.01,2026-09-17
DMEI,,Hikari Tsushin Inc,0.01,2026-09-17
DMEI,,Kyowa Kirin Co Ltd,0.01,2026-09-17
DMEI,,Koito Manufacturing Co Ltd,0.01,2026-09-17
DMEI,,Lixil Corp,0.01,2026-09-17
DMEI,,Schibsted ASA Cl B,0.01,2026-09-17
DMEI,,Sega Sammy Holdings Inc,0.01,2026-09-17
DMEI,,Medipal Holdings Corp,0.01,2026-09-17
DMEI,,Asseco Poland SA,0.01,2026-09-17
DMEI,,Kuraray Co Ltd,0.01,2026-09-17
DMEI,,Menora Mivtachim Holdings Ltd,0.01,2026-09-17
DMEI,,Shufersal Ltd,0.01,2026-09-17
DMEI,,Atlas Arteria Group - Units,0.01,2026-09-17
DMEI,,Marui Group Co Ltd,0.01,2026-09-17
DMEI,,Mainfreight Ltd,0.01,2026-09-17
DMEI,,United Urban Investment Corp,0.01,2026-09-17
DMEI,,Plus500 Ltd,0.01,2026-09-17
DMEI,,Yamazaki Baking Co Ltd,0.01,2026-09-17
DMEI,,Daiwa House REIT Investment Corp,0.01,2026-09-17
DMEI,,Swire Properties Ltd,0.01,2026-09-17
DMEI,,Kewpie Corp,0.01,2026-09-17
DMEI,,MonotaRO Co Ltd,0.01,2026-09-17
DMEI,,Nomura Real Estate Holdings Inc,0.01,2026-09-17
DMEI,,Endeavour Group Ltd,0.01,2026-09-17
DMEI,,Nichirei Corp,0.01,2026-09-17
DMEI,,Mapletree Industrial Trust - Units,0.01,2026-09-17
DMEI,,Mapletree Logistics Trust - Units,0.01,2026-09-17
DMEI,,Tsuruha Holdings Inc,0.01,2026-09-17
DMEI,,Yamaha Corp,0.01,2026-09-17
DMEI,,Vienna Insurance AG Wiener Vrichrg Grp,0.01,2026-09-17
DMEI,,ZOZO Inc,0.01,2026-09-17
DMEI,,Yamada Holdings Co Ltd,0.01,2026-09-17
DMEI,,Kobe Bussan Co Ltd,0.01,2026-09-17
DMEI,,Tokyo Century Corp,0.01,2026-09-17
DMEI,,Strabag SE,0.01,2026-09-17
DMEI,,Coca-Cola Bottlers Japan Holdings Inc,0.01,2026-09-17
DMEI,,Nisshin Seifun Group Inc,0.01,2026-09-17
DMEI,,Tokyo Metro Co Ltd,0.01,2026-09-17
DMEI,,Genting Singapore Ltd,0.01,2026-09-17
DMEI,,Reece Ltd,0.01,2026-09-17
DMEI,,Axfood AB,0.01,2026-09-17
DMEI,,Sohgo Security Services Co Ltd,0.01,2026-09-17
DMEI,,Investment AB Latour Cl B,0.01,2026-09-17
DMEI,,Airtel Africa PLC,0.01,2026-09-17
DMEI,,Sugi Holdings Co Ltd,0.01,2026-09-17
DMEI,,Shinsei Bank Ltd,0.01,2026-09-17
DMEI,,Volkswagen AG,0.01,2026-09-17
DMEI,,Shimamura Co Ltd,0.01,2026-09-17
DMEI,,Delek Group Ltd,0.01,2026-09-17
DMEI,,Sparebanken Vest,0.01,2026-09-17
DMEI,,SG Holdings Co Ltd,0.01,2026-09-17
DMEI,,KONGSBERG MARITIME ASA,0.01,2026-09-17
DMEI,,Paz Oil Co Ltd,0.01,2026-09-17
DMEI,,Protector Forsikring ASA,0.01,2026-09-17
DMEI,,Prada SpA,0.01,2026-09-17
DMEI,,Mercury NZ Ltd,0.01,2026-09-17
DMEI,,SATS Ltd,0.01,2026-09-17
DMEI,,Tomra Systems ASA,0.01,2026-09-17
DMEI,,GMO Payment Gateway Inc,0.01,2026-09-17
DMEI,,City Developments Ltd,0.01,2026-09-17
DMEI,,Nikon Corp,0.01,2026-09-17
DMEI,,Sparebank 1 SMN,0.01,2026-09-17
DMEI,,Mivne Real Estate KD Ltd,0.01,2026-09-17
DMEI,,Budimex SA,0.01,2026-09-17
DMEI,,Fuji Media Holdings Inc,0.01,2026-09-17
DMEI,,Sweco AB (publ) Cl B,0.01,2026-09-17
DMEI,,Ssab AB Cl A,0.01,2026-09-17
DMEI,,Chow Tai Fook Jewellery Group Ltd,0.01,2026-09-17
DMEI,,Sumitomo Dainippon Pharma Co Ltd,0.01,2026-09-17
DMEI,,Rinnai Corp,0.01,2026-09-17
DMEI,,Orange Polska SA,0.01,2026-09-17
DMEI,,Wharf Holdings Ltd,0.01,2026-09-17
DMEI,,EBOS Group Ltd,0.01,2026-09-17
DMEI,,Sumitomo Rubber Industries Ltd,0.01,2026-09-17
DMEI,,BYD Electronic International Co Ltd,0.01,2026-09-17
DMEI,,Strauss Group Ltd,0.01,2026-09-17
DMEI,,Wienerberger AG,0.01,2026-09-17
DMEI,,Shapir Engineering and Industry Ltd,0.01,2026-09-17
DMEI,,Iida Group Holdings Co Ltd,0.01,2026-09-17
DMEI,,Alibaba Health Information Tech Ltd,0.01,2026-09-17
DMEI,,Spark New Zealand Ltd,0.01,2026-09-17
DMEI,,Mapletree Commercial Trust - Units,0.01,2026-09-17
DMEI,,P/F Bakkafrost,0.01,2026-09-17
DMEI,,Doral Grp Renewable Energy Resources Ltd,0.01,2026-09-17
DMEI,,Hoegh Autoliners ASA,0.01,2026-09-17
DMEI,,Shikun & Binui Ltd,0.01,2026-09-17
DMEI,,Holmen AB Cl B,0.01,2026-09-17
DMEI,,Wallenius Wilhelmsen ASA,0.01,2026-09-17
DMEI,,Dof Group ASA,0.01,2026-09-17
DMEI,,Energix Renewable Energies Ltd,0.01,2026-09-17
DMEI,,Xinyi Glass Holdings Ltd,0.01,2026-09-17
DMEI,,Oracle Corp Japan,0.01,2026-09-17
DMEI,,FIBI Holdings Ltd,0.01,2026-09-17
DMEI,,China Gas Holdings Ltd,0.01,2026-09-17
DMEI,,TPG Telecom Ltd,0.01,2026-09-17
DMEI,,HK Electric Investments Ltd - Units,0.01,2026-09-17
DMEI,,AutoStore Holdings Ltd,0.01,2026-09-17
DMEI,,Cathay Pacific Airways Ltd,0.01,2026-09-17
DMEI,,Amot Investments Ltd,0.01,2026-09-17
DMEI,,Cosmos Pharmaceutical Corp,0.01,2026-09-17
DMEI,,Fosun International Ltd,0.01,2026-09-17
DMEI,,CONTRA CYBERARK SOFTWA,0.01,2026-09-17
DMEI,,Koei Tecmo Holdings Co Ltd,0.01,2026-09-17
DMEI,,BNP Paribas Bank Polska SA,0.01,2026-09-17
DMEI,,Hang Lung Properties Ltd,0.01,2026-09-17
DMEI,,Electra Ltd,0.01,2026-09-17
DMEI,,Cellebrite DI Ltd,0.01,2026-09-17
DMEI,,ABC-Mart Inc,0.01,2026-09-17
DMEI,,HKD Currency,0.01,2026-09-17
DMEI,,Swire Pacific Ltd Cl B,0.01,2026-09-17
DMEI,,Fattal Holdings 1998 Ltd,0.01,2026-09-17
DMEI,,Acom Co Ltd,0.01,2026-09-17
DMEI,,Meitav Dash Investments Ltd,0.01,2026-09-17
DMEI,,ETORO GROUP LTD A,0.01,2026-09-17
DMEI,,Evn AG,0.01,2026-09-17
DMEI,,Leroy Seafood Group ASA,0.00,2026-09-17
DMEI,,Budweiser Brewing Co APAC Ltd,0.00,2026-09-17
DMEI,,Jardine Cycle & Carriage Ltd,0.00,2026-09-17
DMEI,,Hapag Lloyd AG,0.00,2026-09-17
DMEI,,Toei Animation Co Ltd,0.00,2026-09-17
DMEI,,PAYPAY CORP,0.00,2026-09-17
DMEI,,Wilh Wilhelmsen Holding ASA Cl A,0.00,2026-09-17
DMEI,,Israel Corp Ltd,0.00,2026-09-17
DMEI,,MGM China Holdings Ltd,0.00,2026-09-17
DMEI,,Airport City Ltd,0.00,2026-09-17
DMEI,,Volvo Car AB Cl B,0.00,2026-09-17
DMEI,,EUR Currency,0.00,2026-09-17
DMEI,,Qingdao Port International Co Ltd Cl H,0.00,2026-09-17
DMEI,,AUD Currency,0.00,2026-09-17
DMEI,,Svenska Handelsbanken AB Cl B,0.00,2026-09-17
DMEI,,ARCHION CORP,0.00,2026-09-17
DMEI,,Sagax AB Cl D,0.00,2026-09-17
DMEI,,ILS Currency,0.00,2026-09-17
DMEI,,USD Currency,0.00,2026-09-17
DMEI,,SGD Currency,0.00,2026-09-17
DMEI,,Keppel REIT - Units,0.00,2026-09-17
DMEI,,DKK Currency,0.00,2026-09-17
DMEI,,NOK Currency,0.00,2026-09-17
DMEI,,PLN Currency,0.00,2026-09-17
DMEI,,CHF Currency,0.00,2026-09-17
DMEI,,SEK Currency,0.00,2026-09-17
DMEI,,NZD Currency,0.00,2026-09-17
DMEI,,JPY Currency,0.00,2026-09-17
DMEU,,NVIDIA Corp,7.73,2026-09-17
DMEU,,Apple Inc,7.30,2026-09-17
DMEU,,Microsoft Corp,5.53,2026-09-17
DMEU,,Amazon.com Inc,3.66,2026-09-17
DMEU,,Alphabet Inc Cl A,3.08,2026-09-17
DMEU,,Alphabet Inc Cl C,2.65,2026-09-17
DMEU,,Broadcom Inc,2.45,2026-09-17
DMEU,,Meta Platforms Inc Cl A,2.27,2026-09-17
DMEU,,Tesla Inc,1.70,2026-09-17
DMEU,,Micron Technology Inc,1.67,2026-09-17
DMEU,,Eli Lilly and Co,1.47,2026-09-17
DMEU,,JPMorgan Chase & Co,1.41,2026-09-17
DMEU,,Advanced Micro Devices Inc,1.34,2026-09-17
DMEU,,Berkshire Hathaway Inc Cl B,1.08,2026-09-17
DMEU,,EXXONMOBIL HOLDINGS CORP,1.02,2026-09-17
DMEU,,Johnson & Johnson,0.99,2026-09-17
DMEU,,Visa Inc Cl A,0.93,2026-09-17
DMEU,,Intel Corp,0.71,2026-09-17
DMEU,,Abbvie Inc,0.71,2026-09-17
DMEU,,Walmart Inc,0.70,2026-09-17
DMEU,,Mastercard Inc Cl A,0.67,2026-09-17
DMEU,,Cisco Systems Inc,0.66,2026-09-17
DMEU,,Costco Wholesale Corp,0.60,2026-09-17
DMEU,,Chevron Corp,0.60,2026-09-17
DMEU,,Palantir Technologies Inc Cl A,0.57,2026-09-17
DMEU,,Caterpillar Inc,0.56,2026-09-17
DMEU,,Merck & Co Inc,0.55,2026-09-17
DMEU,,Bank of America Corp,0.55,2026-09-17
DMEU,,Procter & Gamble Co,0.52,2026-09-17
DMEU,,Coca-Cola Co,0.52,2026-09-17
DMEU,,UnitedHealth Group Inc,0.52,2026-09-17
DMEU,,Lam Research Corp,0.51,2026-09-17
DMEU,,Applied Materials Inc,0.50,2026-09-17
DMEU,,General Electric Co,0.49,2026-09-17
DMEU,,Netflix Inc,0.48,2026-09-17
DMEU,,Palo Alto Networks Inc,0.46,2026-09-17
DMEU,,Home Depot Inc,0.46,2026-09-17
DMEU,,Philip Morris International Inc,0.45,2026-09-17
DMEU,,Goldman Sachs Group Inc,0.42,2026-09-17
DMEU,,Wells Fargo & Co,0.40,2026-09-17
DMEU,,Raytheon Technologies Corp,0.39,2026-09-17
DMEU,,Oracle Corp,0.38,2026-09-17
DMEU,,GE VERNOVA INC,0.38,2026-09-17
DMEU,,Crowdstrike Holdings Inc Cl A,0.37,2026-09-17
DMEU,,Morgan Stanley,0.37,2026-09-17
DMEU,,Thermo Fisher Scientific Inc,0.37,2026-09-17
DMEU,,SanDisk Corp,0.36,2026-09-17
DMEU,,Texas Instruments Inc,0.36,2026-09-17
DMEU,,Citigroup Inc,0.34,2026-09-17
DMEU,,International Business Machines Corp,0.34,2026-09-17
DMEU,,KLA Corp,0.33,2026-09-17
DMEU,,Linde PLC,0.32,2026-09-17
DMEU,,Marvell Technology Inc,0.32,2026-09-17
DMEU,,Arista Networks Inc,0.31,2026-09-17
DMEU,,Amgen Inc,0.31,2026-09-17
DMEU,,Verizon Communications Inc,0.30,2026-09-17
DMEU,,Qualcomm Inc,0.30,2026-09-17
DMEU,,Salesforce Inc,0.29,2026-09-17
DMEU,,Amphenol Corp Cl A,0.29,2026-09-17
DMEU,,Gilead Sciences Inc,0.28,2026-09-17
DMEU,,Walt Disney Co,0.28,2026-09-17
DMEU,,PepsiCo Inc,0.28,2026-09-17
DMEU,,Seagate Technology Holdings PLC,0.27,2026-09-17
DMEU,,Abbott Laboratories,0.27,2026-09-17
DMEU,,AT&T Inc,0.27,2026-09-17
DMEU,,Mcdonald's Corp,0.27,2026-09-17
DMEU,,Analog Devices Inc,0.27,2026-09-17
DMEU,,Charles Schwab Corp,0.26,2026-09-17
DMEU,,Nextera Energy Inc,0.26,2026-09-17
DMEU,,Deere & Co,0.26,2026-09-17
DMEU,,American Express Co,0.25,2026-09-17
DMEU,,Union Pacific Corp,0.25,2026-09-17
DMEU,,Dell Technologies Inc,0.25,2026-09-17
DMEU,,Welltower Inc,0.25,2026-09-17
DMEU,,BlackRock Inc,0.25,2026-09-17
DMEU,,ConocoPhillips,0.25,2026-09-17
DMEU,,Eaton Corp PLC,0.24,2026-09-17
DMEU,,Pfizer Inc,0.24,2026-09-17
DMEU,,Boeing Co,0.23,2026-09-17
DMEU,,Western Digital Corp,0.22,2026-09-17
DMEU,,ServiceNow Inc,0.22,2026-09-17
DMEU,,TJX Cos Inc,0.21,2026-09-17
DMEU,,Uber Technologies Inc,0.21,2026-09-17
DMEU,,Intuitive Surgical Inc,0.21,2026-09-17
DMEU,,Danaher Corp,0.20,2026-09-17
DMEU,,Booking Holdings Inc,0.20,2026-09-17
DMEU,,Newmont Corp,0.20,2026-09-17
DMEU,,Vertex Pharmaceuticals Inc,0.20,2026-09-17
DMEU,,Bristol-Myers Squibb Co,0.19,2026-09-17
DMEU,,Progressive Corp,0.19,2026-09-17
DMEU,,Prologis Inc,0.19,2026-09-17
DMEU,,Lockheed Martin Corp,0.19,2026-09-17
DMEU,,Capital One Financial Corp,0.19,2026-09-17
DMEU,,Marathon Petroleum Corp,0.19,2026-09-17
DMEU,,Chubb Ltd,0.19,2026-09-17
DMEU,,Valero Energy Corp,0.19,2026-09-17
DMEU,,Medtronic PLC,0.18,2026-09-17
DMEU,,S&P Global Inc,0.18,2026-09-17
DMEU,,Accenture PLC Cl A,0.18,2026-09-17
DMEU,,Altria Group Inc,0.18,2026-09-17
DMEU,,Parker-Hannifin Corp,0.17,2026-09-17
DMEU,,CVS Health Corp,0.17,2026-09-17
DMEU,,Corning Inc,0.17,2026-09-17
DMEU,,Snowflake Inc Cl A,0.17,2026-09-17
DMEU,,Phillips 66,0.17,2026-09-17
DMEU,,Lowe's Cos Inc,0.17,2026-09-17
DMEU,,Automatic Data Processing Inc,0.16,2026-09-17
DMEU,,Starbucks Corp,0.16,2026-09-17
DMEU,,Fortinet Inc,0.16,2026-09-17
DMEU,,Cloudflare Inc Cl A,0.16,2026-09-17
DMEU,,Bank of New York Mellon Corp,0.16,2026-09-17
DMEU,,McKesson Corp,0.16,2026-09-17
DMEU,,Equinix Inc,0.15,2026-09-17
DMEU,,Freeport-McMoRan Inc,0.15,2026-09-17
DMEU,,Adobe Inc,0.15,2026-09-17
DMEU,,Space Exploration Technologies Corp - Cl A,0.15,2026-09-17
DMEU,,CME Group Inc Cl A,0.15,2026-09-17
DMEU,,Southern Co,0.15,2026-09-17
DMEU,,Stryker Corp,0.15,2026-09-17
DMEU,,Trane Technologies PLC,0.14,2026-09-17
DMEU,,Blackstone Inc,0.14,2026-09-17
DMEU,,Duke Energy Corp,0.14,2026-09-17
DMEU,,PNC Financial Services Group Inc,0.14,2026-09-17
DMEU,,Quanta Services Inc,0.14,2026-09-17
DMEU,,US Bancorp,0.14,2026-09-17
DMEU,,Elevance Health Inc,0.14,2026-09-17
DMEU,,Howmet Aerospace Inc,0.14,2026-09-17
DMEU,,Applovin Corp Cl A,0.13,2026-09-17
DMEU,,CSX Corp Sr 9,0.13,2026-09-17
DMEU,,Constellation Energy Corp,0.13,2026-09-17
DMEU,,Williams Cos Inc,0.13,2026-09-17
DMEU,,Intercontinental Exchange Inc,0.13,2026-09-17
DMEU,,3M Co,0.13,2026-09-17
DMEU,,Johnson Controls International PLC,0.13,2026-09-17
DMEU,,Mercadolibre Inc,0.13,2026-09-17
DMEU,,Waste Management Inc,0.13,2026-09-17
DMEU,,Vertiv Holdings Co Cl A,0.13,2026-09-17
DMEU,,Marsh & McLennan Cos Inc,0.13,2026-09-17
DMEU,,Intuit Inc,0.13,2026-09-17
DMEU,,Emerson Electric Co,0.13,2026-09-17
DMEU,,Robinhood Markets Inc Cl A,0.13,2026-09-17
DMEU,,American Tower Corp,0.12,2026-09-17
DMEU,,Comcast Corp Cl A,0.12,2026-09-17
DMEU,,Travelers Cos Inc,0.12,2026-09-17
DMEU,,Hewlett Packard Enterprise Co,0.12,2026-09-17
DMEU,,Mondelez International Inc Cl A,0.12,2026-09-17
DMEU,,General Dynamics Corp,0.12,2026-09-17
DMEU,,General Motors Co,0.12,2026-09-17
DMEU,,Regeneron Pharmaceuticals Inc,0.12,2026-09-17
DMEU,,Marriott International Inc Cl A,0.12,2026-09-17
DMEU,,EOG Resources Inc,0.12,2026-09-17
DMEU,,T-Mobile US Inc,0.12,2026-09-17
DMEU,,Cadence Design Systems Inc,0.12,2026-09-17
DMEU,,Illinois Tool Works Inc,0.12,2026-09-17
DMEU,,Datadog Inc Cl A,0.12,2026-09-17
DMEU,,Motorola Solutions Inc,0.11,2026-09-17
DMEU,,Bloom Energy Corp Cl A,0.11,2026-09-17
DMEU,,United Parcel Service Inc Cl B,0.11,2026-09-17
DMEU,,Northrop Grumman Corp,0.11,2026-09-17
DMEU,,Schlumberger NV,0.11,2026-09-17
DMEU,,Synopsys Inc,0.11,2026-09-17
DMEU,,Ross Stores Inc,0.11,2026-09-17
DMEU,,Sherwin-Williams Co,0.11,2026-09-17
DMEU,,Target Corp,0.11,2026-09-17
DMEU,,Norfolk Southern Corp,0.11,2026-09-17
DMEU,,Cummins Inc,0.11,2026-09-17
DMEU,,Cigna Corp,0.11,2026-09-17
DMEU,,Colgate-Palmolive Co,0.11,2026-09-17
DMEU,,O'Reilly Automotive Inc,0.11,2026-09-17
DMEU,,Moody's Corp,0.10,2026-09-17
DMEU,,FedEx Corp,0.10,2026-09-17
DMEU,,Hilton Worldwide Holdings Inc,0.10,2026-09-17
DMEU,,Ecolab Inc,0.10,2026-09-17
DMEU,,KKR & Co Inc,0.10,2026-09-17
DMEU,,DoorDash Inc Cl A,0.10,2026-09-17
DMEU,,Cintas Corp,0.10,2026-09-17
DMEU,,Airbnb Inc Cl A,0.10,2026-09-17
DMEU,,American Electric Power Co Inc,0.10,2026-09-17
DMEU,,HONEYWELL INTERNATIONAL INC,0.10,2026-09-17
DMEU,,Simon Property Group Inc,0.10,2026-09-17
DMEU,,Allstate Corp,0.10,2026-09-17
DMEU,,Warner Bros Discovery Inc,0.10,2026-09-17
DMEU,,Lumentum Holdings Inc,0.10,2026-09-17
DMEU,,Digital Realty Trust Inc,0.10,2026-09-17
DMEU,,Boston Scientific Corp,0.10,2026-09-17
DMEU,,United Rentals Inc,0.10,2026-09-17
DMEU,,Air Products and Chemicals Inc,0.10,2026-09-17
DMEU,,HCA Healthcare Inc,0.09,2026-09-17
DMEU,,Monster Beverage Corp,0.09,2026-09-17
DMEU,,Royal Caribbean Cruises Ltd,0.09,2026-09-17
DMEU,,Targa Resources Corp,0.09,2026-09-17
DMEU,,Arthur J Gallagher & Co,0.09,2026-09-17
DMEU,,Kinder Morgan Inc,0.09,2026-09-17
DMEU,,Paccar Inc,0.09,2026-09-17
DMEU,,TE Connectivity Ltd,0.09,2026-09-17
DMEU,,Nucor Corp,0.09,2026-09-17
DMEU,,Truist Financial Corp,0.09,2026-09-17
DMEU,,TransDigm Group Inc,0.09,2026-09-17
DMEU,,ONEOK INC,0.09,2026-09-17
DMEU,,Coherent Corp,0.09,2026-09-17
DMEU,,Crh PLC,0.09,2026-09-17
DMEU,,Aon PLC Cl A,0.09,2026-09-17
DMEU,,NXP Semiconductors NV,0.09,2026-09-17
DMEU,,Fastenal Co,0.09,2026-09-17
DMEU,,Cheniere Energy Inc,0.09,2026-09-17
DMEU,,Dominion Energy Inc,0.09,2026-09-17
DMEU,,Baker Hughes A GE Co Cl A,0.08,2026-09-17
DMEU,,Keysight Technologies Inc,0.08,2026-09-17
DMEU,,Teradyne Inc,0.08,2026-09-17
DMEU,,Corteva Inc,0.08,2026-09-17
DMEU,,Monolithic Power Systems Inc,0.08,2026-09-17
DMEU,,Comfort Systems USA Inc,0.08,2026-09-17
DMEU,,Moderna Inc,0.08,2026-09-17
DMEU,,AmerisourceBergen Corp,0.08,2026-09-17
DMEU,,Aflac Inc,0.08,2026-09-17
DMEU,,Apollo Global Management Inc,0.08,2026-09-17
DMEU,,Realty Income Corp,0.08,2026-09-17
DMEU,,AMETEK Inc,0.08,2026-09-17
DMEU,,Ford Motor Co,0.08,2026-09-17
DMEU,,W W Grainger Inc,0.08,2026-09-17
DMEU,,Cardinal Health Inc,0.08,2026-09-17
DMEU,,Sempra Energy,0.08,2026-09-17
DMEU,,Devon Energy Corp,0.08,2026-09-17
DMEU,,MetLife Inc,0.08,2026-09-17
DMEU,,Anglogold Ashanti PLC,0.08,2026-09-17
DMEU,,eBay Inc,0.08,2026-09-17
DMEU,,State Street Corp,0.08,2026-09-17
DMEU,,Edwards Lifesciences Corp,0.08,2026-09-17
DMEU,,Ameriprise Financial Inc,0.08,2026-09-17
DMEU,,Natera Inc,0.08,2026-09-17
DMEU,,Becton Dickinson and Co,0.07,2026-09-17
DMEU,,Delta Air Lines Inc,0.07,2026-09-17
DMEU,,Fifth Third Bancorp,0.07,2026-09-17
DMEU,,Ciena Corp,0.07,2026-09-17
DMEU,,Vistra Corp,0.07,2026-09-17
DMEU,,L3HARRIS TECHNOLOGIES INC,0.07,2026-09-17
DMEU,,Public Storage,0.07,2026-09-17
DMEU,,Entergy Corp,0.07,2026-09-17
DMEU,,Autodesk Inc,0.07,2026-09-17
DMEU,,PayPal Holdings Inc,0.07,2026-09-17
DMEU,,Occidental Petroleum Corp,0.07,2026-09-17
DMEU,,Westinghouse Air Brake Techs Corp,0.07,2026-09-17
DMEU,,Rockwell Automation Inc,0.07,2026-09-17
DMEU,,Humana Inc,0.07,2026-09-17
DMEU,,Carvana Co Cl A,0.07,2026-09-17
DMEU,,Autozone Inc,0.07,2026-09-17
DMEU,,Equity Residential,0.07,2026-09-17
DMEU,,Xcel Energy Inc,0.07,2026-09-17
DMEU,,Republic Services Inc,0.07,2026-09-17
DMEU,,Exelon Corp,0.07,2026-09-17
DMEU,,IQVIA Holdings Inc,0.07,2026-09-17
DMEU,,MicroStrategy Inc Cl A,0.07,2026-09-17
DMEU,,Agilent Technologies Inc,0.07,2026-09-17
DMEU,,Nike Inc Cl B,0.07,2026-09-17
DMEU,,Chipotle Mexican Grill Inc,0.06,2026-09-17
DMEU,,Waters Corp,0.06,2026-09-17
DMEU,,Ventas Inc,0.06,2026-09-17
DMEU,,Archer-Daniels-Midland Co,0.06,2026-09-17
DMEU,,Garmin Ltd,0.06,2026-09-17
DMEU,,Carrier Global Corp,0.06,2026-09-17
DMEU,,Keurig Dr Pepper Inc,0.06,2026-09-17
DMEU,,Diamondback Energy Inc,0.06,2026-09-17
DMEU,,IDEXX Laboratories Inc,0.06,2026-09-17
DMEU,,Prudential Financial Inc,0.06,2026-09-17
DMEU,,Block Inc Cl A,0.06,2026-09-17
DMEU,,American International Group Inc,0.06,2026-09-17
DMEU,,Flex Ltd,0.06,2026-09-17
DMEU,,MSCI Inc,0.06,2026-09-17
DMEU,,Workday Inc,0.06,2026-09-17
DMEU,,CBRE Group Inc,0.06,2026-09-17
DMEU,,Rocket Lab Corp,0.06,2026-09-17
DMEU,,FERGUSON ENTERPRISES INC,0.06,2026-09-17
DMEU,,Consolidated Edison Inc,0.06,2026-09-17
DMEU,,Astera Labs Inc,0.06,2026-09-17
DMEU,,NetApp Inc,0.06,2026-09-17
DMEU,,Nasdaq Inc,0.06,2026-09-17
DMEU,,Veeva Systems Inc Cl A,0.06,2026-09-17
DMEU,,Roper Technologies Inc,0.06,2026-09-17
DMEU,,Coinbase Global Inc Cl A,0.06,2026-09-17
DMEU,,Sysco Corp,0.06,2026-09-17
DMEU,,Interactive Brokers Group Inc Cl A,0.06,2026-09-17
DMEU,,Microchip Technology Inc,0.06,2026-09-17
DMEU,,Revolution Medicines Inc,0.06,2026-09-17
DMEU,,Paychex Inc,0.06,2026-09-17
DMEU,,Yum! Brands Inc,0.06,2026-09-17
DMEU,,Illumina Inc,0.06,2026-09-17
DMEU,,Hartford Financial Services Group Inc,0.06,2026-09-17
DMEU,,Take-Two Interactive Software Inc,0.05,2026-09-17
DMEU,,United Airlines Holdings Inc,0.05,2026-09-17
DMEU,,Axon Enterprise Inc,0.05,2026-09-17
DMEU,,D R Horton Inc,0.05,2026-09-17
DMEU,,Public Service Enterprise Group Inc,0.05,2026-09-17
DMEU,,Twilio Inc Cl A,0.05,2026-09-17
DMEU,,Kroger Co,0.05,2026-09-17
DMEU,,Kenvue Inc,0.05,2026-09-17
DMEU,,WEC Energy Group Inc,0.05,2026-09-17
DMEU,,DexCom Inc,0.05,2026-09-17
DMEU,,Northern Trust Corp,0.05,2026-09-17
DMEU,,Steel Dynamics Inc,0.05,2026-09-17
DMEU,,Iron Mountain Inc,0.05,2026-09-17
DMEU,,Arch Capital Group Ltd,0.05,2026-09-17
DMEU,,M&T Bank Corp,0.05,2026-09-17
DMEU,,Old Dominion Freight Line Inc,0.05,2026-09-17
DMEU,,Crown Castle International Corp,0.05,2026-09-17
DMEU,,Kimberly-Clark Corp,0.05,2026-09-17
DMEU,,Expedia Group Inc,0.05,2026-09-17
DMEU,,Pure Storage Inc Cl A,0.05,2026-09-17
DMEU,,Centene Corp,0.05,2026-09-17
DMEU,,Alnylam Pharmaceuticals Inc,0.05,2026-09-17
DMEU,,Resmed Inc,0.05,2026-09-17
DMEU,,Huntington Bancshares Inc,0.05,2026-09-17
DMEU,,Biogen Inc,0.05,2026-09-17
DMEU,,Vulcan Materials Co,0.05,2026-09-17
DMEU,,HP Inc,0.05,2026-09-17
DMEU,,MongoDB Inc Cl A,0.05,2026-09-17
DMEU,,Zoetis Inc Cl A,0.05,2026-09-17
DMEU,,EMCOR Group Inc,0.05,2026-09-17
DMEU,,EQT Corp,0.05,2026-09-17
DMEU,,Jabil Inc,0.05,2026-09-17
DMEU,,Okta Inc Cl A,0.05,2026-09-17
DMEU,,Martin Marietta Materials Inc,0.05,2026-09-17
DMEU,,Atlassian Corp PLC Cl A,0.05,2026-09-17
DMEU,,Willis Towers Watson PLC,0.05,2026-09-17
DMEU,,Sunbelt Rentals Holdings Inc,0.05,2026-09-17
DMEU,,Roblox Corp Cl A,0.05,2026-09-17
DMEU,,Cognizant Technology Solutions Corp Cl A,0.04,2026-09-17
DMEU,,GE Healthcare Technologies Inc,0.04,2026-09-17
DMEU,,PG&E Corp,0.04,2026-09-17
DMEU,,TechnipFMC PLC,0.04,2026-09-17
DMEU,,Extra Space Storage Inc,0.04,2026-09-17
DMEU,,Ameren Corp,0.04,2026-09-17
DMEU,,Mettler-Toledo International Inc,0.04,2026-09-17
DMEU,,Halliburton Co,0.04,2026-09-17
DMEU,,Raymond James Financial Inc,0.04,2026-09-17
DMEU,,Dollar General Corp,0.04,2026-09-17
DMEU,,Ingersoll Rand Inc,0.04,2026-09-17
DMEU,,Quest Diagnostics Inc,0.04,2026-09-17
DMEU,,Citizens Financial Group Inc,0.04,2026-09-17
DMEU,,CBOE Global Markets Inc,0.04,2026-09-17
DMEU,,American Water Works Co Inc,0.04,2026-09-17
DMEU,,Insmed Inc,0.04,2026-09-17
DMEU,,Credo Technology Group Holding Ltd,0.04,2026-09-17
DMEU,,Teledyne Technologies Inc,0.04,2026-09-17
DMEU,,CARNIVAL CORP LTD,0.04,2026-09-17
DMEU,,LPL Financial Holdings Inc,0.04,2026-09-17
DMEU,,DTE Energy Co,0.04,2026-09-17
DMEU,,Corpay Inc,0.04,2026-09-17
DMEU,,ON Semiconductor Corp,0.04,2026-09-17
DMEU,,Atmos Energy Corp,0.04,2026-09-17
DMEU,,LABCORP HOLDINGS INC,0.04,2026-09-17
DMEU,,Ares Management Corp Cl A,0.04,2026-09-17
DMEU,,West Pharmaceutical Services Inc,0.04,2026-09-17
DMEU,,Fiserv Inc,0.04,2026-09-17
DMEU,,Live Nation Entertainment Inc,0.04,2026-09-17
DMEU,,Otis Worldwide Corp,0.04,2026-09-17
DMEU,,Eversource Energy,0.04,2026-09-17
DMEU,,Synchrony Financial,0.04,2026-09-17
DMEU,,VICI Properties Inc,0.04,2026-09-17
DMEU,,Williams-Sonoma Inc,0.04,2026-09-17
DMEU,,Xylem Inc,0.04,2026-09-17
DMEU,,Copart Inc,0.04,2026-09-17
DMEU,,Expeditors Intl of Washington Inc,0.04,2026-09-17
DMEU,,Cincinnati Financial Corp,0.04,2026-09-17
DMEU,,Principal Financial Group Inc,0.04,2026-09-17
DMEU,,FirstEnergy Corp,0.04,2026-09-17
DMEU,,PPL Corp,0.04,2026-09-17
DMEU,,CoreWeave Inc Cl A,0.04,2026-09-17
DMEU,,F5 Networks Inc,0.04,2026-09-17
DMEU,,Dover Corp,0.04,2026-09-17
DMEU,,CenterPoint Energy Inc,0.04,2026-09-17
DMEU,,Regions Financial Corp,0.04,2026-09-17
DMEU,,Verisign Inc,0.04,2026-09-17
DMEU,,QNITY ELECTRONICS INC,0.04,2026-09-17
DMEU,,Zoom Video Communications Inc Cl A,0.04,2026-09-17
DMEU,,Allegheny Technologies Inc,0.04,2026-09-17
DMEU,,Hershey Co,0.04,2026-09-17
DMEU,,Royalty Pharma PLC Cl A,0.04,2026-09-17
DMEU,,PPG Industries Inc,0.04,2026-09-17
DMEU,,nVent Electric PLC,0.04,2026-09-17
DMEU,,Darden Restaurants Inc,0.04,2026-09-17
DMEU,,Ulta Beauty Inc,0.04,2026-09-17
DMEU,,Tapestry Inc,0.04,2026-09-17
DMEU,,Verisk Analytics Inc,0.04,2026-09-17
DMEU,,PulteGroup Inc,0.04,2026-09-17
DMEU,,SMURFIT WESTROCK PLC,0.03,2026-09-17
DMEU,,Super Micro Computer Inc,0.03,2026-09-17
DMEU,,Estee Lauder Cos Inc Cl A,0.03,2026-09-17
DMEU,,Church & Dwight Co Inc,0.03,2026-09-17
DMEU,,Hubbell Inc,0.03,2026-09-17
DMEU,,Markel Corp,0.03,2026-09-17
DMEU,,NRG Energy Inc,0.03,2026-09-17
DMEU,,International Flavors & Fragrances Inc,0.03,2026-09-17
DMEU,,VERALTO CORP,0.03,2026-09-17
DMEU,,T Rowe Price Group Inc,0.03,2026-09-17
DMEU,,Caseys General Stores Inc,0.03,2026-09-17
DMEU,,Fair Isaac Corp,0.03,2026-09-17
DMEU,,Omnicom Group Inc,0.03,2026-09-17
DMEU,,Packaging Corp of America,0.03,2026-09-17
DMEU,,Royal Gold Inc,0.03,2026-09-17
DMEU,,AerCap Holdings NV,0.03,2026-09-17
DMEU,,Zscaler Inc,0.03,2026-09-17
DMEU,,W R Berkley Corp,0.03,2026-09-17
DMEU,,Kraft Heinz Co,0.03,2026-09-17
DMEU,,Curtiss-Wright Corp,0.03,2026-09-17
DMEU,,Edison International,0.03,2026-09-17
DMEU,,Dow Inc,0.03,2026-09-17
DMEU,,CMS Energy Corp,0.03,2026-09-17
DMEU,,Incyte Corp,0.03,2026-09-17
DMEU,,SoFi Technologies Inc,0.03,2026-09-17
DMEU,,First Solar Inc,0.03,2026-09-17
DMEU,,Steris PLC,0.03,2026-09-17
DMEU,,Entegris Inc,0.03,2026-09-17
DMEU,,Carpenter Technology Corp,0.03,2026-09-17
DMEU,,Dollar Tree Inc,0.03,2026-09-17
DMEU,,XPO Logistics Inc,0.03,2026-09-17
DMEU,,FTAI Aviation Ltd,0.03,2026-09-17
DMEU,,Woodward Inc,0.03,2026-09-17
DMEU,,REDDIT INC CL A,0.03,2026-09-17
DMEU,,AMCOR PLC,0.03,2026-09-17
DMEU,,Southern Copper Corp,0.03,2026-09-17
DMEU,,KeyCorp,0.03,2026-09-17
DMEU,,Reliance Steel & Aluminum Co,0.03,2026-09-17
DMEU,,Global Payments Inc,0.03,2026-09-17
DMEU,,First Citizens BancShares Inc Delaware - Comn Cl A,0.03,2026-09-17
DMEU,,NiSource Inc,0.03,2026-09-17
DMEU,,Broadridge Financial Solutions Inc,0.03,2026-09-17
DMEU,,Texas Pacific Land Corp,0.03,2026-09-17
DMEU,,General Mills Inc,0.03,2026-09-17
DMEU,,Equifax Inc,0.03,2026-09-17
DMEU,,AMRIZE LTD,0.03,2026-09-17
DMEU,,SBA Communications Corp Cl A,0.03,2026-09-17
DMEU,,Chesapeake Energy Corp,0.03,2026-09-17
DMEU,,CDW Corp,0.03,2026-09-17
DMEU,,Evergy Inc,0.03,2026-09-17
DMEU,,Zimmer Biomet Holdings Inc,0.03,2026-09-17
DMEU,,United Therapeutics Corp,0.03,2026-09-17
DMEU,,Brown & Brown Inc,0.03,2026-09-17
DMEU,,Constellation Brands Inc Cl A,0.03,2026-09-17
DMEU,,Southwest Airlines Co,0.03,2026-09-17
DMEU,,J B Hunt Transport Services Inc,0.03,2026-09-17
DMEU,,International Paper Co,0.03,2026-09-17
DMEU,,Roivant Sciences Ltd,0.03,2026-09-17
DMEU,,Fidelity National Info Srvcs Inc,0.03,2026-09-17
DMEU,,Affirm Holdings Inc Cl A,0.03,2026-09-17
DMEU,,Essex Property Trust Inc,0.03,2026-09-17
DMEU,,Genuine Parts Co,0.03,2026-09-17
DMEU,,Loews Corp,0.03,2026-09-17
DMEU,,Fortive Corp,0.03,2026-09-17
DMEU,,Alliant Energy Corp,0.03,2026-09-17
DMEU,,SS&C Technologies Holdings Inc,0.03,2026-09-17
DMEU,,AST SpaceMobile Inc Cl A,0.03,2026-09-17
DMEU,,"Circle Internet Group, Inc. - Cl A",0.03,2026-09-17
DMEU,,Jacobs Solutions Inc,0.03,2026-09-17
DMEU,,DUPONT DE NEMOURS INC,0.03,2026-09-17
DMEU,,HEICO Corp Cl A,0.03,2026-09-17
DMEU,,Lennar Corp Cl A,0.03,2026-09-17
DMEU,,Tractor Supply Co,0.03,2026-09-17
DMEU,,Coupang Inc Cl A,0.02,2026-09-17
DMEU,,Invitation Homes Inc,0.02,2026-09-17
DMEU,,NVR Inc,0.02,2026-09-17
DMEU,,LyondellBasell Industries NV Cl A,0.02,2026-09-17
DMEU,,MKS Instruments Inc,0.02,2026-09-17
DMEU,,CEREBRAS SYSTEMS INC   A,0.02,2026-09-17
DMEU,,Weyerhaeuser Co,0.02,2026-09-17
DMEU,,Bunge Ltd,0.02,2026-09-17
DMEU,,Everest RE Group Ltd,0.02,2026-09-17
DMEU,,Rivian Automotive Inc Cl A,0.02,2026-09-17
DMEU,,Toast Inc Cl A,0.02,2026-09-17
DMEU,,Mid-America Apartment Communities Inc,0.02,2026-09-17
DMEU,,Tyson Foods Inc Cl A,0.02,2026-09-17
DMEU,,MasTec Inc,0.02,2026-09-17
DMEU,,Sun Communities Inc,0.02,2026-09-17
DMEU,,FEDEX FREIGHT HOLDING CO,0.02,2026-09-17
DMEU,,Samsara Inc Cl A,0.02,2026-09-17
DMEU,,Fabrinet,0.02,2026-09-17
DMEU,,Las Vegas Sands Corp,0.02,2026-09-17
DMEU,,Flutter Entertainment PLC,0.02,2026-09-17
DMEU,,Fox Corp Cl A,0.02,2026-09-17
DMEU,,EchoStar Corp Cl A,0.02,2026-09-17
DMEU,,TKO Group Holdings Inc Cl A,0.02,2026-09-17
DMEU,,HEICO Corp,0.02,2026-09-17
DMEU,,MEDLINE INC CL A,0.02,2026-09-17
DMEU,,Tradeweb Markets Inc Cl A,0.02,2026-09-17
DMEU,,Rocket Cos Inc Cl A,0.02,2026-09-17
DMEU,,USD Currency,0.02,2026-09-17
DMEU,,Ralph Lauren Corp Cl A,0.02,2026-09-17
DMEU,,Watsco Inc,0.02,2026-09-17
DMEU,,Deckers Outdoor Corp,0.02,2026-09-17
DMEU,,DraftKings Inc Cl A,0.02,2026-09-17
DMEU,,Viking Holdings Ltd,0.02,2026-09-17
DMEU,,Lennox International Inc,0.02,2026-09-17
DMEU,,Charter Communications Inc Cl A,0.02,2026-09-17
DMEU,,Carlyle Group Inc,0.01,2026-09-17
DMEU,,Rollins Inc,0.01,2026-09-17
DMEU,,Fox Corp Cl B,0.01,2026-09-17
DMEU,,CAD Currency,0.01,2026-09-17
DMEU,,Venture Global Inc Cl A,0.01,2026-09-17
DMEU,,TPG Inc Cl A,0.01,2026-09-17
DMEU,,Amer Sports Inc,0.01,2026-09-17
DMEU,,Globalfoundries Inc,0.01,2026-09-17
DMEU,,Symbotic Inc Cl A,0.01,2026-09-17
DMEU,,Warner Music Group Corp Cl A,0.01,2026-09-17
DMEU,,Exxon Mobil Corp,0.00,2026-09-17
DMEU,,Ubiquiti Inc,0.00,2026-09-17
DMEU,,Lennar Corp Cl B,0.00,2026-09-17
DMEU,,ONEOK Inc,0.00,2026-09-17
DMEU,,Avangrid Inc,0.00,2026-09-17
DMEU,,TPG INC,0.00,2026-09-17
DMID,,Guardant Health Inc,0.61,2026-09-17
DMID,,Tenet Healthcare Corp,0.58,2026-09-17
DMID,,Coeur Mining Inc,0.54,2026-09-17
DMID,,CF Industries Holdings Inc,0.53,2026-09-17
DMID,,Roku Inc Cl A,0.53,2026-09-17
DMID,,US Foods Holding Corp,0.53,2026-09-17
DMID,,Viatris Inc,0.52,2026-09-17
DMID,,Snap-On Inc,0.50,2026-09-17
DMID,,TD Synnex Corp,0.49,2026-09-17
DMID,,ITT Inc,0.47,2026-09-17
DMID,,CH Robinson Worldwide Inc,0.47,2026-09-17
DMID,,Best Buy Co Inc,0.47,2026-09-17
DMID,,Ovintiv Inc,0.46,2026-09-17
DMID,,Nutanix Inc Cl A,0.46,2026-09-17
DMID,,Permian Resources Corp Cl A,0.46,2026-09-17
DMID,,East West Bancorp Inc,0.45,2026-09-17
DMID,,HF Sinclair Corp,0.44,2026-09-17
DMID,,MACOM Technology Solutions Hldgs Inc,0.44,2026-09-17
DMID,,Zebra Technologies Corp Cl A,0.43,2026-09-17
DMID,,Semtech Corp,0.43,2026-09-17
DMID,,IDEX Corp,0.43,2026-09-17
DMID,,Nordson Corp,0.43,2026-09-17
DMID,,Leidos Holdings Inc,0.43,2026-09-17
DMID,,PerkinElmer Inc,0.43,2026-09-17
DMID,,Reinsurance Group of America Inc,0.42,2026-09-17
DMID,,Ball Corp,0.42,2026-09-17
DMID,,NortonLifeLock Inc,0.42,2026-09-17
DMID,,Dynatrace Inc,0.42,2026-09-17
DMID,,Rubrik Inc Cl A,0.42,2026-09-17
DMID,,Annaly Capital Management Inc,0.41,2026-09-17
DMID,,Clean Harbors Inc,0.41,2026-09-17
DMID,,Jones Lang LaSalle Inc,0.41,2026-09-17
DMID,,PTC Inc,0.41,2026-09-17
DMID,,APA Corp (US),0.40,2026-09-17
DMID,,RBC Bearings Inc,0.40,2026-09-17
DMID,,Akamai Technologies Inc,0.40,2026-09-17
DMID,,Neurocrine Biosciences Inc,0.40,2026-09-17
DMID,,Burlington Stores Inc,0.39,2026-09-17
DMID,,Wesco International Inc,0.39,2026-09-17
DMID,,JAMES HARDIE IND PLC,0.39,2026-09-17
DMID,,Sterling Construction Co Inc,0.39,2026-09-17
DMID,,Jazz Pharmaceuticals PLC,0.39,2026-09-17
DMID,,IONQ Inc,0.39,2026-09-17
DMID,,Host Hotels & Resorts Inc,0.39,2026-09-17
DMID,,Kimco Realty Corp,0.39,2026-09-17
DMID,,WP Carey Inc,0.39,2026-09-17
DMID,,Lattice Semiconductor Corp,0.38,2026-09-17
DMID,,Equitable Holdings Inc,0.38,2026-09-17
DMID,,PINNACLE FINANCIAL PARTNERS,0.38,2026-09-17
DMID,,Sharkninja Inc,0.38,2026-09-17
DMID,,Tyler Technologies Inc,0.37,2026-09-17
DMID,,Aramark,0.37,2026-09-17
DMID,,Omega Healthcare Investors Inc,0.37,2026-09-17
DMID,,TransUnion,0.37,2026-09-17
DMID,,Healthpeak Properties Inc,0.37,2026-09-17
DMID,,Textron Inc,0.37,2026-09-17
DMID,,Yum China Holdings Inc,0.37,2026-09-17
DMID,,Performance Food Group Co,0.37,2026-09-17
DMID,,Talen Energy Corp,0.37,2026-09-17
DMID,,Assurant Inc,0.37,2026-09-17
DMID,,CACI International Inc Cl A,0.36,2026-09-17
DMID,,Medpace Holdings Inc,0.36,2026-09-17
DMID,,Unum Group,0.36,2026-09-17
DMID,,Lincoln Electric Holdings Inc,0.36,2026-09-17
DMID,,Stanley Black & Decker Inc,0.36,2026-09-17
DMID,,Unity Software Inc,0.36,2026-09-17
DMID,,Skyworks Solutions Inc,0.36,2026-09-17
DMID,,Masco Corp,0.36,2026-09-17
DMID,,APi Group Corp,0.36,2026-09-17
DMID,,Albemarle Corp,0.35,2026-09-17
DMID,,Charles River Laboratories Intl Inc,0.35,2026-09-17
DMID,,BWX Technologies Inc,0.35,2026-09-17
DMID,,Corebridge Financial Inc,0.35,2026-09-17
DMID,,DocuSign Inc,0.35,2026-09-17
DMID,,Trimble Inc,0.35,2026-09-17
DMID,,Tempur Sealy International Inc,0.35,2026-09-17
DMID,,Globe Life Inc,0.35,2026-09-17
DMID,,Renaissancere Holdings Ltd,0.35,2026-09-17
DMID,,Allegion PLC,0.34,2026-09-17
DMID,,SiTime Corp,0.34,2026-09-17
DMID,,Mueller Industries Inc,0.34,2026-09-17
DMID,,BorgWarner Inc,0.34,2026-09-17
DMID,,Avery Dennison Corp,0.34,2026-09-17
DMID,,Carlisle Cos Inc,0.34,2026-09-17
DMID,,Exelixis Inc,0.34,2026-09-17
DMID,,Five Below Inc,0.34,2026-09-17
DMID,,SOLVENTUM CORP,0.34,2026-09-17
DMID,,Halozyme Therapeutics Inc,0.34,2026-09-17
DMID,,J M Smucker Co,0.34,2026-09-17
DMID,,DT Midstream Inc,0.34,2026-09-17
DMID,,BITMINE IMMERSION TECHNOLOGI,0.34,2026-09-17
DMID,,Lamar Advertising Co Cl A,0.33,2026-09-17
DMID,,McCormick & Co Inc,0.33,2026-09-17
DMID,,Graco Inc,0.33,2026-09-17
DMID,,Hecla Mining Co,0.33,2026-09-17
DMID,,Toll Brothers Inc,0.33,2026-09-17
DMID,,RPM International Inc,0.33,2026-09-17
DMID,,Biomarin Pharmaceutical Inc,0.33,2026-09-17
DMID,,Manhattan Associates Inc,0.32,2026-09-17
DMID,,Onto Innovation Inc,0.32,2026-09-17
DMID,,Crown Holdings Inc,0.32,2026-09-17
DMID,,Alcoa Corp,0.32,2026-09-17
DMID,,Gartner Inc,0.32,2026-09-17
DMID,,GoDaddy Inc Cl A,0.32,2026-09-17
DMID,,IES Holdings Inc,0.32,2026-09-17
DMID,,Encompass Health Corp,0.32,2026-09-17
DMID,,Generac Holdings Inc,0.31,2026-09-17
DMID,,Regency Centers Corp,0.31,2026-09-17
DMID,,Baxter International Inc,0.31,2026-09-17
DMID,,CoStar Group Inc,0.31,2026-09-17
DMID,,Penumbra Inc,0.31,2026-09-17
DMID,,CNH Industrial NV,0.31,2026-09-17
DMID,,QXO Inc,0.31,2026-09-17
DMID,,BJ's Wholesale Club Holdings Inc,0.31,2026-09-17
DMID,,TTM Technologies Inc,0.30,2026-09-17
DMID,,Applied Industrial Technologies Inc,0.30,2026-09-17
DMID,,Pinnacle West Capital Corp,0.30,2026-09-17
DMID,,Hasbro Inc,0.30,2026-09-17
DMID,,Nextracker Inc Cl A,0.30,2026-09-17
DMID,,Equity LifeStyle Properties Inc,0.30,2026-09-17
DMID,,Guidewire Software Inc,0.30,2026-09-17
DMID,,DigitalOcean Holdings Inc,0.30,2026-09-17
DMID,,HubSpot Inc,0.29,2026-09-17
DMID,,AGNC Investment Corp,0.29,2026-09-17
DMID,,First Horizon Corp,0.29,2026-09-17
DMID,,Elanco Animal Health Inc,0.29,2026-09-17
DMID,,Bio-Techne Corp,0.29,2026-09-17
DMID,,Coca-Cola Consolidated Inc,0.29,2026-09-17
DMID,,Ally Financial Inc,0.29,2026-09-17
DMID,,Stifel Financial Corp,0.29,2026-09-17
DMID,,Jack Henry & Associates Inc,0.29,2026-09-17
DMID,,News Corp Cl A,0.29,2026-09-17
DMID,,Fidelity National Financial Inc,0.29,2026-09-17
DMID,,Arrow Electronics Inc,0.29,2026-09-17
DMID,,Texas Roadhouse Inc,0.29,2026-09-17
DMID,,Gaming and Leisure Properties Inc,0.28,2026-09-17
DMID,,Wayfair Inc Cl A,0.28,2026-09-17
DMID,,Corcept Therapeutics Inc,0.28,2026-09-17
DMID,,Essential Utilities Inc,0.28,2026-09-17
DMID,,Eastgroup Properties Inc,0.28,2026-09-17
DMID,,Huntington Ingalls Industries Inc,0.28,2026-09-17
DMID,,Molina Healthcare Inc,0.28,2026-09-17
DMID,,AES Corp,0.27,2026-09-17
DMID,,Knight-Swift Transportation Hldgs Inc - Commn Cl A,0.27,2026-09-17
DMID,,Darling Ingredients Inc,0.27,2026-09-17
DMID,,Cooper Cos Inc,0.27,2026-09-17
DMID,,New York Times Co Cl A,0.27,2026-09-17
DMID,,Service Corp International,0.27,2026-09-17
DMID,,American Homes 4 Rent Cl A,0.27,2026-09-17
DMID,,Franklin Resources Inc,0.27,2026-09-17
DMID,,UDR Inc,0.27,2026-09-17
DMID,,Clorox Co,0.27,2026-09-17
DMID,,Antero Resources Corp,0.27,2026-09-17
DMID,,Popular Inc,0.27,2026-09-17
DMID,,Sanmina Corp,0.27,2026-09-17
DMID,,American Healthcare REIT Inc,0.26,2026-09-17
DMID,,American Financial Group Inc,0.26,2026-09-17
DMID,,Cognex Corp,0.26,2026-09-17
DMID,,SOUTHSTATE BANK CORP,0.26,2026-09-17
DMID,,Align Technology Inc,0.26,2026-09-17
DMID,,Evercore Inc Cl A,0.26,2026-09-17
DMID,,Owens Corning,0.26,2026-09-17
DMID,,Camden Property Trust,0.26,2026-09-17
DMID,,Littelfuse Inc,0.26,2026-09-17
DMID,,Factset Research Systems Inc,0.26,2026-09-17
DMID,,Allison Transmission Holdings Inc,0.26,2026-09-17
DMID,,Donaldson Co Inc,0.26,2026-09-17
DMID,,Moog Inc Cl A,0.26,2026-09-17
DMID,,Domino's Pizza Inc,0.26,2026-09-17
DMID,,Regal Rexnord Corp,0.26,2026-09-17
DMID,,Ensign Group Inc,0.26,2026-09-17
DMID,,Lululemon Athletica Inc,0.26,2026-09-17
DMID,,Invesco Ltd,0.26,2026-09-17
DMID,,Crane Co,0.25,2026-09-17
DMID,,Wintrust Financial Corp,0.25,2026-09-17
DMID,,UMB Financial Corp,0.25,2026-09-17
DMID,,Insulet Corp,0.25,2026-09-17
DMID,,Jfrog Ltd,0.25,2026-09-17
DMID,,Advanced Energy Industries Inc,0.25,2026-09-17
DMID,,SEI Investments Co,0.25,2026-09-17
DMID,,Watts Water Technologies Inc Cl A,0.25,2026-09-17
DMID,,Qorvo Inc,0.25,2026-09-17
DMID,,OGE Energy Corp,0.25,2026-09-17
DMID,,Zions Bancorp NA,0.25,2026-09-17
DMID,,Booz Allen Hamilton Holding Corp Cl A,0.25,2026-09-17
DMID,,Match Group Inc,0.25,2026-09-17
DMID,,Repligen Corp,0.25,2026-09-17
DMID,,PARAMOUNT SKYDANCE CL B,0.25,2026-09-17
DMID,,Paycom Software Inc,0.25,2026-09-17
DMID,,Tetra Tech Inc,0.24,2026-09-17
DMID,,GameStop Corp Cl A,0.24,2026-09-17
DMID,,Flowserve Corp,0.24,2026-09-17
DMID,,Boston Properties Inc,0.24,2026-09-17
DMID,,Solstice Advanced Materials Inc,0.24,2026-09-17
DMID,,Hut 8 Corp,0.24,2026-09-17
DMID,,Rambus Inc,0.24,2026-09-17
DMID,,Modine Manufacturing Co,0.24,2026-09-17
DMID,,APTIV PLC,0.24,2026-09-17
DMID,,Cullen/Frost Bankers Inc,0.24,2026-09-17
DMID,,Primerica Inc,0.24,2026-09-17
DMID,,Glaukos Corp,0.24,2026-09-17
DMID,,Saia Inc,0.24,2026-09-17
DMID,,Old Republic International Corp,0.24,2026-09-17
DMID,,Universal Health Services Inc Cl B,0.24,2026-09-17
DMID,,CubeSmart,0.24,2026-09-17
DMID,,Affiliated Managers Group Inc,0.24,2026-09-17
DMID,,Range Resources Corp,0.24,2026-09-17
DMID,,Oshkosh Corp,0.24,2026-09-17
DMID,,Pentair PLC,0.23,2026-09-17
DMID,,Valmont Industries Inc,0.23,2026-09-17
DMID,,CareTrust REIT Inc,0.23,2026-09-17
DMID,,Voya Financial Inc,0.23,2026-09-17
DMID,,Jackson Financial Inc Cl A,0.23,2026-09-17
DMID,,Millicom International Cellular SA,0.23,2026-09-17
DMID,,Ryder System Inc,0.23,2026-09-17
DMID,,Acuity Brands Inc,0.23,2026-09-17
DMID,,Murphy USA Inc,0.23,2026-09-17
DMID,,Alexandria Real Estate Equities Inc,0.23,2026-09-17
DMID,,ViaSat Inc,0.23,2026-09-17
DMID,,Madrigal Pharmaceuticals Inc,0.23,2026-09-17
DMID,,Kratos Defense Security Solutions Inc,0.23,2026-09-17
DMID,,Pinterest Inc Cl A,0.23,2026-09-17
DMID,,Federal Realty Investment Trust,0.23,2026-09-17
DMID,,Protagonist Therapeutics Inc,0.23,2026-09-17
DMID,,Toro Co,0.23,2026-09-17
DMID,,SPX Technologies Inc,0.23,2026-09-17
DMID,,Rexford Industrial Realty Inc,0.23,2026-09-17
DMID,,Old National Bancorp,0.23,2026-09-17
DMID,,Vaxcyte Inc,0.23,2026-09-17
DMID,,Cytokinetics Inc,0.22,2026-09-17
DMID,,FormFactor Inc,0.22,2026-09-17
DMID,,Western Alliance Bancorp,0.22,2026-09-17
DMID,,Columbia Banking System Inc,0.22,2026-09-17
DMID,,Brixmor Property Group Inc,0.22,2026-09-17
DMID,,American Airlines Group Inc,0.22,2026-09-17
DMID,,Viavi Solutions Inc,0.22,2026-09-17
DMID,,Axsome Therapeutics Inc,0.22,2026-09-17
DMID,,Brightspring Health Services Inc,0.22,2026-09-17
DMID,,Tempus AI Inc Cl A,0.22,2026-09-17
DMID,,BridgeBio Pharma Inc,0.22,2026-09-17
DMID,,Globus Medical Inc Cl A,0.22,2026-09-17
DMID,,TG Therapeutics Inc,0.22,2026-09-17
DMID,,Henry Schein Inc,0.22,2026-09-17
DMID,,Dycom Industries Inc,0.22,2026-09-17
DMID,,Arrowhead Pharmaceuticals Inc,0.22,2026-09-17
DMID,,Advanced Drainage Systems Inc,0.22,2026-09-17
DMID,,InterDigital Inc,0.21,2026-09-17
DMID,,First Industrial Realty Trust Inc,0.21,2026-09-17
DMID,,Krystal Biotech Inc,0.21,2026-09-17
DMID,,Chord Energy Corp,0.21,2026-09-17
DMID,,Carmax Inc,0.21,2026-09-17
DMID,,Aurora Innovation Inc Cl A,0.21,2026-09-17
DMID,,UGI Corp,0.21,2026-09-17
DMID,,Aecom,0.21,2026-09-17
DMID,,Agree Realty Corp,0.21,2026-09-17
DMID,,Prosperity Bancshares Inc,0.21,2026-09-17
DMID,,Praxis Precision Medicines Inc,0.21,2026-09-17
DMID,,VIPER ENERGY INC CL A,0.21,2026-09-17
DMID,,Lincoln National Corp,0.21,2026-09-17
DMID,,Mosaic Co,0.21,2026-09-17
DMID,,Aptargroup Inc,0.21,2026-09-17
DMID,,Dick's Sporting Goods Inc,0.21,2026-09-17
DMID,,National Retail Properties Inc,0.21,2026-09-17
DMID,,Firstcash Holdings Inc,0.21,2026-09-17
DMID,,Kinsale Capital Group Inc,0.21,2026-09-17
DMID,,Autoliv Inc,0.20,2026-09-17
DMID,,HealthEquity Inc,0.20,2026-09-17
DMID,,Fluor Corp,0.20,2026-09-17
DMID,,Jefferies Financial Group Inc,0.20,2026-09-17
DMID,,Ionis Pharmaceuticals Inc,0.20,2026-09-17
DMID,,Applied Optoelectronics Inc,0.20,2026-09-17
DMID,,Commerce Bancshares Inc,0.20,2026-09-17
DMID,,Eastman Chemical Co,0.20,2026-09-17
DMID,,Oscar Health Inc Cl A,0.20,2026-09-17
DMID,,Element Solutions Inc,0.19,2026-09-17
DMID,,Brown-Forman Corp Cl B,0.19,2026-09-17
DMID,,Kirby Corp,0.19,2026-09-17
DMID,,Commercial Metals Co,0.19,2026-09-17
DMID,,National Fuel Gas Co,0.19,2026-09-17
DMID,,AXIS Capital Holdings Ltd,0.19,2026-09-17
DMID,,Timken Co,0.19,2026-09-17
DMID,,Alkermes PLC,0.19,2026-09-17
DMID,,Idacorp Inc,0.19,2026-09-17
DMID,,FORGENT POWER SOLUTIONS CL A,0.19,2026-09-17
DMID,,Lithia Motors Inc Cl A,0.19,2026-09-17
DMID,,Maplebear Inc,0.19,2026-09-17
DMID,,Compass Inc Cl A,0.19,2026-09-17
DMID,,Conagra Brands Inc,0.19,2026-09-17
DMID,,AGCO Corp,0.19,2026-09-17
DMID,,Houlihan Lokey Inc Cl A,0.19,2026-09-17
DMID,,OneMain Holdings Inc,0.19,2026-09-17
DMID,,Spyre Therapeutics Inc,0.19,2026-09-17
DMID,,Antero Midstream Corp,0.19,2026-09-17
DMID,,First American Financial Corp,0.19,2026-09-17
DMID,,STAG Industrial Inc,0.18,2026-09-17
DMID,,Simpson Manufacturing Co Inc,0.18,2026-09-17
DMID,,Axalta Coating Systems Ltd,0.18,2026-09-17
DMID,,MGM Resorts International,0.18,2026-09-17
DMID,,Wynn Resorts Ltd,0.18,2026-09-17
DMID,,Bio Rad Laboratories Inc Cl A,0.18,2026-09-17
DMID,,Stonex Group Inc,0.18,2026-09-17
DMID,,ESCO Technologies Inc,0.18,2026-09-17
DMID,,Armstrong World Industries Inc,0.17,2026-09-17
DMID,,Applied Blockchain Inc,0.17,2026-09-17
DMID,,NewMarket Corp,0.17,2026-09-17
DMID,,Mp Materials Corp Cl A,0.17,2026-09-17
DMID,,Life Time Group Holdings Inc,0.17,2026-09-17
DMID,,Kymera Therapeutics Inc,0.17,2026-09-17
DMID,,Terawulf Inc,0.17,2026-09-17
DMID,,Norwegian Cruise Line Holdings Ltd,0.17,2026-09-17
DMID,,Mohawk Industries Inc,0.17,2026-09-17
DMID,,Sprouts Farmers Market Inc,0.17,2026-09-17
DMID,,Bruker Corp,0.17,2026-09-17
DMID,,Madison Square Garden Sports Corp Cl A,0.17,2026-09-17
DMID,,Healthcare Realty Trust Inc Cl A,0.17,2026-09-17
DMID,,Amdocs Ltd,0.17,2026-09-17
DMID,,Zurn Water Solutions Corp,0.17,2026-09-17
DMID,,A O Smith Corp,0.17,2026-09-17
DMID,,CHIME FINANCIAL INC CL A,0.17,2026-09-17
DMID,,DaVita Inc,0.16,2026-09-17
DMID,,Lumen Technologies Inc,0.16,2026-09-17
DMID,,Procore Technologies Inc,0.16,2026-09-17
DMID,,Blue Owl Capital Inc Cl A,0.16,2026-09-17
DMID,,FIGMA INC CL A,0.16,2026-09-17
DMID,,Erie Indemnity Co Cl A,0.16,2026-09-17
DMID,,Hyatt Hotels Corp Cl A,0.16,2026-09-17
DMID,,Snap Inc Cl A,0.16,2026-09-17
DMID,,Pool Corp,0.16,2026-09-17
DMID,,Builders FirstSource Inc,0.16,2026-09-17
DMID,,Hormel Foods Corp,0.16,2026-09-17
DMID,,Cirrus Logic Inc,0.16,2026-09-17
DMID,,Trade Desk Inc Cl A,0.16,2026-09-17
DMID,,Amkor Technology Inc,0.15,2026-09-17
DMID,,Molson Coors Beverage Co Cl B,0.15,2026-09-17
DMID,,AltC Acquisition Corp Cl A,0.15,2026-09-17
DMID,,Cipher Mining Inc,0.15,2026-09-17
DMID,,U-Haul Holding Co Sr N,0.15,2026-09-17
DMID,,John Bean Technologies Corp,0.15,2026-09-17
DMID,,Dutch Bros Inc Cl A,0.14,2026-09-17
DMID,,SIRIUS XM HOLDINGS INC,0.14,2026-09-17
DMID,,Hims & Hers Health Inc Cl A,0.14,2026-09-17
DMID,,AeroVironment Inc,0.14,2026-09-17
DMID,,Vicor Corp,0.14,2026-09-17
DMID,,Primo Brands Corp Cl A,0.13,2026-09-17
DMID,,Argan Inc,0.13,2026-09-17
DMID,,CAVA Group Inc,0.13,2026-09-17
DMID,,StandardAero Inc,0.13,2026-09-17
DMID,,Celsius Holdings Inc,0.13,2026-09-17
DMID,,Bentley Systems Inc Cl B,0.13,2026-09-17
DMID,,Hess Midstream LP Cl A,0.13,2026-09-17
DMID,,Powell Industries Inc,0.13,2026-09-17
DMID,,UL Solutions Inc Cl A,0.13,2026-09-17
DMID,,Zillow Group Inc Cl A,0.13,2026-09-17
DMID,,Dillard's Inc Cl A,0.13,2026-09-17
DMID,,Chewy Inc Cl A,0.13,2026-09-17
DMID,,Planet Labs PBC Cl A,0.13,2026-09-17
DMID,,FIGURE TECHNOLOGY SOLUT CL A,0.12,2026-09-17
DMID,,Aaon Inc,0.12,2026-09-17
DMID,,Virtu Financial Inc Cl A,0.12,2026-09-17
DMID,,Brookfield Renewable Corp Cl A,0.12,2026-09-17
DMID,,LIBERTY LIVE HOLDINGS C,0.11,2026-09-17
DMID,,Core & Main Inc Cl A,0.11,2026-09-17
DMID,,Ryan Specialty Group Holdings Inc Cl A,0.11,2026-09-17
DMID,,Globalstar Inc,0.11,2026-09-17
DMID,,Scorpio Tankers Inc,0.11,2026-09-17
DMID,,GALAXY DIGITAL INC A,0.11,2026-09-17
DMID,,Albertsons Cos Inc Cl A,0.11,2026-09-17
DMID,,Allegro Microsystems Inc,0.11,2026-09-17
DMID,,Gap Inc,0.11,2026-09-17
DMID,,Campbell Soup Co,0.10,2026-09-17
DMID,,Corp Office Properties Trust,0.10,2026-09-17
DMID,,Penske Automotive Group Inc,0.10,2026-09-17
DMID,,News Corp Cl B,0.10,2026-09-17
DMID,,Clearway Energy Inc Cl C,0.10,2026-09-17
DMID,,Joby Aviation Inc Cl A,0.10,2026-09-17
DMID,,ARXIS INC A,0.09,2026-09-17
DMID,,Immunitybio Inc,0.08,2026-09-17
DMID,,Altus Midstream Co Cl A,0.08,2026-09-17
DMID,,BOK Financial Corp,0.08,2026-09-17
DMID,,Immunovant Inc,0.08,2026-09-17
DMID,,Freedom Holding Corp,0.08,2026-09-17
DMID,,MADISON AIR SOLUTIONS CORP A,0.07,2026-09-17
DMID,,Karman Holdings Inc,0.07,2026-09-17
DMID,,Lineage Inc,0.07,2026-09-17
DMID,,KLARNA GROUP PLC,0.07,2026-09-17
DMID,,Summit Therapeutics Inc,0.06,2026-09-17
DMID,,Westlake Chemical Corp,0.06,2026-09-17
DMID,,JANUS LIVING INC CL A 1,0.06,2026-09-17
DMID,,Levi Strauss & Co Cl A,0.05,2026-09-17
DMID,,Leonardo DRS Inc,0.05,2026-09-17
DMID,,LIBERTY LIVE HOLDINGS A,0.05,2026-09-17
DMID,,Birkenstock Holding PLC,0.05,2026-09-17
DMID,,QUANTINUUM INC A,0.04,2026-09-17
DMID,,Loar Holdings Inc,0.04,2026-09-17
DMID,,Mobileye Global Inc Cl A,0.03,2026-09-17
DMID,,USD Currency,0.03,2026-09-17
DMID,,Pilgrims Pride Corp,0.03,2026-09-17
DMID,,Zillow Group Inc Cl A,0.03,2026-09-17
DMID,,SailPoint Inc,0.03,2026-09-17
DMID,,CNA Financial Corp,0.03,2026-09-17
DMID,,Brown-Forman Corp Cl A,0.03,2026-09-17
DMID,,Smithfield Foods Inc,0.03,2026-09-17
DMID,,Amerco,0.01,2026-09-17
DMID,,CAD Currency,0.01,2026-09-17
DMID,,GAMESTOP CORP CLASS A,0.00,2026-09-17
DMID,,Banco Santander SA - ADR,0.00,2026-09-17
DMID,,CONTRA WALGREENS BOOTS,0.00,2026-09-17
DMQC,,Power Corp of Canada,6.30,2026-06-30
DMQC,,iA Financial Corp Inc,6.28,2026-06-30
DMQC,,National Bank of Canada,5.82,2026-06-30
DMQC,,Bombardier Inc Cl B,5.77,2026-06-30
DMQC,,Alimentation Couche-Tard Inc,5.64,2026-06-30
DMQC,,Canadian National Railway Co,5.58,2026-06-30
DMQC,,Dollarama Inc,4.82,2026-06-30
DMQC,,Metro Inc,4.78,2026-06-30
DMQC,,ATKINSREALIS GROUP INC,4.78,2026-06-30
DMQC,,CGI Inc Cl A,4.57,2026-06-30
DMQC,,BCE Inc,4.53,2026-06-30
DMQC,,CAE Inc,4.19,2026-06-30
DMQC,,Gildan Activewear Inc Cl A,4.02,2026-06-30
DMQC,,WSP Global Inc,3.85,2026-06-30
DMQC,,Quebecor Inc Cl B,3.76,2026-06-30
DMQC,,Saputo Inc,3.45,2026-06-30
DMQC,,OR Royalties Inc,3.20,2026-06-30
DMQC,,G Mining Ventures Corp,2.75,2026-06-30
DMQC,,Air Canada,2.71,2026-06-30
DMQC,,Stella-Jones Inc,1.68,2026-06-30
DMQC,,Boralex Inc Cl A,1.41,2026-06-30
DMQC,,Aya Gold & Silver Inc,1.40,2026-06-30
DMQC,,5N Plus Inc,1.23,2026-06-30
DMQC,,BRP Inc,1.23,2026-06-30
DMQC,,Richelieu Hardware Ltd,0.78,2026-06-30
DMQC,,Cogeco Communications Inc,0.73,2026-06-30
DMQC,,Lightspeed Commerce Inc,0.68,2026-06-30
DMQC,,Savaria Corp,0.65,2026-06-30
DMQC,,CAD Currency,0.59,2026-06-30
DMQC,,PMET RESOURCES INC,0.33,2026-06-30
DMQC,,Cascades Inc,0.33,2026-06-30
DMQC,,STINGRAY GROUP INC,0.31,2026-06-30
DMQC,,MTY Food Group Inc,0.27,2026-06-30
DMQC,,Knight Therapeutics Inc,0.24,2026-06-30
DMQC,,Lassonde Industries Inc Cl A,0.24,2026-06-30
DMQC,,Cogeco Inc,0.19,2026-06-30
DMQC,,Tecsys Inc,0.16,2026-06-30
DMQC,,Fiera Capital Corp,0.15,2026-06-30
DMQC,,Transcontinental Inc Cl A,0.14,2026-06-30
DMQC,,BTB REIT - Units,0.12,2026-06-30
DMQC,,PRO REIT - Units,0.11,2026-06-30
DMQC,,Coveo Solutions Inc,0.08,2026-06-30
DMQC,,NanoXplore Inc,0.08,2026-06-30
DMQC,,Dynacor Group Inc,0.08,2026-06-30
DRMC,,Royal Bank of Canada,8.37,2026-06-30
DRMC,,Toronto-Dominion Bank,5.90,2026-06-30
DRMC,,Enbridge Inc,4.07,2026-06-30
DRMC,,Shopify Inc Cl A,3.78,2026-06-30
DRMC,,Canadian Imperial Bank of Commerce,3.10,2026-06-30
DRMC,,Bank of Nova Scotia,3.02,2026-06-30
DRMC,,Agnico Eagle Mines Ltd,2.70,2026-06-30
DRMC,,Bank of Montreal,2.66,2026-06-30
DRMC,,Canadian Pacific Kansas City Ltd,2.31,2026-06-30
DRMC,,Canadian National Railway Co,2.21,2026-06-30
DRMC,,National Bank of Canada,2.20,2026-06-30
DRMC,,Brookfield Corp Cl A,2.18,2026-06-30
DRMC,,Wheaton Precious Metals Corp,1.90,2026-06-30
DRMC,,Sun Life Financial Inc,1.80,2026-06-30
DRMC,,Cameco Corp,1.79,2026-06-30
DRMC,,Manulife Financial Corp,1.70,2026-06-30
DRMC,,Franco-Nevada Corp,1.66,2026-06-30
DRMC,,TransCanada Corp,1.62,2026-06-30
DRMC,,Intact Financial Corp,1.53,2026-06-30
DRMC,,Pembina Pipeline Corp,1.28,2026-06-30
DRMC,,Dollarama Inc,1.27,2026-06-30
DRMC,,Loblaw Cos Ltd,1.19,2026-06-30
DRMC,,Teck Resources Ltd Cl B,1.16,2026-06-30
DRMC,,Celestica Inc,1.12,2026-06-30
DRMC,,Constellation Software Inc,1.10,2026-06-30
DRMC,,Alimentation Couche-Tard Inc,1.03,2026-06-30
DRMC,,Fairfax Financial Holdings Ltd,0.91,2026-06-30
DRMC,,Tourmaline Oil Corp,0.90,2026-06-30
DRMC,,Keyera Corp,0.85,2026-06-30
DRMC,,Whitecap Resources Inc,0.83,2026-06-30
DRMC,,ARC Resources Ltd,0.81,2026-06-30
DRMC,,Hydro One Ltd,0.81,2026-06-30
DRMC,,Toromont Industries Ltd,0.77,2026-06-30
DRMC,,Kinross Gold Corp,0.76,2026-06-30
DRMC,,Alamos Gold Inc Cl A,0.74,2026-06-30
DRMC,,Restaurant Brands International Inc,0.71,2026-06-30
DRMC,,AltaGas Ltd,0.70,2026-06-30
DRMC,,Pan American Silver Corp,0.69,2026-06-30
DRMC,,CGI Inc Cl A,0.67,2026-06-30
DRMC,,WSP Global Inc,0.66,2026-06-30
DRMC,,Prairiesky Royalty Ltd,0.62,2026-06-30
DRMC,,Lundin Mining Corp,0.59,2026-06-30
DRMC,,Nexgen Energy Ltd,0.59,2026-06-30
DRMC,,Magna International Inc,0.55,2026-06-30
DRMC,,CCL Industries Inc Cl B,0.55,2026-06-30
DRMC,,RB Global Inc,0.53,2026-06-30
DRMC,,THOMSON REUTERS CORP,0.53,2026-06-30
DRMC,,TMX Group Ltd,0.52,2026-06-30
DRMC,,Element Fleet Management Corp,0.49,2026-06-30
DRMC,,George Weston Ltd,0.48,2026-06-30
DRMC,,Power Corp of Canada,0.47,2026-06-30
DRMC,,Brookfield Asset Management Ltd Cl A,0.46,2026-06-30
DRMC,,Tamarack Valley Energy Ltd,0.43,2026-06-30
DRMC,,Gibson Energy Inc,0.43,2026-06-30
DRMC,,Fortis Inc,0.43,2026-06-30
DRMC,,Hudbay Minerals Inc,0.42,2026-06-30
DRMC,,CAD Currency,0.40,2026-06-30
DRMC,,DPM METALS INC,0.40,2026-06-30
DRMC,,Peyto Exploration & Development Corp,0.38,2026-06-30
DRMC,,Rogers Communications Inc Cl B,0.37,2026-06-30
DRMC,,SECURE WASTE INFRASTRUCTURE,0.36,2026-06-30
DRMC,,iA Financial Corp Inc,0.36,2026-06-30
DRMC,,Enerflex Ltd,0.36,2026-06-30
DRMC,,Descartes Systems Group Inc,0.36,2026-06-30
DRMC,,CAE Inc,0.35,2026-06-30
DRMC,,OR Royalties Inc,0.35,2026-06-30
DRMC,,Canadian Tire Corp Ltd Cl A,0.34,2026-06-30
DRMC,,Ivanhoe Mines Ltd Cl A,0.34,2026-06-30
DRMC,,Saputo Inc,0.33,2026-06-30
DRMC,,Denison Mines Corp,0.33,2026-06-30
DRMC,,ATKINSREALIS GROUP INC,0.32,2026-06-30
DRMC,,BCE Inc,0.32,2026-06-30
DRMC,,Lundin Gold Inc,0.31,2026-06-30
DRMC,,Brookfield Renewable Corp Cl A,0.31,2026-06-30
DRMC,,Topaz Energy Corp,0.30,2026-06-30
DRMC,,Definity Financial Corp,0.30,2026-06-30
DRMC,,Quebecor Inc Cl B,0.29,2026-06-30
DRMC,,Canadian Utilities Ltd Cl A,0.28,2026-06-30
DRMC,,Brookfield Infrastructure Corp Cl A,0.28,2026-06-30
DRMC,,Stantec Inc,0.27,2026-06-30
DRMC,,IGM Financial Inc,0.26,2026-06-30
DRMC,,G Mining Ventures Corp,0.26,2026-06-30
DRMC,,Energy Fuels Inc,0.25,2026-06-30
DRMC,,Headwater Exploration Inc,0.23,2026-06-30
DRMC,,Atco Ltd Cl B,0.23,2026-06-30
DRMC,,First Majestic Silver Corp,0.22,2026-06-30
DRMC,,Metro Inc,0.21,2026-06-30
DRMC,,Finning International Inc,0.20,2026-06-30
DRMC,,Bombardier Inc Cl B,0.20,2026-06-30
DRMC,,Colliers International Group Inc,0.19,2026-06-30
DRMC,,Freehold Royalties Ltd,0.19,2026-06-30
DRMC,,Gildan Activewear Inc Cl A,0.19,2026-06-30
DRMC,,Open Text Corp,0.18,2026-06-30
DRMC,,Kinaxis Inc,0.18,2026-06-30
DRMC,,Parex Resources Inc,0.18,2026-06-30
DRMC,,Orla Mining Ltd,0.17,2026-06-30
DRMC,,Eldorado Gold Corp,0.17,2026-06-30
DRMC,,Stella-Jones Inc,0.16,2026-06-30
DRMC,,Aris Mining Corp,0.16,2026-06-30
DRMC,,Ero Copper Corp,0.16,2026-06-30
DRMC,,First Quantum Minerals Ltd,0.15,2026-06-30
DRMC,,Wesdome Gold Mines Ltd,0.15,2026-06-30
DRMC,,Discovery Silver Corp,0.15,2026-06-30
DRMC,,K92 Mining Inc,0.15,2026-06-30
DRMC,,Equinox Gold Corp,0.15,2026-06-30
DRMC,,NGEX MINERALS LTD,0.15,2026-06-30
DRMC,,5N Plus Inc,0.14,2026-06-30
DRMC,,BRP Inc,0.14,2026-06-30
DRMC,,RioCan REIT - Units,0.14,2026-06-30
DRMC,,Boralex Inc Cl A,0.14,2026-06-30
DRMC,,'Rockpoint Gas Storage Inc Cl A,0.13,2026-06-30
DRMC,,Imperial Oil Ltd,0.12,2026-06-30
DRMC,,Great-West Lifeco Inc,0.12,2026-06-30
DRMC,,Triple Flag Precious Metals Corp,0.12,2026-06-30
DRMC,,EQB Inc,0.12,2026-06-30
DRMC,,Skeena Resources Ltd,0.12,2026-06-30
DRMC,,Kelt Exploration Ltd,0.12,2026-06-30
DRMC,,Precision Drilling Corp,0.11,2026-06-30
DRMC,,Tenaz Energy Corp,0.11,2026-06-30
DRMC,,IAMGOLD Corp,0.10,2026-06-30
DRMC,,First Capital REIT - Units,0.10,2026-06-30
DRMC,,Altius Minerals Corp,0.10,2026-06-30
DRMC,,Sienna Senior Living Inc,0.10,2026-06-30
DRMC,,Trican Well Service Ltd,0.10,2026-06-30
DRMC,,NFI Group Inc,0.10,2026-06-30
DRMC,,OCEANAGOLD CORP,0.09,2026-06-30
DRMC,,SmartCentres REIT - Units,0.09,2026-06-30
DRMC,,Advantage Energy Ltd,0.09,2026-06-30
DRMC,,Taseko Mines Ltd,0.09,2026-06-30
DRMC,,Richelieu Hardware Ltd,0.09,2026-06-30
DRMC,,ALLIED GOLD CORP,0.08,2026-06-30
DRMC,,Birchcliff Energy Ltd,0.08,2026-06-30
DRMC,,Pason Systems Inc,0.08,2026-06-30
DRMC,,Choice Properties REIT - Units,0.08,2026-06-30
DRMC,,Labrador Iron Ore Royalty Corp,0.08,2026-06-30
DRMC,,Laurentian Bank of Canada,0.08,2026-06-30
DRMC,,Savaria Corp,0.07,2026-06-30
DRMC,,Superior Plus Corp,0.07,2026-06-30
DRMC,,Altus Group Ltd,0.07,2026-06-30
DRMC,,MEREN ENERGY INC,0.06,2026-06-30
DRMC,,Westshore Terminals Investment Corp,0.05,2026-06-30
DRMC,,Jamieson Wellness Inc,0.05,2026-06-30
DRMC,,Winpak Ltd,0.05,2026-06-30
DRMC,,MDA Ltd,0.05,2026-06-30
DRMC,,Sprott Inc,0.05,2026-06-30
DRMC,,Solaris Resources Inc,0.05,2026-06-30
DRMC,,Storagevault Canada Inc,0.05,2026-06-30
DRMC,,CT REIT - Units,0.04,2026-06-30
DRMC,,Collective Mining Ltd,0.04,2026-06-30
DRMC,,Crombie REIT - Units,0.04,2026-06-30
DRMC,,Osisko Metals Inc,0.04,2026-06-30
DRMC,,AbraSilver Resource Corp,0.04,2026-06-30
DRMC,,NovaGold Resources Inc,0.03,2026-06-30
DRMC,,Aya Gold & Silver Inc,0.03,2026-06-30
DRMC,,Extendicare Inc,0.03,2026-06-30
DRMC,,Enghouse Systems Ltd,0.03,2026-06-30
DRMC,,Spin Master Corp,0.03,2026-06-30
DRMC,,Bausch Health Cos. Inc,0.03,2026-06-30
DRMC,,Bird Construction Inc,0.03,2026-06-30
DRMC,,Canada Goose Holdings Inc,0.03,2026-06-30
DRMC,,TALON METALS CORP,0.03,2026-06-30
DRMC,,VERSAMET ROYALTIES CORP,0.02,2026-06-30
DRMC,,BlackBerry Ltd,0.02,2026-06-30
DRMC,,Northern Dynasty Minerals Ltd,0.02,2026-06-30
DRMC,,Cronos Group Inc,0.02,2026-06-30
DRMC,,KEEL INFRASTRUCTURE CORP,0.02,2026-06-30
DRMC,,Morguard Corp,0.02,2026-06-30
DRMC,,Air Canada,0.02,2026-06-30
DRMC,,LUNR ROYALTIES CORP,0.02,2026-06-30
DRMC,,Exchange Income Corp,0.02,2026-06-30
DRMC,,Lightspeed Commerce Inc,0.02,2026-06-30
DRMC,,ADENTRA Inc,0.01,2026-06-30
DRMC,,Badger Infrastructure Solutions Ltd,0.01,2026-06-30
DRMC,,Capital Power Corp,0.01,2026-06-30
DRMC,,Canaccord Genuity Group Inc,0.01,2026-06-30
DRMC,,West Fraser Timber Co Ltd,0.01,2026-06-30
DRMC,,Primaris REIT - Units Sr A,0.01,2026-06-30
DRMC,,Cascades Inc,0.01,2026-06-30
DRMC,,Slate Grocery REIT - Units Cl U,0.01,2026-06-30
DRMC,,Aritzia Inc,0.01,2026-06-30
DRMC,,FirstService Corp,0.01,2026-06-30
DRMC,,Maple Leaf Foods Inc,0.01,2026-06-30
DRMC,,Canfor Corp,0.01,2026-06-30
DRMC,,Empire Co Ltd Cl A,0.01,2026-06-30
DRMC,,DREAM Unlimited Corp Cl A,0.01,2026-06-30
DRMC,,TransAlta Corp,0.01,2026-06-30
DRMC,,Propel Holdings Inc,0.01,2026-06-30
DRMC,,GFL Environmental Inc,0.01,2026-06-30
DRMC,,H&R REIT - Units,0.01,2026-06-30
DRMC,,Canadian Apartment Properties REIT - Units,0.01,2026-06-30
DRMC,,Algonquin Power & Utilities Corp,0.01,2026-06-30
DRMC,,BSR REIT - Units,0.01,2026-06-30
DRMC,,Killam Apartment REIT - Units,0.01,2026-06-30
DRMC,,Boardwalk REIT - Units,0.01,2026-06-30
DRMC,,VITAL INFRASTRUCTURE PROPERT,0.01,2026-06-30
DRMC,,Pet Valu Holdings Ltd,0.01,2026-06-30
DRMC,,Trisura Group Ltd,0.01,2026-06-30
DRMC,,Dream Industrial REIT - Units,0.01,2026-06-30
DRMC,,Allied Properties REIT - Units,0.01,2026-06-30
DRMC,,Granite REIT - Units,0.01,2026-06-30
DRMC,,WELL Health Technologies Corp,0.01,2026-06-30
DRMC,,TFI International Inc,0.01,2026-06-30
DRMC,,Rogers Sugar Inc,0.01,2026-06-30
DRMC,,Cogeco Communications Inc,0.01,2026-06-30
DRMC,,Mainstreet Equity Corp,0.01,2026-06-30
DRMC,,Russel Metals Inc,0.01,2026-06-30
DRMC,,Mullen Group Ltd,0.01,2026-06-30
DRMC,,MTY Food Group Inc,0.01,2026-06-30
DRMC,,Linamar Corp,0.01,2026-06-30
DRMC,,Leon's Furniture Ltd,0.01,2026-06-30
DRMC,,InterRent REIT - Units,0.01,2026-06-30
DRMC,,BROOKFIELD BUSINESS CORP A,0.01,2026-06-30
DRMC,,Premium Brands Holdings Corp,0.01,2026-06-30
DRMC,,North West Co Inc,0.01,2026-06-30
DRMC,,Cargojet Inc,0.01,2026-06-30
DRMC,,Northland Power Inc,0.01,2026-06-30
DRMC,,Ballard Power Systems Inc,0.01,2026-06-30
DRMC,,Boyd Group Services Inc,0.01,2026-06-30
DRMC,,Lassonde Industries Inc Cl A,0.01,2026-06-30
DRMC,,Hammond Power Solutions Inc Cl A,0.01,2026-06-30
DRMC,,BROOKFIELD WEALTH SOLUTIONS,0.01,2026-06-30
DRMC,,Onex Corp,0.01,2026-06-30
DRMC,,Fiera Capital Corp,0.01,2026-06-30
DRMC,,Telus Corp,0.01,2026-06-30
DRMC,,Centerra Gold Inc,0.01,2026-06-30
DRMC,,Orezone Gold Corp,0.01,2026-06-30
DRMC,,Aecon Group Inc,0.01,2026-06-30
DRMC,,ATS Corp,0.01,2026-06-30
DRMC,,Imperial Metals Corp,0.01,2026-06-30
DRMC,,SSR Mining Inc,0.01,2026-06-30
DRMC,,Capstone Copper Corp,0.01,2026-06-30
DRMC,,Cardinal Energy Ltd (Alberta),0.01,2026-06-30
DRMC,,Nutrien Ltd,0.01,2026-06-30
DRMC,,Major Drilling Group International Inc,0.01,2026-06-30
DRMC,,Paramount Resources Ltd Cl A,0.01,2026-06-30
DRMC,,Canadian Natural Resources Ltd,0.01,2026-06-30
DRMC,,Cenovus Energy Inc,0.01,2026-06-30
DRMC,,Torex Gold Resources Inc,0.01,2026-06-30
DRMC,,Athabasca Oil Corp,0.01,2026-06-30
DRMC,,Fortuna Silver Mines Inc,0.01,2026-06-30
DRMC,,Suncor Energy Inc,0.01,2026-06-30
DRMC,,SEABRIDGE GOLD INC,0.01,2026-06-30
DRMC,,International Petroleum Corp,0.01,2026-06-30
DRMC,,Baytex Energy Corp,0.01,2026-06-30
DRMC,,Valeura Energy Inc,0.01,2026-06-30
DRMC,,G2 Goldfields Inc,0.01,2026-06-30
DRMC,,Highlander Silver Corp,0.01,2026-06-30
DRMC,,Endeavour Silver Corp,0.01,2026-06-30
DRMC,,Methanex Corp,0.01,2026-06-30
DRMC,,B2Gold Corp,0.01,2026-06-30
DRMC,,Vermilion Energy Inc,0.01,2026-06-30
DRMC,,Silvercorp Metals Inc,0.01,2026-06-30
DRMC,,Rio2 Ltd,0.01,2026-06-30
DRMC,,Lithium Americas Corp,0.01,2026-06-30
DRMC,,Snowline Gold Corp,0.01,2026-06-30
DRMC,,Andean Precious Metals Corp,0.01,2026-06-30
DRMC,,AMERICAS GOLD AND SILVER COR,0.01,2026-06-30
DRMC,,GROUPE DYNAMITE INC,0.01,2026-06-30
DRMC,,ABAXX TECHNOLOGIES IN,0.01,2026-06-30
DRMC,,USD Currency,0.00,2026-06-30
DRMC,,VALOR GOLD CORP,0.00,2026-06-30
DRMC,,NEIGHBOURLY PHARMACY INC.,0.00,2026-06-30
DRMC,,Bitfarms Ltd,0.00,2026-06-30
DRMU,,NVIDIA Corp,7.04,2026-06-30
DRMU,,Apple Inc,6.61,2026-06-30
DRMU,,Microsoft Corp,4.15,2026-06-30
DRMU,,Amazon.com Inc,3.56,2026-06-30
DRMU,,Alphabet Inc Cl A,3.10,2026-06-30
DRMU,,Broadcom Inc,2.60,2026-06-30
DRMU,,Alphabet Inc Cl C,2.45,2026-06-30
DRMU,,Micron Technology Inc,2.01,2026-06-30
DRMU,,Meta Platforms Inc Cl A,1.90,2026-06-30
DRMU,,Tesla Inc,1.69,2026-06-30
DRMU,,Eli Lilly and Co,1.54,2026-06-30
DRMU,,JPMorgan Chase & Co,1.41,2026-06-30
DRMU,,Advanced Micro Devices Inc,1.35,2026-06-30
DRMU,,Johnson & Johnson,1.03,2026-06-30
DRMU,,Visa Inc Cl A,0.98,2026-06-30
DRMU,,Exxon Mobil Corp,0.95,2026-06-30
DRMU,,Intel Corp,0.89,2026-06-30
DRMU,,Walmart Inc,0.84,2026-06-30
DRMU,,Applied Materials Inc,0.80,2026-06-30
DRMU,,Caterpillar Inc,0.78,2026-06-30
DRMU,,Lam Research Corp,0.75,2026-06-30
DRMU,,Mastercard Inc Cl A,0.74,2026-06-30
DRMU,,Abbvie Inc,0.74,2026-06-30
DRMU,,Coca-Cola Co,0.74,2026-06-30
DRMU,,Cisco Systems Inc,0.73,2026-06-30
DRMU,,Costco Wholesale Corp,0.72,2026-06-30
DRMU,,General Electric Co,0.64,2026-06-30
DRMU,,Bank of America Corp,0.64,2026-06-30
DRMU,,UnitedHealth Group Inc,0.62,2026-06-30
DRMU,,Procter & Gamble Co,0.57,2026-06-30
DRMU,,Chevron Corp,0.57,2026-06-30
DRMU,,Nextera Energy Inc,0.56,2026-06-30
DRMU,,Home Depot Inc,0.55,2026-06-30
DRMU,,KLA Corp,0.52,2026-06-30
DRMU,,Merck & Co Inc,0.52,2026-06-30
DRMU,,Goldman Sachs Group Inc,0.52,2026-06-30
DRMU,,Netflix Inc,0.50,2026-06-30
DRMU,,GE VERNOVA INC,0.46,2026-06-30
DRMU,,Morgan Stanley,0.46,2026-06-30
DRMU,,Wells Fargo & Co,0.42,2026-06-30
DRMU,,Texas Instruments Inc,0.42,2026-06-30
DRMU,,PepsiCo Inc,0.41,2026-06-30
DRMU,,International Business Machines Corp,0.41,2026-06-30
DRMU,,Oracle Corp,0.40,2026-06-30
DRMU,,Mcdonald's Corp,0.39,2026-06-30
DRMU,,Palantir Technologies Inc Cl A,0.39,2026-06-30
DRMU,,Palo Alto Networks Inc,0.39,2026-06-30
DRMU,,Citigroup Inc,0.38,2026-06-30
DRMU,,Marvell Technology Inc,0.36,2026-06-30
DRMU,,American Express Co,0.33,2026-06-30
DRMU,,Qualcomm Inc,0.33,2026-06-30
DRMU,,Amgen Inc,0.32,2026-06-30
DRMU,,TJX Cos Inc,0.32,2026-06-30
DRMU,,Amphenol Corp Cl A,0.32,2026-06-30
DRMU,,Analog Devices Inc,0.32,2026-06-30
DRMU,,Verizon Communications Inc,0.32,2026-06-30
DRMU,,Deere & Co,0.32,2026-06-30
DRMU,,Western Digital Corp,0.31,2026-06-30
DRMU,,Seagate Technology Holdings PLC,0.31,2026-06-30
DRMU,,Charles Schwab Corp,0.29,2026-06-30
DRMU,,Thermo Fisher Scientific Inc,0.29,2026-06-30
DRMU,,Linde PLC,0.28,2026-06-30
DRMU,,Union Pacific Corp,0.28,2026-06-30
DRMU,,Eaton Corp PLC,0.28,2026-06-30
DRMU,,Crowdstrike Holdings Inc Cl A,0.27,2026-06-30
DRMU,,Abbott Laboratories,0.27,2026-06-30
DRMU,,Welltower Inc,0.27,2026-06-30
DRMU,,Walt Disney Co,0.27,2026-06-30
DRMU,,Arista Networks Inc,0.26,2026-06-30
DRMU,,Gilead Sciences Inc,0.26,2026-06-30
DRMU,,AT&T Inc,0.26,2026-06-30
DRMU,,Corning Inc,0.26,2026-06-30
DRMU,,Sherwin-Williams Co,0.26,2026-06-30
DRMU,,Uber Technologies Inc,0.25,2026-06-30
DRMU,,Booking Holdings Inc,0.25,2026-06-30
DRMU,,Parker-Hannifin Corp,0.25,2026-06-30
DRMU,,BlackRock Inc,0.24,2026-06-30
DRMU,,Trane Technologies PLC,0.24,2026-06-30
DRMU,,S&P Global Inc,0.23,2026-06-30
DRMU,,Chubb Ltd,0.23,2026-06-30
DRMU,,Ecolab Inc,0.23,2026-06-30
DRMU,,Progressive Corp,0.23,2026-06-30
DRMU,,Illinois Tool Works Inc,0.23,2026-06-30
DRMU,,Pfizer Inc,0.22,2026-06-30
DRMU,,Intuitive Surgical Inc,0.22,2026-06-30
DRMU,,Automatic Data Processing Inc,0.22,2026-06-30
DRMU,,Constellation Energy Corp,0.22,2026-06-30
DRMU,,CVS Health Corp,0.22,2026-06-30
DRMU,,ConocoPhillips,0.22,2026-06-30
DRMU,,Mondelez International Inc Cl A,0.21,2026-06-30
DRMU,,Salesforce Inc,0.21,2026-06-30
DRMU,,Capital One Financial Corp,0.21,2026-06-30
DRMU,,Bank of New York Mellon Corp,0.21,2026-06-30
DRMU,,Prologis Inc,0.21,2026-06-30
DRMU,,Starbucks Corp,0.20,2026-06-30
DRMU,,Vertex Pharmaceuticals Inc,0.20,2026-06-30
DRMU,,Dell Technologies Inc,0.20,2026-06-30
DRMU,,Sempra Energy,0.20,2026-06-30
DRMU,,Lowe's Cos Inc,0.19,2026-06-30
DRMU,,Bristol-Myers Squibb Co,0.19,2026-06-30
DRMU,,Monster Beverage Corp,0.19,2026-06-30
DRMU,,Howmet Aerospace Inc,0.19,2026-06-30
DRMU,,Stryker Corp,0.19,2026-06-30
DRMU,,CME Group Inc Cl A,0.18,2026-06-30
DRMU,,Danaher Corp,0.18,2026-06-30
DRMU,,Quanta Services Inc,0.18,2026-06-30
DRMU,,Medtronic PLC,0.18,2026-06-30
DRMU,,Newmont Corp,0.18,2026-06-30
DRMU,,Vertiv Holdings Co Cl A,0.18,2026-06-30
DRMU,,ONEOK Inc,0.18,2026-06-30
DRMU,,Corteva Inc,0.17,2026-06-30
DRMU,,PNC Financial Services Group Inc,0.17,2026-06-30
DRMU,,CSX Corp Sr 9,0.17,2026-06-30
DRMU,,Applovin Corp Cl A,0.17,2026-06-30
DRMU,,ServiceNow Inc,0.17,2026-06-30
DRMU,,McKesson Corp,0.17,2026-06-30
DRMU,,Johnson Controls International PLC,0.17,2026-06-30
DRMU,,Cummins Inc,0.17,2026-06-30
DRMU,,AMETEK Inc,0.17,2026-06-30
DRMU,,Schlumberger NV,0.16,2026-06-30
DRMU,,Norfolk Southern Corp,0.16,2026-06-30
DRMU,,Intercontinental Exchange Inc,0.16,2026-06-30
DRMU,,TransDigm Group Inc,0.16,2026-06-30
DRMU,,Equinix Inc,0.15,2026-06-30
DRMU,,EOG Resources Inc,0.15,2026-06-30
DRMU,,US Bancorp,0.15,2026-06-30
DRMU,,Exelon Corp,0.15,2026-06-30
DRMU,,Paccar Inc,0.15,2026-06-30
DRMU,,Fortinet Inc,0.15,2026-06-30
DRMU,,Cadence Design Systems Inc,0.15,2026-06-30
DRMU,,Williams Cos Inc,0.15,2026-06-30
DRMU,,American Tower Corp,0.15,2026-06-30
DRMU,,T-Mobile US Inc,0.15,2026-06-30
DRMU,,W W Grainger Inc,0.15,2026-06-30
DRMU,,Emerson Electric Co,0.15,2026-06-30
DRMU,,O'Reilly Automotive Inc,0.15,2026-06-30
DRMU,,CAD Currency,0.15,2026-06-30
DRMU,,Marsh & McLennan Cos Inc,0.15,2026-06-30
DRMU,,Baker Hughes A GE Co Cl A,0.14,2026-06-30
DRMU,,Blackstone Inc,0.14,2026-06-30
DRMU,,Moody's Corp,0.14,2026-06-30
DRMU,,Elevance Health Inc,0.14,2026-06-30
DRMU,,Realty Income Corp,0.14,2026-06-30
DRMU,,Fastenal Co,0.14,2026-06-30
DRMU,,Keurig Dr Pepper Inc,0.14,2026-06-30
DRMU,,Adobe Inc,0.14,2026-06-30
DRMU,,Motorola Solutions Inc,0.14,2026-06-30
DRMU,,Accenture PLC Cl A,0.14,2026-06-30
DRMU,,3M Co,0.13,2026-06-30
DRMU,,Westinghouse Air Brake Techs Corp,0.13,2026-06-30
DRMU,,Colgate-Palmolive Co,0.13,2026-06-30
DRMU,,Freeport-McMoRan Inc,0.13,2026-06-30
DRMU,,Public Service Enterprise Group Inc,0.13,2026-06-30
DRMU,,United Rentals Inc,0.13,2026-06-30
DRMU,,Cigna Corp,0.13,2026-06-30
DRMU,,Consolidated Edison Inc,0.13,2026-06-30
DRMU,,Intuit Inc,0.13,2026-06-30
DRMU,,Vulcan Materials Co,0.13,2026-06-30
DRMU,,Aon PLC Cl A,0.12,2026-06-30
DRMU,,Simon Property Group Inc,0.12,2026-06-30
DRMU,,Comcast Corp Cl A,0.12,2026-06-30
DRMU,,Synopsys Inc,0.12,2026-06-30
DRMU,,PG&E Corp,0.12,2026-06-30
DRMU,,Allstate Corp,0.12,2026-06-30
DRMU,,Travelers Cos Inc,0.12,2026-06-30
DRMU,,Ross Stores Inc,0.12,2026-06-30
DRMU,,Cloudflare Inc Cl A,0.12,2026-06-30
DRMU,,General Motors Co,0.12,2026-06-30
DRMU,,Snowflake Inc Cl A,0.12,2026-06-30
DRMU,,Datadog Inc Cl A,0.11,2026-06-30
DRMU,,Mercadolibre Inc,0.11,2026-06-30
DRMU,,Comfort Systems USA Inc,0.11,2026-06-30
DRMU,,Yum! Brands Inc,0.11,2026-06-30
DRMU,,Cheniere Energy Inc,0.11,2026-06-30
DRMU,,Regeneron Pharmaceuticals Inc,0.11,2026-06-30
DRMU,,Boston Scientific Corp,0.11,2026-06-30
DRMU,,Diamondback Energy Inc,0.11,2026-06-30
DRMU,,State Street Corp,0.11,2026-06-30
DRMU,,NXP Semiconductors NV,0.11,2026-06-30
DRMU,,Warner Bros Discovery Inc,0.11,2026-06-30
DRMU,,AmerisourceBergen Corp,0.11,2026-06-30
DRMU,,KKR & Co Inc,0.11,2026-06-30
DRMU,,DoorDash Inc Cl A,0.11,2026-06-30
DRMU,,Robinhood Markets Inc Cl A,0.11,2026-06-30
DRMU,,Ciena Corp,0.11,2026-06-30
DRMU,,Coherent Corp,0.10,2026-06-30
DRMU,,Rockwell Automation Inc,0.10,2026-06-30
DRMU,,Carrier Global Corp,0.10,2026-06-30
DRMU,,Airbnb Inc Cl A,0.10,2026-06-30
DRMU,,Cardinal Health Inc,0.10,2026-06-30
DRMU,,Truist Financial Corp,0.10,2026-06-30
DRMU,,Teradyne Inc,0.10,2026-06-30
DRMU,,Paychex Inc,0.10,2026-06-30
DRMU,,Cintas Corp,0.10,2026-06-30
DRMU,,Bloom Energy Corp Cl A,0.10,2026-06-30
DRMU,,HCA Healthcare Inc,0.10,2026-06-30
DRMU,,Arthur J Gallagher & Co,0.10,2026-06-30
DRMU,,MSCI Inc,0.10,2026-06-30
DRMU,,Hewlett Packard Enterprise Co,0.10,2026-06-30
DRMU,,Dover Corp,0.10,2026-06-30
DRMU,,Monolithic Power Systems Inc,0.10,2026-06-30
DRMU,,Aflac Inc,0.10,2026-06-30
DRMU,,Target Corp,0.10,2026-06-30
DRMU,,FERGUSON ENTERPRISES INC,0.09,2026-06-30
DRMU,,Apollo Global Management Inc,0.09,2026-06-30
DRMU,,CenterPoint Energy Inc,0.09,2026-06-30
DRMU,,Edison International,0.09,2026-06-30
DRMU,,Atmos Energy Corp,0.09,2026-06-30
DRMU,,Lumentum Holdings Inc,0.09,2026-06-30
DRMU,,Autozone Inc,0.09,2026-06-30
DRMU,,Otis Worldwide Corp,0.09,2026-06-30
DRMU,,Nasdaq Inc,0.09,2026-06-30
DRMU,,Xylem Inc,0.09,2026-06-30
DRMU,,Ameriprise Financial Inc,0.09,2026-06-30
DRMU,,Old Dominion Freight Line Inc,0.09,2026-06-30
DRMU,,PPG Industries Inc,0.09,2026-06-30
DRMU,,Eversource Energy,0.09,2026-06-30
DRMU,,Hilton Worldwide Holdings Inc,0.09,2026-06-30
DRMU,,Electronic Arts Inc,0.08,2026-06-30
DRMU,,Hershey Co,0.08,2026-06-30
DRMU,,Nike Inc Cl B,0.08,2026-06-30
DRMU,,Keysight Technologies Inc,0.08,2026-06-30
DRMU,,Royal Caribbean Cruises Ltd,0.08,2026-06-30
DRMU,,Ford Motor Co,0.08,2026-06-30
DRMU,,Astera Labs Inc,0.08,2026-06-30
DRMU,,American Water Works Co Inc,0.08,2026-06-30
DRMU,,TechnipFMC PLC,0.08,2026-06-30
DRMU,,Edwards Lifesciences Corp,0.08,2026-06-30
DRMU,,TE Connectivity Ltd,0.08,2026-06-30
DRMU,,D R Horton Inc,0.08,2026-06-30
DRMU,,WEC Energy Group Inc,0.08,2026-06-30
DRMU,,EMCOR Group Inc,0.08,2026-06-30
DRMU,,Hubbell Inc,0.08,2026-06-30
DRMU,,Verisk Analytics Inc,0.08,2026-06-30
DRMU,,Northern Trust Corp,0.08,2026-06-30
DRMU,,Curtiss-Wright Corp,0.08,2026-06-30
DRMU,,Crown Castle International Corp,0.07,2026-06-30
DRMU,,NiSource Inc,0.07,2026-06-30
DRMU,,eBay Inc,0.07,2026-06-30
DRMU,,Raymond James Financial Inc,0.07,2026-06-30
DRMU,,EQT Corp,0.07,2026-06-30
DRMU,,Humana Inc,0.07,2026-06-30
DRMU,,Roper Technologies Inc,0.07,2026-06-30
DRMU,,Ventas Inc,0.07,2026-06-30
DRMU,,PayPal Holdings Inc,0.07,2026-06-30
DRMU,,Rocket Lab Corp,0.07,2026-06-30
DRMU,,CBOE Global Markets Inc,0.07,2026-06-30
DRMU,,Expeditors Intl of Washington Inc,0.07,2026-06-30
DRMU,,Fifth Third Bancorp,0.07,2026-06-30
DRMU,,CH Robinson Worldwide Inc,0.07,2026-06-30
DRMU,,Arch Capital Group Ltd,0.07,2026-06-30
DRMU,,Microchip Technology Inc,0.07,2026-06-30
DRMU,,Autodesk Inc,0.07,2026-06-30
DRMU,,VICI Properties Inc,0.07,2026-06-30
DRMU,,Kraft Heinz Co,0.07,2026-06-30
DRMU,,Flex Ltd,0.07,2026-06-30
DRMU,,Snap-On Inc,0.06,2026-06-30
DRMU,,Kenvue Inc,0.06,2026-06-30
DRMU,,Constellation Brands Inc Cl A,0.06,2026-06-30
DRMU,,Chipotle Mexican Grill Inc,0.06,2026-06-30
DRMU,,Credo Technology Group Holding Ltd,0.06,2026-06-30
DRMU,,M&T Bank Corp,0.06,2026-06-30
DRMU,,Reliance Steel & Aluminum Co,0.06,2026-06-30
DRMU,,American International Group Inc,0.06,2026-06-30
DRMU,,Biogen Inc,0.06,2026-06-30
DRMU,,Synchrony Financial,0.06,2026-06-30
DRMU,,AMCOR PLC,0.06,2026-06-30
DRMU,,NetApp Inc,0.06,2026-06-30
DRMU,,Garmin Ltd,0.06,2026-06-30
DRMU,,Take-Two Interactive Software Inc,0.06,2026-06-30
DRMU,,Axon Enterprise Inc,0.06,2026-06-30
DRMU,,Hartford Financial Services Group Inc,0.06,2026-06-30
DRMU,,Block Inc Cl A,0.06,2026-06-30
DRMU,,Alnylam Pharmaceuticals Inc,0.06,2026-06-30
DRMU,,Texas Pacific Land Corp,0.06,2026-06-30
DRMU,,Copart Inc,0.06,2026-06-30
DRMU,,Becton Dickinson and Co,0.06,2026-06-30
DRMU,,General Mills Inc,0.06,2026-06-30
DRMU,,Public Storage,0.06,2026-06-30
DRMU,,CBRE Group Inc,0.06,2026-06-30
DRMU,,MasTec Inc,0.06,2026-06-30
DRMU,,VERALTO CORP,0.06,2026-06-30
DRMU,,Carvana Co Cl A,0.06,2026-06-30
DRMU,,Church & Dwight Co Inc,0.06,2026-06-30
DRMU,,Martin Marietta Materials Inc,0.06,2026-06-30
DRMU,,Fortive Corp,0.06,2026-06-30
DRMU,,Fiserv Inc,0.06,2026-06-30
DRMU,,Workday Inc,0.05,2026-06-30
DRMU,,Iron Mountain Inc,0.05,2026-06-30
DRMU,,Fidelity National Info Srvcs Inc,0.05,2026-06-30
DRMU,,IDEX Corp,0.05,2026-06-30
DRMU,,Digital Realty Trust Inc,0.05,2026-06-30
DRMU,,Centene Corp,0.05,2026-06-30
DRMU,,Expedia Group Inc,0.05,2026-06-30
DRMU,,Tapestry Inc,0.05,2026-06-30
DRMU,,Annaly Capital Management Inc,0.05,2026-06-30
DRMU,,Marriott International Inc Cl A,0.05,2026-06-30
DRMU,,Broadridge Financial Solutions Inc,0.05,2026-06-30
DRMU,,Verisign Inc,0.05,2026-06-30
DRMU,,T Rowe Price Group Inc,0.05,2026-06-30
DRMU,,Nordson Corp,0.05,2026-06-30
DRMU,,Interactive Brokers Group Inc Cl A,0.05,2026-06-30
DRMU,,Teledyne Technologies Inc,0.05,2026-06-30
DRMU,,Chesapeake Energy Corp,0.05,2026-06-30
DRMU,,Ball Corp,0.05,2026-06-30
DRMU,,IDEXX Laboratories Inc,0.05,2026-06-30
DRMU,,Prudential Financial Inc,0.05,2026-06-30
DRMU,,International Flavors & Fragrances Inc,0.05,2026-06-30
DRMU,,Huntington Bancshares Inc,0.05,2026-06-30
DRMU,,HP Inc,0.05,2026-06-30
DRMU,,Coinbase Global Inc Cl A,0.05,2026-06-30
DRMU,,Caseys General Stores Inc,0.05,2026-06-30
DRMU,,Quest Diagnostics Inc,0.05,2026-06-30
DRMU,,Revolution Medicines Inc,0.05,2026-06-30
DRMU,,Masco Corp,0.05,2026-06-30
DRMU,,Waters Corp,0.05,2026-06-30
DRMU,,RPM International Inc,0.05,2026-06-30
DRMU,,LPL Financial Holdings Inc,0.04,2026-06-30
DRMU,,Zoetis Inc Cl A,0.04,2026-06-30
DRMU,,Corpay Inc,0.04,2026-06-30
DRMU,,Veeva Systems Inc Cl A,0.04,2026-06-30
DRMU,,Natera Inc,0.04,2026-06-30
DRMU,,Twilio Inc Cl A,0.04,2026-06-30
DRMU,,Willis Towers Watson PLC,0.04,2026-06-30
DRMU,,IQVIA Holdings Inc,0.04,2026-06-30
DRMU,,FTAI Aviation Ltd,0.04,2026-06-30
DRMU,,DUPONT DE NEMOURS INC,0.04,2026-06-30
DRMU,,F5 Networks Inc,0.04,2026-06-30
DRMU,,Royalty Pharma PLC Cl A,0.04,2026-06-30
DRMU,,Kimco Realty Corp,0.04,2026-06-30
DRMU,,Avery Dennison Corp,0.04,2026-06-30
DRMU,,McCormick & Co Inc,0.04,2026-06-30
DRMU,,Insmed Inc,0.04,2026-06-30
DRMU,,Ares Management Corp Cl A,0.04,2026-06-30
DRMU,,Global Payments Inc,0.04,2026-06-30
DRMU,,SS&C Technologies Holdings Inc,0.04,2026-06-30
DRMU,,Roblox Corp Cl A,0.04,2026-06-30
DRMU,,Pentair PLC,0.04,2026-06-30
DRMU,,PulteGroup Inc,0.04,2026-06-30
DRMU,,Resmed Inc,0.04,2026-06-30
DRMU,,First Citizens BancShares Inc Delaware - Comn Cl A,0.04,2026-06-30
DRMU,,Graco Inc,0.04,2026-06-30
DRMU,,QNITY ELECTRONICS INC,0.04,2026-06-30
DRMU,,CDW Corp,0.04,2026-06-30
DRMU,,Fair Isaac Corp,0.04,2026-06-30
DRMU,,Watsco Inc,0.04,2026-06-30
DRMU,,Allegion PLC,0.04,2026-06-30
DRMU,,Cincinnati Financial Corp,0.04,2026-06-30
DRMU,,Equifax Inc,0.04,2026-06-30
DRMU,,Omnicom Group Inc,0.04,2026-06-30
DRMU,,SBA Communications Corp Cl A,0.04,2026-06-30
DRMU,,ON Semiconductor Corp,0.04,2026-06-30
DRMU,,AvalonBay Communities Inc,0.04,2026-06-30
DRMU,,WP Carey Inc,0.04,2026-06-30
DRMU,,CoreWeave Inc Cl A,0.04,2026-06-30
DRMU,,NVR Inc,0.04,2026-06-30
DRMU,,Carlisle Cos Inc,0.03,2026-06-30
DRMU,,Equity Residential,0.03,2026-06-30
DRMU,,Tradeweb Markets Inc Cl A,0.03,2026-06-30
DRMU,,HEICO Corp,0.03,2026-06-30
DRMU,,XPO Logistics Inc,0.03,2026-06-30
DRMU,,Live Nation Entertainment Inc,0.03,2026-06-30
DRMU,,Okta Inc Cl A,0.03,2026-06-30
DRMU,,Lennox International Inc,0.03,2026-06-30
DRMU,,Bunge Ltd,0.03,2026-06-30
DRMU,,Jacobs Solutions Inc,0.03,2026-06-30
DRMU,,Zoom Video Communications Inc Cl A,0.03,2026-06-30
DRMU,,Lennar Corp Cl A,0.03,2026-06-30
DRMU,,Invitation Homes Inc,0.03,2026-06-30
DRMU,,Brown & Brown Inc,0.03,2026-06-30
DRMU,,First Solar Inc,0.03,2026-06-30
DRMU,,Cognizant Technology Solutions Corp Cl A,0.03,2026-06-30
DRMU,,Sysco Corp,0.03,2026-06-30
DRMU,,Affirm Holdings Inc Cl A,0.03,2026-06-30
DRMU,,United Therapeutics Corp,0.03,2026-06-30
DRMU,,Illumina Inc,0.03,2026-06-30
DRMU,,HEICO Corp Cl A,0.03,2026-06-30
DRMU,,Citizens Financial Group Inc,0.03,2026-06-30
DRMU,,Kinder Morgan Inc,0.03,2026-06-30
DRMU,,Flutter Entertainment PLC,0.03,2026-06-30
DRMU,,CNH Industrial NV,0.03,2026-06-30
DRMU,,MongoDB Inc Cl A,0.03,2026-06-30
DRMU,,MicroStrategy Inc Cl A,0.03,2026-06-30
DRMU,,Domino's Pizza Inc,0.03,2026-06-30
DRMU,,DexCom Inc,0.03,2026-06-30
DRMU,,Pure Storage Inc Cl A,0.03,2026-06-30
DRMU,,Tyler Technologies Inc,0.03,2026-06-30
DRMU,,Rollins Inc,0.03,2026-06-30
DRMU,,Essex Property Trust Inc,0.03,2026-06-30
DRMU,,Extra Space Storage Inc,0.03,2026-06-30
DRMU,,SoFi Technologies Inc,0.03,2026-06-30
DRMU,,Burlington Stores Inc,0.03,2026-06-30
DRMU,,Fabrinet,0.03,2026-06-30
DRMU,,Coeur Mining Inc,0.03,2026-06-30
DRMU,,Ulta Beauty Inc,0.03,2026-06-30
DRMU,,Kroger Co,0.03,2026-06-30
DRMU,,Entegris Inc,0.03,2026-06-30
DRMU,,MetLife Inc,0.03,2026-06-30
DRMU,,Toast Inc Cl A,0.03,2026-06-30
DRMU,,Liberty Media Corp Sr A,0.03,2026-06-30
DRMU,,West Pharmaceutical Services Inc,0.03,2026-06-30
DRMU,,W R Berkley Corp,0.03,2026-06-30
DRMU,,Regency Centers Corp,0.03,2026-06-30
DRMU,,CoStar Group Inc,0.03,2026-06-30
DRMU,,Zimmer Biomet Holdings Inc,0.03,2026-06-30
DRMU,,Las Vegas Sands Corp,0.03,2026-06-30
DRMU,,Targa Resources Corp,0.03,2026-06-30
DRMU,,USD Currency,0.02,2026-06-30
DRMU,,Gaming and Leisure Properties Inc,0.02,2026-06-30
DRMU,,REDDIT INC CL A,0.02,2026-06-30
DRMU,,KeyCorp,0.02,2026-06-30
DRMU,,GE Healthcare Technologies Inc,0.02,2026-06-30
DRMU,,Darden Restaurants Inc,0.02,2026-06-30
DRMU,,Estee Lauder Cos Inc Cl A,0.02,2026-06-30
DRMU,,Atlassian Corp PLC Cl A,0.02,2026-06-30
DRMU,,IONQ Inc,0.02,2026-06-30
DRMU,,Tractor Supply Co,0.02,2026-06-30
DRMU,,United Parcel Service Inc Cl B,0.02,2026-06-30
DRMU,,Agilent Technologies Inc,0.02,2026-06-30
DRMU,,AST SpaceMobile Inc Cl A,0.02,2026-06-30
DRMU,,Zscaler Inc,0.02,2026-06-30
DRMU,,Charter Communications Inc Cl A,0.02,2026-06-30
DRMU,,Incyte Corp,0.02,2026-06-30
DRMU,,Regions Financial Corp,0.02,2026-06-30
DRMU,,Super Micro Computer Inc,0.02,2026-06-30
DRMU,,EchoStar Corp Cl A,0.02,2026-06-30
DRMU,,News Corp Cl A,0.02,2026-06-30
DRMU,,Fox Corp Cl B,0.02,2026-06-30
DRMU,,TransUnion,0.02,2026-06-30
DRMU,,Carlyle Group Inc,0.02,2026-06-30
DRMU,,Iris Energy Ltd,0.02,2026-06-30
DRMU,,Rivian Automotive Inc Cl A,0.02,2026-06-30
DRMU,,Jabil Inc,0.02,2026-06-30
DRMU,,Deckers Outdoor Corp,0.02,2026-06-30
DRMU,,Fox Corp Cl A,0.02,2026-06-30
DRMU,,Williams-Sonoma Inc,0.02,2026-06-30
DRMU,,Rocket Cos Inc Cl A,0.02,2026-06-30
DRMU,,PTC Inc,0.02,2026-06-30
DRMU,,Dollar General Corp,0.02,2026-06-30
DRMU,,MEDLINE INC CL A,0.02,2026-06-30
DRMU,,CIRCLE INTERNET GROUP INC,0.02,2026-06-30
DRMU,,Mettler-Toledo International Inc,0.01,2026-06-30
DRMU,,Mid-America Apartment Communities Inc,0.01,2026-06-30
DRMU,,PINNACLE FINANCIAL PARTNERS,0.01,2026-06-30
DRMU,,Everest RE Group Ltd,0.01,2026-06-30
DRMU,,Steris PLC,0.01,2026-06-30
DRMU,,Insulet Corp,0.01,2026-06-30
DRMU,,Dollar Tree Inc,0.01,2026-06-30
DRMU,,Best Buy Co Inc,0.01,2026-06-30
DRMU,,Sharkninja Inc,0.01,2026-06-30
DRMU,,FedEx Corp,0.01,2026-06-30
DRMU,,United Airlines Holdings Inc,0.01,2026-06-30
DRMU,,Cooper Cos Inc,0.01,2026-06-30
DRMU,,Kimberly-Clark Corp,0.01,2026-06-30
DRMU,,Markel Corp,0.01,2026-06-30
DRMU,,Packaging Corp of America,0.01,2026-06-30
DRMU,,International Paper Co,0.01,2026-06-30
DRMU,,Delta Air Lines Inc,0.01,2026-06-30
DRMU,,Genuine Parts Co,0.01,2026-06-30
DRMU,,SMURFIT WESTROCK PLC,0.01,2026-06-30
DRMU,,J B Hunt Transport Services Inc,0.01,2026-06-30
DRMU,,Nucor Corp,0.01,2026-06-30
DRMU,,Vistra Corp,0.01,2026-06-30
DRMU,,CARNIVAL CORP LTD,0.01,2026-06-30
DRMU,,Crh PLC,0.01,2026-06-30
DRMU,,AMRIZE LTD,0.01,2026-06-30
DRMU,,Corebridge Financial Inc,0.01,2026-06-30
DRMU,,Waste Connections Inc,0.01,2026-06-30
DRMU,,Ingersoll Rand Inc,0.01,2026-06-30
DRMU,,Steel Dynamics Inc,0.01,2026-06-30
DRMU,,Dick's Sporting Goods Inc,0.01,2026-06-30
DRMU,,Republic Services Inc,0.01,2026-06-30
DRMU,,Sun Communities Inc,0.01,2026-06-30
DRMU,,Weyerhaeuser Co,0.01,2026-06-30
DRMU,,Waste Management Inc,0.01,2026-06-30
DRMU,,NortonLifeLock Inc,0.01,2026-06-30
DRMU,,Samsara Inc Cl A,0.01,2026-06-30
DRMU,,Hyatt Hotels Corp Cl A,0.01,2026-06-30
DRMU,,Clorox Co,0.01,2026-06-30
DRMU,,Principal Financial Group Inc,0.01,2026-06-30
DRMU,,APTIV PLC,0.01,2026-06-30
DRMU,,LABCORP HOLDINGS INC,0.01,2026-06-30
DRMU,,Entergy Corp,0.01,2026-06-30
DRMU,,Erie Indemnity Co Cl A,0.01,2026-06-30
DRMU,,Loews Corp,0.01,2026-06-30
DRMU,,Fidelity National Financial Inc,0.01,2026-06-30
DRMU,,Archer-Daniels-Midland Co,0.01,2026-06-30
DRMU,,Phillips 66,0.01,2026-06-30
DRMU,,DTE Energy Co,0.01,2026-06-30
DRMU,,Lululemon Athletica Inc,0.01,2026-06-30
DRMU,,Valero Energy Corp,0.01,2026-06-30
DRMU,,CMS Energy Corp,0.01,2026-06-30
DRMU,,CF Industries Holdings Inc,0.01,2026-06-30
DRMU,,Xcel Energy Inc,0.01,2026-06-30
DRMU,,Neurocrine Biosciences Inc,0.01,2026-06-30
DRMU,,Occidental Petroleum Corp,0.01,2026-06-30
DRMU,,Halliburton Co,0.01,2026-06-30
DRMU,,Air Products and Chemicals Inc,0.01,2026-06-30
DRMU,,Trimble Inc,0.01,2026-06-30
DRMU,,Marathon Petroleum Corp,0.01,2026-06-30
DRMU,,Devon Energy Corp,0.01,2026-06-30
DRMU,,LyondellBasell Industries NV Cl A,0.01,2026-06-30
DRMU,,Tyson Foods Inc Cl A,0.01,2026-06-30
DRMU,,Dow Inc,0.01,2026-06-30
DRMU,,FEDEX FREIGHT HOLDING CO,0.00,2026-06-30
DRMU,,CONTRA ABIOMED INC,0.00,2026-06-30
DRMU,,CONTRA HOLOGIC INCORPO,0.00,2026-06-30
DRMD,,ASML Holding NV,3.28,2026-06-30
DRMD,,HSBC Holdings PLC,1.55,2026-06-30
DRMD,,ROCHE HOLDING AG,1.42,2026-06-30
DRMD,,AstraZeneca PLC,1.37,2026-06-30
DRMD,,Novartis AG Cl N,1.35,2026-06-30
DRMD,,Nestle SA Cl N,1.32,2026-06-30
DRMD,,Siemens AG,1.11,2026-06-30
DRMD,,BHP Group Ltd,1.04,2026-06-30
DRMD,,Mitsubishi UFJ Financial Group Inc,1.03,2026-06-30
DRMD,,Shell PLC,1.03,2026-06-30
DRMD,,Schneider Electric SE,0.99,2026-06-30
DRMD,,Tokyo Electron Ltd,0.95,2026-06-30
DRMD,,Banco Santander SA,0.90,2026-06-30
DRMD,,Commonwealth Bank of Australia,0.89,2026-06-30
DRMD,,Abb Ltd Cl N,0.85,2026-06-30
DRMD,,Kioxia Holdings Corp,0.85,2026-06-30
DRMD,,Allianz SE,0.84,2026-06-30
DRMD,,SAP AG,0.79,2026-06-30
DRMD,,Toyota Motor Corp,0.78,2026-06-30
DRMD,,UNILEVER PLC,0.77,2026-06-30
DRMD,,TotalEnergies SE,0.75,2026-06-30
DRMD,,UBS Group AG,0.74,2026-06-30
DRMD,,Novo Nordisk A/S Cl B,0.74,2026-06-30
DRMD,,Iberdrola SA,0.73,2026-06-30
DRMD,,Sumitomo Mitsui Financial Group Inc,0.70,2026-06-30
DRMD,,Advantest Corp,0.69,2026-06-30
DRMD,,LVMH Moet Hennessy Louis Vuitton SE,0.68,2026-06-30
DRMD,,SoftBank Group Corp,0.67,2026-06-30
DRMD,,Siemens Energy AG,0.67,2026-06-30
DRMD,,Banco Bilbao Vizcaya Argentaria SA,0.65,2026-06-30
DRMD,,Hitachi Ltd,0.64,2026-06-30
DRMD,,L'Air Liquide SA,0.63,2026-06-30
DRMD,,Vinci SA,0.62,2026-06-30
DRMD,,Cie Financiere Richemont SA Cl A,0.57,2026-06-30
DRMD,,UniCredit SpA,0.56,2026-06-30
DRMD,,Mizuho Financial Group Inc,0.55,2026-06-30
DRMD,,Sony Group Corp,0.55,2026-06-30
DRMD,,BNP Paribas SA,0.55,2026-06-30
DRMD,,Rio Tinto PLC,0.54,2026-06-30
DRMD,,Infineon Technologies AG,0.54,2026-06-30
DRMD,,Murata Manufacturing Co Ltd,0.53,2026-06-30
DRMD,,GSK plc,0.52,2026-06-30
DRMD,,Zurich Insurance Group AG Cl N,0.52,2026-06-30
DRMD,,DBS Group Holdings Ltd,0.50,2026-06-30
DRMD,,L'Oreal SA,0.49,2026-06-30
DRMD,,Deutsche Telekom AG Cl N,0.49,2026-06-30
DRMD,,Fast Retailing Co Ltd,0.48,2026-06-30
DRMD,,BP PLC,0.48,2026-06-30
DRMD,,AIA Group Ltd,0.46,2026-06-30
DRMD,,Sanofi SA,0.46,2026-06-30
DRMD,,Reed Elsevier PLC,0.45,2026-06-30
DRMD,,Intesa Sanpaolo SpA,0.45,2026-06-30
DRMD,,Barclays PLC,0.45,2026-06-30
DRMD,,National Grid PLC,0.44,2026-06-30
DRMD,,Mitsubishi Electric Corp,0.44,2026-06-30
DRMD,,Enel SpA,0.44,2026-06-30
DRMD,,Keyence Corp,0.43,2026-06-30
DRMD,,ING Groep NV,0.43,2026-06-30
DRMD,,Anheuser Busch Inbev SA,0.42,2026-06-30
DRMD,,Lloyds Banking Group PLC,0.41,2026-06-30
DRMD,,Westpac Banking Corp,0.40,2026-06-30
DRMD,,Recruit Holdings Co Ltd,0.39,2026-06-30
DRMD,,Axa SA,0.39,2026-06-30
DRMD,,Mitsubishi Heavy Industries Ltd,0.38,2026-06-30
DRMD,,National Australia Bank Ltd,0.38,2026-06-30
DRMD,,Legrand SA,0.36,2026-06-30
DRMD,,Australia New Zealand Banking Grp Ltd,0.36,2026-06-30
DRMD,,Tokio Marine Holdings Inc,0.36,2026-06-30
DRMD,,Cie de Saint Gobain SA,0.35,2026-06-30
DRMD,,Shin-Etsu Chemical Co Ltd,0.35,2026-06-30
DRMD,,Wesfarmers Ltd,0.35,2026-06-30
DRMD,,Muenchener Rueckverschrngs Gslschft AG Mu,0.34,2026-06-30
DRMD,,Natwest Group PLC,0.34,2026-06-30
DRMD,,Investor AB Cl B,0.33,2026-06-30
DRMD,,Industria de Diseno Textil SA,0.33,2026-06-30
DRMD,,Spotify Technology SA,0.33,2026-06-30
DRMD,,Diageo PLC,0.32,2026-06-30
DRMD,,Panasonic Corp,0.32,2026-06-30
DRMD,,Nokia Oyj,0.32,2026-06-30
DRMD,,Danone SA,0.32,2026-06-30
DRMD,,Fujikura Ltd,0.31,2026-06-30
DRMD,,Macquarie Group Ltd,0.30,2026-06-30
DRMD,,Oversea-Chinese Banking Corp Ltd,0.30,2026-06-30
DRMD,,GDF Suez SA,0.30,2026-06-30
DRMD,,RECKITT BENCKISER GROUP PLC,0.29,2026-06-30
DRMD,,Atlas Copco AB Cl A,0.29,2026-06-30
DRMD,,Essilor Intl Cie Generale d'Optique SA,0.29,2026-06-30
DRMD,,ANGLO AMERICAN PLC,0.28,2026-06-30
DRMD,,Sunbelt Rentals Holdings Inc,0.28,2026-06-30
DRMD,,Experian PLC,0.28,2026-06-30
DRMD,,Volvo AB Cl B,0.28,2026-06-30
DRMD,,Compass Group PLC,0.28,2026-06-30
DRMD,,Deutsche Bank AG Cl N,0.28,2026-06-30
DRMD,,Prosus NV,0.27,2026-06-30
DRMD,,Hong Kong Exchanges and Clearing Ltd,0.27,2026-06-30
DRMD,,argenx SE,0.27,2026-06-30
DRMD,,Tesco PLC,0.27,2026-06-30
DRMD,,Hoya Corp,0.27,2026-06-30
DRMD,,Societe Generale SA,0.27,2026-06-30
DRMD,,Sumitomo Electric Industries Ltd,0.26,2026-06-30
DRMD,,Daikin Industries Ltd,0.26,2026-06-30
DRMD,,Prysmian SpA,0.26,2026-06-30
DRMD,,KDDI Corp,0.25,2026-06-30
DRMD,,Nordea Bank Abp,0.25,2026-06-30
DRMD,,Deutsche Boerse AG,0.25,2026-06-30
DRMD,,BASF SE,0.25,2026-06-30
DRMD,,Takeda Pharmaceutical Co Ltd,0.25,2026-06-30
DRMD,,Rio Tinto Ltd,0.25,2026-06-30
DRMD,,Ferrovial SE,0.25,2026-06-30
DRMD,,Rheinmetall AG,0.25,2026-06-30
DRMD,,London Stock Exchange Group PLC,0.24,2026-06-30
DRMD,,Bayer AG Cl N,0.24,2026-06-30
DRMD,,Fanuc Corp,0.24,2026-06-30
DRMD,,Hermes International SCA,0.24,2026-06-30
DRMD,,Renesas Electronics Corp,0.24,2026-06-30
DRMD,,Caixabank SA,0.23,2026-06-30
DRMD,,Standard Chartered PLC,0.23,2026-06-30
DRMD,,Sandvik AB,0.23,2026-06-30
DRMD,,ASM International NV,0.23,2026-06-30
DRMD,,E.On SE,0.23,2026-06-30
DRMD,,Komatsu Ltd,0.23,2026-06-30
DRMD,,Swiss RE AG,0.22,2026-06-30
DRMD,,Goodman Group - Units,0.22,2026-06-30
DRMD,,Eni SpA,0.22,2026-06-30
DRMD,,Nintendo Co Ltd,0.22,2026-06-30
DRMD,,Ferrari NV,0.21,2026-06-30
DRMD,,STMicroelectronics NV,0.21,2026-06-30
DRMD,,Haleon PLC,0.21,2026-06-30
DRMD,,Orix Corp,0.21,2026-06-30
DRMD,,Sse PLC,0.21,2026-06-30
DRMD,,DSV A/S,0.21,2026-06-30
DRMD,,Toyota Tsusho Corp,0.21,2026-06-30
DRMD,,Orange SA,0.20,2026-06-30
DRMD,,Givaudan SA,0.20,2026-06-30
DRMD,,Disco Corp,0.20,2026-06-30
DRMD,,Erste Group Bank AG,0.20,2026-06-30
DRMD,,TDK Corp,0.20,2026-06-30
DRMD,,Deutsche Post AG Cl N,0.20,2026-06-30
DRMD,,Assicurazioni Generali SpA,0.19,2026-06-30
DRMD,,Assa Abloy AB Cl B,0.19,2026-06-30
DRMD,,CSL Ltd,0.19,2026-06-30
DRMD,,Galderma Group AG,0.19,2026-06-30
DRMD,,ACS Actividades Construccion Servcs SA,0.19,2026-06-30
DRMD,,Japan Post Bank Co Ltd,0.19,2026-06-30
DRMD,,Dai-ichi Life Holdings Inc,0.18,2026-06-30
DRMD,,Teva Pharmaceutical Industries Ltd - ADR,0.18,2026-06-30
DRMD,,Lonza Group AG,0.18,2026-06-30
DRMD,,Woodside Energy Group Ltd,0.18,2026-06-30
DRMD,,Daimler AG Cl N,0.18,2026-06-30
DRMD,,Heineken NV,0.18,2026-06-30
DRMD,,Ucb SA,0.17,2026-06-30
DRMD,,SMC Corp,0.17,2026-06-30
DRMD,,AerCap Holdings NV,0.17,2026-06-30
DRMD,,SoftBank Corp,0.17,2026-06-30
DRMD,,Ajinomoto Co Inc,0.17,2026-06-30
DRMD,,Kone Oyj,0.17,2026-06-30
DRMD,,Bank Leumi Le Israel BM,0.17,2026-06-30
DRMD,,Fujitsu Ltd,0.17,2026-06-30
DRMD,,CK Hutchison Holdings Ltd,0.17,2026-06-30
DRMD,,Honda Motor Co Ltd,0.16,2026-06-30
DRMD,,SANDOZ GROUP AG,0.16,2026-06-30
DRMD,,Sea Ltd - ADR Cl A,0.16,2026-06-30
DRMD,,Prudential PLC,0.16,2026-06-30
DRMD,,3i Group PLC,0.16,2026-06-30
DRMD,,MS&AD Insurance Group Holdings Inc,0.16,2026-06-30
DRMD,,Ibiden Co Ltd,0.16,2026-06-30
DRMD,,Sompo Holdings Inc,0.16,2026-06-30
DRMD,,Alcon AG,0.16,2026-06-30
DRMD,,Geberit AG Cl N,0.16,2026-06-30
DRMD,,Coca-Cola Europacific Partners PLC,0.16,2026-06-30
DRMD,,Chugai Pharmaceutical Co Ltd,0.15,2026-06-30
DRMD,,Bank Hapoalim BM,0.15,2026-06-30
DRMD,,Sika AG,0.15,2026-06-30
DRMD,,Kubota Corp,0.15,2026-06-30
DRMD,,Techtronic Industries Co Ltd,0.15,2026-06-30
DRMD,,Fortescue Metals Group Ltd,0.15,2026-06-30
DRMD,,Adidas AG,0.15,2026-06-30
DRMD,,Woolworths Group Ltd,0.15,2026-06-30
DRMD,,Transurban Group - Units,0.15,2026-06-30
DRMD,,NEC Corp,0.15,2026-06-30
DRMD,,Danske Bank A/S,0.15,2026-06-30
DRMD,,Koninklijke Ahold Delhaize NV,0.14,2026-06-30
DRMD,,Otsuka Holdings Co Ltd,0.14,2026-06-30
DRMD,,Vodafone Group PLC,0.14,2026-06-30
DRMD,,United Overseas Bank Ltd,0.14,2026-06-30
DRMD,,Daimler Truck Holding AG,0.14,2026-06-30
DRMD,,Tower Semiconductor Ltd,0.14,2026-06-30
DRMD,,Rentokil Initial PLC,0.14,2026-06-30
DRMD,,East Japan Railway Co,0.14,2026-06-30
DRMD,,Vestas Wind Systems A/S,0.14,2026-06-30
DRMD,,RWE AG Cl A,0.14,2026-06-30
DRMD,,Novozymes A/S Cl B,0.14,2026-06-30
DRMD,,KBC Groep NV,0.13,2026-06-30
DRMD,,Avivagen Inc,0.13,2026-06-30
DRMD,,Telefonaktiebolaget LM Ericsson Cl B,0.13,2026-06-30
DRMD,,Resona Holdings Inc,0.13,2026-06-30
DRMD,,Nomura Holdings Inc,0.13,2026-06-30
DRMD,,Kajima Corp,0.13,2026-06-30
DRMD,,Daifuku Co Ltd,0.13,2026-06-30
DRMD,,Mitsubishi Estate Co Ltd,0.13,2026-06-30
DRMD,,Ebara Corp,0.13,2026-06-30
DRMD,,VAT Group AG,0.13,2026-06-30
DRMD,,Nippon Telegraph and Telephone Corp,0.13,2026-06-30
DRMD,,Daiichi Sankyo Co Ltd,0.13,2026-06-30
DRMD,,Repsol SA,0.13,2026-06-30
DRMD,,QBE Insurance Group Ltd,0.13,2026-06-30
DRMD,,Swedbank AB Cl A,0.12,2026-06-30
DRMD,,Holcim Ltd,0.12,2026-06-30
DRMD,,Singapore Telecommunications Ltd,0.12,2026-06-30
DRMD,,Equinor ASA,0.12,2026-06-30
DRMD,,Antofagasta PLC,0.12,2026-06-30
DRMD,,Adyen NV,0.12,2026-06-30
DRMD,,Coca Cola HBC AG,0.12,2026-06-30
DRMD,,Japan Post Holdings Co Ltd,0.12,2026-06-30
DRMD,,Masisa SA,0.12,2026-06-30
DRMD,,InterContinental Hotels Group PLC,0.12,2026-06-30
DRMD,,Commerzbank AG,0.12,2026-06-30
DRMD,,ABN AMRO Bank NV,0.12,2026-06-30
DRMD,,MTU Aero Engines AG,0.12,2026-06-30
DRMD,,Bouygues SA,0.12,2026-06-30
DRMD,,Astellas Pharma Inc,0.12,2026-06-30
DRMD,,Amadeus IT Group SA,0.12,2026-06-30
DRMD,,Taisei Corp,0.12,2026-06-30
DRMD,,IHI Corp,0.12,2026-06-30
DRMD,,NN Group NV,0.12,2026-06-30
DRMD,,Kyocera Corp,0.12,2026-06-30
DRMD,,Kirin Holdings Co Ltd,0.11,2026-06-30
DRMD,,Central Japan Railway Co,0.11,2026-06-30
DRMD,,Keppel Corp Ltd Cl A,0.11,2026-06-30
DRMD,,BPER Banca SpA,0.11,2026-06-30
DRMD,,Obayashi Corp,0.11,2026-06-30
DRMD,,Fujifilm Holdings Corp,0.11,2026-06-30
DRMD,,Aristocrat Leisure Ltd,0.11,2026-06-30
DRMD,,AIB Group PLC,0.11,2026-06-30
DRMD,,Intertek Group PLC,0.11,2026-06-30
DRMD,,Singapore Technologies Engineering Ltd,0.11,2026-06-30
DRMD,,Lasertec Corp,0.11,2026-06-30
DRMD,,Banca Monte dei Paschi di Siena SpA,0.11,2026-06-30
DRMD,,Pernod Ricard SA,0.11,2026-06-30
DRMD,,BOC Hong Kong Holdings Ltd,0.11,2026-06-30
DRMD,,Next PLC,0.11,2026-06-30
DRMD,,Alfa Laval AB,0.11,2026-06-30
DRMD,,Sun Hung Kai Properties Ltd,0.11,2026-06-30
DRMD,,BE Semiconductor Industries NV,0.11,2026-06-30
DRMD,,Mitsui Fudosan Co Ltd,0.11,2026-06-30
DRMD,,Sumitomo Mitsui Trust Holdings Inc,0.11,2026-06-30
DRMD,,Kering SA,0.11,2026-06-30
DRMD,,Kingspan Group PLC,0.11,2026-06-30
DRMD,,DSM FIRMENICH AG,0.11,2026-06-30
DRMD,,Bunzl PLC,0.11,2026-06-30
DRMD,,Canon Inc,0.11,2026-06-30
DRMD,,Swiss Life Holding AG Cl N,0.11,2026-06-30
DRMD,,Publicis Groupe SA,0.11,2026-06-30
DRMD,,Asahi Group Holdings Ltd,0.10,2026-06-30
DRMD,,Universal Music Group NV,0.10,2026-06-30
DRMD,,Cie Generale Etablismts Michelin SCA,0.10,2026-06-30
DRMD,,Kerry Group PLC,0.10,2026-06-30
DRMD,,Skandinaviska Enskilda Banken AB,0.10,2026-06-30
DRMD,,Bayerische Motoren Werke AG,0.10,2026-06-30
DRMD,,Sampo PLC Cl A,0.10,2026-06-30
DRMD,,Snam SpA,0.10,2026-06-30
DRMD,,Legal & General Group PLC,0.10,2026-06-30
DRMD,,Epiroc AB Cl A,0.10,2026-06-30
DRMD,,Inpex Corp,0.10,2026-06-30
DRMD,,Bridgestone Corp,0.10,2026-06-30
DRMD,,Furukawa Electric Co Ltd,0.10,2026-06-30
DRMD,,Smiths Group PLC,0.10,2026-06-30
DRMD,,Eiffage SA,0.10,2026-06-30
DRMD,,Boliden AB,0.09,2026-06-30
DRMD,,Denso Corp,0.09,2026-06-30
DRMD,,Koninklijke Philips NV,0.09,2026-06-30
DRMD,,Northern Star Resources Ltd,0.09,2026-06-30
DRMD,,Koninklijke KPN NV,0.09,2026-06-30
DRMD,,Atlas Copco AB,0.09,2026-06-30
DRMD,,Halma PLC,0.09,2026-06-30
DRMD,,Minebea Mitsumi Inc,0.09,2026-06-30
DRMD,,Capgemini SE,0.09,2026-06-30
DRMD,,Asics Corp,0.09,2026-06-30
DRMD,,EDP Energias de Portugal SA,0.09,2026-06-30
DRMD,,Terna Rete Elettrica Nazionale SpA,0.09,2026-06-30
DRMD,,Fuji Electric Co Ltd,0.09,2026-06-30
DRMD,,Nidec Corp,0.09,2026-06-30
DRMD,,Kawasaki Heavy Industries Ltd,0.09,2026-06-30
DRMD,,Seven & i Holdings Co Ltd,0.09,2026-06-30
DRMD,,UPM Kymmene Oyj,0.09,2026-06-30
DRMD,,Rexel SA,0.09,2026-06-30
DRMD,,Oriental Land Co Ltd,0.09,2026-06-30
DRMD,,Terumo Corp,0.09,2026-06-30
DRMD,,Heineken Holding NV,0.09,2026-06-30
DRMD,,Suzuki Motor Corp,0.09,2026-06-30
DRMD,,Showa Denko KK,0.09,2026-06-30
DRMD,,Marks and Spencer Group PLC,0.09,2026-06-30
DRMD,,Asahi Kasei Corp,0.09,2026-06-30
DRMD,,JX Advanced Metals Corp,0.09,2026-06-30
DRMD,,Metso Outotec Corp,0.09,2026-06-30
DRMD,,Saab AB Cl B,0.09,2026-06-30
DRMD,,DNB Bank ASA,0.08,2026-06-30
DRMD,,Banco BPM SpA,0.08,2026-06-30
DRMD,,Evolution Mining Ltd,0.08,2026-06-30
DRMD,,AENA SME SA,0.08,2026-06-30
DRMD,,Fresenius SE & Co KGaA,0.08,2026-06-30
DRMD,,BT Group PLC,0.08,2026-06-30
DRMD,,Coles Group Ltd,0.08,2026-06-30
DRMD,,United Utilities Group PLC,0.08,2026-06-30
DRMD,,Aeon Co Ltd,0.08,2026-06-30
DRMD,,Volkswagen AG - Pfd,0.08,2026-06-30
DRMD,,GEA Group AG,0.08,2026-06-30
DRMD,,Poste Italiane SpA,0.08,2026-06-30
DRMD,,Segro PLC,0.08,2026-06-30
DRMD,,Credit Agricole SA,0.08,2026-06-30
DRMD,,Mitsui Mining and Smelting Co Ltd,0.08,2026-06-30
DRMD,,KONGSBERG GRUPPEN ASA,0.08,2026-06-30
DRMD,,Swisscom AG Cl N,0.08,2026-06-30
DRMD,,Dassault Systemes SE,0.08,2026-06-30
DRMD,,Symrise AG,0.08,2026-06-30
DRMD,,Mitsui OSK Lines Ltd,0.08,2026-06-30
DRMD,,Hannover Rueck SE,0.08,2026-06-30
DRMD,,Sage Group PLC,0.08,2026-06-30
DRMD,,AGC Inc,0.08,2026-06-30
DRMD,,HeidelbergCement AG,0.08,2026-06-30
DRMD,,Deutsche Annington Immobilien SE,0.08,2026-06-30
DRMD,,Belimo Holding AG Cl N,0.08,2026-06-30
DRMD,,Admiral Group PLC,0.08,2026-06-30
DRMD,,Merck KGaA,0.07,2026-06-30
DRMD,,Partners Group Holding AG,0.07,2026-06-30
DRMD,,Carlsberg A/S Cl B,0.07,2026-06-30
DRMD,,Severn Trent PLC,0.07,2026-06-30
DRMD,,Bank of Ireland Group PLC,0.07,2026-06-30
DRMD,,Melrose Industries PLC,0.07,2026-06-30
DRMD,,Chocoladefabriken Lindt & Spruengli AG - Partcptn,0.07,2026-06-30
DRMD,,Norsk Hydro ASA,0.07,2026-06-30
DRMD,,Daiwa House Industry Co Ltd,0.07,2026-06-30
DRMD,,Suncorp Group Ltd,0.07,2026-06-30
DRMD,,Enlight Renewable Energy Ltd,0.07,2026-06-30
DRMD,,Shimizu Corp,0.07,2026-06-30
DRMD,,Euronext NV,0.07,2026-06-30
DRMD,,Helvetia Holding AG,0.07,2026-06-30
DRMD,,Phoenix Holdings Ltd,0.07,2026-06-30
DRMD,,Daiwa Securities Group Inc,0.07,2026-06-30
DRMD,,Sumitomo Metal Mining Co Ltd,0.07,2026-06-30
DRMD,,Associated British Foods PLC,0.07,2026-06-30
DRMD,,Nova Ltd,0.07,2026-06-30
DRMD,,Nippon Yusen KK,0.07,2026-06-30
DRMD,,Unibail-Rodamco-Westfield SE - Units,0.07,2026-06-30
DRMD,,Genmab A/S,0.07,2026-06-30
DRMD,,Veolia Environnement SA,0.07,2026-06-30
DRMD,,Nitto Denko Corp,0.07,2026-06-30
DRMD,,Telstra Corp Ltd,0.07,2026-06-30
DRMD,,Neste Oyj,0.07,2026-06-30
DRMD,,Screen Holdings Co Ltd,0.07,2026-06-30
DRMD,,Makita Corp,0.07,2026-06-30
DRMD,,J Sainsbury PLC,0.07,2026-06-30
DRMD,,Insurance Australia Group Ltd,0.07,2026-06-30
DRMD,,Svenska Handelsbanken AB,0.07,2026-06-30
DRMD,,Centrica PLC,0.07,2026-06-30
DRMD,,Lynas Rare Earths Ltd,0.07,2026-06-30
DRMD,,Fisher & Paykel Healthcare Corp Ltd,0.06,2026-06-30
DRMD,,Scentre Group - Units,0.06,2026-06-30
DRMD,,Kikkoman Corp,0.06,2026-06-30
DRMD,,Fortum Oyj,0.06,2026-06-30
DRMD,,Akzo Nobel NV,0.06,2026-06-30
DRMD,,WH Group Ltd,0.06,2026-06-30
DRMD,,Spirax-Sarco Engineering PLC,0.06,2026-06-30
DRMD,,Smith & Nephew PLC,0.06,2026-06-30
DRMD,,Sumitomo Realty & Development Co Ltd,0.06,2026-06-30
DRMD,,Endesa SA,0.06,2026-06-30
DRMD,,West Japan Railway Co,0.06,2026-06-30
DRMD,,Julius Baer Gruppe AG Cl N,0.06,2026-06-30
DRMD,,Hexagon AB Cl B,0.06,2026-06-30
DRMD,,Banco de Sabadell SA,0.06,2026-06-30
DRMD,,Knorr Bremse AG,0.06,2026-06-30
DRMD,,SGH LTD,0.06,2026-06-30
DRMD,,Shionogi & Co Ltd,0.06,2026-06-30
DRMD,,Pilbara Minerals Ltd,0.06,2026-06-30
DRMD,,Schindler Holding AG Cl N,0.06,2026-06-30
DRMD,,Singapore Exchange Ltd,0.06,2026-06-30
DRMD,,Cellnex Telecom SA,0.06,2026-06-30
DRMD,,Hochtief AG,0.06,2026-06-30
DRMD,,Santos Ltd,0.06,2026-06-30
DRMD,,CK Asset Holdings Ltd,0.06,2026-06-30
DRMD,,Alstom SA,0.06,2026-06-30
DRMD,,Link REIT - Units,0.06,2026-06-30
DRMD,,Check Point Software Technologies Ltd,0.06,2026-06-30
DRMD,,Telefonica SA,0.06,2026-06-30
DRMD,,Israel Discount Bank Ltd,0.06,2026-06-30
DRMD,,Japan Exchange Group Inc,0.06,2026-06-30
DRMD,,Osaka Gas Co Ltd,0.06,2026-06-30
DRMD,,Logitech International SA,0.06,2026-06-30
DRMD,,Tokyo Gas Co Ltd,0.06,2026-06-30
DRMD,,Informa PLC,0.06,2026-06-30
DRMD,,MAGNUM ICE CREAM CO NV/THE,0.06,2026-06-30
DRMD,,Yangzijiang Shipbuilding Holdings Ltd,0.06,2026-06-30
DRMD,,Siemens Healthineers AG,0.06,2026-06-30
DRMD,,Stellantis NV,0.05,2026-06-30
DRMD,,Svenska Cellulosa SCA AB,0.05,2026-06-30
DRMD,,Marine Harvest ASA,0.05,2026-06-30
DRMD,,Endeavour Mining PLC,0.05,2026-06-30
DRMD,,Orkla ASA,0.05,2026-06-30
DRMD,,BAWAG Group AG,0.05,2026-06-30
DRMD,,Hankyu Hanshin Holdings Inc,0.05,2026-06-30
DRMD,,Eqt AB,0.05,2026-06-30
DRMD,,M&G PLC,0.05,2026-06-30
DRMD,,Brenntag SE,0.05,2026-06-30
DRMD,,Straumann Holding AG Cl N,0.05,2026-06-30
DRMD,,Ryohin Keikaku Co Ltd,0.05,2026-06-30
DRMD,,Bandai Namco Holdings Inc,0.05,2026-06-30
DRMD,,Nomura Research Institute Ltd,0.05,2026-06-30
DRMD,,T&D Holdings Inc,0.05,2026-06-30
DRMD,,Dong Energy A/S,0.05,2026-06-30
DRMD,,Sigma Healthcare Ltd,0.05,2026-06-30
DRMD,,Skanska AB,0.05,2026-06-30
DRMD,,Moncler SpA,0.05,2026-06-30
DRMD,,Getlink SE,0.05,2026-06-30
DRMD,,Klepierre SA,0.05,2026-06-30
DRMD,,Olympus Corp,0.05,2026-06-30
DRMD,,Ems Chemie Holding AG,0.05,2026-06-30
DRMD,,Mizrahi Tefahot Bank Ltd,0.05,2026-06-30
DRMD,,Addtech AB Cl B,0.05,2026-06-30
DRMD,,Pan Pacific International Holdngs Corp,0.05,2026-06-30
DRMD,,FinecoBank Banca Fineco SpA,0.05,2026-06-30
DRMD,,WISE GROUP PLC CL A,0.05,2026-06-30
DRMD,,Concordia Financial Group Ltd,0.05,2026-06-30
DRMD,,Swiss Prime Site AG,0.05,2026-06-30
DRMD,,Millicom International Cellular SA,0.05,2026-06-30
DRMD,,Eneos Holdings Inc,0.05,2026-06-30
DRMD,,Xero Ltd,0.05,2026-06-30
DRMD,,Obic Co Ltd,0.05,2026-06-30
DRMD,,Kansai Electric Power Co Inc,0.05,2026-06-30
DRMD,,Pearson PLC,0.05,2026-06-30
DRMD,,Hongkong Land Holdings Ltd,0.05,2026-06-30
DRMD,,Aker BP ASA,0.05,2026-06-30
DRMD,,Konami Holdings Corp,0.04,2026-06-30
DRMD,,AB Skf,0.04,2026-06-30
DRMD,,AEGON LTD,0.04,2026-06-30
DRMD,,Infratil Ltd,0.04,2026-06-30
DRMD,,TeliaSonera AB,0.04,2026-06-30
DRMD,,ASR Nederland NV,0.04,2026-06-30
DRMD,,Ald SA,0.04,2026-06-30
DRMD,,APA Group - Units,0.04,2026-06-30
DRMD,,Verbund AG,0.04,2026-06-30
DRMD,,EDP Renovaveis SA,0.04,2026-06-30
DRMD,,Fresenius Medical Care AG & Co KGaA,0.04,2026-06-30
DRMD,,Lifco AB (publ) Cl B,0.04,2026-06-30
DRMD,,Stockland Corp Ltd - Units,0.04,2026-06-30
DRMD,,TELECOM ITALIA SPA,0.04,2026-06-30
DRMD,,Lotus Bakeries NV,0.04,2026-06-30
DRMD,,Aeroports de Paris SA,0.04,2026-06-30
DRMD,,Fresnillo PLC,0.04,2026-06-30
DRMD,,Chiba Bank Ltd,0.04,2026-06-30
DRMD,,Kawasaki Kisen Kaisha Ltd,0.04,2026-06-30
DRMD,,Wilmar International Ltd,0.04,2026-06-30
DRMD,,Sonova Holding AG,0.04,2026-06-30
DRMD,,Harel Insurance Invsmts Fcnl Srvcs Ltd,0.04,2026-06-30
DRMD,,Tenaris SA,0.04,2026-06-30
DRMD,,Italgas SpA,0.04,2026-06-30
DRMD,,Azrieli Group Ltd,0.04,2026-06-30
DRMD,,Unipol Gruppo SpA,0.04,2026-06-30
DRMD,,Raiffeisen Bank International AG,0.04,2026-06-30
DRMD,,Pro Medicus Ltd,0.04,2026-06-30
DRMD,,Pandora A/S,0.04,2026-06-30
DRMD,,Sekisui House Ltd,0.04,2026-06-30
DRMD,,Hikari Tsushin Inc,0.04,2026-06-30
DRMD,,AP Moeller - Maersk A/S Cl B,0.04,2026-06-30
DRMD,,Stora Enso Oyj Cl R,0.04,2026-06-30
DRMD,,Meridian Energy Ltd,0.04,2026-06-30
DRMD,,SBI Holdings Inc,0.04,2026-06-30
DRMD,,Land Securities Group PLC,0.04,2026-06-30
DRMD,,Nippon Paint Holdings Co Ltd,0.04,2026-06-30
DRMD,,Galp Energia SGPS SA,0.04,2026-06-30
DRMD,,Subaru Corp,0.04,2026-06-30
DRMD,,Toray Industries Inc,0.04,2026-06-30
DRMD,,Trelleborg AB,0.04,2026-06-30
DRMD,,Vicinity Centres - Units,0.04,2026-06-30
DRMD,,Galaxy Entertainment Group Ltd,0.04,2026-06-30
DRMD,,Schroders PLC,0.04,2026-06-30
DRMD,,Evolution AB (publ),0.04,2026-06-30
DRMD,,Amundi SA,0.03,2026-06-30
DRMD,,Acciona SA,0.03,2026-06-30
DRMD,,Isuzu Motors Ltd,0.03,2026-06-30
DRMD,,Swedish Orphan Biovitrum AB (publ),0.03,2026-06-30
DRMD,,Z Holdings Corp,0.03,2026-06-30
DRMD,,Ipsen SA,0.03,2026-06-30
DRMD,,Delivery Hero SE,0.03,2026-06-30
DRMD,,Medibank Private Ltd,0.03,2026-06-30
DRMD,,Hong Kong and China Gas Co Ltd,0.03,2026-06-30
DRMD,,OPC Energy Ltd,0.03,2026-06-30
DRMD,,Nibe Industrier AB Cl B,0.03,2026-06-30
DRMD,,Elia Group SA,0.03,2026-06-30
DRMD,,Barry Callebaut AG Cl N,0.03,2026-06-30
DRMD,,CapitaLand Integrated Commercial Trust - Units,0.03,2026-06-30
DRMD,,Banco Comercial Portugues SA,0.03,2026-06-30
DRMD,,Sanrio Co Ltd,0.03,2026-06-30
DRMD,,Epiroc AB Cl B,0.03,2026-06-30
DRMD,,Lottery Corp Ltd,0.03,2026-06-30
DRMD,,Kuehne und Nagel International AG,0.03,2026-06-30
DRMD,,Seibu Holdings Inc,0.03,2026-06-30
DRMD,,Phoenix Group Holdings PLC,0.03,2026-06-30
DRMD,,Sonic Healthcare Ltd,0.03,2026-06-30
DRMD,,Coloplast A/S Cl B,0.03,2026-06-30
DRMD,,Davide Campari Milano NV,0.03,2026-06-30
DRMD,,ASX Ltd,0.03,2026-06-30
DRMD,,Renault SA,0.03,2026-06-30
DRMD,,Suntory Beverage & Food Ltd,0.03,2026-06-30
DRMD,,Tele2 AB Cl B,0.03,2026-06-30
DRMD,,Eurofins Scientific SE,0.03,2026-06-30
DRMD,,Indutrade AB,0.03,2026-06-30
DRMD,,Shimano Inc,0.03,2026-06-30
DRMD,,Nippon Sanso Holdings Corp,0.03,2026-06-30
DRMD,,Orion Oyj Cl B,0.03,2026-06-30
DRMD,,ANA Holdings Inc,0.03,2026-06-30
DRMD,,REA Group Ltd,0.03,2026-06-30
DRMD,,Rational AG,0.03,2026-06-30
DRMD,,Sino Land Co Ltd,0.03,2026-06-30
DRMD,,Yokogawa Electric Corp,0.03,2026-06-30
DRMD,,Ageas SA,0.03,2026-06-30
DRMD,,Capcom Co Ltd,0.03,2026-06-30
DRMD,,Nemetschek SE,0.03,2026-06-30
DRMD,,Swire Pacific Ltd,0.03,2026-06-30
DRMD,,Abivax SA,0.03,2026-06-30
DRMD,,Dr Ing hc F Porsche AG - Pfd,0.03,2026-06-30
DRMD,,Sodexo SA,0.03,2026-06-30
DRMD,,H & M Hennes & Mauritz AB Cl B,0.03,2026-06-30
DRMD,,Hensoldt AG,0.03,2026-06-30
DRMD,,Carrefour SA,0.03,2026-06-30
DRMD,,SalMar ASA,0.03,2026-06-30
DRMD,,Banca Mediolanum SpA,0.03,2026-06-30
DRMD,,Kingfisher PLC,0.03,2026-06-30
DRMD,,Scout24 AG,0.03,2026-06-30
DRMD,,Aisin Corp,0.03,2026-06-30
DRMD,,Beijer Ref AB (publ) Cl B,0.03,2026-06-30
DRMD,,Gas Natural SDG SA,0.03,2026-06-30
DRMD,,Nitori Holdings Co Ltd,0.03,2026-06-30
DRMD,,Exor NV,0.03,2026-06-30
DRMD,,Kao Corp,0.03,2026-06-30
DRMD,,The Swatch Group SA,0.03,2026-06-30
DRMD,,Accor SA,0.03,2026-06-30
DRMD,,Telenor ASA,0.03,2026-06-30
DRMD,,Henkel & Co KGaA AG - Pfd,0.03,2026-06-30
DRMD,,Yamaha Motor Co Ltd,0.03,2026-06-30
DRMD,,Airtel Africa PLC,0.02,2026-06-30
DRMD,,Daito Trust Construction Co Ltd,0.02,2026-06-30
DRMD,,WiseTech Global Ltd,0.02,2026-06-30
DRMD,,Industrivarden AB Cl C,0.02,2026-06-30
DRMD,,Japan Post Insurance Co Ltd,0.02,2026-06-30
DRMD,,Henkel AG & Co KgaA,0.02,2026-06-30
DRMD,,Carsales.Com Ltd,0.02,2026-06-30
DRMD,,Origin Energy Ltd,0.02,2026-06-30
DRMD,,Evonik Industries AG,0.02,2026-06-30
DRMD,,Biomerieux SA,0.02,2026-06-30
DRMD,,Mitsubishi HC Capital Inc,0.02,2026-06-30
DRMD,,Gecina SA,0.02,2026-06-30
DRMD,,Eisai Co Ltd,0.02,2026-06-30
DRMD,,Industrivarden AB,0.02,2026-06-30
DRMD,,Rockwool A/S Cl B,0.02,2026-06-30
DRMD,,Omv AG,0.02,2026-06-30
DRMD,,Shiseido Co Ltd,0.02,2026-06-30
DRMD,,Talanx AG,0.02,2026-06-30
DRMD,,Futu Holdings Ltd - ADR,0.02,2026-06-30
DRMD,,Sartorius Stedim Biotech SA,0.02,2026-06-30
DRMD,,Zalando SE,0.02,2026-06-30
DRMD,,Cochlear Ltd,0.02,2026-06-30
DRMD,,Grab Holdings Ltd Cl A,0.02,2026-06-30
DRMD,,CSG NV,0.02,2026-06-30
DRMD,,South32 Ltd,0.02,2026-06-30
DRMD,,QIAGEN N.V.,0.02,2026-06-30
DRMD,,Icl Group Ltd,0.02,2026-06-30
DRMD,,SYENSQO SA,0.02,2026-06-30
DRMD,,Continental AG,0.02,2026-06-30
DRMD,,Indra Sistemas SA,0.02,2026-06-30
DRMD,,Investment AB Latour Cl B,0.02,2026-06-30
DRMD,,Otsuka Corp,0.02,2026-06-30
DRMD,,Zensho Holdings Co Ltd,0.02,2026-06-30
DRMD,,Nexon Co Ltd,0.02,2026-06-30
DRMD,,SITC International Holdings Co Ltd,0.02,2026-06-30
DRMD,,Ryanair Holdings PLC,0.02,2026-06-30
DRMD,,Nissan Motor Co Ltd,0.02,2026-06-30
DRMD,,Toho Co Ltd (Tokyo),0.02,2026-06-30
DRMD,,CVC CAPITAL PARTNERS PLC,0.02,2026-06-30
DRMD,,Auckland International Airport Ltd,0.02,2026-06-30
DRMD,,Rakuten Group Inc,0.02,2026-06-30
DRMD,,Sands China Ltd,0.02,2026-06-30
DRMD,,Mitsubishi Chemical Holdings Corp,0.02,2026-06-30
DRMD,,Wolters Kluwer NV Cl C,0.02,2026-06-30
DRMD,,MTR Corp Ltd,0.02,2026-06-30
DRMD,,Bankinter SA,0.02,2026-06-30
DRMD,,GBP Currency,0.02,2026-06-30
DRMD,,Nippon Building Fund Inc,0.01,2026-06-30
DRMD,,Fonciere des Regions SA,0.01,2026-06-30
DRMD,,AUD Currency,0.01,2026-06-30
DRMD,,Qantas Airways Ltd,0.01,2026-06-30
DRMD,,Computershare Ltd,0.01,2026-06-30
DRMD,,Wharf Real Estate Investment Co Ltd,0.01,2026-06-30
DRMD,,Kyowa Kirin Co Ltd,0.01,2026-06-30
DRMD,,Singapore Airlines Ltd,0.01,2026-06-30
DRMD,,JPY Currency,0.01,2026-06-30
DRMD,,Dai Nippon Printing Co Ltd,0.01,2026-06-30
DRMD,,Hulic Co Ltd,0.01,2026-06-30
DRMD,,Ascendas REIT - Units,0.01,2026-06-30
DRMD,,HKD Currency,0.01,2026-06-30
DRMD,,CAD Currency,0.01,2026-06-30
DRMD,,Capitaland Investment Ltd,0.01,2026-06-30
DRMD,,HKT Trust and HKT Ltd - Units,0.01,2026-06-30
DRMD,,Contact Energy Ltd,0.01,2026-06-30
DRMD,,Brambles Ltd,0.01,2026-06-30
DRMD,,Unicharm Corp,0.01,2026-06-30
DRMD,,JFE Holdings Inc,0.01,2026-06-30
DRMD,,Sartorius AG - Pfd,0.01,2026-06-30
DRMD,,SEK Currency,0.01,2026-06-30
DRMD,,AP Moeller - Maersk A/S,0.01,2026-06-30
DRMD,,Intl Consolidated Airlines Grp SA,0.01,2026-06-30
DRMD,,Financiere de Tubize SA,0.01,2026-06-30
DRMD,,InPost SA,0.01,2026-06-30
DRMD,,Secom Co Ltd,0.01,2026-06-30
DRMD,,Tryg A/S,0.01,2026-06-30
DRMD,,Roche Holding AG,0.01,2026-06-30
DRMD,,Recordati Industria Chimca Frmctc SpA,0.01,2026-06-30
DRMD,,Deutsche Lufthansa AG,0.01,2026-06-30
DRMD,,Red Electrica Corp SA,0.01,2026-06-30
DRMD,,Dufry AG Cl N,0.01,2026-06-30
DRMD,,Demant A/S,0.01,2026-06-30
DRMD,,CK Infrastructure Holdings Ltd,0.01,2026-06-30
DRMD,,Gjensidige Forsikring ASA,0.01,2026-06-30
DRMD,,Banque Cantonale Vaudoise Cl N,0.01,2026-06-30
DRMD,,Buzzi Unicem SpA,0.01,2026-06-30
DRMD,,Beiersdorf AG,0.01,2026-06-30
DRMD,,Essity AB (publ) Cl B,0.01,2026-06-30
DRMD,,CONTRA CYBERARK SOFTWA,0.01,2026-06-30
DRMD,,Jeronimo Martins SGPS SA,0.01,2026-06-30
DRMD,,Groep Brussel Lambert NV,0.01,2026-06-30
DRMD,,Mapfre SA,0.01,2026-06-30
DRMD,,Var Energi ASA,0.01,2026-06-30
DRMD,,Bureau Veritas SA,0.01,2026-06-30
DRMD,,CLP Holdings Ltd,0.01,2026-06-30
DRMD,,D'Ieteren Group NV,0.01,2026-06-30
DRMD,,Toppan Inc,0.01,2026-06-30
DRMD,,SGS SA Cl N,0.01,2026-06-30
DRMD,,Porsche Automobil Holding SE - Pfd,0.01,2026-06-30
DRMD,,L E Lundbergforetagen AB (publ),0.00,2026-06-30
DRMD,,Kesko Oyj,0.00,2026-06-30
DRMD,,Securitas AB Cl B,0.00,2026-06-30
DRMD,,Fastighets AB Balder Cl B,0.00,2026-06-30
DRMD,,Sofina SA,0.00,2026-06-30
DRMD,,Bayerische Motoren Werke AG - Pfd,0.00,2026-06-30
DRMD,,Sagax AB Cl B,0.00,2026-06-30
DRMD,,Elisa Oyj Cl A,0.00,2026-06-30
DRMD,,VERISURE PLC,0.00,2026-06-30
DRMD,,Cts Eventim AG & Co KgaA,0.00,2026-06-30
DRMD,,Yara International ASA,0.00,2026-06-30
DRMD,,Bollore SE,0.00,2026-06-30
DRMD,,SGD Currency,0.00,2026-06-30
DRMD,,ILS Currency,0.00,2026-06-30
DRMD,,NOK Currency,0.00,2026-06-30
DRMD,,DKK Currency,0.00,2026-06-30
DRMD,,NZD Currency,0.00,2026-06-30
DRMD,,EUR Currency,0.00,2026-06-30
DRMD,,CHF Currency,0.00,2026-06-30
DRMD,,USD Currency,0.00,2026-06-30
DRME,,Taiwan Semiconductor Manufactrg Co Ltd,9.01,2026-06-30
DRME,,SK Hynix Inc,8.38,2026-06-30
DRME,,Samsung Electronics Co Ltd,7.92,2026-06-30
DRME,,YUAN RENMINBI OFFSHORE,2.70,2026-06-30
DRME,,Tencent Holdings Ltd,2.68,2026-06-30
DRME,,MediaTek Inc,1.88,2026-06-30
DRME,,Alibaba Group Holding Ltd,1.55,2026-06-30
DRME,,Samsung Electronics Co Ltd - Pfd,1.49,2026-06-30
DRME,,United Microelectronics Corp,1.40,2026-06-30
DRME,,ASE Technology Holding Co Ltd,1.30,2026-06-30
DRME,,Delta Electronics Inc,0.97,2026-06-30
DRME,,China Construction Bank Corp Cl H,0.95,2026-06-30
DRME,,SK Square Co Ltd,0.87,2026-06-30
DRME,,Hon Hai Precision Industry Co Ltd,0.84,2026-06-30
DRME,,Reliance Industries Ltd,0.80,2026-06-30
DRME,,HDFC Bank Ltd,0.77,2026-06-30
DRME,,USD Currency,0.67,2026-06-30
DRME,,ICICI Bank Ltd,0.62,2026-06-30
DRME,,Petroleo Brasileiro SA Petrobras,0.57,2026-06-30
DRME,,Samsung Electro-Mechanics Co Ltd,0.52,2026-06-30
DRME,,Ind and Commercial Bank of China Ltd,0.51,2026-06-30
DRME,,Vale SA,0.47,2026-06-30
DRME,,Al Rajhi Banking & Invsmt Corp SJSC,0.46,2026-06-30
DRME,,Saudi Arabian Oil Co,0.44,2026-06-30
DRME,,Yageo Corp,0.43,2026-06-30
DRME,,Chunghwa Telecom Co Ltd,0.43,2026-06-30
DRME,,Ping An Insurance Group Co China Ltd Cl H,0.42,2026-06-30
DRME,,Bharti Airtel Ltd,0.42,2026-06-30
DRME,,Bank of China Ltd Cl H,0.41,2026-06-30
DRME,,Hua Hong Semiconductor Ltd,0.40,2026-06-30
DRME,,Elite Material Co Ltd,0.40,2026-06-30
DRME,,AngloGold Ashanti Ltd,0.38,2026-06-30
DRME,,Cathay Financial Holding Co Ltd,0.38,2026-06-30
DRME,,Aspeed Technology Inc,0.37,2026-06-30
DRME,,Realtek Semiconductor Corp,0.35,2026-06-30
DRME,,Accton Technology Corp,0.35,2026-06-30
DRME,,Nu Holdings Ltd Cl A,0.34,2026-06-30
DRME,,NetEase Inc,0.34,2026-06-30
DRME,,Unimicron Technology Corp,0.34,2026-06-30
DRME,,Xiaomi Corp,0.34,2026-06-30
DRME,,Grupo Mexico SAB de CV Cl B,0.34,2026-06-30
DRME,,Itau Unibanco Holding SA - Pfd,0.33,2026-06-30
DRME,,Meituan,0.33,2026-06-30
DRME,,Gold Fields Ltd,0.33,2026-06-30
DRME,,CTBC Financial Holding Co Ltd,0.31,2026-06-30
DRME,,Axis Bank Ltd,0.30,2026-06-30
DRME,,NASPERS LTD N SHS,0.30,2026-06-30
DRME,,Byd Co Ltd Cl H,0.30,2026-06-30
DRME,,Global Unichip Corp,0.30,2026-06-30
DRME,,Quanta Computer Inc,0.30,2026-06-30
DRME,,Larsen & Toubro Ltd,0.30,2026-06-30
DRME,,Infosys Ltd,0.30,2026-06-30
DRME,,KB Financial Group Inc,0.30,2026-06-30
DRME,,Fubon Financial Holding Co Ltd,0.29,2026-06-30
DRME,,Yuanta Financial Holding Co Ltd,0.28,2026-06-30
DRME,,Pinduoduo Inc - ADR,0.27,2026-06-30
DRME,,Mahindra and Mahindra Ltd,0.27,2026-06-30
DRME,,King Yuan Electronics Co Ltd,0.26,2026-06-30
DRME,,Saudi National Bank,0.26,2026-06-30
DRME,,BAJAJ FINANCE LTD,0.25,2026-06-30
DRME,,Lenovo Group Ltd,0.25,2026-06-30
DRME,,Novatek Microelectronics Corp,0.24,2026-06-30
DRME,,China Merchants Bank Co Ltd Cl H,0.24,2026-06-30
DRME,,HKD Currency,0.24,2026-06-30
DRME,,Jentech Precision Industrial Co Ltd,0.24,2026-06-30
DRME,,Samsung C&T Corp,0.24,2026-06-30
DRME,,Chroma ATE Inc,0.23,2026-06-30
DRME,,JD.com Inc,0.23,2026-06-30
DRME,,Baidu Inc,0.23,2026-06-30
DRME,,Alchip Technologies Ltd,0.23,2026-06-30
DRME,,PetroChina Co Ltd Cl H,0.23,2026-06-30
DRME,,OTP Bank Nyrt,0.23,2026-06-30
DRME,,Asia Vital Components Co Ltd,0.23,2026-06-30
DRME,,HonPrecision Inc,0.22,2026-06-30
DRME,,Shinhan Financial Group Co Ltd,0.22,2026-06-30
DRME,,Powszechna Kasa Oszczdnsci Bk Plski SA,0.22,2026-06-30
DRME,,China Life Insurance Co Ltd Cl H,0.22,2026-06-30
DRME,,FirstRand Ltd,0.22,2026-06-30
DRME,,INR Currency,0.22,2026-06-30
DRME,,Hyundai Motor Co,0.22,2026-06-30
DRME,,Saudi Telecom Co SJSC,0.21,2026-06-30
DRME,,CONTEMPORARY AMPEREX TECHN H,0.21,2026-06-30
DRME,,Cambricon Technologies Corp Ltd Cl A,0.21,2026-06-30
DRME,,Globalwafers Co Ltd,0.21,2026-06-30
DRME,,Saudi Arabian Mining Co SJSC,0.21,2026-06-30
DRME,,Grupo Financiero Banorte SAB de CV,0.21,2026-06-30
DRME,,SK Inc,0.21,2026-06-30
DRME,,Asian Paints Ltd,0.21,2026-06-30
DRME,,Nan Ya Plastics Corp,0.21,2026-06-30
DRME,,Doosan Heavy Inds Construction Co Ltd,0.20,2026-06-30
DRME,,Standard Bank Group Ltd,0.20,2026-06-30
DRME,,KOTAK MAHINDRA BANK LTD,0.20,2026-06-30
DRME,,Delta Electronics Thailand PCL,0.20,2026-06-30
DRME,,Trip.com Group Ltd,0.20,2026-06-30
DRME,,MTN Group Ltd,0.20,2026-06-30
DRME,,Taishin Financial Holding Co Ltd,0.19,2026-06-30
DRME,,Samsung Life Insurance Co Ltd,0.19,2026-06-30
DRME,,Hanwha AeroSpace Co Ltd,0.19,2026-06-30
DRME,,Fomento Economico Mexicano SAB de CV,0.19,2026-06-30
DRME,,Vanguard Intl Semiconductor Corp,0.19,2026-06-30
DRME,,Qatar National Bank QPSC,0.19,2026-06-30
DRME,,Capitec Bank Holdings Ltd,0.19,2026-06-30
DRME,,Banco Bradesco SA - Pfd,0.18,2026-06-30
DRME,,Hana Financial Group Inc,0.18,2026-06-30
DRME,,Hindustan Unilever Ltd,0.18,2026-06-30
DRME,,Intl Container Terminal Srvcs Inc,0.18,2026-06-30
DRME,,China Dvlpmt Financial Holding Corp,0.18,2026-06-30
DRME,,Emaar Properties PJSC,0.18,2026-06-30
DRME,,Press Metal Aluminium Holdings Bhd,0.18,2026-06-30
DRME,,Anglo American Platinum Ltd,0.17,2026-06-30
DRME,,MPI Corp,0.17,2026-06-30
DRME,,KGHM Polska Miedz SA,0.17,2026-06-30
DRME,,Asustek Computer Inc,0.17,2026-06-30
DRME,,JCET Group Co Ltd Cl A,0.17,2026-06-30
DRME,,Cemex SAB de CV,0.16,2026-06-30
DRME,,State Bank of India,0.16,2026-06-30
DRME,,Cia de Saneamento Basico Estdo Sao Plo,0.16,2026-06-30
DRME,,Sun Pharmaceutical Industries Ltd,0.16,2026-06-30
DRME,,Power Grid Corp of India Ltd,0.16,2026-06-30
DRME,,America Movil SAB de CV,0.16,2026-06-30
DRME,,Tata Consultancy Services Ltd,0.16,2026-06-30
DRME,,eMemory Technology Inc,0.16,2026-06-30
DRME,,First Abu Dhabi Bank PJSC,0.16,2026-06-30
DRME,,Bharat Electronics Ltd,0.16,2026-06-30
DRME,,BEONE MEDICINES LTD H,0.16,2026-06-30
DRME,,Emirates Telecommunications PJSC,0.16,2026-06-30
DRME,,Celltrion Inc,0.15,2026-06-30
DRME,,Sinopac Financial Holdings Co Ltd,0.15,2026-06-30
DRME,,LARGAN Precision Co Ltd,0.15,2026-06-30
DRME,,Bank Central Asia Tbk PT,0.15,2026-06-30
DRME,,Public Bank Bhd,0.15,2026-06-30
DRME,,Kia Corp,0.15,2026-06-30
DRME,,Wistron Corp,0.15,2026-06-30
DRME,,Credicorp Ltd,0.15,2026-06-30
DRME,,Mega Financial Holding Co Ltd,0.15,2026-06-30
DRME,,Maruti Suzuki India Ltd,0.15,2026-06-30
DRME,,E.SUN Financial Holding Co Ltd,0.15,2026-06-30
DRME,,NAURA Technology Group Co Ltd Cl A,0.15,2026-06-30
DRME,,WuXi Biologics Inc,0.15,2026-06-30
DRME,,Shriram Finance Ltd,0.15,2026-06-30
DRME,,Ambev SA,0.15,2026-06-30
DRME,,Naver Corp,0.15,2026-06-30
DRME,,Hygon Information Technology Co Ltd Cl A,0.15,2026-06-30
DRME,,Kweichow Moutai Co Ltd Cl A,0.14,2026-06-30
DRME,,Lite-On Technology Corp,0.14,2026-06-30
DRME,,Titan Co Ltd,0.14,2026-06-30
DRME,,Nestle India Ltd,0.14,2026-06-30
DRME,,Hanmi Semiconductor Co Ltd,0.14,2026-06-30
DRME,,King Slide Works Co Ltd,0.14,2026-06-30
DRME,,China Molybdenum Co Ltd Cl H,0.14,2026-06-30
DRME,,Aselsan Elektronik Sanayi Ticaret AS Cl A,0.14,2026-06-30
DRME,,Malayan Banking Bhd,0.14,2026-06-30
DRME,,WEG SA,0.14,2026-06-30
DRME,,Weichai Power Co Ltd Cl H,0.14,2026-06-30
DRME,,National Bank of Greece SA Cl R,0.14,2026-06-30
DRME,,Wiwynn Corp,0.14,2026-06-30
DRME,,Advantech Co Ltd,0.14,2026-06-30
DRME,,Samsung SDI Co Ltd,0.13,2026-06-30
DRME,,Southern Copper Corp,0.13,2026-06-30
DRME,,Hyundai Electric Energy Systems Co Ltd,0.13,2026-06-30
DRME,,GigaDevice Semiconductor Beijing Inc Cl A,0.13,2026-06-30
DRME,,Hyundai Mobis Co Ltd,0.13,2026-06-30
DRME,,Innovent Biologics Inc,0.13,2026-06-30
DRME,,LG Electronics Inc,0.13,2026-06-30
DRME,,Hindalco Industries Ltd,0.13,2026-06-30
DRME,,China Petroleum & Chemical Corp Cl H,0.13,2026-06-30
DRME,,Gold Circuit Electronics Ltd,0.13,2026-06-30
DRME,,PharmaEssentia Corp,0.13,2026-06-30
DRME,,AXIA ENERGIA SA,0.13,2026-06-30
DRME,,Uni-President Enterprises Corp,0.13,2026-06-30
DRME,,Woori Financial Group Inc,0.13,2026-06-30
DRME,,Emirates NBD Bank PJSC,0.13,2026-06-30
DRME,,China Resources Land Ltd,0.13,2026-06-30
DRME,,B3 SA Brasil Bolsa Balcao,0.12,2026-06-30
DRME,,CIMB Group Holdings Bhd,0.12,2026-06-30
DRME,,Industrias Penoles SAB de CV,0.12,2026-06-30
DRME,,Motiva Infraestrutura de Mobilidade SA,0.12,2026-06-30
DRME,,EUROBANK SA,0.12,2026-06-30
DRME,,PIRAEUS BANK SA,0.12,2026-06-30
DRME,,Equatorial Energia SA,0.12,2026-06-30
DRME,,Yum China Holdings Inc,0.12,2026-06-30
DRME,,Geely Automobile Holdings Ltd,0.12,2026-06-30
DRME,,Hyundai Motor Co - Pfd,0.12,2026-06-30
DRME,,Wal Mart de Mexico SAB de CV,0.12,2026-06-30
DRME,,Cummins India Ltd,0.12,2026-06-30
DRME,,Interconnection Electric SA ESP,0.12,2026-06-30
DRME,,MOL HUNGARIAN OIL AND GAS PL,0.11,2026-06-30
DRME,,Banco BTG Pactual SA - Units,0.11,2026-06-30
DRME,,Interglobe Aviation Ltd,0.11,2026-06-30
DRME,,Pidilite Industries Ltd,0.11,2026-06-30
DRME,,Abu Dhabi Commercial Bank PJSC,0.11,2026-06-30
DRME,,Enersis Chile SA,0.11,2026-06-30
DRME,,WuXi AppTec Co Ltd Cl H,0.11,2026-06-30
DRME,,Powszechny Zaklad Ubezpieczen SA,0.11,2026-06-30
DRME,,First Financial Holding Co Ltd,0.11,2026-06-30
DRME,,HCL Technologies Ltd,0.11,2026-06-30
DRME,,Bank Rakyat Indonesia (Persero) Tbk PT,0.11,2026-06-30
DRME,,China Jushi Co Ltd Cl A,0.11,2026-06-30
DRME,,Advanced Micro-Fabric Eqmt Inc China Cl A,0.11,2026-06-30
DRME,,Qatar Islamic Bank QPSC,0.11,2026-06-30
DRME,,Adani Ports and Special Economic Zone Ltd,0.11,2026-06-30
DRME,,Tata Consumer Products Ltd,0.11,2026-06-30
DRME,,Bank Polska Kasa Opieki SA,0.11,2026-06-30
DRME,,Nongfu Spring Co Ltd Cl H,0.11,2026-06-30
DRME,,TVS Motor Co Ltd,0.11,2026-06-30
DRME,,Saudi Basic Industries Corp SJSC,0.11,2026-06-30
DRME,,UPL Ltd,0.11,2026-06-30
DRME,,Samsung Fire & Marine Insurance Co Ltd,0.11,2026-06-30
DRME,,Samsung Heavy Industries Co Ltd,0.10,2026-06-30
DRME,,Riyad Bank SJSC,0.10,2026-06-30
DRME,,Hua Nan Financial Holdings Co Ltd,0.10,2026-06-30
DRME,,China Pacific Insurance Group Co Ltd Cl H,0.10,2026-06-30
DRME,,Sociedad Quimica y Minera de Chile SA - Pfd Cl B,0.10,2026-06-30
DRME,,ENN Energy Holdings Ltd,0.10,2026-06-30
DRME,,Hyosung Corp,0.10,2026-06-30
DRME,,Ganfeng Lithium Co Ltd Cl A,0.10,2026-06-30
DRME,,Agricultural Bank of China Ltd Cl A,0.10,2026-06-30
DRME,,Eicher Motors Ltd,0.10,2026-06-30
DRME,,Grupo Aeroportuario Pacifico SAB CV,0.10,2026-06-30
DRME,,ADNOC Gas PLC,0.10,2026-06-30
DRME,,Advanced Info Service PCL,0.10,2026-06-30
DRME,,ZTO Express Inc,0.10,2026-06-30
DRME,,BizLink Holding Inc,0.10,2026-06-30
DRME,,Agricultural Bank of China Ltd Cl H,0.10,2026-06-30
DRME,,NEPI Rockcastle PLC,0.10,2026-06-30
DRME,,Bank Mandiri (Persero) Tbk PT,0.10,2026-06-30
DRME,,Samsung Biologics Co Ltd,0.10,2026-06-30
DRME,,Alinma Bank SJSC,0.10,2026-06-30
DRME,,BRL Currency,0.10,2026-06-30
DRME,,ANTA Sports Products Ltd,0.10,2026-06-30
DRME,,ABSA Group Limited,0.10,2026-06-30
DRME,,Hyundai Heavy Industries Co Ltd,0.10,2026-06-30
DRME,,Korea Shipbuilding Offshre Engr Co Ltd,0.10,2026-06-30
DRME,,Allegro.eu SA,0.10,2026-06-30
DRME,,Impala Platinum Holdings Ltd,0.10,2026-06-30
DRME,,PICC Property and Casualty Co Ltd Cl H,0.10,2026-06-30
DRME,,Pop Mart International Group Ltd,0.09,2026-06-30
DRME,,Trent Ltd,0.09,2026-06-30
DRME,,CITIC Securities Co Ltd Cl H,0.09,2026-06-30
DRME,,Turkiye Petrol Rafinerileri AS Cl A,0.09,2026-06-30
DRME,,Ptt Pcl,0.09,2026-06-30
DRME,,GULF DEVELOPMENT PCL FOREIGN,0.09,2026-06-30
DRME,,LS Electric Co Ltd,0.09,2026-06-30
DRME,,Harmony Gold Mining Co Ltd,0.09,2026-06-30
DRME,,ALPHA BANK SA,0.09,2026-06-30
DRME,,Bank of Communications Co Ltd Cl H,0.09,2026-06-30
DRME,,IOI Corp Bhd,0.09,2026-06-30
DRME,,JSW Steel Ltd,0.09,2026-06-30
DRME,,SABIC Agri-Nutrients Co,0.09,2026-06-30
DRME,,Marico Ltd,0.09,2026-06-30
DRME,,Inventec Corp,0.09,2026-06-30
DRME,,Chailease Holding Co Ltd,0.09,2026-06-30
DRME,,Montage Technology Co Ltd Cl A,0.09,2026-06-30
DRME,,LG Energy Solution Ltd,0.09,2026-06-30
DRME,,Dr Reddy's Laboratories Ltd,0.09,2026-06-30
DRME,,China Yangtze Power Co Ltd Cl A,0.09,2026-06-30
DRME,,Divi's Laboratories Ltd,0.09,2026-06-30
DRME,,Airports of Thailand PCL,0.09,2026-06-30
DRME,,Zhejiang Nhu Co Ltd Cl A,0.09,2026-06-30
DRME,,Cipla Ltd,0.09,2026-06-30
DRME,,Qatar Gas Transport Nakilt Co Ltd QPSC,0.09,2026-06-30
DRME,,Engie Brasil Energia SA,0.09,2026-06-30
DRME,,LG Chem Ltd,0.09,2026-06-30
DRME,,Taiwan Cooperative Financl Hldg Co Ltd,0.09,2026-06-30
DRME,,Apollo Hospitals Enterprise Ltd,0.08,2026-06-30
DRME,,China CITIC Bank Corp Ltd Cl H,0.08,2026-06-30
DRME,,Ke Holdings Inc,0.08,2026-06-30
DRME,,Max Healthcare Institute Ltd,0.08,2026-06-30
DRME,,China Mengniu Dairy Co Ltd,0.08,2026-06-30
DRME,,Tech Mahindra Ltd,0.08,2026-06-30
DRME,,Polycab India Ltd,0.08,2026-06-30
DRME,,Midea Group Co Ltd Cl A,0.08,2026-06-30
DRME,,Huazhu Group Ltd - ADR,0.08,2026-06-30
DRME,,China Steel Corp,0.08,2026-06-30
DRME,,Petro Rio SA,0.08,2026-06-30
DRME,,Motherson Sumi Systems Ltd,0.08,2026-06-30
DRME,,Hyundai Rotem Co,0.08,2026-06-30
DRME,,Lupin Ltd,0.08,2026-06-30
DRME,,Bajaj Finserv Ltd,0.08,2026-06-30
DRME,,Etihad Etisalat Co SJSC,0.08,2026-06-30
DRME,,Indian Hotels Co Ltd,0.08,2026-06-30
DRME,,Ashok Leyland Ltd,0.08,2026-06-30
DRME,,China Resources Microelectronics Ltd Cl A,0.08,2026-06-30
DRME,,Santander Bank Polska SA,0.08,2026-06-30
DRME,,Vibra Energia SA,0.08,2026-06-30
DRME,,NIO Inc,0.08,2026-06-30
DRME,,Far EasTone Telecommunications Co Ltd,0.08,2026-06-30
DRME,,Haier Smart Home Co Ltd Cl H,0.08,2026-06-30
DRME,,IHH Healthcare Bhd,0.08,2026-06-30
DRME,,Itausa SA - Pfd,0.08,2026-06-30
DRME,,Airtac International Group,0.08,2026-06-30
DRME,,Kuaishou Technology,0.08,2026-06-30
DRME,,Varun Beverages Ltd,0.08,2026-06-30
DRME,,Sunway Bhd,0.08,2026-06-30
DRME,,Cholamandalam Invsmt Finance Co Ltd,0.08,2026-06-30
DRME,,Banco de Chile,0.08,2026-06-30
DRME,,China Merchants Port Holdings Co Ltd,0.08,2026-06-30
DRME,,Power Finance Corp Ltd,0.08,2026-06-30
DRME,,China International Capital Corp Ltd Cl H,0.08,2026-06-30
DRME,,Torrent Pharmaceuticals Ltd,0.08,2026-06-30
DRME,,PTT Exploration and Production PCL,0.07,2026-06-30
DRME,,ABB India Ltd,0.07,2026-06-30
DRME,,Pegatron Corp,0.07,2026-06-30
DRME,,Posco,0.07,2026-06-30
DRME,,SBI Life Insurance Co Ltd,0.07,2026-06-30
DRME,,Doosan Corp,0.07,2026-06-30
DRME,,Taiwan Mobile Co Ltd,0.07,2026-06-30
DRME,,LPP SA,0.07,2026-06-30
DRME,,Falabella SA,0.07,2026-06-30
DRME,,Avenue Supermarts Ltd,0.07,2026-06-30
DRME,,APL Apollo Tubes Ltd,0.07,2026-06-30
DRME,,Xpeng Inc Cl A,0.07,2026-06-30
DRME,,Tata Motors Ltd,0.07,2026-06-30
DRME,,Gamuda Bhd,0.07,2026-06-30
DRME,,Adnoc Drilling Co PJSC,0.07,2026-06-30
DRME,,Saudi British Bank SJSC,0.07,2026-06-30
DRME,,Bajaj Auto Ltd,0.07,2026-06-30
DRME,,Aldar Properties PJSC,0.07,2026-06-30
DRME,,Wanhua Chemical Group Co Ltd Cl A,0.07,2026-06-30
DRME,,Persistent Systems Ltd,0.07,2026-06-30
DRME,,Abu Dhabi National Oil Co Dist PJSC,0.07,2026-06-30
DRME,,Shoprite Holdings Ltd,0.07,2026-06-30
DRME,,Innolux Corp,0.07,2026-06-30
DRME,,Grupo Aeroportuario del Sureste SAB CV - Comn Cl B,0.07,2026-06-30
DRME,,Britannia Industries Ltd,0.07,2026-06-30
DRME,,Hansoh Pharmaceutical Group Co Ltd,0.07,2026-06-30
DRME,,Hero MotoCorp Ltd,0.07,2026-06-30
DRME,,Li Auto Inc Cl A,0.07,2026-06-30
DRME,,Bharat Forge Ltd,0.07,2026-06-30
DRME,,Abu Dhabi Islamic Bank PJSC,0.07,2026-06-30
DRME,,CG Power and Industrial Solutions Ltd,0.07,2026-06-30
DRME,,Cia Paranaense de Energia,0.07,2026-06-30
DRME,,Bid Corp Ltd,0.07,2026-06-30
DRME,,Telefonica Brasil SA,0.07,2026-06-30
DRME,,Moneta Money Bank as,0.06,2026-06-30
DRME,,GAIL (India) Ltd,0.06,2026-06-30
DRME,,President Chain Store Corp,0.06,2026-06-30
DRME,,Jio Financial Services Ltd,0.06,2026-06-30
DRME,,China Overseas Land & Investment Ltd,0.06,2026-06-30
DRME,,Qatar Fuel Co QPSC,0.06,2026-06-30
DRME,,Huatai Securities Co Ltd Cl H,0.06,2026-06-30
DRME,,Northam Platinum Holdings Ltd,0.06,2026-06-30
DRME,,People's Insurance Co Grp of China Ltd - Comn Cl H,0.06,2026-06-30
DRME,,Banque Saudi Fransi SJSC,0.06,2026-06-30
DRME,,BIM Birlesik Magazalar AS Cl A,0.06,2026-06-30
DRME,,Sibanye Stillwater Ltd,0.06,2026-06-30
DRME,,Sanlam Ltd,0.06,2026-06-30
DRME,,Cia de Minas Buenaventura SAA - ADR,0.06,2026-06-30
DRME,,Hyundai Heavy Industries Hldgs Co Ltd,0.06,2026-06-30
DRME,,Suzlon Energy Ltd,0.06,2026-06-30
DRME,,Godrej Consumer Products Ltd,0.06,2026-06-30
DRME,,Vodacom Group Ltd,0.06,2026-06-30
DRME,,BSE Ltd,0.06,2026-06-30
DRME,,Arca Continental SAB de CV,0.06,2026-06-30
DRME,,Zhen Ding Technology Holding Ltd,0.06,2026-06-30
DRME,,mBank SA,0.06,2026-06-30
DRME,,Chang Hwa Commercial Bank Ltd,0.06,2026-06-30
DRME,,BOC Aviation Ltd,0.06,2026-06-30
DRME,,CP All PCL,0.06,2026-06-30
DRME,,Fibra Uno Administracion SA de CV,0.06,2026-06-30
DRME,,Daum Communications Corp,0.06,2026-06-30
DRME,,Foxconn Industrial Internet Co Ltd Cl A,0.06,2026-06-30
DRME,,Gigabyte Technology Co Ltd,0.06,2026-06-30
DRME,,Tsingtao Brewery Co Ltd Cl H,0.06,2026-06-30
DRME,,Korea Investment Holdings Co Ltd,0.06,2026-06-30
DRME,,China Minsheng Banking Corp Ltd Cl H,0.06,2026-06-30
DRME,,Postal Savings Bank of China Co Ltd Cl H,0.06,2026-06-30
DRME,,EMBRAER SA,0.06,2026-06-30
DRME,,Suzano SA,0.06,2026-06-30
DRME,,Guotai Junan Securities Co Ltd,0.06,2026-06-30
DRME,,China Gas Holdings Ltd,0.06,2026-06-30
DRME,,Sino Biopharmaceutical Ltd,0.06,2026-06-30
DRME,,Guoyuan Securities Co Ltd Cl A,0.06,2026-06-30
DRME,,E Ink Holdings Inc,0.06,2026-06-30
DRME,,Hotai Motor Co Ltd,0.06,2026-06-30
DRME,,Wipro Ltd,0.06,2026-06-30
DRME,,Bangkok Dusit Medical Services PCL,0.06,2026-06-30
DRME,,ICICI Lombard General Insurance Co Ltd,0.05,2026-06-30
DRME,,S.F. Holding Co Ltd Cl A,0.05,2026-06-30
DRME,,Sunny Optical Technology Group Co Ltd,0.05,2026-06-30
DRME,,Discovery Ltd,0.05,2026-06-30
DRME,,CSPC Pharmaceutical Group Ltd,0.05,2026-06-30
DRME,,Vipshop Holdings Ltd - ADR,0.05,2026-06-30
DRME,,China Resources Mixc Lifstyle Svcs Ltd,0.05,2026-06-30
DRME,,Petronet LNG Ltd,0.05,2026-06-30
DRME,,CRRC Corp Ltd Cl H,0.05,2026-06-30
DRME,,United Spirits Ltd,0.05,2026-06-30
DRME,,Dr Sulaiman Al-Habib Mdcl Svcs Grp Co,0.05,2026-06-30
DRME,,Voltas Ltd,0.05,2026-06-30
DRME,,China Three Gorges Rnwb Grp Co Ltd Cl A,0.05,2026-06-30
DRME,,Cia Energetica de Minas Gerais Cemig - Pfd,0.05,2026-06-30
DRME,,PB Fintech Ltd,0.05,2026-06-30
DRME,,Ecopro Co Ltd,0.05,2026-06-30
DRME,,Banco de Credito e Inversiones,0.05,2026-06-30
DRME,,Kunlun Energy Co Ltd,0.05,2026-06-30
DRME,,Samsung SDS Co Ltd,0.05,2026-06-30
DRME,,NARI Technology Co Ltd Cl A,0.05,2026-06-30
DRME,,Bidvest Group Ltd,0.05,2026-06-30
DRME,,Siam Cement PCL,0.05,2026-06-30
DRME,,JD Health International Inc,0.05,2026-06-30
DRME,,HDFC Standard Life Insurance Co Ltd,0.05,2026-06-30
DRME,,Sany Heavy Industry Co Ltd Cl A,0.05,2026-06-30
DRME,,Fortis Healthcare Ltd,0.05,2026-06-30
DRME,,China National Nuclear Power Co Ltd Cl A,0.05,2026-06-30
DRME,,Kanzhun Ltd - ADR,0.05,2026-06-30
DRME,,New Oriental Education & Tech Grp Inc,0.05,2026-06-30
DRME,,SM Prime Holdings Inc,0.05,2026-06-30
DRME,,Turk Hava Yollari AO Cl A,0.05,2026-06-30
DRME,,CGN Power Co Ltd,0.05,2026-06-30
DRME,,Luxshare Precision Industry Co Ltd Cl A,0.05,2026-06-30
DRME,,Colgate-Palmolive (India) Ltd,0.05,2026-06-30
DRME,,SRF Ltd,0.05,2026-06-30
DRME,,Taiwan Business Bank Ltd,0.05,2026-06-30
DRME,,COSCO SHIPPING Holdings Co Ltd Cl H,0.05,2026-06-30
DRME,,Indusind Bank Ltd,0.05,2026-06-30
DRME,,Fuyao Glass Industry Group Co Ltd Cl H,0.05,2026-06-30
DRME,,Sinotruk Hong Kong Ltd,0.05,2026-06-30
DRME,,Zhuzhou CRRC Times Electric Co Ltd Cl A,0.05,2026-06-30
DRME,,Rongsheng Petrochemical Co Ltd Cl A,0.05,2026-06-30
DRME,,Oracle Financial Services Software Ltd,0.05,2026-06-30
DRME,,Zabka Group SA,0.05,2026-06-30
DRME,,Zangge Mining Co Ltd Cl A,0.05,2026-06-30
DRME,,CD Projekt SA,0.05,2026-06-30
DRME,,AU Small Finance Bank Ltd,0.05,2026-06-30
DRME,,LONGi Green Energy Technology Co Ltd Cl A,0.05,2026-06-30
DRME,,ZTE Corp Cl A,0.05,2026-06-30
DRME,,NHPC Ltd,0.05,2026-06-30
DRME,,Industrial Bank Co Ltd Cl A,0.05,2026-06-30
DRME,,Almarai Co SJSC,0.05,2026-06-30
DRME,,China Longyuan Power Group Corp Ltd Cl H,0.05,2026-06-30
DRME,,Arab National Bank,0.05,2026-06-30
DRME,,Inner Mongolia Yili Ind Grp Co Ltd Cl A,0.05,2026-06-30
DRME,,Industrial Bank of Korea,0.05,2026-06-30
DRME,,China Merchants Bank Co Ltd Cl A,0.05,2026-06-30
DRME,,Bank Negara Indonesia (Persero) Tbk PT,0.05,2026-06-30
DRME,,International Games System Co Ltd,0.05,2026-06-30
DRME,,Jiangsu Hengrui Pharmaceuticals Co Ltd - Comn Cl A,0.05,2026-06-30
DRME,,Beijing Enterprises Holdings Ltd,0.05,2026-06-30
DRME,,Siemens Ltd,0.05,2026-06-30
DRME,,Great Wall Motor Co Ltd Cl H,0.05,2026-06-30
DRME,,Coromandel International Ltd,0.05,2026-06-30
DRME,,Grupo Aeroportuario Cntro Norte SAB CV - Comn Cl B,0.05,2026-06-30
DRME,,Akeso Inc,0.05,2026-06-30
DRME,,GE T&D India Ltd,0.05,2026-06-30
DRME,,Bank Albilad SJSC,0.04,2026-06-30
DRME,,Fsn E-Commerce Ventures Ltd,0.04,2026-06-30
DRME,,Shanghai Commercial & Savings Bank Ltd,0.04,2026-06-30
DRME,,Hyundai Engr Construction Co Ltd,0.04,2026-06-30
DRME,,Dubai Islamic Bank PJSC,0.04,2026-06-30
DRME,,Yadea Group Holdings Ltd,0.04,2026-06-30
DRME,,Haitian International Holdings Ltd,0.04,2026-06-30
DRME,,Sundaram Finance Ltd,0.04,2026-06-30
DRME,,Havells India Ltd,0.04,2026-06-30
DRME,,Yunnan Baiyao Group Co Ltd Cl A,0.04,2026-06-30
DRME,,China Resources Beer Holdings Co Ltd,0.04,2026-06-30
DRME,,Grupo Bimbo SAB de CV Cl A,0.04,2026-06-30
DRME,,Info Edge (India) Ltd,0.04,2026-06-30
DRME,,Localiza Rent a Car SA,0.04,2026-06-30
DRME,,LTIMindtree Ltd,0.04,2026-06-30
DRME,,Central Pattana PCL,0.04,2026-06-30
DRME,,Will Semiconductor Co Ltd Shanghai Cl A,0.04,2026-06-30
DRME,,Shenzhou International Group Hldgs Ltd,0.04,2026-06-30
DRME,,PI Industries Ltd,0.04,2026-06-30
DRME,,Hyundai Glovis Co Ltd,0.04,2026-06-30
DRME,,REC Ltd,0.04,2026-06-30
DRME,,AAC Technologies Holdings Inc,0.04,2026-06-30
DRME,,Tal Education Group - ADR,0.04,2026-06-30
DRME,,Pepkor Holdings Ltd,0.04,2026-06-30
DRME,,Chow Tai Fook Jewellery Group Ltd,0.04,2026-06-30
DRME,,Piotech Inc Cl A,0.04,2026-06-30
DRME,,Fortune Electric Co Ltd,0.04,2026-06-30
DRME,,Sungrow Power Supply Co Ltd Cl A,0.04,2026-06-30
DRME,,ACM Research Shanghai Inc Cl A,0.04,2026-06-30
DRME,,SK Innovation Co Ltd,0.04,2026-06-30
DRME,,Zomato Ltd,0.04,2026-06-30
DRME,,Raia Drogasil SA,0.04,2026-06-30
DRME,,IDFC First Bank Ltd,0.04,2026-06-30
DRME,,One 97 Communications Ltd,0.04,2026-06-30
DRME,,Xp Inc Cl A,0.04,2026-06-30
DRME,,Ping An Bank Co Ltd Cl A,0.04,2026-06-30
DRME,,GDS Holdings Ltd Cl A,0.04,2026-06-30
DRME,,Masraf Al Rayan QPSC,0.04,2026-06-30
DRME,,Muthoot Finance Ltd,0.04,2026-06-30
DRME,,GCL-Poly Energy Holdings Ltd,0.04,2026-06-30
DRME,,Contemporary Amperex Technology Co Ltd - Comn Cl A,0.04,2026-06-30
DRME,,China Oilfield Services Ltd Cl H,0.04,2026-06-30
DRME,,Tata Steel Ltd,0.04,2026-06-30
DRME,,AED Currency,0.04,2026-06-30
DRME,,JD Logistics Inc,0.04,2026-06-30
DRME,,Punjab National Bank,0.04,2026-06-30
DRME,,Komercni Banka as,0.04,2026-06-30
DRME,,Byd Co Ltd Cl A,0.04,2026-06-30
DRME,,Sinopharm Group Co Ltd Cl H,0.04,2026-06-30
DRME,,Sichuan Kelun-Biotech Biopharm Ltd Cl H,0.04,2026-06-30
DRME,,Macrotech Developers Ltd,0.04,2026-06-30
DRME,,HDFC Asset Management Co Ltd,0.04,2026-06-30
DRME,,True Corp PCL,0.04,2026-06-30
DRME,,Posco Chemical Co Ltd,0.04,2026-06-30
DRME,,Tencent Music Entertainment Group - ADR Cl A,0.04,2026-06-30
DRME,,Hengan International Group Co Ltd,0.03,2026-06-30
DRME,,Krafton Inc,0.03,2026-06-30
DRME,,EcoPro BM Co Ltd,0.03,2026-06-30
DRME,,Shanghai Putailai Nw Enrg Tch Co Ltd Cl A,0.03,2026-06-30
DRME,,ENN Natural Gas Co Ltd Cl A,0.03,2026-06-30
DRME,,GoTo Gojek Tokopedia PT Tbk,0.03,2026-06-30
DRME,,Xinyi Solar Holdings Ltd,0.03,2026-06-30
DRME,,China Hongqiao Group Ltd,0.03,2026-06-30
DRME,,Hwatsing Technology Co Ltd Cl A,0.03,2026-06-30
DRME,,Mirae Asset Securities Co Ltd,0.03,2026-06-30
DRME,,Chongqing Sokon Ind Grp Stock Co Ltd Cl A,0.03,2026-06-30
DRME,,Zhongji Innolight Co Ltd Cl A,0.03,2026-06-30
DRME,,CPFL Energia SA,0.03,2026-06-30
DRME,,3SBio Inc,0.03,2026-06-30
DRME,,Tongcheng-Elong Holdings Ltd,0.03,2026-06-30
DRME,,Supreme Industries Ltd,0.03,2026-06-30
DRME,,Hybe Co Ltd,0.03,2026-06-30
DRME,,Rumo SA,0.03,2026-06-30
DRME,,DB Insurance Co Ltd,0.03,2026-06-30
DRME,,Bumrungrad Hospital PCL,0.03,2026-06-30
DRME,,Yangtze Opt Fbr & Cbl Jt Stck Ltd Co Cl A,0.03,2026-06-30
DRME,,Meritz Financial Group Inc,0.03,2026-06-30
DRME,,Aura Minerals Inc,0.03,2026-06-30
DRME,,MMG Ltd,0.03,2026-06-30
DRME,,Klabin SA - Units,0.03,2026-06-30
DRME,,Bosideng International Holdings Ltd,0.02,2026-06-30
DRME,,HLB Inc,0.02,2026-06-30
DRME,,China Galaxy Securities Co Ltd Cl H,0.02,2026-06-30
DRME,,TWD Currency,0.02,2026-06-30
DRME,,Alibaba Health Information Tech Ltd,0.02,2026-06-30
DRME,,Telkom Indonesia (Persero) Tbk PT,0.02,2026-06-30
DRME,,Kingdee Intl Software Grp Co Ltd,0.02,2026-06-30
DRME,,BDO Unibank Inc,0.02,2026-06-30
DRME,,Al ELM Information Security Co CJSC,0.02,2026-06-30
DRME,,NH Investment & Securities Co Ltd,0.02,2026-06-30
DRME,,Horizon Robotics,0.02,2026-06-30
DRME,,DiGi.Com Bhd,0.02,2026-06-30
DRME,,Li Ning Co Ltd,0.02,2026-06-30
DRME,,Minor International PCL,0.02,2026-06-30
DRME,,Latam Airlines Group SA,0.02,2026-06-30
DRME,,Hanwha Systems Co Ltd,0.02,2026-06-30
DRME,,THB Currency,0.02,2026-06-30
DRME,,PLN Currency,0.02,2026-06-30
DRME,,China Minsheng Banking Corp Ltd Cl A,0.02,2026-06-30
DRME,,Tianjin Zhonghuan Semiconductor Ltd Cl A,0.02,2026-06-30
DRME,,Indus Towers Ltd,0.01,2026-06-30
DRME,,Aurobindo Pharma Ltd,0.01,2026-06-30
DRME,,KRW Currency,0.01,2026-06-30
DRME,,Hengtong Optic-Electric Co Ltd Cl A,0.01,2026-06-30
DRME,,EUR Currency,0.01,2026-06-30
DRME,,Bilibili Inc,0.01,2026-06-30
DRME,,Want Want China Holdings Ltd,0.01,2026-06-30
DRME,,MYR Currency,0.01,2026-06-30
DRME,,Lotes Co Ltd,0.01,2026-06-30
DRME,,SAR Currency,0.01,2026-06-30
DRME,,Akbank TAS Cl A,0.01,2026-06-30
DRME,,Barito Pacific Tbk PT,0.01,2026-06-30
DRME,,Ayala Land Inc,0.01,2026-06-30
DRME,,CLP Currency,0.01,2026-06-30
DRME,,SOUTH AFRICAN RAND,0.01,2026-06-30
DRME,,Orient Securities Co Ltd Cl A,0.01,2026-06-30
DRME,,Chifeng Jilong Gold Mining Co Ltd Cl A,0.01,2026-06-30
DRME,,New China Life Insurance Co Ltd Cl H,0.01,2026-06-30
DRME,,PHILIPPINE PESO,0.01,2026-06-30
DRME,,S-Oil Corp,0.01,2026-06-30
DRME,,CNGR Advanced Material Co Ltd Cl A,0.01,2026-06-30
DRME,,ABB Power Products Systems India Ltd,0.01,2026-06-30
DRME,,HUF Currency,0.01,2026-06-30
DRME,,TATA MOTORS LTD /NEW,0.01,2026-06-30
DRME,,TRY Currency,0.01,2026-06-30
DRME,,SG Micro Corp Cl A,0.01,2026-06-30
DRME,,IDR Currency,0.01,2026-06-30
DRME,,Samyang Foods Co Ltd,0.01,2026-06-30
DRME,,Jinko Solar Co Ltd Cl A,0.01,2026-06-30
DRME,,Zhejiang Jingsheng Mch & Elct Co Ltd Cl A,0.01,2026-06-30
DRME,,Coca-Cola Femsa SAB de CV - Units,0.01,2026-06-30
DRME,,CZK Currency,0.01,2026-06-30
DRME,,COP Currency,0.00,2026-06-30
DRME,,Sunwoda Electronic Co Ltd Cl A,0.00,2026-06-30
DRME,,Airports of Thailand PCL,0.00,2026-06-30
DRME,,Delta Electronics Thailand PCL,0.00,2026-06-30
DRME,,Ind and Commercial Bank of China Ltd Cl A,0.00,2026-06-30
DRME,,PetroChina Co Ltd Cl A,0.00,2026-06-30
DRME,,MXN Currency,0.00,2026-06-30
DRME,,Gulf Development PCL,0.00,2026-06-30
DRME,,Rede D'Or Sao Luiz SA,0.00,2026-06-30
DRME,,QAR Currency,0.00,2026-06-30
DRME,,Petronas Gas Bhd,0.00,2026-06-30
DRME,,TVS MOTOR COMPANY,0.00,2026-06-30
DRME,,BTS Group Holdings PCL,0.00,2026-06-30
DRME,,Klabin SA - Pfd,0.00,2026-06-30
DRFC,,Royal Bank of Canada,7.28,2026-06-30
DRFC,,Toronto-Dominion Bank,7.00,2026-06-30
DRFC,,Enbridge Inc,5.05,2026-06-30
DRFC,,Canadian Imperial Bank of Commerce,3.79,2026-06-30
DRFC,,Bank of Montreal,3.72,2026-06-30
DRFC,,Agnico Eagle Mines Ltd,3.57,2026-06-30
DRFC,,Brookfield Corp Cl A,3.13,2026-06-30
DRFC,,Bank of Nova Scotia,2.92,2026-06-30
DRFC,,Manulife Financial Corp,2.74,2026-06-30
DRFC,,Shopify Inc Cl A,2.66,2026-06-30
DRFC,,Celestica Inc,1.87,2026-06-30
DRFC,,Cameco Corp,1.71,2026-06-30
DRFC,,Sun Life Financial Inc,1.70,2026-06-30
DRFC,,Kinross Gold Corp,1.60,2026-06-30
DRFC,,WSP Global Inc,1.56,2026-06-30
DRFC,,George Weston Ltd,1.52,2026-06-30
DRFC,,Prairiesky Royalty Ltd,1.51,2026-06-30
DRFC,,Power Corp of Canada,1.49,2026-06-30
DRFC,,Lundin Mining Corp,1.45,2026-06-30
DRFC,,Gibson Energy Inc,1.43,2026-06-30
DRFC,,Tamarack Valley Energy Ltd,1.35,2026-06-30
DRFC,,Rogers Communications Inc Cl B,1.34,2026-06-30
DRFC,,Saputo Inc,1.31,2026-06-30
DRFC,,Canadian Pacific Kansas City Ltd,1.29,2026-06-30
DRFC,,Canadian Tire Corp Ltd Cl A,1.28,2026-06-30
DRFC,,Enerflex Ltd,1.25,2026-06-30
DRFC,,TransCanada Corp,1.22,2026-06-30
DRFC,,IGM Financial Inc,1.20,2026-06-30
DRFC,,National Bank of Canada,1.18,2026-06-30
DRFC,,Finning International Inc,1.17,2026-06-30
DRFC,,Canadian National Railway Co,1.16,2026-06-30
DRFC,,RioCan REIT - Units,1.16,2026-06-30
DRFC,,Lundin Gold Inc,1.16,2026-06-30
DRFC,,Lightspeed Commerce Inc,1.14,2026-06-30
DRFC,,Open Text Corp,1.14,2026-06-30
DRFC,,Loblaw Cos Ltd,1.12,2026-06-30
DRFC,,Superior Plus Corp,1.09,2026-06-30
DRFC,,IAMGOLD Corp,1.06,2026-06-30
DRFC,,Linamar Corp,1.03,2026-06-30
DRFC,,Canfor Corp,1.03,2026-06-30
DRFC,,Wheaton Precious Metals Corp,1.01,2026-06-30
DRFC,,Parex Resources Inc,0.99,2026-06-30
DRFC,,Centerra Gold Inc,0.98,2026-06-30
DRFC,,Cogeco Communications Inc,0.98,2026-06-30
DRFC,,West Fraser Timber Co Ltd,0.92,2026-06-30
DRFC,,OCEANAGOLD CORP,0.92,2026-06-30
DRFC,,Precision Drilling Corp,0.90,2026-06-30
DRFC,,Onex Corp,0.85,2026-06-30
DRFC,,Atco Ltd Cl B,0.81,2026-06-30
DRFC,,Empire Co Ltd Cl A,0.81,2026-06-30
DRFC,,BROOKFIELD BUSINESS CORP A,0.80,2026-06-30
DRFC,,Franco-Nevada Corp,0.70,2026-06-30
DRFC,,MTY Food Group Inc,0.69,2026-06-30
DRFC,,H&R REIT - Units,0.67,2026-06-30
DRFC,,OR Royalties Inc,0.62,2026-06-30
DRFC,,BCE Inc,0.60,2026-06-30
DRFC,,VITAL INFRASTRUCTURE PROPERT,0.58,2026-06-30
DRFC,,Bombardier Inc Cl B,0.55,2026-06-30
DRFC,,Intact Financial Corp,0.50,2026-06-30
DRFC,,Bausch Health Cos. Inc,0.50,2026-06-30
DRFC,,CAD Currency,0.44,2026-06-30
DRFC,,Canaccord Genuity Group Inc,0.38,2026-06-30
DRFC,,Savaria Corp,0.37,2026-06-30
DRFC,,Pembina Pipeline Corp,0.33,2026-06-30
DRFC,,ADENTRA Inc,0.32,2026-06-30
DRFC,,Canadian Apartment Properties REIT - Units,0.32,2026-06-30
DRFC,,Teck Resources Ltd Cl B,0.21,2026-06-30
DRFC,,BROOKFIELD WEALTH SOLUTIONS,0.19,2026-06-30
DRFC,,Dollarama Inc,0.19,2026-06-30
DRFC,,Fairfax Financial Holdings Ltd,0.15,2026-06-30
DRFC,,Pason Systems Inc,0.14,2026-06-30
DRFC,,Constellation Software Inc,0.09,2026-06-30
DRFC,,LUNR ROYALTIES CORP,0.06,2026-06-30
DRFC,,Tourmaline Oil Corp,0.04,2026-06-30
DRFC,,USD Currency,0.00,2026-06-30
DRFU,,NVIDIA Corp,6.06,2026-06-30
DRFU,,Apple Inc,5.57,2026-06-30
DRFU,,Microsoft Corp,3.20,2026-06-30
DRFU,,Alphabet Inc Cl A,2.76,2026-06-30
DRFU,,Amazon.com Inc,2.62,2026-06-30
DRFU,,Applied Materials Inc,2.24,2026-06-30
DRFU,,Lam Research Corp,2.03,2026-06-30
DRFU,,KLA Corp,1.87,2026-06-30
DRFU,,Alphabet Inc Cl C,1.84,2026-06-30
DRFU,,JPMorgan Chase & Co,1.73,2026-06-30
DRFU,,Cisco Systems Inc,1.71,2026-06-30
DRFU,,Broadcom Inc,1.70,2026-06-30
DRFU,,Citigroup Inc,1.51,2026-06-30
DRFU,,Corning Inc,1.47,2026-06-30
DRFU,,GE VERNOVA INC,1.47,2026-06-30
DRFU,,Western Digital Corp,1.34,2026-06-30
DRFU,,CVS Health Corp,1.33,2026-06-30
DRFU,,Goldman Sachs Group Inc,1.32,2026-06-30
DRFU,,Keurig Dr Pepper Inc,1.29,2026-06-30
DRFU,,Analog Devices Inc,1.28,2026-06-30
DRFU,,Verizon Communications Inc,1.28,2026-06-30
DRFU,,Bank of New York Mellon Corp,1.25,2026-06-30
DRFU,,State Street Corp,1.19,2026-06-30
DRFU,,Johnson Controls International PLC,1.17,2026-06-30
DRFU,,AT&T Inc,1.17,2026-06-30
DRFU,,Corteva Inc,1.16,2026-06-30
DRFU,,Pfizer Inc,1.16,2026-06-30
DRFU,,Citizens Financial Group Inc,1.15,2026-06-30
DRFU,,Nordson Corp,1.14,2026-06-30
DRFU,,Bank of America Corp,1.13,2026-06-30
DRFU,,Tapestry Inc,1.12,2026-06-30
DRFU,,Becton Dickinson and Co,1.12,2026-06-30
DRFU,,Westinghouse Air Brake Techs Corp,1.11,2026-06-30
DRFU,,APTIV PLC,1.11,2026-06-30
DRFU,,Fortive Corp,1.09,2026-06-30
DRFU,,Curtiss-Wright Corp,1.09,2026-06-30
DRFU,,Hewlett Packard Enterprise Co,1.08,2026-06-30
DRFU,,Warner Bros Discovery Inc,1.08,2026-06-30
DRFU,,Gilead Sciences Inc,1.05,2026-06-30
DRFU,,Comcast Corp Cl A,1.05,2026-06-30
DRFU,,Truist Financial Corp,1.00,2026-06-30
DRFU,,DUPONT DE NEMOURS INC,1.00,2026-06-30
DRFU,,General Motors Co,1.00,2026-06-30
DRFU,,Sun Communities Inc,0.99,2026-06-30
DRFU,,Loews Corp,0.99,2026-06-30
DRFU,,Kinder Morgan Inc,0.99,2026-06-30
DRFU,,NortonLifeLock Inc,0.98,2026-06-30
DRFU,,eBay Inc,0.97,2026-06-30
DRFU,,Meta Platforms Inc Cl A,0.97,2026-06-30
DRFU,,TechnipFMC PLC,0.97,2026-06-30
DRFU,,Elevance Health Inc,0.96,2026-06-30
DRFU,,Medtronic PLC,0.96,2026-06-30
DRFU,,Biogen Inc,0.95,2026-06-30
DRFU,,American International Group Inc,0.95,2026-06-30
DRFU,,Teledyne Technologies Inc,0.94,2026-06-30
DRFU,,Monolithic Power Systems Inc,0.94,2026-06-30
DRFU,,Verisign Inc,0.89,2026-06-30
DRFU,,LABCORP HOLDINGS INC,0.88,2026-06-30
DRFU,,Tyson Foods Inc Cl A,0.86,2026-06-30
DRFU,,Dollar Tree Inc,0.84,2026-06-30
DRFU,,International Flavors & Fragrances Inc,0.83,2026-06-30
DRFU,,Zimmer Biomet Holdings Inc,0.80,2026-06-30
DRFU,,Jacobs Solutions Inc,0.79,2026-06-30
DRFU,,HCA Healthcare Inc,0.78,2026-06-30
DRFU,,Caterpillar Inc,0.77,2026-06-30
DRFU,,Tesla Inc,0.76,2026-06-30
DRFU,,Take-Two Interactive Software Inc,0.71,2026-06-30
DRFU,,Micron Technology Inc,0.71,2026-06-30
DRFU,,SS&C Technologies Holdings Inc,0.65,2026-06-30
DRFU,,FedEx Corp,0.57,2026-06-30
DRFU,,Trimble Inc,0.54,2026-06-30
DRFU,,Teradyne Inc,0.47,2026-06-30
DRFU,,Prudential Financial Inc,0.47,2026-06-30
DRFU,,Cigna Corp,0.47,2026-06-30
DRFU,,Fidelity National Info Srvcs Inc,0.42,2026-06-30
DRFU,,Kraft Heinz Co,0.38,2026-06-30
DRFU,,Intercontinental Exchange Inc,0.35,2026-06-30
DRFU,,Flutter Entertainment PLC,0.34,2026-06-30
DRFU,,Eli Lilly and Co,0.34,2026-06-30
DRFU,,Fox Corp Cl A,0.33,2026-06-30
DRFU,,Baker Hughes A GE Co Cl A,0.31,2026-06-30
DRFU,,Willis Towers Watson PLC,0.28,2026-06-30
DRFU,,Exelon Corp,0.27,2026-06-30
DRFU,,Roper Technologies Inc,0.25,2026-06-30
DRFU,,Electronic Arts Inc,0.22,2026-06-30
DRFU,,CAD Currency,0.20,2026-06-30
DRFU,,Advanced Micro Devices Inc,0.17,2026-06-30
DRFU,,Jabil Inc,0.07,2026-06-30
DRFU,,Exxon Mobil Corp,0.07,2026-06-30
DRFU,,Johnson & Johnson,0.06,2026-06-30
DRFU,,M&T Bank Corp,0.06,2026-06-30
DRFU,,Synchrony Financial,0.05,2026-06-30
DRFU,,Howmet Aerospace Inc,0.05,2026-06-30
DRFU,,News Corp Cl A,0.05,2026-06-30
DRFU,,WP Carey Inc,0.05,2026-06-30
DRFU,,Hartford Financial Services Group Inc,0.05,2026-06-30
DRFU,,Newmont Corp,0.05,2026-06-30
DRFU,,Fidelity National Financial Inc,0.05,2026-06-30
DRFU,,Nasdaq Inc,0.04,2026-06-30
DRFU,,Halliburton Co,0.04,2026-06-30
DRFU,,Fox Corp Cl B,0.04,2026-06-30
DRFU,,USD Currency,0.02,2026-06-30
DRFU,,CONTRA ABIOMED INC,0.00,2026-06-30
DRFD,,ASML Holding NV,4.07,2026-06-30
DRFD,,HSBC Holdings PLC,2.53,2026-06-30
DRFD,,Advantest Corp,1.89,2026-06-30
DRFD,,Panasonic Corp,1.67,2026-06-30
DRFD,,Abb Ltd Cl N,1.55,2026-06-30
DRFD,,Barclays PLC,1.52,2026-06-30
DRFD,,Siemens Energy AG,1.48,2026-06-30
DRFD,,Lloyds Banking Group PLC,1.45,2026-06-30
DRFD,,Bayer AG Cl N,1.37,2026-06-30
DRFD,,Societe Generale SA,1.32,2026-06-30
DRFD,,Novartis AG Cl N,1.31,2026-06-30
DRFD,,Natwest Group PLC,1.31,2026-06-30
DRFD,,Assicurazioni Generali SpA,1.27,2026-06-30
DRFD,,Standard Chartered PLC,1.25,2026-06-30
DRFD,,Deutsche Bank AG Cl N,1.23,2026-06-30
DRFD,,Sandvik AB,1.19,2026-06-30
DRFD,,Takeda Pharmaceutical Co Ltd,1.16,2026-06-30
DRFD,,Poste Italiane SpA,1.16,2026-06-30
DRFD,,ABN AMRO Bank NV,1.14,2026-06-30
DRFD,,ACS Actividades Construccion Servcs SA,1.14,2026-06-30
DRFD,,AerCap Holdings NV,1.13,2026-06-30
DRFD,,Banco BPM SpA,1.10,2026-06-30
DRFD,,Asahi Kasei Corp,1.10,2026-06-30
DRFD,,Yokogawa Electric Corp,1.08,2026-06-30
DRFD,,CK Hutchison Holdings Ltd,1.07,2026-06-30
DRFD,,TELECOM ITALIA SPA,1.07,2026-06-30
DRFD,,Orange SA,1.06,2026-06-30
DRFD,,Toyota Tsusho Corp,1.05,2026-06-30
DRFD,,Bouygues SA,1.05,2026-06-30
DRFD,,Tesco PLC,1.04,2026-06-30
DRFD,,Asahi Group Holdings Ltd,1.04,2026-06-30
DRFD,,Hochtief AG,1.04,2026-06-30
DRFD,,Eni SpA,1.03,2026-06-30
DRFD,,Haleon PLC,1.02,2026-06-30
DRFD,,Smiths Group PLC,1.02,2026-06-30
DRFD,,Vodafone Group PLC,1.01,2026-06-30
DRFD,,Lottery Corp Ltd,1.01,2026-06-30
DRFD,,Singapore Technologies Engineering Ltd,1.00,2026-06-30
DRFD,,Italgas SpA,1.00,2026-06-30
DRFD,,Astellas Pharma Inc,1.00,2026-06-30
DRFD,,Eiffage SA,0.99,2026-06-30
DRFD,,Henkel AG & Co KgaA,0.99,2026-06-30
DRFD,,Mapfre SA,0.98,2026-06-30
DRFD,,Swire Pacific Ltd,0.97,2026-06-30
DRFD,,Medibank Private Ltd,0.97,2026-06-30
DRFD,,GEA Group AG,0.97,2026-06-30
DRFD,,Mitsubishi Chemical Holdings Corp,0.95,2026-06-30
DRFD,,RECKITT BENCKISER GROUP PLC,0.95,2026-06-30
DRFD,,Groep Brussel Lambert NV,0.95,2026-06-30
DRFD,,Koninklijke Ahold Delhaize NV,0.94,2026-06-30
DRFD,,Tokyo Gas Co Ltd,0.93,2026-06-30
DRFD,,Exor NV,0.93,2026-06-30
DRFD,,Securitas AB Cl B,0.92,2026-06-30
DRFD,,Hongkong Land Holdings Ltd,0.92,2026-06-30
DRFD,,Sun Hung Kai Properties Ltd,0.91,2026-06-30
DRFD,,Credit Agricole SA,0.90,2026-06-30
DRFD,,CK Asset Holdings Ltd,0.89,2026-06-30
DRFD,,Daimler AG Cl N,0.88,2026-06-30
DRFD,,Taisei Corp,0.88,2026-06-30
DRFD,,Equinor ASA,0.88,2026-06-30
DRFD,,Fresenius Medical Care AG & Co KGaA,0.88,2026-06-30
DRFD,,Pearson PLC,0.85,2026-06-30
DRFD,,EDP Energias de Portugal SA,0.85,2026-06-30
DRFD,,NN Group NV,0.84,2026-06-30
DRFD,,Kingfisher PLC,0.83,2026-06-30
DRFD,,Unipol Gruppo SpA,0.83,2026-06-30
DRFD,,Fresenius SE & Co KGaA,0.82,2026-06-30
DRFD,,Toray Industries Inc,0.82,2026-06-30
DRFD,,Shell PLC,0.80,2026-06-30
DRFD,,Fujikura Ltd,0.77,2026-06-30
DRFD,,Informa PLC,0.76,2026-06-30
DRFD,,Z Holdings Corp,0.70,2026-06-30
DRFD,,Suncorp Group Ltd,0.70,2026-06-30
DRFD,,Dufry AG Cl N,0.70,2026-06-30
DRFD,,NEC Corp,0.70,2026-06-30
DRFD,,Teva Pharmaceutical Industries Ltd - ADR,0.70,2026-06-30
DRFD,,Canon Inc,0.69,2026-06-30
DRFD,,CAD Currency,0.68,2026-06-30
DRFD,,Evonik Industries AG,0.67,2026-06-30
DRFD,,Honda Motor Co Ltd,0.62,2026-06-30
DRFD,,Trelleborg AB,0.60,2026-06-30
DRFD,,Bank Leumi Le Israel BM,0.59,2026-06-30
DRFD,,Intesa Sanpaolo SpA,0.55,2026-06-30
DRFD,,SoftBank Group Corp,0.53,2026-06-30
DRFD,,Banco Santander SA,0.49,2026-06-30
DRFD,,ROCHE HOLDING AG,0.48,2026-06-30
DRFD,,J Sainsbury PLC,0.47,2026-06-30
DRFD,,Endeavour Mining PLC,0.46,2026-06-30
DRFD,,AstraZeneca PLC,0.45,2026-06-30
DRFD,,Danone SA,0.45,2026-06-30
DRFD,,Bayerische Motoren Werke AG - Pfd,0.44,2026-06-30
DRFD,,EUR Currency,0.44,2026-06-30
DRFD,,Millicom International Cellular SA,0.39,2026-06-30
DRFD,,Eurofins Scientific SE,0.39,2026-06-30
DRFD,,Seven & i Holdings Co Ltd,0.36,2026-06-30
DRFD,,TotalEnergies SE,0.33,2026-06-30
DRFD,,Orix Corp,0.32,2026-06-30
DRFD,,VERISURE PLC,0.32,2026-06-30
DRFD,,Axa SA,0.32,2026-06-30
DRFD,,Dai Nippon Printing Co Ltd,0.31,2026-06-30
DRFD,,Nestle SA Cl N,0.30,2026-06-30
DRFD,,Gjensidige Forsikring ASA,0.30,2026-06-30
DRFD,,Avivagen Inc,0.29,2026-06-30
DRFD,,Alcon AG,0.27,2026-06-30
DRFD,,JPY Currency,0.24,2026-06-30
DRFD,,GBP Currency,0.23,2026-06-30
DRFD,,Tele2 AB Cl B,0.21,2026-06-30
DRFD,,Osaka Gas Co Ltd,0.21,2026-06-30
DRFD,,Capitaland Investment Ltd,0.20,2026-06-30
DRFD,,Kyocera Corp,0.16,2026-06-30
DRFD,,Enel SpA,0.16,2026-06-30
DRFD,,Sage Group PLC,0.16,2026-06-30
DRFD,,Sumitomo Electric Industries Ltd,0.14,2026-06-30
DRFD,,Siemens AG,0.13,2026-06-30
DRFD,,Bridgestone Corp,0.12,2026-06-30
DRFD,,Mitsubishi Electric Corp,0.11,2026-06-30
DRFD,,HKD Currency,0.11,2026-06-30
DRFD,,Aker BP ASA,0.09,2026-06-30
DRFD,,Scentre Group - Units,0.09,2026-06-30
DRFD,,Murata Manufacturing Co Ltd,0.09,2026-06-30
DRFD,,Neste Oyj,0.07,2026-06-30
DRFD,,Renesas Electronics Corp,0.07,2026-06-30
DRFD,,Centrica PLC,0.06,2026-06-30
DRFD,,TeliaSonera AB,0.06,2026-06-30
DRFD,,Sumitomo Mitsui Trust Holdings Inc,0.06,2026-06-30
DRFD,,BHP Group Ltd,0.06,2026-06-30
DRFD,,Roche Holding AG,0.06,2026-06-30
DRFD,,Transurban Group - Units,0.05,2026-06-30
DRFD,,Daiwa Securities Group Inc,0.05,2026-06-30
DRFD,,Suntory Beverage & Food Ltd,0.05,2026-06-30
DRFD,,Acciona SA,0.05,2026-06-30
DRFD,,Bank Hapoalim BM,0.05,2026-06-30
DRFD,,Volvo AB Cl B,0.05,2026-06-30
DRFD,,Heineken Holding NV,0.05,2026-06-30
DRFD,,Kirin Holdings Co Ltd,0.05,2026-06-30
DRFD,,Swiss Prime Site AG,0.05,2026-06-30
DRFD,,Swiss Life Holding AG Cl N,0.05,2026-06-30
DRFD,,AB Skf,0.05,2026-06-30
DRFD,,Japan Post Holdings Co Ltd,0.05,2026-06-30
DRFD,,Hoya Corp,0.05,2026-06-30
DRFD,,Telstra Corp Ltd,0.05,2026-06-30
DRFD,,GDF Suez SA,0.05,2026-06-30
DRFD,,Assa Abloy AB Cl B,0.05,2026-06-30
DRFD,,Svenska Cellulosa SCA AB,0.05,2026-06-30
DRFD,,Fujitsu Ltd,0.05,2026-06-30
DRFD,,Japan Post Insurance Co Ltd,0.05,2026-06-30
DRFD,,Essilor Intl Cie Generale d'Optique SA,0.05,2026-06-30
DRFD,,Orkla ASA,0.05,2026-06-30
DRFD,,Carrefour SA,0.05,2026-06-30
DRFD,,Banco de Sabadell SA,0.04,2026-06-30
DRFD,,Wharf Real Estate Investment Co Ltd,0.04,2026-06-30
DRFD,,Telefonaktiebolaget LM Ericsson Cl B,0.04,2026-06-30
DRFD,,London Stock Exchange Group PLC,0.04,2026-06-30
DRFD,,CHF Currency,0.04,2026-06-30
DRFD,,Hexagon AB Cl B,0.04,2026-06-30
DRFD,,AUD Currency,0.03,2026-06-30
DRFD,,SGD Currency,0.02,2026-06-30
DRFD,,SEK Currency,0.02,2026-06-30
DRFD,,NOK Currency,0.01,2026-06-30
DRFD,,ILS Currency,0.01,2026-06-30
DRFD,,USD Currency,0.00,2026-06-30
DRFD,,DKK Currency,0.00,2026-06-30
DRFD,,NZD Currency,0.00,2026-06-30
DRFE,,Samsung Electronics Co Ltd,9.34,2026-06-30
DRFE,,Taiwan Semiconductor Manufactrg Co Ltd,9.25,2026-06-30
DRFE,,SK Hynix Inc,9.24,2026-06-30
DRFE,,ASE Technology Holding Co Ltd,2.43,2026-06-30
DRFE,,MediaTek Inc,2.01,2026-06-30
DRFE,,Tencent Holdings Ltd,1.91,2026-06-30
DRFE,,Delta Electronics Inc,1.87,2026-06-30
DRFE,,Innolux Corp,1.39,2026-06-30
DRFE,,Aspeed Technology Inc,1.33,2026-06-30
DRFE,,Grupo Mexico SAB de CV Cl B,1.25,2026-06-30
DRFE,,Chroma ATE Inc,1.16,2026-06-30
DRFE,,Discovery Ltd,1.12,2026-06-30
DRFE,,KGHM Polska Miedz SA,1.10,2026-06-30
DRFE,,AXIA ENERGIA SA,1.08,2026-06-30
DRFE,,Cia Paranaense de Energia,1.06,2026-06-30
DRFE,,NetEase Inc,1.05,2026-06-30
DRFE,,Hyundai Mobis Co Ltd,1.02,2026-06-30
DRFE,,China Construction Bank Corp Cl A,1.02,2026-06-30
DRFE,,Shinhan Financial Group Co Ltd,1.02,2026-06-30
DRFE,,Krung Thai Bank PCL,0.99,2026-06-30
DRFE,,MOL HUNGARIAN OIL AND GAS PL,0.97,2026-06-30
DRFE,,Ping An Bank Co Ltd Cl A,0.95,2026-06-30
DRFE,,Hana Financial Group Inc,0.93,2026-06-30
DRFE,,China State Construction Engr Corp Ltd - Comn Cl A,0.93,2026-06-30
DRFE,,Alibaba Group Holding Ltd,0.93,2026-06-30
DRFE,,Banco de Credito e Inversiones,0.93,2026-06-30
DRFE,,Hellenic Telecomms Organization SA,0.92,2026-06-30
DRFE,,Kasikornbank PCL,0.92,2026-06-30
DRFE,,Motiva Infraestrutura de Mobilidade SA,0.91,2026-06-30
DRFE,,Shanghai Pharmas Holding Co Ltd Cl A,0.91,2026-06-30
DRFE,,Sinopharm Group Co Ltd Cl H,0.90,2026-06-30
DRFE,,Xinjiang Goldwind Science Tech Co Ltd - Commn Cl A,0.90,2026-06-30
DRFE,,LG Uplus Corp,0.90,2026-06-30
DRFE,,Rockchip Electronics Co Ltd Cl A,0.89,2026-06-30
DRFE,,OUTsurance Group Ltd,0.89,2026-06-30
DRFE,,China Merchants Port Holdings Co Ltd,0.84,2026-06-30
DRFE,,Falabella SA,0.83,2026-06-30
DRFE,,China Construction Bank Corp Cl H,0.83,2026-06-30
DRFE,,Telefonica Brasil SA,0.82,2026-06-30
DRFE,,China Minsheng Banking Corp Ltd Cl A,0.80,2026-06-30
DRFE,,Zangge Mining Co Ltd Cl A,0.80,2026-06-30
DRFE,,Tech Mahindra Ltd,0.78,2026-06-30
DRFE,,True Corp PCL,0.77,2026-06-30
DRFE,,China Molybdenum Co Ltd Cl H,0.76,2026-06-30
DRFE,,Beijing Enterprises Holdings Ltd,0.76,2026-06-30
DRFE,,Woori Financial Group Inc,0.75,2026-06-30
DRFE,,PICC Property and Casualty Co Ltd Cl H,0.75,2026-06-30
DRFE,,CAD Currency,0.75,2026-06-30
DRFE,,Pepkor Holdings Ltd,0.74,2026-06-30
DRFE,,Divi's Laboratories Ltd,0.74,2026-06-30
DRFE,,Hyundai Motor Co - Pfd,0.73,2026-06-30
DRFE,,Page Industries Ltd,0.72,2026-06-30
DRFE,,Hyundai Heavy Industries Hldgs Co Ltd,0.72,2026-06-30
DRFE,,Industrial Bank of Korea,0.71,2026-06-30
DRFE,,Hua Xia Bank Co Ltd Cl A,0.70,2026-06-30
DRFE,,China Vanke Co Ltd Cl A,0.68,2026-06-30
DRFE,,Chow Tai Fook Jewellery Group Ltd,0.67,2026-06-30
DRFE,,Tata Motors Ltd,0.66,2026-06-30
DRFE,,UPL Ltd,0.66,2026-06-30
DRFE,,SK Telecom Co Ltd,0.65,2026-06-30
DRFE,,HCL Technologies Ltd,0.65,2026-06-30
DRFE,,Bank of Shanghai Co Ltd Cl A,0.64,2026-06-30
DRFE,,Bank of Beijing Co Ltd Cl A,0.63,2026-06-30
DRFE,,Industrial Bank Co Ltd Cl A,0.61,2026-06-30
DRFE,,Cencosud SA,0.60,2026-06-30
DRFE,,People's Insurance Co Grp of China Ltd - Comn Cl H,0.58,2026-06-30
DRFE,,Far East Horizon Ltd,0.56,2026-06-30
DRFE,,Charoen Pokphand Foods PCL,0.56,2026-06-30
DRFE,,Vale SA,0.55,2026-06-30
DRFE,,ALPHA BANK SA,0.45,2026-06-30
DRFE,,Mirae Asset Securities Co Ltd,0.44,2026-06-30
DRFE,,Fibra Uno Administracion SA de CV,0.44,2026-06-30
DRFE,,King Yuan Electronics Co Ltd,0.39,2026-06-30
DRFE,,Hyundai Motor Co - Pfd,0.35,2026-06-30
DRFE,,China Tower Corp Ltd Cl H,0.34,2026-06-30
DRFE,,Samsung Electronics Co Ltd - Pfd,0.34,2026-06-30
DRFE,,Interconnection Electric SA ESP,0.34,2026-06-30
DRFE,,Hindalco Industries Ltd,0.34,2026-06-30
DRFE,,Canara Bank Ltd,0.33,2026-06-30
DRFE,,Bharti Airtel Ltd,0.32,2026-06-30
DRFE,,Wipro Ltd,0.30,2026-06-30
DRFE,,Remgro Ltd,0.30,2026-06-30
DRFE,,HDFC Bank Ltd,0.29,2026-06-30
DRFE,,Kunlun Energy Co Ltd,0.28,2026-06-30
DRFE,,China Everbright Bank Co Ltd Cl A,0.27,2026-06-30
DRFE,,Gerdau SA - Pfd,0.24,2026-06-30
DRFE,,Aselsan Elektronik Sanayi Ticaret AS Cl A,0.21,2026-06-30
DRFE,,Empresas Copec SA,0.20,2026-06-30
DRFE,,Cemex SAB de CV,0.19,2026-06-30
DRFE,,KB Financial Group Inc,0.16,2026-06-30
DRFE,,Zhongji Innolight Co Ltd Cl A,0.13,2026-06-30
DRFE,,Xiamen Tungsten Co Ltd Cl A,0.11,2026-06-30
DRFE,,Shanghai Pudong Dvlpmt Bank Co Ltd Cl A,0.10,2026-06-30
DRFE,,Reliance Industries Ltd,0.10,2026-06-30
DRFE,,Accton Technology Corp,0.10,2026-06-30
DRFE,,TWD Currency,0.10,2026-06-30
DRFE,,Chunghwa Telecom Co Ltd,0.09,2026-06-30
DRFE,,King Slide Works Co Ltd,0.09,2026-06-30
DRFE,,Ingenic Semiconductor Co Ltd Cl A,0.08,2026-06-30
DRFE,,Sino Biopharmaceutical Ltd,0.08,2026-06-30
DRFE,,RHB Bank Bhd,0.07,2026-06-30
DRFE,,JCET Group Co Ltd Cl A,0.07,2026-06-30
DRFE,,Enersis Chile SA,0.07,2026-06-30
DRFE,,Bharat Forge Ltd,0.07,2026-06-30
DRFE,,China Dvlpmt Financial Holding Corp,0.07,2026-06-30
DRFE,,IHH Healthcare Bhd,0.06,2026-06-30
DRFE,,Cathay Financial Holding Co Ltd,0.06,2026-06-30
DRFE,,Richter Gedeon Vegyeszeti Gyar Nyrt,0.06,2026-06-30
DRFE,,Global Unichip Corp,0.06,2026-06-30
DRFE,,Eoptolink Technology Inc Ltd Cl A,0.06,2026-06-30
DRFE,,Nestle India Ltd,0.06,2026-06-30
DRFE,,Sociedad Quimica y Minera de Chile SA - Pfd Cl B,0.06,2026-06-30
DRFE,,Advanced Info Service PCL,0.06,2026-06-30
DRFE,,BSE Ltd,0.06,2026-06-30
DRFE,,MMG Ltd,0.06,2026-06-30
DRFE,,Asia Vital Components Co Ltd,0.06,2026-06-30
DRFE,,Oracle Financial Services Software Ltd,0.06,2026-06-30
DRFE,,Huatai Securities Co Ltd Cl A,0.06,2026-06-30
DRFE,,LG Electronics Inc,0.06,2026-06-30
DRFE,,Advantech Co Ltd,0.06,2026-06-30
DRFE,,Britannia Industries Ltd,0.06,2026-06-30
DRFE,,Inventec Corp,0.06,2026-06-30
DRFE,,Bharat Electronics Ltd,0.06,2026-06-30
DRFE,,China Minsheng Banking Corp Ltd Cl H,0.06,2026-06-30
DRFE,,Greek Organisation Footbll Prgnstcs SA,0.06,2026-06-30
DRFE,,ICICI Bank Ltd,0.06,2026-06-30
DRFE,,Trent Ltd,0.06,2026-06-30
DRFE,,China National Building Matrial Co Ltd - Comn Cl H,0.05,2026-06-30
DRFE,,Chang Hwa Commercial Bank Ltd,0.05,2026-06-30
DRFE,,LS Electric Co Ltd,0.05,2026-06-30
DRFE,,CG Power and Industrial Solutions Ltd,0.05,2026-06-30
DRFE,,GEK TERNA Hdgs Real Estate Const SA Cl R,0.05,2026-06-30
DRFE,,Coromandel International Ltd,0.05,2026-06-30
DRFE,,Taiwan Business Bank Ltd,0.05,2026-06-30
DRFE,,ABB India Ltd,0.05,2026-06-30
DRFE,,Far EasTone Telecommunications Co Ltd,0.05,2026-06-30
DRFE,,SRF Ltd,0.05,2026-06-30
DRFE,,Max Healthcare Institute Ltd,0.05,2026-06-30
DRFE,,WEG SA,0.05,2026-06-30
DRFE,,Sundaram Finance Ltd,0.05,2026-06-30
DRFE,,Cipla Ltd,0.05,2026-06-30
DRFE,,B3 SA Brasil Bolsa Balcao,0.05,2026-06-30
DRFE,,Torrent Pharmaceuticals Ltd,0.05,2026-06-30
DRFE,,Shanghai Commercial & Savings Bank Ltd,0.05,2026-06-30
DRFE,,Mahindra and Mahindra Ltd,0.05,2026-06-30
DRFE,,Pegatron Corp,0.05,2026-06-30
DRFE,,Siam Cement PCL,0.05,2026-06-30
DRFE,,Voltas Ltd,0.05,2026-06-30
DRFE,,Pop Mart International Group Ltd,0.05,2026-06-30
DRFE,,Hon Hai Precision Industry Co Ltd,0.05,2026-06-30
DRFE,,Bajaj Auto Ltd,0.05,2026-06-30
DRFE,,Sun Pharmaceutical Industries Ltd,0.05,2026-06-30
DRFE,,Hangzhou Tigermed Consulting Co Ltd Cl A,0.05,2026-06-30
DRFE,,Yang Ming Marine Transport Corp,0.05,2026-06-30
DRFE,,China Zheshang Bank Co Ltd Cl A,0.05,2026-06-30
DRFE,,Persistent Systems Ltd,0.05,2026-06-30
DRFE,,Sunny Optical Technology Group Co Ltd,0.05,2026-06-30
DRFE,,China Molybdenum Co Ltd Cl A,0.05,2026-06-30
DRFE,,PI Industries Ltd,0.05,2026-06-30
DRFE,,Wuhan Guide Infrared Co Ltd Cl A,0.05,2026-06-30
DRFE,,Wan Hai Lines Ltd,0.05,2026-06-30
DRFE,,China Railway Group Ltd Cl H,0.04,2026-06-30
DRFE,,MISC Bhd,0.04,2026-06-30
DRFE,,Bank Mandiri (Persero) Tbk PT,0.04,2026-06-30
DRFE,,Tata Consultancy Services Ltd,0.04,2026-06-30
DRFE,,Ptt Pcl,0.04,2026-06-30
DRFE,,PB Fintech Ltd,0.04,2026-06-30
DRFE,,Genscript Biotech Corp,0.04,2026-06-30
DRFE,,NH Investment & Securities Co Ltd,0.04,2026-06-30
DRFE,,China Railway Group Ltd Cl A,0.04,2026-06-30
DRFE,,Guangzhou Tinci Materials Tech Co Ltd - Commn Cl A,0.04,2026-06-30
DRFE,,Zhangzhou Pientzehuang Pharma Ltd Cl A,0.04,2026-06-30
DRFE,,Jentech Precision Industrial Co Ltd,0.04,2026-06-30
DRFE,,Tingyi Holding Corp,0.04,2026-06-30
DRFE,,JA Solar Technology Co Ltd Cl A,0.04,2026-06-30
DRFE,,Poly Developments and Hldgs Grp Co Ltd - Comn Cl A,0.04,2026-06-30
DRFE,,BRL Currency,0.04,2026-06-30
DRFE,,KRW Currency,0.03,2026-06-30
DRFE,,Krung Thai Bank PCL,0.02,2026-06-30
DRFE,,HKD Currency,0.02,2026-06-30
DRFE,,Kasikornbank PCL,0.02,2026-06-30
DRFE,,True Corp PCL,0.01,2026-06-30
DRFE,,Charoen Pokphand Foods PCL,0.01,2026-06-30
DRFE,,USD Currency,0.01,2026-06-30
DRFE,,THB Currency,0.01,2026-06-30
DRFE,,QAR Currency,0.01,2026-06-30
DRFE,,INR Currency,0.01,2026-06-30
DRFE,,HUF Currency,0.00,2026-06-30
DRFE,,PLN Currency,0.00,2026-06-30
DRFE,,CLP Currency,0.00,2026-06-30
DRFE,,SAR Currency,0.00,2026-06-30
DRFE,,RUB Currency,0.00,2026-06-30
DRFE,,SOUTH AFRICAN RAND,0.00,2026-06-30
DRFE,,PHILIPPINE PESO,0.00,2026-06-30
DRFE,,TRY Currency,0.00,2026-06-30
DRFE,,MYR Currency,0.00,2026-06-30
DRFE,,EUR Currency,0.00,2026-06-30
DRFE,,CZK Currency,0.00,2026-06-30
DRFE,,AED Currency,0.00,2026-06-30
DRFG,,CAD Currency,7.20,2026-06-30
DRFG,,Apple Inc,4.33,2026-06-30
DRFG,,NVIDIA Corp,4.14,2026-06-30
DRFG,,Microsoft Corp,2.50,2026-06-30
DRFG,,Samsung Electronics Co Ltd,2.08,2026-06-30
DRFG,,Applied Materials Inc,1.84,2026-06-30
DRFG,,Lam Research Corp,1.61,2026-06-30
DRFG,,KLA Corp,1.53,2026-06-30
DRFG,,Cisco Systems Inc,1.38,2026-06-30
DRFG,,Alphabet Inc Cl A,1.34,2026-06-30
DRFG,,Citigroup Inc,1.33,2026-06-30
DRFG,,Amazon.com Inc,1.32,2026-06-30
DRFG,,Taiwan Semiconductor Manufactrg Co Ltd,1.29,2026-06-30
DRFG,,CVS Health Corp,1.26,2026-06-30
DRFG,,Visa Inc Cl A,1.25,2026-06-30
DRFG,,Bayer AG Cl N,1.24,2026-06-30
DRFG,,Alphabet Inc Cl C,1.21,2026-06-30
DRFG,,Western Digital Corp,1.19,2026-06-30
DRFG,,Monster Beverage Corp,1.15,2026-06-30
DRFG,,Howmet Aerospace Inc,1.11,2026-06-30
DRFG,,Bank of New York Mellon Corp,1.09,2026-06-30
DRFG,,Analog Devices Inc,1.09,2026-06-30
DRFG,,TELECOM ITALIA SPA,1.08,2026-06-30
DRFG,,Barclays PLC,1.05,2026-06-30
DRFG,,ABN AMRO Bank NV,1.04,2026-06-30
DRFG,,Power Corp of Canada,1.04,2026-06-30
DRFG,,Citizens Financial Group Inc,1.04,2026-06-30
DRFG,,Standard Chartered PLC,1.04,2026-06-30
DRFG,,Warner Bros Discovery Inc,1.03,2026-06-30
DRFG,,Takeda Pharmaceutical Co Ltd,1.03,2026-06-30
DRFG,,Eiffage SA,1.02,2026-06-30
DRFG,,Goldman Sachs Group Inc,1.02,2026-06-30
DRFG,,Electronic Arts Inc,1.01,2026-06-30
DRFG,,Fortive Corp,1.00,2026-06-30
DRFG,,Cia Paranaense de Energia,0.99,2026-06-30
DRFG,,Swire Pacific Ltd,0.98,2026-06-30
DRFG,,HKT Trust and HKT Ltd - Units,0.98,2026-06-30
DRFG,,QNITY ELECTRONICS INC,0.97,2026-06-30
DRFG,,Jabil Inc,0.96,2026-06-30
DRFG,,Groep Brussel Lambert NV,0.95,2026-06-30
DRFG,,eBay Inc,0.94,2026-06-30
DRFG,,3M Co,0.92,2026-06-30
DRFG,,Tapestry Inc,0.91,2026-06-30
DRFG,,China Construction Bank Corp Cl A,0.89,2026-06-30
DRFG,,CK Asset Holdings Ltd,0.88,2026-06-30
DRFG,,Take-Two Interactive Software Inc,0.88,2026-06-30
DRFG,,Expedia Group Inc,0.86,2026-06-30
DRFG,,Vodafone Group PLC,0.85,2026-06-30
DRFG,,Booking Holdings Inc,0.85,2026-06-30
DRFG,,AT&T Inc,0.83,2026-06-30
DRFG,,Cemex SAB de CV,0.82,2026-06-30
DRFG,,Verisign Inc,0.82,2026-06-30
DRFG,,Deutsche Bank AG Cl N,0.81,2026-06-30
DRFG,,Gilead Sciences Inc,0.80,2026-06-30
DRFG,,Broadcom Inc,0.79,2026-06-30
DRFG,,AXIA ENERGIA SA,0.79,2026-06-30
DRFG,,Hongkong Land Holdings Ltd,0.79,2026-06-30
DRFG,,DUPONT DE NEMOURS INC,0.78,2026-06-30
DRFG,,Sun Hung Kai Properties Ltd,0.74,2026-06-30
DRFG,,HeidelbergCement AG,0.74,2026-06-30
DRFG,,Taisei Corp,0.73,2026-06-30
DRFG,,General Motors Co,0.72,2026-06-30
DRFG,,LG Uplus Corp,0.72,2026-06-30
DRFG,,Kraft Heinz Co,0.71,2026-06-30
DRFG,,Fresenius SE & Co KGaA,0.70,2026-06-30
DRFG,,Bouygues SA,0.69,2026-06-30
DRFG,,Holcim Ltd,0.68,2026-06-30
DRFG,,International Flavors & Fragrances Inc,0.65,2026-06-30
DRFG,,Micron Technology Inc,0.62,2026-06-30
DRFG,,Z Holdings Corp,0.60,2026-06-30
DRFG,,Johnson Controls International PLC,0.57,2026-06-30
DRFG,,Trane Technologies PLC,0.53,2026-06-30
DRFG,,Fresenius Medical Care AG & Co KGaA,0.52,2026-06-30
DRFG,,American International Group Inc,0.50,2026-06-30
DRFG,,Greek Organisation Footbll Prgnstcs SA,0.49,2026-06-30
DRFG,,Toyota Tsusho Corp,0.48,2026-06-30
DRFG,,Industrial Bank of Korea,0.47,2026-06-30
DRFG,,China Minsheng Banking Corp Ltd Cl A,0.47,2026-06-30
DRFG,,Comcast Corp Cl A,0.42,2026-06-30
DRFG,,VeriSilicon Microelectrncs SH Co Ltd Cl A,0.36,2026-06-30
DRFG,,Fidelity National Info Srvcs Inc,0.34,2026-06-30
DRFG,,State Street Corp,0.34,2026-06-30
DRFG,,Anheuser Busch Inbev SA,0.34,2026-06-30
DRFG,,Williams-Sonoma Inc,0.33,2026-06-30
DRFG,,Natwest Group PLC,0.33,2026-06-30
DRFG,,Meta Platforms Inc Cl A,0.28,2026-06-30
DRFG,,JPMorgan Chase & Co,0.26,2026-06-30
DRFG,,Ciena Corp,0.26,2026-06-30
DRFG,,LABCORP HOLDINGS INC,0.23,2026-06-30
DRFG,,Medtronic PLC,0.21,2026-06-30
DRFG,,Verizon Communications Inc,0.21,2026-06-30
DRFG,,Teledyne Technologies Inc,0.21,2026-06-30
DRFG,,Corteva Inc,0.20,2026-06-30
DRFG,,SK Hynix Inc,0.20,2026-06-30
DRFG,,TWD Currency,0.19,2026-06-30
DRFG,,Lloyds Banking Group PLC,0.19,2026-06-30
DRFG,,MetLife Inc,0.18,2026-06-30
DRFG,,Corning Inc,0.17,2026-06-30
DRFG,,Manulife Financial Corp,0.17,2026-06-30
DRFG,,Tesla Inc,0.17,2026-06-30
DRFG,,Keurig Dr Pepper Inc,0.15,2026-06-30
DRFG,,Shanghai Pudong Dvlpmt Bank Co Ltd Cl A,0.15,2026-06-30
DRFG,,Zimmer Biomet Holdings Inc,0.14,2026-06-30
DRFG,,Orange SA,0.13,2026-06-30
DRFG,,Advanced Micro Devices Inc,0.12,2026-06-30
DRFG,,Hua Hong Semiconductor Ltd,0.12,2026-06-30
DRFG,,Samsung Electronics Co Ltd - Pfd,0.12,2026-06-30
DRFG,,SS&C Technologies Holdings Inc,0.11,2026-06-30
DRFG,,Securitas AB Cl B,0.11,2026-06-30
DRFG,,Fox Corp Cl A,0.10,2026-06-30
DRFG,,Advantest Corp,0.10,2026-06-30
DRFG,,ACS Actividades Construccion Servcs SA,0.10,2026-06-30
DRFG,,Tower Semiconductor Ltd,0.09,2026-06-30
DRFG,,Hana Financial Group Inc,0.09,2026-06-30
DRFG,,Teva Pharmaceutical Industries Ltd - ADR,0.09,2026-06-30
DRFG,,GBP Currency,0.08,2026-06-30
DRFG,,Screen Holdings Co Ltd,0.08,2026-06-30
DRFG,,Johnson & Johnson,0.07,2026-06-30
DRFG,,Biwin Storage Technology Co Ltd Cl A,0.07,2026-06-30
DRFG,,GE VERNOVA INC,0.07,2026-06-30
DRFG,,Kyocera Corp,0.07,2026-06-30
DRFG,,Morgan Stanley,0.07,2026-06-30
DRFG,,Shinhan Financial Group Co Ltd,0.07,2026-06-30
DRFG,,Pepkor Holdings Ltd,0.07,2026-06-30
DRFG,,Westinghouse Air Brake Techs Corp,0.06,2026-06-30
DRFG,,Unipol Gruppo SpA,0.06,2026-06-30
DRFG,,Fox Corp Cl B,0.06,2026-06-30
DRFG,,Elevance Health Inc,0.06,2026-06-30
DRFG,,Parker-Hannifin Corp,0.06,2026-06-30
DRFG,,Lasertec Corp,0.06,2026-06-30
DRFG,,Asahi Kasei Corp,0.06,2026-06-30
DRFG,,Banco Santander SA,0.06,2026-06-30
DRFG,,W W Grainger Inc,0.06,2026-06-30
DRFG,,OTP Bank Nyrt,0.06,2026-06-30
DRFG,,Bank of America Corp,0.06,2026-06-30
DRFG,,Japan Post Holdings Co Ltd,0.06,2026-06-30
DRFG,,Quest Diagnostics Inc,0.06,2026-06-30
DRFG,,Aflac Inc,0.06,2026-06-30
DRFG,,Recruit Holdings Co Ltd,0.06,2026-06-30
DRFG,,TJX Cos Inc,0.06,2026-06-30
DRFG,,BNP Paribas SA,0.06,2026-06-30
DRFG,,Toronto-Dominion Bank,0.06,2026-06-30
DRFG,,BT Group PLC,0.05,2026-06-30
DRFG,,United Rentals Inc,0.05,2026-06-30
DRFG,,International Business Machines Corp,0.05,2026-06-30
DRFG,,Abbvie Inc,0.05,2026-06-30
DRFG,,Tyson Foods Inc Cl A,0.05,2026-06-30
DRFG,,Ingersoll Rand Inc,0.05,2026-06-30
DRFG,,Incyte Corp,0.05,2026-06-30
DRFG,,Falabella SA,0.05,2026-06-30
DRFG,,Delta Air Lines Inc,0.05,2026-06-30
DRFG,,General Electric Co,0.05,2026-06-30
DRFG,,Wesfarmers Ltd,0.05,2026-06-30
DRFG,,Teradyne Inc,0.05,2026-06-30
DRFG,,Singapore Technologies Engineering Ltd,0.05,2026-06-30
DRFG,,Crh PLC,0.05,2026-06-30
DRFG,,Hartford Financial Services Group Inc,0.05,2026-06-30
DRFG,,EMCOR Group Inc,0.05,2026-06-30
DRFG,,Sumitomo Mitsui Financial Group Inc,0.05,2026-06-30
DRFG,,Henkel AG & Co KgaA,0.05,2026-06-30
DRFG,,Societe Generale SA,0.05,2026-06-30
DRFG,,Flutter Entertainment PLC,0.05,2026-06-30
DRFG,,HCA Healthcare Inc,0.05,2026-06-30
DRFG,,Phoenix Holdings Ltd,0.05,2026-06-30
DRFG,,Woori Financial Group Inc,0.05,2026-06-30
DRFG,,Brookfield Corp Cl A,0.05,2026-06-30
DRFG,,HSBC Holdings PLC,0.05,2026-06-30
DRFG,,Synchrony Financial,0.05,2026-06-30
DRFG,,NetApp Inc,0.05,2026-06-30
DRFG,,Jacobs Solutions Inc,0.05,2026-06-30
DRFG,,Wells Fargo & Co,0.05,2026-06-30
DRFG,,Abbott Laboratories,0.05,2026-06-30
DRFG,,Fairfax Financial Holdings Ltd,0.05,2026-06-30
DRFG,,Seagate Technology Holdings PLC,0.05,2026-06-30
DRFG,,Canadian Tire Corp Ltd Cl A,0.05,2026-06-30
DRFG,,Informa PLC,0.05,2026-06-30
DRFG,,GEA Group AG,0.05,2026-06-30
DRFG,,AerCap Holdings NV,0.05,2026-06-30
DRFG,,Aspeed Technology Inc,0.05,2026-06-30
DRFG,,George Weston Ltd,0.05,2026-06-30
DRFG,,FERGUSON ENTERPRISES INC,0.05,2026-06-30
DRFG,,OUTsurance Group Ltd,0.05,2026-06-30
DRFG,,Canon Inc,0.05,2026-06-30
DRFG,,Heineken Holding NV,0.05,2026-06-30
DRFG,,Carlisle Cos Inc,0.05,2026-06-30
DRFG,,Empire Co Ltd Cl A,0.05,2026-06-30
DRFG,,Becton Dickinson and Co,0.05,2026-06-30
DRFG,,Asahi Group Holdings Ltd,0.05,2026-06-30
DRFG,,Credit Agricole SA,0.05,2026-06-30
DRFG,,Markel Corp,0.05,2026-06-30
DRFG,,RECKITT BENCKISER GROUP PLC,0.05,2026-06-30
DRFG,,Carrefour SA,0.05,2026-06-30
DRFG,,Truist Financial Corp,0.05,2026-06-30
DRFG,,Novartis AG Cl N,0.05,2026-06-30
DRFG,,UniCredit SpA,0.05,2026-06-30
DRFG,,Mastercard Inc Cl A,0.05,2026-06-30
DRFG,,Pearson PLC,0.05,2026-06-30
DRFG,,Intesa Sanpaolo SpA,0.05,2026-06-30
DRFG,,Victory Giant Tech HuiZhou Co Ltd Cl A,0.05,2026-06-30
DRFG,,NEC Corp,0.05,2026-06-30
DRFG,,Linde PLC,0.05,2026-06-30
DRFG,,Cigna Corp,0.05,2026-06-30
DRFG,,Hilton Worldwide Holdings Inc,0.05,2026-06-30
DRFG,,Astellas Pharma Inc,0.05,2026-06-30
DRFG,,Cintas Corp,0.05,2026-06-30
DRFG,,Giant Network Group Co Ltd Cl A,0.05,2026-06-30
DRFG,,AstraZeneca PLC,0.05,2026-06-30
DRFG,,Midea Group Co Ltd Cl A,0.05,2026-06-30
DRFG,,Mondelez International Inc Cl A,0.05,2026-06-30
DRFG,,O'Reilly Automotive Inc,0.05,2026-06-30
DRFG,,Japan Post Insurance Co Ltd,0.05,2026-06-30
DRFG,,TransUnion,0.05,2026-06-30
DRFG,,WH Group Ltd,0.05,2026-06-30
DRFG,,Cia de Saneamento Basico Estdo Sao Plo,0.04,2026-06-30
DRFG,,Remgro Ltd,0.04,2026-06-30
DRFG,,Trelleborg AB,0.04,2026-06-30
DRFG,,Ald SA,0.04,2026-06-30
DRFG,,Banco de Chile,0.04,2026-06-30
DRFG,,Tesco PLC,0.04,2026-06-30
DRFG,,Toray Industries Inc,0.04,2026-06-30
DRFG,,Evonik Industries AG,0.04,2026-06-30
DRFG,,NortonLifeLock Inc,0.04,2026-06-30
DRFG,,Qualcomm Inc,0.04,2026-06-30
DRFG,,Lottery Corp Ltd,0.04,2026-06-30
DRFG,,F5 Networks Inc,0.04,2026-06-30
DRFG,,Walmart Inc,0.04,2026-06-30
DRFG,,BE Semiconductor Industries NV,0.04,2026-06-30
DRFG,,Sino Land Co Ltd,0.04,2026-06-30
DRFG,,Curtiss-Wright Corp,0.04,2026-06-30
DRFG,,News Corp Cl A,0.04,2026-06-30
DRFG,,Cencosud SA,0.04,2026-06-30
DRFG,,Bank of Beijing Co Ltd Cl A,0.04,2026-06-30
DRFG,,Suntory Beverage & Food Ltd,0.04,2026-06-30
DRFG,,Motiva Infraestrutura de Mobilidade SA,0.04,2026-06-30
DRFG,,Commerzbank AG,0.04,2026-06-30
DRFG,,Dai Nippon Printing Co Ltd,0.04,2026-06-30
DRFG,,Hua Xia Bank Co Ltd Cl A,0.04,2026-06-30
DRFG,,Sanofi SA,0.04,2026-06-30
DRFG,,Bank of Communications Co Ltd Cl H,0.04,2026-06-30
DRFG,,Fidelity National Financial Inc,0.04,2026-06-30
DRFG,,Kingfisher PLC,0.04,2026-06-30
DRFG,,China Everbright Bank Co Ltd Cl A,0.04,2026-06-30
DRFG,,Mitsubishi Heavy Industries Ltd,0.04,2026-06-30
DRFG,,Mitsubishi Chemical Holdings Corp,0.04,2026-06-30
DRFG,,Global Payments Inc,0.04,2026-06-30
DRFG,,T-Mobile US Inc,0.04,2026-06-30
DRFG,,Rogers Communications Inc Cl B,0.04,2026-06-30
DRFG,,BOC Hong Kong Holdings Ltd,0.04,2026-06-30
DRFG,,Enel SpA,0.04,2026-06-30
DRFG,,Walt Disney Co,0.04,2026-06-30
DRFG,,BlackRock Inc,0.04,2026-06-30
DRFG,,Pfizer Inc,0.04,2026-06-30
DRFG,,China CITIC Bank Corp Ltd Cl H,0.04,2026-06-30
DRFG,,SoftBank Corp,0.04,2026-06-30
DRFG,,China Minsheng Banking Corp Ltd Cl H,0.04,2026-06-30
DRFG,,Nasdaq Inc,0.04,2026-06-30
DRFG,,Shanghai Pharmas Holding Co Ltd Cl A,0.04,2026-06-30
DRFG,,Otsuka Corp,0.04,2026-06-30
DRFG,,China Molybdenum Co Ltd Cl H,0.04,2026-06-30
DRFG,,Sage Group PLC,0.04,2026-06-30
DRFG,,China Construction Bank Corp Cl H,0.04,2026-06-30
DRFG,,KB Financial Group Inc,0.04,2026-06-30
DRFG,,Wharf Real Estate Investment Co Ltd,0.04,2026-06-30
DRFG,,Link REIT - Units,0.04,2026-06-30
DRFG,,Trimble Inc,0.04,2026-06-30
DRFG,,Gerdau SA - Pfd,0.04,2026-06-30
DRFG,,Microchip Technology Inc,0.04,2026-06-30
DRFG,,Kroger Co,0.04,2026-06-30
DRFG,,Deutsche Telekom AG Cl N,0.04,2026-06-30
DRFG,,CF Industries Holdings Inc,0.04,2026-06-30
DRFG,,Telefonica SA,0.04,2026-06-30
DRFG,,Anhui Conch Cement Co Ltd Cl A,0.04,2026-06-30
DRFG,,Salesforce Inc,0.04,2026-06-30
DRFG,,SK Telecom Co Ltd,0.04,2026-06-30
DRFG,,Wipro Ltd,0.04,2026-06-30
DRFG,,Agnico Eagle Mines Ltd,0.04,2026-06-30
DRFG,,London Stock Exchange Group PLC,0.04,2026-06-30
DRFG,,Bank Hapoalim BM,0.04,2026-06-30
DRFG,,Fujitsu Ltd,0.04,2026-06-30
DRFG,,Focus Media Information Tech Co Ltd Cl A,0.04,2026-06-30
DRFG,,China Molybdenum Co Ltd Cl A,0.04,2026-06-30
DRFG,,Bank Leumi Le Israel BM,0.04,2026-06-30
DRFG,,Newmont Corp,0.04,2026-06-30
DRFG,,Netflix Inc,0.04,2026-06-30
DRFG,,Porsche Automobil Holding SE - Pfd,0.04,2026-06-30
DRFG,,Siemens Energy AG,0.04,2026-06-30
DRFG,,Daimler AG Cl N,0.04,2026-06-30
DRFG,,Autodesk Inc,0.04,2026-06-30
DRFG,,Guangzhou Automobile Group Co Ltd Cl A,0.04,2026-06-30
DRFG,,TMX Group Ltd,0.04,2026-06-30
DRFG,,JPY Currency,0.04,2026-06-30
DRFG,,Telefonaktiebolaget LM Ericsson Cl B,0.04,2026-06-30
DRFG,,Bayerische Motoren Werke AG - Pfd,0.04,2026-06-30
DRFG,,JD.com Inc,0.04,2026-06-30
DRFG,,LG Corp,0.04,2026-06-30
DRFG,,Harel Insurance Invsmts Fcnl Srvcs Ltd,0.03,2026-06-30
DRFG,,Cognizant Technology Solutions Corp Cl A,0.03,2026-06-30
DRFG,,Bayerische Motoren Werke AG,0.03,2026-06-30
DRFG,,BRL Currency,0.03,2026-06-30
DRFG,,ON Semiconductor Corp,0.03,2026-06-30
DRFG,,China Merchants Port Holdings Co Ltd,0.03,2026-06-30
DRFG,,Hyundai Motor Co,0.03,2026-06-30
DRFG,,MYR Currency,0.02,2026-06-30
DRFG,,ILS Currency,0.01,2026-06-30
DRFG,,QAR Currency,0.01,2026-06-30
DRFG,,AUD Currency,0.01,2026-06-30
DRFG,,SEK Currency,0.01,2026-06-30
DRFG,,EUR Currency,0.01,2026-06-30
DRFG,,SOUTH AFRICAN RAND,0.01,2026-06-30
DRFG,,MXN Currency,0.01,2026-06-30
DRFG,,THB Currency,0.00,2026-06-30
DRFG,,KRW Currency,0.00,2026-06-30
DRFG,,NOK Currency,0.00,2026-06-30
DRFG,,CLP Currency,0.00,2026-06-30
DRFG,,HKD Currency,0.00,2026-06-30
DRFG,,CZK Currency,0.00,2026-06-30
DRFG,,PLN Currency,0.00,2026-06-30
DRFG,,HUF Currency,0.00,2026-06-30
DRFG,,CHF Currency,0.00,2026-06-30
DRFG,,SGD Currency,0.00,2026-06-30
DRFG,,SAR Currency,0.00,2026-06-30
DRFG,,PHILIPPINE PESO,0.00,2026-06-30
DRFG,,TRY Currency,0.00,2026-06-30
DRFG,,DKK Currency,0.00,2026-06-30
DRFG,,AED Currency,0.00,2026-06-30
DRFG,,CONTRA ABIOMED INC,0.00,2026-06-30
DRFG,,NZD Currency,0.00,2026-06-30
DRFG,,CONTRA HOLOGIC INCORPO,0.00,2026-06-30
DRFG,,Sitios Latinoamerica SAB de CV,0.00,2026-06-30
DANC,,TORONTO DOMINION BANK 2.57 % 21-07-2026,10.93,2026-06-30
DANC,,Laurentian Bank of Canada 3.55% 20-Apr-2027,9.55,2026-06-30
DANC,,TOYOTA CREDIT CANADA INC. 2.43 % 29-07-2026,7.49,2026-06-30
DANC,,ENBRIDGE INC 2.81 % 30-07-2026,5.69,2026-06-30
DANC,,Glacier Credit Card Trust 4.74% 20-Sep-2026,5.25,2026-06-30
DANC,,Brookfield Corp 3.80% 16-Dec-2026,5.25,2026-06-30
DANC,,BANK OF MONTREAL 2.62 % 26-04-2027,5.23,2026-06-30
DANC,,AIMCo Realty Investors LP 3.37% 01-Jun-2027,4.77,2026-06-30
DANC,,BANK OF NOVA SCOTIA 2.57 % 05-02-2027,4.75,2026-06-30
DANC,,BANK OF MONTREAL 2.58 % 16-07-2026,4.75,2026-06-30
DANC,,ROYAL BANK OF CANADA 2.60 % 10-03-2027,4.28,2026-06-30
DANC,,ROYAL BANK OF CANADA 2.57 % 12-11-2026,4.04,2026-06-30
DANC,,Canada Government 1.25% 01-Mar-2027,3.77,2026-06-30
DANC,,Equitable Bank 5.16% 11-Jan-2027,3.36,2026-06-30
DANC,,HONDA CANADA FINANCE INC. 2.47 % 16-07-2026,2.61,2026-06-30
DANC,,ENBRIDGE INC 2.81 % 15-07-2026,2.54,2026-06-30
DANC,,ONTARIO POWER GENERATION INC. 2.51 % 08-07-2026,2.32,2026-06-30
DANC,,HONDA CANADA FINANCE INC. 2.64 % 23-07-2026,2.13,2026-06-30
DANC,,ONTARIO POWER GENERATION INC. 2.43 % 05-08-2026,1.68,2026-06-30
DANC,,HONDA CANADA FINANCE INC. 2.64 % 29-07-2026,1.49,2026-06-30
DANC,,ENBRIDGE INC 2.81 % 06-07-2026,1.21,2026-06-30
DANC,,NOVA SCOTIA POWER INC 2.79 % 29-06-2026,1.19,2026-06-30
DANC,,NOVA SCOTIA POWER INC 2.79 % 17-07-2026,1.19,2026-06-30
DANC,,INTER PIPELINE (CORRIDOR) INC 2.50 % 04-08-2026,1.14,2026-06-30
DANC,,Primaris REIT - Units Sr A,1.10,2026-06-30
DANC,,Fortis Inc,1.09,2026-06-30
DANC,,Crombie REIT 3.68% 26-Aug-2026,1.05,2026-06-30
DANC,,ONTARIO POWER GENERATION INC. 2.28 % 22-07-2026,0.95,2026-06-30
DANC,,ENBRIDGE INC 2.81 % 24-07-2026,0.95,2026-06-30
DANC,,Power Corp of Canada,0.94,2026-06-30
DANC,,Utilities Select Sector SPDR ETF (XLU),0.86,2026-06-30
DANC,,Canadian National Railway Co,0.83,2026-06-30
DANC,,ATKINSREALIS GROUP INC,0.80,2026-06-30
DANC,,Eli Lilly and Co,0.80,2026-06-30
DANC,,Prairiesky Royalty Ltd,0.74,2026-06-30
DANC,,Enerflex Ltd,0.74,2026-06-30
DANC,,Thermo Fisher Scientific Inc,0.71,2026-06-30
DANC,,Brookfield Renewable Partners LP - Units,0.68,2026-06-30
DANC,,Finning International Inc,0.67,2026-06-30
DANC,,IAMGOLD Corp,0.61,2026-06-30
DANC,,Capital Power Corp,0.61,2026-06-30
DANC,,Enerflex Ltd,0.60,2026-06-30
DANC,,Analog Devices Inc,0.57,2026-06-30
DANC,,Dollarama Inc,0.56,2026-06-30
DANC,,Parker-Hannifin Corp,0.55,2026-06-30
DANC,,HONDA CANADA FINANCE INC. 2.64 % 07-08-2026,0.54,2026-06-30
DANC,,Gildan Activewear Inc Cl A,0.54,2026-06-30
DANC,,Extendicare Inc,0.54,2026-06-30
DANC,,Mastercard Inc Cl A,0.53,2026-06-30
DANC,,Killam Apartment REIT - Units,0.52,2026-06-30
DANC,,Bank of New York Mellon Corp,0.51,2026-06-30
DANC,,Iron Mountain Inc,0.50,2026-06-30
DANC,,Citigroup Inc,0.49,2026-06-30
DANC,,Prologis Inc,0.49,2026-06-30
DANC,,Rentokil Initial PLC - ADR,0.48,2026-06-30
DANC,,Fairfax Financial Holdings Ltd,0.44,2026-06-30
DANC,,Magna International Inc,0.40,2026-06-30
DANC,,American Express Co,0.37,2026-06-30
DANC,,Alimentation Couche-Tard Inc,0.35,2026-06-30
DANC,,Elanco Animal Health Inc,0.34,2026-06-30
DANC,,UnitedHealth Group Inc,0.33,2026-06-30
DANC,,Victoria's Secret & Co,0.33,2026-06-30
DANC,,Kinaxis Inc,0.32,2026-06-30
DANC,,Atco Ltd Cl B,0.32,2026-06-30
DANC,,NFI Group Inc,0.32,2026-06-30
DANC,,RB Global Inc,0.32,2026-06-30
DANC,,Boyd Group Services Inc,0.31,2026-06-30
DANC,,JPMorgan Chase & Co,0.30,2026-06-30
DANC,,SPDR S&P Regional Banking ETF (KRE),0.30,2026-06-30
DANC,,Abbvie Inc,0.30,2026-06-30
DANC,,Marathon Petroleum Corp,0.30,2026-06-30
DANC,,Targa Resources Corp,0.30,2026-06-30
DANC,,TC Energy Corp,0.30,2026-06-30
DANC,,Aecon Group Inc,0.30,2026-06-30
DANC,,SIEMENS ENERGY AG SPON ADR,0.30,2026-06-30
DANC,,Brookfield Corp Cl A,0.29,2026-06-30
DANC,,Crh PLC,0.29,2026-06-30
DANC,,Micron Technology Inc,0.29,2026-06-30
DANC,,Constellation Software Inc,0.29,2026-06-30
DANC,,CORGI LITHOGRAPHY + SEMICONDUC,0.29,2026-06-30
DANC,,Amazon.com Inc,0.29,2026-06-30
DANC,,INTER PIPELINE (CORRIDOR) INC 2.49 % 22-07-2026,0.28,2026-06-30
DANC,,Taiwan Semiconductor Manufactrg Co Ltd - ADR,0.28,2026-06-30
DANC,,Kontoor Brands Inc,0.27,2026-06-30
DANC,,Sherwin-Williams Co,0.27,2026-06-30
DANC,,iA Financial Corp Inc,0.27,2026-06-30
DANC,,Amphenol Corp Cl A,0.26,2026-06-30
DANC,,Tamarack Valley Energy Ltd,0.26,2026-06-30
DANC,,Manulife Financial Corp,0.25,2026-06-30
DANC,,Caterpillar Inc,0.25,2026-06-30
DANC,,Yum! Brands Inc,0.25,2026-06-30
DANC,,Waters Corp,0.22,2026-06-30
DANC,,Honeywell International Inc,0.22,2026-06-30
DANC,,Moody's Corp,0.20,2026-06-30
DANC,,KLA Corp,0.20,2026-06-30
DANC,,Exchange Income Corp,0.20,2026-06-30
DANC,,USD Currency,0.18,2026-06-30
DANC,,Danaher Corp,0.16,2026-06-30
DANC,,Amer Sports Inc,0.16,2026-06-30
DANC,,Walmart Inc,0.15,2026-06-30
DANC,,Medpace Holdings Inc,0.15,2026-06-30
DANC,,NVIDIA Corp,0.14,2026-06-30
DANC,,Synopsys Inc,0.12,2026-06-30
DANC,,Qualcomm Inc,0.09,2026-06-30
DANC,,Aritzia Inc,0.09,2026-06-30
DANC,,GROUPE DYNAMITE INC,0.00,2026-06-30
DANC,,Technology Select Sector SPDR ETF (XLK),-0.10,2026-06-30
DANC,,Lululemon Athletica Inc,-0.10,2026-06-30
DANC,,Cadence Design Systems Inc,-0.12,2026-06-30
DANC,,Zoetis Inc Cl A,-0.13,2026-06-30
DANC,,Avantor Inc,-0.14,2026-06-30
DANC,,Roundhill Magnificent Seven ETF (MAGS),-0.14,2026-06-30
DANC,,Nestle SA - ADR Sr B,-0.15,2026-06-30
DANC,,Quest Diagnostics Inc,-0.16,2026-06-30
DANC,,IDEXX Laboratories Inc,-0.16,2026-06-30
DANC,,Consumer Discretionary Select Sectr SPDR ETF (XLY),-0.17,2026-06-30
DANC,,Pet Valu Holdings Ltd,-0.20,2026-06-30
DANC,,Lam Research Corp,-0.20,2026-06-30
DANC,,Old Dominion Freight Line Inc,-0.20,2026-06-30
DANC,,WSP Global Inc,-0.20,2026-06-30
DANC,,Bristol-Myers Squibb Co,-0.20,2026-06-30
DANC,,CoStar Group Inc,-0.21,2026-06-30
DANC,,iShares US Aerospace & Defense ETF (ITA),-0.21,2026-06-30
DANC,,Domino's Pizza Inc,-0.23,2026-06-30
DANC,,Intact Financial Corp,-0.25,2026-06-30
DANC,,Vermilion Energy Inc,-0.26,2026-06-30
DANC,,SPDR S&P Retail ETF (XRT),-0.26,2026-06-30
DANC,,Deere & Co,-0.26,2026-06-30
DANC,,Broadcom Inc,-0.27,2026-06-30
DANC,,CCL Industries Inc Cl B,-0.28,2026-06-30
DANC,,TJX Cos Inc,-0.28,2026-06-30
DANC,,Deckers Outdoor Corp,-0.29,2026-06-30
DANC,,iShares Semiconductor ETF (SOXX),-0.29,2026-06-30
DANC,,Aflac Inc,-0.29,2026-06-30
DANC,,Rogers Communications Inc Cl B,-0.30,2026-06-30
DANC,,Blue Owl Capital Inc Cl A,-0.30,2026-06-30
DANC,,BlackRock Inc,-0.30,2026-06-30
DANC,,Palantir Technologies Inc Cl A,-0.30,2026-06-30
DANC,,Copart Inc,-0.30,2026-06-30
DANC,,S&P Global Inc,-0.30,2026-06-30
DANC,,Aecom,-0.31,2026-06-30
DANC,,CAE Inc,-0.31,2026-06-30
DANC,,iShares S&P/TSX 60 Index ETF (XIU),-0.31,2026-06-30
DANC,,Canadian Utilities Ltd Cl A,-0.32,2026-06-30
DANC,,FirstService Corp,-0.32,2026-06-30
DANC,,Enbridge Inc,-0.32,2026-06-30
DANC,,Canadian Tire Corp Ltd Cl A,-0.32,2026-06-30
DANC,,VanEck Gold Miners ETF (GDX),-0.33,2026-06-30
DANC,,iShares MSCI Canada ETF (EWC),-0.37,2026-06-30
DANC,,VanEck Oil Services ETF (OIH),-0.37,2026-06-30
DANC,,BCE Inc,-0.40,2026-06-30
DANC,,Canadian National Railway Co,-0.43,2026-06-30
DANC,,Pfizer Inc,-0.43,2026-06-30
DANC,,Health Care Select Sector SPDR ETF (XLV),-0.49,2026-06-30
DANC,,Financial Select Sector SPDR ETF (XLF),-0.51,2026-06-30
DANC,,CAE Inc,-0.51,2026-06-30
DANC,,Bank of America Corp,-0.52,2026-06-30
DANC,,Johnson & Johnson,-0.52,2026-06-30
DANC,,Waste Management Inc,-0.53,2026-06-30
DANC,,Industrial Select Sector SPDR ETF (XLI),-0.53,2026-06-30
DANC,,Visa Inc Cl A,-0.53,2026-06-30
DANC,,NXP Semiconductors NV,-0.55,2026-06-30
DANC,,Stantec Inc,-0.55,2026-06-30
DANC,,SPDR S&P 500 ETF Trust (SPY),-0.56,2026-06-30
DANC,,Materials Select Sector SPDR ETF (XLB),-0.60,2026-06-30
DANC,,Empire Co Ltd Cl A,-0.61,2026-06-30
DANC,,iShares S&P/TSX Capped Utilities Index ETF (XUT),-0.61,2026-06-30
DANC,,CGI Inc Cl A,-0.62,2026-06-30
DANC,,Freehold Royalties Ltd,-0.74,2026-06-30
DANC,,CAD Currency,-0.75,2026-06-30
DANC,,Energy Select Sector SPDR ETF (XLE),-0.89,2026-06-30
DANC,,Onex Corp,-0.93,2026-06-30
DANC,,Consolidated Edison Inc,-1.08,2026-06-30
DANC,,Union Pacific Corp,-1.35,2026-06-30
DANC,,Canadian Apartment Properties REIT - Units,-1.56,2026-06-30
DANC,,Real Estate Select Sector SPDR ETF (XLRE),-1.57,2026-06-30
DANC,,Invesco S&P 500 Low Volatility ETF (SPLV),-2.19,2026-06-30
DAMG,,TREASURY BILL 3.58 % 08-09-2026,63.86,2026-06-30
DAMG,,TREASURY BILL 09-07-2026,33.24,2026-06-30
DAMG,,iShares MSCI Hong Kong ETF (EWH),6.31,2026-06-30
DAMG,,TREASURY BILL 13-08-2026,4.14,2026-06-30
DAMG,,EUR Currency,0.50,2026-06-30
DAMG,,GBP Currency,0.16,2026-06-30
DAMG,,CAD Currency,0.13,2026-06-30
DAMG,,CHF Currency,0.08,2026-06-30
DAMG,,JPY Currency,-0.03,2026-06-30
DAMG,,SEK Currency,-0.10,2026-06-30
DAMG,,SGD Currency,-0.16,2026-06-30
DAMG,,AUD Currency,-0.31,2026-06-30
DAMG,,USD Currency,-7.82,2026-06-30
DAMG.U,,TREASURY BILL 3.58 % 08-09-2026,63.86,2026-06-30
DAMG.U,,TREASURY BILL 09-07-2026,33.24,2026-06-30
DAMG.U,,iShares MSCI Hong Kong ETF (EWH),6.31,2026-06-30
DAMG.U,,TREASURY BILL 13-08-2026,4.14,2026-06-30
DAMG.U,,EUR Currency,0.50,2026-06-30
DAMG.U,,GBP Currency,0.16,2026-06-30
DAMG.U,,CAD Currency,0.13,2026-06-30
DAMG.U,,CHF Currency,0.08,2026-06-30
DAMG.U,,JPY Currency,-0.03,2026-06-30
DAMG.U,,SEK Currency,-0.10,2026-06-30
DAMG.U,,SGD Currency,-0.16,2026-06-30
DAMG.U,,AUD Currency,-0.31,2026-06-30
DAMG.U,,USD Currency,-7.82,2026-06-30
DANC.U,,TORONTO DOMINION BANK 2.57 % 21-07-2026,10.93,2026-06-30
DANC.U,,Laurentian Bank of Canada 3.55% 20-Apr-2027,9.55,2026-06-30
DANC.U,,TOYOTA CREDIT CANADA INC. 2.43 % 29-07-2026,7.49,2026-06-30
DANC.U,,ENBRIDGE INC 2.81 % 30-07-2026,5.69,2026-06-30
DANC.U,,Glacier Credit Card Trust 4.74% 20-Sep-2026,5.25,2026-06-30
DANC.U,,Brookfield Corp 3.80% 16-Dec-2026,5.25,2026-06-30
DANC.U,,BANK OF MONTREAL 2.62 % 26-04-2027,5.23,2026-06-30
DANC.U,,AIMCo Realty Investors LP 3.37% 01-Jun-2027,4.77,2026-06-30
DANC.U,,BANK OF NOVA SCOTIA 2.57 % 05-02-2027,4.75,2026-06-30
DANC.U,,BANK OF MONTREAL 2.58 % 16-07-2026,4.75,2026-06-30
DANC.U,,ROYAL BANK OF CANADA 2.60 % 10-03-2027,4.28,2026-06-30
DANC.U,,ROYAL BANK OF CANADA 2.57 % 12-11-2026,4.04,2026-06-30
DANC.U,,Canada Government 1.25% 01-Mar-2027,3.77,2026-06-30
DANC.U,,Equitable Bank 5.16% 11-Jan-2027,3.36,2026-06-30
DANC.U,,HONDA CANADA FINANCE INC. 2.47 % 16-07-2026,2.61,2026-06-30
DANC.U,,ENBRIDGE INC 2.81 % 15-07-2026,2.54,2026-06-30
DANC.U,,ONTARIO POWER GENERATION INC. 2.51 % 08-07-2026,2.32,2026-06-30
DANC.U,,HONDA CANADA FINANCE INC. 2.64 % 23-07-2026,2.13,2026-06-30
DANC.U,,ONTARIO POWER GENERATION INC. 2.43 % 05-08-2026,1.68,2026-06-30
DANC.U,,HONDA CANADA FINANCE INC. 2.64 % 29-07-2026,1.49,2026-06-30
DANC.U,,ENBRIDGE INC 2.81 % 06-07-2026,1.21,2026-06-30
DANC.U,,NOVA SCOTIA POWER INC 2.79 % 29-06-2026,1.19,2026-06-30
DANC.U,,NOVA SCOTIA POWER INC 2.79 % 17-07-2026,1.19,2026-06-30
DANC.U,,INTER PIPELINE (CORRIDOR) INC 2.50 % 04-08-2026,1.14,2026-06-30
DANC.U,,Primaris REIT - Units Sr A,1.10,2026-06-30
DANC.U,,Fortis Inc,1.09,2026-06-30
DANC.U,,Crombie REIT 3.68% 26-Aug-2026,1.05,2026-06-30
DANC.U,,ONTARIO POWER GENERATION INC. 2.28 % 22-07-2026,0.95,2026-06-30
DANC.U,,ENBRIDGE INC 2.81 % 24-07-2026,0.95,2026-06-30
DANC.U,,Power Corp of Canada,0.94,2026-06-30
DANC.U,,Utilities Select Sector SPDR ETF (XLU),0.86,2026-06-30
DANC.U,,Canadian National Railway Co,0.83,2026-06-30
DANC.U,,ATKINSREALIS GROUP INC,0.80,2026-06-30
DANC.U,,Eli Lilly and Co,0.80,2026-06-30
DANC.U,,Prairiesky Royalty Ltd,0.74,2026-06-30
DANC.U,,Enerflex Ltd,0.74,2026-06-30
DANC.U,,Thermo Fisher Scientific Inc,0.71,2026-06-30
DANC.U,,Brookfield Renewable Partners LP - Units,0.68,2026-06-30
DANC.U,,Finning International Inc,0.67,2026-06-30
DANC.U,,IAMGOLD Corp,0.61,2026-06-30
DANC.U,,Capital Power Corp,0.61,2026-06-30
DANC.U,,Enerflex Ltd,0.60,2026-06-30
DANC.U,,Analog Devices Inc,0.57,2026-06-30
DANC.U,,Dollarama Inc,0.56,2026-06-30
DANC.U,,Parker-Hannifin Corp,0.55,2026-06-30
DANC.U,,HONDA CANADA FINANCE INC. 2.64 % 07-08-2026,0.54,2026-06-30
DANC.U,,Gildan Activewear Inc Cl A,0.54,2026-06-30
DANC.U,,Extendicare Inc,0.54,2026-06-30
DANC.U,,Mastercard Inc Cl A,0.53,2026-06-30
DANC.U,,Killam Apartment REIT - Units,0.52,2026-06-30
DANC.U,,Bank of New York Mellon Corp,0.51,2026-06-30
DANC.U,,Iron Mountain Inc,0.50,2026-06-30
DANC.U,,Citigroup Inc,0.49,2026-06-30
DANC.U,,Prologis Inc,0.49,2026-06-30
DANC.U,,Rentokil Initial PLC - ADR,0.48,2026-06-30
DANC.U,,Fairfax Financial Holdings Ltd,0.44,2026-06-30
DANC.U,,Magna International Inc,0.40,2026-06-30
DANC.U,,American Express Co,0.37,2026-06-30
DANC.U,,Alimentation Couche-Tard Inc,0.35,2026-06-30
DANC.U,,Elanco Animal Health Inc,0.34,2026-06-30
DANC.U,,UnitedHealth Group Inc,0.33,2026-06-30
DANC.U,,Victoria's Secret & Co,0.33,2026-06-30
DANC.U,,Kinaxis Inc,0.32,2026-06-30
DANC.U,,Atco Ltd Cl B,0.32,2026-06-30
DANC.U,,NFI Group Inc,0.32,2026-06-30
DANC.U,,RB Global Inc,0.32,2026-06-30
DANC.U,,Boyd Group Services Inc,0.31,2026-06-30
DANC.U,,JPMorgan Chase & Co,0.30,2026-06-30
DANC.U,,SPDR S&P Regional Banking ETF (KRE),0.30,2026-06-30
DANC.U,,Abbvie Inc,0.30,2026-06-30
DANC.U,,Marathon Petroleum Corp,0.30,2026-06-30
DANC.U,,Targa Resources Corp,0.30,2026-06-30
DANC.U,,TC Energy Corp,0.30,2026-06-30
DANC.U,,Aecon Group Inc,0.30,2026-06-30
DANC.U,,SIEMENS ENERGY AG SPON ADR,0.30,2026-06-30
DANC.U,,Brookfield Corp Cl A,0.29,2026-06-30
DANC.U,,Crh PLC,0.29,2026-06-30
DANC.U,,Micron Technology Inc,0.29,2026-06-30
DANC.U,,Constellation Software Inc,0.29,2026-06-30
DANC.U,,CORGI LITHOGRAPHY + SEMICONDUC,0.29,2026-06-30
DANC.U,,Amazon.com Inc,0.29,2026-06-30
DANC.U,,INTER PIPELINE (CORRIDOR) INC 2.49 % 22-07-2026,0.28,2026-06-30
DANC.U,,Taiwan Semiconductor Manufactrg Co Ltd - ADR,0.28,2026-06-30
DANC.U,,Kontoor Brands Inc,0.27,2026-06-30
DANC.U,,Sherwin-Williams Co,0.27,2026-06-30
DANC.U,,iA Financial Corp Inc,0.27,2026-06-30
DANC.U,,Amphenol Corp Cl A,0.26,2026-06-30
DANC.U,,Tamarack Valley Energy Ltd,0.26,2026-06-30
DANC.U,,Manulife Financial Corp,0.25,2026-06-30
DANC.U,,Caterpillar Inc,0.25,2026-06-30
DANC.U,,Yum! Brands Inc,0.25,2026-06-30
DANC.U,,Waters Corp,0.22,2026-06-30
DANC.U,,Honeywell International Inc,0.22,2026-06-30
DANC.U,,Moody's Corp,0.20,2026-06-30
DANC.U,,KLA Corp,0.20,2026-06-30
DANC.U,,Exchange Income Corp,0.20,2026-06-30
DANC.U,,USD Currency,0.18,2026-06-30
DANC.U,,Danaher Corp,0.16,2026-06-30
DANC.U,,Amer Sports Inc,0.16,2026-06-30
DANC.U,,Walmart Inc,0.15,2026-06-30
DANC.U,,Medpace Holdings Inc,0.15,2026-06-30
DANC.U,,NVIDIA Corp,0.14,2026-06-30
DANC.U,,Synopsys Inc,0.12,2026-06-30
DANC.U,,Qualcomm Inc,0.09,2026-06-30
DANC.U,,Aritzia Inc,0.09,2026-06-30
DANC.U,,GROUPE DYNAMITE INC,0.00,2026-06-30
DANC.U,,Technology Select Sector SPDR ETF (XLK),-0.10,2026-06-30
DANC.U,,Lululemon Athletica Inc,-0.10,2026-06-30
DANC.U,,Cadence Design Systems Inc,-0.12,2026-06-30
DANC.U,,Zoetis Inc Cl A,-0.13,2026-06-30
DANC.U,,Avantor Inc,-0.14,2026-06-30
DANC.U,,Roundhill Magnificent Seven ETF (MAGS),-0.14,2026-06-30
DANC.U,,Nestle SA - ADR Sr B,-0.15,2026-06-30
DANC.U,,Quest Diagnostics Inc,-0.16,2026-06-30
DANC.U,,IDEXX Laboratories Inc,-0.16,2026-06-30
DANC.U,,Consumer Discretionary Select Sectr SPDR ETF (XLY),-0.17,2026-06-30
DANC.U,,Pet Valu Holdings Ltd,-0.20,2026-06-30
DANC.U,,Lam Research Corp,-0.20,2026-06-30
DANC.U,,Old Dominion Freight Line Inc,-0.20,2026-06-30
DANC.U,,WSP Global Inc,-0.20,2026-06-30
DANC.U,,Bristol-Myers Squibb Co,-0.20,2026-06-30
DANC.U,,CoStar Group Inc,-0.21,2026-06-30
DANC.U,,iShares US Aerospace & Defense ETF (ITA),-0.21,2026-06-30
DANC.U,,Domino's Pizza Inc,-0.23,2026-06-30
DANC.U,,Intact Financial Corp,-0.25,2026-06-30
DANC.U,,Vermilion Energy Inc,-0.26,2026-06-30
DANC.U,,SPDR S&P Retail ETF (XRT),-0.26,2026-06-30
DANC.U,,Deere & Co,-0.26,2026-06-30
DANC.U,,Broadcom Inc,-0.27,2026-06-30
DANC.U,,CCL Industries Inc Cl B,-0.28,2026-06-30
DANC.U,,TJX Cos Inc,-0.28,2026-06-30
DANC.U,,Deckers Outdoor Corp,-0.29,2026-06-30
DANC.U,,iShares Semiconductor ETF (SOXX),-0.29,2026-06-30
DANC.U,,Aflac Inc,-0.29,2026-06-30
DANC.U,,Rogers Communications Inc Cl B,-0.30,2026-06-30
DANC.U,,Blue Owl Capital Inc Cl A,-0.30,2026-06-30
DANC.U,,BlackRock Inc,-0.30,2026-06-30
DANC.U,,Palantir Technologies Inc Cl A,-0.30,2026-06-30
DANC.U,,Copart Inc,-0.30,2026-06-30
DANC.U,,S&P Global Inc,-0.30,2026-06-30
DANC.U,,Aecom,-0.31,2026-06-30
DANC.U,,CAE Inc,-0.31,2026-06-30
DANC.U,,iShares S&P/TSX 60 Index ETF (XIU),-0.31,2026-06-30
DANC.U,,Canadian Utilities Ltd Cl A,-0.32,2026-06-30
DANC.U,,FirstService Corp,-0.32,2026-06-30
DANC.U,,Enbridge Inc,-0.32,2026-06-30
DANC.U,,Canadian Tire Corp Ltd Cl A,-0.32,2026-06-30
DANC.U,,VanEck Gold Miners ETF (GDX),-0.33,2026-06-30
DANC.U,,iShares MSCI Canada ETF (EWC),-0.37,2026-06-30
DANC.U,,VanEck Oil Services ETF (OIH),-0.37,2026-06-30
DANC.U,,BCE Inc,-0.40,2026-06-30
DANC.U,,Canadian National Railway Co,-0.43,2026-06-30
DANC.U,,Pfizer Inc,-0.43,2026-06-30
DANC.U,,Health Care Select Sector SPDR ETF (XLV),-0.49,2026-06-30
DANC.U,,Financial Select Sector SPDR ETF (XLF),-0.51,2026-06-30
DANC.U,,CAE Inc,-0.51,2026-06-30
DANC.U,,Bank of America Corp,-0.52,2026-06-30
DANC.U,,Johnson & Johnson,-0.52,2026-06-30
DANC.U,,Waste Management Inc,-0.53,2026-06-30
DANC.U,,Industrial Select Sector SPDR ETF (XLI),-0.53,2026-06-30
DANC.U,,Visa Inc Cl A,-0.53,2026-06-30
DANC.U,,NXP Semiconductors NV,-0.55,2026-06-30
DANC.U,,Stantec Inc,-0.55,2026-06-30
DANC.U,,SPDR S&P 500 ETF Trust (SPY),-0.56,2026-06-30
DANC.U,,Materials Select Sector SPDR ETF (XLB),-0.60,2026-06-30
DANC.U,,Empire Co Ltd Cl A,-0.61,2026-06-30
DANC.U,,iShares S&P/TSX Capped Utilities Index ETF (XUT),-0.61,2026-06-30
DANC.U,,CGI Inc Cl A,-0.62,2026-06-30
DANC.U,,Freehold Royalties Ltd,-0.74,2026-06-30
DANC.U,,CAD Currency,-0.75,2026-06-30
DANC.U,,Energy Select Sector SPDR ETF (XLE),-0.89,2026-06-30
DANC.U,,Onex Corp,-0.93,2026-06-30
DANC.U,,Consolidated Edison Inc,-1.08,2026-06-30
DANC.U,,Union Pacific Corp,-1.35,2026-06-30
DANC.U,,Canadian Apartment Properties REIT - Units,-1.56,2026-06-30
DANC.U,,Real Estate Select Sector SPDR ETF (XLRE),-1.57,2026-06-30
DANC.U,,Invesco S&P 500 Low Volatility ETF (SPLV),-2.19,2026-06-30
DGLM,,Canada Government 0.00% 21-Oct-2026,30.27,2026-09-17
DGLM,,CAD Currency,21.90,2026-09-17
DGLM,,Canada Government 0.00% 04-Nov-2026,20.53,2026-09-17
DGLM,,Canada Government 0.00% 07-Oct-2026,16.23,2026-09-17
DGLM,,Canada Government 0.00% 23-Sep-2026,14.08,2026-09-17
DGLM,,JPY Currency,0.08,2026-09-17
DGLM,,SEK Currency,-0.00,2026-09-17
DGLM,,SEK Currency,-0.00,2026-09-17
DGLM,,HKD Currency,-0.01,2026-09-17
DGLM,,HKD Currency,-0.02,2026-09-17
DGLM,,AUD Currency,-0.05,2026-09-17
DGLM,,GBP Currency,-0.10,2026-09-17
DGLM,,EUR Currency,-0.17,2026-09-17
DGLM,,GBP Currency,-0.29,2026-09-17
DGLM,,EUR Currency,-0.52,2026-09-17
DGLM,,USD Currency,-2.41,2026-09-17
