etf_ticker,etf_name,holding_ticker,holding_name,weight_pct,as_of_date,source,provider
RBO,RBC 1-5 Year Laddered Canadian Corporate Bond ETF,,RBC Target 2027 Canadian Corporate Bond Index ETF,20.1452,2026-09-18,RBC GAM holdings CSV (rbcgam.com),RBC GAM
RBO,RBC 1-5 Year Laddered Canadian Corporate Bond ETF,,RBC Target 2028 Canadian Corporate Bond Index ETF,20.058561,2026-09-18,RBC GAM holdings CSV (rbcgam.com),RBC GAM
RBO,RBC 1-5 Year Laddered Canadian Corporate Bond ETF,,RBC Target 2029 Canadian Corporate Bond Index ETF,19.977614,2026-09-18,RBC GAM holdings CSV (rbcgam.com),RBC GAM
RBO,RBC 1-5 Year Laddered Canadian Corporate Bond ETF,,RBC Target 2030 Canadian Corporate Bond Index ETF,19.930026,2026-09-18,RBC GAM holdings CSV (rbcgam.com),RBC GAM
RBO,RBC 1-5 Year Laddered Canadian Corporate Bond ETF,,RBC Target 2031 Canadian Corporate Bond ETF,19.888599,2026-09-18,RBC GAM holdings CSV (rbcgam.com),RBC GAM
RCD,RBC Quant Canadian Dividend Leaders ETF,,Bank of Nova Scotia,6.576501,2026-09-18,RBC GAM holdings CSV (rbcgam.com),RBC GAM
RCD,RBC Quant Canadian Dividend Leaders ETF,,Toronto-Dominion Bank,6.560681,2026-09-18,RBC GAM holdings CSV (rbcgam.com),RBC GAM
RCD,RBC Quant Canadian Dividend Leaders ETF,,Royal Bank of Canada,6.044122,2026-09-18,RBC GAM holdings CSV (rbcgam.com),RBC GAM
RCD,RBC Quant Canadian Dividend Leaders ETF,,Bank of Montreal,5.502628,2026-09-18,RBC GAM holdings CSV (rbcgam.com),RBC GAM
RCD,RBC Quant Canadian Dividend Leaders ETF,,TC Energy Corp,4.843497,2026-09-18,RBC GAM holdings CSV (rbcgam.com),RBC GAM
RCD,RBC Quant Canadian Dividend Leaders ETF,,Canadian Natural Resources Ltd,4.619603,2026-09-18,RBC GAM holdings CSV (rbcgam.com),RBC GAM
RCD,RBC Quant Canadian Dividend Leaders ETF,,Manulife Financial Corp,4.5186,2026-09-18,RBC GAM holdings CSV (rbcgam.com),RBC GAM
RCD,RBC Quant Canadian Dividend Leaders ETF,,Barrick Mining Corp,3.941884,2026-09-18,RBC GAM holdings CSV (rbcgam.com),RBC GAM
RCD,RBC Quant Canadian Dividend Leaders ETF,,Kinross Gold Corp,3.802853,2026-09-18,RBC GAM holdings CSV (rbcgam.com),RBC GAM
RCD,RBC Quant Canadian Dividend Leaders ETF,,Constellation Software Inc/Canada,3.755484,2026-09-18,RBC GAM holdings CSV (rbcgam.com),RBC GAM
RCD,RBC Quant Canadian Dividend Leaders ETF,,Canadian National Railway Co,2.500229,2026-09-18,RBC GAM holdings CSV (rbcgam.com),RBC GAM
RCD,RBC Quant Canadian Dividend Leaders ETF,,George Weston Ltd,2.496073,2026-09-18,RBC GAM holdings CSV (rbcgam.com),RBC GAM
RCD,RBC Quant Canadian Dividend Leaders ETF,,Lundin Gold Inc,2.388428,2026-09-18,RBC GAM holdings CSV (rbcgam.com),RBC GAM
RCD,RBC Quant Canadian Dividend Leaders ETF,,Sun Life Financial Inc,2.33939,2026-09-18,RBC GAM holdings CSV (rbcgam.com),RBC GAM
RCD,RBC Quant Canadian Dividend Leaders ETF,,Suncor Energy Inc,2.3341,2026-09-18,RBC GAM holdings CSV (rbcgam.com),RBC GAM
RCD,RBC Quant Canadian Dividend Leaders ETF,,RioCan Real Estate Investment Trust,2.22003,2026-09-18,RBC GAM holdings CSV (rbcgam.com),RBC GAM
RCD,RBC Quant Canadian Dividend Leaders ETF,,Open Text Corp,2.2008,2026-09-18,RBC GAM holdings CSV (rbcgam.com),RBC GAM
RCD,RBC Quant Canadian Dividend Leaders ETF,,BCE Inc,2.075699,2026-09-18,RBC GAM holdings CSV (rbcgam.com),RBC GAM
RCD,RBC Quant Canadian Dividend Leaders ETF,,Cameco Corp,1.940533,2026-09-18,RBC GAM holdings CSV (rbcgam.com),RBC GAM
RCD,RBC Quant Canadian Dividend Leaders ETF,,OceanaGold Corp,1.858612,2026-09-18,RBC GAM holdings CSV (rbcgam.com),RBC GAM
RCD,RBC Quant Canadian Dividend Leaders ETF,,Northland Power Inc,1.729361,2026-09-18,RBC GAM holdings CSV (rbcgam.com),RBC GAM
RCD,RBC Quant Canadian Dividend Leaders ETF,,Whitecap Resources Inc,1.622826,2026-09-18,RBC GAM holdings CSV (rbcgam.com),RBC GAM
RCD,RBC Quant Canadian Dividend Leaders ETF,,Gibson Energy Inc,1.373303,2026-09-18,RBC GAM holdings CSV (rbcgam.com),RBC GAM
RCD,RBC Quant Canadian Dividend Leaders ETF,,Aecon Group Inc,1.341048,2026-09-18,RBC GAM holdings CSV (rbcgam.com),RBC GAM
RCD,RBC Quant Canadian Dividend Leaders ETF,,Atco Ltd/Canada - Class I Shares,1.339879,2026-09-18,RBC GAM holdings CSV (rbcgam.com),RBC GAM
RCD,RBC Quant Canadian Dividend Leaders ETF,,Lundin Mining Corp,1.303248,2026-09-18,RBC GAM holdings CSV (rbcgam.com),RBC GAM
RCD,RBC Quant Canadian Dividend Leaders ETF,,South Bow Corp,1.284875,2026-09-18,RBC GAM holdings CSV (rbcgam.com),RBC GAM
RCD,RBC Quant Canadian Dividend Leaders ETF,,Toromont Industries Ltd,1.196895,2026-09-18,RBC GAM holdings CSV (rbcgam.com),RBC GAM
RCD,RBC Quant Canadian Dividend Leaders ETF,,Power Corp of Canada,1.160087,2026-09-18,RBC GAM holdings CSV (rbcgam.com),RBC GAM
RCD,RBC Quant Canadian Dividend Leaders ETF,,Great-West Lifeco Inc,0.938019,2026-09-18,RBC GAM holdings CSV (rbcgam.com),RBC GAM
RCD,RBC Quant Canadian Dividend Leaders ETF,,Enbridge Inc,0.917518,2026-09-18,RBC GAM holdings CSV (rbcgam.com),RBC GAM
RCD,RBC Quant Canadian Dividend Leaders ETF,,Vermilion Energy Inc,0.88642,2026-09-18,RBC GAM holdings CSV (rbcgam.com),RBC GAM
RCD,RBC Quant Canadian Dividend Leaders ETF,,Dream Industrial Real Estate Investment Trust,0.846098,2026-09-18,RBC GAM holdings CSV (rbcgam.com),RBC GAM
RCD,RBC Quant Canadian Dividend Leaders ETF,,B2Gold Corp,0.806616,2026-09-18,RBC GAM holdings CSV (rbcgam.com),RBC GAM
RCD,RBC Quant Canadian Dividend Leaders ETF,,Bird Construction Inc,0.700026,2026-09-18,RBC GAM holdings CSV (rbcgam.com),RBC GAM
RCD,RBC Quant Canadian Dividend Leaders ETF,,Nutrien Ltd,0.622756,2026-09-18,RBC GAM holdings CSV (rbcgam.com),RBC GAM
RCD,RBC Quant Canadian Dividend Leaders ETF,,IGM Financial Inc,0.621981,2026-09-18,RBC GAM holdings CSV (rbcgam.com),RBC GAM
RCD,RBC Quant Canadian Dividend Leaders ETF,,Brookfield Asset Management Ltd - Class A Shares,0.620386,2026-09-18,RBC GAM holdings CSV (rbcgam.com),RBC GAM
RCD,RBC Quant Canadian Dividend Leaders ETF,,SmartCentres Real Estate Investment Trust,0.585311,2026-09-18,RBC GAM holdings CSV (rbcgam.com),RBC GAM
RCD,RBC Quant Canadian Dividend Leaders ETF,,Finning International Inc,0.57488,2026-09-18,RBC GAM holdings CSV (rbcgam.com),RBC GAM
RCD,RBC Quant Canadian Dividend Leaders ETF,,Canadian Tire Corp Ltd - Class A Shares,0.572255,2026-09-18,RBC GAM holdings CSV (rbcgam.com),RBC GAM
RCD,RBC Quant Canadian Dividend Leaders ETF,,Linamar Corp,0.568814,2026-09-18,RBC GAM holdings CSV (rbcgam.com),RBC GAM
RCD,RBC Quant Canadian Dividend Leaders ETF,,BRP Inc,0.559642,2026-09-18,RBC GAM holdings CSV (rbcgam.com),RBC GAM
RCD,RBC Quant Canadian Dividend Leaders ETF,,Methanex Corp,0.532616,2026-09-18,RBC GAM holdings CSV (rbcgam.com),RBC GAM
RCD,RBC Quant Canadian Dividend Leaders ETF,,Magna International Inc,0.485099,2026-09-18,RBC GAM holdings CSV (rbcgam.com),RBC GAM
RCD,RBC Quant Canadian Dividend Leaders ETF,,Empire Co Ltd,0.4535,2026-09-18,RBC GAM holdings CSV (rbcgam.com),RBC GAM
RCD,RBC Quant Canadian Dividend Leaders ETF,,Parex Resources Inc,0.444472,2026-09-18,RBC GAM holdings CSV (rbcgam.com),RBC GAM
RCD,RBC Quant Canadian Dividend Leaders ETF,,First Majestic Silver Corp,0.313631,2026-09-18,RBC GAM holdings CSV (rbcgam.com),RBC GAM
RCD,RBC Quant Canadian Dividend Leaders ETF,,TFI International Inc,0.310356,2026-09-18,RBC GAM holdings CSV (rbcgam.com),RBC GAM
RCD,RBC Quant Canadian Dividend Leaders ETF,,Algonquin Power & Utilities Corp,0.302334,2026-09-18,RBC GAM holdings CSV (rbcgam.com),RBC GAM
RCD,RBC Quant Canadian Dividend Leaders ETF,,Pan American Silver Corp,0.279334,2026-09-18,RBC GAM holdings CSV (rbcgam.com),RBC GAM
RCD,RBC Quant Canadian Dividend Leaders ETF,,Alimentation Couche-Tard Inc,0.270819,2026-09-18,RBC GAM holdings CSV (rbcgam.com),RBC GAM
RCD,RBC Quant Canadian Dividend Leaders ETF,,TMX Group Ltd,0.263401,2026-09-18,RBC GAM holdings CSV (rbcgam.com),RBC GAM
RCD,RBC Quant Canadian Dividend Leaders ETF,,Mullen Group Ltd,0.257773,2026-09-18,RBC GAM holdings CSV (rbcgam.com),RBC GAM
RCD,RBC Quant Canadian Dividend Leaders ETF,,Canadian Utilities Ltd - Class A Shares,0.235911,2026-09-18,RBC GAM holdings CSV (rbcgam.com),RBC GAM
RCD,RBC Quant Canadian Dividend Leaders ETF,,Element Fleet Management Corp,0.179336,2026-09-18,RBC GAM holdings CSV (rbcgam.com),RBC GAM
RCD,RBC Quant Canadian Dividend Leaders ETF,,Cogeco Communications Inc,0.171682,2026-09-18,RBC GAM holdings CSV (rbcgam.com),RBC GAM
RCD,RBC Quant Canadian Dividend Leaders ETF,,Stella-Jones Inc,0.167924,2026-09-18,RBC GAM holdings CSV (rbcgam.com),RBC GAM
RCD,RBC Quant Canadian Dividend Leaders ETF,,Agnico Eagle Mines Ltd,0.152173,2026-09-18,RBC GAM holdings CSV (rbcgam.com),RBC GAM
RCD,RBC Quant Canadian Dividend Leaders ETF,,Granite Real Estate Investment Trust,0.104356,2026-09-18,RBC GAM holdings CSV (rbcgam.com),RBC GAM
RCD,RBC Quant Canadian Dividend Leaders ETF,,Torex Gold Resources Inc,0.10409,2026-09-18,RBC GAM holdings CSV (rbcgam.com),RBC GAM
RCD,RBC Quant Canadian Dividend Leaders ETF,,Superior Plus Corp,0.066201,2026-09-18,RBC GAM holdings CSV (rbcgam.com),RBC GAM
RCD,RBC Quant Canadian Dividend Leaders ETF,,Canadian Imperial Bank of Commerce,0.06482,2026-09-18,RBC GAM holdings CSV (rbcgam.com),RBC GAM
RCD,RBC Quant Canadian Dividend Leaders ETF,,Labrador Iron Ore Royalty Corp,0.059905,2026-09-18,RBC GAM holdings CSV (rbcgam.com),RBC GAM
RCD,RBC Quant Canadian Dividend Leaders ETF,,Russel Metals Inc,0.052604,2026-09-18,RBC GAM holdings CSV (rbcgam.com),RBC GAM
RCD,RBC Quant Canadian Dividend Leaders ETF,,Waste Connections Inc,0.035672,2026-09-18,RBC GAM holdings CSV (rbcgam.com),RBC GAM
RCDC,RBC Canadian Dividend Covered Call ETF,,Royal Bank of Canada,9.46531,2026-09-18,RBC GAM holdings CSV (rbcgam.com),RBC GAM
RCDC,RBC Canadian Dividend Covered Call ETF,,Toronto-Dominion Bank,8.626668,2026-09-18,RBC GAM holdings CSV (rbcgam.com),RBC GAM
RCDC,RBC Canadian Dividend Covered Call ETF,,Bank of Montreal,5.131314,2026-09-18,RBC GAM holdings CSV (rbcgam.com),RBC GAM
RCDC,RBC Canadian Dividend Covered Call ETF,,Enbridge Inc,4.254149,2026-09-18,RBC GAM holdings CSV (rbcgam.com),RBC GAM
RCDC,RBC Canadian Dividend Covered Call ETF,,Canadian Imperial Bank of Commerce,4.086751,2026-09-18,RBC GAM holdings CSV (rbcgam.com),RBC GAM
RCDC,RBC Canadian Dividend Covered Call ETF,,Power Corp of Canada,3.837866,2026-09-18,RBC GAM holdings CSV (rbcgam.com),RBC GAM
RCDC,RBC Canadian Dividend Covered Call ETF,,Bank of Nova Scotia,3.80114,2026-09-18,RBC GAM holdings CSV (rbcgam.com),RBC GAM
RCDC,RBC Canadian Dividend Covered Call ETF,,Canadian Pacific Kansas City Ltd,3.787937,2026-09-18,RBC GAM holdings CSV (rbcgam.com),RBC GAM
RCDC,RBC Canadian Dividend Covered Call ETF,,Manulife Financial Corp,3.716657,2026-09-18,RBC GAM holdings CSV (rbcgam.com),RBC GAM
RCDC,RBC Canadian Dividend Covered Call ETF,,Brookfield Corp,3.281486,2026-09-18,RBC GAM holdings CSV (rbcgam.com),RBC GAM
RCDC,RBC Canadian Dividend Covered Call ETF,,Canadian Natural Resources Ltd,3.256701,2026-09-18,RBC GAM holdings CSV (rbcgam.com),RBC GAM
RCDC,RBC Canadian Dividend Covered Call ETF,,iShares S&P/TSX Global Gold Index ETF,2.903719,2026-09-18,RBC GAM holdings CSV (rbcgam.com),RBC GAM
RCDC,RBC Canadian Dividend Covered Call ETF,,Agnico Eagle Mines Ltd,2.744672,2026-09-18,RBC GAM holdings CSV (rbcgam.com),RBC GAM
RCDC,RBC Canadian Dividend Covered Call ETF,,Canadian National Railway Co,2.615839,2026-09-18,RBC GAM holdings CSV (rbcgam.com),RBC GAM
RCDC,RBC Canadian Dividend Covered Call ETF,,Suncor Energy Inc,2.42411,2026-09-18,RBC GAM holdings CSV (rbcgam.com),RBC GAM
RCDC,RBC Canadian Dividend Covered Call ETF,,TC Energy Corp,2.40964,2026-09-18,RBC GAM holdings CSV (rbcgam.com),RBC GAM
RCDC,RBC Canadian Dividend Covered Call ETF,,Waste Connections Inc,2.208664,2026-09-18,RBC GAM holdings CSV (rbcgam.com),RBC GAM
RCDC,RBC Canadian Dividend Covered Call ETF,,Alimentation Couche-Tard Inc,2.115337,2026-09-18,RBC GAM holdings CSV (rbcgam.com),RBC GAM
RCDC,RBC Canadian Dividend Covered Call ETF,,National Bank of Canada,1.999874,2026-09-18,RBC GAM holdings CSV (rbcgam.com),RBC GAM
RCDC,RBC Canadian Dividend Covered Call ETF,,George Weston Ltd,1.955992,2026-09-18,RBC GAM holdings CSV (rbcgam.com),RBC GAM
RCDC,RBC Canadian Dividend Covered Call ETF,,Sun Life Financial Inc,1.807888,2026-09-18,RBC GAM holdings CSV (rbcgam.com),RBC GAM
RCDC,RBC Canadian Dividend Covered Call ETF,,Nutrien Ltd,1.625512,2026-09-18,RBC GAM holdings CSV (rbcgam.com),RBC GAM
RCDC,RBC Canadian Dividend Covered Call ETF,,Restaurant Brands International Inc,1.463371,2026-09-18,RBC GAM holdings CSV (rbcgam.com),RBC GAM
RCDC,RBC Canadian Dividend Covered Call ETF,,Thomson Reuters Corp,1.297446,2026-09-18,RBC GAM holdings CSV (rbcgam.com),RBC GAM
RCDC,RBC Canadian Dividend Covered Call ETF,,Intact Financial Corp,1.268064,2026-09-18,RBC GAM holdings CSV (rbcgam.com),RBC GAM
RCDC,RBC Canadian Dividend Covered Call ETF,,Brookfield Infrastructure Partners LP - Partnership Shares,1.246346,2026-09-18,RBC GAM holdings CSV (rbcgam.com),RBC GAM
RCDC,RBC Canadian Dividend Covered Call ETF,,Pembina Pipeline Corp,1.186094,2026-09-18,RBC GAM holdings CSV (rbcgam.com),RBC GAM
RCDC,RBC Canadian Dividend Covered Call ETF,,AltaGas Ltd,1.102449,2026-09-18,RBC GAM holdings CSV (rbcgam.com),RBC GAM
RCDC,RBC Canadian Dividend Covered Call ETF,,Loblaw Cos Ltd,1.034889,2026-09-18,RBC GAM holdings CSV (rbcgam.com),RBC GAM
RCDC,RBC Canadian Dividend Covered Call ETF,,PrairieSky Royalty Ltd,0.98486,2026-09-18,RBC GAM holdings CSV (rbcgam.com),RBC GAM
RCDC,RBC Canadian Dividend Covered Call ETF,,First Capital Real Estate Investment Trust,0.949424,2026-09-18,RBC GAM holdings CSV (rbcgam.com),RBC GAM
RCDC,RBC Canadian Dividend Covered Call ETF,,Fortis Inc/Canada,0.93511,2026-09-18,RBC GAM holdings CSV (rbcgam.com),RBC GAM
RCDC,RBC Canadian Dividend Covered Call ETF,,Keyera Corp,0.905144,2026-09-18,RBC GAM holdings CSV (rbcgam.com),RBC GAM
RCDC,RBC Canadian Dividend Covered Call ETF,,Teck Resources Ltd - Class B Shares,0.876831,2026-09-18,RBC GAM holdings CSV (rbcgam.com),RBC GAM
RCDC,RBC Canadian Dividend Covered Call ETF,,Imperial Oil Ltd,0.839674,2026-09-18,RBC GAM holdings CSV (rbcgam.com),RBC GAM
RCDC,RBC Canadian Dividend Covered Call ETF,,Atco Ltd/Canada - Class I Shares,0.832119,2026-09-18,RBC GAM holdings CSV (rbcgam.com),RBC GAM
RCDC,RBC Canadian Dividend Covered Call ETF,,South Bow Corp,0.82048,2026-09-18,RBC GAM holdings CSV (rbcgam.com),RBC GAM
RCDC,RBC Canadian Dividend Covered Call ETF,,Onex Corp,0.712683,2026-09-18,RBC GAM holdings CSV (rbcgam.com),RBC GAM
RCDC,RBC Canadian Dividend Covered Call ETF,,Metro Inc/CN,0.680826,2026-09-18,RBC GAM holdings CSV (rbcgam.com),RBC GAM
RCDC,RBC Canadian Dividend Covered Call ETF,,Emera Inc,0.601808,2026-09-18,RBC GAM holdings CSV (rbcgam.com),RBC GAM
RCDC,RBC Canadian Dividend Covered Call ETF,,BCE Inc,0.592105,2026-09-18,RBC GAM holdings CSV (rbcgam.com),RBC GAM
RCDC,RBC Canadian Dividend Covered Call ETF,,TransAlta Corp,0.53075,2026-09-18,RBC GAM holdings CSV (rbcgam.com),RBC GAM
RCDC,RBC Canadian Dividend Covered Call ETF,,Element Fleet Management Corp,0.526955,2026-09-18,RBC GAM holdings CSV (rbcgam.com),RBC GAM
RCDC,RBC Canadian Dividend Covered Call ETF,,Choice Properties Real Estate Investment Trust,0.469871,2026-09-18,RBC GAM holdings CSV (rbcgam.com),RBC GAM
RCDC,RBC Canadian Dividend Covered Call ETF,,TELUS Corp,0.455506,2026-09-18,RBC GAM holdings CSV (rbcgam.com),RBC GAM
RCDC,RBC Canadian Dividend Covered Call ETF,,West Fraser Timber Co Ltd,0.445595,2026-09-18,RBC GAM holdings CSV (rbcgam.com),RBC GAM
RCDC,RBC Canadian Dividend Covered Call ETF,,Colliers International Group Inc,0.43997,2026-09-18,RBC GAM holdings CSV (rbcgam.com),RBC GAM
RCDC,RBC Canadian Dividend Covered Call ETF,,Brookfield Renewable Partners LP - Partnership Shares,0.37067,2026-09-18,RBC GAM holdings CSV (rbcgam.com),RBC GAM
RCDC,RBC Canadian Dividend Covered Call ETF,,Rogers Communications Inc - Class B Shares,0.304747,2026-09-18,RBC GAM holdings CSV (rbcgam.com),RBC GAM
RCDC,RBC Canadian Dividend Covered Call ETF,,Labrador Iron Ore Royalty Corp,0.239081,2026-09-18,RBC GAM holdings CSV (rbcgam.com),RBC GAM
RCDC,RBC Canadian Dividend Covered Call ETF,,Brookfield Renewable Partners LP Call@50 Oct 16 2026,-0.000608,2026-09-18,RBC GAM holdings CSV (rbcgam.com),RBC GAM
RCDC,RBC Canadian Dividend Covered Call ETF,,Labrador Iron Ore Royalty Corp Call@27 Oct 16 2026,-0.001019,2026-09-18,RBC GAM holdings CSV (rbcgam.com),RBC GAM
RCDC,RBC Canadian Dividend Covered Call ETF,,Fortis Inc/Canada Call@80 Oct 16 2026,-0.001108,2026-09-18,RBC GAM holdings CSV (rbcgam.com),RBC GAM
RCDC,RBC Canadian Dividend Covered Call ETF,,Element Fleet Management Corp Call@31 Oct 16 2026,-0.001115,2026-09-18,RBC GAM holdings CSV (rbcgam.com),RBC GAM
RCDC,RBC Canadian Dividend Covered Call ETF,,Intact Financial Corp Call@290 Oct 16 2026,-0.00123,2026-09-18,RBC GAM holdings CSV (rbcgam.com),RBC GAM
RCDC,RBC Canadian Dividend Covered Call ETF,,Keyera Corp Call@60 Oct 16 2026,-0.001555,2026-09-18,RBC GAM holdings CSV (rbcgam.com),RBC GAM
RCDC,RBC Canadian Dividend Covered Call ETF,,Brookfield Infrastructure Partners LP Call@58 Oct 16 2026,-0.001898,2026-09-18,RBC GAM holdings CSV (rbcgam.com),RBC GAM
RCDC,RBC Canadian Dividend Covered Call ETF,,Emera Inc Call@72 Oct 16 2026,-0.00233,2026-09-18,RBC GAM holdings CSV (rbcgam.com),RBC GAM
RCDC,RBC Canadian Dividend Covered Call ETF,,TELUS Corp Call@13.5 Oct 16 2026,-0.002513,2026-09-18,RBC GAM holdings CSV (rbcgam.com),RBC GAM
RCDC,RBC Canadian Dividend Covered Call ETF,,Waste Connections Inc Call@245 Oct 16 2026,-0.00264,2026-09-18,RBC GAM holdings CSV (rbcgam.com),RBC GAM
RCDC,RBC Canadian Dividend Covered Call ETF,,Canadian Imperial Bank of Commerce Call@175 Oct 16 2026,-0.002652,2026-09-18,RBC GAM holdings CSV (rbcgam.com),RBC GAM
RCDC,RBC Canadian Dividend Covered Call ETF,,Loblaw Cos Ltd Call@66 Oct 16 2026,-0.003159,2026-09-18,RBC GAM holdings CSV (rbcgam.com),RBC GAM
RCDC,RBC Canadian Dividend Covered Call ETF,,Alimentation Couche-Tard Inc Call@86 Oct 16 2026,-0.003331,2026-09-18,RBC GAM holdings CSV (rbcgam.com),RBC GAM
RCDC,RBC Canadian Dividend Covered Call ETF,,Canadian National Railway Co Call@180 Oct 16 2026,-0.004136,2026-09-18,RBC GAM holdings CSV (rbcgam.com),RBC GAM
RCDC,RBC Canadian Dividend Covered Call ETF,,Pembina Pipeline Corp Call@70 Oct 16 2026,-0.005685,2026-09-18,RBC GAM holdings CSV (rbcgam.com),RBC GAM
RCDC,RBC Canadian Dividend Covered Call ETF,,George Weston Ltd Call@105 Oct 16 2026,-0.006884,2026-09-18,RBC GAM holdings CSV (rbcgam.com),RBC GAM
RCDC,RBC Canadian Dividend Covered Call ETF,,TransAlta Corp Call@18.5 Oct 16 2026,-0.007276,2026-09-18,RBC GAM holdings CSV (rbcgam.com),RBC GAM
RCDC,RBC Canadian Dividend Covered Call ETF,,Canadian Pacific Kansas City Ltd Call@135 Oct 16 2026,-0.008326,2026-09-18,RBC GAM holdings CSV (rbcgam.com),RBC GAM
RCDC,RBC Canadian Dividend Covered Call ETF,,TC Energy Corp Call@90 Oct 16 2026,-0.009213,2026-09-18,RBC GAM holdings CSV (rbcgam.com),RBC GAM
RCDC,RBC Canadian Dividend Covered Call ETF,,Bank of Montreal Call@260 Oct 16 2026,-0.009422,2026-09-18,RBC GAM holdings CSV (rbcgam.com),RBC GAM
RCDC,RBC Canadian Dividend Covered Call ETF,,AltaGas Ltd Call@55 Oct 16 2026,-0.011512,2026-09-18,RBC GAM holdings CSV (rbcgam.com),RBC GAM
RCDC,RBC Canadian Dividend Covered Call ETF,,Royal Bank of Canada Call@305 Oct 16 2026,-0.012967,2026-09-18,RBC GAM holdings CSV (rbcgam.com),RBC GAM
RCDC,RBC Canadian Dividend Covered Call ETF,,Toronto-Dominion Bank Call@180 Oct 16 2026,-0.017337,2026-09-18,RBC GAM holdings CSV (rbcgam.com),RBC GAM
RCDC,RBC Canadian Dividend Covered Call ETF,,Power Corp of Canada Call@98 Oct 16 2026,-0.024086,2026-09-18,RBC GAM holdings CSV (rbcgam.com),RBC GAM
RCDC,RBC Canadian Dividend Covered Call ETF,,Manulife Financial Corp Call@64 Oct 16 2026,-0.028092,2026-09-18,RBC GAM holdings CSV (rbcgam.com),RBC GAM
RDBH,RBC U.S. Discount Bond (CAD Hedged) ETF,,"United States Treasury Note/Bond 0.500% Oct 31, 2027",8.632764,2026-09-18,RBC GAM holdings CSV (rbcgam.com),RBC GAM
RDBH,RBC U.S. Discount Bond (CAD Hedged) ETF,,"United States Treasury Note/Bond 0.625% May 15, 2030",8.003586,2026-09-18,RBC GAM holdings CSV (rbcgam.com),RBC GAM
RDBH,RBC U.S. Discount Bond (CAD Hedged) ETF,,"United States Treasury Note/Bond 0.625% Aug 15, 2030",7.921412,2026-09-18,RBC GAM holdings CSV (rbcgam.com),RBC GAM
RDBH,RBC U.S. Discount Bond (CAD Hedged) ETF,,"United States Treasury Note/Bond 1.250% Apr 30, 2028",7.869795,2026-09-18,RBC GAM holdings CSV (rbcgam.com),RBC GAM
RDBH,RBC U.S. Discount Bond (CAD Hedged) ETF,,"United States Treasury Note/Bond 0.375% Jul 31, 2027",7.827778,2026-09-18,RBC GAM holdings CSV (rbcgam.com),RBC GAM
RDBH,RBC U.S. Discount Bond (CAD Hedged) ETF,,"United States Treasury Note/Bond 1.125% Feb 15, 2031",7.218407,2026-09-18,RBC GAM holdings CSV (rbcgam.com),RBC GAM
RDBH,RBC U.S. Discount Bond (CAD Hedged) ETF,,"United States Treasury Note/Bond 1.625% Aug 15, 2029",6.428194,2026-09-18,RBC GAM holdings CSV (rbcgam.com),RBC GAM
RDBH,RBC U.S. Discount Bond (CAD Hedged) ETF,,"United States Treasury Note/Bond 0.750% Jan 31, 2028",6.195618,2026-09-18,RBC GAM holdings CSV (rbcgam.com),RBC GAM
RDBH,RBC U.S. Discount Bond (CAD Hedged) ETF,,"United States Treasury Note/Bond 1.125% Aug 31, 2028",5.834779,2026-09-18,RBC GAM holdings CSV (rbcgam.com),RBC GAM
RDBH,RBC U.S. Discount Bond (CAD Hedged) ETF,,"United States Treasury Note/Bond 0.875% Nov 15, 2030",5.441327,2026-09-18,RBC GAM holdings CSV (rbcgam.com),RBC GAM
RDBH,RBC U.S. Discount Bond (CAD Hedged) ETF,,"United States Treasury Note/Bond 1.750% Nov 15, 2029",3.585106,2026-09-18,RBC GAM holdings CSV (rbcgam.com),RBC GAM
RDBH,RBC U.S. Discount Bond (CAD Hedged) ETF,,"United States Treasury Note/Bond 0.500% May 31, 2027",3.489822,2026-09-18,RBC GAM holdings CSV (rbcgam.com),RBC GAM
RDBH,RBC U.S. Discount Bond (CAD Hedged) ETF,,"United States Treasury Note/Bond 1.750% Jan 31, 2029",2.80681,2026-09-18,RBC GAM holdings CSV (rbcgam.com),RBC GAM
RDBH,RBC U.S. Discount Bond (CAD Hedged) ETF,,"United States Treasury Note/Bond 1.375% Oct 31, 2028",2.223484,2026-09-18,RBC GAM holdings CSV (rbcgam.com),RBC GAM
RDBH,RBC U.S. Discount Bond (CAD Hedged) ETF,,"United States Treasury Note/Bond 1.625% May 15, 2031",2.005685,2026-09-18,RBC GAM holdings CSV (rbcgam.com),RBC GAM
RDBH,RBC U.S. Discount Bond (CAD Hedged) ETF,,"Bank of America Corp 2.572% Oct 20, 2032",1.224697,2026-09-18,RBC GAM holdings CSV (rbcgam.com),RBC GAM
RDBH,RBC U.S. Discount Bond (CAD Hedged) ETF,,"Morgan Stanley 1.928% Apr 28, 2032",1.201499,2026-09-18,RBC GAM holdings CSV (rbcgam.com),RBC GAM
RDBH,RBC U.S. Discount Bond (CAD Hedged) ETF,,"Goldman Sachs Group Inc 2.383% Jul 21, 2032",1.195501,2026-09-18,RBC GAM holdings CSV (rbcgam.com),RBC GAM
RDBH,RBC U.S. Discount Bond (CAD Hedged) ETF,,"United States Treasury Note/Bond 0.625% Dec 31, 2027",0.880511,2026-09-18,RBC GAM holdings CSV (rbcgam.com),RBC GAM
RDBH,RBC U.S. Discount Bond (CAD Hedged) ETF,,"NextEra Energy Capital Holdings Inc 2.250% Jun 01, 2030",0.830741,2026-09-18,RBC GAM holdings CSV (rbcgam.com),RBC GAM
RDBH,RBC U.S. Discount Bond (CAD Hedged) ETF,,"Verizon Communications Inc 1.500% Sep 18, 2030",0.800355,2026-09-18,RBC GAM holdings CSV (rbcgam.com),RBC GAM
RDBH,RBC U.S. Discount Bond (CAD Hedged) ETF,,"JPMorgan Chase & Co 1.764% Nov 19, 2031",0.798713,2026-09-18,RBC GAM holdings CSV (rbcgam.com),RBC GAM
RDBH,RBC U.S. Discount Bond (CAD Hedged) ETF,,"T-Mobile USA Inc 2.250% Nov 15, 2031",0.792003,2026-09-18,RBC GAM holdings CSV (rbcgam.com),RBC GAM
RDBH,RBC U.S. Discount Bond (CAD Hedged) ETF,,"Broadcom Inc 2.450% Feb 15, 2031",0.611261,2026-09-18,RBC GAM holdings CSV (rbcgam.com),RBC GAM
RDBH,RBC U.S. Discount Bond (CAD Hedged) ETF,,"John Deere Capital Corp 2.000% Jun 17, 2031",0.60031,2026-09-18,RBC GAM holdings CSV (rbcgam.com),RBC GAM
RDBH,RBC U.S. Discount Bond (CAD Hedged) ETF,,"Mid-America Apartments LP 1.700% Feb 15, 2031",0.595207,2026-09-18,RBC GAM holdings CSV (rbcgam.com),RBC GAM
RDBH,RBC U.S. Discount Bond (CAD Hedged) ETF,,"PepsiCo Inc 1.950% Oct 21, 2031",0.594584,2026-09-18,RBC GAM holdings CSV (rbcgam.com),RBC GAM
RDBH,RBC U.S. Discount Bond (CAD Hedged) ETF,,"Prologis LP 1.250% Oct 15, 2030",0.593817,2026-09-18,RBC GAM holdings CSV (rbcgam.com),RBC GAM
RDBH,RBC U.S. Discount Bond (CAD Hedged) ETF,,"Amazon.com Inc 1.500% Jun 03, 2030",0.40566,2026-09-18,RBC GAM holdings CSV (rbcgam.com),RBC GAM
RDBH,RBC U.S. Discount Bond (CAD Hedged) ETF,,"AT&T Inc 2.250% Feb 01, 2032",0.392529,2026-09-18,RBC GAM holdings CSV (rbcgam.com),RBC GAM
RDBH,RBC U.S. Discount Bond (CAD Hedged) ETF,,"Barclays PLC 2.279% Nov 24, 2027",0.265096,2026-09-18,RBC GAM holdings CSV (rbcgam.com),RBC GAM
RDBH,RBC U.S. Discount Bond (CAD Hedged) ETF,,"Mitsubishi UFJ Financial Group Inc 3.195% Jul 18, 2029",0.230111,2026-09-18,RBC GAM holdings CSV (rbcgam.com),RBC GAM
RDBH,RBC U.S. Discount Bond (CAD Hedged) ETF,,"NextEra Energy Capital Holdings Inc 1.900% Jun 15, 2028",0.197418,2026-09-18,RBC GAM holdings CSV (rbcgam.com),RBC GAM
RDBH,RBC U.S. Discount Bond (CAD Hedged) ETF,,"Wells Fargo & Co 2.393% Jun 02, 2028",0.18204,2026-09-18,RBC GAM holdings CSV (rbcgam.com),RBC GAM
RDBH,RBC U.S. Discount Bond (CAD Hedged) ETF,,"JPMorgan Chase & Co 2.069% Jun 01, 2029",0.176028,2026-09-18,RBC GAM holdings CSV (rbcgam.com),RBC GAM
RDBH,RBC U.S. Discount Bond (CAD Hedged) ETF,,"Bank of America Corp 2.087% Jun 14, 2029",0.17576,2026-09-18,RBC GAM holdings CSV (rbcgam.com),RBC GAM
RDBH,RBC U.S. Discount Bond (CAD Hedged) ETF,,"Duke Energy Carolinas LLC 2.450% Aug 15, 2029",0.171885,2026-09-18,RBC GAM holdings CSV (rbcgam.com),RBC GAM
RDBH,RBC U.S. Discount Bond (CAD Hedged) ETF,,"Truist Financial Corp 1.887% Jun 07, 2029",0.153182,2026-09-18,RBC GAM holdings CSV (rbcgam.com),RBC GAM
RDBH,RBC U.S. Discount Bond (CAD Hedged) ETF,,"Westpac Banking Corp 1.953% Nov 20, 2028",0.152206,2026-09-18,RBC GAM holdings CSV (rbcgam.com),RBC GAM
RDBH,RBC U.S. Discount Bond (CAD Hedged) ETF,,"AT&T Inc 1.650% Feb 01, 2028",0.132712,2026-09-18,RBC GAM holdings CSV (rbcgam.com),RBC GAM
RDBH,RBC U.S. Discount Bond (CAD Hedged) ETF,,"Sumitomo Mitsui Financial Group Inc 2.472% Jan 14, 2029",0.130464,2026-09-18,RBC GAM holdings CSV (rbcgam.com),RBC GAM
RDBH,RBC U.S. Discount Bond (CAD Hedged) ETF,,"CVS Health Corp 1.300% Aug 21, 2027",0.112083,2026-09-18,RBC GAM holdings CSV (rbcgam.com),RBC GAM
RDBH,RBC U.S. Discount Bond (CAD Hedged) ETF,,"Kimco Realty OP LLC 1.900% Mar 01, 2028",0.1108,2026-09-18,RBC GAM holdings CSV (rbcgam.com),RBC GAM
RDBH,RBC U.S. Discount Bond (CAD Hedged) ETF,,"Analog Devices Inc 1.700% Oct 01, 2028",0.108335,2026-09-18,RBC GAM holdings CSV (rbcgam.com),RBC GAM
RDBH,RBC U.S. Discount Bond (CAD Hedged) ETF,,"Ameren Corp 1.950% Mar 15, 2027",0.10287,2026-09-18,RBC GAM holdings CSV (rbcgam.com),RBC GAM
RDBH,RBC U.S. Discount Bond (CAD Hedged) ETF,,"HSBC Holdings PLC 2.251% Nov 22, 2027",0.092188,2026-09-18,RBC GAM holdings CSV (rbcgam.com),RBC GAM
RDBH,RBC U.S. Discount Bond (CAD Hedged) ETF,,"Southern Co 1.750% Mar 15, 2028",0.088235,2026-09-18,RBC GAM holdings CSV (rbcgam.com),RBC GAM
RDBH,RBC U.S. Discount Bond (CAD Hedged) ETF,,"Fidelity National Information Services Inc 1.650% Mar 01, 2028",0.088076,2026-09-18,RBC GAM holdings CSV (rbcgam.com),RBC GAM
RDBH,RBC U.S. Discount Bond (CAD Hedged) ETF,,"Intel Corp 1.600% Aug 12, 2028",0.086853,2026-09-18,RBC GAM holdings CSV (rbcgam.com),RBC GAM
RDBH,RBC U.S. Discount Bond (CAD Hedged) ETF,,"Home Depot Inc 1.500% Sep 15, 2028",0.086816,2026-09-18,RBC GAM holdings CSV (rbcgam.com),RBC GAM
RDBH,RBC U.S. Discount Bond (CAD Hedged) ETF,,"Amazon.com Inc 1.650% May 12, 2028",0.066008,2026-09-18,RBC GAM holdings CSV (rbcgam.com),RBC GAM
RDBH,RBC U.S. Discount Bond (CAD Hedged) ETF,,"WEC Energy Group Inc 1.375% Oct 15, 2027",0.044703,2026-09-18,RBC GAM holdings CSV (rbcgam.com),RBC GAM
RDBH,RBC U.S. Discount Bond (CAD Hedged) ETF,,"Apple Inc 1.200% Feb 08, 2028",0.044173,2026-09-18,RBC GAM holdings CSV (rbcgam.com),RBC GAM
RGQP,RBC Target 2027 Canadian Government Bond ETF,,"Province of Ontario 2.600% Jun 02, 2027",11.797787,2026-09-18,RBC GAM holdings CSV (rbcgam.com),RBC GAM
RGQP,RBC Target 2027 Canadian Government Bond ETF,,"Canadian Government Bond 2.750% Sep 01, 2027",9.276628,2026-09-18,RBC GAM holdings CSV (rbcgam.com),RBC GAM
RGQP,RBC Target 2027 Canadian Government Bond ETF,,"Canada Housing Trust No 1 2.350% Jun 15, 2027",8.70805,2026-09-18,RBC GAM holdings CSV (rbcgam.com),RBC GAM
RGQP,RBC Target 2027 Canadian Government Bond ETF,,"Canada Housing Trust No 1 3.600% Dec 15, 2027",7.688583,2026-09-18,RBC GAM holdings CSV (rbcgam.com),RBC GAM
RGQP,RBC Target 2027 Canadian Government Bond ETF,,"Canadian Government Bond 1.250% Mar 01, 2027",7.570336,2026-09-18,RBC GAM holdings CSV (rbcgam.com),RBC GAM
RGQP,RBC Target 2027 Canadian Government Bond ETF,,"Canadian Government Bond 2.500% Nov 01, 2027",5.451255,2026-09-18,RBC GAM holdings CSV (rbcgam.com),RBC GAM
RGQP,RBC Target 2027 Canadian Government Bond ETF,,"Province of Quebec 2.750% Sep 01, 2027",5.276237,2026-09-18,RBC GAM holdings CSV (rbcgam.com),RBC GAM
RGQP,RBC Target 2027 Canadian Government Bond ETF,,"OMERS Finance Trust 1.550% Apr 21, 2027",5.257333,2026-09-18,RBC GAM holdings CSV (rbcgam.com),RBC GAM
RGQP,RBC Target 2027 Canadian Government Bond ETF,,"Province of Alberta 2.550% Jun 01, 2027",5.171113,2026-09-18,RBC GAM holdings CSV (rbcgam.com),RBC GAM
RGQP,RBC Target 2027 Canadian Government Bond ETF,,"Ontario Teachers' Finance Trust 1.100% Oct 19, 2027",4.656475,2026-09-18,RBC GAM holdings CSV (rbcgam.com),RBC GAM
RGQP,RBC Target 2027 Canadian Government Bond ETF,,"Province of Ontario 1.850% Feb 01, 2027",4.471936,2026-09-18,RBC GAM holdings CSV (rbcgam.com),RBC GAM
RGQP,RBC Target 2027 Canadian Government Bond ETF,,"Province of Quebec 1.850% Feb 13, 2027",3.842367,2026-09-18,RBC GAM holdings CSV (rbcgam.com),RBC GAM
RGQP,RBC Target 2027 Canadian Government Bond ETF,,"Canadian Government Bond 2.500% Aug 01, 2027",3.494331,2026-09-18,RBC GAM holdings CSV (rbcgam.com),RBC GAM
RGQP,RBC Target 2027 Canadian Government Bond ETF,,"Canadian Government Bond 1.000% Jun 01, 2027",2.901198,2026-09-18,RBC GAM holdings CSV (rbcgam.com),RBC GAM
RGQP,RBC Target 2027 Canadian Government Bond ETF,,"Province of New Brunswick 2.350% Aug 14, 2027",2.439687,2026-09-18,RBC GAM holdings CSV (rbcgam.com),RBC GAM
RGQP,RBC Target 2027 Canadian Government Bond ETF,,"Province of British Columbia 2.550% Jun 18, 2027",1.951213,2026-09-18,RBC GAM holdings CSV (rbcgam.com),RBC GAM
RGQP,RBC Target 2027 Canadian Government Bond ETF,,"Province of Saskatchewan 2.650% Jun 02, 2027",1.757412,2026-09-18,RBC GAM holdings CSV (rbcgam.com),RBC GAM
RGQP,RBC Target 2027 Canadian Government Bond ETF,,"OPB Finance Trust 2.980% Jan 25, 2027",1.511499,2026-09-18,RBC GAM holdings CSV (rbcgam.com),RBC GAM
RGQP,RBC Target 2027 Canadian Government Bond ETF,,"CDP Financial Inc 3.800% Jun 02, 2027",1.476478,2026-09-18,RBC GAM holdings CSV (rbcgam.com),RBC GAM
RGQP,RBC Target 2027 Canadian Government Bond ETF,,"CPPIB Capital Inc 2.850% Jun 01, 2027",1.466519,2026-09-18,RBC GAM holdings CSV (rbcgam.com),RBC GAM
RGQP,RBC Target 2027 Canadian Government Bond ETF,,"Province of Manitoba 2.600% Jun 02, 2027",1.464688,2026-09-18,RBC GAM holdings CSV (rbcgam.com),RBC GAM
RGQP,RBC Target 2027 Canadian Government Bond ETF,,"Government of Newfoundland and Labrador 3.850% Oct 17, 2027",1.28315,2026-09-18,RBC GAM holdings CSV (rbcgam.com),RBC GAM
RGQP,RBC Target 2027 Canadian Government Bond ETF,,"Province of Ontario 1.050% Sep 08, 2027",1.085724,2026-09-18,RBC GAM holdings CSV (rbcgam.com),RBC GAM
RGQQ,RBC Target 2028 Canadian Government Bond ETF,,"Canada Housing Trust No 1 2.650% Dec 15, 2028",11.461214,2026-09-18,RBC GAM holdings CSV (rbcgam.com),RBC GAM
RGQQ,RBC Target 2028 Canadian Government Bond ETF,,"Province of Quebec 2.750% Sep 01, 2028",7.812887,2026-09-18,RBC GAM holdings CSV (rbcgam.com),RBC GAM
RGQQ,RBC Target 2028 Canadian Government Bond ETF,,"Province of Ontario 2.900% Jun 02, 2028",7.334645,2026-09-18,RBC GAM holdings CSV (rbcgam.com),RBC GAM
RGQQ,RBC Target 2028 Canadian Government Bond ETF,,"Canada Housing Trust No 1 3.100% Jun 15, 2028",6.708516,2026-09-18,RBC GAM holdings CSV (rbcgam.com),RBC GAM
RGQQ,RBC Target 2028 Canadian Government Bond ETF,,"Province of Ontario 3.600% Mar 08, 2028",6.605079,2026-09-18,RBC GAM holdings CSV (rbcgam.com),RBC GAM
RGQQ,RBC Target 2028 Canadian Government Bond ETF,,"Canada Housing Trust No 1 2.650% Mar 15, 2028",6.139381,2026-09-18,RBC GAM holdings CSV (rbcgam.com),RBC GAM
RGQQ,RBC Target 2028 Canadian Government Bond ETF,,"Canadian Government Bond 2.000% Jun 01, 2028",5.78893,2026-09-18,RBC GAM holdings CSV (rbcgam.com),RBC GAM
RGQQ,RBC Target 2028 Canadian Government Bond ETF,,"Canadian Government Bond 2.250% Feb 01, 2028",5.000861,2026-09-18,RBC GAM holdings CSV (rbcgam.com),RBC GAM
RGQQ,RBC Target 2028 Canadian Government Bond ETF,,"Province of Ontario 3.400% Sep 08, 2028",4.756469,2026-09-18,RBC GAM holdings CSV (rbcgam.com),RBC GAM
RGQQ,RBC Target 2028 Canadian Government Bond ETF,,"Province of Alberta 2.900% Dec 01, 2028",4.256485,2026-09-18,RBC GAM holdings CSV (rbcgam.com),RBC GAM
RGQQ,RBC Target 2028 Canadian Government Bond ETF,,"Canadian Government Bond 3.250% Sep 01, 2028",3.687495,2026-09-18,RBC GAM holdings CSV (rbcgam.com),RBC GAM
RGQQ,RBC Target 2028 Canadian Government Bond ETF,,"Canadian Government Bond 3.500% Mar 01, 2028",3.420092,2026-09-18,RBC GAM holdings CSV (rbcgam.com),RBC GAM
RGQQ,RBC Target 2028 Canadian Government Bond ETF,,"PSP Capital Inc 1.500% Mar 15, 2028",3.41177,2026-09-18,RBC GAM holdings CSV (rbcgam.com),RBC GAM
RGQQ,RBC Target 2028 Canadian Government Bond ETF,,"CPPIB Capital Inc 3.000% Jun 15, 2028",3.283619,2026-09-18,RBC GAM holdings CSV (rbcgam.com),RBC GAM
RGQQ,RBC Target 2028 Canadian Government Bond ETF,,"Hydro-Quebec 2.000% Sep 01, 2028",3.264245,2026-09-18,RBC GAM holdings CSV (rbcgam.com),RBC GAM
RGQQ,RBC Target 2028 Canadian Government Bond ETF,,"Province of Saskatchewan 3.050% Dec 02, 2028",3.177397,2026-09-18,RBC GAM holdings CSV (rbcgam.com),RBC GAM
RGQQ,RBC Target 2028 Canadian Government Bond ETF,,"Government of Newfoundland and Labrador 2.850% Jun 02, 2028",2.984598,2026-09-18,RBC GAM holdings CSV (rbcgam.com),RBC GAM
RGQQ,RBC Target 2028 Canadian Government Bond ETF,,"Province of Manitoba 3.000% Jun 02, 2028",2.686566,2026-09-18,RBC GAM holdings CSV (rbcgam.com),RBC GAM
RGQQ,RBC Target 2028 Canadian Government Bond ETF,,"Province of British Columbia 2.950% Dec 18, 2028",2.576357,2026-09-18,RBC GAM holdings CSV (rbcgam.com),RBC GAM
RGQQ,RBC Target 2028 Canadian Government Bond ETF,,"CDP Financial Inc 3.700% Mar 08, 2028",2.510379,2026-09-18,RBC GAM holdings CSV (rbcgam.com),RBC GAM
RGQQ,RBC Target 2028 Canadian Government Bond ETF,,"Province of Nova Scotia 1.100% Jun 01, 2028",1.639451,2026-09-18,RBC GAM holdings CSV (rbcgam.com),RBC GAM
RGQQ,RBC Target 2028 Canadian Government Bond ETF,,"Province of New Brunswick 3.100% Aug 14, 2028",1.493564,2026-09-18,RBC GAM holdings CSV (rbcgam.com),RBC GAM
RGQR,RBC Target 2029 Canadian Government Bond ETF,,"Province of Ontario 2.700% Jun 02, 2029",11.119164,2026-09-18,RBC GAM holdings CSV (rbcgam.com),RBC GAM
RGQR,RBC Target 2029 Canadian Government Bond ETF,,"Province of Quebec 2.300% Sep 01, 2029",10.412557,2026-09-18,RBC GAM holdings CSV (rbcgam.com),RBC GAM
RGQR,RBC Target 2029 Canadian Government Bond ETF,,"Canadian Government Bond 4.000% Mar 01, 2029",10.093131,2026-09-18,RBC GAM holdings CSV (rbcgam.com),RBC GAM
RGQR,RBC Target 2029 Canadian Government Bond ETF,,"Province of Ontario 4.000% Mar 08, 2029",7.404933,2026-09-18,RBC GAM holdings CSV (rbcgam.com),RBC GAM
RGQR,RBC Target 2029 Canadian Government Bond ETF,,"Canadian Government Bond 2.250% Dec 01, 2029",7.012758,2026-09-18,RBC GAM holdings CSV (rbcgam.com),RBC GAM
RGQR,RBC Target 2029 Canadian Government Bond ETF,,"Canada Housing Trust No 1 2.100% Sep 15, 2029",6.193181,2026-09-18,RBC GAM holdings CSV (rbcgam.com),RBC GAM
RGQR,RBC Target 2029 Canadian Government Bond ETF,,"PSP Capital Inc 3.750% Jun 15, 2029",6.092716,2026-09-18,RBC GAM holdings CSV (rbcgam.com),RBC GAM
RGQR,RBC Target 2029 Canadian Government Bond ETF,,"Province of Alberta 2.900% Sep 20, 2029",5.932133,2026-09-18,RBC GAM holdings CSV (rbcgam.com),RBC GAM
RGQR,RBC Target 2029 Canadian Government Bond ETF,,"Canadian Government Bond 2.250% Jun 01, 2029",5.61667,2026-09-18,RBC GAM holdings CSV (rbcgam.com),RBC GAM
RGQR,RBC Target 2029 Canadian Government Bond ETF,,"Hydro-Quebec 3.400% Sep 01, 2029",4.416904,2026-09-18,RBC GAM holdings CSV (rbcgam.com),RBC GAM
RGQR,RBC Target 2029 Canadian Government Bond ETF,,"Province of Ontario 1.550% Nov 01, 2029",3.869864,2026-09-18,RBC GAM holdings CSV (rbcgam.com),RBC GAM
RGQR,RBC Target 2029 Canadian Government Bond ETF,,"Province of Manitoba 2.750% Jun 02, 2029",3.564716,2026-09-18,RBC GAM holdings CSV (rbcgam.com),RBC GAM
RGQR,RBC Target 2029 Canadian Government Bond ETF,,"Canada Housing Trust No 1 2.900% Dec 15, 2029",2.960361,2026-09-18,RBC GAM holdings CSV (rbcgam.com),RBC GAM
RGQR,RBC Target 2029 Canadian Government Bond ETF,,"Province of British Columbia 5.700% Jun 18, 2029",2.774511,2026-09-18,RBC GAM holdings CSV (rbcgam.com),RBC GAM
RGQR,RBC Target 2029 Canadian Government Bond ETF,,"CPPIB Capital Inc 1.950% Sep 30, 2029",2.601632,2026-09-18,RBC GAM holdings CSV (rbcgam.com),RBC GAM
RGQR,RBC Target 2029 Canadian Government Bond ETF,,"Ontario Teachers' Finance Trust 4.150% Nov 01, 2029",2.461218,2026-09-18,RBC GAM holdings CSV (rbcgam.com),RBC GAM
RGQR,RBC Target 2029 Canadian Government Bond ETF,,"Government of Newfoundland and Labrador 2.850% Jun 02, 2029",1.983424,2026-09-18,RBC GAM holdings CSV (rbcgam.com),RBC GAM
RGQR,RBC Target 2029 Canadian Government Bond ETF,,"Canada Housing Trust No 1 3.700% Jun 15, 2029",1.933344,2026-09-18,RBC GAM holdings CSV (rbcgam.com),RBC GAM
RGQR,RBC Target 2029 Canadian Government Bond ETF,,"OMERS Finance Trust 2.600% May 14, 2029",1.86839,2026-09-18,RBC GAM holdings CSV (rbcgam.com),RBC GAM
RGQR,RBC Target 2029 Canadian Government Bond ETF,,"CDP Financial Inc 3.950% Sep 01, 2029",1.657657,2026-09-18,RBC GAM holdings CSV (rbcgam.com),RBC GAM
RGQR,RBC Target 2029 Canadian Government Bond ETF,,"Province of Ontario 6.500% Mar 08, 2029",0.030734,2026-09-18,RBC GAM holdings CSV (rbcgam.com),RBC GAM
RGQS,RBC Target 2030 Canadian Government Bond ETF,,"Canadian Government Bond 0.500% Dec 01, 2030",11.755007,2026-09-18,RBC GAM holdings CSV (rbcgam.com),RBC GAM
RGQS,RBC Target 2030 Canadian Government Bond ETF,,"Canadian Government Bond 2.750% Mar 01, 2030",10.521729,2026-09-18,RBC GAM holdings CSV (rbcgam.com),RBC GAM
RGQS,RBC Target 2030 Canadian Government Bond ETF,,"Province of Quebec 1.900% Sep 01, 2030",9.971749,2026-09-18,RBC GAM holdings CSV (rbcgam.com),RBC GAM
RGQS,RBC Target 2030 Canadian Government Bond ETF,,"Canada Housing Trust No 1 1.750% Jun 15, 2030",9.568053,2026-09-18,RBC GAM holdings CSV (rbcgam.com),RBC GAM
RGQS,RBC Target 2030 Canadian Government Bond ETF,,"Canadian Government Bond 2.750% Sep 01, 2030",8.903509,2026-09-18,RBC GAM holdings CSV (rbcgam.com),RBC GAM
RGQS,RBC Target 2030 Canadian Government Bond ETF,,"Province of Alberta 2.050% Jun 01, 2030",7.609422,2026-09-18,RBC GAM holdings CSV (rbcgam.com),RBC GAM
RGQS,RBC Target 2030 Canadian Government Bond ETF,,"Canadian Government Bond 1.250% Jun 01, 2030",7.098173,2026-09-18,RBC GAM holdings CSV (rbcgam.com),RBC GAM
RGQS,RBC Target 2030 Canadian Government Bond ETF,,"Province of Ontario 1.350% Dec 02, 2030",6.955822,2026-09-18,RBC GAM holdings CSV (rbcgam.com),RBC GAM
RGQS,RBC Target 2030 Canadian Government Bond ETF,,"Province of Ontario 2.050% Jun 02, 2030",6.223171,2026-09-18,RBC GAM holdings CSV (rbcgam.com),RBC GAM
RGQS,RBC Target 2030 Canadian Government Bond ETF,,"Province of British Columbia 2.200% Jun 18, 2030",5.938299,2026-09-18,RBC GAM holdings CSV (rbcgam.com),RBC GAM
RGQS,RBC Target 2030 Canadian Government Bond ETF,,"Province of Ontario 2.950% Sep 08, 2030",3.983351,2026-09-18,RBC GAM holdings CSV (rbcgam.com),RBC GAM
RGQS,RBC Target 2030 Canadian Government Bond ETF,,"Government of Newfoundland and Labrador 1.750% Jun 02, 2030",2.885644,2026-09-18,RBC GAM holdings CSV (rbcgam.com),RBC GAM
RGQS,RBC Target 2030 Canadian Government Bond ETF,,"CDP Financial Inc 4.200% Dec 02, 2030",1.541683,2026-09-18,RBC GAM holdings CSV (rbcgam.com),RBC GAM
RGQS,RBC Target 2030 Canadian Government Bond ETF,,"British Columbia Investment Management Corp 3.400% Jun 02, 2030",1.397753,2026-09-18,RBC GAM holdings CSV (rbcgam.com),RBC GAM
RGQS,RBC Target 2030 Canadian Government Bond ETF,,"Province of Saskatchewan 2.200% Jun 02, 2030",1.350325,2026-09-18,RBC GAM holdings CSV (rbcgam.com),RBC GAM
RGQS,RBC Target 2030 Canadian Government Bond ETF,,"Province of Manitoba 2.050% Jun 02, 2030",1.172803,2026-09-18,RBC GAM holdings CSV (rbcgam.com),RBC GAM
RGQS,RBC Target 2030 Canadian Government Bond ETF,,"PSP Capital Inc 2.050% Jan 15, 2030",1.075984,2026-09-18,RBC GAM holdings CSV (rbcgam.com),RBC GAM
RGQS,RBC Target 2030 Canadian Government Bond ETF,,"Province of Nova Scotia 2.000% Sep 01, 2030",1.075534,2026-09-18,RBC GAM holdings CSV (rbcgam.com),RBC GAM
RGQS,RBC Target 2030 Canadian Government Bond ETF,,"PSP Capital Inc 4.400% Dec 02, 2030",0.97199,2026-09-18,RBC GAM holdings CSV (rbcgam.com),RBC GAM
RID,RBC Quant EAFE Dividend Leaders ETF,,ASML Holding NV,4.471455,2026-09-18,RBC GAM holdings CSV (rbcgam.com),RBC GAM
RID,RBC Quant EAFE Dividend Leaders ETF,,Roche Holding AG,3.3426,2026-09-18,RBC GAM holdings CSV (rbcgam.com),RBC GAM
RID,RBC Quant EAFE Dividend Leaders ETF,,Intesa Sanpaolo SpA,3.231178,2026-09-18,RBC GAM holdings CSV (rbcgam.com),RBC GAM
RID,RBC Quant EAFE Dividend Leaders ETF,,Unilever PLC,3.206849,2026-09-18,RBC GAM holdings CSV (rbcgam.com),RBC GAM
RID,RBC Quant EAFE Dividend Leaders ETF,,Naturgy Energy Group SA,2.870456,2026-09-18,RBC GAM holdings CSV (rbcgam.com),RBC GAM
RID,RBC Quant EAFE Dividend Leaders ETF,,BNP Paribas SA,2.705,2026-09-18,RBC GAM holdings CSV (rbcgam.com),RBC GAM
RID,RBC Quant EAFE Dividend Leaders ETF,,Telefonaktiebolaget LM Ericsson - Class B Shares,2.442309,2026-09-18,RBC GAM holdings CSV (rbcgam.com),RBC GAM
RID,RBC Quant EAFE Dividend Leaders ETF,,Var Energi ASA,2.431796,2026-09-18,RBC GAM holdings CSV (rbcgam.com),RBC GAM
RID,RBC Quant EAFE Dividend Leaders ETF,,Recruit Holdings Co Ltd,2.321374,2026-09-18,RBC GAM holdings CSV (rbcgam.com),RBC GAM
RID,RBC Quant EAFE Dividend Leaders ETF,,Wartsila OYJ Abp,2.186884,2026-09-18,RBC GAM holdings CSV (rbcgam.com),RBC GAM
RID,RBC Quant EAFE Dividend Leaders ETF,,Danske Bank A/S,2.178919,2026-09-18,RBC GAM holdings CSV (rbcgam.com),RBC GAM
RID,RBC Quant EAFE Dividend Leaders ETF,,Enel SpA,2.167751,2026-09-18,RBC GAM holdings CSV (rbcgam.com),RBC GAM
RID,RBC Quant EAFE Dividend Leaders ETF,,Astellas Pharma Inc,2.117913,2026-09-18,RBC GAM holdings CSV (rbcgam.com),RBC GAM
RID,RBC Quant EAFE Dividend Leaders ETF,,Japan Post Holdings Co Ltd,2.075014,2026-09-18,RBC GAM holdings CSV (rbcgam.com),RBC GAM
RID,RBC Quant EAFE Dividend Leaders ETF,,Imperial Brands PLC,2.055433,2026-09-18,RBC GAM holdings CSV (rbcgam.com),RBC GAM
RID,RBC Quant EAFE Dividend Leaders ETF,,Rolls-Royce Holdings PLC,2.049718,2026-09-18,RBC GAM holdings CSV (rbcgam.com),RBC GAM
RID,RBC Quant EAFE Dividend Leaders ETF,,Mercedes-Benz Group AG,1.988596,2026-09-18,RBC GAM holdings CSV (rbcgam.com),RBC GAM
RID,RBC Quant EAFE Dividend Leaders ETF,,Daiichi Life Group Inc,1.983085,2026-09-18,RBC GAM holdings CSV (rbcgam.com),RBC GAM
RID,RBC Quant EAFE Dividend Leaders ETF,,Fortescue Ltd,1.911915,2026-09-18,RBC GAM holdings CSV (rbcgam.com),RBC GAM
RID,RBC Quant EAFE Dividend Leaders ETF,,Deutsche Bank AG,1.895901,2026-09-18,RBC GAM holdings CSV (rbcgam.com),RBC GAM
RID,RBC Quant EAFE Dividend Leaders ETF,,BHP Group Ltd,1.858222,2026-09-18,RBC GAM holdings CSV (rbcgam.com),RBC GAM
RID,RBC Quant EAFE Dividend Leaders ETF,,ING Groep NV,1.83416,2026-09-18,RBC GAM holdings CSV (rbcgam.com),RBC GAM
RID,RBC Quant EAFE Dividend Leaders ETF,,Kirin Holdings Co Ltd,1.720622,2026-09-18,RBC GAM holdings CSV (rbcgam.com),RBC GAM
RID,RBC Quant EAFE Dividend Leaders ETF,,Mitsubishi Corp,1.651962,2026-09-18,RBC GAM holdings CSV (rbcgam.com),RBC GAM
RID,RBC Quant EAFE Dividend Leaders ETF,,NatWest Group PLC,1.579994,2026-09-18,RBC GAM holdings CSV (rbcgam.com),RBC GAM
RID,RBC Quant EAFE Dividend Leaders ETF,,Ayvens SA,1.547545,2026-09-18,RBC GAM holdings CSV (rbcgam.com),RBC GAM
RID,RBC Quant EAFE Dividend Leaders ETF,,Thales SA,1.362245,2026-09-18,RBC GAM holdings CSV (rbcgam.com),RBC GAM
RID,RBC Quant EAFE Dividend Leaders ETF,,Kone Oyj - Class B Shares,1.348141,2026-09-18,RBC GAM holdings CSV (rbcgam.com),RBC GAM
RID,RBC Quant EAFE Dividend Leaders ETF,,Svenska Handelsbanken AB - Class A Shares,1.283864,2026-09-18,RBC GAM holdings CSV (rbcgam.com),RBC GAM
RID,RBC Quant EAFE Dividend Leaders ETF,,Hitachi Ltd,1.219968,2026-09-18,RBC GAM holdings CSV (rbcgam.com),RBC GAM
RID,RBC Quant EAFE Dividend Leaders ETF,,Advantest Corp,1.170729,2026-09-18,RBC GAM holdings CSV (rbcgam.com),RBC GAM
RID,RBC Quant EAFE Dividend Leaders ETF,,Carrefour SA,1.162701,2026-09-18,RBC GAM holdings CSV (rbcgam.com),RBC GAM
RID,RBC Quant EAFE Dividend Leaders ETF,,GSK PLC,1.154261,2026-09-18,RBC GAM holdings CSV (rbcgam.com),RBC GAM
RID,RBC Quant EAFE Dividend Leaders ETF,,Barry Callebaut AG,1.067066,2026-09-18,RBC GAM holdings CSV (rbcgam.com),RBC GAM
RID,RBC Quant EAFE Dividend Leaders ETF,,Indra Sistemas SA,1.056603,2026-09-18,RBC GAM holdings CSV (rbcgam.com),RBC GAM
RID,RBC Quant EAFE Dividend Leaders ETF,,Banco de Sabadell SA,1.010873,2026-09-18,RBC GAM holdings CSV (rbcgam.com),RBC GAM
RID,RBC Quant EAFE Dividend Leaders ETF,,SITC International Holdings Co Ltd,1.00882,2026-09-18,RBC GAM holdings CSV (rbcgam.com),RBC GAM
RID,RBC Quant EAFE Dividend Leaders ETF,,Hoya Corp,0.949103,2026-09-18,RBC GAM holdings CSV (rbcgam.com),RBC GAM
RID,RBC Quant EAFE Dividend Leaders ETF,,Siemens Energy AG,0.908857,2026-09-18,RBC GAM holdings CSV (rbcgam.com),RBC GAM
RID,RBC Quant EAFE Dividend Leaders ETF,,AXA SA,0.884717,2026-09-18,RBC GAM holdings CSV (rbcgam.com),RBC GAM
RID,RBC Quant EAFE Dividend Leaders ETF,,Vodafone Group PLC,0.854086,2026-09-18,RBC GAM holdings CSV (rbcgam.com),RBC GAM
RID,RBC Quant EAFE Dividend Leaders ETF,,Logitech International SA - Class R Shares,0.764604,2026-09-18,RBC GAM holdings CSV (rbcgam.com),RBC GAM
RID,RBC Quant EAFE Dividend Leaders ETF,,Deutsche Telekom AG,0.761903,2026-09-18,RBC GAM holdings CSV (rbcgam.com),RBC GAM
RID,RBC Quant EAFE Dividend Leaders ETF,,Origin Energy Ltd,0.736272,2026-09-18,RBC GAM holdings CSV (rbcgam.com),RBC GAM
RID,RBC Quant EAFE Dividend Leaders ETF,,Telstra Group Ltd,0.723214,2026-09-18,RBC GAM holdings CSV (rbcgam.com),RBC GAM
RID,RBC Quant EAFE Dividend Leaders ETF,,Fujitsu Ltd,0.715591,2026-09-18,RBC GAM holdings CSV (rbcgam.com),RBC GAM
RID,RBC Quant EAFE Dividend Leaders ETF,,Sage Group PLC,0.712531,2026-09-18,RBC GAM holdings CSV (rbcgam.com),RBC GAM
RID,RBC Quant EAFE Dividend Leaders ETF,,Bridgestone Corp,0.691691,2026-09-18,RBC GAM holdings CSV (rbcgam.com),RBC GAM
RID,RBC Quant EAFE Dividend Leaders ETF,,Mitsubishi Chemical Group Corp,0.682099,2026-09-18,RBC GAM holdings CSV (rbcgam.com),RBC GAM
RID,RBC Quant EAFE Dividend Leaders ETF,,Mitsubishi Heavy Industries Ltd,0.680777,2026-09-18,RBC GAM holdings CSV (rbcgam.com),RBC GAM
RID,RBC Quant EAFE Dividend Leaders ETF,,Evonik Industries AG,0.639944,2026-09-18,RBC GAM holdings CSV (rbcgam.com),RBC GAM
RID,RBC Quant EAFE Dividend Leaders ETF,,Stockland,0.621667,2026-09-18,RBC GAM holdings CSV (rbcgam.com),RBC GAM
RID,RBC Quant EAFE Dividend Leaders ETF,,Safran SA,0.617721,2026-09-18,RBC GAM holdings CSV (rbcgam.com),RBC GAM
RID,RBC Quant EAFE Dividend Leaders ETF,,Honda Motor Co Ltd,0.597341,2026-09-18,RBC GAM holdings CSV (rbcgam.com),RBC GAM
RID,RBC Quant EAFE Dividend Leaders ETF,,Tokyo Electron Ltd,0.587207,2026-09-18,RBC GAM holdings CSV (rbcgam.com),RBC GAM
RID,RBC Quant EAFE Dividend Leaders ETF,,Pandora A/S,0.567003,2026-09-18,RBC GAM holdings CSV (rbcgam.com),RBC GAM
RID,RBC Quant EAFE Dividend Leaders ETF,,Equinor ASA,0.565033,2026-09-18,RBC GAM holdings CSV (rbcgam.com),RBC GAM
RID,RBC Quant EAFE Dividend Leaders ETF,,Holcim AG,0.559168,2026-09-18,RBC GAM holdings CSV (rbcgam.com),RBC GAM
RID,RBC Quant EAFE Dividend Leaders ETF,,Panasonic Holdings Corp,0.557987,2026-09-18,RBC GAM holdings CSV (rbcgam.com),RBC GAM
RID,RBC Quant EAFE Dividend Leaders ETF,,Telefonica SA,0.517519,2026-09-18,RBC GAM holdings CSV (rbcgam.com),RBC GAM
RID,RBC Quant EAFE Dividend Leaders ETF,,Zurich Insurance Group AG,0.509,2026-09-18,RBC GAM holdings CSV (rbcgam.com),RBC GAM
RID,RBC Quant EAFE Dividend Leaders ETF,,Nomura Holdings Inc,0.506705,2026-09-18,RBC GAM holdings CSV (rbcgam.com),RBC GAM
RID,RBC Quant EAFE Dividend Leaders ETF,,SAP SE,0.489773,2026-09-18,RBC GAM holdings CSV (rbcgam.com),RBC GAM
RID,RBC Quant EAFE Dividend Leaders ETF,,BP PLC,0.482895,2026-09-18,RBC GAM holdings CSV (rbcgam.com),RBC GAM
RID,RBC Quant EAFE Dividend Leaders ETF,,Daimler Truck Holding AG - Common Shares - Voting,0.473324,2026-09-18,RBC GAM holdings CSV (rbcgam.com),RBC GAM
RID,RBC Quant EAFE Dividend Leaders ETF,,E.ON SE,0.448462,2026-09-18,RBC GAM holdings CSV (rbcgam.com),RBC GAM
RID,RBC Quant EAFE Dividend Leaders ETF,,Tokyo Gas Co Ltd,0.447668,2026-09-18,RBC GAM holdings CSV (rbcgam.com),RBC GAM
RID,RBC Quant EAFE Dividend Leaders ETF,,"JPY Receivable Sep 25, 2026 - Currency Forward",0.439675,2026-09-18,RBC GAM holdings CSV (rbcgam.com),RBC GAM
RID,RBC Quant EAFE Dividend Leaders ETF,,QBE Insurance Group Ltd,0.439155,2026-09-18,RBC GAM holdings CSV (rbcgam.com),RBC GAM
RID,RBC Quant EAFE Dividend Leaders ETF,,Bouygues SA,0.424242,2026-09-18,RBC GAM holdings CSV (rbcgam.com),RBC GAM
RID,RBC Quant EAFE Dividend Leaders ETF,,RELX PLC,0.405597,2026-09-18,RBC GAM holdings CSV (rbcgam.com),RBC GAM
RID,RBC Quant EAFE Dividend Leaders ETF,,Aker BP ASA,0.395493,2026-09-18,RBC GAM holdings CSV (rbcgam.com),RBC GAM
RID,RBC Quant EAFE Dividend Leaders ETF,,KDDI Corp,0.380725,2026-09-18,RBC GAM holdings CSV (rbcgam.com),RBC GAM
RID,RBC Quant EAFE Dividend Leaders ETF,,WH Group Ltd,0.358132,2026-09-18,RBC GAM holdings CSV (rbcgam.com),RBC GAM
RID,RBC Quant EAFE Dividend Leaders ETF,,Taisei Corp,0.353246,2026-09-18,RBC GAM holdings CSV (rbcgam.com),RBC GAM
RID,RBC Quant EAFE Dividend Leaders ETF,,SoftBank Corp,0.347228,2026-09-18,RBC GAM holdings CSV (rbcgam.com),RBC GAM
RID,RBC Quant EAFE Dividend Leaders ETF,,Singapore Airlines Ltd,0.334719,2026-09-18,RBC GAM holdings CSV (rbcgam.com),RBC GAM
RID,RBC Quant EAFE Dividend Leaders ETF,,BAE Systems PLC,0.32631,2026-09-18,RBC GAM holdings CSV (rbcgam.com),RBC GAM
RID,RBC Quant EAFE Dividend Leaders ETF,,Ibiden Co Ltd,0.325681,2026-09-18,RBC GAM holdings CSV (rbcgam.com),RBC GAM
RID,RBC Quant EAFE Dividend Leaders ETF,,Westpac Banking Corp,0.316043,2026-09-18,RBC GAM holdings CSV (rbcgam.com),RBC GAM
RID,RBC Quant EAFE Dividend Leaders ETF,,Sands China Ltd,0.304374,2026-09-18,RBC GAM holdings CSV (rbcgam.com),RBC GAM
RID,RBC Quant EAFE Dividend Leaders ETF,,"AUD Receivable Sep 22, 2026 - Currency Forward",0.297607,2026-09-18,RBC GAM holdings CSV (rbcgam.com),RBC GAM
RID,RBC Quant EAFE Dividend Leaders ETF,,Novo Nordisk A/S - Class B Shares,0.269833,2026-09-18,RBC GAM holdings CSV (rbcgam.com),RBC GAM
RID,RBC Quant EAFE Dividend Leaders ETF,,"GBP Receivable Sep 22, 2026 - Currency Forward",0.263436,2026-09-18,RBC GAM holdings CSV (rbcgam.com),RBC GAM
RID,RBC Quant EAFE Dividend Leaders ETF,,Hong Kong Exchanges & Clearing Ltd,0.234239,2026-09-18,RBC GAM holdings CSV (rbcgam.com),RBC GAM
RID,RBC Quant EAFE Dividend Leaders ETF,,Sony Group Corp,0.227144,2026-09-18,RBC GAM holdings CSV (rbcgam.com),RBC GAM
RID,RBC Quant EAFE Dividend Leaders ETF,,Lloyds Banking Group PLC,0.226213,2026-09-18,RBC GAM holdings CSV (rbcgam.com),RBC GAM
RID,RBC Quant EAFE Dividend Leaders ETF,,"CHF Receivable Sep 22, 2026 - Currency Forward",0.221696,2026-09-18,RBC GAM holdings CSV (rbcgam.com),RBC GAM
RID,RBC Quant EAFE Dividend Leaders ETF,,Novartis AG,0.221572,2026-09-18,RBC GAM holdings CSV (rbcgam.com),RBC GAM
RID,RBC Quant EAFE Dividend Leaders ETF,,Ferrari NV,0.219316,2026-09-18,RBC GAM holdings CSV (rbcgam.com),RBC GAM
RID,RBC Quant EAFE Dividend Leaders ETF,,Allianz SE,0.213598,2026-09-18,RBC GAM holdings CSV (rbcgam.com),RBC GAM
RID,RBC Quant EAFE Dividend Leaders ETF,,Barclays PLC,0.190169,2026-09-18,RBC GAM holdings CSV (rbcgam.com),RBC GAM
RID,RBC Quant EAFE Dividend Leaders ETF,,Societe Generale SA,0.183022,2026-09-18,RBC GAM holdings CSV (rbcgam.com),RBC GAM
RID,RBC Quant EAFE Dividend Leaders ETF,,Fisher & Paykel Healthcare Corp Ltd,0.170561,2026-09-18,RBC GAM holdings CSV (rbcgam.com),RBC GAM
RID,RBC Quant EAFE Dividend Leaders ETF,,Kingfisher PLC,0.15251,2026-09-18,RBC GAM holdings CSV (rbcgam.com),RBC GAM
RID,RBC Quant EAFE Dividend Leaders ETF,,Sekisui House Ltd,0.144874,2026-09-18,RBC GAM holdings CSV (rbcgam.com),RBC GAM
RID,RBC Quant EAFE Dividend Leaders ETF,,UBS Group AG,0.138464,2026-09-18,RBC GAM holdings CSV (rbcgam.com),RBC GAM
RID,RBC Quant EAFE Dividend Leaders ETF,,Aeon Co Ltd,0.111769,2026-09-18,RBC GAM holdings CSV (rbcgam.com),RBC GAM
RID,RBC Quant EAFE Dividend Leaders ETF,,HOCHTIEF AG,0.109838,2026-09-18,RBC GAM holdings CSV (rbcgam.com),RBC GAM
RID,RBC Quant EAFE Dividend Leaders ETF,,Ryanair Holdings PLC,0.102839,2026-09-18,RBC GAM holdings CSV (rbcgam.com),RBC GAM
RID,RBC Quant EAFE Dividend Leaders ETF,,Koninklijke Philips NV,0.101955,2026-09-18,RBC GAM holdings CSV (rbcgam.com),RBC GAM
RID,RBC Quant EAFE Dividend Leaders ETF,,Singapore Technologies Engineering Ltd,0.101573,2026-09-18,RBC GAM holdings CSV (rbcgam.com),RBC GAM
RID,RBC Quant EAFE Dividend Leaders ETF,,Avolta AG,0.089493,2026-09-18,RBC GAM holdings CSV (rbcgam.com),RBC GAM
RID,RBC Quant EAFE Dividend Leaders ETF,,Chugai Pharmaceutical Co Ltd,0.053816,2026-09-18,RBC GAM holdings CSV (rbcgam.com),RBC GAM
RID,RBC Quant EAFE Dividend Leaders ETF,,Nintendo Co Ltd,0.053686,2026-09-18,RBC GAM holdings CSV (rbcgam.com),RBC GAM
RID,RBC Quant EAFE Dividend Leaders ETF,,National Australia Bank Ltd,0.049379,2026-09-18,RBC GAM holdings CSV (rbcgam.com),RBC GAM
RID,RBC Quant EAFE Dividend Leaders ETF,,"CAD Payable Sep 22, 2026 - Currency Forward",-0.221964,2026-09-18,RBC GAM holdings CSV (rbcgam.com),RBC GAM
RID,RBC Quant EAFE Dividend Leaders ETF,,"CAD Payable Sep 22, 2026 - Currency Forward",-0.263788,2026-09-18,RBC GAM holdings CSV (rbcgam.com),RBC GAM
RID,RBC Quant EAFE Dividend Leaders ETF,,"CAD Payable Sep 22, 2026 - Currency Forward",-0.298092,2026-09-18,RBC GAM holdings CSV (rbcgam.com),RBC GAM
RID,RBC Quant EAFE Dividend Leaders ETF,,"CAD Payable Sep 25, 2026 - Currency Forward",-0.441164,2026-09-18,RBC GAM holdings CSV (rbcgam.com),RBC GAM
RID-U,RBC Quant EAFE Dividend Leaders ETF (USD Units),,ASML Holding NV,4.471455,2026-09-18,"RBC GAM holdings CSV (rbcgam.com) — USD class, verified identical to base via Currency options",RBC GAM
RID-U,RBC Quant EAFE Dividend Leaders ETF (USD Units),,Roche Holding AG,3.3426,2026-09-18,"RBC GAM holdings CSV (rbcgam.com) — USD class, verified identical to base via Currency options",RBC GAM
RID-U,RBC Quant EAFE Dividend Leaders ETF (USD Units),,Intesa Sanpaolo SpA,3.231178,2026-09-18,"RBC GAM holdings CSV (rbcgam.com) — USD class, verified identical to base via Currency options",RBC GAM
RID-U,RBC Quant EAFE Dividend Leaders ETF (USD Units),,Unilever PLC,3.206849,2026-09-18,"RBC GAM holdings CSV (rbcgam.com) — USD class, verified identical to base via Currency options",RBC GAM
RID-U,RBC Quant EAFE Dividend Leaders ETF (USD Units),,Naturgy Energy Group SA,2.870456,2026-09-18,"RBC GAM holdings CSV (rbcgam.com) — USD class, verified identical to base via Currency options",RBC GAM
RID-U,RBC Quant EAFE Dividend Leaders ETF (USD Units),,BNP Paribas SA,2.705,2026-09-18,"RBC GAM holdings CSV (rbcgam.com) — USD class, verified identical to base via Currency options",RBC GAM
RID-U,RBC Quant EAFE Dividend Leaders ETF (USD Units),,Telefonaktiebolaget LM Ericsson - Class B Shares,2.442309,2026-09-18,"RBC GAM holdings CSV (rbcgam.com) — USD class, verified identical to base via Currency options",RBC GAM
RID-U,RBC Quant EAFE Dividend Leaders ETF (USD Units),,Var Energi ASA,2.431796,2026-09-18,"RBC GAM holdings CSV (rbcgam.com) — USD class, verified identical to base via Currency options",RBC GAM
RID-U,RBC Quant EAFE Dividend Leaders ETF (USD Units),,Recruit Holdings Co Ltd,2.321374,2026-09-18,"RBC GAM holdings CSV (rbcgam.com) — USD class, verified identical to base via Currency options",RBC GAM
RID-U,RBC Quant EAFE Dividend Leaders ETF (USD Units),,Wartsila OYJ Abp,2.186884,2026-09-18,"RBC GAM holdings CSV (rbcgam.com) — USD class, verified identical to base via Currency options",RBC GAM
RID-U,RBC Quant EAFE Dividend Leaders ETF (USD Units),,Danske Bank A/S,2.178919,2026-09-18,"RBC GAM holdings CSV (rbcgam.com) — USD class, verified identical to base via Currency options",RBC GAM
RID-U,RBC Quant EAFE Dividend Leaders ETF (USD Units),,Enel SpA,2.167751,2026-09-18,"RBC GAM holdings CSV (rbcgam.com) — USD class, verified identical to base via Currency options",RBC GAM
RID-U,RBC Quant EAFE Dividend Leaders ETF (USD Units),,Astellas Pharma Inc,2.117913,2026-09-18,"RBC GAM holdings CSV (rbcgam.com) — USD class, verified identical to base via Currency options",RBC GAM
RID-U,RBC Quant EAFE Dividend Leaders ETF (USD Units),,Japan Post Holdings Co Ltd,2.075014,2026-09-18,"RBC GAM holdings CSV (rbcgam.com) — USD class, verified identical to base via Currency options",RBC GAM
RID-U,RBC Quant EAFE Dividend Leaders ETF (USD Units),,Imperial Brands PLC,2.055433,2026-09-18,"RBC GAM holdings CSV (rbcgam.com) — USD class, verified identical to base via Currency options",RBC GAM
RID-U,RBC Quant EAFE Dividend Leaders ETF (USD Units),,Rolls-Royce Holdings PLC,2.049718,2026-09-18,"RBC GAM holdings CSV (rbcgam.com) — USD class, verified identical to base via Currency options",RBC GAM
RID-U,RBC Quant EAFE Dividend Leaders ETF (USD Units),,Mercedes-Benz Group AG,1.988596,2026-09-18,"RBC GAM holdings CSV (rbcgam.com) — USD class, verified identical to base via Currency options",RBC GAM
RID-U,RBC Quant EAFE Dividend Leaders ETF (USD Units),,Daiichi Life Group Inc,1.983085,2026-09-18,"RBC GAM holdings CSV (rbcgam.com) — USD class, verified identical to base via Currency options",RBC GAM
RID-U,RBC Quant EAFE Dividend Leaders ETF (USD Units),,Fortescue Ltd,1.911915,2026-09-18,"RBC GAM holdings CSV (rbcgam.com) — USD class, verified identical to base via Currency options",RBC GAM
RID-U,RBC Quant EAFE Dividend Leaders ETF (USD Units),,Deutsche Bank AG,1.895901,2026-09-18,"RBC GAM holdings CSV (rbcgam.com) — USD class, verified identical to base via Currency options",RBC GAM
RID-U,RBC Quant EAFE Dividend Leaders ETF (USD Units),,BHP Group Ltd,1.858222,2026-09-18,"RBC GAM holdings CSV (rbcgam.com) — USD class, verified identical to base via Currency options",RBC GAM
RID-U,RBC Quant EAFE Dividend Leaders ETF (USD Units),,ING Groep NV,1.83416,2026-09-18,"RBC GAM holdings CSV (rbcgam.com) — USD class, verified identical to base via Currency options",RBC GAM
RID-U,RBC Quant EAFE Dividend Leaders ETF (USD Units),,Kirin Holdings Co Ltd,1.720622,2026-09-18,"RBC GAM holdings CSV (rbcgam.com) — USD class, verified identical to base via Currency options",RBC GAM
RID-U,RBC Quant EAFE Dividend Leaders ETF (USD Units),,Mitsubishi Corp,1.651962,2026-09-18,"RBC GAM holdings CSV (rbcgam.com) — USD class, verified identical to base via Currency options",RBC GAM
RID-U,RBC Quant EAFE Dividend Leaders ETF (USD Units),,NatWest Group PLC,1.579994,2026-09-18,"RBC GAM holdings CSV (rbcgam.com) — USD class, verified identical to base via Currency options",RBC GAM
RID-U,RBC Quant EAFE Dividend Leaders ETF (USD Units),,Ayvens SA,1.547545,2026-09-18,"RBC GAM holdings CSV (rbcgam.com) — USD class, verified identical to base via Currency options",RBC GAM
RID-U,RBC Quant EAFE Dividend Leaders ETF (USD Units),,Thales SA,1.362245,2026-09-18,"RBC GAM holdings CSV (rbcgam.com) — USD class, verified identical to base via Currency options",RBC GAM
RID-U,RBC Quant EAFE Dividend Leaders ETF (USD Units),,Kone Oyj - Class B Shares,1.348141,2026-09-18,"RBC GAM holdings CSV (rbcgam.com) — USD class, verified identical to base via Currency options",RBC GAM
RID-U,RBC Quant EAFE Dividend Leaders ETF (USD Units),,Svenska Handelsbanken AB - Class A Shares,1.283864,2026-09-18,"RBC GAM holdings CSV (rbcgam.com) — USD class, verified identical to base via Currency options",RBC GAM
RID-U,RBC Quant EAFE Dividend Leaders ETF (USD Units),,Hitachi Ltd,1.219968,2026-09-18,"RBC GAM holdings CSV (rbcgam.com) — USD class, verified identical to base via Currency options",RBC GAM
RID-U,RBC Quant EAFE Dividend Leaders ETF (USD Units),,Advantest Corp,1.170729,2026-09-18,"RBC GAM holdings CSV (rbcgam.com) — USD class, verified identical to base via Currency options",RBC GAM
RID-U,RBC Quant EAFE Dividend Leaders ETF (USD Units),,Carrefour SA,1.162701,2026-09-18,"RBC GAM holdings CSV (rbcgam.com) — USD class, verified identical to base via Currency options",RBC GAM
RID-U,RBC Quant EAFE Dividend Leaders ETF (USD Units),,GSK PLC,1.154261,2026-09-18,"RBC GAM holdings CSV (rbcgam.com) — USD class, verified identical to base via Currency options",RBC GAM
RID-U,RBC Quant EAFE Dividend Leaders ETF (USD Units),,Barry Callebaut AG,1.067066,2026-09-18,"RBC GAM holdings CSV (rbcgam.com) — USD class, verified identical to base via Currency options",RBC GAM
RID-U,RBC Quant EAFE Dividend Leaders ETF (USD Units),,Indra Sistemas SA,1.056603,2026-09-18,"RBC GAM holdings CSV (rbcgam.com) — USD class, verified identical to base via Currency options",RBC GAM
RID-U,RBC Quant EAFE Dividend Leaders ETF (USD Units),,Banco de Sabadell SA,1.010873,2026-09-18,"RBC GAM holdings CSV (rbcgam.com) — USD class, verified identical to base via Currency options",RBC GAM
RID-U,RBC Quant EAFE Dividend Leaders ETF (USD Units),,SITC International Holdings Co Ltd,1.00882,2026-09-18,"RBC GAM holdings CSV (rbcgam.com) — USD class, verified identical to base via Currency options",RBC GAM
RID-U,RBC Quant EAFE Dividend Leaders ETF (USD Units),,Hoya Corp,0.949103,2026-09-18,"RBC GAM holdings CSV (rbcgam.com) — USD class, verified identical to base via Currency options",RBC GAM
RID-U,RBC Quant EAFE Dividend Leaders ETF (USD Units),,Siemens Energy AG,0.908857,2026-09-18,"RBC GAM holdings CSV (rbcgam.com) — USD class, verified identical to base via Currency options",RBC GAM
RID-U,RBC Quant EAFE Dividend Leaders ETF (USD Units),,AXA SA,0.884717,2026-09-18,"RBC GAM holdings CSV (rbcgam.com) — USD class, verified identical to base via Currency options",RBC GAM
RID-U,RBC Quant EAFE Dividend Leaders ETF (USD Units),,Vodafone Group PLC,0.854086,2026-09-18,"RBC GAM holdings CSV (rbcgam.com) — USD class, verified identical to base via Currency options",RBC GAM
RID-U,RBC Quant EAFE Dividend Leaders ETF (USD Units),,Logitech International SA - Class R Shares,0.764604,2026-09-18,"RBC GAM holdings CSV (rbcgam.com) — USD class, verified identical to base via Currency options",RBC GAM
RID-U,RBC Quant EAFE Dividend Leaders ETF (USD Units),,Deutsche Telekom AG,0.761903,2026-09-18,"RBC GAM holdings CSV (rbcgam.com) — USD class, verified identical to base via Currency options",RBC GAM
RID-U,RBC Quant EAFE Dividend Leaders ETF (USD Units),,Origin Energy Ltd,0.736272,2026-09-18,"RBC GAM holdings CSV (rbcgam.com) — USD class, verified identical to base via Currency options",RBC GAM
RID-U,RBC Quant EAFE Dividend Leaders ETF (USD Units),,Telstra Group Ltd,0.723214,2026-09-18,"RBC GAM holdings CSV (rbcgam.com) — USD class, verified identical to base via Currency options",RBC GAM
RID-U,RBC Quant EAFE Dividend Leaders ETF (USD Units),,Fujitsu Ltd,0.715591,2026-09-18,"RBC GAM holdings CSV (rbcgam.com) — USD class, verified identical to base via Currency options",RBC GAM
RID-U,RBC Quant EAFE Dividend Leaders ETF (USD Units),,Sage Group PLC,0.712531,2026-09-18,"RBC GAM holdings CSV (rbcgam.com) — USD class, verified identical to base via Currency options",RBC GAM
RID-U,RBC Quant EAFE Dividend Leaders ETF (USD Units),,Bridgestone Corp,0.691691,2026-09-18,"RBC GAM holdings CSV (rbcgam.com) — USD class, verified identical to base via Currency options",RBC GAM
RID-U,RBC Quant EAFE Dividend Leaders ETF (USD Units),,Mitsubishi Chemical Group Corp,0.682099,2026-09-18,"RBC GAM holdings CSV (rbcgam.com) — USD class, verified identical to base via Currency options",RBC GAM
RID-U,RBC Quant EAFE Dividend Leaders ETF (USD Units),,Mitsubishi Heavy Industries Ltd,0.680777,2026-09-18,"RBC GAM holdings CSV (rbcgam.com) — USD class, verified identical to base via Currency options",RBC GAM
RID-U,RBC Quant EAFE Dividend Leaders ETF (USD Units),,Evonik Industries AG,0.639944,2026-09-18,"RBC GAM holdings CSV (rbcgam.com) — USD class, verified identical to base via Currency options",RBC GAM
RID-U,RBC Quant EAFE Dividend Leaders ETF (USD Units),,Stockland,0.621667,2026-09-18,"RBC GAM holdings CSV (rbcgam.com) — USD class, verified identical to base via Currency options",RBC GAM
RID-U,RBC Quant EAFE Dividend Leaders ETF (USD Units),,Safran SA,0.617721,2026-09-18,"RBC GAM holdings CSV (rbcgam.com) — USD class, verified identical to base via Currency options",RBC GAM
RID-U,RBC Quant EAFE Dividend Leaders ETF (USD Units),,Honda Motor Co Ltd,0.597341,2026-09-18,"RBC GAM holdings CSV (rbcgam.com) — USD class, verified identical to base via Currency options",RBC GAM
RID-U,RBC Quant EAFE Dividend Leaders ETF (USD Units),,Tokyo Electron Ltd,0.587207,2026-09-18,"RBC GAM holdings CSV (rbcgam.com) — USD class, verified identical to base via Currency options",RBC GAM
RID-U,RBC Quant EAFE Dividend Leaders ETF (USD Units),,Pandora A/S,0.567003,2026-09-18,"RBC GAM holdings CSV (rbcgam.com) — USD class, verified identical to base via Currency options",RBC GAM
RID-U,RBC Quant EAFE Dividend Leaders ETF (USD Units),,Equinor ASA,0.565033,2026-09-18,"RBC GAM holdings CSV (rbcgam.com) — USD class, verified identical to base via Currency options",RBC GAM
RID-U,RBC Quant EAFE Dividend Leaders ETF (USD Units),,Holcim AG,0.559168,2026-09-18,"RBC GAM holdings CSV (rbcgam.com) — USD class, verified identical to base via Currency options",RBC GAM
RID-U,RBC Quant EAFE Dividend Leaders ETF (USD Units),,Panasonic Holdings Corp,0.557987,2026-09-18,"RBC GAM holdings CSV (rbcgam.com) — USD class, verified identical to base via Currency options",RBC GAM
RID-U,RBC Quant EAFE Dividend Leaders ETF (USD Units),,Telefonica SA,0.517519,2026-09-18,"RBC GAM holdings CSV (rbcgam.com) — USD class, verified identical to base via Currency options",RBC GAM
RID-U,RBC Quant EAFE Dividend Leaders ETF (USD Units),,Zurich Insurance Group AG,0.509,2026-09-18,"RBC GAM holdings CSV (rbcgam.com) — USD class, verified identical to base via Currency options",RBC GAM
RID-U,RBC Quant EAFE Dividend Leaders ETF (USD Units),,Nomura Holdings Inc,0.506705,2026-09-18,"RBC GAM holdings CSV (rbcgam.com) — USD class, verified identical to base via Currency options",RBC GAM
RID-U,RBC Quant EAFE Dividend Leaders ETF (USD Units),,SAP SE,0.489773,2026-09-18,"RBC GAM holdings CSV (rbcgam.com) — USD class, verified identical to base via Currency options",RBC GAM
RID-U,RBC Quant EAFE Dividend Leaders ETF (USD Units),,BP PLC,0.482895,2026-09-18,"RBC GAM holdings CSV (rbcgam.com) — USD class, verified identical to base via Currency options",RBC GAM
RID-U,RBC Quant EAFE Dividend Leaders ETF (USD Units),,Daimler Truck Holding AG - Common Shares - Voting,0.473324,2026-09-18,"RBC GAM holdings CSV (rbcgam.com) — USD class, verified identical to base via Currency options",RBC GAM
RID-U,RBC Quant EAFE Dividend Leaders ETF (USD Units),,E.ON SE,0.448462,2026-09-18,"RBC GAM holdings CSV (rbcgam.com) — USD class, verified identical to base via Currency options",RBC GAM
RID-U,RBC Quant EAFE Dividend Leaders ETF (USD Units),,Tokyo Gas Co Ltd,0.447668,2026-09-18,"RBC GAM holdings CSV (rbcgam.com) — USD class, verified identical to base via Currency options",RBC GAM
RID-U,RBC Quant EAFE Dividend Leaders ETF (USD Units),,"JPY Receivable Sep 25, 2026 - Currency Forward",0.439675,2026-09-18,"RBC GAM holdings CSV (rbcgam.com) — USD class, verified identical to base via Currency options",RBC GAM
RID-U,RBC Quant EAFE Dividend Leaders ETF (USD Units),,QBE Insurance Group Ltd,0.439155,2026-09-18,"RBC GAM holdings CSV (rbcgam.com) — USD class, verified identical to base via Currency options",RBC GAM
RID-U,RBC Quant EAFE Dividend Leaders ETF (USD Units),,Bouygues SA,0.424242,2026-09-18,"RBC GAM holdings CSV (rbcgam.com) — USD class, verified identical to base via Currency options",RBC GAM
RID-U,RBC Quant EAFE Dividend Leaders ETF (USD Units),,RELX PLC,0.405597,2026-09-18,"RBC GAM holdings CSV (rbcgam.com) — USD class, verified identical to base via Currency options",RBC GAM
RID-U,RBC Quant EAFE Dividend Leaders ETF (USD Units),,Aker BP ASA,0.395493,2026-09-18,"RBC GAM holdings CSV (rbcgam.com) — USD class, verified identical to base via Currency options",RBC GAM
RID-U,RBC Quant EAFE Dividend Leaders ETF (USD Units),,KDDI Corp,0.380725,2026-09-18,"RBC GAM holdings CSV (rbcgam.com) — USD class, verified identical to base via Currency options",RBC GAM
RID-U,RBC Quant EAFE Dividend Leaders ETF (USD Units),,WH Group Ltd,0.358132,2026-09-18,"RBC GAM holdings CSV (rbcgam.com) — USD class, verified identical to base via Currency options",RBC GAM
RID-U,RBC Quant EAFE Dividend Leaders ETF (USD Units),,Taisei Corp,0.353246,2026-09-18,"RBC GAM holdings CSV (rbcgam.com) — USD class, verified identical to base via Currency options",RBC GAM
RID-U,RBC Quant EAFE Dividend Leaders ETF (USD Units),,SoftBank Corp,0.347228,2026-09-18,"RBC GAM holdings CSV (rbcgam.com) — USD class, verified identical to base via Currency options",RBC GAM
RID-U,RBC Quant EAFE Dividend Leaders ETF (USD Units),,Singapore Airlines Ltd,0.334719,2026-09-18,"RBC GAM holdings CSV (rbcgam.com) — USD class, verified identical to base via Currency options",RBC GAM
RID-U,RBC Quant EAFE Dividend Leaders ETF (USD Units),,BAE Systems PLC,0.32631,2026-09-18,"RBC GAM holdings CSV (rbcgam.com) — USD class, verified identical to base via Currency options",RBC GAM
RID-U,RBC Quant EAFE Dividend Leaders ETF (USD Units),,Ibiden Co Ltd,0.325681,2026-09-18,"RBC GAM holdings CSV (rbcgam.com) — USD class, verified identical to base via Currency options",RBC GAM
RID-U,RBC Quant EAFE Dividend Leaders ETF (USD Units),,Westpac Banking Corp,0.316043,2026-09-18,"RBC GAM holdings CSV (rbcgam.com) — USD class, verified identical to base via Currency options",RBC GAM
RID-U,RBC Quant EAFE Dividend Leaders ETF (USD Units),,Sands China Ltd,0.304374,2026-09-18,"RBC GAM holdings CSV (rbcgam.com) — USD class, verified identical to base via Currency options",RBC GAM
RID-U,RBC Quant EAFE Dividend Leaders ETF (USD Units),,"AUD Receivable Sep 22, 2026 - Currency Forward",0.297607,2026-09-18,"RBC GAM holdings CSV (rbcgam.com) — USD class, verified identical to base via Currency options",RBC GAM
RID-U,RBC Quant EAFE Dividend Leaders ETF (USD Units),,Novo Nordisk A/S - Class B Shares,0.269833,2026-09-18,"RBC GAM holdings CSV (rbcgam.com) — USD class, verified identical to base via Currency options",RBC GAM
RID-U,RBC Quant EAFE Dividend Leaders ETF (USD Units),,"GBP Receivable Sep 22, 2026 - Currency Forward",0.263436,2026-09-18,"RBC GAM holdings CSV (rbcgam.com) — USD class, verified identical to base via Currency options",RBC GAM
RID-U,RBC Quant EAFE Dividend Leaders ETF (USD Units),,Hong Kong Exchanges & Clearing Ltd,0.234239,2026-09-18,"RBC GAM holdings CSV (rbcgam.com) — USD class, verified identical to base via Currency options",RBC GAM
RID-U,RBC Quant EAFE Dividend Leaders ETF (USD Units),,Sony Group Corp,0.227144,2026-09-18,"RBC GAM holdings CSV (rbcgam.com) — USD class, verified identical to base via Currency options",RBC GAM
RID-U,RBC Quant EAFE Dividend Leaders ETF (USD Units),,Lloyds Banking Group PLC,0.226213,2026-09-18,"RBC GAM holdings CSV (rbcgam.com) — USD class, verified identical to base via Currency options",RBC GAM
RID-U,RBC Quant EAFE Dividend Leaders ETF (USD Units),,"CHF Receivable Sep 22, 2026 - Currency Forward",0.221696,2026-09-18,"RBC GAM holdings CSV (rbcgam.com) — USD class, verified identical to base via Currency options",RBC GAM
RID-U,RBC Quant EAFE Dividend Leaders ETF (USD Units),,Novartis AG,0.221572,2026-09-18,"RBC GAM holdings CSV (rbcgam.com) — USD class, verified identical to base via Currency options",RBC GAM
RID-U,RBC Quant EAFE Dividend Leaders ETF (USD Units),,Ferrari NV,0.219316,2026-09-18,"RBC GAM holdings CSV (rbcgam.com) — USD class, verified identical to base via Currency options",RBC GAM
RID-U,RBC Quant EAFE Dividend Leaders ETF (USD Units),,Allianz SE,0.213598,2026-09-18,"RBC GAM holdings CSV (rbcgam.com) — USD class, verified identical to base via Currency options",RBC GAM
RID-U,RBC Quant EAFE Dividend Leaders ETF (USD Units),,Barclays PLC,0.190169,2026-09-18,"RBC GAM holdings CSV (rbcgam.com) — USD class, verified identical to base via Currency options",RBC GAM
RID-U,RBC Quant EAFE Dividend Leaders ETF (USD Units),,Societe Generale SA,0.183022,2026-09-18,"RBC GAM holdings CSV (rbcgam.com) — USD class, verified identical to base via Currency options",RBC GAM
RID-U,RBC Quant EAFE Dividend Leaders ETF (USD Units),,Fisher & Paykel Healthcare Corp Ltd,0.170561,2026-09-18,"RBC GAM holdings CSV (rbcgam.com) — USD class, verified identical to base via Currency options",RBC GAM
RID-U,RBC Quant EAFE Dividend Leaders ETF (USD Units),,Kingfisher PLC,0.15251,2026-09-18,"RBC GAM holdings CSV (rbcgam.com) — USD class, verified identical to base via Currency options",RBC GAM
RID-U,RBC Quant EAFE Dividend Leaders ETF (USD Units),,Sekisui House Ltd,0.144874,2026-09-18,"RBC GAM holdings CSV (rbcgam.com) — USD class, verified identical to base via Currency options",RBC GAM
RID-U,RBC Quant EAFE Dividend Leaders ETF (USD Units),,UBS Group AG,0.138464,2026-09-18,"RBC GAM holdings CSV (rbcgam.com) — USD class, verified identical to base via Currency options",RBC GAM
RID-U,RBC Quant EAFE Dividend Leaders ETF (USD Units),,Aeon Co Ltd,0.111769,2026-09-18,"RBC GAM holdings CSV (rbcgam.com) — USD class, verified identical to base via Currency options",RBC GAM
RID-U,RBC Quant EAFE Dividend Leaders ETF (USD Units),,HOCHTIEF AG,0.109838,2026-09-18,"RBC GAM holdings CSV (rbcgam.com) — USD class, verified identical to base via Currency options",RBC GAM
RID-U,RBC Quant EAFE Dividend Leaders ETF (USD Units),,Ryanair Holdings PLC,0.102839,2026-09-18,"RBC GAM holdings CSV (rbcgam.com) — USD class, verified identical to base via Currency options",RBC GAM
RID-U,RBC Quant EAFE Dividend Leaders ETF (USD Units),,Koninklijke Philips NV,0.101955,2026-09-18,"RBC GAM holdings CSV (rbcgam.com) — USD class, verified identical to base via Currency options",RBC GAM
RID-U,RBC Quant EAFE Dividend Leaders ETF (USD Units),,Singapore Technologies Engineering Ltd,0.101573,2026-09-18,"RBC GAM holdings CSV (rbcgam.com) — USD class, verified identical to base via Currency options",RBC GAM
RID-U,RBC Quant EAFE Dividend Leaders ETF (USD Units),,Avolta AG,0.089493,2026-09-18,"RBC GAM holdings CSV (rbcgam.com) — USD class, verified identical to base via Currency options",RBC GAM
RID-U,RBC Quant EAFE Dividend Leaders ETF (USD Units),,Chugai Pharmaceutical Co Ltd,0.053816,2026-09-18,"RBC GAM holdings CSV (rbcgam.com) — USD class, verified identical to base via Currency options",RBC GAM
RID-U,RBC Quant EAFE Dividend Leaders ETF (USD Units),,Nintendo Co Ltd,0.053686,2026-09-18,"RBC GAM holdings CSV (rbcgam.com) — USD class, verified identical to base via Currency options",RBC GAM
RID-U,RBC Quant EAFE Dividend Leaders ETF (USD Units),,National Australia Bank Ltd,0.049379,2026-09-18,"RBC GAM holdings CSV (rbcgam.com) — USD class, verified identical to base via Currency options",RBC GAM
RID-U,RBC Quant EAFE Dividend Leaders ETF (USD Units),,"CAD Payable Sep 22, 2026 - Currency Forward",-0.221964,2026-09-18,"RBC GAM holdings CSV (rbcgam.com) — USD class, verified identical to base via Currency options",RBC GAM
RID-U,RBC Quant EAFE Dividend Leaders ETF (USD Units),,"CAD Payable Sep 22, 2026 - Currency Forward",-0.263788,2026-09-18,"RBC GAM holdings CSV (rbcgam.com) — USD class, verified identical to base via Currency options",RBC GAM
RID-U,RBC Quant EAFE Dividend Leaders ETF (USD Units),,"CAD Payable Sep 22, 2026 - Currency Forward",-0.298092,2026-09-18,"RBC GAM holdings CSV (rbcgam.com) — USD class, verified identical to base via Currency options",RBC GAM
RID-U,RBC Quant EAFE Dividend Leaders ETF (USD Units),,"CAD Payable Sep 25, 2026 - Currency Forward",-0.441164,2026-09-18,"RBC GAM holdings CSV (rbcgam.com) — USD class, verified identical to base via Currency options",RBC GAM
RIDH,RBC Quant EAFE Dividend Leaders (CAD Hedged) ETF,,ASML Holding NV,4.471455,2026-09-18,RBC GAM holdings CSV (rbcgam.com),RBC GAM
RIDH,RBC Quant EAFE Dividend Leaders (CAD Hedged) ETF,,Roche Holding AG,3.3426,2026-09-18,RBC GAM holdings CSV (rbcgam.com),RBC GAM
RIDH,RBC Quant EAFE Dividend Leaders (CAD Hedged) ETF,,Intesa Sanpaolo SpA,3.231178,2026-09-18,RBC GAM holdings CSV (rbcgam.com),RBC GAM
RIDH,RBC Quant EAFE Dividend Leaders (CAD Hedged) ETF,,Unilever PLC,3.206849,2026-09-18,RBC GAM holdings CSV (rbcgam.com),RBC GAM
RIDH,RBC Quant EAFE Dividend Leaders (CAD Hedged) ETF,,Naturgy Energy Group SA,2.870456,2026-09-18,RBC GAM holdings CSV (rbcgam.com),RBC GAM
RIDH,RBC Quant EAFE Dividend Leaders (CAD Hedged) ETF,,BNP Paribas SA,2.705,2026-09-18,RBC GAM holdings CSV (rbcgam.com),RBC GAM
RIDH,RBC Quant EAFE Dividend Leaders (CAD Hedged) ETF,,Telefonaktiebolaget LM Ericsson - Class B Shares,2.442309,2026-09-18,RBC GAM holdings CSV (rbcgam.com),RBC GAM
RIDH,RBC Quant EAFE Dividend Leaders (CAD Hedged) ETF,,Var Energi ASA,2.431796,2026-09-18,RBC GAM holdings CSV (rbcgam.com),RBC GAM
RIDH,RBC Quant EAFE Dividend Leaders (CAD Hedged) ETF,,Recruit Holdings Co Ltd,2.321374,2026-09-18,RBC GAM holdings CSV (rbcgam.com),RBC GAM
RIDH,RBC Quant EAFE Dividend Leaders (CAD Hedged) ETF,,Wartsila OYJ Abp,2.186884,2026-09-18,RBC GAM holdings CSV (rbcgam.com),RBC GAM
RIDH,RBC Quant EAFE Dividend Leaders (CAD Hedged) ETF,,Danske Bank A/S,2.178919,2026-09-18,RBC GAM holdings CSV (rbcgam.com),RBC GAM
RIDH,RBC Quant EAFE Dividend Leaders (CAD Hedged) ETF,,Enel SpA,2.167751,2026-09-18,RBC GAM holdings CSV (rbcgam.com),RBC GAM
RIDH,RBC Quant EAFE Dividend Leaders (CAD Hedged) ETF,,Astellas Pharma Inc,2.117913,2026-09-18,RBC GAM holdings CSV (rbcgam.com),RBC GAM
RIDH,RBC Quant EAFE Dividend Leaders (CAD Hedged) ETF,,Japan Post Holdings Co Ltd,2.075014,2026-09-18,RBC GAM holdings CSV (rbcgam.com),RBC GAM
RIDH,RBC Quant EAFE Dividend Leaders (CAD Hedged) ETF,,Imperial Brands PLC,2.055433,2026-09-18,RBC GAM holdings CSV (rbcgam.com),RBC GAM
RIDH,RBC Quant EAFE Dividend Leaders (CAD Hedged) ETF,,Rolls-Royce Holdings PLC,2.049718,2026-09-18,RBC GAM holdings CSV (rbcgam.com),RBC GAM
RIDH,RBC Quant EAFE Dividend Leaders (CAD Hedged) ETF,,Mercedes-Benz Group AG,1.988596,2026-09-18,RBC GAM holdings CSV (rbcgam.com),RBC GAM
RIDH,RBC Quant EAFE Dividend Leaders (CAD Hedged) ETF,,Daiichi Life Group Inc,1.983085,2026-09-18,RBC GAM holdings CSV (rbcgam.com),RBC GAM
RIDH,RBC Quant EAFE Dividend Leaders (CAD Hedged) ETF,,Fortescue Ltd,1.911915,2026-09-18,RBC GAM holdings CSV (rbcgam.com),RBC GAM
RIDH,RBC Quant EAFE Dividend Leaders (CAD Hedged) ETF,,Deutsche Bank AG,1.895901,2026-09-18,RBC GAM holdings CSV (rbcgam.com),RBC GAM
RIDH,RBC Quant EAFE Dividend Leaders (CAD Hedged) ETF,,BHP Group Ltd,1.858222,2026-09-18,RBC GAM holdings CSV (rbcgam.com),RBC GAM
RIDH,RBC Quant EAFE Dividend Leaders (CAD Hedged) ETF,,ING Groep NV,1.83416,2026-09-18,RBC GAM holdings CSV (rbcgam.com),RBC GAM
RIDH,RBC Quant EAFE Dividend Leaders (CAD Hedged) ETF,,Kirin Holdings Co Ltd,1.720622,2026-09-18,RBC GAM holdings CSV (rbcgam.com),RBC GAM
RIDH,RBC Quant EAFE Dividend Leaders (CAD Hedged) ETF,,Mitsubishi Corp,1.651962,2026-09-18,RBC GAM holdings CSV (rbcgam.com),RBC GAM
RIDH,RBC Quant EAFE Dividend Leaders (CAD Hedged) ETF,,NatWest Group PLC,1.579994,2026-09-18,RBC GAM holdings CSV (rbcgam.com),RBC GAM
RIDH,RBC Quant EAFE Dividend Leaders (CAD Hedged) ETF,,Ayvens SA,1.547545,2026-09-18,RBC GAM holdings CSV (rbcgam.com),RBC GAM
RIDH,RBC Quant EAFE Dividend Leaders (CAD Hedged) ETF,,Thales SA,1.362245,2026-09-18,RBC GAM holdings CSV (rbcgam.com),RBC GAM
RIDH,RBC Quant EAFE Dividend Leaders (CAD Hedged) ETF,,Kone Oyj - Class B Shares,1.348141,2026-09-18,RBC GAM holdings CSV (rbcgam.com),RBC GAM
RIDH,RBC Quant EAFE Dividend Leaders (CAD Hedged) ETF,,Svenska Handelsbanken AB - Class A Shares,1.283864,2026-09-18,RBC GAM holdings CSV (rbcgam.com),RBC GAM
RIDH,RBC Quant EAFE Dividend Leaders (CAD Hedged) ETF,,Hitachi Ltd,1.219968,2026-09-18,RBC GAM holdings CSV (rbcgam.com),RBC GAM
RIDH,RBC Quant EAFE Dividend Leaders (CAD Hedged) ETF,,Advantest Corp,1.170729,2026-09-18,RBC GAM holdings CSV (rbcgam.com),RBC GAM
RIDH,RBC Quant EAFE Dividend Leaders (CAD Hedged) ETF,,Carrefour SA,1.162701,2026-09-18,RBC GAM holdings CSV (rbcgam.com),RBC GAM
RIDH,RBC Quant EAFE Dividend Leaders (CAD Hedged) ETF,,GSK PLC,1.154261,2026-09-18,RBC GAM holdings CSV (rbcgam.com),RBC GAM
RIDH,RBC Quant EAFE Dividend Leaders (CAD Hedged) ETF,,Barry Callebaut AG,1.067066,2026-09-18,RBC GAM holdings CSV (rbcgam.com),RBC GAM
RIDH,RBC Quant EAFE Dividend Leaders (CAD Hedged) ETF,,Indra Sistemas SA,1.056603,2026-09-18,RBC GAM holdings CSV (rbcgam.com),RBC GAM
RIDH,RBC Quant EAFE Dividend Leaders (CAD Hedged) ETF,,Banco de Sabadell SA,1.010873,2026-09-18,RBC GAM holdings CSV (rbcgam.com),RBC GAM
RIDH,RBC Quant EAFE Dividend Leaders (CAD Hedged) ETF,,SITC International Holdings Co Ltd,1.00882,2026-09-18,RBC GAM holdings CSV (rbcgam.com),RBC GAM
RIDH,RBC Quant EAFE Dividend Leaders (CAD Hedged) ETF,,Hoya Corp,0.949103,2026-09-18,RBC GAM holdings CSV (rbcgam.com),RBC GAM
RIDH,RBC Quant EAFE Dividend Leaders (CAD Hedged) ETF,,Siemens Energy AG,0.908857,2026-09-18,RBC GAM holdings CSV (rbcgam.com),RBC GAM
RIDH,RBC Quant EAFE Dividend Leaders (CAD Hedged) ETF,,AXA SA,0.884717,2026-09-18,RBC GAM holdings CSV (rbcgam.com),RBC GAM
RIDH,RBC Quant EAFE Dividend Leaders (CAD Hedged) ETF,,Vodafone Group PLC,0.854086,2026-09-18,RBC GAM holdings CSV (rbcgam.com),RBC GAM
RIDH,RBC Quant EAFE Dividend Leaders (CAD Hedged) ETF,,Logitech International SA - Class R Shares,0.764604,2026-09-18,RBC GAM holdings CSV (rbcgam.com),RBC GAM
RIDH,RBC Quant EAFE Dividend Leaders (CAD Hedged) ETF,,Deutsche Telekom AG,0.761903,2026-09-18,RBC GAM holdings CSV (rbcgam.com),RBC GAM
RIDH,RBC Quant EAFE Dividend Leaders (CAD Hedged) ETF,,Origin Energy Ltd,0.736272,2026-09-18,RBC GAM holdings CSV (rbcgam.com),RBC GAM
RIDH,RBC Quant EAFE Dividend Leaders (CAD Hedged) ETF,,Telstra Group Ltd,0.723214,2026-09-18,RBC GAM holdings CSV (rbcgam.com),RBC GAM
RIDH,RBC Quant EAFE Dividend Leaders (CAD Hedged) ETF,,Fujitsu Ltd,0.715591,2026-09-18,RBC GAM holdings CSV (rbcgam.com),RBC GAM
RIDH,RBC Quant EAFE Dividend Leaders (CAD Hedged) ETF,,Sage Group PLC,0.712531,2026-09-18,RBC GAM holdings CSV (rbcgam.com),RBC GAM
RIDH,RBC Quant EAFE Dividend Leaders (CAD Hedged) ETF,,Bridgestone Corp,0.691691,2026-09-18,RBC GAM holdings CSV (rbcgam.com),RBC GAM
RIDH,RBC Quant EAFE Dividend Leaders (CAD Hedged) ETF,,Mitsubishi Chemical Group Corp,0.682099,2026-09-18,RBC GAM holdings CSV (rbcgam.com),RBC GAM
RIDH,RBC Quant EAFE Dividend Leaders (CAD Hedged) ETF,,Mitsubishi Heavy Industries Ltd,0.680777,2026-09-18,RBC GAM holdings CSV (rbcgam.com),RBC GAM
RIDH,RBC Quant EAFE Dividend Leaders (CAD Hedged) ETF,,Evonik Industries AG,0.639944,2026-09-18,RBC GAM holdings CSV (rbcgam.com),RBC GAM
RIDH,RBC Quant EAFE Dividend Leaders (CAD Hedged) ETF,,Stockland,0.621667,2026-09-18,RBC GAM holdings CSV (rbcgam.com),RBC GAM
RIDH,RBC Quant EAFE Dividend Leaders (CAD Hedged) ETF,,Safran SA,0.617721,2026-09-18,RBC GAM holdings CSV (rbcgam.com),RBC GAM
RIDH,RBC Quant EAFE Dividend Leaders (CAD Hedged) ETF,,Honda Motor Co Ltd,0.597341,2026-09-18,RBC GAM holdings CSV (rbcgam.com),RBC GAM
RIDH,RBC Quant EAFE Dividend Leaders (CAD Hedged) ETF,,Tokyo Electron Ltd,0.587207,2026-09-18,RBC GAM holdings CSV (rbcgam.com),RBC GAM
RIDH,RBC Quant EAFE Dividend Leaders (CAD Hedged) ETF,,Pandora A/S,0.567003,2026-09-18,RBC GAM holdings CSV (rbcgam.com),RBC GAM
RIDH,RBC Quant EAFE Dividend Leaders (CAD Hedged) ETF,,Equinor ASA,0.565033,2026-09-18,RBC GAM holdings CSV (rbcgam.com),RBC GAM
RIDH,RBC Quant EAFE Dividend Leaders (CAD Hedged) ETF,,Holcim AG,0.559168,2026-09-18,RBC GAM holdings CSV (rbcgam.com),RBC GAM
RIDH,RBC Quant EAFE Dividend Leaders (CAD Hedged) ETF,,Panasonic Holdings Corp,0.557987,2026-09-18,RBC GAM holdings CSV (rbcgam.com),RBC GAM
RIDH,RBC Quant EAFE Dividend Leaders (CAD Hedged) ETF,,Telefonica SA,0.517519,2026-09-18,RBC GAM holdings CSV (rbcgam.com),RBC GAM
RIDH,RBC Quant EAFE Dividend Leaders (CAD Hedged) ETF,,Zurich Insurance Group AG,0.509,2026-09-18,RBC GAM holdings CSV (rbcgam.com),RBC GAM
RIDH,RBC Quant EAFE Dividend Leaders (CAD Hedged) ETF,,Nomura Holdings Inc,0.506705,2026-09-18,RBC GAM holdings CSV (rbcgam.com),RBC GAM
RIDH,RBC Quant EAFE Dividend Leaders (CAD Hedged) ETF,,SAP SE,0.489773,2026-09-18,RBC GAM holdings CSV (rbcgam.com),RBC GAM
RIDH,RBC Quant EAFE Dividend Leaders (CAD Hedged) ETF,,BP PLC,0.482895,2026-09-18,RBC GAM holdings CSV (rbcgam.com),RBC GAM
RIDH,RBC Quant EAFE Dividend Leaders (CAD Hedged) ETF,,Daimler Truck Holding AG - Common Shares - Voting,0.473324,2026-09-18,RBC GAM holdings CSV (rbcgam.com),RBC GAM
RIDH,RBC Quant EAFE Dividend Leaders (CAD Hedged) ETF,,E.ON SE,0.448462,2026-09-18,RBC GAM holdings CSV (rbcgam.com),RBC GAM
RIDH,RBC Quant EAFE Dividend Leaders (CAD Hedged) ETF,,Tokyo Gas Co Ltd,0.447668,2026-09-18,RBC GAM holdings CSV (rbcgam.com),RBC GAM
RIDH,RBC Quant EAFE Dividend Leaders (CAD Hedged) ETF,,"JPY Receivable Sep 25, 2026 - Currency Forward",0.439675,2026-09-18,RBC GAM holdings CSV (rbcgam.com),RBC GAM
RIDH,RBC Quant EAFE Dividend Leaders (CAD Hedged) ETF,,QBE Insurance Group Ltd,0.439155,2026-09-18,RBC GAM holdings CSV (rbcgam.com),RBC GAM
RIDH,RBC Quant EAFE Dividend Leaders (CAD Hedged) ETF,,Bouygues SA,0.424242,2026-09-18,RBC GAM holdings CSV (rbcgam.com),RBC GAM
RIDH,RBC Quant EAFE Dividend Leaders (CAD Hedged) ETF,,RELX PLC,0.405597,2026-09-18,RBC GAM holdings CSV (rbcgam.com),RBC GAM
RIDH,RBC Quant EAFE Dividend Leaders (CAD Hedged) ETF,,Aker BP ASA,0.395493,2026-09-18,RBC GAM holdings CSV (rbcgam.com),RBC GAM
RIDH,RBC Quant EAFE Dividend Leaders (CAD Hedged) ETF,,KDDI Corp,0.380725,2026-09-18,RBC GAM holdings CSV (rbcgam.com),RBC GAM
RIDH,RBC Quant EAFE Dividend Leaders (CAD Hedged) ETF,,WH Group Ltd,0.358132,2026-09-18,RBC GAM holdings CSV (rbcgam.com),RBC GAM
RIDH,RBC Quant EAFE Dividend Leaders (CAD Hedged) ETF,,Taisei Corp,0.353246,2026-09-18,RBC GAM holdings CSV (rbcgam.com),RBC GAM
RIDH,RBC Quant EAFE Dividend Leaders (CAD Hedged) ETF,,SoftBank Corp,0.347228,2026-09-18,RBC GAM holdings CSV (rbcgam.com),RBC GAM
RIDH,RBC Quant EAFE Dividend Leaders (CAD Hedged) ETF,,Singapore Airlines Ltd,0.334719,2026-09-18,RBC GAM holdings CSV (rbcgam.com),RBC GAM
RIDH,RBC Quant EAFE Dividend Leaders (CAD Hedged) ETF,,BAE Systems PLC,0.32631,2026-09-18,RBC GAM holdings CSV (rbcgam.com),RBC GAM
RIDH,RBC Quant EAFE Dividend Leaders (CAD Hedged) ETF,,Ibiden Co Ltd,0.325681,2026-09-18,RBC GAM holdings CSV (rbcgam.com),RBC GAM
RIDH,RBC Quant EAFE Dividend Leaders (CAD Hedged) ETF,,Westpac Banking Corp,0.316043,2026-09-18,RBC GAM holdings CSV (rbcgam.com),RBC GAM
RIDH,RBC Quant EAFE Dividend Leaders (CAD Hedged) ETF,,Sands China Ltd,0.304374,2026-09-18,RBC GAM holdings CSV (rbcgam.com),RBC GAM
RIDH,RBC Quant EAFE Dividend Leaders (CAD Hedged) ETF,,"AUD Receivable Sep 22, 2026 - Currency Forward",0.297607,2026-09-18,RBC GAM holdings CSV (rbcgam.com),RBC GAM
RIDH,RBC Quant EAFE Dividend Leaders (CAD Hedged) ETF,,Novo Nordisk A/S - Class B Shares,0.269833,2026-09-18,RBC GAM holdings CSV (rbcgam.com),RBC GAM
RIDH,RBC Quant EAFE Dividend Leaders (CAD Hedged) ETF,,"GBP Receivable Sep 22, 2026 - Currency Forward",0.263436,2026-09-18,RBC GAM holdings CSV (rbcgam.com),RBC GAM
RIDH,RBC Quant EAFE Dividend Leaders (CAD Hedged) ETF,,Hong Kong Exchanges & Clearing Ltd,0.234239,2026-09-18,RBC GAM holdings CSV (rbcgam.com),RBC GAM
RIDH,RBC Quant EAFE Dividend Leaders (CAD Hedged) ETF,,Sony Group Corp,0.227144,2026-09-18,RBC GAM holdings CSV (rbcgam.com),RBC GAM
RIDH,RBC Quant EAFE Dividend Leaders (CAD Hedged) ETF,,Lloyds Banking Group PLC,0.226213,2026-09-18,RBC GAM holdings CSV (rbcgam.com),RBC GAM
RIDH,RBC Quant EAFE Dividend Leaders (CAD Hedged) ETF,,"CHF Receivable Sep 22, 2026 - Currency Forward",0.221696,2026-09-18,RBC GAM holdings CSV (rbcgam.com),RBC GAM
RIDH,RBC Quant EAFE Dividend Leaders (CAD Hedged) ETF,,Novartis AG,0.221572,2026-09-18,RBC GAM holdings CSV (rbcgam.com),RBC GAM
RIDH,RBC Quant EAFE Dividend Leaders (CAD Hedged) ETF,,Ferrari NV,0.219316,2026-09-18,RBC GAM holdings CSV (rbcgam.com),RBC GAM
RIDH,RBC Quant EAFE Dividend Leaders (CAD Hedged) ETF,,Allianz SE,0.213598,2026-09-18,RBC GAM holdings CSV (rbcgam.com),RBC GAM
RIDH,RBC Quant EAFE Dividend Leaders (CAD Hedged) ETF,,Barclays PLC,0.190169,2026-09-18,RBC GAM holdings CSV (rbcgam.com),RBC GAM
RIDH,RBC Quant EAFE Dividend Leaders (CAD Hedged) ETF,,Societe Generale SA,0.183022,2026-09-18,RBC GAM holdings CSV (rbcgam.com),RBC GAM
RIDH,RBC Quant EAFE Dividend Leaders (CAD Hedged) ETF,,Fisher & Paykel Healthcare Corp Ltd,0.170561,2026-09-18,RBC GAM holdings CSV (rbcgam.com),RBC GAM
RIDH,RBC Quant EAFE Dividend Leaders (CAD Hedged) ETF,,Kingfisher PLC,0.15251,2026-09-18,RBC GAM holdings CSV (rbcgam.com),RBC GAM
RIDH,RBC Quant EAFE Dividend Leaders (CAD Hedged) ETF,,Sekisui House Ltd,0.144874,2026-09-18,RBC GAM holdings CSV (rbcgam.com),RBC GAM
RIDH,RBC Quant EAFE Dividend Leaders (CAD Hedged) ETF,,UBS Group AG,0.138464,2026-09-18,RBC GAM holdings CSV (rbcgam.com),RBC GAM
RIDH,RBC Quant EAFE Dividend Leaders (CAD Hedged) ETF,,Aeon Co Ltd,0.111769,2026-09-18,RBC GAM holdings CSV (rbcgam.com),RBC GAM
RIDH,RBC Quant EAFE Dividend Leaders (CAD Hedged) ETF,,HOCHTIEF AG,0.109838,2026-09-18,RBC GAM holdings CSV (rbcgam.com),RBC GAM
RIDH,RBC Quant EAFE Dividend Leaders (CAD Hedged) ETF,,Ryanair Holdings PLC,0.102839,2026-09-18,RBC GAM holdings CSV (rbcgam.com),RBC GAM
RIDH,RBC Quant EAFE Dividend Leaders (CAD Hedged) ETF,,Koninklijke Philips NV,0.101955,2026-09-18,RBC GAM holdings CSV (rbcgam.com),RBC GAM
RIDH,RBC Quant EAFE Dividend Leaders (CAD Hedged) ETF,,Singapore Technologies Engineering Ltd,0.101573,2026-09-18,RBC GAM holdings CSV (rbcgam.com),RBC GAM
RIDH,RBC Quant EAFE Dividend Leaders (CAD Hedged) ETF,,Avolta AG,0.089493,2026-09-18,RBC GAM holdings CSV (rbcgam.com),RBC GAM
RIDH,RBC Quant EAFE Dividend Leaders (CAD Hedged) ETF,,Chugai Pharmaceutical Co Ltd,0.053816,2026-09-18,RBC GAM holdings CSV (rbcgam.com),RBC GAM
RIDH,RBC Quant EAFE Dividend Leaders (CAD Hedged) ETF,,Nintendo Co Ltd,0.053686,2026-09-18,RBC GAM holdings CSV (rbcgam.com),RBC GAM
RIDH,RBC Quant EAFE Dividend Leaders (CAD Hedged) ETF,,National Australia Bank Ltd,0.049379,2026-09-18,RBC GAM holdings CSV (rbcgam.com),RBC GAM
RIDH,RBC Quant EAFE Dividend Leaders (CAD Hedged) ETF,,"CAD Payable Sep 22, 2026 - Currency Forward",-0.221964,2026-09-18,RBC GAM holdings CSV (rbcgam.com),RBC GAM
RIDH,RBC Quant EAFE Dividend Leaders (CAD Hedged) ETF,,"CAD Payable Sep 22, 2026 - Currency Forward",-0.263788,2026-09-18,RBC GAM holdings CSV (rbcgam.com),RBC GAM
RIDH,RBC Quant EAFE Dividend Leaders (CAD Hedged) ETF,,"CAD Payable Sep 22, 2026 - Currency Forward",-0.298092,2026-09-18,RBC GAM holdings CSV (rbcgam.com),RBC GAM
RIDH,RBC Quant EAFE Dividend Leaders (CAD Hedged) ETF,,"CAD Payable Sep 25, 2026 - Currency Forward",-0.441164,2026-09-18,RBC GAM holdings CSV (rbcgam.com),RBC GAM
RLB,RBC 1-5 Year Laddered Canadian Bond ETF,,RBC Target 2027 Canadian Corporate Bond Index ETF,14.098116,2026-09-18,RBC GAM holdings CSV (rbcgam.com),RBC GAM
RLB,RBC 1-5 Year Laddered Canadian Bond ETF,,RBC Target 2028 Canadian Corporate Bond Index ETF,14.037893,2026-09-18,RBC GAM holdings CSV (rbcgam.com),RBC GAM
RLB,RBC 1-5 Year Laddered Canadian Bond ETF,,RBC Target 2029 Canadian Corporate Bond Index ETF,13.981691,2026-09-18,RBC GAM holdings CSV (rbcgam.com),RBC GAM
RLB,RBC 1-5 Year Laddered Canadian Bond ETF,,RBC Target 2030 Canadian Corporate Bond Index ETF,13.948028,2026-09-18,RBC GAM holdings CSV (rbcgam.com),RBC GAM
RLB,RBC 1-5 Year Laddered Canadian Bond ETF,,RBC Target 2031 Canadian Corporate Bond ETF,13.91747,2026-09-18,RBC GAM holdings CSV (rbcgam.com),RBC GAM
RLB,RBC 1-5 Year Laddered Canadian Bond ETF,,RBC Target 2027 Canadian Government Bond ETF,6.044093,2026-09-18,RBC GAM holdings CSV (rbcgam.com),RBC GAM
RLB,RBC 1-5 Year Laddered Canadian Bond ETF,,RBC Target 2028 Canadian Government Bond ETF,6.020822,2026-09-18,RBC GAM holdings CSV (rbcgam.com),RBC GAM
RLB,RBC 1-5 Year Laddered Canadian Bond ETF,,RBC Target 2029 Canadian Government Bond ETF,5.995954,2026-09-18,RBC GAM holdings CSV (rbcgam.com),RBC GAM
RLB,RBC 1-5 Year Laddered Canadian Bond ETF,,RBC Target 2030 Canadian Government Bond ETF,5.985611,2026-09-18,RBC GAM holdings CSV (rbcgam.com),RBC GAM
RLB,RBC 1-5 Year Laddered Canadian Bond ETF,,RBC Target 2031 Canadian Government Bond ETF,5.970322,2026-09-18,RBC GAM holdings CSV (rbcgam.com),RBC GAM
RPD,RBC Quant European Dividend Leaders ETF,,ASML Holding NV,5.510003,2026-09-18,RBC GAM holdings CSV (rbcgam.com),RBC GAM
RPD,RBC Quant European Dividend Leaders ETF,,Roche Holding AG,5.157161,2026-09-18,RBC GAM holdings CSV (rbcgam.com),RBC GAM
RPD,RBC Quant European Dividend Leaders ETF,,Unilever PLC,3.895948,2026-09-18,RBC GAM holdings CSV (rbcgam.com),RBC GAM
RPD,RBC Quant European Dividend Leaders ETF,,Rolls-Royce Holdings PLC,3.366875,2026-09-18,RBC GAM holdings CSV (rbcgam.com),RBC GAM
RPD,RBC Quant European Dividend Leaders ETF,,Enel SpA,3.172137,2026-09-18,RBC GAM holdings CSV (rbcgam.com),RBC GAM
RPD,RBC Quant European Dividend Leaders ETF,,Imperial Brands PLC,3.162111,2026-09-18,RBC GAM holdings CSV (rbcgam.com),RBC GAM
RPD,RBC Quant European Dividend Leaders ETF,,BNP Paribas SA,3.158631,2026-09-18,RBC GAM holdings CSV (rbcgam.com),RBC GAM
RPD,RBC Quant European Dividend Leaders ETF,,Naturgy Energy Group SA,3.118712,2026-09-18,RBC GAM holdings CSV (rbcgam.com),RBC GAM
RPD,RBC Quant European Dividend Leaders ETF,,Intesa Sanpaolo SpA,3.048998,2026-09-18,RBC GAM holdings CSV (rbcgam.com),RBC GAM
RPD,RBC Quant European Dividend Leaders ETF,,Telefonaktiebolaget LM Ericsson - Class B Shares,2.690302,2026-09-18,RBC GAM holdings CSV (rbcgam.com),RBC GAM
RPD,RBC Quant European Dividend Leaders ETF,,Wartsila OYJ Abp,2.466318,2026-09-18,RBC GAM holdings CSV (rbcgam.com),RBC GAM
RPD,RBC Quant European Dividend Leaders ETF,,ING Groep NV,2.367573,2026-09-18,RBC GAM holdings CSV (rbcgam.com),RBC GAM
RPD,RBC Quant European Dividend Leaders ETF,,Mercedes-Benz Group AG,2.330441,2026-09-18,RBC GAM holdings CSV (rbcgam.com),RBC GAM
RPD,RBC Quant European Dividend Leaders ETF,,Deutsche Bank AG,2.252955,2026-09-18,RBC GAM holdings CSV (rbcgam.com),RBC GAM
RPD,RBC Quant European Dividend Leaders ETF,,Thales SA,2.146812,2026-09-18,RBC GAM holdings CSV (rbcgam.com),RBC GAM
RPD,RBC Quant European Dividend Leaders ETF,,Danske Bank A/S,2.128053,2026-09-18,RBC GAM holdings CSV (rbcgam.com),RBC GAM
RPD,RBC Quant European Dividend Leaders ETF,,Zurich Insurance Group AG,2.109179,2026-09-18,RBC GAM holdings CSV (rbcgam.com),RBC GAM
RPD,RBC Quant European Dividend Leaders ETF,,Barry Callebaut AG,1.905639,2026-09-18,RBC GAM holdings CSV (rbcgam.com),RBC GAM
RPD,RBC Quant European Dividend Leaders ETF,,Carrefour SA,1.874745,2026-09-18,RBC GAM holdings CSV (rbcgam.com),RBC GAM
RPD,RBC Quant European Dividend Leaders ETF,,Novartis AG,1.859841,2026-09-18,RBC GAM holdings CSV (rbcgam.com),RBC GAM
RPD,RBC Quant European Dividend Leaders ETF,,Allianz SE,1.833919,2026-09-18,RBC GAM holdings CSV (rbcgam.com),RBC GAM
RPD,RBC Quant European Dividend Leaders ETF,,AXA SA,1.781292,2026-09-18,RBC GAM holdings CSV (rbcgam.com),RBC GAM
RPD,RBC Quant European Dividend Leaders ETF,,Societe Generale SA,1.694571,2026-09-18,RBC GAM holdings CSV (rbcgam.com),RBC GAM
RPD,RBC Quant European Dividend Leaders ETF,,GSK PLC,1.640195,2026-09-18,RBC GAM holdings CSV (rbcgam.com),RBC GAM
RPD,RBC Quant European Dividend Leaders ETF,,Siemens Energy AG,1.630039,2026-09-18,RBC GAM holdings CSV (rbcgam.com),RBC GAM
RPD,RBC Quant European Dividend Leaders ETF,,Equinor ASA,1.588761,2026-09-18,RBC GAM holdings CSV (rbcgam.com),RBC GAM
RPD,RBC Quant European Dividend Leaders ETF,,Indra Sistemas SA,1.567659,2026-09-18,RBC GAM holdings CSV (rbcgam.com),RBC GAM
RPD,RBC Quant European Dividend Leaders ETF,,Banco de Sabadell SA,1.540864,2026-09-18,RBC GAM holdings CSV (rbcgam.com),RBC GAM
RPD,RBC Quant European Dividend Leaders ETF,,Kone Oyj - Class B Shares,1.470165,2026-09-18,RBC GAM holdings CSV (rbcgam.com),RBC GAM
RPD,RBC Quant European Dividend Leaders ETF,,RELX PLC,1.391886,2026-09-18,RBC GAM holdings CSV (rbcgam.com),RBC GAM
RPD,RBC Quant European Dividend Leaders ETF,,Var Energi ASA,1.391295,2026-09-18,RBC GAM holdings CSV (rbcgam.com),RBC GAM
RPD,RBC Quant European Dividend Leaders ETF,,Evonik Industries AG,1.369846,2026-09-18,RBC GAM holdings CSV (rbcgam.com),RBC GAM
RPD,RBC Quant European Dividend Leaders ETF,,SAP SE,1.219485,2026-09-18,RBC GAM holdings CSV (rbcgam.com),RBC GAM
RPD,RBC Quant European Dividend Leaders ETF,,BP PLC,1.203958,2026-09-18,RBC GAM holdings CSV (rbcgam.com),RBC GAM
RPD,RBC Quant European Dividend Leaders ETF,,NatWest Group PLC,1.170412,2026-09-18,RBC GAM holdings CSV (rbcgam.com),RBC GAM
RPD,RBC Quant European Dividend Leaders ETF,,Sage Group PLC,1.124838,2026-09-18,RBC GAM holdings CSV (rbcgam.com),RBC GAM
RPD,RBC Quant European Dividend Leaders ETF,,Ayvens SA,1.01329,2026-09-18,RBC GAM holdings CSV (rbcgam.com),RBC GAM
RPD,RBC Quant European Dividend Leaders ETF,,NN Group NV,0.948558,2026-09-18,RBC GAM holdings CSV (rbcgam.com),RBC GAM
RPD,RBC Quant European Dividend Leaders ETF,,DHL AG,0.946647,2026-09-18,RBC GAM holdings CSV (rbcgam.com),RBC GAM
RPD,RBC Quant European Dividend Leaders ETF,,Novo Nordisk A/S - Class B Shares,0.916105,2026-09-18,RBC GAM holdings CSV (rbcgam.com),RBC GAM
RPD,RBC Quant European Dividend Leaders ETF,,E.ON SE,0.884934,2026-09-18,RBC GAM holdings CSV (rbcgam.com),RBC GAM
RPD,RBC Quant European Dividend Leaders ETF,,Vodafone Group PLC,0.830324,2026-09-18,RBC GAM holdings CSV (rbcgam.com),RBC GAM
RPD,RBC Quant European Dividend Leaders ETF,,Pandora A/S,0.827303,2026-09-18,RBC GAM holdings CSV (rbcgam.com),RBC GAM
RPD,RBC Quant European Dividend Leaders ETF,,EQT AB,0.804366,2026-09-18,RBC GAM holdings CSV (rbcgam.com),RBC GAM
RPD,RBC Quant European Dividend Leaders ETF,,Safran SA,0.717245,2026-09-18,RBC GAM holdings CSV (rbcgam.com),RBC GAM
RPD,RBC Quant European Dividend Leaders ETF,,British American Tobacco PLC,0.709521,2026-09-18,RBC GAM holdings CSV (rbcgam.com),RBC GAM
RPD,RBC Quant European Dividend Leaders ETF,,Koninklijke Philips NV,0.653066,2026-09-18,RBC GAM holdings CSV (rbcgam.com),RBC GAM
RPD,RBC Quant European Dividend Leaders ETF,,Avolta AG,0.62252,2026-09-18,RBC GAM holdings CSV (rbcgam.com),RBC GAM
RPD,RBC Quant European Dividend Leaders ETF,,Rio Tinto PLC,0.601684,2026-09-18,RBC GAM holdings CSV (rbcgam.com),RBC GAM
RPD,RBC Quant European Dividend Leaders ETF,,Glencore PLC,0.598272,2026-09-18,RBC GAM holdings CSV (rbcgam.com),RBC GAM
RPD,RBC Quant European Dividend Leaders ETF,,Volvo AB - Class B Shares,0.542748,2026-09-18,RBC GAM holdings CSV (rbcgam.com),RBC GAM
RPD,RBC Quant European Dividend Leaders ETF,,Muenchener Rueckversicherungs-Gesellschaft AG in Muenchen - Class R Shares,0.528051,2026-09-18,RBC GAM holdings CSV (rbcgam.com),RBC GAM
RPD,RBC Quant European Dividend Leaders ETF,,Ferrari NV,0.526181,2026-09-18,RBC GAM holdings CSV (rbcgam.com),RBC GAM
RPD,RBC Quant European Dividend Leaders ETF,,Bouygues SA,0.525142,2026-09-18,RBC GAM holdings CSV (rbcgam.com),RBC GAM
RPD,RBC Quant European Dividend Leaders ETF,,Kingfisher PLC,0.524772,2026-09-18,RBC GAM holdings CSV (rbcgam.com),RBC GAM
RPD,RBC Quant European Dividend Leaders ETF,,Engie SA,0.516896,2026-09-18,RBC GAM holdings CSV (rbcgam.com),RBC GAM
RPD,RBC Quant European Dividend Leaders ETF,,Sanofi SA,0.495115,2026-09-18,RBC GAM holdings CSV (rbcgam.com),RBC GAM
RPD,RBC Quant European Dividend Leaders ETF,,Daimler Truck Holding AG - Common Shares - Voting,0.471331,2026-09-18,RBC GAM holdings CSV (rbcgam.com),RBC GAM
RPD,RBC Quant European Dividend Leaders ETF,,Svenska Handelsbanken AB - Class A Shares,0.408729,2026-09-18,RBC GAM holdings CSV (rbcgam.com),RBC GAM
RPD,RBC Quant European Dividend Leaders ETF,,BASF SE,0.369702,2026-09-18,RBC GAM holdings CSV (rbcgam.com),RBC GAM
RPD,RBC Quant European Dividend Leaders ETF,,Vestas Wind Systems A/S,0.34138,2026-09-18,RBC GAM holdings CSV (rbcgam.com),RBC GAM
RPD,RBC Quant European Dividend Leaders ETF,,Holcim AG,0.317347,2026-09-18,RBC GAM holdings CSV (rbcgam.com),RBC GAM
RPD,RBC Quant European Dividend Leaders ETF,,Boliden AB,0.301617,2026-09-18,RBC GAM holdings CSV (rbcgam.com),RBC GAM
RPD,RBC Quant European Dividend Leaders ETF,,Reckitt Benckiser Group PLC,0.287388,2026-09-18,RBC GAM holdings CSV (rbcgam.com),RBC GAM
RPD,RBC Quant European Dividend Leaders ETF,,BAE Systems PLC,0.280188,2026-09-18,RBC GAM holdings CSV (rbcgam.com),RBC GAM
RPD,RBC Quant European Dividend Leaders ETF,,Deutsche Telekom AG,0.252065,2026-09-18,RBC GAM holdings CSV (rbcgam.com),RBC GAM
RPD,RBC Quant European Dividend Leaders ETF,,TotalEnergies SE,0.169773,2026-09-18,RBC GAM holdings CSV (rbcgam.com),RBC GAM
RPD,RBC Quant European Dividend Leaders ETF,,Logitech International SA - Class R Shares,0.101605,2026-09-18,RBC GAM holdings CSV (rbcgam.com),RBC GAM
RPD,RBC Quant European Dividend Leaders ETF,,Banco Bilbao Vizcaya Argentaria SA,0.100149,2026-09-18,RBC GAM holdings CSV (rbcgam.com),RBC GAM
RPD,RBC Quant European Dividend Leaders ETF,,H & M Hennes & Mauritz AB - Class B Shares,0.089944,2026-09-18,RBC GAM holdings CSV (rbcgam.com),RBC GAM
RPD,RBC Quant European Dividend Leaders ETF,,Ryanair Holdings PLC,0.081683,2026-09-18,RBC GAM holdings CSV (rbcgam.com),RBC GAM
RPD,RBC Quant European Dividend Leaders ETF,,Nestle SA,0.078544,2026-09-18,RBC GAM holdings CSV (rbcgam.com),RBC GAM
RPD,RBC Quant European Dividend Leaders ETF,,ABN AMRO Bank NV - Dutch Certificates,0.067793,2026-09-18,RBC GAM holdings CSV (rbcgam.com),RBC GAM
RPD,RBC Quant European Dividend Leaders ETF,,London Stock Exchange Group PLC,0.057085,2026-09-18,RBC GAM holdings CSV (rbcgam.com),RBC GAM
RPD,RBC Quant European Dividend Leaders ETF,,Generali,0.052771,2026-09-18,RBC GAM holdings CSV (rbcgam.com),RBC GAM
RPD,RBC Quant European Dividend Leaders ETF,,Airtel Africa PLC,0.048356,2026-09-18,RBC GAM holdings CSV (rbcgam.com),RBC GAM
RPD,RBC Quant European Dividend Leaders ETF,,Julius Baer Group Ltd,0.048187,2026-09-18,RBC GAM holdings CSV (rbcgam.com),RBC GAM
RPD-U,RBC Quant European Dividend Leaders ETF (USD Units),,ASML Holding NV,5.510003,2026-09-18,"RBC GAM holdings CSV (rbcgam.com) — USD class, verified identical to base via Currency options",RBC GAM
RPD-U,RBC Quant European Dividend Leaders ETF (USD Units),,Roche Holding AG,5.157161,2026-09-18,"RBC GAM holdings CSV (rbcgam.com) — USD class, verified identical to base via Currency options",RBC GAM
RPD-U,RBC Quant European Dividend Leaders ETF (USD Units),,Unilever PLC,3.895948,2026-09-18,"RBC GAM holdings CSV (rbcgam.com) — USD class, verified identical to base via Currency options",RBC GAM
RPD-U,RBC Quant European Dividend Leaders ETF (USD Units),,Rolls-Royce Holdings PLC,3.366875,2026-09-18,"RBC GAM holdings CSV (rbcgam.com) — USD class, verified identical to base via Currency options",RBC GAM
RPD-U,RBC Quant European Dividend Leaders ETF (USD Units),,Enel SpA,3.172137,2026-09-18,"RBC GAM holdings CSV (rbcgam.com) — USD class, verified identical to base via Currency options",RBC GAM
RPD-U,RBC Quant European Dividend Leaders ETF (USD Units),,Imperial Brands PLC,3.162111,2026-09-18,"RBC GAM holdings CSV (rbcgam.com) — USD class, verified identical to base via Currency options",RBC GAM
RPD-U,RBC Quant European Dividend Leaders ETF (USD Units),,BNP Paribas SA,3.158631,2026-09-18,"RBC GAM holdings CSV (rbcgam.com) — USD class, verified identical to base via Currency options",RBC GAM
RPD-U,RBC Quant European Dividend Leaders ETF (USD Units),,Naturgy Energy Group SA,3.118712,2026-09-18,"RBC GAM holdings CSV (rbcgam.com) — USD class, verified identical to base via Currency options",RBC GAM
RPD-U,RBC Quant European Dividend Leaders ETF (USD Units),,Intesa Sanpaolo SpA,3.048998,2026-09-18,"RBC GAM holdings CSV (rbcgam.com) — USD class, verified identical to base via Currency options",RBC GAM
RPD-U,RBC Quant European Dividend Leaders ETF (USD Units),,Telefonaktiebolaget LM Ericsson - Class B Shares,2.690302,2026-09-18,"RBC GAM holdings CSV (rbcgam.com) — USD class, verified identical to base via Currency options",RBC GAM
RPD-U,RBC Quant European Dividend Leaders ETF (USD Units),,Wartsila OYJ Abp,2.466318,2026-09-18,"RBC GAM holdings CSV (rbcgam.com) — USD class, verified identical to base via Currency options",RBC GAM
RPD-U,RBC Quant European Dividend Leaders ETF (USD Units),,ING Groep NV,2.367573,2026-09-18,"RBC GAM holdings CSV (rbcgam.com) — USD class, verified identical to base via Currency options",RBC GAM
RPD-U,RBC Quant European Dividend Leaders ETF (USD Units),,Mercedes-Benz Group AG,2.330441,2026-09-18,"RBC GAM holdings CSV (rbcgam.com) — USD class, verified identical to base via Currency options",RBC GAM
RPD-U,RBC Quant European Dividend Leaders ETF (USD Units),,Deutsche Bank AG,2.252955,2026-09-18,"RBC GAM holdings CSV (rbcgam.com) — USD class, verified identical to base via Currency options",RBC GAM
RPD-U,RBC Quant European Dividend Leaders ETF (USD Units),,Thales SA,2.146812,2026-09-18,"RBC GAM holdings CSV (rbcgam.com) — USD class, verified identical to base via Currency options",RBC GAM
RPD-U,RBC Quant European Dividend Leaders ETF (USD Units),,Danske Bank A/S,2.128053,2026-09-18,"RBC GAM holdings CSV (rbcgam.com) — USD class, verified identical to base via Currency options",RBC GAM
RPD-U,RBC Quant European Dividend Leaders ETF (USD Units),,Zurich Insurance Group AG,2.109179,2026-09-18,"RBC GAM holdings CSV (rbcgam.com) — USD class, verified identical to base via Currency options",RBC GAM
RPD-U,RBC Quant European Dividend Leaders ETF (USD Units),,Barry Callebaut AG,1.905639,2026-09-18,"RBC GAM holdings CSV (rbcgam.com) — USD class, verified identical to base via Currency options",RBC GAM
RPD-U,RBC Quant European Dividend Leaders ETF (USD Units),,Carrefour SA,1.874745,2026-09-18,"RBC GAM holdings CSV (rbcgam.com) — USD class, verified identical to base via Currency options",RBC GAM
RPD-U,RBC Quant European Dividend Leaders ETF (USD Units),,Novartis AG,1.859841,2026-09-18,"RBC GAM holdings CSV (rbcgam.com) — USD class, verified identical to base via Currency options",RBC GAM
RPD-U,RBC Quant European Dividend Leaders ETF (USD Units),,Allianz SE,1.833919,2026-09-18,"RBC GAM holdings CSV (rbcgam.com) — USD class, verified identical to base via Currency options",RBC GAM
RPD-U,RBC Quant European Dividend Leaders ETF (USD Units),,AXA SA,1.781292,2026-09-18,"RBC GAM holdings CSV (rbcgam.com) — USD class, verified identical to base via Currency options",RBC GAM
RPD-U,RBC Quant European Dividend Leaders ETF (USD Units),,Societe Generale SA,1.694571,2026-09-18,"RBC GAM holdings CSV (rbcgam.com) — USD class, verified identical to base via Currency options",RBC GAM
RPD-U,RBC Quant European Dividend Leaders ETF (USD Units),,GSK PLC,1.640195,2026-09-18,"RBC GAM holdings CSV (rbcgam.com) — USD class, verified identical to base via Currency options",RBC GAM
RPD-U,RBC Quant European Dividend Leaders ETF (USD Units),,Siemens Energy AG,1.630039,2026-09-18,"RBC GAM holdings CSV (rbcgam.com) — USD class, verified identical to base via Currency options",RBC GAM
RPD-U,RBC Quant European Dividend Leaders ETF (USD Units),,Equinor ASA,1.588761,2026-09-18,"RBC GAM holdings CSV (rbcgam.com) — USD class, verified identical to base via Currency options",RBC GAM
RPD-U,RBC Quant European Dividend Leaders ETF (USD Units),,Indra Sistemas SA,1.567659,2026-09-18,"RBC GAM holdings CSV (rbcgam.com) — USD class, verified identical to base via Currency options",RBC GAM
RPD-U,RBC Quant European Dividend Leaders ETF (USD Units),,Banco de Sabadell SA,1.540864,2026-09-18,"RBC GAM holdings CSV (rbcgam.com) — USD class, verified identical to base via Currency options",RBC GAM
RPD-U,RBC Quant European Dividend Leaders ETF (USD Units),,Kone Oyj - Class B Shares,1.470165,2026-09-18,"RBC GAM holdings CSV (rbcgam.com) — USD class, verified identical to base via Currency options",RBC GAM
RPD-U,RBC Quant European Dividend Leaders ETF (USD Units),,RELX PLC,1.391886,2026-09-18,"RBC GAM holdings CSV (rbcgam.com) — USD class, verified identical to base via Currency options",RBC GAM
RPD-U,RBC Quant European Dividend Leaders ETF (USD Units),,Var Energi ASA,1.391295,2026-09-18,"RBC GAM holdings CSV (rbcgam.com) — USD class, verified identical to base via Currency options",RBC GAM
RPD-U,RBC Quant European Dividend Leaders ETF (USD Units),,Evonik Industries AG,1.369846,2026-09-18,"RBC GAM holdings CSV (rbcgam.com) — USD class, verified identical to base via Currency options",RBC GAM
RPD-U,RBC Quant European Dividend Leaders ETF (USD Units),,SAP SE,1.219485,2026-09-18,"RBC GAM holdings CSV (rbcgam.com) — USD class, verified identical to base via Currency options",RBC GAM
RPD-U,RBC Quant European Dividend Leaders ETF (USD Units),,BP PLC,1.203958,2026-09-18,"RBC GAM holdings CSV (rbcgam.com) — USD class, verified identical to base via Currency options",RBC GAM
RPD-U,RBC Quant European Dividend Leaders ETF (USD Units),,NatWest Group PLC,1.170412,2026-09-18,"RBC GAM holdings CSV (rbcgam.com) — USD class, verified identical to base via Currency options",RBC GAM
RPD-U,RBC Quant European Dividend Leaders ETF (USD Units),,Sage Group PLC,1.124838,2026-09-18,"RBC GAM holdings CSV (rbcgam.com) — USD class, verified identical to base via Currency options",RBC GAM
RPD-U,RBC Quant European Dividend Leaders ETF (USD Units),,Ayvens SA,1.01329,2026-09-18,"RBC GAM holdings CSV (rbcgam.com) — USD class, verified identical to base via Currency options",RBC GAM
RPD-U,RBC Quant European Dividend Leaders ETF (USD Units),,NN Group NV,0.948558,2026-09-18,"RBC GAM holdings CSV (rbcgam.com) — USD class, verified identical to base via Currency options",RBC GAM
RPD-U,RBC Quant European Dividend Leaders ETF (USD Units),,DHL AG,0.946647,2026-09-18,"RBC GAM holdings CSV (rbcgam.com) — USD class, verified identical to base via Currency options",RBC GAM
RPD-U,RBC Quant European Dividend Leaders ETF (USD Units),,Novo Nordisk A/S - Class B Shares,0.916105,2026-09-18,"RBC GAM holdings CSV (rbcgam.com) — USD class, verified identical to base via Currency options",RBC GAM
RPD-U,RBC Quant European Dividend Leaders ETF (USD Units),,E.ON SE,0.884934,2026-09-18,"RBC GAM holdings CSV (rbcgam.com) — USD class, verified identical to base via Currency options",RBC GAM
RPD-U,RBC Quant European Dividend Leaders ETF (USD Units),,Vodafone Group PLC,0.830324,2026-09-18,"RBC GAM holdings CSV (rbcgam.com) — USD class, verified identical to base via Currency options",RBC GAM
RPD-U,RBC Quant European Dividend Leaders ETF (USD Units),,Pandora A/S,0.827303,2026-09-18,"RBC GAM holdings CSV (rbcgam.com) — USD class, verified identical to base via Currency options",RBC GAM
RPD-U,RBC Quant European Dividend Leaders ETF (USD Units),,EQT AB,0.804366,2026-09-18,"RBC GAM holdings CSV (rbcgam.com) — USD class, verified identical to base via Currency options",RBC GAM
RPD-U,RBC Quant European Dividend Leaders ETF (USD Units),,Safran SA,0.717245,2026-09-18,"RBC GAM holdings CSV (rbcgam.com) — USD class, verified identical to base via Currency options",RBC GAM
RPD-U,RBC Quant European Dividend Leaders ETF (USD Units),,British American Tobacco PLC,0.709521,2026-09-18,"RBC GAM holdings CSV (rbcgam.com) — USD class, verified identical to base via Currency options",RBC GAM
RPD-U,RBC Quant European Dividend Leaders ETF (USD Units),,Koninklijke Philips NV,0.653066,2026-09-18,"RBC GAM holdings CSV (rbcgam.com) — USD class, verified identical to base via Currency options",RBC GAM
RPD-U,RBC Quant European Dividend Leaders ETF (USD Units),,Avolta AG,0.62252,2026-09-18,"RBC GAM holdings CSV (rbcgam.com) — USD class, verified identical to base via Currency options",RBC GAM
RPD-U,RBC Quant European Dividend Leaders ETF (USD Units),,Rio Tinto PLC,0.601684,2026-09-18,"RBC GAM holdings CSV (rbcgam.com) — USD class, verified identical to base via Currency options",RBC GAM
RPD-U,RBC Quant European Dividend Leaders ETF (USD Units),,Glencore PLC,0.598272,2026-09-18,"RBC GAM holdings CSV (rbcgam.com) — USD class, verified identical to base via Currency options",RBC GAM
RPD-U,RBC Quant European Dividend Leaders ETF (USD Units),,Volvo AB - Class B Shares,0.542748,2026-09-18,"RBC GAM holdings CSV (rbcgam.com) — USD class, verified identical to base via Currency options",RBC GAM
RPD-U,RBC Quant European Dividend Leaders ETF (USD Units),,Muenchener Rueckversicherungs-Gesellschaft AG in Muenchen - Class R Shares,0.528051,2026-09-18,"RBC GAM holdings CSV (rbcgam.com) — USD class, verified identical to base via Currency options",RBC GAM
RPD-U,RBC Quant European Dividend Leaders ETF (USD Units),,Ferrari NV,0.526181,2026-09-18,"RBC GAM holdings CSV (rbcgam.com) — USD class, verified identical to base via Currency options",RBC GAM
RPD-U,RBC Quant European Dividend Leaders ETF (USD Units),,Bouygues SA,0.525142,2026-09-18,"RBC GAM holdings CSV (rbcgam.com) — USD class, verified identical to base via Currency options",RBC GAM
RPD-U,RBC Quant European Dividend Leaders ETF (USD Units),,Kingfisher PLC,0.524772,2026-09-18,"RBC GAM holdings CSV (rbcgam.com) — USD class, verified identical to base via Currency options",RBC GAM
RPD-U,RBC Quant European Dividend Leaders ETF (USD Units),,Engie SA,0.516896,2026-09-18,"RBC GAM holdings CSV (rbcgam.com) — USD class, verified identical to base via Currency options",RBC GAM
RPD-U,RBC Quant European Dividend Leaders ETF (USD Units),,Sanofi SA,0.495115,2026-09-18,"RBC GAM holdings CSV (rbcgam.com) — USD class, verified identical to base via Currency options",RBC GAM
RPD-U,RBC Quant European Dividend Leaders ETF (USD Units),,Daimler Truck Holding AG - Common Shares - Voting,0.471331,2026-09-18,"RBC GAM holdings CSV (rbcgam.com) — USD class, verified identical to base via Currency options",RBC GAM
RPD-U,RBC Quant European Dividend Leaders ETF (USD Units),,Svenska Handelsbanken AB - Class A Shares,0.408729,2026-09-18,"RBC GAM holdings CSV (rbcgam.com) — USD class, verified identical to base via Currency options",RBC GAM
RPD-U,RBC Quant European Dividend Leaders ETF (USD Units),,BASF SE,0.369702,2026-09-18,"RBC GAM holdings CSV (rbcgam.com) — USD class, verified identical to base via Currency options",RBC GAM
RPD-U,RBC Quant European Dividend Leaders ETF (USD Units),,Vestas Wind Systems A/S,0.34138,2026-09-18,"RBC GAM holdings CSV (rbcgam.com) — USD class, verified identical to base via Currency options",RBC GAM
RPD-U,RBC Quant European Dividend Leaders ETF (USD Units),,Holcim AG,0.317347,2026-09-18,"RBC GAM holdings CSV (rbcgam.com) — USD class, verified identical to base via Currency options",RBC GAM
RPD-U,RBC Quant European Dividend Leaders ETF (USD Units),,Boliden AB,0.301617,2026-09-18,"RBC GAM holdings CSV (rbcgam.com) — USD class, verified identical to base via Currency options",RBC GAM
RPD-U,RBC Quant European Dividend Leaders ETF (USD Units),,Reckitt Benckiser Group PLC,0.287388,2026-09-18,"RBC GAM holdings CSV (rbcgam.com) — USD class, verified identical to base via Currency options",RBC GAM
RPD-U,RBC Quant European Dividend Leaders ETF (USD Units),,BAE Systems PLC,0.280188,2026-09-18,"RBC GAM holdings CSV (rbcgam.com) — USD class, verified identical to base via Currency options",RBC GAM
RPD-U,RBC Quant European Dividend Leaders ETF (USD Units),,Deutsche Telekom AG,0.252065,2026-09-18,"RBC GAM holdings CSV (rbcgam.com) — USD class, verified identical to base via Currency options",RBC GAM
RPD-U,RBC Quant European Dividend Leaders ETF (USD Units),,TotalEnergies SE,0.169773,2026-09-18,"RBC GAM holdings CSV (rbcgam.com) — USD class, verified identical to base via Currency options",RBC GAM
RPD-U,RBC Quant European Dividend Leaders ETF (USD Units),,Logitech International SA - Class R Shares,0.101605,2026-09-18,"RBC GAM holdings CSV (rbcgam.com) — USD class, verified identical to base via Currency options",RBC GAM
RPD-U,RBC Quant European Dividend Leaders ETF (USD Units),,Banco Bilbao Vizcaya Argentaria SA,0.100149,2026-09-18,"RBC GAM holdings CSV (rbcgam.com) — USD class, verified identical to base via Currency options",RBC GAM
RPD-U,RBC Quant European Dividend Leaders ETF (USD Units),,H & M Hennes & Mauritz AB - Class B Shares,0.089944,2026-09-18,"RBC GAM holdings CSV (rbcgam.com) — USD class, verified identical to base via Currency options",RBC GAM
RPD-U,RBC Quant European Dividend Leaders ETF (USD Units),,Ryanair Holdings PLC,0.081683,2026-09-18,"RBC GAM holdings CSV (rbcgam.com) — USD class, verified identical to base via Currency options",RBC GAM
RPD-U,RBC Quant European Dividend Leaders ETF (USD Units),,Nestle SA,0.078544,2026-09-18,"RBC GAM holdings CSV (rbcgam.com) — USD class, verified identical to base via Currency options",RBC GAM
RPD-U,RBC Quant European Dividend Leaders ETF (USD Units),,ABN AMRO Bank NV - Dutch Certificates,0.067793,2026-09-18,"RBC GAM holdings CSV (rbcgam.com) — USD class, verified identical to base via Currency options",RBC GAM
RPD-U,RBC Quant European Dividend Leaders ETF (USD Units),,London Stock Exchange Group PLC,0.057085,2026-09-18,"RBC GAM holdings CSV (rbcgam.com) — USD class, verified identical to base via Currency options",RBC GAM
RPD-U,RBC Quant European Dividend Leaders ETF (USD Units),,Generali,0.052771,2026-09-18,"RBC GAM holdings CSV (rbcgam.com) — USD class, verified identical to base via Currency options",RBC GAM
RPD-U,RBC Quant European Dividend Leaders ETF (USD Units),,Airtel Africa PLC,0.048356,2026-09-18,"RBC GAM holdings CSV (rbcgam.com) — USD class, verified identical to base via Currency options",RBC GAM
RPD-U,RBC Quant European Dividend Leaders ETF (USD Units),,Julius Baer Group Ltd,0.048187,2026-09-18,"RBC GAM holdings CSV (rbcgam.com) — USD class, verified identical to base via Currency options",RBC GAM
RPDH,RBC Quant European Dividend Leaders (CAD Hedged) ETF,,ASML Holding NV,5.510003,2026-09-18,RBC GAM holdings CSV (rbcgam.com),RBC GAM
RPDH,RBC Quant European Dividend Leaders (CAD Hedged) ETF,,Roche Holding AG,5.157161,2026-09-18,RBC GAM holdings CSV (rbcgam.com),RBC GAM
RPDH,RBC Quant European Dividend Leaders (CAD Hedged) ETF,,Unilever PLC,3.895948,2026-09-18,RBC GAM holdings CSV (rbcgam.com),RBC GAM
RPDH,RBC Quant European Dividend Leaders (CAD Hedged) ETF,,Rolls-Royce Holdings PLC,3.366875,2026-09-18,RBC GAM holdings CSV (rbcgam.com),RBC GAM
RPDH,RBC Quant European Dividend Leaders (CAD Hedged) ETF,,Enel SpA,3.172137,2026-09-18,RBC GAM holdings CSV (rbcgam.com),RBC GAM
RPDH,RBC Quant European Dividend Leaders (CAD Hedged) ETF,,Imperial Brands PLC,3.162111,2026-09-18,RBC GAM holdings CSV (rbcgam.com),RBC GAM
RPDH,RBC Quant European Dividend Leaders (CAD Hedged) ETF,,BNP Paribas SA,3.158631,2026-09-18,RBC GAM holdings CSV (rbcgam.com),RBC GAM
RPDH,RBC Quant European Dividend Leaders (CAD Hedged) ETF,,Naturgy Energy Group SA,3.118712,2026-09-18,RBC GAM holdings CSV (rbcgam.com),RBC GAM
RPDH,RBC Quant European Dividend Leaders (CAD Hedged) ETF,,Intesa Sanpaolo SpA,3.048998,2026-09-18,RBC GAM holdings CSV (rbcgam.com),RBC GAM
RPDH,RBC Quant European Dividend Leaders (CAD Hedged) ETF,,Telefonaktiebolaget LM Ericsson - Class B Shares,2.690302,2026-09-18,RBC GAM holdings CSV (rbcgam.com),RBC GAM
RPDH,RBC Quant European Dividend Leaders (CAD Hedged) ETF,,Wartsila OYJ Abp,2.466318,2026-09-18,RBC GAM holdings CSV (rbcgam.com),RBC GAM
RPDH,RBC Quant European Dividend Leaders (CAD Hedged) ETF,,ING Groep NV,2.367573,2026-09-18,RBC GAM holdings CSV (rbcgam.com),RBC GAM
RPDH,RBC Quant European Dividend Leaders (CAD Hedged) ETF,,Mercedes-Benz Group AG,2.330441,2026-09-18,RBC GAM holdings CSV (rbcgam.com),RBC GAM
RPDH,RBC Quant European Dividend Leaders (CAD Hedged) ETF,,Deutsche Bank AG,2.252955,2026-09-18,RBC GAM holdings CSV (rbcgam.com),RBC GAM
RPDH,RBC Quant European Dividend Leaders (CAD Hedged) ETF,,Thales SA,2.146812,2026-09-18,RBC GAM holdings CSV (rbcgam.com),RBC GAM
RPDH,RBC Quant European Dividend Leaders (CAD Hedged) ETF,,Danske Bank A/S,2.128053,2026-09-18,RBC GAM holdings CSV (rbcgam.com),RBC GAM
RPDH,RBC Quant European Dividend Leaders (CAD Hedged) ETF,,Zurich Insurance Group AG,2.109179,2026-09-18,RBC GAM holdings CSV (rbcgam.com),RBC GAM
RPDH,RBC Quant European Dividend Leaders (CAD Hedged) ETF,,Barry Callebaut AG,1.905639,2026-09-18,RBC GAM holdings CSV (rbcgam.com),RBC GAM
RPDH,RBC Quant European Dividend Leaders (CAD Hedged) ETF,,Carrefour SA,1.874745,2026-09-18,RBC GAM holdings CSV (rbcgam.com),RBC GAM
RPDH,RBC Quant European Dividend Leaders (CAD Hedged) ETF,,Novartis AG,1.859841,2026-09-18,RBC GAM holdings CSV (rbcgam.com),RBC GAM
RPDH,RBC Quant European Dividend Leaders (CAD Hedged) ETF,,Allianz SE,1.833919,2026-09-18,RBC GAM holdings CSV (rbcgam.com),RBC GAM
RPDH,RBC Quant European Dividend Leaders (CAD Hedged) ETF,,AXA SA,1.781292,2026-09-18,RBC GAM holdings CSV (rbcgam.com),RBC GAM
RPDH,RBC Quant European Dividend Leaders (CAD Hedged) ETF,,Societe Generale SA,1.694571,2026-09-18,RBC GAM holdings CSV (rbcgam.com),RBC GAM
RPDH,RBC Quant European Dividend Leaders (CAD Hedged) ETF,,GSK PLC,1.640195,2026-09-18,RBC GAM holdings CSV (rbcgam.com),RBC GAM
RPDH,RBC Quant European Dividend Leaders (CAD Hedged) ETF,,Siemens Energy AG,1.630039,2026-09-18,RBC GAM holdings CSV (rbcgam.com),RBC GAM
RPDH,RBC Quant European Dividend Leaders (CAD Hedged) ETF,,Equinor ASA,1.588761,2026-09-18,RBC GAM holdings CSV (rbcgam.com),RBC GAM
RPDH,RBC Quant European Dividend Leaders (CAD Hedged) ETF,,Indra Sistemas SA,1.567659,2026-09-18,RBC GAM holdings CSV (rbcgam.com),RBC GAM
RPDH,RBC Quant European Dividend Leaders (CAD Hedged) ETF,,Banco de Sabadell SA,1.540864,2026-09-18,RBC GAM holdings CSV (rbcgam.com),RBC GAM
RPDH,RBC Quant European Dividend Leaders (CAD Hedged) ETF,,Kone Oyj - Class B Shares,1.470165,2026-09-18,RBC GAM holdings CSV (rbcgam.com),RBC GAM
RPDH,RBC Quant European Dividend Leaders (CAD Hedged) ETF,,RELX PLC,1.391886,2026-09-18,RBC GAM holdings CSV (rbcgam.com),RBC GAM
RPDH,RBC Quant European Dividend Leaders (CAD Hedged) ETF,,Var Energi ASA,1.391295,2026-09-18,RBC GAM holdings CSV (rbcgam.com),RBC GAM
RPDH,RBC Quant European Dividend Leaders (CAD Hedged) ETF,,Evonik Industries AG,1.369846,2026-09-18,RBC GAM holdings CSV (rbcgam.com),RBC GAM
RPDH,RBC Quant European Dividend Leaders (CAD Hedged) ETF,,SAP SE,1.219485,2026-09-18,RBC GAM holdings CSV (rbcgam.com),RBC GAM
RPDH,RBC Quant European Dividend Leaders (CAD Hedged) ETF,,BP PLC,1.203958,2026-09-18,RBC GAM holdings CSV (rbcgam.com),RBC GAM
RPDH,RBC Quant European Dividend Leaders (CAD Hedged) ETF,,NatWest Group PLC,1.170412,2026-09-18,RBC GAM holdings CSV (rbcgam.com),RBC GAM
RPDH,RBC Quant European Dividend Leaders (CAD Hedged) ETF,,Sage Group PLC,1.124838,2026-09-18,RBC GAM holdings CSV (rbcgam.com),RBC GAM
RPDH,RBC Quant European Dividend Leaders (CAD Hedged) ETF,,Ayvens SA,1.01329,2026-09-18,RBC GAM holdings CSV (rbcgam.com),RBC GAM
RPDH,RBC Quant European Dividend Leaders (CAD Hedged) ETF,,NN Group NV,0.948558,2026-09-18,RBC GAM holdings CSV (rbcgam.com),RBC GAM
RPDH,RBC Quant European Dividend Leaders (CAD Hedged) ETF,,DHL AG,0.946647,2026-09-18,RBC GAM holdings CSV (rbcgam.com),RBC GAM
RPDH,RBC Quant European Dividend Leaders (CAD Hedged) ETF,,Novo Nordisk A/S - Class B Shares,0.916105,2026-09-18,RBC GAM holdings CSV (rbcgam.com),RBC GAM
RPDH,RBC Quant European Dividend Leaders (CAD Hedged) ETF,,E.ON SE,0.884934,2026-09-18,RBC GAM holdings CSV (rbcgam.com),RBC GAM
RPDH,RBC Quant European Dividend Leaders (CAD Hedged) ETF,,Vodafone Group PLC,0.830324,2026-09-18,RBC GAM holdings CSV (rbcgam.com),RBC GAM
RPDH,RBC Quant European Dividend Leaders (CAD Hedged) ETF,,Pandora A/S,0.827303,2026-09-18,RBC GAM holdings CSV (rbcgam.com),RBC GAM
RPDH,RBC Quant European Dividend Leaders (CAD Hedged) ETF,,EQT AB,0.804366,2026-09-18,RBC GAM holdings CSV (rbcgam.com),RBC GAM
RPDH,RBC Quant European Dividend Leaders (CAD Hedged) ETF,,Safran SA,0.717245,2026-09-18,RBC GAM holdings CSV (rbcgam.com),RBC GAM
RPDH,RBC Quant European Dividend Leaders (CAD Hedged) ETF,,British American Tobacco PLC,0.709521,2026-09-18,RBC GAM holdings CSV (rbcgam.com),RBC GAM
RPDH,RBC Quant European Dividend Leaders (CAD Hedged) ETF,,Koninklijke Philips NV,0.653066,2026-09-18,RBC GAM holdings CSV (rbcgam.com),RBC GAM
RPDH,RBC Quant European Dividend Leaders (CAD Hedged) ETF,,Avolta AG,0.62252,2026-09-18,RBC GAM holdings CSV (rbcgam.com),RBC GAM
RPDH,RBC Quant European Dividend Leaders (CAD Hedged) ETF,,Rio Tinto PLC,0.601684,2026-09-18,RBC GAM holdings CSV (rbcgam.com),RBC GAM
RPDH,RBC Quant European Dividend Leaders (CAD Hedged) ETF,,Glencore PLC,0.598272,2026-09-18,RBC GAM holdings CSV (rbcgam.com),RBC GAM
RPDH,RBC Quant European Dividend Leaders (CAD Hedged) ETF,,Volvo AB - Class B Shares,0.542748,2026-09-18,RBC GAM holdings CSV (rbcgam.com),RBC GAM
RPDH,RBC Quant European Dividend Leaders (CAD Hedged) ETF,,Muenchener Rueckversicherungs-Gesellschaft AG in Muenchen - Class R Shares,0.528051,2026-09-18,RBC GAM holdings CSV (rbcgam.com),RBC GAM
RPDH,RBC Quant European Dividend Leaders (CAD Hedged) ETF,,Ferrari NV,0.526181,2026-09-18,RBC GAM holdings CSV (rbcgam.com),RBC GAM
RPDH,RBC Quant European Dividend Leaders (CAD Hedged) ETF,,Bouygues SA,0.525142,2026-09-18,RBC GAM holdings CSV (rbcgam.com),RBC GAM
RPDH,RBC Quant European Dividend Leaders (CAD Hedged) ETF,,Kingfisher PLC,0.524772,2026-09-18,RBC GAM holdings CSV (rbcgam.com),RBC GAM
RPDH,RBC Quant European Dividend Leaders (CAD Hedged) ETF,,Engie SA,0.516896,2026-09-18,RBC GAM holdings CSV (rbcgam.com),RBC GAM
RPDH,RBC Quant European Dividend Leaders (CAD Hedged) ETF,,Sanofi SA,0.495115,2026-09-18,RBC GAM holdings CSV (rbcgam.com),RBC GAM
RPDH,RBC Quant European Dividend Leaders (CAD Hedged) ETF,,Daimler Truck Holding AG - Common Shares - Voting,0.471331,2026-09-18,RBC GAM holdings CSV (rbcgam.com),RBC GAM
RPDH,RBC Quant European Dividend Leaders (CAD Hedged) ETF,,Svenska Handelsbanken AB - Class A Shares,0.408729,2026-09-18,RBC GAM holdings CSV (rbcgam.com),RBC GAM
RPDH,RBC Quant European Dividend Leaders (CAD Hedged) ETF,,BASF SE,0.369702,2026-09-18,RBC GAM holdings CSV (rbcgam.com),RBC GAM
RPDH,RBC Quant European Dividend Leaders (CAD Hedged) ETF,,Vestas Wind Systems A/S,0.34138,2026-09-18,RBC GAM holdings CSV (rbcgam.com),RBC GAM
RPDH,RBC Quant European Dividend Leaders (CAD Hedged) ETF,,Holcim AG,0.317347,2026-09-18,RBC GAM holdings CSV (rbcgam.com),RBC GAM
RPDH,RBC Quant European Dividend Leaders (CAD Hedged) ETF,,Boliden AB,0.301617,2026-09-18,RBC GAM holdings CSV (rbcgam.com),RBC GAM
RPDH,RBC Quant European Dividend Leaders (CAD Hedged) ETF,,Reckitt Benckiser Group PLC,0.287388,2026-09-18,RBC GAM holdings CSV (rbcgam.com),RBC GAM
RPDH,RBC Quant European Dividend Leaders (CAD Hedged) ETF,,BAE Systems PLC,0.280188,2026-09-18,RBC GAM holdings CSV (rbcgam.com),RBC GAM
RPDH,RBC Quant European Dividend Leaders (CAD Hedged) ETF,,Deutsche Telekom AG,0.252065,2026-09-18,RBC GAM holdings CSV (rbcgam.com),RBC GAM
RPDH,RBC Quant European Dividend Leaders (CAD Hedged) ETF,,TotalEnergies SE,0.169773,2026-09-18,RBC GAM holdings CSV (rbcgam.com),RBC GAM
RPDH,RBC Quant European Dividend Leaders (CAD Hedged) ETF,,Logitech International SA - Class R Shares,0.101605,2026-09-18,RBC GAM holdings CSV (rbcgam.com),RBC GAM
RPDH,RBC Quant European Dividend Leaders (CAD Hedged) ETF,,Banco Bilbao Vizcaya Argentaria SA,0.100149,2026-09-18,RBC GAM holdings CSV (rbcgam.com),RBC GAM
RPDH,RBC Quant European Dividend Leaders (CAD Hedged) ETF,,H & M Hennes & Mauritz AB - Class B Shares,0.089944,2026-09-18,RBC GAM holdings CSV (rbcgam.com),RBC GAM
RPDH,RBC Quant European Dividend Leaders (CAD Hedged) ETF,,Ryanair Holdings PLC,0.081683,2026-09-18,RBC GAM holdings CSV (rbcgam.com),RBC GAM
RPDH,RBC Quant European Dividend Leaders (CAD Hedged) ETF,,Nestle SA,0.078544,2026-09-18,RBC GAM holdings CSV (rbcgam.com),RBC GAM
RPDH,RBC Quant European Dividend Leaders (CAD Hedged) ETF,,ABN AMRO Bank NV - Dutch Certificates,0.067793,2026-09-18,RBC GAM holdings CSV (rbcgam.com),RBC GAM
RPDH,RBC Quant European Dividend Leaders (CAD Hedged) ETF,,London Stock Exchange Group PLC,0.057085,2026-09-18,RBC GAM holdings CSV (rbcgam.com),RBC GAM
RPDH,RBC Quant European Dividend Leaders (CAD Hedged) ETF,,Generali,0.052771,2026-09-18,RBC GAM holdings CSV (rbcgam.com),RBC GAM
RPDH,RBC Quant European Dividend Leaders (CAD Hedged) ETF,,Airtel Africa PLC,0.048356,2026-09-18,RBC GAM holdings CSV (rbcgam.com),RBC GAM
RPDH,RBC Quant European Dividend Leaders (CAD Hedged) ETF,,Julius Baer Group Ltd,0.048187,2026-09-18,RBC GAM holdings CSV (rbcgam.com),RBC GAM
RPF,RBC Canadian Preferred Share ETF,,"BCE Inc 3.306% - Series AK, Cumulative, Variable Rate Preferred Shares",3.159178,2026-09-18,RBC GAM holdings CSV (rbcgam.com),RBC GAM
RPF,RBC Canadian Preferred Share ETF,,"Brookfield Office Properties Inc 4.300% - Series R, Cumulative, Variable Rate Preferred Shares",2.834436,2026-09-18,RBC GAM holdings CSV (rbcgam.com),RBC GAM
RPF,RBC Canadian Preferred Share ETF,,"Brookfield Office Properties Inc 6.546% - Series GG, Cumulative, Variable Rate Preferred Shares",2.518536,2026-09-18,RBC GAM holdings CSV (rbcgam.com),RBC GAM
RPF,RBC Canadian Preferred Share ETF,,"TransAlta Corp 4.782% - Series A, Cumulative, Variable Rate Preferred Shares",2.300752,2026-09-18,RBC GAM holdings CSV (rbcgam.com),RBC GAM
RPF,RBC Canadian Preferred Share ETF,,"Brookfield Corp 5.432% - Series 24, Cumulative, Variable Rate Preferred Shares",2.050085,2026-09-18,RBC GAM holdings CSV (rbcgam.com),RBC GAM
RPF,RBC Canadian Preferred Share ETF,,"Enbridge Inc 5.477% - Series 11, Cumulative, Variable Rate Preferred Shares",1.982195,2026-09-18,RBC GAM holdings CSV (rbcgam.com),RBC GAM
RPF,RBC Canadian Preferred Share ETF,,"Brookfield Office Properties Inc 5.496% - Series EE, Cumulative, Variable Rate Preferred Shares",1.876314,2026-09-18,RBC GAM holdings CSV (rbcgam.com),RBC GAM
RPF,RBC Canadian Preferred Share ETF,,"TC Energy Corp 5.985% - Series 7, Cumulative, Variable Rate Preferred Shares",1.781086,2026-09-18,RBC GAM holdings CSV (rbcgam.com),RBC GAM
RPF,RBC Canadian Preferred Share ETF,,"TC Energy Corp 4.501% - Series 5, Cumulative, Variable Rate Preferred Shares",1.738467,2026-09-18,RBC GAM holdings CSV (rbcgam.com),RBC GAM
RPF,RBC Canadian Preferred Share ETF,,"TransAlta Corp 5.854% - Series C, Cumulative, Variable Rate Preferred Shares",1.684104,2026-09-18,RBC GAM holdings CSV (rbcgam.com),RBC GAM
RPF,RBC Canadian Preferred Share ETF,,Emera Inc 4.25% - Series J Preferred Shares,1.641898,2026-09-18,RBC GAM holdings CSV (rbcgam.com),RBC GAM
RPF,RBC Canadian Preferred Share ETF,,"Power Financial Corp 4.591% - Series P, Non-Cumulative, Variable Rate Preferred Shares",1.63496,2026-09-18,RBC GAM holdings CSV (rbcgam.com),RBC GAM
RPF,RBC Canadian Preferred Share ETF,,"Enbridge Inc 5.202% - Series B, Cumulative, Variable Rate Preferred Shares",1.6,2026-09-18,RBC GAM holdings CSV (rbcgam.com),RBC GAM
RPF,RBC Canadian Preferred Share ETF,,"Toronto-Dominion Bank 4.970% - Series 1, Non-Cumulative, Variable Rate Preferred Shares",1.510075,2026-09-18,RBC GAM holdings CSV (rbcgam.com),RBC GAM
RPF,RBC Canadian Preferred Share ETF,,"National Bank of Canada 7.027% - Series 38, Non-Cumulative, Variable Rate Preferred Shares",1.393125,2026-09-18,RBC GAM holdings CSV (rbcgam.com),RBC GAM
RPF,RBC Canadian Preferred Share ETF,,"BCE Inc 5.496% - Series AF, Cumulative, Variable Rate Preferred Shares",1.377708,2026-09-18,RBC GAM holdings CSV (rbcgam.com),RBC GAM
RPF,RBC Canadian Preferred Share ETF,,"TransAlta Corp 6.894% - Series E, Cumulative, Variable Rate Preferred Shares",1.361436,2026-09-18,RBC GAM holdings CSV (rbcgam.com),RBC GAM
RPF,RBC Canadian Preferred Share ETF,,"Fortis Inc/Canada 5.493% - Series M, Cumulative, Variable Rate Preferred Shares",1.346609,2026-09-18,RBC GAM holdings CSV (rbcgam.com),RBC GAM
RPF,RBC Canadian Preferred Share ETF,,"Emera Inc 5.749% - Series F, Cumulative, Variable Rate Preferred Shares",1.309003,2026-09-18,RBC GAM holdings CSV (rbcgam.com),RBC GAM
RPF,RBC Canadian Preferred Share ETF,,"Manulife Financial Corp 4.640% - Series 3, Non-Cumulative, Variable Rate Preferred Shares",1.264989,2026-09-18,RBC GAM holdings CSV (rbcgam.com),RBC GAM
RPF,RBC Canadian Preferred Share ETF,,"TC Energy Corp 4.102% - Series 3, Cumulative, Variable Rate Preferred Shares",1.248982,2026-09-18,RBC GAM holdings CSV (rbcgam.com),RBC GAM
RPF,RBC Canadian Preferred Share ETF,,"Toronto-Dominion Bank 6.301% - Series 16, Non-Cumulative, Variable Rate Preferred Shares",1.232303,2026-09-18,RBC GAM holdings CSV (rbcgam.com),RBC GAM
RPF,RBC Canadian Preferred Share ETF,,"Manulife Financial Corp 5.978% - Series 9, Non-Cumulative, Variable Rate Preferred Shares",1.216062,2026-09-18,RBC GAM holdings CSV (rbcgam.com),RBC GAM
RPF,RBC Canadian Preferred Share ETF,,"Sun Life Financial Inc 2.967% - Series 10R, Non-Cumulative, Variable Rate Preferred Shares",1.152351,2026-09-18,RBC GAM holdings CSV (rbcgam.com),RBC GAM
RPF,RBC Canadian Preferred Share ETF,,"Pembina Pipeline Corp 6.164% - Series 15, Cumulative, Variable Rate Preferred Shares",1.150887,2026-09-18,RBC GAM holdings CSV (rbcgam.com),RBC GAM
RPF,RBC Canadian Preferred Share ETF,,"Brookfield Corp 5.658% - Series 42, Cumulative, Variable Rate Preferred Shares",1.13385,2026-09-18,RBC GAM holdings CSV (rbcgam.com),RBC GAM
RPF,RBC Canadian Preferred Share ETF,,"BCE Inc 4.837% - Series AM, Cumulative, Variable Rate Preferred Shares",1.0767,2026-09-18,RBC GAM holdings CSV (rbcgam.com),RBC GAM
RPF,RBC Canadian Preferred Share ETF,,"BCE Inc 5.100% - Series AI, Cumulative, Variable Rate Preferred Shares",1.048045,2026-09-18,RBC GAM holdings CSV (rbcgam.com),RBC GAM
RPF,RBC Canadian Preferred Share ETF,,"AltaGas Ltd 6.017% - Series G, Cumulative, Variable Rate Preferred Shares",1.01904,2026-09-18,RBC GAM holdings CSV (rbcgam.com),RBC GAM
RPF,RBC Canadian Preferred Share ETF,,"TC Energy Corp 5.080% - Series 9, Cumulative, Variable Rate Preferred Shares",1.016166,2026-09-18,RBC GAM holdings CSV (rbcgam.com),RBC GAM
RPF,RBC Canadian Preferred Share ETF,,"Manulife Financial Corp 5.169% - Series 19, Non-Cumulative, Variable Rate Preferred Shares",1.012666,2026-09-18,RBC GAM holdings CSV (rbcgam.com),RBC GAM
RPF,RBC Canadian Preferred Share ETF,,"Brookfield Infrastructure LP 5.750% - Series , Variable Rate Preferred Shares",1.000715,2026-09-18,RBC GAM holdings CSV (rbcgam.com),RBC GAM
RPF,RBC Canadian Preferred Share ETF,,"Brookfield Corp 6.089% - Series 30, Cumulative, Variable Rate Preferred Shares",0.996368,2026-09-18,RBC GAM holdings CSV (rbcgam.com),RBC GAM
RPF,RBC Canadian Preferred Share ETF,,"TC Energy Corp 4.939% - Series 1, Cumulative, Variable Rate Preferred Shares",0.960486,2026-09-18,RBC GAM holdings CSV (rbcgam.com),RBC GAM
RPF,RBC Canadian Preferred Share ETF,,"Brookfield Corp 3.846% - Series 26, Cumulative, Variable Rate Preferred Shares",0.956363,2026-09-18,RBC GAM holdings CSV (rbcgam.com),RBC GAM
RPF,RBC Canadian Preferred Share ETF,,"Brookfield Infrastructure Partners LP 6.446% - Series 11*, Cumulative, Variable Rate Preferred Shares",0.944283,2026-09-18,RBC GAM holdings CSV (rbcgam.com),RBC GAM
RPF,RBC Canadian Preferred Share ETF,,"Manulife Financial Corp 5.542% - Series 17, Non-Cumulative, Variable Rate Preferred Shares",0.912297,2026-09-18,RBC GAM holdings CSV (rbcgam.com),RBC GAM
RPF,RBC Canadian Preferred Share ETF,,"Algonquin Power & Utilities Corp 8.864% - Series 19-A, Cumulative, Variable Rate Preferred Shares",0.909241,2026-09-18,RBC GAM holdings CSV (rbcgam.com),RBC GAM
RPF,RBC Canadian Preferred Share ETF,,"Bank of Montreal 6.816% - Series 44, Non-Cumulative, Variable Rate Preferred Shares",0.907847,2026-09-18,RBC GAM holdings CSV (rbcgam.com),RBC GAM
RPF,RBC Canadian Preferred Share ETF,,"Brookfield Office Properties Inc 6.359% - Series II, Cumulative, Variable Rate Preferred Shares",0.901192,2026-09-18,RBC GAM holdings CSV (rbcgam.com),RBC GAM
RPF,RBC Canadian Preferred Share ETF,,"TransAlta Corp 6.773% - Series G, Cumulative, Variable Rate Preferred Shares",0.900501,2026-09-18,RBC GAM holdings CSV (rbcgam.com),RBC GAM
RPF,RBC Canadian Preferred Share ETF,,"Brookfield Corp 4.606% - Series 28-A, Cumulative, Variable Rate Preferred Shares",0.873341,2026-09-18,RBC GAM holdings CSV (rbcgam.com),RBC GAM
RPF,RBC Canadian Preferred Share ETF,,"Canadian Utilities Ltd 5.200% - Series Y, Cumulative, Variable Rate Preferred Shares",0.843276,2026-09-18,RBC GAM holdings CSV (rbcgam.com),RBC GAM
RPF,RBC Canadian Preferred Share ETF,,"Enbridge Inc 6.696% - Series N, Cumulative, Variable Rate Preferred Shares",0.833683,2026-09-18,RBC GAM holdings CSV (rbcgam.com),RBC GAM
RPF,RBC Canadian Preferred Share ETF,,"Emera Inc 6.434% - Series C, Cumulative, Variable Rate Preferred Shares",0.833183,2026-09-18,RBC GAM holdings CSV (rbcgam.com),RBC GAM
RPF,RBC Canadian Preferred Share ETF,,"Brookfield Corp 5.185% - Series 38, Cumulative, Variable Rate Preferred Shares",0.825732,2026-09-18,RBC GAM holdings CSV (rbcgam.com),RBC GAM
RPF,RBC Canadian Preferred Share ETF,,"Sun Life Financial Inc 4.230% - Series 8R, Non-Cumulative, Variable Rate Preferred Shares",0.825535,2026-09-18,RBC GAM holdings CSV (rbcgam.com),RBC GAM
RPF,RBC Canadian Preferred Share ETF,,"Pembina Pipeline Corp 5.953% - Series 7, Cumulative, Variable Rate Preferred Shares",0.819854,2026-09-18,RBC GAM holdings CSV (rbcgam.com),RBC GAM
RPF,RBC Canadian Preferred Share ETF,,"Great-West Lifeco Inc 4.090% - Series N, Non-Cumulative, Variable Rate Preferred Shares",0.805241,2026-09-18,RBC GAM holdings CSV (rbcgam.com),RBC GAM
RPF,RBC Canadian Preferred Share ETF,,"Brookfield Renewable Partners LP 6.050% - Series 13, Cumulative, Variable Rate Preferred Shares",0.80243,2026-09-18,RBC GAM holdings CSV (rbcgam.com),RBC GAM
RPF,RBC Canadian Preferred Share ETF,,"Toronto-Dominion Bank 5.747% - Series 18, Non-Cumulative, Variable Rate Preferred Shares",0.796675,2026-09-18,RBC GAM holdings CSV (rbcgam.com),RBC GAM
RPF,RBC Canadian Preferred Share ETF,,"Enbridge Inc 5.918% - Series P, Cumulative, Variable Rate Preferred Shares",0.79583,2026-09-18,RBC GAM holdings CSV (rbcgam.com),RBC GAM
RPF,RBC Canadian Preferred Share ETF,,"Brookfield Renewable Partners LP 5.750% - Series , Variable Rate Preferred Shares",0.770523,2026-09-18,RBC GAM holdings CSV (rbcgam.com),RBC GAM
RPF,RBC Canadian Preferred Share ETF,,"Emera Inc 6.324% - Series H, Cumulative, Variable Rate Preferred Shares",0.768015,2026-09-18,RBC GAM holdings CSV (rbcgam.com),RBC GAM
RPF,RBC Canadian Preferred Share ETF,,"Pembina Pipeline Corp 6.814% - Series 5, Cumulative, Variable Rate Preferred Shares",0.765692,2026-09-18,RBC GAM holdings CSV (rbcgam.com),RBC GAM
RPF,RBC Canadian Preferred Share ETF,,"Brookfield Corp 6.744% - Series 32, Cumulative, Variable Rate Preferred Shares",0.762055,2026-09-18,RBC GAM holdings CSV (rbcgam.com),RBC GAM
RPF,RBC Canadian Preferred Share ETF,,"Fortis Inc/Canada 4.183% - Series H, Cumulative, Variable Rate Preferred Shares",0.752891,2026-09-18,RBC GAM holdings CSV (rbcgam.com),RBC GAM
RPF,RBC Canadian Preferred Share ETF,,"Actions Privilegiees Energie Renouvelable Brookfield Inc 6.519% - Series 3, Cumulative, Variable Rate Preferred Shares",0.746506,2026-09-18,RBC GAM holdings CSV (rbcgam.com),RBC GAM
RPF,RBC Canadian Preferred Share ETF,,"Brookfield Corp 5.833% - Series 40, Cumulative, Variable Rate Preferred Shares",0.743742,2026-09-18,RBC GAM holdings CSV (rbcgam.com),RBC GAM
RPF,RBC Canadian Preferred Share ETF,,"National Bank of Canada 6.191% - Series 30, Non-Cumulative, Variable Rate Preferred Shares",0.737438,2026-09-18,RBC GAM holdings CSV (rbcgam.com),RBC GAM
RPF,RBC Canadian Preferred Share ETF,,"Intact Financial Corp 4.841% - Series 1, Non-Cumulative, Variable Rate Preferred Shares",0.712574,2026-09-18,RBC GAM holdings CSV (rbcgam.com),RBC GAM
RPF,RBC Canadian Preferred Share ETF,,"Canadian Imperial Bank of Commerce 5.878% - Series 47, Non-Cumulative, Variable Rate Preferred Shares",0.70577,2026-09-18,RBC GAM holdings CSV (rbcgam.com),RBC GAM
RPF,RBC Canadian Preferred Share ETF,,"BCE Inc 4.990% - Series T, Cumulative, Variable Rate Preferred Shares",0.695904,2026-09-18,RBC GAM holdings CSV (rbcgam.com),RBC GAM
RPF,RBC Canadian Preferred Share ETF,,"Pembina Pipeline Corp 6.302% - Series 21, Cumulative, Variable Rate Preferred Shares",0.688685,2026-09-18,RBC GAM holdings CSV (rbcgam.com),RBC GAM
RPF,RBC Canadian Preferred Share ETF,,"Manulife Financial Corp 5.775% - Series 15, Non-Cumulative, Variable Rate Preferred Shares",0.687122,2026-09-18,RBC GAM holdings CSV (rbcgam.com),RBC GAM
RPF,RBC Canadian Preferred Share ETF,,"Manulife Financial Corp 5.942% - Series 25, Non-Cumulative, Variable Rate Preferred Shares",0.686394,2026-09-18,RBC GAM holdings CSV (rbcgam.com),RBC GAM
RPF,RBC Canadian Preferred Share ETF,,"Emera Inc 4.951% - Series A, Cumulative, Variable Rate Preferred Shares",0.67823,2026-09-18,RBC GAM holdings CSV (rbcgam.com),RBC GAM
RPF,RBC Canadian Preferred Share ETF,,"BCE Inc 4.940% - Series AA, Cumulative, Variable Rate Preferred Shares",0.676144,2026-09-18,RBC GAM holdings CSV (rbcgam.com),RBC GAM
RPF,RBC Canadian Preferred Share ETF,,"National Bank of Canada 7.056% - Series 42, Non-Cumulative, Variable Rate Preferred Shares",0.672767,2026-09-18,RBC GAM holdings CSV (rbcgam.com),RBC GAM
RPF,RBC Canadian Preferred Share ETF,,"Northland Power Inc 5.700% - Series 1, Cumulative, Variable Rate Preferred Shares",0.670453,2026-09-18,RBC GAM holdings CSV (rbcgam.com),RBC GAM
RPF,RBC Canadian Preferred Share ETF,,"Pembina Pipeline Corp 6.525% - Series 1, Cumulative, Variable Rate Preferred Shares",0.669903,2026-09-18,RBC GAM holdings CSV (rbcgam.com),RBC GAM
RPF,RBC Canadian Preferred Share ETF,,"Fortis Inc/Canada 6.123% - Series G, Cumulative, Variable Rate Preferred Shares",0.665466,2026-09-18,RBC GAM holdings CSV (rbcgam.com),RBC GAM
RPF,RBC Canadian Preferred Share ETF,,"Intact Financial Corp 6.012% - Series 7, Non-Cumulative, Variable Rate Preferred Shares",0.656224,2026-09-18,RBC GAM holdings CSV (rbcgam.com),RBC GAM
RPF,RBC Canadian Preferred Share ETF,,"BCE Inc 5.300% - Series AG, Cumulative, Variable Rate Preferred Shares",0.644659,2026-09-18,RBC GAM holdings CSV (rbcgam.com),RBC GAM
RPF,RBC Canadian Preferred Share ETF,,"Enbridge Inc 6.314% - Series R, Cumulative, Variable Rate Preferred Shares",0.642548,2026-09-18,RBC GAM holdings CSV (rbcgam.com),RBC GAM
RPF,RBC Canadian Preferred Share ETF,,Gibson Energy Inc,0.638494,2026-09-18,RBC GAM holdings CSV (rbcgam.com),RBC GAM
RPF,RBC Canadian Preferred Share ETF,,"Actions Privilegiees Energie Renouvelable Brookfield Inc 5.203% - Series 1, Cumulative, Variable Rate Preferred Shares",0.626283,2026-09-18,RBC GAM holdings CSV (rbcgam.com),RBC GAM
RPF,RBC Canadian Preferred Share ETF,,"Royal Bank of Canada 5.885% - Series BO, Non-Cumulative, Variable Rate Preferred Shares",0.624718,2026-09-18,RBC GAM holdings CSV (rbcgam.com),RBC GAM
RPF,RBC Canadian Preferred Share ETF,,"Manulife Financial Corp 6.159% - Series 11, Non-Cumulative, Variable Rate Preferred Shares",0.607352,2026-09-18,RBC GAM holdings CSV (rbcgam.com),RBC GAM
RPF,RBC Canadian Preferred Share ETF,,"Pembina Pipeline Corp 6.019% - Series 3, Cumulative, Variable Rate Preferred Shares",0.595208,2026-09-18,RBC GAM holdings CSV (rbcgam.com),RBC GAM
RPF,RBC Canadian Preferred Share ETF,,"Brookfield Infrastructure Partners LP 6.642% - Series 9, Cumulative, Variable Rate Preferred Shares",0.570316,2026-09-18,RBC GAM holdings CSV (rbcgam.com),RBC GAM
RPF,RBC Canadian Preferred Share ETF,,"Fortis Inc/Canada 5.469% - Series K, Cumulative, Variable Rate Preferred Shares",0.569771,2026-09-18,RBC GAM holdings CSV (rbcgam.com),RBC GAM
RPF,RBC Canadian Preferred Share ETF,,"Manulife Financial Corp 6.350% - Series 13, Non-Cumulative, Variable Rate Preferred Shares",0.566591,2026-09-18,RBC GAM holdings CSV (rbcgam.com),RBC GAM
RPF,RBC Canadian Preferred Share ETF,,"Capital Power Corp 6.631% - Series 5, Cumulative, Variable Rate Preferred Shares",0.565979,2026-09-18,RBC GAM holdings CSV (rbcgam.com),RBC GAM
RPF,RBC Canadian Preferred Share ETF,,"Algonquin Power & Utilities Corp 6.469% - Series A, Cumulative, Variable Rate Preferred Shares",0.553735,2026-09-18,RBC GAM holdings CSV (rbcgam.com),RBC GAM
RPF,RBC Canadian Preferred Share ETF,,"BCE Inc 6.538% - Series AQ, Cumulative, Variable Rate Preferred Shares",0.55246,2026-09-18,RBC GAM holdings CSV (rbcgam.com),RBC GAM
RPF,RBC Canadian Preferred Share ETF,,"Brookfield Corp 6.145% - Series 34, Cumulative, Variable Rate Preferred Shares",0.535033,2026-09-18,RBC GAM holdings CSV (rbcgam.com),RBC GAM
RPF,RBC Canadian Preferred Share ETF,,"Enbridge Inc 5.395% - Series 13, Cumulative, Variable Rate Preferred Shares",0.529467,2026-09-18,RBC GAM holdings CSV (rbcgam.com),RBC GAM
RPF,RBC Canadian Preferred Share ETF,,"Enbridge Inc 5.538% - Series F, Cumulative, Variable Rate Preferred Shares",0.517689,2026-09-18,RBC GAM holdings CSV (rbcgam.com),RBC GAM
RPF,RBC Canadian Preferred Share ETF,,"Enbridge Inc 5.288% - Series 3, Cumulative, Variable Rate Preferred Shares",0.486228,2026-09-18,RBC GAM holdings CSV (rbcgam.com),RBC GAM
RPF,RBC Canadian Preferred Share ETF,,CT Real Estate Investment Trust,0.479256,2026-09-18,RBC GAM holdings CSV (rbcgam.com),RBC GAM
RPF,RBC Canadian Preferred Share ETF,,"Brookfield Office Properties Inc 4.536% - Series P, Cumulative, Variable Rate Preferred Shares",0.470295,2026-09-18,RBC GAM holdings CSV (rbcgam.com),RBC GAM
RPF,RBC Canadian Preferred Share ETF,,"National Bank of Canada 5.818% - Series 40, Non-Cumulative, Variable Rate Preferred Shares",0.467914,2026-09-18,RBC GAM holdings CSV (rbcgam.com),RBC GAM
RPF,RBC Canadian Preferred Share ETF,,"Capital Power Corp 6.860% - Series 3, Cumulative, Variable Rate Preferred Shares",0.45561,2026-09-18,RBC GAM holdings CSV (rbcgam.com),RBC GAM
RPF,RBC Canadian Preferred Share ETF,,"Pembina Pipeline Corp 6.481% - Series 25, Cumulative, Variable Rate Preferred Shares",0.433232,2026-09-18,RBC GAM holdings CSV (rbcgam.com),RBC GAM
RPF,RBC Canadian Preferred Share ETF,,"Power Financial Corp 5.595% - Series T, Non-Cumulative, Variable Rate Preferred Shares",0.421459,2026-09-18,RBC GAM holdings CSV (rbcgam.com),RBC GAM
RPF,RBC Canadian Preferred Share ETF,,"Enbridge Inc 5.988% - Series 7, Cumulative, Variable Rate Preferred Shares",0.417755,2026-09-18,RBC GAM holdings CSV (rbcgam.com),RBC GAM
RPF,RBC Canadian Preferred Share ETF,,"Enbridge Inc 6.112% - Series H, Cumulative, Variable Rate Preferred Shares",0.41606,2026-09-18,RBC GAM holdings CSV (rbcgam.com),RBC GAM
RPF,RBC Canadian Preferred Share ETF,,"Brookfield Corp 5.650% - Series 54, Variable Rate Preferred Shares",0.407527,2026-09-18,RBC GAM holdings CSV (rbcgam.com),RBC GAM
RPF,RBC Canadian Preferred Share ETF,,"Enbridge Inc 6.212% - Series 19, Cumulative, Variable Rate Preferred Shares",0.402996,2026-09-18,RBC GAM holdings CSV (rbcgam.com),RBC GAM
RPF,RBC Canadian Preferred Share ETF,,"Enbridge Inc 5.561% - Series 15, Cumulative, Variable Rate Preferred Shares",0.39105,2026-09-18,RBC GAM holdings CSV (rbcgam.com),RBC GAM
RPF,RBC Canadian Preferred Share ETF,,"Enbridge Inc 5.672% - Series 9, Cumulative, Variable Rate Preferred Shares",0.384465,2026-09-18,RBC GAM holdings CSV (rbcgam.com),RBC GAM
RPF,RBC Canadian Preferred Share ETF,,"Pembina Pipeline Corp 6.605% - Series 17, Cumulative, Variable Rate Preferred Shares",0.362181,2026-09-18,RBC GAM holdings CSV (rbcgam.com),RBC GAM
RPF,RBC Canadian Preferred Share ETF,,"Fairfax Financial Holdings Ltd 5.045% - Series K, Cumulative, Variable Rate Preferred Shares",0.357471,2026-09-18,RBC GAM holdings CSV (rbcgam.com),RBC GAM
RPF,RBC Canadian Preferred Share ETF,,"Brookfield Office Properties Inc 6.790% - Series T, Cumulative, Variable Rate Preferred Shares",0.337889,2026-09-18,RBC GAM holdings CSV (rbcgam.com),RBC GAM
RPF,RBC Canadian Preferred Share ETF,,"BCE Inc 5.080% - Series AC, Cumulative, Variable Rate Preferred Shares",0.329777,2026-09-18,RBC GAM holdings CSV (rbcgam.com),RBC GAM
RPF,RBC Canadian Preferred Share ETF,,"Enbridge Inc 5.412% - Series D, Cumulative, Variable Rate Preferred Shares",0.313074,2026-09-18,RBC GAM holdings CSV (rbcgam.com),RBC GAM
RPF,RBC Canadian Preferred Share ETF,,"National Bank of Canada 6.371% - Series 47, Non-Cumulative, Variable Rate Preferred Shares",0.274657,2026-09-18,RBC GAM holdings CSV (rbcgam.com),RBC GAM
RPF,RBC Canadian Preferred Share ETF,,Toronto-Dominion Bank,0.270736,2026-09-18,RBC GAM holdings CSV (rbcgam.com),RBC GAM
RPF,RBC Canadian Preferred Share ETF,,"Brookfield Corp 6.229% - Series 48, Cumulative, Variable Rate Preferred Shares",0.202661,2026-09-18,RBC GAM holdings CSV (rbcgam.com),RBC GAM
RPF,RBC Canadian Preferred Share ETF,,"Laurentian Bank of Canada 6.196% - Series 13, Non-Cumulative, Variable Rate Preferred Shares",0.172235,2026-09-18,RBC GAM holdings CSV (rbcgam.com),RBC GAM
RPF,RBC Canadian Preferred Share ETF,,"Intact Financial Corp 3.457% - Series 3, Non-Cumulative, Variable Rate Preferred Shares",0.102607,2026-09-18,RBC GAM holdings CSV (rbcgam.com),RBC GAM
RPF,RBC Canadian Preferred Share ETF,,"Capital Power Corp 4.958% - Series 1, Cumulative, Variable Rate Preferred Shares",0.078132,2026-09-18,RBC GAM holdings CSV (rbcgam.com),RBC GAM
RPF,RBC Canadian Preferred Share ETF,,"Brookfield Corp 5.386% - Series 46, Cumulative, Variable Rate Preferred Shares",0.064344,2026-09-18,RBC GAM holdings CSV (rbcgam.com),RBC GAM
RPF,RBC Canadian Preferred Share ETF,,"Brookfield Office Properties Inc 6.206% - Series N, Cumulative, Variable Rate Preferred Shares",0.056425,2026-09-18,RBC GAM holdings CSV (rbcgam.com),RBC GAM
RPF,RBC Canadian Preferred Share ETF,,"Brookfield Office Properties Inc 6.164% - Series AA, Cumulative, Variable Rate Preferred Shares",0.037605,2026-09-18,RBC GAM holdings CSV (rbcgam.com),RBC GAM
RPF,RBC Canadian Preferred Share ETF,,"BCE Inc 4.733% - Series R, Cumulative, Variable Rate Preferred Shares",0.037265,2026-09-18,RBC GAM holdings CSV (rbcgam.com),RBC GAM
RPF,RBC Canadian Preferred Share ETF,,"RFA Financial Inc 7.462% - Series I, Cumulative, Variable Rate Preferred Shares",7.5e-05,2026-09-18,RBC GAM holdings CSV (rbcgam.com),RBC GAM
RPF,RBC Canadian Preferred Share ETF,,"Algonquin Power & Utilities Corp 6.853% - Series D, Cumulative, Variable Rate Preferred Shares",6.9e-05,2026-09-18,RBC GAM holdings CSV (rbcgam.com),RBC GAM
RPF,RBC Canadian Preferred Share ETF,,"National Bank of Canada 7.651% - Series 49, Variable Rate Preferred Shares",6.6e-05,2026-09-18,RBC GAM holdings CSV (rbcgam.com),RBC GAM
RQP,RBC Target 2027 Canadian Corporate Bond Index ETF,,"Royal Bank of Canada 3.626% Dec 10, 2028",7.033877,2026-09-18,RBC GAM holdings CSV (rbcgam.com),RBC GAM
RQP,RBC Target 2027 Canadian Corporate Bond Index ETF,,"Bank of Nova Scotia 3.807% Nov 15, 2028",5.544583,2026-09-18,RBC GAM holdings CSV (rbcgam.com),RBC GAM
RQP,RBC Target 2027 Canadian Corporate Bond Index ETF,,"Bank of Montreal 4.309% Jun 01, 2027",4.489283,2026-09-18,RBC GAM holdings CSV (rbcgam.com),RBC GAM
RQP,RBC Target 2027 Canadian Corporate Bond Index ETF,,"Federation des Caisses Desjardins du Quebec 4.407% May 19, 2027",4.403497,2026-09-18,RBC GAM holdings CSV (rbcgam.com),RBC GAM
RQP,RBC Target 2027 Canadian Corporate Bond Index ETF,,"Toronto-Dominion Bank 5.376% Oct 21, 2027",4.136326,2026-09-18,RBC GAM holdings CSV (rbcgam.com),RBC GAM
RQP,RBC Target 2027 Canadian Corporate Bond Index ETF,,"Canadian Imperial Bank of Commerce 5.050% Oct 07, 2027",3.943465,2026-09-18,RBC GAM holdings CSV (rbcgam.com),RBC GAM
RQP,RBC Target 2027 Canadian Corporate Bond Index ETF,,"Canadian Imperial Bank of Commerce 2.250% Jan 07, 2027",2.837019,2026-09-18,RBC GAM holdings CSV (rbcgam.com),RBC GAM
RQP,RBC Target 2027 Canadian Corporate Bond Index ETF,,"Sun Life Financial Inc 2.580% May 10, 2032",2.676487,2026-09-18,RBC GAM holdings CSV (rbcgam.com),RBC GAM
RQP,RBC Target 2027 Canadian Corporate Bond Index ETF,,"Enbridge Inc 5.700% Nov 09, 2027",2.67537,2026-09-18,RBC GAM holdings CSV (rbcgam.com),RBC GAM
RQP,RBC Target 2027 Canadian Corporate Bond Index ETF,,"Manulife Bank of Canada 2.864% Feb 16, 2027",2.618019,2026-09-18,RBC GAM holdings CSV (rbcgam.com),RBC GAM
RQP,RBC Target 2027 Canadian Corporate Bond Index ETF,,"Toronto-Dominion Bank 2.260% Jan 07, 2027",2.580835,2026-09-18,RBC GAM holdings CSV (rbcgam.com),RBC GAM
RQP,RBC Target 2027 Canadian Corporate Bond Index ETF,,"OMERS Realty Corp 3.244% Oct 04, 2027",2.524961,2026-09-18,RBC GAM holdings CSV (rbcgam.com),RBC GAM
RQP,RBC Target 2027 Canadian Corporate Bond Index ETF,,"Alectra Inc 2.488% May 17, 2027",2.469459,2026-09-18,RBC GAM holdings CSV (rbcgam.com),RBC GAM
RQP,RBC Target 2027 Canadian Corporate Bond Index ETF,,"Fairfax Financial Holdings Ltd 4.250% Dec 06, 2027",2.454349,2026-09-18,RBC GAM holdings CSV (rbcgam.com),RBC GAM
RQP,RBC Target 2027 Canadian Corporate Bond Index ETF,,"Bank of Nova Scotia 2.950% Mar 08, 2027",2.444131,2026-09-18,RBC GAM holdings CSV (rbcgam.com),RBC GAM
RQP,RBC Target 2027 Canadian Corporate Bond Index ETF,,"Mercedes-Benz Finance Canada Inc 4.640% Jul 09, 2027",2.20807,2026-09-18,RBC GAM holdings CSV (rbcgam.com),RBC GAM
RQP,RBC Target 2027 Canadian Corporate Bond Index ETF,,"Toyota Credit Canada Inc 3.550% Oct 04, 2027",2.18455,2026-09-18,RBC GAM holdings CSV (rbcgam.com),RBC GAM
RQP,RBC Target 2027 Canadian Corporate Bond Index ETF,,"bcIMC Realty Corp 3.000% Mar 31, 2027",2.183732,2026-09-18,RBC GAM holdings CSV (rbcgam.com),RBC GAM
RQP,RBC Target 2027 Canadian Corporate Bond Index ETF,,"Hyundai Capital Canada Inc 3.196% Feb 16, 2027",2.183608,2026-09-18,RBC GAM holdings CSV (rbcgam.com),RBC GAM
RQP,RBC Target 2027 Canadian Corporate Bond Index ETF,,"General Motors Financial of Canada Ltd 3.150% Feb 08, 2027",2.183313,2026-09-18,RBC GAM holdings CSV (rbcgam.com),RBC GAM
RQP,RBC Target 2027 Canadian Corporate Bond Index ETF,,"Ontario Power Generation Inc 3.315% Oct 04, 2027",2.180803,2026-09-18,RBC GAM holdings CSV (rbcgam.com),RBC GAM
RQP,RBC Target 2027 Canadian Corporate Bond Index ETF,,"AltaGas Ltd 3.025% Nov 10, 2027",2.167403,2026-09-18,RBC GAM holdings CSV (rbcgam.com),RBC GAM
RQP,RBC Target 2027 Canadian Corporate Bond Index ETF,,"Suncor Energy Inc 2.950% Nov 14, 2027",2.166722,2026-09-18,RBC GAM holdings CSV (rbcgam.com),RBC GAM
RQP,RBC Target 2027 Canadian Corporate Bond Index ETF,,"Bank of Montreal 3.650% Apr 01, 2027",2.161463,2026-09-18,RBC GAM holdings CSV (rbcgam.com),RBC GAM
RQP,RBC Target 2027 Canadian Corporate Bond Index ETF,,"National Bank of Canada 1.818% Dec 16, 2027",2.149949,2026-09-18,RBC GAM holdings CSV (rbcgam.com),RBC GAM
RQP,RBC Target 2027 Canadian Corporate Bond Index ETF,,"Brookfield Corp 3.800% Mar 16, 2027",2.134378,2026-09-18,RBC GAM holdings CSV (rbcgam.com),RBC GAM
RQP,RBC Target 2027 Canadian Corporate Bond Index ETF,,"Royal Bank of Canada 2.328% Jan 28, 2027",2.132732,2026-09-18,RBC GAM holdings CSV (rbcgam.com),RBC GAM
RQP,RBC Target 2027 Canadian Corporate Bond Index ETF,,"Brookfield Infrastructure Finance ULC 5.616% Nov 14, 2027",2.00532,2026-09-18,RBC GAM holdings CSV (rbcgam.com),RBC GAM
RQP,RBC Target 2027 Canadian Corporate Bond Index ETF,,"Bell Telephone Co of Canada or Bell Canada 1.650% Aug 16, 2027",1.880194,2026-09-18,RBC GAM holdings CSV (rbcgam.com),RBC GAM
RQP,RBC Target 2027 Canadian Corporate Bond Index ETF,,"Intact Financial Corp 2.850% Jun 07, 2027",1.850965,2026-09-18,RBC GAM holdings CSV (rbcgam.com),RBC GAM
RQP,RBC Target 2027 Canadian Corporate Bond Index ETF,,"Canadian Western Bank 5.146% September 2, 2027",1.774912,2026-09-18,RBC GAM holdings CSV (rbcgam.com),RBC GAM
RQP,RBC Target 2027 Canadian Corporate Bond Index ETF,,"Coastal Gaslink Pipeline LP 4.673% Jun 30, 2027",1.767182,2026-09-18,RBC GAM holdings CSV (rbcgam.com),RBC GAM
RQP,RBC Target 2027 Canadian Corporate Bond Index ETF,,"BCI QuadReal Realty / BCI Quadreal Realty Trust 4.160% Jul 31, 2027",1.762882,2026-09-18,RBC GAM holdings CSV (rbcgam.com),RBC GAM
RQP,RBC Target 2027 Canadian Corporate Bond Index ETF,,"John Deere Financial Inc 4.360% Jan 20, 2027",1.7548,2026-09-18,RBC GAM holdings CSV (rbcgam.com),RBC GAM
RQP,RBC Target 2027 Canadian Corporate Bond Index ETF,,"Hyundai Capital Canada Inc 4.489% Jul 26, 2027",1.544482,2026-09-18,RBC GAM holdings CSV (rbcgam.com),RBC GAM
RQP,RBC Target 2027 Canadian Corporate Bond Index ETF,,"Toyota Credit Canada Inc 4.520% Mar 19, 2027",1.539905,2026-09-18,RBC GAM holdings CSV (rbcgam.com),RBC GAM
RQP,RBC Target 2027 Canadian Corporate Bond Index ETF,,"407 International Inc 2.430% May 04, 2027",1.525148,2026-09-18,RBC GAM holdings CSV (rbcgam.com),RBC GAM
RQP,RBC Target 2027 Canadian Corporate Bond Index ETF,,"CGI Inc 3.987% Sep 07, 2027",1.314947,2026-09-18,RBC GAM holdings CSV (rbcgam.com),RBC GAM
RQP,RBC Target 2027 Canadian Corporate Bond Index ETF,,"iA Financial Corp Inc 3.187% Feb 25, 2032",1.309494,2026-09-18,RBC GAM holdings CSV (rbcgam.com),RBC GAM
RQP,RBC Target 2027 Canadian Corporate Bond Index ETF,,"Daimler Truck Finance Canada Inc 4.460% Sep 27, 2027",1.101384,2026-09-18,RBC GAM holdings CSV (rbcgam.com),RBC GAM
RQQ,RBC Target 2028 Canadian Corporate Bond Index ETF,,"National Bank of Canada 5.219% Jun 14, 2028",6.104379,2026-09-18,RBC GAM holdings CSV (rbcgam.com),RBC GAM
RQQ,RBC Target 2028 Canadian Corporate Bond Index ETF,,"Bank of Montreal 5.039% May 29, 2028",4.93952,2026-09-18,RBC GAM holdings CSV (rbcgam.com),RBC GAM
RQQ,RBC Target 2028 Canadian Corporate Bond Index ETF,,"Bank of Nova Scotia 3.100% Feb 02, 2028",4.858007,2026-09-18,RBC GAM holdings CSV (rbcgam.com),RBC GAM
RQQ,RBC Target 2028 Canadian Corporate Bond Index ETF,,"Federation des Caisses Desjardins du Quebec 5.467% Nov 17, 2028",4.760836,2026-09-18,RBC GAM holdings CSV (rbcgam.com),RBC GAM
RQQ,RBC Target 2028 Canadian Corporate Bond Index ETF,,"Canadian Imperial Bank of Commerce 5.500% Jan 14, 2028",4.721548,2026-09-18,RBC GAM holdings CSV (rbcgam.com),RBC GAM
RQQ,RBC Target 2028 Canadian Corporate Bond Index ETF,,"Manulife Financial Corp 5.409% Mar 10, 2033",4.53225,2026-09-18,RBC GAM holdings CSV (rbcgam.com),RBC GAM
RQQ,RBC Target 2028 Canadian Corporate Bond Index ETF,,"Rogers Communications Inc 5.700% Sep 21, 2028",3.812126,2026-09-18,RBC GAM holdings CSV (rbcgam.com),RBC GAM
RQQ,RBC Target 2028 Canadian Corporate Bond Index ETF,,"Sun Life Financial Inc 2.800% Nov 21, 2033",3.604225,2026-09-18,RBC GAM holdings CSV (rbcgam.com),RBC GAM
RQQ,RBC Target 2028 Canadian Corporate Bond Index ETF,,"Royal Bank of Canada 4.642% Jan 17, 2028",3.492041,2026-09-18,RBC GAM holdings CSV (rbcgam.com),RBC GAM
RQQ,RBC Target 2028 Canadian Corporate Bond Index ETF,,"National Bank of Canada 3.522% Jul 17, 2029",3.386313,2026-09-18,RBC GAM holdings CSV (rbcgam.com),RBC GAM
RQQ,RBC Target 2028 Canadian Corporate Bond Index ETF,,"Bank of Montreal 3.190% Mar 01, 2028",3.060446,2026-09-18,RBC GAM holdings CSV (rbcgam.com),RBC GAM
RQQ,RBC Target 2028 Canadian Corporate Bond Index ETF,,"Toronto-Dominion Bank 1.888% Mar 08, 2028",2.858944,2026-09-18,RBC GAM holdings CSV (rbcgam.com),RBC GAM
RQQ,RBC Target 2028 Canadian Corporate Bond Index ETF,,"Inter Pipeline Ltd/AB 5.760% Feb 17, 2028",2.840372,2026-09-18,RBC GAM holdings CSV (rbcgam.com),RBC GAM
RQQ,RBC Target 2028 Canadian Corporate Bond Index ETF,,"Hydro One Inc 4.910% Jan 27, 2028",2.817538,2026-09-18,RBC GAM holdings CSV (rbcgam.com),RBC GAM
RQQ,RBC Target 2028 Canadian Corporate Bond Index ETF,,"Brookfield Infrastructure Finance ULC 4.193% Sep 11, 2028",2.597586,2026-09-18,RBC GAM holdings CSV (rbcgam.com),RBC GAM
RQQ,RBC Target 2028 Canadian Corporate Bond Index ETF,,"Pembina Pipeline Corp 4.020% Mar 27, 2028",2.406915,2026-09-18,RBC GAM holdings CSV (rbcgam.com),RBC GAM
RQQ,RBC Target 2028 Canadian Corporate Bond Index ETF,,"Toronto-Dominion Bank 1.896% Sep 11, 2028",2.359486,2026-09-18,RBC GAM holdings CSV (rbcgam.com),RBC GAM
RQQ,RBC Target 2028 Canadian Corporate Bond Index ETF,,"OMERS Realty Corp 5.381% Nov 14, 2028",2.280323,2026-09-18,RBC GAM holdings CSV (rbcgam.com),RBC GAM
RQQ,RBC Target 2028 Canadian Corporate Bond Index ETF,,"General Motors Financial of Canada Ltd 5.100% Jul 14, 2028",2.259561,2026-09-18,RBC GAM holdings CSV (rbcgam.com),RBC GAM
RQQ,RBC Target 2028 Canadian Corporate Bond Index ETF,,"Manulife Bank of Canada 3.992% Feb 22, 2028",2.221462,2026-09-18,RBC GAM holdings CSV (rbcgam.com),RBC GAM
RQQ,RBC Target 2028 Canadian Corporate Bond Index ETF,,"Honda Canada Finance Inc 1.646% Feb 25, 2028",2.156184,2026-09-18,RBC GAM holdings CSV (rbcgam.com),RBC GAM
RQQ,RBC Target 2028 Canadian Corporate Bond Index ETF,,"Federation des Caisses Desjardins du Quebec 5.475% Aug 16, 2028",1.899787,2026-09-18,RBC GAM holdings CSV (rbcgam.com),RBC GAM
RQQ,RBC Target 2028 Canadian Corporate Bond Index ETF,,"John Deere Financial Inc 4.380% Jul 11, 2028",1.866404,2026-09-18,RBC GAM holdings CSV (rbcgam.com),RBC GAM
RQQ,RBC Target 2028 Canadian Corporate Bond Index ETF,,"Rogers Communications Inc 4.400% Nov 02, 2028",1.861473,2026-09-18,RBC GAM holdings CSV (rbcgam.com),RBC GAM
RQQ,RBC Target 2028 Canadian Corporate Bond Index ETF,,"Great-West Lifeco Inc 3.337% Feb 28, 2028",1.836905,2026-09-18,RBC GAM holdings CSV (rbcgam.com),RBC GAM
RQQ,RBC Target 2028 Canadian Corporate Bond Index ETF,,"TransCanada PipeLines Ltd 3.390% Mar 15, 2028",1.83638,2026-09-18,RBC GAM holdings CSV (rbcgam.com),RBC GAM
RQQ,RBC Target 2028 Canadian Corporate Bond Index ETF,,"AltaGas Ltd 2.075% May 30, 2028",1.793486,2026-09-18,RBC GAM holdings CSV (rbcgam.com),RBC GAM
RQQ,RBC Target 2028 Canadian Corporate Bond Index ETF,,"Royal Bank of Canada 1.833% Jul 31, 2028",1.671006,2026-09-18,RBC GAM holdings CSV (rbcgam.com),RBC GAM
RQQ,RBC Target 2028 Canadian Corporate Bond Index ETF,,"Greater Toronto Airports Authority 1.540% May 03, 2028",1.600632,2026-09-18,RBC GAM holdings CSV (rbcgam.com),RBC GAM
RQQ,RBC Target 2028 Canadian Corporate Bond Index ETF,,"Honda Canada Finance Inc 5.730% Sep 28, 2028",1.526895,2026-09-18,RBC GAM holdings CSV (rbcgam.com),RBC GAM
RQQ,RBC Target 2028 Canadian Corporate Bond Index ETF,,"VW Credit Canada Inc 3.390% Nov 20, 2028",1.455303,2026-09-18,RBC GAM holdings CSV (rbcgam.com),RBC GAM
RQQ,RBC Target 2028 Canadian Corporate Bond Index ETF,,"Toyota Credit Canada Inc 3.120% Nov 20, 2028",1.452119,2026-09-18,RBC GAM holdings CSV (rbcgam.com),RBC GAM
RQQ,RBC Target 2028 Canadian Corporate Bond Index ETF,,"Hyundai Capital Canada Inc 3.573% Sep 05, 2028",1.373686,2026-09-18,RBC GAM holdings CSV (rbcgam.com),RBC GAM
RQQ,RBC Target 2028 Canadian Corporate Bond Index ETF,,"Intact Financial Corp 2.179% May 18, 2028",1.353769,2026-09-18,RBC GAM holdings CSV (rbcgam.com),RBC GAM
RQQ,RBC Target 2028 Canadian Corporate Bond Index ETF,,"Capital Power Corp 5.816% Sep 15, 2028",1.334243,2026-09-18,RBC GAM holdings CSV (rbcgam.com),RBC GAM
RQQ,RBC Target 2028 Canadian Corporate Bond Index ETF,,"VW Credit Canada Inc 5.730% Sep 20, 2028",1.331781,2026-09-18,RBC GAM holdings CSV (rbcgam.com),RBC GAM
RQQ,RBC Target 2028 Canadian Corporate Bond Index ETF,,"Canadian National Railway Co 3.200% Jul 31, 2028",1.281504,2026-09-18,RBC GAM holdings CSV (rbcgam.com),RBC GAM
RQQ,RBC Target 2028 Canadian Corporate Bond Index ETF,,"Toyota Credit Canada Inc 5.160% Jul 12, 2028",1.132215,2026-09-18,RBC GAM holdings CSV (rbcgam.com),RBC GAM
RQQ,RBC Target 2028 Canadian Corporate Bond Index ETF,,"Fairstone Bank of Canada 3.937% Sep 18, 2028",0.917142,2026-09-18,RBC GAM holdings CSV (rbcgam.com),RBC GAM
RQQ,RBC Target 2028 Canadian Corporate Bond Index ETF,,"Bell Telephone Co of Canada or Bell Canada 3.800% Aug 21, 2028",0.405205,2026-09-18,RBC GAM holdings CSV (rbcgam.com),RBC GAM
RQR,RBC Target 2029 Canadian Corporate Bond Index ETF,,"Bank of Montreal 4.420% Jul 17, 2029",5.955894,2026-09-18,RBC GAM holdings CSV (rbcgam.com),RBC GAM
RQR,RBC Target 2029 Canadian Corporate Bond Index ETF,,"Canadian Imperial Bank of Commerce 3.800% Dec 10, 2030",5.090034,2026-09-18,RBC GAM holdings CSV (rbcgam.com),RBC GAM
RQR,RBC Target 2029 Canadian Corporate Bond Index ETF,,"National Bank of Canada 5.023% Feb 01, 2029",4.515003,2026-09-18,RBC GAM holdings CSV (rbcgam.com),RBC GAM
RQR,RBC Target 2029 Canadian Corporate Bond Index ETF,,"Royal Bank of Canada 4.000% Oct 17, 2030",4.394442,2026-09-18,RBC GAM holdings CSV (rbcgam.com),RBC GAM
RQR,RBC Target 2029 Canadian Corporate Bond Index ETF,,"Bank of Nova Scotia 4.680% Feb 01, 2029",4.09376,2026-09-18,RBC GAM holdings CSV (rbcgam.com),RBC GAM
RQR,RBC Target 2029 Canadian Corporate Bond Index ETF,,"Toronto-Dominion Bank 4.002% Oct 31, 2030",4.037572,2026-09-18,RBC GAM holdings CSV (rbcgam.com),RBC GAM
RQR,RBC Target 2029 Canadian Corporate Bond Index ETF,,"Federation des Caisses Desjardins du Quebec 3.804% Sep 24, 2029",3.649357,2026-09-18,RBC GAM holdings CSV (rbcgam.com),RBC GAM
RQR,RBC Target 2029 Canadian Corporate Bond Index ETF,,"Toronto-Dominion Bank 4.680% Jan 08, 2029",3.393491,2026-09-18,RBC GAM holdings CSV (rbcgam.com),RBC GAM
RQR,RBC Target 2029 Canadian Corporate Bond Index ETF,,"Bank of Nova Scotia 3.836% Sep 26, 2030",3.333103,2026-09-18,RBC GAM holdings CSV (rbcgam.com),RBC GAM
RQR,RBC Target 2029 Canadian Corporate Bond Index ETF,,"Manulife Financial Corp 5.054% Feb 23, 2034",3.300427,2026-09-18,RBC GAM holdings CSV (rbcgam.com),RBC GAM
RQR,RBC Target 2029 Canadian Corporate Bond Index ETF,,"Manulife Financial Corp 4.064% Dec 06, 2034",2.918539,2026-09-18,RBC GAM holdings CSV (rbcgam.com),RBC GAM
RQR,RBC Target 2029 Canadian Corporate Bond Index ETF,,"Enbridge Inc 2.990% Oct 03, 2029",2.856212,2026-09-18,RBC GAM holdings CSV (rbcgam.com),RBC GAM
RQR,RBC Target 2029 Canadian Corporate Bond Index ETF,,"Canadian National Railway Co 4.600% May 02, 2029",2.12717,2026-09-18,RBC GAM holdings CSV (rbcgam.com),RBC GAM
RQR,RBC Target 2029 Canadian Corporate Bond Index ETF,,"Brookfield Infrastructure Finance ULC 3.410% Oct 09, 2029",2.014928,2026-09-18,RBC GAM holdings CSV (rbcgam.com),RBC GAM
RQR,RBC Target 2029 Canadian Corporate Bond Index ETF,,"Sun Life Financial Inc 4.780% Aug 10, 2034",1.940737,2026-09-18,RBC GAM holdings CSV (rbcgam.com),RBC GAM
RQR,RBC Target 2029 Canadian Corporate Bond Index ETF,,"Pembina Pipeline Corp 3.620% Apr 03, 2029",1.886987,2026-09-18,RBC GAM holdings CSV (rbcgam.com),RBC GAM
RQR,RBC Target 2029 Canadian Corporate Bond Index ETF,,"General Motors Financial of Canada Ltd 5.000% Feb 09, 2029",1.797474,2026-09-18,RBC GAM holdings CSV (rbcgam.com),RBC GAM
RQR,RBC Target 2029 Canadian Corporate Bond Index ETF,,"John Deere Financial Inc 4.630% Apr 04, 2029",1.792093,2026-09-18,RBC GAM holdings CSV (rbcgam.com),RBC GAM
RQR,RBC Target 2029 Canadian Corporate Bond Index ETF,,"Videotron Ltd 4.650% Jul 15, 2029",1.787074,2026-09-18,RBC GAM holdings CSV (rbcgam.com),RBC GAM
RQR,RBC Target 2029 Canadian Corporate Bond Index ETF,,"AIMCo Realty Investors LP 2.712% Jun 01, 2029",1.709339,2026-09-18,RBC GAM holdings CSV (rbcgam.com),RBC GAM
RQR,RBC Target 2029 Canadian Corporate Bond Index ETF,,"Coastal Gaslink Pipeline LP 4.691% Sep 30, 2029",1.645544,2026-09-18,RBC GAM holdings CSV (rbcgam.com),RBC GAM
RQR,RBC Target 2029 Canadian Corporate Bond Index ETF,,"North West Redwater Partnership / NWR Financing Co Ltd 4.250% Jun 01, 2029",1.625224,2026-09-18,RBC GAM holdings CSV (rbcgam.com),RBC GAM
RQR,RBC Target 2029 Canadian Corporate Bond Index ETF,,"Hydro One Inc 3.020% Apr 05, 2029",1.58276,2026-09-18,RBC GAM holdings CSV (rbcgam.com),RBC GAM
RQR,RBC Target 2029 Canadian Corporate Bond Index ETF,,"Honda Canada Finance Inc 4.900% Jun 04, 2029",1.500083,2026-09-18,RBC GAM holdings CSV (rbcgam.com),RBC GAM
RQR,RBC Target 2029 Canadian Corporate Bond Index ETF,,"Alimentation Couche-Tard Inc 4.603% Jan 25, 2029",1.490003,2026-09-18,RBC GAM holdings CSV (rbcgam.com),RBC GAM
RQR,RBC Target 2029 Canadian Corporate Bond Index ETF,,"Manulife Bank of Canada 4.546% Mar 08, 2029",1.487906,2026-09-18,RBC GAM holdings CSV (rbcgam.com),RBC GAM
RQR,RBC Target 2029 Canadian Corporate Bond Index ETF,,"Gildan Activewear Inc 4.362% Nov 22, 2029",1.475747,2026-09-18,RBC GAM holdings CSV (rbcgam.com),RBC GAM
RQR,RBC Target 2029 Canadian Corporate Bond Index ETF,,"Metro Inc/CN 3.998% Nov 27, 2029",1.464795,2026-09-18,RBC GAM holdings CSV (rbcgam.com),RBC GAM
RQR,RBC Target 2029 Canadian Corporate Bond Index ETF,,"Toyota Credit Canada Inc 3.730% Oct 02, 2029",1.454953,2026-09-18,RBC GAM holdings CSV (rbcgam.com),RBC GAM
RQR,RBC Target 2029 Canadian Corporate Bond Index ETF,,"Gibson Energy Inc 3.600% Sep 17, 2029",1.447746,2026-09-18,RBC GAM holdings CSV (rbcgam.com),RBC GAM
RQR,RBC Target 2029 Canadian Corporate Bond Index ETF,,"Ontario Power Generation Inc 2.977% Sep 13, 2029",1.430567,2026-09-18,RBC GAM holdings CSV (rbcgam.com),RBC GAM
RQR,RBC Target 2029 Canadian Corporate Bond Index ETF,,"Magna International Inc 4.800% May 30, 2029",1.342826,2026-09-18,RBC GAM holdings CSV (rbcgam.com),RBC GAM
RQR,RBC Target 2029 Canadian Corporate Bond Index ETF,,"Toyota Credit Canada Inc 4.460% Mar 19, 2029",1.334931,2026-09-18,RBC GAM holdings CSV (rbcgam.com),RBC GAM
RQR,RBC Target 2029 Canadian Corporate Bond Index ETF,,"CGI Inc 4.147% Sep 05, 2029",1.31819,2026-09-18,RBC GAM holdings CSV (rbcgam.com),RBC GAM
RQR,RBC Target 2029 Canadian Corporate Bond Index ETF,,"Oxford Properties Group Trust 3.905% Dec 04, 2029",1.310531,2026-09-18,RBC GAM holdings CSV (rbcgam.com),RBC GAM
RQR,RBC Target 2029 Canadian Corporate Bond Index ETF,,"Honda Canada Finance Inc 4.899% Feb 21, 2029",1.195513,2026-09-18,RBC GAM holdings CSV (rbcgam.com),RBC GAM
RQR,RBC Target 2029 Canadian Corporate Bond Index ETF,,"AltaGas Ltd 4.672% Jan 08, 2029",1.192244,2026-09-18,RBC GAM holdings CSV (rbcgam.com),RBC GAM
RQR,RBC Target 2029 Canadian Corporate Bond Index ETF,,"OMERS Realty Corp 4.539% Apr 09, 2029",1.190235,2026-09-18,RBC GAM holdings CSV (rbcgam.com),RBC GAM
RQR,RBC Target 2029 Canadian Corporate Bond Index ETF,,"iA Financial Corp Inc 4.131% Dec 05, 2034",1.170891,2026-09-18,RBC GAM holdings CSV (rbcgam.com),RBC GAM
RQR,RBC Target 2029 Canadian Corporate Bond Index ETF,,"Husky Midstream LP 4.100% Dec 02, 2029",1.168258,2026-09-18,RBC GAM holdings CSV (rbcgam.com),RBC GAM
RQR,RBC Target 2029 Canadian Corporate Bond Index ETF,,"Bell Telephone Co of Canada or Bell Canada 3.650% Aug 14, 2029",1.163002,2026-09-18,RBC GAM holdings CSV (rbcgam.com),RBC GAM
RQR,RBC Target 2029 Canadian Corporate Bond Index ETF,,"Loblaw Cos Ltd 3.564% Dec 12, 2029",1.154346,2026-09-18,RBC GAM holdings CSV (rbcgam.com),RBC GAM
RQR,RBC Target 2029 Canadian Corporate Bond Index ETF,,"Enbridge Gas Inc 2.370% Aug 09, 2029",1.128964,2026-09-18,RBC GAM holdings CSV (rbcgam.com),RBC GAM
RQR,RBC Target 2029 Canadian Corporate Bond Index ETF,,"Hyundai Capital Canada Inc 4.895% Jan 31, 2029",1.045901,2026-09-18,RBC GAM holdings CSV (rbcgam.com),RBC GAM
RQR,RBC Target 2029 Canadian Corporate Bond Index ETF,,"Canadian National Railway Co 3.000% Feb 08, 2029",0.974491,2026-09-18,RBC GAM holdings CSV (rbcgam.com),RBC GAM
RQR,RBC Target 2029 Canadian Corporate Bond Index ETF,,"Intact Financial Corp 4.653% May 16, 2034",0.889432,2026-09-18,RBC GAM holdings CSV (rbcgam.com),RBC GAM
RQR,RBC Target 2029 Canadian Corporate Bond Index ETF,,"Hyundai Capital Canada Inc 4.583% Jul 24, 2029",0.889097,2026-09-18,RBC GAM holdings CSV (rbcgam.com),RBC GAM
RQR,RBC Target 2029 Canadian Corporate Bond Index ETF,,"BMW Canada Inc 3.700% Sep 05, 2029",0.866547,2026-09-18,RBC GAM holdings CSV (rbcgam.com),RBC GAM
RQR,RBC Target 2029 Canadian Corporate Bond Index ETF,,"Daimler Truck Finance Canada Inc 4.540% Sep 27, 2029",0.743117,2026-09-18,RBC GAM holdings CSV (rbcgam.com),RBC GAM
RQR,RBC Target 2029 Canadian Corporate Bond Index ETF,,"Rogers Communications Inc 3.250% May 01, 2029",0.673904,2026-09-18,RBC GAM holdings CSV (rbcgam.com),RBC GAM
RQR,RBC Target 2029 Canadian Corporate Bond Index ETF,,"Rogers Communications Inc 3.300% Dec 10, 2029",0.048613,2026-09-18,RBC GAM holdings CSV (rbcgam.com),RBC GAM
RQS,RBC Target 2030 Canadian Corporate Bond Index ETF,,"Royal Bank of Canada 3.985% Jul 22, 2031",6.725067,2026-09-18,RBC GAM holdings CSV (rbcgam.com),RBC GAM
RQS,RBC Target 2030 Canadian Corporate Bond Index ETF,,"Toronto-Dominion Bank 3.605% Sep 10, 2031",5.020742,2026-09-18,RBC GAM holdings CSV (rbcgam.com),RBC GAM
RQS,RBC Target 2030 Canadian Corporate Bond Index ETF,,"Bank of Montreal 3.731% Jun 03, 2031",4.989062,2026-09-18,RBC GAM holdings CSV (rbcgam.com),RBC GAM
RQS,RBC Target 2030 Canadian Corporate Bond Index ETF,,"Bank of Nova Scotia 3.734% Jun 27, 2031",4.834617,2026-09-18,RBC GAM holdings CSV (rbcgam.com),RBC GAM
RQS,RBC Target 2030 Canadian Corporate Bond Index ETF,,"Toronto-Dominion Bank 3.842% May 29, 2031",4.568321,2026-09-18,RBC GAM holdings CSV (rbcgam.com),RBC GAM
RQS,RBC Target 2030 Canadian Corporate Bond Index ETF,,"Canadian Imperial Bank of Commerce 3.900% Jun 20, 2031",4.260683,2026-09-18,RBC GAM holdings CSV (rbcgam.com),RBC GAM
RQS,RBC Target 2030 Canadian Corporate Bond Index ETF,,"Athene Global Funding 4.091% May 23, 2030",4.158282,2026-09-18,RBC GAM holdings CSV (rbcgam.com),RBC GAM
RQS,RBC Target 2030 Canadian Corporate Bond Index ETF,,"National Bank of Canada 3.441% Oct 21, 2031",3.298922,2026-09-18,RBC GAM holdings CSV (rbcgam.com),RBC GAM
RQS,RBC Target 2030 Canadian Corporate Bond Index ETF,,"Manulife Financial Corp 2.818% May 13, 2035",3.219077,2026-09-18,RBC GAM holdings CSV (rbcgam.com),RBC GAM
RQS,RBC Target 2030 Canadian Corporate Bond Index ETF,,"TransCanada PipeLines Ltd 5.277% Jul 15, 2030",3.134186,2026-09-18,RBC GAM holdings CSV (rbcgam.com),RBC GAM
RQS,RBC Target 2030 Canadian Corporate Bond Index ETF,,"Royal Bank of Canada 5.228% Jun 24, 2030",3.116962,2026-09-18,RBC GAM holdings CSV (rbcgam.com),RBC GAM
RQS,RBC Target 2030 Canadian Corporate Bond Index ETF,,"Ontario Power Generation Inc 3.215% Apr 08, 2030",2.633285,2026-09-18,RBC GAM holdings CSV (rbcgam.com),RBC GAM
RQS,RBC Target 2030 Canadian Corporate Bond Index ETF,,"Oxford Properties Group Trust 3.602% Nov 13, 2030",2.30327,2026-09-18,RBC GAM holdings CSV (rbcgam.com),RBC GAM
RQS,RBC Target 2030 Canadian Corporate Bond Index ETF,,"Definity Financial Corp 3.709% Sep 12, 2030",2.14771,2026-09-18,RBC GAM holdings CSV (rbcgam.com),RBC GAM
RQS,RBC Target 2030 Canadian Corporate Bond Index ETF,,"Enbridge Inc 4.210% Feb 22, 2030",2.027076,2026-09-18,RBC GAM holdings CSV (rbcgam.com),RBC GAM
RQS,RBC Target 2030 Canadian Corporate Bond Index ETF,,"BPC Generation Infrastructure Trust 3.795% Sep 29, 2030",1.984782,2026-09-18,RBC GAM holdings CSV (rbcgam.com),RBC GAM
RQS,RBC Target 2030 Canadian Corporate Bond Index ETF,,"General Motors Financial of Canada Ltd 3.800% Nov 07, 2030",1.982395,2026-09-18,RBC GAM holdings CSV (rbcgam.com),RBC GAM
RQS,RBC Target 2030 Canadian Corporate Bond Index ETF,,"Enbridge Gas Inc 2.900% Apr 01, 2030",1.954656,2026-09-18,RBC GAM holdings CSV (rbcgam.com),RBC GAM
RQS,RBC Target 2030 Canadian Corporate Bond Index ETF,,"Great-West Lifeco Inc 2.379% May 14, 2030",1.928348,2026-09-18,RBC GAM holdings CSV (rbcgam.com),RBC GAM
RQS,RBC Target 2030 Canadian Corporate Bond Index ETF,,"Sun Life Financial Inc 2.060% Oct 01, 2035",1.866265,2026-09-18,RBC GAM holdings CSV (rbcgam.com),RBC GAM
RQS,RBC Target 2030 Canadian Corporate Bond Index ETF,,"Canadian National Railway Co 4.150% May 10, 2030",1.864545,2026-09-18,RBC GAM holdings CSV (rbcgam.com),RBC GAM
RQS,RBC Target 2030 Canadian Corporate Bond Index ETF,,"Honda Canada Finance Inc 3.874% May 22, 2030",1.835025,2026-09-18,RBC GAM holdings CSV (rbcgam.com),RBC GAM
RQS,RBC Target 2030 Canadian Corporate Bond Index ETF,,"OMERS Realty Corp 3.628% Jun 05, 2030",1.834502,2026-09-18,RBC GAM holdings CSV (rbcgam.com),RBC GAM
RQS,RBC Target 2030 Canadian Corporate Bond Index ETF,,"Greater Toronto Airports Authority 7.050% Jun 12, 2030",1.808139,2026-09-18,RBC GAM holdings CSV (rbcgam.com),RBC GAM
RQS,RBC Target 2030 Canadian Corporate Bond Index ETF,,"Rogers Communications Inc 5.800% Sep 21, 2030",1.779841,2026-09-18,RBC GAM holdings CSV (rbcgam.com),RBC GAM
RQS,RBC Target 2030 Canadian Corporate Bond Index ETF,,"Brookfield Infrastructure Finance ULC 5.710% Jul 27, 2030",1.771912,2026-09-18,RBC GAM holdings CSV (rbcgam.com),RBC GAM
RQS,RBC Target 2030 Canadian Corporate Bond Index ETF,,"Manulife Financial Corp 3.983% May 23, 2035",1.668797,2026-09-18,RBC GAM holdings CSV (rbcgam.com),RBC GAM
RQS,RBC Target 2030 Canadian Corporate Bond Index ETF,,"Manulife Bank of Canada 3.717% May 15, 2030",1.665551,2026-09-18,RBC GAM holdings CSV (rbcgam.com),RBC GAM
RQS,RBC Target 2030 Canadian Corporate Bond Index ETF,,"Keyera Corp 3.702% Oct 15, 2030",1.652656,2026-09-18,RBC GAM holdings CSV (rbcgam.com),RBC GAM
RQS,RBC Target 2030 Canadian Corporate Bond Index ETF,,"Suncor Energy Inc 3.550% Nov 14, 2030",1.645277,2026-09-18,RBC GAM holdings CSV (rbcgam.com),RBC GAM
RQS,RBC Target 2030 Canadian Corporate Bond Index ETF,,"Honda Canada Finance Inc 3.539% Sep 23, 2030",1.644144,2026-09-18,RBC GAM holdings CSV (rbcgam.com),RBC GAM
RQS,RBC Target 2030 Canadian Corporate Bond Index ETF,,"AIMCo Realty Investors LP 4.640% Feb 15, 2030",1.545836,2026-09-18,RBC GAM holdings CSV (rbcgam.com),RBC GAM
RQS,RBC Target 2030 Canadian Corporate Bond Index ETF,,"General Motors Financial of Canada Ltd 4.450% Feb 25, 2030",1.526738,2026-09-18,RBC GAM holdings CSV (rbcgam.com),RBC GAM
RQS,RBC Target 2030 Canadian Corporate Bond Index ETF,,"South Bow Canadian Infrastructure Holdings Ltd 4.323% Feb 01, 2030",1.522139,2026-09-18,RBC GAM holdings CSV (rbcgam.com),RBC GAM
RQS,RBC Target 2030 Canadian Corporate Bond Index ETF,,"Sun Life Financial Inc 5.500% Jul 04, 2035",1.39976,2026-09-18,RBC GAM holdings CSV (rbcgam.com),RBC GAM
RQS,RBC Target 2030 Canadian Corporate Bond Index ETF,,"Keyera Corp 3.959% May 29, 2030",1.339971,2026-09-18,RBC GAM holdings CSV (rbcgam.com),RBC GAM
RQS,RBC Target 2030 Canadian Corporate Bond Index ETF,,"Toyota Credit Canada Inc 3.740% May 21, 2030",1.332516,2026-09-18,RBC GAM holdings CSV (rbcgam.com),RBC GAM
RQS,RBC Target 2030 Canadian Corporate Bond Index ETF,,"Toyota Credit Canada Inc 3.650% Aug 19, 2030",1.323997,2026-09-18,RBC GAM holdings CSV (rbcgam.com),RBC GAM
RQS,RBC Target 2030 Canadian Corporate Bond Index ETF,,"VW Credit Canada Inc 3.810% Nov 19, 2030",1.318112,2026-09-18,RBC GAM holdings CSV (rbcgam.com),RBC GAM
RQS,RBC Target 2030 Canadian Corporate Bond Index ETF,,"Hydro One Inc 2.160% Feb 28, 2030",1.284142,2026-09-18,RBC GAM holdings CSV (rbcgam.com),RBC GAM
RQS,RBC Target 2030 Canadian Corporate Bond Index ETF,,"BCI QuadReal Realty / BCI Quadreal Realty Trust 1.747% Jul 24, 2030",1.091704,2026-09-18,RBC GAM holdings CSV (rbcgam.com),RBC GAM
RQS,RBC Target 2030 Canadian Corporate Bond Index ETF,,"407 International Inc 3.140% Mar 06, 2030",0.99099,2026-09-18,RBC GAM holdings CSV (rbcgam.com),RBC GAM
RUD,RBC Quant U.S. Dividend Leaders ETF,,NVIDIA Corp,9.214749,2026-09-18,RBC GAM holdings CSV (rbcgam.com),RBC GAM
RUD,RBC Quant U.S. Dividend Leaders ETF,,Apple Inc,8.355575,2026-09-18,RBC GAM holdings CSV (rbcgam.com),RBC GAM
RUD,RBC Quant U.S. Dividend Leaders ETF,,Alphabet Inc - Class C Shares,5.500888,2026-09-18,RBC GAM holdings CSV (rbcgam.com),RBC GAM
RUD,RBC Quant U.S. Dividend Leaders ETF,,Microsoft Corp,4.355051,2026-09-18,RBC GAM holdings CSV (rbcgam.com),RBC GAM
RUD,RBC Quant U.S. Dividend Leaders ETF,,Ameriprise Financial Inc,2.975572,2026-09-18,RBC GAM holdings CSV (rbcgam.com),RBC GAM
RUD,RBC Quant U.S. Dividend Leaders ETF,,Colgate-Palmolive Co,2.971493,2026-09-18,RBC GAM holdings CSV (rbcgam.com),RBC GAM
RUD,RBC Quant U.S. Dividend Leaders ETF,,Eli Lilly & Co,2.962015,2026-09-18,RBC GAM holdings CSV (rbcgam.com),RBC GAM
RUD,RBC Quant U.S. Dividend Leaders ETF,,Micron Technology Inc,2.609148,2026-09-18,RBC GAM holdings CSV (rbcgam.com),RBC GAM
RUD,RBC Quant U.S. Dividend Leaders ETF,,Bristol-Myers Squibb Co,2.373026,2026-09-18,RBC GAM holdings CSV (rbcgam.com),RBC GAM
RUD,RBC Quant U.S. Dividend Leaders ETF,,Mastercard Inc - Class A Shares,2.292618,2026-09-18,RBC GAM holdings CSV (rbcgam.com),RBC GAM
RUD,RBC Quant U.S. Dividend Leaders ETF,,GE Vernova Inc,1.960588,2026-09-18,RBC GAM holdings CSV (rbcgam.com),RBC GAM
RUD,RBC Quant U.S. Dividend Leaders ETF,,Lockheed Martin Corp,1.940826,2026-09-18,RBC GAM holdings CSV (rbcgam.com),RBC GAM
RUD,RBC Quant U.S. Dividend Leaders ETF,,Meta Platforms Inc - Class A Shares,1.851924,2026-09-18,RBC GAM holdings CSV (rbcgam.com),RBC GAM
RUD,RBC Quant U.S. Dividend Leaders ETF,,3M Co,1.587094,2026-09-18,RBC GAM holdings CSV (rbcgam.com),RBC GAM
RUD,RBC Quant U.S. Dividend Leaders ETF,,Broadcom Inc,1.504921,2026-09-18,RBC GAM holdings CSV (rbcgam.com),RBC GAM
RUD,RBC Quant U.S. Dividend Leaders ETF,,Comcast Corp - Class A Shares,1.457977,2026-09-18,RBC GAM holdings CSV (rbcgam.com),RBC GAM
RUD,RBC Quant U.S. Dividend Leaders ETF,,American Tower Corp,1.407734,2026-09-18,RBC GAM holdings CSV (rbcgam.com),RBC GAM
RUD,RBC Quant U.S. Dividend Leaders ETF,,OGE Energy Corp,1.396446,2026-09-18,RBC GAM holdings CSV (rbcgam.com),RBC GAM
RUD,RBC Quant U.S. Dividend Leaders ETF,,Kroger Co,1.390486,2026-09-18,RBC GAM holdings CSV (rbcgam.com),RBC GAM
RUD,RBC Quant U.S. Dividend Leaders ETF,,Eversource Energy,1.36834,2026-09-18,RBC GAM holdings CSV (rbcgam.com),RBC GAM
RUD,RBC Quant U.S. Dividend Leaders ETF,,Illinois Tool Works Inc,1.353931,2026-09-18,RBC GAM holdings CSV (rbcgam.com),RBC GAM
RUD,RBC Quant U.S. Dividend Leaders ETF,,Comfort Systems USA Inc,1.28564,2026-09-18,RBC GAM holdings CSV (rbcgam.com),RBC GAM
RUD,RBC Quant U.S. Dividend Leaders ETF,,Chevron Corp,1.256909,2026-09-18,RBC GAM holdings CSV (rbcgam.com),RBC GAM
RUD,RBC Quant U.S. Dividend Leaders ETF,,Tapestry Inc,1.196961,2026-09-18,RBC GAM holdings CSV (rbcgam.com),RBC GAM
RUD,RBC Quant U.S. Dividend Leaders ETF,,JPMorgan Chase & Co,1.188272,2026-09-18,RBC GAM holdings CSV (rbcgam.com),RBC GAM
RUD,RBC Quant U.S. Dividend Leaders ETF,,Lam Research Corp,1.177966,2026-09-18,RBC GAM holdings CSV (rbcgam.com),RBC GAM
RUD,RBC Quant U.S. Dividend Leaders ETF,,International Seaways Inc,1.160064,2026-09-18,RBC GAM holdings CSV (rbcgam.com),RBC GAM
RUD,RBC Quant U.S. Dividend Leaders ETF,,APA Corp,1.066322,2026-09-18,RBC GAM holdings CSV (rbcgam.com),RBC GAM
RUD,RBC Quant U.S. Dividend Leaders ETF,,Expedia Group Inc,1.036159,2026-09-18,RBC GAM holdings CSV (rbcgam.com),RBC GAM
RUD,RBC Quant U.S. Dividend Leaders ETF,,NetApp Inc,1.028142,2026-09-18,RBC GAM holdings CSV (rbcgam.com),RBC GAM
RUD,RBC Quant U.S. Dividend Leaders ETF,,Hasbro Inc,0.989715,2026-09-18,RBC GAM holdings CSV (rbcgam.com),RBC GAM
RUD,RBC Quant U.S. Dividend Leaders ETF,,Gilead Sciences Inc,0.967811,2026-09-18,RBC GAM holdings CSV (rbcgam.com),RBC GAM
RUD,RBC Quant U.S. Dividend Leaders ETF,,Automatic Data Processing Inc,0.967602,2026-09-18,RBC GAM holdings CSV (rbcgam.com),RBC GAM
RUD,RBC Quant U.S. Dividend Leaders ETF,,Moody's Corp,0.936136,2026-09-18,RBC GAM holdings CSV (rbcgam.com),RBC GAM
RUD,RBC Quant U.S. Dividend Leaders ETF,,Pegasystems Inc,0.922952,2026-09-18,RBC GAM holdings CSV (rbcgam.com),RBC GAM
RUD,RBC Quant U.S. Dividend Leaders ETF,,Las Vegas Sands Corp,0.813662,2026-09-18,RBC GAM holdings CSV (rbcgam.com),RBC GAM
RUD,RBC Quant U.S. Dividend Leaders ETF,,UnitedHealth Group Inc,0.766759,2026-09-18,RBC GAM holdings CSV (rbcgam.com),RBC GAM
RUD,RBC Quant U.S. Dividend Leaders ETF,,Texas Instruments Inc,0.750183,2026-09-18,RBC GAM holdings CSV (rbcgam.com),RBC GAM
RUD,RBC Quant U.S. Dividend Leaders ETF,,Booking Holdings Inc,0.740331,2026-09-18,RBC GAM holdings CSV (rbcgam.com),RBC GAM
RUD,RBC Quant U.S. Dividend Leaders ETF,,VeriSign Inc,0.724862,2026-09-18,RBC GAM holdings CSV (rbcgam.com),RBC GAM
RUD,RBC Quant U.S. Dividend Leaders ETF,,EOG Resources Inc,0.720007,2026-09-18,RBC GAM holdings CSV (rbcgam.com),RBC GAM
RUD,RBC Quant U.S. Dividend Leaders ETF,,KLA Corp,0.693599,2026-09-18,RBC GAM holdings CSV (rbcgam.com),RBC GAM
RUD,RBC Quant U.S. Dividend Leaders ETF,,Nucor Corp,0.683653,2026-09-18,RBC GAM holdings CSV (rbcgam.com),RBC GAM
RUD,RBC Quant U.S. Dividend Leaders ETF,,Elevance Health Inc,0.672585,2026-09-18,RBC GAM holdings CSV (rbcgam.com),RBC GAM
RUD,RBC Quant U.S. Dividend Leaders ETF,,General Motors Co,0.616355,2026-09-18,RBC GAM holdings CSV (rbcgam.com),RBC GAM
RUD,RBC Quant U.S. Dividend Leaders ETF,,Murphy USA Inc,0.60043,2026-09-18,RBC GAM holdings CSV (rbcgam.com),RBC GAM
RUD,RBC Quant U.S. Dividend Leaders ETF,,US Bancorp,0.579034,2026-09-18,RBC GAM holdings CSV (rbcgam.com),RBC GAM
RUD,RBC Quant U.S. Dividend Leaders ETF,,Artisan Partners Asset Management Inc - Class A Shares,0.578139,2026-09-18,RBC GAM holdings CSV (rbcgam.com),RBC GAM
RUD,RBC Quant U.S. Dividend Leaders ETF,,Seagate Technology Holdings PLC,0.574152,2026-09-18,RBC GAM holdings CSV (rbcgam.com),RBC GAM
RUD,RBC Quant U.S. Dividend Leaders ETF,,Expeditors International of Washington Inc,0.523143,2026-09-18,RBC GAM holdings CSV (rbcgam.com),RBC GAM
RUD,RBC Quant U.S. Dividend Leaders ETF,,Cummins Inc,0.510159,2026-09-18,RBC GAM holdings CSV (rbcgam.com),RBC GAM
RUD,RBC Quant U.S. Dividend Leaders ETF,,Citigroup Inc,0.497694,2026-09-18,RBC GAM holdings CSV (rbcgam.com),RBC GAM
RUD,RBC Quant U.S. Dividend Leaders ETF,,Merck & Co Inc,0.479612,2026-09-18,RBC GAM holdings CSV (rbcgam.com),RBC GAM
RUD,RBC Quant U.S. Dividend Leaders ETF,,Old Republic International Corp,0.414157,2026-09-18,RBC GAM holdings CSV (rbcgam.com),RBC GAM
RUD,RBC Quant U.S. Dividend Leaders ETF,,Ford Motor Co,0.408426,2026-09-18,RBC GAM holdings CSV (rbcgam.com),RBC GAM
RUD,RBC Quant U.S. Dividend Leaders ETF,,RingCentral Inc - Class A Shares,0.391606,2026-09-18,RBC GAM holdings CSV (rbcgam.com),RBC GAM
RUD,RBC Quant U.S. Dividend Leaders ETF,,Clear Secure Inc - Class A Shares,0.358226,2026-09-18,RBC GAM holdings CSV (rbcgam.com),RBC GAM
RUD,RBC Quant U.S. Dividend Leaders ETF,,Vertiv Holdings Co - Class A Shares,0.357742,2026-09-18,RBC GAM holdings CSV (rbcgam.com),RBC GAM
RUD,RBC Quant U.S. Dividend Leaders ETF,,QUALCOMM Inc,0.352481,2026-09-18,RBC GAM holdings CSV (rbcgam.com),RBC GAM
RUD,RBC Quant U.S. Dividend Leaders ETF,,Antero Midstream Corp,0.344619,2026-09-18,RBC GAM holdings CSV (rbcgam.com),RBC GAM
RUD,RBC Quant U.S. Dividend Leaders ETF,,ADT Inc,0.341463,2026-09-18,RBC GAM holdings CSV (rbcgam.com),RBC GAM
RUD,RBC Quant U.S. Dividend Leaders ETF,,Sherwin-Williams Co,0.338119,2026-09-18,RBC GAM holdings CSV (rbcgam.com),RBC GAM
RUD,RBC Quant U.S. Dividend Leaders ETF,,Argan Inc,0.331568,2026-09-18,RBC GAM holdings CSV (rbcgam.com),RBC GAM
RUD,RBC Quant U.S. Dividend Leaders ETF,,Lear Corp,0.313134,2026-09-18,RBC GAM holdings CSV (rbcgam.com),RBC GAM
RUD,RBC Quant U.S. Dividend Leaders ETF,,Bath & Body Works Inc,0.31206,2026-09-18,RBC GAM holdings CSV (rbcgam.com),RBC GAM
RUD,RBC Quant U.S. Dividend Leaders ETF,,Lincoln National Corp,0.303621,2026-09-18,RBC GAM holdings CSV (rbcgam.com),RBC GAM
RUD,RBC Quant U.S. Dividend Leaders ETF,,PPG Industries Inc,0.300079,2026-09-18,RBC GAM holdings CSV (rbcgam.com),RBC GAM
RUD,RBC Quant U.S. Dividend Leaders ETF,,Target Corp,0.297688,2026-09-18,RBC GAM holdings CSV (rbcgam.com),RBC GAM
RUD,RBC Quant U.S. Dividend Leaders ETF,,United Parcel Service Inc - Class B Shares,0.294994,2026-09-18,RBC GAM holdings CSV (rbcgam.com),RBC GAM
RUD,RBC Quant U.S. Dividend Leaders ETF,,Pitney Bowes Inc,0.281474,2026-09-18,RBC GAM holdings CSV (rbcgam.com),RBC GAM
RUD,RBC Quant U.S. Dividend Leaders ETF,,Toro Co,0.273403,2026-09-18,RBC GAM holdings CSV (rbcgam.com),RBC GAM
RUD,RBC Quant U.S. Dividend Leaders ETF,,Dorian LPG Ltd,0.257614,2026-09-18,RBC GAM holdings CSV (rbcgam.com),RBC GAM
RUD,RBC Quant U.S. Dividend Leaders ETF,,Carter's Inc,0.256397,2026-09-18,RBC GAM holdings CSV (rbcgam.com),RBC GAM
RUD,RBC Quant U.S. Dividend Leaders ETF,,Coca-Cola Co,0.254762,2026-09-18,RBC GAM holdings CSV (rbcgam.com),RBC GAM
RUD,RBC Quant U.S. Dividend Leaders ETF,,Macy's Inc,0.254367,2026-09-18,RBC GAM holdings CSV (rbcgam.com),RBC GAM
RUD,RBC Quant U.S. Dividend Leaders ETF,,Best Buy Co Inc,0.237075,2026-09-18,RBC GAM holdings CSV (rbcgam.com),RBC GAM
RUD,RBC Quant U.S. Dividend Leaders ETF,,Vistra Corp,0.234306,2026-09-18,RBC GAM holdings CSV (rbcgam.com),RBC GAM
RUD,RBC Quant U.S. Dividend Leaders ETF,,Home Depot Inc,0.231962,2026-09-18,RBC GAM holdings CSV (rbcgam.com),RBC GAM
RUD,RBC Quant U.S. Dividend Leaders ETF,,eBay Inc,0.222454,2026-09-18,RBC GAM holdings CSV (rbcgam.com),RBC GAM
RUD,RBC Quant U.S. Dividend Leaders ETF,,Valero Energy Corp,0.206954,2026-09-18,RBC GAM holdings CSV (rbcgam.com),RBC GAM
RUD,RBC Quant U.S. Dividend Leaders ETF,,Avery Dennison Corp,0.205642,2026-09-18,RBC GAM holdings CSV (rbcgam.com),RBC GAM
RUD,RBC Quant U.S. Dividend Leaders ETF,,Dell Technologies Inc - Class C Shares,0.201825,2026-09-18,RBC GAM holdings CSV (rbcgam.com),RBC GAM
RUD,RBC Quant U.S. Dividend Leaders ETF,,Teradyne Inc,0.19632,2026-09-18,RBC GAM holdings CSV (rbcgam.com),RBC GAM
RUD,RBC Quant U.S. Dividend Leaders ETF,,Southwest Airlines Co,0.19625,2026-09-18,RBC GAM holdings CSV (rbcgam.com),RBC GAM
RUD,RBC Quant U.S. Dividend Leaders ETF,,Federated Hermes Inc,0.189615,2026-09-18,RBC GAM holdings CSV (rbcgam.com),RBC GAM
RUD,RBC Quant U.S. Dividend Leaders ETF,,Jackson Financial Inc - Class A Shares,0.189281,2026-09-18,RBC GAM holdings CSV (rbcgam.com),RBC GAM
RUD,RBC Quant U.S. Dividend Leaders ETF,,Starbucks Corp,0.1774,2026-09-18,RBC GAM holdings CSV (rbcgam.com),RBC GAM
RUD,RBC Quant U.S. Dividend Leaders ETF,,Landstar System Inc,0.172934,2026-09-18,RBC GAM holdings CSV (rbcgam.com),RBC GAM
RUD,RBC Quant U.S. Dividend Leaders ETF,,Altria Group Inc,0.170478,2026-09-18,RBC GAM holdings CSV (rbcgam.com),RBC GAM
RUD,RBC Quant U.S. Dividend Leaders ETF,,Philip Morris International Inc,0.166569,2026-09-18,RBC GAM holdings CSV (rbcgam.com),RBC GAM
RUD,RBC Quant U.S. Dividend Leaders ETF,,InterDigital Inc,0.164279,2026-09-18,RBC GAM holdings CSV (rbcgam.com),RBC GAM
RUD,RBC Quant U.S. Dividend Leaders ETF,,Johnson & Johnson,0.162607,2026-09-18,RBC GAM holdings CSV (rbcgam.com),RBC GAM
RUD,RBC Quant U.S. Dividend Leaders ETF,,Paycom Software Inc,0.162045,2026-09-18,RBC GAM holdings CSV (rbcgam.com),RBC GAM
RUD,RBC Quant U.S. Dividend Leaders ETF,,Trane Technologies PLC,0.154065,2026-09-18,RBC GAM holdings CSV (rbcgam.com),RBC GAM
RUD,RBC Quant U.S. Dividend Leaders ETF,,Upbound Group Inc,0.153031,2026-09-18,RBC GAM holdings CSV (rbcgam.com),RBC GAM
RUD,RBC Quant U.S. Dividend Leaders ETF,,Corebridge Financial Inc,0.149869,2026-09-18,RBC GAM holdings CSV (rbcgam.com),RBC GAM
RUD,RBC Quant U.S. Dividend Leaders ETF,,Cboe Global Markets Inc,0.145454,2026-09-18,RBC GAM holdings CSV (rbcgam.com),RBC GAM
RUD,RBC Quant U.S. Dividend Leaders ETF,,International Paper Co,0.142712,2026-09-18,RBC GAM holdings CSV (rbcgam.com),RBC GAM
RUD,RBC Quant U.S. Dividend Leaders ETF,,Intuit Inc,0.136563,2026-09-18,RBC GAM holdings CSV (rbcgam.com),RBC GAM
RUD,RBC Quant U.S. Dividend Leaders ETF,,J M Smucker Co,0.12578,2026-09-18,RBC GAM holdings CSV (rbcgam.com),RBC GAM
RUD,RBC Quant U.S. Dividend Leaders ETF,,Chord Energy Corp,0.125213,2026-09-18,RBC GAM holdings CSV (rbcgam.com),RBC GAM
RUD,RBC Quant U.S. Dividend Leaders ETF,,Marathon Petroleum Corp,0.125092,2026-09-18,RBC GAM holdings CSV (rbcgam.com),RBC GAM
RUD,RBC Quant U.S. Dividend Leaders ETF,,Ralph Lauren Corp,0.12324,2026-09-18,RBC GAM holdings CSV (rbcgam.com),RBC GAM
RUD,RBC Quant U.S. Dividend Leaders ETF,,Capital One Financial Corp,0.120907,2026-09-18,RBC GAM holdings CSV (rbcgam.com),RBC GAM
RUD,RBC Quant U.S. Dividend Leaders ETF,,Bread Financial Holdings Inc,0.109959,2026-09-18,RBC GAM holdings CSV (rbcgam.com),RBC GAM
RUD,RBC Quant U.S. Dividend Leaders ETF,,Western Digital Corp,0.084526,2026-09-18,RBC GAM holdings CSV (rbcgam.com),RBC GAM
RUD,RBC Quant U.S. Dividend Leaders ETF,,Capitol Federal Financial Inc,0.064614,2026-09-18,RBC GAM holdings CSV (rbcgam.com),RBC GAM
RUD,RBC Quant U.S. Dividend Leaders ETF,,PayPal Holdings Inc,0.051828,2026-09-18,RBC GAM holdings CSV (rbcgam.com),RBC GAM
RUD,RBC Quant U.S. Dividend Leaders ETF,,Kite Realty Group Trust,0.05044,2026-09-18,RBC GAM holdings CSV (rbcgam.com),RBC GAM
RUD,RBC Quant U.S. Dividend Leaders ETF,,CVS Health Corp,0.047728,2026-09-18,RBC GAM holdings CSV (rbcgam.com),RBC GAM
RUD,RBC Quant U.S. Dividend Leaders ETF,,Kohl's Corp,0.027569,2026-09-18,RBC GAM holdings CSV (rbcgam.com),RBC GAM
RUD-U,RBC Quant U.S. Dividend Leaders ETF (USD Units),,NVIDIA Corp,9.214749,2026-09-18,"RBC GAM holdings CSV (rbcgam.com) — USD class, verified identical to base via Currency options",RBC GAM
RUD-U,RBC Quant U.S. Dividend Leaders ETF (USD Units),,Apple Inc,8.355575,2026-09-18,"RBC GAM holdings CSV (rbcgam.com) — USD class, verified identical to base via Currency options",RBC GAM
RUD-U,RBC Quant U.S. Dividend Leaders ETF (USD Units),,Alphabet Inc - Class C Shares,5.500888,2026-09-18,"RBC GAM holdings CSV (rbcgam.com) — USD class, verified identical to base via Currency options",RBC GAM
RUD-U,RBC Quant U.S. Dividend Leaders ETF (USD Units),,Microsoft Corp,4.355051,2026-09-18,"RBC GAM holdings CSV (rbcgam.com) — USD class, verified identical to base via Currency options",RBC GAM
RUD-U,RBC Quant U.S. Dividend Leaders ETF (USD Units),,Ameriprise Financial Inc,2.975572,2026-09-18,"RBC GAM holdings CSV (rbcgam.com) — USD class, verified identical to base via Currency options",RBC GAM
RUD-U,RBC Quant U.S. Dividend Leaders ETF (USD Units),,Colgate-Palmolive Co,2.971493,2026-09-18,"RBC GAM holdings CSV (rbcgam.com) — USD class, verified identical to base via Currency options",RBC GAM
RUD-U,RBC Quant U.S. Dividend Leaders ETF (USD Units),,Eli Lilly & Co,2.962015,2026-09-18,"RBC GAM holdings CSV (rbcgam.com) — USD class, verified identical to base via Currency options",RBC GAM
RUD-U,RBC Quant U.S. Dividend Leaders ETF (USD Units),,Micron Technology Inc,2.609148,2026-09-18,"RBC GAM holdings CSV (rbcgam.com) — USD class, verified identical to base via Currency options",RBC GAM
RUD-U,RBC Quant U.S. Dividend Leaders ETF (USD Units),,Bristol-Myers Squibb Co,2.373026,2026-09-18,"RBC GAM holdings CSV (rbcgam.com) — USD class, verified identical to base via Currency options",RBC GAM
RUD-U,RBC Quant U.S. Dividend Leaders ETF (USD Units),,Mastercard Inc - Class A Shares,2.292618,2026-09-18,"RBC GAM holdings CSV (rbcgam.com) — USD class, verified identical to base via Currency options",RBC GAM
RUD-U,RBC Quant U.S. Dividend Leaders ETF (USD Units),,GE Vernova Inc,1.960588,2026-09-18,"RBC GAM holdings CSV (rbcgam.com) — USD class, verified identical to base via Currency options",RBC GAM
RUD-U,RBC Quant U.S. Dividend Leaders ETF (USD Units),,Lockheed Martin Corp,1.940826,2026-09-18,"RBC GAM holdings CSV (rbcgam.com) — USD class, verified identical to base via Currency options",RBC GAM
RUD-U,RBC Quant U.S. Dividend Leaders ETF (USD Units),,Meta Platforms Inc - Class A Shares,1.851924,2026-09-18,"RBC GAM holdings CSV (rbcgam.com) — USD class, verified identical to base via Currency options",RBC GAM
RUD-U,RBC Quant U.S. Dividend Leaders ETF (USD Units),,3M Co,1.587094,2026-09-18,"RBC GAM holdings CSV (rbcgam.com) — USD class, verified identical to base via Currency options",RBC GAM
RUD-U,RBC Quant U.S. Dividend Leaders ETF (USD Units),,Broadcom Inc,1.504921,2026-09-18,"RBC GAM holdings CSV (rbcgam.com) — USD class, verified identical to base via Currency options",RBC GAM
RUD-U,RBC Quant U.S. Dividend Leaders ETF (USD Units),,Comcast Corp - Class A Shares,1.457977,2026-09-18,"RBC GAM holdings CSV (rbcgam.com) — USD class, verified identical to base via Currency options",RBC GAM
RUD-U,RBC Quant U.S. Dividend Leaders ETF (USD Units),,American Tower Corp,1.407734,2026-09-18,"RBC GAM holdings CSV (rbcgam.com) — USD class, verified identical to base via Currency options",RBC GAM
RUD-U,RBC Quant U.S. Dividend Leaders ETF (USD Units),,OGE Energy Corp,1.396446,2026-09-18,"RBC GAM holdings CSV (rbcgam.com) — USD class, verified identical to base via Currency options",RBC GAM
RUD-U,RBC Quant U.S. Dividend Leaders ETF (USD Units),,Kroger Co,1.390486,2026-09-18,"RBC GAM holdings CSV (rbcgam.com) — USD class, verified identical to base via Currency options",RBC GAM
RUD-U,RBC Quant U.S. Dividend Leaders ETF (USD Units),,Eversource Energy,1.36834,2026-09-18,"RBC GAM holdings CSV (rbcgam.com) — USD class, verified identical to base via Currency options",RBC GAM
RUD-U,RBC Quant U.S. Dividend Leaders ETF (USD Units),,Illinois Tool Works Inc,1.353931,2026-09-18,"RBC GAM holdings CSV (rbcgam.com) — USD class, verified identical to base via Currency options",RBC GAM
RUD-U,RBC Quant U.S. Dividend Leaders ETF (USD Units),,Comfort Systems USA Inc,1.28564,2026-09-18,"RBC GAM holdings CSV (rbcgam.com) — USD class, verified identical to base via Currency options",RBC GAM
RUD-U,RBC Quant U.S. Dividend Leaders ETF (USD Units),,Chevron Corp,1.256909,2026-09-18,"RBC GAM holdings CSV (rbcgam.com) — USD class, verified identical to base via Currency options",RBC GAM
RUD-U,RBC Quant U.S. Dividend Leaders ETF (USD Units),,Tapestry Inc,1.196961,2026-09-18,"RBC GAM holdings CSV (rbcgam.com) — USD class, verified identical to base via Currency options",RBC GAM
RUD-U,RBC Quant U.S. Dividend Leaders ETF (USD Units),,JPMorgan Chase & Co,1.188272,2026-09-18,"RBC GAM holdings CSV (rbcgam.com) — USD class, verified identical to base via Currency options",RBC GAM
RUD-U,RBC Quant U.S. Dividend Leaders ETF (USD Units),,Lam Research Corp,1.177966,2026-09-18,"RBC GAM holdings CSV (rbcgam.com) — USD class, verified identical to base via Currency options",RBC GAM
RUD-U,RBC Quant U.S. Dividend Leaders ETF (USD Units),,International Seaways Inc,1.160064,2026-09-18,"RBC GAM holdings CSV (rbcgam.com) — USD class, verified identical to base via Currency options",RBC GAM
RUD-U,RBC Quant U.S. Dividend Leaders ETF (USD Units),,APA Corp,1.066322,2026-09-18,"RBC GAM holdings CSV (rbcgam.com) — USD class, verified identical to base via Currency options",RBC GAM
RUD-U,RBC Quant U.S. Dividend Leaders ETF (USD Units),,Expedia Group Inc,1.036159,2026-09-18,"RBC GAM holdings CSV (rbcgam.com) — USD class, verified identical to base via Currency options",RBC GAM
RUD-U,RBC Quant U.S. Dividend Leaders ETF (USD Units),,NetApp Inc,1.028142,2026-09-18,"RBC GAM holdings CSV (rbcgam.com) — USD class, verified identical to base via Currency options",RBC GAM
RUD-U,RBC Quant U.S. Dividend Leaders ETF (USD Units),,Hasbro Inc,0.989715,2026-09-18,"RBC GAM holdings CSV (rbcgam.com) — USD class, verified identical to base via Currency options",RBC GAM
RUD-U,RBC Quant U.S. Dividend Leaders ETF (USD Units),,Gilead Sciences Inc,0.967811,2026-09-18,"RBC GAM holdings CSV (rbcgam.com) — USD class, verified identical to base via Currency options",RBC GAM
RUD-U,RBC Quant U.S. Dividend Leaders ETF (USD Units),,Automatic Data Processing Inc,0.967602,2026-09-18,"RBC GAM holdings CSV (rbcgam.com) — USD class, verified identical to base via Currency options",RBC GAM
RUD-U,RBC Quant U.S. Dividend Leaders ETF (USD Units),,Moody's Corp,0.936136,2026-09-18,"RBC GAM holdings CSV (rbcgam.com) — USD class, verified identical to base via Currency options",RBC GAM
RUD-U,RBC Quant U.S. Dividend Leaders ETF (USD Units),,Pegasystems Inc,0.922952,2026-09-18,"RBC GAM holdings CSV (rbcgam.com) — USD class, verified identical to base via Currency options",RBC GAM
RUD-U,RBC Quant U.S. Dividend Leaders ETF (USD Units),,Las Vegas Sands Corp,0.813662,2026-09-18,"RBC GAM holdings CSV (rbcgam.com) — USD class, verified identical to base via Currency options",RBC GAM
RUD-U,RBC Quant U.S. Dividend Leaders ETF (USD Units),,UnitedHealth Group Inc,0.766759,2026-09-18,"RBC GAM holdings CSV (rbcgam.com) — USD class, verified identical to base via Currency options",RBC GAM
RUD-U,RBC Quant U.S. Dividend Leaders ETF (USD Units),,Texas Instruments Inc,0.750183,2026-09-18,"RBC GAM holdings CSV (rbcgam.com) — USD class, verified identical to base via Currency options",RBC GAM
RUD-U,RBC Quant U.S. Dividend Leaders ETF (USD Units),,Booking Holdings Inc,0.740331,2026-09-18,"RBC GAM holdings CSV (rbcgam.com) — USD class, verified identical to base via Currency options",RBC GAM
RUD-U,RBC Quant U.S. Dividend Leaders ETF (USD Units),,VeriSign Inc,0.724862,2026-09-18,"RBC GAM holdings CSV (rbcgam.com) — USD class, verified identical to base via Currency options",RBC GAM
RUD-U,RBC Quant U.S. Dividend Leaders ETF (USD Units),,EOG Resources Inc,0.720007,2026-09-18,"RBC GAM holdings CSV (rbcgam.com) — USD class, verified identical to base via Currency options",RBC GAM
RUD-U,RBC Quant U.S. Dividend Leaders ETF (USD Units),,KLA Corp,0.693599,2026-09-18,"RBC GAM holdings CSV (rbcgam.com) — USD class, verified identical to base via Currency options",RBC GAM
RUD-U,RBC Quant U.S. Dividend Leaders ETF (USD Units),,Nucor Corp,0.683653,2026-09-18,"RBC GAM holdings CSV (rbcgam.com) — USD class, verified identical to base via Currency options",RBC GAM
RUD-U,RBC Quant U.S. Dividend Leaders ETF (USD Units),,Elevance Health Inc,0.672585,2026-09-18,"RBC GAM holdings CSV (rbcgam.com) — USD class, verified identical to base via Currency options",RBC GAM
RUD-U,RBC Quant U.S. Dividend Leaders ETF (USD Units),,General Motors Co,0.616355,2026-09-18,"RBC GAM holdings CSV (rbcgam.com) — USD class, verified identical to base via Currency options",RBC GAM
RUD-U,RBC Quant U.S. Dividend Leaders ETF (USD Units),,Murphy USA Inc,0.60043,2026-09-18,"RBC GAM holdings CSV (rbcgam.com) — USD class, verified identical to base via Currency options",RBC GAM
RUD-U,RBC Quant U.S. Dividend Leaders ETF (USD Units),,US Bancorp,0.579034,2026-09-18,"RBC GAM holdings CSV (rbcgam.com) — USD class, verified identical to base via Currency options",RBC GAM
RUD-U,RBC Quant U.S. Dividend Leaders ETF (USD Units),,Artisan Partners Asset Management Inc - Class A Shares,0.578139,2026-09-18,"RBC GAM holdings CSV (rbcgam.com) — USD class, verified identical to base via Currency options",RBC GAM
RUD-U,RBC Quant U.S. Dividend Leaders ETF (USD Units),,Seagate Technology Holdings PLC,0.574152,2026-09-18,"RBC GAM holdings CSV (rbcgam.com) — USD class, verified identical to base via Currency options",RBC GAM
RUD-U,RBC Quant U.S. Dividend Leaders ETF (USD Units),,Expeditors International of Washington Inc,0.523143,2026-09-18,"RBC GAM holdings CSV (rbcgam.com) — USD class, verified identical to base via Currency options",RBC GAM
RUD-U,RBC Quant U.S. Dividend Leaders ETF (USD Units),,Cummins Inc,0.510159,2026-09-18,"RBC GAM holdings CSV (rbcgam.com) — USD class, verified identical to base via Currency options",RBC GAM
RUD-U,RBC Quant U.S. Dividend Leaders ETF (USD Units),,Citigroup Inc,0.497694,2026-09-18,"RBC GAM holdings CSV (rbcgam.com) — USD class, verified identical to base via Currency options",RBC GAM
RUD-U,RBC Quant U.S. Dividend Leaders ETF (USD Units),,Merck & Co Inc,0.479612,2026-09-18,"RBC GAM holdings CSV (rbcgam.com) — USD class, verified identical to base via Currency options",RBC GAM
RUD-U,RBC Quant U.S. Dividend Leaders ETF (USD Units),,Old Republic International Corp,0.414157,2026-09-18,"RBC GAM holdings CSV (rbcgam.com) — USD class, verified identical to base via Currency options",RBC GAM
RUD-U,RBC Quant U.S. Dividend Leaders ETF (USD Units),,Ford Motor Co,0.408426,2026-09-18,"RBC GAM holdings CSV (rbcgam.com) — USD class, verified identical to base via Currency options",RBC GAM
RUD-U,RBC Quant U.S. Dividend Leaders ETF (USD Units),,RingCentral Inc - Class A Shares,0.391606,2026-09-18,"RBC GAM holdings CSV (rbcgam.com) — USD class, verified identical to base via Currency options",RBC GAM
RUD-U,RBC Quant U.S. Dividend Leaders ETF (USD Units),,Clear Secure Inc - Class A Shares,0.358226,2026-09-18,"RBC GAM holdings CSV (rbcgam.com) — USD class, verified identical to base via Currency options",RBC GAM
RUD-U,RBC Quant U.S. Dividend Leaders ETF (USD Units),,Vertiv Holdings Co - Class A Shares,0.357742,2026-09-18,"RBC GAM holdings CSV (rbcgam.com) — USD class, verified identical to base via Currency options",RBC GAM
RUD-U,RBC Quant U.S. Dividend Leaders ETF (USD Units),,QUALCOMM Inc,0.352481,2026-09-18,"RBC GAM holdings CSV (rbcgam.com) — USD class, verified identical to base via Currency options",RBC GAM
RUD-U,RBC Quant U.S. Dividend Leaders ETF (USD Units),,Antero Midstream Corp,0.344619,2026-09-18,"RBC GAM holdings CSV (rbcgam.com) — USD class, verified identical to base via Currency options",RBC GAM
RUD-U,RBC Quant U.S. Dividend Leaders ETF (USD Units),,ADT Inc,0.341463,2026-09-18,"RBC GAM holdings CSV (rbcgam.com) — USD class, verified identical to base via Currency options",RBC GAM
RUD-U,RBC Quant U.S. Dividend Leaders ETF (USD Units),,Sherwin-Williams Co,0.338119,2026-09-18,"RBC GAM holdings CSV (rbcgam.com) — USD class, verified identical to base via Currency options",RBC GAM
RUD-U,RBC Quant U.S. Dividend Leaders ETF (USD Units),,Argan Inc,0.331568,2026-09-18,"RBC GAM holdings CSV (rbcgam.com) — USD class, verified identical to base via Currency options",RBC GAM
RUD-U,RBC Quant U.S. Dividend Leaders ETF (USD Units),,Lear Corp,0.313134,2026-09-18,"RBC GAM holdings CSV (rbcgam.com) — USD class, verified identical to base via Currency options",RBC GAM
RUD-U,RBC Quant U.S. Dividend Leaders ETF (USD Units),,Bath & Body Works Inc,0.31206,2026-09-18,"RBC GAM holdings CSV (rbcgam.com) — USD class, verified identical to base via Currency options",RBC GAM
RUD-U,RBC Quant U.S. Dividend Leaders ETF (USD Units),,Lincoln National Corp,0.303621,2026-09-18,"RBC GAM holdings CSV (rbcgam.com) — USD class, verified identical to base via Currency options",RBC GAM
RUD-U,RBC Quant U.S. Dividend Leaders ETF (USD Units),,PPG Industries Inc,0.300079,2026-09-18,"RBC GAM holdings CSV (rbcgam.com) — USD class, verified identical to base via Currency options",RBC GAM
RUD-U,RBC Quant U.S. Dividend Leaders ETF (USD Units),,Target Corp,0.297688,2026-09-18,"RBC GAM holdings CSV (rbcgam.com) — USD class, verified identical to base via Currency options",RBC GAM
RUD-U,RBC Quant U.S. Dividend Leaders ETF (USD Units),,United Parcel Service Inc - Class B Shares,0.294994,2026-09-18,"RBC GAM holdings CSV (rbcgam.com) — USD class, verified identical to base via Currency options",RBC GAM
RUD-U,RBC Quant U.S. Dividend Leaders ETF (USD Units),,Pitney Bowes Inc,0.281474,2026-09-18,"RBC GAM holdings CSV (rbcgam.com) — USD class, verified identical to base via Currency options",RBC GAM
RUD-U,RBC Quant U.S. Dividend Leaders ETF (USD Units),,Toro Co,0.273403,2026-09-18,"RBC GAM holdings CSV (rbcgam.com) — USD class, verified identical to base via Currency options",RBC GAM
RUD-U,RBC Quant U.S. Dividend Leaders ETF (USD Units),,Dorian LPG Ltd,0.257614,2026-09-18,"RBC GAM holdings CSV (rbcgam.com) — USD class, verified identical to base via Currency options",RBC GAM
RUD-U,RBC Quant U.S. Dividend Leaders ETF (USD Units),,Carter's Inc,0.256397,2026-09-18,"RBC GAM holdings CSV (rbcgam.com) — USD class, verified identical to base via Currency options",RBC GAM
RUD-U,RBC Quant U.S. Dividend Leaders ETF (USD Units),,Coca-Cola Co,0.254762,2026-09-18,"RBC GAM holdings CSV (rbcgam.com) — USD class, verified identical to base via Currency options",RBC GAM
RUD-U,RBC Quant U.S. Dividend Leaders ETF (USD Units),,Macy's Inc,0.254367,2026-09-18,"RBC GAM holdings CSV (rbcgam.com) — USD class, verified identical to base via Currency options",RBC GAM
RUD-U,RBC Quant U.S. Dividend Leaders ETF (USD Units),,Best Buy Co Inc,0.237075,2026-09-18,"RBC GAM holdings CSV (rbcgam.com) — USD class, verified identical to base via Currency options",RBC GAM
RUD-U,RBC Quant U.S. Dividend Leaders ETF (USD Units),,Vistra Corp,0.234306,2026-09-18,"RBC GAM holdings CSV (rbcgam.com) — USD class, verified identical to base via Currency options",RBC GAM
RUD-U,RBC Quant U.S. Dividend Leaders ETF (USD Units),,Home Depot Inc,0.231962,2026-09-18,"RBC GAM holdings CSV (rbcgam.com) — USD class, verified identical to base via Currency options",RBC GAM
RUD-U,RBC Quant U.S. Dividend Leaders ETF (USD Units),,eBay Inc,0.222454,2026-09-18,"RBC GAM holdings CSV (rbcgam.com) — USD class, verified identical to base via Currency options",RBC GAM
RUD-U,RBC Quant U.S. Dividend Leaders ETF (USD Units),,Valero Energy Corp,0.206954,2026-09-18,"RBC GAM holdings CSV (rbcgam.com) — USD class, verified identical to base via Currency options",RBC GAM
RUD-U,RBC Quant U.S. Dividend Leaders ETF (USD Units),,Avery Dennison Corp,0.205642,2026-09-18,"RBC GAM holdings CSV (rbcgam.com) — USD class, verified identical to base via Currency options",RBC GAM
RUD-U,RBC Quant U.S. Dividend Leaders ETF (USD Units),,Dell Technologies Inc - Class C Shares,0.201825,2026-09-18,"RBC GAM holdings CSV (rbcgam.com) — USD class, verified identical to base via Currency options",RBC GAM
RUD-U,RBC Quant U.S. Dividend Leaders ETF (USD Units),,Teradyne Inc,0.19632,2026-09-18,"RBC GAM holdings CSV (rbcgam.com) — USD class, verified identical to base via Currency options",RBC GAM
RUD-U,RBC Quant U.S. Dividend Leaders ETF (USD Units),,Southwest Airlines Co,0.19625,2026-09-18,"RBC GAM holdings CSV (rbcgam.com) — USD class, verified identical to base via Currency options",RBC GAM
RUD-U,RBC Quant U.S. Dividend Leaders ETF (USD Units),,Federated Hermes Inc,0.189615,2026-09-18,"RBC GAM holdings CSV (rbcgam.com) — USD class, verified identical to base via Currency options",RBC GAM
RUD-U,RBC Quant U.S. Dividend Leaders ETF (USD Units),,Jackson Financial Inc - Class A Shares,0.189281,2026-09-18,"RBC GAM holdings CSV (rbcgam.com) — USD class, verified identical to base via Currency options",RBC GAM
RUD-U,RBC Quant U.S. Dividend Leaders ETF (USD Units),,Starbucks Corp,0.1774,2026-09-18,"RBC GAM holdings CSV (rbcgam.com) — USD class, verified identical to base via Currency options",RBC GAM
RUD-U,RBC Quant U.S. Dividend Leaders ETF (USD Units),,Landstar System Inc,0.172934,2026-09-18,"RBC GAM holdings CSV (rbcgam.com) — USD class, verified identical to base via Currency options",RBC GAM
RUD-U,RBC Quant U.S. Dividend Leaders ETF (USD Units),,Altria Group Inc,0.170478,2026-09-18,"RBC GAM holdings CSV (rbcgam.com) — USD class, verified identical to base via Currency options",RBC GAM
RUD-U,RBC Quant U.S. Dividend Leaders ETF (USD Units),,Philip Morris International Inc,0.166569,2026-09-18,"RBC GAM holdings CSV (rbcgam.com) — USD class, verified identical to base via Currency options",RBC GAM
RUD-U,RBC Quant U.S. Dividend Leaders ETF (USD Units),,InterDigital Inc,0.164279,2026-09-18,"RBC GAM holdings CSV (rbcgam.com) — USD class, verified identical to base via Currency options",RBC GAM
RUD-U,RBC Quant U.S. Dividend Leaders ETF (USD Units),,Johnson & Johnson,0.162607,2026-09-18,"RBC GAM holdings CSV (rbcgam.com) — USD class, verified identical to base via Currency options",RBC GAM
RUD-U,RBC Quant U.S. Dividend Leaders ETF (USD Units),,Paycom Software Inc,0.162045,2026-09-18,"RBC GAM holdings CSV (rbcgam.com) — USD class, verified identical to base via Currency options",RBC GAM
RUD-U,RBC Quant U.S. Dividend Leaders ETF (USD Units),,Trane Technologies PLC,0.154065,2026-09-18,"RBC GAM holdings CSV (rbcgam.com) — USD class, verified identical to base via Currency options",RBC GAM
RUD-U,RBC Quant U.S. Dividend Leaders ETF (USD Units),,Upbound Group Inc,0.153031,2026-09-18,"RBC GAM holdings CSV (rbcgam.com) — USD class, verified identical to base via Currency options",RBC GAM
RUD-U,RBC Quant U.S. Dividend Leaders ETF (USD Units),,Corebridge Financial Inc,0.149869,2026-09-18,"RBC GAM holdings CSV (rbcgam.com) — USD class, verified identical to base via Currency options",RBC GAM
RUD-U,RBC Quant U.S. Dividend Leaders ETF (USD Units),,Cboe Global Markets Inc,0.145454,2026-09-18,"RBC GAM holdings CSV (rbcgam.com) — USD class, verified identical to base via Currency options",RBC GAM
RUD-U,RBC Quant U.S. Dividend Leaders ETF (USD Units),,International Paper Co,0.142712,2026-09-18,"RBC GAM holdings CSV (rbcgam.com) — USD class, verified identical to base via Currency options",RBC GAM
RUD-U,RBC Quant U.S. Dividend Leaders ETF (USD Units),,Intuit Inc,0.136563,2026-09-18,"RBC GAM holdings CSV (rbcgam.com) — USD class, verified identical to base via Currency options",RBC GAM
RUD-U,RBC Quant U.S. Dividend Leaders ETF (USD Units),,J M Smucker Co,0.12578,2026-09-18,"RBC GAM holdings CSV (rbcgam.com) — USD class, verified identical to base via Currency options",RBC GAM
RUD-U,RBC Quant U.S. Dividend Leaders ETF (USD Units),,Chord Energy Corp,0.125213,2026-09-18,"RBC GAM holdings CSV (rbcgam.com) — USD class, verified identical to base via Currency options",RBC GAM
RUD-U,RBC Quant U.S. Dividend Leaders ETF (USD Units),,Marathon Petroleum Corp,0.125092,2026-09-18,"RBC GAM holdings CSV (rbcgam.com) — USD class, verified identical to base via Currency options",RBC GAM
RUD-U,RBC Quant U.S. Dividend Leaders ETF (USD Units),,Ralph Lauren Corp,0.12324,2026-09-18,"RBC GAM holdings CSV (rbcgam.com) — USD class, verified identical to base via Currency options",RBC GAM
RUD-U,RBC Quant U.S. Dividend Leaders ETF (USD Units),,Capital One Financial Corp,0.120907,2026-09-18,"RBC GAM holdings CSV (rbcgam.com) — USD class, verified identical to base via Currency options",RBC GAM
RUD-U,RBC Quant U.S. Dividend Leaders ETF (USD Units),,Bread Financial Holdings Inc,0.109959,2026-09-18,"RBC GAM holdings CSV (rbcgam.com) — USD class, verified identical to base via Currency options",RBC GAM
RUD-U,RBC Quant U.S. Dividend Leaders ETF (USD Units),,Western Digital Corp,0.084526,2026-09-18,"RBC GAM holdings CSV (rbcgam.com) — USD class, verified identical to base via Currency options",RBC GAM
RUD-U,RBC Quant U.S. Dividend Leaders ETF (USD Units),,Capitol Federal Financial Inc,0.064614,2026-09-18,"RBC GAM holdings CSV (rbcgam.com) — USD class, verified identical to base via Currency options",RBC GAM
RUD-U,RBC Quant U.S. Dividend Leaders ETF (USD Units),,PayPal Holdings Inc,0.051828,2026-09-18,"RBC GAM holdings CSV (rbcgam.com) — USD class, verified identical to base via Currency options",RBC GAM
RUD-U,RBC Quant U.S. Dividend Leaders ETF (USD Units),,Kite Realty Group Trust,0.05044,2026-09-18,"RBC GAM holdings CSV (rbcgam.com) — USD class, verified identical to base via Currency options",RBC GAM
RUD-U,RBC Quant U.S. Dividend Leaders ETF (USD Units),,CVS Health Corp,0.047728,2026-09-18,"RBC GAM holdings CSV (rbcgam.com) — USD class, verified identical to base via Currency options",RBC GAM
RUD-U,RBC Quant U.S. Dividend Leaders ETF (USD Units),,Kohl's Corp,0.027569,2026-09-18,"RBC GAM holdings CSV (rbcgam.com) — USD class, verified identical to base via Currency options",RBC GAM
RUDB,RBC U.S. Discount Bond ETF,,"United States Treasury Note/Bond 0.500% Oct 31, 2027",8.632764,2026-09-18,RBC GAM holdings CSV (rbcgam.com),RBC GAM
RUDB,RBC U.S. Discount Bond ETF,,"United States Treasury Note/Bond 0.625% May 15, 2030",8.003586,2026-09-18,RBC GAM holdings CSV (rbcgam.com),RBC GAM
RUDB,RBC U.S. Discount Bond ETF,,"United States Treasury Note/Bond 0.625% Aug 15, 2030",7.921412,2026-09-18,RBC GAM holdings CSV (rbcgam.com),RBC GAM
RUDB,RBC U.S. Discount Bond ETF,,"United States Treasury Note/Bond 1.250% Apr 30, 2028",7.869795,2026-09-18,RBC GAM holdings CSV (rbcgam.com),RBC GAM
RUDB,RBC U.S. Discount Bond ETF,,"United States Treasury Note/Bond 0.375% Jul 31, 2027",7.827778,2026-09-18,RBC GAM holdings CSV (rbcgam.com),RBC GAM
RUDB,RBC U.S. Discount Bond ETF,,"United States Treasury Note/Bond 1.125% Feb 15, 2031",7.218407,2026-09-18,RBC GAM holdings CSV (rbcgam.com),RBC GAM
RUDB,RBC U.S. Discount Bond ETF,,"United States Treasury Note/Bond 1.625% Aug 15, 2029",6.428194,2026-09-18,RBC GAM holdings CSV (rbcgam.com),RBC GAM
RUDB,RBC U.S. Discount Bond ETF,,"United States Treasury Note/Bond 0.750% Jan 31, 2028",6.195618,2026-09-18,RBC GAM holdings CSV (rbcgam.com),RBC GAM
RUDB,RBC U.S. Discount Bond ETF,,"United States Treasury Note/Bond 1.125% Aug 31, 2028",5.834779,2026-09-18,RBC GAM holdings CSV (rbcgam.com),RBC GAM
RUDB,RBC U.S. Discount Bond ETF,,"United States Treasury Note/Bond 0.875% Nov 15, 2030",5.441327,2026-09-18,RBC GAM holdings CSV (rbcgam.com),RBC GAM
RUDB,RBC U.S. Discount Bond ETF,,"United States Treasury Note/Bond 1.750% Nov 15, 2029",3.585106,2026-09-18,RBC GAM holdings CSV (rbcgam.com),RBC GAM
RUDB,RBC U.S. Discount Bond ETF,,"United States Treasury Note/Bond 0.500% May 31, 2027",3.489822,2026-09-18,RBC GAM holdings CSV (rbcgam.com),RBC GAM
RUDB,RBC U.S. Discount Bond ETF,,"United States Treasury Note/Bond 1.750% Jan 31, 2029",2.80681,2026-09-18,RBC GAM holdings CSV (rbcgam.com),RBC GAM
RUDB,RBC U.S. Discount Bond ETF,,"United States Treasury Note/Bond 1.375% Oct 31, 2028",2.223484,2026-09-18,RBC GAM holdings CSV (rbcgam.com),RBC GAM
RUDB,RBC U.S. Discount Bond ETF,,"United States Treasury Note/Bond 1.625% May 15, 2031",2.005685,2026-09-18,RBC GAM holdings CSV (rbcgam.com),RBC GAM
RUDB,RBC U.S. Discount Bond ETF,,"Bank of America Corp 2.572% Oct 20, 2032",1.224697,2026-09-18,RBC GAM holdings CSV (rbcgam.com),RBC GAM
RUDB,RBC U.S. Discount Bond ETF,,"Morgan Stanley 1.928% Apr 28, 2032",1.201499,2026-09-18,RBC GAM holdings CSV (rbcgam.com),RBC GAM
RUDB,RBC U.S. Discount Bond ETF,,"Goldman Sachs Group Inc 2.383% Jul 21, 2032",1.195501,2026-09-18,RBC GAM holdings CSV (rbcgam.com),RBC GAM
RUDB,RBC U.S. Discount Bond ETF,,"United States Treasury Note/Bond 0.625% Dec 31, 2027",0.880511,2026-09-18,RBC GAM holdings CSV (rbcgam.com),RBC GAM
RUDB,RBC U.S. Discount Bond ETF,,"NextEra Energy Capital Holdings Inc 2.250% Jun 01, 2030",0.830741,2026-09-18,RBC GAM holdings CSV (rbcgam.com),RBC GAM
RUDB,RBC U.S. Discount Bond ETF,,"Verizon Communications Inc 1.500% Sep 18, 2030",0.800355,2026-09-18,RBC GAM holdings CSV (rbcgam.com),RBC GAM
RUDB,RBC U.S. Discount Bond ETF,,"JPMorgan Chase & Co 1.764% Nov 19, 2031",0.798713,2026-09-18,RBC GAM holdings CSV (rbcgam.com),RBC GAM
RUDB,RBC U.S. Discount Bond ETF,,"T-Mobile USA Inc 2.250% Nov 15, 2031",0.792003,2026-09-18,RBC GAM holdings CSV (rbcgam.com),RBC GAM
RUDB,RBC U.S. Discount Bond ETF,,"Broadcom Inc 2.450% Feb 15, 2031",0.611261,2026-09-18,RBC GAM holdings CSV (rbcgam.com),RBC GAM
RUDB,RBC U.S. Discount Bond ETF,,"John Deere Capital Corp 2.000% Jun 17, 2031",0.60031,2026-09-18,RBC GAM holdings CSV (rbcgam.com),RBC GAM
RUDB,RBC U.S. Discount Bond ETF,,"Mid-America Apartments LP 1.700% Feb 15, 2031",0.595207,2026-09-18,RBC GAM holdings CSV (rbcgam.com),RBC GAM
RUDB,RBC U.S. Discount Bond ETF,,"PepsiCo Inc 1.950% Oct 21, 2031",0.594584,2026-09-18,RBC GAM holdings CSV (rbcgam.com),RBC GAM
RUDB,RBC U.S. Discount Bond ETF,,"Prologis LP 1.250% Oct 15, 2030",0.593817,2026-09-18,RBC GAM holdings CSV (rbcgam.com),RBC GAM
RUDB,RBC U.S. Discount Bond ETF,,"Amazon.com Inc 1.500% Jun 03, 2030",0.40566,2026-09-18,RBC GAM holdings CSV (rbcgam.com),RBC GAM
RUDB,RBC U.S. Discount Bond ETF,,"AT&T Inc 2.250% Feb 01, 2032",0.392529,2026-09-18,RBC GAM holdings CSV (rbcgam.com),RBC GAM
RUDB,RBC U.S. Discount Bond ETF,,"Barclays PLC 2.279% Nov 24, 2027",0.265096,2026-09-18,RBC GAM holdings CSV (rbcgam.com),RBC GAM
RUDB,RBC U.S. Discount Bond ETF,,"Mitsubishi UFJ Financial Group Inc 3.195% Jul 18, 2029",0.230111,2026-09-18,RBC GAM holdings CSV (rbcgam.com),RBC GAM
RUDB,RBC U.S. Discount Bond ETF,,"NextEra Energy Capital Holdings Inc 1.900% Jun 15, 2028",0.197418,2026-09-18,RBC GAM holdings CSV (rbcgam.com),RBC GAM
RUDB,RBC U.S. Discount Bond ETF,,"Wells Fargo & Co 2.393% Jun 02, 2028",0.18204,2026-09-18,RBC GAM holdings CSV (rbcgam.com),RBC GAM
RUDB,RBC U.S. Discount Bond ETF,,"JPMorgan Chase & Co 2.069% Jun 01, 2029",0.176028,2026-09-18,RBC GAM holdings CSV (rbcgam.com),RBC GAM
RUDB,RBC U.S. Discount Bond ETF,,"Bank of America Corp 2.087% Jun 14, 2029",0.17576,2026-09-18,RBC GAM holdings CSV (rbcgam.com),RBC GAM
RUDB,RBC U.S. Discount Bond ETF,,"Duke Energy Carolinas LLC 2.450% Aug 15, 2029",0.171885,2026-09-18,RBC GAM holdings CSV (rbcgam.com),RBC GAM
RUDB,RBC U.S. Discount Bond ETF,,"Truist Financial Corp 1.887% Jun 07, 2029",0.153182,2026-09-18,RBC GAM holdings CSV (rbcgam.com),RBC GAM
RUDB,RBC U.S. Discount Bond ETF,,"Westpac Banking Corp 1.953% Nov 20, 2028",0.152206,2026-09-18,RBC GAM holdings CSV (rbcgam.com),RBC GAM
RUDB,RBC U.S. Discount Bond ETF,,"AT&T Inc 1.650% Feb 01, 2028",0.132712,2026-09-18,RBC GAM holdings CSV (rbcgam.com),RBC GAM
RUDB,RBC U.S. Discount Bond ETF,,"Sumitomo Mitsui Financial Group Inc 2.472% Jan 14, 2029",0.130464,2026-09-18,RBC GAM holdings CSV (rbcgam.com),RBC GAM
RUDB,RBC U.S. Discount Bond ETF,,"CVS Health Corp 1.300% Aug 21, 2027",0.112083,2026-09-18,RBC GAM holdings CSV (rbcgam.com),RBC GAM
RUDB,RBC U.S. Discount Bond ETF,,"Kimco Realty OP LLC 1.900% Mar 01, 2028",0.1108,2026-09-18,RBC GAM holdings CSV (rbcgam.com),RBC GAM
RUDB,RBC U.S. Discount Bond ETF,,"Analog Devices Inc 1.700% Oct 01, 2028",0.108335,2026-09-18,RBC GAM holdings CSV (rbcgam.com),RBC GAM
RUDB,RBC U.S. Discount Bond ETF,,"Ameren Corp 1.950% Mar 15, 2027",0.10287,2026-09-18,RBC GAM holdings CSV (rbcgam.com),RBC GAM
RUDB,RBC U.S. Discount Bond ETF,,"HSBC Holdings PLC 2.251% Nov 22, 2027",0.092188,2026-09-18,RBC GAM holdings CSV (rbcgam.com),RBC GAM
RUDB,RBC U.S. Discount Bond ETF,,"Southern Co 1.750% Mar 15, 2028",0.088235,2026-09-18,RBC GAM holdings CSV (rbcgam.com),RBC GAM
RUDB,RBC U.S. Discount Bond ETF,,"Fidelity National Information Services Inc 1.650% Mar 01, 2028",0.088076,2026-09-18,RBC GAM holdings CSV (rbcgam.com),RBC GAM
RUDB,RBC U.S. Discount Bond ETF,,"Intel Corp 1.600% Aug 12, 2028",0.086853,2026-09-18,RBC GAM holdings CSV (rbcgam.com),RBC GAM
RUDB,RBC U.S. Discount Bond ETF,,"Home Depot Inc 1.500% Sep 15, 2028",0.086816,2026-09-18,RBC GAM holdings CSV (rbcgam.com),RBC GAM
RUDB,RBC U.S. Discount Bond ETF,,"Amazon.com Inc 1.650% May 12, 2028",0.066008,2026-09-18,RBC GAM holdings CSV (rbcgam.com),RBC GAM
RUDB,RBC U.S. Discount Bond ETF,,"WEC Energy Group Inc 1.375% Oct 15, 2027",0.044703,2026-09-18,RBC GAM holdings CSV (rbcgam.com),RBC GAM
RUDB,RBC U.S. Discount Bond ETF,,"Apple Inc 1.200% Feb 08, 2028",0.044173,2026-09-18,RBC GAM holdings CSV (rbcgam.com),RBC GAM
RUDB-U,RBC U.S. Discount Bond ETF (USD Units),,"United States Treasury Note/Bond 0.500% Oct 31, 2027",8.632764,2026-09-18,"RBC GAM holdings CSV (rbcgam.com) — USD class, verified identical to base via Currency options",RBC GAM
RUDB-U,RBC U.S. Discount Bond ETF (USD Units),,"United States Treasury Note/Bond 0.625% May 15, 2030",8.003586,2026-09-18,"RBC GAM holdings CSV (rbcgam.com) — USD class, verified identical to base via Currency options",RBC GAM
RUDB-U,RBC U.S. Discount Bond ETF (USD Units),,"United States Treasury Note/Bond 0.625% Aug 15, 2030",7.921412,2026-09-18,"RBC GAM holdings CSV (rbcgam.com) — USD class, verified identical to base via Currency options",RBC GAM
RUDB-U,RBC U.S. Discount Bond ETF (USD Units),,"United States Treasury Note/Bond 1.250% Apr 30, 2028",7.869795,2026-09-18,"RBC GAM holdings CSV (rbcgam.com) — USD class, verified identical to base via Currency options",RBC GAM
RUDB-U,RBC U.S. Discount Bond ETF (USD Units),,"United States Treasury Note/Bond 0.375% Jul 31, 2027",7.827778,2026-09-18,"RBC GAM holdings CSV (rbcgam.com) — USD class, verified identical to base via Currency options",RBC GAM
RUDB-U,RBC U.S. Discount Bond ETF (USD Units),,"United States Treasury Note/Bond 1.125% Feb 15, 2031",7.218407,2026-09-18,"RBC GAM holdings CSV (rbcgam.com) — USD class, verified identical to base via Currency options",RBC GAM
RUDB-U,RBC U.S. Discount Bond ETF (USD Units),,"United States Treasury Note/Bond 1.625% Aug 15, 2029",6.428194,2026-09-18,"RBC GAM holdings CSV (rbcgam.com) — USD class, verified identical to base via Currency options",RBC GAM
RUDB-U,RBC U.S. Discount Bond ETF (USD Units),,"United States Treasury Note/Bond 0.750% Jan 31, 2028",6.195618,2026-09-18,"RBC GAM holdings CSV (rbcgam.com) — USD class, verified identical to base via Currency options",RBC GAM
RUDB-U,RBC U.S. Discount Bond ETF (USD Units),,"United States Treasury Note/Bond 1.125% Aug 31, 2028",5.834779,2026-09-18,"RBC GAM holdings CSV (rbcgam.com) — USD class, verified identical to base via Currency options",RBC GAM
RUDB-U,RBC U.S. Discount Bond ETF (USD Units),,"United States Treasury Note/Bond 0.875% Nov 15, 2030",5.441327,2026-09-18,"RBC GAM holdings CSV (rbcgam.com) — USD class, verified identical to base via Currency options",RBC GAM
RUDB-U,RBC U.S. Discount Bond ETF (USD Units),,"United States Treasury Note/Bond 1.750% Nov 15, 2029",3.585106,2026-09-18,"RBC GAM holdings CSV (rbcgam.com) — USD class, verified identical to base via Currency options",RBC GAM
RUDB-U,RBC U.S. Discount Bond ETF (USD Units),,"United States Treasury Note/Bond 0.500% May 31, 2027",3.489822,2026-09-18,"RBC GAM holdings CSV (rbcgam.com) — USD class, verified identical to base via Currency options",RBC GAM
RUDB-U,RBC U.S. Discount Bond ETF (USD Units),,"United States Treasury Note/Bond 1.750% Jan 31, 2029",2.80681,2026-09-18,"RBC GAM holdings CSV (rbcgam.com) — USD class, verified identical to base via Currency options",RBC GAM
RUDB-U,RBC U.S. Discount Bond ETF (USD Units),,"United States Treasury Note/Bond 1.375% Oct 31, 2028",2.223484,2026-09-18,"RBC GAM holdings CSV (rbcgam.com) — USD class, verified identical to base via Currency options",RBC GAM
RUDB-U,RBC U.S. Discount Bond ETF (USD Units),,"United States Treasury Note/Bond 1.625% May 15, 2031",2.005685,2026-09-18,"RBC GAM holdings CSV (rbcgam.com) — USD class, verified identical to base via Currency options",RBC GAM
RUDB-U,RBC U.S. Discount Bond ETF (USD Units),,"Bank of America Corp 2.572% Oct 20, 2032",1.224697,2026-09-18,"RBC GAM holdings CSV (rbcgam.com) — USD class, verified identical to base via Currency options",RBC GAM
RUDB-U,RBC U.S. Discount Bond ETF (USD Units),,"Morgan Stanley 1.928% Apr 28, 2032",1.201499,2026-09-18,"RBC GAM holdings CSV (rbcgam.com) — USD class, verified identical to base via Currency options",RBC GAM
RUDB-U,RBC U.S. Discount Bond ETF (USD Units),,"Goldman Sachs Group Inc 2.383% Jul 21, 2032",1.195501,2026-09-18,"RBC GAM holdings CSV (rbcgam.com) — USD class, verified identical to base via Currency options",RBC GAM
RUDB-U,RBC U.S. Discount Bond ETF (USD Units),,"United States Treasury Note/Bond 0.625% Dec 31, 2027",0.880511,2026-09-18,"RBC GAM holdings CSV (rbcgam.com) — USD class, verified identical to base via Currency options",RBC GAM
RUDB-U,RBC U.S. Discount Bond ETF (USD Units),,"NextEra Energy Capital Holdings Inc 2.250% Jun 01, 2030",0.830741,2026-09-18,"RBC GAM holdings CSV (rbcgam.com) — USD class, verified identical to base via Currency options",RBC GAM
RUDB-U,RBC U.S. Discount Bond ETF (USD Units),,"Verizon Communications Inc 1.500% Sep 18, 2030",0.800355,2026-09-18,"RBC GAM holdings CSV (rbcgam.com) — USD class, verified identical to base via Currency options",RBC GAM
RUDB-U,RBC U.S. Discount Bond ETF (USD Units),,"JPMorgan Chase & Co 1.764% Nov 19, 2031",0.798713,2026-09-18,"RBC GAM holdings CSV (rbcgam.com) — USD class, verified identical to base via Currency options",RBC GAM
RUDB-U,RBC U.S. Discount Bond ETF (USD Units),,"T-Mobile USA Inc 2.250% Nov 15, 2031",0.792003,2026-09-18,"RBC GAM holdings CSV (rbcgam.com) — USD class, verified identical to base via Currency options",RBC GAM
RUDB-U,RBC U.S. Discount Bond ETF (USD Units),,"Broadcom Inc 2.450% Feb 15, 2031",0.611261,2026-09-18,"RBC GAM holdings CSV (rbcgam.com) — USD class, verified identical to base via Currency options",RBC GAM
RUDB-U,RBC U.S. Discount Bond ETF (USD Units),,"John Deere Capital Corp 2.000% Jun 17, 2031",0.60031,2026-09-18,"RBC GAM holdings CSV (rbcgam.com) — USD class, verified identical to base via Currency options",RBC GAM
RUDB-U,RBC U.S. Discount Bond ETF (USD Units),,"Mid-America Apartments LP 1.700% Feb 15, 2031",0.595207,2026-09-18,"RBC GAM holdings CSV (rbcgam.com) — USD class, verified identical to base via Currency options",RBC GAM
RUDB-U,RBC U.S. Discount Bond ETF (USD Units),,"PepsiCo Inc 1.950% Oct 21, 2031",0.594584,2026-09-18,"RBC GAM holdings CSV (rbcgam.com) — USD class, verified identical to base via Currency options",RBC GAM
RUDB-U,RBC U.S. Discount Bond ETF (USD Units),,"Prologis LP 1.250% Oct 15, 2030",0.593817,2026-09-18,"RBC GAM holdings CSV (rbcgam.com) — USD class, verified identical to base via Currency options",RBC GAM
RUDB-U,RBC U.S. Discount Bond ETF (USD Units),,"Amazon.com Inc 1.500% Jun 03, 2030",0.40566,2026-09-18,"RBC GAM holdings CSV (rbcgam.com) — USD class, verified identical to base via Currency options",RBC GAM
RUDB-U,RBC U.S. Discount Bond ETF (USD Units),,"AT&T Inc 2.250% Feb 01, 2032",0.392529,2026-09-18,"RBC GAM holdings CSV (rbcgam.com) — USD class, verified identical to base via Currency options",RBC GAM
RUDB-U,RBC U.S. Discount Bond ETF (USD Units),,"Barclays PLC 2.279% Nov 24, 2027",0.265096,2026-09-18,"RBC GAM holdings CSV (rbcgam.com) — USD class, verified identical to base via Currency options",RBC GAM
RUDB-U,RBC U.S. Discount Bond ETF (USD Units),,"Mitsubishi UFJ Financial Group Inc 3.195% Jul 18, 2029",0.230111,2026-09-18,"RBC GAM holdings CSV (rbcgam.com) — USD class, verified identical to base via Currency options",RBC GAM
RUDB-U,RBC U.S. Discount Bond ETF (USD Units),,"NextEra Energy Capital Holdings Inc 1.900% Jun 15, 2028",0.197418,2026-09-18,"RBC GAM holdings CSV (rbcgam.com) — USD class, verified identical to base via Currency options",RBC GAM
RUDB-U,RBC U.S. Discount Bond ETF (USD Units),,"Wells Fargo & Co 2.393% Jun 02, 2028",0.18204,2026-09-18,"RBC GAM holdings CSV (rbcgam.com) — USD class, verified identical to base via Currency options",RBC GAM
RUDB-U,RBC U.S. Discount Bond ETF (USD Units),,"JPMorgan Chase & Co 2.069% Jun 01, 2029",0.176028,2026-09-18,"RBC GAM holdings CSV (rbcgam.com) — USD class, verified identical to base via Currency options",RBC GAM
RUDB-U,RBC U.S. Discount Bond ETF (USD Units),,"Bank of America Corp 2.087% Jun 14, 2029",0.17576,2026-09-18,"RBC GAM holdings CSV (rbcgam.com) — USD class, verified identical to base via Currency options",RBC GAM
RUDB-U,RBC U.S. Discount Bond ETF (USD Units),,"Duke Energy Carolinas LLC 2.450% Aug 15, 2029",0.171885,2026-09-18,"RBC GAM holdings CSV (rbcgam.com) — USD class, verified identical to base via Currency options",RBC GAM
RUDB-U,RBC U.S. Discount Bond ETF (USD Units),,"Truist Financial Corp 1.887% Jun 07, 2029",0.153182,2026-09-18,"RBC GAM holdings CSV (rbcgam.com) — USD class, verified identical to base via Currency options",RBC GAM
RUDB-U,RBC U.S. Discount Bond ETF (USD Units),,"Westpac Banking Corp 1.953% Nov 20, 2028",0.152206,2026-09-18,"RBC GAM holdings CSV (rbcgam.com) — USD class, verified identical to base via Currency options",RBC GAM
RUDB-U,RBC U.S. Discount Bond ETF (USD Units),,"AT&T Inc 1.650% Feb 01, 2028",0.132712,2026-09-18,"RBC GAM holdings CSV (rbcgam.com) — USD class, verified identical to base via Currency options",RBC GAM
RUDB-U,RBC U.S. Discount Bond ETF (USD Units),,"Sumitomo Mitsui Financial Group Inc 2.472% Jan 14, 2029",0.130464,2026-09-18,"RBC GAM holdings CSV (rbcgam.com) — USD class, verified identical to base via Currency options",RBC GAM
RUDB-U,RBC U.S. Discount Bond ETF (USD Units),,"CVS Health Corp 1.300% Aug 21, 2027",0.112083,2026-09-18,"RBC GAM holdings CSV (rbcgam.com) — USD class, verified identical to base via Currency options",RBC GAM
RUDB-U,RBC U.S. Discount Bond ETF (USD Units),,"Kimco Realty OP LLC 1.900% Mar 01, 2028",0.1108,2026-09-18,"RBC GAM holdings CSV (rbcgam.com) — USD class, verified identical to base via Currency options",RBC GAM
RUDB-U,RBC U.S. Discount Bond ETF (USD Units),,"Analog Devices Inc 1.700% Oct 01, 2028",0.108335,2026-09-18,"RBC GAM holdings CSV (rbcgam.com) — USD class, verified identical to base via Currency options",RBC GAM
RUDB-U,RBC U.S. Discount Bond ETF (USD Units),,"Ameren Corp 1.950% Mar 15, 2027",0.10287,2026-09-18,"RBC GAM holdings CSV (rbcgam.com) — USD class, verified identical to base via Currency options",RBC GAM
RUDB-U,RBC U.S. Discount Bond ETF (USD Units),,"HSBC Holdings PLC 2.251% Nov 22, 2027",0.092188,2026-09-18,"RBC GAM holdings CSV (rbcgam.com) — USD class, verified identical to base via Currency options",RBC GAM
RUDB-U,RBC U.S. Discount Bond ETF (USD Units),,"Southern Co 1.750% Mar 15, 2028",0.088235,2026-09-18,"RBC GAM holdings CSV (rbcgam.com) — USD class, verified identical to base via Currency options",RBC GAM
RUDB-U,RBC U.S. Discount Bond ETF (USD Units),,"Fidelity National Information Services Inc 1.650% Mar 01, 2028",0.088076,2026-09-18,"RBC GAM holdings CSV (rbcgam.com) — USD class, verified identical to base via Currency options",RBC GAM
RUDB-U,RBC U.S. Discount Bond ETF (USD Units),,"Intel Corp 1.600% Aug 12, 2028",0.086853,2026-09-18,"RBC GAM holdings CSV (rbcgam.com) — USD class, verified identical to base via Currency options",RBC GAM
RUDB-U,RBC U.S. Discount Bond ETF (USD Units),,"Home Depot Inc 1.500% Sep 15, 2028",0.086816,2026-09-18,"RBC GAM holdings CSV (rbcgam.com) — USD class, verified identical to base via Currency options",RBC GAM
RUDB-U,RBC U.S. Discount Bond ETF (USD Units),,"Amazon.com Inc 1.650% May 12, 2028",0.066008,2026-09-18,"RBC GAM holdings CSV (rbcgam.com) — USD class, verified identical to base via Currency options",RBC GAM
RUDB-U,RBC U.S. Discount Bond ETF (USD Units),,"WEC Energy Group Inc 1.375% Oct 15, 2027",0.044703,2026-09-18,"RBC GAM holdings CSV (rbcgam.com) — USD class, verified identical to base via Currency options",RBC GAM
RUDB-U,RBC U.S. Discount Bond ETF (USD Units),,"Apple Inc 1.200% Feb 08, 2028",0.044173,2026-09-18,"RBC GAM holdings CSV (rbcgam.com) — USD class, verified identical to base via Currency options",RBC GAM
RUDC,RBC U.S. Dividend Covered Call ETF,,Microsoft Corp,4.698271,2026-09-18,RBC GAM holdings CSV (rbcgam.com),RBC GAM
RUDC,RBC U.S. Dividend Covered Call ETF,,Apple Inc,4.578192,2026-09-18,RBC GAM holdings CSV (rbcgam.com),RBC GAM
RUDC,RBC U.S. Dividend Covered Call ETF,,Morgan Stanley,4.187888,2026-09-18,RBC GAM holdings CSV (rbcgam.com),RBC GAM
RUDC,RBC U.S. Dividend Covered Call ETF,,ExxonMobil Holdings Corp,4.059307,2026-09-18,RBC GAM holdings CSV (rbcgam.com),RBC GAM
RUDC,RBC U.S. Dividend Covered Call ETF,,Texas Instruments Inc,3.957385,2026-09-18,RBC GAM holdings CSV (rbcgam.com),RBC GAM
RUDC,RBC U.S. Dividend Covered Call ETF,,Chevron Corp,3.835053,2026-09-18,RBC GAM holdings CSV (rbcgam.com),RBC GAM
RUDC,RBC U.S. Dividend Covered Call ETF,,Philip Morris International Inc,3.767759,2026-09-18,RBC GAM holdings CSV (rbcgam.com),RBC GAM
RUDC,RBC U.S. Dividend Covered Call ETF,,AbbVie Inc,3.755372,2026-09-18,RBC GAM holdings CSV (rbcgam.com),RBC GAM
RUDC,RBC U.S. Dividend Covered Call ETF,,JPMorgan Chase & Co,3.543372,2026-09-18,RBC GAM holdings CSV (rbcgam.com),RBC GAM
RUDC,RBC U.S. Dividend Covered Call ETF,,Johnson & Johnson,3.52204,2026-09-18,RBC GAM holdings CSV (rbcgam.com),RBC GAM
RUDC,RBC U.S. Dividend Covered Call ETF,,Bank of America Corp,3.192283,2026-09-18,RBC GAM holdings CSV (rbcgam.com),RBC GAM
RUDC,RBC U.S. Dividend Covered Call ETF,,iShares U.S. Real Estate ETF,3.188128,2026-09-18,RBC GAM holdings CSV (rbcgam.com),RBC GAM
RUDC,RBC U.S. Dividend Covered Call ETF,,Cisco Systems Inc,3.011595,2026-09-18,RBC GAM holdings CSV (rbcgam.com),RBC GAM
RUDC,RBC U.S. Dividend Covered Call ETF,,RTX Corp,2.730238,2026-09-18,RBC GAM holdings CSV (rbcgam.com),RBC GAM
RUDC,RBC U.S. Dividend Covered Call ETF,,Union Pacific Corp,2.452349,2026-09-18,RBC GAM holdings CSV (rbcgam.com),RBC GAM
RUDC,RBC U.S. Dividend Covered Call ETF,,Broadcom Inc,2.371271,2026-09-18,RBC GAM holdings CSV (rbcgam.com),RBC GAM
RUDC,RBC U.S. Dividend Covered Call ETF,,Goldman Sachs Group Inc,2.252823,2026-09-18,RBC GAM holdings CSV (rbcgam.com),RBC GAM
RUDC,RBC U.S. Dividend Covered Call ETF,,Bank of New York Mellon Corp,2.229181,2026-09-18,RBC GAM holdings CSV (rbcgam.com),RBC GAM
RUDC,RBC U.S. Dividend Covered Call ETF,,American Electric Power Co Inc,2.219751,2026-09-18,RBC GAM holdings CSV (rbcgam.com),RBC GAM
RUDC,RBC U.S. Dividend Covered Call ETF,,AT&T Inc,2.194122,2026-09-18,RBC GAM holdings CSV (rbcgam.com),RBC GAM
RUDC,RBC U.S. Dividend Covered Call ETF,,NextEra Energy Inc,2.15147,2026-09-18,RBC GAM holdings CSV (rbcgam.com),RBC GAM
RUDC,RBC U.S. Dividend Covered Call ETF,,Home Depot Inc,2.090776,2026-09-18,RBC GAM holdings CSV (rbcgam.com),RBC GAM
RUDC,RBC U.S. Dividend Covered Call ETF,,PNC Financial Services Group Inc,2.055067,2026-09-18,RBC GAM holdings CSV (rbcgam.com),RBC GAM
RUDC,RBC U.S. Dividend Covered Call ETF,,UnitedHealth Group Inc,1.945292,2026-09-18,RBC GAM holdings CSV (rbcgam.com),RBC GAM
RUDC,RBC U.S. Dividend Covered Call ETF,,Gilead Sciences Inc,1.844643,2026-09-18,RBC GAM holdings CSV (rbcgam.com),RBC GAM
RUDC,RBC U.S. Dividend Covered Call ETF,,McDonald's Corp,1.843616,2026-09-18,RBC GAM holdings CSV (rbcgam.com),RBC GAM
RUDC,RBC U.S. Dividend Covered Call ETF,,Wells Fargo & Co,1.822073,2026-09-18,RBC GAM holdings CSV (rbcgam.com),RBC GAM
RUDC,RBC U.S. Dividend Covered Call ETF,,Elevance Health Inc,1.818261,2026-09-18,RBC GAM holdings CSV (rbcgam.com),RBC GAM
RUDC,RBC U.S. Dividend Covered Call ETF,,Procter & Gamble Co,1.789125,2026-09-18,RBC GAM holdings CSV (rbcgam.com),RBC GAM
RUDC,RBC U.S. Dividend Covered Call ETF,,ONEOK Inc,1.717401,2026-09-18,RBC GAM holdings CSV (rbcgam.com),RBC GAM
RUDC,RBC U.S. Dividend Covered Call ETF,,Bristol-Myers Squibb Co,1.686736,2026-09-18,RBC GAM holdings CSV (rbcgam.com),RBC GAM
RUDC,RBC U.S. Dividend Covered Call ETF,,Chubb Ltd,1.610513,2026-09-18,RBC GAM holdings CSV (rbcgam.com),RBC GAM
RUDC,RBC U.S. Dividend Covered Call ETF,,Walt Disney Co,1.541998,2026-09-18,RBC GAM holdings CSV (rbcgam.com),RBC GAM
RUDC,RBC U.S. Dividend Covered Call ETF,,Duke Energy Corp,1.507719,2026-09-18,RBC GAM holdings CSV (rbcgam.com),RBC GAM
RUDC,RBC U.S. Dividend Covered Call ETF,,Simon Property Group Inc,1.483604,2026-09-18,RBC GAM holdings CSV (rbcgam.com),RBC GAM
RUDC,RBC U.S. Dividend Covered Call ETF,,Cummins Inc,1.448988,2026-09-18,RBC GAM holdings CSV (rbcgam.com),RBC GAM
RUDC,RBC U.S. Dividend Covered Call ETF,,Pfizer Inc,1.379664,2026-09-18,RBC GAM holdings CSV (rbcgam.com),RBC GAM
RUDC,RBC U.S. Dividend Covered Call ETF,,Caterpillar Inc,1.310003,2026-09-18,RBC GAM holdings CSV (rbcgam.com),RBC GAM
RUDC,RBC U.S. Dividend Covered Call ETF,,Exelon Corp,1.227728,2026-09-18,RBC GAM holdings CSV (rbcgam.com),RBC GAM
RUDC,RBC U.S. Dividend Covered Call ETF,,Johnson Controls International plc,1.125072,2026-09-18,RBC GAM holdings CSV (rbcgam.com),RBC GAM
RUDC,RBC U.S. Dividend Covered Call ETF,,Apollo Global Management Inc,1.097319,2026-09-18,RBC GAM holdings CSV (rbcgam.com),RBC GAM
RUDC,RBC U.S. Dividend Covered Call ETF,,Home Depot Inc Call@360 Oct 16 2026,-0.000469,2026-09-18,RBC GAM holdings CSV (rbcgam.com),RBC GAM
RUDC,RBC U.S. Dividend Covered Call ETF,,McDonald's Corp Call@285 Oct 16 2026,-0.001206,2026-09-18,RBC GAM holdings CSV (rbcgam.com),RBC GAM
RUDC,RBC U.S. Dividend Covered Call ETF,,RTX Corp Call@230 Oct 16 2026,-0.00168,2026-09-18,RBC GAM holdings CSV (rbcgam.com),RBC GAM
RUDC,RBC U.S. Dividend Covered Call ETF,,Union Pacific Corp Call@315 Oct 16 2026,-0.001734,2026-09-18,RBC GAM holdings CSV (rbcgam.com),RBC GAM
RUDC,RBC U.S. Dividend Covered Call ETF,,Goldman Sachs Group Inc Call@1140 Oct 16 2026,-0.002447,2026-09-18,RBC GAM holdings CSV (rbcgam.com),RBC GAM
RUDC,RBC U.S. Dividend Covered Call ETF,,Johnson Controls International plc Call@160 Oct 16 2026,-0.002807,2026-09-18,RBC GAM holdings CSV (rbcgam.com),RBC GAM
RUDC,RBC U.S. Dividend Covered Call ETF,,Duke Energy Corp Call@130 Oct 16 2026,-0.003152,2026-09-18,RBC GAM holdings CSV (rbcgam.com),RBC GAM
RUDC,RBC U.S. Dividend Covered Call ETF,,American Electric Power Co Inc Call@130 Oct 16 2026,-0.003172,2026-09-18,RBC GAM holdings CSV (rbcgam.com),RBC GAM
RUDC,RBC U.S. Dividend Covered Call ETF,,Caterpillar Inc Call@940 Oct 16 2026,-0.003223,2026-09-18,RBC GAM holdings CSV (rbcgam.com),RBC GAM
RUDC,RBC U.S. Dividend Covered Call ETF,,PNC Financial Services Group Inc Call@260 Oct 16 2026,-0.003684,2026-09-18,RBC GAM holdings CSV (rbcgam.com),RBC GAM
RUDC,RBC U.S. Dividend Covered Call ETF,,Bank of America Corp Call@65 Oct 16 2026,-0.003861,2026-09-18,RBC GAM holdings CSV (rbcgam.com),RBC GAM
RUDC,RBC U.S. Dividend Covered Call ETF,,NextEra Energy Inc Call@87.5 Oct 16 2026,-0.004356,2026-09-18,RBC GAM holdings CSV (rbcgam.com),RBC GAM
RUDC,RBC U.S. Dividend Covered Call ETF,,Simon Property Group Inc Call@230 Oct 16 2026,-0.004787,2026-09-18,RBC GAM holdings CSV (rbcgam.com),RBC GAM
RUDC,RBC U.S. Dividend Covered Call ETF,,Morgan Stanley Call@240 Oct 16 2026,-0.006146,2026-09-18,RBC GAM holdings CSV (rbcgam.com),RBC GAM
RUDC,RBC U.S. Dividend Covered Call ETF,,Cisco Systems Inc Call@125 Oct 16 2026,-0.006253,2026-09-18,RBC GAM holdings CSV (rbcgam.com),RBC GAM
RUDC,RBC U.S. Dividend Covered Call ETF,,Procter & Gamble Co Call@155 Oct 16 2026,-0.006595,2026-09-18,RBC GAM holdings CSV (rbcgam.com),RBC GAM
RUDC,RBC U.S. Dividend Covered Call ETF,,Chubb Ltd Call@360 Oct 16 2026,-0.007092,2026-09-18,RBC GAM holdings CSV (rbcgam.com),RBC GAM
RUDC,RBC U.S. Dividend Covered Call ETF,,Bank of New York Mellon Corp Call@170 Oct 16 2026,-0.007446,2026-09-18,RBC GAM holdings CSV (rbcgam.com),RBC GAM
RUDC,RBC U.S. Dividend Covered Call ETF,,Apollo Global Management Inc Call@140 Oct 16 2026,-0.008018,2026-09-18,RBC GAM holdings CSV (rbcgam.com),RBC GAM
RUDC,RBC U.S. Dividend Covered Call ETF,,UnitedHealth Group Inc Call@430 Oct 16 2026,-0.012293,2026-09-18,RBC GAM holdings CSV (rbcgam.com),RBC GAM
RUDC,RBC U.S. Dividend Covered Call ETF,,JPMorgan Chase & Co Call@375 Oct 16 2026,-0.014528,2026-09-18,RBC GAM holdings CSV (rbcgam.com),RBC GAM
RUDC,RBC U.S. Dividend Covered Call ETF,,Texas Instruments Inc Call@300 Oct 16 2026,-0.023179,2026-09-18,RBC GAM holdings CSV (rbcgam.com),RBC GAM
RUDC,RBC U.S. Dividend Covered Call ETF,,iShares U.S. Real Estate ETF Call@108 Oct 16 2026,-0.023974,2026-09-18,RBC GAM holdings CSV (rbcgam.com),RBC GAM
RUDC,RBC U.S. Dividend Covered Call ETF,,Philip Morris International Inc Call@200 Oct 16 2026,-0.026102,2026-09-18,RBC GAM holdings CSV (rbcgam.com),RBC GAM
RUDC,RBC U.S. Dividend Covered Call ETF,,AbbVie Inc Call@270 Oct 16 2026,-0.065245,2026-09-18,RBC GAM holdings CSV (rbcgam.com),RBC GAM
RUDC-U,RBC U.S. Dividend Covered Call ETF (USD Units),,Microsoft Corp,4.698271,2026-09-18,"RBC GAM holdings CSV (rbcgam.com) — USD class, verified identical to base via Currency options",RBC GAM
RUDC-U,RBC U.S. Dividend Covered Call ETF (USD Units),,Apple Inc,4.578192,2026-09-18,"RBC GAM holdings CSV (rbcgam.com) — USD class, verified identical to base via Currency options",RBC GAM
RUDC-U,RBC U.S. Dividend Covered Call ETF (USD Units),,Morgan Stanley,4.187888,2026-09-18,"RBC GAM holdings CSV (rbcgam.com) — USD class, verified identical to base via Currency options",RBC GAM
RUDC-U,RBC U.S. Dividend Covered Call ETF (USD Units),,ExxonMobil Holdings Corp,4.059307,2026-09-18,"RBC GAM holdings CSV (rbcgam.com) — USD class, verified identical to base via Currency options",RBC GAM
RUDC-U,RBC U.S. Dividend Covered Call ETF (USD Units),,Texas Instruments Inc,3.957385,2026-09-18,"RBC GAM holdings CSV (rbcgam.com) — USD class, verified identical to base via Currency options",RBC GAM
RUDC-U,RBC U.S. Dividend Covered Call ETF (USD Units),,Chevron Corp,3.835053,2026-09-18,"RBC GAM holdings CSV (rbcgam.com) — USD class, verified identical to base via Currency options",RBC GAM
RUDC-U,RBC U.S. Dividend Covered Call ETF (USD Units),,Philip Morris International Inc,3.767759,2026-09-18,"RBC GAM holdings CSV (rbcgam.com) — USD class, verified identical to base via Currency options",RBC GAM
RUDC-U,RBC U.S. Dividend Covered Call ETF (USD Units),,AbbVie Inc,3.755372,2026-09-18,"RBC GAM holdings CSV (rbcgam.com) — USD class, verified identical to base via Currency options",RBC GAM
RUDC-U,RBC U.S. Dividend Covered Call ETF (USD Units),,JPMorgan Chase & Co,3.543372,2026-09-18,"RBC GAM holdings CSV (rbcgam.com) — USD class, verified identical to base via Currency options",RBC GAM
RUDC-U,RBC U.S. Dividend Covered Call ETF (USD Units),,Johnson & Johnson,3.52204,2026-09-18,"RBC GAM holdings CSV (rbcgam.com) — USD class, verified identical to base via Currency options",RBC GAM
RUDC-U,RBC U.S. Dividend Covered Call ETF (USD Units),,Bank of America Corp,3.192283,2026-09-18,"RBC GAM holdings CSV (rbcgam.com) — USD class, verified identical to base via Currency options",RBC GAM
RUDC-U,RBC U.S. Dividend Covered Call ETF (USD Units),,iShares U.S. Real Estate ETF,3.188128,2026-09-18,"RBC GAM holdings CSV (rbcgam.com) — USD class, verified identical to base via Currency options",RBC GAM
RUDC-U,RBC U.S. Dividend Covered Call ETF (USD Units),,Cisco Systems Inc,3.011595,2026-09-18,"RBC GAM holdings CSV (rbcgam.com) — USD class, verified identical to base via Currency options",RBC GAM
RUDC-U,RBC U.S. Dividend Covered Call ETF (USD Units),,RTX Corp,2.730238,2026-09-18,"RBC GAM holdings CSV (rbcgam.com) — USD class, verified identical to base via Currency options",RBC GAM
RUDC-U,RBC U.S. Dividend Covered Call ETF (USD Units),,Union Pacific Corp,2.452349,2026-09-18,"RBC GAM holdings CSV (rbcgam.com) — USD class, verified identical to base via Currency options",RBC GAM
RUDC-U,RBC U.S. Dividend Covered Call ETF (USD Units),,Broadcom Inc,2.371271,2026-09-18,"RBC GAM holdings CSV (rbcgam.com) — USD class, verified identical to base via Currency options",RBC GAM
RUDC-U,RBC U.S. Dividend Covered Call ETF (USD Units),,Goldman Sachs Group Inc,2.252823,2026-09-18,"RBC GAM holdings CSV (rbcgam.com) — USD class, verified identical to base via Currency options",RBC GAM
RUDC-U,RBC U.S. Dividend Covered Call ETF (USD Units),,Bank of New York Mellon Corp,2.229181,2026-09-18,"RBC GAM holdings CSV (rbcgam.com) — USD class, verified identical to base via Currency options",RBC GAM
RUDC-U,RBC U.S. Dividend Covered Call ETF (USD Units),,American Electric Power Co Inc,2.219751,2026-09-18,"RBC GAM holdings CSV (rbcgam.com) — USD class, verified identical to base via Currency options",RBC GAM
RUDC-U,RBC U.S. Dividend Covered Call ETF (USD Units),,AT&T Inc,2.194122,2026-09-18,"RBC GAM holdings CSV (rbcgam.com) — USD class, verified identical to base via Currency options",RBC GAM
RUDC-U,RBC U.S. Dividend Covered Call ETF (USD Units),,NextEra Energy Inc,2.15147,2026-09-18,"RBC GAM holdings CSV (rbcgam.com) — USD class, verified identical to base via Currency options",RBC GAM
RUDC-U,RBC U.S. Dividend Covered Call ETF (USD Units),,Home Depot Inc,2.090776,2026-09-18,"RBC GAM holdings CSV (rbcgam.com) — USD class, verified identical to base via Currency options",RBC GAM
RUDC-U,RBC U.S. Dividend Covered Call ETF (USD Units),,PNC Financial Services Group Inc,2.055067,2026-09-18,"RBC GAM holdings CSV (rbcgam.com) — USD class, verified identical to base via Currency options",RBC GAM
RUDC-U,RBC U.S. Dividend Covered Call ETF (USD Units),,UnitedHealth Group Inc,1.945292,2026-09-18,"RBC GAM holdings CSV (rbcgam.com) — USD class, verified identical to base via Currency options",RBC GAM
RUDC-U,RBC U.S. Dividend Covered Call ETF (USD Units),,Gilead Sciences Inc,1.844643,2026-09-18,"RBC GAM holdings CSV (rbcgam.com) — USD class, verified identical to base via Currency options",RBC GAM
RUDC-U,RBC U.S. Dividend Covered Call ETF (USD Units),,McDonald's Corp,1.843616,2026-09-18,"RBC GAM holdings CSV (rbcgam.com) — USD class, verified identical to base via Currency options",RBC GAM
RUDC-U,RBC U.S. Dividend Covered Call ETF (USD Units),,Wells Fargo & Co,1.822073,2026-09-18,"RBC GAM holdings CSV (rbcgam.com) — USD class, verified identical to base via Currency options",RBC GAM
RUDC-U,RBC U.S. Dividend Covered Call ETF (USD Units),,Elevance Health Inc,1.818261,2026-09-18,"RBC GAM holdings CSV (rbcgam.com) — USD class, verified identical to base via Currency options",RBC GAM
RUDC-U,RBC U.S. Dividend Covered Call ETF (USD Units),,Procter & Gamble Co,1.789125,2026-09-18,"RBC GAM holdings CSV (rbcgam.com) — USD class, verified identical to base via Currency options",RBC GAM
RUDC-U,RBC U.S. Dividend Covered Call ETF (USD Units),,ONEOK Inc,1.717401,2026-09-18,"RBC GAM holdings CSV (rbcgam.com) — USD class, verified identical to base via Currency options",RBC GAM
RUDC-U,RBC U.S. Dividend Covered Call ETF (USD Units),,Bristol-Myers Squibb Co,1.686736,2026-09-18,"RBC GAM holdings CSV (rbcgam.com) — USD class, verified identical to base via Currency options",RBC GAM
RUDC-U,RBC U.S. Dividend Covered Call ETF (USD Units),,Chubb Ltd,1.610513,2026-09-18,"RBC GAM holdings CSV (rbcgam.com) — USD class, verified identical to base via Currency options",RBC GAM
RUDC-U,RBC U.S. Dividend Covered Call ETF (USD Units),,Walt Disney Co,1.541998,2026-09-18,"RBC GAM holdings CSV (rbcgam.com) — USD class, verified identical to base via Currency options",RBC GAM
RUDC-U,RBC U.S. Dividend Covered Call ETF (USD Units),,Duke Energy Corp,1.507719,2026-09-18,"RBC GAM holdings CSV (rbcgam.com) — USD class, verified identical to base via Currency options",RBC GAM
RUDC-U,RBC U.S. Dividend Covered Call ETF (USD Units),,Simon Property Group Inc,1.483604,2026-09-18,"RBC GAM holdings CSV (rbcgam.com) — USD class, verified identical to base via Currency options",RBC GAM
RUDC-U,RBC U.S. Dividend Covered Call ETF (USD Units),,Cummins Inc,1.448988,2026-09-18,"RBC GAM holdings CSV (rbcgam.com) — USD class, verified identical to base via Currency options",RBC GAM
RUDC-U,RBC U.S. Dividend Covered Call ETF (USD Units),,Pfizer Inc,1.379664,2026-09-18,"RBC GAM holdings CSV (rbcgam.com) — USD class, verified identical to base via Currency options",RBC GAM
RUDC-U,RBC U.S. Dividend Covered Call ETF (USD Units),,Caterpillar Inc,1.310003,2026-09-18,"RBC GAM holdings CSV (rbcgam.com) — USD class, verified identical to base via Currency options",RBC GAM
RUDC-U,RBC U.S. Dividend Covered Call ETF (USD Units),,Exelon Corp,1.227728,2026-09-18,"RBC GAM holdings CSV (rbcgam.com) — USD class, verified identical to base via Currency options",RBC GAM
RUDC-U,RBC U.S. Dividend Covered Call ETF (USD Units),,Johnson Controls International plc,1.125072,2026-09-18,"RBC GAM holdings CSV (rbcgam.com) — USD class, verified identical to base via Currency options",RBC GAM
RUDC-U,RBC U.S. Dividend Covered Call ETF (USD Units),,Apollo Global Management Inc,1.097319,2026-09-18,"RBC GAM holdings CSV (rbcgam.com) — USD class, verified identical to base via Currency options",RBC GAM
RUDC-U,RBC U.S. Dividend Covered Call ETF (USD Units),,Home Depot Inc Call@360 Oct 16 2026,-0.000469,2026-09-18,"RBC GAM holdings CSV (rbcgam.com) — USD class, verified identical to base via Currency options",RBC GAM
RUDC-U,RBC U.S. Dividend Covered Call ETF (USD Units),,McDonald's Corp Call@285 Oct 16 2026,-0.001206,2026-09-18,"RBC GAM holdings CSV (rbcgam.com) — USD class, verified identical to base via Currency options",RBC GAM
RUDC-U,RBC U.S. Dividend Covered Call ETF (USD Units),,RTX Corp Call@230 Oct 16 2026,-0.00168,2026-09-18,"RBC GAM holdings CSV (rbcgam.com) — USD class, verified identical to base via Currency options",RBC GAM
RUDC-U,RBC U.S. Dividend Covered Call ETF (USD Units),,Union Pacific Corp Call@315 Oct 16 2026,-0.001734,2026-09-18,"RBC GAM holdings CSV (rbcgam.com) — USD class, verified identical to base via Currency options",RBC GAM
RUDC-U,RBC U.S. Dividend Covered Call ETF (USD Units),,Goldman Sachs Group Inc Call@1140 Oct 16 2026,-0.002447,2026-09-18,"RBC GAM holdings CSV (rbcgam.com) — USD class, verified identical to base via Currency options",RBC GAM
RUDC-U,RBC U.S. Dividend Covered Call ETF (USD Units),,Johnson Controls International plc Call@160 Oct 16 2026,-0.002807,2026-09-18,"RBC GAM holdings CSV (rbcgam.com) — USD class, verified identical to base via Currency options",RBC GAM
RUDC-U,RBC U.S. Dividend Covered Call ETF (USD Units),,Duke Energy Corp Call@130 Oct 16 2026,-0.003152,2026-09-18,"RBC GAM holdings CSV (rbcgam.com) — USD class, verified identical to base via Currency options",RBC GAM
RUDC-U,RBC U.S. Dividend Covered Call ETF (USD Units),,American Electric Power Co Inc Call@130 Oct 16 2026,-0.003172,2026-09-18,"RBC GAM holdings CSV (rbcgam.com) — USD class, verified identical to base via Currency options",RBC GAM
RUDC-U,RBC U.S. Dividend Covered Call ETF (USD Units),,Caterpillar Inc Call@940 Oct 16 2026,-0.003223,2026-09-18,"RBC GAM holdings CSV (rbcgam.com) — USD class, verified identical to base via Currency options",RBC GAM
RUDC-U,RBC U.S. Dividend Covered Call ETF (USD Units),,PNC Financial Services Group Inc Call@260 Oct 16 2026,-0.003684,2026-09-18,"RBC GAM holdings CSV (rbcgam.com) — USD class, verified identical to base via Currency options",RBC GAM
RUDC-U,RBC U.S. Dividend Covered Call ETF (USD Units),,Bank of America Corp Call@65 Oct 16 2026,-0.003861,2026-09-18,"RBC GAM holdings CSV (rbcgam.com) — USD class, verified identical to base via Currency options",RBC GAM
RUDC-U,RBC U.S. Dividend Covered Call ETF (USD Units),,NextEra Energy Inc Call@87.5 Oct 16 2026,-0.004356,2026-09-18,"RBC GAM holdings CSV (rbcgam.com) — USD class, verified identical to base via Currency options",RBC GAM
RUDC-U,RBC U.S. Dividend Covered Call ETF (USD Units),,Simon Property Group Inc Call@230 Oct 16 2026,-0.004787,2026-09-18,"RBC GAM holdings CSV (rbcgam.com) — USD class, verified identical to base via Currency options",RBC GAM
RUDC-U,RBC U.S. Dividend Covered Call ETF (USD Units),,Morgan Stanley Call@240 Oct 16 2026,-0.006146,2026-09-18,"RBC GAM holdings CSV (rbcgam.com) — USD class, verified identical to base via Currency options",RBC GAM
RUDC-U,RBC U.S. Dividend Covered Call ETF (USD Units),,Cisco Systems Inc Call@125 Oct 16 2026,-0.006253,2026-09-18,"RBC GAM holdings CSV (rbcgam.com) — USD class, verified identical to base via Currency options",RBC GAM
RUDC-U,RBC U.S. Dividend Covered Call ETF (USD Units),,Procter & Gamble Co Call@155 Oct 16 2026,-0.006595,2026-09-18,"RBC GAM holdings CSV (rbcgam.com) — USD class, verified identical to base via Currency options",RBC GAM
RUDC-U,RBC U.S. Dividend Covered Call ETF (USD Units),,Chubb Ltd Call@360 Oct 16 2026,-0.007092,2026-09-18,"RBC GAM holdings CSV (rbcgam.com) — USD class, verified identical to base via Currency options",RBC GAM
RUDC-U,RBC U.S. Dividend Covered Call ETF (USD Units),,Bank of New York Mellon Corp Call@170 Oct 16 2026,-0.007446,2026-09-18,"RBC GAM holdings CSV (rbcgam.com) — USD class, verified identical to base via Currency options",RBC GAM
RUDC-U,RBC U.S. Dividend Covered Call ETF (USD Units),,Apollo Global Management Inc Call@140 Oct 16 2026,-0.008018,2026-09-18,"RBC GAM holdings CSV (rbcgam.com) — USD class, verified identical to base via Currency options",RBC GAM
RUDC-U,RBC U.S. Dividend Covered Call ETF (USD Units),,UnitedHealth Group Inc Call@430 Oct 16 2026,-0.012293,2026-09-18,"RBC GAM holdings CSV (rbcgam.com) — USD class, verified identical to base via Currency options",RBC GAM
RUDC-U,RBC U.S. Dividend Covered Call ETF (USD Units),,JPMorgan Chase & Co Call@375 Oct 16 2026,-0.014528,2026-09-18,"RBC GAM holdings CSV (rbcgam.com) — USD class, verified identical to base via Currency options",RBC GAM
RUDC-U,RBC U.S. Dividend Covered Call ETF (USD Units),,Texas Instruments Inc Call@300 Oct 16 2026,-0.023179,2026-09-18,"RBC GAM holdings CSV (rbcgam.com) — USD class, verified identical to base via Currency options",RBC GAM
RUDC-U,RBC U.S. Dividend Covered Call ETF (USD Units),,iShares U.S. Real Estate ETF Call@108 Oct 16 2026,-0.023974,2026-09-18,"RBC GAM holdings CSV (rbcgam.com) — USD class, verified identical to base via Currency options",RBC GAM
RUDC-U,RBC U.S. Dividend Covered Call ETF (USD Units),,Philip Morris International Inc Call@200 Oct 16 2026,-0.026102,2026-09-18,"RBC GAM holdings CSV (rbcgam.com) — USD class, verified identical to base via Currency options",RBC GAM
RUDC-U,RBC U.S. Dividend Covered Call ETF (USD Units),,AbbVie Inc Call@270 Oct 16 2026,-0.065245,2026-09-18,"RBC GAM holdings CSV (rbcgam.com) — USD class, verified identical to base via Currency options",RBC GAM
RUDH,RBC Quant U.S. Dividend Leaders (CAD Hedged) ETF,,NVIDIA Corp,9.214749,2026-09-18,RBC GAM holdings CSV (rbcgam.com),RBC GAM
RUDH,RBC Quant U.S. Dividend Leaders (CAD Hedged) ETF,,Apple Inc,8.355575,2026-09-18,RBC GAM holdings CSV (rbcgam.com),RBC GAM
RUDH,RBC Quant U.S. Dividend Leaders (CAD Hedged) ETF,,Alphabet Inc - Class C Shares,5.500888,2026-09-18,RBC GAM holdings CSV (rbcgam.com),RBC GAM
RUDH,RBC Quant U.S. Dividend Leaders (CAD Hedged) ETF,,Microsoft Corp,4.355051,2026-09-18,RBC GAM holdings CSV (rbcgam.com),RBC GAM
RUDH,RBC Quant U.S. Dividend Leaders (CAD Hedged) ETF,,Ameriprise Financial Inc,2.975572,2026-09-18,RBC GAM holdings CSV (rbcgam.com),RBC GAM
RUDH,RBC Quant U.S. Dividend Leaders (CAD Hedged) ETF,,Colgate-Palmolive Co,2.971493,2026-09-18,RBC GAM holdings CSV (rbcgam.com),RBC GAM
RUDH,RBC Quant U.S. Dividend Leaders (CAD Hedged) ETF,,Eli Lilly & Co,2.962015,2026-09-18,RBC GAM holdings CSV (rbcgam.com),RBC GAM
RUDH,RBC Quant U.S. Dividend Leaders (CAD Hedged) ETF,,Micron Technology Inc,2.609148,2026-09-18,RBC GAM holdings CSV (rbcgam.com),RBC GAM
RUDH,RBC Quant U.S. Dividend Leaders (CAD Hedged) ETF,,Bristol-Myers Squibb Co,2.373026,2026-09-18,RBC GAM holdings CSV (rbcgam.com),RBC GAM
RUDH,RBC Quant U.S. Dividend Leaders (CAD Hedged) ETF,,Mastercard Inc - Class A Shares,2.292618,2026-09-18,RBC GAM holdings CSV (rbcgam.com),RBC GAM
RUDH,RBC Quant U.S. Dividend Leaders (CAD Hedged) ETF,,GE Vernova Inc,1.960588,2026-09-18,RBC GAM holdings CSV (rbcgam.com),RBC GAM
RUDH,RBC Quant U.S. Dividend Leaders (CAD Hedged) ETF,,Lockheed Martin Corp,1.940826,2026-09-18,RBC GAM holdings CSV (rbcgam.com),RBC GAM
RUDH,RBC Quant U.S. Dividend Leaders (CAD Hedged) ETF,,Meta Platforms Inc - Class A Shares,1.851924,2026-09-18,RBC GAM holdings CSV (rbcgam.com),RBC GAM
RUDH,RBC Quant U.S. Dividend Leaders (CAD Hedged) ETF,,3M Co,1.587094,2026-09-18,RBC GAM holdings CSV (rbcgam.com),RBC GAM
RUDH,RBC Quant U.S. Dividend Leaders (CAD Hedged) ETF,,Broadcom Inc,1.504921,2026-09-18,RBC GAM holdings CSV (rbcgam.com),RBC GAM
RUDH,RBC Quant U.S. Dividend Leaders (CAD Hedged) ETF,,Comcast Corp - Class A Shares,1.457977,2026-09-18,RBC GAM holdings CSV (rbcgam.com),RBC GAM
RUDH,RBC Quant U.S. Dividend Leaders (CAD Hedged) ETF,,American Tower Corp,1.407734,2026-09-18,RBC GAM holdings CSV (rbcgam.com),RBC GAM
RUDH,RBC Quant U.S. Dividend Leaders (CAD Hedged) ETF,,OGE Energy Corp,1.396446,2026-09-18,RBC GAM holdings CSV (rbcgam.com),RBC GAM
RUDH,RBC Quant U.S. Dividend Leaders (CAD Hedged) ETF,,Kroger Co,1.390486,2026-09-18,RBC GAM holdings CSV (rbcgam.com),RBC GAM
RUDH,RBC Quant U.S. Dividend Leaders (CAD Hedged) ETF,,Eversource Energy,1.36834,2026-09-18,RBC GAM holdings CSV (rbcgam.com),RBC GAM
RUDH,RBC Quant U.S. Dividend Leaders (CAD Hedged) ETF,,Illinois Tool Works Inc,1.353931,2026-09-18,RBC GAM holdings CSV (rbcgam.com),RBC GAM
RUDH,RBC Quant U.S. Dividend Leaders (CAD Hedged) ETF,,Comfort Systems USA Inc,1.28564,2026-09-18,RBC GAM holdings CSV (rbcgam.com),RBC GAM
RUDH,RBC Quant U.S. Dividend Leaders (CAD Hedged) ETF,,Chevron Corp,1.256909,2026-09-18,RBC GAM holdings CSV (rbcgam.com),RBC GAM
RUDH,RBC Quant U.S. Dividend Leaders (CAD Hedged) ETF,,Tapestry Inc,1.196961,2026-09-18,RBC GAM holdings CSV (rbcgam.com),RBC GAM
RUDH,RBC Quant U.S. Dividend Leaders (CAD Hedged) ETF,,JPMorgan Chase & Co,1.188272,2026-09-18,RBC GAM holdings CSV (rbcgam.com),RBC GAM
RUDH,RBC Quant U.S. Dividend Leaders (CAD Hedged) ETF,,Lam Research Corp,1.177966,2026-09-18,RBC GAM holdings CSV (rbcgam.com),RBC GAM
RUDH,RBC Quant U.S. Dividend Leaders (CAD Hedged) ETF,,International Seaways Inc,1.160064,2026-09-18,RBC GAM holdings CSV (rbcgam.com),RBC GAM
RUDH,RBC Quant U.S. Dividend Leaders (CAD Hedged) ETF,,APA Corp,1.066322,2026-09-18,RBC GAM holdings CSV (rbcgam.com),RBC GAM
RUDH,RBC Quant U.S. Dividend Leaders (CAD Hedged) ETF,,Expedia Group Inc,1.036159,2026-09-18,RBC GAM holdings CSV (rbcgam.com),RBC GAM
RUDH,RBC Quant U.S. Dividend Leaders (CAD Hedged) ETF,,NetApp Inc,1.028142,2026-09-18,RBC GAM holdings CSV (rbcgam.com),RBC GAM
RUDH,RBC Quant U.S. Dividend Leaders (CAD Hedged) ETF,,Hasbro Inc,0.989715,2026-09-18,RBC GAM holdings CSV (rbcgam.com),RBC GAM
RUDH,RBC Quant U.S. Dividend Leaders (CAD Hedged) ETF,,Gilead Sciences Inc,0.967811,2026-09-18,RBC GAM holdings CSV (rbcgam.com),RBC GAM
RUDH,RBC Quant U.S. Dividend Leaders (CAD Hedged) ETF,,Automatic Data Processing Inc,0.967602,2026-09-18,RBC GAM holdings CSV (rbcgam.com),RBC GAM
RUDH,RBC Quant U.S. Dividend Leaders (CAD Hedged) ETF,,Moody's Corp,0.936136,2026-09-18,RBC GAM holdings CSV (rbcgam.com),RBC GAM
RUDH,RBC Quant U.S. Dividend Leaders (CAD Hedged) ETF,,Pegasystems Inc,0.922952,2026-09-18,RBC GAM holdings CSV (rbcgam.com),RBC GAM
RUDH,RBC Quant U.S. Dividend Leaders (CAD Hedged) ETF,,Las Vegas Sands Corp,0.813662,2026-09-18,RBC GAM holdings CSV (rbcgam.com),RBC GAM
RUDH,RBC Quant U.S. Dividend Leaders (CAD Hedged) ETF,,UnitedHealth Group Inc,0.766759,2026-09-18,RBC GAM holdings CSV (rbcgam.com),RBC GAM
RUDH,RBC Quant U.S. Dividend Leaders (CAD Hedged) ETF,,Texas Instruments Inc,0.750183,2026-09-18,RBC GAM holdings CSV (rbcgam.com),RBC GAM
RUDH,RBC Quant U.S. Dividend Leaders (CAD Hedged) ETF,,Booking Holdings Inc,0.740331,2026-09-18,RBC GAM holdings CSV (rbcgam.com),RBC GAM
RUDH,RBC Quant U.S. Dividend Leaders (CAD Hedged) ETF,,VeriSign Inc,0.724862,2026-09-18,RBC GAM holdings CSV (rbcgam.com),RBC GAM
RUDH,RBC Quant U.S. Dividend Leaders (CAD Hedged) ETF,,EOG Resources Inc,0.720007,2026-09-18,RBC GAM holdings CSV (rbcgam.com),RBC GAM
RUDH,RBC Quant U.S. Dividend Leaders (CAD Hedged) ETF,,KLA Corp,0.693599,2026-09-18,RBC GAM holdings CSV (rbcgam.com),RBC GAM
RUDH,RBC Quant U.S. Dividend Leaders (CAD Hedged) ETF,,Nucor Corp,0.683653,2026-09-18,RBC GAM holdings CSV (rbcgam.com),RBC GAM
RUDH,RBC Quant U.S. Dividend Leaders (CAD Hedged) ETF,,Elevance Health Inc,0.672585,2026-09-18,RBC GAM holdings CSV (rbcgam.com),RBC GAM
RUDH,RBC Quant U.S. Dividend Leaders (CAD Hedged) ETF,,General Motors Co,0.616355,2026-09-18,RBC GAM holdings CSV (rbcgam.com),RBC GAM
RUDH,RBC Quant U.S. Dividend Leaders (CAD Hedged) ETF,,Murphy USA Inc,0.60043,2026-09-18,RBC GAM holdings CSV (rbcgam.com),RBC GAM
RUDH,RBC Quant U.S. Dividend Leaders (CAD Hedged) ETF,,US Bancorp,0.579034,2026-09-18,RBC GAM holdings CSV (rbcgam.com),RBC GAM
RUDH,RBC Quant U.S. Dividend Leaders (CAD Hedged) ETF,,Artisan Partners Asset Management Inc - Class A Shares,0.578139,2026-09-18,RBC GAM holdings CSV (rbcgam.com),RBC GAM
RUDH,RBC Quant U.S. Dividend Leaders (CAD Hedged) ETF,,Seagate Technology Holdings PLC,0.574152,2026-09-18,RBC GAM holdings CSV (rbcgam.com),RBC GAM
RUDH,RBC Quant U.S. Dividend Leaders (CAD Hedged) ETF,,Expeditors International of Washington Inc,0.523143,2026-09-18,RBC GAM holdings CSV (rbcgam.com),RBC GAM
RUDH,RBC Quant U.S. Dividend Leaders (CAD Hedged) ETF,,Cummins Inc,0.510159,2026-09-18,RBC GAM holdings CSV (rbcgam.com),RBC GAM
RUDH,RBC Quant U.S. Dividend Leaders (CAD Hedged) ETF,,Citigroup Inc,0.497694,2026-09-18,RBC GAM holdings CSV (rbcgam.com),RBC GAM
RUDH,RBC Quant U.S. Dividend Leaders (CAD Hedged) ETF,,Merck & Co Inc,0.479612,2026-09-18,RBC GAM holdings CSV (rbcgam.com),RBC GAM
RUDH,RBC Quant U.S. Dividend Leaders (CAD Hedged) ETF,,Old Republic International Corp,0.414157,2026-09-18,RBC GAM holdings CSV (rbcgam.com),RBC GAM
RUDH,RBC Quant U.S. Dividend Leaders (CAD Hedged) ETF,,Ford Motor Co,0.408426,2026-09-18,RBC GAM holdings CSV (rbcgam.com),RBC GAM
RUDH,RBC Quant U.S. Dividend Leaders (CAD Hedged) ETF,,RingCentral Inc - Class A Shares,0.391606,2026-09-18,RBC GAM holdings CSV (rbcgam.com),RBC GAM
RUDH,RBC Quant U.S. Dividend Leaders (CAD Hedged) ETF,,Clear Secure Inc - Class A Shares,0.358226,2026-09-18,RBC GAM holdings CSV (rbcgam.com),RBC GAM
RUDH,RBC Quant U.S. Dividend Leaders (CAD Hedged) ETF,,Vertiv Holdings Co - Class A Shares,0.357742,2026-09-18,RBC GAM holdings CSV (rbcgam.com),RBC GAM
RUDH,RBC Quant U.S. Dividend Leaders (CAD Hedged) ETF,,QUALCOMM Inc,0.352481,2026-09-18,RBC GAM holdings CSV (rbcgam.com),RBC GAM
RUDH,RBC Quant U.S. Dividend Leaders (CAD Hedged) ETF,,Antero Midstream Corp,0.344619,2026-09-18,RBC GAM holdings CSV (rbcgam.com),RBC GAM
RUDH,RBC Quant U.S. Dividend Leaders (CAD Hedged) ETF,,ADT Inc,0.341463,2026-09-18,RBC GAM holdings CSV (rbcgam.com),RBC GAM
RUDH,RBC Quant U.S. Dividend Leaders (CAD Hedged) ETF,,Sherwin-Williams Co,0.338119,2026-09-18,RBC GAM holdings CSV (rbcgam.com),RBC GAM
RUDH,RBC Quant U.S. Dividend Leaders (CAD Hedged) ETF,,Argan Inc,0.331568,2026-09-18,RBC GAM holdings CSV (rbcgam.com),RBC GAM
RUDH,RBC Quant U.S. Dividend Leaders (CAD Hedged) ETF,,Lear Corp,0.313134,2026-09-18,RBC GAM holdings CSV (rbcgam.com),RBC GAM
RUDH,RBC Quant U.S. Dividend Leaders (CAD Hedged) ETF,,Bath & Body Works Inc,0.31206,2026-09-18,RBC GAM holdings CSV (rbcgam.com),RBC GAM
RUDH,RBC Quant U.S. Dividend Leaders (CAD Hedged) ETF,,Lincoln National Corp,0.303621,2026-09-18,RBC GAM holdings CSV (rbcgam.com),RBC GAM
RUDH,RBC Quant U.S. Dividend Leaders (CAD Hedged) ETF,,PPG Industries Inc,0.300079,2026-09-18,RBC GAM holdings CSV (rbcgam.com),RBC GAM
RUDH,RBC Quant U.S. Dividend Leaders (CAD Hedged) ETF,,Target Corp,0.297688,2026-09-18,RBC GAM holdings CSV (rbcgam.com),RBC GAM
RUDH,RBC Quant U.S. Dividend Leaders (CAD Hedged) ETF,,United Parcel Service Inc - Class B Shares,0.294994,2026-09-18,RBC GAM holdings CSV (rbcgam.com),RBC GAM
RUDH,RBC Quant U.S. Dividend Leaders (CAD Hedged) ETF,,Pitney Bowes Inc,0.281474,2026-09-18,RBC GAM holdings CSV (rbcgam.com),RBC GAM
RUDH,RBC Quant U.S. Dividend Leaders (CAD Hedged) ETF,,Toro Co,0.273403,2026-09-18,RBC GAM holdings CSV (rbcgam.com),RBC GAM
RUDH,RBC Quant U.S. Dividend Leaders (CAD Hedged) ETF,,Dorian LPG Ltd,0.257614,2026-09-18,RBC GAM holdings CSV (rbcgam.com),RBC GAM
RUDH,RBC Quant U.S. Dividend Leaders (CAD Hedged) ETF,,Carter's Inc,0.256397,2026-09-18,RBC GAM holdings CSV (rbcgam.com),RBC GAM
RUDH,RBC Quant U.S. Dividend Leaders (CAD Hedged) ETF,,Coca-Cola Co,0.254762,2026-09-18,RBC GAM holdings CSV (rbcgam.com),RBC GAM
RUDH,RBC Quant U.S. Dividend Leaders (CAD Hedged) ETF,,Macy's Inc,0.254367,2026-09-18,RBC GAM holdings CSV (rbcgam.com),RBC GAM
RUDH,RBC Quant U.S. Dividend Leaders (CAD Hedged) ETF,,Best Buy Co Inc,0.237075,2026-09-18,RBC GAM holdings CSV (rbcgam.com),RBC GAM
RUDH,RBC Quant U.S. Dividend Leaders (CAD Hedged) ETF,,Vistra Corp,0.234306,2026-09-18,RBC GAM holdings CSV (rbcgam.com),RBC GAM
RUDH,RBC Quant U.S. Dividend Leaders (CAD Hedged) ETF,,Home Depot Inc,0.231962,2026-09-18,RBC GAM holdings CSV (rbcgam.com),RBC GAM
RUDH,RBC Quant U.S. Dividend Leaders (CAD Hedged) ETF,,eBay Inc,0.222454,2026-09-18,RBC GAM holdings CSV (rbcgam.com),RBC GAM
RUDH,RBC Quant U.S. Dividend Leaders (CAD Hedged) ETF,,Valero Energy Corp,0.206954,2026-09-18,RBC GAM holdings CSV (rbcgam.com),RBC GAM
RUDH,RBC Quant U.S. Dividend Leaders (CAD Hedged) ETF,,Avery Dennison Corp,0.205642,2026-09-18,RBC GAM holdings CSV (rbcgam.com),RBC GAM
RUDH,RBC Quant U.S. Dividend Leaders (CAD Hedged) ETF,,Dell Technologies Inc - Class C Shares,0.201825,2026-09-18,RBC GAM holdings CSV (rbcgam.com),RBC GAM
RUDH,RBC Quant U.S. Dividend Leaders (CAD Hedged) ETF,,Teradyne Inc,0.19632,2026-09-18,RBC GAM holdings CSV (rbcgam.com),RBC GAM
RUDH,RBC Quant U.S. Dividend Leaders (CAD Hedged) ETF,,Southwest Airlines Co,0.19625,2026-09-18,RBC GAM holdings CSV (rbcgam.com),RBC GAM
RUDH,RBC Quant U.S. Dividend Leaders (CAD Hedged) ETF,,Federated Hermes Inc,0.189615,2026-09-18,RBC GAM holdings CSV (rbcgam.com),RBC GAM
RUDH,RBC Quant U.S. Dividend Leaders (CAD Hedged) ETF,,Jackson Financial Inc - Class A Shares,0.189281,2026-09-18,RBC GAM holdings CSV (rbcgam.com),RBC GAM
RUDH,RBC Quant U.S. Dividend Leaders (CAD Hedged) ETF,,Starbucks Corp,0.1774,2026-09-18,RBC GAM holdings CSV (rbcgam.com),RBC GAM
RUDH,RBC Quant U.S. Dividend Leaders (CAD Hedged) ETF,,Landstar System Inc,0.172934,2026-09-18,RBC GAM holdings CSV (rbcgam.com),RBC GAM
RUDH,RBC Quant U.S. Dividend Leaders (CAD Hedged) ETF,,Altria Group Inc,0.170478,2026-09-18,RBC GAM holdings CSV (rbcgam.com),RBC GAM
RUDH,RBC Quant U.S. Dividend Leaders (CAD Hedged) ETF,,Philip Morris International Inc,0.166569,2026-09-18,RBC GAM holdings CSV (rbcgam.com),RBC GAM
RUDH,RBC Quant U.S. Dividend Leaders (CAD Hedged) ETF,,InterDigital Inc,0.164279,2026-09-18,RBC GAM holdings CSV (rbcgam.com),RBC GAM
RUDH,RBC Quant U.S. Dividend Leaders (CAD Hedged) ETF,,Johnson & Johnson,0.162607,2026-09-18,RBC GAM holdings CSV (rbcgam.com),RBC GAM
RUDH,RBC Quant U.S. Dividend Leaders (CAD Hedged) ETF,,Paycom Software Inc,0.162045,2026-09-18,RBC GAM holdings CSV (rbcgam.com),RBC GAM
RUDH,RBC Quant U.S. Dividend Leaders (CAD Hedged) ETF,,Trane Technologies PLC,0.154065,2026-09-18,RBC GAM holdings CSV (rbcgam.com),RBC GAM
RUDH,RBC Quant U.S. Dividend Leaders (CAD Hedged) ETF,,Upbound Group Inc,0.153031,2026-09-18,RBC GAM holdings CSV (rbcgam.com),RBC GAM
RUDH,RBC Quant U.S. Dividend Leaders (CAD Hedged) ETF,,Corebridge Financial Inc,0.149869,2026-09-18,RBC GAM holdings CSV (rbcgam.com),RBC GAM
RUDH,RBC Quant U.S. Dividend Leaders (CAD Hedged) ETF,,Cboe Global Markets Inc,0.145454,2026-09-18,RBC GAM holdings CSV (rbcgam.com),RBC GAM
RUDH,RBC Quant U.S. Dividend Leaders (CAD Hedged) ETF,,International Paper Co,0.142712,2026-09-18,RBC GAM holdings CSV (rbcgam.com),RBC GAM
RUDH,RBC Quant U.S. Dividend Leaders (CAD Hedged) ETF,,Intuit Inc,0.136563,2026-09-18,RBC GAM holdings CSV (rbcgam.com),RBC GAM
RUDH,RBC Quant U.S. Dividend Leaders (CAD Hedged) ETF,,J M Smucker Co,0.12578,2026-09-18,RBC GAM holdings CSV (rbcgam.com),RBC GAM
RUDH,RBC Quant U.S. Dividend Leaders (CAD Hedged) ETF,,Chord Energy Corp,0.125213,2026-09-18,RBC GAM holdings CSV (rbcgam.com),RBC GAM
RUDH,RBC Quant U.S. Dividend Leaders (CAD Hedged) ETF,,Marathon Petroleum Corp,0.125092,2026-09-18,RBC GAM holdings CSV (rbcgam.com),RBC GAM
RUDH,RBC Quant U.S. Dividend Leaders (CAD Hedged) ETF,,Ralph Lauren Corp,0.12324,2026-09-18,RBC GAM holdings CSV (rbcgam.com),RBC GAM
RUDH,RBC Quant U.S. Dividend Leaders (CAD Hedged) ETF,,Capital One Financial Corp,0.120907,2026-09-18,RBC GAM holdings CSV (rbcgam.com),RBC GAM
RUDH,RBC Quant U.S. Dividend Leaders (CAD Hedged) ETF,,Bread Financial Holdings Inc,0.109959,2026-09-18,RBC GAM holdings CSV (rbcgam.com),RBC GAM
RUDH,RBC Quant U.S. Dividend Leaders (CAD Hedged) ETF,,Western Digital Corp,0.084526,2026-09-18,RBC GAM holdings CSV (rbcgam.com),RBC GAM
RUDH,RBC Quant U.S. Dividend Leaders (CAD Hedged) ETF,,Capitol Federal Financial Inc,0.064614,2026-09-18,RBC GAM holdings CSV (rbcgam.com),RBC GAM
RUDH,RBC Quant U.S. Dividend Leaders (CAD Hedged) ETF,,PayPal Holdings Inc,0.051828,2026-09-18,RBC GAM holdings CSV (rbcgam.com),RBC GAM
RUDH,RBC Quant U.S. Dividend Leaders (CAD Hedged) ETF,,Kite Realty Group Trust,0.05044,2026-09-18,RBC GAM holdings CSV (rbcgam.com),RBC GAM
RUDH,RBC Quant U.S. Dividend Leaders (CAD Hedged) ETF,,CVS Health Corp,0.047728,2026-09-18,RBC GAM holdings CSV (rbcgam.com),RBC GAM
RUDH,RBC Quant U.S. Dividend Leaders (CAD Hedged) ETF,,Kohl's Corp,0.027569,2026-09-18,RBC GAM holdings CSV (rbcgam.com),RBC GAM
RUQP,RBC Target 2027 U.S. Corporate Bond ETF,,"JPMorgan Chase & Co 2.947% Feb 24, 2028",3.730626,2026-09-18,RBC GAM holdings CSV (rbcgam.com),RBC GAM
RUQP,RBC Target 2027 U.S. Corporate Bond ETF,,"Bank of America Corp 3.824% Jan 20, 2028",3.575975,2026-09-18,RBC GAM holdings CSV (rbcgam.com),RBC GAM
RUQP,RBC Target 2027 U.S. Corporate Bond ETF,,"Amazon.com Inc 1.200% Jun 03, 2027",2.932354,2026-09-18,RBC GAM holdings CSV (rbcgam.com),RBC GAM
RUQP,RBC Target 2027 U.S. Corporate Bond ETF,,"Bank of New York Mellon Corp 3.992% Jun 13, 2028",2.8204,2026-09-18,RBC GAM holdings CSV (rbcgam.com),RBC GAM
RUQP,RBC Target 2027 U.S. Corporate Bond ETF,,"Enterprise Products Operating LLC 4.600% Jan 11, 2027",2.702482,2026-09-18,RBC GAM holdings CSV (rbcgam.com),RBC GAM
RUQP,RBC Target 2027 U.S. Corporate Bond ETF,,"Caterpillar Financial Services Corp 1.100% Sep 14, 2027",2.59527,2026-09-18,RBC GAM holdings CSV (rbcgam.com),RBC GAM
RUQP,RBC Target 2027 U.S. Corporate Bond ETF,,"Toyota Motor Credit Corp 1.150% Aug 13, 2027",2.582613,2026-09-18,RBC GAM holdings CSV (rbcgam.com),RBC GAM
RUQP,RBC Target 2027 U.S. Corporate Bond ETF,,"HSBC Holdings PLC 2.013% Sep 22, 2028",2.571039,2026-09-18,RBC GAM holdings CSV (rbcgam.com),RBC GAM
RUQP,RBC Target 2027 U.S. Corporate Bond ETF,,"AstraZeneca PLC 3.125% Jun 12, 2027",2.552585,2026-09-18,RBC GAM holdings CSV (rbcgam.com),RBC GAM
RUQP,RBC Target 2027 U.S. Corporate Bond ETF,,"Air Products and Chemicals Inc 1.850% May 15, 2027",2.543828,2026-09-18,RBC GAM holdings CSV (rbcgam.com),RBC GAM
RUQP,RBC Target 2027 U.S. Corporate Bond ETF,,"John Deere Capital Corp 4.150% Sep 15, 2027",2.542359,2026-09-18,RBC GAM holdings CSV (rbcgam.com),RBC GAM
RUQP,RBC Target 2027 U.S. Corporate Bond ETF,,"Citigroup Inc 3.668% Jul 24, 2028",2.473921,2026-09-18,RBC GAM holdings CSV (rbcgam.com),RBC GAM
RUQP,RBC Target 2027 U.S. Corporate Bond ETF,,"Goldman Sachs Group Inc 3.615% Mar 15, 2028",2.425786,2026-09-18,RBC GAM holdings CSV (rbcgam.com),RBC GAM
RUQP,RBC Target 2027 U.S. Corporate Bond ETF,,"Cintas Corp No 2 3.700% Apr 01, 2027",2.424823,2026-09-18,RBC GAM holdings CSV (rbcgam.com),RBC GAM
RUQP,RBC Target 2027 U.S. Corporate Bond ETF,,"Apple Inc 3.000% Jun 20, 2027",2.370056,2026-09-18,RBC GAM holdings CSV (rbcgam.com),RBC GAM
RUQP,RBC Target 2027 U.S. Corporate Bond ETF,,"Home Depot Inc 2.800% Sep 14, 2027",2.351645,2026-09-18,RBC GAM holdings CSV (rbcgam.com),RBC GAM
RUQP,RBC Target 2027 U.S. Corporate Bond ETF,,"Wells Fargo & Co 2.393% Jun 02, 2028",2.30405,2026-09-18,RBC GAM holdings CSV (rbcgam.com),RBC GAM
RUQP,RBC Target 2027 U.S. Corporate Bond ETF,,"Sumitomo Mitsui Financial Group Inc 3.446% Jan 11, 2027",2.175754,2026-09-18,RBC GAM holdings CSV (rbcgam.com),RBC GAM
RUQP,RBC Target 2027 U.S. Corporate Bond ETF,,"Mastercard Inc 3.300% Mar 26, 2027",2.144958,2026-09-18,RBC GAM holdings CSV (rbcgam.com),RBC GAM
RUQP,RBC Target 2027 U.S. Corporate Bond ETF,,"Bristol-Myers Squibb Co 1.125% Nov 13, 2027",2.131034,2026-09-18,RBC GAM holdings CSV (rbcgam.com),RBC GAM
RUQP,RBC Target 2027 U.S. Corporate Bond ETF,,"Bank of Montreal 2.650% Mar 08, 2027",2.010503,2026-09-18,RBC GAM holdings CSV (rbcgam.com),RBC GAM
RUQP,RBC Target 2027 U.S. Corporate Bond ETF,,"Union Electric Co 2.950% Jun 15, 2027",2.004199,2026-09-18,RBC GAM holdings CSV (rbcgam.com),RBC GAM
RUQP,RBC Target 2027 U.S. Corporate Bond ETF,,"PepsiCo Inc 2.625% Mar 19, 2027",1.969625,2026-09-18,RBC GAM holdings CSV (rbcgam.com),RBC GAM
RUQP,RBC Target 2027 U.S. Corporate Bond ETF,,"Alabama Power Co 3.750% Sep 01, 2027",1.964424,2026-09-18,RBC GAM holdings CSV (rbcgam.com),RBC GAM
RUQP,RBC Target 2027 U.S. Corporate Bond ETF,,"Mitsubishi UFJ Financial Group Inc 3.287% Jul 25, 2027",1.95937,2026-09-18,RBC GAM holdings CSV (rbcgam.com),RBC GAM
RUQP,RBC Target 2027 U.S. Corporate Bond ETF,,"Coca-Cola Co 2.900% May 25, 2027",1.958562,2026-09-18,RBC GAM holdings CSV (rbcgam.com),RBC GAM
RUQP,RBC Target 2027 U.S. Corporate Bond ETF,,"State Street Corp 2.203% Feb 07, 2028",1.823641,2026-09-18,RBC GAM holdings CSV (rbcgam.com),RBC GAM
RUQP,RBC Target 2027 U.S. Corporate Bond ETF,,"Morgan Stanley 6.296% Oct 18, 2028",1.775137,2026-09-18,RBC GAM holdings CSV (rbcgam.com),RBC GAM
RUQP,RBC Target 2027 U.S. Corporate Bond ETF,,"Burlington Northern Santa Fe LLC 3.250% Jun 15, 2027",1.73546,2026-09-18,RBC GAM holdings CSV (rbcgam.com),RBC GAM
RUQP,RBC Target 2027 U.S. Corporate Bond ETF,,"Morgan Stanley 4.210% Apr 20, 2028",1.702937,2026-09-18,RBC GAM holdings CSV (rbcgam.com),RBC GAM
RUQP,RBC Target 2027 U.S. Corporate Bond ETF,,"Canadian Imperial Bank of Commerce 3.450% Apr 07, 2027",1.698133,2026-09-18,RBC GAM holdings CSV (rbcgam.com),RBC GAM
RUQP,RBC Target 2027 U.S. Corporate Bond ETF,,"BP Capital Markets America Inc 3.017% Jan 16, 2027",1.629072,2026-09-18,RBC GAM holdings CSV (rbcgam.com),RBC GAM
RUQP,RBC Target 2027 U.S. Corporate Bond ETF,,"AT&T Inc 2.300% Jun 01, 2027",1.509386,2026-09-18,RBC GAM holdings CSV (rbcgam.com),RBC GAM
RUQP,RBC Target 2027 U.S. Corporate Bond ETF,,"Amgen Inc 3.200% Nov 02, 2027",1.430201,2026-09-18,RBC GAM holdings CSV (rbcgam.com),RBC GAM
RUQP,RBC Target 2027 U.S. Corporate Bond ETF,,"Energy Transfer LP 4.400% Mar 15, 2027",1.359942,2026-09-18,RBC GAM holdings CSV (rbcgam.com),RBC GAM
RUQP,RBC Target 2027 U.S. Corporate Bond ETF,,"Sherwin-Williams Co 3.450% Jun 01, 2027",1.288415,2026-09-18,RBC GAM holdings CSV (rbcgam.com),RBC GAM
RUQP,RBC Target 2027 U.S. Corporate Bond ETF,,"Enbridge Inc 3.700% Jul 15, 2027",1.225613,2026-09-18,RBC GAM holdings CSV (rbcgam.com),RBC GAM
RUQP,RBC Target 2027 U.S. Corporate Bond ETF,,"UnitedHealth Group Inc 2.950% Oct 15, 2027",1.220279,2026-09-18,RBC GAM holdings CSV (rbcgam.com),RBC GAM
RUQP,RBC Target 2027 U.S. Corporate Bond ETF,,"Truist Financial Corp 4.123% Jun 06, 2028",1.198511,2026-09-18,RBC GAM holdings CSV (rbcgam.com),RBC GAM
RUQP,RBC Target 2027 U.S. Corporate Bond ETF,,"Duke Energy Corp 3.150% Aug 15, 2027",1.142471,2026-09-18,RBC GAM holdings CSV (rbcgam.com),RBC GAM
RUQP,RBC Target 2027 U.S. Corporate Bond ETF,,"Chevron Corp 1.995% May 11, 2027",1.107004,2026-09-18,RBC GAM holdings CSV (rbcgam.com),RBC GAM
RUQP,RBC Target 2027 U.S. Corporate Bond ETF,,"Duke Energy Progress LLC 4.350% Mar 06, 2027",1.007108,2026-09-18,RBC GAM holdings CSV (rbcgam.com),RBC GAM
RUQP,RBC Target 2027 U.S. Corporate Bond ETF,,"KeyCorp 2.250% Apr 06, 2027",1.003269,2026-09-18,RBC GAM holdings CSV (rbcgam.com),RBC GAM
RUQP,RBC Target 2027 U.S. Corporate Bond ETF,,"Merck & Co Inc 1.700% Jun 10, 2027",0.99823,2026-09-18,RBC GAM holdings CSV (rbcgam.com),RBC GAM
RUQP,RBC Target 2027 U.S. Corporate Bond ETF,,"Toronto-Dominion Bank 2.800% Mar 10, 2027",0.948354,2026-09-18,RBC GAM holdings CSV (rbcgam.com),RBC GAM
RUQP,RBC Target 2027 U.S. Corporate Bond ETF,,"PNC Financial Services Group Inc 3.150% May 19, 2027",0.944647,2026-09-18,RBC GAM holdings CSV (rbcgam.com),RBC GAM
RUQP,RBC Target 2027 U.S. Corporate Bond ETF,,"US Bancorp 3.150% Apr 27, 2027",0.943179,2026-09-18,RBC GAM holdings CSV (rbcgam.com),RBC GAM
RUQP,RBC Target 2027 U.S. Corporate Bond ETF,,"Oracle Corp 3.250% Nov 15, 2027",0.934314,2026-09-18,RBC GAM holdings CSV (rbcgam.com),RBC GAM
RUQP,RBC Target 2027 U.S. Corporate Bond ETF,,"Becton Dickinson & Co 3.700% Jun 06, 2027",0.920685,2026-09-18,RBC GAM holdings CSV (rbcgam.com),RBC GAM
RUQP,RBC Target 2027 U.S. Corporate Bond ETF,,"Westpac Banking Corp 3.350% Mar 08, 2027",0.90088,2026-09-18,RBC GAM holdings CSV (rbcgam.com),RBC GAM
RUQP,RBC Target 2027 U.S. Corporate Bond ETF,,"Bank of Nova Scotia 2.951% Mar 11, 2027",0.899149,2026-09-18,RBC GAM holdings CSV (rbcgam.com),RBC GAM
RUQP,RBC Target 2027 U.S. Corporate Bond ETF,,"WEC Energy Group Inc 1.375% Oct 15, 2027",0.865645,2026-09-18,RBC GAM holdings CSV (rbcgam.com),RBC GAM
RUQP,RBC Target 2027 U.S. Corporate Bond ETF,,"American Honda Finance Corp 2.350% Jan 08, 2027",0.850292,2026-09-18,RBC GAM holdings CSV (rbcgam.com),RBC GAM
RUQP,RBC Target 2027 U.S. Corporate Bond ETF,,"Public Service Enterprise Group Inc 5.850% Nov 15, 2027",0.848143,2026-09-18,RBC GAM holdings CSV (rbcgam.com),RBC GAM
RUQP,RBC Target 2027 U.S. Corporate Bond ETF,,"American Electric Power Co Inc 3.200% Nov 13, 2027",0.812424,2026-09-18,RBC GAM holdings CSV (rbcgam.com),RBC GAM
RUQP,RBC Target 2027 U.S. Corporate Bond ETF,,"NextEra Energy Capital Holdings Inc 1.875% Jan 15, 2027",0.595926,2026-09-18,RBC GAM holdings CSV (rbcgam.com),RBC GAM
RUQP,RBC Target 2027 U.S. Corporate Bond ETF,,"General Motors Financial Co Inc 2.700% Aug 20, 2027",0.493803,2026-09-18,RBC GAM holdings CSV (rbcgam.com),RBC GAM
RUQP,RBC Target 2027 U.S. Corporate Bond ETF,,"NextEra Energy Capital Holdings Inc 4.625% Jul 15, 2027",0.36951,2026-09-18,RBC GAM holdings CSV (rbcgam.com),RBC GAM
RUQP-U,RBC Target 2027 U.S. Corporate Bond ETF (USD Units),,"JPMorgan Chase & Co 2.947% Feb 24, 2028",3.730626,2026-09-18,"RBC GAM holdings CSV (rbcgam.com) — USD class, verified identical to base via Currency options",RBC GAM
RUQP-U,RBC Target 2027 U.S. Corporate Bond ETF (USD Units),,"Bank of America Corp 3.824% Jan 20, 2028",3.575975,2026-09-18,"RBC GAM holdings CSV (rbcgam.com) — USD class, verified identical to base via Currency options",RBC GAM
RUQP-U,RBC Target 2027 U.S. Corporate Bond ETF (USD Units),,"Amazon.com Inc 1.200% Jun 03, 2027",2.932354,2026-09-18,"RBC GAM holdings CSV (rbcgam.com) — USD class, verified identical to base via Currency options",RBC GAM
RUQP-U,RBC Target 2027 U.S. Corporate Bond ETF (USD Units),,"Bank of New York Mellon Corp 3.992% Jun 13, 2028",2.8204,2026-09-18,"RBC GAM holdings CSV (rbcgam.com) — USD class, verified identical to base via Currency options",RBC GAM
RUQP-U,RBC Target 2027 U.S. Corporate Bond ETF (USD Units),,"Enterprise Products Operating LLC 4.600% Jan 11, 2027",2.702482,2026-09-18,"RBC GAM holdings CSV (rbcgam.com) — USD class, verified identical to base via Currency options",RBC GAM
RUQP-U,RBC Target 2027 U.S. Corporate Bond ETF (USD Units),,"Caterpillar Financial Services Corp 1.100% Sep 14, 2027",2.59527,2026-09-18,"RBC GAM holdings CSV (rbcgam.com) — USD class, verified identical to base via Currency options",RBC GAM
RUQP-U,RBC Target 2027 U.S. Corporate Bond ETF (USD Units),,"Toyota Motor Credit Corp 1.150% Aug 13, 2027",2.582613,2026-09-18,"RBC GAM holdings CSV (rbcgam.com) — USD class, verified identical to base via Currency options",RBC GAM
RUQP-U,RBC Target 2027 U.S. Corporate Bond ETF (USD Units),,"HSBC Holdings PLC 2.013% Sep 22, 2028",2.571039,2026-09-18,"RBC GAM holdings CSV (rbcgam.com) — USD class, verified identical to base via Currency options",RBC GAM
RUQP-U,RBC Target 2027 U.S. Corporate Bond ETF (USD Units),,"AstraZeneca PLC 3.125% Jun 12, 2027",2.552585,2026-09-18,"RBC GAM holdings CSV (rbcgam.com) — USD class, verified identical to base via Currency options",RBC GAM
RUQP-U,RBC Target 2027 U.S. Corporate Bond ETF (USD Units),,"Air Products and Chemicals Inc 1.850% May 15, 2027",2.543828,2026-09-18,"RBC GAM holdings CSV (rbcgam.com) — USD class, verified identical to base via Currency options",RBC GAM
RUQP-U,RBC Target 2027 U.S. Corporate Bond ETF (USD Units),,"John Deere Capital Corp 4.150% Sep 15, 2027",2.542359,2026-09-18,"RBC GAM holdings CSV (rbcgam.com) — USD class, verified identical to base via Currency options",RBC GAM
RUQP-U,RBC Target 2027 U.S. Corporate Bond ETF (USD Units),,"Citigroup Inc 3.668% Jul 24, 2028",2.473921,2026-09-18,"RBC GAM holdings CSV (rbcgam.com) — USD class, verified identical to base via Currency options",RBC GAM
RUQP-U,RBC Target 2027 U.S. Corporate Bond ETF (USD Units),,"Goldman Sachs Group Inc 3.615% Mar 15, 2028",2.425786,2026-09-18,"RBC GAM holdings CSV (rbcgam.com) — USD class, verified identical to base via Currency options",RBC GAM
RUQP-U,RBC Target 2027 U.S. Corporate Bond ETF (USD Units),,"Cintas Corp No 2 3.700% Apr 01, 2027",2.424823,2026-09-18,"RBC GAM holdings CSV (rbcgam.com) — USD class, verified identical to base via Currency options",RBC GAM
RUQP-U,RBC Target 2027 U.S. Corporate Bond ETF (USD Units),,"Apple Inc 3.000% Jun 20, 2027",2.370056,2026-09-18,"RBC GAM holdings CSV (rbcgam.com) — USD class, verified identical to base via Currency options",RBC GAM
RUQP-U,RBC Target 2027 U.S. Corporate Bond ETF (USD Units),,"Home Depot Inc 2.800% Sep 14, 2027",2.351645,2026-09-18,"RBC GAM holdings CSV (rbcgam.com) — USD class, verified identical to base via Currency options",RBC GAM
RUQP-U,RBC Target 2027 U.S. Corporate Bond ETF (USD Units),,"Wells Fargo & Co 2.393% Jun 02, 2028",2.30405,2026-09-18,"RBC GAM holdings CSV (rbcgam.com) — USD class, verified identical to base via Currency options",RBC GAM
RUQP-U,RBC Target 2027 U.S. Corporate Bond ETF (USD Units),,"Sumitomo Mitsui Financial Group Inc 3.446% Jan 11, 2027",2.175754,2026-09-18,"RBC GAM holdings CSV (rbcgam.com) — USD class, verified identical to base via Currency options",RBC GAM
RUQP-U,RBC Target 2027 U.S. Corporate Bond ETF (USD Units),,"Mastercard Inc 3.300% Mar 26, 2027",2.144958,2026-09-18,"RBC GAM holdings CSV (rbcgam.com) — USD class, verified identical to base via Currency options",RBC GAM
RUQP-U,RBC Target 2027 U.S. Corporate Bond ETF (USD Units),,"Bristol-Myers Squibb Co 1.125% Nov 13, 2027",2.131034,2026-09-18,"RBC GAM holdings CSV (rbcgam.com) — USD class, verified identical to base via Currency options",RBC GAM
RUQP-U,RBC Target 2027 U.S. Corporate Bond ETF (USD Units),,"Bank of Montreal 2.650% Mar 08, 2027",2.010503,2026-09-18,"RBC GAM holdings CSV (rbcgam.com) — USD class, verified identical to base via Currency options",RBC GAM
RUQP-U,RBC Target 2027 U.S. Corporate Bond ETF (USD Units),,"Union Electric Co 2.950% Jun 15, 2027",2.004199,2026-09-18,"RBC GAM holdings CSV (rbcgam.com) — USD class, verified identical to base via Currency options",RBC GAM
RUQP-U,RBC Target 2027 U.S. Corporate Bond ETF (USD Units),,"PepsiCo Inc 2.625% Mar 19, 2027",1.969625,2026-09-18,"RBC GAM holdings CSV (rbcgam.com) — USD class, verified identical to base via Currency options",RBC GAM
RUQP-U,RBC Target 2027 U.S. Corporate Bond ETF (USD Units),,"Alabama Power Co 3.750% Sep 01, 2027",1.964424,2026-09-18,"RBC GAM holdings CSV (rbcgam.com) — USD class, verified identical to base via Currency options",RBC GAM
RUQP-U,RBC Target 2027 U.S. Corporate Bond ETF (USD Units),,"Mitsubishi UFJ Financial Group Inc 3.287% Jul 25, 2027",1.95937,2026-09-18,"RBC GAM holdings CSV (rbcgam.com) — USD class, verified identical to base via Currency options",RBC GAM
RUQP-U,RBC Target 2027 U.S. Corporate Bond ETF (USD Units),,"Coca-Cola Co 2.900% May 25, 2027",1.958562,2026-09-18,"RBC GAM holdings CSV (rbcgam.com) — USD class, verified identical to base via Currency options",RBC GAM
RUQP-U,RBC Target 2027 U.S. Corporate Bond ETF (USD Units),,"State Street Corp 2.203% Feb 07, 2028",1.823641,2026-09-18,"RBC GAM holdings CSV (rbcgam.com) — USD class, verified identical to base via Currency options",RBC GAM
RUQP-U,RBC Target 2027 U.S. Corporate Bond ETF (USD Units),,"Morgan Stanley 6.296% Oct 18, 2028",1.775137,2026-09-18,"RBC GAM holdings CSV (rbcgam.com) — USD class, verified identical to base via Currency options",RBC GAM
RUQP-U,RBC Target 2027 U.S. Corporate Bond ETF (USD Units),,"Burlington Northern Santa Fe LLC 3.250% Jun 15, 2027",1.73546,2026-09-18,"RBC GAM holdings CSV (rbcgam.com) — USD class, verified identical to base via Currency options",RBC GAM
RUQP-U,RBC Target 2027 U.S. Corporate Bond ETF (USD Units),,"Morgan Stanley 4.210% Apr 20, 2028",1.702937,2026-09-18,"RBC GAM holdings CSV (rbcgam.com) — USD class, verified identical to base via Currency options",RBC GAM
RUQP-U,RBC Target 2027 U.S. Corporate Bond ETF (USD Units),,"Canadian Imperial Bank of Commerce 3.450% Apr 07, 2027",1.698133,2026-09-18,"RBC GAM holdings CSV (rbcgam.com) — USD class, verified identical to base via Currency options",RBC GAM
RUQP-U,RBC Target 2027 U.S. Corporate Bond ETF (USD Units),,"BP Capital Markets America Inc 3.017% Jan 16, 2027",1.629072,2026-09-18,"RBC GAM holdings CSV (rbcgam.com) — USD class, verified identical to base via Currency options",RBC GAM
RUQP-U,RBC Target 2027 U.S. Corporate Bond ETF (USD Units),,"AT&T Inc 2.300% Jun 01, 2027",1.509386,2026-09-18,"RBC GAM holdings CSV (rbcgam.com) — USD class, verified identical to base via Currency options",RBC GAM
RUQP-U,RBC Target 2027 U.S. Corporate Bond ETF (USD Units),,"Amgen Inc 3.200% Nov 02, 2027",1.430201,2026-09-18,"RBC GAM holdings CSV (rbcgam.com) — USD class, verified identical to base via Currency options",RBC GAM
RUQP-U,RBC Target 2027 U.S. Corporate Bond ETF (USD Units),,"Energy Transfer LP 4.400% Mar 15, 2027",1.359942,2026-09-18,"RBC GAM holdings CSV (rbcgam.com) — USD class, verified identical to base via Currency options",RBC GAM
RUQP-U,RBC Target 2027 U.S. Corporate Bond ETF (USD Units),,"Sherwin-Williams Co 3.450% Jun 01, 2027",1.288415,2026-09-18,"RBC GAM holdings CSV (rbcgam.com) — USD class, verified identical to base via Currency options",RBC GAM
RUQP-U,RBC Target 2027 U.S. Corporate Bond ETF (USD Units),,"Enbridge Inc 3.700% Jul 15, 2027",1.225613,2026-09-18,"RBC GAM holdings CSV (rbcgam.com) — USD class, verified identical to base via Currency options",RBC GAM
RUQP-U,RBC Target 2027 U.S. Corporate Bond ETF (USD Units),,"UnitedHealth Group Inc 2.950% Oct 15, 2027",1.220279,2026-09-18,"RBC GAM holdings CSV (rbcgam.com) — USD class, verified identical to base via Currency options",RBC GAM
RUQP-U,RBC Target 2027 U.S. Corporate Bond ETF (USD Units),,"Truist Financial Corp 4.123% Jun 06, 2028",1.198511,2026-09-18,"RBC GAM holdings CSV (rbcgam.com) — USD class, verified identical to base via Currency options",RBC GAM
RUQP-U,RBC Target 2027 U.S. Corporate Bond ETF (USD Units),,"Duke Energy Corp 3.150% Aug 15, 2027",1.142471,2026-09-18,"RBC GAM holdings CSV (rbcgam.com) — USD class, verified identical to base via Currency options",RBC GAM
RUQP-U,RBC Target 2027 U.S. Corporate Bond ETF (USD Units),,"Chevron Corp 1.995% May 11, 2027",1.107004,2026-09-18,"RBC GAM holdings CSV (rbcgam.com) — USD class, verified identical to base via Currency options",RBC GAM
RUQP-U,RBC Target 2027 U.S. Corporate Bond ETF (USD Units),,"Duke Energy Progress LLC 4.350% Mar 06, 2027",1.007108,2026-09-18,"RBC GAM holdings CSV (rbcgam.com) — USD class, verified identical to base via Currency options",RBC GAM
RUQP-U,RBC Target 2027 U.S. Corporate Bond ETF (USD Units),,"KeyCorp 2.250% Apr 06, 2027",1.003269,2026-09-18,"RBC GAM holdings CSV (rbcgam.com) — USD class, verified identical to base via Currency options",RBC GAM
RUQP-U,RBC Target 2027 U.S. Corporate Bond ETF (USD Units),,"Merck & Co Inc 1.700% Jun 10, 2027",0.99823,2026-09-18,"RBC GAM holdings CSV (rbcgam.com) — USD class, verified identical to base via Currency options",RBC GAM
RUQP-U,RBC Target 2027 U.S. Corporate Bond ETF (USD Units),,"Toronto-Dominion Bank 2.800% Mar 10, 2027",0.948354,2026-09-18,"RBC GAM holdings CSV (rbcgam.com) — USD class, verified identical to base via Currency options",RBC GAM
RUQP-U,RBC Target 2027 U.S. Corporate Bond ETF (USD Units),,"PNC Financial Services Group Inc 3.150% May 19, 2027",0.944647,2026-09-18,"RBC GAM holdings CSV (rbcgam.com) — USD class, verified identical to base via Currency options",RBC GAM
RUQP-U,RBC Target 2027 U.S. Corporate Bond ETF (USD Units),,"US Bancorp 3.150% Apr 27, 2027",0.943179,2026-09-18,"RBC GAM holdings CSV (rbcgam.com) — USD class, verified identical to base via Currency options",RBC GAM
RUQP-U,RBC Target 2027 U.S. Corporate Bond ETF (USD Units),,"Oracle Corp 3.250% Nov 15, 2027",0.934314,2026-09-18,"RBC GAM holdings CSV (rbcgam.com) — USD class, verified identical to base via Currency options",RBC GAM
RUQP-U,RBC Target 2027 U.S. Corporate Bond ETF (USD Units),,"Becton Dickinson & Co 3.700% Jun 06, 2027",0.920685,2026-09-18,"RBC GAM holdings CSV (rbcgam.com) — USD class, verified identical to base via Currency options",RBC GAM
RUQP-U,RBC Target 2027 U.S. Corporate Bond ETF (USD Units),,"Westpac Banking Corp 3.350% Mar 08, 2027",0.90088,2026-09-18,"RBC GAM holdings CSV (rbcgam.com) — USD class, verified identical to base via Currency options",RBC GAM
RUQP-U,RBC Target 2027 U.S. Corporate Bond ETF (USD Units),,"Bank of Nova Scotia 2.951% Mar 11, 2027",0.899149,2026-09-18,"RBC GAM holdings CSV (rbcgam.com) — USD class, verified identical to base via Currency options",RBC GAM
RUQP-U,RBC Target 2027 U.S. Corporate Bond ETF (USD Units),,"WEC Energy Group Inc 1.375% Oct 15, 2027",0.865645,2026-09-18,"RBC GAM holdings CSV (rbcgam.com) — USD class, verified identical to base via Currency options",RBC GAM
RUQP-U,RBC Target 2027 U.S. Corporate Bond ETF (USD Units),,"American Honda Finance Corp 2.350% Jan 08, 2027",0.850292,2026-09-18,"RBC GAM holdings CSV (rbcgam.com) — USD class, verified identical to base via Currency options",RBC GAM
RUQP-U,RBC Target 2027 U.S. Corporate Bond ETF (USD Units),,"Public Service Enterprise Group Inc 5.850% Nov 15, 2027",0.848143,2026-09-18,"RBC GAM holdings CSV (rbcgam.com) — USD class, verified identical to base via Currency options",RBC GAM
RUQP-U,RBC Target 2027 U.S. Corporate Bond ETF (USD Units),,"American Electric Power Co Inc 3.200% Nov 13, 2027",0.812424,2026-09-18,"RBC GAM holdings CSV (rbcgam.com) — USD class, verified identical to base via Currency options",RBC GAM
RUQP-U,RBC Target 2027 U.S. Corporate Bond ETF (USD Units),,"NextEra Energy Capital Holdings Inc 1.875% Jan 15, 2027",0.595926,2026-09-18,"RBC GAM holdings CSV (rbcgam.com) — USD class, verified identical to base via Currency options",RBC GAM
RUQP-U,RBC Target 2027 U.S. Corporate Bond ETF (USD Units),,"General Motors Financial Co Inc 2.700% Aug 20, 2027",0.493803,2026-09-18,"RBC GAM holdings CSV (rbcgam.com) — USD class, verified identical to base via Currency options",RBC GAM
RUQP-U,RBC Target 2027 U.S. Corporate Bond ETF (USD Units),,"NextEra Energy Capital Holdings Inc 4.625% Jul 15, 2027",0.36951,2026-09-18,"RBC GAM holdings CSV (rbcgam.com) — USD class, verified identical to base via Currency options",RBC GAM
RUQQ,RBC Target 2028 U.S. Corporate Bond ETF,,"Bank of America Corp 2.087% Jun 14, 2029",3.603318,2026-09-18,RBC GAM holdings CSV (rbcgam.com),RBC GAM
RUQQ,RBC Target 2028 U.S. Corporate Bond ETF,,"Morgan Stanley 3.772% Jan 24, 2029",3.438718,2026-09-18,RBC GAM holdings CSV (rbcgam.com),RBC GAM
RUQQ,RBC Target 2028 U.S. Corporate Bond ETF,,"JPMorgan Chase & Co 4.203% Jul 23, 2029",3.393628,2026-09-18,RBC GAM holdings CSV (rbcgam.com),RBC GAM
RUQQ,RBC Target 2028 U.S. Corporate Bond ETF,,"Citigroup Inc 4.075% Apr 23, 2029",3.23185,2026-09-18,RBC GAM holdings CSV (rbcgam.com),RBC GAM
RUQQ,RBC Target 2028 U.S. Corporate Bond ETF,,"Goldman Sachs Group Inc 4.223% May 01, 2029",3.173158,2026-09-18,RBC GAM holdings CSV (rbcgam.com),RBC GAM
RUQQ,RBC Target 2028 U.S. Corporate Bond ETF,,"Bank of New York Mellon Corp 4.543% Feb 01, 2029",3.043777,2026-09-18,RBC GAM holdings CSV (rbcgam.com),RBC GAM
RUQQ,RBC Target 2028 U.S. Corporate Bond ETF,,"Mitsubishi UFJ Financial Group Inc 3.961% Mar 02, 2028",2.21767,2026-09-18,RBC GAM holdings CSV (rbcgam.com),RBC GAM
RUQQ,RBC Target 2028 U.S. Corporate Bond ETF,,"Amazon.com Inc 1.650% May 12, 2028",2.203246,2026-09-18,RBC GAM holdings CSV (rbcgam.com),RBC GAM
RUQQ,RBC Target 2028 U.S. Corporate Bond ETF,,"John Deere Capital Corp 4.950% Jul 14, 2028",2.201157,2026-09-18,RBC GAM holdings CSV (rbcgam.com),RBC GAM
RUQQ,RBC Target 2028 U.S. Corporate Bond ETF,,"Thermo Fisher Scientific Inc 1.750% Oct 15, 2028",2.193288,2026-09-18,RBC GAM holdings CSV (rbcgam.com),RBC GAM
RUQQ,RBC Target 2028 U.S. Corporate Bond ETF,,"AbbVie Inc 4.250% Nov 14, 2028",2.189023,2026-09-18,RBC GAM holdings CSV (rbcgam.com),RBC GAM
RUQQ,RBC Target 2028 U.S. Corporate Bond ETF,,"HSBC Holdings PLC 2.206% Aug 17, 2029",2.169226,2026-09-18,RBC GAM holdings CSV (rbcgam.com),RBC GAM
RUQQ,RBC Target 2028 U.S. Corporate Bond ETF,,"Caterpillar Financial Services Corp 4.100% Aug 15, 2028",2.15948,2026-09-18,RBC GAM holdings CSV (rbcgam.com),RBC GAM
RUQQ,RBC Target 2028 U.S. Corporate Bond ETF,,"Toyota Motor Credit Corp 1.900% Apr 06, 2028",2.084539,2026-09-18,RBC GAM holdings CSV (rbcgam.com),RBC GAM
RUQQ,RBC Target 2028 U.S. Corporate Bond ETF,,"Amgen Inc 1.650% Aug 15, 2028",2.003391,2026-09-18,RBC GAM holdings CSV (rbcgam.com),RBC GAM
RUQQ,RBC Target 2028 U.S. Corporate Bond ETF,,"Apple Inc 1.400% Aug 05, 2028",1.995693,2026-09-18,RBC GAM holdings CSV (rbcgam.com),RBC GAM
RUQQ,RBC Target 2028 U.S. Corporate Bond ETF,,"Enterprise Products Operating LLC 4.150% Oct 16, 2028",1.986008,2026-09-18,RBC GAM holdings CSV (rbcgam.com),RBC GAM
RUQQ,RBC Target 2028 U.S. Corporate Bond ETF,,"US Bancorp 4.653% Feb 01, 2029",1.980314,2026-09-18,RBC GAM holdings CSV (rbcgam.com),RBC GAM
RUQQ,RBC Target 2028 U.S. Corporate Bond ETF,,"Analog Devices Inc 1.700% Oct 01, 2028",1.922088,2026-09-18,RBC GAM holdings CSV (rbcgam.com),RBC GAM
RUQQ,RBC Target 2028 U.S. Corporate Bond ETF,,"T-Mobile USA Inc 2.050% Feb 15, 2028",1.911511,2026-09-18,RBC GAM holdings CSV (rbcgam.com),RBC GAM
RUQQ,RBC Target 2028 U.S. Corporate Bond ETF,,"BP Capital Markets America Inc 3.937% Sep 21, 2028",1.863046,2026-09-18,RBC GAM holdings CSV (rbcgam.com),RBC GAM
RUQQ,RBC Target 2028 U.S. Corporate Bond ETF,,"State Street Corp 4.141% Dec 03, 2029",1.750487,2026-09-18,RBC GAM holdings CSV (rbcgam.com),RBC GAM
RUQQ,RBC Target 2028 U.S. Corporate Bond ETF,,"AT&T Inc 1.650% Feb 01, 2028",1.748038,2026-09-18,RBC GAM holdings CSV (rbcgam.com),RBC GAM
RUQQ,RBC Target 2028 U.S. Corporate Bond ETF,,"UnitedHealth Group Inc 3.850% Jun 15, 2028",1.746274,2026-09-18,RBC GAM holdings CSV (rbcgam.com),RBC GAM
RUQQ,RBC Target 2028 U.S. Corporate Bond ETF,,"Toronto-Dominion Bank 5.156% Jan 10, 2028",1.699967,2026-09-18,RBC GAM holdings CSV (rbcgam.com),RBC GAM
RUQQ,RBC Target 2028 U.S. Corporate Bond ETF,,"Kenvue Inc 5.050% Mar 22, 2028",1.637414,2026-09-18,RBC GAM holdings CSV (rbcgam.com),RBC GAM
RUQQ,RBC Target 2028 U.S. Corporate Bond ETF,,"General Motors Financial Co Inc 2.400% Oct 15, 2028",1.624288,2026-09-18,RBC GAM holdings CSV (rbcgam.com),RBC GAM
RUQQ,RBC Target 2028 U.S. Corporate Bond ETF,,"Chevron USA Inc 3.850% Jan 15, 2028",1.622749,2026-09-18,RBC GAM holdings CSV (rbcgam.com),RBC GAM
RUQQ,RBC Target 2028 U.S. Corporate Bond ETF,,"Union Pacific Corp 3.950% Sep 10, 2028",1.618838,2026-09-18,RBC GAM holdings CSV (rbcgam.com),RBC GAM
RUQQ,RBC Target 2028 U.S. Corporate Bond ETF,,"BHP Billiton Finance USA Ltd 4.750% Feb 28, 2028",1.553924,2026-09-18,RBC GAM holdings CSV (rbcgam.com),RBC GAM
RUQQ,RBC Target 2028 U.S. Corporate Bond ETF,,"Comcast Corp 3.150% Feb 15, 2028",1.54704,2026-09-18,RBC GAM holdings CSV (rbcgam.com),RBC GAM
RUQQ,RBC Target 2028 U.S. Corporate Bond ETF,,"Cintas Corp No 2 4.200% May 01, 2028",1.543541,2026-09-18,RBC GAM holdings CSV (rbcgam.com),RBC GAM
RUQQ,RBC Target 2028 U.S. Corporate Bond ETF,,"Duke Energy Progress LLC 3.700% Sep 01, 2028",1.465875,2026-09-18,RBC GAM holdings CSV (rbcgam.com),RBC GAM
RUQQ,RBC Target 2028 U.S. Corporate Bond ETF,,"Kimberly-Clark Corp 3.950% Nov 01, 2028",1.429644,2026-09-18,RBC GAM holdings CSV (rbcgam.com),RBC GAM
RUQQ,RBC Target 2028 U.S. Corporate Bond ETF,,"Home Depot Inc 0.900% Mar 15, 2028",1.390023,2026-09-18,RBC GAM holdings CSV (rbcgam.com),RBC GAM
RUQQ,RBC Target 2028 U.S. Corporate Bond ETF,,"Canadian Pacific Railway Co 4.000% Jun 01, 2028",1.386783,2026-09-18,RBC GAM holdings CSV (rbcgam.com),RBC GAM
RUQQ,RBC Target 2028 U.S. Corporate Bond ETF,,"Truist Financial Corp 1.887% Jun 07, 2029",1.357835,2026-09-18,RBC GAM holdings CSV (rbcgam.com),RBC GAM
RUQQ,RBC Target 2028 U.S. Corporate Bond ETF,,"Westpac Banking Corp 1.953% Nov 20, 2028",1.344007,2026-09-18,RBC GAM holdings CSV (rbcgam.com),RBC GAM
RUQQ,RBC Target 2028 U.S. Corporate Bond ETF,,"Public Service Electric and Gas Co 3.650% Sep 01, 2028",1.319354,2026-09-18,RBC GAM holdings CSV (rbcgam.com),RBC GAM
RUQQ,RBC Target 2028 U.S. Corporate Bond ETF,,"Nutrien Ltd 4.900% Mar 27, 2028",1.192254,2026-09-18,RBC GAM holdings CSV (rbcgam.com),RBC GAM
RUQQ,RBC Target 2028 U.S. Corporate Bond ETF,,"Hershey Co 4.250% May 04, 2028",1.18556,2026-09-18,RBC GAM holdings CSV (rbcgam.com),RBC GAM
RUQQ,RBC Target 2028 U.S. Corporate Bond ETF,,"Berkshire Hathaway Energy Co 3.250% Apr 15, 2028",1.164924,2026-09-18,RBC GAM holdings CSV (rbcgam.com),RBC GAM
RUQQ,RBC Target 2028 U.S. Corporate Bond ETF,,"PACCAR Financial Corp 4.600% Jan 10, 2028",1.160932,2026-09-18,RBC GAM holdings CSV (rbcgam.com),RBC GAM
RUQQ,RBC Target 2028 U.S. Corporate Bond ETF,,"PNC Financial Services Group Inc 5.582% Jun 12, 2029",1.160857,2026-09-18,RBC GAM holdings CSV (rbcgam.com),RBC GAM
RUQQ,RBC Target 2028 U.S. Corporate Bond ETF,,"Canadian National Railway Co 6.900% Jul 15, 2028",1.12024,2026-09-18,RBC GAM holdings CSV (rbcgam.com),RBC GAM
RUQQ,RBC Target 2028 U.S. Corporate Bond ETF,,"Williams Cos Inc 5.300% Aug 15, 2028",1.113132,2026-09-18,RBC GAM holdings CSV (rbcgam.com),RBC GAM
RUQQ,RBC Target 2028 U.S. Corporate Bond ETF,,"NextEra Energy Capital Holdings Inc 1.900% Jun 15, 2028",1.112185,2026-09-18,RBC GAM holdings CSV (rbcgam.com),RBC GAM
RUQQ,RBC Target 2028 U.S. Corporate Bond ETF,,"Georgia Power Co 4.650% May 16, 2028",1.098,2026-09-18,RBC GAM holdings CSV (rbcgam.com),RBC GAM
RUQQ,RBC Target 2028 U.S. Corporate Bond ETF,,"American Honda Finance Corp 2.000% Mar 24, 2028",1.05996,2026-09-18,RBC GAM holdings CSV (rbcgam.com),RBC GAM
RUQQ,RBC Target 2028 U.S. Corporate Bond ETF,,"Walmart Inc 3.900% Apr 15, 2028",1.000522,2026-09-18,RBC GAM holdings CSV (rbcgam.com),RBC GAM
RUQQ,RBC Target 2028 U.S. Corporate Bond ETF,,"Johnson & Johnson 4.550% Mar 01, 2028",0.985783,2026-09-18,RBC GAM holdings CSV (rbcgam.com),RBC GAM
RUQQ,RBC Target 2028 U.S. Corporate Bond ETF,,"CenterPoint Energy Houston Electric LLC 5.200% Oct 01, 2028",0.781199,2026-09-18,RBC GAM holdings CSV (rbcgam.com),RBC GAM
RUQQ,RBC Target 2028 U.S. Corporate Bond ETF,,"Amcor Finance USA Inc 4.500% May 15, 2028",0.749317,2026-09-18,RBC GAM holdings CSV (rbcgam.com),RBC GAM
RUQQ,RBC Target 2028 U.S. Corporate Bond ETF,,"Duke Energy Carolinas LLC 3.950% Nov 15, 2028",0.707734,2026-09-18,RBC GAM holdings CSV (rbcgam.com),RBC GAM
RUQQ,RBC Target 2028 U.S. Corporate Bond ETF,,"Oracle Corp 2.300% Mar 25, 2028",0.703198,2026-09-18,RBC GAM holdings CSV (rbcgam.com),RBC GAM
RUQQ,RBC Target 2028 U.S. Corporate Bond ETF,,"Florida Power & Light Co 4.400% May 15, 2028",0.692707,2026-09-18,RBC GAM holdings CSV (rbcgam.com),RBC GAM
RUQQ,RBC Target 2028 U.S. Corporate Bond ETF,,"Southwestern Electric Power Co 4.100% Sep 15, 2028",0.68035,2026-09-18,RBC GAM holdings CSV (rbcgam.com),RBC GAM
RUQQ,RBC Target 2028 U.S. Corporate Bond ETF,,"Commonwealth Edison Co 3.700% Aug 15, 2028",0.679209,2026-09-18,RBC GAM holdings CSV (rbcgam.com),RBC GAM
RUQQ,RBC Target 2028 U.S. Corporate Bond ETF,,"Colgate-Palmolive Co 4.600% Mar 01, 2028",0.639951,2026-09-18,RBC GAM holdings CSV (rbcgam.com),RBC GAM
RUQQ,RBC Target 2028 U.S. Corporate Bond ETF,,"Ameren Illinois Co 3.800% May 15, 2028",0.613362,2026-09-18,RBC GAM holdings CSV (rbcgam.com),RBC GAM
RUQQ,RBC Target 2028 U.S. Corporate Bond ETF,,"WEC Energy Group Inc 2.200% Dec 15, 2028",0.606594,2026-09-18,RBC GAM holdings CSV (rbcgam.com),RBC GAM
RUQQ,RBC Target 2028 U.S. Corporate Bond ETF,,"Intel Corp 1.600% Aug 12, 2028",0.563386,2026-09-18,RBC GAM holdings CSV (rbcgam.com),RBC GAM
RUQQ,RBC Target 2028 U.S. Corporate Bond ETF,,"Starbucks Corp 3.500% Mar 01, 2028",0.478438,2026-09-18,RBC GAM holdings CSV (rbcgam.com),RBC GAM
RUQQ-U,RBC Target 2028 U.S. Corporate Bond ETF (USD Units),,"Bank of America Corp 2.087% Jun 14, 2029",3.603318,2026-09-18,"RBC GAM holdings CSV (rbcgam.com) — USD class, verified identical to base via Currency options",RBC GAM
RUQQ-U,RBC Target 2028 U.S. Corporate Bond ETF (USD Units),,"Morgan Stanley 3.772% Jan 24, 2029",3.438718,2026-09-18,"RBC GAM holdings CSV (rbcgam.com) — USD class, verified identical to base via Currency options",RBC GAM
RUQQ-U,RBC Target 2028 U.S. Corporate Bond ETF (USD Units),,"JPMorgan Chase & Co 4.203% Jul 23, 2029",3.393628,2026-09-18,"RBC GAM holdings CSV (rbcgam.com) — USD class, verified identical to base via Currency options",RBC GAM
RUQQ-U,RBC Target 2028 U.S. Corporate Bond ETF (USD Units),,"Citigroup Inc 4.075% Apr 23, 2029",3.23185,2026-09-18,"RBC GAM holdings CSV (rbcgam.com) — USD class, verified identical to base via Currency options",RBC GAM
RUQQ-U,RBC Target 2028 U.S. Corporate Bond ETF (USD Units),,"Goldman Sachs Group Inc 4.223% May 01, 2029",3.173158,2026-09-18,"RBC GAM holdings CSV (rbcgam.com) — USD class, verified identical to base via Currency options",RBC GAM
RUQQ-U,RBC Target 2028 U.S. Corporate Bond ETF (USD Units),,"Bank of New York Mellon Corp 4.543% Feb 01, 2029",3.043777,2026-09-18,"RBC GAM holdings CSV (rbcgam.com) — USD class, verified identical to base via Currency options",RBC GAM
RUQQ-U,RBC Target 2028 U.S. Corporate Bond ETF (USD Units),,"Mitsubishi UFJ Financial Group Inc 3.961% Mar 02, 2028",2.21767,2026-09-18,"RBC GAM holdings CSV (rbcgam.com) — USD class, verified identical to base via Currency options",RBC GAM
RUQQ-U,RBC Target 2028 U.S. Corporate Bond ETF (USD Units),,"Amazon.com Inc 1.650% May 12, 2028",2.203246,2026-09-18,"RBC GAM holdings CSV (rbcgam.com) — USD class, verified identical to base via Currency options",RBC GAM
RUQQ-U,RBC Target 2028 U.S. Corporate Bond ETF (USD Units),,"John Deere Capital Corp 4.950% Jul 14, 2028",2.201157,2026-09-18,"RBC GAM holdings CSV (rbcgam.com) — USD class, verified identical to base via Currency options",RBC GAM
RUQQ-U,RBC Target 2028 U.S. Corporate Bond ETF (USD Units),,"Thermo Fisher Scientific Inc 1.750% Oct 15, 2028",2.193288,2026-09-18,"RBC GAM holdings CSV (rbcgam.com) — USD class, verified identical to base via Currency options",RBC GAM
RUQQ-U,RBC Target 2028 U.S. Corporate Bond ETF (USD Units),,"AbbVie Inc 4.250% Nov 14, 2028",2.189023,2026-09-18,"RBC GAM holdings CSV (rbcgam.com) — USD class, verified identical to base via Currency options",RBC GAM
RUQQ-U,RBC Target 2028 U.S. Corporate Bond ETF (USD Units),,"HSBC Holdings PLC 2.206% Aug 17, 2029",2.169226,2026-09-18,"RBC GAM holdings CSV (rbcgam.com) — USD class, verified identical to base via Currency options",RBC GAM
RUQQ-U,RBC Target 2028 U.S. Corporate Bond ETF (USD Units),,"Caterpillar Financial Services Corp 4.100% Aug 15, 2028",2.15948,2026-09-18,"RBC GAM holdings CSV (rbcgam.com) — USD class, verified identical to base via Currency options",RBC GAM
RUQQ-U,RBC Target 2028 U.S. Corporate Bond ETF (USD Units),,"Toyota Motor Credit Corp 1.900% Apr 06, 2028",2.084539,2026-09-18,"RBC GAM holdings CSV (rbcgam.com) — USD class, verified identical to base via Currency options",RBC GAM
RUQQ-U,RBC Target 2028 U.S. Corporate Bond ETF (USD Units),,"Amgen Inc 1.650% Aug 15, 2028",2.003391,2026-09-18,"RBC GAM holdings CSV (rbcgam.com) — USD class, verified identical to base via Currency options",RBC GAM
RUQQ-U,RBC Target 2028 U.S. Corporate Bond ETF (USD Units),,"Apple Inc 1.400% Aug 05, 2028",1.995693,2026-09-18,"RBC GAM holdings CSV (rbcgam.com) — USD class, verified identical to base via Currency options",RBC GAM
RUQQ-U,RBC Target 2028 U.S. Corporate Bond ETF (USD Units),,"Enterprise Products Operating LLC 4.150% Oct 16, 2028",1.986008,2026-09-18,"RBC GAM holdings CSV (rbcgam.com) — USD class, verified identical to base via Currency options",RBC GAM
RUQQ-U,RBC Target 2028 U.S. Corporate Bond ETF (USD Units),,"US Bancorp 4.653% Feb 01, 2029",1.980314,2026-09-18,"RBC GAM holdings CSV (rbcgam.com) — USD class, verified identical to base via Currency options",RBC GAM
RUQQ-U,RBC Target 2028 U.S. Corporate Bond ETF (USD Units),,"Analog Devices Inc 1.700% Oct 01, 2028",1.922088,2026-09-18,"RBC GAM holdings CSV (rbcgam.com) — USD class, verified identical to base via Currency options",RBC GAM
RUQQ-U,RBC Target 2028 U.S. Corporate Bond ETF (USD Units),,"T-Mobile USA Inc 2.050% Feb 15, 2028",1.911511,2026-09-18,"RBC GAM holdings CSV (rbcgam.com) — USD class, verified identical to base via Currency options",RBC GAM
RUQQ-U,RBC Target 2028 U.S. Corporate Bond ETF (USD Units),,"BP Capital Markets America Inc 3.937% Sep 21, 2028",1.863046,2026-09-18,"RBC GAM holdings CSV (rbcgam.com) — USD class, verified identical to base via Currency options",RBC GAM
RUQQ-U,RBC Target 2028 U.S. Corporate Bond ETF (USD Units),,"State Street Corp 4.141% Dec 03, 2029",1.750487,2026-09-18,"RBC GAM holdings CSV (rbcgam.com) — USD class, verified identical to base via Currency options",RBC GAM
RUQQ-U,RBC Target 2028 U.S. Corporate Bond ETF (USD Units),,"AT&T Inc 1.650% Feb 01, 2028",1.748038,2026-09-18,"RBC GAM holdings CSV (rbcgam.com) — USD class, verified identical to base via Currency options",RBC GAM
RUQQ-U,RBC Target 2028 U.S. Corporate Bond ETF (USD Units),,"UnitedHealth Group Inc 3.850% Jun 15, 2028",1.746274,2026-09-18,"RBC GAM holdings CSV (rbcgam.com) — USD class, verified identical to base via Currency options",RBC GAM
RUQQ-U,RBC Target 2028 U.S. Corporate Bond ETF (USD Units),,"Toronto-Dominion Bank 5.156% Jan 10, 2028",1.699967,2026-09-18,"RBC GAM holdings CSV (rbcgam.com) — USD class, verified identical to base via Currency options",RBC GAM
RUQQ-U,RBC Target 2028 U.S. Corporate Bond ETF (USD Units),,"Kenvue Inc 5.050% Mar 22, 2028",1.637414,2026-09-18,"RBC GAM holdings CSV (rbcgam.com) — USD class, verified identical to base via Currency options",RBC GAM
RUQQ-U,RBC Target 2028 U.S. Corporate Bond ETF (USD Units),,"General Motors Financial Co Inc 2.400% Oct 15, 2028",1.624288,2026-09-18,"RBC GAM holdings CSV (rbcgam.com) — USD class, verified identical to base via Currency options",RBC GAM
RUQQ-U,RBC Target 2028 U.S. Corporate Bond ETF (USD Units),,"Chevron USA Inc 3.850% Jan 15, 2028",1.622749,2026-09-18,"RBC GAM holdings CSV (rbcgam.com) — USD class, verified identical to base via Currency options",RBC GAM
RUQQ-U,RBC Target 2028 U.S. Corporate Bond ETF (USD Units),,"Union Pacific Corp 3.950% Sep 10, 2028",1.618838,2026-09-18,"RBC GAM holdings CSV (rbcgam.com) — USD class, verified identical to base via Currency options",RBC GAM
RUQQ-U,RBC Target 2028 U.S. Corporate Bond ETF (USD Units),,"BHP Billiton Finance USA Ltd 4.750% Feb 28, 2028",1.553924,2026-09-18,"RBC GAM holdings CSV (rbcgam.com) — USD class, verified identical to base via Currency options",RBC GAM
RUQQ-U,RBC Target 2028 U.S. Corporate Bond ETF (USD Units),,"Comcast Corp 3.150% Feb 15, 2028",1.54704,2026-09-18,"RBC GAM holdings CSV (rbcgam.com) — USD class, verified identical to base via Currency options",RBC GAM
RUQQ-U,RBC Target 2028 U.S. Corporate Bond ETF (USD Units),,"Cintas Corp No 2 4.200% May 01, 2028",1.543541,2026-09-18,"RBC GAM holdings CSV (rbcgam.com) — USD class, verified identical to base via Currency options",RBC GAM
RUQQ-U,RBC Target 2028 U.S. Corporate Bond ETF (USD Units),,"Duke Energy Progress LLC 3.700% Sep 01, 2028",1.465875,2026-09-18,"RBC GAM holdings CSV (rbcgam.com) — USD class, verified identical to base via Currency options",RBC GAM
RUQQ-U,RBC Target 2028 U.S. Corporate Bond ETF (USD Units),,"Kimberly-Clark Corp 3.950% Nov 01, 2028",1.429644,2026-09-18,"RBC GAM holdings CSV (rbcgam.com) — USD class, verified identical to base via Currency options",RBC GAM
RUQQ-U,RBC Target 2028 U.S. Corporate Bond ETF (USD Units),,"Home Depot Inc 0.900% Mar 15, 2028",1.390023,2026-09-18,"RBC GAM holdings CSV (rbcgam.com) — USD class, verified identical to base via Currency options",RBC GAM
RUQQ-U,RBC Target 2028 U.S. Corporate Bond ETF (USD Units),,"Canadian Pacific Railway Co 4.000% Jun 01, 2028",1.386783,2026-09-18,"RBC GAM holdings CSV (rbcgam.com) — USD class, verified identical to base via Currency options",RBC GAM
RUQQ-U,RBC Target 2028 U.S. Corporate Bond ETF (USD Units),,"Truist Financial Corp 1.887% Jun 07, 2029",1.357835,2026-09-18,"RBC GAM holdings CSV (rbcgam.com) — USD class, verified identical to base via Currency options",RBC GAM
RUQQ-U,RBC Target 2028 U.S. Corporate Bond ETF (USD Units),,"Westpac Banking Corp 1.953% Nov 20, 2028",1.344007,2026-09-18,"RBC GAM holdings CSV (rbcgam.com) — USD class, verified identical to base via Currency options",RBC GAM
RUQQ-U,RBC Target 2028 U.S. Corporate Bond ETF (USD Units),,"Public Service Electric and Gas Co 3.650% Sep 01, 2028",1.319354,2026-09-18,"RBC GAM holdings CSV (rbcgam.com) — USD class, verified identical to base via Currency options",RBC GAM
RUQQ-U,RBC Target 2028 U.S. Corporate Bond ETF (USD Units),,"Nutrien Ltd 4.900% Mar 27, 2028",1.192254,2026-09-18,"RBC GAM holdings CSV (rbcgam.com) — USD class, verified identical to base via Currency options",RBC GAM
RUQQ-U,RBC Target 2028 U.S. Corporate Bond ETF (USD Units),,"Hershey Co 4.250% May 04, 2028",1.18556,2026-09-18,"RBC GAM holdings CSV (rbcgam.com) — USD class, verified identical to base via Currency options",RBC GAM
RUQQ-U,RBC Target 2028 U.S. Corporate Bond ETF (USD Units),,"Berkshire Hathaway Energy Co 3.250% Apr 15, 2028",1.164924,2026-09-18,"RBC GAM holdings CSV (rbcgam.com) — USD class, verified identical to base via Currency options",RBC GAM
RUQQ-U,RBC Target 2028 U.S. Corporate Bond ETF (USD Units),,"PACCAR Financial Corp 4.600% Jan 10, 2028",1.160932,2026-09-18,"RBC GAM holdings CSV (rbcgam.com) — USD class, verified identical to base via Currency options",RBC GAM
RUQQ-U,RBC Target 2028 U.S. Corporate Bond ETF (USD Units),,"PNC Financial Services Group Inc 5.582% Jun 12, 2029",1.160857,2026-09-18,"RBC GAM holdings CSV (rbcgam.com) — USD class, verified identical to base via Currency options",RBC GAM
RUQQ-U,RBC Target 2028 U.S. Corporate Bond ETF (USD Units),,"Canadian National Railway Co 6.900% Jul 15, 2028",1.12024,2026-09-18,"RBC GAM holdings CSV (rbcgam.com) — USD class, verified identical to base via Currency options",RBC GAM
RUQQ-U,RBC Target 2028 U.S. Corporate Bond ETF (USD Units),,"Williams Cos Inc 5.300% Aug 15, 2028",1.113132,2026-09-18,"RBC GAM holdings CSV (rbcgam.com) — USD class, verified identical to base via Currency options",RBC GAM
RUQQ-U,RBC Target 2028 U.S. Corporate Bond ETF (USD Units),,"NextEra Energy Capital Holdings Inc 1.900% Jun 15, 2028",1.112185,2026-09-18,"RBC GAM holdings CSV (rbcgam.com) — USD class, verified identical to base via Currency options",RBC GAM
RUQQ-U,RBC Target 2028 U.S. Corporate Bond ETF (USD Units),,"Georgia Power Co 4.650% May 16, 2028",1.098,2026-09-18,"RBC GAM holdings CSV (rbcgam.com) — USD class, verified identical to base via Currency options",RBC GAM
RUQQ-U,RBC Target 2028 U.S. Corporate Bond ETF (USD Units),,"American Honda Finance Corp 2.000% Mar 24, 2028",1.05996,2026-09-18,"RBC GAM holdings CSV (rbcgam.com) — USD class, verified identical to base via Currency options",RBC GAM
RUQQ-U,RBC Target 2028 U.S. Corporate Bond ETF (USD Units),,"Walmart Inc 3.900% Apr 15, 2028",1.000522,2026-09-18,"RBC GAM holdings CSV (rbcgam.com) — USD class, verified identical to base via Currency options",RBC GAM
RUQQ-U,RBC Target 2028 U.S. Corporate Bond ETF (USD Units),,"Johnson & Johnson 4.550% Mar 01, 2028",0.985783,2026-09-18,"RBC GAM holdings CSV (rbcgam.com) — USD class, verified identical to base via Currency options",RBC GAM
RUQQ-U,RBC Target 2028 U.S. Corporate Bond ETF (USD Units),,"CenterPoint Energy Houston Electric LLC 5.200% Oct 01, 2028",0.781199,2026-09-18,"RBC GAM holdings CSV (rbcgam.com) — USD class, verified identical to base via Currency options",RBC GAM
RUQQ-U,RBC Target 2028 U.S. Corporate Bond ETF (USD Units),,"Amcor Finance USA Inc 4.500% May 15, 2028",0.749317,2026-09-18,"RBC GAM holdings CSV (rbcgam.com) — USD class, verified identical to base via Currency options",RBC GAM
RUQQ-U,RBC Target 2028 U.S. Corporate Bond ETF (USD Units),,"Duke Energy Carolinas LLC 3.950% Nov 15, 2028",0.707734,2026-09-18,"RBC GAM holdings CSV (rbcgam.com) — USD class, verified identical to base via Currency options",RBC GAM
RUQQ-U,RBC Target 2028 U.S. Corporate Bond ETF (USD Units),,"Oracle Corp 2.300% Mar 25, 2028",0.703198,2026-09-18,"RBC GAM holdings CSV (rbcgam.com) — USD class, verified identical to base via Currency options",RBC GAM
RUQQ-U,RBC Target 2028 U.S. Corporate Bond ETF (USD Units),,"Florida Power & Light Co 4.400% May 15, 2028",0.692707,2026-09-18,"RBC GAM holdings CSV (rbcgam.com) — USD class, verified identical to base via Currency options",RBC GAM
RUQQ-U,RBC Target 2028 U.S. Corporate Bond ETF (USD Units),,"Southwestern Electric Power Co 4.100% Sep 15, 2028",0.68035,2026-09-18,"RBC GAM holdings CSV (rbcgam.com) — USD class, verified identical to base via Currency options",RBC GAM
RUQQ-U,RBC Target 2028 U.S. Corporate Bond ETF (USD Units),,"Commonwealth Edison Co 3.700% Aug 15, 2028",0.679209,2026-09-18,"RBC GAM holdings CSV (rbcgam.com) — USD class, verified identical to base via Currency options",RBC GAM
RUQQ-U,RBC Target 2028 U.S. Corporate Bond ETF (USD Units),,"Colgate-Palmolive Co 4.600% Mar 01, 2028",0.639951,2026-09-18,"RBC GAM holdings CSV (rbcgam.com) — USD class, verified identical to base via Currency options",RBC GAM
RUQQ-U,RBC Target 2028 U.S. Corporate Bond ETF (USD Units),,"Ameren Illinois Co 3.800% May 15, 2028",0.613362,2026-09-18,"RBC GAM holdings CSV (rbcgam.com) — USD class, verified identical to base via Currency options",RBC GAM
RUQQ-U,RBC Target 2028 U.S. Corporate Bond ETF (USD Units),,"WEC Energy Group Inc 2.200% Dec 15, 2028",0.606594,2026-09-18,"RBC GAM holdings CSV (rbcgam.com) — USD class, verified identical to base via Currency options",RBC GAM
RUQQ-U,RBC Target 2028 U.S. Corporate Bond ETF (USD Units),,"Intel Corp 1.600% Aug 12, 2028",0.563386,2026-09-18,"RBC GAM holdings CSV (rbcgam.com) — USD class, verified identical to base via Currency options",RBC GAM
RUQQ-U,RBC Target 2028 U.S. Corporate Bond ETF (USD Units),,"Starbucks Corp 3.500% Mar 01, 2028",0.478438,2026-09-18,"RBC GAM holdings CSV (rbcgam.com) — USD class, verified identical to base via Currency options",RBC GAM
RUQR,RBC Target 2029 U.S. Corporate Bond ETF,,"Bank of America Corp 3.194% Jul 23, 2030",3.520235,2026-09-18,RBC GAM holdings CSV (rbcgam.com),RBC GAM
RUQR,RBC Target 2029 U.S. Corporate Bond ETF,,"JPMorgan Chase & Co 2.739% Oct 15, 2030",3.410035,2026-09-18,RBC GAM holdings CSV (rbcgam.com),RBC GAM
RUQR,RBC Target 2029 U.S. Corporate Bond ETF,,"Morgan Stanley 5.173% Jan 16, 2030",3.389899,2026-09-18,RBC GAM holdings CSV (rbcgam.com),RBC GAM
RUQR,RBC Target 2029 U.S. Corporate Bond ETF,,"Wells Fargo & Co 2.879% Oct 30, 2030",3.223914,2026-09-18,RBC GAM holdings CSV (rbcgam.com),RBC GAM
RUQR,RBC Target 2029 U.S. Corporate Bond ETF,,"Citigroup Inc 3.980% Mar 20, 2030",3.174562,2026-09-18,RBC GAM holdings CSV (rbcgam.com),RBC GAM
RUQR,RBC Target 2029 U.S. Corporate Bond ETF,,"Bank of New York Mellon Corp 4.596% Jul 26, 2030",2.970205,2026-09-18,RBC GAM holdings CSV (rbcgam.com),RBC GAM
RUQR,RBC Target 2029 U.S. Corporate Bond ETF,,"HSBC Holdings PLC 3.973% May 22, 2030",2.756966,2026-09-18,RBC GAM holdings CSV (rbcgam.com),RBC GAM
RUQR,RBC Target 2029 U.S. Corporate Bond ETF,,"John Deere Capital Corp 2.800% Jul 18, 2029",2.633197,2026-09-18,RBC GAM holdings CSV (rbcgam.com),RBC GAM
RUQR,RBC Target 2029 U.S. Corporate Bond ETF,,"AbbVie Inc 3.200% Nov 21, 2029",2.610714,2026-09-18,RBC GAM holdings CSV (rbcgam.com),RBC GAM
RUQR,RBC Target 2029 U.S. Corporate Bond ETF,,"US Bancorp 5.384% Jan 23, 2030",2.594169,2026-09-18,RBC GAM holdings CSV (rbcgam.com),RBC GAM
RUQR,RBC Target 2029 U.S. Corporate Bond ETF,,"Amazon.com Inc 3.450% Apr 13, 2029",2.592922,2026-09-18,RBC GAM holdings CSV (rbcgam.com),RBC GAM
RUQR,RBC Target 2029 U.S. Corporate Bond ETF,,"Caterpillar Inc 2.600% Sep 19, 2029",2.578492,2026-09-18,RBC GAM holdings CSV (rbcgam.com),RBC GAM
RUQR,RBC Target 2029 U.S. Corporate Bond ETF,,"Consumers Energy Co 4.900% Feb 15, 2029",2.435184,2026-09-18,RBC GAM holdings CSV (rbcgam.com),RBC GAM
RUQR,RBC Target 2029 U.S. Corporate Bond ETF,,"Applied Materials Inc 4.800% Jun 15, 2029",2.376252,2026-09-18,RBC GAM holdings CSV (rbcgam.com),RBC GAM
RUQR,RBC Target 2029 U.S. Corporate Bond ETF,,"Mitsubishi UFJ Financial Group Inc 3.741% Mar 07, 2029",2.028594,2026-09-18,RBC GAM holdings CSV (rbcgam.com),RBC GAM
RUQR,RBC Target 2029 U.S. Corporate Bond ETF,,"Mastercard Inc 2.950% Jun 01, 2029",2.011373,2026-09-18,RBC GAM holdings CSV (rbcgam.com),RBC GAM
RUQR,RBC Target 2029 U.S. Corporate Bond ETF,,"Home Depot Inc 2.950% Jun 15, 2029",2.005534,2026-09-18,RBC GAM holdings CSV (rbcgam.com),RBC GAM
RUQR,RBC Target 2029 U.S. Corporate Bond ETF,,"Toyota Motor Credit Corp 4.450% Jun 29, 2029",1.997256,2026-09-18,RBC GAM holdings CSV (rbcgam.com),RBC GAM
RUQR,RBC Target 2029 U.S. Corporate Bond ETF,,"Pepsico Singapore Financing I Pte Ltd 4.550% Feb 16, 2029",1.985066,2026-09-18,RBC GAM holdings CSV (rbcgam.com),RBC GAM
RUQR,RBC Target 2029 U.S. Corporate Bond ETF,,"TotalEnergies Capital International SA 3.455% Feb 19, 2029",1.980845,2026-09-18,RBC GAM holdings CSV (rbcgam.com),RBC GAM
RUQR,RBC Target 2029 U.S. Corporate Bond ETF,,"T-Mobile USA Inc 2.625% Feb 15, 2029",1.977861,2026-09-18,RBC GAM holdings CSV (rbcgam.com),RBC GAM
RUQR,RBC Target 2029 U.S. Corporate Bond ETF,,"Georgia Power Co 2.650% Sep 15, 2029",1.969737,2026-09-18,RBC GAM holdings CSV (rbcgam.com),RBC GAM
RUQR,RBC Target 2029 U.S. Corporate Bond ETF,,"AstraZeneca Finance LLC 4.850% Feb 26, 2029",1.947597,2026-09-18,RBC GAM holdings CSV (rbcgam.com),RBC GAM
RUQR,RBC Target 2029 U.S. Corporate Bond ETF,,"Cisco Systems Inc 4.850% Feb 26, 2029",1.939526,2026-09-18,RBC GAM holdings CSV (rbcgam.com),RBC GAM
RUQR,RBC Target 2029 U.S. Corporate Bond ETF,,"Texas Instruments Inc 4.600% Feb 08, 2029",1.92804,2026-09-18,RBC GAM holdings CSV (rbcgam.com),RBC GAM
RUQR,RBC Target 2029 U.S. Corporate Bond ETF,,"Chevron USA Inc 3.250% Oct 15, 2029",1.72175,2026-09-18,RBC GAM holdings CSV (rbcgam.com),RBC GAM
RUQR,RBC Target 2029 U.S. Corporate Bond ETF,,"Thermo Fisher Scientific Inc 2.600% Oct 01, 2029",1.689931,2026-09-18,RBC GAM holdings CSV (rbcgam.com),RBC GAM
RUQR,RBC Target 2029 U.S. Corporate Bond ETF,,"Truist Financial Corp 5.435% Jan 24, 2030",1.591533,2026-09-18,RBC GAM holdings CSV (rbcgam.com),RBC GAM
RUQR,RBC Target 2029 U.S. Corporate Bond ETF,,"KeyCorp 2.550% Oct 01, 2029",1.584816,2026-09-18,RBC GAM holdings CSV (rbcgam.com),RBC GAM
RUQR,RBC Target 2029 U.S. Corporate Bond ETF,,"Apple Inc 2.200% Sep 11, 2029",1.558221,2026-09-18,RBC GAM holdings CSV (rbcgam.com),RBC GAM
RUQR,RBC Target 2029 U.S. Corporate Bond ETF,,"Merck & Co Inc 3.400% Mar 07, 2029",1.544751,2026-09-18,RBC GAM holdings CSV (rbcgam.com),RBC GAM
RUQR,RBC Target 2029 U.S. Corporate Bond ETF,,"Anheuser-Busch InBev Worldwide Inc 4.750% Jan 23, 2029",1.527765,2026-09-18,RBC GAM holdings CSV (rbcgam.com),RBC GAM
RUQR,RBC Target 2029 U.S. Corporate Bond ETF,,"MidAmerican Energy Co 3.650% Apr 15, 2029",1.469142,2026-09-18,RBC GAM holdings CSV (rbcgam.com),RBC GAM
RUQR,RBC Target 2029 U.S. Corporate Bond ETF,,"PNC Financial Services Group Inc 3.450% Apr 23, 2029",1.44914,2026-09-18,RBC GAM holdings CSV (rbcgam.com),RBC GAM
RUQR,RBC Target 2029 U.S. Corporate Bond ETF,,"UnitedHealth Group Inc 2.875% Aug 15, 2029",1.420197,2026-09-18,RBC GAM holdings CSV (rbcgam.com),RBC GAM
RUQR,RBC Target 2029 U.S. Corporate Bond ETF,,"Cummins Inc 4.900% Feb 20, 2029",1.415179,2026-09-18,RBC GAM holdings CSV (rbcgam.com),RBC GAM
RUQR,RBC Target 2029 U.S. Corporate Bond ETF,,"Piedmont Natural Gas Co Inc 3.500% Jun 01, 2029",1.342473,2026-09-18,RBC GAM holdings CSV (rbcgam.com),RBC GAM
RUQR,RBC Target 2029 U.S. Corporate Bond ETF,,"Shell International Finance BV 2.375% Nov 07, 2029",1.270406,2026-09-18,RBC GAM holdings CSV (rbcgam.com),RBC GAM
RUQR,RBC Target 2029 U.S. Corporate Bond ETF,,"Walmart Inc 2.375% Sep 24, 2029",1.258535,2026-09-18,RBC GAM holdings CSV (rbcgam.com),RBC GAM
RUQR,RBC Target 2029 U.S. Corporate Bond ETF,,"General Motors Financial Co Inc 4.300% Apr 06, 2029",1.152241,2026-09-18,RBC GAM holdings CSV (rbcgam.com),RBC GAM
RUQR,RBC Target 2029 U.S. Corporate Bond ETF,,"Williams Cos Inc 4.900% Mar 15, 2029",1.108075,2026-09-18,RBC GAM holdings CSV (rbcgam.com),RBC GAM
RUQR,RBC Target 2029 U.S. Corporate Bond ETF,,"Westpac Banking Corp 5.050% Apr 16, 2029",1.083053,2026-09-18,RBC GAM holdings CSV (rbcgam.com),RBC GAM
RUQR,RBC Target 2029 U.S. Corporate Bond ETF,,"PACCAR Financial Corp 4.600% Jan 31, 2029",0.90057,2026-09-18,RBC GAM holdings CSV (rbcgam.com),RBC GAM
RUQR,RBC Target 2029 U.S. Corporate Bond ETF,,"Ecolab Inc 4.600% Jun 15, 2029",0.855833,2026-09-18,RBC GAM holdings CSV (rbcgam.com),RBC GAM
RUQR,RBC Target 2029 U.S. Corporate Bond ETF,,"Evergy Inc 2.900% Sep 15, 2029",0.763683,2026-09-18,RBC GAM holdings CSV (rbcgam.com),RBC GAM
RUQR,RBC Target 2029 U.S. Corporate Bond ETF,,"Target Corp 3.375% Apr 15, 2029",0.757745,2026-09-18,RBC GAM holdings CSV (rbcgam.com),RBC GAM
RUQR,RBC Target 2029 U.S. Corporate Bond ETF,,"Avangrid Inc 3.800% Jun 01, 2029",0.756428,2026-09-18,RBC GAM holdings CSV (rbcgam.com),RBC GAM
RUQR,RBC Target 2029 U.S. Corporate Bond ETF,,"American Honda Finance Corp 2.250% Jan 12, 2029",0.72665,2026-09-18,RBC GAM holdings CSV (rbcgam.com),RBC GAM
RUQR,RBC Target 2029 U.S. Corporate Bond ETF,,"Exxon Mobil Corp 2.440% Aug 16, 2029",0.724931,2026-09-18,RBC GAM holdings CSV (rbcgam.com),RBC GAM
RUQR,RBC Target 2029 U.S. Corporate Bond ETF,,"Energy Transfer LP 5.250% Apr 15, 2029",0.704133,2026-09-18,RBC GAM holdings CSV (rbcgam.com),RBC GAM
RUQR,RBC Target 2029 U.S. Corporate Bond ETF,,"HCA Inc 4.125% Jun 15, 2029",0.683318,2026-09-18,RBC GAM holdings CSV (rbcgam.com),RBC GAM
RUQR,RBC Target 2029 U.S. Corporate Bond ETF,,"CVS Health Corp 3.250% Aug 15, 2029",0.649177,2026-09-18,RBC GAM holdings CSV (rbcgam.com),RBC GAM
RUQR,RBC Target 2029 U.S. Corporate Bond ETF,,"Nutrien Ltd 4.200% Apr 01, 2029",0.643085,2026-09-18,RBC GAM holdings CSV (rbcgam.com),RBC GAM
RUQR,RBC Target 2029 U.S. Corporate Bond ETF,,"Florida Power & Light Co 5.150% Jun 15, 2029",0.608663,2026-09-18,RBC GAM holdings CSV (rbcgam.com),RBC GAM
RUQR,RBC Target 2029 U.S. Corporate Bond ETF,,"Canadian Pacific Railway Co 2.875% Nov 15, 2029",0.607507,2026-09-18,RBC GAM holdings CSV (rbcgam.com),RBC GAM
RUQR,RBC Target 2029 U.S. Corporate Bond ETF,,"Gilead Sciences Inc 4.400% May 20, 2029",0.596374,2026-09-18,RBC GAM holdings CSV (rbcgam.com),RBC GAM
RUQR,RBC Target 2029 U.S. Corporate Bond ETF,,"Amgen Inc 4.050% Aug 18, 2029",0.564877,2026-09-18,RBC GAM holdings CSV (rbcgam.com),RBC GAM
RUQR,RBC Target 2029 U.S. Corporate Bond ETF,,"Kinder Morgan Inc 5.000% Feb 01, 2029",0.562716,2026-09-18,RBC GAM holdings CSV (rbcgam.com),RBC GAM
RUQR,RBC Target 2029 U.S. Corporate Bond ETF,,"Verizon Communications Inc 4.016% Dec 03, 2029",0.562631,2026-09-18,RBC GAM holdings CSV (rbcgam.com),RBC GAM
RUQR,RBC Target 2029 U.S. Corporate Bond ETF,,"AT&T Inc 4.350% Mar 01, 2029",0.550881,2026-09-18,RBC GAM holdings CSV (rbcgam.com),RBC GAM
RUQR,RBC Target 2029 U.S. Corporate Bond ETF,,"NextEra Energy Capital Holdings Inc 2.750% Nov 01, 2029",0.544934,2026-09-18,RBC GAM holdings CSV (rbcgam.com),RBC GAM
RUQR,RBC Target 2029 U.S. Corporate Bond ETF,,"Ameren Corp 5.000% Jan 15, 2029",0.514637,2026-09-18,RBC GAM holdings CSV (rbcgam.com),RBC GAM
RUQR,RBC Target 2029 U.S. Corporate Bond ETF,,"American Electric Power Co Inc 5.200% Jan 15, 2029",0.495843,2026-09-18,RBC GAM holdings CSV (rbcgam.com),RBC GAM
RUQR-U,RBC Target 2029 U.S. Corporate Bond ETF (USD Units),,"Bank of America Corp 3.194% Jul 23, 2030",3.520235,2026-09-18,"RBC GAM holdings CSV (rbcgam.com) — USD class, verified identical to base via Currency options",RBC GAM
RUQR-U,RBC Target 2029 U.S. Corporate Bond ETF (USD Units),,"JPMorgan Chase & Co 2.739% Oct 15, 2030",3.410035,2026-09-18,"RBC GAM holdings CSV (rbcgam.com) — USD class, verified identical to base via Currency options",RBC GAM
RUQR-U,RBC Target 2029 U.S. Corporate Bond ETF (USD Units),,"Morgan Stanley 5.173% Jan 16, 2030",3.389899,2026-09-18,"RBC GAM holdings CSV (rbcgam.com) — USD class, verified identical to base via Currency options",RBC GAM
RUQR-U,RBC Target 2029 U.S. Corporate Bond ETF (USD Units),,"Wells Fargo & Co 2.879% Oct 30, 2030",3.223914,2026-09-18,"RBC GAM holdings CSV (rbcgam.com) — USD class, verified identical to base via Currency options",RBC GAM
RUQR-U,RBC Target 2029 U.S. Corporate Bond ETF (USD Units),,"Citigroup Inc 3.980% Mar 20, 2030",3.174562,2026-09-18,"RBC GAM holdings CSV (rbcgam.com) — USD class, verified identical to base via Currency options",RBC GAM
RUQR-U,RBC Target 2029 U.S. Corporate Bond ETF (USD Units),,"Bank of New York Mellon Corp 4.596% Jul 26, 2030",2.970205,2026-09-18,"RBC GAM holdings CSV (rbcgam.com) — USD class, verified identical to base via Currency options",RBC GAM
RUQR-U,RBC Target 2029 U.S. Corporate Bond ETF (USD Units),,"HSBC Holdings PLC 3.973% May 22, 2030",2.756966,2026-09-18,"RBC GAM holdings CSV (rbcgam.com) — USD class, verified identical to base via Currency options",RBC GAM
RUQR-U,RBC Target 2029 U.S. Corporate Bond ETF (USD Units),,"John Deere Capital Corp 2.800% Jul 18, 2029",2.633197,2026-09-18,"RBC GAM holdings CSV (rbcgam.com) — USD class, verified identical to base via Currency options",RBC GAM
RUQR-U,RBC Target 2029 U.S. Corporate Bond ETF (USD Units),,"AbbVie Inc 3.200% Nov 21, 2029",2.610714,2026-09-18,"RBC GAM holdings CSV (rbcgam.com) — USD class, verified identical to base via Currency options",RBC GAM
RUQR-U,RBC Target 2029 U.S. Corporate Bond ETF (USD Units),,"US Bancorp 5.384% Jan 23, 2030",2.594169,2026-09-18,"RBC GAM holdings CSV (rbcgam.com) — USD class, verified identical to base via Currency options",RBC GAM
RUQR-U,RBC Target 2029 U.S. Corporate Bond ETF (USD Units),,"Amazon.com Inc 3.450% Apr 13, 2029",2.592922,2026-09-18,"RBC GAM holdings CSV (rbcgam.com) — USD class, verified identical to base via Currency options",RBC GAM
RUQR-U,RBC Target 2029 U.S. Corporate Bond ETF (USD Units),,"Caterpillar Inc 2.600% Sep 19, 2029",2.578492,2026-09-18,"RBC GAM holdings CSV (rbcgam.com) — USD class, verified identical to base via Currency options",RBC GAM
RUQR-U,RBC Target 2029 U.S. Corporate Bond ETF (USD Units),,"Consumers Energy Co 4.900% Feb 15, 2029",2.435184,2026-09-18,"RBC GAM holdings CSV (rbcgam.com) — USD class, verified identical to base via Currency options",RBC GAM
RUQR-U,RBC Target 2029 U.S. Corporate Bond ETF (USD Units),,"Applied Materials Inc 4.800% Jun 15, 2029",2.376252,2026-09-18,"RBC GAM holdings CSV (rbcgam.com) — USD class, verified identical to base via Currency options",RBC GAM
RUQR-U,RBC Target 2029 U.S. Corporate Bond ETF (USD Units),,"Mitsubishi UFJ Financial Group Inc 3.741% Mar 07, 2029",2.028594,2026-09-18,"RBC GAM holdings CSV (rbcgam.com) — USD class, verified identical to base via Currency options",RBC GAM
RUQR-U,RBC Target 2029 U.S. Corporate Bond ETF (USD Units),,"Mastercard Inc 2.950% Jun 01, 2029",2.011373,2026-09-18,"RBC GAM holdings CSV (rbcgam.com) — USD class, verified identical to base via Currency options",RBC GAM
RUQR-U,RBC Target 2029 U.S. Corporate Bond ETF (USD Units),,"Home Depot Inc 2.950% Jun 15, 2029",2.005534,2026-09-18,"RBC GAM holdings CSV (rbcgam.com) — USD class, verified identical to base via Currency options",RBC GAM
RUQR-U,RBC Target 2029 U.S. Corporate Bond ETF (USD Units),,"Toyota Motor Credit Corp 4.450% Jun 29, 2029",1.997256,2026-09-18,"RBC GAM holdings CSV (rbcgam.com) — USD class, verified identical to base via Currency options",RBC GAM
RUQR-U,RBC Target 2029 U.S. Corporate Bond ETF (USD Units),,"Pepsico Singapore Financing I Pte Ltd 4.550% Feb 16, 2029",1.985066,2026-09-18,"RBC GAM holdings CSV (rbcgam.com) — USD class, verified identical to base via Currency options",RBC GAM
RUQR-U,RBC Target 2029 U.S. Corporate Bond ETF (USD Units),,"TotalEnergies Capital International SA 3.455% Feb 19, 2029",1.980845,2026-09-18,"RBC GAM holdings CSV (rbcgam.com) — USD class, verified identical to base via Currency options",RBC GAM
RUQR-U,RBC Target 2029 U.S. Corporate Bond ETF (USD Units),,"T-Mobile USA Inc 2.625% Feb 15, 2029",1.977861,2026-09-18,"RBC GAM holdings CSV (rbcgam.com) — USD class, verified identical to base via Currency options",RBC GAM
RUQR-U,RBC Target 2029 U.S. Corporate Bond ETF (USD Units),,"Georgia Power Co 2.650% Sep 15, 2029",1.969737,2026-09-18,"RBC GAM holdings CSV (rbcgam.com) — USD class, verified identical to base via Currency options",RBC GAM
RUQR-U,RBC Target 2029 U.S. Corporate Bond ETF (USD Units),,"AstraZeneca Finance LLC 4.850% Feb 26, 2029",1.947597,2026-09-18,"RBC GAM holdings CSV (rbcgam.com) — USD class, verified identical to base via Currency options",RBC GAM
RUQR-U,RBC Target 2029 U.S. Corporate Bond ETF (USD Units),,"Cisco Systems Inc 4.850% Feb 26, 2029",1.939526,2026-09-18,"RBC GAM holdings CSV (rbcgam.com) — USD class, verified identical to base via Currency options",RBC GAM
RUQR-U,RBC Target 2029 U.S. Corporate Bond ETF (USD Units),,"Texas Instruments Inc 4.600% Feb 08, 2029",1.92804,2026-09-18,"RBC GAM holdings CSV (rbcgam.com) — USD class, verified identical to base via Currency options",RBC GAM
RUQR-U,RBC Target 2029 U.S. Corporate Bond ETF (USD Units),,"Chevron USA Inc 3.250% Oct 15, 2029",1.72175,2026-09-18,"RBC GAM holdings CSV (rbcgam.com) — USD class, verified identical to base via Currency options",RBC GAM
RUQR-U,RBC Target 2029 U.S. Corporate Bond ETF (USD Units),,"Thermo Fisher Scientific Inc 2.600% Oct 01, 2029",1.689931,2026-09-18,"RBC GAM holdings CSV (rbcgam.com) — USD class, verified identical to base via Currency options",RBC GAM
RUQR-U,RBC Target 2029 U.S. Corporate Bond ETF (USD Units),,"Truist Financial Corp 5.435% Jan 24, 2030",1.591533,2026-09-18,"RBC GAM holdings CSV (rbcgam.com) — USD class, verified identical to base via Currency options",RBC GAM
RUQR-U,RBC Target 2029 U.S. Corporate Bond ETF (USD Units),,"KeyCorp 2.550% Oct 01, 2029",1.584816,2026-09-18,"RBC GAM holdings CSV (rbcgam.com) — USD class, verified identical to base via Currency options",RBC GAM
RUQR-U,RBC Target 2029 U.S. Corporate Bond ETF (USD Units),,"Apple Inc 2.200% Sep 11, 2029",1.558221,2026-09-18,"RBC GAM holdings CSV (rbcgam.com) — USD class, verified identical to base via Currency options",RBC GAM
RUQR-U,RBC Target 2029 U.S. Corporate Bond ETF (USD Units),,"Merck & Co Inc 3.400% Mar 07, 2029",1.544751,2026-09-18,"RBC GAM holdings CSV (rbcgam.com) — USD class, verified identical to base via Currency options",RBC GAM
RUQR-U,RBC Target 2029 U.S. Corporate Bond ETF (USD Units),,"Anheuser-Busch InBev Worldwide Inc 4.750% Jan 23, 2029",1.527765,2026-09-18,"RBC GAM holdings CSV (rbcgam.com) — USD class, verified identical to base via Currency options",RBC GAM
RUQR-U,RBC Target 2029 U.S. Corporate Bond ETF (USD Units),,"MidAmerican Energy Co 3.650% Apr 15, 2029",1.469142,2026-09-18,"RBC GAM holdings CSV (rbcgam.com) — USD class, verified identical to base via Currency options",RBC GAM
RUQR-U,RBC Target 2029 U.S. Corporate Bond ETF (USD Units),,"PNC Financial Services Group Inc 3.450% Apr 23, 2029",1.44914,2026-09-18,"RBC GAM holdings CSV (rbcgam.com) — USD class, verified identical to base via Currency options",RBC GAM
RUQR-U,RBC Target 2029 U.S. Corporate Bond ETF (USD Units),,"UnitedHealth Group Inc 2.875% Aug 15, 2029",1.420197,2026-09-18,"RBC GAM holdings CSV (rbcgam.com) — USD class, verified identical to base via Currency options",RBC GAM
RUQR-U,RBC Target 2029 U.S. Corporate Bond ETF (USD Units),,"Cummins Inc 4.900% Feb 20, 2029",1.415179,2026-09-18,"RBC GAM holdings CSV (rbcgam.com) — USD class, verified identical to base via Currency options",RBC GAM
RUQR-U,RBC Target 2029 U.S. Corporate Bond ETF (USD Units),,"Piedmont Natural Gas Co Inc 3.500% Jun 01, 2029",1.342473,2026-09-18,"RBC GAM holdings CSV (rbcgam.com) — USD class, verified identical to base via Currency options",RBC GAM
RUQR-U,RBC Target 2029 U.S. Corporate Bond ETF (USD Units),,"Shell International Finance BV 2.375% Nov 07, 2029",1.270406,2026-09-18,"RBC GAM holdings CSV (rbcgam.com) — USD class, verified identical to base via Currency options",RBC GAM
RUQR-U,RBC Target 2029 U.S. Corporate Bond ETF (USD Units),,"Walmart Inc 2.375% Sep 24, 2029",1.258535,2026-09-18,"RBC GAM holdings CSV (rbcgam.com) — USD class, verified identical to base via Currency options",RBC GAM
RUQR-U,RBC Target 2029 U.S. Corporate Bond ETF (USD Units),,"General Motors Financial Co Inc 4.300% Apr 06, 2029",1.152241,2026-09-18,"RBC GAM holdings CSV (rbcgam.com) — USD class, verified identical to base via Currency options",RBC GAM
RUQR-U,RBC Target 2029 U.S. Corporate Bond ETF (USD Units),,"Williams Cos Inc 4.900% Mar 15, 2029",1.108075,2026-09-18,"RBC GAM holdings CSV (rbcgam.com) — USD class, verified identical to base via Currency options",RBC GAM
RUQR-U,RBC Target 2029 U.S. Corporate Bond ETF (USD Units),,"Westpac Banking Corp 5.050% Apr 16, 2029",1.083053,2026-09-18,"RBC GAM holdings CSV (rbcgam.com) — USD class, verified identical to base via Currency options",RBC GAM
RUQR-U,RBC Target 2029 U.S. Corporate Bond ETF (USD Units),,"PACCAR Financial Corp 4.600% Jan 31, 2029",0.90057,2026-09-18,"RBC GAM holdings CSV (rbcgam.com) — USD class, verified identical to base via Currency options",RBC GAM
RUQR-U,RBC Target 2029 U.S. Corporate Bond ETF (USD Units),,"Ecolab Inc 4.600% Jun 15, 2029",0.855833,2026-09-18,"RBC GAM holdings CSV (rbcgam.com) — USD class, verified identical to base via Currency options",RBC GAM
RUQR-U,RBC Target 2029 U.S. Corporate Bond ETF (USD Units),,"Evergy Inc 2.900% Sep 15, 2029",0.763683,2026-09-18,"RBC GAM holdings CSV (rbcgam.com) — USD class, verified identical to base via Currency options",RBC GAM
RUQR-U,RBC Target 2029 U.S. Corporate Bond ETF (USD Units),,"Target Corp 3.375% Apr 15, 2029",0.757745,2026-09-18,"RBC GAM holdings CSV (rbcgam.com) — USD class, verified identical to base via Currency options",RBC GAM
RUQR-U,RBC Target 2029 U.S. Corporate Bond ETF (USD Units),,"Avangrid Inc 3.800% Jun 01, 2029",0.756428,2026-09-18,"RBC GAM holdings CSV (rbcgam.com) — USD class, verified identical to base via Currency options",RBC GAM
RUQR-U,RBC Target 2029 U.S. Corporate Bond ETF (USD Units),,"American Honda Finance Corp 2.250% Jan 12, 2029",0.72665,2026-09-18,"RBC GAM holdings CSV (rbcgam.com) — USD class, verified identical to base via Currency options",RBC GAM
RUQR-U,RBC Target 2029 U.S. Corporate Bond ETF (USD Units),,"Exxon Mobil Corp 2.440% Aug 16, 2029",0.724931,2026-09-18,"RBC GAM holdings CSV (rbcgam.com) — USD class, verified identical to base via Currency options",RBC GAM
RUQR-U,RBC Target 2029 U.S. Corporate Bond ETF (USD Units),,"Energy Transfer LP 5.250% Apr 15, 2029",0.704133,2026-09-18,"RBC GAM holdings CSV (rbcgam.com) — USD class, verified identical to base via Currency options",RBC GAM
RUQR-U,RBC Target 2029 U.S. Corporate Bond ETF (USD Units),,"HCA Inc 4.125% Jun 15, 2029",0.683318,2026-09-18,"RBC GAM holdings CSV (rbcgam.com) — USD class, verified identical to base via Currency options",RBC GAM
RUQR-U,RBC Target 2029 U.S. Corporate Bond ETF (USD Units),,"CVS Health Corp 3.250% Aug 15, 2029",0.649177,2026-09-18,"RBC GAM holdings CSV (rbcgam.com) — USD class, verified identical to base via Currency options",RBC GAM
RUQR-U,RBC Target 2029 U.S. Corporate Bond ETF (USD Units),,"Nutrien Ltd 4.200% Apr 01, 2029",0.643085,2026-09-18,"RBC GAM holdings CSV (rbcgam.com) — USD class, verified identical to base via Currency options",RBC GAM
RUQR-U,RBC Target 2029 U.S. Corporate Bond ETF (USD Units),,"Florida Power & Light Co 5.150% Jun 15, 2029",0.608663,2026-09-18,"RBC GAM holdings CSV (rbcgam.com) — USD class, verified identical to base via Currency options",RBC GAM
RUQR-U,RBC Target 2029 U.S. Corporate Bond ETF (USD Units),,"Canadian Pacific Railway Co 2.875% Nov 15, 2029",0.607507,2026-09-18,"RBC GAM holdings CSV (rbcgam.com) — USD class, verified identical to base via Currency options",RBC GAM
RUQR-U,RBC Target 2029 U.S. Corporate Bond ETF (USD Units),,"Gilead Sciences Inc 4.400% May 20, 2029",0.596374,2026-09-18,"RBC GAM holdings CSV (rbcgam.com) — USD class, verified identical to base via Currency options",RBC GAM
RUQR-U,RBC Target 2029 U.S. Corporate Bond ETF (USD Units),,"Amgen Inc 4.050% Aug 18, 2029",0.564877,2026-09-18,"RBC GAM holdings CSV (rbcgam.com) — USD class, verified identical to base via Currency options",RBC GAM
RUQR-U,RBC Target 2029 U.S. Corporate Bond ETF (USD Units),,"Kinder Morgan Inc 5.000% Feb 01, 2029",0.562716,2026-09-18,"RBC GAM holdings CSV (rbcgam.com) — USD class, verified identical to base via Currency options",RBC GAM
RUQR-U,RBC Target 2029 U.S. Corporate Bond ETF (USD Units),,"Verizon Communications Inc 4.016% Dec 03, 2029",0.562631,2026-09-18,"RBC GAM holdings CSV (rbcgam.com) — USD class, verified identical to base via Currency options",RBC GAM
RUQR-U,RBC Target 2029 U.S. Corporate Bond ETF (USD Units),,"AT&T Inc 4.350% Mar 01, 2029",0.550881,2026-09-18,"RBC GAM holdings CSV (rbcgam.com) — USD class, verified identical to base via Currency options",RBC GAM
RUQR-U,RBC Target 2029 U.S. Corporate Bond ETF (USD Units),,"NextEra Energy Capital Holdings Inc 2.750% Nov 01, 2029",0.544934,2026-09-18,"RBC GAM holdings CSV (rbcgam.com) — USD class, verified identical to base via Currency options",RBC GAM
RUQR-U,RBC Target 2029 U.S. Corporate Bond ETF (USD Units),,"Ameren Corp 5.000% Jan 15, 2029",0.514637,2026-09-18,"RBC GAM holdings CSV (rbcgam.com) — USD class, verified identical to base via Currency options",RBC GAM
RUQR-U,RBC Target 2029 U.S. Corporate Bond ETF (USD Units),,"American Electric Power Co Inc 5.200% Jan 15, 2029",0.495843,2026-09-18,"RBC GAM holdings CSV (rbcgam.com) — USD class, verified identical to base via Currency options",RBC GAM
RUQS,RBC Target 2030 U.S. Corporate Bond ETF,,"Bank of America Corp 1.898% Jul 23, 2031",3.631453,2026-09-18,RBC GAM holdings CSV (rbcgam.com),RBC GAM
RUQS,RBC Target 2030 U.S. Corporate Bond ETF,,"JPMorgan Chase & Co 1.764% Nov 19, 2031",3.316738,2026-09-18,RBC GAM holdings CSV (rbcgam.com),RBC GAM
RUQS,RBC Target 2030 U.S. Corporate Bond ETF,,"Citigroup Inc 2.572% Jun 03, 2031",3.178792,2026-09-18,RBC GAM holdings CSV (rbcgam.com),RBC GAM
RUQS,RBC Target 2030 U.S. Corporate Bond ETF,,"Morgan Stanley 3.622% Apr 01, 2031",3.128278,2026-09-18,RBC GAM holdings CSV (rbcgam.com),RBC GAM
RUQS,RBC Target 2030 U.S. Corporate Bond ETF,,"Mitsubishi UFJ Financial Group Inc 2.048% Jul 17, 2030",2.771683,2026-09-18,RBC GAM holdings CSV (rbcgam.com),RBC GAM
RUQS,RBC Target 2030 U.S. Corporate Bond ETF,,"Goldman Sachs Group Inc 2.600% Feb 07, 2030",2.701592,2026-09-18,RBC GAM holdings CSV (rbcgam.com),RBC GAM
RUQS,RBC Target 2030 U.S. Corporate Bond ETF,,"US Bancorp 1.375% Jul 22, 2030",2.29971,2026-09-18,RBC GAM holdings CSV (rbcgam.com),RBC GAM
RUQS,RBC Target 2030 U.S. Corporate Bond ETF,,"HSBC Holdings PLC 4.619% Nov 06, 2031",2.180352,2026-09-18,RBC GAM holdings CSV (rbcgam.com),RBC GAM
RUQS,RBC Target 2030 U.S. Corporate Bond ETF,,"Wells Fargo & Co 2.572% Feb 11, 2031",2.151844,2026-09-18,RBC GAM holdings CSV (rbcgam.com),RBC GAM
RUQS,RBC Target 2030 U.S. Corporate Bond ETF,,"Duke Energy Carolinas LLC 2.450% Feb 01, 2030",2.127177,2026-09-18,RBC GAM holdings CSV (rbcgam.com),RBC GAM
RUQS,RBC Target 2030 U.S. Corporate Bond ETF,,"Bank of Nova Scotia 4.850% Feb 01, 2030",2.037074,2026-09-18,RBC GAM holdings CSV (rbcgam.com),RBC GAM
RUQS,RBC Target 2030 U.S. Corporate Bond ETF,,"Truist Financial Corp 1.950% Jun 05, 2030",1.797876,2026-09-18,RBC GAM holdings CSV (rbcgam.com),RBC GAM
RUQS,RBC Target 2030 U.S. Corporate Bond ETF,,"Broadcom Inc 4.200% Oct 15, 2030",1.776029,2026-09-18,RBC GAM holdings CSV (rbcgam.com),RBC GAM
RUQS,RBC Target 2030 U.S. Corporate Bond ETF,,"Amazon.com Inc 1.500% Jun 03, 2030",1.737306,2026-09-18,RBC GAM holdings CSV (rbcgam.com),RBC GAM
RUQS,RBC Target 2030 U.S. Corporate Bond ETF,,"Florida Power & Light Co 4.625% May 15, 2030",1.652891,2026-09-18,RBC GAM holdings CSV (rbcgam.com),RBC GAM
RUQS,RBC Target 2030 U.S. Corporate Bond ETF,,"Apple Inc 1.650% May 11, 2030",1.642045,2026-09-18,RBC GAM holdings CSV (rbcgam.com),RBC GAM
RUQS,RBC Target 2030 U.S. Corporate Bond ETF,,"Caterpillar Inc 2.600% Apr 09, 2030",1.637514,2026-09-18,RBC GAM holdings CSV (rbcgam.com),RBC GAM
RUQS,RBC Target 2030 U.S. Corporate Bond ETF,,"Exxon Mobil Corp 2.610% Oct 15, 2030",1.629197,2026-09-18,RBC GAM holdings CSV (rbcgam.com),RBC GAM
RUQS,RBC Target 2030 U.S. Corporate Bond ETF,,"Thermo Fisher Scientific Inc 4.977% Aug 10, 2030",1.628738,2026-09-18,RBC GAM holdings CSV (rbcgam.com),RBC GAM
RUQS,RBC Target 2030 U.S. Corporate Bond ETF,,"Automatic Data Processing Inc 1.250% Sep 01, 2030",1.625075,2026-09-18,RBC GAM holdings CSV (rbcgam.com),RBC GAM
RUQS,RBC Target 2030 U.S. Corporate Bond ETF,,"Westpac Banking Corp 2.650% Jan 16, 2030",1.622276,2026-09-18,RBC GAM holdings CSV (rbcgam.com),RBC GAM
RUQS,RBC Target 2030 U.S. Corporate Bond ETF,,"John Deere Capital Corp 2.450% Jan 09, 2030",1.618953,2026-09-18,RBC GAM holdings CSV (rbcgam.com),RBC GAM
RUQS,RBC Target 2030 U.S. Corporate Bond ETF,,"Realty Income Corp 3.400% Jan 15, 2030",1.597398,2026-09-18,RBC GAM holdings CSV (rbcgam.com),RBC GAM
RUQS,RBC Target 2030 U.S. Corporate Bond ETF,,"AstraZeneca PLC 1.375% Aug 06, 2030",1.586089,2026-09-18,RBC GAM holdings CSV (rbcgam.com),RBC GAM
RUQS,RBC Target 2030 U.S. Corporate Bond ETF,,"Chevron Corp 2.236% May 11, 2030",1.580755,2026-09-18,RBC GAM holdings CSV (rbcgam.com),RBC GAM
RUQS,RBC Target 2030 U.S. Corporate Bond ETF,,"PepsiCo Inc 2.750% Mar 19, 2030",1.569601,2026-09-18,RBC GAM holdings CSV (rbcgam.com),RBC GAM
RUQS,RBC Target 2030 U.S. Corporate Bond ETF,,"Pfizer Inc 1.700% May 28, 2030",1.566071,2026-09-18,RBC GAM holdings CSV (rbcgam.com),RBC GAM
RUQS,RBC Target 2030 U.S. Corporate Bond ETF,,"Visa Inc 2.050% Apr 15, 2030",1.552312,2026-09-18,RBC GAM holdings CSV (rbcgam.com),RBC GAM
RUQS,RBC Target 2030 U.S. Corporate Bond ETF,,"T-Mobile USA Inc 3.875% Apr 15, 2030",1.539832,2026-09-18,RBC GAM holdings CSV (rbcgam.com),RBC GAM
RUQS,RBC Target 2030 U.S. Corporate Bond ETF,,"Amgen Inc 2.450% Feb 21, 2030",1.521131,2026-09-18,RBC GAM holdings CSV (rbcgam.com),RBC GAM
RUQS,RBC Target 2030 U.S. Corporate Bond ETF,,"Toyota Motor Credit Corp 3.375% Apr 01, 2030",1.518961,2026-09-18,RBC GAM holdings CSV (rbcgam.com),RBC GAM
RUQS,RBC Target 2030 U.S. Corporate Bond ETF,,"Home Depot Inc 2.700% Apr 15, 2030",1.496572,2026-09-18,RBC GAM holdings CSV (rbcgam.com),RBC GAM
RUQS,RBC Target 2030 U.S. Corporate Bond ETF,,"Texas Instruments Inc 1.750% May 04, 2030",1.473262,2026-09-18,RBC GAM holdings CSV (rbcgam.com),RBC GAM
RUQS,RBC Target 2030 U.S. Corporate Bond ETF,,"Enterprise Products Operating LLC 2.800% Jan 31, 2030",1.467696,2026-09-18,RBC GAM holdings CSV (rbcgam.com),RBC GAM
RUQS,RBC Target 2030 U.S. Corporate Bond ETF,,"Mastercard Inc 3.350% Mar 26, 2030",1.433885,2026-09-18,RBC GAM holdings CSV (rbcgam.com),RBC GAM
RUQS,RBC Target 2030 U.S. Corporate Bond ETF,,"Chubb INA Holdings LLC 1.375% Sep 15, 2030",1.414836,2026-09-18,RBC GAM holdings CSV (rbcgam.com),RBC GAM
RUQS,RBC Target 2030 U.S. Corporate Bond ETF,,"Cummins Inc 1.500% Sep 01, 2030",1.397831,2026-09-18,RBC GAM holdings CSV (rbcgam.com),RBC GAM
RUQS,RBC Target 2030 U.S. Corporate Bond ETF,,"Alabama Power Co 1.450% Sep 15, 2030",1.38973,2026-09-18,RBC GAM holdings CSV (rbcgam.com),RBC GAM
RUQS,RBC Target 2030 U.S. Corporate Bond ETF,,"Union Pacific Corp 2.400% Feb 05, 2030",1.363333,2026-09-18,RBC GAM holdings CSV (rbcgam.com),RBC GAM
RUQS,RBC Target 2030 U.S. Corporate Bond ETF,,"Target Corp 2.650% Sep 15, 2030",1.360094,2026-09-18,RBC GAM holdings CSV (rbcgam.com),RBC GAM
RUQS,RBC Target 2030 U.S. Corporate Bond ETF,,"State Street Corp 2.400% Jan 24, 2030",1.323142,2026-09-18,RBC GAM holdings CSV (rbcgam.com),RBC GAM
RUQS,RBC Target 2030 U.S. Corporate Bond ETF,,"AT&T Inc 4.300% Feb 15, 2030",1.291395,2026-09-18,RBC GAM holdings CSV (rbcgam.com),RBC GAM
RUQS,RBC Target 2030 U.S. Corporate Bond ETF,,"Linde Inc/CT 1.100% Aug 10, 2030",1.2855,2026-09-18,RBC GAM holdings CSV (rbcgam.com),RBC GAM
RUQS,RBC Target 2030 U.S. Corporate Bond ETF,,"Kenvue Inc 5.000% Mar 22, 2030",1.255976,2026-09-18,RBC GAM holdings CSV (rbcgam.com),RBC GAM
RUQS,RBC Target 2030 U.S. Corporate Bond ETF,,"Verizon Communications Inc 1.500% Sep 18, 2030",1.241686,2026-09-18,RBC GAM holdings CSV (rbcgam.com),RBC GAM
RUQS,RBC Target 2030 U.S. Corporate Bond ETF,,"Coca-Cola Co 3.450% Mar 25, 2030",1.214401,2026-09-18,RBC GAM holdings CSV (rbcgam.com),RBC GAM
RUQS,RBC Target 2030 U.S. Corporate Bond ETF,,"CenterPoint Energy Inc 2.950% Mar 01, 2030",1.20384,2026-09-18,RBC GAM holdings CSV (rbcgam.com),RBC GAM
RUQS,RBC Target 2030 U.S. Corporate Bond ETF,,"General Motors Financial Co Inc 3.600% Jun 21, 2030",1.183987,2026-09-18,RBC GAM holdings CSV (rbcgam.com),RBC GAM
RUQS,RBC Target 2030 U.S. Corporate Bond ETF,,"Berkshire Hathaway Energy Co 3.700% Jul 15, 2030",1.082358,2026-09-18,RBC GAM holdings CSV (rbcgam.com),RBC GAM
RUQS,RBC Target 2030 U.S. Corporate Bond ETF,,"Gilead Sciences Inc 1.650% Oct 01, 2030",1.058153,2026-09-18,RBC GAM holdings CSV (rbcgam.com),RBC GAM
RUQS,RBC Target 2030 U.S. Corporate Bond ETF,,"Air Products and Chemicals Inc 2.050% May 15, 2030",1.038173,2026-09-18,RBC GAM holdings CSV (rbcgam.com),RBC GAM
RUQS,RBC Target 2030 U.S. Corporate Bond ETF,,"Hershey Co 1.700% Jun 01, 2030",1.023516,2026-09-18,RBC GAM holdings CSV (rbcgam.com),RBC GAM
RUQS,RBC Target 2030 U.S. Corporate Bond ETF,,"UnitedHealth Group Inc 2.000% May 15, 2030",1.00787,2026-09-18,RBC GAM holdings CSV (rbcgam.com),RBC GAM
RUQS,RBC Target 2030 U.S. Corporate Bond ETF,,"Xcel Energy Inc 3.400% Jun 01, 2030",0.992678,2026-09-18,RBC GAM holdings CSV (rbcgam.com),RBC GAM
RUQS,RBC Target 2030 U.S. Corporate Bond ETF,,"Transcontinental Gas Pipe Line Co LLC 3.250% May 15, 2030",0.990134,2026-09-18,RBC GAM holdings CSV (rbcgam.com),RBC GAM
RUQS,RBC Target 2030 U.S. Corporate Bond ETF,,"Kimberly-Clark Corp 3.100% Mar 26, 2030",0.988906,2026-09-18,RBC GAM holdings CSV (rbcgam.com),RBC GAM
RUQS,RBC Target 2030 U.S. Corporate Bond ETF,,"Anheuser-Busch InBev Worldwide Inc 3.500% Jun 01, 2030",0.974394,2026-09-18,RBC GAM holdings CSV (rbcgam.com),RBC GAM
RUQS,RBC Target 2030 U.S. Corporate Bond ETF,,"Amcor Flexibles North America Inc 2.630% Jun 19, 2030",0.823866,2026-09-18,RBC GAM holdings CSV (rbcgam.com),RBC GAM
RUQS,RBC Target 2030 U.S. Corporate Bond ETF,,"American Honda Finance Corp 4.600% Apr 17, 2030",0.811215,2026-09-18,RBC GAM holdings CSV (rbcgam.com),RBC GAM
RUQS,RBC Target 2030 U.S. Corporate Bond ETF,,"Public Service Electric and Gas Co 2.450% Jan 15, 2030",0.793259,2026-09-18,RBC GAM holdings CSV (rbcgam.com),RBC GAM
RUQS,RBC Target 2030 U.S. Corporate Bond ETF,,"Lowe's Cos Inc 1.700% Oct 15, 2030",0.742498,2026-09-18,RBC GAM holdings CSV (rbcgam.com),RBC GAM
RUQS,RBC Target 2030 U.S. Corporate Bond ETF,,"CVS Health Corp 1.750% Aug 21, 2030",0.655851,2026-09-18,RBC GAM holdings CSV (rbcgam.com),RBC GAM
RUQS,RBC Target 2030 U.S. Corporate Bond ETF,,"Nutrien Ltd 2.950% May 13, 2030",0.610806,2026-09-18,RBC GAM holdings CSV (rbcgam.com),RBC GAM
RUQS,RBC Target 2030 U.S. Corporate Bond ETF,,"Meta Platforms Inc 4.200% Nov 15, 2030",0.597191,2026-09-18,RBC GAM holdings CSV (rbcgam.com),RBC GAM
RUQS,RBC Target 2030 U.S. Corporate Bond ETF,,"Evergy Metro Inc 2.250% Jun 01, 2030",0.570815,2026-09-18,RBC GAM holdings CSV (rbcgam.com),RBC GAM
RUQS,RBC Target 2030 U.S. Corporate Bond ETF,,"Oracle Corp 3.250% May 15, 2030",0.516408,2026-09-18,RBC GAM holdings CSV (rbcgam.com),RBC GAM
RUQS-U,RBC Target 2030 U.S. Corporate Bond ETF (USD Units),,"Bank of America Corp 1.898% Jul 23, 2031",3.631453,2026-09-18,"RBC GAM holdings CSV (rbcgam.com) — USD class, verified identical to base via Currency options",RBC GAM
RUQS-U,RBC Target 2030 U.S. Corporate Bond ETF (USD Units),,"JPMorgan Chase & Co 1.764% Nov 19, 2031",3.316738,2026-09-18,"RBC GAM holdings CSV (rbcgam.com) — USD class, verified identical to base via Currency options",RBC GAM
RUQS-U,RBC Target 2030 U.S. Corporate Bond ETF (USD Units),,"Citigroup Inc 2.572% Jun 03, 2031",3.178792,2026-09-18,"RBC GAM holdings CSV (rbcgam.com) — USD class, verified identical to base via Currency options",RBC GAM
RUQS-U,RBC Target 2030 U.S. Corporate Bond ETF (USD Units),,"Morgan Stanley 3.622% Apr 01, 2031",3.128278,2026-09-18,"RBC GAM holdings CSV (rbcgam.com) — USD class, verified identical to base via Currency options",RBC GAM
RUQS-U,RBC Target 2030 U.S. Corporate Bond ETF (USD Units),,"Mitsubishi UFJ Financial Group Inc 2.048% Jul 17, 2030",2.771683,2026-09-18,"RBC GAM holdings CSV (rbcgam.com) — USD class, verified identical to base via Currency options",RBC GAM
RUQS-U,RBC Target 2030 U.S. Corporate Bond ETF (USD Units),,"Goldman Sachs Group Inc 2.600% Feb 07, 2030",2.701592,2026-09-18,"RBC GAM holdings CSV (rbcgam.com) — USD class, verified identical to base via Currency options",RBC GAM
RUQS-U,RBC Target 2030 U.S. Corporate Bond ETF (USD Units),,"US Bancorp 1.375% Jul 22, 2030",2.29971,2026-09-18,"RBC GAM holdings CSV (rbcgam.com) — USD class, verified identical to base via Currency options",RBC GAM
RUQS-U,RBC Target 2030 U.S. Corporate Bond ETF (USD Units),,"HSBC Holdings PLC 4.619% Nov 06, 2031",2.180352,2026-09-18,"RBC GAM holdings CSV (rbcgam.com) — USD class, verified identical to base via Currency options",RBC GAM
RUQS-U,RBC Target 2030 U.S. Corporate Bond ETF (USD Units),,"Wells Fargo & Co 2.572% Feb 11, 2031",2.151844,2026-09-18,"RBC GAM holdings CSV (rbcgam.com) — USD class, verified identical to base via Currency options",RBC GAM
RUQS-U,RBC Target 2030 U.S. Corporate Bond ETF (USD Units),,"Duke Energy Carolinas LLC 2.450% Feb 01, 2030",2.127177,2026-09-18,"RBC GAM holdings CSV (rbcgam.com) — USD class, verified identical to base via Currency options",RBC GAM
RUQS-U,RBC Target 2030 U.S. Corporate Bond ETF (USD Units),,"Bank of Nova Scotia 4.850% Feb 01, 2030",2.037074,2026-09-18,"RBC GAM holdings CSV (rbcgam.com) — USD class, verified identical to base via Currency options",RBC GAM
RUQS-U,RBC Target 2030 U.S. Corporate Bond ETF (USD Units),,"Truist Financial Corp 1.950% Jun 05, 2030",1.797876,2026-09-18,"RBC GAM holdings CSV (rbcgam.com) — USD class, verified identical to base via Currency options",RBC GAM
RUQS-U,RBC Target 2030 U.S. Corporate Bond ETF (USD Units),,"Broadcom Inc 4.200% Oct 15, 2030",1.776029,2026-09-18,"RBC GAM holdings CSV (rbcgam.com) — USD class, verified identical to base via Currency options",RBC GAM
RUQS-U,RBC Target 2030 U.S. Corporate Bond ETF (USD Units),,"Amazon.com Inc 1.500% Jun 03, 2030",1.737306,2026-09-18,"RBC GAM holdings CSV (rbcgam.com) — USD class, verified identical to base via Currency options",RBC GAM
RUQS-U,RBC Target 2030 U.S. Corporate Bond ETF (USD Units),,"Florida Power & Light Co 4.625% May 15, 2030",1.652891,2026-09-18,"RBC GAM holdings CSV (rbcgam.com) — USD class, verified identical to base via Currency options",RBC GAM
RUQS-U,RBC Target 2030 U.S. Corporate Bond ETF (USD Units),,"Apple Inc 1.650% May 11, 2030",1.642045,2026-09-18,"RBC GAM holdings CSV (rbcgam.com) — USD class, verified identical to base via Currency options",RBC GAM
RUQS-U,RBC Target 2030 U.S. Corporate Bond ETF (USD Units),,"Caterpillar Inc 2.600% Apr 09, 2030",1.637514,2026-09-18,"RBC GAM holdings CSV (rbcgam.com) — USD class, verified identical to base via Currency options",RBC GAM
RUQS-U,RBC Target 2030 U.S. Corporate Bond ETF (USD Units),,"Exxon Mobil Corp 2.610% Oct 15, 2030",1.629197,2026-09-18,"RBC GAM holdings CSV (rbcgam.com) — USD class, verified identical to base via Currency options",RBC GAM
RUQS-U,RBC Target 2030 U.S. Corporate Bond ETF (USD Units),,"Thermo Fisher Scientific Inc 4.977% Aug 10, 2030",1.628738,2026-09-18,"RBC GAM holdings CSV (rbcgam.com) — USD class, verified identical to base via Currency options",RBC GAM
RUQS-U,RBC Target 2030 U.S. Corporate Bond ETF (USD Units),,"Automatic Data Processing Inc 1.250% Sep 01, 2030",1.625075,2026-09-18,"RBC GAM holdings CSV (rbcgam.com) — USD class, verified identical to base via Currency options",RBC GAM
RUQS-U,RBC Target 2030 U.S. Corporate Bond ETF (USD Units),,"Westpac Banking Corp 2.650% Jan 16, 2030",1.622276,2026-09-18,"RBC GAM holdings CSV (rbcgam.com) — USD class, verified identical to base via Currency options",RBC GAM
RUQS-U,RBC Target 2030 U.S. Corporate Bond ETF (USD Units),,"John Deere Capital Corp 2.450% Jan 09, 2030",1.618953,2026-09-18,"RBC GAM holdings CSV (rbcgam.com) — USD class, verified identical to base via Currency options",RBC GAM
RUQS-U,RBC Target 2030 U.S. Corporate Bond ETF (USD Units),,"Realty Income Corp 3.400% Jan 15, 2030",1.597398,2026-09-18,"RBC GAM holdings CSV (rbcgam.com) — USD class, verified identical to base via Currency options",RBC GAM
RUQS-U,RBC Target 2030 U.S. Corporate Bond ETF (USD Units),,"AstraZeneca PLC 1.375% Aug 06, 2030",1.586089,2026-09-18,"RBC GAM holdings CSV (rbcgam.com) — USD class, verified identical to base via Currency options",RBC GAM
RUQS-U,RBC Target 2030 U.S. Corporate Bond ETF (USD Units),,"Chevron Corp 2.236% May 11, 2030",1.580755,2026-09-18,"RBC GAM holdings CSV (rbcgam.com) — USD class, verified identical to base via Currency options",RBC GAM
RUQS-U,RBC Target 2030 U.S. Corporate Bond ETF (USD Units),,"PepsiCo Inc 2.750% Mar 19, 2030",1.569601,2026-09-18,"RBC GAM holdings CSV (rbcgam.com) — USD class, verified identical to base via Currency options",RBC GAM
RUQS-U,RBC Target 2030 U.S. Corporate Bond ETF (USD Units),,"Pfizer Inc 1.700% May 28, 2030",1.566071,2026-09-18,"RBC GAM holdings CSV (rbcgam.com) — USD class, verified identical to base via Currency options",RBC GAM
RUQS-U,RBC Target 2030 U.S. Corporate Bond ETF (USD Units),,"Visa Inc 2.050% Apr 15, 2030",1.552312,2026-09-18,"RBC GAM holdings CSV (rbcgam.com) — USD class, verified identical to base via Currency options",RBC GAM
RUQS-U,RBC Target 2030 U.S. Corporate Bond ETF (USD Units),,"T-Mobile USA Inc 3.875% Apr 15, 2030",1.539832,2026-09-18,"RBC GAM holdings CSV (rbcgam.com) — USD class, verified identical to base via Currency options",RBC GAM
RUQS-U,RBC Target 2030 U.S. Corporate Bond ETF (USD Units),,"Amgen Inc 2.450% Feb 21, 2030",1.521131,2026-09-18,"RBC GAM holdings CSV (rbcgam.com) — USD class, verified identical to base via Currency options",RBC GAM
RUQS-U,RBC Target 2030 U.S. Corporate Bond ETF (USD Units),,"Toyota Motor Credit Corp 3.375% Apr 01, 2030",1.518961,2026-09-18,"RBC GAM holdings CSV (rbcgam.com) — USD class, verified identical to base via Currency options",RBC GAM
RUQS-U,RBC Target 2030 U.S. Corporate Bond ETF (USD Units),,"Home Depot Inc 2.700% Apr 15, 2030",1.496572,2026-09-18,"RBC GAM holdings CSV (rbcgam.com) — USD class, verified identical to base via Currency options",RBC GAM
RUQS-U,RBC Target 2030 U.S. Corporate Bond ETF (USD Units),,"Texas Instruments Inc 1.750% May 04, 2030",1.473262,2026-09-18,"RBC GAM holdings CSV (rbcgam.com) — USD class, verified identical to base via Currency options",RBC GAM
RUQS-U,RBC Target 2030 U.S. Corporate Bond ETF (USD Units),,"Enterprise Products Operating LLC 2.800% Jan 31, 2030",1.467696,2026-09-18,"RBC GAM holdings CSV (rbcgam.com) — USD class, verified identical to base via Currency options",RBC GAM
RUQS-U,RBC Target 2030 U.S. Corporate Bond ETF (USD Units),,"Mastercard Inc 3.350% Mar 26, 2030",1.433885,2026-09-18,"RBC GAM holdings CSV (rbcgam.com) — USD class, verified identical to base via Currency options",RBC GAM
RUQS-U,RBC Target 2030 U.S. Corporate Bond ETF (USD Units),,"Chubb INA Holdings LLC 1.375% Sep 15, 2030",1.414836,2026-09-18,"RBC GAM holdings CSV (rbcgam.com) — USD class, verified identical to base via Currency options",RBC GAM
RUQS-U,RBC Target 2030 U.S. Corporate Bond ETF (USD Units),,"Cummins Inc 1.500% Sep 01, 2030",1.397831,2026-09-18,"RBC GAM holdings CSV (rbcgam.com) — USD class, verified identical to base via Currency options",RBC GAM
RUQS-U,RBC Target 2030 U.S. Corporate Bond ETF (USD Units),,"Alabama Power Co 1.450% Sep 15, 2030",1.38973,2026-09-18,"RBC GAM holdings CSV (rbcgam.com) — USD class, verified identical to base via Currency options",RBC GAM
RUQS-U,RBC Target 2030 U.S. Corporate Bond ETF (USD Units),,"Union Pacific Corp 2.400% Feb 05, 2030",1.363333,2026-09-18,"RBC GAM holdings CSV (rbcgam.com) — USD class, verified identical to base via Currency options",RBC GAM
RUQS-U,RBC Target 2030 U.S. Corporate Bond ETF (USD Units),,"Target Corp 2.650% Sep 15, 2030",1.360094,2026-09-18,"RBC GAM holdings CSV (rbcgam.com) — USD class, verified identical to base via Currency options",RBC GAM
RUQS-U,RBC Target 2030 U.S. Corporate Bond ETF (USD Units),,"State Street Corp 2.400% Jan 24, 2030",1.323142,2026-09-18,"RBC GAM holdings CSV (rbcgam.com) — USD class, verified identical to base via Currency options",RBC GAM
RUQS-U,RBC Target 2030 U.S. Corporate Bond ETF (USD Units),,"AT&T Inc 4.300% Feb 15, 2030",1.291395,2026-09-18,"RBC GAM holdings CSV (rbcgam.com) — USD class, verified identical to base via Currency options",RBC GAM
RUQS-U,RBC Target 2030 U.S. Corporate Bond ETF (USD Units),,"Linde Inc/CT 1.100% Aug 10, 2030",1.2855,2026-09-18,"RBC GAM holdings CSV (rbcgam.com) — USD class, verified identical to base via Currency options",RBC GAM
RUQS-U,RBC Target 2030 U.S. Corporate Bond ETF (USD Units),,"Kenvue Inc 5.000% Mar 22, 2030",1.255976,2026-09-18,"RBC GAM holdings CSV (rbcgam.com) — USD class, verified identical to base via Currency options",RBC GAM
RUQS-U,RBC Target 2030 U.S. Corporate Bond ETF (USD Units),,"Verizon Communications Inc 1.500% Sep 18, 2030",1.241686,2026-09-18,"RBC GAM holdings CSV (rbcgam.com) — USD class, verified identical to base via Currency options",RBC GAM
RUQS-U,RBC Target 2030 U.S. Corporate Bond ETF (USD Units),,"Coca-Cola Co 3.450% Mar 25, 2030",1.214401,2026-09-18,"RBC GAM holdings CSV (rbcgam.com) — USD class, verified identical to base via Currency options",RBC GAM
RUQS-U,RBC Target 2030 U.S. Corporate Bond ETF (USD Units),,"CenterPoint Energy Inc 2.950% Mar 01, 2030",1.20384,2026-09-18,"RBC GAM holdings CSV (rbcgam.com) — USD class, verified identical to base via Currency options",RBC GAM
RUQS-U,RBC Target 2030 U.S. Corporate Bond ETF (USD Units),,"General Motors Financial Co Inc 3.600% Jun 21, 2030",1.183987,2026-09-18,"RBC GAM holdings CSV (rbcgam.com) — USD class, verified identical to base via Currency options",RBC GAM
RUQS-U,RBC Target 2030 U.S. Corporate Bond ETF (USD Units),,"Berkshire Hathaway Energy Co 3.700% Jul 15, 2030",1.082358,2026-09-18,"RBC GAM holdings CSV (rbcgam.com) — USD class, verified identical to base via Currency options",RBC GAM
RUQS-U,RBC Target 2030 U.S. Corporate Bond ETF (USD Units),,"Gilead Sciences Inc 1.650% Oct 01, 2030",1.058153,2026-09-18,"RBC GAM holdings CSV (rbcgam.com) — USD class, verified identical to base via Currency options",RBC GAM
RUQS-U,RBC Target 2030 U.S. Corporate Bond ETF (USD Units),,"Air Products and Chemicals Inc 2.050% May 15, 2030",1.038173,2026-09-18,"RBC GAM holdings CSV (rbcgam.com) — USD class, verified identical to base via Currency options",RBC GAM
RUQS-U,RBC Target 2030 U.S. Corporate Bond ETF (USD Units),,"Hershey Co 1.700% Jun 01, 2030",1.023516,2026-09-18,"RBC GAM holdings CSV (rbcgam.com) — USD class, verified identical to base via Currency options",RBC GAM
RUQS-U,RBC Target 2030 U.S. Corporate Bond ETF (USD Units),,"UnitedHealth Group Inc 2.000% May 15, 2030",1.00787,2026-09-18,"RBC GAM holdings CSV (rbcgam.com) — USD class, verified identical to base via Currency options",RBC GAM
RUQS-U,RBC Target 2030 U.S. Corporate Bond ETF (USD Units),,"Xcel Energy Inc 3.400% Jun 01, 2030",0.992678,2026-09-18,"RBC GAM holdings CSV (rbcgam.com) — USD class, verified identical to base via Currency options",RBC GAM
RUQS-U,RBC Target 2030 U.S. Corporate Bond ETF (USD Units),,"Transcontinental Gas Pipe Line Co LLC 3.250% May 15, 2030",0.990134,2026-09-18,"RBC GAM holdings CSV (rbcgam.com) — USD class, verified identical to base via Currency options",RBC GAM
RUQS-U,RBC Target 2030 U.S. Corporate Bond ETF (USD Units),,"Kimberly-Clark Corp 3.100% Mar 26, 2030",0.988906,2026-09-18,"RBC GAM holdings CSV (rbcgam.com) — USD class, verified identical to base via Currency options",RBC GAM
RUQS-U,RBC Target 2030 U.S. Corporate Bond ETF (USD Units),,"Anheuser-Busch InBev Worldwide Inc 3.500% Jun 01, 2030",0.974394,2026-09-18,"RBC GAM holdings CSV (rbcgam.com) — USD class, verified identical to base via Currency options",RBC GAM
RUQS-U,RBC Target 2030 U.S. Corporate Bond ETF (USD Units),,"Amcor Flexibles North America Inc 2.630% Jun 19, 2030",0.823866,2026-09-18,"RBC GAM holdings CSV (rbcgam.com) — USD class, verified identical to base via Currency options",RBC GAM
RUQS-U,RBC Target 2030 U.S. Corporate Bond ETF (USD Units),,"American Honda Finance Corp 4.600% Apr 17, 2030",0.811215,2026-09-18,"RBC GAM holdings CSV (rbcgam.com) — USD class, verified identical to base via Currency options",RBC GAM
RUQS-U,RBC Target 2030 U.S. Corporate Bond ETF (USD Units),,"Public Service Electric and Gas Co 2.450% Jan 15, 2030",0.793259,2026-09-18,"RBC GAM holdings CSV (rbcgam.com) — USD class, verified identical to base via Currency options",RBC GAM
RUQS-U,RBC Target 2030 U.S. Corporate Bond ETF (USD Units),,"Lowe's Cos Inc 1.700% Oct 15, 2030",0.742498,2026-09-18,"RBC GAM holdings CSV (rbcgam.com) — USD class, verified identical to base via Currency options",RBC GAM
RUQS-U,RBC Target 2030 U.S. Corporate Bond ETF (USD Units),,"CVS Health Corp 1.750% Aug 21, 2030",0.655851,2026-09-18,"RBC GAM holdings CSV (rbcgam.com) — USD class, verified identical to base via Currency options",RBC GAM
RUQS-U,RBC Target 2030 U.S. Corporate Bond ETF (USD Units),,"Nutrien Ltd 2.950% May 13, 2030",0.610806,2026-09-18,"RBC GAM holdings CSV (rbcgam.com) — USD class, verified identical to base via Currency options",RBC GAM
RUQS-U,RBC Target 2030 U.S. Corporate Bond ETF (USD Units),,"Meta Platforms Inc 4.200% Nov 15, 2030",0.597191,2026-09-18,"RBC GAM holdings CSV (rbcgam.com) — USD class, verified identical to base via Currency options",RBC GAM
RUQS-U,RBC Target 2030 U.S. Corporate Bond ETF (USD Units),,"Evergy Metro Inc 2.250% Jun 01, 2030",0.570815,2026-09-18,"RBC GAM holdings CSV (rbcgam.com) — USD class, verified identical to base via Currency options",RBC GAM
RUQS-U,RBC Target 2030 U.S. Corporate Bond ETF (USD Units),,"Oracle Corp 3.250% May 15, 2030",0.516408,2026-09-18,"RBC GAM holdings CSV (rbcgam.com) — USD class, verified identical to base via Currency options",RBC GAM
RUSB,RBC Short Term U.S. Corporate Bond ETF,,"United States Treasury Note/Bond 4.125% Oct 31, 2029",2.182171,2026-09-18,RBC GAM holdings CSV (rbcgam.com),RBC GAM
RUSB,RBC Short Term U.S. Corporate Bond ETF,,"United States Treasury Note/Bond 3.875% Apr 30, 2030",2.009204,2026-09-18,RBC GAM holdings CSV (rbcgam.com),RBC GAM
RUSB,RBC Short Term U.S. Corporate Bond ETF,,"United States Treasury Note/Bond 4.875% Oct 31, 2030",1.819183,2026-09-18,RBC GAM holdings CSV (rbcgam.com),RBC GAM
RUSB,RBC Short Term U.S. Corporate Bond ETF,,"Morgan Stanley 4.210% Apr 20, 2028",1.138468,2026-09-18,RBC GAM holdings CSV (rbcgam.com),RBC GAM
RUSB,RBC Short Term U.S. Corporate Bond ETF,,"Bank of America Corp 4.376% Apr 27, 2028",1.101826,2026-09-18,RBC GAM holdings CSV (rbcgam.com),RBC GAM
RUSB,RBC Short Term U.S. Corporate Bond ETF,,"Goldman Sachs Group Inc 6.484% Oct 24, 2029",1.090256,2026-09-18,RBC GAM holdings CSV (rbcgam.com),RBC GAM
RUSB,RBC Short Term U.S. Corporate Bond ETF,,"JPMorgan Chase & Co 4.864% Jul 23, 2030",1.012014,2026-09-18,RBC GAM holdings CSV (rbcgam.com),RBC GAM
RUSB,RBC Short Term U.S. Corporate Bond ETF,,"AbbVie Inc 4.875% Sep 15, 2031",0.991368,2026-09-18,RBC GAM holdings CSV (rbcgam.com),RBC GAM
RUSB,RBC Short Term U.S. Corporate Bond ETF,,"Lincoln Financial Global Funding 4.950% May 21, 2031",0.986359,2026-09-18,RBC GAM holdings CSV (rbcgam.com),RBC GAM
RUSB,RBC Short Term U.S. Corporate Bond ETF,,"Morgan Stanley 5.164% Apr 20, 2029",0.951305,2026-09-18,RBC GAM holdings CSV (rbcgam.com),RBC GAM
RUSB,RBC Short Term U.S. Corporate Bond ETF,,"Veralto Corp 4.850% Jan 15, 2032",0.900676,2026-09-18,RBC GAM holdings CSV (rbcgam.com),RBC GAM
RUSB,RBC Short Term U.S. Corporate Bond ETF,,"NVIDIA Corp 4.500% Jun 15, 2031",0.86771,2026-09-18,RBC GAM holdings CSV (rbcgam.com),RBC GAM
RUSB,RBC Short Term U.S. Corporate Bond ETF,,"Zions Bancorp NA 5.239% Oct 01, 2029",0.834467,2026-09-18,RBC GAM holdings CSV (rbcgam.com),RBC GAM
RUSB,RBC Short Term U.S. Corporate Bond ETF,,"Bank of America Corp 5.202% Apr 25, 2029",0.830665,2026-09-18,RBC GAM holdings CSV (rbcgam.com),RBC GAM
RUSB,RBC Short Term U.S. Corporate Bond ETF,,"Var Energi ASA 7.500% Jan 15, 2028",0.821224,2026-09-18,RBC GAM holdings CSV (rbcgam.com),RBC GAM
RUSB,RBC Short Term U.S. Corporate Bond ETF,,"MassMutual Global Funding II 4.550% May 07, 2030",0.815526,2026-09-18,RBC GAM holdings CSV (rbcgam.com),RBC GAM
RUSB,RBC Short Term U.S. Corporate Bond ETF,,"Dell International LLC / EMC Corp 5.100% Sep 15, 2029",0.793916,2026-09-18,RBC GAM holdings CSV (rbcgam.com),RBC GAM
RUSB,RBC Short Term U.S. Corporate Bond ETF,,"Citigroup Inc 5.266% Sep 24, 2029",0.776007,2026-09-18,RBC GAM holdings CSV (rbcgam.com),RBC GAM
RUSB,RBC Short Term U.S. Corporate Bond ETF,,"New York Life Global Funding 3.900% Oct 01, 2027",0.768835,2026-09-18,RBC GAM holdings CSV (rbcgam.com),RBC GAM
RUSB,RBC Short Term U.S. Corporate Bond ETF,,"EQT Corp 5.700% Apr 01, 2028",0.767591,2026-09-18,RBC GAM holdings CSV (rbcgam.com),RBC GAM
RUSB,RBC Short Term U.S. Corporate Bond ETF,,"Mitsubishi UFJ Financial Group Inc 5.017% Jul 20, 2028",0.762197,2026-09-18,RBC GAM holdings CSV (rbcgam.com),RBC GAM
RUSB,RBC Short Term U.S. Corporate Bond ETF,,"Intel Corp 4.875% Feb 10, 2028",0.760097,2026-09-18,RBC GAM holdings CSV (rbcgam.com),RBC GAM
RUSB,RBC Short Term U.S. Corporate Bond ETF,,"VICI Properties LP 4.750% Feb 15, 2028",0.757312,2026-09-18,RBC GAM holdings CSV (rbcgam.com),RBC GAM
RUSB,RBC Short Term U.S. Corporate Bond ETF,,"Mercedes-Benz Finance North America LLC 4.850% Jan 11, 2029",0.753998,2026-09-18,RBC GAM holdings CSV (rbcgam.com),RBC GAM
RUSB,RBC Short Term U.S. Corporate Bond ETF,,"HSBC Holdings PLC 4.583% Jun 19, 2029",0.753904,2026-09-18,RBC GAM holdings CSV (rbcgam.com),RBC GAM
RUSB,RBC Short Term U.S. Corporate Bond ETF,,"Citigroup Inc 4.952% May 07, 2031",0.747391,2026-09-18,RBC GAM holdings CSV (rbcgam.com),RBC GAM
RUSB,RBC Short Term U.S. Corporate Bond ETF,,"MPLX LP 4.700% Nov 01, 2029",0.746956,2026-09-18,RBC GAM holdings CSV (rbcgam.com),RBC GAM
RUSB,RBC Short Term U.S. Corporate Bond ETF,,"Goldman Sachs Group Inc 5.240% Jul 21, 2032",0.746497,2026-09-18,RBC GAM holdings CSV (rbcgam.com),RBC GAM
RUSB,RBC Short Term U.S. Corporate Bond ETF,,"AT&T Inc 4.700% Aug 15, 2030",0.744364,2026-09-18,RBC GAM holdings CSV (rbcgam.com),RBC GAM
RUSB,RBC Short Term U.S. Corporate Bond ETF,,"Nutrien Ltd 4.850% May 29, 2031",0.74252,2026-09-18,RBC GAM holdings CSV (rbcgam.com),RBC GAM
RUSB,RBC Short Term U.S. Corporate Bond ETF,,"Southern Power Co 4.800% Jun 15, 2031",0.739708,2026-09-18,RBC GAM holdings CSV (rbcgam.com),RBC GAM
RUSB,RBC Short Term U.S. Corporate Bond ETF,,"Dell International LLC / EMC Corp 4.750% Jul 15, 2031",0.735477,2026-09-18,RBC GAM holdings CSV (rbcgam.com),RBC GAM
RUSB,RBC Short Term U.S. Corporate Bond ETF,,"Wells Fargo & Co 4.844% May 20, 2032",0.735368,2026-09-18,RBC GAM holdings CSV (rbcgam.com),RBC GAM
RUSB,RBC Short Term U.S. Corporate Bond ETF,,"Constellation Energy Generation LLC 4.800% Jan 15, 2032",0.735117,2026-09-18,RBC GAM holdings CSV (rbcgam.com),RBC GAM
RUSB,RBC Short Term U.S. Corporate Bond ETF,,"Quanta Services Inc 4.500% Jan 15, 2031",0.732556,2026-09-18,RBC GAM holdings CSV (rbcgam.com),RBC GAM
RUSB,RBC Short Term U.S. Corporate Bond ETF,,"American National Global Funding 4.875% Jan 23, 2031",0.732165,2026-09-18,RBC GAM holdings CSV (rbcgam.com),RBC GAM
RUSB,RBC Short Term U.S. Corporate Bond ETF,,"American Express Co 4.456% Feb 10, 2032",0.732039,2026-09-18,RBC GAM holdings CSV (rbcgam.com),RBC GAM
RUSB,RBC Short Term U.S. Corporate Bond ETF,,"Avolon Holdings Funding Ltd 4.700% Jan 30, 2031",0.730915,2026-09-18,RBC GAM holdings CSV (rbcgam.com),RBC GAM
RUSB,RBC Short Term U.S. Corporate Bond ETF,,"Fedex Freight Holding Co Inc 4.650% Mar 15, 2031",0.730411,2026-09-18,RBC GAM holdings CSV (rbcgam.com),RBC GAM
RUSB,RBC Short Term U.S. Corporate Bond ETF,,"Deutsche Bank AG/New York NY 4.725% Feb 06, 2032",0.730236,2026-09-18,RBC GAM holdings CSV (rbcgam.com),RBC GAM
RUSB,RBC Short Term U.S. Corporate Bond ETF,,"ASB Bank Ltd 4.155% Oct 29, 2030",0.730093,2026-09-18,RBC GAM holdings CSV (rbcgam.com),RBC GAM
RUSB,RBC Short Term U.S. Corporate Bond ETF,,"Morgan Stanley 4.493% Jan 16, 2032",0.728492,2026-09-18,RBC GAM holdings CSV (rbcgam.com),RBC GAM
RUSB,RBC Short Term U.S. Corporate Bond ETF,,"Goldman Sachs Group Inc 4.516% Jan 21, 2032",0.727832,2026-09-18,RBC GAM holdings CSV (rbcgam.com),RBC GAM
RUSB,RBC Short Term U.S. Corporate Bond ETF,,"Intercontinental Exchange Inc 4.200% Mar 15, 2031",0.727232,2026-09-18,RBC GAM holdings CSV (rbcgam.com),RBC GAM
RUSB,RBC Short Term U.S. Corporate Bond ETF,,"Orange SA 4.250% Jan 13, 2031",0.724807,2026-09-18,RBC GAM holdings CSV (rbcgam.com),RBC GAM
RUSB,RBC Short Term U.S. Corporate Bond ETF,,"Georgia-Pacific LLC 4.600% May 15, 2031",0.718408,2026-09-18,RBC GAM holdings CSV (rbcgam.com),RBC GAM
RUSB,RBC Short Term U.S. Corporate Bond ETF,,"Oracle Corp 4.450% Sep 26, 2030",0.714789,2026-09-18,RBC GAM holdings CSV (rbcgam.com),RBC GAM
RUSB,RBC Short Term U.S. Corporate Bond ETF,,"JPMorgan Chase & Co 2.739% Oct 15, 2030",0.704855,2026-09-18,RBC GAM holdings CSV (rbcgam.com),RBC GAM
RUSB,RBC Short Term U.S. Corporate Bond ETF,,"NextEra Energy Capital Holdings Inc 4.400% Mar 01, 2031",0.696416,2026-09-18,RBC GAM holdings CSV (rbcgam.com),RBC GAM
RUSB,RBC Short Term U.S. Corporate Bond ETF,,"Equitable America Global Funding 4.650% Jun 09, 2028",0.685908,2026-09-18,RBC GAM holdings CSV (rbcgam.com),RBC GAM
RUSB,RBC Short Term U.S. Corporate Bond ETF,,"RGA Global Funding 4.350% Aug 25, 2028",0.685147,2026-09-18,RBC GAM holdings CSV (rbcgam.com),RBC GAM
RUSB,RBC Short Term U.S. Corporate Bond ETF,,"Cargill Inc 4.125% Oct 23, 2030",0.684238,2026-09-18,RBC GAM holdings CSV (rbcgam.com),RBC GAM
RUSB,RBC Short Term U.S. Corporate Bond ETF,,"Amgen Inc 4.200% Feb 19, 2031",0.680145,2026-09-18,RBC GAM holdings CSV (rbcgam.com),RBC GAM
RUSB,RBC Short Term U.S. Corporate Bond ETF,,"HCA Inc 5.000% Mar 01, 2028",0.676803,2026-09-18,RBC GAM holdings CSV (rbcgam.com),RBC GAM
RUSB,RBC Short Term U.S. Corporate Bond ETF,,"T-Mobile USA Inc 2.550% Feb 15, 2031",0.674526,2026-09-18,RBC GAM holdings CSV (rbcgam.com),RBC GAM
RUSB,RBC Short Term U.S. Corporate Bond ETF,,"Truist Financial Corp 4.957% Jul 23, 2030",0.662542,2026-09-18,RBC GAM holdings CSV (rbcgam.com),RBC GAM
RUSB,RBC Short Term U.S. Corporate Bond ETF,,"JPMorgan Chase & Co 6.087% Oct 23, 2029",0.658073,2026-09-18,RBC GAM holdings CSV (rbcgam.com),RBC GAM
RUSB,RBC Short Term U.S. Corporate Bond ETF,,"Nucor Corp 4.650% Jun 01, 2030",0.654474,2026-09-18,RBC GAM holdings CSV (rbcgam.com),RBC GAM
RUSB,RBC Short Term U.S. Corporate Bond ETF,,"Wells Fargo & Co 5.198% Jan 23, 2030",0.649123,2026-09-18,RBC GAM holdings CSV (rbcgam.com),RBC GAM
RUSB,RBC Short Term U.S. Corporate Bond ETF,,"Bank of New York Mellon 4.729% Apr 20, 2029",0.644621,2026-09-18,RBC GAM holdings CSV (rbcgam.com),RBC GAM
RUSB,RBC Short Term U.S. Corporate Bond ETF,,"Lloyds Banking Group PLC 4.818% Jun 13, 2029",0.643829,2026-09-18,RBC GAM holdings CSV (rbcgam.com),RBC GAM
RUSB,RBC Short Term U.S. Corporate Bond ETF,,"Toyota Motor Credit Corp 4.050% Sep 05, 2028",0.64322,2026-09-18,RBC GAM holdings CSV (rbcgam.com),RBC GAM
RUSB,RBC Short Term U.S. Corporate Bond ETF,,"Constellation Global Funding 4.850% Oct 22, 2030",0.638927,2026-09-18,RBC GAM holdings CSV (rbcgam.com),RBC GAM
RUSB,RBC Short Term U.S. Corporate Bond ETF,,"Mizuho Financial Group Inc 5.098% May 13, 2031",0.638848,2026-09-18,RBC GAM holdings CSV (rbcgam.com),RBC GAM
RUSB,RBC Short Term U.S. Corporate Bond ETF,,"National Securities Clearing Corp 4.700% May 20, 2030",0.635528,2026-09-18,RBC GAM holdings CSV (rbcgam.com),RBC GAM
RUSB,RBC Short Term U.S. Corporate Bond ETF,,"Citizens Financial Group Inc 5.841% Jan 23, 2030",0.629422,2026-09-18,RBC GAM holdings CSV (rbcgam.com),RBC GAM
RUSB,RBC Short Term U.S. Corporate Bond ETF,,"Fidelity National Information Services Inc 4.550% Mar 10, 2029",0.622878,2026-09-18,RBC GAM holdings CSV (rbcgam.com),RBC GAM
RUSB,RBC Short Term U.S. Corporate Bond ETF,,"Fifth Third Bancorp 6.361% Oct 27, 2028",0.621278,2026-09-18,RBC GAM holdings CSV (rbcgam.com),RBC GAM
RUSB,RBC Short Term U.S. Corporate Bond ETF,,"BHP Billiton Finance USA Ltd 5.000% Feb 21, 2030",0.604997,2026-09-18,RBC GAM holdings CSV (rbcgam.com),RBC GAM
RUSB,RBC Short Term U.S. Corporate Bond ETF,,"DAE Airfinance Holdings Ltd 6.400% Mar 26, 2029",0.603576,2026-09-18,RBC GAM holdings CSV (rbcgam.com),RBC GAM
RUSB,RBC Short Term U.S. Corporate Bond ETF,,"Energy Transfer LP 5.550% Feb 15, 2028",0.593903,2026-09-18,RBC GAM holdings CSV (rbcgam.com),RBC GAM
RUSB,RBC Short Term U.S. Corporate Bond ETF,,"Truist Financial Corp 7.161% Oct 30, 2029",0.591907,2026-09-18,RBC GAM holdings CSV (rbcgam.com),RBC GAM
RUSB,RBC Short Term U.S. Corporate Bond ETF,,"General Electric Co 4.300% Jul 29, 2030",0.590045,2026-09-18,RBC GAM holdings CSV (rbcgam.com),RBC GAM
RUSB,RBC Short Term U.S. Corporate Bond ETF,,"Foundry JV Holdco LLC 5.900% Jan 25, 2030",0.578026,2026-09-18,RBC GAM holdings CSV (rbcgam.com),RBC GAM
RUSB,RBC Short Term U.S. Corporate Bond ETF,,"NextEra Energy Capital Holdings Inc 4.850% Feb 04, 2028",0.577819,2026-09-18,RBC GAM holdings CSV (rbcgam.com),RBC GAM
RUSB,RBC Short Term U.S. Corporate Bond ETF,,"Kinder Morgan Inc 5.150% Jun 01, 2030",0.572447,2026-09-18,RBC GAM holdings CSV (rbcgam.com),RBC GAM
RUSB,RBC Short Term U.S. Corporate Bond ETF,,"Amgen Inc 5.150% Mar 02, 2028",0.572132,2026-09-18,RBC GAM holdings CSV (rbcgam.com),RBC GAM
RUSB,RBC Short Term U.S. Corporate Bond ETF,,"Wells Fargo & Co 4.970% Apr 23, 2029",0.569624,2026-09-18,RBC GAM holdings CSV (rbcgam.com),RBC GAM
RUSB,RBC Short Term U.S. Corporate Bond ETF,,"Daimler Truck Finance North America LLC 5.125% Sep 25, 2029",0.568307,2026-09-18,RBC GAM holdings CSV (rbcgam.com),RBC GAM
RUSB,RBC Short Term U.S. Corporate Bond ETF,,"Georgia-Pacific LLC 4.400% Jun 30, 2028",0.568218,2026-09-18,RBC GAM holdings CSV (rbcgam.com),RBC GAM
RUSB,RBC Short Term U.S. Corporate Bond ETF,,"BP Capital Markets America Inc 4.234% Nov 06, 2028",0.563369,2026-09-18,RBC GAM holdings CSV (rbcgam.com),RBC GAM
RUSB,RBC Short Term U.S. Corporate Bond ETF,,"Mars Inc 4.800% Mar 01, 2030",0.561991,2026-09-18,RBC GAM holdings CSV (rbcgam.com),RBC GAM
RUSB,RBC Short Term U.S. Corporate Bond ETF,,"Syensqo Finance America LLC 5.650% Jun 04, 2029",0.561145,2026-09-18,RBC GAM holdings CSV (rbcgam.com),RBC GAM
RUSB,RBC Short Term U.S. Corporate Bond ETF,,"Gildan Activewear Inc 4.700% Oct 07, 2030",0.560637,2026-09-18,RBC GAM holdings CSV (rbcgam.com),RBC GAM
RUSB,RBC Short Term U.S. Corporate Bond ETF,,"Charter Communications Operating LLC / Charter Communications Operating Capital 6.100% Jun 01, 2029",0.558916,2026-09-18,RBC GAM holdings CSV (rbcgam.com),RBC GAM
RUSB,RBC Short Term U.S. Corporate Bond ETF,,"Oracle Corp 3.250% Nov 15, 2027",0.558907,2026-09-18,RBC GAM holdings CSV (rbcgam.com),RBC GAM
RUSB,RBC Short Term U.S. Corporate Bond ETF,,"Pinnacle Financial Partners Inc 5.596% May 19, 2032",0.558479,2026-09-18,RBC GAM holdings CSV (rbcgam.com),RBC GAM
RUSB,RBC Short Term U.S. Corporate Bond ETF,,"Citigroup Inc 4.542% Sep 19, 2030",0.557122,2026-09-18,RBC GAM holdings CSV (rbcgam.com),RBC GAM
RUSB,RBC Short Term U.S. Corporate Bond ETF,,"Energy Transfer LP 5.250% Jul 01, 2029",0.555657,2026-09-18,RBC GAM holdings CSV (rbcgam.com),RBC GAM
RUSB,RBC Short Term U.S. Corporate Bond ETF,,"Sherwin-Williams Co 4.500% Aug 15, 2030",0.553881,2026-09-18,RBC GAM holdings CSV (rbcgam.com),RBC GAM
RUSB,RBC Short Term U.S. Corporate Bond ETF,,"Piedmont Natural Gas Co Inc 3.500% Jun 01, 2029",0.54708,2026-09-18,RBC GAM holdings CSV (rbcgam.com),RBC GAM
RUSB,RBC Short Term U.S. Corporate Bond ETF,,"Ecolab Inc 4.800% Jun 15, 2031",0.546015,2026-09-18,RBC GAM holdings CSV (rbcgam.com),RBC GAM
RUSB,RBC Short Term U.S. Corporate Bond ETF,,"Broadcom Inc 4.800% Apr 15, 2028",0.531802,2026-09-18,RBC GAM holdings CSV (rbcgam.com),RBC GAM
RUSB,RBC Short Term U.S. Corporate Bond ETF,,"Synopsys Inc 4.650% Apr 01, 2028",0.525891,2026-09-18,RBC GAM holdings CSV (rbcgam.com),RBC GAM
RUSB,RBC Short Term U.S. Corporate Bond ETF,,"Thermo Fisher Scientific Inc 4.215% Feb 12, 2031",0.510512,2026-09-18,RBC GAM holdings CSV (rbcgam.com),RBC GAM
RUSB,RBC Short Term U.S. Corporate Bond ETF,,"Caterpillar Financial Services Corp 4.800% Jan 08, 2030",0.496287,2026-09-18,RBC GAM holdings CSV (rbcgam.com),RBC GAM
RUSB,RBC Short Term U.S. Corporate Bond ETF,,"Equitable Financial Life Global Funding 4.875% Nov 19, 2027",0.493845,2026-09-18,RBC GAM holdings CSV (rbcgam.com),RBC GAM
RUSB,RBC Short Term U.S. Corporate Bond ETF,,"Metropolitan Life Global Funding I 4.900% Jan 09, 2030",0.489851,2026-09-18,RBC GAM holdings CSV (rbcgam.com),RBC GAM
RUSB,RBC Short Term U.S. Corporate Bond ETF,,"Royalty Pharma PLC 5.150% Sep 02, 2029",0.488537,2026-09-18,RBC GAM holdings CSV (rbcgam.com),RBC GAM
RUSB,RBC Short Term U.S. Corporate Bond ETF,,"New York Life Global Funding 5.200% Sep 18, 2029",0.482674,2026-09-18,RBC GAM holdings CSV (rbcgam.com),RBC GAM
RUSB,RBC Short Term U.S. Corporate Bond ETF,,"Principal Life Global Funding II 5.150% Aug 17, 2031",0.481576,2026-09-18,RBC GAM holdings CSV (rbcgam.com),RBC GAM
RUSB,RBC Short Term U.S. Corporate Bond ETF,,"Alexander Funding Trust II 7.467% Jul 31, 2028",0.475335,2026-09-18,RBC GAM holdings CSV (rbcgam.com),RBC GAM
RUSB,RBC Short Term U.S. Corporate Bond ETF,,"UBS Group AG 4.751% May 12, 2028",0.471866,2026-09-18,RBC GAM holdings CSV (rbcgam.com),RBC GAM
RUSB,RBC Short Term U.S. Corporate Bond ETF,,"Realty Income Corp 4.750% Feb 15, 2029",0.471712,2026-09-18,RBC GAM holdings CSV (rbcgam.com),RBC GAM
RUSB,RBC Short Term U.S. Corporate Bond ETF,,"Lloyds Banking Group PLC 4.241% Feb 10, 2030",0.469381,2026-09-18,RBC GAM holdings CSV (rbcgam.com),RBC GAM
RUSB,RBC Short Term U.S. Corporate Bond ETF,,"Citigroup Inc 4.075% Apr 23, 2029",0.468147,2026-09-18,RBC GAM holdings CSV (rbcgam.com),RBC GAM
RUSB,RBC Short Term U.S. Corporate Bond ETF,,"Hyundai Capital America 5.100% Jun 24, 2030",0.467646,2026-09-18,RBC GAM holdings CSV (rbcgam.com),RBC GAM
RUSB,RBC Short Term U.S. Corporate Bond ETF,,"Canadian Imperial Bank of Commerce 4.862% Jan 13, 2028",0.457199,2026-09-18,RBC GAM holdings CSV (rbcgam.com),RBC GAM
RUSB,RBC Short Term U.S. Corporate Bond ETF,,"Mars Inc 4.600% Mar 01, 2028",0.454404,2026-09-18,RBC GAM holdings CSV (rbcgam.com),RBC GAM
RUSB,RBC Short Term U.S. Corporate Bond ETF,,"Barclays PLC 4.219% May 24, 2030",0.442823,2026-09-18,RBC GAM holdings CSV (rbcgam.com),RBC GAM
RUSB,RBC Short Term U.S. Corporate Bond ETF,,"Mid-America Apartments LP 2.750% Mar 15, 2030",0.436935,2026-09-18,RBC GAM holdings CSV (rbcgam.com),RBC GAM
RUSB,RBC Short Term U.S. Corporate Bond ETF,,"Principal Life Global Funding II 4.650% May 18, 2029",0.426477,2026-09-18,RBC GAM holdings CSV (rbcgam.com),RBC GAM
RUSB,RBC Short Term U.S. Corporate Bond ETF,,"Gilead Sciences Inc 4.600% May 20, 2031",0.425075,2026-09-18,RBC GAM holdings CSV (rbcgam.com),RBC GAM
RUSB,RBC Short Term U.S. Corporate Bond ETF,,"Deutsche Bank AG/New York NY 5.267% Sep 18, 2029",0.418613,2026-09-18,RBC GAM holdings CSV (rbcgam.com),RBC GAM
RUSB,RBC Short Term U.S. Corporate Bond ETF,,"RGA Global Funding 5.250% Jan 09, 2030",0.416062,2026-09-18,RBC GAM holdings CSV (rbcgam.com),RBC GAM
RUSB,RBC Short Term U.S. Corporate Bond ETF,,"RGA Global Funding 5.162% Sep 15, 2029",0.41124,2026-09-18,RBC GAM holdings CSV (rbcgam.com),RBC GAM
RUSB,RBC Short Term U.S. Corporate Bond ETF,,"Truist Financial Corp 5.435% Jan 24, 2030",0.404289,2026-09-18,RBC GAM holdings CSV (rbcgam.com),RBC GAM
RUSB,RBC Short Term U.S. Corporate Bond ETF,,"State Street Corp 4.530% Feb 20, 2029",0.397475,2026-09-18,RBC GAM holdings CSV (rbcgam.com),RBC GAM
RUSB,RBC Short Term U.S. Corporate Bond ETF,,"Enbridge Inc 6.000% Nov 15, 2028",0.386906,2026-09-18,RBC GAM holdings CSV (rbcgam.com),RBC GAM
RUSB,RBC Short Term U.S. Corporate Bond ETF,,"Eversource Energy 5.450% Mar 01, 2028",0.386245,2026-09-18,RBC GAM holdings CSV (rbcgam.com),RBC GAM
RUSB,RBC Short Term U.S. Corporate Bond ETF,,"RTX Corp 5.750% Jan 15, 2029",0.385649,2026-09-18,RBC GAM holdings CSV (rbcgam.com),RBC GAM
RUSB,RBC Short Term U.S. Corporate Bond ETF,,"HCA Inc 5.625% Sep 01, 2028",0.383352,2026-09-18,RBC GAM holdings CSV (rbcgam.com),RBC GAM
RUSB,RBC Short Term U.S. Corporate Bond ETF,,"General Motors Financial Co Inc 5.550% Jul 15, 2029",0.38217,2026-09-18,RBC GAM holdings CSV (rbcgam.com),RBC GAM
RUSB,RBC Short Term U.S. Corporate Bond ETF,,"Hyundai Capital America 5.300% Mar 19, 2027",0.382056,2026-09-18,RBC GAM holdings CSV (rbcgam.com),RBC GAM
RUSB,RBC Short Term U.S. Corporate Bond ETF,,"BHP Billiton Finance USA Ltd 5.100% Sep 08, 2028",0.381777,2026-09-18,RBC GAM holdings CSV (rbcgam.com),RBC GAM
RUSB,RBC Short Term U.S. Corporate Bond ETF,,"National Securities Clearing Corp 5.000% May 30, 2028",0.381156,2026-09-18,RBC GAM holdings CSV (rbcgam.com),RBC GAM
RUSB,RBC Short Term U.S. Corporate Bond ETF,,"American Honda Finance Corp 5.125% Jul 07, 2028",0.380791,2026-09-18,RBC GAM holdings CSV (rbcgam.com),RBC GAM
RUSB,RBC Short Term U.S. Corporate Bond ETF,,"Prologis Targeted US Logistics Fund LP 5.250% Apr 01, 2029",0.380105,2026-09-18,RBC GAM holdings CSV (rbcgam.com),RBC GAM
RUSB,RBC Short Term U.S. Corporate Bond ETF,,"American Honda Finance Corp 4.450% Oct 22, 2027",0.379494,2026-09-18,RBC GAM holdings CSV (rbcgam.com),RBC GAM
RUSB,RBC Short Term U.S. Corporate Bond ETF,,"Foundry JV Holdco LLC 5.500% Jan 25, 2031",0.379423,2026-09-18,RBC GAM holdings CSV (rbcgam.com),RBC GAM
RUSB,RBC Short Term U.S. Corporate Bond ETF,,"Hyundai Capital America 5.300% Jun 24, 2029",0.37912,2026-09-18,RBC GAM holdings CSV (rbcgam.com),RBC GAM
RUSB,RBC Short Term U.S. Corporate Bond ETF,,"US Bancorp 5.100% Jul 23, 2030",0.378676,2026-09-18,RBC GAM holdings CSV (rbcgam.com),RBC GAM
RUSB,RBC Short Term U.S. Corporate Bond ETF,,"New York Life Global Funding 5.000% Jun 06, 2029",0.378669,2026-09-18,RBC GAM holdings CSV (rbcgam.com),RBC GAM
RUSB,RBC Short Term U.S. Corporate Bond ETF,,"Motorola Solutions Inc 5.000% Apr 15, 2029",0.378337,2026-09-18,RBC GAM holdings CSV (rbcgam.com),RBC GAM
RUSB,RBC Short Term U.S. Corporate Bond ETF,,"Volkswagen Group of America Finance LLC 5.250% Mar 22, 2029",0.378123,2026-09-18,RBC GAM holdings CSV (rbcgam.com),RBC GAM
RUSB,RBC Short Term U.S. Corporate Bond ETF,,"Wells Fargo & Co 5.244% Jan 24, 2031",0.37809,2026-09-18,RBC GAM holdings CSV (rbcgam.com),RBC GAM
RUSB,RBC Short Term U.S. Corporate Bond ETF,,"American Express Co 5.085% Jan 30, 2031",0.377784,2026-09-18,RBC GAM holdings CSV (rbcgam.com),RBC GAM
RUSB,RBC Short Term U.S. Corporate Bond ETF,,"Realty Income Corp 4.700% Dec 15, 2028",0.37765,2026-09-18,RBC GAM holdings CSV (rbcgam.com),RBC GAM
RUSB,RBC Short Term U.S. Corporate Bond ETF,,"Eli Lilly & Co 4.500% Feb 09, 2029",0.377261,2026-09-18,RBC GAM holdings CSV (rbcgam.com),RBC GAM
RUSB,RBC Short Term U.S. Corporate Bond ETF,,"Vulcan Materials Co 4.950% Dec 01, 2029",0.377252,2026-09-18,RBC GAM holdings CSV (rbcgam.com),RBC GAM
RUSB,RBC Short Term U.S. Corporate Bond ETF,,"Synchrony Financial 5.450% Oct 15, 2030",0.376904,2026-09-18,RBC GAM holdings CSV (rbcgam.com),RBC GAM
RUSB,RBC Short Term U.S. Corporate Bond ETF,,"BNP Paribas SA 5.283% Nov 19, 2030",0.376816,2026-09-18,RBC GAM holdings CSV (rbcgam.com),RBC GAM
RUSB,RBC Short Term U.S. Corporate Bond ETF,,"Synchrony Financial 5.450% Mar 06, 2031",0.37524,2026-09-18,RBC GAM holdings CSV (rbcgam.com),RBC GAM
RUSB,RBC Short Term U.S. Corporate Bond ETF,,"Palomino Funding Trust I 7.233% May 17, 2028",0.374682,2026-09-18,RBC GAM holdings CSV (rbcgam.com),RBC GAM
RUSB,RBC Short Term U.S. Corporate Bond ETF,,"GA Global Funding Trust 5.400% Jan 13, 2030",0.374655,2026-09-18,RBC GAM holdings CSV (rbcgam.com),RBC GAM
RUSB,RBC Short Term U.S. Corporate Bond ETF,,"Barclays PLC 4.942% Sep 10, 2030",0.374568,2026-09-18,RBC GAM holdings CSV (rbcgam.com),RBC GAM
RUSB,RBC Short Term U.S. Corporate Bond ETF,,"Duke Energy Carolinas LLC 3.950% Nov 15, 2028",0.372396,2026-09-18,RBC GAM holdings CSV (rbcgam.com),RBC GAM
RUSB,RBC Short Term U.S. Corporate Bond ETF,,"American Honda Finance Corp 4.400% Sep 05, 2029",0.371147,2026-09-18,RBC GAM holdings CSV (rbcgam.com),RBC GAM
RUSB,RBC Short Term U.S. Corporate Bond ETF,,"Southern Co 5.113% Aug 01, 2027",0.37065,2026-09-18,RBC GAM holdings CSV (rbcgam.com),RBC GAM
RUSB,RBC Short Term U.S. Corporate Bond ETF,,"Fiserv Inc 4.750% Mar 15, 2030",0.370336,2026-09-18,RBC GAM holdings CSV (rbcgam.com),RBC GAM
RUSB,RBC Short Term U.S. Corporate Bond ETF,,"Lincoln Financial Global Funding 4.625% Aug 18, 2030",0.368123,2026-09-18,RBC GAM holdings CSV (rbcgam.com),RBC GAM
RUSB,RBC Short Term U.S. Corporate Bond ETF,,"NextEra Energy Capital Holdings Inc 3.500% Apr 01, 2029",0.36559,2026-09-18,RBC GAM holdings CSV (rbcgam.com),RBC GAM
RUSB,RBC Short Term U.S. Corporate Bond ETF,,"Roper Technologies Inc 4.250% Sep 15, 2028",0.365175,2026-09-18,RBC GAM holdings CSV (rbcgam.com),RBC GAM
RUSB,RBC Short Term U.S. Corporate Bond ETF,,"US Bancorp 4.857% Jul 27, 2030",0.353237,2026-09-18,RBC GAM holdings CSV (rbcgam.com),RBC GAM
RUSB,RBC Short Term U.S. Corporate Bond ETF,,"System Energy Resources Inc 6.000% Apr 15, 2028",0.339108,2026-09-18,RBC GAM holdings CSV (rbcgam.com),RBC GAM
RUSB,RBC Short Term U.S. Corporate Bond ETF,,"Ally Financial Inc 5.525% Sep 16, 2030",0.329151,2026-09-18,RBC GAM holdings CSV (rbcgam.com),RBC GAM
RUSB,RBC Short Term U.S. Corporate Bond ETF,,"Synchrony Financial 5.935% Aug 02, 2030",0.320001,2026-09-18,RBC GAM holdings CSV (rbcgam.com),RBC GAM
RUSB,RBC Short Term U.S. Corporate Bond ETF,,"Fortitude Group Holdings LLC 6.250% Apr 01, 2030",0.313203,2026-09-18,RBC GAM holdings CSV (rbcgam.com),RBC GAM
RUSB,RBC Short Term U.S. Corporate Bond ETF,,"Mid-America Apartments LP 4.200% Jun 15, 2028",0.309209,2026-09-18,RBC GAM holdings CSV (rbcgam.com),RBC GAM
RUSB,RBC Short Term U.S. Corporate Bond ETF,,"Chevron Phillips Chemical Co LLC / Chevron Phillips Chemical Co LP 4.750% May 15, 2030",0.307862,2026-09-18,RBC GAM holdings CSV (rbcgam.com),RBC GAM
RUSB,RBC Short Term U.S. Corporate Bond ETF,,"Southern Power Co 4.250% Oct 01, 2030",0.307064,2026-09-18,RBC GAM holdings CSV (rbcgam.com),RBC GAM
RUSB,RBC Short Term U.S. Corporate Bond ETF,,"Roche Holdings Inc 4.203% Sep 09, 2029",0.288043,2026-09-18,RBC GAM holdings CSV (rbcgam.com),RBC GAM
RUSB,RBC Short Term U.S. Corporate Bond ETF,,"Bank of Montreal 4.640% Sep 10, 2030",0.278202,2026-09-18,RBC GAM holdings CSV (rbcgam.com),RBC GAM
RUSB,RBC Short Term U.S. Corporate Bond ETF,,"AerCap Ireland Capital DAC / AerCap Global Aviation Trust 4.625% Sep 10, 2029",0.277433,2026-09-18,RBC GAM holdings CSV (rbcgam.com),RBC GAM
RUSB,RBC Short Term U.S. Corporate Bond ETF,,"Lloyds Banking Group PLC 5.087% Nov 26, 2028",0.262995,2026-09-18,RBC GAM holdings CSV (rbcgam.com),RBC GAM
RUSB,RBC Short Term U.S. Corporate Bond ETF,,"Keybank National Association 5.850% Nov 15, 2027",0.25666,2026-09-18,RBC GAM holdings CSV (rbcgam.com),RBC GAM
RUSB,RBC Short Term U.S. Corporate Bond ETF,,"Toyota Motor Credit Corp 4.950% Jan 09, 2030",0.246031,2026-09-18,RBC GAM holdings CSV (rbcgam.com),RBC GAM
RUSB,RBC Short Term U.S. Corporate Bond ETF,,"Oncor Electric Delivery Co LLC 4.650% Nov 01, 2029",0.234195,2026-09-18,RBC GAM holdings CSV (rbcgam.com),RBC GAM
RUSB,RBC Short Term U.S. Corporate Bond ETF,,"Hyundai Capital America 5.400% Sep 17, 2029",0.216602,2026-09-18,RBC GAM holdings CSV (rbcgam.com),RBC GAM
RUSB,RBC Short Term U.S. Corporate Bond ETF,,"Mitsubishi UFJ Financial Group Inc 4.592% Apr 18, 2030",0.206986,2026-09-18,RBC GAM holdings CSV (rbcgam.com),RBC GAM
RUSB,RBC Short Term U.S. Corporate Bond ETF,,"Bank of Montreal 5.004% Jan 27, 2029",0.199813,2026-09-18,RBC GAM holdings CSV (rbcgam.com),RBC GAM
RUSB,RBC Short Term U.S. Corporate Bond ETF,,"Intercontinental Exchange Inc 4.700% Aug 20, 2029",0.191692,2026-09-18,RBC GAM holdings CSV (rbcgam.com),RBC GAM
RUSB,RBC Short Term U.S. Corporate Bond ETF,,"Duke Energy Carolinas LLC 4.850% Mar 15, 2030",0.188155,2026-09-18,RBC GAM holdings CSV (rbcgam.com),RBC GAM
RUSB,RBC Short Term U.S. Corporate Bond ETF,,"Duke Energy Carolinas LLC 4.650% Jun 15, 2031",0.176042,2026-09-18,RBC GAM holdings CSV (rbcgam.com),RBC GAM
RUSB,RBC Short Term U.S. Corporate Bond ETF,,"Schlumberger Investment SA 4.550% May 07, 2031",0.175146,2026-09-18,RBC GAM holdings CSV (rbcgam.com),RBC GAM
RUSB,RBC Short Term U.S. Corporate Bond ETF,,"Ohio Edison Co 4.950% Dec 15, 2029",0.116491,2026-09-18,RBC GAM holdings CSV (rbcgam.com),RBC GAM
RUSB-U,RBC Short Term U.S. Corporate Bond ETF (USD Units),,"United States Treasury Note/Bond 4.125% Oct 31, 2029",2.182171,2026-09-18,"RBC GAM holdings CSV (rbcgam.com) — USD class, verified identical to base via Currency options",RBC GAM
RUSB-U,RBC Short Term U.S. Corporate Bond ETF (USD Units),,"United States Treasury Note/Bond 3.875% Apr 30, 2030",2.009204,2026-09-18,"RBC GAM holdings CSV (rbcgam.com) — USD class, verified identical to base via Currency options",RBC GAM
RUSB-U,RBC Short Term U.S. Corporate Bond ETF (USD Units),,"United States Treasury Note/Bond 4.875% Oct 31, 2030",1.819183,2026-09-18,"RBC GAM holdings CSV (rbcgam.com) — USD class, verified identical to base via Currency options",RBC GAM
RUSB-U,RBC Short Term U.S. Corporate Bond ETF (USD Units),,"Morgan Stanley 4.210% Apr 20, 2028",1.138468,2026-09-18,"RBC GAM holdings CSV (rbcgam.com) — USD class, verified identical to base via Currency options",RBC GAM
RUSB-U,RBC Short Term U.S. Corporate Bond ETF (USD Units),,"Bank of America Corp 4.376% Apr 27, 2028",1.101826,2026-09-18,"RBC GAM holdings CSV (rbcgam.com) — USD class, verified identical to base via Currency options",RBC GAM
RUSB-U,RBC Short Term U.S. Corporate Bond ETF (USD Units),,"Goldman Sachs Group Inc 6.484% Oct 24, 2029",1.090256,2026-09-18,"RBC GAM holdings CSV (rbcgam.com) — USD class, verified identical to base via Currency options",RBC GAM
RUSB-U,RBC Short Term U.S. Corporate Bond ETF (USD Units),,"JPMorgan Chase & Co 4.864% Jul 23, 2030",1.012014,2026-09-18,"RBC GAM holdings CSV (rbcgam.com) — USD class, verified identical to base via Currency options",RBC GAM
RUSB-U,RBC Short Term U.S. Corporate Bond ETF (USD Units),,"AbbVie Inc 4.875% Sep 15, 2031",0.991368,2026-09-18,"RBC GAM holdings CSV (rbcgam.com) — USD class, verified identical to base via Currency options",RBC GAM
RUSB-U,RBC Short Term U.S. Corporate Bond ETF (USD Units),,"Lincoln Financial Global Funding 4.950% May 21, 2031",0.986359,2026-09-18,"RBC GAM holdings CSV (rbcgam.com) — USD class, verified identical to base via Currency options",RBC GAM
RUSB-U,RBC Short Term U.S. Corporate Bond ETF (USD Units),,"Morgan Stanley 5.164% Apr 20, 2029",0.951305,2026-09-18,"RBC GAM holdings CSV (rbcgam.com) — USD class, verified identical to base via Currency options",RBC GAM
RUSB-U,RBC Short Term U.S. Corporate Bond ETF (USD Units),,"Veralto Corp 4.850% Jan 15, 2032",0.900676,2026-09-18,"RBC GAM holdings CSV (rbcgam.com) — USD class, verified identical to base via Currency options",RBC GAM
RUSB-U,RBC Short Term U.S. Corporate Bond ETF (USD Units),,"NVIDIA Corp 4.500% Jun 15, 2031",0.86771,2026-09-18,"RBC GAM holdings CSV (rbcgam.com) — USD class, verified identical to base via Currency options",RBC GAM
RUSB-U,RBC Short Term U.S. Corporate Bond ETF (USD Units),,"Zions Bancorp NA 5.239% Oct 01, 2029",0.834467,2026-09-18,"RBC GAM holdings CSV (rbcgam.com) — USD class, verified identical to base via Currency options",RBC GAM
RUSB-U,RBC Short Term U.S. Corporate Bond ETF (USD Units),,"Bank of America Corp 5.202% Apr 25, 2029",0.830665,2026-09-18,"RBC GAM holdings CSV (rbcgam.com) — USD class, verified identical to base via Currency options",RBC GAM
RUSB-U,RBC Short Term U.S. Corporate Bond ETF (USD Units),,"Var Energi ASA 7.500% Jan 15, 2028",0.821224,2026-09-18,"RBC GAM holdings CSV (rbcgam.com) — USD class, verified identical to base via Currency options",RBC GAM
RUSB-U,RBC Short Term U.S. Corporate Bond ETF (USD Units),,"MassMutual Global Funding II 4.550% May 07, 2030",0.815526,2026-09-18,"RBC GAM holdings CSV (rbcgam.com) — USD class, verified identical to base via Currency options",RBC GAM
RUSB-U,RBC Short Term U.S. Corporate Bond ETF (USD Units),,"Dell International LLC / EMC Corp 5.100% Sep 15, 2029",0.793916,2026-09-18,"RBC GAM holdings CSV (rbcgam.com) — USD class, verified identical to base via Currency options",RBC GAM
RUSB-U,RBC Short Term U.S. Corporate Bond ETF (USD Units),,"Citigroup Inc 5.266% Sep 24, 2029",0.776007,2026-09-18,"RBC GAM holdings CSV (rbcgam.com) — USD class, verified identical to base via Currency options",RBC GAM
RUSB-U,RBC Short Term U.S. Corporate Bond ETF (USD Units),,"New York Life Global Funding 3.900% Oct 01, 2027",0.768835,2026-09-18,"RBC GAM holdings CSV (rbcgam.com) — USD class, verified identical to base via Currency options",RBC GAM
RUSB-U,RBC Short Term U.S. Corporate Bond ETF (USD Units),,"EQT Corp 5.700% Apr 01, 2028",0.767591,2026-09-18,"RBC GAM holdings CSV (rbcgam.com) — USD class, verified identical to base via Currency options",RBC GAM
RUSB-U,RBC Short Term U.S. Corporate Bond ETF (USD Units),,"Mitsubishi UFJ Financial Group Inc 5.017% Jul 20, 2028",0.762197,2026-09-18,"RBC GAM holdings CSV (rbcgam.com) — USD class, verified identical to base via Currency options",RBC GAM
RUSB-U,RBC Short Term U.S. Corporate Bond ETF (USD Units),,"Intel Corp 4.875% Feb 10, 2028",0.760097,2026-09-18,"RBC GAM holdings CSV (rbcgam.com) — USD class, verified identical to base via Currency options",RBC GAM
RUSB-U,RBC Short Term U.S. Corporate Bond ETF (USD Units),,"VICI Properties LP 4.750% Feb 15, 2028",0.757312,2026-09-18,"RBC GAM holdings CSV (rbcgam.com) — USD class, verified identical to base via Currency options",RBC GAM
RUSB-U,RBC Short Term U.S. Corporate Bond ETF (USD Units),,"Mercedes-Benz Finance North America LLC 4.850% Jan 11, 2029",0.753998,2026-09-18,"RBC GAM holdings CSV (rbcgam.com) — USD class, verified identical to base via Currency options",RBC GAM
RUSB-U,RBC Short Term U.S. Corporate Bond ETF (USD Units),,"HSBC Holdings PLC 4.583% Jun 19, 2029",0.753904,2026-09-18,"RBC GAM holdings CSV (rbcgam.com) — USD class, verified identical to base via Currency options",RBC GAM
RUSB-U,RBC Short Term U.S. Corporate Bond ETF (USD Units),,"Citigroup Inc 4.952% May 07, 2031",0.747391,2026-09-18,"RBC GAM holdings CSV (rbcgam.com) — USD class, verified identical to base via Currency options",RBC GAM
RUSB-U,RBC Short Term U.S. Corporate Bond ETF (USD Units),,"MPLX LP 4.700% Nov 01, 2029",0.746956,2026-09-18,"RBC GAM holdings CSV (rbcgam.com) — USD class, verified identical to base via Currency options",RBC GAM
RUSB-U,RBC Short Term U.S. Corporate Bond ETF (USD Units),,"Goldman Sachs Group Inc 5.240% Jul 21, 2032",0.746497,2026-09-18,"RBC GAM holdings CSV (rbcgam.com) — USD class, verified identical to base via Currency options",RBC GAM
RUSB-U,RBC Short Term U.S. Corporate Bond ETF (USD Units),,"AT&T Inc 4.700% Aug 15, 2030",0.744364,2026-09-18,"RBC GAM holdings CSV (rbcgam.com) — USD class, verified identical to base via Currency options",RBC GAM
RUSB-U,RBC Short Term U.S. Corporate Bond ETF (USD Units),,"Nutrien Ltd 4.850% May 29, 2031",0.74252,2026-09-18,"RBC GAM holdings CSV (rbcgam.com) — USD class, verified identical to base via Currency options",RBC GAM
RUSB-U,RBC Short Term U.S. Corporate Bond ETF (USD Units),,"Southern Power Co 4.800% Jun 15, 2031",0.739708,2026-09-18,"RBC GAM holdings CSV (rbcgam.com) — USD class, verified identical to base via Currency options",RBC GAM
RUSB-U,RBC Short Term U.S. Corporate Bond ETF (USD Units),,"Dell International LLC / EMC Corp 4.750% Jul 15, 2031",0.735477,2026-09-18,"RBC GAM holdings CSV (rbcgam.com) — USD class, verified identical to base via Currency options",RBC GAM
RUSB-U,RBC Short Term U.S. Corporate Bond ETF (USD Units),,"Wells Fargo & Co 4.844% May 20, 2032",0.735368,2026-09-18,"RBC GAM holdings CSV (rbcgam.com) — USD class, verified identical to base via Currency options",RBC GAM
RUSB-U,RBC Short Term U.S. Corporate Bond ETF (USD Units),,"Constellation Energy Generation LLC 4.800% Jan 15, 2032",0.735117,2026-09-18,"RBC GAM holdings CSV (rbcgam.com) — USD class, verified identical to base via Currency options",RBC GAM
RUSB-U,RBC Short Term U.S. Corporate Bond ETF (USD Units),,"Quanta Services Inc 4.500% Jan 15, 2031",0.732556,2026-09-18,"RBC GAM holdings CSV (rbcgam.com) — USD class, verified identical to base via Currency options",RBC GAM
RUSB-U,RBC Short Term U.S. Corporate Bond ETF (USD Units),,"American National Global Funding 4.875% Jan 23, 2031",0.732165,2026-09-18,"RBC GAM holdings CSV (rbcgam.com) — USD class, verified identical to base via Currency options",RBC GAM
RUSB-U,RBC Short Term U.S. Corporate Bond ETF (USD Units),,"American Express Co 4.456% Feb 10, 2032",0.732039,2026-09-18,"RBC GAM holdings CSV (rbcgam.com) — USD class, verified identical to base via Currency options",RBC GAM
RUSB-U,RBC Short Term U.S. Corporate Bond ETF (USD Units),,"Avolon Holdings Funding Ltd 4.700% Jan 30, 2031",0.730915,2026-09-18,"RBC GAM holdings CSV (rbcgam.com) — USD class, verified identical to base via Currency options",RBC GAM
RUSB-U,RBC Short Term U.S. Corporate Bond ETF (USD Units),,"Fedex Freight Holding Co Inc 4.650% Mar 15, 2031",0.730411,2026-09-18,"RBC GAM holdings CSV (rbcgam.com) — USD class, verified identical to base via Currency options",RBC GAM
RUSB-U,RBC Short Term U.S. Corporate Bond ETF (USD Units),,"Deutsche Bank AG/New York NY 4.725% Feb 06, 2032",0.730236,2026-09-18,"RBC GAM holdings CSV (rbcgam.com) — USD class, verified identical to base via Currency options",RBC GAM
RUSB-U,RBC Short Term U.S. Corporate Bond ETF (USD Units),,"ASB Bank Ltd 4.155% Oct 29, 2030",0.730093,2026-09-18,"RBC GAM holdings CSV (rbcgam.com) — USD class, verified identical to base via Currency options",RBC GAM
RUSB-U,RBC Short Term U.S. Corporate Bond ETF (USD Units),,"Morgan Stanley 4.493% Jan 16, 2032",0.728492,2026-09-18,"RBC GAM holdings CSV (rbcgam.com) — USD class, verified identical to base via Currency options",RBC GAM
RUSB-U,RBC Short Term U.S. Corporate Bond ETF (USD Units),,"Goldman Sachs Group Inc 4.516% Jan 21, 2032",0.727832,2026-09-18,"RBC GAM holdings CSV (rbcgam.com) — USD class, verified identical to base via Currency options",RBC GAM
RUSB-U,RBC Short Term U.S. Corporate Bond ETF (USD Units),,"Intercontinental Exchange Inc 4.200% Mar 15, 2031",0.727232,2026-09-18,"RBC GAM holdings CSV (rbcgam.com) — USD class, verified identical to base via Currency options",RBC GAM
RUSB-U,RBC Short Term U.S. Corporate Bond ETF (USD Units),,"Orange SA 4.250% Jan 13, 2031",0.724807,2026-09-18,"RBC GAM holdings CSV (rbcgam.com) — USD class, verified identical to base via Currency options",RBC GAM
RUSB-U,RBC Short Term U.S. Corporate Bond ETF (USD Units),,"Georgia-Pacific LLC 4.600% May 15, 2031",0.718408,2026-09-18,"RBC GAM holdings CSV (rbcgam.com) — USD class, verified identical to base via Currency options",RBC GAM
RUSB-U,RBC Short Term U.S. Corporate Bond ETF (USD Units),,"Oracle Corp 4.450% Sep 26, 2030",0.714789,2026-09-18,"RBC GAM holdings CSV (rbcgam.com) — USD class, verified identical to base via Currency options",RBC GAM
RUSB-U,RBC Short Term U.S. Corporate Bond ETF (USD Units),,"JPMorgan Chase & Co 2.739% Oct 15, 2030",0.704855,2026-09-18,"RBC GAM holdings CSV (rbcgam.com) — USD class, verified identical to base via Currency options",RBC GAM
RUSB-U,RBC Short Term U.S. Corporate Bond ETF (USD Units),,"NextEra Energy Capital Holdings Inc 4.400% Mar 01, 2031",0.696416,2026-09-18,"RBC GAM holdings CSV (rbcgam.com) — USD class, verified identical to base via Currency options",RBC GAM
RUSB-U,RBC Short Term U.S. Corporate Bond ETF (USD Units),,"Equitable America Global Funding 4.650% Jun 09, 2028",0.685908,2026-09-18,"RBC GAM holdings CSV (rbcgam.com) — USD class, verified identical to base via Currency options",RBC GAM
RUSB-U,RBC Short Term U.S. Corporate Bond ETF (USD Units),,"RGA Global Funding 4.350% Aug 25, 2028",0.685147,2026-09-18,"RBC GAM holdings CSV (rbcgam.com) — USD class, verified identical to base via Currency options",RBC GAM
RUSB-U,RBC Short Term U.S. Corporate Bond ETF (USD Units),,"Cargill Inc 4.125% Oct 23, 2030",0.684238,2026-09-18,"RBC GAM holdings CSV (rbcgam.com) — USD class, verified identical to base via Currency options",RBC GAM
RUSB-U,RBC Short Term U.S. Corporate Bond ETF (USD Units),,"Amgen Inc 4.200% Feb 19, 2031",0.680145,2026-09-18,"RBC GAM holdings CSV (rbcgam.com) — USD class, verified identical to base via Currency options",RBC GAM
RUSB-U,RBC Short Term U.S. Corporate Bond ETF (USD Units),,"HCA Inc 5.000% Mar 01, 2028",0.676803,2026-09-18,"RBC GAM holdings CSV (rbcgam.com) — USD class, verified identical to base via Currency options",RBC GAM
RUSB-U,RBC Short Term U.S. Corporate Bond ETF (USD Units),,"T-Mobile USA Inc 2.550% Feb 15, 2031",0.674526,2026-09-18,"RBC GAM holdings CSV (rbcgam.com) — USD class, verified identical to base via Currency options",RBC GAM
RUSB-U,RBC Short Term U.S. Corporate Bond ETF (USD Units),,"Truist Financial Corp 4.957% Jul 23, 2030",0.662542,2026-09-18,"RBC GAM holdings CSV (rbcgam.com) — USD class, verified identical to base via Currency options",RBC GAM
RUSB-U,RBC Short Term U.S. Corporate Bond ETF (USD Units),,"JPMorgan Chase & Co 6.087% Oct 23, 2029",0.658073,2026-09-18,"RBC GAM holdings CSV (rbcgam.com) — USD class, verified identical to base via Currency options",RBC GAM
RUSB-U,RBC Short Term U.S. Corporate Bond ETF (USD Units),,"Nucor Corp 4.650% Jun 01, 2030",0.654474,2026-09-18,"RBC GAM holdings CSV (rbcgam.com) — USD class, verified identical to base via Currency options",RBC GAM
RUSB-U,RBC Short Term U.S. Corporate Bond ETF (USD Units),,"Wells Fargo & Co 5.198% Jan 23, 2030",0.649123,2026-09-18,"RBC GAM holdings CSV (rbcgam.com) — USD class, verified identical to base via Currency options",RBC GAM
RUSB-U,RBC Short Term U.S. Corporate Bond ETF (USD Units),,"Bank of New York Mellon 4.729% Apr 20, 2029",0.644621,2026-09-18,"RBC GAM holdings CSV (rbcgam.com) — USD class, verified identical to base via Currency options",RBC GAM
RUSB-U,RBC Short Term U.S. Corporate Bond ETF (USD Units),,"Lloyds Banking Group PLC 4.818% Jun 13, 2029",0.643829,2026-09-18,"RBC GAM holdings CSV (rbcgam.com) — USD class, verified identical to base via Currency options",RBC GAM
RUSB-U,RBC Short Term U.S. Corporate Bond ETF (USD Units),,"Toyota Motor Credit Corp 4.050% Sep 05, 2028",0.64322,2026-09-18,"RBC GAM holdings CSV (rbcgam.com) — USD class, verified identical to base via Currency options",RBC GAM
RUSB-U,RBC Short Term U.S. Corporate Bond ETF (USD Units),,"Constellation Global Funding 4.850% Oct 22, 2030",0.638927,2026-09-18,"RBC GAM holdings CSV (rbcgam.com) — USD class, verified identical to base via Currency options",RBC GAM
RUSB-U,RBC Short Term U.S. Corporate Bond ETF (USD Units),,"Mizuho Financial Group Inc 5.098% May 13, 2031",0.638848,2026-09-18,"RBC GAM holdings CSV (rbcgam.com) — USD class, verified identical to base via Currency options",RBC GAM
RUSB-U,RBC Short Term U.S. Corporate Bond ETF (USD Units),,"National Securities Clearing Corp 4.700% May 20, 2030",0.635528,2026-09-18,"RBC GAM holdings CSV (rbcgam.com) — USD class, verified identical to base via Currency options",RBC GAM
RUSB-U,RBC Short Term U.S. Corporate Bond ETF (USD Units),,"Citizens Financial Group Inc 5.841% Jan 23, 2030",0.629422,2026-09-18,"RBC GAM holdings CSV (rbcgam.com) — USD class, verified identical to base via Currency options",RBC GAM
RUSB-U,RBC Short Term U.S. Corporate Bond ETF (USD Units),,"Fidelity National Information Services Inc 4.550% Mar 10, 2029",0.622878,2026-09-18,"RBC GAM holdings CSV (rbcgam.com) — USD class, verified identical to base via Currency options",RBC GAM
RUSB-U,RBC Short Term U.S. Corporate Bond ETF (USD Units),,"Fifth Third Bancorp 6.361% Oct 27, 2028",0.621278,2026-09-18,"RBC GAM holdings CSV (rbcgam.com) — USD class, verified identical to base via Currency options",RBC GAM
RUSB-U,RBC Short Term U.S. Corporate Bond ETF (USD Units),,"BHP Billiton Finance USA Ltd 5.000% Feb 21, 2030",0.604997,2026-09-18,"RBC GAM holdings CSV (rbcgam.com) — USD class, verified identical to base via Currency options",RBC GAM
RUSB-U,RBC Short Term U.S. Corporate Bond ETF (USD Units),,"DAE Airfinance Holdings Ltd 6.400% Mar 26, 2029",0.603576,2026-09-18,"RBC GAM holdings CSV (rbcgam.com) — USD class, verified identical to base via Currency options",RBC GAM
RUSB-U,RBC Short Term U.S. Corporate Bond ETF (USD Units),,"Energy Transfer LP 5.550% Feb 15, 2028",0.593903,2026-09-18,"RBC GAM holdings CSV (rbcgam.com) — USD class, verified identical to base via Currency options",RBC GAM
RUSB-U,RBC Short Term U.S. Corporate Bond ETF (USD Units),,"Truist Financial Corp 7.161% Oct 30, 2029",0.591907,2026-09-18,"RBC GAM holdings CSV (rbcgam.com) — USD class, verified identical to base via Currency options",RBC GAM
RUSB-U,RBC Short Term U.S. Corporate Bond ETF (USD Units),,"General Electric Co 4.300% Jul 29, 2030",0.590045,2026-09-18,"RBC GAM holdings CSV (rbcgam.com) — USD class, verified identical to base via Currency options",RBC GAM
RUSB-U,RBC Short Term U.S. Corporate Bond ETF (USD Units),,"Foundry JV Holdco LLC 5.900% Jan 25, 2030",0.578026,2026-09-18,"RBC GAM holdings CSV (rbcgam.com) — USD class, verified identical to base via Currency options",RBC GAM
RUSB-U,RBC Short Term U.S. Corporate Bond ETF (USD Units),,"NextEra Energy Capital Holdings Inc 4.850% Feb 04, 2028",0.577819,2026-09-18,"RBC GAM holdings CSV (rbcgam.com) — USD class, verified identical to base via Currency options",RBC GAM
RUSB-U,RBC Short Term U.S. Corporate Bond ETF (USD Units),,"Kinder Morgan Inc 5.150% Jun 01, 2030",0.572447,2026-09-18,"RBC GAM holdings CSV (rbcgam.com) — USD class, verified identical to base via Currency options",RBC GAM
RUSB-U,RBC Short Term U.S. Corporate Bond ETF (USD Units),,"Amgen Inc 5.150% Mar 02, 2028",0.572132,2026-09-18,"RBC GAM holdings CSV (rbcgam.com) — USD class, verified identical to base via Currency options",RBC GAM
RUSB-U,RBC Short Term U.S. Corporate Bond ETF (USD Units),,"Wells Fargo & Co 4.970% Apr 23, 2029",0.569624,2026-09-18,"RBC GAM holdings CSV (rbcgam.com) — USD class, verified identical to base via Currency options",RBC GAM
RUSB-U,RBC Short Term U.S. Corporate Bond ETF (USD Units),,"Daimler Truck Finance North America LLC 5.125% Sep 25, 2029",0.568307,2026-09-18,"RBC GAM holdings CSV (rbcgam.com) — USD class, verified identical to base via Currency options",RBC GAM
RUSB-U,RBC Short Term U.S. Corporate Bond ETF (USD Units),,"Georgia-Pacific LLC 4.400% Jun 30, 2028",0.568218,2026-09-18,"RBC GAM holdings CSV (rbcgam.com) — USD class, verified identical to base via Currency options",RBC GAM
RUSB-U,RBC Short Term U.S. Corporate Bond ETF (USD Units),,"BP Capital Markets America Inc 4.234% Nov 06, 2028",0.563369,2026-09-18,"RBC GAM holdings CSV (rbcgam.com) — USD class, verified identical to base via Currency options",RBC GAM
RUSB-U,RBC Short Term U.S. Corporate Bond ETF (USD Units),,"Mars Inc 4.800% Mar 01, 2030",0.561991,2026-09-18,"RBC GAM holdings CSV (rbcgam.com) — USD class, verified identical to base via Currency options",RBC GAM
RUSB-U,RBC Short Term U.S. Corporate Bond ETF (USD Units),,"Syensqo Finance America LLC 5.650% Jun 04, 2029",0.561145,2026-09-18,"RBC GAM holdings CSV (rbcgam.com) — USD class, verified identical to base via Currency options",RBC GAM
RUSB-U,RBC Short Term U.S. Corporate Bond ETF (USD Units),,"Gildan Activewear Inc 4.700% Oct 07, 2030",0.560637,2026-09-18,"RBC GAM holdings CSV (rbcgam.com) — USD class, verified identical to base via Currency options",RBC GAM
RUSB-U,RBC Short Term U.S. Corporate Bond ETF (USD Units),,"Charter Communications Operating LLC / Charter Communications Operating Capital 6.100% Jun 01, 2029",0.558916,2026-09-18,"RBC GAM holdings CSV (rbcgam.com) — USD class, verified identical to base via Currency options",RBC GAM
RUSB-U,RBC Short Term U.S. Corporate Bond ETF (USD Units),,"Oracle Corp 3.250% Nov 15, 2027",0.558907,2026-09-18,"RBC GAM holdings CSV (rbcgam.com) — USD class, verified identical to base via Currency options",RBC GAM
RUSB-U,RBC Short Term U.S. Corporate Bond ETF (USD Units),,"Pinnacle Financial Partners Inc 5.596% May 19, 2032",0.558479,2026-09-18,"RBC GAM holdings CSV (rbcgam.com) — USD class, verified identical to base via Currency options",RBC GAM
RUSB-U,RBC Short Term U.S. Corporate Bond ETF (USD Units),,"Citigroup Inc 4.542% Sep 19, 2030",0.557122,2026-09-18,"RBC GAM holdings CSV (rbcgam.com) — USD class, verified identical to base via Currency options",RBC GAM
RUSB-U,RBC Short Term U.S. Corporate Bond ETF (USD Units),,"Energy Transfer LP 5.250% Jul 01, 2029",0.555657,2026-09-18,"RBC GAM holdings CSV (rbcgam.com) — USD class, verified identical to base via Currency options",RBC GAM
RUSB-U,RBC Short Term U.S. Corporate Bond ETF (USD Units),,"Sherwin-Williams Co 4.500% Aug 15, 2030",0.553881,2026-09-18,"RBC GAM holdings CSV (rbcgam.com) — USD class, verified identical to base via Currency options",RBC GAM
RUSB-U,RBC Short Term U.S. Corporate Bond ETF (USD Units),,"Piedmont Natural Gas Co Inc 3.500% Jun 01, 2029",0.54708,2026-09-18,"RBC GAM holdings CSV (rbcgam.com) — USD class, verified identical to base via Currency options",RBC GAM
RUSB-U,RBC Short Term U.S. Corporate Bond ETF (USD Units),,"Ecolab Inc 4.800% Jun 15, 2031",0.546015,2026-09-18,"RBC GAM holdings CSV (rbcgam.com) — USD class, verified identical to base via Currency options",RBC GAM
RUSB-U,RBC Short Term U.S. Corporate Bond ETF (USD Units),,"Broadcom Inc 4.800% Apr 15, 2028",0.531802,2026-09-18,"RBC GAM holdings CSV (rbcgam.com) — USD class, verified identical to base via Currency options",RBC GAM
RUSB-U,RBC Short Term U.S. Corporate Bond ETF (USD Units),,"Synopsys Inc 4.650% Apr 01, 2028",0.525891,2026-09-18,"RBC GAM holdings CSV (rbcgam.com) — USD class, verified identical to base via Currency options",RBC GAM
RUSB-U,RBC Short Term U.S. Corporate Bond ETF (USD Units),,"Thermo Fisher Scientific Inc 4.215% Feb 12, 2031",0.510512,2026-09-18,"RBC GAM holdings CSV (rbcgam.com) — USD class, verified identical to base via Currency options",RBC GAM
RUSB-U,RBC Short Term U.S. Corporate Bond ETF (USD Units),,"Caterpillar Financial Services Corp 4.800% Jan 08, 2030",0.496287,2026-09-18,"RBC GAM holdings CSV (rbcgam.com) — USD class, verified identical to base via Currency options",RBC GAM
RUSB-U,RBC Short Term U.S. Corporate Bond ETF (USD Units),,"Equitable Financial Life Global Funding 4.875% Nov 19, 2027",0.493845,2026-09-18,"RBC GAM holdings CSV (rbcgam.com) — USD class, verified identical to base via Currency options",RBC GAM
RUSB-U,RBC Short Term U.S. Corporate Bond ETF (USD Units),,"Metropolitan Life Global Funding I 4.900% Jan 09, 2030",0.489851,2026-09-18,"RBC GAM holdings CSV (rbcgam.com) — USD class, verified identical to base via Currency options",RBC GAM
RUSB-U,RBC Short Term U.S. Corporate Bond ETF (USD Units),,"Royalty Pharma PLC 5.150% Sep 02, 2029",0.488537,2026-09-18,"RBC GAM holdings CSV (rbcgam.com) — USD class, verified identical to base via Currency options",RBC GAM
RUSB-U,RBC Short Term U.S. Corporate Bond ETF (USD Units),,"New York Life Global Funding 5.200% Sep 18, 2029",0.482674,2026-09-18,"RBC GAM holdings CSV (rbcgam.com) — USD class, verified identical to base via Currency options",RBC GAM
RUSB-U,RBC Short Term U.S. Corporate Bond ETF (USD Units),,"Principal Life Global Funding II 5.150% Aug 17, 2031",0.481576,2026-09-18,"RBC GAM holdings CSV (rbcgam.com) — USD class, verified identical to base via Currency options",RBC GAM
RUSB-U,RBC Short Term U.S. Corporate Bond ETF (USD Units),,"Alexander Funding Trust II 7.467% Jul 31, 2028",0.475335,2026-09-18,"RBC GAM holdings CSV (rbcgam.com) — USD class, verified identical to base via Currency options",RBC GAM
RUSB-U,RBC Short Term U.S. Corporate Bond ETF (USD Units),,"UBS Group AG 4.751% May 12, 2028",0.471866,2026-09-18,"RBC GAM holdings CSV (rbcgam.com) — USD class, verified identical to base via Currency options",RBC GAM
RUSB-U,RBC Short Term U.S. Corporate Bond ETF (USD Units),,"Realty Income Corp 4.750% Feb 15, 2029",0.471712,2026-09-18,"RBC GAM holdings CSV (rbcgam.com) — USD class, verified identical to base via Currency options",RBC GAM
RUSB-U,RBC Short Term U.S. Corporate Bond ETF (USD Units),,"Lloyds Banking Group PLC 4.241% Feb 10, 2030",0.469381,2026-09-18,"RBC GAM holdings CSV (rbcgam.com) — USD class, verified identical to base via Currency options",RBC GAM
RUSB-U,RBC Short Term U.S. Corporate Bond ETF (USD Units),,"Citigroup Inc 4.075% Apr 23, 2029",0.468147,2026-09-18,"RBC GAM holdings CSV (rbcgam.com) — USD class, verified identical to base via Currency options",RBC GAM
RUSB-U,RBC Short Term U.S. Corporate Bond ETF (USD Units),,"Hyundai Capital America 5.100% Jun 24, 2030",0.467646,2026-09-18,"RBC GAM holdings CSV (rbcgam.com) — USD class, verified identical to base via Currency options",RBC GAM
RUSB-U,RBC Short Term U.S. Corporate Bond ETF (USD Units),,"Canadian Imperial Bank of Commerce 4.862% Jan 13, 2028",0.457199,2026-09-18,"RBC GAM holdings CSV (rbcgam.com) — USD class, verified identical to base via Currency options",RBC GAM
RUSB-U,RBC Short Term U.S. Corporate Bond ETF (USD Units),,"Mars Inc 4.600% Mar 01, 2028",0.454404,2026-09-18,"RBC GAM holdings CSV (rbcgam.com) — USD class, verified identical to base via Currency options",RBC GAM
RUSB-U,RBC Short Term U.S. Corporate Bond ETF (USD Units),,"Barclays PLC 4.219% May 24, 2030",0.442823,2026-09-18,"RBC GAM holdings CSV (rbcgam.com) — USD class, verified identical to base via Currency options",RBC GAM
RUSB-U,RBC Short Term U.S. Corporate Bond ETF (USD Units),,"Mid-America Apartments LP 2.750% Mar 15, 2030",0.436935,2026-09-18,"RBC GAM holdings CSV (rbcgam.com) — USD class, verified identical to base via Currency options",RBC GAM
RUSB-U,RBC Short Term U.S. Corporate Bond ETF (USD Units),,"Principal Life Global Funding II 4.650% May 18, 2029",0.426477,2026-09-18,"RBC GAM holdings CSV (rbcgam.com) — USD class, verified identical to base via Currency options",RBC GAM
RUSB-U,RBC Short Term U.S. Corporate Bond ETF (USD Units),,"Gilead Sciences Inc 4.600% May 20, 2031",0.425075,2026-09-18,"RBC GAM holdings CSV (rbcgam.com) — USD class, verified identical to base via Currency options",RBC GAM
RUSB-U,RBC Short Term U.S. Corporate Bond ETF (USD Units),,"Deutsche Bank AG/New York NY 5.267% Sep 18, 2029",0.418613,2026-09-18,"RBC GAM holdings CSV (rbcgam.com) — USD class, verified identical to base via Currency options",RBC GAM
RUSB-U,RBC Short Term U.S. Corporate Bond ETF (USD Units),,"RGA Global Funding 5.250% Jan 09, 2030",0.416062,2026-09-18,"RBC GAM holdings CSV (rbcgam.com) — USD class, verified identical to base via Currency options",RBC GAM
RUSB-U,RBC Short Term U.S. Corporate Bond ETF (USD Units),,"RGA Global Funding 5.162% Sep 15, 2029",0.41124,2026-09-18,"RBC GAM holdings CSV (rbcgam.com) — USD class, verified identical to base via Currency options",RBC GAM
RUSB-U,RBC Short Term U.S. Corporate Bond ETF (USD Units),,"Truist Financial Corp 5.435% Jan 24, 2030",0.404289,2026-09-18,"RBC GAM holdings CSV (rbcgam.com) — USD class, verified identical to base via Currency options",RBC GAM
RUSB-U,RBC Short Term U.S. Corporate Bond ETF (USD Units),,"State Street Corp 4.530% Feb 20, 2029",0.397475,2026-09-18,"RBC GAM holdings CSV (rbcgam.com) — USD class, verified identical to base via Currency options",RBC GAM
RUSB-U,RBC Short Term U.S. Corporate Bond ETF (USD Units),,"Enbridge Inc 6.000% Nov 15, 2028",0.386906,2026-09-18,"RBC GAM holdings CSV (rbcgam.com) — USD class, verified identical to base via Currency options",RBC GAM
RUSB-U,RBC Short Term U.S. Corporate Bond ETF (USD Units),,"Eversource Energy 5.450% Mar 01, 2028",0.386245,2026-09-18,"RBC GAM holdings CSV (rbcgam.com) — USD class, verified identical to base via Currency options",RBC GAM
RUSB-U,RBC Short Term U.S. Corporate Bond ETF (USD Units),,"RTX Corp 5.750% Jan 15, 2029",0.385649,2026-09-18,"RBC GAM holdings CSV (rbcgam.com) — USD class, verified identical to base via Currency options",RBC GAM
RUSB-U,RBC Short Term U.S. Corporate Bond ETF (USD Units),,"HCA Inc 5.625% Sep 01, 2028",0.383352,2026-09-18,"RBC GAM holdings CSV (rbcgam.com) — USD class, verified identical to base via Currency options",RBC GAM
RUSB-U,RBC Short Term U.S. Corporate Bond ETF (USD Units),,"General Motors Financial Co Inc 5.550% Jul 15, 2029",0.38217,2026-09-18,"RBC GAM holdings CSV (rbcgam.com) — USD class, verified identical to base via Currency options",RBC GAM
RUSB-U,RBC Short Term U.S. Corporate Bond ETF (USD Units),,"Hyundai Capital America 5.300% Mar 19, 2027",0.382056,2026-09-18,"RBC GAM holdings CSV (rbcgam.com) — USD class, verified identical to base via Currency options",RBC GAM
RUSB-U,RBC Short Term U.S. Corporate Bond ETF (USD Units),,"BHP Billiton Finance USA Ltd 5.100% Sep 08, 2028",0.381777,2026-09-18,"RBC GAM holdings CSV (rbcgam.com) — USD class, verified identical to base via Currency options",RBC GAM
RUSB-U,RBC Short Term U.S. Corporate Bond ETF (USD Units),,"National Securities Clearing Corp 5.000% May 30, 2028",0.381156,2026-09-18,"RBC GAM holdings CSV (rbcgam.com) — USD class, verified identical to base via Currency options",RBC GAM
RUSB-U,RBC Short Term U.S. Corporate Bond ETF (USD Units),,"American Honda Finance Corp 5.125% Jul 07, 2028",0.380791,2026-09-18,"RBC GAM holdings CSV (rbcgam.com) — USD class, verified identical to base via Currency options",RBC GAM
RUSB-U,RBC Short Term U.S. Corporate Bond ETF (USD Units),,"Prologis Targeted US Logistics Fund LP 5.250% Apr 01, 2029",0.380105,2026-09-18,"RBC GAM holdings CSV (rbcgam.com) — USD class, verified identical to base via Currency options",RBC GAM
RUSB-U,RBC Short Term U.S. Corporate Bond ETF (USD Units),,"American Honda Finance Corp 4.450% Oct 22, 2027",0.379494,2026-09-18,"RBC GAM holdings CSV (rbcgam.com) — USD class, verified identical to base via Currency options",RBC GAM
RUSB-U,RBC Short Term U.S. Corporate Bond ETF (USD Units),,"Foundry JV Holdco LLC 5.500% Jan 25, 2031",0.379423,2026-09-18,"RBC GAM holdings CSV (rbcgam.com) — USD class, verified identical to base via Currency options",RBC GAM
RUSB-U,RBC Short Term U.S. Corporate Bond ETF (USD Units),,"Hyundai Capital America 5.300% Jun 24, 2029",0.37912,2026-09-18,"RBC GAM holdings CSV (rbcgam.com) — USD class, verified identical to base via Currency options",RBC GAM
RUSB-U,RBC Short Term U.S. Corporate Bond ETF (USD Units),,"US Bancorp 5.100% Jul 23, 2030",0.378676,2026-09-18,"RBC GAM holdings CSV (rbcgam.com) — USD class, verified identical to base via Currency options",RBC GAM
RUSB-U,RBC Short Term U.S. Corporate Bond ETF (USD Units),,"New York Life Global Funding 5.000% Jun 06, 2029",0.378669,2026-09-18,"RBC GAM holdings CSV (rbcgam.com) — USD class, verified identical to base via Currency options",RBC GAM
RUSB-U,RBC Short Term U.S. Corporate Bond ETF (USD Units),,"Motorola Solutions Inc 5.000% Apr 15, 2029",0.378337,2026-09-18,"RBC GAM holdings CSV (rbcgam.com) — USD class, verified identical to base via Currency options",RBC GAM
RUSB-U,RBC Short Term U.S. Corporate Bond ETF (USD Units),,"Volkswagen Group of America Finance LLC 5.250% Mar 22, 2029",0.378123,2026-09-18,"RBC GAM holdings CSV (rbcgam.com) — USD class, verified identical to base via Currency options",RBC GAM
RUSB-U,RBC Short Term U.S. Corporate Bond ETF (USD Units),,"Wells Fargo & Co 5.244% Jan 24, 2031",0.37809,2026-09-18,"RBC GAM holdings CSV (rbcgam.com) — USD class, verified identical to base via Currency options",RBC GAM
RUSB-U,RBC Short Term U.S. Corporate Bond ETF (USD Units),,"American Express Co 5.085% Jan 30, 2031",0.377784,2026-09-18,"RBC GAM holdings CSV (rbcgam.com) — USD class, verified identical to base via Currency options",RBC GAM
RUSB-U,RBC Short Term U.S. Corporate Bond ETF (USD Units),,"Realty Income Corp 4.700% Dec 15, 2028",0.37765,2026-09-18,"RBC GAM holdings CSV (rbcgam.com) — USD class, verified identical to base via Currency options",RBC GAM
RUSB-U,RBC Short Term U.S. Corporate Bond ETF (USD Units),,"Eli Lilly & Co 4.500% Feb 09, 2029",0.377261,2026-09-18,"RBC GAM holdings CSV (rbcgam.com) — USD class, verified identical to base via Currency options",RBC GAM
RUSB-U,RBC Short Term U.S. Corporate Bond ETF (USD Units),,"Vulcan Materials Co 4.950% Dec 01, 2029",0.377252,2026-09-18,"RBC GAM holdings CSV (rbcgam.com) — USD class, verified identical to base via Currency options",RBC GAM
RUSB-U,RBC Short Term U.S. Corporate Bond ETF (USD Units),,"Synchrony Financial 5.450% Oct 15, 2030",0.376904,2026-09-18,"RBC GAM holdings CSV (rbcgam.com) — USD class, verified identical to base via Currency options",RBC GAM
RUSB-U,RBC Short Term U.S. Corporate Bond ETF (USD Units),,"BNP Paribas SA 5.283% Nov 19, 2030",0.376816,2026-09-18,"RBC GAM holdings CSV (rbcgam.com) — USD class, verified identical to base via Currency options",RBC GAM
RUSB-U,RBC Short Term U.S. Corporate Bond ETF (USD Units),,"Synchrony Financial 5.450% Mar 06, 2031",0.37524,2026-09-18,"RBC GAM holdings CSV (rbcgam.com) — USD class, verified identical to base via Currency options",RBC GAM
RUSB-U,RBC Short Term U.S. Corporate Bond ETF (USD Units),,"Palomino Funding Trust I 7.233% May 17, 2028",0.374682,2026-09-18,"RBC GAM holdings CSV (rbcgam.com) — USD class, verified identical to base via Currency options",RBC GAM
RUSB-U,RBC Short Term U.S. Corporate Bond ETF (USD Units),,"GA Global Funding Trust 5.400% Jan 13, 2030",0.374655,2026-09-18,"RBC GAM holdings CSV (rbcgam.com) — USD class, verified identical to base via Currency options",RBC GAM
RUSB-U,RBC Short Term U.S. Corporate Bond ETF (USD Units),,"Barclays PLC 4.942% Sep 10, 2030",0.374568,2026-09-18,"RBC GAM holdings CSV (rbcgam.com) — USD class, verified identical to base via Currency options",RBC GAM
RUSB-U,RBC Short Term U.S. Corporate Bond ETF (USD Units),,"Duke Energy Carolinas LLC 3.950% Nov 15, 2028",0.372396,2026-09-18,"RBC GAM holdings CSV (rbcgam.com) — USD class, verified identical to base via Currency options",RBC GAM
RUSB-U,RBC Short Term U.S. Corporate Bond ETF (USD Units),,"American Honda Finance Corp 4.400% Sep 05, 2029",0.371147,2026-09-18,"RBC GAM holdings CSV (rbcgam.com) — USD class, verified identical to base via Currency options",RBC GAM
RUSB-U,RBC Short Term U.S. Corporate Bond ETF (USD Units),,"Southern Co 5.113% Aug 01, 2027",0.37065,2026-09-18,"RBC GAM holdings CSV (rbcgam.com) — USD class, verified identical to base via Currency options",RBC GAM
RUSB-U,RBC Short Term U.S. Corporate Bond ETF (USD Units),,"Fiserv Inc 4.750% Mar 15, 2030",0.370336,2026-09-18,"RBC GAM holdings CSV (rbcgam.com) — USD class, verified identical to base via Currency options",RBC GAM
RUSB-U,RBC Short Term U.S. Corporate Bond ETF (USD Units),,"Lincoln Financial Global Funding 4.625% Aug 18, 2030",0.368123,2026-09-18,"RBC GAM holdings CSV (rbcgam.com) — USD class, verified identical to base via Currency options",RBC GAM
RUSB-U,RBC Short Term U.S. Corporate Bond ETF (USD Units),,"NextEra Energy Capital Holdings Inc 3.500% Apr 01, 2029",0.36559,2026-09-18,"RBC GAM holdings CSV (rbcgam.com) — USD class, verified identical to base via Currency options",RBC GAM
RUSB-U,RBC Short Term U.S. Corporate Bond ETF (USD Units),,"Roper Technologies Inc 4.250% Sep 15, 2028",0.365175,2026-09-18,"RBC GAM holdings CSV (rbcgam.com) — USD class, verified identical to base via Currency options",RBC GAM
RUSB-U,RBC Short Term U.S. Corporate Bond ETF (USD Units),,"US Bancorp 4.857% Jul 27, 2030",0.353237,2026-09-18,"RBC GAM holdings CSV (rbcgam.com) — USD class, verified identical to base via Currency options",RBC GAM
RUSB-U,RBC Short Term U.S. Corporate Bond ETF (USD Units),,"System Energy Resources Inc 6.000% Apr 15, 2028",0.339108,2026-09-18,"RBC GAM holdings CSV (rbcgam.com) — USD class, verified identical to base via Currency options",RBC GAM
RUSB-U,RBC Short Term U.S. Corporate Bond ETF (USD Units),,"Ally Financial Inc 5.525% Sep 16, 2030",0.329151,2026-09-18,"RBC GAM holdings CSV (rbcgam.com) — USD class, verified identical to base via Currency options",RBC GAM
RUSB-U,RBC Short Term U.S. Corporate Bond ETF (USD Units),,"Synchrony Financial 5.935% Aug 02, 2030",0.320001,2026-09-18,"RBC GAM holdings CSV (rbcgam.com) — USD class, verified identical to base via Currency options",RBC GAM
RUSB-U,RBC Short Term U.S. Corporate Bond ETF (USD Units),,"Fortitude Group Holdings LLC 6.250% Apr 01, 2030",0.313203,2026-09-18,"RBC GAM holdings CSV (rbcgam.com) — USD class, verified identical to base via Currency options",RBC GAM
RUSB-U,RBC Short Term U.S. Corporate Bond ETF (USD Units),,"Mid-America Apartments LP 4.200% Jun 15, 2028",0.309209,2026-09-18,"RBC GAM holdings CSV (rbcgam.com) — USD class, verified identical to base via Currency options",RBC GAM
RUSB-U,RBC Short Term U.S. Corporate Bond ETF (USD Units),,"Chevron Phillips Chemical Co LLC / Chevron Phillips Chemical Co LP 4.750% May 15, 2030",0.307862,2026-09-18,"RBC GAM holdings CSV (rbcgam.com) — USD class, verified identical to base via Currency options",RBC GAM
RUSB-U,RBC Short Term U.S. Corporate Bond ETF (USD Units),,"Southern Power Co 4.250% Oct 01, 2030",0.307064,2026-09-18,"RBC GAM holdings CSV (rbcgam.com) — USD class, verified identical to base via Currency options",RBC GAM
RUSB-U,RBC Short Term U.S. Corporate Bond ETF (USD Units),,"Roche Holdings Inc 4.203% Sep 09, 2029",0.288043,2026-09-18,"RBC GAM holdings CSV (rbcgam.com) — USD class, verified identical to base via Currency options",RBC GAM
RUSB-U,RBC Short Term U.S. Corporate Bond ETF (USD Units),,"Bank of Montreal 4.640% Sep 10, 2030",0.278202,2026-09-18,"RBC GAM holdings CSV (rbcgam.com) — USD class, verified identical to base via Currency options",RBC GAM
RUSB-U,RBC Short Term U.S. Corporate Bond ETF (USD Units),,"AerCap Ireland Capital DAC / AerCap Global Aviation Trust 4.625% Sep 10, 2029",0.277433,2026-09-18,"RBC GAM holdings CSV (rbcgam.com) — USD class, verified identical to base via Currency options",RBC GAM
RUSB-U,RBC Short Term U.S. Corporate Bond ETF (USD Units),,"Lloyds Banking Group PLC 5.087% Nov 26, 2028",0.262995,2026-09-18,"RBC GAM holdings CSV (rbcgam.com) — USD class, verified identical to base via Currency options",RBC GAM
RUSB-U,RBC Short Term U.S. Corporate Bond ETF (USD Units),,"Keybank National Association 5.850% Nov 15, 2027",0.25666,2026-09-18,"RBC GAM holdings CSV (rbcgam.com) — USD class, verified identical to base via Currency options",RBC GAM
RUSB-U,RBC Short Term U.S. Corporate Bond ETF (USD Units),,"Toyota Motor Credit Corp 4.950% Jan 09, 2030",0.246031,2026-09-18,"RBC GAM holdings CSV (rbcgam.com) — USD class, verified identical to base via Currency options",RBC GAM
RUSB-U,RBC Short Term U.S. Corporate Bond ETF (USD Units),,"Oncor Electric Delivery Co LLC 4.650% Nov 01, 2029",0.234195,2026-09-18,"RBC GAM holdings CSV (rbcgam.com) — USD class, verified identical to base via Currency options",RBC GAM
RUSB-U,RBC Short Term U.S. Corporate Bond ETF (USD Units),,"Hyundai Capital America 5.400% Sep 17, 2029",0.216602,2026-09-18,"RBC GAM holdings CSV (rbcgam.com) — USD class, verified identical to base via Currency options",RBC GAM
RUSB-U,RBC Short Term U.S. Corporate Bond ETF (USD Units),,"Mitsubishi UFJ Financial Group Inc 4.592% Apr 18, 2030",0.206986,2026-09-18,"RBC GAM holdings CSV (rbcgam.com) — USD class, verified identical to base via Currency options",RBC GAM
RUSB-U,RBC Short Term U.S. Corporate Bond ETF (USD Units),,"Bank of Montreal 5.004% Jan 27, 2029",0.199813,2026-09-18,"RBC GAM holdings CSV (rbcgam.com) — USD class, verified identical to base via Currency options",RBC GAM
RUSB-U,RBC Short Term U.S. Corporate Bond ETF (USD Units),,"Intercontinental Exchange Inc 4.700% Aug 20, 2029",0.191692,2026-09-18,"RBC GAM holdings CSV (rbcgam.com) — USD class, verified identical to base via Currency options",RBC GAM
RUSB-U,RBC Short Term U.S. Corporate Bond ETF (USD Units),,"Duke Energy Carolinas LLC 4.850% Mar 15, 2030",0.188155,2026-09-18,"RBC GAM holdings CSV (rbcgam.com) — USD class, verified identical to base via Currency options",RBC GAM
RUSB-U,RBC Short Term U.S. Corporate Bond ETF (USD Units),,"Duke Energy Carolinas LLC 4.650% Jun 15, 2031",0.176042,2026-09-18,"RBC GAM holdings CSV (rbcgam.com) — USD class, verified identical to base via Currency options",RBC GAM
RUSB-U,RBC Short Term U.S. Corporate Bond ETF (USD Units),,"Schlumberger Investment SA 4.550% May 07, 2031",0.175146,2026-09-18,"RBC GAM holdings CSV (rbcgam.com) — USD class, verified identical to base via Currency options",RBC GAM
RUSB-U,RBC Short Term U.S. Corporate Bond ETF (USD Units),,"Ohio Edison Co 4.950% Dec 15, 2029",0.116491,2026-09-18,"RBC GAM holdings CSV (rbcgam.com) — USD class, verified identical to base via Currency options",RBC GAM
