ticker,etf_name,provider,source
CBH,iShares 1-10 Year Laddered Corporate Bond Index ETF,BlackRock/iShares,https://topforeignstocks.com/etf-lists/the-complete-list-of-rbc-etfs-trading-on-the-toronto-stock-exchange/
CBO,iShares 1-5 Year Laddered Corporate Bond Index ETF,BlackRock/iShares,https://topforeignstocks.com/etf-lists/the-complete-list-of-rbc-etfs-trading-on-the-toronto-stock-exchange/
CDZ,iShares S&P/TSX Canadian Dividend Aristocrats Index ETF,BlackRock/iShares,https://topforeignstocks.com/etf-lists/the-complete-list-of-rbc-etfs-trading-on-the-toronto-stock-exchange/
CEW,iShares Equal Weight Banc & Lifeco ETF,BlackRock/iShares,https://topforeignstocks.com/etf-lists/the-complete-list-of-rbc-etfs-trading-on-the-toronto-stock-exchange/
CGL,iShares Gold Bullion ETF,BlackRock/iShares,https://topforeignstocks.com/etf-lists/the-complete-list-of-rbc-etfs-trading-on-the-toronto-stock-exchange/
CGL-C,iShares Gold Bullion ETF,BlackRock/iShares,https://topforeignstocks.com/etf-lists/the-complete-list-of-rbc-etfs-trading-on-the-toronto-stock-exchange/
CGR,iShares Global Real Estate Index ETF,BlackRock/iShares,https://topforeignstocks.com/etf-lists/the-complete-list-of-rbc-etfs-trading-on-the-toronto-stock-exchange/
CIF,iShares Global Infrastructure Index ETF,BlackRock/iShares,https://topforeignstocks.com/etf-lists/the-complete-list-of-rbc-etfs-trading-on-the-toronto-stock-exchange/
CLF,iShares 1-5 Year Laddered Government Bond Index ETF,BlackRock/iShares,https://topforeignstocks.com/etf-lists/the-complete-list-of-rbc-etfs-trading-on-the-toronto-stock-exchange/
CLG,iShares 1-10 Year Laddered Government Bond Index ETF,BlackRock/iShares,https://topforeignstocks.com/etf-lists/the-complete-list-of-rbc-etfs-trading-on-the-toronto-stock-exchange/
CMR,iShares Premium Money Market ETF,BlackRock/iShares,https://topforeignstocks.com/etf-lists/the-complete-list-of-rbc-etfs-trading-on-the-toronto-stock-exchange/
COW,iShares Global Agriculture Index ETF,BlackRock/iShares,https://topforeignstocks.com/etf-lists/the-complete-list-of-rbc-etfs-trading-on-the-toronto-stock-exchange/
CPD,iShares S&P/TSX Canadian Preferred Share Index ETF,BlackRock/iShares,https://topforeignstocks.com/etf-lists/the-complete-list-of-rbc-etfs-trading-on-the-toronto-stock-exchange/
CUD,iShares US Dividend Growers Index ETF (CAD-Hedged),BlackRock/iShares,https://topforeignstocks.com/etf-lists/the-complete-list-of-rbc-etfs-trading-on-the-toronto-stock-exchange/
CVD,iShares Convertible Bond Index ETF,BlackRock/iShares,https://topforeignstocks.com/etf-lists/the-complete-list-of-rbc-etfs-trading-on-the-toronto-stock-exchange/
CWW,iShares Global Water Index ETF,BlackRock/iShares,https://topforeignstocks.com/etf-lists/the-complete-list-of-rbc-etfs-trading-on-the-toronto-stock-exchange/
CYH,iShares Global Monthly Dividend Index ETF (CAD-Hedged),BlackRock/iShares,https://topforeignstocks.com/etf-lists/the-complete-list-of-rbc-etfs-trading-on-the-toronto-stock-exchange/
FIE,iShares Canadian Financial Monthly Income ETF,BlackRock/iShares,https://topforeignstocks.com/etf-lists/the-complete-list-of-rbc-etfs-trading-on-the-toronto-stock-exchange/
GBAL,iShares ESG Balanced ETF Portfolio,BlackRock/iShares,https://topforeignstocks.com/etf-lists/the-complete-list-of-rbc-etfs-trading-on-the-toronto-stock-exchange/
GCNS,iShares ESG Conservative Balanced ETF Portfolio,BlackRock/iShares,https://topforeignstocks.com/etf-lists/the-complete-list-of-rbc-etfs-trading-on-the-toronto-stock-exchange/
GEQT,iShares ESG Equity ETF Portfolio,BlackRock/iShares,https://topforeignstocks.com/etf-lists/the-complete-list-of-rbc-etfs-trading-on-the-toronto-stock-exchange/
GGRO,iShares ESG Growth ETF Portfolio,BlackRock/iShares,https://topforeignstocks.com/etf-lists/the-complete-list-of-rbc-etfs-trading-on-the-toronto-stock-exchange/
SVR,iShares Silver Bullion ETF,BlackRock/iShares,https://topforeignstocks.com/etf-lists/the-complete-list-of-rbc-etfs-trading-on-the-toronto-stock-exchange/
SVR.C,iShares Silver Bullion ETF,BlackRock/iShares,https://topforeignstocks.com/etf-lists/the-complete-list-of-rbc-etfs-trading-on-the-toronto-stock-exchange/
XAD,iShares U.S. Aerospace & Defense Index ETF,BlackRock/iShares,https://topforeignstocks.com/etf-lists/the-complete-list-of-rbc-etfs-trading-on-the-toronto-stock-exchange/
XAGG,iShares U.S. Aggregate Bond Index ETF,BlackRock/iShares,https://topforeignstocks.com/etf-lists/the-complete-list-of-rbc-etfs-trading-on-the-toronto-stock-exchange/
XAGG-U,iShares U.S. Aggregate Bond Index ETF,BlackRock/iShares,https://topforeignstocks.com/etf-lists/the-complete-list-of-rbc-etfs-trading-on-the-toronto-stock-exchange/
XAGH,iShares U.S. Aggregate Bond Index ETF (CAD-Hedged),BlackRock/iShares,https://topforeignstocks.com/etf-lists/the-complete-list-of-rbc-etfs-trading-on-the-toronto-stock-exchange/
XAW,iShares Core MSCI All Country World ex Canada Index ETF,BlackRock/iShares,https://topforeignstocks.com/etf-lists/the-complete-list-of-rbc-etfs-trading-on-the-toronto-stock-exchange/
XAW-U,iShares Core MSCI All Country World ex Canada Index ETF,BlackRock/iShares,https://topforeignstocks.com/etf-lists/the-complete-list-of-rbc-etfs-trading-on-the-toronto-stock-exchange/
XBAL,iShares Core Balanced ETF Portfolio,BlackRock/iShares,https://topforeignstocks.com/etf-lists/the-complete-list-of-rbc-etfs-trading-on-the-toronto-stock-exchange/
XBM,iShares S&P/TSX Global Base Metals Index ETF,BlackRock/iShares,https://topforeignstocks.com/etf-lists/the-complete-list-of-rbc-etfs-trading-on-the-toronto-stock-exchange/
XCBG,iShares ESG Advanced Canadian Corporate Bond Index ETF,BlackRock/iShares,https://topforeignstocks.com/etf-lists/the-complete-list-of-rbc-etfs-trading-on-the-toronto-stock-exchange/
XCBU,iShares U.S. IG Corporate Bond Index ETF,BlackRock/iShares,https://topforeignstocks.com/etf-lists/the-complete-list-of-rbc-etfs-trading-on-the-toronto-stock-exchange/
XCBU-U,iShares U.S. IG Corporate Bond Index ETF,BlackRock/iShares,https://topforeignstocks.com/etf-lists/the-complete-list-of-rbc-etfs-trading-on-the-toronto-stock-exchange/
XCD,iShares S&P Global Consumer Discretionary Index ETF (CAD-Hedged),BlackRock/iShares,https://topforeignstocks.com/etf-lists/the-complete-list-of-rbc-etfs-trading-on-the-toronto-stock-exchange/
XCH,iShares China Index ETF,BlackRock/iShares,https://topforeignstocks.com/etf-lists/the-complete-list-of-rbc-etfs-trading-on-the-toronto-stock-exchange/
XCLN,iShares Global Clean Energy Index ETF,BlackRock/iShares,https://topforeignstocks.com/etf-lists/the-complete-list-of-rbc-etfs-trading-on-the-toronto-stock-exchange/
XCNS,iShares Core Conservative Balanced ETF Portfolio,BlackRock/iShares,https://topforeignstocks.com/etf-lists/the-complete-list-of-rbc-etfs-trading-on-the-toronto-stock-exchange/
XCSR,iShares ESG Advanced MSCI Canada Index ETF,BlackRock/iShares,https://topforeignstocks.com/etf-lists/the-complete-list-of-rbc-etfs-trading-on-the-toronto-stock-exchange/
XDG,iShares Core MSCI Global Quality Dividend Index ETF,BlackRock/iShares,https://topforeignstocks.com/etf-lists/the-complete-list-of-rbc-etfs-trading-on-the-toronto-stock-exchange/
XDG-U,iShares Core MSCI Global Quality Dividend Index ETF,BlackRock/iShares,https://topforeignstocks.com/etf-lists/the-complete-list-of-rbc-etfs-trading-on-the-toronto-stock-exchange/
XDGH,iShares Core MSCI Global Quality Dividend Index ETF (CAD-Hedged),BlackRock/iShares,https://topforeignstocks.com/etf-lists/the-complete-list-of-rbc-etfs-trading-on-the-toronto-stock-exchange/
XDIV,iShares Core MSCI Canadian Quality Dividend Index ETF,BlackRock/iShares,https://topforeignstocks.com/etf-lists/the-complete-list-of-rbc-etfs-trading-on-the-toronto-stock-exchange/
XDNA,iShares Genomics Immunology and Healthcare Index ETF,BlackRock/iShares,https://topforeignstocks.com/etf-lists/the-complete-list-of-rbc-etfs-trading-on-the-toronto-stock-exchange/
XDRV,iShares Global Electric and Autonomous Vehicles Index ETF,BlackRock/iShares,https://topforeignstocks.com/etf-lists/the-complete-list-of-rbc-etfs-trading-on-the-toronto-stock-exchange/
XDSR,iShares ESG Advanced MSCI EAFE Index ETF,BlackRock/iShares,https://topforeignstocks.com/etf-lists/the-complete-list-of-rbc-etfs-trading-on-the-toronto-stock-exchange/
XDU,iShares Core MSCI US Quality Dividend Index ETF,BlackRock/iShares,https://topforeignstocks.com/etf-lists/the-complete-list-of-rbc-etfs-trading-on-the-toronto-stock-exchange/
XDU-U,iShares Core MSCI US Quality Dividend Index ETF,BlackRock/iShares,https://topforeignstocks.com/etf-lists/the-complete-list-of-rbc-etfs-trading-on-the-toronto-stock-exchange/
XDUH,iShares Core MSCI US Quality Dividend Index ETF (CAD-Hedged),BlackRock/iShares,https://topforeignstocks.com/etf-lists/the-complete-list-of-rbc-etfs-trading-on-the-toronto-stock-exchange/
XEC-U,iShares Core MSCI Emerging Markets IMI Index ETF,BlackRock/iShares,https://topforeignstocks.com/etf-lists/the-complete-list-of-rbc-etfs-trading-on-the-toronto-stock-exchange/
XEF-U,iShares Core MSCI EAFE IMI Index ETF,BlackRock/iShares,https://topforeignstocks.com/etf-lists/the-complete-list-of-rbc-etfs-trading-on-the-toronto-stock-exchange/
XEH,iShares MSCI Europe IMI Index ETF (CAD-Hedged),BlackRock/iShares,https://topforeignstocks.com/etf-lists/the-complete-list-of-rbc-etfs-trading-on-the-toronto-stock-exchange/
XEI,iShares S&P/TSX Composite High Dividend Index ETF,BlackRock/iShares,https://topforeignstocks.com/etf-lists/the-complete-list-of-rbc-etfs-trading-on-the-toronto-stock-exchange/
XEQT,iShares Core Equity ETF Portfolio,BlackRock/iShares,https://topforeignstocks.com/etf-lists/the-complete-list-of-rbc-etfs-trading-on-the-toronto-stock-exchange/
XESG,iShares ESG Aware MSCI Canada Index ETF,BlackRock/iShares,https://topforeignstocks.com/etf-lists/the-complete-list-of-rbc-etfs-trading-on-the-toronto-stock-exchange/
XETM,iShares S&P/TSX Energy Transition Materials Index ETF,BlackRock/iShares,https://topforeignstocks.com/etf-lists/the-complete-list-of-rbc-etfs-trading-on-the-toronto-stock-exchange/
XEXP,iShares Exponential Technologies Index ETF,BlackRock/iShares,https://topforeignstocks.com/etf-lists/the-complete-list-of-rbc-etfs-trading-on-the-toronto-stock-exchange/
XFH,iShares Core MSCI EAFE IMI Index ETF (CAD-Hedged),BlackRock/iShares,https://topforeignstocks.com/etf-lists/the-complete-list-of-rbc-etfs-trading-on-the-toronto-stock-exchange/
XFLB,iShares Core Canadian 15+ Year Federal Bond Index ETF,BlackRock/iShares,https://topforeignstocks.com/etf-lists/the-complete-list-of-rbc-etfs-trading-on-the-toronto-stock-exchange/
XFR,iShares Floating Rate Index ETF,BlackRock/iShares,https://topforeignstocks.com/etf-lists/the-complete-list-of-rbc-etfs-trading-on-the-toronto-stock-exchange/
XGI,iShares S&P Global Industrials Index ETF(CAD-Hedged),BlackRock/iShares,https://topforeignstocks.com/etf-lists/the-complete-list-of-rbc-etfs-trading-on-the-toronto-stock-exchange/
XGRO,iShares Core Growth ETF Portfolio,BlackRock/iShares,https://topforeignstocks.com/etf-lists/the-complete-list-of-rbc-etfs-trading-on-the-toronto-stock-exchange/
XHAK,iShares Cybersecurity and Tech Index ETF,BlackRock/iShares,https://topforeignstocks.com/etf-lists/the-complete-list-of-rbc-etfs-trading-on-the-toronto-stock-exchange/
XHB,iShares Canadian HYBrid Corporate Bond Index ETF,BlackRock/iShares,https://topforeignstocks.com/etf-lists/the-complete-list-of-rbc-etfs-trading-on-the-toronto-stock-exchange/
XHC,iShares Global Healthcare Index ETF (CAD-Hedged),BlackRock/iShares,https://topforeignstocks.com/etf-lists/the-complete-list-of-rbc-etfs-trading-on-the-toronto-stock-exchange/
XHD,iShares U.S. High Dividend Equity Index ETF (CAD-Hedged),BlackRock/iShares,https://topforeignstocks.com/etf-lists/the-complete-list-of-rbc-etfs-trading-on-the-toronto-stock-exchange/
XHU,iShares U.S. High Dividend Equity Index ETF,BlackRock/iShares,https://topforeignstocks.com/etf-lists/the-complete-list-of-rbc-etfs-trading-on-the-toronto-stock-exchange/
XHY,iShares U.S. High Yield Bond Index ETF (CAD-Hedged),BlackRock/iShares,https://topforeignstocks.com/etf-lists/the-complete-list-of-rbc-etfs-trading-on-the-toronto-stock-exchange/
XID,iShares India Index ETF,BlackRock/iShares,https://topforeignstocks.com/etf-lists/the-complete-list-of-rbc-etfs-trading-on-the-toronto-stock-exchange/
XIG,iShares U.S. IG Corporate Bond Index ETF (CAD-Hedged),BlackRock/iShares,https://topforeignstocks.com/etf-lists/the-complete-list-of-rbc-etfs-trading-on-the-toronto-stock-exchange/
XIGS,iShares 1-5 Year U.S. IG Corporate Bond Index ETF (CAD-Hedged),BlackRock/iShares,https://topforeignstocks.com/etf-lists/the-complete-list-of-rbc-etfs-trading-on-the-toronto-stock-exchange/
XMC,iShares S&P U.S. Mid-Cap Index ETF,BlackRock/iShares,https://topforeignstocks.com/etf-lists/the-complete-list-of-rbc-etfs-trading-on-the-toronto-stock-exchange/
XMC-U,iShares S&P U.S. Mid-Cap Index ETF,BlackRock/iShares,https://topforeignstocks.com/etf-lists/the-complete-list-of-rbc-etfs-trading-on-the-toronto-stock-exchange/
XMH,iShares S&P U.S. Mid-Cap Index ETF (CAD-Hedged),BlackRock/iShares,https://topforeignstocks.com/etf-lists/the-complete-list-of-rbc-etfs-trading-on-the-toronto-stock-exchange/
XMI,iShares MSCI Min Vol EAFE Index ETF,BlackRock/iShares,https://topforeignstocks.com/etf-lists/the-complete-list-of-rbc-etfs-trading-on-the-toronto-stock-exchange/
XML,iShares MSCI Min Vol EAFE Index ETF (CAD-Hedged),BlackRock/iShares,https://topforeignstocks.com/etf-lists/the-complete-list-of-rbc-etfs-trading-on-the-toronto-stock-exchange/
XMM,iShares MSCI Min Vol Emerging Markets Index ETF,BlackRock/iShares,https://topforeignstocks.com/etf-lists/the-complete-list-of-rbc-etfs-trading-on-the-toronto-stock-exchange/
XMS,iShares MSCI Min Vol USA Index ETF (CAD-Hedged),BlackRock/iShares,https://topforeignstocks.com/etf-lists/the-complete-list-of-rbc-etfs-trading-on-the-toronto-stock-exchange/
XMTM,iShares MSCI USA Momentum Factor Index ETF,BlackRock/iShares,https://topforeignstocks.com/etf-lists/the-complete-list-of-rbc-etfs-trading-on-the-toronto-stock-exchange/
XMU,iShares MSCI Min Vol USA Index ETF,BlackRock/iShares,https://topforeignstocks.com/etf-lists/the-complete-list-of-rbc-etfs-trading-on-the-toronto-stock-exchange/
XMU-U,iShares MSCI Min Vol USA Index ETF,BlackRock/iShares,https://topforeignstocks.com/etf-lists/the-complete-list-of-rbc-etfs-trading-on-the-toronto-stock-exchange/
XMV,iShares MSCI Min Vol Canada Index ETF,BlackRock/iShares,https://topforeignstocks.com/etf-lists/the-complete-list-of-rbc-etfs-trading-on-the-toronto-stock-exchange/
XMW,iShares MSCI Min Vol Global Index ETF,BlackRock/iShares,https://topforeignstocks.com/etf-lists/the-complete-list-of-rbc-etfs-trading-on-the-toronto-stock-exchange/
XMY,iShares MSCI Min Vol Global Index ETF (CAD-Hedged),BlackRock/iShares,https://topforeignstocks.com/etf-lists/the-complete-list-of-rbc-etfs-trading-on-the-toronto-stock-exchange/
XPF,iShares S&P/TSX North American Preferred Stock Index ETF (CAD-Hedged),BlackRock/iShares,https://topforeignstocks.com/etf-lists/the-complete-list-of-rbc-etfs-trading-on-the-toronto-stock-exchange/
XQB,iShares High Quality Canadian Bond Index ETF,BlackRock/iShares,https://topforeignstocks.com/etf-lists/the-complete-list-of-rbc-etfs-trading-on-the-toronto-stock-exchange/
XQLT,iShares MSCI USA Quality Factor Index ETF,BlackRock/iShares,https://topforeignstocks.com/etf-lists/the-complete-list-of-rbc-etfs-trading-on-the-toronto-stock-exchange/
XQQU-U,iShares NASDAQ 100 Index ETF,BlackRock/iShares,https://topforeignstocks.com/etf-lists/the-complete-list-of-rbc-etfs-trading-on-the-toronto-stock-exchange/
XSAB,iShares ESG Aware Canadian Aggregate Bond Index ETF,BlackRock/iShares,https://topforeignstocks.com/etf-lists/the-complete-list-of-rbc-etfs-trading-on-the-toronto-stock-exchange/
XSE,iShares Conservative Strategic Fixed Income ETF,BlackRock/iShares,https://topforeignstocks.com/etf-lists/the-complete-list-of-rbc-etfs-trading-on-the-toronto-stock-exchange/
XSEA,iShares ESG Aware MSCI EAFE Index ETF,BlackRock/iShares,https://topforeignstocks.com/etf-lists/the-complete-list-of-rbc-etfs-trading-on-the-toronto-stock-exchange/
XSEM,iShares ESG Aware MSCI Emerging Markets Index ETF,BlackRock/iShares,https://topforeignstocks.com/etf-lists/the-complete-list-of-rbc-etfs-trading-on-the-toronto-stock-exchange/
XSH,iShares Core Canadian Short Term Corporate Bond Index ETF,BlackRock/iShares,https://topforeignstocks.com/etf-lists/the-complete-list-of-rbc-etfs-trading-on-the-toronto-stock-exchange/
XSHG,iShares ESG Advanced 1-5 Year Canadian Corporate Bond Index ETF,BlackRock/iShares,https://topforeignstocks.com/etf-lists/the-complete-list-of-rbc-etfs-trading-on-the-toronto-stock-exchange/
XSHU,iShares 1-5 Year U.S. IG Corporate Bond Index ETF,BlackRock/iShares,https://topforeignstocks.com/etf-lists/the-complete-list-of-rbc-etfs-trading-on-the-toronto-stock-exchange/
XSHU-U,iShares 1-5 Year U.S. IG Corporate Bond Index ETF,BlackRock/iShares,https://topforeignstocks.com/etf-lists/the-complete-list-of-rbc-etfs-trading-on-the-toronto-stock-exchange/
XSI,iShares Short Term Strategic Fixed Income ETF,BlackRock/iShares,https://topforeignstocks.com/etf-lists/the-complete-list-of-rbc-etfs-trading-on-the-toronto-stock-exchange/
XSMC,iShares S&P U.S. Small-Cap Index ETF,BlackRock/iShares,https://topforeignstocks.com/etf-lists/the-complete-list-of-rbc-etfs-trading-on-the-toronto-stock-exchange/
XSMH,iShares S&P U.S. Small-Cap Index ETF (CAD-Hedged),BlackRock/iShares,https://topforeignstocks.com/etf-lists/the-complete-list-of-rbc-etfs-trading-on-the-toronto-stock-exchange/
XST,iShares S&P/TSX Capped Consumer Staples Index ETF,BlackRock/iShares,https://topforeignstocks.com/etf-lists/the-complete-list-of-rbc-etfs-trading-on-the-toronto-stock-exchange/
XSTB,iShares ESG Aware Canadian Short Term Bond Index ETF,BlackRock/iShares,https://topforeignstocks.com/etf-lists/the-complete-list-of-rbc-etfs-trading-on-the-toronto-stock-exchange/
XSTH,iShares 0-5 Year TIPS Bond Index ETF (CAD-Hedged),BlackRock/iShares,https://topforeignstocks.com/etf-lists/the-complete-list-of-rbc-etfs-trading-on-the-toronto-stock-exchange/
XSTP,iShares 0-5 Year TIPS Bond Index ETF,BlackRock/iShares,https://topforeignstocks.com/etf-lists/the-complete-list-of-rbc-etfs-trading-on-the-toronto-stock-exchange/
XSTP-U,iShares 0-5 Year TIPS Bond Index ETF,BlackRock/iShares,https://topforeignstocks.com/etf-lists/the-complete-list-of-rbc-etfs-trading-on-the-toronto-stock-exchange/
XSUS,iShares ESG Aware MSCI USA Index ETF,BlackRock/iShares,https://topforeignstocks.com/etf-lists/the-complete-list-of-rbc-etfs-trading-on-the-toronto-stock-exchange/
XTLH,iShares 20+ Year U.S. Treasury Bond Index ETF (CAD-Hedged),BlackRock/iShares,https://topforeignstocks.com/etf-lists/the-complete-list-of-rbc-etfs-trading-on-the-toronto-stock-exchange/
XTLT,iShares 20+ Year U.S. Treasury Bond Index ETF,BlackRock/iShares,https://topforeignstocks.com/etf-lists/the-complete-list-of-rbc-etfs-trading-on-the-toronto-stock-exchange/
XTLT-U,iShares 20+ Year U.S. Treasury Bond Index ETF,BlackRock/iShares,https://topforeignstocks.com/etf-lists/the-complete-list-of-rbc-etfs-trading-on-the-toronto-stock-exchange/
XUH,iShares Core S&P U.S. Total Market Index ETF (CAD-Hedged),BlackRock/iShares,https://topforeignstocks.com/etf-lists/the-complete-list-of-rbc-etfs-trading-on-the-toronto-stock-exchange/
XUSC-U,iShares S&P 500 3% Capped Index ETF,BlackRock/iShares,https://topforeignstocks.com/etf-lists/the-complete-list-of-rbc-etfs-trading-on-the-toronto-stock-exchange/
XUSR,iShares ESG Advanced MSCI USA Index ETF,BlackRock/iShares,https://topforeignstocks.com/etf-lists/the-complete-list-of-rbc-etfs-trading-on-the-toronto-stock-exchange/
XUT,iShares S&P/TSX Capped Utilities Index ETF,BlackRock/iShares,https://topforeignstocks.com/etf-lists/the-complete-list-of-rbc-etfs-trading-on-the-toronto-stock-exchange/
XUU,iShares Core S&P U.S. Total Market Index ETF,BlackRock/iShares,https://topforeignstocks.com/etf-lists/the-complete-list-of-rbc-etfs-trading-on-the-toronto-stock-exchange/
XUU-U,iShares Core S&P U.S. Total Market Index ETF,BlackRock/iShares,https://topforeignstocks.com/etf-lists/the-complete-list-of-rbc-etfs-trading-on-the-toronto-stock-exchange/
XVLU,iShares MSCI USA Value Factor Index ETF,BlackRock/iShares,https://topforeignstocks.com/etf-lists/the-complete-list-of-rbc-etfs-trading-on-the-toronto-stock-exchange/
BAAA,Brompton Wellington Square AAA CLO ETF,Brompton Funds,https://www.bromptongroup.com/all-products/
BAAA.U,Brompton Wellington Square AAA CLO ETF (US Dollar),Brompton Funds,https://www.bromptongroup.com/all-products/
BBBB,Brompton Wellington Square Investment Grade CLO ETF,Brompton Funds,https://www.bromptongroup.com/all-products/
BBBB.U,Brompton Wellington Square Investment Grade CLO ETF (US Dollar),Brompton Funds,https://www.bromptongroup.com/all-products/
BDIV,Brompton Global Dividend Growth ETF,Brompton Funds,https://www.bromptongroup.com/all-products/
BEPR,Brompton Flaherty & Crumrine Enhanced Investment Grade Preferred ETF,Brompton Funds,https://www.bromptongroup.com/all-products/
BEPR.U,Brompton Flaherty & Crumrine Enhanced Investment Grade Preferred ETF (US Dollar),Brompton Funds,https://www.bromptongroup.com/all-products/
BFIN,Brompton North American Financials Dividend ETF,Brompton Funds,https://www.bromptongroup.com/all-products/
BFIN.U,Brompton North American Financials Dividend ETF (US Dollar),Brompton Funds,https://www.bromptongroup.com/all-products/
BGIE,Brompton Global Infrastructure ETF,Brompton Funds,https://www.bromptongroup.com/all-products/
BLOV,Brompton North American Low Volatility Dividend ETF,Brompton Funds,https://www.bromptongroup.com/all-products/
BMAX,Brompton Enhanced Multi-Asset Income ETF,Brompton Funds,https://www.bromptongroup.com/all-products/
BPRF,Brompton Flaherty & Crumrine Investment Grade Preferred ETF,Brompton Funds,https://www.bromptongroup.com/all-products/
BPRF.U,Brompton Flaherty & Crumrine Investment Grade Preferred ETF (US Dollar),Brompton Funds,https://www.bromptongroup.com/all-products/
CLSA,Brompton Split Corp. Enhanced Equity Income ETF,Brompton Funds,https://www.bromptongroup.com/all-products/
EDGF,Brompton European Dividend Growth ETF,Brompton Funds,https://www.bromptongroup.com/all-products/
HIG,Brompton Global Healthcare Income & Growth ETF,Brompton Funds,https://www.bromptongroup.com/all-products/
HIG.U,Brompton Global Healthcare Income & Growth ETF (US Dollar),Brompton Funds,https://www.bromptongroup.com/all-products/
KNGC,Brompton Canadian Cash Flow Kings ETF,Brompton Funds,https://www.bromptongroup.com/all-products/
KNGG,Brompton Global Cash Flow Kings ETF,Brompton Funds,https://www.bromptongroup.com/all-products/
KNGU,Brompton U.S. Cash Flow Kings ETF,Brompton Funds,https://www.bromptongroup.com/all-products/
KNGX,Brompton International Cash Flow Kings ETF,Brompton Funds,https://www.bromptongroup.com/all-products/
PAYB,Brompton Financials HighPay ETF,Brompton Funds,https://www.bromptongroup.com/all-products/
PAYG,Brompton Global Equity HighPay ETF,Brompton Funds,https://www.bromptongroup.com/all-products/
PAYI,Brompton Utilities & Infrastructure HighPay ETF,Brompton Funds,https://www.bromptongroup.com/all-products/
PAYT,Brompton Technology HighPay ETF,Brompton Funds,https://www.bromptongroup.com/all-products/
PAYU,Brompton U.S. Equity HighPay ETF,Brompton Funds,https://www.bromptongroup.com/all-products/
SPLT,Brompton Split Corp. Preferred Share ETF - CAD,Brompton Funds,https://www.bromptongroup.com/all-products/
SPLT.U,Brompton Split Corp. Preferred Share ETF (USD-Hedged),Brompton Funds,https://www.bromptongroup.com/all-products/
TLF,Brompton Tech Leaders Income ETF,Brompton Funds,https://www.bromptongroup.com/all-products/
TLF.U,Brompton Tech Leaders Income ETF (US Dollar),Brompton Funds,https://www.bromptongroup.com/all-products/
CACB,CIBC Active Investment Grade Corporate Bond ETF,CIBC Asset Management,https://www.cibc.com/content/dam/cibc-public-assets/personal-banking/investment/etfs/pdfs/cibc-etf-fund-list-en.pdf
CACE,Avantis CIBC Canadian Equity ETF,CIBC Asset Management,https://www.cibc.com/content/dam/cibc-public-assets/personal-banking/investment/etfs/pdfs/cibc-etf-fund-list-en.pdf
CADE,Avantis CIBC International Equity ETF,CIBC Asset Management,https://www.cibc.com/content/dam/cibc-public-assets/personal-banking/investment/etfs/pdfs/cibc-etf-fund-list-en.pdf
CAEM,Avantis CIBC Emerging Markets Equity ETF,CIBC Asset Management,https://www.cibc.com/content/dam/cibc-public-assets/personal-banking/investment/etfs/pdfs/cibc-etf-fund-list-en.pdf
CAGE,Avantis CIBC All-Equity Asset Allocation ETF,CIBC Asset Management,https://www.cibc.com/content/dam/cibc-public-assets/personal-banking/investment/etfs/pdfs/cibc-etf-fund-list-en.pdf
CAGR,Avantis CIBC Growth Asset Allocation ETF,CIBC Asset Management,https://www.cibc.com/content/dam/cibc-public-assets/personal-banking/investment/etfs/pdfs/cibc-etf-fund-list-en.pdf
CAGX,Avantis CIBC World Equity ETF,CIBC Asset Management,https://www.cibc.com/content/dam/cibc-public-assets/personal-banking/investment/etfs/pdfs/cibc-etf-fund-list-en.pdf
CAKE,Avantis CIBC Balanced Asset Allocation ETF,CIBC Asset Management,https://www.cibc.com/content/dam/cibc-public-assets/personal-banking/investment/etfs/pdfs/cibc-etf-fund-list-en.pdf
CALB,CIBC Canadian Government Long-Term Bond ETF,CIBC Asset Management,https://www.cibc.com/content/dam/cibc-public-assets/personal-banking/investment/etfs/pdfs/cibc-etf-fund-list-en.pdf
CALV,Avantis CIBC U.S. Large Cap Value ETF,CIBC Asset Management,https://www.cibc.com/content/dam/cibc-public-assets/personal-banking/investment/etfs/pdfs/cibc-etf-fund-list-en.pdf
CASV,Avantis CIBC Global Small Cap Value ETF,CIBC Asset Management,https://www.cibc.com/content/dam/cibc-public-assets/personal-banking/investment/etfs/pdfs/cibc-etf-fund-list-en.pdf
CAUS,Avantis CIBC U.S. All-Cap Equity ETF,CIBC Asset Management,https://www.cibc.com/content/dam/cibc-public-assets/personal-banking/investment/etfs/pdfs/cibc-etf-fund-list-en.pdf
CAUV,Avantis CIBC U.S. Small Cap Value ETF,CIBC Asset Management,https://www.cibc.com/content/dam/cibc-public-assets/personal-banking/investment/etfs/pdfs/cibc-etf-fund-list-en.pdf
CBLN,CIBC Balanced ETF Portfolio,CIBC Asset Management,https://www.cibc.com/content/dam/cibc-public-assets/personal-banking/investment/etfs/pdfs/cibc-etf-fund-list-en.pdf
CCAD,CIBC Premium Cash Management ETF,CIBC Asset Management,https://www.cibc.com/content/dam/cibc-public-assets/personal-banking/investment/etfs/pdfs/cibc-etf-fund-list-en.pdf
CCBA,CIBC Canadian Bond Fund - ETF Series,CIBC Asset Management,https://www.cibc.com/content/dam/cibc-public-assets/personal-banking/investment/etfs/pdfs/cibc-etf-fund-list-en.pdf
CCBI,CIBC Canadian Bond Index ETF,CIBC Asset Management,https://www.cibc.com/content/dam/cibc-public-assets/personal-banking/investment/etfs/pdfs/cibc-etf-fund-list-en.pdf
CCCB,CIBC Canadian Banks Covered Call ETF,CIBC Asset Management,https://www.cibc.com/content/dam/cibc-public-assets/personal-banking/investment/etfs/pdfs/cibc-etf-fund-list-en.pdf
CCDC,CIBC Canadian High Dividend Covered Call ETF,CIBC Asset Management,https://www.cibc.com/content/dam/cibc-public-assets/personal-banking/investment/etfs/pdfs/cibc-etf-fund-list-en.pdf
CCEI,CIBC MSCI Canada Equity Index ETF,CIBC Asset Management,https://www.cibc.com/content/dam/cibc-public-assets/personal-banking/investment/etfs/pdfs/cibc-etf-fund-list-en.pdf
CCGP,Counterpoint Global CIBC Global Permanence ETF,CIBC Asset Management,https://www.cibc.com/content/dam/cibc-public-assets/personal-banking/investment/etfs/pdfs/cibc-etf-fund-list-en.pdf
CCIP,Counterpoint Global CIBC International Permanence ETF,CIBC Asset Management,https://www.cibc.com/content/dam/cibc-public-assets/personal-banking/investment/etfs/pdfs/cibc-etf-fund-list-en.pdf
CCLN,CIBC Clean Energy Index ETF,CIBC Asset Management,https://www.cibc.com/content/dam/cibc-public-assets/personal-banking/investment/etfs/pdfs/cibc-etf-fund-list-en.pdf
CCLO,CIBC Income Advantage Fund - ETF Series,CIBC Asset Management,https://www.cibc.com/content/dam/cibc-public-assets/personal-banking/investment/etfs/pdfs/cibc-etf-fund-list-en.pdf
CCNS,CIBC Conservative Fixed Income Pool - ETF Series,CIBC Asset Management,https://www.cibc.com/content/dam/cibc-public-assets/personal-banking/investment/etfs/pdfs/cibc-etf-fund-list-en.pdf
CCON,CIBC Conservative ETF Portfolio,CIBC Asset Management,https://www.cibc.com/content/dam/cibc-public-assets/personal-banking/investment/etfs/pdfs/cibc-etf-fund-list-en.pdf
CCRE,CIBC Core Fixed Income Pool - ETF Series,CIBC Asset Management,https://www.cibc.com/content/dam/cibc-public-assets/personal-banking/investment/etfs/pdfs/cibc-etf-fund-list-en.pdf
CCUL,Counterpoint Global CIBC U.S. Large Cap Growth ETF,CIBC Asset Management,https://www.cibc.com/content/dam/cibc-public-assets/personal-banking/investment/etfs/pdfs/cibc-etf-fund-list-en.pdf
CCUS,Counterpoint Global CIBC U.S. Small Cap Growth ETF,CIBC Asset Management,https://www.cibc.com/content/dam/cibc-public-assets/personal-banking/investment/etfs/pdfs/cibc-etf-fund-list-en.pdf
CEMI,CIBC MSCI Emerging Markets Equity Index ETF,CIBC Asset Management,https://www.cibc.com/content/dam/cibc-public-assets/personal-banking/investment/etfs/pdfs/cibc-etf-fund-list-en.pdf
CEQY,CIBC All-Equity ETF Portfolio,CIBC Asset Management,https://www.cibc.com/content/dam/cibc-public-assets/personal-banking/investment/etfs/pdfs/cibc-etf-fund-list-en.pdf
CFLX,CIBC Flexible Yield ETF (CAD-Hedged),CIBC Asset Management,https://www.cibc.com/content/dam/cibc-public-assets/personal-banking/investment/etfs/pdfs/cibc-etf-fund-list-en.pdf
CFRN,CIBC Active Investment Grade Floating Rate Bond ETF,CIBC Asset Management,https://www.cibc.com/content/dam/cibc-public-assets/personal-banking/investment/etfs/pdfs/cibc-etf-fund-list-en.pdf
CGBI,CIBC Global Bond ex-Canada Index ETF (CAD-Hedged),CIBC Asset Management,https://www.cibc.com/content/dam/cibc-public-assets/personal-banking/investment/etfs/pdfs/cibc-etf-fund-list-en.pdf
CGLO,CIBC Global Growth ETF,CIBC Asset Management,https://www.cibc.com/content/dam/cibc-public-assets/personal-banking/investment/etfs/pdfs/cibc-etf-fund-list-en.pdf
CGRW,CIBC Balanced Growth ETF Portfolio,CIBC Asset Management,https://www.cibc.com/content/dam/cibc-public-assets/personal-banking/investment/etfs/pdfs/cibc-etf-fund-list-en.pdf
CIEH,CIBC MSCI EAFE Equity Index ETF (CAD-Hedged),CIBC Asset Management,https://www.cibc.com/content/dam/cibc-public-assets/personal-banking/investment/etfs/pdfs/cibc-etf-fund-list-en.pdf
CIEI,CIBC MSCI EAFE Equity Index ETF,CIBC Asset Management,https://www.cibc.com/content/dam/cibc-public-assets/personal-banking/investment/etfs/pdfs/cibc-etf-fund-list-en.pdf
CINT,CIBC International Equity ETF,CIBC Asset Management,https://www.cibc.com/content/dam/cibc-public-assets/personal-banking/investment/etfs/pdfs/cibc-etf-fund-list-en.pdf
CLBF,CIBC 1-5 Year Laddered Investment Grade Bond Fund - ETF Series,CIBC Asset Management,https://www.cibc.com/content/dam/cibc-public-assets/personal-banking/investment/etfs/pdfs/cibc-etf-fund-list-en.pdf
CPLS,CIBC Core Plus Fixed Income Pool - ETF Series,CIBC Asset Management,https://www.cibc.com/content/dam/cibc-public-assets/personal-banking/investment/etfs/pdfs/cibc-etf-fund-list-en.pdf
CQLC,CIBC Qx Canadian Low Volatility Dividend ETF,CIBC Asset Management,https://www.cibc.com/content/dam/cibc-public-assets/personal-banking/investment/etfs/pdfs/cibc-etf-fund-list-en.pdf
CQLI,CIBC Qx International Low Volatility Dividend ETF,CIBC Asset Management,https://www.cibc.com/content/dam/cibc-public-assets/personal-banking/investment/etfs/pdfs/cibc-etf-fund-list-en.pdf
CQLU,CIBC Qx U.S. Low Volatility Dividend ETF,CIBC Asset Management,https://www.cibc.com/content/dam/cibc-public-assets/personal-banking/investment/etfs/pdfs/cibc-etf-fund-list-en.pdf
CSBA,CIBC Sustainable Balanced Solution - ETF Series,CIBC Asset Management,https://www.cibc.com/content/dam/cibc-public-assets/personal-banking/investment/etfs/pdfs/cibc-etf-fund-list-en.pdf
CSBG,CIBC Sustainable Balanced Growth Solution - ETF Series,CIBC Asset Management,https://www.cibc.com/content/dam/cibc-public-assets/personal-banking/investment/etfs/pdfs/cibc-etf-fund-list-en.pdf
CSBI,CIBC Canadian Short-Term Bond Index ETF,CIBC Asset Management,https://www.cibc.com/content/dam/cibc-public-assets/personal-banking/investment/etfs/pdfs/cibc-etf-fund-list-en.pdf
CSCB,CIBC Sustainable Conservative Balanced Solution - ETF Series,CIBC Asset Management,https://www.cibc.com/content/dam/cibc-public-assets/personal-banking/investment/etfs/pdfs/cibc-etf-fund-list-en.pdf
CSCE,CIBC Sustainable Canadian Equity Fund - ETF Series,CIBC Asset Management,https://www.cibc.com/content/dam/cibc-public-assets/personal-banking/investment/etfs/pdfs/cibc-etf-fund-list-en.pdf
CSCP,CIBC Sustainable Canadian Core Plus Bond Fund - ETF Series,CIBC Asset Management,https://www.cibc.com/content/dam/cibc-public-assets/personal-banking/investment/etfs/pdfs/cibc-etf-fund-list-en.pdf
CSGE,CIBC Sustainable Global Equity Fund - ETF Series,CIBC Asset Management,https://www.cibc.com/content/dam/cibc-public-assets/personal-banking/investment/etfs/pdfs/cibc-etf-fund-list-en.pdf
CSTB,CIBC Short-Term Income Fund - ETF Series,CIBC Asset Management,https://www.cibc.com/content/dam/cibc-public-assets/personal-banking/investment/etfs/pdfs/cibc-etf-fund-list-en.pdf
CTBB,CIBC 2026 Investment Grade Bond Fund - ETF Series,CIBC Asset Management,https://www.cibc.com/content/dam/cibc-public-assets/personal-banking/investment/etfs/pdfs/cibc-etf-fund-list-en.pdf
CTBC,CIBC 2027 Investment Grade Bond Fund - ETF Series,CIBC Asset Management,https://www.cibc.com/content/dam/cibc-public-assets/personal-banking/investment/etfs/pdfs/cibc-etf-fund-list-en.pdf
CTBD,CIBC 2028 Investment Grade Bond Fund - ETF Series,CIBC Asset Management,https://www.cibc.com/content/dam/cibc-public-assets/personal-banking/investment/etfs/pdfs/cibc-etf-fund-list-en.pdf
CTBE,CIBC 2029 Investment Grade Bond Fund - ETF Series,CIBC Asset Management,https://www.cibc.com/content/dam/cibc-public-assets/personal-banking/investment/etfs/pdfs/cibc-etf-fund-list-en.pdf
CTBF,CIBC 2030 Investment Grade Bond Fund - ETF Series,CIBC Asset Management,https://www.cibc.com/content/dam/cibc-public-assets/personal-banking/investment/etfs/pdfs/cibc-etf-fund-list-en.pdf
CTBG,CIBC 2031 Investment Grade Bond Fund - ETF Series,CIBC Asset Management,https://www.cibc.com/content/dam/cibc-public-assets/personal-banking/investment/etfs/pdfs/cibc-etf-fund-list-en.pdf
CTUD.U,CIBC 2026 U.S. Investment Grade Bond Fund - ETF Series,CIBC Asset Management,https://www.cibc.com/content/dam/cibc-public-assets/personal-banking/investment/etfs/pdfs/cibc-etf-fund-list-en.pdf
CTUE.U,CIBC 2027 U.S. Investment Grade Bond Fund - ETF Series,CIBC Asset Management,https://www.cibc.com/content/dam/cibc-public-assets/personal-banking/investment/etfs/pdfs/cibc-etf-fund-list-en.pdf
CTUF.U,CIBC 2028 U.S. Investment Grade Bond Fund - ETF Series,CIBC Asset Management,https://www.cibc.com/content/dam/cibc-public-assets/personal-banking/investment/etfs/pdfs/cibc-etf-fund-list-en.pdf
CTUG.U,CIBC 2029 U.S. Investment Grade Bond Fund - ETF Series,CIBC Asset Management,https://www.cibc.com/content/dam/cibc-public-assets/personal-banking/investment/etfs/pdfs/cibc-etf-fund-list-en.pdf
CTUH.U,CIBC 2030 U.S. Investment Grade Bond Fund - ETF Series,CIBC Asset Management,https://www.cibc.com/content/dam/cibc-public-assets/personal-banking/investment/etfs/pdfs/cibc-etf-fund-list-en.pdf
CTUI.U,CIBC 2031 U.S. Investment Grade Bond Fund - ETF Series,CIBC Asset Management,https://www.cibc.com/content/dam/cibc-public-assets/personal-banking/investment/etfs/pdfs/cibc-etf-fund-list-en.pdf
CUDC,CIBC U.S. High Dividend Covered Call ETF,CIBC Asset Management,https://www.cibc.com/content/dam/cibc-public-assets/personal-banking/investment/etfs/pdfs/cibc-etf-fund-list-en.pdf
CUDC.F,CIBC U.S. High Dividend Covered Call ETF (CAD-Hedged),CIBC Asset Management,https://www.cibc.com/content/dam/cibc-public-assets/personal-banking/investment/etfs/pdfs/cibc-etf-fund-list-en.pdf
CUEH,CIBC MSCI USA Equity Index ETF (CAD-Hedged),CIBC Asset Management,https://www.cibc.com/content/dam/cibc-public-assets/personal-banking/investment/etfs/pdfs/cibc-etf-fund-list-en.pdf
CUEI,CIBC MSCI USA Equity Index ETF,CIBC Asset Management,https://www.cibc.com/content/dam/cibc-public-assets/personal-banking/investment/etfs/pdfs/cibc-etf-fund-list-en.pdf
CUSD.U,CIBC USD Premium Cash Management ETF,CIBC Asset Management,https://www.cibc.com/content/dam/cibc-public-assets/personal-banking/investment/etfs/pdfs/cibc-etf-fund-list-en.pdf
DACL,Desjardins Canadian Equity Leaders ETF,Desjardins,https://www.newswire.ca/news-releases/desjardins-launches-three-new-actively-managed-etfs-834202219.html
DACU,Desjardins Active Canadian Bond Universe ETF,Desjardins,https://www.newswire.ca/news-releases/desjardins-launches-three-new-actively-managed-etfs-834202219.html
DAGL,Desjardins Global Opportunities ETF,Desjardins,https://www.newswire.ca/news-releases/desjardins-launches-three-new-actively-managed-etfs-834202219.html
DAMG,Desjardins Absolute Return Global Equity Markets ETF - CA$ Hedged Units,Desjardins,https://www.newswire.ca/news-releases/desjardins-announces-2025-estimated-annual-reinvested-distributions-for-desjardins-etfs-821804357.html
DAMG.U,Desjardins Absolute Return Global Equity Markets ETF - US$ Hedged Units,Desjardins,https://www.newswire.ca/news-releases/desjardins-announces-2025-estimated-annual-reinvested-distributions-for-desjardins-etfs-821804357.html
DANC,Desjardins Market Neutral ETF - CA$ Hedged Units,Desjardins,https://www.newswire.ca/news-releases/desjardins-announces-2025-estimated-annual-reinvested-distributions-for-desjardins-etfs-821804357.html
DANC.U,Desjardins Market Neutral ETF - US$ Hedged Units,Desjardins,https://www.newswire.ca/news-releases/desjardins-announces-2025-estimated-annual-reinvested-distributions-for-desjardins-etfs-821804357.html
DCBC,Desjardins Canadian Corporate Bond Index ETF,Desjardins,https://www.newswire.ca/news-releases/desjardins-announces-september-and-q3-2026-cash-distributions-for-some-etfs-882767541.html
DCC,Desjardins 1-5 Year Laddered Canadian Corporate Bond Index ETF,Desjardins,https://www.newswire.ca/news-releases/desjardins-announces-september-and-q3-2026-cash-distributions-for-some-etfs-882767541.html
DCG,Desjardins 1-5 Year Laddered Canadian Government Bond Index ETF,Desjardins,https://www.newswire.ca/news-releases/desjardins-announces-september-and-q3-2026-cash-distributions-for-some-etfs-882767541.html
DCP,Desjardins Canadian Preferred Share Index ETF,Desjardins,https://www.newswire.ca/news-releases/desjardins-announces-september-and-q3-2026-cash-distributions-for-some-etfs-882767541.html
DCS,Desjardins Canadian Short Term Bond Index ETF,Desjardins,https://www.newswire.ca/news-releases/desjardins-announces-september-and-q3-2026-cash-distributions-for-some-etfs-882767541.html
DCU,Desjardins Canadian Universe Bond Index ETF,Desjardins,https://www.newswire.ca/news-releases/desjardins-announces-september-and-q3-2026-cash-distributions-for-some-etfs-882767541.html
DGGB,Desjardins Global Government Bond Index ETF,Desjardins,https://www.newswire.ca/news-releases/desjardins-announces-september-and-q3-2026-cash-distributions-for-some-etfs-882767541.html
DGLM,Desjardins Global Macro ETF,Desjardins,https://www.newswire.ca/news-releases/desjardins-announces-2025-estimated-annual-reinvested-distributions-for-desjardins-etfs-821804357.html
DMEC,Desjardins Canadian Equity Index ETF,Desjardins,https://www.newswire.ca/news-releases/desjardins-announces-september-and-q3-2026-cash-distributions-for-some-etfs-882767541.html
DMEE,Desjardins Emerging Markets Equity Index ETF,Desjardins,https://www.newswire.ca/news-releases/desjardins-announces-september-and-q3-2026-cash-distributions-for-some-etfs-882767541.html
DMEI,Desjardins International Equity Index ETF,Desjardins,https://www.newswire.ca/news-releases/desjardins-announces-september-and-q3-2026-cash-distributions-for-some-etfs-882767541.html
DMEU,Desjardins American Equity Index ETF,Desjardins,https://www.newswire.ca/news-releases/desjardins-announces-september-and-q3-2026-cash-distributions-for-some-etfs-882767541.html
DMID,Desjardins American Mid Cap Equity Index ETF,Desjardins,https://www.newswire.ca/news-releases/desjardins-announces-september-and-q3-2026-cash-distributions-for-some-etfs-882767541.html
DMQC,Desjardins Quebec Equity ETF,Desjardins,https://www.newswire.ca/news-releases/desjardins-announces-september-and-q3-2026-cash-distributions-for-some-etfs-882767541.html
DRCU,Desjardins RI Active Canadian Bond - Net-Zero Emissions Pathway ETF,Desjardins,https://www.newswire.ca/news-releases/desjardins-announces-2025-estimated-annual-reinvested-distributions-for-desjardins-etfs-821804357.html
DRFC,Desjardins RI Canada Multifactor - Net-Zero Emissions Pathway ETF,Desjardins,https://www.newswire.ca/news-releases/desjardins-announces-september-and-q3-2026-cash-distributions-for-some-etfs-882767541.html
DRFD,Desjardins RI Developed ex-USA ex-Canada Multifactor - Net-Zero Emissions Pathway ETF,Desjardins,https://www.newswire.ca/news-releases/desjardins-announces-september-and-q3-2026-cash-distributions-for-some-etfs-882767541.html
DRFE,Desjardins RI Emerging Markets Multifactor - Net-Zero Emissions Pathway ETF,Desjardins,https://www.newswire.ca/news-releases/desjardins-announces-september-and-q3-2026-cash-distributions-for-some-etfs-882767541.html
DRFG,Desjardins RI Global Multifactor - Fossil Fuel Reserves Free ETF,Desjardins,https://www.newswire.ca/news-releases/desjardins-announces-2025-estimated-annual-reinvested-distributions-for-desjardins-etfs-821804357.html
DRFU,Desjardins RI USA Multifactor - Net-Zero Emissions Pathway ETF,Desjardins,https://www.newswire.ca/news-releases/desjardins-announces-september-and-q3-2026-cash-distributions-for-some-etfs-882767541.html
DRMC,Desjardins RI Canada - Net-Zero Emissions Pathway ETF,Desjardins,https://www.newswire.ca/news-releases/desjardins-announces-september-and-q3-2026-cash-distributions-for-some-etfs-882767541.html
DRMD,Desjardins RI Developed ex-USA ex-Canada - Net-Zero Emissions Pathway ETF,Desjardins,https://www.newswire.ca/news-releases/desjardins-announces-june-and-second-quarter-of-2026-cash-distributions-for-some-etfs-821804357.html
DRME,Desjardins RI Emerging Markets - Net-Zero Emissions Pathway ETF,Desjardins,https://www.newswire.ca/news-releases/desjardins-announces-estimated-december-2025-cash-distributions-for-desjardins-etfs-827599384.html
DRMU,Desjardins RI USA - Net-Zero Emissions Pathway ETF,Desjardins,https://www.newswire.ca/news-releases/desjardins-announces-june-and-second-quarter-of-2026-cash-distributions-for-some-etfs-821804357.html
DUIG,Desjardins US Investment Grade Corporate Bond Index ETF,Desjardins,https://www.newswire.ca/news-releases/desjardins-announces-september-and-q3-2026-cash-distributions-for-some-etfs-882767541.html
DXAU,Dynamic Active Global Gold ETF,Dynamic Funds,https://www.newswire.ca/news-releases/dynamic-announces-final-year-end-reinvested-distributions-for-the-dynamic-active-etfs-and-etf-series-834655241.html
DXB,Dynamic Active Tactical Bond ETF,Dynamic Funds,https://www.newswire.ca/news-releases/dynamic-announces-final-year-end-reinvested-distributions-for-the-dynamic-active-etfs-and-etf-series-834655241.html
DXBB,Dynamic Active Bond ETF,Dynamic Funds,https://www.newswire.ca/news-releases/dynamic-announces-final-year-end-reinvested-distributions-for-the-dynamic-active-etfs-and-etf-series-834655241.html
DXBC,Dynamic Active Canadian Bond ETF,Dynamic Funds,https://www.newswire.ca/news-releases/dynamic-announces-final-year-end-reinvested-distributions-for-the-dynamic-active-etfs-and-etf-series-834655241.html
DXBG,Dynamic Global Fixed Income Fund (ETF Series),Dynamic Funds,https://www.newswire.ca/news-releases/dynamic-announces-final-year-end-reinvested-distributions-for-the-dynamic-active-etfs-and-etf-series-834655241.html
DXBU,Dynamic Active U.S. Investment Grade Corporate Bond ETF,Dynamic Funds,https://www.newswire.ca/news-releases/dynamic-announces-final-year-end-reinvested-distributions-for-the-dynamic-active-etfs-and-etf-series-834655241.html
DXC,Dynamic Active Canadian Dividend ETF,Dynamic Funds,https://www.newswire.ca/news-releases/dynamic-announces-final-year-end-reinvested-distributions-for-the-dynamic-active-etfs-and-etf-series-834655241.html
DXCB,Dynamic Active Corporate Bond ETF,Dynamic Funds,https://www.newswire.ca/news-releases/dynamic-announces-final-year-end-reinvested-distributions-for-the-dynamic-active-etfs-and-etf-series-834655241.html
DXCO,Dynamic Credit Opportunities Fund (ETF Series),Dynamic Funds,https://www.newswire.ca/news-releases/dynamic-announces-final-year-end-reinvested-distributions-for-the-dynamic-active-etfs-and-etf-series-834655241.html
DXCP,Dynamic Short Term Credit PLUS Fund (ETF Series),Dynamic Funds,https://www.newswire.ca/news-releases/dynamic-announces-final-year-end-reinvested-distributions-for-the-dynamic-active-etfs-and-etf-series-834655241.html
DXDB,Dynamic Active Discount Bond ETF,Dynamic Funds,https://www.newswire.ca/news-releases/dynamic-announces-final-year-end-reinvested-distributions-for-the-dynamic-active-etfs-and-etf-series-834655241.html
DXDU.U,Dynamic Active U.S. Discount Bond ETF (USD),Dynamic Funds,https://www.newswire.ca/news-releases/dynamic-announces-final-year-end-reinvested-distributions-for-the-dynamic-active-etfs-and-etf-series-834655241.html
DXEM,Dynamic Active Emerging Markets ETF,Dynamic Funds,https://www.newswire.ca/news-releases/dynamic-announces-final-year-end-reinvested-distributions-for-the-dynamic-active-etfs-and-etf-series-834655241.html
DXF,Dynamic Active Global Financial Services ETF,Dynamic Funds,https://www.newswire.ca/news-releases/dynamic-announces-final-year-end-reinvested-distributions-for-the-dynamic-active-etfs-and-etf-series-834655241.html
DXG,Dynamic Active Global Dividend ETF (CAD),Dynamic Funds,https://www.newswire.ca/news-releases/dynamic-announces-final-year-end-reinvested-distributions-for-the-dynamic-active-etfs-and-etf-series-834655241.html
DXG.U,Dynamic Active Global Dividend ETF (USD),Dynamic Funds,https://www.newswire.ca/news-releases/dynamic-announces-final-year-end-reinvested-distributions-for-the-dynamic-active-etfs-and-etf-series-834655241.html
DXGE,Dynamic Active Global Equity Income ETF,Dynamic Funds,https://www.newswire.ca/news-releases/dynamic-announces-final-year-end-reinvested-distributions-for-the-dynamic-active-etfs-and-etf-series-834655241.html
DXID,Dynamic Active Innovation and Disruption ETF (CAD),Dynamic Funds,https://www.newswire.ca/news-releases/dynamic-announces-final-year-end-reinvested-distributions-for-the-dynamic-active-etfs-and-etf-series-834655241.html
DXID.U,Dynamic Active Innovation and Disruption ETF (USD),Dynamic Funds,https://www.newswire.ca/news-releases/dynamic-announces-final-year-end-reinvested-distributions-for-the-dynamic-active-etfs-and-etf-series-834655241.html
DXIF,Dynamic Active International ETF,Dynamic Funds,https://www.newswire.ca/news-releases/dynamic-announces-final-year-end-reinvested-distributions-for-the-dynamic-active-etfs-and-etf-series-834655241.html
DXMC,Dynamic Active Multi-Crypto ETF,Dynamic Funds,https://www.newswire.ca/news-releases/business-technology-latest-news/blockchain-list/?page=19
DXMO,Dynamic Active Mining Opportunities ETF,Dynamic Funds,https://www.newswire.ca/news-releases/dynamic-announces-final-year-end-reinvested-distributions-for-the-dynamic-active-etfs-and-etf-series-834655241.html
DXN,Dynamic Active Global Infrastructure ETF,Dynamic Funds,https://www.newswire.ca/news-releases/dynamic-announces-final-year-end-reinvested-distributions-for-the-dynamic-active-etfs-and-etf-series-834655241.html
DXO,Dynamic Active Crossover Bond ETF,Dynamic Funds,https://www.newswire.ca/news-releases/dynamic-announces-final-year-end-reinvested-distributions-for-the-dynamic-active-etfs-and-etf-series-834655241.html
DXP,Dynamic Active Preferred Shares ETF,Dynamic Funds,https://www.newswire.ca/news-releases/dynamic-announces-final-year-end-reinvested-distributions-for-the-dynamic-active-etfs-and-etf-series-834655241.html
DXQ,Dynamic Active Enhanced Yield Covered Options ETF,Dynamic Funds,https://www.newswire.ca/news-releases/dynamic-announces-final-year-end-reinvested-distributions-for-the-dynamic-active-etfs-and-etf-series-834655241.html
DXR,Dynamic Retirement Income Fund (ETF Series),Dynamic Funds,https://www.newswire.ca/news-releases/dynamic-announces-final-year-end-reinvested-distributions-for-the-dynamic-active-etfs-and-etf-series-834655241.html
DXRE,Dynamic Active Real Estate ETF,Dynamic Funds,https://www.newswire.ca/news-releases/dynamic-announces-final-year-end-reinvested-distributions-for-the-dynamic-active-etfs-and-etf-series-834655241.html
DXU,Dynamic Active U.S. Dividend ETF (CAD),Dynamic Funds,https://www.newswire.ca/news-releases/dynamic-announces-final-year-end-reinvested-distributions-for-the-dynamic-active-etfs-and-etf-series-834655241.html
DXU.U,Dynamic Active U.S. Dividend ETF (USD),Dynamic Funds,https://www.newswire.ca/news-releases/dynamic-announces-final-year-end-reinvested-distributions-for-the-dynamic-active-etfs-and-etf-series-834655241.html
DXUS,Dynamic Active U.S. Equity ETF (CAD),Dynamic Funds,https://www.newswire.ca/news-releases/dynamic-announces-final-year-end-reinvested-distributions-for-the-dynamic-active-etfs-and-etf-series-834655241.html
DXUS.U,Dynamic Active U.S. Equity ETF (USD),Dynamic Funds,https://www.newswire.ca/news-releases/dynamic-announces-final-year-end-reinvested-distributions-for-the-dynamic-active-etfs-and-etf-series-834655241.html
DXV,Dynamic Active Ultra Short Term Bond ETF,Dynamic Funds,https://www.newswire.ca/news-releases/dynamic-announces-final-year-end-reinvested-distributions-for-the-dynamic-active-etfs-and-etf-series-834655241.html
DXW,Dynamic Active International Dividend ETF,Dynamic Funds,https://www.newswire.ca/news-releases/dynamic-announces-final-year-end-reinvested-distributions-for-the-dynamic-active-etfs-and-etf-series-834655241.html
DXZ,Dynamic Active U.S. Mid-Cap ETF,Dynamic Funds,https://www.newswire.ca/news-releases/dynamic-announces-final-year-end-reinvested-distributions-for-the-dynamic-active-etfs-and-etf-series-834655241.html
FAUS,Fidelity Advanced U.S. Equity Fund - ETF Series,Fidelity Investments Canada,https://www.fidelity.ca/content/dam/fidelity/en/documents/other-pdfs/etf_ticker_onepager.pdf
FAUS.U,Fidelity Advanced U.S. Equity Fund US$ - ETF Series,Fidelity Investments Canada,https://www.fidelity.ca/content/dam/fidelity/en/documents/other-pdfs/etf_ticker_onepager.pdf
FBAL,Fidelity All-in-One Balanced ETF,Fidelity Investments Canada,https://www.fidelity.ca/content/dam/fidelity/en/documents/other-pdfs/etf_ticker_onepager.pdf
FBTC,Fidelity Advantage Bitcoin ETF,Fidelity Investments Canada,https://www.fidelity.ca/content/dam/fidelity/en/documents/other-pdfs/etf_ticker_onepager.pdf
FBTC.U,Fidelity Advantage Bitcoin ETF US$,Fidelity Investments Canada,https://www.fidelity.ca/content/dam/fidelity/en/documents/other-pdfs/etf_ticker_onepager.pdf
FCAB,Fidelity Absolute Income Fund - ETF Series,Fidelity Investments Canada,https://www.fidelity.ca/content/dam/fidelity/en/documents/other-pdfs/etf_ticker_onepager.pdf
FCAB.U,Fidelity Absolute Income Fund US$ - ETF Series,Fidelity Investments Canada,https://www.fidelity.ca/content/dam/fidelity/en/documents/other-pdfs/etf_ticker_onepager.pdf
FCAE,Fidelity American Equity Fund - ETF Series,Fidelity Investments Canada,https://www.fidelity.ca/content/dam/fidelity/en/documents/other-pdfs/etf_ticker_onepager.pdf
FCAM,Fidelity All-American Equity ETF,Fidelity Investments Canada,https://www.fidelity.ca/content/dam/fidelity/en/documents/other-pdfs/etf_ticker_onepager.pdf
FCCA,Fidelity All-Canadian Equity ETF,Fidelity Investments Canada,https://www.fidelity.ca/content/dam/fidelity/en/documents/other-pdfs/etf_ticker_onepager.pdf
FCCB,Fidelity Systematic Canadian Bond Index ETF,Fidelity Investments Canada,https://www.fidelity.ca/content/dam/fidelity/en/documents/other-pdfs/etf_ticker_onepager.pdf
FCCD,Fidelity Canadian High Dividend ETF,Fidelity Investments Canada,https://www.fidelity.ca/content/dam/fidelity/en/documents/other-pdfs/etf_ticker_onepager.pdf
FCCL,Fidelity Canadian Low Volatility ETF,Fidelity Investments Canada,https://www.fidelity.ca/content/dam/fidelity/en/documents/other-pdfs/etf_ticker_onepager.pdf
FCCM,Fidelity Canadian Momentum ETF,Fidelity Investments Canada,https://www.fidelity.ca/content/dam/fidelity/en/documents/other-pdfs/etf_ticker_onepager.pdf
FCCQ,Fidelity Canadian High Quality ETF,Fidelity Investments Canada,https://www.fidelity.ca/content/dam/fidelity/en/documents/other-pdfs/etf_ticker_onepager.pdf
FCCV,Fidelity Canadian Value ETF,Fidelity Investments Canada,https://www.fidelity.ca/content/dam/fidelity/en/documents/other-pdfs/etf_ticker_onepager.pdf
FCGB,Fidelity Global Core Plus Bond ETF,Fidelity Investments Canada,https://www.fidelity.ca/content/dam/fidelity/en/documents/other-pdfs/etf_ticker_onepager.pdf
FCGB.U,Fidelity Global Core Plus Bond ETF US$,Fidelity Investments Canada,https://www.fidelity.ca/content/dam/fidelity/en/documents/other-pdfs/etf_ticker_onepager.pdf
FCGC,Fidelity Greater Canada Fund - ETF Series,Fidelity Investments Canada,https://www.fidelity.ca/content/dam/fidelity/en/documents/other-pdfs/etf_ticker_onepager.pdf
FCGI,Fidelity Global Monthly High Income ETF,Fidelity Investments Canada,https://www.fidelity.ca/content/dam/fidelity/en/documents/press-release/2026/pr-etfs-distributions-apr-21-en.pdf
FCGS,Fidelity Global Small Cap Opportunities Fund - ETF Series,Fidelity Investments Canada,https://www.fidelity.ca/content/dam/fidelity/en/documents/other-pdfs/etf_ticker_onepager.pdf
FCGS.U,Fidelity Global Small Cap Opportunities Fund US$ - ETF Series,Fidelity Investments Canada,https://www.fidelity.ca/content/dam/fidelity/en/documents/other-pdfs/etf_ticker_onepager.pdf
FCID,Fidelity International High Dividend ETF,Fidelity Investments Canada,https://www.fidelity.ca/content/dam/fidelity/en/documents/other-pdfs/etf_ticker_onepager.pdf
FCIG,Fidelity Global Investment Grade Bond ETF,Fidelity Investments Canada,https://www.fidelity.ca/content/dam/fidelity/en/documents/other-pdfs/etf_ticker_onepager.pdf
FCIG.U,Fidelity Global Investment Grade Bond ETF US$,Fidelity Investments Canada,https://www.fidelity.ca/content/dam/fidelity/en/documents/other-pdfs/etf_ticker_onepager.pdf
FCIL,Fidelity International Low Volatility ETF,Fidelity Investments Canada,https://www.fidelity.ca/content/dam/fidelity/en/documents/other-pdfs/etf_ticker_onepager.pdf
FCIM,Fidelity International Momentum ETF,Fidelity Investments Canada,https://www.fidelity.ca/content/dam/fidelity/en/documents/other-pdfs/etf_ticker_onepager.pdf
FCIN,Fidelity All-International Equity ETF,Fidelity Investments Canada,https://www.fidelity.ca/content/dam/fidelity/en/documents/other-pdfs/etf_ticker_onepager.pdf
FCIP,Fidelity All-in-One Conservative Income ETF,Fidelity Investments Canada,https://www.fidelity.ca/content/dam/fidelity/en/documents/other-pdfs/etf_ticker_onepager.pdf
FCIQ,Fidelity International High Quality ETF,Fidelity Investments Canada,https://www.fidelity.ca/content/dam/fidelity/en/documents/other-pdfs/etf_ticker_onepager.pdf
FCIQ.U,Fidelity International High Quality ETF US$,Fidelity Investments Canada,https://www.fidelity.ca/content/dam/fidelity/en/documents/other-pdfs/etf_ticker_onepager.pdf
FCIV,Fidelity International Value ETF,Fidelity Investments Canada,https://www.fidelity.ca/content/dam/fidelity/en/documents/other-pdfs/etf_ticker_onepager.pdf
FCLC,Fidelity Canadian Large Cap Fund - ETF Series,Fidelity Investments Canada,https://www.fidelity.ca/content/dam/fidelity/en/documents/other-pdfs/etf_ticker_onepager.pdf
FCLS,Fidelity Canadian Long/Short Alternative Fund - ETF Series,Fidelity Investments Canada,https://www.fidelity.ca/content/dam/fidelity/en/documents/other-pdfs/etf_ticker_onepager.pdf
FCMI,Fidelity Canadian Monthly High Income ETF,Fidelity Investments Canada,https://www.fidelity.ca/content/dam/fidelity/en/documents/press-release/2026/pr-etfs-distributions-apr-21-en.pdf
FCMO,Fidelity U.S. Momentum ETF,Fidelity Investments Canada,https://www.fidelity.ca/content/dam/fidelity/en/documents/other-pdfs/etf_ticker_onepager.pdf
FCMO.U,Fidelity U.S. Momentum ETF US$,Fidelity Investments Canada,https://www.fidelity.ca/content/dam/fidelity/en/documents/other-pdfs/etf_ticker_onepager.pdf
FCNS,Fidelity All-in-One Conservative ETF,Fidelity Investments Canada,https://www.fidelity.ca/content/dam/fidelity/en/documents/other-pdfs/etf_ticker_onepager.pdf
FCQH,Fidelity U.S. High Quality Currency Neutral ETF,Fidelity Investments Canada,https://www.fidelity.ca/content/dam/fidelity/en/documents/other-pdfs/etf_ticker_onepager.pdf
FCRR,Fidelity U.S. Dividend for Rising Rates ETF,Fidelity Investments Canada,https://www.fidelity.ca/content/dam/fidelity/en/documents/other-pdfs/etf_ticker_onepager.pdf
FCRR.U,Fidelity U.S. Dividend for Rising Rates ETF US$,Fidelity Investments Canada,https://www.fidelity.ca/content/dam/fidelity/en/documents/press-release/2026/pr-etfs-distributions-apr-21-en.pdf
FCSB,Fidelity Canadian Short Term Corporate Bond ETF,Fidelity Investments Canada,https://www.fidelity.ca/content/dam/fidelity/en/documents/other-pdfs/etf_ticker_onepager.pdf
FCSW,Fidelity Sustainable World ETF,Fidelity Investments Canada,https://www.fidelity.ca/content/dam/fidelity/en/documents/other-pdfs/etf_ticker_onepager.pdf
FCUB,Fidelity Core U.S. Bond ETF,Fidelity Investments Canada,https://www.fidelity.ca/content/dam/fidelity/en/documents/other-pdfs/etf_ticker_onepager.pdf
FCUB.U,Fidelity Core U.S. Bond ETF US$,Fidelity Investments Canada,https://www.fidelity.ca/content/dam/fidelity/en/documents/other-pdfs/etf_ticker_onepager.pdf
FCUD,Fidelity U.S. High Dividend ETF,Fidelity Investments Canada,https://www.fidelity.ca/content/dam/fidelity/en/documents/other-pdfs/etf_ticker_onepager.pdf
FCUD.U,Fidelity U.S. High Dividend ETF US$,Fidelity Investments Canada,https://www.fidelity.ca/content/dam/fidelity/en/documents/other-pdfs/etf_ticker_onepager.pdf
FCUH,Fidelity U.S. High Dividend Currency Neutral ETF,Fidelity Investments Canada,https://www.fidelity.ca/content/dam/fidelity/en/documents/other-pdfs/etf_ticker_onepager.pdf
FCUL,Fidelity U.S. Low Volatility ETF,Fidelity Investments Canada,https://www.fidelity.ca/content/dam/fidelity/en/documents/other-pdfs/etf_ticker_onepager.pdf
FCUL.U,Fidelity U.S. Low Volatility ETF US$,Fidelity Investments Canada,https://www.fidelity.ca/content/dam/fidelity/en/documents/other-pdfs/etf_ticker_onepager.pdf
FCUQ,Fidelity U.S. High Quality ETF,Fidelity Investments Canada,https://www.fidelity.ca/content/dam/fidelity/en/documents/other-pdfs/etf_ticker_onepager.pdf
FCUQ.U,Fidelity U.S. High Quality ETF US$,Fidelity Investments Canada,https://www.fidelity.ca/content/dam/fidelity/en/documents/other-pdfs/etf_ticker_onepager.pdf
FCUV,Fidelity U.S. Value ETF,Fidelity Investments Canada,https://www.fidelity.ca/content/dam/fidelity/en/documents/other-pdfs/etf_ticker_onepager.pdf
FCUV.U,Fidelity U.S. Value ETF US$,Fidelity Investments Canada,https://www.fidelity.ca/content/dam/fidelity/en/documents/other-pdfs/etf_ticker_onepager.pdf
FCVH,Fidelity U.S. Value Currency Neutral ETF,Fidelity Investments Canada,https://www.fidelity.ca/content/dam/fidelity/en/documents/other-pdfs/etf_ticker_onepager.pdf
FEMO,Fidelity Emerging Markets Opportunities Fund - ETF Series,Fidelity Investments Canada,https://www.fidelity.ca/content/dam/fidelity/en/documents/other-pdfs/etf_ticker_onepager.pdf
FEPY,Fidelity Equity Premium Yield ETF,Fidelity Investments Canada,https://www.fidelity.ca/content/dam/fidelity/en/documents/other-pdfs/etf_ticker_onepager.pdf
FEPY.U,Fidelity Equity Premium Yield ETF US$,Fidelity Investments Canada,https://www.fidelity.ca/content/dam/fidelity/en/documents/other-pdfs/etf_ticker_onepager.pdf
FEQT,Fidelity All-in-One Equity ETF,Fidelity Investments Canada,https://www.fidelity.ca/content/dam/fidelity/en/documents/other-pdfs/etf_ticker_onepager.pdf
FETH,Fidelity Advantage Ether ETF,Fidelity Investments Canada,https://www.fidelity.ca/content/dam/fidelity/en/documents/other-pdfs/etf_ticker_onepager.pdf
FETH.U,Fidelity Advantage Ether ETF US$,Fidelity Investments Canada,https://www.fidelity.ca/content/dam/fidelity/en/documents/other-pdfs/etf_ticker_onepager.pdf
FFAB,Fidelity Alternative Bond Fund - ETF Series,Fidelity Investments Canada,https://www.fidelity.ca/content/dam/fidelity/en/documents/other-pdfs/etf_ticker_onepager.pdf
FFIX,Fidelity All-in-One Fixed Income ETF,Fidelity Investments Canada,https://www.fidelity.ca/content/dam/fidelity/en/documents/other-pdfs/etf_ticker_onepager.pdf
FGCV,Fidelity Global Concentrated Value Fund - ETF Series,Fidelity Investments Canada,https://www.fidelity.ca/content/dam/fidelity/en/documents/other-pdfs/etf_ticker_onepager.pdf
FGEB,Fidelity Global Equity+ Balanced Fund - ETF Series,Fidelity Investments Canada,https://www.fidelity.ca/content/dam/fidelity/en/documents/other-pdfs/etf_ticker_onepager.pdf
FGEP,Fidelity Global Equity+ Fund - ETF Series,Fidelity Investments Canada,https://www.fidelity.ca/content/dam/fidelity/en/documents/other-pdfs/etf_ticker_onepager.pdf
FGEP.U,Fidelity Global Equity+ Fund US$ - ETF Series,Fidelity Investments Canada,https://www.fidelity.ca/content/dam/fidelity/en/documents/other-pdfs/etf_ticker_onepager.pdf
FGLS,Fidelity Global Value Long/Short Fund - ETF Series,Fidelity Investments Canada,https://www.fidelity.ca/content/dam/fidelity/en/documents/other-pdfs/etf_ticker_onepager.pdf
FGRO,Fidelity All-in-One Growth ETF,Fidelity Investments Canada,https://www.fidelity.ca/content/dam/fidelity/en/documents/other-pdfs/etf_ticker_onepager.pdf
FGSM,Fidelity Global Small-Mid Cap Equity Fund - ETF Series,Fidelity Investments Canada,https://www.fidelity.ca/content/dam/fidelity/en/documents/other-pdfs/etf_ticker_onepager.pdf
FINN,Fidelity Global Innovators ETF,Fidelity Investments Canada,https://www.fidelity.ca/content/dam/fidelity/en/documents/other-pdfs/etf_ticker_onepager.pdf
FINN.U,Fidelity Global Innovators ETF US$,Fidelity Investments Canada,https://www.fidelity.ca/content/dam/fidelity/en/documents/other-pdfs/etf_ticker_onepager.pdf
FLSA,Fidelity Long/Short Alternative Fund - ETF Series,Fidelity Investments Canada,https://www.fidelity.ca/content/dam/fidelity/en/documents/other-pdfs/etf_ticker_onepager.pdf
FLSA.U,Fidelity Long/Short Alternative Fund US$ - ETF Series,Fidelity Investments Canada,https://www.fidelity.ca/content/dam/fidelity/en/documents/other-pdfs/etf_ticker_onepager.pdf
FLSE,Fidelity Global Opportunities Long/Short Fund - ETF Series,Fidelity Investments Canada,https://www.fidelity.ca/content/dam/fidelity/en/documents/other-pdfs/etf_ticker_onepager.pdf
FMAB,Fidelity Multi-Alt Balanced Fund - ETF Series,Fidelity Investments Canada,https://www.fidelity.ca/content/dam/fidelity/en/documents/other-pdfs/etf_ticker_onepager.pdf
FMAE,Fidelity Multi-Alt Equity Fund - ETF Series,Fidelity Investments Canada,https://www.fidelity.ca/content/dam/fidelity/en/documents/other-pdfs/etf_ticker_onepager.pdf
FMNA,Fidelity Market Neutral Alternative Fund - ETF Series,Fidelity Investments Canada,https://www.fidelity.ca/content/dam/fidelity/en/documents/other-pdfs/etf_ticker_onepager.pdf
FMPB,Fidelity Global Balanced Portfolio - ETF Series,Fidelity Investments Canada,https://www.fidelity.ca/content/dam/fidelity/en/documents/other-pdfs/etf_ticker_onepager.pdf
FMPG,Fidelity Global Growth Portfolio - ETF Series,Fidelity Investments Canada,https://www.fidelity.ca/content/dam/fidelity/en/documents/other-pdfs/etf_ticker_onepager.pdf
FMPI,Fidelity Global Income Portfolio - ETF Series,Fidelity Investments Canada,https://www.fidelity.ca/content/dam/fidelity/en/documents/other-pdfs/etf_ticker_onepager.pdf
FTHI,Fidelity Tactical High Income Fund - ETF Series,Fidelity Investments Canada,https://www.fidelity.ca/content/dam/fidelity/en/documents/other-pdfs/etf_ticker_onepager.pdf
CBL,Franklin Core ETF Portfolio - ETF Series,Franklin Templeton Canada,https://www.franklintempleton.ca/en-ca/press-releases/franklin-templeton-canada-announces-etf-cash-distributions-and-estimated-annual-reinvested-distributions
CNV,Franklin Conservative Income ETF Portfolio - ETF Series,Franklin Templeton Canada,https://www.franklintempleton.ca/en-ca/press-releases/franklin-templeton-canada-announces-etf-cash-distributions-and-estimated-annual-reinvested-distributions
EQY,Franklin All-Equity ETF Portfolio - ETF Series,Franklin Templeton Canada,https://www.franklintempleton.ca/en-ca/press-releases/franklin-templeton-canada-announces-etf-cash-distributions-and-estimated-annual-reinvested-distributions
FBGO,Franklin Brandywine Global Income Optimiser Fund - ETF Series,Franklin Templeton Canada,https://www.franklintempleton.ca/en-ca/press-releases/franklin-templeton-canada-announces-etf-cash-distributions-and-estimated-annual-reinvested-distributions
FCII,Franklin ClearBridge Global Infrastructure Income Fund - ETF Series,Franklin Templeton Canada,https://www.franklintempleton.ca/en-ca/press-releases/franklin-templeton-canada-announces-etf-cash-distributions-and-estimated-annual-reinvested-distributions
FCRC,Franklin Canadian Core Equity Fund - ETF Series,Franklin Templeton Canada,https://www.franklintempleton.ca/en-ca/press-releases/franklin-templeton-canada-announces-etf-cash-distributions-and-estimated-annual-reinvested-distributions
FCRI,Franklin International Core Equity Fund - ETF Series,Franklin Templeton Canada,https://www.franklintempleton.ca/en-ca/press-releases/franklin-templeton-canada-announces-etf-cash-distributions-and-estimated-annual-reinvested-distributions
FCRU,Franklin U.S. Core Equity Fund - ETF Series,Franklin Templeton Canada,https://www.franklintempleton.ca/en-ca/press-releases/franklin-templeton-canada-announces-etf-cash-distributions-and-estimated-annual-reinvested-distributions
FCSI,Franklin ClearBridge International Growth Fund - ETF Series,Franklin Templeton Canada,https://www.franklintempleton.ca/en-ca/press-releases/franklin-templeton-canada-announces-etf-cash-distributions-and-estimated-annual-reinvested-distributions
FDIV,Franklin U.S. Quality Moat Dividend Index ETF,Franklin Templeton Canada,https://www.newswire.ca/news-releases/franklin-templeton-canada-announces-etf-cash-distributions-807628651.html
FGGE,Franklin Global Growth Fund - ETF Series,Franklin Templeton Canada,https://www.franklintempleton.ca/en-ca/press-releases/franklin-templeton-canada-announces-etf-cash-distributions-and-estimated-annual-reinvested-distributions
FGOV,Franklin Canadian Government Bond Fund - ETF Series,Franklin Templeton Canada,https://www.franklintempleton.ca/en-ca/press-releases/franklin-templeton-canada-announces-etf-cash-distributions-and-estimated-annual-reinvested-distributions
FHIS,Franklin Canadian Ultra Short Term Bond Fund - ETF Series,Franklin Templeton Canada,https://www.franklintempleton.ca/en-ca/press-releases/franklin-templeton-canada-announces-etf-cash-distributions-and-estimated-annual-reinvested-distributions
FID,Franklin FTSE India Index ETF,Franklin Templeton Canada,https://www.newswire.ca/news-releases/franklin-templeton-canada-announces-etf-cash-distributions-807628651.html
FINO,Franklin Innovation Fund - ETF Series,Franklin Templeton Canada,https://www.franklintempleton.ca/en-ca/press-releases/franklin-templeton-canada-announces-etf-cash-distributions-and-estimated-annual-reinvested-distributions
FLAM,Franklin FTSE U.S. Index ETF,Franklin Templeton Canada,https://www.newswire.ca/news-releases/franklin-templeton-canada-announces-etf-cash-distributions-807628651.html
FLCD,Franklin FTSE Canada All Cap Index ETF,Franklin Templeton Canada,https://www.newswire.ca/news-releases/franklin-templeton-canada-announces-etf-cash-distributions-807628651.html
FLCI,Franklin Canadian Corporate Bond Fund - ETF Series,Franklin Templeton Canada,https://www.franklintempleton.ca/en-ca/press-releases/franklin-templeton-canada-announces-etf-cash-distributions-and-estimated-annual-reinvested-distributions
FLCP,Franklin Canadian Core Plus Bond Fund - ETF Series,Franklin Templeton Canada,https://www.franklintempleton.ca/en-ca/press-releases/franklin-templeton-canada-announces-etf-cash-distributions-and-estimated-annual-reinvested-distributions
FLEM,Franklin Emerging Markets Equity Index ETF,Franklin Templeton Canada,https://www.newswire.ca/news-releases/franklin-templeton-canada-announces-etf-cash-distributions-807628651.html
FLGA,Franklin Global Core Bond Fund - ETF Series,Franklin Templeton Canada,https://www.franklintempleton.ca/en-ca/press-releases/franklin-templeton-canada-announces-etf-cash-distributions-and-estimated-annual-reinvested-distributions
FLJA,Franklin FTSE Japan Index ETF,Franklin Templeton Canada,https://www.newswire.ca/news-releases/franklin-templeton-canada-announces-etf-cash-distributions-807628651.html
FLSD,Franklin Canadian Short Term Bond Fund - ETF Series,Franklin Templeton Canada,https://www.franklintempleton.ca/en-ca/press-releases/franklin-templeton-canada-announces-etf-cash-distributions-and-estimated-annual-reinvested-distributions
FLUR,Franklin International Equity Index ETF,Franklin Templeton Canada,https://www.newswire.ca/news-releases/franklin-templeton-canada-announces-etf-cash-distributions-807628651.html
FLUS,Franklin U.S. Large Cap Multifactor Index ETF,Franklin Templeton Canada,https://www.newswire.ca/news-releases/franklin-templeton-canada-announces-etf-cash-distributions-807628651.html
FLVC,Franklin Canadian Low Volatility High Dividend Index ETF,Franklin Templeton Canada,https://www.franklintempleton.ca/en-ca/press-releases/franklin-templeton-canada-announces-etf-cash-distributions-and-estimated-annual-reinvested-distributions
FLVI,Franklin International Low Volatility High Dividend Index ETF,Franklin Templeton Canada,https://www.franklintempleton.ca/en-ca/press-releases/franklin-templeton-canada-announces-etf-cash-distributions-and-estimated-annual-reinvested-distributions
FLVU,Franklin U.S. Low Volatility High Dividend Index ETF,Franklin Templeton Canada,https://www.franklintempleton.ca/en-ca/press-releases/franklin-templeton-canada-announces-etf-cash-distributions-and-estimated-annual-reinvested-distributions
FMID,Franklin U.S. Mid Cap Multifactor Index ETF,Franklin Templeton Canada,https://www.newswire.ca/news-releases/franklin-templeton-canada-announces-etf-cash-distributions-807628651.html
GRO,Franklin Growth ETF Portfolio - ETF Series,Franklin Templeton Canada,https://www.franklintempleton.ca/en-ca/press-releases/franklin-templeton-canada-announces-etf-cash-distributions-and-estimated-annual-reinvested-distributions
GBFC,GuardBonds 2026 Investment Grade Bond Fund (ETF Units),Guardian Capital LP,https://www.guardiancapital.com/investmentsolutions/etfs/
GBFD,GuardBonds 2027 Investment Grade Bond Fund (ETF Units),Guardian Capital LP,https://www.guardiancapital.com/investmentsolutions/etfs/
GBFE,GuardBonds 2028 Investment Grade Bond Fund (ETF Units),Guardian Capital LP,https://www.guardiancapital.com/investmentsolutions/etfs/
GBFF,GuardBonds 2029 Investment Grade Bond Fund (ETF Units),Guardian Capital LP,https://www.guardiancapital.com/investmentsolutions/etfs/
GBLF,GuardBonds 1-3 Year Laddered Investment Grade Bond Fund (ETF Units),Guardian Capital LP,https://www.guardiancapital.com/investmentsolutions/etfs/
GCBD,Guardian Canadian Bond Fund (ETF Units),Guardian Capital LP,https://www.guardiancapital.com/investmentsolutions/etfs/
GCEI,Guardian Canadian Equity Income Fund (ETF Units),Guardian Capital LP,https://www.guardiancapital.com/investmentsolutions/etfs/
GCFE,Guardian Canadian Focused Equity Fund (ETF Units),Guardian Capital LP,https://www.guardiancapital.com/investmentsolutions/etfs/
GCSC,Guardian Canadian Diversified Core Equity Fund (Unhedged ETF Units),Guardian Capital LP,https://www.guardiancapital.com/investmentsolutions/etfs/
GCTB,Guardian Ultra-Short Canadian T-Bill Fund (ETF Units),Guardian Capital LP,https://www.guardiancapital.com/investmentsolutions/etfs/
GFGE,Guardian Fundamental Global Equity Fund (ETF Units),Guardian Capital LP,https://www.guardiancapital.com/investmentsolutions/etfs/
GGEP,Guardian Directed Equity Path Portfolio (ETF Units),Guardian Capital LP,https://www.guardiancapital.com/investmentsolutions/etfs/
GGEP.F,Guardian Directed Equity Path Portfolio - Hedged ETF Units,Guardian Capital LP,https://www.guardiancapital.com/investmentsolutions/etfs/
GGPY,Guardian Directed Premium Yield Portfolio (ETF Units),Guardian Capital LP,https://www.guardiancapital.com/investmentsolutions/etfs/
GGPY.F,Guardian Directed Premium Yield Portfolio - Hedged ETF Units,Guardian Capital LP,https://www.guardiancapital.com/investmentsolutions/etfs/
GIAI,Guardian i3 AI Technology and Innovation Fund (ETF Units),Guardian Capital LP,https://www.guardiancapital.com/investmentsolutions/etfs/
GICD,Guardian i3 Canadian Dividend Growth Fund (ETF Units),Guardian Capital LP,https://www.guardiancapital.com/investmentsolutions/etfs/
GIDY,Guardian i3 Global Dividend Premium Yield Fund (ETF Units),Guardian Capital LP,https://www.guardiancapital.com/investmentsolutions/etfs/
GIES,Guardian International Equity Select Fund (ETF Units),Guardian Capital LP,https://www.guardiancapital.com/investmentsolutions/etfs/
GIGC,Guardian Investment Grade Corporate Bond Fund (ETF Units),Guardian Capital LP,https://www.guardiancapital.com/investmentsolutions/etfs/
GIGD,Guardian i3 Global Dividend Growth Fund (ETF Units),Guardian Capital LP,https://www.guardiancapital.com/investmentsolutions/etfs/
GIGF,Guardian i3 Global Core Equity ETF (ETF Units),Guardian Capital LP,https://www.guardiancapital.com/investmentsolutions/etfs/
GIGF.F,Guardian i3 Global Core Equity ETF - Hedged ETF Units,Guardian Capital LP,https://www.guardiancapital.com/investmentsolutions/etfs/
GIIF,Guardian i3 International Core Equity Fund (ETF Units),Guardian Capital LP,https://www.guardiancapital.com/investmentsolutions/etfs/
GIUS,Guardian i3 US Core Equity ETF - Unhedged ETF Units,Guardian Capital LP,https://www.guardiancapital.com/investmentsolutions/etfs/
GIUS.F,Guardian i3 US Core Equity ETF - Hedged ETF Units,Guardian Capital LP,https://www.guardiancapital.com/investmentsolutions/etfs/
GSDB,Guardian Short Duration Bond Fund (ETF Units),Guardian Capital LP,https://www.guardiancapital.com/investmentsolutions/etfs/
GSIF,Guardian Strategic Income Fund (ETF Units),Guardian Capital LP,https://www.guardiancapital.com/investmentsolutions/etfs/
GUTB.U,Guardian Ultra-Short U.S. T-Bill Fund (ETF Units),Guardian Capital LP,https://www.guardiancapital.com/investmentsolutions/etfs/
AAPU,SavvyLong (2X) AAPL ETF,LongPoint Asset Management,https://www.advfn.com/stock-market/TSX/CSUU/stock-news/97475446/longpoint-announces-no-year-end-etf-distributions
ABXU,SavvyLong (2X) Barrick ETF,LongPoint Asset Management,https://www.advfn.com/stock-market/TSX/CSUU/stock-news/97475446/longpoint-announces-no-year-end-etf-distributions
ALPU,SavvyLong (2X) GOOGL ETF,LongPoint Asset Management,https://www.advfn.com/stock-market/TSX/CSUU/stock-news/97475446/longpoint-announces-no-year-end-etf-distributions
AMDU,SavvyLong (2X) AMD ETF,LongPoint Asset Management,https://longpointetfs.com/media
AMZU,SavvyLong (2X) AMZN ETF,LongPoint Asset Management,https://www.advfn.com/stock-market/TSX/CSUU/stock-news/97475446/longpoint-announces-no-year-end-etf-distributions
BNKU,MegaLong (3X) Canadian Banks Daily Leveraged Alternative ETF,LongPoint Asset Management,https://www.advfn.com/stock-market/TSX/CSUU/stock-news/97475446/longpoint-announces-no-year-end-etf-distributions
CCOU,SavvyLong (2X) Cameco ETF,LongPoint Asset Management,https://www.advfn.com/stock-market/TSX/CSUU/stock-news/97475446/longpoint-announces-no-year-end-etf-distributions
CGMD,MegaShort (-3X) Canadian Gold Miners Daily Leveraged Alternative ETF,LongPoint Asset Management,https://www.advfn.com/stock-market/TSX/CSUU/stock-news/97475446/longpoint-announces-no-year-end-etf-distributions
CGMU,MegaLong (3X) Canadian Gold Miners Daily Leveraged Alternative ETF,LongPoint Asset Management,https://www.advfn.com/stock-market/TSX/CSUU/stock-news/97475446/longpoint-announces-no-year-end-etf-distributions
CNQU,SavvyLong (2X) Cdn Natural Resources ETF,LongPoint Asset Management,https://www.advfn.com/stock-market/TSX/CSUU/stock-news/97475446/longpoint-announces-no-year-end-etf-distributions
COID,SavvyShort (-2X) COIN ETF,LongPoint Asset Management,https://cdn.prod.website-files.com/673b448cba170146346ba90f/6984a928e9f19f346b6bb8ab_LongPoint%20DSS2%20Press%20Release%2020260205.pdf
COIU,SavvyLong (2X) COIN ETF,LongPoint Asset Management,https://cdn.prod.website-files.com/673b448cba170146346ba90f/6a0b34a9211cae1a22544289_LongPoint%20LFG%20Press%20Release%2020260515.pdf
COMU,SavvyLong 2X CIBC (CM) Equity-Linked ETF,LongPoint Asset Management,https://www.advfn.com/stock-market/TSX/CSUU/stock-news/97475446/longpoint-announces-no-year-end-etf-distributions
CSUU,SavvyLong (2X) Constellation Software ETF,LongPoint Asset Management,https://www.advfn.com/stock-market/TSX/CSUU/stock-news/97475446/longpoint-announces-no-year-end-etf-distributions
FORU,ForAll Core & More U.S. Equity Index ETF,LongPoint Asset Management,https://www.advfn.com/stock-market/TSX/CSUU/stock-news/97475446/longpoint-announces-no-year-end-etf-distributions
GASD,SavvyShort Geared Natural Gas ETF,LongPoint Asset Management,https://www.advfn.com/stock-market/TSX/CSUU/stock-news/97475446/longpoint-announces-no-year-end-etf-distributions
GASU,SavvyLong Geared Natural Gas ETF,LongPoint Asset Management,https://www.advfn.com/stock-market/TSX/CSUU/stock-news/97475446/longpoint-announces-no-year-end-etf-distributions
HBDV,Humilis North American Dividend Growth ETF,LongPoint Asset Management,https://cdn.prod.website-files.com/673b448cba170146346ba90f/6a5f90250a49f601dbbaf1e4_LongPoint%20Moat-HBDV%20Distribution%20Press%20Release%2020260619.pdf
HBOP,Humilis Fundamental Opportunities ETF,LongPoint Asset Management,https://longpointetfs.com/media
HBTA,Humilis North American Tactical Equity Fund,LongPoint Asset Management,https://longpointetfs.com/media
METU,SavvyLong (2X) META ETF,LongPoint Asset Management,https://longpointetfs.com/media
MOAT,Moat Active Premium Yield ETF,LongPoint Asset Management,https://cdn.prod.website-files.com/673b448cba170146346ba90f/6a5f90250a49f601dbbaf1e4_LongPoint%20Moat-HBDV%20Distribution%20Press%20Release%2020260619.pdf
MSFU,SavvyLong (2X) MSFT ETF,LongPoint Asset Management,https://www.advfn.com/stock-market/TSX/CSUU/stock-news/97475446/longpoint-announces-no-year-end-etf-distributions
MSTU,SavvyLong (2X) MSTR ETF,LongPoint Asset Management,https://cdn.prod.website-files.com/673b448cba170146346ba90f/6a0b34a9211cae1a22544289_LongPoint%20LFG%20Press%20Release%2020260515.pdf
MSTZ,SavvyShort (-2X) MSTR ETF,LongPoint Asset Management,https://cdn.prod.website-files.com/673b448cba170146346ba90f/6984a928e9f19f346b6bb8ab_LongPoint%20DSS2%20Press%20Release%2020260205.pdf
MUU,SavvyLong (2X) Micron ETF,LongPoint Asset Management,https://longpointetfs.com/media
NBCU,SavvyLong 2X NBC (NA) Equity-Linked ETF,LongPoint Asset Management,https://www.advfn.com/stock-market/TSX/CSUU/stock-news/97475446/longpoint-announces-no-year-end-etf-distributions
NVDD,SavvyShort (-2X) NVDA ETF,LongPoint Asset Management,https://www.advfn.com/stock-market/TSX/CSUU/stock-news/97475446/longpoint-announces-no-year-end-etf-distributions
NVDU,SavvyLong (2X) NVDA ETF,LongPoint Asset Management,https://www.advfn.com/stock-market/TSX/CSUU/stock-news/97475446/longpoint-announces-no-year-end-etf-distributions
OILD,SavvyShort Geared Crude Oil ETF,LongPoint Asset Management,https://www.advfn.com/stock-market/TSX/CSUU/stock-news/97475446/longpoint-announces-no-year-end-etf-distributions
OILU,SavvyLong Geared Crude Oil ETF,LongPoint Asset Management,https://www.advfn.com/stock-market/TSX/CSUU/stock-news/97475446/longpoint-announces-no-year-end-etf-distributions
ORBU,SavvyLong (2X) SpaceX ETF,LongPoint Asset Management,https://longpointetfs.com/media
PLTU,SavvyLong (2X) PLTR ETF,LongPoint Asset Management,https://longpointetfs.com/media
QQQD,MegaShort (-3X) NASDAQ-100 Daily Leveraged Alternative ETF,LongPoint Asset Management,https://www.advfn.com/stock-market/TSX/CSUU/stock-news/97475446/longpoint-announces-no-year-end-etf-distributions
QQQU,MegaLong (3X) NASDAQ-100 Daily Leveraged Alternative ETF,LongPoint Asset Management,https://www.advfn.com/stock-market/TSX/CSUU/stock-news/97475446/longpoint-announces-no-year-end-etf-distributions
RBCU,SavvyLong 2X RBC (RY) Equity-Linked ETF,LongPoint Asset Management,https://www.advfn.com/stock-market/TSX/CSUU/stock-news/97475446/longpoint-announces-no-year-end-etf-distributions
RBNU,SavvyLong (2X) HOOD ETF,LongPoint Asset Management,https://longpointetfs.com/media
RGBM,Return Stacked Global Balanced & Macro ETF (CAD Shares),LongPoint Asset Management,https://www.advfn.com/stock-market/TSX/CSUU/stock-news/97475446/longpoint-announces-no-year-end-etf-distributions
RGBM.U,Return Stacked Global Balanced & Macro ETF (USD Shares),LongPoint Asset Management,https://www.advfn.com/stock-market/TSX/CSUU/stock-news/97475446/longpoint-announces-no-year-end-etf-distributions
SHPD,SavvyShort (-2X) Shopify ETF,LongPoint Asset Management,https://www.advfn.com/stock-market/TSX/CSUU/stock-news/97475446/longpoint-announces-no-year-end-etf-distributions
SHPU,SavvyLong (2X) Shopify ETF,LongPoint Asset Management,https://www.advfn.com/stock-market/TSX/CSUU/stock-news/97475446/longpoint-announces-no-year-end-etf-distributions
SOXD,MegaShort (-3X) US Semiconductors Daily Leveraged Alternative ETF,LongPoint Asset Management,https://www.advfn.com/stock-market/TSX/CSUU/stock-news/97475446/longpoint-announces-no-year-end-etf-distributions
SOXU,MegaLong (3X) US Semiconductors Daily Leveraged Alternative ETF,LongPoint Asset Management,https://www.advfn.com/stock-market/TSX/CSUU/stock-news/97475446/longpoint-announces-no-year-end-etf-distributions
SPYD,MegaShort (-3X) S&P 500 Daily Leveraged Alternative ETF,LongPoint Asset Management,https://www.advfn.com/stock-market/TSX/CSUU/stock-news/97475446/longpoint-announces-no-year-end-etf-distributions
SPYU,MegaLong (3X) S&P 500 Daily Leveraged Alternative ETF,LongPoint Asset Management,https://www.advfn.com/stock-market/TSX/CSUU/stock-news/97475446/longpoint-announces-no-year-end-etf-distributions
TCCA,Trading Central Quant Canada 50 Equity Index ETF,LongPoint Asset Management,https://cdn.prod.website-files.com/673b448cba170146346ba90f/69b16ba1eb3f8de2c0f32876_LongPoint%20TC%20Press%20Release%2020260311%20final.pdf
TCEU,Trading Central Quant Europe 50 Equity Index ETF,LongPoint Asset Management,https://cdn.prod.website-files.com/673b448cba170146346ba90f/69b16ba1eb3f8de2c0f32876_LongPoint%20TC%20Press%20Release%2020260311%20final.pdf
TCUS,Trading Central Quant U.S. 50 Equity Index ETF,LongPoint Asset Management,https://cdn.prod.website-files.com/673b448cba170146346ba90f/69b16ba1eb3f8de2c0f32876_LongPoint%20TC%20Press%20Release%2020260311%20final.pdf
TCWW,Trading Central Quant Global 50 Equity Index ETF,LongPoint Asset Management,https://cdn.prod.website-files.com/673b448cba170146346ba90f/69b16ba1eb3f8de2c0f32876_LongPoint%20TC%20Press%20Release%2020260311%20final.pdf
TDU,SavvyLong 2X TDB (TD) Equity-Linked ETF,LongPoint Asset Management,https://www.advfn.com/stock-market/TSX/CSUU/stock-news/97475446/longpoint-announces-no-year-end-etf-distributions
TSLD,SavvyShort (-2X) TSLA ETF,LongPoint Asset Management,https://www.advfn.com/stock-market/TSX/CSUU/stock-news/97475446/longpoint-announces-no-year-end-etf-distributions
TSLU,SavvyLong (2X) TSLA ETF,LongPoint Asset Management,https://www.advfn.com/stock-market/TSX/CSUU/stock-news/97475446/longpoint-announces-no-year-end-etf-distributions
LYCT,Lysander-Canso Corporate Treasury ActivETF,Lysander Funds,https://www.lysanderfunds.com/lysander-announces-cash-distributions-for-the-lysander-activetfs-july-21-2026/
LYFR,Lysander-Canso Floating Rate ActivETF,Lysander Funds,https://www.lysanderfunds.com/lysander-announces-cash-distributions-for-the-lysander-activetfs-july-21-2026/
PR,Lysander-Slater Preferred Share ActivETF,Lysander Funds,https://www.lysanderfunds.com/lysander-announces-cash-distributions-for-the-lysander-activetfs-july-21-2026/
MAAA,Mackenzie AAA CLO ETF,Mackenzie Investments,http://www.mackenzieinvestments.com/content/dam/mackenzie/en/etfs/mi-etf-fund-listing-en.pdf
MAGV,Mackenzie Global Value ETF,Mackenzie Investments,https://www.mackenzieinvestments.com/en/media-centre/press-releases/_2026/2026-feb-17-mackenzie-investments-expands-etf-lineup-with-value-based
MALX,Mackenzie GQE US Alpha Extension ETF,Mackenzie Investments,http://www.mackenzieinvestments.com/content/dam/mackenzie/en/etfs/mi-etf-fund-listing-en.pdf
MAUG,Mackenzie US All Cap Growth ETF,Mackenzie Investments,https://www.mackenzieinvestments.com/en/media-centre/press-releases/_2026/2026-feb-17-mackenzie-investments-expands-etf-lineup-with-value-based
MAUV,Mackenzie US Value ETF,Mackenzie Investments,https://www.mackenzieinvestments.com/en/media-centre/press-releases/_2026/2026-feb-17-mackenzie-investments-expands-etf-lineup-with-value-based
MBAL,Mackenzie Balanced Allocation ETF,Mackenzie Investments,http://www.mackenzieinvestments.com/content/dam/mackenzie/en/etfs/mi-etf-fund-listing-en.pdf
MBQG,Mackenzie GQE Global Balanced ETF,Mackenzie Investments,https://www.mackenzieinvestments.com/en/media-centre/press-releases/_2026/2026-feb-17-mackenzie-investments-expands-etf-lineup-with-value-based
MCKG,Mackenzie Corporate Knights Global 100 Index ETF,Mackenzie Investments,http://www.mackenzieinvestments.com/content/dam/mackenzie/en/etfs/mi-etf-fund-listing-en.pdf
MCLV,Mackenzie GQE Canada Low Volatility ETF,Mackenzie Investments,http://www.mackenzieinvestments.com/content/dam/mackenzie/en/etfs/mi-etf-fund-listing-en.pdf
MCON,Mackenzie Conservative Allocation ETF,Mackenzie Investments,http://www.mackenzieinvestments.com/content/dam/mackenzie/en/etfs/mi-etf-fund-listing-en.pdf
MCSB,Mackenzie Short-Term Canadian Fixed Income ETF,Mackenzie Investments,http://www.mackenzieinvestments.com/content/dam/mackenzie/en/etfs/mi-etf-fund-listing-en.pdf
MCYC,Mackenzie Cyclical Tilt ETF,Mackenzie Investments,http://www.mackenzieinvestments.com/content/dam/mackenzie/en/etfs/mi-etf-fund-listing-en.pdf
MDEF,Mackenzie Defensive Tilt ETF,Mackenzie Investments,http://www.mackenzieinvestments.com/content/dam/mackenzie/en/etfs/mi-etf-fund-listing-en.pdf
MEQT,Mackenzie All Equity Allocation ETF,Mackenzie Investments,http://www.mackenzieinvestments.com/content/dam/mackenzie/en/etfs/mi-etf-fund-listing-en.pdf
MFT,Mackenzie Floating Rate Income ETF,Mackenzie Investments,http://www.mackenzieinvestments.com/content/dam/mackenzie/en/etfs/mi-etf-fund-listing-en.pdf
MGAB,Mackenzie Global Fixed Income Allocation ETF,Mackenzie Investments,http://www.mackenzieinvestments.com/content/dam/mackenzie/en/etfs/mi-etf-fund-listing-en.pdf
MGB,Mackenzie Core Plus Global Fixed Income ETF,Mackenzie Investments,http://www.mackenzieinvestments.com/content/dam/mackenzie/en/etfs/mi-etf-fund-listing-en.pdf
MGDV,Mackenzie Global Dividend ETF,Mackenzie Investments,http://www.mackenzieinvestments.com/content/dam/mackenzie/en/etfs/mi-etf-fund-listing-en.pdf
MGQE,Mackenzie GQE Global Equity ETF,Mackenzie Investments,http://www.mackenzieinvestments.com/content/dam/mackenzie/en/etfs/mi-etf-fund-listing-en.pdf
MGRW,Mackenzie Growth Allocation ETF,Mackenzie Investments,http://www.mackenzieinvestments.com/content/dam/mackenzie/en/etfs/mi-etf-fund-listing-en.pdf
MGSB,Mackenzie Global Sustainable Bond ETF,Mackenzie Investments,http://www.mackenzieinvestments.com/content/dam/mackenzie/en/etfs/mi-etf-fund-listing-en.pdf
MHDC,Mackenzie Canadian High Dividend Yield ETF,Mackenzie Investments,http://www.mackenzieinvestments.com/content/dam/mackenzie/en/etfs/mi-etf-fund-listing-en.pdf
MHDU,Mackenzie US High Dividend Yield ETF,Mackenzie Investments,http://www.mackenzieinvestments.com/content/dam/mackenzie/en/etfs/mi-etf-fund-listing-en.pdf
MHYB,Mackenzie Global High Yield Fixed Income ETF,Mackenzie Investments,http://www.mackenzieinvestments.com/content/dam/mackenzie/en/etfs/mi-etf-fund-listing-en.pdf
MIQE,Mackenzie GQE International Equity ETF,Mackenzie Investments,http://www.mackenzieinvestments.com/content/dam/mackenzie/en/etfs/mi-etf-fund-listing-en.pdf
MIVG,Mackenzie Ivy Global Equity ETF,Mackenzie Investments,http://www.mackenzieinvestments.com/content/dam/mackenzie/en/etfs/mi-etf-fund-listing-en.pdf
MKB,Mackenzie Canadian Strategic Fixed Income ETF,Mackenzie Investments,http://www.mackenzieinvestments.com/content/dam/mackenzie/en/etfs/mi-etf-fund-listing-en.pdf
MNXT,Mackenzie Bluewater Next Gen Growth ETF,Mackenzie Investments,http://www.mackenzieinvestments.com/content/dam/mackenzie/en/etfs/mi-etf-fund-listing-en.pdf
MORE,Mackenzie Core Resources ETF,Mackenzie Investments,http://www.mackenzieinvestments.com/content/dam/mackenzie/en/etfs/mi-etf-fund-listing-en.pdf
MTBA,Mackenzie Target 2027 North American IG Corporate Bond ETF,Mackenzie Investments,http://www.mackenzieinvestments.com/content/dam/mackenzie/en/etfs/mi-etf-fund-listing-en.pdf
MTBB,Mackenzie Target 2029 North American IG Corporate Bond ETF,Mackenzie Investments,http://www.mackenzieinvestments.com/content/dam/mackenzie/en/etfs/mi-etf-fund-listing-en.pdf
MUB,Mackenzie Unconstrained Bond ETF,Mackenzie Investments,https://topforeignstocks.com/the-complete-list-of-mackenzie-investments-etfs-trading-on-the-toronto-stock-exchange/
MULV,Mackenzie GQE US Low Volatility ETF,Mackenzie Investments,http://www.mackenzieinvestments.com/content/dam/mackenzie/en/etfs/mi-etf-fund-listing-en.pdf
MWLV,Mackenzie GQE World Low Volatility ETF,Mackenzie Investments,http://www.mackenzieinvestments.com/content/dam/mackenzie/en/etfs/mi-etf-fund-listing-en.pdf
MWMN,Mackenzie Global Women's Leadership ETF,Mackenzie Investments,http://www.mackenzieinvestments.com/content/dam/mackenzie/en/etfs/mi-etf-fund-listing-en.pdf
QAH,Mackenzie US Large Cap Equity Index ETF (CAD-Hedged),Mackenzie Investments,http://www.mackenzieinvestments.com/content/dam/mackenzie/en/etfs/mi-etf-fund-listing-en.pdf
QASH,Mackenzie Canadian Ultra Short Bond Index ETF,Mackenzie Investments,http://www.mackenzieinvestments.com/content/dam/mackenzie/en/etfs/mi-etf-fund-listing-en.pdf
QBB,Mackenzie Canadian Aggregate Bond Index ETF,Mackenzie Investments,http://www.mackenzieinvestments.com/content/dam/mackenzie/en/etfs/mi-etf-fund-listing-en.pdf
QCB,Mackenzie Canadian All Corporate Bond Index ETF,Mackenzie Investments,http://www.mackenzieinvestments.com/content/dam/mackenzie/en/etfs/mi-etf-fund-listing-en.pdf
QCE,Mackenzie Canadian Large Cap Equity Index ETF,Mackenzie Investments,http://www.mackenzieinvestments.com/content/dam/mackenzie/en/etfs/mi-etf-fund-listing-en.pdf
QCH,Mackenzie China A-Shares CSI 300 Index ETF,Mackenzie Investments,http://www.mackenzieinvestments.com/content/dam/mackenzie/en/etfs/mi-etf-fund-listing-en.pdf
QCN,Mackenzie Canadian Equity Index ETF,Mackenzie Investments,http://www.mackenzieinvestments.com/content/dam/mackenzie/en/etfs/mi-etf-fund-listing-en.pdf
QDX,Mackenzie International Equity Index ETF,Mackenzie Investments,http://www.mackenzieinvestments.com/content/dam/mackenzie/en/etfs/mi-etf-fund-listing-en.pdf
QDXB,Mackenzie Developed ex-North America Aggregate Bond Index ETF (CAD-Hedged),Mackenzie Investments,http://www.mackenzieinvestments.com/content/dam/mackenzie/en/etfs/mi-etf-fund-listing-en.pdf
QDXH,Mackenzie International Equity Index ETF (CAD-Hedged),Mackenzie Investments,http://www.mackenzieinvestments.com/content/dam/mackenzie/en/etfs/mi-etf-fund-listing-en.pdf
QEBH,Mackenzie Emerging Markets Bond Index ETF (CAD-Hedged),Mackenzie Investments,http://www.mackenzieinvestments.com/content/dam/mackenzie/en/etfs/mi-etf-fund-listing-en.pdf
QEBL,Mackenzie Emerging Markets Local Currency Bond Index ETF,Mackenzie Investments,http://www.mackenzieinvestments.com/content/dam/mackenzie/en/etfs/mi-etf-fund-listing-en.pdf
QEE,Mackenzie Emerging Markets Equity Index ETF,Mackenzie Investments,http://www.mackenzieinvestments.com/content/dam/mackenzie/en/etfs/mi-etf-fund-listing-en.pdf
QHY,Mackenzie US High Yield Bond Index ETF (CAD-Hedged),Mackenzie Investments,http://www.mackenzieinvestments.com/content/dam/mackenzie/en/etfs/mi-etf-fund-listing-en.pdf
QINF,Mackenzie Global Infrastructure Index ETF,Mackenzie Investments,http://www.mackenzieinvestments.com/content/dam/mackenzie/en/etfs/mi-etf-fund-listing-en.pdf
QLB,Mackenzie Canadian Government Long Bond Index ETF,Mackenzie Investments,http://www.mackenzieinvestments.com/content/dam/mackenzie/en/etfs/mi-etf-fund-listing-en.pdf
QQQQ,Mackenzie NASDAQ 100 Index ETF,Mackenzie Investments,http://www.mackenzieinvestments.com/content/dam/mackenzie/en/etfs/mi-etf-fund-listing-en.pdf
QRET,Mackenzie Developed Markets Real Estate Index ETF,Mackenzie Investments,http://www.mackenzieinvestments.com/content/dam/mackenzie/en/etfs/mi-etf-fund-listing-en.pdf
QSB,Mackenzie Canadian Short-Term Bond Index ETF,Mackenzie Investments,http://www.mackenzieinvestments.com/content/dam/mackenzie/en/etfs/mi-etf-fund-listing-en.pdf
QTIP,Mackenzie US TIPS Index ETF (CAD-Hedged),Mackenzie Investments,http://www.mackenzieinvestments.com/content/dam/mackenzie/en/etfs/mi-etf-fund-listing-en.pdf
QTLT,Mackenzie US Government Long Bond Index ETF,Mackenzie Investments,http://www.mackenzieinvestments.com/content/dam/mackenzie/en/etfs/mi-etf-fund-listing-en.pdf
QUB,Mackenzie US Aggregate Bond Index ETF (CAD-Hedged),Mackenzie Investments,http://www.mackenzieinvestments.com/content/dam/mackenzie/en/etfs/mi-etf-fund-listing-en.pdf
QUIG,Mackenzie US Investment Grade Corporate Bond Index ETF (CAD-Hedged),Mackenzie Investments,http://www.mackenzieinvestments.com/content/dam/mackenzie/en/etfs/mi-etf-fund-listing-en.pdf
QUU,Mackenzie US Large Cap Equity Index ETF,Mackenzie Investments,http://www.mackenzieinvestments.com/content/dam/mackenzie/en/etfs/mi-etf-fund-listing-en.pdf
BSKT,Manulife Smart Core Bond ETF,Manulife Investments,https://www.tradingview.com/news/prnewswire:123528fa87644:0-manulife-investments-announces-june-2026-cash-distributions-for-manulife-exchange-traded-funds-and-etf-series-of-manulife-funds/
BYLD,Manulife Smart Enhanced Yield Bond Fund ETF - Hedged,Manulife Investments,https://www.tradingview.com/news/prnewswire:123528fa87644:0-manulife-investments-announces-june-2026-cash-distributions-for-manulife-exchange-traded-funds-and-etf-series-of-manulife-funds/
BYLD.B,Manulife Smart Enhanced Yield Bond Fund ETF - Unhedged,Manulife Investments,https://www.tradingview.com/news/prnewswire:123528fa87644:0-manulife-investments-announces-june-2026-cash-distributions-for-manulife-exchange-traded-funds-and-etf-series-of-manulife-funds/
CBND,Manulife Smart Corporate Bond ETF,Manulife Investments,https://www.tradingview.com/news/prnewswire:123528fa87644:0-manulife-investments-announces-june-2026-cash-distributions-for-manulife-exchange-traded-funds-and-etf-series-of-manulife-funds/
CDEF,Manulife Smart Defensive Equity ETF,Manulife Investments,https://www.tradingview.com/news/prnewswire:123528fa87644:0-manulife-investments-announces-june-2026-cash-distributions-for-manulife-exchange-traded-funds-and-etf-series-of-manulife-funds/
CDIV,Manulife Smart Dividend ETF,Manulife Investments,https://www.tradingview.com/news/prnewswire:123528fa87644:0-manulife-investments-announces-june-2026-cash-distributions-for-manulife-exchange-traded-funds-and-etf-series-of-manulife-funds/
CYLD,Manulife Smart Enhanced Yield ETF,Manulife Investments,https://www.tradingview.com/news/prnewswire:123528fa87644:0-manulife-investments-announces-june-2026-cash-distributions-for-manulife-exchange-traded-funds-and-etf-series-of-manulife-funds/
GBND,Manulife Smart Global Bond ETF,Manulife Investments,https://www.tradingview.com/news/prnewswire:123528fa87644:0-manulife-investments-announces-june-2026-cash-distributions-for-manulife-exchange-traded-funds-and-etf-series-of-manulife-funds/
GDIV,Manulife Smart Global Dividend ETF Portfolio,Manulife Investments,https://www.tradingview.com/news/prnewswire:123528fa87644:0-manulife-investments-announces-june-2026-cash-distributions-for-manulife-exchange-traded-funds-and-etf-series-of-manulife-funds/
GEDG,Manulife Global Edge ETF,Manulife Investments,https://www.tradingview.com/news/prnewswire:123528fa87644:0-manulife-investments-announces-june-2026-cash-distributions-for-manulife-exchange-traded-funds-and-etf-series-of-manulife-funds/
IDEF.B,Manulife Smart International Defensive Equity ETF - Unhedged,Manulife Investments,https://www.tradingview.com/news/prnewswire:123528fa87644:0-manulife-investments-announces-june-2026-cash-distributions-for-manulife-exchange-traded-funds-and-etf-series-of-manulife-funds/
IDIV.B,Manulife Smart International Dividend ETF - Unhedged,Manulife Investments,https://www.tradingview.com/news/prnewswire:123528fa87644:0-manulife-investments-announces-june-2026-cash-distributions-for-manulife-exchange-traded-funds-and-etf-series-of-manulife-funds/
MBAP,Manulife Balanced ETF Portfolio,Manulife Investments,https://www.stockwatch.com/News/Item/Z-C!MGAP-3812389/C/MCAP
MCAN,Manulife Canadian Equity Class - ETF Series,Manulife Investments,https://www.newswire.ca/news-releases/manulife-investment-management-continues-active-etf-expansion-with-four-new-etf-series-offering-a-range-of-equity-and-fixed-income-opportunities-850934777.html
MCAP,Manulife Conservative ETF Portfolio,Manulife Investments,https://www.stockwatch.com/News/Item/Z-C!MGAP-3812389/C/MCAP
MCLC,Manulife Multifactor Canadian Large Cap Index ETF,Manulife Investments,https://pr.chestercounty.com/article/Manulife-Investments-Announces-June-2026-Cash-Distributions-for-Manulife-Exchange-Traded-Funds-and-ETF-Series-of-Manulife-Funds/6a3a6f13564d536c69a531ce
MCOR,Manulife Core Plus Bond Fund - ETF Series,Manulife Investments,https://www.newswire.ca/news-releases/manulife-investment-management-continues-active-etf-expansion-with-four-new-etf-series-offering-a-range-of-equity-and-fixed-income-opportunities-850934777.html
MCSM,Manulife Multifactor Canadian SMID Cap Index ETF,Manulife Investments,https://pr.chestercounty.com/article/Manulife-Investments-Announces-June-2026-Cash-Distributions-for-Manulife-Exchange-Traded-Funds-and-ETF-Series-of-Manulife-Funds/6a3a6f13564d536c69a531ce
MDIF,Manulife Dividend Income Fund - ETF Series,Manulife Investments,https://crweworld.com/article/news-provided-by-pr-newswire/3891747/manulife-investments-announces-august-2026-cash-distributions-for-manulife-exchange-traded-funds-and-etf-series-of-manulife-funds
MEME.B,Manulife Multifactor Emerging Markets Index ETF - Unhedged,Manulife Investments,https://pr.chestercounty.com/article/Manulife-Investments-Announces-June-2026-Cash-Distributions-for-Manulife-Exchange-Traded-Funds-and-ETF-Series-of-Manulife-Funds/6a3a6f13564d536c69a531ce
MFUN,Manulife Fundamental Equity Fund - ETF Series,Manulife Investments,https://www.newswire.ca/news-releases/manulife-investment-management-continues-active-etf-expansion-with-four-new-etf-series-offering-a-range-of-equity-and-fixed-income-opportunities-850934777.html
MGAP,Manulife Growth ETF Portfolio,Manulife Investments,https://www.stockwatch.com/News/Item/Z-C!MGAP-3812389/C/MCAP
MINT,Manulife Multifactor Developed International Index ETF - Hedged,Manulife Investments,https://pr.chestercounty.com/article/Manulife-Investments-Announces-June-2026-Cash-Distributions-for-Manulife-Exchange-Traded-Funds-and-ETF-Series-of-Manulife-Funds/6a3a6f13564d536c69a531ce
MINT.B,Manulife Multifactor Developed International Index ETF - Unhedged,Manulife Investments,https://pr.chestercounty.com/article/Manulife-Investments-Announces-June-2026-Cash-Distributions-for-Manulife-Exchange-Traded-Funds-and-ETF-Series-of-Manulife-Funds/6a3a6f13564d536c69a531ce
MMAC,Manulife CQS Multi Asset Credit Fund - ETF Series,Manulife Investments,https://crweworld.com/article/news-provided-by-pr-newswire/3891747/manulife-investments-announces-august-2026-cash-distributions-for-manulife-exchange-traded-funds-and-etf-series-of-manulife-funds
MULC,Manulife Multifactor U.S. Large Cap Index ETF - Hedged,Manulife Investments,https://pr.chestercounty.com/article/Manulife-Investments-Announces-June-2026-Cash-Distributions-for-Manulife-Exchange-Traded-Funds-and-ETF-Series-of-Manulife-Funds/6a3a6f13564d536c69a531ce
MULC.B,Manulife Multifactor U.S. Large Cap Index ETF - Unhedged,Manulife Investments,https://pr.chestercounty.com/article/Manulife-Investments-Announces-June-2026-Cash-Distributions-for-Manulife-Exchange-Traded-Funds-and-ETF-Series-of-Manulife-Funds/6a3a6f13564d536c69a531ce
MUMC,Manulife Multifactor U.S. Mid Cap Index ETF - Hedged,Manulife Investments,https://pr.chestercounty.com/article/Manulife-Investments-Announces-June-2026-Cash-Distributions-for-Manulife-Exchange-Traded-Funds-and-ETF-Series-of-Manulife-Funds/6a3a6f13564d536c69a531ce
MUMC.B,Manulife Multifactor U.S. Mid Cap Index ETF - Unhedged,Manulife Investments,https://pr.chestercounty.com/article/Manulife-Investments-Announces-June-2026-Cash-Distributions-for-Manulife-Exchange-Traded-Funds-and-ETF-Series-of-Manulife-Funds/6a3a6f13564d536c69a531ce
MUSC,Manulife Multifactor U.S. Small Cap Index ETF - Hedged,Manulife Investments,https://pr.chestercounty.com/article/Manulife-Investments-Announces-June-2026-Cash-Distributions-for-Manulife-Exchange-Traded-Funds-and-ETF-Series-of-Manulife-Funds/6a3a6f13564d536c69a531ce
MUSC.B,Manulife Multifactor U.S. Small Cap Index ETF - Unhedged,Manulife Investments,https://pr.chestercounty.com/article/Manulife-Investments-Announces-June-2026-Cash-Distributions-for-Manulife-Exchange-Traded-Funds-and-ETF-Series-of-Manulife-Funds/6a3a6f13564d536c69a531ce
OPPS,Manulife Alternative Opportunities Fund - ETF Series,Manulife Investments,https://crweworld.com/article/news-provided-by-pr-newswire/3891747/manulife-investments-announces-august-2026-cash-distributions-for-manulife-exchange-traded-funds-and-etf-series-of-manulife-funds
PLUS,Manulife Strategic Income Plus Fund - ETF Series,Manulife Investments,https://crweworld.com/article/news-provided-by-pr-newswire/3891747/manulife-investments-announces-august-2026-cash-distributions-for-manulife-exchange-traded-funds-and-etf-series-of-manulife-funds
STRT,Manulife Strategic Income Fund - ETF Series,Manulife Investments,https://crweworld.com/article/news-provided-by-pr-newswire/3891747/manulife-investments-announces-august-2026-cash-distributions-for-manulife-exchange-traded-funds-and-etf-series-of-manulife-funds
TERM,Manulife Smart Short-Term Bond ETF,Manulife Investments,https://www.tradingview.com/news/prnewswire:123528fa87644:0-manulife-investments-announces-june-2026-cash-distributions-for-manulife-exchange-traded-funds-and-etf-series-of-manulife-funds/
UDEF,Manulife Smart U.S. Defensive Equity ETF - Hedged,Manulife Investments,https://www.tradingview.com/news/prnewswire:123528fa87644:0-manulife-investments-announces-june-2026-cash-distributions-for-manulife-exchange-traded-funds-and-etf-series-of-manulife-funds/
UDEF.B,Manulife Smart U.S. Defensive Equity ETF - Unhedged,Manulife Investments,https://www.tradingview.com/news/prnewswire:123528fa87644:0-manulife-investments-announces-june-2026-cash-distributions-for-manulife-exchange-traded-funds-and-etf-series-of-manulife-funds/
UDEF.U,Manulife Smart U.S. Defensive Equity ETF - US Dollar,Manulife Investments,https://www.tradingview.com/news/prnewswire:123528fa87644:0-manulife-investments-announces-june-2026-cash-distributions-for-manulife-exchange-traded-funds-and-etf-series-of-manulife-funds/
UDIV,Manulife Smart U.S. Dividend ETF - Hedged,Manulife Investments,https://www.tradingview.com/news/prnewswire:123528fa87644:0-manulife-investments-announces-june-2026-cash-distributions-for-manulife-exchange-traded-funds-and-etf-series-of-manulife-funds/
UDIV.B,Manulife Smart U.S. Dividend ETF - Unhedged,Manulife Investments,https://www.tradingview.com/news/prnewswire:123528fa87644:0-manulife-investments-announces-june-2026-cash-distributions-for-manulife-exchange-traded-funds-and-etf-series-of-manulife-funds/
UDIV.U,Manulife Smart U.S. Dividend ETF - US Dollar,Manulife Investments,https://www.tradingview.com/news/prnewswire:123528fa87644:0-manulife-investments-announces-june-2026-cash-distributions-for-manulife-exchange-traded-funds-and-etf-series-of-manulife-funds/
UYLD,Manulife Smart U.S. Enhanced Yield ETF - Hedged,Manulife Investments,https://www.tradingview.com/news/prnewswire:123528fa87644:0-manulife-investments-announces-june-2026-cash-distributions-for-manulife-exchange-traded-funds-and-etf-series-of-manulife-funds/
UYLD.B,Manulife Smart U.S. Enhanced Yield ETF - Unhedged,Manulife Investments,https://www.tradingview.com/news/prnewswire:123528fa87644:0-manulife-investments-announces-june-2026-cash-distributions-for-manulife-exchange-traded-funds-and-etf-series-of-manulife-funds/
UYLD.U,Manulife Smart U.S. Enhanced Yield ETF - US Dollar,Manulife Investments,https://www.tradingview.com/news/prnewswire:123528fa87644:0-manulife-investments-announces-june-2026-cash-distributions-for-manulife-exchange-traded-funds-and-etf-series-of-manulife-funds/
MAEC,Middlefield ActivEnergy Dividend Class - ETF Series,Middlefield,https://middlefield.com/fund-list/
MDIV,Middlefield Global Dividend Growers ETF,Middlefield,https://middlefield.com/fund-list/
MHCD,Middlefield Healthcare Dividend ETF,Middlefield,https://middlefield.com/fund-list/
MINF,Middlefield Global Infrastructure Dividend ETF,Middlefield,https://middlefield.com/fund-list/
MINN,Middlefield Innovation Dividend ETF,Middlefield,https://middlefield.com/fund-list/
MIPC,Middlefield Income Plus Class - ETF Series,Middlefield,https://middlefield.com/fund-list/
MREL,Middlefield Real Estate Dividend ETF,Middlefield,https://middlefield.com/fund-list/
MSBP,Middlefield Short Duration Bond Plus ETF,Middlefield,https://middlefield.com/fund-list/
MUSA,Middlefield U.S. Equity Dividend ETF,Middlefield,https://middlefield.com/fund-list/
NALT,NBI Liquid Alternatives ETF,National Bank Investments,https://www.newswire.ca/en/releases/archive/December2025/18/c8000.html
NBBX,NBI Canadian Bond Index Fund - ETF Series,National Bank Investments,https://pr.draperjournal.com/article/National-Bank-Investments-Launches-New-ETF-Series?storyId=6a031e25d6b3ec3c381adfd8
NBCG,NBI Canadian Equity Growth Fund - ETF Series,National Bank Investments,https://pr.draperjournal.com/article/National-Bank-Investments-Launches-New-ETF-Series?storyId=6a031e25d6b3ec3c381adfd8
NBCX,NBI Canadian Equity Index Fund - ETF Series,National Bank Investments,https://pr.draperjournal.com/article/National-Bank-Investments-Launches-New-ETF-Series?storyId=6a031e25d6b3ec3c381adfd8
NBEM,NBI Diversified Emerging Markets Equity Fund - ETF Series,National Bank Investments,https://pr.draperjournal.com/article/National-Bank-Investments-Launches-New-ETF-Series?storyId=6a031e25d6b3ec3c381adfd8
NBGE,NBI Global Equity Fund - ETF Series,National Bank Investments,https://newsfile.futunn.com/public/NN-PersistNoticeAttachment/7781/20250916/SEDAR_PLUS/CSA_SEDAR_PLUS_NOTICE_RECORD_ID_2211584.pdf
NBGE.F,NBI Global Equity Fund - ETFH Series,National Bank Investments,https://newsfile.futunn.com/public/NN-PersistNoticeAttachment/7781/20250916/SEDAR_PLUS/CSA_SEDAR_PLUS_NOTICE_RECORD_ID_2211584.pdf
NBIE,NBI International Equity Fund - ETF Series,National Bank Investments,https://newsfile.futunn.com/public/NN-PersistNoticeAttachment/7781/20250916/SEDAR_PLUS/CSA_SEDAR_PLUS_NOTICE_RECORD_ID_2211584.pdf
NBIE.F,NBI International Equity Fund - ETFH Series,National Bank Investments,https://newsfile.futunn.com/public/NN-PersistNoticeAttachment/7781/20250916/SEDAR_PLUS/CSA_SEDAR_PLUS_NOTICE_RECORD_ID_2211584.pdf
NBIV,NBI International Value Fund - ETF Series,National Bank Investments,https://pr.draperjournal.com/article/National-Bank-Investments-Launches-New-ETF-Series?storyId=6a031e25d6b3ec3c381adfd8
NBIX,NBI International Equity Index Fund - ETF Series,National Bank Investments,https://pr.draperjournal.com/article/National-Bank-Investments-Launches-New-ETF-Series?storyId=6a031e25d6b3ec3c381adfd8
NBLD,NBI Balanced ETF Portfolio,National Bank Investments,https://www.tradingview.com/news/prnewswire:f155e4a4968b4:0-national-bank-investments-launches-new-etf-portfolio-solutions-a-thematic-etf-and-a-mutual-fund/
NBQC,NBI Quebec Growth Fund - ETF Series,National Bank Investments,https://www.newswire.ca/en/releases/archive/December2025/18/c8000.html
NBSC,NBI Global Small Cap Fund - ETF Series,National Bank Investments,https://newsfile.futunn.com/public/NN-PersistNoticeAttachment/7781/20250916/SEDAR_PLUS/CSA_SEDAR_PLUS_NOTICE_RECORD_ID_2211584.pdf
NBSC.F,NBI Global Small Cap Fund - ETFH Series,National Bank Investments,https://newsfile.futunn.com/public/NN-PersistNoticeAttachment/7781/20250916/SEDAR_PLUS/CSA_SEDAR_PLUS_NOTICE_RECORD_ID_2211584.pdf
NBUE,NBI U.S. Equity Fund - ETF Series,National Bank Investments,https://newsfile.futunn.com/public/NN-PersistNoticeAttachment/7781/20250916/SEDAR_PLUS/CSA_SEDAR_PLUS_NOTICE_RECORD_ID_2211584.pdf
NBUE.F,NBI U.S. Equity Fund - ETFH Series,National Bank Investments,https://newsfile.futunn.com/public/NN-PersistNoticeAttachment/7781/20250916/SEDAR_PLUS/CSA_SEDAR_PLUS_NOTICE_RECORD_ID_2211584.pdf
NBUX,NBI U.S. Equity Index Fund - ETF Series,National Bank Investments,https://pr.draperjournal.com/article/National-Bank-Investments-Launches-New-ETF-Series?storyId=6a031e25d6b3ec3c381adfd8
NCNS,NBI Conservative ETF Portfolio,National Bank Investments,https://www.tradingview.com/news/prnewswire:f155e4a4968b4:0-national-bank-investments-launches-new-etf-portfolio-solutions-a-thematic-etf-and-a-mutual-fund/
NCPB,NBI Canadian Core Plus Bond Fund - ETF Series,National Bank Investments,https://newsfile.futunn.com/public/NN-PersistNoticeAttachment/7781/20250916/SEDAR_PLUS/CSA_SEDAR_PLUS_NOTICE_RECORD_ID_2211584.pdf
NDIV,NBI Canadian Dividend Income ETF,National Bank Investments,https://www.nbinvestments.ca/about-us/press-releases/nbi-launches-four-new-etfs.html
NEQT,NBI Equity ETF Portfolio,National Bank Investments,https://www.tradingview.com/news/prnewswire:f155e4a4968b4:0-national-bank-investments-launches-new-etf-portfolio-solutions-a-thematic-etf-and-a-mutual-fund/
NGPE,NBI Global Private Equity ETF,National Bank Investments,https://www.newswire.ca/en/releases/archive/December2025/18/c8000.html
NGRW,NBI Growth ETF Portfolio,National Bank Investments,https://www.tradingview.com/news/prnewswire:f155e4a4968b4:0-national-bank-investments-launches-new-etf-portfolio-solutions-a-thematic-etf-and-a-mutual-fund/
NHYB,NBI High Yield Bond ETF,National Bank Investments,https://www.newswire.ca/en/releases/archive/December2025/18/c8000.html
NINT,NBI Active International Equity ETF,National Bank Investments,https://www.nbinvestments.ca/about-us/press-releases/nbi-launches-four-new-etfs.html
NINV,NBI Innovators Fund - ETF Series,National Bank Investments,https://www.newswire.ca/en/releases/archive/December2025/18/c8000.html
NINV.F,NBI Innovators Fund - ETFH Series,National Bank Investments,https://www.newswire.ca/en/releases/archive/December2025/18/c8000.html
NMBL,Meritage Tactical ETF Balanced Portfolio - ETF Series,National Bank Investments,https://pr.draperjournal.com/article/National-Bank-Investments-Launches-New-ETF-Series?storyId=6a031e25d6b3ec3c381adfd8
NMEQ,Meritage Tactical ETF Equity Portfolio - ETF Series,National Bank Investments,https://pr.draperjournal.com/article/National-Bank-Investments-Launches-New-ETF-Series?storyId=6a031e25d6b3ec3c381adfd8
NMGR,Meritage Tactical ETF Growth Portfolio - ETF Series,National Bank Investments,https://pr.draperjournal.com/article/National-Bank-Investments-Launches-New-ETF-Series?storyId=6a031e25d6b3ec3c381adfd8
NMMO,Meritage Tactical ETF Moderate Portfolio - ETF Series,National Bank Investments,https://pr.draperjournal.com/article/National-Bank-Investments-Launches-New-ETF-Series?storyId=6a031e25d6b3ec3c381adfd8
NPRF,NBI Active Canadian Preferred Shares ETF,National Bank Investments,https://www.newswire.ca/en/releases/archive/December2025/18/c8000.html
NREA,NBI Global Real Assets Income Fund - ETF Series,National Bank Investments,https://www.newswire.ca/en/releases/archive/December2025/18/c8000.html
NSCB,NBI Sustainable Canadian Bond ETF,National Bank Investments,https://www.newswire.ca/en/releases/archive/December2025/18/c8000.html
NSCC,NBI Sustainable Canadian Corporate Bond ETF,National Bank Investments,https://www.nbinvestments.ca/about-us/press-releases/nbi-launches-four-new-etfs.html
NSCE,NBI Sustainable Canadian Equity ETF,National Bank Investments,https://www.newswire.ca/en/releases/archive/December2025/18/c8000.html
NSDG,NBI SmartData Global Equity Fund - ETF Series,National Bank Investments,https://pr.draperjournal.com/article/National-Bank-Investments-Launches-New-ETF-Series?storyId=6a031e25d6b3ec3c381adfd8
NSDI,NBI SmartData International Equity Fund - ETF Series,National Bank Investments,https://www.newswire.ca/en/releases/archive/December2025/18/c8000.html
NSDI.F,NBI SmartData International Equity Fund - ETFH Series,National Bank Investments,https://www.newswire.ca/en/releases/archive/December2025/18/c8000.html
NSDU,NBI SmartData U.S. Equity Fund - ETF Series,National Bank Investments,https://www.newswire.ca/en/releases/archive/December2025/18/c8000.html
NSDU.F,NBI SmartData U.S. Equity Fund - ETFH Series,National Bank Investments,https://www.newswire.ca/en/releases/archive/December2025/18/c8000.html
NSGE,NBI Sustainable Global Equity ETF,National Bank Investments,https://www.newswire.ca/en/releases/archive/December2025/18/c8000.html
NSSB,NBI Sustainable Canadian Short Term Bond ETF,National Bank Investments,https://www.newswire.ca/en/releases/archive/December2025/18/c8000.html
NTGA,NBI Target 2026 Investment Grade Bond Fund - ETF Series,National Bank Investments,https://www.nbinvestments.ca/about-us/press-releases/nbi-launches-new-active-etf-series.html
NTGB,NBI Target 2027 Investment Grade Bond Fund - ETF Series,National Bank Investments,https://www.nbinvestments.ca/about-us/press-releases/nbi-launches-new-active-etf-series.html
NTGC,NBI Target 2028 Investment Grade Bond Fund - ETF Series,National Bank Investments,https://www.nbinvestments.ca/about-us/press-releases/nbi-launches-new-active-etf-series.html
NTGD,NBI Target 2029 Investment Grade Bond Fund - ETF Series,National Bank Investments,https://newsfile.futunn.com/public/NN-PersistNoticeAttachment/7781/20250916/SEDAR_PLUS/CSA_SEDAR_PLUS_NOTICE_RECORD_ID_2211584.pdf
NTGE,NBI Target 2030 Investment Grade Bond Fund - ETF Series,National Bank Investments,https://newsfile.futunn.com/public/NN-PersistNoticeAttachment/7781/20250916/SEDAR_PLUS/CSA_SEDAR_PLUS_NOTICE_RECORD_ID_2211584.pdf
NTGF,NBI Target 2031 Investment Grade Bond Fund - ETF Series,National Bank Investments,https://newsfile.futunn.com/public/NN-PersistNoticeAttachment/7781/20250916/SEDAR_PLUS/CSA_SEDAR_PLUS_NOTICE_RECORD_ID_2211584.pdf
NTHM,NBI Thematic Rotation ETF,National Bank Investments,https://www.tradingview.com/news/prnewswire:f155e4a4968b4:0-national-bank-investments-launches-new-etf-portfolio-solutions-a-thematic-etf-and-a-mutual-fund/
NUBF,NBI Unconstrained Fixed Income ETF,National Bank Investments,https://www.newswire.ca/en/releases/archive/December2025/18/c8000.html
NUSA,NBI Active U.S. Equity ETF,National Bank Investments,https://www.nbinvestments.ca/about-us/press-releases/nbi-launches-four-new-etfs.html
NUSA.F,NBI Active U.S. Equity ETF - CAD Hedged,National Bank Investments,https://www.newswire.ca/en/releases/archive/December2025/18/c8000.html
ABHI,Ninepoint Barrick HighShares ETF,Ninepoint Partners,https://www.ninepoint.com/funds/
BCHI,Ninepoint BCE HighShares ETF,Ninepoint Partners,https://www.ninepoint.com/funds/
CCHI,Ninepoint Cameco HighShares ETF,Ninepoint Partners,https://www.ninepoint.com/funds/
CLHI,Ninepoint Celestica HighShares ETF,Ninepoint Partners,https://www.ninepoint.com/funds/
CQHI,Ninepoint Canadian Natural Resources HighShares ETF,Ninepoint Partners,https://www.ninepoint.com/funds/
CRHI,Ninepoint CNR HighShares ETF,Ninepoint Partners,https://www.ninepoint.com/funds/
CSHI,Ninepoint Constellation Software HighShares ETF,Ninepoint Partners,https://www.ninepoint.com/funds/
CSUC,Ninepoint Constellation Software CoreShares ETF,Ninepoint Partners,https://www.ninepoint.com/funds/
ECHI,Ninepoint Enhanced Canadian HighShares ETF,Ninepoint Partners,https://www.ninepoint.com/funds/
ENHI,Ninepoint Enbridge HighShares ETF,Ninepoint Partners,https://www.ninepoint.com/funds/
GBSL,"Ninepoint Global Select Fund (ETF Series, CAD)",Ninepoint Partners,https://www.ninepoint.com/funds/
GBSL.U,"Ninepoint Global Select Fund (ETF Series, USD)",Ninepoint Partners,https://www.ninepoint.com/funds/
GBUL,Ninepoint Gold Bullion Fund (ETF Series),Ninepoint Partners,https://www.ninepoint.com/funds/
GLDE,Ninepoint Gold & Precious Minerals Fund (ETF Series),Ninepoint Partners,https://www.ninepoint.com/funds/
GOHI,Ninepoint Alphabet HighShares ETF,Ninepoint Partners,https://www.ninepoint.com/funds/
INFR,Ninepoint Global Infrastructure Fund (ETF Series),Ninepoint Partners,https://www.ninepoint.com/funds/
INHI,Ninepoint Intel HighShares ETF,Ninepoint Partners,https://www.ninepoint.com/funds/
KGHI,Ninepoint Kinross Gold HighShares ETF,Ninepoint Partners,https://www.ninepoint.com/funds/
NACO,Ninepoint Alternative Credit Opportunities Fund (ETF Series),Ninepoint Partners,https://www.ninepoint.com/funds/
NBAL,Ninepoint Balanced+ Fund (ETF Series),Ninepoint Partners,https://www.ninepoint.com/funds/
NBND,Ninepoint Diversified Bond Fund (ETF Series),Ninepoint Partners,https://www.ninepoint.com/funds/
NMNG,Ninepoint Mining Evolution Fund (ETF Series),Ninepoint Partners,https://www.ninepoint.com/funds/
NNRG,"Ninepoint Energy Fund (ETF Series, CAD)",Ninepoint Partners,https://www.ninepoint.com/funds/
NNRG.U,"Ninepoint Energy Fund (ETF Series, USD)",Ninepoint Partners,https://www.ninepoint.com/funds/
NRGI,Ninepoint Energy Income Fund (ETF Series),Ninepoint Partners,https://www.ninepoint.com/funds/
NSAV,Ninepoint Cash Management Fund (ETF Series),Ninepoint Partners,https://www.ninepoint.com/funds/
NVHI,Ninepoint NVIDIA HighShares ETF,Ninepoint Partners,https://www.ninepoint.com/funds/
PLHI,Ninepoint Palantir HighShares ETF,Ninepoint Partners,https://www.ninepoint.com/funds/
RYHI,Ninepoint Royal Bank HighShares ETF,Ninepoint Partners,https://www.ninepoint.com/funds/
SBUL,Ninepoint Silver Bullion Fund (ETF Series),Ninepoint Partners,https://www.ninepoint.com/funds/
SHHI,Ninepoint Shopify HighShares ETF,Ninepoint Partners,https://www.ninepoint.com/funds/
SUHI,Ninepoint Suncor HighShares ETF,Ninepoint Partners,https://www.ninepoint.com/funds/
SXHI,Ninepoint SpaceX HighShares ETF,Ninepoint Partners,https://www.ninepoint.com/funds/
TDHI,Ninepoint TD HighShares ETF,Ninepoint Partners,https://www.ninepoint.com/funds/
TIF,Ninepoint Target Income Fund (ETF Series),Ninepoint Partners,https://www.ninepoint.com/funds/
TKN,Ninepoint Crypto and AI Leaders ETF (CAD),Ninepoint Partners,https://www.ninepoint.com/funds/
TKN.U,Ninepoint Crypto and AI Leaders ETF (USD),Ninepoint Partners,https://www.ninepoint.com/funds/
TSHI,Ninepoint Tesla HighShares ETF,Ninepoint Partners,https://www.ninepoint.com/funds/
USHI,Ninepoint Enhanced U.S. Equity HighShares ETF,Ninepoint Partners,https://www.ninepoint.com/funds/
CORE,PIMCO Canadian Core Bond Fund - ETF Series,PIMCO Canada,https://www.businesswire.com/news/home/20260915704782/en/PIMCO-Canada-Corp.-Announces-Quarterly-Distributions-for-PIMCO-Canada-Exchange-Traded-Series
IGCF,PIMCO Investment Grade Credit Fund (Canada) - ETF Series,PIMCO Canada,https://www.businesswire.com/news/home/20260915005226/en/PIMCO-Canada-Corp.-Announces-Monthly-Distributions-for-PIMCO-Canada-Exchange-Traded-Series
PBAL,PIMCO Managed Balanced Portfolio - ETF Series,PIMCO Canada,https://www.businesswire.com/news/home/20260915704782/en/PIMCO-Canada-Corp.-Announces-Quarterly-Distributions-for-PIMCO-Canada-Exchange-Traded-Series
PCON,PIMCO Managed Conservative Bond Pool - ETF Series,PIMCO Canada,https://www.businesswire.com/news/home/20260915704782/en/PIMCO-Canada-Corp.-Announces-Quarterly-Distributions-for-PIMCO-Canada-Exchange-Traded-Series
PCOR,PIMCO Managed Core Bond Pool - ETF Series,PIMCO Canada,https://www.businesswire.com/news/home/20260915704782/en/PIMCO-Canada-Corp.-Announces-Quarterly-Distributions-for-PIMCO-Canada-Exchange-Traded-Series
PLDI,PIMCO Low Duration Monthly Income Fund (Canada) - ETF Series,PIMCO Canada,https://www.businesswire.com/news/home/20260915005226/en/PIMCO-Canada-Corp.-Announces-Monthly-Distributions-for-PIMCO-Canada-Exchange-Traded-Series
PMIF,PIMCO Monthly Income Fund (Canada) - ETF Series,PIMCO Canada,https://www.businesswire.com/news/home/20260915005226/en/PIMCO-Canada-Corp.-Announces-Monthly-Distributions-for-PIMCO-Canada-Exchange-Traded-Series
PMIF.U,PIMCO Monthly Income Fund (Canada) US$ - ETF Series,PIMCO Canada,https://www.businesswire.com/news/home/20260915005226/en/PIMCO-Canada-Corp.-Announces-Monthly-Distributions-for-PIMCO-Canada-Exchange-Traded-Series
PMNT,PIMCO Global Short Maturity Fund (Canada) - ETF Series,PIMCO Canada,https://www.businesswire.com/news/home/20260915005226/en/PIMCO-Canada-Corp.-Announces-Monthly-Distributions-for-PIMCO-Canada-Exchange-Traded-Series
RBNK,RBC Canadian Bank Yield Index ETF,RBC Global Asset Management,https://topforeignstocks.com/etf-lists/the-complete-list-of-rbc-etfs-trading-on-the-toronto-stock-exchange/
RBO,RBC 1-5 Year Laddered Canadian Corporate Bond ETF,RBC Global Asset Management,https://topforeignstocks.com/etf-lists/the-complete-list-of-rbc-etfs-trading-on-the-toronto-stock-exchange/
RCD,RBC Quant Canadian Dividend Leaders ETF,RBC Global Asset Management,https://topforeignstocks.com/etf-lists/the-complete-list-of-rbc-etfs-trading-on-the-toronto-stock-exchange/
RCDC,RBC Canadian Dividend Covered Call ETF,RBC Global Asset Management,https://topforeignstocks.com/etf-lists/the-complete-list-of-rbc-etfs-trading-on-the-toronto-stock-exchange/
RDBH,RBC U.S. Discount Bond (CAD Hedged) ETF,RBC Global Asset Management,https://topforeignstocks.com/etf-lists/the-complete-list-of-rbc-etfs-trading-on-the-toronto-stock-exchange/
RGQN,RBC Target 2025 Canadian Government Bond ETF,RBC Global Asset Management,https://topforeignstocks.com/etf-lists/the-complete-list-of-rbc-etfs-trading-on-the-toronto-stock-exchange/
RGQO,RBC Target 2026 Canadian Government Bond ETF,RBC Global Asset Management,https://topforeignstocks.com/etf-lists/the-complete-list-of-rbc-etfs-trading-on-the-toronto-stock-exchange/
RGQP,RBC Target 2027 Canadian Government Bond ETF,RBC Global Asset Management,https://topforeignstocks.com/etf-lists/the-complete-list-of-rbc-etfs-trading-on-the-toronto-stock-exchange/
RGQQ,RBC Target 2028 Canadian Government Bond ETF,RBC Global Asset Management,https://topforeignstocks.com/etf-lists/the-complete-list-of-rbc-etfs-trading-on-the-toronto-stock-exchange/
RGQR,RBC Target 2029 Canadian Government Bond ETF,RBC Global Asset Management,https://topforeignstocks.com/etf-lists/the-complete-list-of-rbc-etfs-trading-on-the-toronto-stock-exchange/
RGQS,RBC Target 2030 Canadian Government Bond ETF,RBC Global Asset Management,https://topforeignstocks.com/etf-lists/the-complete-list-of-rbc-etfs-trading-on-the-toronto-stock-exchange/
RID,RBC Quant EAFE Dividend Leaders ETF,RBC Global Asset Management,https://topforeignstocks.com/etf-lists/the-complete-list-of-rbc-etfs-trading-on-the-toronto-stock-exchange/
RID-U,RBC Quant EAFE Dividend Leaders ETF,RBC Global Asset Management,https://topforeignstocks.com/etf-lists/the-complete-list-of-rbc-etfs-trading-on-the-toronto-stock-exchange/
RIDH,RBC Quant EAFE Dividend Leaders (CAD Hedged) ETF,RBC Global Asset Management,https://topforeignstocks.com/etf-lists/the-complete-list-of-rbc-etfs-trading-on-the-toronto-stock-exchange/
RLB,RBC 1-5 Year Laddered Canadian Bond ETF,RBC Global Asset Management,https://topforeignstocks.com/etf-lists/the-complete-list-of-rbc-etfs-trading-on-the-toronto-stock-exchange/
RPD,RBC Quant European Dividend Leaders ETF,RBC Global Asset Management,https://topforeignstocks.com/etf-lists/the-complete-list-of-rbc-etfs-trading-on-the-toronto-stock-exchange/
RPD-U,RBC Quant European Dividend Leaders ETF,RBC Global Asset Management,https://topforeignstocks.com/etf-lists/the-complete-list-of-rbc-etfs-trading-on-the-toronto-stock-exchange/
RPDH,RBC Quant European Dividend Leaders (CAD Hedged) ETF,RBC Global Asset Management,https://topforeignstocks.com/etf-lists/the-complete-list-of-rbc-etfs-trading-on-the-toronto-stock-exchange/
RPF,RBC Canadian Preferred Share ETF,RBC Global Asset Management,https://topforeignstocks.com/etf-lists/the-complete-list-of-rbc-etfs-trading-on-the-toronto-stock-exchange/
RPSB,RBC PH&N Short Term Canadian Bond ETF,RBC Global Asset Management,https://topforeignstocks.com/etf-lists/the-complete-list-of-rbc-etfs-trading-on-the-toronto-stock-exchange/
RQN,RBC Target 2025 Canadian Corporate Bond Index ETF,RBC Global Asset Management,https://topforeignstocks.com/etf-lists/the-complete-list-of-rbc-etfs-trading-on-the-toronto-stock-exchange/
RQO,RBC Target 2026 Canadian Corporate Bond Index ETF,RBC Global Asset Management,https://topforeignstocks.com/etf-lists/the-complete-list-of-rbc-etfs-trading-on-the-toronto-stock-exchange/
RQP,RBC Target 2027 Canadian Corporate Bond Index ETF,RBC Global Asset Management,https://topforeignstocks.com/etf-lists/the-complete-list-of-rbc-etfs-trading-on-the-toronto-stock-exchange/
RQQ,RBC Target 2028 Canadian Corporate Bond Index ETF,RBC Global Asset Management,https://topforeignstocks.com/etf-lists/the-complete-list-of-rbc-etfs-trading-on-the-toronto-stock-exchange/
RQR,RBC Target 2029 Canadian Corporate Bond Index ETF,RBC Global Asset Management,https://topforeignstocks.com/etf-lists/the-complete-list-of-rbc-etfs-trading-on-the-toronto-stock-exchange/
RQS,RBC Target 2030 Canadian Corporate Bond Index ETF,RBC Global Asset Management,https://topforeignstocks.com/etf-lists/the-complete-list-of-rbc-etfs-trading-on-the-toronto-stock-exchange/
RUBH,RBC U.S. Banks Yield (CAD Hedged) Index ETF,RBC Global Asset Management,https://topforeignstocks.com/etf-lists/the-complete-list-of-rbc-etfs-trading-on-the-toronto-stock-exchange/
RUBY,RBC U.S. Banks Yield Index ETF,RBC Global Asset Management,https://topforeignstocks.com/etf-lists/the-complete-list-of-rbc-etfs-trading-on-the-toronto-stock-exchange/
RUBY-U,RBC U.S. Banks Yield Index ETF,RBC Global Asset Management,https://topforeignstocks.com/etf-lists/the-complete-list-of-rbc-etfs-trading-on-the-toronto-stock-exchange/
RUD,RBC Quant U.S. Dividend Leaders ETF,RBC Global Asset Management,https://topforeignstocks.com/etf-lists/the-complete-list-of-rbc-etfs-trading-on-the-toronto-stock-exchange/
RUD-U,RBC Quant U.S. Dividend Leaders ETF,RBC Global Asset Management,https://topforeignstocks.com/etf-lists/the-complete-list-of-rbc-etfs-trading-on-the-toronto-stock-exchange/
RUDB,RBC U.S. Discount Bond ETF,RBC Global Asset Management,https://topforeignstocks.com/etf-lists/the-complete-list-of-rbc-etfs-trading-on-the-toronto-stock-exchange/
RUDB-U,RBC U.S. Discount Bond ETF,RBC Global Asset Management,https://topforeignstocks.com/etf-lists/the-complete-list-of-rbc-etfs-trading-on-the-toronto-stock-exchange/
RUDC,RBC U.S. Dividend Covered Call ETF,RBC Global Asset Management,https://topforeignstocks.com/etf-lists/the-complete-list-of-rbc-etfs-trading-on-the-toronto-stock-exchange/
RUDC-U,RBC U.S. Dividend Covered Call ETF,RBC Global Asset Management,https://topforeignstocks.com/etf-lists/the-complete-list-of-rbc-etfs-trading-on-the-toronto-stock-exchange/
RUDH,RBC Quant U.S. Dividend Leaders (CAD Hedged) ETF,RBC Global Asset Management,https://topforeignstocks.com/etf-lists/the-complete-list-of-rbc-etfs-trading-on-the-toronto-stock-exchange/
RUQN,RBC Target 2025 U.S. Corporate Bond ETF,RBC Global Asset Management,https://topforeignstocks.com/etf-lists/the-complete-list-of-rbc-etfs-trading-on-the-toronto-stock-exchange/
RUQN-U,RBC Target 2025 U.S. Corporate Bond ETF,RBC Global Asset Management,https://topforeignstocks.com/etf-lists/the-complete-list-of-rbc-etfs-trading-on-the-toronto-stock-exchange/
RUQO,RBC Target 2026 U.S. Corporate Bond ETF,RBC Global Asset Management,https://topforeignstocks.com/etf-lists/the-complete-list-of-rbc-etfs-trading-on-the-toronto-stock-exchange/
RUQO-U,RBC Target 2026 U.S. Corporate Bond ETF,RBC Global Asset Management,https://topforeignstocks.com/etf-lists/the-complete-list-of-rbc-etfs-trading-on-the-toronto-stock-exchange/
RUQP,RBC Target 2027 U.S. Corporate Bond ETF,RBC Global Asset Management,https://topforeignstocks.com/etf-lists/the-complete-list-of-rbc-etfs-trading-on-the-toronto-stock-exchange/
RUQP-U,RBC Target 2027 U.S. Corporate Bond ETF,RBC Global Asset Management,https://topforeignstocks.com/etf-lists/the-complete-list-of-rbc-etfs-trading-on-the-toronto-stock-exchange/
RUQQ,RBC Target 2028 U.S. Corporate Bond ETF,RBC Global Asset Management,https://topforeignstocks.com/etf-lists/the-complete-list-of-rbc-etfs-trading-on-the-toronto-stock-exchange/
RUQQ-U,RBC Target 2028 U.S. Corporate Bond ETF,RBC Global Asset Management,https://topforeignstocks.com/etf-lists/the-complete-list-of-rbc-etfs-trading-on-the-toronto-stock-exchange/
RUQR,RBC Target 2029 U.S. Corporate Bond ETF,RBC Global Asset Management,https://topforeignstocks.com/etf-lists/the-complete-list-of-rbc-etfs-trading-on-the-toronto-stock-exchange/
RUQR-U,RBC Target 2029 U.S. Corporate Bond ETF,RBC Global Asset Management,https://topforeignstocks.com/etf-lists/the-complete-list-of-rbc-etfs-trading-on-the-toronto-stock-exchange/
RUQS,RBC Target 2030 U.S. Corporate Bond ETF,RBC Global Asset Management,https://topforeignstocks.com/etf-lists/the-complete-list-of-rbc-etfs-trading-on-the-toronto-stock-exchange/
RUQS-U,RBC Target 2030 U.S. Corporate Bond ETF,RBC Global Asset Management,https://topforeignstocks.com/etf-lists/the-complete-list-of-rbc-etfs-trading-on-the-toronto-stock-exchange/
RUSB,RBC Short Term U.S. Corporate Bond ETF,RBC Global Asset Management,https://topforeignstocks.com/etf-lists/the-complete-list-of-rbc-etfs-trading-on-the-toronto-stock-exchange/
RUSB-U,RBC Short Term U.S. Corporate Bond ETF,RBC Global Asset Management,https://topforeignstocks.com/etf-lists/the-complete-list-of-rbc-etfs-trading-on-the-toronto-stock-exchange/
RXD,RBC Quant Emerging Markets Dividend Leaders ETF,RBC Global Asset Management,https://topforeignstocks.com/etf-lists/the-complete-list-of-rbc-etfs-trading-on-the-toronto-stock-exchange/
RXD-U,RBC Quant Emerging Markets Dividend Leaders ETF,RBC Global Asset Management,https://topforeignstocks.com/etf-lists/the-complete-list-of-rbc-etfs-trading-on-the-toronto-stock-exchange/
SITB,Scotia Canadian Bond Index Tracker ETF,Scotia Global Asset Management,https://www.scotiabank.com/ca/en/personal/investing/scotia-exchange-traded-funds-old/scotia-index-tracker-etfs.html
SITC,Scotia Canadian Large Cap Equity Index Tracker ETF,Scotia Global Asset Management,https://www.scotiabank.com/ca/en/personal/investing/scotia-exchange-traded-funds-old/scotia-index-tracker-etfs.html
SITE,Scotia Emerging Markets Equity Index Tracker ETF,Scotia Global Asset Management,https://www.scotiabank.com/ca/en/personal/investing/scotia-exchange-traded-funds-old/scotia-index-tracker-etfs.html
SITI,Scotia International Equity Index Tracker ETF,Scotia Global Asset Management,https://www.scotiabank.com/ca/en/personal/investing/scotia-exchange-traded-funds-old/scotia-index-tracker-etfs.html
SITU,Scotia U.S. Equity Index Tracker ETF,Scotia Global Asset Management,https://www.scotiabank.com/ca/en/personal/investing/scotia-exchange-traded-funds-old/scotia-index-tracker-etfs.html
SRIB,Scotia Responsible Investing Canadian Bond Index ETF,Scotia Global Asset Management,https://www.scotiabank.com/ca/en/personal/investing/scotia-exchange-traded-funds/scotia-responsible-investing-etfs.html
SRIC,Scotia Responsible Investing Canadian Equity Index ETF,Scotia Global Asset Management,https://www.scotiabank.com/ca/en/personal/investing/scotia-exchange-traded-funds/scotia-responsible-investing-etfs.html
SRII,Scotia Responsible Investing International Equity Index ETF,Scotia Global Asset Management,https://www.scotiabank.com/ca/en/personal/investing/scotia-exchange-traded-funds/scotia-responsible-investing-etfs.html
SRIU,Scotia Responsible Investing U.S. Equity Index ETF,Scotia Global Asset Management,https://www.scotiabank.com/ca/en/personal/investing/scotia-exchange-traded-funds/scotia-responsible-investing-etfs.html
SCDG,Starlight Dividend Growth Class - ETF series,Starlight Capital,http://starlightcapital.com/en/?preview=1&option=com_dropfiles&format=&task=frontfile.download&catid=262&id=1966&Itemid=1000000000000
SCDGC,Starlight Dividend Growth Class - PTF series,Starlight Capital,http://starlightcapital.com/en/?preview=1&option=com_dropfiles&format=&task=frontfile.download&catid=262&id=1966&Itemid=1000000000000
SCGG,Starlight Global Growth Fund - ETF series,Starlight Capital,http://starlightcapital.com/en/?preview=1&option=com_dropfiles&format=&task=frontfile.download&catid=262&id=1966&Itemid=1000000000000
SCGI,Starlight Global Infrastructure Fund - ETF series,Starlight Capital,http://starlightcapital.com/en/?preview=1&option=com_dropfiles&format=&task=frontfile.download&catid=262&id=1966&Itemid=1000000000000
SCGR,Starlight Global Real Estate Fund - ETF series,Starlight Capital,http://starlightcapital.com/en/?preview=1&option=com_dropfiles&format=&task=frontfile.download&catid=262&id=1966&Itemid=1000000000000
SCNA,Starlight North American Equity Fund - ETF series,Starlight Capital,http://starlightcapital.com/en/?preview=1&option=com_dropfiles&format=&task=frontfile.download&catid=262&id=1966&Itemid=1000000000000
SCNAE,Starlight North American Equity Fund - PTF series,Starlight Capital,http://starlightcapital.com/en/?preview=1&option=com_dropfiles&format=&task=frontfile.download&catid=262&id=1966&Itemid=1000000000000
TBAL,TD Balanced ETF Portfolio,TD Asset Management,https://topforeignstocks.com/etf-lists/the-complete-list-of-td-etfs-trading-on-the-toronto-stock-exchange/
TBCF,TD Target 2026 Investment Grade Bond ETF,TD Asset Management,https://topforeignstocks.com/etf-lists/the-complete-list-of-td-etfs-trading-on-the-toronto-stock-exchange/
TBCG,TD Target 2027 Investment Grade Bond ETF,TD Asset Management,https://topforeignstocks.com/etf-lists/the-complete-list-of-td-etfs-trading-on-the-toronto-stock-exchange/
TBCH,TD Target 2028 Investment Grade Bond ETF,TD Asset Management,https://topforeignstocks.com/etf-lists/the-complete-list-of-td-etfs-trading-on-the-toronto-stock-exchange/
TBCI,TD Target 2029 Investment Grade Bond ETF,TD Asset Management,https://topforeignstocks.com/etf-lists/the-complete-list-of-td-etfs-trading-on-the-toronto-stock-exchange/
TBCJ,TD Target 2030 Investment Grade Bond ETF,TD Asset Management,https://topforeignstocks.com/etf-lists/the-complete-list-of-td-etfs-trading-on-the-toronto-stock-exchange/
TBNK,TD Canadian Bank Dividend Index ETF,TD Asset Management,https://topforeignstocks.com/etf-lists/the-complete-list-of-td-etfs-trading-on-the-toronto-stock-exchange/
TBUF-U,TD Target 2026 U.S. Investment Grade Bond ETF,TD Asset Management,https://topforeignstocks.com/etf-lists/the-complete-list-of-td-etfs-trading-on-the-toronto-stock-exchange/
TBUG-U,TD Target 2027 U.S. Investment Grade Bond ETF,TD Asset Management,https://topforeignstocks.com/etf-lists/the-complete-list-of-td-etfs-trading-on-the-toronto-stock-exchange/
TCLB,TD Canadian Long Term Federal Bond ETF,TD Asset Management,https://topforeignstocks.com/etf-lists/the-complete-list-of-td-etfs-trading-on-the-toronto-stock-exchange/
TCLV,TD Q Canadian Low Volatility ETF,TD Asset Management,https://topforeignstocks.com/etf-lists/the-complete-list-of-td-etfs-trading-on-the-toronto-stock-exchange/
TCON,TD Conservative ETF Portfolio,TD Asset Management,https://topforeignstocks.com/etf-lists/the-complete-list-of-td-etfs-trading-on-the-toronto-stock-exchange/
TCSB,TD Select Short Term Corporate Bond Ladder ETF,TD Asset Management,https://topforeignstocks.com/etf-lists/the-complete-list-of-td-etfs-trading-on-the-toronto-stock-exchange/
TCSH,TD Cash Management ETF,TD Asset Management,https://topforeignstocks.com/etf-lists/the-complete-list-of-td-etfs-trading-on-the-toronto-stock-exchange/
TDB,TD Canadian Aggregate Bond Index ETF,TD Asset Management,https://topforeignstocks.com/etf-lists/the-complete-list-of-td-etfs-trading-on-the-toronto-stock-exchange/
TDNA,TD North American Dividend Fund,TD Asset Management,https://topforeignstocks.com/etf-lists/the-complete-list-of-td-etfs-trading-on-the-toronto-stock-exchange/
TDOC,TD Global Healthcare Leaders Index ETF,TD Asset Management,https://topforeignstocks.com/etf-lists/the-complete-list-of-td-etfs-trading-on-the-toronto-stock-exchange/
TDOC-U,TD Global Healthcare Leaders Index ETF,TD Asset Management,https://topforeignstocks.com/etf-lists/the-complete-list-of-td-etfs-trading-on-the-toronto-stock-exchange/
TEC,TD Global Technology Leaders Index ETF,TD Asset Management,https://topforeignstocks.com/etf-lists/the-complete-list-of-td-etfs-trading-on-the-toronto-stock-exchange/
TEC-U,TD Global Technology Leaders Index ETF,TD Asset Management,https://topforeignstocks.com/etf-lists/the-complete-list-of-td-etfs-trading-on-the-toronto-stock-exchange/
TECI,TD Global Technology Innovators Index ETF,TD Asset Management,https://topforeignstocks.com/etf-lists/the-complete-list-of-td-etfs-trading-on-the-toronto-stock-exchange/
TECX,TD Global Technology Leaders CAD Hedged Index ETF,TD Asset Management,https://topforeignstocks.com/etf-lists/the-complete-list-of-td-etfs-trading-on-the-toronto-stock-exchange/
TEQT,TD All-Equity ETF Portfolio,TD Asset Management,https://topforeignstocks.com/etf-lists/the-complete-list-of-td-etfs-trading-on-the-toronto-stock-exchange/
TGED,TD Active Global Enhanced Dividend ETF,TD Asset Management,https://topforeignstocks.com/etf-lists/the-complete-list-of-td-etfs-trading-on-the-toronto-stock-exchange/
TGED-U,TD Active Global Enhanced Dividend ETF,TD Asset Management,https://topforeignstocks.com/etf-lists/the-complete-list-of-td-etfs-trading-on-the-toronto-stock-exchange/
TGFI,TD Active Global Income ETF,TD Asset Management,https://topforeignstocks.com/etf-lists/the-complete-list-of-td-etfs-trading-on-the-toronto-stock-exchange/
TGGR,TD Active Global Equity Growth ETF,TD Asset Management,https://topforeignstocks.com/etf-lists/the-complete-list-of-td-etfs-trading-on-the-toronto-stock-exchange/
TGRE,TD Active Global Real Estate Equity ETF,TD Asset Management,https://topforeignstocks.com/etf-lists/the-complete-list-of-td-etfs-trading-on-the-toronto-stock-exchange/
TGRO,TD Growth ETF Portfolio,TD Asset Management,https://topforeignstocks.com/etf-lists/the-complete-list-of-td-etfs-trading-on-the-toronto-stock-exchange/
THE,TD International Equity CAD Hedged Index ETF,TD Asset Management,https://topforeignstocks.com/etf-lists/the-complete-list-of-td-etfs-trading-on-the-toronto-stock-exchange/
THU,TD U.S. Equity CAD Hedged Index ETF,TD Asset Management,https://topforeignstocks.com/etf-lists/the-complete-list-of-td-etfs-trading-on-the-toronto-stock-exchange/
TILV,TD Q International Low Volatility ETF,TD Asset Management,https://topforeignstocks.com/etf-lists/the-complete-list-of-td-etfs-trading-on-the-toronto-stock-exchange/
TINF,TD Active Global Infrastructure Equity ETF,TD Asset Management,https://topforeignstocks.com/etf-lists/the-complete-list-of-td-etfs-trading-on-the-toronto-stock-exchange/
TPE,TD International Equity Index ETF,TD Asset Management,https://topforeignstocks.com/etf-lists/the-complete-list-of-td-etfs-trading-on-the-toronto-stock-exchange/
TPRF,TD Active Preferred Share ETF,TD Asset Management,https://topforeignstocks.com/etf-lists/the-complete-list-of-td-etfs-trading-on-the-toronto-stock-exchange/
TPU,TD U.S. Equity Index ETF,TD Asset Management,https://topforeignstocks.com/etf-lists/the-complete-list-of-td-etfs-trading-on-the-toronto-stock-exchange/
TPU.U,TD U.S. Equity Index ETF,TD Asset Management,https://topforeignstocks.com/etf-lists/the-complete-list-of-td-etfs-trading-on-the-toronto-stock-exchange/
TQCD,TD Q Canadian Dividend ETF,TD Asset Management,https://topforeignstocks.com/etf-lists/the-complete-list-of-td-etfs-trading-on-the-toronto-stock-exchange/
TQGD,TD Q Global Dividend ETF,TD Asset Management,https://topforeignstocks.com/etf-lists/the-complete-list-of-td-etfs-trading-on-the-toronto-stock-exchange/
TQGM,TD Q Global Multifactor ETF,TD Asset Management,https://topforeignstocks.com/etf-lists/the-complete-list-of-td-etfs-trading-on-the-toronto-stock-exchange/
TQSM,TD Q U.S. Small-Mid-Cap Equity ETF,TD Asset Management,https://topforeignstocks.com/etf-lists/the-complete-list-of-td-etfs-trading-on-the-toronto-stock-exchange/
TQSM-U,TD Q U.S. Small-Mid-Cap Equity ETF,TD Asset Management,https://topforeignstocks.com/etf-lists/the-complete-list-of-td-etfs-trading-on-the-toronto-stock-exchange/
TTP,TD Canadian Equity Index ETF,TD Asset Management,https://topforeignstocks.com/etf-lists/the-complete-list-of-td-etfs-trading-on-the-toronto-stock-exchange/
TUED,TD Active U.S. Enhanced Dividend ETF,TD Asset Management,https://topforeignstocks.com/etf-lists/the-complete-list-of-td-etfs-trading-on-the-toronto-stock-exchange/
TUED-U,TD Active U.S. Enhanced Dividend ETF,TD Asset Management,https://topforeignstocks.com/etf-lists/the-complete-list-of-td-etfs-trading-on-the-toronto-stock-exchange/
TUEX,TD Active U.S. Enhanced Dividend CAD Hedged ETF,TD Asset Management,https://topforeignstocks.com/etf-lists/the-complete-list-of-td-etfs-trading-on-the-toronto-stock-exchange/
TUHY,TD Active U.S. High Yield Bond ETF,TD Asset Management,https://topforeignstocks.com/etf-lists/the-complete-list-of-td-etfs-trading-on-the-toronto-stock-exchange/
TULB,TD U.S. Long Term Treasury Bond ETF,TD Asset Management,https://topforeignstocks.com/etf-lists/the-complete-list-of-td-etfs-trading-on-the-toronto-stock-exchange/
TULV,TD Q U.S. Low Volatility ETF,TD Asset Management,https://topforeignstocks.com/etf-lists/the-complete-list-of-td-etfs-trading-on-the-toronto-stock-exchange/
TUSB,TD Select U.S. Short Term Corporate Bond Ladder ETF,TD Asset Management,https://topforeignstocks.com/etf-lists/the-complete-list-of-td-etfs-trading-on-the-toronto-stock-exchange/
TUSB-U,TD Select U.S. Short Term Corporate Bond Ladder ETF,TD Asset Management,https://topforeignstocks.com/etf-lists/the-complete-list-of-td-etfs-trading-on-the-toronto-stock-exchange/
TUSD-U,TD U.S. Cash Management ETF,TD Asset Management,https://topforeignstocks.com/etf-lists/the-complete-list-of-td-etfs-trading-on-the-toronto-stock-exchange/
CBAL,CI Balanced Asset Allocation ETF,CI Global Asset Management,https://www.ci.com
CBGR,CI Balanced Growth Asset Allocation ETF,CI Global Asset Management,https://www.ci.com
CBIN,CI Balanced Income Asset Allocation ETF,CI Global Asset Management,https://www.ci.com
CCNV,CI Conservative Asset Allocation ETF,CI Global Asset Management,https://www.ci.com
CBAP,CI Balanced+ Asset Allocation ETF Fund,CI Global Asset Management,https://www.ci.com
CGRO,CI Growth Asset Allocation ETF,CI Global Asset Management,https://www.ci.com
CEQT,CI Equity Asset Allocation ETF,CI Global Asset Management,https://www.ci.com
DGRC,CI Canada Quality Dividend Growth Index ETF,CI Global Asset Management,https://www.ci.com
DGR,CI U.S. Quality Dividend Growth Index ETF,CI Global Asset Management,https://www.ci.com
