Fund Holdings as of,"Sep 17, 2026"
 
Ticker,Name,Sector,Asset Class,Market Value,Weight (%),Notional Value,Shares,Price,Location,Exchange,Currency,FX Rate,Market Currency
"2330","TAIWAN SEMICONDUCTOR MANUFACTURING","Information Technology","Equity","638,717,930.06","13.26","638,717,930.06","6,004,000.00","106.38","Taiwan","Taiwan Stock Exchange","CAD","22.80","TWD"
"005930","SAMSUNG ELECTRONICS LTD","Information Technology","Equity","291,341,900.24","6.05","291,341,900.24","1,139,805.00","255.61","Korea (South)","Korea Exchange (Stock Market)","CAD","987.85","KRW"
"000660","SK HYNIX","Information Technology","Equity","237,781,088.70","4.94","237,781,088.70","134,608.00","1,766.47","Korea (South)","Korea Exchange (Stock Market)","CAD","987.85","KRW"
"700","TENCENT HOLDINGS","Communication","Equity","113,588,460.22","2.36","113,588,460.22","1,495,700.00","75.94","China","Hong Kong Exchanges And Clearing Ltd","CAD","5.61","HKD"
"IEMG","ISHARES CORE MSCI EMERGING MARKETS","Financials","Equity","87,189,336.02","1.81","87,189,336.02","764,886.00","113.99","United States","NYSE Arca","CAD","0.71","USD"
"9988","ALIBABA GROUP HOLDING","Consumer Discretionary","Equity","76,616,302.26","1.59","76,616,302.26","4,089,200.00","18.74","China","Hong Kong Exchanges And Clearing Ltd","CAD","5.61","HKD"
"2454","MEDIATEK","Information Technology","Equity","69,431,275.96","1.44","69,431,275.96","351,711.00","197.41","Taiwan","Taiwan Stock Exchange","CAD","22.80","TWD"
"005935","SAMSUNG ELECTRONICS NON VOTING PRE","Information Technology","Equity","38,262,952.02","0.79","38,262,952.02","195,540.00","195.68","Korea (South)","Korea Exchange (Stock Market)","CAD","987.85","KRW"
"939","CHINA CONSTRUCTION BANK CORP H","Financials","Equity","35,369,850.55","0.73","35,369,850.55","20,507,000.00","1.72","China","Hong Kong Exchanges And Clearing Ltd","CAD","5.61","HKD"
"2308","DELTA ELECTRONICS","Information Technology","Equity","35,111,565.71","0.73","35,111,565.71","475,000.00","73.92","Taiwan","Taiwan Stock Exchange","CAD","22.80","TWD"
"2317","HON HAI PRECISION INDUSTRY","Information Technology","Equity","32,868,571.12","0.68","32,868,571.12","2,991,000.00","10.99","Taiwan","Taiwan Stock Exchange","CAD","22.80","TWD"
"HDFCBANK","HDFC BANK","Financials","Equity","28,512,950.80","0.59","28,512,950.80","2,743,039.00","10.39","India","National Stock Exchange Of India","CAD","68.59","INR"
"RELIANCE","RELIANCE INDUSTRIES LTD","Energy","Equity","25,187,183.13","0.52","25,187,183.13","1,388,908.00","18.13","India","National Stock Exchange Of India","CAD","68.59","INR"
"ICICIBANK","ICICI BANK","Financials","Equity","24,176,825.25","0.50","24,176,825.25","1,230,602.00","19.65","India","National Stock Exchange Of India","CAD","68.59","INR"
"402340","SK SQUARE","Industrials","Equity","22,970,282.08","0.48","22,970,282.08","22,511.00","1,020.40","Korea (South)","Korea Exchange (Stock Market)","CAD","987.85","KRW"
"3711","ASE TECHNOLOGY HOLDING","Information Technology","Equity","21,952,433.04","0.46","21,952,433.04","815,000.00","26.94","Taiwan","Taiwan Stock Exchange","CAD","22.80","TWD"
"1398","INDUSTRIAL AND COMMERCIAL BANK OF","Financials","Equity","21,267,216.95","0.44","21,267,216.95","15,864,000.00","1.34","China","Hong Kong Exchanges And Clearing Ltd","CAD","5.61","HKD"
"1810","XIAOMI","Information Technology","Equity","19,390,250.45","0.40","19,390,250.45","4,161,000.00","4.66","China","Hong Kong Exchanges And Clearing Ltd","CAD","5.61","HKD"
"009150","SAMSUNG ELECTRO MECHANICS LTD","Information Technology","Equity","18,380,568.04","0.38","18,380,568.04","13,652.00","1,346.36","Korea (South)","Korea Exchange (Stock Market)","CAD","987.85","KRW"
"BHARTIARTL","BHARTI AIRTEL LTD","Communication","Equity","18,317,433.36","0.38","18,317,433.36","684,339.00","26.77","India","National Stock Exchange Of India","CAD","68.59","INR"
"VALE3","CIA VALE DO RIO DOCE SH","Materials","Equity","18,036,444.62","0.37","18,036,444.62","892,542.00","20.21","Brazil","XBSP","CAD","3.69","BRL"
"2303","UNITED MICRO ELECTRONICS CORP","Information Technology","Equity","17,852,555.92","0.37","17,852,555.92","2,759,000.00","6.47","Taiwan","Taiwan Stock Exchange","CAD","22.80","TWD"
"1120","AL RAJHI BANK","Financials","Equity","17,606,697.67","0.37","17,606,697.67","716,487.00","24.57","Saudi Arabia","Saudi Stock Exchange","CAD","2.69","SAR"
"ANG","ANGLOGOLD ASHANTI PLC","Materials","Equity","17,577,469.09","0.36","17,577,469.09","123,072.00","142.82","South Africa","Johannesburg Stock Exchange","CAD","11.63","ZAR"
"3988","BANK OF CHINA LTD H","Financials","Equity","17,409,025.87","0.36","17,409,025.87","16,303,000.00","1.07","China","Hong Kong Exchanges And Clearing Ltd","CAD","5.61","HKD"
"NU","NU HOLDINGS CLASS A","Financials","Equity","17,117,461.61","0.36","17,117,461.61","884,289.00","19.36","Brazil","New York Stock Exchange Inc.","CAD","0.71","USD"
"3690","MEITUAN","Consumer Discretionary","Equity","15,949,915.34","0.33","15,949,915.34","1,227,300.00","13.00","China","Hong Kong Exchanges And Clearing Ltd","CAD","5.61","HKD"
"ITUB4","ITAU UNIBANCO HOLDING PREF SA","Financials","Equity","15,223,035.53","0.32","15,223,035.53","1,318,220.00","11.55","Brazil","XBSP","CAD","3.69","BRL"
"PETR4","PETROLEO BRASILEIRO PREF SA","Energy","Equity","14,874,979.54","0.31","14,874,979.54","1,128,296.00","13.18","Brazil","XBSP","CAD","3.69","BRL"
"2318","PING AN INSURANCE (GROUP) CO OF CH","Financials","Equity","14,777,794.89","0.31","14,777,794.89","1,568,500.00","9.42","China","Hong Kong Exchanges And Clearing Ltd","CAD","5.61","HKD"
"105560","KB FINANCIAL GROUP","Financials","Equity","14,761,279.52","0.31","14,761,279.52","81,372.00","181.40","Korea (South)","Korea Exchange (Stock Market)","CAD","987.85","KRW"
"2383","ELITE MATERIAL","Information Technology","Equity","14,417,511.88","0.30","14,417,511.88","70,000.00","205.96","Taiwan","Taiwan Stock Exchange","CAD","22.80","TWD"
"9999","NETEASE","Communication","Equity","14,159,406.59","0.29","14,159,406.59","429,100.00","33.00","China","Hong Kong Exchanges And Clearing Ltd","CAD","5.61","HKD"
"2222","SAUDI ARABIAN OIL","Energy","Equity","14,031,455.13","0.29","14,031,455.13","1,474,403.00","9.52","Saudi Arabia","Saudi Stock Exchange","CAD","2.69","SAR"
"PDD","PDD HOLDINGS ADS","Consumer Discretionary","Equity","13,652,145.37","0.28","13,652,145.37","125,575.00","108.72","China","NASDAQ","CAD","0.71","USD"
"2881","FUBON FINANCIAL HOLDING","Financials","Equity","13,609,275.57","0.28","13,609,275.57","2,047,697.00","6.65","Taiwan","Taiwan Stock Exchange","CAD","22.80","TWD"
"3037","UNIMICRON TECHNOLOGY","Information Technology","Equity","13,578,316.62","0.28","13,578,316.62","329,277.00","41.24","Taiwan","Taiwan Stock Exchange","CAD","22.80","TWD"
"PETR3","PETROLEO BRASILEIRO SA PETROBRAS","Energy","Equity","13,283,882.77","0.28","13,283,882.77","907,034.00","14.65","Brazil","XBSP","CAD","3.69","BRL"
"GFI","GOLD FIELDS","Materials","Equity","13,255,578.85","0.28","13,255,578.85","218,120.00","60.77","South Africa","Johannesburg Stock Exchange","CAD","11.63","ZAR"
"1211","BYD H","Consumer Discretionary","Equity","12,986,731.72","0.27","12,986,731.72","897,700.00","14.47","China","Hong Kong Exchanges And Clearing Ltd","CAD","5.61","HKD"
"2891","CTBC FINANCIAL HOLDING","Financials","Equity","12,734,367.72","0.26","12,734,367.72","4,077,000.00","3.12","Taiwan","Taiwan Stock Exchange","CAD","22.80","TWD"
"GMEXICOB","GRUPO MEXICO B","Materials","Equity","12,472,006.09","0.26","12,472,006.09","706,256.00","17.66","Mexico","Bolsa Mexicana De Valores","CAD","12.29","MXN"
"1303","NAN YA PLASTICS CORP","Materials","Equity","11,957,783.02","0.25","11,957,783.02","1,155,000.00","10.35","Taiwan","Taiwan Stock Exchange","CAD","22.80","TWD"
"005380","HYUNDAI MOTOR","Consumer Discretionary","Equity","11,918,772.65","0.25","11,918,772.65","32,435.00","367.47","Korea (South)","Korea Exchange (Stock Market)","CAD","987.85","KRW"
"055550","SHINHAN FINANCIAL GROUP","Financials","Equity","11,617,361.12","0.24","11,617,361.12","101,290.00","114.69","Korea (South)","Korea Exchange (Stock Market)","CAD","987.85","KRW"
"INFY","INFOSYS","Information Technology","Equity","11,445,679.70","0.24","11,445,679.70","741,633.00","15.43","India","National Stock Exchange Of India","CAD","68.59","INR"
"2882","CATHAY FINANCIAL HOLDING","Financials","Equity","11,433,286.52","0.24","11,433,286.52","2,327,000.00","4.91","Taiwan","Taiwan Stock Exchange","CAD","22.80","TWD"
"NPN","NASPERS LIMITED CLASS N","Consumer Discretionary","Equity","11,346,933.11","0.24","11,346,933.11","184,142.00","61.62","South Africa","Johannesburg Stock Exchange","CAD","11.63","ZAR"
"3017","ASIA VITAL COMPONENTS","Information Technology","Equity","11,177,794.09","0.23","11,177,794.09","80,000.00","139.72","Taiwan","Taiwan Stock Exchange","CAD","22.80","TWD"
"992","LENOVO GROUP","Information Technology","Equity","11,122,983.11","0.23","11,122,983.11","1,818,000.00","6.12","China","Hong Kong Exchanges And Clearing Ltd","CAD","5.61","HKD"
"OTP","OTP BANK","Financials","Equity","10,981,448.82","0.23","10,981,448.82","52,908.00","207.56","Hungary","Budapest Stock Exchange","CAD","225.87","HUF"
"1180","THE SAUDI NATIONAL BANK","Financials","Equity","10,713,797.54","0.22","10,713,797.54","716,513.00","14.95","Saudi Arabia","Saudi Stock Exchange","CAD","2.69","SAR"
"2382","QUANTA COMPUTER","Information Technology","Equity","10,699,447.67","0.22","10,699,447.67","709,000.00","15.09","Taiwan","Taiwan Stock Exchange","CAD","22.80","TWD"
"2887","TS FINANCIAL HOLDING","Financials","Equity","10,645,648.79","0.22","10,645,648.79","5,508,959.00","1.93","Taiwan","Taiwan Stock Exchange","CAD","22.80","TWD"
"9618","JD.COM CLASS A","Consumer Discretionary","Equity","10,446,755.76","0.22","10,446,755.76","558,100.00","18.72","China","Hong Kong Exchanges And Clearing Ltd","CAD","5.61","HKD"
"FSR","FIRSTRAND LTD","Financials","Equity","9,852,608.11","0.20","9,852,608.11","1,215,081.00","8.11","South Africa","Johannesburg Stock Exchange","CAD","11.63","ZAR"
"2345","ACCTON TECHNOLOGY","Information Technology","Equity","9,791,537.05","0.20","9,791,537.05","124,000.00","78.96","Taiwan","Taiwan Stock Exchange","CAD","22.80","TWD"
"KFH","KUWAIT FINANCE HOUSE","Financials","Equity","9,684,329.83","0.20","9,684,329.83","2,773,219.00","3.49","Kuwait","Kuwait Stock Exchange","CAD","0.22","KWD"
"M&M","MAHINDRA AND MAHINDRA LTD","Consumer Discretionary","Equity","9,523,601.26","0.20","9,523,601.26","212,336.00","44.85","India","National Stock Exchange Of India","CAD","68.59","INR"
"034020","DOOSAN ENERBILITY LTD","Industrials","Equity","9,481,402.04","0.20","9,481,402.04","109,674.00","86.45","Korea (South)","Korea Exchange (Stock Market)","CAD","987.85","KRW"
"PKO","POWSZECHNA KASA OSZCZEDNOSCI BANK","Financials","Equity","9,467,929.68","0.20","9,467,929.68","213,913.00","44.26","Poland","Warsaw Stock Exchange/Equities/Main Market","CAD","2.71","PLN"
"GFNORTEO","GPO FINANCE BANORTE","Financials","Equity","9,327,470.99","0.19","9,327,470.99","584,608.00","15.96","Mexico","Bolsa Mexicana De Valores","CAD","12.29","MXN"
"2628","CHINA LIFE INSURANCE LTD H","Financials","Equity","9,292,327.79","0.19","9,292,327.79","1,820,000.00","5.11","China","Hong Kong Exchanges And Clearing Ltd","CAD","5.61","HKD"
"LT","LARSEN AND TOUBRO LTD","Industrials","Equity","9,205,592.04","0.19","9,205,592.04","164,600.00","55.93","India","National Stock Exchange Of India","CAD","68.59","INR"
"AXISBANK","AXIS BANK","Financials","Equity","9,171,811.88","0.19","9,171,811.88","507,356.00","18.08","India","National Stock Exchange Of India","CAD","68.59","INR"
"086790","HANA FINANCIAL GROUP","Financials","Equity","9,091,035.19","0.19","9,091,035.19","65,313.00","139.19","Korea (South)","Korea Exchange (Stock Market)","CAD","987.85","KRW"
"BAJFINANCE","BAJAJ FINANCE LTD","Financials","Equity","8,997,038.10","0.19","8,997,038.10","608,013.00","14.80","India","National Stock Exchange Of India","CAD","68.59","INR"
"012450","HANWHA AEROSPACE LTD","Industrials","Equity","8,958,384.38","0.19","8,958,384.38","8,067.00","1,110.50","Korea (South)","Korea Exchange (Stock Market)","CAD","987.85","KRW"
"2899","ZIJIN MINING GROUP LTD H","Materials","Equity","8,837,067.05","0.18","8,837,067.05","1,464,000.00","6.04","China","Hong Kong Exchanges And Clearing Ltd","CAD","5.61","HKD"
"2327","YAGEO","Information Technology","Equity","8,827,993.30","0.18","8,827,993.30","380,408.00","23.21","Taiwan","Taiwan Stock Exchange","CAD","22.80","TWD"
"857","PETROCHINA H","Energy","Equity","8,790,616.82","0.18","8,790,616.82","5,158,000.00","1.70","China","Hong Kong Exchanges And Clearing Ltd","CAD","5.61","HKD"
"BAP","CREDICORP LTD","Financials","Equity","8,762,647.60","0.18","8,762,647.60","16,317.00","537.02","Peru","New York Stock Exchange Inc.","CAD","0.71","USD"
"SBK","STANDARD BANK GROUP","Financials","Equity","8,626,994.08","0.18","8,626,994.08","322,096.00","26.78","South Africa","Johannesburg Stock Exchange","CAD","11.63","ZAR"
"3968","CHINA MERCHANTS BANK H","Financials","Equity","8,486,829.18","0.18","8,486,829.18","928,000.00","9.15","China","Hong Kong Exchanges And Clearing Ltd","CAD","5.61","HKD"
"FAB","FIRST ABU DHABI BANK","Financials","Equity","8,262,626.65","0.17","8,262,626.65","1,082,716.00","7.63","United Arab Emirates","Abu Dhabi Securities Exchange","CAD","2.63","AED"
"CPI","CAPITEC SHS","Financials","Equity","8,222,155.88","0.17","8,222,155.88","21,308.00","385.87","South Africa","Johannesburg Stock Exchange","CAD","11.63","ZAR"
"KOTAKBANK","KOTAK MAHINDRA BANK LTD","Financials","Equity","8,142,145.34","0.17","8,142,145.34","1,340,921.00","6.07","India","National Stock Exchange Of India","CAD","68.59","INR"
"NBK","NATIONAL BANK OF KUWAIT","Financials","Equity","8,129,308.59","0.17","8,129,308.59","2,098,945.00","3.87","Kuwait","Kuwait Stock Exchange","CAD","0.22","KWD"
"9961","TRIP.COM GROUP","Consumer Discretionary","Equity","8,110,204.96","0.17","8,110,204.96","143,604.00","56.48","China","Hong Kong Exchanges And Clearing Ltd","CAD","5.61","HKD"
"006400","SAMSUNG SDI LTD","Information Technology","Equity","8,085,719.51","0.17","8,085,719.51","14,819.00","545.63","Korea (South)","Korea Exchange (Stock Market)","CAD","987.85","KRW"
"2885","YUANTA FINANCIAL HOLDING","Financials","Equity","8,080,813.00","0.17","8,080,813.00","2,669,619.00","3.03","Taiwan","Taiwan Stock Exchange","CAD","22.80","TWD"
"PKN","ORLEN","Energy","Equity","8,067,887.33","0.17","8,067,887.33","142,177.00","56.75","Poland","Warsaw Stock Exchange/Equities/Main Market","CAD","2.71","PLN"
"VAL","VALTERRA PLATINUM LTD","Materials","Equity","8,043,024.07","0.17","8,043,024.07","63,850.00","125.97","South Africa","Johannesburg Stock Exchange","CAD","11.63","ZAR"
"9888","BAIDU","Communication","Equity","7,965,052.95","0.17","7,965,052.95","511,500.00","15.57","China","Hong Kong Exchanges And Clearing Ltd","CAD","5.61","HKD"
"7010","SAUDI TELECOM","Communication","Equity","7,962,037.24","0.17","7,962,037.24","490,020.00","16.25","Saudi Arabia","Saudi Stock Exchange","CAD","2.69","SAR"
"2360","CHROMA ATE INC","Information Technology","Equity","7,957,597.95","0.17","7,957,597.95","87,000.00","91.47","Taiwan","Taiwan Stock Exchange","CAD","22.80","TWD"
"2269","WUXI BIOLOGICS CAYMAN","Health Care","Equity","7,698,836.76","0.16","7,698,836.76","862,000.00","8.93","China","Hong Kong Exchanges And Clearing Ltd","CAD","5.61","HKD"
"DELTA.R","DELTA ELECTRONICS (THAILAND) NON-V","Information Technology","Equity","7,684,234.23","0.16","7,684,234.23","763,900.00","10.06","Thailand","Stock Exchange Of Thailand","CAD","23.86","THB"
"2884","E.SUN FINANCIAL HOLDING","Financials","Equity","7,649,283.39","0.16","7,649,283.39","3,686,404.00","2.07","Taiwan","Taiwan Stock Exchange","CAD","22.80","TWD"
"2059","KING SLIDE WORKS","Information Technology","Equity","7,551,152.65","0.16","7,551,152.65","14,000.00","539.37","Taiwan","Taiwan Stock Exchange","CAD","22.80","TWD"
"1288","AGRICULTURAL BANK OF CHINA LTD H","Financials","Equity","7,438,283.35","0.15","7,438,283.35","6,602,000.00","1.13","China","Hong Kong Exchanges And Clearing Ltd","CAD","5.61","HKD"
"6160","BEONE MEDICINES AG","Health Care","Equity","7,293,573.84","0.15","7,293,573.84","193,900.00","37.62","China","Hong Kong Exchanges And Clearing Ltd","CAD","5.61","HKD"
"MTN","MTN GROUP","Communication","Equity","7,287,511.74","0.15","7,287,511.74","427,908.00","17.03","South Africa","Johannesburg Stock Exchange","CAD","11.63","ZAR"
"028260","SAMSUNG C&T CORP","Industrials","Equity","7,161,854.82","0.15","7,161,854.82","19,901.00","359.87","Korea (South)","Korea Exchange (Stock Market)","CAD","987.85","KRW"
"EAND","EMIRATES TELECOM","Communication","Equity","7,146,810.42","0.15","7,146,810.42","854,622.00","8.36","United Arab Emirates","Abu Dhabi Securities Exchange","CAD","2.63","AED"
"000270","KIA CORPORATION","Consumer Discretionary","Equity","7,028,595.71","0.15","7,028,595.71","57,429.00","122.39","Korea (South)","Korea Exchange (Stock Market)","CAD","987.85","KRW"
"6669","WIWYNN CORPORATION","Information Technology","Equity","6,984,139.09","0.14","6,984,139.09","74,569.00","93.66","Taiwan","Taiwan Stock Exchange","CAD","22.80","TWD"
"5274","ASPEED TECHNOLOGY","Information Technology","Equity","6,974,825.06","0.14","6,974,825.06","8,700.00","801.70","Taiwan","Gretai Securities Market","CAD","22.80","TWD"
"035420","NAVER","Communication","Equity","6,973,744.92","0.14","6,973,744.92","34,618.00","201.45","Korea (South)","Korea Exchange (Stock Market)","CAD","987.85","KRW"
"FEMSAUBD","FOMENTO ECONOMICO MEXICANO","Consumer Staples","Equity","6,857,145.90","0.14","6,857,145.90","408,107.00","16.80","Mexico","Bolsa Mexicana De Valores","CAD","12.29","MXN"
"2408","NANYA TECHNOLOGY CORP","Information Technology","Equity","6,743,526.32","0.14","6,743,526.32","315,000.00","21.41","Taiwan","Taiwan Stock Exchange","CAD","22.80","TWD"
"QNBK","QATAR NATIONAL BANK","Financials","Equity","6,708,163.11","0.14","6,708,163.11","1,077,954.00","6.22","Qatar","Qatar Exchange","CAD","2.60","QAR"
"2357","ASUSTEK COMPUTER INC","Information Technology","Equity","6,695,621.49","0.14","6,695,621.49","161,000.00","41.59","Taiwan","Taiwan Stock Exchange","CAD","22.80","TWD"
"EMAAR","EMAAR PROPERTIES","Real Estate","Equity","6,691,417.76","0.14","6,691,417.76","1,489,122.00","4.49","United Arab Emirates","Dubai Financial Market","CAD","2.63","AED"
"068270","CELLTRION","Health Care","Equity","6,653,892.05","0.14","6,653,892.05","36,456.00","182.52","Korea (South)","Korea Exchange (Stock Market)","CAD","987.85","KRW"
"BBDC4","BANCO BRADESCO PREF","Financials","Equity","6,623,571.77","0.14","6,623,571.77","1,345,575.00","4.92","Brazil","XBSP","CAD","3.69","BRL"
"SBIN","STATE BANK OF INDIA","Financials","Equity","6,538,560.82","0.14","6,538,560.82","453,625.00","14.41","India","National Stock Exchange Of India","CAD","68.59","INR"
"1211","SAUDI ARABIAN MINING","Materials","Equity","6,481,711.59","0.13","6,481,711.59","280,784.00","23.08","Saudi Arabia","Saudi Stock Exchange","CAD","2.69","SAR"
"1088","CHINA SHENHUA ENERGY LTD H","Energy","Equity","6,481,454.25","0.13","6,481,454.25","813,000.00","7.97","China","Hong Kong Exchanges And Clearing Ltd","CAD","5.61","HKD"
"2886","MEGA FINANCIAL HOLDING LTD","Financials","Equity","6,458,636.10","0.13","6,458,636.10","2,836,722.00","2.28","Taiwan","Taiwan Stock Exchange","CAD","22.80","TWD"
"2883","KGI FINANCIAL HOLDING","Financials","Equity","6,395,084.04","0.13","6,395,084.04","3,676,600.00","1.74","Taiwan","Taiwan Stock Exchange","CAD","22.80","TWD"
"TCS","TATA CONSULTANCY SERVICES LTD","Information Technology","Equity","6,391,085.16","0.13","6,391,085.16","200,175.00","31.93","India","National Stock Exchange Of India","CAD","68.59","INR"
"SCCO","SOUTHERN COPPER CORP","Materials","Equity","6,208,537.21","0.13","6,208,537.21","22,635.00","274.29","Peru","New York Stock Exchange Inc.","CAD","0.71","USD"
"TITAN","TITAN COMPANY LTD","Consumer Discretionary","Equity","6,166,277.16","0.13","6,166,277.16","87,371.00","70.58","India","National Stock Exchange Of India","CAD","68.59","INR"
"2890","SINOPAC FINANCIAL HOLDINGS","Financials","Equity","6,084,098.76","0.13","6,084,098.76","3,018,242.00","2.02","Taiwan","Taiwan Stock Exchange","CAD","22.80","TWD"
"3008","LARGAN PRECISION LTD","Information Technology","Equity","6,074,087.01","0.13","6,074,087.01","23,000.00","264.09","Taiwan","Taiwan Stock Exchange","CAD","22.80","TWD"
"1801","INNOVENT BIOLOGICS","Health Care","Equity","6,042,108.64","0.13","6,042,108.64","352,500.00","17.14","China","Hong Kong Exchanges And Clearing Ltd","CAD","5.61","HKD"
"3443","GLOBAL UNICHIP","Information Technology","Equity","5,988,103.98","0.12","5,988,103.98","21,000.00","285.15","Taiwan","Taiwan Stock Exchange","CAD","22.80","TWD"
"3231","WISTRON","Information Technology","Equity","5,947,985.87","0.12","5,947,985.87","727,000.00","8.18","Taiwan","Taiwan Stock Exchange","CAD","22.80","TWD"
"BBCA","BANK CENTRAL ASIA","Financials","Equity","5,941,594.89","0.12","5,941,594.89","11,867,900.00","0.50","Indonesia","Indonesia Stock Exchange","CAD","12,683.66","IDR"
"SUNPHARMA","SUN PHARMACEUTICAL INDUSTRIES LTD","Health Care","Equity","5,900,269.04","0.12","5,900,269.04","216,739.00","27.22","India","National Stock Exchange Of India","CAD","68.59","INR"
"2412","CHUNGHWA TELECOM LTD","Communication","Equity","5,820,305.46","0.12","5,820,305.46","915,000.00","6.36","Taiwan","Taiwan Stock Exchange","CAD","22.80","TWD"
"AMXB","AMERICA MOVIL B","Communication","Equity","5,819,999.90","0.12","5,819,999.90","3,620,774.00","1.61","Mexico","Bolsa Mexicana De Valores","CAD","12.29","MXN"
"B3SA3","B3 BRASIL BOLSA BALCAO SA","Financials","Equity","5,797,624.41","0.12","5,797,624.41","1,214,590.00","4.77","Brazil","XBSP","CAD","3.69","BRL"
"2301","LITE ON TECHNOLOGY","Information Technology","Equity","5,780,691.85","0.12","5,780,691.85","474,000.00","12.20","Taiwan","Taiwan Stock Exchange","CAD","22.80","TWD"
"316140","WOORI FINANCIAL GROUP INC","Financials","Equity","5,748,056.40","0.12","5,748,056.40","156,424.00","36.75","Korea (South)","Korea Exchange (Stock Market)","CAD","987.85","KRW"
"PBBANK","PUBLIC BANK","Financials","Equity","5,738,675.62","0.12","5,738,675.62","3,503,800.00","1.64","Malaysia","Bursa Malaysia","CAD","2.93","MYR"
"2344","WINBOND ELECTRONICS","Information Technology","Equity","5,725,993.92","0.12","5,725,993.92","767,795.00","7.46","Taiwan","Taiwan Stock Exchange","CAD","22.80","TWD"
"KRW","KRW CASH","Cash and/or Derivatives","Cash","5,705,799.77","0.12","5,705,799.77","5,636,448,186.00","0.10","Korea (South)","-","CAD","987.85","KRW"
"ETE","NATIONAL BANK OF GREECE","Financials","Equity","5,689,086.37","0.12","5,689,086.37","203,407.00","27.97","Greece","Athens Exchange S.A. Cash Market","CAD","0.62","EUR"
"005490","POSCO","Materials","Equity","5,673,329.42","0.12","5,673,329.42","17,165.00","330.52","Korea (South)","Korea Exchange (Stock Market)","CAD","987.85","KRW"
"EMIRATESNBD","EMIRATES NBD","Financials","Equity","5,561,398.55","0.12","5,561,398.55","468,384.00","11.87","United Arab Emirates","Dubai Financial Market","CAD","2.63","AED"
"012330","HYUNDAI MOBIS LTD","Consumer Discretionary","Equity","5,474,453.67","0.11","5,474,453.67","14,194.00","385.69","Korea (South)","Korea Exchange (Stock Market)","CAD","987.85","KRW"
"032830","SAMSUNG LIFE LTD","Financials","Equity","5,467,198.49","0.11","5,467,198.49","19,254.00","283.95","Korea (South)","Korea Exchange (Stock Market)","CAD","987.85","KRW"
"ITSA4","ITAUSA INVESTIMENTOS ITAU PREF SA","Financials","Equity","5,446,128.23","0.11","5,446,128.23","1,417,132.00","3.84","Brazil","XBSP","CAD","3.69","BRL"
"ETERNAL","ETERNAL","Consumer Discretionary","Equity","5,421,278.17","0.11","5,421,278.17","1,153,595.00","4.70","India","National Stock Exchange Of India","CAD","68.59","INR"
"7769","HONPRECISION INC","Information Technology","Equity","5,382,713.24","0.11","5,382,713.24","20,000.00","269.14","Taiwan","Taiwan Stock Exchange","CAD","22.80","TWD"
"066570","LG ELECTRONICS INC","Consumer Discretionary","Equity","5,246,572.98","0.11","5,246,572.98","26,189.00","200.33","Korea (South)","Korea Exchange (Stock Market)","CAD","987.85","KRW"
"CEMEXCPO","CEMEX CPO","Materials","Equity","5,209,844.21","0.11","5,209,844.21","3,647,482.00","1.43","Mexico","Bolsa Mexicana De Valores","CAD","12.29","MXN"
"3653","JENTECH PRECISION INDUSTRIAL LTD","Information Technology","Equity","5,168,194.35","0.11","5,168,194.35","22,000.00","234.92","Taiwan","Taiwan Stock Exchange","CAD","22.80","TWD"
"MARUTI","MARUTI SUZUKI INDIA LTD","Consumer Discretionary","Equity","5,115,401.66","0.11","5,115,401.66","28,439.00","179.87","India","National Stock Exchange Of India","CAD","68.59","INR"
"6223","MPI CORP","Information Technology","Equity","5,066,857.21","0.11","5,066,857.21","21,000.00","241.28","Taiwan","Gretai Securities Market","CAD","22.80","TWD"
"TATASTEEL","TATA STEEL LTD","Materials","Equity","5,064,603.39","0.11","5,064,603.39","1,854,856.00","2.73","India","National Stock Exchange Of India","CAD","68.59","INR"
"NTPC","NTPC LTD","Utilities","Equity","5,046,407.89","0.10","5,046,407.89","1,050,206.00","4.81","India","National Stock Exchange Of India","CAD","68.59","INR"
"WEGE3","WEG","Industrials","Equity","5,017,020.63","0.10","5,017,020.63","362,149.00","13.85","Brazil","XBSP","CAD","3.69","BRL"
"TWD","TWD CASH","Cash and/or Derivatives","Cash","4,996,483.03","0.10","4,996,483.03","113,895,807.00","4.39","Taiwan","-","CAD","22.80","TWD"
"2328","PICC PROPERTY AND CASUALTY LTD H","Financials","Equity","4,983,452.18","0.10","4,983,452.18","1,660,000.00","3.00","China","Hong Kong Exchanges And Clearing Ltd","CAD","5.61","HKD"
"AXIA3","AXIA ENERGIA SA","Utilities","Equity","4,961,980.33","0.10","4,961,980.33","330,246.00","15.03","Brazil","XBSP","CAD","3.69","BRL"
"ICT","INTERNATIONAL CONTAINER TERMINAL S","Industrials","Equity","4,951,622.30","0.10","4,951,622.30","237,540.00","20.85","Philippines","Philippine Stock Exchange Inc.","CAD","44.85","PHP"
"CIMB","CIMB GROUP HOLDINGS","Financials","Equity","4,946,167.57","0.10","4,946,167.57","1,885,000.00","2.62","Malaysia","Bursa Malaysia","CAD","2.93","MYR"
"HINDUNILVR","HINDUSTAN UNILEVER LTD","Consumer Staples","Equity","4,939,954.14","0.10","4,939,954.14","174,465.00","28.31","India","National Stock Exchange Of India","CAD","68.59","INR"
"SHFL","SHRIRAM FINANCE LTD","Financials","Equity","4,928,310.77","0.10","4,928,310.77","339,746.00","14.51","India","National Stock Exchange Of India","CAD","68.59","INR"
"MAYBANK","MALAYAN BANKING","Financials","Equity","4,888,214.53","0.10","4,888,214.53","1,382,800.00","3.54","Malaysia","Bursa Malaysia","CAD","2.93","MYR"
"BEL","BHARAT ELECTRONICS LTD","Industrials","Equity","4,817,809.71","0.10","4,817,809.71","835,675.00","5.77","India","National Stock Exchange Of India","CAD","68.59","INR"
"2892","FIRST FINANCIAL HOLDING LTD","Financials","Equity","4,795,607.32","0.10","4,795,607.32","2,682,621.00","1.79","Taiwan","Taiwan Stock Exchange","CAD","22.80","TWD"
"600519","KWEICHOW MOUTAI A","Consumer Staples","Equity","4,783,641.24","0.10","4,783,641.24","18,100.00","264.29","China","Shanghai Stock Exchange","CAD","4.80","CNY"
"BPAC11","BCO BTG PACTUAL UNT SA","Financials","Equity","4,783,019.81","0.10","4,783,019.81","288,449.00","16.58","Brazil","XBSP","CAD","3.69","BRL"
"034730","SK INC","Industrials","Equity","4,760,638.55","0.10","4,760,638.55","8,725.00","545.63","Korea (South)","Korea Exchange (Stock Market)","CAD","987.85","KRW"
"ADCB","ABU DHABI COMMERCIAL BANK","Financials","Equity","4,739,726.35","0.10","4,739,726.35","761,720.00","6.22","United Arab Emirates","Abu Dhabi Securities Exchange","CAD","2.63","AED"
"000810","SAMSUNG FIRE & MARINE INSURANCE LT","Financials","Equity","4,709,248.93","0.10","4,709,248.93","6,985.00","674.19","Korea (South)","Korea Exchange (Stock Market)","CAD","987.85","KRW"
"9987","YUM CHINA HOLDINGS INC","Consumer Discretionary","Equity","4,701,204.07","0.10","4,701,204.07","80,498.00","58.40","China","Hong Kong Exchanges And Clearing Ltd","CAD","5.61","HKD"
"WALMEX*","WALMART DE MEXICO V","Consumer Staples","Equity","4,695,713.42","0.10","4,695,713.42","1,248,565.00","3.76","Mexico","Bolsa Mexicana De Valores","CAD","12.29","MXN"
"2880","HUA NAN FINANCIAL HOLDINGS","Financials","Equity","4,674,930.59","0.10","4,674,930.59","2,224,759.00","2.10","Taiwan","Taiwan Stock Exchange","CAD","22.80","TWD"
"175","GEELY AUTOMOBILE HOLDINGS LTD","Consumer Discretionary","Equity","4,589,402.48","0.10","4,589,402.48","1,609,000.00","2.85","China","Hong Kong Exchanges And Clearing Ltd","CAD","5.61","HKD"
"IMP","IMPALA PLATINUM","Materials","Equity","4,454,744.36","0.09","4,454,744.36","217,663.00","20.47","South Africa","Johannesburg Stock Exchange","CAD","11.63","ZAR"
"HINDALCO","HINDALCO INDUSTRIES LTD","Materials","Equity","4,445,524.97","0.09","4,445,524.97","310,996.00","14.29","India","National Stock Exchange Of India","CAD","68.59","INR"
"EUROB","EUROBANK SA","Financials","Equity","4,431,829.34","0.09","4,431,829.34","589,971.00","7.51","Greece","Athens Exchange S.A. Cash Market","CAD","0.62","EUR"
"ABEV3","AMBEV SA","Consumer Staples","Equity","4,403,011.62","0.09","4,403,011.62","1,044,027.00","4.22","Brazil","XBSP","CAD","3.69","BRL"
"386","CHINA PETROLEUM AND CHEMICAL H","Energy","Equity","4,367,310.99","0.09","4,367,310.99","5,438,000.00","0.80","China","Hong Kong Exchanges And Clearing Ltd","CAD","5.61","HKD"
"6446","PHARMAESSENTIA","Health Care","Equity","4,313,234.15","0.09","4,313,234.15","82,277.00","52.42","Taiwan","Taiwan Stock Exchange","CAD","22.80","TWD"
"PEO","BANK PEKAO SA","Financials","Equity","4,276,496.72","0.09","4,276,496.72","42,641.00","100.29","Poland","Warsaw Stock Exchange/Equities/Main Market","CAD","2.71","PLN"
"TPEIR","PIRAEUS BANK SA","Financials","Equity","4,265,507.03","0.09","4,265,507.03","255,797.00","16.68","Greece","Athens Exchange S.A. Cash Market","CAD","0.62","EUR"
"PTT.R","PTT NON-VOTING DR","Energy","Equity","4,260,820.41","0.09","4,260,820.41","2,406,100.00","1.77","Thailand","Stock Exchange Of Thailand","CAD","23.86","THB"
"KGH","KGHM POLSKA MIEDZ SA","Materials","Equity","4,235,301.39","0.09","4,235,301.39","33,695.00","125.70","Poland","Warsaw Stock Exchange/Equities/Main Market","CAD","2.71","PLN"
"EMBJ3","EMBRAER","Industrials","Equity","4,211,321.95","0.09","4,211,321.95","162,408.00","25.93","Brazil","XBSP","CAD","3.69","BRL"
"267260","HD HYUNDAI ELECTRIC","Industrials","Equity","4,206,358.51","0.09","4,206,358.51","5,836.00","720.76","Korea (South)","Korea Exchange (Stock Market)","CAD","987.85","KRW"
"SBSP3","COMPANHIA DE SANEAMENTO BASICO DE","Utilities","Equity","4,197,580.46","0.09","4,197,580.46","572,592.00","7.33","Brazil","XBSP","CAD","3.69","BRL"
"ALE","ALLEGRO SA","Consumer Discretionary","Equity","4,172,960.58","0.09","4,172,960.58","228,938.00","18.23","Poland","Warsaw Stock Exchange/Equities/Main Market","CAD","2.71","PLN"
"373220","LG ENERGY SOLUTION LTD","Industrials","Equity","4,161,946.70","0.09","4,161,946.70","11,264.00","369.49","Korea (South)","Korea Exchange (Stock Market)","CAD","987.85","KRW"
"300750","CONTEMPORARY AMPEREX TECHNOLOGY A","Industrials","Equity","4,039,637.45","0.08","4,039,637.45","63,640.00","63.48","China","Shenzhen Stock Exchange","CAD","4.80","CNY"
"ULTRACEMCO","ULTRATECH CEMENT LTD","Materials","Equity","4,027,971.34","0.08","4,027,971.34","25,668.00","156.93","India","National Stock Exchange Of India","CAD","68.59","INR"
"ABG","ABSA GROUP","Financials","Equity","4,020,841.26","0.08","4,020,841.26","211,658.00","19.00","South Africa","Johannesburg Stock Exchange","CAD","11.63","ZAR"
"HCLTECH","HCL TECHNOLOGIES LTD","Information Technology","Equity","3,982,856.67","0.08","3,982,856.67","217,115.00","18.34","India","National Stock Exchange Of India","CAD","68.59","INR"
"4958","ZHEN DING TECHNOLOGY HOLDING LTD","Information Technology","Equity","3,946,621.14","0.08","3,946,621.14","189,000.00","20.88","Taiwan","Taiwan Stock Exchange","CAD","22.80","TWD"
"207940","SAMSUNG BIOLOGICS","Health Care","Equity","3,935,696.73","0.08","3,935,696.73","2,785.00","1,413.18","Korea (South)","Korea Exchange (Stock Market)","CAD","987.85","KRW"
"2010","SAUDI BASIC INDUSTRIES","Materials","Equity","3,919,862.86","0.08","3,919,862.86","219,333.00","17.87","Saudi Arabia","Saudi Stock Exchange","CAD","2.69","SAR"
"DIVISLAB","DIVIS LABORATORIES LTD","Health Care","Equity","3,907,908.59","0.08","3,907,908.59","28,752.00","135.92","India","National Stock Exchange Of India","CAD","68.59","INR"
"2020","ANTA SPORTS PRODUCTS LTD","Consumer Discretionary","Equity","3,886,587.83","0.08","3,886,587.83","302,800.00","12.84","China","Hong Kong Exchanges And Clearing Ltd","CAD","5.61","HKD"
"033780","KT&G CORP","Consumer Staples","Equity","3,884,721.14","0.08","3,884,721.14","22,080.00","175.94","Korea (South)","Korea Exchange (Stock Market)","CAD","987.85","KRW"
"POWERGRID","POWER GRID CORPORATION OF INDIA","Utilities","Equity","3,873,256.57","0.08","3,873,256.57","1,007,310.00","3.85","India","National Stock Exchange Of India","CAD","68.59","INR"
"HAR","HARMONY GOLD MINING COMPANY LIMITE","Materials","Equity","3,865,418.28","0.08","3,865,418.28","137,938.00","28.02","South Africa","Johannesburg Stock Exchange","CAD","11.63","ZAR"
"1216","UNI-PRESIDENT ENTERPRISES","Consumer Staples","Equity","3,848,661.90","0.08","3,848,661.90","1,162,000.00","3.31","Taiwan","Taiwan Stock Exchange","CAD","22.80","TWD"
"BBRI","BANK RAKYAT INDONESIA (PERSERO)","Financials","Equity","3,836,796.55","0.08","3,836,796.55","14,614,000.00","0.26","Indonesia","Indonesia Stock Exchange","CAD","12,683.66","IDR"
"8299","PHISON ELECTRONICS CORP","Information Technology","Equity","3,802,555.70","0.08","3,802,555.70","44,000.00","86.42","Taiwan","Gretai Securities Market","CAD","22.80","TWD"
"3750","CONTEMPORARY AMPEREX TECHNOLOGY CL","Industrials","Equity","3,796,097.60","0.08","3,796,097.60","42,000.00","90.38","China","Hong Kong Exchanges And Clearing Ltd","CAD","5.61","HKD"
"3481","INNOLUX CORP","Information Technology","Equity","3,784,869.69","0.08","3,784,869.69","1,778,904.00","2.13","Taiwan","Taiwan Stock Exchange","CAD","22.80","TWD"
"EICHERMOT","EICHER MOTORS LTD","Consumer Discretionary","Equity","3,738,505.81","0.08","3,738,505.81","34,221.00","109.25","India","National Stock Exchange Of India","CAD","68.59","INR"
"2082","ACWA POWER CO","Utilities","Equity","3,709,101.40","0.08","3,709,101.40","55,344.00","67.02","Saudi Arabia","Saudi Stock Exchange","CAD","2.69","SAR"
"2379","REALTEK SEMICONDUCTOR","Information Technology","Equity","3,701,218.55","0.08","3,701,218.55","118,000.00","31.37","Taiwan","Taiwan Stock Exchange","CAD","22.80","TWD"
"329180","HD HYUNDAI HEAVY INDUSTRIES LTD","Industrials","Equity","3,697,178.14","0.08","3,697,178.14","7,779.00","475.28","Korea (South)","Korea Exchange (Stock Market)","CAD","987.85","KRW"
"010120","LS ELECTRIC LTD","Industrials","Equity","3,691,166.57","0.08","3,691,166.57","18,051.00","204.49","Korea (South)","Korea Exchange (Stock Market)","CAD","987.85","KRW"
"3665","BIZLINK HOLDING INC","Industrials","Equity","3,680,838.82","0.08","3,680,838.82","41,744.00","88.18","Taiwan","Taiwan Stock Exchange","CAD","22.80","TWD"
"PFCIBEST","GRUPO CIBEST PREF SA","Financials","Equity","3,676,209.66","0.08","3,676,209.66","106,889.00","34.39","Colombia","Bolsa De Valores De Colombia","CAD","2,253.38","COP"
"2423","KE HOLDINGS","Real Estate","Equity","3,646,899.76","0.08","3,646,899.76","484,765.00","7.52","China","Hong Kong Exchanges And Clearing Ltd","CAD","5.61","HKD"
"1024","KUAISHOU TECHNOLOGY","Communication","Equity","3,644,928.62","0.08","3,644,928.62","682,900.00","5.34","China","Hong Kong Exchanges And Clearing Ltd","CAD","5.61","HKD"
"PZU","PZU SA","Financials","Equity","3,637,597.98","0.08","3,637,597.98","133,463.00","27.26","Poland","Warsaw Stock Exchange/Equities/Main Market","CAD","2.71","PLN"
"009540","HD KOREA SHIPBUILDING & OFFSHORE E","Industrials","Equity","3,605,493.25","0.07","3,605,493.25","10,220.00","352.79","Korea (South)","Korea Exchange (Stock Market)","CAD","987.85","KRW"
"1109","CHINA RESOURCES LAND","Real Estate","Equity","3,599,687.78","0.07","3,599,687.78","708,500.00","5.08","China","Hong Kong Exchanges And Clearing Ltd","CAD","5.61","HKD"
"6274","TAIWAN UNION TECHNOLOGY CORP","Information Technology","Equity","3,590,230.25","0.07","3,590,230.25","62,000.00","57.91","Taiwan","Gretai Securities Market","CAD","22.80","TWD"
"298040","HYOSUNG HEAVY INDUSTRIES CORP","Industrials","Equity","3,576,809.61","0.07","3,576,809.61","1,235.00","2,896.20","Korea (South)","Korea Exchange (Stock Market)","CAD","987.85","KRW"
"1010","RIYAD BANK","Financials","Equity","3,544,395.33","0.07","3,544,395.33","471,732.00","7.51","Saudi Arabia","Saudi Stock Exchange","CAD","2.69","SAR"
"ADANIPORTS","ADANI PORTS AND SPECIAL ECONOMIC Z","Industrials","Equity","3,525,032.67","0.07","3,525,032.67","139,097.00","25.34","India","National Stock Exchange Of India","CAD","68.59","INR"
"010140","SAMSUNG HEAVY INDUSTRIES LTD","Industrials","Equity","3,522,329.43","0.07","3,522,329.43","161,838.00","21.76","Korea (South)","Korea Exchange (Stock Market)","CAD","987.85","KRW"
"ADVANC.R","ADVANCED INFO SERVICE NON-VOTING D","Communication","Equity","3,507,740.43","0.07","3,507,740.43","239,800.00","14.63","Thailand","Stock Exchange Of Thailand","CAD","23.86","THB"
"2368","GOLD CIRCUIT ELECTRONICS","Information Technology","Equity","3,500,737.71","0.07","3,500,737.71","84,000.00","41.68","Taiwan","Taiwan Stock Exchange","CAD","22.80","TWD"
"2359","WUXI APPTEC H","Health Care","Equity","3,469,755.14","0.07","3,469,755.14","98,300.00","35.30","China","Hong Kong Exchanges And Clearing Ltd","CAD","5.61","HKD"
"1347","HUA HONG GRACE SEMICONDUCTOR LTD","Information Technology","Equity","3,457,597.07","0.07","3,457,597.07","176,000.00","19.65","China","Hong Kong Exchanges And Clearing Ltd","CAD","5.61","HKD"
"SQM.B","SOCIEDAD QUIMICA Y MINERA DE CHILE","Materials","Equity","3,449,008.53","0.07","3,449,008.53","34,374.00","100.34","Chile","Santiago Stock Exchange","CAD","684.77","CLP"
"2395","ADVANTECH","Information Technology","Equity","3,436,531.11","0.07","3,436,531.11","114,193.00","30.09","Taiwan","Taiwan Stock Exchange","CAD","22.80","TWD"
"PRIO3","PETRO RIO","Energy","Equity","3,424,272.26","0.07","3,424,272.26","199,492.00","17.16","Brazil","XBSP","CAD","3.69","BRL"
"TVSMOTOR","TVS MOTOR COMPANY","Consumer Discretionary","Equity","3,418,754.62","0.07","3,418,754.62","57,172.00","59.80","India","National Stock Exchange Of India","CAD","68.59","INR"
"9992","POP MART INTERNATIONAL GROUP","Consumer Discretionary","Equity","3,386,574.00","0.07","3,386,574.00","124,000.00","27.31","China","Hong Kong Exchanges And Clearing Ltd","CAD","5.61","HKD"
"ASIANPAINT","ASIAN PAINTS","Materials","Equity","3,303,725.03","0.07","3,303,725.03","92,344.00","35.78","India","National Stock Exchange Of India","CAD","68.59","INR"
"PE&OLES*","INDUST PENOLES","Materials","Equity","3,293,097.26","0.07","3,293,097.26","46,083.00","71.46","Mexico","Bolsa Mexicana De Valores","CAD","12.29","MXN"
"1150","ALINMA BANK","Financials","Equity","3,291,914.25","0.07","3,291,914.25","353,799.00","9.30","Saudi Arabia","Saudi Stock Exchange","CAD","2.69","SAR"
"5880","TAIWAN COOPERATIVE FINANCIAL HOLDI","Financials","Equity","3,290,447.35","0.07","3,290,447.35","2,722,555.00","1.21","Taiwan","Taiwan Stock Exchange","CAD","22.80","TWD"
"QIBK","QATAR ISLAMIC BANK","Financials","Equity","3,289,990.98","0.07","3,289,990.98","409,397.00","8.04","Qatar","Qatar Exchange","CAD","2.60","QAR"
"INDIGO","INTERGLOBE AVIATION LTD","Industrials","Equity","3,245,425.13","0.07","3,245,425.13","45,947.00","70.63","India","National Stock Exchange Of India","CAD","68.59","INR"
"2449","KING YUAN ELECTRONICS","Information Technology","Equity","3,239,377.81","0.07","3,239,377.81","278,650.00","11.63","Taiwan","Taiwan Stock Exchange","CAD","22.80","TWD"
"196170","ALTEOGEN INC","Health Care","Equity","3,230,007.38","0.07","3,230,007.38","12,562.00","257.13","Korea (South)","Korea Exchange (Kosdaq)","CAD","987.85","KRW"
"3034","NOVATEK MICROELECTRONICS","Information Technology","Equity","3,227,653.85","0.07","3,227,653.85","135,000.00","23.91","Taiwan","Taiwan Stock Exchange","CAD","22.80","TWD"
"2601","CHINA PACIFIC INSURANCE (GROUP) H","Financials","Equity","3,217,434.98","0.07","3,217,434.98","634,600.00","5.07","China","Hong Kong Exchanges And Clearing Ltd","CAD","5.61","HKD"
"CHILE","BANCO DE CHILE","Financials","Equity","3,187,317.69","0.07","3,187,317.69","11,028,658.00","0.29","Chile","Santiago Stock Exchange","CAD","684.77","CLP"
"6869","YANGTZE OPTICAL FIBRE AND CABLE JO","Information Technology","Equity","3,172,256.89","0.07","3,172,256.89","96,500.00","32.87","China","Hong Kong Exchanges And Clearing Ltd","CAD","5.61","HKD"
"ADIB","ABU DHABI ISLAMIC BANK","Financials","Equity","3,123,775.53","0.06","3,123,775.53","349,660.00","8.93","United Arab Emirates","Abu Dhabi Securities Exchange","CAD","2.63","AED"
"APOLLOHOSP","APOLLO HOSPITALS ENTERPRISE","Health Care","Equity","3,112,371.39","0.06","3,112,371.39","24,347.00","127.83","India","National Stock Exchange Of India","CAD","68.59","INR"
"SLM","SANLAM LIMITED LTD","Financials","Equity","3,112,661.71","0.06","3,112,661.71","436,706.00","7.13","South Africa","Johannesburg Stock Exchange","CAD","11.63","ZAR"
"SHP","SHOPRITE HOLDINGS LTD","Consumer Staples","Equity","3,109,606.82","0.06","3,109,606.82","115,477.00","26.93","South Africa","Johannesburg Stock Exchange","CAD","11.63","ZAR"
"9633","NONGFU SPRING LTD H","Consumer Staples","Equity","3,096,272.19","0.06","3,096,272.19","445,800.00","6.95","China","Hong Kong Exchanges And Clearing Ltd","CAD","5.61","HKD"
"BID","BID CORPORATION","Consumer Staples","Equity","3,082,713.80","0.06","3,082,713.80","81,086.00","38.02","South Africa","Johannesburg Stock Exchange","CAD","11.63","ZAR"
"BMRI","BANK MANDIRI (PERSERO)","Financials","Equity","3,081,641.45","0.06","3,081,641.45","8,985,400.00","0.34","Indonesia","Indonesia Stock Exchange","CAD","12,683.66","IDR"
"1093","CSPC PHARMACEUTICAL GROUP","Health Care","Equity","3,070,196.88","0.06","3,070,196.88","1,946,000.00","1.58","China","Hong Kong Exchanges And Clearing Ltd","CAD","5.61","HKD"
"DSY","DISCOVERY","Financials","Equity","3,033,841.79","0.06","3,033,841.79","130,448.00","23.26","South Africa","Johannesburg Stock Exchange","CAD","11.63","ZAR"
"GRASIM","GRASIM INDUSTRIES","Materials","Equity","3,030,715.41","0.06","3,030,715.41","65,515.00","46.26","India","National Stock Exchange Of India","CAD","68.59","INR"
"1378","CHINA HONGQIAO GROUP LTD","Materials","Equity","3,021,304.34","0.06","3,021,304.34","776,000.00","3.89","China","Hong Kong Exchanges And Clearing Ltd","CAD","5.61","HKD"
"1060","SAUDI AWWAL BANK","Financials","Equity","3,013,531.40","0.06","3,013,531.40","242,328.00","12.44","Saudi Arabia","Saudi Stock Exchange","CAD","2.69","SAR"
"LTM","LATAM AIRLINES GROUP","Industrials","Equity","3,004,981.97","0.06","3,004,981.97","83,039,300.00","0.04","Chile","Santiago Stock Exchange","CAD","684.77","CLP"
"ALPHA","ALPHA BANK SA","Financials","Equity","3,001,786.47","0.06","3,001,786.47","392,550.00","7.65","Greece","Athens Exchange S.A. Cash Market","CAD","0.62","EUR"
"ASELS.E","ASELSAN ELEKTRONIK SANAYI VE TICAR","Industrials","Equity","2,993,971.35","0.06","2,993,971.35","274,375.00","10.91","Turkey","Istanbul Stock Exchange","CAD","34.80","TRY"
"300308","ZHONGJI INNOLIGHT A","Information Technology","Equity","2,994,199.88","0.06","2,994,199.88","16,020.00","186.90","China","Shenzhen Stock Exchange","CAD","4.80","CNY"
"051910","LG CHEM LTD","Materials","Equity","2,967,452.13","0.06","2,967,452.13","10,938.00","271.30","Korea (South)","Korea Exchange (Stock Market)","CAD","987.85","KRW"
"TECHM","TECH MAHINDRA","Information Technology","Equity","2,951,754.77","0.06","2,951,754.77","129,705.00","22.76","India","National Stock Exchange Of India","CAD","68.59","INR"
"EQTL3","EQUATORIAL SA","Utilities","Equity","2,908,597.45","0.06","2,908,597.45","273,793.00","10.62","Brazil","XBSP","CAD","3.69","BRL"
"ALDAR","ALDAR PROPERTIES","Real Estate","Equity","2,870,779.28","0.06","2,870,779.28","927,264.00","3.10","United Arab Emirates","Abu Dhabi Securities Exchange","CAD","2.63","AED"
"EBP","ERSTE BANK POLSKA SA","Financials","Equity","2,866,659.52","0.06","2,866,659.52","10,265.00","279.26","Poland","Warsaw Stock Exchange/Equities/Main Market","CAD","2.71","PLN"
"6770","POWERCHIP SEMICONDUCTOR MANUFACTUR","Information Technology","Equity","2,839,229.89","0.06","2,839,229.89","909,000.00","3.12","Taiwan","Taiwan Stock Exchange","CAD","22.80","TWD"
"HAL","HINDUSTAN AERONAUTICS LTD","Industrials","Equity","2,837,496.56","0.06","2,837,496.56","40,650.00","69.80","India","National Stock Exchange Of India","CAD","68.59","INR"
"998","CHINA CITIC BANK CORP LTD H","Financials","Equity","2,827,779.84","0.06","2,827,779.84","1,885,000.00","1.50","China","Hong Kong Exchanges And Clearing Ltd","CAD","5.61","HKD"
"3328","BANK OF COMMUNICATIONS LTD H","Financials","Equity","2,818,806.58","0.06","2,818,806.58","1,933,000.00","1.46","China","Hong Kong Exchanges And Clearing Ltd","CAD","5.61","HKD"
"TMCV","TATA MOTORS LTD","Industrials","Equity","2,817,337.48","0.06","2,817,337.48","443,131.00","6.36","India","National Stock Exchange Of India","CAD","68.59","INR"
"ITC","ITC LTD","Consumer Staples","Equity","2,808,742.20","0.06","2,808,742.20","723,741.00","3.88","India","National Stock Exchange Of India","CAD","68.59","INR"
"SSW","SIBANYE STILLWATER","Materials","Equity","2,804,353.64","0.06","2,804,353.64","688,559.00","4.07","South Africa","Johannesburg Stock Exchange","CAD","11.63","ZAR"
"NESTLEIND","NESTLE INDIA LTD","Consumer Staples","Equity","2,803,845.32","0.06","2,803,845.32","140,321.00","19.98","India","National Stock Exchange Of India","CAD","68.59","INR"
"SOL","SASOL","Materials","Equity","2,801,723.48","0.06","2,801,723.48","142,243.00","19.70","South Africa","Johannesburg Stock Exchange","CAD","11.63","ZAR"
"SBILIFE","SBI LIFE INSURANCE COMPANY LTD","Financials","Equity","2,798,506.87","0.06","2,798,506.87","108,641.00","25.76","India","National Stock Exchange Of India","CAD","68.59","INR"
"2603","EVERGREEN MARINE CORP (TAIWAN) LTD","Industrials","Equity","2,776,571.95","0.06","2,776,571.95","261,000.00","10.64","Taiwan","Taiwan Stock Exchange","CAD","22.80","TWD"
"VBBR3","VIBRA ENERGIA SA","Consumer Discretionary","Equity","2,776,371.95","0.06","2,776,371.95","259,623.00","10.69","Brazil","XBSP","CAD","3.69","BRL"
"TENAGA","TENAGA NASIONAL","Utilities","Equity","2,769,732.37","0.06","2,769,732.37","609,400.00","4.55","Malaysia","Bursa Malaysia","CAD","2.93","MYR"
"8046","NAN YA PRINTED CIRCUIT BOARD CORP","Information Technology","Equity","2,756,501.93","0.06","2,756,501.93","59,000.00","46.72","Taiwan","Taiwan Stock Exchange","CAD","22.80","TWD"
"TUPRS.E","TURKIYE PETROL RAFINERILERI A","Energy","Equity","2,748,238.30","0.06","2,748,238.30","232,141.00","11.84","Turkey","Istanbul Stock Exchange","CAD","34.80","TRY"
"3661","ALCHIP TECHNOLOGIES","Information Technology","Equity","2,746,412.08","0.06","2,746,412.08","19,000.00","144.55","Taiwan","Taiwan Stock Exchange","CAD","22.80","TWD"
"CEZ","CEZ","Utilities","Equity","2,740,545.70","0.06","2,740,545.70","30,128.00","90.96","Czech Republic","Prague Stock Exchange","CAD","15.14","CZK"
"BAJAJ.AUTO","BAJAJ AUTO","Consumer Discretionary","Equity","2,737,818.65","0.06","2,737,818.65","16,330.00","167.66","India","National Stock Exchange Of India","CAD","68.59","INR"
"3189","KINSUS INTERCONNECT TECHNOLOGY COR","Information Technology","Equity","2,734,539.84","0.06","2,734,539.84","77,434.00","35.31","Taiwan","Taiwan Stock Exchange","CAD","22.80","TWD"
"JSWSTEEL","JSW STEEL","Materials","Equity","2,732,218.58","0.06","2,732,218.58","149,522.00","18.27","India","National Stock Exchange Of India","CAD","68.59","INR"
"XP","XP CLASS A INC","Financials","Equity","2,724,671.64","0.06","2,724,671.64","96,487.00","28.24","Brazil","NASDAQ","CAD","0.71","USD"
"042660","HANWHA OCEAN LTD","Industrials","Equity","2,709,216.18","0.06","2,709,216.18","32,013.00","84.63","Korea (South)","Korea Exchange (Stock Market)","CAD","987.85","KRW"
"2057","ZTO EXPRESS (CAYMAN) INC","Industrials","Equity","2,706,747.37","0.06","2,706,747.37","93,436.00","28.97","China","Hong Kong Exchanges And Clearing Ltd","CAD","5.61","HKD"
"HTHT","H WORLD GROUP ADR","Consumer Discretionary","Equity","2,696,216.39","0.06","2,696,216.39","44,613.00","60.44","China","NASDAQ","CAD","0.71","USD"
"NED","NEDBANK GROUP LTD","Financials","Equity","2,689,036.88","0.06","2,689,036.88","107,477.00","25.02","South Africa","Johannesburg Stock Exchange","CAD","11.63","ZAR"
"CHOLAFIN","CHOLAMANDALAM INVESTMENT AND FINAN","Financials","Equity","2,663,151.94","0.06","2,663,151.94","103,527.00","25.72","India","National Stock Exchange Of India","CAD","68.59","INR"
"2020","SABIC AGRI-NUTRIENTS","Materials","Equity","2,654,616.48","0.06","2,654,616.48","56,140.00","47.29","Saudi Arabia","Saudi Stock Exchange","CAD","2.69","SAR"
"ADANIENT","ADANI ENTERPRISES","Industrials","Equity","2,646,493.20","0.05","2,646,493.20","62,100.00","42.62","India","National Stock Exchange Of India","CAD","68.59","INR"
"1301","FORMOSA PLASTICS CORP","Materials","Equity","2,624,219.67","0.05","2,624,219.67","926,000.00","2.83","Taiwan","Taiwan Stock Exchange","CAD","22.80","TWD"
"PPC","PUBLIC POWER CORPORATION SA","Utilities","Equity","2,610,395.08","0.05","2,610,395.08","65,839.00","39.65","Greece","Athens Exchange S.A. Cash Market","CAD","0.62","EUR"
"BBAS3","BANCO DO BRASIL SA","Financials","Equity","2,609,798.20","0.05","2,609,798.20","422,421.00","6.18","Brazil","XBSP","CAD","3.69","BRL"
"TRENT","TRENT LTD","Consumer Discretionary","Equity","2,609,122.31","0.05","2,609,122.31","64,169.00","40.66","India","National Stock Exchange Of India","CAD","68.59","INR"
"BIMAS.E","BIM BIRLESIK MAGAZALAR A","Consumer Staples","Equity","2,601,741.32","0.05","2,601,741.32","216,612.00","12.01","Turkey","Istanbul Stock Exchange","CAD","34.80","TRY"
"2338","WEICHAI POWER LTD H","Industrials","Equity","2,598,032.51","0.05","2,598,032.51","468,000.00","5.55","China","Hong Kong Exchanges And Clearing Ltd","CAD","5.61","HKD"
"GAPB","GRUPO AEROPORTUARIO DEL PACIFICO","Industrials","Equity","2,596,978.02","0.05","2,596,978.02","93,032.00","27.91","Mexico","Bolsa Mexicana De Valores","CAD","12.29","MXN"
"267","CITIC LTD","Industrials","Equity","2,597,198.20","0.05","2,597,198.20","1,132,000.00","2.29","China","Hong Kong Exchanges And Clearing Ltd","CAD","5.61","HKD"
"600036","CHINA MERCHANTS BANK A","Financials","Equity","2,583,069.79","0.05","2,583,069.79","305,000.00","8.47","China","Shanghai Stock Exchange","CAD","4.80","CNY"
"AOT.R","AIRPORTS OF THAILAND NON-VOTING DR","Industrials","Equity","2,553,212.10","0.05","2,553,212.10","986,500.00","2.59","Thailand","Stock Exchange Of Thailand","CAD","23.86","THB"
"MAXHEALTH","MAX HEALTHCARE INSTITUTE","Health Care","Equity","2,538,825.60","0.05","2,538,825.60","167,932.00","15.12","India","National Stock Exchange Of India","CAD","68.59","INR"
"1326","FORMOSA CHEMICALS & FIBRE CORP","Materials","Equity","2,533,919.94","0.05","2,533,919.94","842,000.00","3.01","Taiwan","Taiwan Stock Exchange","CAD","22.80","TWD"
"035720","KAKAO","Communication","Equity","2,531,036.18","0.05","2,531,036.18","74,635.00","33.91","Korea (South)","Korea Exchange (Stock Market)","CAD","987.85","KRW"
"6488","GLOBALWAFERS LTD","Information Technology","Equity","2,520,531.15","0.05","2,520,531.15","63,000.00","40.01","Taiwan","Gretai Securities Market","CAD","22.80","TWD"
"9926","AKESO INC","Health Care","Equity","2,507,601.10","0.05","2,507,601.10","155,000.00","16.18","China","Hong Kong Exchanges And Clearing Ltd","CAD","5.61","HKD"
"BAJAJFINSV","BAJAJ FINSERV LTD","Financials","Equity","2,505,923.28","0.05","2,505,923.28","92,453.00","27.10","India","National Stock Exchange Of India","CAD","68.59","INR"
"000150","DOOSAN CORP","Industrials","Equity","2,494,691.93","0.05","2,494,691.93","1,754.00","1,422.29","Korea (South)","Korea Exchange (Stock Market)","CAD","987.85","KRW"
"2099","CHINA GOLD INTERNATIONAL RESOURCES","Materials","Equity","2,490,242.87","0.05","2,490,242.87","56,600.00","44.00","China","Hong Kong Exchanges And Clearing Ltd","CAD","5.61","HKD"
"3993","CHINA MOLYBDENUM H","Materials","Equity","2,473,485.42","0.05","2,473,485.42","894,000.00","2.77","China","Hong Kong Exchanges And Clearing Ltd","CAD","5.61","HKD"
"3081","LAND MARK CORP","Information Technology","Equity","2,469,994.18","0.05","2,469,994.18","20,700.00","119.32","Taiwan","Gretai Securities Market","CAD","22.80","TWD"
"TORNTPHARM","TORRENT PHARMACEUTICALS LTD","Health Care","Equity","2,462,270.93","0.05","2,462,270.93","34,645.00","71.07","India","National Stock Exchange Of India","CAD","68.59","INR"
"CIPLA","CIPLA LTD","Health Care","Equity","2,455,865.26","0.05","2,455,865.26","122,397.00","20.06","India","National Stock Exchange Of India","CAD","68.59","INR"
"2015","LI AUTO CLASS A","Consumer Discretionary","Equity","2,449,534.39","0.05","2,449,534.39","293,100.00","8.36","China","Hong Kong Exchanges And Clearing Ltd","CAD","5.61","HKD"
"2313","COMPEQ MANUFACTURING LTD","Information Technology","Equity","2,449,709.56","0.05","2,449,709.56","255,568.00","9.59","Taiwan","Taiwan Stock Exchange","CAD","22.80","TWD"
"MOTHERSON","SAMVARDHANA MOTHERSON INTERNATIONA","Consumer Discretionary","Equity","2,433,850.70","0.05","2,433,850.70","1,031,352.00","2.36","India","National Stock Exchange Of India","CAD","68.59","INR"
"2002","CHINA STEEL CORP","Materials","Equity","2,411,824.03","0.05","2,411,824.03","2,940,000.00","0.82","Taiwan","Taiwan Stock Exchange","CAD","22.80","TWD"
"ADANIPOWER","ADANI POWER LTD","Utilities","Equity","2,409,770.54","0.05","2,409,770.54","802,706.00","3.00","India","National Stock Exchange Of India","CAD","68.59","INR"
"LAURUSLABS","LAURUS LABS LTD","Health Care","Equity","2,398,625.28","0.05","2,398,625.28","84,456.00","28.40","India","National Stock Exchange Of India","CAD","68.59","INR"
"CUMMINSIND","CUMMINS INDIA LTD","Industrials","Equity","2,398,797.41","0.05","2,398,797.41","32,777.00","73.19","India","National Stock Exchange Of India","CAD","68.59","INR"
"1888","KINGBOARD LAMINATES HOLDINGS LTD","Information Technology","Equity","2,393,563.08","0.05","2,393,563.08","288,000.00","8.31","China","Hong Kong Exchanges And Clearing Ltd","CAD","5.61","HKD"
"003550","LG","Industrials","Equity","2,381,101.48","0.05","2,381,101.48","21,039.00","113.18","Korea (South)","Korea Exchange (Stock Market)","CAD","987.85","KRW"
"3044","TRIPOD TECHNOLOGY","Information Technology","Equity","2,378,395.94","0.05","2,378,395.94","108,000.00","22.02","Taiwan","Taiwan Stock Exchange","CAD","22.80","TWD"
"1050","BANQUE SAUDI FRANSI","Financials","Equity","2,377,230.04","0.05","2,377,230.04","299,614.00","7.93","Saudi Arabia","Saudi Stock Exchange","CAD","2.69","SAR"
"2259","ZIJIN GOLD INTERNATIONAL LTD","Materials","Equity","2,376,349.25","0.05","2,376,349.25","86,000.00","27.63","China","Hong Kong Exchanges And Clearing Ltd","CAD","5.61","HKD"
"PAYTM","ONE COMMUNICATIONS LTD","Financials","Equity","2,375,848.85","0.05","2,375,848.85","92,437.00","25.70","India","National Stock Exchange Of India","CAD","68.59","INR"
"GULF.R","GULF DEVELOPMENT NON-VOTING DR PCL","Utilities","Equity","2,356,129.87","0.05","2,356,129.87","921,545.00","2.56","Thailand","Stock Exchange Of Thailand","CAD","23.86","THB"
"9901","NEW ORIENTAL EDUCATION & TECHNOLOG","Consumer Discretionary","Equity","2,329,132.10","0.05","2,329,132.10","298,700.00","7.80","China","Hong Kong Exchanges And Clearing Ltd","CAD","5.61","HKD"
"COALINDIA","COAL INDIA","Energy","Equity","2,314,045.23","0.05","2,314,045.23","379,730.00","6.09","India","National Stock Exchange Of India","CAD","68.59","INR"
"042700","HANMI SEMICONDUCTOR","Information Technology","Equity","2,310,367.04","0.05","2,310,367.04","10,121.00","228.27","Korea (South)","Korea Exchange (Stock Market)","CAD","987.85","KRW"
"267250","HD HYUNDAI LTD","Energy","Equity","2,301,478.50","0.05","2,301,478.50","10,218.00","225.24","Korea (South)","Korea Exchange (Stock Market)","CAD","987.85","KRW"
"JIOFIN","JIO FINANCIAL SERVICES","Financials","Equity","2,300,199.66","0.05","2,300,199.66","688,083.00","3.34","India","National Stock Exchange Of India","CAD","68.59","INR"
"CPALL.R","CP ALL NON-VOTING DR","Consumer Staples","Equity","2,294,294.20","0.05","2,294,294.20","1,209,700.00","1.90","Thailand","Stock Exchange Of Thailand","CAD","23.86","THB"
"138040","MERITZ FINANCIAL GROUP INC","Financials","Equity","2,293,469.76","0.05","2,293,469.76","17,924.00","127.96","Korea (South)","Korea Exchange (Stock Market)","CAD","987.85","KRW"
"3045","TAIWAN MOBILE","Communication","Equity","2,284,691.98","0.05","2,284,691.98","420,000.00","5.44","Taiwan","Taiwan Stock Exchange","CAD","22.80","TWD"
"2337","MACRONIX INTERNATIONAL","Information Technology","Equity","2,279,383.84","0.05","2,279,383.84","446,000.00","5.11","Taiwan","Taiwan Stock Exchange","CAD","22.80","TWD"
"047810","KOREA AEROSPACE INDUSTRIES","Industrials","Equity","2,266,780.56","0.05","2,266,780.56","17,172.00","132.00","Korea (South)","Korea Exchange (Stock Market)","CAD","987.85","KRW"
"2801","CHANG HWA COMMERCIAL BANK LTD","Financials","Equity","2,261,515.41","0.05","2,261,515.41","1,741,611.00","1.30","Taiwan","Taiwan Stock Exchange","CAD","22.80","TWD"
"LPP","LPP SA","Consumer Discretionary","Equity","2,261,010.11","0.05","2,261,010.11","274.00","8,251.85","Poland","Warsaw Stock Exchange/Equities/Main Market","CAD","2.71","PLN"
"1177","SINO BIOPHARMACEUTICAL","Health Care","Equity","2,256,993.41","0.05","2,256,993.41","2,304,000.00","0.98","China","Hong Kong Exchanges And Clearing Ltd","CAD","5.61","HKD"
"017670","SK TELECOM","Communication","Equity","2,246,298.41","0.05","2,246,298.41","25,331.00","88.68","Korea (South)","Korea Exchange (Stock Market)","CAD","987.85","KRW"
"2319","CHINA MENGNIU DAIRY LTD","Consumer Staples","Equity","2,244,542.98","0.05","2,244,542.98","696,000.00","3.22","China","Hong Kong Exchanges And Clearing Ltd","CAD","5.61","HKD"
"HEROMOTOCO","HERO MOTOCORP LTD","Consumer Discretionary","Equity","2,243,174.00","0.05","2,243,174.00","28,895.00","77.63","India","National Stock Exchange Of India","CAD","68.59","INR"
"POLICYBZR","PB FINTECH","Financials","Equity","2,239,182.19","0.05","2,239,182.19","87,021.00","25.73","India","National Stock Exchange Of India","CAD","68.59","INR"
"PMETAL","PRESS METAL ALUMINIUM HOLDINGS","Materials","Equity","2,235,901.89","0.05","2,235,901.89","862,200.00","2.59","Malaysia","Bursa Malaysia","CAD","2.93","MYR"
"1339","THE PEOPLES INSURANCE CO (GROUP)","Financials","Equity","2,224,331.53","0.05","2,224,331.53","2,113,000.00","1.05","China","Hong Kong Exchanges And Clearing Ltd","CAD","5.61","HKD"
"CIBEST","GRUPO CIBEST SA","Financials","Equity","2,222,452.45","0.05","2,222,452.45","56,270.00","39.50","Colombia","Bolsa De Valores De Colombia","CAD","2,253.38","COP"
"079550","LIG DEFENSE&AEROSPACE LTD","Industrials","Equity","2,216,071.41","0.05","2,216,071.41","3,092.00","716.71","Korea (South)","Korea Exchange (Stock Market)","CAD","987.85","KRW"
"9868","XPENG CLASS A INC","Consumer Discretionary","Equity","2,212,634.65","0.05","2,212,634.65","301,400.00","7.34","China","Hong Kong Exchanges And Clearing Ltd","CAD","5.61","HKD"
"NPH","NORTHAM PLATINUM HLDGS LTD","Materials","Equity","2,201,605.60","0.05","2,201,605.60","85,415.00","25.78","South Africa","Johannesburg Stock Exchange","CAD","11.63","ZAR"
"BDMS.R","BANGKOK DUSIT MEDICAL SERVICES NON","Health Care","Equity","2,201,714.84","0.05","2,201,714.84","2,600,500.00","0.85","Thailand","Stock Exchange Of Thailand","CAD","23.86","THB"
"5347","VANGUARD INTERNATIONAL SEMICONDUCT","Information Technology","Equity","2,189,874.04","0.05","2,189,874.04","301,623.00","7.26","Taiwan","Gretai Securities Market","CAD","22.80","TWD"
"7020","ETIHAD ETISALAT","Communication","Equity","2,184,149.12","0.05","2,184,149.12","90,808.00","24.05","Saudi Arabia","Saudi Stock Exchange","CAD","2.69","SAR"
"000720","HYUNDAI ENGINEERING & CONSTRUCTION","Industrials","Equity","2,183,072.63","0.05","2,183,072.63","17,211.00","126.84","Korea (South)","Korea Exchange (Stock Market)","CAD","987.85","KRW"
"GGBR4","GERDAU PREF SA","Materials","Equity","2,179,525.11","0.05","2,179,525.11","309,325.00","7.05","Brazil","XBSP","CAD","3.69","BRL"
"INDHOTEL","INDIAN HOTELS LTD","Consumer Discretionary","Equity","2,177,579.28","0.05","2,177,579.28","205,555.00","10.59","India","National Stock Exchange Of India","CAD","68.59","INR"
"300","MIDEA GROUP CLASS H","Consumer Discretionary","Equity","2,173,420.08","0.05","2,173,420.08","122,900.00","17.68","China","Hong Kong Exchanges And Clearing Ltd","CAD","5.61","HKD"
"9866","NIO CLASS A","Consumer Discretionary","Equity","2,168,622.45","0.05","2,168,622.45","434,456.00","4.99","China","Hong Kong Exchanges And Clearing Ltd","CAD","5.61","HKD"
"FEDERALBNK","FEDERAL BANK LTD","Financials","Equity","2,159,057.01","0.04","2,159,057.01","445,067.00","4.85","India","National Stock Exchange Of India","CAD","68.59","INR"
"ONGC","OIL AND NATURAL GAS LTD","Energy","Equity","2,157,660.71","0.04","2,157,660.71","636,752.00","3.39","India","National Stock Exchange Of India","CAD","68.59","INR"
"DRREDDY","DR REDDYS LABORATORIES","Health Care","Equity","2,155,679.20","0.04","2,155,679.20","125,842.00","17.13","India","National Stock Exchange Of India","CAD","68.59","INR"
"096770","SK INNOVATION LTD","Energy","Equity","2,149,466.66","0.04","2,149,466.66","15,232.00","141.12","Korea (South)","Korea Exchange (Stock Market)","CAD","987.85","KRW"
"TLKM","TELEKOMUNIKASI INDONESIA","Communication","Equity","2,108,974.98","0.04","2,108,974.98","10,328,000.00","0.20","Indonesia","Indonesia Stock Exchange","CAD","12,683.66","IDR"
"MOL","MOL HUNGARIAN OIL AND GAS","Energy","Equity","2,098,689.39","0.04","2,098,689.39","90,462.00","23.20","Hungary","Budapest Stock Exchange","CAD","225.87","HUF"
"018260","SAMSUNG SDS","Information Technology","Equity","2,097,364.58","0.04","2,097,364.58","9,592.00","218.66","Korea (South)","Korea Exchange (Stock Market)","CAD","987.85","KRW"
"600900","CHINA YANGTZE POWER LTD A","Utilities","Equity","2,097,436.40","0.04","2,097,436.40","353,300.00","5.94","China","Shanghai Stock Exchange","CAD","4.80","CNY"
"064350","HYUNDAI-ROTEM","Industrials","Equity","2,096,262.79","0.04","2,096,262.79","16,932.00","123.80","Korea (South)","Korea Exchange (Stock Market)","CAD","987.85","KRW"
"278470","APR LTD","Consumer Staples","Equity","2,092,960.05","0.04","2,092,960.05","5,857.00","357.34","Korea (South)","Korea Exchange (Stock Market)","CAD","987.85","KRW"
"688256","CAMBRICON TECHNOLOGIES CORPORATION","Information Technology","Equity","2,093,207.96","0.04","2,093,207.96","9,073.00","230.71","China","Shanghai Stock Exchange","CAD","4.80","CNY"
"2376","GIGABYTE TECHNOLOGY LTD","Information Technology","Equity","2,086,843.27","0.04","2,086,843.27","134,000.00","15.57","Taiwan","Taiwan Stock Exchange","CAD","22.80","TWD"
"COFORGE","COFORGE","Information Technology","Equity","2,086,080.41","0.04","2,086,080.41","79,805.00","26.14","India","National Stock Exchange Of India","CAD","68.59","INR"
"ADNOCGAS","ADNOC GAS PLC","Energy","Equity","2,072,571.97","0.04","2,072,571.97","1,669,499.00","1.24","United Arab Emirates","Abu Dhabi Securities Exchange","CAD","2.63","AED"
"3692","HANSOH PHARMACEUTICAL GROUP","Health Care","Equity","2,044,687.20","0.04","2,044,687.20","334,000.00","6.12","China","Hong Kong Exchanges And Clearing Ltd","CAD","5.61","HKD"
"086520","ECOPRO LTD","Industrials","Equity","2,041,909.24","0.04","2,041,909.24","24,509.00","83.31","Korea (South)","Korea Exchange (Kosdaq)","CAD","987.85","KRW"
"601138","FOXCONN INDUSTRIAL INTERNET LTD A","Information Technology","Equity","2,038,538.11","0.04","2,038,538.11","159,500.00","12.78","China","Shanghai Stock Exchange","CAD","4.80","CNY"
"CPLE3","CIA PARANAENSE DE ENERGIA COPEL","Utilities","Equity","2,038,832.22","0.04","2,038,832.22","466,636.00","4.37","Brazil","XBSP","CAD","3.69","BRL"
"005830","DB INSURANCE LTD","Financials","Equity","2,036,036.77","0.04","2,036,036.77","10,432.00","195.17","Korea (South)","Korea Exchange (Stock Market)","CAD","987.85","KRW"
"AC*","ARCA CONTINENTAL","Consumer Staples","Equity","2,026,088.37","0.04","2,026,088.37","124,249.00","16.31","Mexico","Bolsa Mexicana De Valores","CAD","12.29","MXN"
"TMPV","TATA MOTORS PASSENGER VEHICLES LTD","Consumer Discretionary","Equity","2,023,415.49","0.04","2,023,415.49","441,310.00","4.59","India","National Stock Exchange Of India","CAD","68.59","INR"
"GVT&D","GE VERNOVA T&D INDIA LTD","Industrials","Equity","2,019,848.96","0.04","2,019,848.96","31,916.00","63.29","India","National Stock Exchange Of India","CAD","68.59","INR"
"AUBANK","AU SMALL FINANCE BANK","Financials","Equity","2,019,237.76","0.04","2,019,237.76","133,268.00","15.15","India","National Stock Exchange Of India","CAD","68.59","INR"
"TATAPOWER","TATA POWER LTD","Utilities","Equity","2,007,507.76","0.04","2,007,507.76","373,173.00","5.38","India","National Stock Exchange Of India","CAD","68.59","INR"
"1336","NEW CHINA LIFE INSURANCE COMPANY L","Financials","Equity","2,003,806.14","0.04","2,003,806.14","241,000.00","8.31","China","Hong Kong Exchanges And Clearing Ltd","CAD","5.61","HKD"
"CGPOWER","CG POWER AND INDUSTRIAL SOLUTIONS","Industrials","Equity","1,999,691.84","0.04","1,999,691.84","155,869.00","12.83","India","National Stock Exchange Of India","CAD","68.59","INR"
"BSANTANDER","BANCO SANTANDER CHILE","Financials","Equity","1,999,350.83","0.04","1,999,350.83","16,732,955.00","0.12","Chile","Santiago Stock Exchange","CAD","684.77","CLP"
"VOD","VODACOM GROUP LTD","Communication","Equity","1,993,432.17","0.04","1,993,432.17","150,028.00","13.29","South Africa","Johannesburg Stock Exchange","CAD","11.63","ZAR"
"PTTEP.R","PTT EXPLORATION AND PRODUCTION NON","Energy","Equity","1,991,711.97","0.04","1,991,711.97","314,700.00","6.33","Thailand","Stock Exchange Of Thailand","CAD","23.86","THB"
"COMI","COMMERCIAL INTERNATIONAL BANK EGYP","Financials","Equity","1,990,469.16","0.04","1,990,469.16","559,373.00","3.56","Egypt","Egyptian Exchange","CAD","37.24","EGP"
"VAML","VEDANTA ALUMINIUM METAL LTD","Materials","Equity","1,989,974.05","0.04","1,989,974.05","337,616.00","5.89","India","National Stock Exchange Of India","CAD","68.59","INR"
"6690","HAIER SMART HOME CLASS H LTD H","Consumer Discretionary","Equity","1,987,028.73","0.04","1,987,028.73","541,600.00","3.67","China","Hong Kong Exchanges And Clearing Ltd","CAD","5.61","HKD"
"6239","POWERTECH TECHNOLOGY","Information Technology","Equity","1,986,931.86","0.04","1,986,931.86","165,000.00","12.04","Taiwan","Taiwan Stock Exchange","CAD","22.80","TWD"
"4904","FAR EASTONE TELECOMMUNICATIONS LTD","Communication","Equity","1,985,615.80","0.04","1,985,615.80","425,000.00","4.67","Taiwan","Taiwan Stock Exchange","CAD","22.80","TWD"
"HKD","HKD CASH","Cash and/or Derivatives","Cash","1,984,650.76","0.04","1,984,650.76","11,132,789.00","17.83","Hong Kong","-","CAD","5.61","HKD"
"KOFUBL","COCA-COLA FEMSA CLASS UBL UNITS","Consumer Staples","Equity","1,984,427.77","0.04","1,984,427.77","126,407.00","15.70","Mexico","Bolsa Mexicana De Valores","CAD","12.29","MXN"
"RENT3","LOCALIZA RENT A CAR","Industrials","Equity","1,984,439.84","0.04","1,984,439.84","199,372.00","9.95","Brazil","XBSP","CAD","3.69","BRL"
"REM","REMGRO","Financials","Equity","1,983,629.75","0.04","1,983,629.75","117,819.00","16.84","South Africa","Johannesburg Stock Exchange","CAD","11.63","ZAR"
"071050","KOREA INVESTMENT HOLDINGS LTD","Financials","Equity","1,977,851.15","0.04","1,977,851.15","10,527.00","187.88","Korea (South)","Korea Exchange (Stock Market)","CAD","987.85","KRW"
"1548","GENSCRIPT BIOTECH CORP","Health Care","Equity","1,977,300.85","0.04","1,977,300.85","298,000.00","6.64","China","Hong Kong Exchanges And Clearing Ltd","CAD","5.61","HKD"
"SUZB3","SUZANO SA","Materials","Equity","1,973,447.38","0.04","1,973,447.38","153,511.00","12.86","Brazil","XBSP","CAD","3.69","BRL"
"5876","SHANGHAI COMMERCIAL","Financials","Equity","1,969,715.74","0.04","1,969,715.74","898,900.00","2.19","Taiwan","Taiwan Stock Exchange","CAD","22.80","TWD"
"DMART","AVENUE SUPERMARTS LTD","Consumer Staples","Equity","1,969,844.00","0.04","1,969,844.00","36,408.00","54.10","India","National Stock Exchange Of India","CAD","68.59","INR"
"TATACONSUM","TATA CONSUMER PRODUCTS LTD","Consumer Staples","Equity","1,969,943.33","0.04","1,969,943.33","133,298.00","14.78","India","National Stock Exchange Of India","CAD","68.59","INR"
"RDOR3","REDE DOR SAO LUIZ SA","Health Care","Equity","1,958,005.02","0.04","1,958,005.02","194,438.00","10.07","Brazil","XBSP","CAD","3.69","BRL"
"SCC.R","SIAM CEMENT NON-VOTING DR PCL","Materials","Equity","1,951,831.37","0.04","1,951,831.37","179,800.00","10.86","Thailand","Stock Exchange Of Thailand","CAD","23.86","THB"
"YMM","FULL TRUCK ALLIANCE ADR CLASS A","Industrials","Equity","1,952,190.49","0.04","1,952,190.49","172,317.00","11.33","China","New York Stock Exchange Inc.","CAD","0.71","USD"
"028050","SAMSUNG E&A LTD","Industrials","Equity","1,952,190.96","0.04","1,952,190.96","37,739.00","51.73","Korea (South)","Korea Exchange (Stock Market)","CAD","987.85","KRW"
"DIB","DB ISLAMIC BANK","Financials","Equity","1,948,428.80","0.04","1,948,428.80","697,080.00","2.80","United Arab Emirates","Dubai Financial Market","CAD","2.63","AED"
"1658","POSTAL SAVINGS BANK OF CHINA LTD H","Financials","Equity","1,943,083.56","0.04","1,943,083.56","2,011,000.00","0.97","China","Hong Kong Exchanges And Clearing Ltd","CAD","5.61","HKD"
"HDFCLIFE","HDFC LIFE INSURANCE COMPANY LTD","Financials","Equity","1,934,670.16","0.04","1,934,670.16","238,249.00","8.12","India","National Stock Exchange Of India","CAD","68.59","INR"
"VBL","VARUN BEVERAGES","Consumer Staples","Equity","1,931,793.32","0.04","1,931,793.32","318,949.00","6.06","India","National Stock Exchange Of India","CAD","68.59","INR"
"PERSISTENT","PERSISTENT SYSTEMS LTD","Information Technology","Equity","1,929,630.85","0.04","1,929,630.85","24,184.00","79.79","India","National Stock Exchange Of India","CAD","68.59","INR"
"BVN","BUENAVENTURA ADR REPRESENTING","Materials","Equity","1,926,933.14","0.04","1,926,933.14","39,692.00","48.55","Peru","New York Stock Exchange Inc.","CAD","0.71","USD"
"BRITANNIA","BRITANNIA INDUSTRIES LTD","Consumer Staples","Equity","1,922,117.19","0.04","1,922,117.19","26,464.00","72.63","India","National Stock Exchange Of India","CAD","68.59","INR"
"4938","PEGATRON","Information Technology","Equity","1,919,422.02","0.04","1,919,422.02","484,000.00","3.97","Taiwan","Taiwan Stock Exchange","CAD","22.80","TWD"
"601899","ZIJIN MINING GROUP LTD A","Materials","Equity","1,917,589.82","0.04","1,917,589.82","297,500.00","6.45","China","Shanghai Stock Exchange","CAD","4.80","CNY"
"2280","ALMARAI","Consumer Staples","Equity","1,917,101.14","0.04","1,917,101.14","112,718.00","17.01","Saudi Arabia","Saudi Stock Exchange","CAD","2.69","SAR"
"2409","AUO","Information Technology","Equity","1,912,245.07","0.04","1,912,245.07","1,453,000.00","1.32","Taiwan","Taiwan Stock Exchange","CAD","22.80","TWD"
"086280","HYUNDAI GLOVIS LTD","Industrials","Equity","1,911,011.54","0.04","1,911,011.54","9,164.00","208.53","Korea (South)","Korea Exchange (Stock Market)","CAD","987.85","KRW"
"BBSE3","BB SEGURIDADE SA","Financials","Equity","1,908,918.40","0.04","1,908,918.40","174,177.00","10.96","Brazil","XBSP","CAD","3.69","BRL"
"2382","SUNNY OPTICAL TECHNOLOGY LTD","Information Technology","Equity","1,902,461.00","0.04","1,902,461.00","158,100.00","12.03","China","Hong Kong Exchanges And Clearing Ltd","CAD","5.61","HKD"
"3529","EMEMORY TECHNOLOGY INC","Information Technology","Equity","1,902,155.23","0.04","1,902,155.23","16,000.00","118.88","Taiwan","Gretai Securities Market","CAD","22.80","TWD"
"GAMUDA","GAMUDA","Industrials","Equity","1,885,692.07","0.04","1,885,692.07","1,165,900.00","1.62","Malaysia","Bursa Malaysia","CAD","2.93","MYR"
"688","CHINA OVERSEAS LAND INVESTMENT","Real Estate","Equity","1,879,462.29","0.04","1,879,462.29","881,500.00","2.13","China","Hong Kong Exchanges And Clearing Ltd","CAD","5.61","HKD"
"NRP","NEPI ROCKCASTLE","Real Estate","Equity","1,859,837.89","0.04","1,859,837.89","149,224.00","12.46","South Africa","Johannesburg Stock Exchange","CAD","11.63","ZAR"
"5871","CHAILEASE HOLDING LTD","Financials","Equity","1,857,641.28","0.04","1,857,641.28","378,083.00","4.91","Taiwan","Taiwan Stock Exchange","CAD","22.80","TWD"
"1590","AIRTAC INTERNATIONAL GROUP","Industrials","Equity","1,856,970.27","0.04","1,856,970.27","34,000.00","54.62","Taiwan","Taiwan Stock Exchange","CAD","22.80","TWD"
"BZ","KANZHUN AMERICAN DEPOSITORY SHARES","Industrials","Equity","1,856,745.69","0.04","1,856,745.69","89,456.00","20.76","China","NASDAQ","CAD","0.71","USD"
"INDUSINDBK","INDUSIND BANK","Financials","Equity","1,853,958.90","0.04","1,853,958.90","132,716.00","13.97","India","National Stock Exchange Of India","CAD","68.59","INR"
"BCI","BANCO DE CREDITO E INVERSION","Financials","Equity","1,849,973.44","0.04","1,849,973.44","19,311.00","95.80","Chile","Santiago Stock Exchange","CAD","684.77","CLP"
"UGPA3","ULTRAPAR PARTICIPOES SA","Consumer Discretionary","Equity","1,840,744.98","0.04","1,840,744.98","174,566.00","10.54","Brazil","XBSP","CAD","3.69","BRL"
"BHEL","BHARAT HEAVY ELECTRICALS LTD","Industrials","Equity","1,835,375.81","0.04","1,835,375.81","293,322.00","6.26","India","National Stock Exchange Of India","CAD","68.59","INR"
"1080","ARAB NATIONAL BANK","Financials","Equity","1,834,803.54","0.04","1,834,803.54","216,612.00","8.47","Saudi Arabia","Saudi Stock Exchange","CAD","2.69","SAR"
"RICHTER","GEDEON RICHTER","Health Care","Equity","1,816,069.48","0.04","1,816,069.48","32,096.00","56.58","Hungary","Budapest Stock Exchange","CAD","225.87","HUF"
"BPCL","BHARAT PETROLEUM","Energy","Equity","1,809,110.14","0.04","1,809,110.14","404,209.00","4.48","India","National Stock Exchange Of India","CAD","68.59","INR"
"1171","YANKUANG ENERGY GROUP COMPANY H","Energy","Equity","1,807,769.81","0.04","1,807,769.81","821,100.00","2.20","China","Hong Kong Exchanges And Clearing Ltd","CAD","5.61","HKD"
"011070","LG INNOTEK LTD","Information Technology","Equity","1,803,005.77","0.04","1,803,005.77","3,513.00","513.24","Korea (South)","Korea Exchange (Stock Market)","CAD","987.85","KRW"
"300502","EOPTOLINK TECHNOLOGY INC A","Information Technology","Equity","1,792,282.12","0.04","1,792,282.12","20,248.00","88.52","China","Shenzhen Stock Exchange","CAD","4.80","CNY"
"MOH","MOTOR OIL (HELLAS) CORINTH REFINER","Energy","Equity","1,790,678.62","0.04","1,790,678.62","15,935.00","112.37","Greece","Athens Exchange S.A. Cash Market","CAD","0.62","EUR"
"4013","DR SULAIMAN AL HABIB MEDICAL GRP","Health Care","Equity","1,787,120.62","0.04","1,787,120.62","21,052.00","84.89","Saudi Arabia","Saudi Stock Exchange","CAD","2.69","SAR"
"MBK","MBANK SA","Financials","Equity","1,782,216.30","0.04","1,782,216.30","3,366.00","529.48","Poland","Warsaw Stock Exchange/Equities/Main Market","CAD","2.71","PLN"
"RADL3","RAIA DROGASIL","Consumer Staples","Equity","1,763,091.85","0.04","1,763,091.85","319,607.00","5.52","Brazil","XBSP","CAD","3.69","BRL"
"2404","UNITED INTEGRATED SERVICES","Industrials","Equity","1,762,213.46","0.04","1,762,213.46","39,000.00","45.18","Taiwan","Taiwan Stock Exchange","CAD","22.80","TWD"
"BBDC3","BANCO BRADESCO","Financials","Equity","1,760,192.01","0.04","1,760,192.01","404,873.00","4.35","Brazil","XBSP","CAD","3.69","BRL"
"3702","WPG HOLDINGS","Information Technology","Equity","1,753,000.99","0.04","1,753,000.99","360,000.00","4.87","Taiwan","Taiwan Stock Exchange","CAD","22.80","TWD"
"LUPIN","LUPIN","Health Care","Equity","1,742,978.97","0.04","1,742,978.97","56,983.00","30.59","India","National Stock Exchange Of India","CAD","68.59","INR"
"1208","MMG LTD","Materials","Equity","1,740,447.46","0.04","1,740,447.46","1,139,200.00","1.53","China","Hong Kong Exchanges And Clearing Ltd","CAD","5.61","HKD"
"601288","AGRICULTURAL BANK OF CHINA LTD A","Financials","Equity","1,732,306.14","0.04","1,732,306.14","1,205,300.00","1.44","China","Shanghai Stock Exchange","CAD","4.80","CNY"
"1101","TAIWAN CEMENT","Materials","Equity","1,731,167.44","0.04","1,731,167.44","1,614,000.00","1.07","Taiwan","Taiwan Stock Exchange","CAD","22.80","TWD"
"601318","PING AN INSURANCE (GROUP) OF CHINA","Financials","Equity","1,730,513.87","0.04","1,730,513.87","155,500.00","11.13","China","Shanghai Stock Exchange","CAD","4.80","CNY"
"148","KINGBOARD HOLDINGS","Information Technology","Equity","1,729,293.24","0.04","1,729,293.24","177,500.00","9.74","China","Hong Kong Exchanges And Clearing Ltd","CAD","5.61","HKD"
"788","CHINA TOWER CORP LTD H","Communication","Equity","1,720,655.04","0.04","1,720,655.04","1,067,100.00","1.61","China","Hong Kong Exchanges And Clearing Ltd","CAD","5.61","HKD"
"3293","INTERNATIONAL GAMES SYSTEM LTD","Communication","Equity","1,717,467.18","0.04","1,717,467.18","54,000.00","31.80","Taiwan","Gretai Securities Market","CAD","22.80","TWD"
"BRL","BRL CASH","Cash and/or Derivatives","Cash","1,713,019.67","0.04","1,713,019.67","6,316,182.00","27.12","Brazil","-","CAD","3.69","BRL"
"688041","HYGON INFORMATION TECHNOLOGY LTD A","Information Technology","Equity","1,706,640.86","0.04","1,706,640.86","35,265.00","48.39","China","Shanghai Stock Exchange","CAD","4.80","CNY"
"DIXON","DIXON TECHNOLOGIES (INDIA) LTD","Consumer Discretionary","Equity","1,701,140.36","0.04","1,701,140.36","8,780.00","193.75","India","National Stock Exchange Of India","CAD","68.59","INR"
"FIBRAPL14","PROLOGIS PROPERTY MEXICO REIT","Real Estate","Equity","1,678,819.29","0.03","1,678,819.29","272,348.00","6.16","Mexico","Bolsa Mexicana De Valores","CAD","12.29","MXN"
"1919","COSCO SHIPPING HOLDINGS LTD H","Industrials","Equity","1,671,683.26","0.03","1,671,683.26","558,500.00","2.99","China","Hong Kong Exchanges And Clearing Ltd","CAD","5.61","HKD"
"836","CHINA RESOURCES POWER LTD","Utilities","Equity","1,668,154.39","0.03","1,668,154.39","498,000.00","3.35","China","Hong Kong Exchanges And Clearing Ltd","CAD","5.61","HKD"
"FALABELLA","FALABELLA SACI","Consumer Discretionary","Equity","1,666,172.50","0.03","1,666,172.50","172,896.00","9.64","Chile","Santiago Stock Exchange","CAD","684.77","CLP"
"INDUSTOWER","INDUS TOWERS LTD","Communication","Equity","1,665,192.44","0.03","1,665,192.44","299,516.00","5.56","India","National Stock Exchange Of India","CAD","68.59","INR"
"015760","KOREA ELECTRIC POWER","Utilities","Equity","1,665,098.57","0.03","1,665,098.57","53,060.00","31.38","Korea (South)","Korea Exchange (Stock Market)","CAD","987.85","KRW"
"ZAR","ZAR CASH","Cash and/or Derivatives","Cash","1,660,350.31","0.03","1,660,350.31","19,311,299.00","8.60","South Africa","-","CAD","11.63","ZAR"
"1140","BANK ALBILAD","Financials","Equity","1,660,066.49","0.03","1,660,066.49","180,146.00","9.22","Saudi Arabia","Saudi Stock Exchange","CAD","2.69","SAR"
"2356","INVENTEC","Information Technology","Equity","1,659,231.23","0.03","1,659,231.23","615,000.00","2.70","Taiwan","Taiwan Stock Exchange","CAD","22.80","TWD"
"PFC","POWER FINANCE CORPORATION LTD","Financials","Equity","1,648,940.46","0.03","1,648,940.46","327,890.00","5.03","India","National Stock Exchange Of India","CAD","68.59","INR"
"FUNO11","FIBRA UNO ADMINISTRACION REIT","Real Estate","Equity","1,644,537.48","0.03","1,644,537.48","678,751.00","2.42","Mexico","Bolsa Mexicana De Valores","CAD","12.29","MXN"
"HDFCAMC","HDFC ASSET MANAGEMENT COMPANY LTD","Financials","Equity","1,636,369.68","0.03","1,636,369.68","47,009.00","34.81","India","National Stock Exchange Of India","CAD","68.59","INR"
"2513","Z AI CO LTD H","Information Technology","Equity","1,635,812.51","0.03","1,635,812.51","12,400.00","131.92","China","Hong Kong Exchanges And Clearing Ltd","CAD","5.61","HKD"
"ENEV3","ENEVA","Utilities","Equity","1,635,991.70","0.03","1,635,991.70","218,874.00","7.47","Brazil","XBSP","CAD","3.69","BRL"
"3105","WIN SEMICONDUCTORS CORP","Information Technology","Equity","1,611,655.41","0.03","1,611,655.41","78,000.00","20.66","Taiwan","Gretai Securities Market","CAD","22.80","TWD"
"6515","WINWAY TECHNOLOGY","Information Technology","Equity","1,610,865.77","0.03","1,610,865.77","6,000.00","268.48","Taiwan","Taiwan Stock Exchange","CAD","22.80","TWD"
"BVT","BIDVEST GROUP","Industrials","Equity","1,601,602.71","0.03","1,601,602.71","80,921.00","19.79","South Africa","Johannesburg Stock Exchange","CAD","11.63","ZAR"
"POLYCAB","POLYCAB INDIA","Industrials","Equity","1,592,325.95","0.03","1,592,325.95","13,306.00","119.67","India","National Stock Exchange Of India","CAD","68.59","INR"
"AKBNK.E","AKBANK A","Financials","Equity","1,588,351.49","0.03","1,588,351.49","772,559.00","2.06","Turkey","Istanbul Stock Exchange","CAD","34.80","TRY"
"KTB.R","KRUNG THAI BANK PUBLIC NON-VOTING","Financials","Equity","1,586,023.83","0.03","1,586,023.83","840,900.00","1.89","Thailand","Stock Exchange Of Thailand","CAD","23.86","THB"
"BHARATFORG","BHARAT FORGE","Consumer Discretionary","Equity","1,583,230.54","0.03","1,583,230.54","56,600.00","27.97","India","National Stock Exchange Of India","CAD","68.59","INR"
"2324","COMPAL ELECTRONICS","Information Technology","Equity","1,581,631.54","0.03","1,581,631.54","964,000.00","1.64","Taiwan","Taiwan Stock Exchange","CAD","22.80","TWD"
"2207","HOTAI MOTOR LTD","Consumer Discretionary","Equity","1,580,933.15","0.03","1,580,933.15","67,740.00","23.34","Taiwan","Taiwan Stock Exchange","CAD","22.80","TWD"
"SUZLON","SUZLON ENERGY","Industrials","Equity","1,580,116.46","0.03","1,580,116.46","2,547,833.00","0.62","India","National Stock Exchange Of India","CAD","68.59","INR"
"LENSKART","LENSKART SOLUTIONS LTD","Consumer Discretionary","Equity","1,576,724.73","0.03","1,576,724.73","159,059.00","9.91","India","National Stock Exchange Of India","CAD","68.59","INR"
"SOLARINDS","SOLAR INDUSTRIES INDIA LTD","Materials","Equity","1,572,832.82","0.03","1,572,832.82","5,734.00","274.30","India","National Stock Exchange Of India","CAD","68.59","INR"
"PIDILITIND","PIDILITE INDUSTRIES LTD","Materials","Equity","1,571,722.95","0.03","1,571,722.95","69,487.00","22.62","India","National Stock Exchange Of India","CAD","68.59","INR"
"005387","HYUNDAI MOTOR S2 PREF","Consumer Discretionary","Equity","1,571,779.31","0.03","1,571,779.31","8,975.00","175.13","Korea (South)","Korea Exchange (Stock Market)","CAD","987.85","KRW"
"003670","POSCO FUTURE M LTD","Industrials","Equity","1,571,075.36","0.03","1,571,075.36","8,518.00","184.44","Korea (South)","Korea Exchange (Stock Market)","CAD","987.85","KRW"
"3036","WT MICROELECTRONICS","Information Technology","Equity","1,566,549.07","0.03","1,566,549.07","175,048.00","8.95","Taiwan","Taiwan Stock Exchange","CAD","22.80","TWD"
"601398","INDUSTRIAL AND COMMERCIAL BANK OF","Financials","Equity","1,562,318.96","0.03","1,562,318.96","920,100.00","1.70","China","Shanghai Stock Exchange","CAD","4.80","CNY"
"20","SENSETIME GROUP CLASS B INC","Information Technology","Equity","1,561,929.08","0.03","1,561,929.08","7,271,000.00","0.21","China","Hong Kong Exchanges And Clearing Ltd","CAD","5.61","HKD"
"006800","MIRAE ASSET SECURITIES CO LTD","Financials","Equity","1,557,059.60","0.03","1,557,059.60","48,369.00","32.19","Korea (South)","Korea Exchange (Stock Market)","CAD","987.85","KRW"
"DEWA","DUBAI ELECTRICITY AND WATER AUTHOR","Utilities","Equity","1,553,213.62","0.03","1,553,213.62","1,477,802.00","1.05","United Arab Emirates","Dubai Financial Market","CAD","2.63","AED"
"AUROPHARMA","AUROBINDO PHARMA","Health Care","Equity","1,551,486.31","0.03","1,551,486.31","62,971.00","24.64","India","National Stock Exchange Of India","CAD","68.59","INR"
"2611","GUOTAI HAITONG SECURITIES CO LTD H","Financials","Equity","1,551,866.83","0.03","1,551,866.83","579,568.00","2.68","China","Hong Kong Exchanges And Clearing Ltd","CAD","5.61","HKD"
"JBS","JBS N V NV CLASS A","Consumer Staples","Equity","1,547,140.92","0.03","1,547,140.92","91,722.00","16.87","Brazil","New York Stock Exchange Inc.","CAD","0.71","USD"
"TAL","TAL EDUCATION GROUP ADR REPTG","Consumer Discretionary","Equity","1,537,842.53","0.03","1,537,842.53","93,976.00","16.36","China","New York Stock Exchange Inc.","CAD","0.71","USD"
"KBANK.R","KASIKORNBANK PUBLIC NON-VOTING DR","Financials","Equity","1,536,532.50","0.03","1,536,532.50","144,900.00","10.60","Thailand","Stock Exchange Of Thailand","CAD","23.86","THB"
"ASHOKLEY","ASHOK LEYLAND","Industrials","Equity","1,527,846.13","0.03","1,527,846.13","660,695.00","2.31","India","National Stock Exchange Of India","CAD","68.59","INR"
"002594","BYD A","Consumer Discretionary","Equity","1,526,086.10","0.03","1,526,086.10","86,100.00","17.72","China","Shenzhen Stock Exchange","CAD","4.80","CNY"
"FORTIS","FORTIS HEALTHCARE LTD","Health Care","Equity","1,525,734.71","0.03","1,525,734.71","118,107.00","12.92","India","National Stock Exchange Of India","CAD","68.59","INR"
"358","JIANGXI COPPER LTD H","Materials","Equity","1,516,513.71","0.03","1,516,513.71","255,000.00","5.95","China","Hong Kong Exchanges And Clearing Ltd","CAD","5.61","HKD"
"6415","SILERGY","Information Technology","Equity","1,514,529.68","0.03","1,514,529.68","84,000.00","18.03","Taiwan","Taiwan Stock Exchange","CAD","22.80","TWD"
"TME","TENCENT MUSIC ENTERTAINMENT GROUP","Communication","Equity","1,513,963.76","0.03","1,513,963.76","139,311.00","10.87","China","New York Stock Exchange Inc.","CAD","0.71","USD"
"IQCD","INDUSTRIES QATAR","Industrials","Equity","1,514,000.95","0.03","1,514,000.95","380,066.00","3.98","Qatar","Qatar Exchange","CAD","2.60","QAR"
"2688","ENN ENERGY HOLDINGS LTD","Utilities","Equity","1,512,793.56","0.03","1,512,793.56","172,900.00","8.75","China","Hong Kong Exchanges And Clearing Ltd","CAD","5.61","HKD"
"6618","JD HEALTH INTERNATIONAL INC","Consumer Staples","Equity","1,510,310.78","0.03","1,510,310.78","244,150.00","6.19","China","Hong Kong Exchanges And Clearing Ltd","CAD","5.61","HKD"
"1818","ZHAOJIN MINING INDUSTRY LTD H","Materials","Equity","1,510,031.79","0.03","1,510,031.79","414,000.00","3.65","China","Hong Kong Exchanges And Clearing Ltd","CAD","5.61","HKD"
"OUT","OUTSURANCE GROUP","Financials","Equity","1,506,863.44","0.03","1,506,863.44","204,864.00","7.36","South Africa","Johannesburg Stock Exchange","CAD","11.63","ZAR"
"NAUKRI","INFO EDGE INDIA LTD","Communication","Equity","1,506,888.34","0.03","1,506,888.34","81,709.00","18.44","India","National Stock Exchange Of India","CAD","68.59","INR"
"DNP","DINO POLSKA","Consumer Staples","Equity","1,504,893.07","0.03","1,504,893.07","112,903.00","13.33","Poland","Warsaw Stock Exchange/Equities/Main Market","CAD","2.71","PLN"
"ASURB","GRUPO AEROPORTUARIO DEL SURESTE B","Industrials","Equity","1,497,785.18","0.03","1,497,785.18","43,679.00","34.29","Mexico","Bolsa Mexicana De Valores","CAD","12.29","MXN"
"010950","S-OIL","Energy","Equity","1,497,432.46","0.03","1,497,432.46","9,719.00","154.07","Korea (South)","Korea Exchange (Stock Market)","CAD","987.85","KRW"
"3908","CHINA INTERNATIONAL CAPITAL H","Financials","Equity","1,497,003.76","0.03","1,497,003.76","428,000.00","3.50","China","Hong Kong Exchanges And Clearing Ltd","CAD","5.61","HKD"
"CAD","CAD CASH","Cash and/or Derivatives","Cash","1,494,861.58","0.03","1,494,861.58","1,494,862.00","100.00","Canada","-","CAD","1.00","CAD"
"MARICO","MARICO","Consumer Staples","Equity","1,488,558.32","0.03","1,488,558.32","124,975.00","11.91","India","National Stock Exchange Of India","CAD","68.59","INR"
"DLF","DLF LTD","Real Estate","Equity","1,484,981.06","0.03","1,484,981.06","159,155.00","9.33","India","National Stock Exchange Of India","CAD","68.59","INR"
"007660","ISUPETASYS LTD","Information Technology","Equity","1,484,339.52","0.03","1,484,339.52","13,833.00","107.30","Korea (South)","Korea Exchange (Stock Market)","CAD","987.85","KRW"
"ITUB3","ITAU UNIBANCO HOLDING SA","Financials","Equity","1,483,864.16","0.03","1,483,864.16","116,957.00","12.69","Brazil","XBSP","CAD","3.69","BRL"
"VIVT3","TELEFONICA BRASIL SA","Communication","Equity","1,483,084.30","0.03","1,483,084.30","176,970.00","8.38","Brazil","XBSP","CAD","3.69","BRL"
"272210","HANWHA SYSTEMS LTD","Industrials","Equity","1,465,355.78","0.03","1,465,355.78","18,678.00","78.45","Korea (South)","Korea Exchange (Stock Market)","CAD","987.85","KRW"
"TRUE.R","TRUE CORPORATION NON-VOTING DR","Communication","Equity","1,456,852.20","0.03","1,456,852.20","2,736,900.00","0.53","Thailand","Stock Exchange Of Thailand","CAD","23.86","THB"
"BDO","BDO UNIBANK","Financials","Equity","1,456,370.68","0.03","1,456,370.68","571,014.00","2.55","Philippines","Philippine Stock Exchange Inc.","CAD","44.85","PHP"
"ASII","ASTRA INTERNATIONAL","Industrials","Equity","1,449,409.80","0.03","1,449,409.80","3,751,800.00","0.39","Indonesia","Indonesia Stock Exchange","CAD","12,683.66","IDR"
"002371","NAURA TECHNOLOGY GROUP LTD A","Information Technology","Equity","1,446,525.34","0.03","1,446,525.34","10,420.00","138.82","China","Shenzhen Stock Exchange","CAD","4.80","CNY"
"2834","TAIWAN BUSINESS BANK LTD","Financials","Equity","1,442,225.79","0.03","1,442,225.79","1,753,377.00","0.82","Taiwan","Taiwan Stock Exchange","CAD","22.80","TWD"
"259960","KRAFTON","Communication","Equity","1,436,634.69","0.03","1,436,634.69","6,991.00","205.50","Korea (South)","Korea Exchange (Stock Market)","CAD","987.85","KRW"
"3606","FUYAO GLASS INDUSTRY GROUP LTD H","Consumer Discretionary","Equity","1,436,719.72","0.03","1,436,719.72","146,000.00","9.84","China","Hong Kong Exchanges And Clearing Ltd","CAD","5.61","HKD"
"3533","LOTES","Information Technology","Equity","1,432,538.72","0.03","1,432,538.72","21,000.00","68.22","Taiwan","Taiwan Stock Exchange","CAD","22.80","TWD"
"UNITDSPR","UNITED SPIRITS","Consumer Staples","Equity","1,429,091.62","0.03","1,429,091.62","70,522.00","20.26","India","National Stock Exchange Of India","CAD","68.59","INR"
"247540","ECOPRO BM LTD","Industrials","Equity","1,419,207.57","0.03","1,419,207.57","13,651.00","103.96","Korea (South)","Korea Exchange (Kosdaq)","CAD","987.85","KRW"
"YTLPOWR","YTL POWER INTERNATIONAL","Utilities","Equity","1,414,940.54","0.03","1,414,940.54","732,640.00","1.93","Malaysia","Bursa Malaysia","CAD","2.93","MYR"
"MFSL","MAX FINANCIAL SERVICES LTD","Financials","Equity","1,412,926.46","0.03","1,412,926.46","62,366.00","22.66","India","National Stock Exchange Of India","CAD","68.59","INR"
"IOC","INDIAN OIL CORP","Energy","Equity","1,410,638.05","0.03","1,410,638.05","720,636.00","1.96","India","National Stock Exchange Of India","CAD","68.59","INR"
"1816","CGN POWER LTD H","Utilities","Equity","1,410,166.29","0.03","1,410,166.29","2,650,000.00","0.53","China","Hong Kong Exchanges And Clearing Ltd","CAD","5.61","HKD"
"BIMBOA","GRUPO BIMBO A","Consumer Staples","Equity","1,406,781.61","0.03","1,406,781.61","313,420.00","4.49","Mexico","Bolsa Mexicana De Valores","CAD","12.29","MXN"
"6030","CITIC SECURITIES COMPANY H","Financials","Equity","1,389,292.57","0.03","1,389,292.57","321,500.00","4.32","China","Hong Kong Exchanges And Clearing Ltd","CAD","5.61","HKD"
"GAIL","GAIL INDIA LTD","Utilities","Equity","1,389,113.39","0.03","1,389,113.39","553,973.00","2.51","India","National Stock Exchange Of India","CAD","68.59","INR"
"JINDALSTEL","JINDAL STEEL LTD","Materials","Equity","1,383,337.28","0.03","1,383,337.28","84,090.00","16.45","India","National Stock Exchange Of India","CAD","68.59","INR"
"NYKAA","FSN E-COMMERCE VENTURES","Consumer Discretionary","Equity","1,382,337.90","0.03","1,382,337.90","292,876.00","4.72","India","National Stock Exchange Of India","CAD","68.59","INR"
"CDR","CD PROJEKT RED","Communication","Equity","1,379,669.24","0.03","1,379,669.24","15,630.00","88.27","Poland","Warsaw Stock Exchange/Equities/Main Market","CAD","2.71","PLN"
"BFT","BENEFIT SYSTEMS","Industrials","Equity","1,378,066.44","0.03","1,378,066.44","735.00","1,874.92","Poland","Warsaw Stock Exchange/Equities/Main Market","CAD","2.71","PLN"
"9698","GDS HOLDINGS CLASS A","Information Technology","Equity","1,374,681.50","0.03","1,374,681.50","255,000.00","5.39","China","Hong Kong Exchanges And Clearing Ltd","CAD","5.61","HKD"
"BSE","BSE LTD","Financials","Equity","1,372,199.45","0.03","1,372,199.45","28,881.00","47.51","India","National Stock Exchange Of India","CAD","68.59","INR"
"BOUBYAN","BOUBYAN BANK","Financials","Equity","1,371,003.97","0.03","1,371,003.97","460,128.00","2.98","Kuwait","Kuwait Stock Exchange","CAD","0.22","KWD"
"APLAPOLLO","APL APOLLO TUBES LTD","Materials","Equity","1,363,059.95","0.03","1,363,059.95","43,517.00","31.32","India","National Stock Exchange Of India","CAD","68.59","INR"
"IDFCFIRSTB","IDFC FIRST BANK LTD","Financials","Equity","1,362,451.75","0.03","1,362,451.75","1,082,527.00","1.26","India","National Stock Exchange Of India","CAD","68.59","INR"
"6147","CHIPBOND TECHNOLOGY CORP","Information Technology","Equity","1,360,198.91","0.03","1,360,198.91","148,000.00","9.19","Taiwan","Gretai Securities Market","CAD","22.80","TWD"
"POWERINDIA","HITACHI ENERGY INDIA LTD","Industrials","Equity","1,355,412.45","0.03","1,355,412.45","2,977.00","455.29","India","National Stock Exchange Of India","CAD","68.59","INR"
"016360","SAMSUNG SECURITIES LTD","Financials","Equity","1,355,582.53","0.03","1,355,582.53","15,571.00","87.06","Korea (South)","Korea Exchange (Stock Market)","CAD","987.85","KRW"
"DU","EMIRATES INTEGRATED TELECOMMUNICAT","Communication","Equity","1,354,994.21","0.03","1,354,994.21","301,033.00","4.50","United Arab Emirates","Dubai Financial Market","CAD","2.63","AED"
"7203","AL-ELM INFORMATION SECURITY COMPAN","Information Technology","Equity","1,353,614.33","0.03","1,353,614.33","5,878.00","230.29","Saudi Arabia","Saudi Stock Exchange","CAD","2.69","SAR"
"ISA","INTERCONEXION ELECTRICA SA","Utilities","Equity","1,351,561.31","0.03","1,351,561.31","106,638.00","12.67","Colombia","Bolsa De Valores De Colombia","CAD","2,253.38","COP"
"GCARSOA1","GRUPO CARSO SERIES A1","Industrials","Equity","1,345,715.03","0.03","1,345,715.03","127,269.00","10.57","Mexico","Bolsa Mexicana De Valores","CAD","12.29","MXN"
"EMBASSY","EMBASSY OFFICE PARKS REIT UNITS","Real Estate","Equity","1,336,685.55","0.03","1,336,685.55","208,636.00","6.41","India","National Stock Exchange Of India","CAD","68.59","INR"
"003490","KOREAN AIR LINES LTD","Industrials","Equity","1,336,391.47","0.03","1,336,391.47","44,903.00","29.76","Korea (South)","Korea Exchange (Stock Market)","CAD","987.85","KRW"
"2600","ALUMINUM CORPORATION OF CHINA LTD","Materials","Equity","1,333,704.18","0.03","1,333,704.18","934,000.00","1.43","China","Hong Kong Exchanges And Clearing Ltd","CAD","5.61","HKD"
"WIPRO","WIPRO","Information Technology","Equity","1,331,904.89","0.03","1,331,904.89","549,034.00","2.43","India","National Stock Exchange Of India","CAD","68.59","INR"
"IDEA","VODAFONE IDEA LTD","Communication","Equity","1,331,005.86","0.03","1,331,005.86","6,420,365.00","0.21","India","National Stock Exchange Of India","CAD","68.59","INR"
"036930","JUSUNG ENGINEERING LTD","Information Technology","Equity","1,327,446.55","0.03","1,327,446.55","6,428.00","206.51","Korea (South)","Korea Exchange (Kosdaq)","CAD","987.85","KRW"
"BAAKOMB","KOMERCNI BANK","Financials","Equity","1,326,439.98","0.03","1,326,439.98","18,644.00","71.15","Czech Republic","Prague Stock Exchange","CAD","15.14","CZK"
"6213","ITEQ CORP","Information Technology","Equity","1,324,621.24","0.03","1,324,621.24","61,000.00","21.72","Taiwan","Taiwan Stock Exchange","CAD","22.80","TWD"
"CBQK","COMMERCIAL BANK OF QATAR","Financials","Equity","1,323,514.00","0.03","1,323,514.00","826,236.00","1.60","Qatar","Qatar Exchange","CAD","2.60","QAR"
"021240","COWAY LTD","Consumer Discretionary","Equity","1,318,495.76","0.03","1,318,495.76","12,116.00","108.82","Korea (South)","Korea Exchange (Stock Market)","CAD","987.85","KRW"
"CPN.R","CENTRAL PATTANA NON-VOTING DR PCL","Real Estate","Equity","1,312,208.86","0.03","1,312,208.86","491,100.00","2.67","Thailand","Stock Exchange Of Thailand","CAD","23.86","THB"
"003230","SAM YANG FOODS INC","Consumer Staples","Equity","1,310,366.96","0.03","1,310,366.96","1,005.00","1,303.85","Korea (South)","Korea Exchange (Stock Market)","CAD","987.85","KRW"
"PPH","PEPKOR HOLDINGS SHS LTD","Consumer Discretionary","Equity","1,310,468.89","0.03","1,310,468.89","846,771.00","1.55","South Africa","Johannesburg Stock Exchange","CAD","11.63","ZAR"
"006260","LS","Industrials","Equity","1,304,819.53","0.03","1,304,819.53","4,240.00","307.74","Korea (South)","Korea Exchange (Stock Market)","CAD","987.85","KRW"
"1530","3SBIO INC","Health Care","Equity","1,304,735.18","0.03","1,304,735.18","458,000.00","2.85","China","Hong Kong Exchanges And Clearing Ltd","CAD","5.61","HKD"
"AMBANK","AMMB HOLDINGS","Financials","Equity","1,304,005.86","0.03","1,304,005.86","572,100.00","2.28","Malaysia","Bursa Malaysia","CAD","2.93","MYR"
"8069","E INK HOLDINGS","Information Technology","Equity","1,302,116.50","0.03","1,302,116.50","204,000.00","6.38","Taiwan","Gretai Securities Market","CAD","22.80","TWD"
"024110","INDUSTRIAL BANK OF KOREA","Financials","Equity","1,297,655.00","0.03","1,297,655.00","63,617.00","20.40","Korea (South)","Korea Exchange (Stock Market)","CAD","987.85","KRW"
"RECLTD","REC","Financials","Equity","1,294,357.17","0.03","1,294,357.17","285,938.00","4.53","India","National Stock Exchange Of India","CAD","68.59","INR"
"9660","HORIZON ROBOTICS","Information Technology","Equity","1,293,900.24","0.03","1,293,900.24","1,757,400.00","0.74","China","Hong Kong Exchanges And Clearing Ltd","CAD","5.61","HKD"
"ZAIN","MOBILE TEL","Communication","Equity","1,293,688.71","0.03","1,293,688.71","468,401.00","2.76","Kuwait","Kuwait Stock Exchange","CAD","0.22","KWD"
"3808","SINOTRUK (HONG KONG) LTD","Industrials","Equity","1,291,846.20","0.03","1,291,846.20","191,000.00","6.76","China","Hong Kong Exchanges And Clearing Ltd","CAD","5.61","HKD"
"ADNOCDRILL","ADNOC DRILLING COMPANY","Energy","Equity","1,290,308.26","0.03","1,290,308.26","592,368.00","2.18","United Arab Emirates","Abu Dhabi Securities Exchange","CAD","2.63","AED"
"GFINBURO","GRUPO FINANCIERO INBURSA SRIES O","Financials","Equity","1,288,629.18","0.03","1,288,629.18","374,223.00","3.44","Mexico","Bolsa Mexicana De Valores","CAD","12.29","MXN"
"291","CHINA RESOURCES BEER HOLDINGS LTD","Consumer Staples","Equity","1,285,954.36","0.03","1,285,954.36","397,000.00","3.24","China","Hong Kong Exchanges And Clearing Ltd","CAD","5.61","HKD"
"PHOENIXLTD","PHOENIX MILLS","Real Estate","Equity","1,283,981.22","0.03","1,283,981.22","47,042.00","27.29","India","National Stock Exchange Of India","CAD","68.59","INR"
"SCB.R","SCB X PUBLIC COMPANY LIMITED NON-V","Financials","Equity","1,282,239.74","0.03","1,282,239.74","202,600.00","6.33","Thailand","Stock Exchange Of Thailand","CAD","23.86","THB"
"2018","AAC TECHNOLOGIES HOLDINGS","Information Technology","Equity","1,281,980.70","0.03","1,281,980.70","178,000.00","7.20","China","Hong Kong Exchanges And Clearing Ltd","CAD","5.61","HKD"
"601328","BANK OF COMMUNICATIONS LTD A","Financials","Equity","1,279,327.32","0.03","1,279,327.32","809,100.00","1.58","China","Shanghai Stock Exchange","CAD","4.80","CNY"
"SIGMAFA","ALFA A","Consumer Staples","Equity","1,275,330.61","0.03","1,275,330.61","869,588.00","1.47","Mexico","Bolsa Mexicana De Valores","CAD","12.29","MXN"
"2331","LI NING LTD","Consumer Discretionary","Equity","1,268,216.41","0.03","1,268,216.41","565,500.00","2.24","China","Hong Kong Exchanges And Clearing Ltd","CAD","5.61","HKD"
"SDG","SD GUTHRIE","Consumer Staples","Equity","1,268,304.96","0.03","1,268,304.96","590,000.00","2.15","Malaysia","Bursa Malaysia","CAD","2.93","MYR"
"CMIG4","CIA ENERGETICA DE MINAS GERAIS PRE","Utilities","Equity","1,262,508.87","0.03","1,262,508.87","412,684.00","3.06","Brazil","XBSP","CAD","3.69","BRL"
"USD","USD CASH","Cash and/or Derivatives","Cash","1,261,981.11","0.03","1,261,981.11","902,285.00","139.86","United States","-","CAD","0.71","USD"
"SONACOMS","SONA BLW PRECISION FORGINGS LTD","Consumer Discretionary","Equity","1,257,277.23","0.03","1,257,277.23","110,863.00","11.34","India","National Stock Exchange Of India","CAD","68.59","INR"
"RNI","REINET INVESTMENTS S.C.A.","Financials","Equity","1,254,212.22","0.03","1,254,212.22","34,442.00","36.42","South Africa","Johannesburg Stock Exchange","CAD","11.63","ZAR"
"GEKTERNA","GEK TERNA","Industrials","Equity","1,250,216.82","0.03","1,250,216.82","18,149.00","68.89","Greece","Athens Exchange S.A. Cash Market","CAD","0.62","EUR"
"2313","SHENZHOU INTERNATIONAL GROUP","Consumer Discretionary","Equity","1,248,870.47","0.03","1,248,870.47","200,500.00","6.23","China","Hong Kong Exchanges And Clearing Ltd","CAD","5.61","HKD"
"9626","BILIBILI INC","Communication","Equity","1,242,542.22","0.03","1,242,542.22","60,820.00","20.43","China","Hong Kong Exchanges And Clearing Ltd","CAD","5.61","HKD"
"6990","SICHUAN KELUN-BIOTECH BIOPHARM LTD","Health Care","Equity","1,242,037.35","0.03","1,242,037.35","15,100.00","82.25","China","Hong Kong Exchanges And Clearing Ltd","CAD","5.61","HKD"
"2268","WUXI XDC CAYMAN INC","Health Care","Equity","1,241,031.91","0.03","1,241,031.91","91,000.00","13.64","China","Hong Kong Exchanges And Clearing Ltd","CAD","5.61","HKD"
"IHH","IHH HEALTHCARE","Health Care","Equity","1,237,722.68","0.03","1,237,722.68","471,700.00","2.62","Malaysia","Bursa Malaysia","CAD","2.93","MYR"
"HLBANK","HONG LEONG BANK","Financials","Equity","1,230,399.13","0.03","1,230,399.13","156,100.00","7.88","Malaysia","Bursa Malaysia","CAD","2.93","MYR"
"534091","MULTI COMMODITY EXCHANGE OF INDIA","Financials","Equity","1,229,003.27","0.03","1,229,003.27","25,818.00","47.60","India","Bse Ltd","CAD","68.59","INR"
"601166","INDUSTRIAL BANK A","Financials","Equity","1,227,787.33","0.03","1,227,787.33","331,600.00","3.70","China","Shanghai Stock Exchange","CAD","4.80","CNY"
"135","KUNLUN ENERGY LTD","Utilities","Equity","1,226,591.97","0.03","1,226,591.97","900,000.00","1.36","China","Hong Kong Exchanges And Clearing Ltd","CAD","5.61","HKD"
"ICICIGI","ICICI LOMBARD GENERAL INSURANCE CO","Financials","Equity","1,226,740.64","0.03","1,226,740.64","56,599.00","21.67","India","National Stock Exchange Of India","CAD","68.59","INR"
"ORDS","OOREDOO","Communication","Equity","1,226,209.83","0.03","1,226,209.83","253,744.00","4.83","Qatar","Qatar Exchange","CAD","2.60","QAR"
"YESBANK","YES BANK","Financials","Equity","1,224,765.00","0.03","1,224,765.00","3,632,089.00","0.34","India","National Stock Exchange Of India","CAD","68.59","INR"
"078930","GS HOLDINGS","Industrials","Equity","1,221,768.07","0.03","1,221,768.07","10,587.00","115.40","Korea (South)","Korea Exchange (Stock Market)","CAD","987.85","KRW"
"966","CHINA TAIPING INSURANCE HLDGS LTD","Financials","Equity","1,219,097.47","0.03","1,219,097.47","331,000.00","3.68","China","Hong Kong Exchanges And Clearing Ltd","CAD","5.61","HKD"
"1605","WALSIN LIHWA","Industrials","Equity","1,216,278.46","0.03","1,216,278.46","746,307.00","1.63","Taiwan","Taiwan Stock Exchange","CAD","22.80","TWD"
"OMU","OLD MUTUAL LIMITED","Financials","Equity","1,213,326.37","0.03","1,213,326.37","1,009,444.00","1.20","South Africa","Johannesburg Stock Exchange","CAD","11.63","ZAR"
"BH.R","BUMRUNGRAD HOSPITAL NON-VOTING DR","Health Care","Equity","1,205,823.23","0.03","1,205,823.23","145,300.00","8.30","Thailand","Stock Exchange Of Thailand","CAD","23.86","THB"
"2618","EVA AIRWAYS","Industrials","Equity","1,204,580.60","0.03","1,204,580.60","653,000.00","1.84","Taiwan","Taiwan Stock Exchange","CAD","22.80","TWD"
"SRF","SRF LTD","Materials","Equity","1,203,319.25","0.02","1,203,319.25","32,547.00","36.97","India","National Stock Exchange Of India","CAD","68.59","INR"
"2912","PRESIDENT CHAIN STORE CORP","Consumer Staples","Equity","1,202,227.03","0.02","1,202,227.03","126,000.00","9.54","Taiwan","Taiwan Stock Exchange","CAD","22.80","TWD"
"BOSCHLTD","BOSCH LTD","Consumer Discretionary","Equity","1,201,849.03","0.02","1,201,849.03","1,727.00","695.92","India","National Stock Exchange Of India","CAD","68.59","INR"
"VEDL","VEDANTA LTD","Materials","Equity","1,199,761.86","0.02","1,199,761.86","319,655.00","3.75","India","National Stock Exchange Of India","CAD","68.59","INR"
"RAIL3","RUMO SA","Industrials","Equity","1,195,803.69","0.02","1,195,803.69","295,122.00","4.05","Brazil","XBSP","CAD","3.69","BRL"
"603259","WUXI APPTEC A","Health Care","Equity","1,195,161.13","0.02","1,195,161.13","35,700.00","33.48","China","Shanghai Stock Exchange","CAD","4.80","CNY"
"6805","FOSITEK","Information Technology","Equity","1,191,917.84","0.02","1,191,917.84","13,000.00","91.69","Taiwan","Taiwan Stock Exchange","CAD","22.80","TWD"
"2609","YANG MING MARINE TRANSPORT","Industrials","Equity","1,191,303.67","0.02","1,191,303.67","438,000.00","2.72","Taiwan","Taiwan Stock Exchange","CAD","22.80","TWD"
"ABB","ABB INDIA LTD","Industrials","Equity","1,184,034.51","0.02","1,184,034.51","11,390.00","103.95","India","National Stock Exchange Of India","CAD","68.59","INR"
"002475","LUXSHARE PRECISION INDUSTRY LTD A","Information Technology","Equity","1,179,852.54","0.02","1,179,852.54","108,500.00","10.87","China","Shenzhen Stock Exchange","CAD","4.80","CNY"
"MIL","BANK MILLENNIUM SA","Financials","Equity","1,178,906.54","0.02","1,178,906.54","142,230.00","8.29","Poland","Warsaw Stock Exchange/Equities/Main Market","CAD","2.71","PLN"
"ACP","ASSECO POLAND SA","Information Technology","Equity","1,168,149.91","0.02","1,168,149.91","14,006.00","83.40","Poland","Warsaw Stock Exchange/Equities/Main Market","CAD","2.71","PLN"
"ADNOCDIST","ABU DHABI NATIONAL OIL COMPANY FOR","Consumer Discretionary","Equity","1,163,947.16","0.02","1,163,947.16","750,988.00","1.55","United Arab Emirates","Abu Dhabi Securities Exchange","CAD","2.63","AED"
"HTO","HELLENIC TELECOMMUNICATIONS ORGANI","Communication","Equity","1,162,154.99","0.02","1,162,154.99","36,536.00","31.81","Greece","Athens Exchange S.A. Cash Market","CAD","0.62","EUR"
"2377","MICRO-STAR INTERNATIONAL","Information Technology","Equity","1,161,165.74","0.02","1,161,165.74","173,000.00","6.71","Taiwan","Taiwan Stock Exchange","CAD","22.80","TWD"
"ZAB","ZABKA GROUP SOCIETE ANONYME SA","Consumer Staples","Equity","1,157,148.58","0.02","1,157,148.58","99,566.00","11.62","Poland","Warsaw Stock Exchange/Equities/Main Market","CAD","2.71","PLN"
"5289","INNODISK CORP","Information Technology","Equity","1,157,288.61","0.02","1,157,288.61","20,937.00","55.27","Taiwan","Gretai Securities Market","CAD","22.80","TWD"
"6881","CHINA GALAXY SECURITIES LTD H","Financials","Equity","1,153,290.60","0.02","1,153,290.60","858,000.00","1.34","China","Hong Kong Exchanges And Clearing Ltd","CAD","5.61","HKD"
"RHBBANK","RHB BANK","Financials","Equity","1,152,306.07","0.02","1,152,306.07","432,400.00","2.66","Malaysia","Bursa Malaysia","CAD","2.93","MYR"
"GLENMARK","GLENMARK PHARMACEUTICALS","Health Care","Equity","1,150,712.20","0.02","1,150,712.20","32,670.00","35.22","India","National Stock Exchange Of India","CAD","68.59","INR"
"HINDPETRO","HINDUSTAN PETROLEUM CORP LTD","Energy","Equity","1,143,160.72","0.02","1,143,160.72","223,653.00","5.11","India","National Stock Exchange Of India","CAD","68.59","INR"
"FMTY14","FIBRA MTY SAPI REIT","Real Estate","Equity","1,140,507.61","0.02","1,140,507.61","994,564.00","1.15","Mexico","Bolsa Mexicana De Valores","CAD","12.29","MXN"
"KIMBERA","KIMBERLY-CLARK DE MEXICO CLASS A","Consumer Staples","Equity","1,133,442.21","0.02","1,133,442.21","356,270.00","3.18","Mexico","Bolsa Mexicana De Valores","CAD","12.29","MXN"
"267270","HD CONSTRUCTION EQUIPMENT LTD","Industrials","Equity","1,131,943.19","0.02","1,131,943.19","7,869.00","143.85","Korea (South)","Korea Exchange (Stock Market)","CAD","987.85","KRW"
"RADICO","RADICO KHAITAN","Consumer Staples","Equity","1,131,829.49","0.02","1,131,829.49","17,725.00","63.85","India","National Stock Exchange Of India","CAD","68.59","INR"
"8210","BUPA ARABIA","Financials","Equity","1,130,832.63","0.02","1,130,832.63","18,725.00","60.39","Saudi Arabia","Saudi Stock Exchange","CAD","2.69","SAR"
"MUTHOOTFIN","MUTHOOT FINANCE LTD","Financials","Equity","1,129,194.99","0.02","1,129,194.99","27,960.00","40.39","India","National Stock Exchange Of India","CAD","68.59","INR"
"VIPS","VIPSHOP HOLDINGS SPONSORED ADS REP","Consumer Discretionary","Equity","1,128,031.90","0.02","1,128,031.90","66,162.00","17.05","China","New York Stock Exchange Inc.","CAD","0.71","USD"
"2615","WAN HAI LINES","Industrials","Equity","1,125,960.96","0.02","1,125,960.96","213,000.00","5.29","Taiwan","Taiwan Stock Exchange","CAD","22.80","TWD"
"GODREJCP","GODREJ CONSUMER PRODUCTS LTD","Consumer Staples","Equity","1,124,478.82","0.02","1,124,478.82","88,352.00","12.73","India","National Stock Exchange Of India","CAD","68.59","INR"
"PETGAS","PETRONAS GAS","Utilities","Equity","1,121,288.05","0.02","1,121,288.05","191,500.00","5.86","Malaysia","Bursa Malaysia","CAD","2.93","MYR"
"1519","FORTUNE ELECTRIC","Industrials","Equity","1,117,567.74","0.02","1,117,567.74","36,135.00","30.93","Taiwan","Taiwan Stock Exchange","CAD","22.80","TWD"
"TOTS3","TOTVS","Information Technology","Equity","1,116,889.31","0.02","1,116,889.31","118,850.00","9.40","Brazil","XBSP","CAD","3.69","BRL"
"ADNOCLS","ADNOC LOGISTICS & SERVICES PLC","Energy","Equity","1,114,956.75","0.02","1,114,956.75","397,269.00","2.81","United Arab Emirates","Abu Dhabi Securities Exchange","CAD","2.63","AED"
"6139","L & K ENGINEERING LTD","Industrials","Equity","1,114,323.24","0.02","1,114,323.24","36,496.00","30.53","Taiwan","Taiwan Stock Exchange","CAD","22.80","TWD"
"6257","SIGURD MICROELECTRONICS CORP","Information Technology","Equity","1,112,734.49","0.02","1,112,734.49","114,000.00","9.76","Taiwan","Taiwan Stock Exchange","CAD","22.80","TWD"
"2347","SYNNEX TECHNOLOGY INTERNATIONAL CO","Information Technology","Equity","1,111,133.27","0.02","1,111,133.27","283,000.00","3.93","Taiwan","Taiwan Stock Exchange","CAD","22.80","TWD"
"OMAB","GRUPO AEROPORTUARIO DEL CENTRO NOR","Industrials","Equity","1,109,005.29","0.02","1,109,005.29","65,229.00","17.00","Mexico","Bolsa Mexicana De Valores","CAD","12.29","MXN"
"SIEMENS","SIEMENS LTD","Industrials","Equity","1,108,426.60","0.02","1,108,426.60","20,202.00","54.87","India","National Stock Exchange Of India","CAD","68.59","INR"
"KTY","GRUPA KETY","Materials","Equity","1,103,680.97","0.02","1,103,680.97","2,370.00","465.69","Poland","Warsaw Stock Exchange/Equities/Main Market","CAD","2.71","PLN"
"SUNDARMFIN","SUNDARAM FINANCE LTD","Financials","Equity","1,102,532.79","0.02","1,102,532.79","16,219.00","67.98","India","National Stock Exchange Of India","CAD","68.59","INR"
"GRT","GROWTHPOINT PROP LTD SHS","Real Estate","Equity","1,097,678.81","0.02","1,097,678.81","796,938.00","1.38","South Africa","Johannesburg Stock Exchange","CAD","11.63","ZAR"
"LTM","LTM LTD","Information Technology","Equity","1,093,546.62","0.02","1,093,546.62","17,586.00","62.18","India","National Stock Exchange Of India","CAD","68.59","INR"
"1209","CHINA RESOURCES MIXC LIFESTYLE SER","Real Estate","Equity","1,092,899.60","0.02","1,092,899.60","164,800.00","6.63","China","Hong Kong Exchanges And Clearing Ltd","CAD","5.61","HKD"
"5110","SAUDI ENERGY","Utilities","Equity","1,089,154.67","0.02","1,089,154.67","181,355.00","6.01","Saudi Arabia","Saudi Stock Exchange","CAD","2.69","SAR"
"000100","YUHAN","Health Care","Equity","1,088,778.64","0.02","1,088,778.64","13,878.00","78.45","Korea (South)","Korea Exchange (Stock Market)","CAD","987.85","KRW"
"BELA","JUMBO","Consumer Discretionary","Equity","1,088,102.28","0.02","1,088,102.28","26,899.00","40.45","Greece","Athens Exchange S.A. Cash Market","CAD","0.62","EUR"
"3260","ADATA TECHNOLOGY LTD","Information Technology","Equity","1,087,969.18","0.02","1,087,969.18","62,786.00","17.33","Taiwan","Gretai Securities Market","CAD","22.80","TWD"
"PGE","PGE POLSKA GRUPA ENERGETYCZNA SA","Utilities","Equity","1,083,232.45","0.02","1,083,232.45","206,165.00","5.25","Poland","Warsaw Stock Exchange/Equities/Main Market","CAD","2.71","PLN"
"8996","KAORI HEAT TREATMENT LTD","Industrials","Equity","1,083,561.67","0.02","1,083,561.67","19,000.00","57.03","Taiwan","Taiwan Stock Exchange","CAD","22.80","TWD"
"011200","HMM LTD","Industrials","Equity","1,080,639.21","0.02","1,080,639.21","51,446.00","21.01","Korea (South)","Korea Exchange (Stock Market)","CAD","987.85","KRW"
"ABCAPITAL","ADITYA BIRLA CAPITAL LTD","Financials","Equity","1,075,766.13","0.02","1,075,766.13","189,205.00","5.69","India","National Stock Exchange Of India","CAD","68.59","INR"
"NATIONALUM","NATIONAL ALUMINIUM CO LTD","Materials","Equity","1,074,656.62","0.02","1,074,656.62","207,236.00","5.19","India","National Stock Exchange Of India","CAD","68.59","INR"
"600183","SHENGYI TECHNOLOGY LTD A","Information Technology","Equity","1,069,201.28","0.02","1,069,201.28","35,100.00","30.46","China","Shanghai Stock Exchange","CAD","4.80","CNY"
"AIRARABIA","AIR ARABIA","Industrials","Equity","1,064,364.49","0.02","1,064,364.49","565,793.00","1.88","United Arab Emirates","Dubai Financial Market","CAD","2.63","AED"
"QGTS","QATAR GAS TRANSPORT COMPANY LTD","Energy","Equity","1,063,746.67","0.02","1,063,746.67","674,585.00","1.58","Qatar","Qatar Exchange","CAD","2.60","QAR"
"THYAO.E","TURK HAVA YOLLARI AO A","Industrials","Equity","1,058,384.65","0.02","1,058,384.65","127,340.00","8.31","Turkey","Istanbul Stock Exchange","CAD","34.80","TRY"
"APN","ASPEN PHARMACARE","Health Care","Equity","1,055,422.80","0.02","1,055,422.80","78,795.00","13.39","South Africa","Johannesburg Stock Exchange","CAD","11.63","ZAR"
"322","TINGYI (CAYMAN ISLANDS) HOLDINGS","Consumer Staples","Equity","1,054,471.55","0.02","1,054,471.55","500,000.00","2.11","China","Hong Kong Exchanges And Clearing Ltd","CAD","5.61","HKD"
"MARK","MASRAF AL RAYAN","Financials","Equity","1,052,103.72","0.02","1,052,103.72","1,398,092.00","0.75","Qatar","Qatar Exchange","CAD","2.60","QAR"
"090430","AMOREPACIFIC","Consumer Staples","Equity","1,049,371.06","0.02","1,049,371.06","7,244.00","144.86","Korea (South)","Korea Exchange (Stock Market)","CAD","987.85","KRW"
"LODHA","LODHA DEVELOPERS LTD","Real Estate","Equity","1,047,667.07","0.02","1,047,667.07","65,146.00","16.08","India","National Stock Exchange Of India","CAD","68.59","INR"
"KCHOL.E","KOC HOLDING A","Industrials","Equity","1,046,392.03","0.02","1,046,392.03","166,510.00","6.28","Turkey","Istanbul Stock Exchange","CAD","34.80","TRY"
"2049","HIWIN TECHNOLOGIES CORP","Industrials","Equity","1,046,536.33","0.02","1,046,536.33","71,000.00","14.74","Taiwan","Taiwan Stock Exchange","CAD","22.80","TWD"
"MPHASIS","MPHASIS LTD","Information Technology","Equity","1,037,275.43","0.02","1,037,275.43","30,668.00","33.82","India","National Stock Exchange Of India","CAD","68.59","INR"
"ALR","ALIOR BANK SA","Financials","Equity","1,035,963.99","0.02","1,035,963.99","21,165.00","48.95","Poland","Warsaw Stock Exchange/Equities/Main Market","CAD","2.71","PLN"
"UNIONBANK","UNION BANK OF INDIA LTD","Financials","Equity","1,031,449.91","0.02","1,031,449.91","397,272.00","2.60","India","National Stock Exchange Of India","CAD","68.59","INR"
"PARAUCO","PARQUE ARAUCO SA","Real Estate","Equity","1,030,633.09","0.02","1,030,633.09","180,960.00","5.70","Chile","Santiago Stock Exchange","CAD","684.77","CLP"
"NAVINFLUOR","NAVIN FLUORINE INTERNATIONAL LTD","Materials","Equity","1,028,444.78","0.02","1,028,444.78","8,582.00","119.84","India","National Stock Exchange Of India","CAD","68.59","INR"
"8358","CO-TECH DEVELOPMENT CORP","Information Technology","Equity","1,028,572.01","0.02","1,028,572.01","49,000.00","20.99","Taiwan","Gretai Securities Market","CAD","22.80","TWD"
"OPTIMA","OPTIMA BANK S.A.","Financials","Equity","1,027,676.72","0.02","1,027,676.72","48,098.00","21.37","Greece","Athens Exchange S.A. Cash Market","CAD","0.62","EUR"
"ADANIENSOL","ADANI ENERGY SOLUTIONS LTD","Utilities","Equity","1,026,398.45","0.02","1,026,398.45","50,767.00","20.22","India","National Stock Exchange Of India","CAD","68.59","INR"
"TIMS3","TIM","Communication","Equity","1,025,494.61","0.02","1,025,494.61","194,105.00","5.28","Brazil","XBSP","CAD","3.69","BRL"
"APARINDS","APAR INDUSTRIES LTD","Industrials","Equity","1,025,868.91","0.02","1,025,868.91","3,953.00","259.52","India","National Stock Exchange Of India","CAD","68.59","INR"
"XTB","XTB","Financials","Equity","1,020,158.28","0.02","1,020,158.28","18,791.00","54.29","Poland","Warsaw Stock Exchange/Equities/Main Market","CAD","2.71","PLN"
"MALLPLAZA","PLAZA SA","Real Estate","Equity","1,019,834.68","0.02","1,019,834.68","179,064.00","5.70","Chile","Santiago Stock Exchange","CAD","684.77","CLP"
"AUGO","AURA MINERALS INC","Materials","Equity","1,017,905.08","0.02","1,017,905.08","8,204.00","124.07","Brazil","NASDAQ","CAD","0.71","USD"
"MOTV3","MOTIVA INFRAESTRUTURA DE MOBILIDAD","Industrials","Equity","1,017,158.99","0.02","1,017,158.99","232,946.00","4.37","Brazil","XBSP","CAD","3.69","BRL"
"047040","DAEWOO ENGINEERING & CONSTRUCTION","Industrials","Equity","1,015,405.84","0.02","1,015,405.84","54,249.00","18.72","Korea (South)","Korea Exchange (Stock Market)","CAD","987.85","KRW"
"PTTGC.R","PTT GLOBAL CHEMICAL NON-VOTING DR","Materials","Equity","1,014,984.21","0.02","1,014,984.21","491,700.00","2.06","Thailand","Stock Exchange Of Thailand","CAD","23.86","THB"
"QIIK","QATAR INTERNATIONAL ISLAMIC BANK","Financials","Equity","1,011,028.75","0.02","1,011,028.75","247,595.00","4.08","Qatar","Qatar Exchange","CAD","2.60","QAR"
"SWB","SUNWAY BHD","Industrials","Equity","1,010,281.51","0.02","1,010,281.51","656,500.00","1.54","Malaysia","Bursa Malaysia","CAD","2.93","MYR"
"002384","SUZHOU DONGSHAN PRECISION MANUFACT","Information Technology","Equity","1,009,249.57","0.02","1,009,249.57","25,000.00","40.37","China","Shenzhen Stock Exchange","CAD","4.80","CNY"
"KEI","KEI INDUSTRIES LTD","Industrials","Equity","1,007,159.21","0.02","1,007,159.21","15,150.00","66.48","India","National Stock Exchange Of India","CAD","68.59","INR"
"2455","VISUAL PHOTONICS EPITAXY","Information Technology","Equity","1,007,317.53","0.02","1,007,317.53","43,000.00","23.43","Taiwan","Taiwan Stock Exchange","CAD","22.80","TWD"
"2474","CATCHER TECHNOLOGY","Information Technology","Equity","1,006,133.07","0.02","1,006,133.07","110,000.00","9.15","Taiwan","Taiwan Stock Exchange","CAD","22.80","TWD"
"EXX","EXXARO RESOURCES","Energy","Equity","1,000,033.59","0.02","1,000,033.59","61,541.00","16.25","South Africa","Johannesburg Stock Exchange","CAD","11.63","ZAR"
"1988","CHINA MINSHENG BANKING H","Financials","Equity","998,677.26","0.02","998,677.26","1,567,000.00","0.64","China","Hong Kong Exchanges And Clearing Ltd","CAD","5.61","HKD"
"ENGI11","ENERGISA UNITS","Utilities","Equity","997,988.98","0.02","997,988.98","70,615.00","14.13","Brazil","XBSP","CAD","3.69","BRL"
"300394","SUZHOU TFC OPTICAL COMMUNICATIONIN","Information Technology","Equity","998,030.08","0.02","998,030.08","17,232.00","57.92","China","Shenzhen Stock Exchange","CAD","4.80","CNY"
"3264","ARDENTEC CORP","Information Technology","Equity","997,512.84","0.02","997,512.84","93,000.00","10.73","Taiwan","Gretai Securities Market","CAD","22.80","TWD"
"1898","CHINA COAL ENERGY LTD H","Energy","Equity","996,726.09","0.02","996,726.09","524,000.00","1.90","China","Hong Kong Exchanges And Clearing Ltd","CAD","5.61","HKD"
"039030","EO TECHNICS LTD","Information Technology","Equity","996,777.91","0.02","996,777.91","2,129.00","468.19","Korea (South)","Korea Exchange (Kosdaq)","CAD","987.85","KRW"
"TIINDIA","TUBE INVESTMENTS OF INDIA LTD","Consumer Discretionary","Equity","994,730.73","0.02","994,730.73","26,255.00","37.89","India","National Stock Exchange Of India","CAD","68.59","INR"
"9688","ZAI LAB LTD","Health Care","Equity","994,790.43","0.02","994,790.43","283,260.00","3.51","China","Hong Kong Exchanges And Clearing Ltd","CAD","5.61","HKD"
"285","BYD ELECTRONIC (INTERNATIONAL) LTD","Information Technology","Equity","993,716.88","0.02","993,716.88","235,000.00","4.23","China","Hong Kong Exchanges And Clearing Ltd","CAD","5.61","HKD"
"BAJAJHLDNG","BAJAJ HOLDINGS AND INVESTMENT LTD","Financials","Equity","993,891.37","0.02","993,891.37","6,192.00","160.51","India","National Stock Exchange Of India","CAD","68.59","INR"
"MTM","MOMENTUM GROUP","Financials","Equity","992,785.13","0.02","992,785.13","302,276.00","3.28","South Africa","Johannesburg Stock Exchange","CAD","11.63","ZAR"
"270","GUANGDONG INVESTMENT LTD","Utilities","Equity","992,825.52","0.02","992,825.52","630,000.00","1.58","China","Hong Kong Exchanges And Clearing Ltd","CAD","5.61","HKD"
"168","TSINGTAO BREWERY COMPANY-500 LTD H","Consumer Staples","Equity","990,828.89","0.02","990,828.89","140,000.00","7.08","China","Hong Kong Exchanges And Clearing Ltd","CAD","5.61","HKD"
"138930","BNK FINANCIAL GROUP INC","Financials","Equity","988,653.10","0.02","988,653.10","62,127.00","15.91","Korea (South)","Korea Exchange (Stock Market)","CAD","987.85","KRW"
"688012","ADVANCED MICRO-FABRICATION EQUIPME","Information Technology","Equity","988,283.68","0.02","988,283.68","13,489.00","73.27","China","Shanghai Stock Exchange","CAD","4.80","CNY"
"039490","KIWOOM SECURITIES","Financials","Equity","983,209.50","0.02","983,209.50","3,693.00","266.24","Korea (South)","Korea Exchange (Stock Market)","CAD","987.85","KRW"
"MRF","MRF LTD","Consumer Discretionary","Equity","982,615.64","0.02","982,615.64","541.00","1,816.30","India","National Stock Exchange Of India","CAD","68.59","INR"
"5483","SINO-AMERICAN SILICON PRODUCTS","Information Technology","Equity","982,049.05","0.02","982,049.05","123,000.00","7.98","Taiwan","Gretai Securities Market","CAD","22.80","TWD"
"352820","HYBE","Communication","Equity","981,350.30","0.02","981,350.30","5,854.00","167.64","Korea (South)","Korea Exchange (Stock Market)","CAD","987.85","KRW"
"1787","SHANDONG GOLD MINING LTD H","Materials","Equity","979,236.84","0.02","979,236.84","235,750.00","4.15","China","Hong Kong Exchanges And Clearing Ltd","CAD","5.61","HKD"
"BBNI","BANK NEGARA INDONESIA","Financials","Equity","977,751.43","0.02","977,751.43","3,315,900.00","0.29","Indonesia","Indonesia Stock Exchange","CAD","12,683.66","IDR"
"PNB","PUNJAB NATIONAL BANK","Financials","Equity","975,470.58","0.02","975,470.58","574,486.00","1.70","India","National Stock Exchange Of India","CAD","68.59","INR"
"900948","INNER MONGOLIA YITAI COAL LTD B","Energy","Equity","974,676.74","0.02","974,676.74","205,324.00","4.75","China","Shanghai Stock Exchange","CAD","0.71","USD"
"600030","CITIC SECURITIES A","Financials","Equity","974,061.16","0.02","974,061.16","178,500.00","5.46","China","Shanghai Stock Exchange","CAD","4.80","CNY"
"3324","AURAS TECHNOLOGY LTD","Information Technology","Equity","972,134.68","0.02","972,134.68","16,000.00","60.76","Taiwan","Gretai Securities Market","CAD","22.80","TWD"
"VESTA*","CORPORACION INMOBILIARIA VESTA","Real Estate","Equity","970,704.89","0.02","970,704.89","207,752.00","4.67","Mexico","Bolsa Mexicana De Valores","CAD","12.29","MXN"
"6531","AP MEMORY TECHNOLOGY","Information Technology","Equity","968,625.17","0.02","968,625.17","24,000.00","40.36","Taiwan","Taiwan Stock Exchange","CAD","22.80","TWD"
"028300","HLB LTD","Health Care","Equity","968,410.62","0.02","968,410.62","29,895.00","32.39","Korea (South)","Korea Exchange (Kosdaq)","CAD","987.85","KRW"
"6919","CALIWAY BIOPHARMACEUTICALS","Health Care","Equity","967,370.52","0.02","967,370.52","266,000.00","3.64","Taiwan","Taiwan Stock Exchange","CAD","22.80","TWD"
"2027","TA CHEN STAINLESS PIPE LTD","Materials","Equity","963,821.59","0.02","963,821.59","466,465.00","2.07","Taiwan","Taiwan Stock Exchange","CAD","22.80","TWD"
"058470","LEENO INDUSTRIAL INC","Information Technology","Equity","959,320.94","0.02","959,320.94","14,272.00","67.22","Korea (South)","Korea Exchange (Kosdaq)","CAD","987.85","KRW"
"EMAARDEV","EMAAR DEVELOPMENT","Real Estate","Equity","958,002.25","0.02","958,002.25","188,584.00","5.08","United Arab Emirates","Dubai Financial Market","CAD","2.63","AED"
"6187","ALL RING TECH","Information Technology","Equity","955,464.50","0.02","955,464.50","18,000.00","53.08","Taiwan","Gretai Securities Market","CAD","22.80","TWD"
"1258","CHINA NONFERROUS MINING CORPORATIO","Materials","Equity","954,215.64","0.02","954,215.64","346,000.00","2.76","China","Hong Kong Exchanges And Clearing Ltd","CAD","5.61","HKD"
"360ONE","360 ONE WAM LTD","Financials","Equity","953,164.21","0.02","953,164.21","61,604.00","15.47","India","National Stock Exchange Of India","CAD","68.59","INR"
"1138","COSCO SHIPPING ENERGY TRANSPORTATI","Energy","Equity","949,120.67","0.02","949,120.67","276,000.00","3.44","China","Hong Kong Exchanges And Clearing Ltd","CAD","5.61","HKD"
"144","CHINA MERCHANTS PORT HOLDINGS LTD","Industrials","Equity","945,590.90","0.02","945,590.90","318,000.00","2.97","China","Hong Kong Exchanges And Clearing Ltd","CAD","5.61","HKD"
"9880","UBTECH ROBOTICS CORP LTD H","Industrials","Equity","943,636.17","0.02","943,636.17","66,750.00","14.14","China","Hong Kong Exchanges And Clearing Ltd","CAD","5.61","HKD"
"763","ZTE CORP H","Information Technology","Equity","943,293.35","0.02","943,293.35","235,800.00","4.00","China","Hong Kong Exchanges And Clearing Ltd","CAD","5.61","HKD"
"1504","TECO ELECTRIC & MACHINERY","Industrials","Equity","942,422.28","0.02","942,422.28","303,000.00","3.11","Taiwan","Taiwan Stock Exchange","CAD","22.80","TWD"
"GROWW","BILLIONBRAINS GARAGE VENTURES LTD","Financials","Equity","940,977.48","0.02","940,977.48","344,347.00","2.73","India","National Stock Exchange Of India","CAD","68.59","INR"
"QNNS","QATAR NAVIGATION","Industrials","Equity","938,837.01","0.02","938,837.01","240,315.00","3.91","Qatar","Qatar Exchange","CAD","2.60","QAR"
"2492","WALSIN TECHNOLOGY","Information Technology","Equity","938,092.42","0.02","938,092.42","72,000.00","13.03","Taiwan","Taiwan Stock Exchange","CAD","22.80","TWD"
"3888","KINGSOFT","Communication","Equity","936,838.52","0.02","936,838.52","218,600.00","4.29","China","Hong Kong Exchanges And Clearing Ltd","CAD","5.61","HKD"
"UPL","UPL","Materials","Equity","936,208.82","0.02","936,208.82","115,759.00","8.09","India","National Stock Exchange Of India","CAD","68.59","INR"
"161390","HANKOOK TIRE & TECHNOLOGY LTD","Consumer Discretionary","Equity","934,378.88","0.02","934,378.88","15,671.00","59.62","Korea (South)","Korea Exchange (Stock Market)","CAD","987.85","KRW"
"902","HUANENG POWER INTERNATIONAL INC H","Utilities","Equity","933,054.90","0.02","933,054.90","928,000.00","1.01","China","Hong Kong Exchanges And Clearing Ltd","CAD","5.61","HKD"
"603993","CHINA MOLYBDENUM A","Materials","Equity","931,575.99","0.02","931,575.99","257,400.00","3.62","China","Shanghai Stock Exchange","CAD","4.80","CNY"
"MANKIND","MANKIND PHARMA LTD","Health Care","Equity","931,696.62","0.02","931,696.62","27,786.00","33.53","India","National Stock Exchange Of India","CAD","68.59","INR"
"3406","GENIUS ELECTRONIC OPTICAL LTD","Information Technology","Equity","931,336.61","0.02","931,336.61","22,000.00","42.33","Taiwan","Taiwan Stock Exchange","CAD","22.80","TWD"
"GMRAIRPORT","GMR AIRPORTS LTD","Industrials","Equity","927,958.98","0.02","927,958.98","669,733.00","1.39","India","National Stock Exchange Of India","CAD","68.59","INR"
"KLBN11","KLABIN UNITS SA","Materials","Equity","926,998.77","0.02","926,998.77","174,121.00","5.32","Brazil","XBSP","CAD","3.69","BRL"
"268","KINGDEE INT L SOFTWARE GROUP LTD","Information Technology","Equity","926,023.01","0.02","926,023.01","715,000.00","1.30","China","Hong Kong Exchanges And Clearing Ltd","CAD","5.61","HKD"
"NHPC","NHPC LTD","Utilities","Equity","924,361.38","0.02","924,361.38","843,147.00","1.10","India","National Stock Exchange Of India","CAD","68.59","INR"
"CENCOSUD","CENCOSUD","Consumer Staples","Equity","923,983.84","0.02","923,983.84","302,734.00","3.05","Chile","Santiago Stock Exchange","CAD","684.77","CLP"
"2812","TAICHUNG COMMERCIAL BANK","Financials","Equity","923,079.91","0.02","923,079.91","1,079,066.00","0.86","Taiwan","Taiwan Stock Exchange","CAD","22.80","TWD"
"IOICORP","IOI CORPORATION","Consumer Staples","Equity","920,697.28","0.02","920,697.28","555,200.00","1.66","Malaysia","Bursa Malaysia","CAD","2.93","MYR"
"5434","TOPCO SCIENTIFIC LTD","Information Technology","Equity","920,185.58","0.02","920,185.58","39,577.00","23.25","Taiwan","Taiwan Stock Exchange","CAD","22.80","TWD"
"OFSS","ORACLE FINANCIAL SERVICES SOFTWARE","Information Technology","Equity","918,853.90","0.02","918,853.90","5,424.00","169.41","India","National Stock Exchange Of India","CAD","68.59","INR"
"240810","WONIK IPS LTD","Information Technology","Equity","917,271.04","0.02","917,271.04","7,679.00","119.45","Korea (South)","Korea Exchange (Kosdaq)","CAD","987.85","KRW"
"PIRAMALFIN","PIRAMAL FINANCE LTD","Financials","Equity","914,887.41","0.02","914,887.41","27,844.00","32.86","India","National Stock Exchange Of India","CAD","68.59","INR"
"3491","UNIVERSAL MICROWAVE TECHNOLOGY INC","Information Technology","Equity","912,034.30","0.02","912,034.30","14,000.00","65.15","Taiwan","Gretai Securities Market","CAD","22.80","TWD"
"600000","SHANGHAI PUDONG DEVELOPMENT BANK A","Financials","Equity","911,498.01","0.02","911,498.01","482,300.00","1.89","China","Shanghai Stock Exchange","CAD","4.80","CNY"
"PRESTIGE","PRESTIGE ESTATES PROJECTS","Real Estate","Equity","911,618.49","0.02","911,618.49","43,421.00","20.99","India","National Stock Exchange Of India","CAD","68.59","INR"
"IPCALAB","IPCA LABORATORIES LTD","Health Care","Equity","910,653.94","0.02","910,653.94","31,703.00","28.72","India","National Stock Exchange Of India","CAD","68.59","INR"
"005385","HYUNDAI MOTOR S1 PREF","Consumer Discretionary","Equity","908,916.29","0.02","908,916.29","5,196.00","174.93","Korea (South)","Korea Exchange (Stock Market)","CAD","987.85","KRW"
"CLS","CLICKS GROUP","Consumer Staples","Equity","908,397.98","0.02","908,397.98","51,214.00","17.74","South Africa","Johannesburg Stock Exchange","CAD","11.63","ZAR"
"LTF","L&T FINANCE LTD","Financials","Equity","908,619.73","0.02","908,619.73","206,169.00","4.41","India","National Stock Exchange Of India","CAD","68.59","INR"
"277810","RAINBOW ROBOTICS","Industrials","Equity","908,753.01","0.02","908,753.01","2,095.00","433.77","Korea (South)","Korea Exchange (Kosdaq)","CAD","987.85","KRW"
"353200","DAEDUCKELECTRONICS LTD","Information Technology","Equity","907,461.21","0.02","907,461.21","8,902.00","101.94","Korea (South)","Korea Exchange (Stock Market)","CAD","987.85","KRW"
"4300","DAR AL ARKAN REAL ESTATE DEVELOPME","Real Estate","Equity","904,372.76","0.02","904,372.76","127,706.00","7.08","Saudi Arabia","Saudi Stock Exchange","CAD","2.69","SAR"
"323410","KAKAOBANK","Financials","Equity","899,522.21","0.02","899,522.21","42,927.00","20.95","Korea (South)","Korea Exchange (Stock Market)","CAD","987.85","KRW"
"6886","HUATAI SECURITIES H","Financials","Equity","899,033.36","0.02","899,033.36","301,800.00","2.98","China","Hong Kong Exchanges And Clearing Ltd","CAD","5.61","HKD"
"WELCORP","WELSPUN CORP LTD","Materials","Equity","898,532.49","0.02","898,532.49","25,051.00","35.87","India","National Stock Exchange Of India","CAD","68.59","INR"
"AXIA7","AXIA ENERGIA PRF SA","Utilities","Equity","898,207.05","0.02","898,207.05","59,619.00","15.07","Brazil","XBSP","CAD","3.69","BRL"
"4250","JABAL OMAR DEVELOPMENT","Consumer Discretionary","Equity","896,001.14","0.02","896,001.14","141,060.00","6.35","Saudi Arabia","Saudi Stock Exchange","CAD","2.69","SAR"
"PCHEM","PETRONAS CHEMICALS GROUP","Materials","Equity","894,993.37","0.02","894,993.37","539,700.00","1.66","Malaysia","Bursa Malaysia","CAD","2.93","MYR"
"SMPH","SM PRIME HOLDINGS","Real Estate","Equity","894,397.60","0.02","894,397.60","2,332,400.00","0.38","Philippines","Philippine Stock Exchange Inc.","CAD","44.85","PHP"
"009830","HANWHA SOLUTIONS CORP","Materials","Equity","891,491.30","0.02","891,491.30","31,009.00","28.75","Korea (South)","Korea Exchange (Stock Market)","CAD","987.85","KRW"
"300059","EAST MONEY INFORMATION LTD A","Financials","Equity","890,328.77","0.02","890,328.77","235,940.00","3.77","China","Shenzhen Stock Exchange","CAD","4.80","CNY"
"YKBNK.E","YAPI VE KREDI BANKASI A","Financials","Equity","888,716.03","0.02","888,716.03","875,663.00","1.01","Turkey","Istanbul Stock Exchange","CAD","34.80","TRY"
"ATHERENERG","ATHER ENERGY LTD","Consumer Discretionary","Equity","888,969.18","0.02","888,969.18","39,340.00","22.60","India","National Stock Exchange Of India","CAD","68.59","INR"
"2353","ACER","Information Technology","Equity","888,345.10","0.02","888,345.10","625,000.00","1.42","Taiwan","Taiwan Stock Exchange","CAD","22.80","TWD"
"TPE","TAURON POLSKA ENERGIA","Utilities","Equity","885,056.29","0.02","885,056.29","260,627.00","3.40","Poland","Warsaw Stock Exchange/Equities/Main Market","CAD","2.71","PLN"
"000333","MIDEA GROUP A","Consumer Discretionary","Equity","883,411.12","0.02","883,411.12","49,800.00","17.74","China","Shenzhen Stock Exchange","CAD","4.80","CNY"
"ENRIN","SIEMENS ENERGY INDIA LTD","Industrials","Equity","883,691.87","0.02","883,691.87","19,496.00","45.33","India","National Stock Exchange Of India","CAD","68.59","INR"
"8010","THE COOPERATIVE INSURANCE","Financials","Equity","882,355.32","0.02","882,355.32","25,537.00","34.55","Saudi Arabia","Saudi Stock Exchange","CAD","2.69","SAR"
"BANKBARODA","BANK OF BARODA LTD","Financials","Equity","881,601.65","0.02","881,601.65","260,317.00","3.39","India","National Stock Exchange Of India","CAD","68.59","INR"
"BPI","BANK OF THE PHILIPPINE ISLANDS","Financials","Equity","879,041.55","0.02","879,041.55","394,285.00","2.23","Philippines","Philippine Stock Exchange Inc.","CAD","44.85","PHP"
"DELHIVERY","DELHIVERY","Industrials","Equity","878,373.36","0.02","878,373.36","141,449.00","6.21","India","National Stock Exchange Of India","CAD","68.59","INR"
"443060","HD HYUNDAI MARINE SOLUTION LTD","Industrials","Equity","875,304.96","0.02","875,304.96","3,573.00","244.98","Korea (South)","Korea Exchange (Stock Market)","CAD","987.85","KRW"
"3998","BOSIDENG INTERNATIONAL","Consumer Discretionary","Equity","873,196.93","0.02","873,196.93","1,202,000.00","0.73","China","Hong Kong Exchanges And Clearing Ltd","CAD","5.61","HKD"
"1766","CRRC CORP LTD H","Industrials","Equity","871,249.32","0.02","871,249.32","963,000.00","0.90","China","Hong Kong Exchanges And Clearing Ltd","CAD","5.61","HKD"
"JSWENERGY","JSW ENERGY LTD","Utilities","Equity","870,161.30","0.02","870,161.30","116,576.00","7.46","India","National Stock Exchange Of India","CAD","68.59","INR"
"316","ORIENT OVERSEAS (INTERNATIONAL) LT","Industrials","Equity","867,144.64","0.02","867,144.64","33,500.00","25.88","China","Hong Kong Exchanges And Clearing Ltd","CAD","5.61","HKD"
"4190","JARIR MARKETING","Consumer Discretionary","Equity","866,254.07","0.02","866,254.07","141,520.00","6.12","Saudi Arabia","Saudi Stock Exchange","CAD","2.69","SAR"
"6285","WISTRON NEWEB","Information Technology","Equity","861,656.44","0.02","861,656.44","86,718.00","9.94","Taiwan","Taiwan Stock Exchange","CAD","22.80","TWD"
"6442","EZCONN CORP","Information Technology","Equity","861,146.38","0.02","861,146.38","13,000.00","66.24","Taiwan","Taiwan Stock Exchange","CAD","22.80","TWD"
"NMDC","NMDC LTD","Materials","Equity","860,336.60","0.02","860,336.60","730,359.00","1.18","India","National Stock Exchange Of India","CAD","68.59","INR"
"532483","CANARA BANK LTD","Financials","Equity","858,888.92","0.02","858,888.92","475,494.00","1.81","India","Bse Ltd","CAD","68.59","INR"
"1560","KINIK","Industrials","Equity","858,075.56","0.02","858,075.56","24,000.00","35.75","Taiwan","Taiwan Stock Exchange","CAD","22.80","TWD"
"PINFRA*","PROMOTORA Y OPERADORA DE INFRAESTR","Industrials","Equity","858,154.25","0.02","858,154.25","40,755.00","21.06","Mexico","Bolsa Mexicana De Valores","CAD","12.29","MXN"
"180640","HANJIN KAL","Consumer Discretionary","Equity","857,324.92","0.02","857,324.92","6,071.00","141.22","Korea (South)","Korea Exchange (Stock Market)","CAD","987.85","KRW"
"KALYANKJIL","KALYAN JEWELLERS INDIA","Consumer Discretionary","Equity","856,930.34","0.02","856,930.34","101,091.00","8.48","India","National Stock Exchange Of India","CAD","68.59","INR"
"SALIK","SALIK COMPANY P.J.S.C","Industrials","Equity","851,209.24","0.02","851,209.24","420,164.00","2.03","United Arab Emirates","Dubai Financial Market","CAD","2.63","AED"
"REDINGTON","REDINGTON LTD","Information Technology","Equity","850,533.47","0.02","850,533.47","145,815.00","5.83","India","National Stock Exchange Of India","CAD","68.59","INR"
"RDF","REDEFINE PROPERTIES","Real Estate","Equity","850,971.80","0.02","850,971.80","1,646,844.00","0.52","South Africa","Johannesburg Stock Exchange","CAD","11.63","ZAR"
"1402","FAR EASTERN NEW CENTURY CORP","Industrials","Equity","849,341.26","0.02","849,341.26","689,000.00","1.23","Taiwan","Taiwan Stock Exchange","CAD","22.80","TWD"
"1519","J&T GLOBAL EXPRESS","Industrials","Equity","846,540.99","0.02","846,540.99","525,000.00","1.61","China","Hong Kong Exchanges And Clearing Ltd","CAD","5.61","HKD"
"2333","GREAT WALL MOTOR COMPANY LTD H","Consumer Discretionary","Equity","845,717.83","0.02","845,717.83","635,500.00","1.33","China","Hong Kong Exchanges And Clearing Ltd","CAD","5.61","HKD"
"CSMG3","COMPANHIA DE SANEAMENTO DE MINAS G","Utilities","Equity","845,970.33","0.02","845,970.33","55,631.00","15.21","Brazil","XBSP","CAD","3.69","BRL"
"403870","HPSP LTD","Information Technology","Equity","844,518.87","0.02","844,518.87","15,711.00","53.75","Korea (South)","Korea Exchange (Kosdaq)","CAD","987.85","KRW"
"601088","CHINA SHENHUA ENERGY LTD A","Energy","Equity","842,550.93","0.02","842,550.93","86,900.00","9.70","China","Shanghai Stock Exchange","CAD","4.80","CNY"
"000990","DB HITEK LTD","Information Technology","Equity","842,775.08","0.02","842,775.08","6,687.00","126.03","Korea (South)","Korea Exchange (Stock Market)","CAD","987.85","KRW"
"108490","ROBOTIS LTD","Information Technology","Equity","841,963.71","0.02","841,963.71","2,683.00","313.81","Korea (South)","Korea Exchange (Kosdaq)","CAD","987.85","KRW"
"COPEC","EMPRESAS COPEC SA","Consumer Discretionary","Equity","839,470.39","0.02","839,470.39","89,400.00","9.39","Chile","Santiago Stock Exchange","CAD","684.77","CLP"
"BBAJIOO","BANCO DEL BAJIO INSTITUCION DE BAN","Financials","Equity","838,972.40","0.02","838,972.40","180,470.00","4.65","Mexico","Bolsa Mexicana De Valores","CAD","12.29","MXN"
"1099","SINOPHARM GROUP LTD H","Health Care","Equity","839,191.07","0.02","839,191.07","313,200.00","2.68","China","Hong Kong Exchanges And Clearing Ltd","CAD","5.61","HKD"
"000858","WULIANGYE YIBIN LTD A","Consumer Staples","Equity","839,266.35","0.02","839,266.35","58,200.00","14.42","China","Shenzhen Stock Exchange","CAD","4.80","CNY"
"7750","SYNTEC TECHNOLOGY LTD","Industrials","Equity","833,508.98","0.02","833,508.98","10,000.00","83.35","Taiwan","Taiwan Stock Exchange","CAD","22.80","TWD"
"066970","L&F LTD","Industrials","Equity","833,528.59","0.02","833,528.59","7,398.00","112.67","Korea (South)","Korea Exchange (Stock Market)","CAD","987.85","KRW"
"2228","XTALPI HOLDINGS LTD","Health Care","Equity","829,694.41","0.02","829,694.41","675,000.00","1.23","China","Hong Kong Exchanges And Clearing Ltd","CAD","5.61","HKD"
"1929","CHOW TAI FOOK JEWELLERY GROUP LTD","Consumer Discretionary","Equity","826,643.66","0.02","826,643.66","420,400.00","1.97","China","Hong Kong Exchanges And Clearing Ltd","CAD","5.61","HKD"
"1776","GF SECURITIES H","Financials","Equity","822,974.49","0.02","822,974.49","273,000.00","3.01","China","Hong Kong Exchanges And Clearing Ltd","CAD","5.61","HKD"
"4100","MAKKAH CONSTRUCTION AND DEVELOPMEN","Real Estate","Equity","821,683.96","0.02","821,683.96","27,812.00","29.54","Saudi Arabia","Saudi Stock Exchange","CAD","2.69","SAR"
"600150","CHINA CSSC HOLDINGS LTD A","Industrials","Equity","819,199.63","0.02","819,199.63","100,800.00","8.13","China","Shanghai Stock Exchange","CAD","4.80","CNY"
"005940","NH INVESTMENT & SECURITIES","Financials","Equity","819,201.04","0.02","819,201.04","31,860.00","25.71","Korea (South)","Korea Exchange (Stock Market)","CAD","987.85","KRW"
"ASAI3","SENDAS DISTRIBUIDORA","Consumer Staples","Equity","818,588.79","0.02","818,588.79","295,619.00","2.77","Brazil","XBSP","CAD","3.69","BRL"
"6969","SMOORE INTERNATIONAL HOLDINGS","Consumer Staples","Equity","815,952.41","0.02","815,952.41","468,000.00","1.74","China","Hong Kong Exchanges And Clearing Ltd","CAD","5.61","HKD"
"KLK","KUALA LUMPUR KEPONG","Consumer Staples","Equity","815,106.88","0.02","815,106.88","105,700.00","7.71","Malaysia","Bursa Malaysia","CAD","2.93","MYR"
"GODREJPROP","GODREJ PROPERTIES LTD","Real Estate","Equity","813,374.79","0.02","813,374.79","33,245.00","24.47","India","National Stock Exchange Of India","CAD","68.59","INR"
"BIOCON","BIOCON","Health Care","Equity","812,607.96","0.02","812,607.96","146,682.00","5.54","India","National Stock Exchange Of India","CAD","68.59","INR"
"MRP","MR PRICE GROUP LTD","Consumer Discretionary","Equity","811,849.50","0.02","811,849.50","57,770.00","14.05","South Africa","Johannesburg Stock Exchange","CAD","11.63","ZAR"
"1102","ASIA CEMENT CORP","Materials","Equity","809,903.13","0.02","809,903.13","523,000.00","1.55","Taiwan","Taiwan Stock Exchange","CAD","22.80","TWD"
"002916","SHENNAN CIRCUITS LTD A","Information Technology","Equity","805,951.48","0.02","805,951.48","10,070.00","80.03","China","Shenzhen Stock Exchange","CAD","4.80","CNY"
"3450","ELITE ADVANCED LASER CORP","Information Technology","Equity","806,090.92","0.02","806,090.92","35,000.00","23.03","Taiwan","Taiwan Stock Exchange","CAD","22.80","TWD"
"TTB.R","TMBTHANACHART BANK NON-VOTING DR P","Financials","Equity","804,431.72","0.02","804,431.72","6,231,400.00","0.13","Thailand","Stock Exchange Of Thailand","CAD","23.86","THB"
"OIL","OIL INDIA LTD","Energy","Equity","801,947.64","0.02","801,947.64","115,224.00","6.96","India","National Stock Exchange Of India","CAD","68.59","INR"
"914","ANHUI CONCH CEMENT H","Materials","Equity","801,485.73","0.02","801,485.73","276,500.00","2.90","China","Hong Kong Exchanges And Clearing Ltd","CAD","5.61","HKD"
"ALWN","ALLWYN AG","Consumer Discretionary","Equity","801,728.94","0.02","801,728.94","39,234.00","20.43","Greece","Athens Exchange S.A. Cash Market","CAD","0.62","EUR"
"MISC","MISC","Industrials","Equity","801,136.76","0.02","801,136.76","291,300.00","2.75","Malaysia","Bursa Malaysia","CAD","2.93","MYR"
"TOP.R","THAI OIL NON-VOTING DR","Energy","Equity","800,177.01","0.02","800,177.01","298,300.00","2.68","Thailand","Stock Exchange Of Thailand","CAD","23.86","THB"
"MYR","MYR CASH","Cash and/or Derivatives","Cash","798,366.47","0.02","798,366.47","2,339,759.00","34.12","Malaysia","-","CAD","2.93","MYR"
"004020","HYUNDAI STEEL","Materials","Equity","798,368.63","0.02","798,368.63","23,128.00","34.52","Korea (South)","Korea Exchange (Stock Market)","CAD","987.85","KRW"
"GBK","GULF BANK","Financials","Equity","797,850.86","0.02","797,850.86","505,531.00","1.58","Kuwait","Kuwait Stock Exchange","CAD","0.22","KWD"
"VMM","VISHAL MEGA MART","Consumer Discretionary","Equity","797,450.51","0.02","797,450.51","540,295.00","1.48","India","National Stock Exchange Of India","CAD","68.59","INR"
"601988","BANK OF CHINA LTD A","Financials","Equity","796,917.18","0.02","796,917.18","580,600.00","1.37","China","Shanghai Stock Exchange","CAD","4.80","CNY"
"5536","ACTER CORP LTD","Industrials","Equity","796,220.42","0.02","796,220.42","22,000.00","36.19","Taiwan","Gretai Securities Market","CAD","22.80","TWD"
"ALKEM","ALKEM LABORATORIES LTD","Health Care","Equity","796,509.62","0.02","796,509.62","10,215.00","77.97","India","National Stock Exchange Of India","CAD","68.59","INR"
"PETRONET","PETRONET LNG","Energy","Equity","795,142.68","0.02","795,142.68","192,419.00","4.13","India","National Stock Exchange Of India","CAD","68.59","INR"
"601857","PETROCHINA A","Energy","Equity","794,189.14","0.02","794,189.14","358,500.00","2.22","China","Shanghai Stock Exchange","CAD","4.80","CNY"
"2618","JD LOGISTICS INC","Industrials","Equity","793,518.81","0.02","793,518.81","428,000.00","1.85","China","Hong Kong Exchanges And Clearing Ltd","CAD","5.61","HKD"
"ISCTR.E","TURKIYE IS BANKASI C","Financials","Equity","789,340.59","0.02","789,340.59","2,054,602.00","0.38","Turkey","Istanbul Stock Exchange","CAD","34.80","TRY"
"390","CHINA RAILWAY GROUP LTD H","Industrials","Equity","788,949.73","0.02","788,949.73","1,329,000.00","0.59","China","Hong Kong Exchanges And Clearing Ltd","CAD","5.61","HKD"
"PAGEIND","PAGE INDUSTRIES","Consumer Discretionary","Equity","784,202.12","0.02","784,202.12","1,536.00","510.55","India","National Stock Exchange Of India","CAD","68.59","INR"
"3330","LINGBAO GOLD GROUP LTD H","Materials","Equity","782,087.38","0.02","782,087.38","183,100.00","4.27","China","Hong Kong Exchanges And Clearing Ltd","CAD","5.61","HKD"
"SAILIFE","SAI LIFE SCIENCES","Health Care","Equity","780,929.38","0.02","780,929.38","34,655.00","22.53","India","National Stock Exchange Of India","CAD","68.59","INR"
"319660","PSK INC","Information Technology","Equity","780,313.99","0.02","780,313.99","6,108.00","127.75","Korea (South)","Korea Exchange (Kosdaq)","CAD","987.85","KRW"
"BDX","BUDIMEX SA","Industrials","Equity","780,603.70","0.02","780,603.70","2,956.00","264.07","Poland","Warsaw Stock Exchange/Equities/Main Market","CAD","2.71","PLN"
"VKE","VUKILE PROPERTY REIT","Real Estate","Equity","779,404.18","0.02","779,404.18","383,304.00","2.03","South Africa","Johannesburg Stock Exchange","CAD","11.63","ZAR"
"136","CHINA RUYI HOLDINGS","Communication","Equity","778,857.83","0.02","778,857.83","2,952,000.00","0.26","China","Hong Kong Exchanges And Clearing Ltd","CAD","5.61","HKD"
"082740","HANWHA ENGINE LTD","Industrials","Equity","779,028.77","0.02","779,028.77","14,520.00","53.65","Korea (South)","Korea Exchange (Stock Market)","CAD","987.85","KRW"
"175330","JB FINANCIAL GROUP LTD","Financials","Equity","777,822.81","0.02","777,822.81","24,354.00","31.94","Korea (South)","Korea Exchange (Stock Market)","CAD","987.85","KRW"
"TM","TELEKOM MALAYSIA","Communication","Equity","776,890.53","0.02","776,890.53","291,900.00","2.66","Malaysia","Bursa Malaysia","CAD","2.93","MYR"
"TBS","TIGER BRANDS","Consumer Staples","Equity","774,493.90","0.02","774,493.90","33,819.00","22.90","South Africa","Johannesburg Stock Exchange","CAD","11.63","ZAR"
"UNOMINDA","UNO MINDA LTD","Consumer Discretionary","Equity","774,494.34","0.02","774,494.34","44,087.00","17.57","India","National Stock Exchange Of India","CAD","68.59","INR"
"222800","SIMMTECH","Information Technology","Equity","769,579.92","0.02","769,579.92","5,930.00","129.78","Korea (South)","Korea Exchange (Kosdaq)","CAD","987.85","KRW"
"HAVELLS","HAVELLS INDIA LTD","Industrials","Equity","767,965.28","0.02","767,965.28","48,239.00","15.92","India","National Stock Exchange Of India","CAD","68.59","INR"
"VOLTAS","VOLTAS LTD","Industrials","Equity","767,577.37","0.02","767,577.37","46,388.00","16.55","India","National Stock Exchange Of India","CAD","68.59","INR"
"INDIANB","INDIAN BANK","Financials","Equity","764,774.55","0.02","764,774.55","62,413.00","12.25","India","National Stock Exchange Of India","CAD","68.59","INR"
"600276","JIANGSU HENGRUI MEDICINE LTD A","Health Care","Equity","764,700.47","0.02","764,700.47","84,800.00","9.02","China","Shanghai Stock Exchange","CAD","4.80","CNY"
"AMBUJACEM","AMBUJA CEMENTS LTD","Materials","Equity","762,338.25","0.02","762,338.25","136,441.00","5.59","India","National Stock Exchange Of India","CAD","68.59","INR"
"688498","YUANJIE SEMICONDUCTOR TECHNOLOGY L","Information Technology","Equity","760,188.85","0.02","760,188.85","2,042.00","372.28","China","Shanghai Stock Exchange","CAD","4.80","CNY"
"ASTOR.E","ASTOR ENERJI A.S.","Industrials","Equity","759,644.98","0.02","759,644.98","103,470.00","7.34","Turkey","Istanbul Stock Exchange","CAD","34.80","TRY"
"OPL","ORANGE POLSKA SA","Communication","Equity","758,432.66","0.02","758,432.66","148,893.00","5.09","Poland","Warsaw Stock Exchange/Equities/Main Market","CAD","2.71","PLN"
"HFCL","HFCL LTD","Communication","Equity","757,978.76","0.02","757,978.76","248,231.00","3.05","India","National Stock Exchange Of India","CAD","68.59","INR"
"SAHOL.E","HACI OMER SABANCI HOLDING A","Financials","Equity","757,516.64","0.02","757,516.64","290,977.00","2.60","Turkey","Istanbul Stock Exchange","CAD","34.80","TRY"
"COROMANDEL","COROMANDEL INTERNATIONAL LTD","Materials","Equity","755,400.46","0.02","755,400.46","26,850.00","28.13","India","National Stock Exchange Of India","CAD","68.59","INR"
"COLPAL","COLGATE PALMOLIVE INDIA LTD","Consumer Staples","Equity","754,305.66","0.02","754,305.66","28,115.00","26.83","India","National Stock Exchange Of India","CAD","68.59","INR"
"062040","SANIL ELECTRIC LTD","Industrials","Equity","754,071.42","0.02","754,071.42","3,706.00","203.47","Korea (South)","Korea Exchange (Stock Market)","CAD","987.85","KRW"
"300408","CHAOZHOU THREE-CIRCLE (GROUP) LTD","Information Technology","Equity","753,014.39","0.02","753,014.39","28,200.00","26.70","China","Shenzhen Stock Exchange","CAD","4.80","CNY"
"GRUPOARGOS","INVERSIONES ARGOS","Materials","Equity","752,276.03","0.02","752,276.03","83,919.00","8.96","Colombia","Bolsa De Valores De Colombia","CAD","2,253.38","COP"
"WARBABANK","WARBABANK","Financials","Equity","751,933.10","0.02","751,933.10","607,326.00","1.24","Kuwait","Kuwait Stock Exchange","CAD","0.22","KWD"
"ZYDUSLIFE","ZYDUS LIFESCIENCES LTD","Health Care","Equity","751,957.16","0.02","751,957.16","45,440.00","16.55","India","National Stock Exchange Of India","CAD","68.59","INR"
"1070","TCL ELECTRONICS HOLDINGS LTD","Consumer Discretionary","Equity","751,512.87","0.02","751,512.87","249,000.00","3.02","China","Hong Kong Exchanges And Clearing Ltd","CAD","5.61","HKD"
"CPF.R","CHAROEN POKPHAND FOODS NON-VOTING","Consumer Staples","Equity","750,930.45","0.02","750,930.45","785,800.00","0.96","Thailand","Stock Exchange Of Thailand","CAD","23.86","THB"
"3023","SINBON ELECTRONICS LTD","Information Technology","Equity","750,947.72","0.02","750,947.72","54,000.00","13.91","Taiwan","Taiwan Stock Exchange","CAD","22.80","TWD"
"1030","SAUDI INVESTMENT BANK","Financials","Equity","750,434.49","0.02","750,434.49","137,017.00","5.48","Saudi Arabia","Saudi Stock Exchange","CAD","2.69","SAR"
"OBEROIRLTY","OBEROI REALTY","Real Estate","Equity","749,618.63","0.02","749,618.63","29,539.00","25.38","India","National Stock Exchange Of India","CAD","68.59","INR"
"CXSE3","CAIXA SEGURIDADE PARTICIPACOES SA","Financials","Equity","749,624.01","0.02","749,624.01","134,566.00","5.57","Brazil","XBSP","CAD","3.69","BRL"
"001450","HYUNDAI MARINE & FIRE INSURANCE","Financials","Equity","749,297.60","0.02","749,297.60","15,014.00","49.91","Korea (South)","Korea Exchange (Stock Market)","CAD","987.85","KRW"
"241560","DOOSAN BOBCAT INC","Industrials","Equity","746,569.23","0.02","746,569.23","12,190.00","61.24","Korea (South)","Korea Exchange (Stock Market)","CAD","987.85","KRW"
"3006","ELITE SEMICONDUCTOR MICROELECTRONI","Information Technology","Equity","745,266.70","0.02","745,266.70","61,000.00","12.22","Taiwan","Taiwan Stock Exchange","CAD","22.80","TWD"
"TITC","TITAN SA","Materials","Equity","744,406.51","0.02","744,406.51","9,346.00","79.65","Greece","Athens Exchange S.A. Cash Market","CAD","0.62","EUR"
"EREGL.E","EREGLI DEMIR VE CELIK FABRIKALARI","Materials","Equity","742,837.53","0.02","742,837.53","715,320.00","1.04","Turkey","Istanbul Stock Exchange","CAD","34.80","TRY"
"JSL","JINDAL STAINLESS LTD","Materials","Equity","742,563.87","0.02","742,563.87","70,308.00","10.56","India","National Stock Exchange Of India","CAD","68.59","INR"
"601939","CHINA CONSTRUCTION BANK CORP A","Financials","Equity","741,684.80","0.02","741,684.80","325,900.00","2.28","China","Shanghai Stock Exchange","CAD","4.80","CNY"
"128940","HANMI PHARM LTD","Health Care","Equity","741,340.68","0.02","741,340.68","1,422.00","521.34","Korea (South)","Korea Exchange (Stock Market)","CAD","987.85","KRW"
"3360","FAR EAST HORIZON","Financials","Equity","740,497.52","0.02","740,497.52","643,000.00","1.15","China","Hong Kong Exchanges And Clearing Ltd","CAD","5.61","HKD"
"000001","PING AN BANK LTD A","Financials","Equity","740,593.62","0.02","740,593.62","305,800.00","2.42","China","Shenzhen Stock Exchange","CAD","4.80","CNY"
"MONET","MONETA MONEY BNK","Financials","Equity","739,524.39","0.02","739,524.39","56,597.00","13.07","Czech Republic","Prague Stock Exchange","CAD","15.14","CZK"
"DIC","DUBAI INVESTMENT","Industrials","Equity","735,548.43","0.02","735,548.43","508,302.00","1.45","United Arab Emirates","Dubai Financial Market","CAD","2.63","AED"
"TORNTPOWER","TORRENT POWER LTD","Utilities","Equity","734,787.21","0.02","734,787.21","39,487.00","18.61","India","National Stock Exchange Of India","CAD","68.59","INR"
"3706","MITAC HOLDINGS CORP","Information Technology","Equity","733,799.15","0.02","733,799.15","207,790.00","3.53","Taiwan","Taiwan Stock Exchange","CAD","22.80","TWD"
"087010","PEPTRON INC","Health Care","Equity","730,782.25","0.02","730,782.25","4,881.00","149.72","Korea (South)","Korea Exchange (Kosdaq)","CAD","987.85","KRW"
"1303","ELECTRICAL INDUSTRIES","Industrials","Equity","728,296.51","0.02","728,296.51","127,017.00","5.73","Saudi Arabia","Saudi Stock Exchange","CAD","2.69","SAR"
"CEMARGOS","CEMENTOS ARGOS SA","Materials","Equity","728,457.45","0.02","728,457.45","140,059.00","5.20","Colombia","Bolsa De Valores De Colombia","CAD","2,253.38","COP"
"1772","GANFENG LITHIUM LTD H","Materials","Equity","726,301.47","0.02","726,301.47","122,200.00","5.94","China","Hong Kong Exchanges And Clearing Ltd","CAD","5.61","HKD"
"000880","HANWHA","Industrials","Equity","726,429.44","0.02","726,429.44","5,200.00","139.70","Korea (South)","Korea Exchange (Stock Market)","CAD","987.85","KRW"
"TCELL.E","TURKCELL ILETISIM HIZMETLERI A","Communication","Equity","724,487.23","0.02","724,487.23","254,292.00","2.85","Turkey","Istanbul Stock Exchange","CAD","34.80","TRY"
"RA","REGIONAL SAB DE CV","Financials","Equity","723,962.88","0.02","723,962.88","64,032.00","11.31","Mexico","Bolsa Mexicana De Valores","CAD","12.29","MXN"
"WHL","WOOLWORTHS HOLDING LTD","Consumer Discretionary","Equity","723,996.23","0.02","723,996.23","219,289.00","3.30","South Africa","Johannesburg Stock Exchange","CAD","11.63","ZAR"
"2542","HIGHWEALTH CONSTRUCTION CORP","Real Estate","Equity","722,610.10","0.02","722,610.10","351,591.00","2.06","Taiwan","Taiwan Stock Exchange","CAD","22.80","TWD"
"2290","YANBU NATIONAL PETROCHEMICALS","Materials","Equity","718,657.50","0.01","718,657.50","60,507.00","11.88","Saudi Arabia","Saudi Stock Exchange","CAD","2.69","SAR"
"1020","BANK ALJAZIRA","Financials","Equity","716,896.40","0.01","716,896.40","163,035.00","4.40","Saudi Arabia","Saudi Stock Exchange","CAD","2.69","SAR"
"002463","WUS PRINTED CIRCUIT (KUNSHAN) A","Information Technology","Equity","716,063.74","0.01","716,063.74","27,800.00","25.76","China","Shenzhen Stock Exchange","CAD","4.80","CNY"
"000725","BOE TECHNOLOGY GROUP LTD A","Information Technology","Equity","714,625.67","0.01","714,625.67","595,800.00","1.20","China","Shenzhen Stock Exchange","CAD","4.80","CNY"
"425","MINTH GROUP","Consumer Discretionary","Equity","712,797.81","0.01","712,797.81","166,600.00","4.28","China","Hong Kong Exchanges And Clearing Ltd","CAD","5.61","HKD"
"PNBHOUSING","PNB HOUSING FINANCE LTD","Financials","Equity","712,345.68","0.01","712,345.68","44,279.00","16.09","India","National Stock Exchange Of India","CAD","68.59","INR"
"EGIE3","ENGIE BRASIL ENERGIA SA","Utilities","Equity","710,928.93","0.01","710,928.93","84,887.00","8.38","Brazil","XBSP","CAD","3.69","BRL"
"9863","ZHEJIANG LEAPMOTOR TECHNOLOGY LTD","Consumer Discretionary","Equity","710,080.97","0.01","710,080.97","114,000.00","6.23","China","Hong Kong Exchanges And Clearing Ltd","CAD","5.61","HKD"
"GRUMAB","GRUMA","Consumer Staples","Equity","710,169.52","0.01","710,169.52","37,054.00","19.17","Mexico","Bolsa Mexicana De Valores","CAD","12.29","MXN"
"603986","GIGADEVICE SEMICONDUCTOR INC A","Information Technology","Equity","709,837.51","0.01","709,837.51","9,200.00","77.16","China","Shanghai Stock Exchange","CAD","4.80","CNY"
"ENELCHILE","ENEL CHILE SA","Utilities","Equity","709,047.65","0.01","709,047.65","5,955,265.00","0.12","Chile","Santiago Stock Exchange","CAD","684.77","CLP"
"ELPE","HELLENIQ ENERGY HOLDINGS S A","Energy","Equity","709,175.87","0.01","709,175.87","24,202.00","29.30","Greece","Athens Exchange S.A. Cash Market","CAD","0.62","EUR"
"002142","BANK OF NINGBO A","Financials","Equity","709,274.50","0.01","709,274.50","98,300.00","7.22","China","Shenzhen Stock Exchange","CAD","4.80","CNY"
"601601","CHINA PACIFIC INSURANCE (GROUP) A","Financials","Equity","708,236.31","0.01","708,236.31","106,500.00","6.65","China","Shanghai Stock Exchange","CAD","4.80","CNY"
"ASTERDM","ASTER DM QUALITY CARE","Health Care","Equity","706,168.88","0.01","706,168.88","63,680.00","11.09","India","National Stock Exchange Of India","CAD","68.59","INR"
"241","ALIBABA HEALTH INFORMATION TECH","Consumer Staples","Equity","703,509.91","0.01","703,509.91","1,340,000.00","0.53","China","Hong Kong Exchanges And Clearing Ltd","CAD","5.61","HKD"
"6510","CHUNGHWA PRECISION TEST TECH LTD","Information Technology","Equity","701,902.30","0.01","701,902.30","5,000.00","140.38","Taiwan","Gretai Securities Market","CAD","22.80","TWD"
"MTELEKOM","MAGYAR TELEKOM","Communication","Equity","700,349.51","0.01","700,349.51","61,028.00","11.48","Hungary","Budapest Stock Exchange","CAD","225.87","HUF"
"TATACOMM","TATA COMMUNICATIONS LTD","Communication","Equity","700,363.19","0.01","700,363.19","26,814.00","26.12","India","National Stock Exchange Of India","CAD","68.59","INR"
"BIRET","BROOKFIELD INDIA REAL ESTATE TRUST","Real Estate","Equity","700,081.40","0.01","700,081.40","141,796.00","4.94","India","National Stock Exchange Of India","CAD","68.59","INR"
"CDB","CELCOMDIGI","Communication","Equity","699,434.87","0.01","699,434.87","779,400.00","0.90","Malaysia","Bursa Malaysia","CAD","2.93","MYR"
"MULT3","MULTIPLAN EMPREENDIMENTOS IMOBILIA","Real Estate","Equity","697,762.44","0.01","697,762.44","86,859.00","8.03","Brazil","XBSP","CAD","3.69","BRL"
"4979","LUXNET CORP","Information Technology","Equity","696,731.91","0.01","696,731.91","28,565.00","24.39","Taiwan","Gretai Securities Market","CAD","22.80","TWD"
"2588","BOC AVIATION LTD","Industrials","Equity","696,058.19","0.01","696,058.19","54,800.00","12.70","China","Hong Kong Exchanges And Clearing Ltd","CAD","5.61","HKD"
"WAAREEENER","WAAREE ENERGIES LTD","Information Technology","Equity","695,467.75","0.01","695,467.75","19,290.00","36.05","India","National Stock Exchange Of India","CAD","68.59","INR"
"MABANEE","MABANEE COMPANY","Real Estate","Equity","695,793.00","0.01","695,793.00","161,496.00","4.31","Kuwait","Kuwait Stock Exchange","CAD","0.22","KWD"
"BRMS","BUMI RESOURCES MINERALS","Materials","Equity","695,863.89","0.01","695,863.89","12,008,300.00","0.06","Indonesia","Indonesia Stock Exchange","CAD","12,683.66","IDR"
"ATAT","ATOUR LIFESTYLE HOLDINGS AMERICAN","Consumer Discretionary","Equity","694,701.40","0.01","694,701.40","15,512.00","44.78","China","NASDAQ","CAD","0.71","USD"
"GENTERA*","GENTERA SAB DE CV","Financials","Equity","691,069.28","0.01","691,069.28","228,934.00","3.02","Mexico","Bolsa Mexicana De Valores","CAD","12.29","MXN"
"9969","INNOCARE PHARMA","Health Care","Equity","691,357.19","0.01","691,357.19","257,000.00","2.69","China","Hong Kong Exchanges And Clearing Ltd","CAD","5.61","HKD"
"6005","CAPITAL SECURITIES CORP","Financials","Equity","690,281.63","0.01","690,281.63","502,719.00","1.37","Taiwan","Taiwan Stock Exchange","CAD","22.80","TWD"
"2610","CHINA AIRLINES LTD","Industrials","Equity","689,189.09","0.01","689,189.09","772,000.00","0.89","Taiwan","Taiwan Stock Exchange","CAD","22.80","TWD"
"600309","WANHUA CHEMICAL GROUP LTD A","Materials","Equity","689,522.98","0.01","689,522.98","47,000.00","14.67","China","Shanghai Stock Exchange","CAD","4.80","CNY"
"601211","GUOTAI HAITONG SECURITIES LTD A","Financials","Equity","688,138.12","0.01","688,138.12","190,466.00","3.61","China","Shanghai Stock Exchange","CAD","4.80","CNY"
"SUPREMEIND","SUPREME INDUSTRIES LTD","Industrials","Equity","687,232.91","0.01","687,232.91","14,095.00","48.76","India","National Stock Exchange Of India","CAD","68.59","INR"
"1513","CHUNG-HSIN ELECTRIC & MACHINERY MF","Industrials","Equity","687,644.91","0.01","687,644.91","95,000.00","7.24","Taiwan","Taiwan Stock Exchange","CAD","22.80","TWD"
"392","BEIJING ENTERPRISES HOLDINGS LTD","Utilities","Equity","686,775.63","0.01","686,775.63","128,500.00","5.34","China","Hong Kong Exchanges And Clearing Ltd","CAD","5.61","HKD"
"INL","INVESTEC LTD","Financials","Equity","687,127.28","0.01","687,127.28","56,680.00","12.12","South Africa","Johannesburg Stock Exchange","CAD","11.63","ZAR"
"601225","SHAANXI COAL INDUSTRY LTD A","Energy","Equity","684,560.85","0.01","684,560.85","129,100.00","5.30","China","Shanghai Stock Exchange","CAD","4.80","CNY"
"051900","LG H & H LTD","Consumer Staples","Equity","682,236.80","0.01","682,236.80","2,273.00","300.15","Korea (South)","Korea Exchange (Stock Market)","CAD","987.85","KRW"
"257","CHINA EVERBRIGHT ENVIRONMENT GROUP","Industrials","Equity","681,437.31","0.01","681,437.31","773,000.00","0.88","China","Hong Kong Exchanges And Clearing Ltd","CAD","5.61","HKD"
"STNE","STONECO CLASS A","Financials","Equity","680,846.39","0.01","680,846.39","49,927.00","13.64","Brazil","NASDAQ","CAD","0.71","USD"
"JOYY","JOYY ADR","Communication","Equity","679,936.13","0.01","679,936.13","6,163.00","110.32","China","NASDAQ","CAD","0.71","USD"
"BLUESTARCO","BLUE STAR LTD","Industrials","Equity","678,952.84","0.01","678,952.84","29,988.00","22.64","India","National Stock Exchange Of India","CAD","68.59","INR"
"KIMS","KRISHNA INSTITUTE OF MEDICAL SCIEN","Health Care","Equity","677,505.59","0.01","677,505.59","58,688.00","11.54","India","National Stock Exchange Of India","CAD","68.59","INR"
"SANSERA","SANSERA ENGINEERING","Consumer Discretionary","Equity","676,602.69","0.01","676,602.69","11,552.00","58.57","India","National Stock Exchange Of India","CAD","68.59","INR"
"AMR","AMERICANA RESTAURANTS INTERNATIONA","Consumer Discretionary","Equity","675,247.21","0.01","675,247.21","738,832.00","0.91","United Arab Emirates","Abu Dhabi Securities Exchange","CAD","2.63","AED"
"189","DONGYUE GROUP LTD","Materials","Equity","673,963.31","0.01","673,963.31","314,000.00","2.15","China","Hong Kong Exchanges And Clearing Ltd","CAD","5.61","HKD"
"LREN3","LOJAS RENNER","Consumer Discretionary","Equity","673,005.18","0.01","673,005.18","222,754.00","3.02","Brazil","XBSP","CAD","3.69","BRL"
"MINT.R","MINOR INTERNATIONAL PUBLIC NON-VOT","Consumer Discretionary","Equity","669,570.68","0.01","669,570.68","746,500.00","0.90","Thailand","Stock Exchange Of Thailand","CAD","23.86","THB"
"601816","BEIJING-SHANGHAI HIGH SPEED RAILWA","Industrials","Equity","667,842.55","0.01","667,842.55","672,600.00","0.99","China","Shanghai Stock Exchange","CAD","4.80","CNY"
"JKCEMENT","J.K. CEMENT LTD","Materials","Equity","664,790.35","0.01","664,790.35","9,071.00","73.29","India","National Stock Exchange Of India","CAD","68.59","INR"
"3800","GCL TECHNOLOGY HOLDINGS","Information Technology","Equity","663,210.02","0.01","663,210.02","5,167,000.00","0.13","China","Hong Kong Exchanges And Clearing Ltd","CAD","5.61","HKD"
"139130","DGB FINANCIAL GROUP","Financials","Equity","661,106.75","0.01","661,106.75","35,726.00","18.50","Korea (South)","Korea Exchange (Stock Market)","CAD","987.85","KRW"
"600919","BANK OF JIANGSU CORPORATION A","Financials","Equity","659,274.17","0.01","659,274.17","262,500.00","2.51","China","Shanghai Stock Exchange","CAD","4.80","CNY"
"UNTR","UNITED TRACTORS","Energy","Equity","659,537.59","0.01","659,537.59","325,500.00","2.03","Indonesia","Indonesia Stock Exchange","CAD","12,683.66","IDR"
"010060","OCI HOLDINGS COMPANY LTD","Materials","Equity","657,625.16","0.01","657,625.16","3,216.00","204.49","Korea (South)","Korea Exchange (Stock Market)","CAD","987.85","KRW"
"6862","HAIDILAO INTERNATIONAL HOLDING LTD","Consumer Discretionary","Equity","657,106.03","0.01","657,106.03","388,000.00","1.69","China","Hong Kong Exchanges And Clearing Ltd","CAD","5.61","HKD"
"688008","MONTAGE TECHNOLOGY A","Information Technology","Equity","656,818.76","0.01","656,818.76","16,203.00","40.54","China","Shanghai Stock Exchange","CAD","4.80","CNY"
"ANANDRATHI","ANAND RATHI WEALTH LTD","Financials","Equity","655,787.67","0.01","655,787.67","20,378.00","32.18","India","National Stock Exchange Of India","CAD","68.59","INR"
"6409","VOLTRONIC POWER TECHNOLOGY CORP","Industrials","Equity","654,041.33","0.01","654,041.33","17,000.00","38.47","Taiwan","Taiwan Stock Exchange","CAD","22.80","TWD"
"NEULANDLAB","NEULAND LABORATORIES","Health Care","Equity","654,246.74","0.01","654,246.74","1,980.00","330.43","India","National Stock Exchange Of India","CAD","68.59","INR"
"8464","NIEN MADE ENTERPRISE","Consumer Discretionary","Equity","653,646.51","0.01","653,646.51","40,000.00","16.34","Taiwan","Taiwan Stock Exchange","CAD","22.80","TWD"
"DABUR","DABUR INDIA","Consumer Staples","Equity","649,188.44","0.01","649,188.44","115,797.00","5.61","India","National Stock Exchange Of India","CAD","68.59","INR"
"601919","COSCO SHIPPING HOLDINGS LTD A","Industrials","Equity","648,233.08","0.01","648,233.08","191,000.00","3.39","China","Shanghai Stock Exchange","CAD","4.80","CNY"
"2354","FOXCONN TECHNOLOGY LTD","Information Technology","Equity","648,597.20","0.01","648,597.20","223,000.00","2.91","Taiwan","Taiwan Stock Exchange","CAD","22.80","TWD"
"Q*","QUALITAS CONTROLADORA","Financials","Equity","647,532.84","0.01","647,532.84","50,696.00","12.77","Mexico","Bolsa Mexicana De Valores","CAD","12.29","MXN"
"1815","FULLTECH FIBER GLASS CORP","Information Technology","Equity","644,872.74","0.01","644,872.74","131,250.00","4.91","Taiwan","Gretai Securities Market","CAD","22.80","TWD"
"CPFE3","CPFL ENERGIA","Utilities","Equity","641,442.06","0.01","641,442.06","52,360.00","12.25","Brazil","XBSP","CAD","3.69","BRL"
"MBT","METROPOLITAN BANK AND TRUST CO","Financials","Equity","640,376.26","0.01","640,376.26","461,050.00","1.39","Philippines","Philippine Stock Exchange Inc.","CAD","44.85","PHP"
"MBRF3","MARFRIG GLOBAL FOODS SA","Consumer Staples","Equity","639,671.17","0.01","639,671.17","141,486.00","4.52","Brazil","XBSP","CAD","3.69","BRL"
"1193","CHINA RESOURCES GAS GROUP LTD","Utilities","Equity","638,116.63","0.01","638,116.63","219,600.00","2.91","China","Hong Kong Exchanges And Clearing Ltd","CAD","5.61","HKD"
"AIAENG","AIA ENGINEERING LTD","Industrials","Equity","636,538.61","0.01","636,538.61","10,961.00","58.07","India","National Stock Exchange Of India","CAD","68.59","INR"
"9995","REMEGEN H","Health Care","Equity","634,073.44","0.01","634,073.44","48,000.00","13.21","China","Hong Kong Exchanges And Clearing Ltd","CAD","5.61","HKD"
"KIRLOSENG","KIRLOSKAR OIL ENGINES LTD","Industrials","Equity","633,463.17","0.01","633,463.17","20,490.00","30.92","India","National Stock Exchange Of India","CAD","68.59","INR"
"SHREECEM","SHREE CEMENT LTD","Materials","Equity","631,975.35","0.01","631,975.35","1,974.00","320.15","India","National Stock Exchange Of India","CAD","68.59","INR"
"KRU","KRUK SA","Financials","Equity","632,028.60","0.01","632,028.60","4,427.00","142.77","Poland","Warsaw Stock Exchange/Equities/Main Market","CAD","2.71","PLN"
"867","CHINA MEDICAL SYSTEM HOLDINGS","Health Care","Equity","630,365.41","0.01","630,365.41","320,000.00","1.97","China","Hong Kong Exchanges And Clearing Ltd","CAD","5.61","HKD"
"ANDINA.B","EMBOTELLADORA ANDINA SERIES B","Consumer Staples","Equity","629,130.37","0.01","629,130.37","87,920.00","7.16","Chile","Santiago Stock Exchange","CAD","684.77","CLP"
"688072","PIOTECH INC A","Information Technology","Equity","628,723.32","0.01","628,723.32","4,343.00","144.77","China","Shanghai Stock Exchange","CAD","4.80","CNY"
"002714","MUYUAN FOODS GROUP LTD A","Consumer Staples","Equity","627,736.65","0.01","627,736.65","72,900.00","8.61","China","Shenzhen Stock Exchange","CAD","4.80","CNY"
"2525","HESAI GROUP CLASS B","Consumer Discretionary","Equity","625,935.74","0.01","625,935.74","210,880.00","2.97","China","Hong Kong Exchanges And Clearing Ltd","CAD","5.61","HKD"
"FFB","FORTRESS REAL EST INV B LTD","Real Estate","Equity","625,125.54","0.01","625,125.54","295,079.00","2.12","South Africa","Johannesburg Stock Exchange","CAD","11.63","ZAR"
"KARURVYSYA","KARUR VYSYA BANK LTD","Financials","Equity","624,101.00","0.01","624,101.00","129,137.00","4.83","India","National Stock Exchange Of India","CAD","68.59","INR"
"6121","SIMPLO TECHNOLOGY","Information Technology","Equity","623,464.72","0.01","623,464.72","38,000.00","16.41","Taiwan","Gretai Securities Market","CAD","22.80","TWD"
"JUBLFOOD","JUBILANT FOODWORKS LTD","Consumer Discretionary","Equity","622,945.21","0.01","622,945.21","88,983.00","7.00","India","National Stock Exchange Of India","CAD","68.59","INR"
"3374","XINTEC INC","Information Technology","Equity","621,051.93","0.01","621,051.93","33,000.00","18.82","Taiwan","Gretai Securities Market","CAD","22.80","TWD"
"2385","CHICONY ELECTRONICS LTD","Information Technology","Equity","620,174.55","0.01","620,174.55","134,000.00","4.63","Taiwan","Taiwan Stock Exchange","CAD","22.80","TWD"
"780","TONGCHENG TRAVEL HOLDINGS","Consumer Discretionary","Equity","619,473.07","0.01","619,473.07","330,000.00","1.88","China","Hong Kong Exchanges And Clearing Ltd","CAD","5.61","HKD"
"300476","VICTORY GIANT TECHNOLOGY HUIZHOU L","Information Technology","Equity","618,403.55","0.01","618,403.55","13,300.00","46.50","China","Shenzhen Stock Exchange","CAD","4.80","CNY"
"601985","CHINA NATIONAL NUCLEAR POWER LTD A","Utilities","Equity","616,277.73","0.01","616,277.73","327,900.00","1.88","China","Shanghai Stock Exchange","CAD","4.80","CNY"
"375500","DL E&C LTD","Industrials","Equity","615,727.91","0.01","615,727.91","7,241.00","85.03","Korea (South)","Korea Exchange (Stock Market)","CAD","987.85","KRW"
"EXIDEIND","EXIDE INDUSTRIES LTD","Consumer Discretionary","Equity","615,197.94","0.01","615,197.94","100,808.00","6.10","India","National Stock Exchange Of India","CAD","68.59","INR"
"AEGISLOG","AEGIS LOGISTICS LTD","Energy","Equity","615,351.71","0.01","615,351.71","31,178.00","19.74","India","National Stock Exchange Of India","CAD","68.59","INR"
"002353","YANTAI JEREH OILFIELD SERVICES GRO","Energy","Equity","615,368.45","0.01","615,368.45","24,300.00","25.32","China","Shenzhen Stock Exchange","CAD","4.80","CNY"
"BRPT","BARITO PACIFIC","Materials","Equity","614,723.63","0.01","614,723.63","4,842,823.00","0.13","Indonesia","Indonesia Stock Exchange","CAD","12,683.66","IDR"
"KCE.R","KCE ELECTRONICS NON-VOTING DR PCL","Information Technology","Equity","614,890.47","0.01","614,890.47","225,700.00","2.72","Thailand","Stock Exchange Of Thailand","CAD","23.86","THB"
"AC","AYALA CORP","Industrials","Equity","612,490.76","0.01","612,490.76","54,080.00","11.33","Philippines","Philippine Stock Exchange Inc.","CAD","44.85","PHP"
"1717","ETERNAL MATERIALS LTD","Materials","Equity","611,460.68","0.01","611,460.68","195,489.00","3.13","Taiwan","Taiwan Stock Exchange","CAD","22.80","TWD"
"TDPOWERSYS","TD POWER SYSTEMS LTD","Industrials","Equity","610,142.66","0.01","610,142.66","57,958.00","10.53","India","National Stock Exchange Of India","CAD","68.59","INR"
"006360","GS ENGINEERING & CONSTRUCTION CORP","Industrials","Equity","608,773.99","0.01","608,773.99","16,431.00","37.05","Korea (South)","Korea Exchange (Stock Market)","CAD","987.85","KRW"
"TIMECOM","TIME DOTCOM","Communication","Equity","608,224.06","0.01","608,224.06","301,100.00","2.02","Malaysia","Bursa Malaysia","CAD","2.93","MYR"
"KPIL","KALPATARU PROJECTS INTERNATIONAL","Industrials","Equity","607,493.45","0.01","607,493.45","29,779.00","20.40","India","National Stock Exchange Of India","CAD","68.59","INR"
"600028","CHINA PETROLEUM & CHEMICAL A","Energy","Equity","607,505.14","0.01","607,505.14","566,600.00","1.07","China","Shanghai Stock Exchange","CAD","4.80","CNY"
"ALOS3","ALLOS SA","Real Estate","Equity","607,091.82","0.01","607,091.82","79,125.00","7.67","Brazil","XBSP","CAD","3.69","BRL"
"2162","KEYMED BIOSCIENCES","Health Care","Equity","604,725.62","0.01","604,725.62","46,500.00","13.00","China","Hong Kong Exchanges And Clearing Ltd","CAD","5.61","HKD"
"011790","SKC","Materials","Equity","604,004.62","0.01","604,004.62","6,874.00","87.87","Korea (South)","Korea Exchange (Stock Market)","CAD","987.85","KRW"
"161890","KOLMAR KOREA LTD","Consumer Staples","Equity","601,480.14","0.01","601,480.14","4,031.00","149.21","Korea (South)","Korea Exchange (Stock Market)","CAD","987.85","KRW"
"ASTRAL","ASTRAL","Industrials","Equity","599,977.87","0.01","599,977.87","29,419.00","20.39","India","National Stock Exchange Of India","CAD","68.59","INR"
"002938","AVARY HOLDING (SHENZHEN) LTD A","Information Technology","Equity","597,932.99","0.01","597,932.99","31,600.00","18.92","China","Shenzhen Stock Exchange","CAD","4.80","CNY"
"GCC*","GRUPO CEMENTOS","Materials","Equity","596,379.18","0.01","596,379.18","40,064.00","14.89","Mexico","Bolsa Mexicana De Valores","CAD","12.29","MXN"
"000657","CHINA TUNGSTEN AND HIGHTECH MATERI","Materials","Equity","595,799.87","0.01","595,799.87","46,900.00","12.70","China","Shenzhen Stock Exchange","CAD","4.80","CNY"
"326030","SK BIOPHARMACEUTICALS LTD","Health Care","Equity","596,017.14","0.01","596,017.14","7,434.00","80.17","Korea (South)","Korea Exchange (Stock Market)","CAD","987.85","KRW"
"2451","TRANSCEND INFORMATION INC","Information Technology","Equity","595,432.49","0.01","595,432.49","49,000.00","12.15","Taiwan","Taiwan Stock Exchange","CAD","22.80","TWD"
"271560","ORION CORP","Consumer Staples","Equity","594,589.48","0.01","594,589.48","5,175.00","114.90","Korea (South)","Korea Exchange (Stock Market)","CAD","987.85","KRW"
"LICHSGFIN","LIC HOUSING FINANCE LTD","Financials","Equity","594,678.50","0.01","594,678.50","74,722.00","7.96","India","National Stock Exchange Of India","CAD","68.59","INR"
"MANAPPURAM","MANAPPURAM FINANCE LTD","Financials","Equity","593,014.23","0.01","593,014.23","128,703.00","4.61","India","National Stock Exchange Of India","CAD","68.59","INR"
"QFLS","QATAR FUEL","Energy","Equity","592,543.42","0.01","592,543.42","127,166.00","4.66","Qatar","Qatar Exchange","CAD","2.60","QAR"
"034220","LG DISPLAY LTD","Information Technology","Equity","592,239.74","0.01","592,239.74","69,814.00","8.48","Korea (South)","Korea Exchange (Stock Market)","CAD","987.85","KRW"
"3618","CHONGQING RURAL COMMERCIAL BANK LT","Financials","Equity","591,762.66","0.01","591,762.66","538,000.00","1.10","China","Hong Kong Exchanges And Clearing Ltd","CAD","5.61","HKD"
"TRY","TRY CASH","Cash and/or Derivatives","Cash","590,818.47","0.01","590,818.47","20,561,213.00","2.87","Turkey","-","CAD","34.80","TRY"
"SIME","SIME DARBY","Industrials","Equity","589,293.32","0.01","589,293.32","707,800.00","0.83","Malaysia","Bursa Malaysia","CAD","2.93","MYR"
"SMFT3","SMARTFIT ESCOLA DE GINASTICA E DAN","Consumer Discretionary","Equity","588,561.31","0.01","588,561.31","128,182.00","4.59","Brazil","XBSP","CAD","3.69","BRL"
"DUBK","DUKHAN BANK","Financials","Equity","587,466.07","0.01","587,466.07","485,494.00","1.21","Qatar","Qatar Exchange","CAD","2.60","QAR"
"1476","ECLAT TEXTILE","Consumer Discretionary","Equity","585,561.99","0.01","585,561.99","47,000.00","12.46","Taiwan","Taiwan Stock Exchange","CAD","22.80","TWD"
"FRTKF","FRONTKEN CORPORATION","Industrials","Equity","584,346.69","0.01","584,346.69","353,100.00","1.65","Malaysia","Bursa Malaysia","CAD","2.93","MYR"
"036570","NC","Communication","Equity","583,578.65","0.01","583,578.65","2,819.00","207.02","Korea (South)","Korea Exchange (Stock Market)","CAD","987.85","KRW"
"SM","SM INVESTMENTS","Industrials","Equity","582,782.35","0.01","582,782.35","48,860.00","11.93","Philippines","Philippine Stock Exchange Inc.","CAD","44.85","PHP"
"6181","LAOPU GOLD H","Consumer Discretionary","Equity","582,410.58","0.01","582,410.58","9,000.00","64.71","China","Hong Kong Exchanges And Clearing Ltd","CAD","5.61","HKD"
"GOAU4","METALURGICA GERDAU PREF SA","Materials","Equity","582,549.90","0.01","582,549.90","183,586.00","3.17","Brazil","XBSP","CAD","3.69","BRL"
"MAXIS","MAXIS","Communication","Equity","581,805.64","0.01","581,805.64","484,400.00","1.20","Malaysia","Bursa Malaysia","CAD","2.93","MYR"
"M&MFIN","MAHINDRA AND MAHINDRA FINANCIAL SE","Financials","Equity","581,339.86","0.01","581,339.86","115,348.00","5.04","India","National Stock Exchange Of India","CAD","68.59","INR"
"6944","MEGA UNION TECHNOLOGY INC","Industrials","Equity","580,815.38","0.01","580,815.38","19,300.00","30.09","Taiwan","Taiwan Stock Exchange","CAD","22.80","TWD"
"MOTILALOFS","MOTILAL OSWAL FINANCIAL SERVICES","Financials","Equity","580,409.43","0.01","580,409.43","40,267.00","14.41","India","National Stock Exchange Of India","CAD","68.59","INR"
"192820","COSMAX INC","Consumer Staples","Equity","580,155.55","0.01","580,155.55","2,107.00","275.35","Korea (South)","Korea Exchange (Stock Market)","CAD","987.85","KRW"
"IFS","INTERCORP FINANCIAL SERVICES INC","Financials","Equity","579,161.52","0.01","579,161.52","7,522.00","77.00","Peru","New York Stock Exchange Inc.","CAD","0.71","USD"
"1802","TAIWAN GLASS INDUSTRY CORP","Industrials","Equity","577,424.31","0.01","577,424.31","225,000.00","2.57","Taiwan","Taiwan Stock Exchange","CAD","22.80","TWD"
"1044","HENGAN INTERNATIONAL GROUP","Consumer Staples","Equity","575,957.18","0.01","575,957.18","164,000.00","3.51","China","Hong Kong Exchanges And Clearing Ltd","CAD","5.61","HKD"
"4263","SAL SAUDI LOGISTICS SERVICE CO","Industrials","Equity","573,943.45","0.01","573,943.45","8,957.00","64.08","Saudi Arabia","Saudi Stock Exchange","CAD","2.69","SAR"
"MTARTECH","MTAR TECHNOLOGIES","Industrials","Equity","571,342.57","0.01","571,342.57","5,551.00","102.93","India","National Stock Exchange Of India","CAD","68.59","INR"
"ICICIPRULI","ICICI PRUDENTIAL LIFE INSURANCE CO","Financials","Equity","570,998.00","0.01","570,998.00","79,850.00","7.15","India","National Stock Exchange Of India","CAD","68.59","INR"
"6789","VISERA TECHNOLOGIES","Information Technology","Equity","570,514.96","0.01","570,514.96","30,000.00","19.02","Taiwan","Taiwan Stock Exchange","CAD","22.80","TWD"
"2467","C SUN MFG LTD","Industrials","Equity","569,198.89","0.01","569,198.89","25,000.00","22.77","Taiwan","Taiwan Stock Exchange","CAD","22.80","TWD"
"300604","HANGZHOU CHANG CHUAN TECHNOLOGY LT","Information Technology","Equity","568,415.11","0.01","568,415.11","10,200.00","55.73","China","Shenzhen Stock Exchange","CAD","4.80","CNY"
"GESHIP","GREAT EASTERN SHIPPING COMPANY","Energy","Equity","566,483.71","0.01","566,483.71","27,266.00","20.78","India","National Stock Exchange Of India","CAD","68.59","INR"
"ISAE4","ISA ENERGIA BRASIL PREF SA","Utilities","Equity","566,699.06","0.01","566,699.06","76,595.00","7.40","Brazil","XBSP","CAD","3.69","BRL"
"BALKRISIND","BALKRISHNA INDUSTRIES LTD","Consumer Discretionary","Equity","565,763.73","0.01","565,763.73","17,877.00","31.65","India","National Stock Exchange Of India","CAD","68.59","INR"
"3396","LEGEND HOLDINGS CORP H","Information Technology","Equity","564,191.31","0.01","564,191.31","160,000.00","3.53","China","Hong Kong Exchanges And Clearing Ltd","CAD","5.61","HKD"
"3042","TXC","Information Technology","Equity","563,803.02","0.01","563,803.02","72,000.00","7.83","Taiwan","Taiwan Stock Exchange","CAD","22.80","TWD"
"DHBK","DOHA BANK","Financials","Equity","562,009.54","0.01","562,009.54","566,410.00","0.99","Qatar","Qatar Exchange","CAD","2.60","QAR"
"ACUTAAS","ACUTAAS CHEMICALS LTD","Health Care","Equity","561,595.23","0.01","561,595.23","11,620.00","48.33","India","National Stock Exchange Of India","CAD","68.59","INR"
"4749","ADVANCED ECHEM MATERIALS LTD","Information Technology","Equity","561,382.33","0.01","561,382.33","17,293.00","32.46","Taiwan","Gretai Securities Market","CAD","22.80","TWD"
"AMBER","AMBER ENTERPRISES INDIA LTD","Consumer Discretionary","Equity","560,964.62","0.01","560,964.62","5,461.00","102.72","India","National Stock Exchange Of India","CAD","68.59","INR"
"600887","INNER MONGOLIA YILI INDUSTRIAL GRO","Consumer Staples","Equity","559,576.81","0.01","559,576.81","101,000.00","5.54","China","Shanghai Stock Exchange","CAD","4.80","CNY"
"HYP","HYPROP INVS LTD","Real Estate","Equity","559,296.81","0.01","559,296.81","108,872.00","5.14","South Africa","Johannesburg Stock Exchange","CAD","11.63","ZAR"
"LALPATHLAB","DR LAL PATHLABS LTD","Health Care","Equity","557,350.69","0.01","557,350.69","19,863.00","28.06","India","National Stock Exchange Of India","CAD","68.59","INR"
"003690","KOREAN REINSURANCE","Financials","Equity","554,909.67","0.01","554,909.67","36,111.00","15.37","Korea (South)","Korea Exchange (Stock Market)","CAD","987.85","KRW"
"601688","HUATAI SECURITIES A","Financials","Equity","555,180.40","0.01","555,180.40","146,800.00","3.78","China","Shanghai Stock Exchange","CAD","4.80","CNY"
"CAMS","COMPUTER AGE MANAGEMENT SERVICES","Industrials","Equity","555,206.52","0.01","555,206.52","53,267.00","10.42","India","National Stock Exchange Of India","CAD","68.59","INR"
"DIALOG","DIALOG GROUP","Energy","Equity","554,440.01","0.01","554,440.01","804,400.00","0.69","Malaysia","Bursa Malaysia","CAD","2.93","MYR"
"PIIND","P.I. INDUSTRIES","Materials","Equity","554,645.17","0.01","554,645.17","16,491.00","33.63","India","National Stock Exchange Of India","CAD","68.59","INR"
"600176","CHINA JUSHI LTD A","Materials","Equity","553,732.94","0.01","553,732.94","56,300.00","9.84","China","Shanghai Stock Exchange","CAD","4.80","CNY"
"ANGELONE","ANGEL ONE LTD","Financials","Equity","551,724.07","0.01","551,724.07","128,286.00","4.30","India","National Stock Exchange Of India","CAD","68.59","INR"
"PSSA3","PORTO SEGURO SA","Financials","Equity","551,195.67","0.01","551,195.67","41,124.00","13.40","Brazil","XBSP","CAD","3.69","BRL"
"CROMPTON","CROMPTON GREAVES CONSUMER ELECTRIC","Consumer Discretionary","Equity","551,354.95","0.01","551,354.95","168,010.00","3.28","India","National Stock Exchange Of India","CAD","68.59","INR"
"IJM","IJM CORPORATION","Industrials","Equity","550,458.69","0.01","550,458.69","584,500.00","0.94","Malaysia","Bursa Malaysia","CAD","2.93","MYR"
"HYPE3","HYPERMARCAS","Health Care","Equity","550,748.14","0.01","550,748.14","86,083.00","6.40","Brazil","XBSP","CAD","3.69","BRL"
"2883","CHINA OILFIELD SERVICES LTD H","Energy","Equity","550,072.26","0.01","550,072.26","406,000.00","1.35","China","Hong Kong Exchanges And Clearing Ltd","CAD","5.61","HKD"
"384","CHINA GAS HOLDINGS LTD","Utilities","Equity","549,238.67","0.01","549,238.67","571,600.00","0.96","China","Hong Kong Exchanges And Clearing Ltd","CAD","5.61","HKD"
"HINDCOPPER","HINDUSTAN COPPER LTD","Materials","Equity","549,336.89","0.01","549,336.89","77,612.00","7.08","India","National Stock Exchange Of India","CAD","68.59","INR"
"8210","CHENBRO MICOM","Information Technology","Equity","547,220.58","0.01","547,220.58","14,000.00","39.09","Taiwan","Taiwan Stock Exchange","CAD","22.80","TWD"
"000250","SAM CHUN DANG PHARM LTD","Health Care","Equity","546,519.72","0.01","546,519.72","3,302.00","165.51","Korea (South)","Korea Exchange (Kosdaq)","CAD","987.85","KRW"
"3363","FOCI FIBER OPTIC COMMUNICATIONS","Information Technology","Equity","545,948.38","0.01","545,948.38","19,000.00","28.73","Taiwan","Gretai Securities Market","CAD","22.80","TWD"
"300274","SUNGROW POWER SUPPLY LTD A","Industrials","Equity","545,049.25","0.01","545,049.25","30,860.00","17.66","China","Shenzhen Stock Exchange","CAD","4.80","CNY"
"002281","ACCELINK TECHNOLOGIES LTD A","Information Technology","Equity","542,478.45","0.01","542,478.45","13,600.00","39.89","China","Shenzhen Stock Exchange","CAD","4.80","CNY"
"2105","CHENG SHIN RUBBER INDUSTRY LTD","Consumer Discretionary","Equity","541,386.02","0.01","541,386.02","410,000.00","1.32","Taiwan","Taiwan Stock Exchange","CAD","22.80","TWD"
"4002","AL MOUWASAT MEDICAL SERVICES","Health Care","Equity","541,121.77","0.01","541,121.77","22,342.00","24.22","Saudi Arabia","Saudi Stock Exchange","CAD","2.69","SAR"
"AJANTPHARM","AJANTA PHARMA","Health Care","Equity","540,336.95","0.01","540,336.95","10,588.00","51.03","India","National Stock Exchange Of India","CAD","68.59","INR"
"080220","JEJU SEMICONDUCTOR CORP","Information Technology","Equity","539,578.35","0.01","539,578.35","7,352.00","73.39","Korea (South)","Korea Exchange (Kosdaq)","CAD","987.85","KRW"
"9904","POU CHEN","Consumer Discretionary","Equity","539,622.49","0.01","539,622.49","496,000.00","1.09","Taiwan","Taiwan Stock Exchange","CAD","22.80","TWD"
"AVI","AVI","Consumer Staples","Equity","538,652.01","0.01","538,652.01","74,406.00","7.24","South Africa","Johannesburg Stock Exchange","CAD","11.63","ZAR"
"1111","SAUDI TADAWUL GROUP CO","Financials","Equity","537,665.56","0.01","537,665.56","11,974.00","44.90","Saudi Arabia","Saudi Stock Exchange","CAD","2.69","SAR"
"CHOLAHLDNG","CHOLAMANDALAM FINANCIAL HOLDINGS L","Financials","Equity","537,385.28","0.01","537,385.28","24,587.00","21.86","India","National Stock Exchange Of India","CAD","68.59","INR"
"4966","PARADE TECHNOLOGIES","Information Technology","Equity","536,604.31","0.01","536,604.31","22,000.00","24.39","Taiwan","Gretai Securities Market","CAD","22.80","TWD"
"600487","HENGTONG OPTIC ELECTRIC LTD A","Information Technology","Equity","534,329.36","0.01","534,329.36","37,400.00","14.29","China","Shanghai Stock Exchange","CAD","4.80","CNY"
"CRAFTSMAN","CRAFTSMAN AUTOMATION LTD","Industrials","Equity","534,469.44","0.01","534,469.44","3,352.00","159.45","India","National Stock Exchange Of India","CAD","68.59","INR"
"PREMIERENE","PREMIER ENERGIES LTD","Information Technology","Equity","533,609.52","0.01","533,609.52","41,593.00","12.83","India","National Stock Exchange Of India","CAD","68.59","INR"
"8150","CHIPMOS TECHNOLOGIES INC","Information Technology","Equity","532,480.63","0.01","532,480.63","140,000.00","3.80","Taiwan","Taiwan Stock Exchange","CAD","22.80","TWD"
"1357","MEITU INC","Communication","Equity","531,500.46","0.01","531,500.46","781,500.00","0.68","China","Hong Kong Exchanges And Clearing Ltd","CAD","5.61","HKD"
"STARHEALTH","STAR HEALTH AND ALLIED INSURANCE C","Financials","Equity","529,766.19","0.01","529,766.19","64,826.00","8.17","India","National Stock Exchange Of India","CAD","68.59","INR"
"017800","HYUNDAI ELEVATOR LTD","Industrials","Equity","529,535.78","0.01","529,535.78","7,117.00","74.40","Korea (South)","Korea Exchange (Stock Market)","CAD","987.85","KRW"
"4200","ALDREES PETROLEUM AND TRANSPORT SE","Consumer Discretionary","Equity","529,596.47","0.01","529,596.47","11,583.00","45.72","Saudi Arabia","Saudi Stock Exchange","CAD","2.69","SAR"
"2481","PAN JIT INTERNATIONAL INC","Information Technology","Equity","529,146.59","0.01","529,146.59","74,000.00","7.15","Taiwan","Taiwan Stock Exchange","CAD","22.80","TWD"
"INDF","INDOFOOD SUKSES MAKMUR","Consumer Staples","Equity","527,108.53","0.01","527,108.53","931,800.00","0.57","Indonesia","Indonesia Stock Exchange","CAD","12,683.66","IDR"
"THERMAX","THERMAX","Industrials","Equity","526,685.62","0.01","526,685.62","10,121.00","52.04","India","National Stock Exchange Of India","CAD","68.59","INR"
"3131","GRAND PLASTIC TECHNOLOGY CORP","Information Technology","Equity","525,330.00","0.01","525,330.00","5,000.00","105.07","Taiwan","Gretai Securities Market","CAD","22.80","TWD"
"300760","SHENZHEN MINDRAY BIO-MEDICAL ELECT","Health Care","Equity","523,330.82","0.01","523,330.82","16,000.00","32.71","China","Shenzhen Stock Exchange","CAD","4.80","CNY"
"2633","TAIWAN HIGH SPEED RAIL","Industrials","Equity","523,395.38","0.01","523,395.38","458,000.00","1.14","Taiwan","Taiwan Stock Exchange","CAD","22.80","TWD"
"NUVAMA","NUVAMA WEALTH MANAGEMENT LTD","Financials","Equity","522,139.32","0.01","522,139.32","21,225.00","24.60","India","National Stock Exchange Of India","CAD","68.59","INR"
"2382","ADES HOLDING CO","Energy","Equity","522,182.55","0.01","522,182.55","82,596.00","6.32","Saudi Arabia","Saudi Stock Exchange","CAD","2.69","SAR"
"1785","SOLAR APPLIED MATERIALS TECHNOLOGY","Materials","Equity","522,215.31","0.01","522,215.31","124,000.00","4.21","Taiwan","Gretai Securities Market","CAD","22.80","TWD"
"151","WANT WANT CHINA HOLDINGS","Consumer Staples","Equity","521,620.25","0.01","521,620.25","1,045,000.00","0.50","China","Hong Kong Exchanges And Clearing Ltd","CAD","5.61","HKD"
"3211","DYNAPACK INTERNATIONAL TECHNOLOGY","Information Technology","Equity","521,886.29","0.01","521,886.29","33,000.00","15.81","Taiwan","Gretai Securities Market","CAD","22.80","TWD"
"6196","MARKETECH INTERNATIONAL","Information Technology","Equity","520,636.03","0.01","520,636.03","23,000.00","22.64","Taiwan","Taiwan Stock Exchange","CAD","22.80","TWD"
"000338","WEICHAI POWER LTD A","Industrials","Equity","520,335.35","0.01","520,335.35","93,600.00","5.56","China","Shenzhen Stock Exchange","CAD","4.80","CNY"
"5269","ASMEDIA TECHNOLOGY","Information Technology","Equity","519,407.70","0.01","519,407.70","8,000.00","64.93","Taiwan","Taiwan Stock Exchange","CAD","22.80","TWD"
"298380","ABL BIO INC","Health Care","Equity","518,747.15","0.01","518,747.15","8,820.00","58.81","Korea (South)","Korea Exchange (Kosdaq)","CAD","987.85","KRW"
"AGILITY","AGILITY GLOBAL PLC","Industrials","Equity","518,752.52","0.01","518,752.52","878,866.00","0.59","United Arab Emirates","Abu Dhabi Securities Exchange","CAD","2.63","AED"
"2096","SIMCERE PHARMACEUTICAL GROUP LTD","Health Care","Equity","518,350.76","0.01","518,350.76","258,000.00","2.01","China","Hong Kong Exchanges And Clearing Ltd","CAD","5.61","HKD"
"2845","FAR EASTERN INTERNATIONAL BANK LTD","Financials","Equity","517,319.49","0.01","517,319.49","857,629.00","0.60","Taiwan","Taiwan Stock Exchange","CAD","22.80","TWD"
"PAGS","PAGSEGURO DIGITAL LTD CLASS A","Financials","Equity","516,244.57","0.01","516,244.57","38,609.00","13.37","Brazil","New York Stock Exchange Inc.","CAD","0.71","USD"
"601658","POSTAL SAVINGS BANK OF CHINA LTD A","Financials","Equity","515,565.13","0.01","515,565.13","459,400.00","1.12","China","Shanghai Stock Exchange","CAD","4.80","CNY"
"600031","SANY HEAVY INDUSTRY LTD A","Industrials","Equity","514,895.53","0.01","514,895.53","136,600.00","3.77","China","Shanghai Stock Exchange","CAD","4.80","CNY"
"13","HUTCHMED (CHINA) LTD","Health Care","Equity","514,935.09","0.01","514,935.09","132,500.00","3.89","China","Hong Kong Exchanges And Clearing Ltd","CAD","5.61","HKD"
"601766","CRRC CORP LTD A","Industrials","Equity","513,343.14","0.01","513,343.14","413,600.00","1.24","China","Shanghai Stock Exchange","CAD","4.80","CNY"
"601872","CHINA MERCHANTS ENERGY SHIPPING LT","Energy","Equity","513,671.68","0.01","513,671.68","112,700.00","4.56","China","Shanghai Stock Exchange","CAD","4.80","CNY"
"103590","ILJIN ELECTRIC LTD","Industrials","Equity","512,369.64","0.01","512,369.64","7,210.00","71.06","Korea (South)","Korea Exchange (Stock Market)","CAD","987.85","KRW"
"3896","KINGSOFT CLOUD HOLDINGS LTD","Information Technology","Equity","512,751.28","0.01","512,751.28","590,000.00","0.87","China","Hong Kong Exchanges And Clearing Ltd","CAD","5.61","HKD"
"INTR","INTER AND CO INC CLASS A","Financials","Equity","510,884.75","0.01","510,884.75","67,022.00","7.62","Brazil","NASDAQ","CAD","0.71","USD"
"MPHC","MESAIEED PETROCHEMICAL HOLDING","Materials","Equity","509,936.96","0.01","509,936.96","1,285,073.00","0.40","Qatar","Qatar Exchange","CAD","2.60","QAR"
"QL","QL RESOURCES","Consumer Staples","Equity","510,112.46","0.01","510,112.46","387,300.00","1.32","Malaysia","Bursa Malaysia","CAD","2.93","MYR"
"TAEE11","TRANSMISSORA ALIANCA ENERGIA ELETR","Utilities","Equity","506,858.44","0.01","506,858.44","45,033.00","11.26","Brazil","XBSP","CAD","3.69","BRL"
"214450","PHARMARESEARCH LTD","Health Care","Equity","507,002.40","0.01","507,002.40","1,520.00","333.55","Korea (South)","Korea Exchange (Kosdaq)","CAD","987.85","KRW"
"CARBORUNIV","CARBORUNDUM UNIVERSAL LTD","Materials","Equity","504,131.31","0.01","504,131.31","31,912.00","15.80","India","National Stock Exchange Of India","CAD","68.59","INR"
"3005","GETAC HOLDINGS CORP","Information Technology","Equity","502,123.36","0.01","502,123.36","97,000.00","5.18","Taiwan","Taiwan Stock Exchange","CAD","22.80","TWD"
"001440","TAIHAN C&S","Industrials","Equity","500,742.01","0.01","500,742.01","17,479.00","28.65","Korea (South)","Korea Exchange (Stock Market)","CAD","987.85","KRW"
"TATATECH","TATA TECHNOLOGIES LTD","Information Technology","Equity","500,185.05","0.01","500,185.05","45,218.00","11.06","India","National Stock Exchange Of India","CAD","68.59","INR"
"SIB","SHARJAH ISLAMIC BANK","Financials","Equity","499,433.71","0.01","499,433.71","435,718.00","1.15","United Arab Emirates","Abu Dhabi Securities Exchange","CAD","2.63","AED"
"601818","CHINA EVERBRIGHT BANK LTD A","Financials","Equity","497,781.72","0.01","497,781.72","782,400.00","0.64","China","Shanghai Stock Exchange","CAD","4.80","CNY"
"ABK","AL AHLI BANK","Financials","Equity","496,537.61","0.01","496,537.61","356,631.00","1.39","Kuwait","Kuwait Stock Exchange","CAD","0.22","KWD"
"2637","WISDOM MARINE LINES LTD","Industrials","Equity","496,683.61","0.01","496,683.61","111,000.00","4.47","Taiwan","Taiwan Stock Exchange","CAD","22.80","TWD"
"8039","TAIFLEX SCIENTIFIC LTD","Information Technology","Equity","496,069.45","0.01","496,069.45","44,000.00","11.27","Taiwan","Taiwan Stock Exchange","CAD","22.80","TWD"
"PARKIN","PARKIN COMPANY","Industrials","Equity","496,116.79","0.01","496,116.79","215,339.00","2.30","United Arab Emirates","Dubai Financial Market","CAD","2.63","AED"
"CARTRADE","CARTRADE TECH","Consumer Discretionary","Equity","495,956.40","0.01","495,956.40","11,579.00","42.83","India","National Stock Exchange Of India","CAD","68.59","INR"
"1503","SHIHLIN ELECTRIC AND ENGINEERING C","Industrials","Equity","493,854.07","0.01","493,854.07","57,000.00","8.66","Taiwan","Taiwan Stock Exchange","CAD","22.80","TWD"
"1908","C D INTERNATIONAL INVESTMENT GROUP","Real Estate","Equity","493,075.53","0.01","493,075.53","234,000.00","2.11","China","Hong Kong Exchanges And Clearing Ltd","CAD","5.61","HKD"
"600406","NARI TECHNOLOGY LTD A","Industrials","Equity","493,128.94","0.01","493,128.94","107,700.00","4.58","China","Shanghai Stock Exchange","CAD","4.80","CNY"
"WOCKPHARMA","WOCKHARDT","Health Care","Equity","493,385.13","0.01","493,385.13","16,331.00","30.21","India","National Stock Exchange Of India","CAD","68.59","INR"
"IIFL","IIFL FINANCE","Financials","Equity","493,465.54","0.01","493,465.54","56,740.00","8.70","India","National Stock Exchange Of India","CAD","68.59","INR"
"916","CHINA LONGYUAN POWER GROUP H","Utilities","Equity","493,054.14","0.01","493,054.14","536,000.00","0.92","China","Hong Kong Exchanges And Clearing Ltd","CAD","5.61","HKD"
"2486","I-CHIUN PRECISION INDUSTRY LTD","Information Technology","Equity","492,252.86","0.01","492,252.86","49,000.00","10.05","Taiwan","Taiwan Stock Exchange","CAD","22.80","TWD"
"6271","TONG HSING ELECTRONIC INDUSTRIES","Information Technology","Equity","492,538.00","0.01","492,538.00","49,900.00","9.87","Taiwan","Taiwan Stock Exchange","CAD","22.80","TWD"
"2371","TATUNG","Industrials","Equity","489,762.42","0.01","489,762.42","375,900.00","1.30","Taiwan","Taiwan Stock Exchange","CAD","22.80","TWD"
"052690","KEPCO ENGINEERING & CONSTRUCTION I","Industrials","Equity","487,804.25","0.01","487,804.25","3,502.00","139.29","Korea (South)","Korea Exchange (Stock Market)","CAD","987.85","KRW"
"2855","PRESIDENT SECURITIES CORP","Financials","Equity","487,339.54","0.01","487,339.54","211,600.00","2.30","Taiwan","Taiwan Stock Exchange","CAD","22.80","TWD"
"2026","PONY AI INC","Information Technology","Equity","487,115.94","0.01","487,115.94","51,800.00","9.40","China","Hong Kong Exchanges And Clearing Ltd","CAD","5.61","HKD"
"SUNDRMFAST","SUNDRAM FASTENERS LTD","Consumer Discretionary","Equity","486,670.97","0.01","486,670.97","27,213.00","17.88","India","National Stock Exchange Of India","CAD","68.59","INR"
"600015","HUA XIA BANK LTD A","Financials","Equity","486,019.30","0.01","486,019.30","371,600.00","1.31","China","Shanghai Stock Exchange","CAD","4.80","CNY"
"5904","POYA LTD","Consumer Discretionary","Equity","486,044.79","0.01","486,044.79","152,610.00","3.18","Taiwan","Gretai Securities Market","CAD","22.80","TWD"
"3898","ZHUZHOU CRRC TIMES ELECTRIC LTD H","Industrials","Equity","485,377.80","0.01","485,377.80","95,000.00","5.11","China","Hong Kong Exchanges And Clearing Ltd","CAD","5.61","HKD"
"095340","ISC TECHNOLOGY LTD","Information Technology","Equity","485,420.89","0.01","485,420.89","2,552.00","190.21","Korea (South)","Korea Exchange (Kosdaq)","CAD","987.85","KRW"
"6691","YANKEY ENGINEERING LTD","Industrials","Equity","485,694.46","0.01","485,694.46","18,150.00","26.76","Taiwan","Taiwan Stock Exchange","CAD","22.80","TWD"
"3323","CHINA NATIONAL BUILDING MATERIAL L","Materials","Equity","484,932.13","0.01","484,932.13","812,000.00","0.60","China","Hong Kong Exchanges And Clearing Ltd","CAD","5.61","HKD"
"INR","INR CASH","Cash and/or Derivatives","Cash","484,489.99","0.01","484,489.99","33,232,588.00","1.46","India","-","CAD","68.59","INR"
"SYRMA","SYRMA SGS TECHNOLOGY","Information Technology","Equity","484,864.76","0.01","484,864.76","20,559.00","23.58","India","National Stock Exchange Of India","CAD","68.59","INR"
"300033","HITHINK ROYALFLUSH INFORMATION NET","Financials","Equity","483,109.10","0.01","483,109.10","11,520.00","41.94","China","Shenzhen Stock Exchange","CAD","4.80","CNY"
"603288","FOSHAN HAI TIAN FLAVOURING & FOOD","Consumer Staples","Equity","483,122.00","0.01","483,122.00","68,340.00","7.07","China","Shanghai Stock Exchange","CAD","4.80","CNY"
"600989","NINGXIA BAOFENG ENERGY GROUP LTD A","Materials","Equity","482,150.43","0.01","482,150.43","99,500.00","4.85","China","Shanghai Stock Exchange","CAD","4.80","CNY"
"1477","MAKALOT INDUSTRIAL","Consumer Discretionary","Equity","481,868.21","0.01","481,868.21","56,620.00","8.51","Taiwan","Taiwan Stock Exchange","CAD","22.80","TWD"
"002156","TONGFU MICROELECTRONICS LTD A","Information Technology","Equity","480,452.44","0.01","480,452.44","39,500.00","12.16","China","Shenzhen Stock Exchange","CAD","4.80","CNY"
"141080","LIGA CHEM BIO INC","Health Care","Equity","479,653.99","0.01","479,653.99","5,695.00","84.22","Korea (South)","Korea Exchange (Kosdaq)","CAD","987.85","KRW"
"CSAN3","COSAN INDUSTRIA E COMERCIO","Consumer Discretionary","Equity","479,098.51","0.01","479,098.51","481,339.00","1.00","Brazil","XBSP","CAD","3.69","BRL"
"PPLPHARMA","PIRAMAL PHARMA LTD","Health Care","Equity","478,476.88","0.01","478,476.88","160,325.00","2.98","India","National Stock Exchange Of India","CAD","68.59","INR"
"PFGRUPOARG","INVERSIONES ARGOS PREF","Materials","Equity","477,226.77","0.01","477,226.77","64,938.00","7.35","Colombia","Bolsa De Valores De Colombia","CAD","2,253.38","COP"
"7030","MOBILE TELECOMMUNICATIONS","Communication","Equity","476,778.10","0.01","476,778.10","126,660.00","3.76","Saudi Arabia","Saudi Stock Exchange","CAD","2.69","SAR"
"601009","BANK OF NANJING LTD A","Financials","Equity","476,308.64","0.01","476,308.64","194,000.00","2.46","China","Shanghai Stock Exchange","CAD","4.80","CNY"
"PPB","PPB GROUP","Consumer Staples","Equity","473,790.55","0.01","473,790.55","143,000.00","3.31","Malaysia","Bursa Malaysia","CAD","2.93","MYR"
"002380","KCC","Materials","Equity","472,784.50","0.01","472,784.50","1,012.00","467.18","Korea (South)","Korea Exchange (Stock Market)","CAD","987.85","KRW"
"NIND","NATIONAL INDUSTRIES GROUP HOLDING","Industrials","Equity","472,097.16","0.01","472,097.16","433,736.00","1.09","Kuwait","Kuwait Stock Exchange","CAD","0.22","KWD"
"QEWS","NEBRAS ENERGY","Utilities","Equity","472,337.95","0.01","472,337.95","93,293.00","5.06","Qatar","Qatar Exchange","CAD","2.60","QAR"
"ALSEA*","ALSEA DE CV","Consumer Discretionary","Equity","470,074.41","0.01","470,074.41","133,854.00","3.51","Mexico","Bolsa Mexicana De Valores","CAD","12.29","MXN"
"VITROX","VITROX CORPORATION","Information Technology","Equity","469,735.53","0.01","469,735.53","143,700.00","3.27","Malaysia","Bursa Malaysia","CAD","2.93","MYR"
"1212","ASTRA INDUSTRIAL GROUP","Industrials","Equity","469,932.25","0.01","469,932.25","9,419.00","49.89","Saudi Arabia","Saudi Stock Exchange","CAD","2.69","SAR"
"601668","CHINA STATE CONSTRUCTION ENGINEERI","Industrials","Equity","469,940.56","0.01","469,940.56","527,600.00","0.89","China","Shanghai Stock Exchange","CAD","4.80","CNY"
"POONAWALLA","POONAWALLA FINCORP LTD","Financials","Equity","467,863.39","0.01","467,863.39","74,150.00","6.31","India","National Stock Exchange Of India","CAD","68.59","INR"
"300433","LENS TECHNOLOGY A","Information Technology","Equity","467,359.78","0.01","467,359.78","67,000.00","6.98","China","Shenzhen Stock Exchange","CAD","4.80","CNY"
"6214","SYSTEX CORP","Information Technology","Equity","465,668.31","0.01","465,668.31","55,000.00","8.47","Taiwan","Taiwan Stock Exchange","CAD","22.80","TWD"
"2367","GIANT BIOGENE HOLDING LTD","Consumer Staples","Equity","465,701.70","0.01","465,701.70","106,800.00","4.36","China","Hong Kong Exchanges And Clearing Ltd","CAD","5.61","HKD"
"688120","HWATSING TECHNOLOGY LTD A","Information Technology","Equity","464,449.84","0.01","464,449.84","8,402.00","55.28","China","Shanghai Stock Exchange","CAD","4.80","CNY"
"004170","SHINSEGAE INC","Consumer Discretionary","Equity","463,772.96","0.01","463,772.96","1,296.00","357.85","Korea (South)","Korea Exchange (Stock Market)","CAD","987.85","KRW"
"CONCOR","CONTAINER CORPORATION OF INDIA LTD","Industrials","Equity","463,868.59","0.01","463,868.59","65,181.00","7.12","India","National Stock Exchange Of India","CAD","68.59","INR"
"2006","TUNG HO STEEL ENTERPRISE","Materials","Equity","463,255.52","0.01","463,255.52","128,000.00","3.62","Taiwan","Taiwan Stock Exchange","CAD","22.80","TWD"
"ALI","AYALA LAND","Real Estate","Equity","462,771.11","0.01","462,771.11","1,365,600.00","0.34","Philippines","Philippine Stock Exchange Inc.","CAD","44.85","PHP"
"ENA","ENEA SA","Utilities","Equity","461,680.38","0.01","461,680.38","61,560.00","7.50","Poland","Warsaw Stock Exchange/Equities/Main Market","CAD","2.71","PLN"
"032640","LG UPLUS","Communication","Equity","460,709.08","0.01","460,709.08","31,002.00","14.86","Korea (South)","Korea Exchange (Stock Market)","CAD","987.85","KRW"
"6278","TAIWAN SURFACE MOUNTING TECHNOLOGY","Information Technology","Equity","460,096.96","0.01","460,096.96","57,000.00","8.07","Taiwan","Taiwan Stock Exchange","CAD","22.80","TWD"
"HSCL","HIMADRI SPECIALITY CHEMICAL LTD","Materials","Equity","457,496.92","0.01","457,496.92","48,031.00","9.53","India","National Stock Exchange Of India","CAD","68.59","INR"
"1585","YADEA GROUP HOLDINGS","Consumer Discretionary","Equity","457,824.27","0.01","457,824.27","292,000.00","1.57","China","Hong Kong Exchanges And Clearing Ltd","CAD","5.61","HKD"
"CUB","CITY UNION BANK LTD","Financials","Equity","456,259.33","0.01","456,259.33","135,002.00","3.38","India","National Stock Exchange Of India","CAD","68.59","INR"
"1229","LIEN HWA INDUSTRIAL HOLDINGS CORP","Consumer Staples","Equity","455,520.07","0.01","455,520.07","257,340.00","1.77","Taiwan","Taiwan Stock Exchange","CAD","22.80","TWD"
"4164","AL NAHDI MEDICAL","Consumer Staples","Equity","455,525.50","0.01","455,525.50","13,489.00","33.77","Saudi Arabia","Saudi Stock Exchange","CAD","2.69","SAR"
"RES","RESILIENT PROP LTD","Real Estate","Equity","455,939.37","0.01","455,939.37","68,825.00","6.62","South Africa","Johannesburg Stock Exchange","CAD","11.63","ZAR"
"LULU","LULU RETAIL HOLDINGS PLC","Consumer Staples","Equity","455,954.84","0.01","455,954.84","1,286,075.00","0.35","United Arab Emirates","Abu Dhabi Securities Exchange","CAD","2.63","AED"
"CYRE3","CYRELA BRAZIL REALTY SA","Consumer Discretionary","Equity","455,254.91","0.01","455,254.91","65,366.00","6.96","Brazil","XBSP","CAD","3.69","BRL"
"2310","SAHARA INTERNATIONAL PETROCHEMICAL","Materials","Equity","453,662.19","0.01","453,662.19","99,303.00","4.57","Saudi Arabia","Saudi Stock Exchange","CAD","2.69","SAR"
"2689","NINE DRAGONS PAPER HOLDINGS LTD","Materials","Equity","453,170.52","0.01","453,170.52","411,000.00","1.10","China","Hong Kong Exchanges And Clearing Ltd","CAD","5.61","HKD"
"IVL.R","INDORAMA VENTURES NON-VOTING DR","Materials","Equity","452,415.28","0.01","452,415.28","365,900.00","1.24","Thailand","Stock Exchange Of Thailand","CAD","23.86","THB"
"2915","RUENTEX INDUSTRIES LTD","Consumer Discretionary","Equity","452,446.22","0.01","452,446.22","176,000.00","2.57","Taiwan","Taiwan Stock Exchange","CAD","22.80","TWD"
"SHILPAMED","SHILPA MEDICARE LTD","Health Care","Equity","451,365.11","0.01","451,365.11","32,306.00","13.97","India","National Stock Exchange Of India","CAD","68.59","INR"
"MER","MANILA ELECTRIC","Utilities","Equity","451,389.02","0.01","451,389.02","41,780.00","10.80","Philippines","Philippine Stock Exchange Inc.","CAD","44.85","PHP"
"ALUP11","ALUPAR INVESTIMENTO UNITS","Utilities","Equity","450,323.02","0.01","450,323.02","49,713.00","9.06","Brazil","XBSP","CAD","3.69","BRL"
"600690","HAIER SMART HOME LTD A","Consumer Discretionary","Equity","450,365.30","0.01","450,365.30","104,300.00","4.32","China","Shanghai Stock Exchange","CAD","4.80","CNY"
"ASB","ASBISC ENTERPRISES PLC","Information Technology","Equity","450,661.16","0.01","450,661.16","7,785.00","57.89","Poland","Warsaw Stock Exchange/Equities/Main Market","CAD","2.71","PLN"
"INARI","INARI AMERTRON","Information Technology","Equity","449,293.20","0.01","449,293.20","518,400.00","0.87","Malaysia","Bursa Malaysia","CAD","2.93","MYR"
"226950","OLIX PHARMACEUTICALS INC","Health Care","Equity","449,588.36","0.01","449,588.36","3,889.00","115.61","Korea (South)","Korea Exchange (Kosdaq)","CAD","987.85","KRW"
"IOIPG","IOI PROPERTIES GROUP","Real Estate","Equity","448,895.68","0.01","448,895.68","352,700.00","1.27","Malaysia","Bursa Malaysia","CAD","2.93","MYR"
"9945","RUENTEX DEVELOPMENT LTD","Real Estate","Equity","449,200.58","0.01","449,200.58","353,700.00","1.27","Taiwan","Taiwan Stock Exchange","CAD","22.80","TWD"
"KTC.R","KRUNGTHAI CARD NON-VOTING DR PCL","Financials","Equity","448,335.02","0.01","448,335.02","289,100.00","1.55","Thailand","Stock Exchange Of Thailand","CAD","23.86","THB"
"4321","ARABIAN CENTRES COMPANY","Real Estate","Equity","448,679.03","0.01","448,679.03","76,512.00","5.86","Saudi Arabia","Saudi Stock Exchange","CAD","2.69","SAR"
"MEGACPO","MEGACABLE HOLDINGS CPO","Communication","Equity","447,519.70","0.01","447,519.70","105,927.00","4.22","Mexico","Bolsa Mexicana De Valores","CAD","12.29","MXN"
"BANDHANBNK","BANDHAN BANK LTD","Financials","Equity","447,721.15","0.01","447,721.15","179,070.00","2.50","India","National Stock Exchange Of India","CAD","68.59","INR"
"DRD","DRDGOLD LTD","Materials","Equity","446,841.91","0.01","446,841.91","122,286.00","3.65","South Africa","Johannesburg Stock Exchange","CAD","11.63","ZAR"
"TMGH","TALAAT MOUSTAFA GROUP","Real Estate","Equity","446,596.97","0.01","446,596.97","173,585.00","2.57","Egypt","Egyptian Exchange","CAD","37.24","EGP"
"600111","CHINA NORTHERN RARE EARTH (GROUP)","Materials","Equity","444,384.79","0.01","444,384.79","58,000.00","7.66","China","Shanghai Stock Exchange","CAD","4.80","CNY"
"FLUOROCHEM","GUJARAT FLUOROCHEMICALS LTD","Materials","Equity","442,662.57","0.01","442,662.57","6,790.00","65.19","India","National Stock Exchange Of India","CAD","68.59","INR"
"8313","RASAN INFORMATION TECHNOLOGY","Financials","Equity","441,358.17","0.01","441,358.17","8,053.00","54.81","Saudi Arabia","Saudi Stock Exchange","CAD","2.69","SAR"
"CDSL","CENTRAL DEPOSITORY SERVICES (INDIA","Financials","Equity","441,511.75","0.01","441,511.75","22,443.00","19.67","India","National Stock Exchange Of India","CAD","68.59","INR"
"ABMB","ALLIANCE BANK MALAYSIA BHD","Financials","Equity","440,719.20","0.01","440,719.20","266,311.00","1.65","Malaysia","Bursa Malaysia","CAD","2.93","MYR"
"NXST","NEXUS SELECT TRUST REIT UNITS","Real Estate","Equity","440,363.12","0.01","440,363.12","181,689.00","2.42","India","National Stock Exchange Of India","CAD","68.59","INR"
"688183","SHENGYI ELECTRONICS LTD A","Information Technology","Equity","439,961.21","0.01","439,961.21","17,525.00","25.10","China","Shanghai Stock Exchange","CAD","4.80","CNY"
"084370","EUGENE TECHNOLOGY LTD","Information Technology","Equity","439,227.02","0.01","439,227.02","3,181.00","138.08","Korea (South)","Korea Exchange (Kosdaq)","CAD","987.85","KRW"
"CPIN","CHAROEN POKPHAND INDONESIA","Consumer Staples","Equity","439,527.42","0.01","439,527.42","1,786,800.00","0.25","Indonesia","Indonesia Stock Exchange","CAD","12,683.66","IDR"
"ELGIEQUIP","ELGI EQUIPMENTS LTD","Industrials","Equity","438,957.52","0.01","438,957.52","50,749.00","8.65","India","National Stock Exchange Of India","CAD","68.59","INR"
"601869","YANGTZE OPTICAL FIBRE AND CABLE JO","Information Technology","Equity","438,396.99","0.01","438,396.99","4,500.00","97.42","China","Shanghai Stock Exchange","CAD","4.80","CNY"
"002352","S.F. HOLDING LTD A","Industrials","Equity","436,819.98","0.01","436,819.98","68,100.00","6.41","China","Shenzhen Stock Exchange","CAD","4.80","CNY"
"TATACHEM","TATA CHEMICALS LTD","Materials","Equity","437,043.77","0.01","437,043.77","38,468.00","11.36","India","National Stock Exchange Of India","CAD","68.59","INR"
"600809","SHANXI XINGHUACUN FEN WINE FACTORY","Consumer Staples","Equity","436,382.97","0.01","436,382.97","18,500.00","23.59","China","Shanghai Stock Exchange","CAD","4.80","CNY"
"1882","HAITIAN INTERNATIONAL LTD","Industrials","Equity","435,861.32","0.01","435,861.32","141,000.00","3.09","China","Hong Kong Exchanges And Clearing Ltd","CAD","5.61","HKD"
"BEM.R","BANGKOK EXPRESSWAY AND METRO PCL N","Industrials","Equity","435,325.94","0.01","435,325.94","1,527,400.00","0.29","Thailand","Stock Exchange Of Thailand","CAD","23.86","THB"
"095610","TES LTD","Information Technology","Equity","434,213.79","0.01","434,213.79","3,147.00","137.98","Korea (South)","Korea Exchange (Kosdaq)","CAD","987.85","KRW"
"1797","EAST BUY HOLDING LTD","Consumer Staples","Equity","432,998.29","0.01","432,998.29","97,000.00","4.46","China","Hong Kong Exchanges And Clearing Ltd","CAD","5.61","HKD"
"KGB","KELINGTON GROUP","Industrials","Equity","431,057.52","0.01","431,057.52","148,100.00","2.91","Malaysia","Bursa Malaysia","CAD","2.93","MYR"
"RATCH.R","RATCH GROUP PCL NON-VOTING DR","Utilities","Equity","428,757.27","0.01","428,757.27","269,200.00","1.59","Thailand","Stock Exchange Of Thailand","CAD","23.86","THB"
"586","CHINA CONCH VENTURE HOLDINGS LTD","Industrials","Equity","427,742.87","0.01","427,742.87","322,500.00","1.33","China","Hong Kong Exchanges And Clearing Ltd","CAD","5.61","HKD"
"COGN3","COGNA EDUCACAO SA","Consumer Discretionary","Equity","427,176.40","0.01","427,176.40","687,803.00","0.62","Brazil","XBSP","CAD","3.69","BRL"
"9939","TAIWAN HON CHUAN ENTERPRISE","Materials","Equity","426,688.97","0.01","426,688.97","76,889.00","5.55","Taiwan","Taiwan Stock Exchange","CAD","22.80","TWD"
"IGBREIT","IGB REITS UNITS TRUST","Real Estate","Equity","426,146.37","0.01","426,146.37","452,500.00","0.94","Malaysia","Bursa Malaysia","CAD","2.93","MYR"
"SNT","SANTAM LTD","Financials","Equity","425,832.72","0.01","425,832.72","12,080.00","35.25","South Africa","Johannesburg Stock Exchange","CAD","11.63","ZAR"
"8230","AL RAJHI COMPANY FOR COOPERATIVE I","Financials","Equity","425,855.99","0.01","425,855.99","20,758.00","20.52","Saudi Arabia","Saudi Stock Exchange","CAD","2.69","SAR"
"600886","SDIC POWER HOLDINGS LTD A","Utilities","Equity","425,930.54","0.01","425,930.54","141,600.00","3.01","China","Shanghai Stock Exchange","CAD","4.80","CNY"
"336260","DOOSAN FUEL CELL LTD","Industrials","Equity","426,038.42","0.01","426,038.42","8,367.00","50.92","Korea (South)","Korea Exchange (Stock Market)","CAD","987.85","KRW"
"960","LONGFOR GROUP HOLDINGS","Real Estate","Equity","425,260.00","0.01","425,260.00","436,500.00","0.97","China","Hong Kong Exchanges And Clearing Ltd","CAD","5.61","HKD"
"2889","IBF FINANCIAL HOLDINGS LTD SHA","Financials","Equity","425,306.93","0.01","425,306.93","560,402.00","0.76","Taiwan","Taiwan Stock Exchange","CAD","22.80","TWD"
"NTC","NETCARE","Health Care","Equity","425,117.86","0.01","425,117.86","273,176.00","1.56","South Africa","Johannesburg Stock Exchange","CAD","11.63","ZAR"
"3035","FARADAY TECHNOLOGY","Information Technology","Equity","424,366.53","0.01","424,366.53","54,042.00","7.85","Taiwan","Taiwan Stock Exchange","CAD","22.80","TWD"
"012750","S-1 CORP","Industrials","Equity","423,722.16","0.01","423,722.16","4,983.00","85.03","Korea (South)","Korea Exchange (Stock Market)","CAD","987.85","KRW"
"6414","ENNOCONN","Information Technology","Equity","423,729.64","0.01","423,729.64","26,000.00","16.30","Taiwan","Taiwan Stock Exchange","CAD","22.80","TWD"
"ANTHEM","ANTHEM BIOSCIENCES","Health Care","Equity","422,956.92","0.01","422,956.92","31,283.00","13.52","India","National Stock Exchange Of India","CAD","68.59","INR"
"BRES","BARWA REAL ESTATE","Real Estate","Equity","422,476.78","0.01","422,476.78","483,642.00","0.87","Qatar","Qatar Exchange","CAD","2.60","QAR"
"MDKA","MERDEKA COPPER GOLD","Materials","Equity","421,256.90","0.01","421,256.90","1,861,700.00","0.23","Indonesia","Indonesia Stock Exchange","CAD","12,683.66","IDR"
"TEL","PLDT INC","Communication","Equity","420,468.95","0.01","420,468.95","16,690.00","25.19","Philippines","Philippine Stock Exchange Inc.","CAD","44.85","PHP"
"354","CHINASOFT INTERNATIONAL","Information Technology","Equity","420,030.87","0.01","420,030.87","642,000.00","0.65","China","Hong Kong Exchanges And Clearing Ltd","CAD","5.61","HKD"
"ALPEKA","ALPEK SA DE CV","Materials","Equity","419,565.84","0.01","419,565.84","362,277.00","1.16","Mexico","Bolsa Mexicana De Valores","CAD","12.29","MXN"
"CPS","CYFROWY POLSAT SA","Communication","Equity","419,648.90","0.01","419,648.90","68,295.00","6.14","Poland","Warsaw Stock Exchange/Equities/Main Market","CAD","2.71","PLN"
"688525","BIWIN STORAGE TECHNOLOGY LTD A","Information Technology","Equity","419,695.19","0.01","419,695.19","9,641.00","43.53","China","Shanghai Stock Exchange","CAD","4.80","CNY"
"MDV","MODIVO SA","Consumer Discretionary","Equity","418,990.49","0.01","418,990.49","13,137.00","31.89","Poland","Warsaw Stock Exchange/Equities/Main Market","CAD","2.71","PLN"
"ADRO","ALAMTRI RESOURCES INDONESIA","Energy","Equity","419,245.89","0.01","419,245.89","1,991,600.00","0.21","Indonesia","Indonesia Stock Exchange","CAD","12,683.66","IDR"
"KRE","KUWAIT REAL EST","Real Estate","Equity","418,274.82","0.01","418,274.82","244,639.00","1.71","Kuwait","Kuwait Stock Exchange","CAD","0.22","KWD"
"067310","HANA MICRON INC","Information Technology","Equity","418,384.49","0.01","418,384.49","10,992.00","38.06","Korea (South)","Korea Exchange (Kosdaq)","CAD","987.85","KRW"
"8112","SUPREME ELECTRONICS","Information Technology","Equity","417,127.53","0.01","417,127.53","114,837.00","3.63","Taiwan","Taiwan Stock Exchange","CAD","22.80","TWD"
"2400","XD","Communication","Equity","417,364.65","0.01","417,364.65","62,800.00","6.65","China","Hong Kong Exchanges And Clearing Ltd","CAD","5.61","HKD"
"600489","ZHONGJIN GOLD CORP LTD A","Materials","Equity","416,288.72","0.01","416,288.72","83,500.00","4.99","China","Shanghai Stock Exchange","CAD","4.80","CNY"
"LEGN","LEGEND BIOTECH ADR REP","Health Care","Equity","414,631.95","0.01","414,631.95","16,863.00","24.59","China","NASDAQ","CAD","0.71","USD"
"014680","HANSOL CHEMICAL LTD","Materials","Equity","414,179.17","0.01","414,179.17","1,903.00","217.65","Korea (South)","Korea Exchange (Stock Market)","CAD","987.85","KRW"
"6186","CHINA FEIHE LTD","Consumer Staples","Equity","412,251.14","0.01","412,251.14","925,000.00","0.45","China","Hong Kong Exchanges And Clearing Ltd","CAD","5.61","HKD"
"2050","SAVOLA GROUP","Consumer Staples","Equity","411,646.20","0.01","411,646.20","42,886.00","9.60","Saudi Arabia","Saudi Stock Exchange","CAD","2.69","SAR"
"VFQS","VODAFONE QATAR","Communication","Equity","407,640.52","0.01","407,640.52","411,310.00","0.99","Qatar","Qatar Exchange","CAD","2.60","QAR"
"600660","FUYAO GLASS INDUSTRY GROUP LTD A","Consumer Discretionary","Equity","407,243.49","0.01","407,243.49","36,100.00","11.28","China","Shanghai Stock Exchange","CAD","4.80","CNY"
"NATU3","NATURA SA","Consumer Staples","Equity","406,780.63","0.01","406,780.63","188,189.00","2.16","Brazil","XBSP","CAD","3.69","BRL"
"CYIENT","CYIENT","Information Technology","Equity","406,099.00","0.01","406,099.00","26,180.00","15.51","India","National Stock Exchange Of India","CAD","68.59","INR"
"440110","FADU","Information Technology","Equity","406,125.08","0.01","406,125.08","6,308.00","64.38","Korea (South)","Korea Exchange (Kosdaq)","CAD","987.85","KRW"
"6949","PELL BIO-MED TECHNOLOGY","Health Care","Equity","405,699.53","0.01","405,699.53","170,000.00","2.39","Taiwan","Taiwan Stock Exchange","CAD","22.80","TWD"
"2330","ADVANCED PETROCHEMICAL","Materials","Equity","405,714.76","0.01","405,714.76","48,646.00","8.34","Saudi Arabia","Saudi Stock Exchange","CAD","2.69","SAR"
"8926","TAIWAN COGENERATION CORP","Utilities","Equity","403,347.26","0.01","403,347.26","156,367.00","2.58","Taiwan","Taiwan Stock Exchange","CAD","22.80","TWD"
"002493","RONGSHENG PETRO CHEMICAL LTD A","Materials","Equity","402,957.64","0.01","402,957.64","149,400.00","2.70","China","Shenzhen Stock Exchange","CAD","4.80","CNY"
"AIIL","AUTHUM INVESTMENT AND INFRASTRUCTU","Financials","Equity","402,288.92","0.01","402,288.92","52,341.00","7.69","India","National Stock Exchange Of India","CAD","68.59","INR"
"600188","YANKUANG ENERGY GROUP A","Energy","Equity","402,356.19","0.01","402,356.19","95,725.00","4.20","China","Shanghai Stock Exchange","CAD","4.80","CNY"
"TIMKEN","TIMKEN INDIA LTD","Industrials","Equity","401,150.37","0.01","401,150.37","8,639.00","46.43","India","National Stock Exchange Of India","CAD","68.59","INR"
"000776","GF SECURITIES A","Financials","Equity","400,908.79","0.01","400,908.79","96,000.00","4.18","China","Shenzhen Stock Exchange","CAD","4.80","CNY"
"111770","YOUNGONE","Consumer Discretionary","Equity","399,913.28","0.01","399,913.28","5,449.00","73.39","Korea (South)","Korea Exchange (Stock Market)","CAD","987.85","KRW"
"TOPGLOV","TOP GLOVE CORPORATION","Health Care","Equity","397,570.10","0.01","397,570.10","1,465,600.00","0.27","Malaysia","Bursa Malaysia","CAD","2.93","MYR"
"6290","LONGWELL","Industrials","Equity","396,750.27","0.01","396,750.27","34,000.00","11.67","Taiwan","Gretai Securities Market","CAD","22.80","TWD"
"KPJ","KPJ HEALTHCARE","Health Care","Equity","396,020.97","0.01","396,020.97","451,600.00","0.88","Malaysia","Bursa Malaysia","CAD","2.93","MYR"
"TATAELXSI","TATA ELXSI LTD","Information Technology","Equity","395,553.62","0.01","395,553.62","8,023.00","49.30","India","National Stock Exchange Of India","CAD","68.59","INR"
"031980","PSK HOLDINGS INC","Information Technology","Equity","394,506.56","0.01","394,506.56","2,335.00","168.95","Korea (South)","Korea Exchange (Kosdaq)","CAD","987.85","KRW"
"KPRMILL","KPR MILL","Consumer Discretionary","Equity","393,905.56","0.01","393,905.56","24,666.00","15.97","India","National Stock Exchange Of India","CAD","68.59","INR"
"ENDURANCE","ENDURANCE TECHNOLOGIES LTD","Consumer Discretionary","Equity","394,168.30","0.01","394,168.30","10,048.00","39.23","India","National Stock Exchange Of India","CAD","68.59","INR"
"601229","BANK OF SHANGHAI LTD A","Financials","Equity","393,489.58","0.01","393,489.58","196,700.00","2.00","China","Shanghai Stock Exchange","CAD","4.80","CNY"
"ATHM","AUTOHOME ADS REPRESENTING INC CLA","Communication","Equity","393,094.67","0.01","393,094.67","13,276.00","29.61","China","New York Stock Exchange Inc.","CAD","0.71","USD"
"ORAS","ORASCOM CONSTRUCTION PLC","Industrials","Equity","393,138.44","0.01","393,138.44","16,654.00","23.61","Egypt","Egyptian Exchange","CAD","37.24","EGP"
"6781","ADVANCED ENERGY SOLUTION HOLDING L","Industrials","Equity","393,240.76","0.01","393,240.76","9,000.00","43.69","Taiwan","Taiwan Stock Exchange","CAD","22.80","TWD"
"NH","NARAYANA HRUDAYALAYA","Health Care","Equity","392,555.42","0.01","392,555.42","14,410.00","27.24","India","National Stock Exchange Of India","CAD","68.59","INR"
"MEDANTA","GLOBAL HEALTH LTD","Health Care","Equity","392,595.34","0.01","392,595.34","18,911.00","20.76","India","National Stock Exchange Of India","CAD","68.59","INR"
"GLAXO","GLAXOSMITHKLINE PHARMACEUTICALS LT","Health Care","Equity","392,679.51","0.01","392,679.51","9,620.00","40.82","India","National Stock Exchange Of India","CAD","68.59","INR"
"301308","SHENZHEN LONGSYS ELECTRONICS A","Information Technology","Equity","391,435.10","0.01","391,435.10","5,600.00","69.90","China","Shenzhen Stock Exchange","CAD","4.80","CNY"
"6060","ZHONGAN ONLINE P & C INSURANCE COR","Financials","Equity","391,097.53","0.01","391,097.53","221,600.00","1.76","China","Hong Kong Exchanges And Clearing Ltd","CAD","5.61","HKD"
"DALBHARAT","DALMIA BHARAT LTD","Materials","Equity","391,350.61","0.01","391,350.61","15,853.00","24.69","India","National Stock Exchange Of India","CAD","68.59","INR"
"631","SANY HEAVY EQUIPMENT INTERNATIONAL","Industrials","Equity","390,320.27","0.01","390,320.27","254,000.00","1.54","China","Hong Kong Exchanges And Clearing Ltd","CAD","5.61","HKD"
"ARVIND","ARVIND LTD","Consumer Discretionary","Equity","389,510.55","0.01","389,510.55","49,331.00","7.90","India","National Stock Exchange Of India","CAD","68.59","INR"
"HOMEFIRST","HOME FIRST FINANCE INDIA LTD","Financials","Equity","389,093.39","0.01","389,093.39","22,747.00","17.11","India","National Stock Exchange Of India","CAD","68.59","INR"
"BOLSAA","BOLSA MEXICANA DE VALORES","Financials","Equity","388,841.43","0.01","388,841.43","125,005.00","3.11","Mexico","Bolsa Mexicana De Valores","CAD","12.29","MXN"
"009420","HANALL BIOPHARMA LTD","Health Care","Equity","387,843.63","0.01","387,843.63","7,957.00","48.74","Korea (South)","Korea Exchange (Stock Market)","CAD","987.85","KRW"
"TRALT.E","KOZA ALTIN ISLETMELERI A","Materials","Equity","387,272.00","0.01","387,272.00","271,944.00","1.42","Turkey","Istanbul Stock Exchange","CAD","34.80","TRY"
"CRC.R","CENTRAL RETAIL CORPORATION NON-VOT","Consumer Discretionary","Equity","386,670.98","0.01","386,670.98","310,100.00","1.25","Thailand","Stock Exchange Of Thailand","CAD","23.86","THB"
"AMRT","PT SUMBER ALFARIA TRIJAYA","Consumer Staples","Equity","386,280.68","0.01","386,280.68","3,697,700.00","0.10","Indonesia","Indonesia Stock Exchange","CAD","12,683.66","IDR"
"WABAG","VA TECH WABAG","Utilities","Equity","386,569.64","0.01","386,569.64","12,780.00","30.25","India","National Stock Exchange Of India","CAD","68.59","INR"
"294870","IPARK HYUNDAI DEVELOPMENT","Industrials","Equity","385,836.18","0.01","385,836.18","16,219.00","23.79","Korea (South)","Korea Exchange (Stock Market)","CAD","987.85","KRW"
"007390","NATURECELL LTD","Health Care","Equity","385,269.39","0.01","385,269.39","15,471.00","24.90","Korea (South)","Korea Exchange (Kosdaq)","CAD","987.85","KRW"
"011780","KUMHO PETRO CHEMICAL LTD","Materials","Equity","384,143.81","0.01","384,143.81","3,113.00","123.40","Korea (South)","Korea Exchange (Stock Market)","CAD","987.85","KRW"
"COM7.R","COM7 NON-VOTING DR","Consumer Discretionary","Equity","383,507.57","0.01","383,507.57","300,000.00","1.28","Thailand","Stock Exchange Of Thailand","CAD","23.86","THB"
"000792","QINGHAI SALT LAKE INDUSTRY LTD A","Materials","Equity","383,145.62","0.01","383,145.62","73,500.00","5.21","China","Shenzhen Stock Exchange","CAD","4.80","CNY"
"6098","COUNTRY GARDEN SERVICES HOLDINGS L","Real Estate","Equity","382,674.23","0.01","382,674.23","414,000.00","0.92","China","Hong Kong Exchanges And Clearing Ltd","CAD","5.61","HKD"
"ARI","AFRICAN RAINBOW MINERAL","Materials","Equity","380,945.75","0.01","380,945.75","24,350.00","15.64","South Africa","Johannesburg Stock Exchange","CAD","11.63","ZAR"
"1210","GREAT WALL ENTERPRISE","Consumer Staples","Equity","380,957.47","0.01","380,957.47","167,000.00","2.28","Taiwan","Taiwan Stock Exchange","CAD","22.80","TWD"
"HBLENGINE","HBL ENGINEERING LTD","Industrials","Equity","380,410.88","0.01","380,410.88","34,481.00","11.03","India","National Stock Exchange Of India","CAD","68.59","INR"
"2441","GREATEK ELECTRONICS INC","Information Technology","Equity","379,487.86","0.01","379,487.86","73,000.00","5.20","Taiwan","Taiwan Stock Exchange","CAD","22.80","TWD"
"APOLLOTYRE","APOLLO TYRES LTD","Consumer Discretionary","Equity","379,517.52","0.01","379,517.52","63,162.00","6.01","India","National Stock Exchange Of India","CAD","68.59","INR"
"1133","HARBIN ELECTRIC LTD H","Industrials","Equity","379,089.21","0.01","379,089.21","152,000.00","2.49","China","Hong Kong Exchanges And Clearing Ltd","CAD","5.61","HKD"
"COLBUN","COLBUN MACHICURA SA","Utilities","Equity","379,273.43","0.01","379,273.43","1,754,825.00","0.22","Chile","Santiago Stock Exchange","CAD","684.77","CLP"
"600522","JIANGSU ZHONGTIAN TECHNOLOGY LTD A","Industrials","Equity","378,026.00","0.01","378,026.00","49,800.00","7.59","China","Shanghai Stock Exchange","CAD","4.80","CNY"
"9858","CHINA YOURAN DAIRY GROUP LTD","Consumer Staples","Equity","378,262.03","0.01","378,262.03","504,000.00","0.75","China","Hong Kong Exchanges And Clearing Ltd","CAD","5.61","HKD"
"BRAP4","BRADESPAR PREF SA","Materials","Equity","377,760.46","0.01","377,760.46","65,209.00","5.79","Brazil","XBSP","CAD","3.69","BRL"
"DANA","DANA GAS","Energy","Equity","376,542.99","0.01","376,542.99","1,191,326.00","0.32","United Arab Emirates","Abu Dhabi Securities Exchange","CAD","2.63","AED"
"BRIGADE","BRIGADE ENTERPRISES","Real Estate","Equity","376,678.94","0.01","376,678.94","41,613.00","9.05","India","National Stock Exchange Of India","CAD","68.59","INR"
"4090","TAIBA INVESTMENTS","Consumer Discretionary","Equity","376,921.39","0.01","376,921.39","54,456.00","6.92","Saudi Arabia","Saudi Stock Exchange","CAD","2.69","SAR"
"SAMMAANCAP","SAMMAAN CAPITAL LTD","Financials","Equity","376,333.01","0.01","376,333.01","181,506.00","2.07","India","National Stock Exchange Of India","CAD","68.59","INR"
"601600","ALUMINUM CORPORATION OF CHINA LTD","Materials","Equity","375,655.07","0.01","375,655.07","196,600.00","1.91","China","Shanghai Stock Exchange","CAD","4.80","CNY"
"001040","CJ","Industrials","Equity","375,731.66","0.01","375,731.66","2,829.00","132.81","Korea (South)","Korea Exchange (Stock Market)","CAD","987.85","KRW"
"SIMEPROP","SIME DARBY PROPERTY","Real Estate","Equity","373,807.04","0.01","373,807.04","842,700.00","0.44","Malaysia","Bursa Malaysia","CAD","2.93","MYR"
"AARTIIND","AARTI INDUSTRIES LTD","Materials","Equity","373,836.05","0.01","373,836.05","53,803.00","6.95","India","National Stock Exchange Of India","CAD","68.59","INR"
"968","XINYI SOLAR HOLDINGS LTD","Information Technology","Equity","373,874.79","0.01","373,874.79","1,046,000.00","0.36","China","Hong Kong Exchanges And Clearing Ltd","CAD","5.61","HKD"
"603228","SHENZHEN KINWONG ELECTRONIC LTD A","Information Technology","Equity","374,073.06","0.01","374,073.06","17,200.00","21.75","China","Shanghai Stock Exchange","CAD","4.80","CNY"
"601998","CHINA CITIC BANK CORP LTD A","Financials","Equity","372,786.85","0.01","372,786.85","199,900.00","1.86","China","Shanghai Stock Exchange","CAD","4.80","CNY"
"DEEPAKNTR","DEEPAK NITRITE LTD","Materials","Equity","372,160.13","0.01","372,160.13","15,907.00","23.40","India","National Stock Exchange Of India","CAD","68.59","INR"
"ZFCVINDIA","ZF COMMERCIAL VEHICLE CONTROL SYST","Consumer Discretionary","Equity","372,592.78","0.01","372,592.78","10,452.00","35.65","India","National Stock Exchange Of India","CAD","68.59","INR"
"TFG","THE FOSCHINI GROUP","Consumer Discretionary","Equity","370,536.11","0.01","370,536.11","84,503.00","4.38","South Africa","Johannesburg Stock Exchange","CAD","11.63","ZAR"
"3714","ENNOSTAR","Information Technology","Equity","370,670.22","0.01","370,670.22","129,000.00","2.87","Taiwan","Taiwan Stock Exchange","CAD","22.80","TWD"
"489790","HANWHA VISION","Information Technology","Equity","369,846.63","0.01","369,846.63","8,137.00","45.45","Korea (South)","Korea Exchange (Stock Market)","CAD","987.85","KRW"
"000977","INSPUR ELECTRONIC INFORMATION INDU","Information Technology","Equity","369,880.66","0.01","369,880.66","25,400.00","14.56","China","Shenzhen Stock Exchange","CAD","4.80","CNY"
"600999","CHINA MERCHANTS SECURITIES LTD A","Financials","Equity","369,401.30","0.01","369,401.30","102,600.00","3.60","China","Shanghai Stock Exchange","CAD","4.80","CNY"
"204320","HL MANDO CORP","Consumer Discretionary","Equity","369,005.20","0.01","369,005.20","7,547.00","48.89","Korea (South)","Korea Exchange (Stock Market)","CAD","987.85","KRW"
"IGTI11","IGUATEMI UNIT SA","Real Estate","Equity","369,032.27","0.01","369,032.27","53,214.00","6.93","Brazil","XBSP","CAD","3.69","BRL"
"BANPU.R","BANPU NON-VOTING DR","Energy","Equity","368,287.29","0.01","368,287.29","593,707.00","0.62","Thailand","Stock Exchange Of Thailand","CAD","23.86","THB"
"377300","KAKAOPAY CORP","Financials","Equity","367,466.40","0.01","367,466.40","9,075.00","40.49","Korea (South)","Korea Exchange (Stock Market)","CAD","987.85","KRW"
"TU.R","THAI UNION GROUP NON-VOTING DR","Consumer Staples","Equity","366,611.02","0.01","366,611.02","667,700.00","0.55","Thailand","Stock Exchange Of Thailand","CAD","23.86","THB"
"JHSF3","JHSF PARTICIPACOES SA","Real Estate","Equity","366,732.27","0.01","366,732.27","119,347.00","3.07","Brazil","XBSP","CAD","3.69","BRL"
"533581","PG ELECTROPLAST LTD","Information Technology","Equity","366,732.28","0.01","366,732.28","47,521.00","7.72","India","Bse Ltd","CAD","68.59","INR"
"688702","SUZHOU CENTEC COMMUNICATIONS LTD A","Information Technology","Equity","366,138.32","0.01","366,138.32","5,533.00","66.17","China","Shanghai Stock Exchange","CAD","4.80","CNY"
"ONESOURCE","ONESOURCE SPECIALTY PHARMA LTD","Health Care","Equity","365,072.91","0.01","365,072.91","15,849.00","23.03","India","National Stock Exchange Of India","CAD","68.59","INR"
"6855","ASCENTAGE PHARMA GROUP INTERNATION","Health Care","Equity","364,789.75","0.01","364,789.75","68,300.00","5.34","China","Hong Kong Exchanges And Clearing Ltd","CAD","5.61","HKD"
"601066","CHINA SECURITIES LTD A","Financials","Equity","363,728.12","0.01","363,728.12","75,191.00","4.84","China","Shanghai Stock Exchange","CAD","4.80","CNY"
"JFC","JOLLIBEE FOODS","Consumer Discretionary","Equity","363,172.56","0.01","363,172.56","115,530.00","3.14","Philippines","Philippine Stock Exchange Inc.","CAD","44.85","PHP"
"DATAPATTNS","DATA PATTERNS INDIA LTD","Industrials","Equity","363,470.95","0.01","363,470.95","5,652.00","64.31","India","National Stock Exchange Of India","CAD","68.59","INR"
"AFFLE","AFFLE I LTD","Communication","Equity","362,690.12","0.01","362,690.12","16,096.00","22.53","India","National Stock Exchange Of India","CAD","68.59","INR"
"088350","HANWHA LIFE INSURANCE LTD","Financials","Equity","362,901.40","0.01","362,901.40","59,649.00","6.08","Korea (South)","Korea Exchange (Stock Market)","CAD","987.85","KRW"
"000063","ZTE CORP A","Information Technology","Equity","362,981.90","0.01","362,981.90","54,600.00","6.65","China","Shenzhen Stock Exchange","CAD","4.80","CNY"
"7200","AL MOAMMAR INFORMATION SYSTEMS","Information Technology","Equity","362,494.04","0.01","362,494.04","3,190.00","113.63","Saudi Arabia","Saudi Stock Exchange","CAD","2.69","SAR"
"AKTR","AKTOR SA HOLDING COMPANY TECHNICAL","Industrials","Equity","361,588.31","0.01","361,588.31","22,110.00","16.35","Greece","Athens Exchange S.A. Cash Market","CAD","0.62","EUR"
"552","CHINA COMMUNICATIONS SERVICES CORP","Industrials","Equity","361,361.96","0.01","361,361.96","492,000.00","0.73","China","Hong Kong Exchanges And Clearing Ltd","CAD","5.61","HKD"
"2250","SAUDI INDUSTRIAL INVESTMENT GROUP","Materials","Equity","361,410.56","0.01","361,410.56","83,320.00","4.34","Saudi Arabia","Saudi Stock Exchange","CAD","2.69","SAR"
"6197","JESS-LINK PRODUCTS INC","Information Technology","Equity","360,668.11","0.01","360,668.11","27,000.00","13.36","Taiwan","Taiwan Stock Exchange","CAD","22.80","TWD"
"2083","POWER AND WATER UTILITY COMPANY FO","Utilities","Equity","359,544.43","0.01","359,544.43","22,128.00","16.25","Saudi Arabia","Saudi Stock Exchange","CAD","2.69","SAR"
"097950","CJ CHEILJEDANG CORP","Consumer Staples","Equity","358,748.03","0.01","358,748.03","2,009.00","178.57","Korea (South)","Korea Exchange (Stock Market)","CAD","987.85","KRW"
"454910","DOOSAN ROBOTICS INC","Industrials","Equity","358,844.60","0.01","358,844.60","5,130.00","69.95","Korea (South)","Korea Exchange (Stock Market)","CAD","987.85","KRW"
"3030","TEST RESEARCH INC","Information Technology","Equity","359,023.03","0.01","359,023.03","31,000.00","11.58","Taiwan","Taiwan Stock Exchange","CAD","22.80","TWD"
"BHW","BANK HANDLOWY W WARSZAWIE SA","Financials","Equity","357,707.81","0.01","357,707.81","8,031.00","44.54","Poland","Warsaw Stock Exchange/Equities/Main Market","CAD","2.71","PLN"
"TLEVISACPO","GRUPO TELEVISA","Communication","Equity","357,402.08","0.01","357,402.08","553,770.00","0.65","Mexico","Bolsa Mexicana De Valores","CAD","12.29","MXN"
"601100","JIANGSU HENGLI HYDRAULIC A","Industrials","Equity","356,883.54","0.01","356,883.54","18,300.00","19.50","China","Shanghai Stock Exchange","CAD","4.80","CNY"
"GGPS3","GPS PARTICIPACOES E EMPREENDIMENTO","Industrials","Equity","356,985.62","0.01","356,985.62","102,433.00","3.49","Brazil","XBSP","CAD","3.69","BRL"
"FORCEMOT","FORCE MOTORS LTD","Industrials","Equity","356,638.80","0.01","356,638.80","1,386.00","257.32","India","National Stock Exchange Of India","CAD","68.59","INR"
"140410","MEZZION PHARMA LTD","Health Care","Equity","355,705.65","0.01","355,705.65","4,742.00","75.01","Korea (South)","Korea Exchange (Kosdaq)","CAD","987.85","KRW"
"CURY3","CURY CONSTRTUTORA E INCORPORADORA","Consumer Discretionary","Equity","354,975.42","0.01","354,975.42","45,289.00","7.84","Brazil","XBSP","CAD","3.69","BRL"
"GABRIEL","GABRIEL INDIA LTD","Consumer Discretionary","Equity","355,280.95","0.01","355,280.95","18,984.00","18.71","India","National Stock Exchange Of India","CAD","68.59","INR"
"GND","GRINDROD","Industrials","Equity","354,404.64","0.01","354,404.64","142,188.00","2.49","South Africa","Johannesburg Stock Exchange","CAD","11.63","ZAR"
"000500","GAON CABLE LTD","Industrials","Equity","354,419.82","0.01","354,419.82","1,344.00","263.71","Korea (South)","Korea Exchange (Stock Market)","CAD","987.85","KRW"
"8932","WISELINK LTD","Consumer Discretionary","Equity","353,539.67","0.01","353,539.67","90,449.00","3.91","Taiwan","Gretai Securities Market","CAD","22.80","TWD"
"BUMI","BUMI RESOURCES","Energy","Equity","353,558.87","0.01","353,558.87","22,200,100.00","0.02","Indonesia","Indonesia Stock Exchange","CAD","12,683.66","IDR"
"3680","GUDENG PRECISION INDUSTRIAL","Information Technology","Equity","352,447.74","0.01","352,447.74","15,245.00","23.12","Taiwan","Gretai Securities Market","CAD","22.80","TWD"
"1321","EAST PIPES INTEGRATED COMPANY FOR","Materials","Equity","352,546.89","0.01","352,546.89","4,537.00","77.70","Saudi Arabia","Saudi Stock Exchange","CAD","2.69","SAR"
"MINDSPACE","MINDSPACE BUSINESS PARKS REITS UNI","Real Estate","Equity","352,775.34","0.01","352,775.34","48,485.00","7.28","India","National Stock Exchange Of India","CAD","68.59","INR"
"GRANULES","GRANULES INDIA","Health Care","Equity","352,319.93","0.01","352,319.93","27,765.00","12.69","India","National Stock Exchange Of India","CAD","68.59","INR"
"PTCIL","PTC INDUSTRIES LTD","Materials","Equity","351,652.57","0.01","351,652.57","1,064.00","330.50","India","National Stock Exchange Of India","CAD","68.59","INR"
"347850","D&D PHARMATECH INC","Health Care","Equity","351,675.67","0.01","351,675.67","7,544.00","46.62","Korea (South)","Korea Exchange (Kosdaq)","CAD","987.85","KRW"
"OMN","OMNIA HOLDINGS","Materials","Equity","351,309.47","0.01","351,309.47","33,147.00","10.60","South Africa","Johannesburg Stock Exchange","CAD","11.63","ZAR"
"600010","INNER MONGOLIA BAOTOU STEEL UNION","Materials","Equity","350,573.03","0.01","350,573.03","796,500.00","0.44","China","Shanghai Stock Exchange","CAD","4.80","CNY"
"601169","BANK OF BEIJING LTD A","Financials","Equity","350,619.13","0.01","350,619.13","303,400.00","1.16","China","Shanghai Stock Exchange","CAD","4.80","CNY"
"018880","HANON SYSTEMS","Consumer Discretionary","Equity","350,026.85","0.01","350,026.85","105,098.00","3.33","Korea (South)","Korea Exchange (Stock Market)","CAD","987.85","KRW"
"KAYNES","KAYNES TECHNOLOGY INDIA LTD","Information Technology","Equity","350,034.91","0.01","350,034.91","6,821.00","51.32","India","National Stock Exchange Of India","CAD","68.59","INR"
"4915","PRIMAX ELECTRONICS","Information Technology","Equity","350,402.79","0.01","350,402.79","125,000.00","2.80","Taiwan","Taiwan Stock Exchange","CAD","22.80","TWD"
"ALTIJARIA","COMMERCIAL REAL ESTATE","Real Estate","Equity","349,726.12","0.01","349,726.12","410,181.00","0.85","Kuwait","Kuwait Stock Exchange","CAD","0.22","KWD"
"FINCABLES","FINOLEX CABLES","Industrials","Equity","349,047.02","0.01","349,047.02","17,153.00","20.35","India","National Stock Exchange Of India","CAD","68.59","INR"
"3320","CHINA RESOURCES PHARMACEUTICAL GRO","Health Care","Equity","349,426.29","0.01","349,426.29","458,500.00","0.76","China","Hong Kong Exchanges And Clearing Ltd","CAD","5.61","HKD"
"310210","VORONOI INC","Health Care","Equity","348,688.56","0.01","348,688.56","2,436.00","143.14","Korea (South)","Korea Exchange (Kosdaq)","CAD","987.85","KRW"
"CMPC","EMPRESAS CMPC SA","Materials","Equity","347,683.67","0.01","347,683.67","248,780.00","1.40","Chile","Santiago Stock Exchange","CAD","684.77","CLP"
"ITCHOTELS","ITC HOTELS LTD","Consumer Discretionary","Equity","347,163.55","0.01","347,163.55","154,299.00","2.25","India","National Stock Exchange Of India","CAD","68.59","INR"
"CREDIA","CREDIABANK SA","Financials","Equity","347,366.06","0.01","347,366.06","227,847.00","1.52","Greece","Athens Exchange S.A. Cash Market","CAD","0.62","EUR"
"ANANTRAJ","ANANT RAJ LTD","Real Estate","Equity","346,794.62","0.01","346,794.62","39,852.00","8.70","India","National Stock Exchange Of India","CAD","68.59","INR"
"SCGP.R","SCG PACKAGING PCL NON-VOTING DR","Materials","Equity","345,666.06","0.01","345,666.06","268,200.00","1.29","Thailand","Stock Exchange Of Thailand","CAD","23.86","THB"
"NLCINDIA","NLC INDIA LTD","Utilities","Equity","345,701.92","0.01","345,701.92","90,403.00","3.82","India","National Stock Exchange Of India","CAD","68.59","INR"
"INKP","INDAH KIAT PULP & PAPER","Materials","Equity","346,078.95","0.01","346,078.95","503,100.00","0.69","Indonesia","Indonesia Stock Exchange","CAD","12,683.66","IDR"
"000538","YUNNAN BAIYAO GROUP LTD A","Health Care","Equity","345,179.31","0.01","345,179.31","32,200.00","10.72","China","Shenzhen Stock Exchange","CAD","4.80","CNY"
"BOURSA","BOURSA KUWAIT SECURITIES COMPANY","Financials","Equity","345,404.07","0.01","345,404.07","24,576.00","14.05","Kuwait","Kuwait Stock Exchange","CAD","0.22","KWD"
"HEXW","HEXAWARE TECHNOLOGIES LTD","Information Technology","Equity","345,558.72","0.01","345,558.72","45,024.00","7.67","India","National Stock Exchange Of India","CAD","68.59","INR"
"282330","BGF RETAIL","Consumer Staples","Equity","343,407.98","0.01","343,407.98","2,364.00","145.27","Korea (South)","Korea Exchange (Stock Market)","CAD","987.85","KRW"
"TGA","THUNGELA RESOURCES","Energy","Equity","342,881.79","0.01","342,881.79","31,188.00","10.99","South Africa","Johannesburg Stock Exchange","CAD","11.63","ZAR"
"EQU","EQUITES PROP FUND LTD","Real Estate","Equity","343,177.59","0.01","343,177.59","224,491.00","1.53","South Africa","Johannesburg Stock Exchange","CAD","11.63","ZAR"
"8028","PHOENIX SILICON INTERNATIONAL CORP","Information Technology","Equity","342,528.32","0.01","342,528.32","32,000.00","10.70","Taiwan","Taiwan Stock Exchange","CAD","22.80","TWD"
"600019","BAOSHAN IRON & STEEL LTD A","Materials","Equity","342,681.56","0.01","342,681.56","287,200.00","1.19","China","Shanghai Stock Exchange","CAD","4.80","CNY"
"300442","RANGE INTELLIGENT COMPUTING TECHNO","Information Technology","Equity","341,456.67","0.01","341,456.67","26,300.00","12.98","China","Shenzhen Stock Exchange","CAD","4.80","CNY"
"2498","HTC","Information Technology","Equity","340,894.20","0.01","340,894.20","195,000.00","1.75","Taiwan","Taiwan Stock Exchange","CAD","22.80","TWD"
"ETEL","TELECOM EGYPT","Communication","Equity","341,037.49","0.01","341,037.49","95,480.00","3.57","Egypt","Egyptian Exchange","CAD","37.24","EGP"
"AZAD","AZAD ENGINEERING LTD","Industrials","Equity","341,268.71","0.01","341,268.71","8,985.00","37.98","India","National Stock Exchange Of India","CAD","68.59","INR"
"600050","CHINA UNITED NETWORK COMMUNICATION","Communication","Equity","340,369.46","0.01","340,369.46","388,500.00","0.88","China","Shanghai Stock Exchange","CAD","4.80","CNY"
"PINELABS","PINE LABS","Financials","Equity","340,540.54","0.01","340,540.54","126,619.00","2.69","India","National Stock Exchange Of India","CAD","68.59","INR"
"IGRD","ESTITHMAR HOLDING","Industrials","Equity","340,176.59","0.01","340,176.59","213,387.00","1.59","Qatar","Qatar Exchange","CAD","2.60","QAR"
"601336","NEW CHINA LIFE INSURANCE LTD A","Financials","Equity","340,225.94","0.01","340,225.94","28,400.00","11.98","China","Shanghai Stock Exchange","CAD","4.80","CNY"
"2458","ELAN MICROELECTRONICS","Information Technology","Equity","339,545.24","0.01","339,545.24","60,000.00","5.66","Taiwan","Taiwan Stock Exchange","CAD","22.80","TWD"
"601838","BANK OF CHENGDU LTD A","Financials","Equity","339,021.91","0.01","339,021.91","82,000.00","4.13","China","Shanghai Stock Exchange","CAD","4.80","CNY"
"600926","BANK OF HANGZHOU A","Financials","Equity","339,104.73","0.01","339,104.73","94,900.00","3.57","China","Shanghai Stock Exchange","CAD","4.80","CNY"
"600016","CHINA MINSHENG BANKING A","Financials","Equity","339,307.69","0.01","339,307.69","458,200.00","0.74","China","Shanghai Stock Exchange","CAD","4.80","CNY"
"EMPOWER","EMIRATES CENTRAL COOLING SYSTEMS C","Utilities","Equity","338,547.54","0.01","338,547.54","559,135.00","0.61","United Arab Emirates","Dubai Financial Market","CAD","2.63","AED"
"2312","KINPO ELECTRONICS INC","Information Technology","Equity","338,623.99","0.01","338,623.99","249,000.00","1.36","Taiwan","Taiwan Stock Exchange","CAD","22.80","TWD"
"GLAND","GLAND PHARMA LTD","Health Care","Equity","338,628.29","0.01","338,628.29","7,988.00","42.39","India","National Stock Exchange Of India","CAD","68.59","INR"
"1409","SHINKONG SYNTHETIC FIBERS CORP","Materials","Equity","338,352.00","0.01","338,352.00","311,000.00","1.09","Taiwan","Taiwan Stock Exchange","CAD","22.80","TWD"
"600584","JCET GROUP LTD A","Information Technology","Equity","337,767.20","0.01","337,767.20","23,900.00","14.13","China","Shanghai Stock Exchange","CAD","4.80","CNY"
"9933","CTCI","Industrials","Equity","337,813.22","0.01","337,813.22","181,616.00","1.86","Taiwan","Taiwan Stock Exchange","CAD","22.80","TWD"
"601825","SHANGHAI RURAL COMMERCIAL BANK LTD","Financials","Equity","337,346.66","0.01","337,346.66","186,100.00","1.81","China","Shanghai Stock Exchange","CAD","4.80","CNY"
"000568","LUZHOU LAO JIAO LTD A","Consumer Staples","Equity","336,286.15","0.01","336,286.15","22,500.00","14.95","China","Shenzhen Stock Exchange","CAD","4.80","CNY"
"ABSLAMC","ADITYA BIRLA SUN LIFE AMC LTD","Financials","Equity","335,597.88","0.01","335,597.88","21,117.00","15.89","India","National Stock Exchange Of India","CAD","68.59","INR"
"300857","SHARETRONIC DATA TECHNOLOGY LTD A","Information Technology","Equity","335,262.89","0.01","335,262.89","6,020.00","55.69","China","Shenzhen Stock Exchange","CAD","4.80","CNY"
"603268","GUANGDONG SONGFA CERAMICS LTD A","Consumer Discretionary","Equity","335,018.92","0.01","335,018.92","8,300.00","40.36","China","Shanghai Stock Exchange","CAD","4.80","CNY"
"AEV","ABOITIZ EQUITY VENTURES PHP1","Utilities","Equity","334,166.66","0.01","334,166.66","405,100.00","0.82","Philippines","Philippine Stock Exchange Inc.","CAD","44.85","PHP"
"688521","VERISILICON MICROELECTRONICS (SHAN","Information Technology","Equity","334,243.58","0.01","334,243.58","8,171.00","40.91","China","Shanghai Stock Exchange","CAD","4.80","CNY"
"064760","TOKAI CARBON KOREA LTD","Information Technology","Equity","334,270.92","0.01","334,270.92","1,214.00","275.35","Korea (South)","Korea Exchange (Kosdaq)","CAD","987.85","KRW"
"SUNCON","SUNWAY CONSTRUCTION GROUP","Industrials","Equity","334,294.75","0.01","334,294.75","137,600.00","2.43","Malaysia","Bursa Malaysia","CAD","2.93","MYR"
"ZENTEC","ZEN TECHNOLOGIES LTD","Industrials","Equity","334,339.75","0.01","334,339.75","13,637.00","24.52","India","National Stock Exchange Of India","CAD","68.59","INR"
"3583","SCIENTECH CORPORATION CORP","Information Technology","Equity","331,999.79","0.01","331,999.79","11,000.00","30.18","Taiwan","Taiwan Stock Exchange","CAD","22.80","TWD"
"MTH","MOTUS HOLD LTD SHS","Consumer Discretionary","Equity","332,081.19","0.01","332,081.19","34,311.00","9.68","South Africa","Johannesburg Stock Exchange","CAD","11.63","ZAR"
"2352","QISDA CORP","Information Technology","Equity","331,407.56","0.01","331,407.56","260,500.00","1.27","Taiwan","Taiwan Stock Exchange","CAD","22.80","TWD"
"RAINBOW","RAINBOW CHILDRENS MEDICARE LTD","Health Care","Equity","331,463.25","0.01","331,463.25","15,431.00","21.48","India","National Stock Exchange Of India","CAD","68.59","INR"
"6526","AIROHA TECHNOLOGY CORP","Information Technology","Equity","331,122.41","0.01","331,122.41","12,000.00","27.59","Taiwan","Taiwan Stock Exchange","CAD","22.80","TWD"
"600089","TBEA LTD A","Industrials","Equity","331,158.27","0.01","331,158.27","88,640.00","3.74","China","Shanghai Stock Exchange","CAD","4.80","CNY"
"3MINDIA","3M INDIA LTD","Industrials","Equity","330,550.25","0.01","330,550.25","697.00","474.25","India","National Stock Exchange Of India","CAD","68.59","INR"
"DEEPAKFERT","DEEPAK FERTILISERS AND PETROCHEMIC","Materials","Equity","329,813.05","0.01","329,813.05","17,079.00","19.31","India","National Stock Exchange Of India","CAD","68.59","INR"
"TEHOL.E","TERA YATIRIM TEKNOLOJI HOLDING A.S","Real Estate","Equity","329,834.89","0.01","329,834.89","296,300.00","1.11","Turkey","Istanbul Stock Exchange","CAD","34.80","TRY"
"IKS","INVENTURUS KNOWLEDGE SOLUTIONS LTD","Health Care","Equity","329,457.46","0.01","329,457.46","13,071.00","25.21","India","National Stock Exchange Of India","CAD","68.59","INR"
"CRISIL","CRISIL LTD","Financials","Equity","329,670.13","0.01","329,670.13","4,959.00","66.48","India","National Stock Exchange Of India","CAD","68.59","INR"
"MPI","MALAYSIAN PACIFIC INDUSTRIES","Information Technology","Equity","328,387.60","0.01","328,387.60","24,000.00","13.68","Malaysia","Bursa Malaysia","CAD","2.93","MYR"
"500048","BEML LTD","Industrials","Equity","328,618.52","0.01","328,618.52","11,196.00","29.35","India","Bse Ltd","CAD","68.59","INR"
"WHA.R","WHA CORPORATION NON-VOTING DR PCL","Real Estate","Equity","328,716.36","0.01","328,716.36","1,661,600.00","0.20","Thailand","Stock Exchange Of Thailand","CAD","23.86","THB"
"AADI","ADARO ANDALAN INDONESIA","Energy","Equity","327,628.24","0.01","327,628.24","335,800.00","0.98","Indonesia","Indonesia Stock Exchange","CAD","12,683.66","IDR"
"TRU","TRUWORTHS INTERNATIONAL","Consumer Discretionary","Equity","326,985.82","0.01","326,985.82","88,589.00","3.69","South Africa","Johannesburg Stock Exchange","CAD","11.63","ZAR"
"257720","SILICON2","Consumer Discretionary","Equity","326,140.10","0.01","326,140.10","7,680.00","42.47","Korea (South)","Korea Exchange (Kosdaq)","CAD","987.85","KRW"
"688361","SKYVERSE TECHNOLOGY LTD A","Information Technology","Equity","325,718.49","0.01","325,718.49","4,353.00","74.83","China","Shanghai Stock Exchange","CAD","4.80","CNY"
"AWL","AWL AGRI BUSINESS LTD","Consumer Staples","Equity","325,805.85","0.01","325,805.85","121,430.00","2.68","India","National Stock Exchange Of India","CAD","68.59","INR"
"RRKABEL","R R KABEL LTD","Industrials","Equity","325,852.47","0.01","325,852.47","9,350.00","34.85","India","National Stock Exchange Of India","CAD","68.59","INR"
"600346","HENGLI PETROCHEMICAL LTD A","Materials","Equity","324,941.13","0.01","324,941.13","95,100.00","3.42","China","Shanghai Stock Exchange","CAD","4.80","CNY"
"2314","LEE & MAN PAPER MANUFACTURING LTD","Materials","Equity","325,290.66","0.01","325,290.66","514,000.00","0.63","China","Hong Kong Exchanges And Clearing Ltd","CAD","5.61","HKD"
"PAMPA","PAMPA INVESTMENTS SA","Financials","Equity","325,355.45","0.01","325,355.45","20,628,965.00","0.02","Chile","Santiago Stock Exchange","CAD","684.77","CLP"
"098460","KOH YOUNG TECHNOLOGY","Information Technology","Equity","324,526.89","0.01","324,526.89","11,328.00","28.65","Korea (South)","Korea Exchange (Kosdaq)","CAD","987.85","KRW"
"SAPR11","CIA SANEAMENTO DO PARANA UNITS","Utilities","Equity","324,618.15","0.01","324,618.15","35,090.00","9.25","Brazil","XBSP","CAD","3.69","BRL"
"300223","INGENIC SEMICONDUCTOR A","Information Technology","Equity","323,992.42","0.01","323,992.42","11,500.00","28.17","China","Shenzhen Stock Exchange","CAD","4.80","CNY"
"000100","TCL TECHNOLOGY GROUP A","Information Technology","Equity","324,061.51","0.01","324,061.51","321,640.00","1.01","China","Shenzhen Stock Exchange","CAD","4.80","CNY"
"6682","PHANCY GROUP LTD H","Information Technology","Equity","324,339.41","0.01","324,339.41","70,300.00","4.61","China","Hong Kong Exchanges And Clearing Ltd","CAD","5.61","HKD"
"SISE.E","TURKIYE SISE VE CAM FABRIKALARI A","Industrials","Equity","324,366.92","0.01","324,366.92","280,945.00","1.15","Turkey","Istanbul Stock Exchange","CAD","34.80","TRY"
"ARE&M","AMARA RAJA ENERGY & MOBILITY LTD","Industrials","Equity","323,625.39","0.01","323,625.39","27,912.00","11.59","India","National Stock Exchange Of India","CAD","68.59","INR"
"1066","SHANDONG WEIGAO GP MEDICAL POLYMER","Health Care","Equity","322,227.97","0.01","322,227.97","572,000.00","0.56","China","Hong Kong Exchanges And Clearing Ltd","CAD","5.61","HKD"
"600547","SHANDONG GOLD-MINING LTD A","Materials","Equity","321,477.56","0.01","321,477.56","46,900.00","6.85","China","Shanghai Stock Exchange","CAD","4.80","CNY"
"EGCO.R","ELECTRICITY GENERATING NON-VOTING","Utilities","Equity","321,536.52","0.01","321,536.52","59,700.00","5.39","Thailand","Stock Exchange Of Thailand","CAD","23.86","THB"
"EKGYO.E","EMLAK KONUT GAYRIMENKUL YATIRIM OR","Real Estate","Equity","321,553.66","0.01","321,553.66","581,625.00","0.55","Turkey","Istanbul Stock Exchange","CAD","34.80","TRY"
"601628","CHINA LIFE INSURANCE LTD A","Financials","Equity","320,825.90","0.01","320,825.90","41,400.00","7.75","China","Shanghai Stock Exchange","CAD","4.80","CNY"
"FIVESTAR","FIVE-STAR BUSINESS FINANCE LTD","Financials","Equity","320,414.14","0.01","320,414.14","41,394.00","7.74","India","National Stock Exchange Of India","CAD","68.59","INR"
"600905","CHINA THREE GORGES RENEWABLES(GROU","Utilities","Equity","320,451.68","0.01","320,451.68","423,200.00","0.76","China","Shanghai Stock Exchange","CAD","4.80","CNY"
"112610","CS WIND","Industrials","Equity","320,461.07","0.01","320,461.07","6,135.00","52.23","Korea (South)","Korea Exchange (Stock Market)","CAD","987.85","KRW"
"3376","SHIN ZU SHING","Industrials","Equity","320,578.28","0.01","320,578.28","41,639.00","7.70","Taiwan","Taiwan Stock Exchange","CAD","22.80","TWD"
"058610","SPG LTD","Industrials","Equity","319,676.53","0.01","319,676.53","3,206.00","99.71","Korea (South)","Korea Exchange (Kosdaq)","CAD","987.85","KRW"
"035250","KANGWON LAND INC","Consumer Discretionary","Equity","319,721.95","0.01","319,721.95","21,603.00","14.80","Korea (South)","Korea Exchange (Stock Market)","CAD","987.85","KRW"
"NMDCENR","NMDC ENERGY","Energy","Equity","319,791.20","0.01","319,791.20","291,587.00","1.10","United Arab Emirates","Abu Dhabi Securities Exchange","CAD","2.63","AED"
"2850","SHINKONG INSURANCE LTD","Financials","Equity","319,848.10","0.01","319,848.10","46,000.00","6.95","Taiwan","Taiwan Stock Exchange","CAD","22.80","TWD"
"QAMC","QATAR ALUMINIUM MANUFACTURING","Materials","Equity","319,575.08","0.01","319,575.08","592,962.00","0.54","Qatar","Qatar Exchange","CAD","2.60","QAR"
"ILC","INVERSIONES LA CONSTRUCCION SA","Financials","Equity","318,064.18","0.01","318,064.18","8,712.00","36.51","Chile","Santiago Stock Exchange","CAD","684.77","CLP"
"450080","ECOPRO MATERIALS LTD","Industrials","Equity","318,172.60","0.01","318,172.60","8,993.00","35.38","Korea (South)","Korea Exchange (Stock Market)","CAD","987.85","KRW"
"9917","TAIWAN SECOM LTD","Industrials","Equity","317,369.51","0.01","317,369.51","68,250.00","4.65","Taiwan","Taiwan Stock Exchange","CAD","22.80","TWD"
"8422","CLEANAWAY","Industrials","Equity","317,523.05","0.01","317,523.05","280,000.00","1.13","Taiwan","Taiwan Stock Exchange","CAD","22.80","TWD"
"2421","SUNONWEALTH ELECTRIC MACHINE INDUS","Industrials","Equity","316,940.21","0.01","316,940.21","44,597.00","7.11","Taiwan","Taiwan Stock Exchange","CAD","22.80","TWD"
"GPSC.R","GLOBAL POWER SYNERGY NON-VOTING DR","Utilities","Equity","317,099.98","0.01","317,099.98","156,800.00","2.02","Thailand","Stock Exchange Of Thailand","CAD","23.86","THB"
"6116","HANNSTAR DISPLAY CORP","Information Technology","Equity","316,389.04","0.01","316,389.04","517,000.00","0.61","Taiwan","Taiwan Stock Exchange","CAD","22.80","TWD"
"HMPRO.R","HOME PRODUCT CENTER NON-VOTING DR","Consumer Discretionary","Equity","316,550.92","0.01","316,550.92","1,208,400.00","0.26","Thailand","Stock Exchange Of Thailand","CAD","23.86","THB"
"036460","KOREA GAS","Utilities","Equity","316,560.05","0.01","316,560.05","8,591.00","36.85","Korea (South)","Korea Exchange (Stock Market)","CAD","987.85","KRW"
"2464","MIRLE AUTOMATION CORP","Industrials","Equity","316,640.17","0.01","316,640.17","40,211.00","7.87","Taiwan","Taiwan Stock Exchange","CAD","22.80","TWD"
"605117","NINGBO DEYE TECHNOLOGY CORP A","Industrials","Equity","315,489.46","0.01","315,489.46","18,244.00","17.29","China","Shanghai Stock Exchange","CAD","4.80","CNY"
"MKHZN","THE PUBLIC WAREHOUSING (AGILITY)","Industrials","Equity","315,777.73","0.01","315,777.73","483,531.00","0.65","Kuwait","Kuwait Stock Exchange","CAD","0.22","KWD"
"STAR","STRIDES PHARMA SCIENCE LTD","Health Care","Equity","315,023.74","0.01","315,023.74","18,004.00","17.50","India","National Stock Exchange Of India","CAD","68.59","INR"
"GUJENERGY","GUJARAT ENERGY LTD","Utilities","Equity","315,214.51","0.01","315,214.51","90,304.00","3.49","India","National Stock Exchange Of India","CAD","68.59","INR"
"1651","PRECISION TSUGAMI CHINA CORP LTD","Industrials","Equity","314,344.83","0.01","314,344.83","38,500.00","8.16","China","Hong Kong Exchanges And Clearing Ltd","CAD","5.61","HKD"
"000651","GREE ELECTRIC APPLIANCES INC OF ZH","Consumer Discretionary","Equity","314,525.41","0.01","314,525.41","39,700.00","7.92","China","Shenzhen Stock Exchange","CAD","4.80","CNY"
"028670","PAN OCEAN LTD","Industrials","Equity","314,022.09","0.01","314,022.09","52,756.00","5.95","Korea (South)","Korea Exchange (Stock Market)","CAD","987.85","KRW"
"601881","CHINA GALAXY SECURITIES LTD A","Financials","Equity","314,335.37","0.01","314,335.37","126,100.00","2.49","China","Shanghai Stock Exchange","CAD","4.80","CNY"
"4743","ONENESS BIOTECH LTD","Health Care","Equity","313,414.30","0.01","313,414.30","160,187.00","1.96","Taiwan","Gretai Securities Market","CAD","22.80","TWD"
"6176","RADIANT OPTO-ELECTRONICS","Information Technology","Equity","313,447.63","0.01","313,447.63","76,500.00","4.10","Taiwan","Taiwan Stock Exchange","CAD","22.80","TWD"
"000166","SHENWAN HONGYUAN GROUP LTD A","Financials","Equity","312,031.62","0.01","312,031.62","342,300.00","0.91","China","Shenzhen Stock Exchange","CAD","4.80","CNY"
"SYNGENE","SYNGENE INTERNATIONAL LTD","Health Care","Equity","312,134.25","0.01","312,134.25","56,313.00","5.54","India","National Stock Exchange Of India","CAD","68.59","INR"
"2386","SINOPEC ENGINEERING GROUP LTD H H","Industrials","Equity","312,330.37","0.01","312,330.37","320,000.00","0.98","China","Hong Kong Exchanges And Clearing Ltd","CAD","5.61","HKD"
"TAVHL.E","TAV HAVALIMANLARI HOLDING A","Industrials","Equity","311,198.64","0.01","311,198.64","39,562.00","7.87","Turkey","Istanbul Stock Exchange","CAD","34.80","TRY"
"3019","ASIA OPTICAL","Information Technology","Equity","311,381.41","0.01","311,381.41","52,000.00","5.99","Taiwan","Taiwan Stock Exchange","CAD","22.80","TWD"
"000408","ZANGGE MINING LTD A","Materials","Equity","310,800.68","0.01","310,800.68","21,000.00","14.80","China","Shenzhen Stock Exchange","CAD","4.80","CNY"
"MARKSANS","MARKSANS PHARMA LTD","Health Care","Equity","310,159.61","0.01","310,159.61","66,546.00","4.66","India","National Stock Exchange Of India","CAD","68.59","INR"
"PGAS","PERUSAHAAN GAS NEGARA","Utilities","Equity","310,358.74","0.01","310,358.74","2,633,100.00","0.12","Indonesia","Indonesia Stock Exchange","CAD","12,683.66","IDR"
"3532","FORMOSA SUMCO TECHNOLOGY CORP","Information Technology","Equity","309,889.86","0.01","309,889.86","16,000.00","19.37","Taiwan","Taiwan Stock Exchange","CAD","22.80","TWD"
"FLRY3","FLEURY","Health Care","Equity","310,001.95","0.01","310,001.95","53,288.00","5.82","Brazil","XBSP","CAD","3.69","BRL"
"WBO","WBH OVCON LTD","Industrials","Equity","309,507.62","0.01","309,507.62","25,809.00","11.99","South Africa","Johannesburg Stock Exchange","CAD","11.63","ZAR"
"301526","CHONGQING POLYCOMP INTERNATIONAL C","Materials","Equity","308,591.63","0.01","308,591.63","46,000.00","6.71","China","Shenzhen Stock Exchange","CAD","4.80","CNY"
"2276","SHANGHAI CONANT OPTICAL CO LTD H","Health Care","Equity","308,822.01","0.01","308,822.01","43,200.00","7.15","China","Hong Kong Exchanges And Clearing Ltd","CAD","5.61","HKD"
"6699","ANGELALIGN TECHNOLOGY","Health Care","Equity","308,180.23","0.01","308,180.23","19,600.00","15.72","China","Hong Kong Exchanges And Clearing Ltd","CAD","5.61","HKD"
"002460","GANFENG LITHIUM GROUP LTD A","Materials","Equity","308,370.93","0.01","308,370.93","32,200.00","9.58","China","Shenzhen Stock Exchange","CAD","4.80","CNY"
"AMATA.R","AMATA CORPORATION NON-VOTING DR PC","Real Estate","Equity","308,440.68","0.01","308,440.68","223,000.00","1.38","Thailand","Stock Exchange Of Thailand","CAD","23.86","THB"
"2548","HUAKU DEVELOPMENT LTD","Real Estate","Equity","307,187.68","0.01","307,187.68","74,812.00","4.11","Taiwan","Taiwan Stock Exchange","CAD","22.80","TWD"
"772","CHINA LITERATURE LTD","Communication","Equity","306,770.11","0.01","306,770.11","91,000.00","3.37","China","Hong Kong Exchanges And Clearing Ltd","CAD","5.61","HKD"
"GENTING","GENTING","Consumer Discretionary","Equity","306,522.39","0.01","306,522.39","472,800.00","0.65","Malaysia","Bursa Malaysia","CAD","2.93","MYR"
"9910","FENG TAY ENTERPRISES","Consumer Discretionary","Equity","305,680.38","0.01","305,680.38","100,840.00","3.03","Taiwan","Taiwan Stock Exchange","CAD","22.80","TWD"
"103140","POONGSANORATION CORP","Materials","Equity","305,728.70","0.01","305,728.70","3,867.00","79.06","Korea (South)","Korea Exchange (Stock Market)","CAD","987.85","KRW"
"IGL","INDRAPRASTHA GAS","Utilities","Equity","305,834.45","0.01","305,834.45","141,105.00","2.17","India","National Stock Exchange Of India","CAD","68.59","INR"
"2252","SHANGHAI MICROPORT MEDBOT CLASS H","Health Care","Equity","305,837.75","0.01","305,837.75","81,000.00","3.78","China","Hong Kong Exchanges And Clearing Ltd","CAD","5.61","HKD"
"2504","GOLDSUN BUILDING MATERIALS LTD","Materials","Equity","305,858.31","0.01","305,858.31","226,000.00","1.35","Taiwan","Taiwan Stock Exchange","CAD","22.80","TWD"
"9896","MINISO GROUP HOLDING LTD","Consumer Discretionary","Equity","305,167.60","0.01","305,167.60","98,324.00","3.10","China","Hong Kong Exchanges And Clearing Ltd","CAD","5.61","HKD"
"083650","BHI LTD","Industrials","Equity","304,543.80","0.01","304,543.80","4,657.00","65.39","Korea (South)","Korea Exchange (Kosdaq)","CAD","987.85","KRW"
"3563","MACHVISION","Information Technology","Equity","303,550.81","0.01","303,550.81","10,500.00","28.91","Taiwan","Taiwan Stock Exchange","CAD","22.80","TWD"
"2351","SDI","Information Technology","Equity","302,783.10","0.01","302,783.10","29,000.00","10.44","Taiwan","Taiwan Stock Exchange","CAD","22.80","TWD"
"2230","SAUDI CHEMICAL","Health Care","Equity","302,422.09","0.01","302,422.09","107,725.00","2.81","Saudi Arabia","Saudi Stock Exchange","CAD","2.69","SAR"
"BCP.R","BANGCHAK CORPORATION ORS NON-VOTIN","Energy","Equity","302,438.68","0.01","302,438.68","132,400.00","2.28","Thailand","Stock Exchange Of Thailand","CAD","23.86","THB"
"RATNAMANI","RATNAMANI METALS AND TUBES LTD","Materials","Equity","302,596.32","0.01","302,596.32","7,680.00","39.40","India","National Stock Exchange Of India","CAD","68.59","INR"
"CPPLUS","ADITYA INFOTECH LTD","Information Technology","Equity","301,969.47","0.01","301,969.47","6,131.00","49.25","India","National Stock Exchange Of India","CAD","68.59","INR"
"696","TRAVELSKY TECHNOLOGY LTD H","Consumer Discretionary","Equity","301,393.46","0.01","301,393.46","195,000.00","1.55","China","Hong Kong Exchanges And Clearing Ltd","CAD","5.61","HKD"
"6282","ACBEL POLYTECH","Industrials","Equity","300,987.80","0.01","300,987.80","160,493.00","1.88","Taiwan","Taiwan Stock Exchange","CAD","22.80","TWD"
"039200","OSCOTEC INC","Health Care","Equity","301,049.58","0.01","301,049.58","7,941.00","37.91","Korea (South)","Korea Exchange (Kosdaq)","CAD","987.85","KRW"
"069960","HYUNDAI DEPARTMENT STORE LTD","Consumer Discretionary","Equity","301,222.84","0.01","301,222.84","2,952.00","102.04","Korea (South)","Korea Exchange (Stock Market)","CAD","987.85","KRW"
"LMW","LMW LTD","Industrials","Equity","300,392.19","0.01","300,392.19","1,134.00","264.90","India","National Stock Exchange Of India","CAD","68.59","INR"
"6670","FUSHENG PRECISION","Consumer Discretionary","Equity","299,953.56","0.01","299,953.56","25,000.00","12.00","Taiwan","Taiwan Stock Exchange","CAD","22.80","TWD"
"000933","HENAN SHENHUO COAL & POWER LTD A","Materials","Equity","300,147.58","0.01","300,147.58","54,400.00","5.52","China","Shenzhen Stock Exchange","CAD","4.80","CNY"
"096530","SEEGENE INC","Health Care","Equity","300,311.26","0.01","300,311.26","8,803.00","34.11","Korea (South)","Korea Exchange (Kosdaq)","CAD","987.85","KRW"
"030000","CHEIL WORLDWIDE INC","Communication","Equity","299,429.66","0.01","299,429.66","17,019.00","17.59","Korea (South)","Korea Exchange (Stock Market)","CAD","987.85","KRW"
"ORBIA*","ORBIA ADVANCE CORP SA DE CV","Materials","Equity","299,807.22","0.01","299,807.22","195,527.00","1.53","Mexico","Bolsa Mexicana De Valores","CAD","12.29","MXN"
"300014","EVE ENERGY A","Industrials","Equity","299,808.40","0.01","299,808.40","29,800.00","10.06","China","Shenzhen Stock Exchange","CAD","4.80","CNY"
"263750","PEARLABYSS","Communication","Equity","299,066.68","0.01","299,066.68","8,651.00","34.57","Korea (South)","Korea Exchange (Kosdaq)","CAD","987.85","KRW"
"2357","AVICHINA INDUSTRY & TECHNOLOGY LTD","Industrials","Equity","299,172.21","0.01","299,172.21","593,000.00","0.50","China","Hong Kong Exchanges And Clearing Ltd","CAD","5.61","HKD"
"2015","FENG HSIN IRON & STEEL LTD","Materials","Equity","298,536.59","0.01","298,536.59","106,000.00","2.82","Taiwan","Taiwan Stock Exchange","CAD","22.80","TWD"
"457190","ISU SPECIALTY CHEMICAL LTD","Materials","Equity","298,552.88","0.01","298,552.88","4,601.00","64.89","Korea (South)","Korea Exchange (Stock Market)","CAD","987.85","KRW"
"CESC","CESC LTD","Utilities","Equity","298,158.98","0.01","298,158.98","144,473.00","2.06","India","National Stock Exchange Of India","CAD","68.59","INR"
"MGROS.E","MIGROS TICARET A","Consumer Staples","Equity","297,914.45","0.01","297,914.45","19,767.00","15.07","Turkey","Istanbul Stock Exchange","CAD","34.80","TRY"
"ECLERX","ECLERX SERVICES","Industrials","Equity","297,114.50","0.01","297,114.50","10,598.00","28.03","India","National Stock Exchange Of India","CAD","68.59","INR"
"INOXWIND","INOX WIND","Industrials","Equity","297,155.43","0.01","297,155.43","275,071.00","1.08","India","National Stock Exchange Of India","CAD","68.59","INR"
"VIJAYA","VIJAYA DIAGNOSTIC CENTRE","Health Care","Equity","297,342.69","0.01","297,342.69","13,542.00","21.96","India","National Stock Exchange Of India","CAD","68.59","INR"
"SHAILY","SHAILY ENGINEERING PLASTICS LTD","Industrials","Equity","296,573.40","0.01","296,573.40","6,547.00","45.30","India","National Stock Exchange Of India","CAD","68.59","INR"
"SAGILITY","SAGILITY LTD","Industrials","Equity","296,715.74","0.01","296,715.74","456,746.00","0.65","India","National Stock Exchange Of India","CAD","68.59","INR"
"KKP.R","KIATNAKIN PHATRA BANK NON-VOTING D","Financials","Equity","296,746.84","0.01","296,746.84","60,000.00","4.95","Thailand","Stock Exchange Of Thailand","CAD","23.86","THB"
"300759","PHARMARON BEIJING LTD A","Health Care","Equity","295,687.75","0.01","295,687.75","32,400.00","9.13","China","Shenzhen Stock Exchange","CAD","4.80","CNY"
"SPRC.R","STAR PETROLEUM REFINING PCL NON-VO","Energy","Equity","294,292.39","0.01","294,292.39","508,800.00","0.58","Thailand","Stock Exchange Of Thailand","CAD","23.86","THB"
"LHC","LIFE HEALTH","Health Care","Equity","294,560.20","0.01","294,560.20","285,499.00","1.03","South Africa","Johannesburg Stock Exchange","CAD","11.63","ZAR"
"ESCORTS","ESCORTS KUBOTA","Industrials","Equity","293,632.45","0.01","293,632.45","7,117.00","41.26","India","National Stock Exchange Of India","CAD","68.59","INR"
"4015","JAMJOOM PHARMA","Health Care","Equity","293,962.01","0.01","293,962.01","5,844.00","50.30","Saudi Arabia","Saudi Stock Exchange","CAD","2.69","SAR"
"9606","DUALITY BIOTHERAPEUTICS INC","Health Care","Equity","294,093.28","0.01","294,093.28","9,000.00","32.68","China","Hong Kong Exchanges And Clearing Ltd","CAD","5.61","HKD"
"GRWRHITECH","GARWARE HI-TECH FILMS LTD","Materials","Equity","293,211.46","0.01","293,211.46","3,093.00","94.80","India","National Stock Exchange Of India","CAD","68.59","INR"
"2060","NATIONAL INDUSTRIALIZATION","Materials","Equity","293,298.75","0.01","293,298.75","89,925.00","3.26","Saudi Arabia","Saudi Stock Exchange","CAD","2.69","SAR"
"005290","DONGJIN SEMICHEM LTD","Materials","Equity","293,134.93","0.01","293,134.93","7,080.00","41.40","Korea (South)","Korea Exchange (Kosdaq)","CAD","987.85","KRW"
"TIDLOR.R","TIDLOR HOLDINGS NON-VOTING DR PCL","Financials","Equity","292,357.25","0.01","292,357.25","387,515.00","0.75","Thailand","Stock Exchange Of Thailand","CAD","23.86","THB"
"1722","TAIWAN FERTILIZER","Materials","Equity","292,153.67","0.01","292,153.67","158,000.00","1.85","Taiwan","Taiwan Stock Exchange","CAD","22.80","TWD"
"008770","HOTEL SHILLA LTDINARY SHARES KOREA","Consumer Discretionary","Equity","291,260.85","0.01","291,260.85","7,078.00","41.15","Korea (South)","Korea Exchange (Stock Market)","CAD","987.85","KRW"
"363","SHANGHAI INDUSTRIAL HOLDINGS LTD","Industrials","Equity","291,437.04","0.01","291,437.04","122,000.00","2.39","China","Hong Kong Exchanges And Clearing Ltd","CAD","5.61","HKD"
"301377","GUANGDONG DTECH TECHNOLOGY LTD A","Industrials","Equity","291,453.21","0.01","291,453.21","3,500.00","83.27","China","Shenzhen Stock Exchange","CAD","4.80","CNY"
"KFINTECH","KFIN TECHNOLOGIES LTD","Financials","Equity","291,528.90","0.01","291,528.90","22,293.00","13.08","India","National Stock Exchange Of India","CAD","68.59","INR"
"FSL","FIRSTSOURCE SOLUTIONS LTD","Industrials","Equity","289,969.73","0.01","289,969.73","72,830.00","3.98","India","National Stock Exchange Of India","CAD","68.59","INR"
"2080","NATIONAL GAS AND INDUSTRIALIZATION","Utilities","Equity","290,074.46","0.01","290,074.46","12,576.00","23.07","Saudi Arabia","Saudi Stock Exchange","CAD","2.69","SAR"
"KPITTECH","KPIT TECHNOLOGIES LTD","Information Technology","Equity","289,292.28","0.01","289,292.28","35,479.00","8.15","India","National Stock Exchange Of India","CAD","68.59","INR"
"HONASA","HONASA CONSUMER LTD","Consumer Staples","Equity","289,503.84","0.01","289,503.84","43,160.00","6.71","India","National Stock Exchange Of India","CAD","68.59","INR"
"688082","ACM RESEARCH (SHANGHAI) INC A","Information Technology","Equity","288,936.43","0.01","288,936.43","4,904.00","58.92","China","Shanghai Stock Exchange","CAD","4.80","CNY"
"383220","F&F LTD","Consumer Discretionary","Equity","288,546.46","0.01","288,546.46","4,137.00","69.75","Korea (South)","Korea Exchange (Stock Market)","CAD","987.85","KRW"
"4004","DALLAH HEALTHCARE","Health Care","Equity","288,628.64","0.01","288,628.64","9,690.00","29.79","Saudi Arabia","Saudi Stock Exchange","CAD","2.69","SAR"
"MRDIY","MR D.I.Y. GROUP (M)","Consumer Discretionary","Equity","288,653.52","0.01","288,653.52","660,900.00","0.44","Malaysia","Bursa Malaysia","CAD","2.93","MYR"
"MTC.R","MUANGTHAI CAPITAL ORS NON-VOTING D","Financials","Equity","288,787.48","0.01","288,787.48","231,600.00","1.25","Thailand","Stock Exchange Of Thailand","CAD","23.86","THB"
"KAJARIACER","KAJARIA CERAMICS LTD","Industrials","Equity","288,271.90","0.01","288,271.90","16,245.00","17.75","India","National Stock Exchange Of India","CAD","68.59","INR"
"004800","HYOSUNG","Industrials","Equity","287,579.41","0.01","287,579.41","1,798.00","159.94","Korea (South)","Korea Exchange (Stock Market)","CAD","987.85","KRW"
"JINDALSAW","JINDAL SAW LTD","Materials","Equity","287,723.37","0.01","287,723.37","67,774.00","4.25","India","National Stock Exchange Of India","CAD","68.59","INR"
"2350","SAUDI KAYAN PETROCHEMICAL","Materials","Equity","287,725.04","0.01","287,725.04","153,328.00","1.88","Saudi Arabia","Saudi Stock Exchange","CAD","2.69","SAR"
"RAMCOCEM","THE RAMCO CEMENTS LTD","Materials","Equity","286,400.45","0.01","286,400.45","22,871.00","12.52","India","National Stock Exchange Of India","CAD","68.59","INR"
"601006","DAQIN RAILWAY LTD A","Industrials","Equity","286,299.59","0.01","286,299.59","291,400.00","0.98","China","Shanghai Stock Exchange","CAD","4.80","CNY"
"3020","YAMAMA SAUDI CEMENT","Materials","Equity","286,371.62","0.01","286,371.62","34,093.00","8.40","Saudi Arabia","Saudi Stock Exchange","CAD","2.69","SAR"
"2206","SANYANG INDUSTRY","Consumer Discretionary","Equity","286,376.14","0.01","286,376.14","102,000.00","2.81","Taiwan","Taiwan Stock Exchange","CAD","22.80","TWD"
"139480","E-MART INC","Consumer Staples","Equity","285,542.65","0.01","285,542.65","3,864.00","73.90","Korea (South)","Korea Exchange (Stock Market)","CAD","987.85","KRW"
"4766","NAN PAO RESINS CHEMICAL CO LTD","Materials","Equity","285,060.07","0.01","285,060.07","19,000.00","15.00","Taiwan","Taiwan Stock Exchange","CAD","22.80","TWD"
"600026","COSCO SHIPPING ENERGY TRANSPORTATI","Energy","Equity","285,230.94","0.01","285,230.94","61,900.00","4.61","China","Shanghai Stock Exchange","CAD","4.80","CNY"
"2851","CENTRAL REINSURANCE CORP","Financials","Equity","284,533.64","0.01","284,533.64","138,000.00","2.06","Taiwan","Taiwan Stock Exchange","CAD","22.80","TWD"
"CHAMBLFERT","CHAMBAL FERTILISERS AND CHEMICALS","Materials","Equity","284,588.60","0.01","284,588.60","47,163.00","6.03","India","National Stock Exchange Of India","CAD","68.59","INR"
"ECL","ENGIE ENERGIA CHILE SA","Utilities","Equity","284,637.38","0.01","284,637.38","105,073.00","2.71","Chile","Santiago Stock Exchange","CAD","684.77","CLP"
"PEKGY.E","PEKER GAYRIMENKUL YATIRIM ORTAKLIG","Real Estate","Equity","284,703.16","0.01","284,703.16","1,045,150.00","0.27","Turkey","Istanbul Stock Exchange","CAD","34.80","TRY"
"MPARK.E","MLP SAGLIK HIZMETLERI","Health Care","Equity","284,902.37","0.01","284,902.37","22,793.00","12.50","Turkey","Istanbul Stock Exchange","CAD","34.80","TRY"
"1316","NEXTEER AUTOMOTIVE GROUP LTD","Consumer Discretionary","Equity","284,945.31","0.01","284,945.31","339,000.00","0.84","China","Hong Kong Exchanges And Clearing Ltd","CAD","5.61","HKD"
"601168","WESTERN MINING LTD A","Materials","Equity","283,960.37","0.01","283,960.37","38,400.00","7.39","China","Shanghai Stock Exchange","CAD","4.80","CNY"
"TRITURBINE","TRIVENI TURBINE LTD","Industrials","Equity","283,193.65","0.01","283,193.65","34,887.00","8.12","India","National Stock Exchange Of India","CAD","68.59","INR"
"6616","GLOBAL NEW MATERIAL INTERNATIONAL","Materials","Equity","282,826.56","0.01","282,826.56","167,000.00","1.69","China","Hong Kong Exchanges And Clearing Ltd","CAD","5.61","HKD"
"1579","YIHAI INTERNATIONAL HOLDING","Consumer Staples","Equity","282,894.31","0.01","282,894.31","116,000.00","2.44","China","Hong Kong Exchanges And Clearing Ltd","CAD","5.61","HKD"
"004370","NONGSHIM LTD","Consumer Staples","Equity","282,926.86","0.01","282,926.86","704.00","401.88","Korea (South)","Korea Exchange (Stock Market)","CAD","987.85","KRW"
"357780","SOULBRAIN","Materials","Equity","282,186.86","0.01","282,186.86","846.00","333.55","Korea (South)","Korea Exchange (Kosdaq)","CAD","987.85","KRW"
"TMB","TAMILNAD MERCANTILE BANK LTD","Financials","Equity","282,187.31","0.01","282,187.31","21,713.00","13.00","India","National Stock Exchange Of India","CAD","68.59","INR"
"CCET.R","CAL-COMP ELECTRONICS (THAILAND) NO","Information Technology","Equity","282,281.48","0.01","282,281.48","752,500.00","0.38","Thailand","Stock Exchange Of Thailand","CAD","23.86","THB"
"ATUL","ATUL LTD","Materials","Equity","282,474.11","0.01","282,474.11","3,159.00","89.42","India","National Stock Exchange Of India","CAD","68.59","INR"
"QFIN","QFIN HOLDINGS ADR","Financials","Equity","282,495.91","0.01","282,495.91","24,364.00","11.59","China","NASDAQ","CAD","0.71","USD"
"NAVA","NAVA","Industrials","Equity","282,540.05","0.01","282,540.05","35,456.00","7.97","India","National Stock Exchange Of India","CAD","68.59","INR"
"CNPF","CENTURY PACIFIC FOOD INC","Consumer Staples","Equity","281,931.59","0.01","281,931.59","389,100.00","0.72","Philippines","Philippine Stock Exchange Inc.","CAD","44.85","PHP"
"IRB","IRB INFRASTRUCTURE DEVELOPERS LTD","Industrials","Equity","281,537.56","0.01","281,537.56","1,024,482.00","0.27","India","National Stock Exchange Of India","CAD","68.59","INR"
"1810","SEERA GROUP HOLDING","Consumer Discretionary","Equity","280,158.17","0.01","280,158.17","36,921.00","7.59","Saudi Arabia","Saudi Stock Exchange","CAD","2.69","SAR"
"ACMESOLAR","ACME SOLAR HOLDINGS LTD","Utilities","Equity","280,252.49","0.01","280,252.49","46,738.00","6.00","India","National Stock Exchange Of India","CAD","68.59","INR"
"1319","TONG YANG INDUSTRY LTD","Consumer Discretionary","Equity","280,409.97","0.01","280,409.97","80,000.00","3.51","Taiwan","Taiwan Stock Exchange","CAD","22.80","TWD"
"688146","PERIC SPECIAL GASES LTD A","Materials","Equity","279,953.60","0.01","279,953.60","5,941.00","47.12","China","Shanghai Stock Exchange","CAD","4.80","CNY"
"PVRINOX","PVR INOX LTD","Communication","Equity","279,373.46","0.01","279,373.46","15,057.00","18.55","India","National Stock Exchange Of India","CAD","68.59","INR"
"NETWEB","NETWEB TECHNOLOGIES INDIA LTD","Information Technology","Equity","278,943.50","0.01","278,943.50","4,179.00","66.75","India","National Stock Exchange Of India","CAD","68.59","INR"
"002602","ZHEJIANG CENTURY HUATONG GROUP LTD","Communication","Equity","278,430.85","0.01","278,430.85","91,800.00","3.03","China","Shenzhen Stock Exchange","CAD","4.80","CNY"
"152","SHENZHEN INTERNATIONAL HOLDINGS","Industrials","Equity","278,617.14","0.01","278,617.14","293,500.00","0.95","China","Hong Kong Exchanges And Clearing Ltd","CAD","5.61","HKD"
"023530","LOTTE SHOPPING LTD","Consumer Discretionary","Equity","277,811.08","0.01","277,811.08","2,374.00","117.02","Korea (South)","Korea Exchange (Stock Market)","CAD","987.85","KRW"
"TCAP.R","THANACHART CAPITAL NON-VOTING DR P","Financials","Equity","277,957.06","0.01","277,957.06","79,900.00","3.48","Thailand","Stock Exchange Of Thailand","CAD","23.86","THB"
"ZEEL","ZEE ENTERTAINMENT ENTERPRISES","Communication","Equity","278,202.69","0.01","278,202.69","243,682.00","1.14","India","National Stock Exchange Of India","CAD","68.59","INR"
"000807","YUNNAN ALUMINIUM LTD A","Materials","Equity","277,300.67","0.01","277,300.67","49,400.00","5.61","China","Shenzhen Stock Exchange","CAD","4.80","CNY"
"007340","DN AUTOMOTIVE CORP","Consumer Discretionary","Equity","277,543.42","0.01","277,543.42","5,700.00","48.69","Korea (South)","Korea Exchange (Stock Market)","CAD","987.85","KRW"
"000425","XCMG CONSTRUCTION MACHINERY A","Industrials","Equity","277,604.39","0.01","277,604.39","176,500.00","1.57","China","Shenzhen Stock Exchange","CAD","4.80","CNY"
"MSUMI","MOTHERSON SUMI WIRING INDIA LTD","Consumer Discretionary","Equity","276,969.91","0.01","276,969.91","526,703.00","0.53","India","National Stock Exchange Of India","CAD","68.59","INR"
"VNET","VNET GROUP ADR","Information Technology","Equity","277,228.14","0.01","277,228.14","32,547.00","8.52","China","NASDAQ","CAD","0.71","USD"
"BOX","BOXER RETAIL LTD","Consumer Staples","Equity","276,378.63","0.01","276,378.63","41,339.00","6.69","South Africa","Johannesburg Stock Exchange","CAD","11.63","ZAR"
"SIRI.R","SANSIRI NON-VOTING DR PCL","Real Estate","Equity","276,588.76","0.01","276,588.76","4,519,900.00","0.06","Thailand","Stock Exchange Of Thailand","CAD","23.86","THB"
"688111","BEIJING KINGSOFT OFFICE SOFTWARE A","Information Technology","Equity","276,607.76","0.01","276,607.76","5,945.00","46.53","China","Shanghai Stock Exchange","CAD","4.80","CNY"
"9899","NETEASE CLOUD MUSIC INC","Communication","Equity","276,217.17","0.01","276,217.17","18,250.00","15.14","China","Hong Kong Exchanges And Clearing Ltd","CAD","5.61","HKD"
"1866","CHINA XLX FERTILISER LTD","Materials","Equity","275,578.07","0.01","275,578.07","152,000.00","1.81","China","Hong Kong Exchanges And Clearing Ltd","CAD","5.61","HKD"
"ENRG","ENERGI MEGA PERSADA","Energy","Equity","275,599.02","0.01","275,599.02","2,668,400.00","0.10","Indonesia","Indonesia Stock Exchange","CAD","12,683.66","IDR"
"600674","SICHUAN CHUANTOU ENERGY LTD A","Utilities","Equity","274,968.96","0.01","274,968.96","82,800.00","3.32","China","Shanghai Stock Exchange","CAD","4.80","CNY"
"SAPPHIRE","SAPPHIRE FOODS INDIA LTD","Consumer Discretionary","Equity","275,030.55","0.01","275,030.55","80,883.00","3.40","India","National Stock Exchange Of India","CAD","68.59","INR"
"USHAMART","USHA MARTIN LTD","Materials","Equity","275,179.14","0.01","275,179.14","38,082.00","7.23","India","National Stock Exchange Of India","CAD","68.59","INR"
"688777","SUPCON TECHNOLOGY A","Information Technology","Equity","274,435.03","0.01","274,435.03","15,540.00","17.66","China","Shanghai Stock Exchange","CAD","4.80","CNY"
"AEFES.E","ANADOLU EFES BIRACILIK VE MALT SAN","Consumer Staples","Equity","274,251.55","0.01","274,251.55","500,225.00","0.55","Turkey","Istanbul Stock Exchange","CAD","34.80","TRY"
"639","SHOUGANG FUSHAN RESOURCES GROUP LT","Materials","Equity","273,606.53","0.01","273,606.53","531,066.00","0.52","China","Hong Kong Exchanges And Clearing Ltd","CAD","5.61","HKD"
"JGS","JG SUMMIT HOLDINGS CLASS B","Industrials","Equity","273,317.99","0.01","273,317.99","627,400.00","0.44","Philippines","Philippine Stock Exchange Inc.","CAD","44.85","PHP"
"688271","SHANGHAI UNITED IMAGING HEALTHCARE","Health Care","Equity","272,304.85","0.01","272,304.85","13,015.00","20.92","China","Shanghai Stock Exchange","CAD","4.80","CNY"
"145020","HUGEL","Health Care","Equity","272,312.85","0.01","272,312.85","1,162.00","234.35","Korea (South)","Korea Exchange (Kosdaq)","CAD","987.85","KRW"
"2645","EVERGREEN AVIATION TECHNOLOGIES CO","Industrials","Equity","272,425.83","0.01","272,425.83","36,000.00","7.57","Taiwan","Taiwan Stock Exchange","CAD","22.80","TWD"
"600893","AECC AVIATION POWER LTD A","Industrials","Equity","271,012.69","0.01","271,012.69","33,000.00","8.21","China","Shanghai Stock Exchange","CAD","4.80","CNY"
"3393","WASION HOLDINGS LTD","Information Technology","Equity","270,811.11","0.01","270,811.11","110,000.00","2.46","China","Hong Kong Exchanges And Clearing Ltd","CAD","5.61","HKD"
"1199","COSCO SHIPPING PORTS LTD","Industrials","Equity","270,099.81","0.01","270,099.81","254,000.00","1.06","China","Hong Kong Exchanges And Clearing Ltd","CAD","5.61","HKD"
"2606","U-MING MARINE TRANSPORT CORP","Industrials","Equity","270,232.38","0.01","270,232.38","80,000.00","3.38","Taiwan","Taiwan Stock Exchange","CAD","22.80","TWD"
"3715","DYNAMIC HOLDING LTD","Information Technology","Equity","270,320.12","0.01","270,320.12","52,000.00","5.20","Taiwan","Taiwan Stock Exchange","CAD","22.80","TWD"
"002414","WUHAN GUIDE INFRARED LTD A","Information Technology","Equity","269,102.85","0.01","269,102.85","106,090.00","2.54","China","Shenzhen Stock Exchange","CAD","4.80","CNY"
"TISCO.R","TISCO FINANCIAL GROUP NON-VOTING D","Financials","Equity","269,343.86","0.01","269,343.86","50,600.00","5.32","Thailand","Stock Exchange Of Thailand","CAD","23.86","THB"
"YGGYO.E","YENI GIMAT REAL ESTATE INVESTMENT","Real Estate","Equity","269,470.39","0.01","269,470.39","43,356.00","6.22","Turkey","Istanbul Stock Exchange","CAD","34.80","TRY"
"600362","JIANGXI COPPER LTD A","Materials","Equity","268,913.77","0.01","268,913.77","29,800.00","9.02","China","Shanghai Stock Exchange","CAD","4.80","CNY"
"601390","CHINA RAILWAY GROUP LTD A","Industrials","Equity","268,107.75","0.01","268,107.75","300,300.00","0.89","China","Shanghai Stock Exchange","CAD","4.80","CNY"
"TATAINVEST","TATA INVESTMENT CORPORATION LTD","Financials","Equity","268,559.36","0.01","268,559.36","25,610.00","10.49","India","National Stock Exchange Of India","CAD","68.59","INR"
"COHANCE","COHANCE LIFESCIENCES LTD","Health Care","Equity","267,775.01","0.01","267,775.01","41,749.00","6.41","India","National Stock Exchange Of India","CAD","68.59","INR"
"601888","CHINA TOURISM GROUP DUTY FREE CORP","Consumer Discretionary","Equity","267,811.75","0.01","267,811.75","25,100.00","10.67","China","Shanghai Stock Exchange","CAD","4.80","CNY"
"JSW","JASTRZEBSKA SPOLKA WEGLOWA","Materials","Equity","267,911.77","0.01","267,911.77","18,727.00","14.31","Poland","Warsaw Stock Exchange/Equities/Main Market","CAD","2.71","PLN"
"PAX","PATRIA INVESTMENTS LTD CLASS A","Financials","Equity","267,128.44","0.01","267,128.44","19,004.00","14.06","Brazil","NASDAQ","CAD","0.71","USD"
"603501","OMNIVISION INTEGRATED CIRCUITS GRO","Information Technology","Equity","267,319.67","0.01","267,319.67","16,300.00","16.40","China","Shanghai Stock Exchange","CAD","4.80","CNY"
"000988","HUAGONG TECH A","Information Technology","Equity","266,992.58","0.01","266,992.58","12,100.00","22.07","China","Shenzhen Stock Exchange","CAD","4.80","CNY"
"300757","ROBOTECHNIK INTELLIGENT TECHNOLOGY","Industrials","Equity","266,320.48","0.01","266,320.48","2,100.00","126.82","China","Shenzhen Stock Exchange","CAD","4.80","CNY"
"6010","NATIONAL AGRICULTURE DEVELOPMENT","Consumer Staples","Equity","265,832.77","0.01","265,832.77","50,529.00","5.26","Saudi Arabia","Saudi Stock Exchange","CAD","2.69","SAR"
"089970","VM INC","Information Technology","Equity","266,018.95","0.01","266,018.95","4,977.00","53.45","Korea (South)","Korea Exchange (Kosdaq)","CAD","987.85","KRW"
"GRINDWELL","GRINDWELL NORTON LTD","Industrials","Equity","265,350.13","0.01","265,350.13","9,774.00","27.15","India","National Stock Exchange Of India","CAD","68.59","INR"
"089030","TECHWING INC","Information Technology","Equity","265,360.24","0.01","265,360.24","5,711.00","46.46","Korea (South)","Korea Exchange (Kosdaq)","CAD","987.85","KRW"
"VAPORES","COMPANIA SUDAMERICANA DE VAPORES S","Industrials","Equity","265,387.96","0.01","265,387.96","3,762,506.00","0.07","Chile","Santiago Stock Exchange","CAD","684.77","CLP"
"DTC","DATATEC LTD","Information Technology","Equity","265,564.60","0.01","265,564.60","39,297.00","6.76","South Africa","Johannesburg Stock Exchange","CAD","11.63","ZAR"
"251270","NETMARBLE","Communication","Equity","264,773.05","0.01","264,773.05","7,659.00","34.57","Korea (South)","Korea Exchange (Stock Market)","CAD","987.85","KRW"
"9911","NEWBORN TOWN INC","Communication","Equity","264,892.52","0.01","264,892.52","156,000.00","1.70","China","Hong Kong Exchanges And Clearing Ltd","CAD","5.61","HKD"
"TKG","TELKOM SOC LTD SA","Communication","Equity","264,965.16","0.01","264,965.16","57,091.00","4.64","South Africa","Johannesburg Stock Exchange","CAD","11.63","ZAR"
"601995","CHINA INTERNATIONAL CAPITAL A","Financials","Equity","264,673.39","0.01","264,673.39","39,900.00","6.63","China","Shanghai Stock Exchange","CAD","4.80","CNY"
"EYDAP","ATHENS WATER SUPPLY AND SEWAGE SA","Utilities","Equity","263,889.02","0.01","263,889.02","13,290.00","19.86","Greece","Athens Exchange S.A. Cash Market","CAD","0.62","EUR"
"STA.R","SRI TRANG-AGRO INDUSTRY NON-VOTING","Consumer Discretionary","Equity","264,033.43","0.01","264,033.43","293,000.00","0.90","Thailand","Stock Exchange Of Thailand","CAD","23.86","THB"
"1117","CHINA MODERN DAIRY HOLDINGS LTD","Consumer Staples","Equity","264,125.96","0.01","264,125.96","926,000.00","0.29","China","Hong Kong Exchanges And Clearing Ltd","CAD","5.61","HKD"
"PLN","PLN CASH","Cash and/or Derivatives","Cash","263,513.53","0.01","263,513.53","714,679.00","36.87","Poland","-","CAD","2.71","PLN"
"1314","CHINA PETROCHEMICAL DEVELOPMENT CO","Materials","Equity","263,353.74","0.01","263,353.74","670,000.00","0.39","Taiwan","Taiwan Stock Exchange","CAD","22.80","TWD"
"2393","EVERLIGHT ELECTRONICS","Information Technology","Equity","263,388.84","0.01","263,388.84","95,000.00","2.77","Taiwan","Taiwan Stock Exchange","CAD","22.80","TWD"
"000783","CHANGJIANG SECURITIES LTD A","Financials","Equity","263,023.17","0.01","263,023.17","152,100.00","1.73","China","Shenzhen Stock Exchange","CAD","4.80","CNY"
"002230","IFLYTEK LTD A","Information Technology","Equity","263,122.67","0.01","263,122.67","32,900.00","8.00","China","Shenzhen Stock Exchange","CAD","4.80","CNY"
"SUDARSCHEM","SUDARSHAN CHEMICAL INDUSTRIES LTD","Materials","Equity","262,421.19","0.01","262,421.19","14,933.00","17.57","India","National Stock Exchange Of India","CAD","68.59","INR"
"NATCOPHARM","NATCO PHARMA LTD","Health Care","Equity","262,594.67","0.01","262,594.67","22,013.00","11.93","India","National Stock Exchange Of India","CAD","68.59","INR"
"300498","WENS FOODSTUFF GROUP","Consumer Staples","Equity","262,148.73","0.01","262,148.73","85,900.00","3.05","China","Shenzhen Stock Exchange","CAD","4.80","CNY"
"ASAHIINDIA","ASAHI INDIA GLASS LTD","Consumer Discretionary","Equity","262,217.89","0.01","262,217.89","18,919.00","13.86","India","National Stock Exchange Of India","CAD","68.59","INR"
"4084","DERAYAH FINANCIAL","Financials","Equity","261,389.72","0.01","261,389.72","33,752.00","7.74","Saudi Arabia","Saudi Stock Exchange","CAD","2.69","SAR"
"THANGAMAYL","THANGAMAYIL JEWELLERY LTD","Consumer Discretionary","Equity","261,476.05","0.01","261,476.05","3,728.00","70.14","India","National Stock Exchange Of India","CAD","68.59","INR"
"600426","SHANDONG HUALU-HENGSHENG CHEMICAL","Materials","Equity","261,733.45","0.01","261,733.45","64,610.00","4.05","China","Shanghai Stock Exchange","CAD","4.80","CNY"
"1609","TA YA ELECTRIC WIRE & CABLE LTD","Industrials","Equity","260,673.85","0.01","260,673.85","157,825.00","1.65","Taiwan","Taiwan Stock Exchange","CAD","22.80","TWD"
"SCHNEIDER","SCHNEIDER ELECTRIC INFRASTRUCTURE","Industrials","Equity","260,695.50","0.01","260,695.50","14,878.00","17.52","India","National Stock Exchange Of India","CAD","68.59","INR"
"RALYH.E","RAL YATIRIM HOLDING ANONIM SIRKETI","Industrials","Equity","259,603.42","0.01","259,603.42","41,066.00","6.32","Turkey","Istanbul Stock Exchange","CAD","34.80","TRY"
"214150","CLASSYS INC","Health Care","Equity","259,152.89","0.01","259,152.89","8,140.00","31.84","Korea (South)","Korea Exchange (Kosdaq)","CAD","987.85","KRW"
"URC","UNIVERSAL ROBINA CORP","Consumer Staples","Equity","258,785.14","0.01","258,785.14","200,130.00","1.29","Philippines","Philippine Stock Exchange Inc.","CAD","44.85","PHP"
"688347","HUA HONG GRACE SEMICONDUCTOR LTD A","Information Technology","Equity","258,044.15","0.01","258,044.15","5,600.00","46.08","China","Shanghai Stock Exchange","CAD","4.80","CNY"
"IREDA","INDIAN RENEWABLE ENERGY DEVELOPMEN","Financials","Equity","258,140.67","0.01","258,140.67","162,461.00","1.59","India","National Stock Exchange Of India","CAD","68.59","INR"
"6803","ECOVE ENVIRONMENT CORP","Industrials","Equity","258,168.44","0.01","258,168.44","22,000.00","11.73","Taiwan","Gretai Securities Market","CAD","22.80","TWD"
"LH.R","LAND AND HOUSE PUBLIC NON-VOTING D","Real Estate","Equity","258,398.93","0.01","258,398.93","1,693,700.00","0.15","Thailand","Stock Exchange Of Thailand","CAD","23.86","THB"
"COLT","COLT CZ GROUP","Industrials","Equity","258,445.49","0.01","258,445.49","4,304.00","60.05","Czech Republic","Prague Stock Exchange","CAD","15.14","CZK"
"022100","POSCO DX COMPANY LTD","Information Technology","Equity","257,573.09","0.01","257,573.09","12,002.00","21.46","Korea (South)","Korea Exchange (Stock Market)","CAD","987.85","KRW"
"6451","SHUNSIN TECHNOLOGY HOLDINGS LTD","Information Technology","Equity","257,334.93","0.01","257,334.93","14,000.00","18.38","Taiwan","Taiwan Stock Exchange","CAD","22.80","TWD"
"544467","NATIONAL SECURITIES DEPOSITORY LTD","Financials","Equity","257,414.53","0.01","257,414.53","22,301.00","11.54","India","Bse Ltd","CAD","68.59","INR"
"OLAELEC","OLA ELECTRIC MOBILITY LTD","Consumer Discretionary","Equity","256,573.41","0.01","256,573.41","478,367.00","0.54","India","National Stock Exchange Of India","CAD","68.59","INR"
"ERIS","ERIS LIFESCIENCES LTD","Health Care","Equity","257,007.76","0.01","257,007.76","13,450.00","19.11","India","National Stock Exchange Of India","CAD","68.59","INR"
"3040","QASSIM CEMENT","Materials","Equity","255,764.95","0.01","255,764.95","15,272.00","16.75","Saudi Arabia","Saudi Stock Exchange","CAD","2.69","SAR"
"078600","DAEJOO ELECTRONIC MATERIALS LTD","Information Technology","Equity","255,795.49","0.01","255,795.49","2,928.00","87.36","Korea (South)","Korea Exchange (Kosdaq)","CAD","987.85","KRW"
"IRPC.R","IRPC NON-VOTING DR","Energy","Equity","254,732.60","0.01","254,732.60","2,218,100.00","0.11","Thailand","Stock Exchange Of Thailand","CAD","23.86","THB"
"2367","UNITECH PRINTED CIRCUIT BOARD","Information Technology","Equity","254,779.43","0.01","254,779.43","142,872.00","1.78","Taiwan","Taiwan Stock Exchange","CAD","22.80","TWD"
"APEX","APEX INVESTMENT","Materials","Equity","254,177.80","0.01","254,177.80","175,650.00","1.45","United Arab Emirates","Abu Dhabi Securities Exchange","CAD","2.63","AED"
"8016","SITRONIX TECHNOLOGY CORP","Information Technology","Equity","254,264.11","0.01","254,264.11","21,000.00","12.11","Taiwan","Taiwan Stock Exchange","CAD","22.80","TWD"
"131290","TSE LTD","Information Technology","Equity","254,576.27","0.01","254,576.27","1,012.00","251.56","Korea (South)","Korea Exchange (Kosdaq)","CAD","987.85","KRW"
"600104","SAIC MOTOR CORP LTD A","Consumer Discretionary","Equity","253,962.30","0.01","253,962.30","108,800.00","2.33","China","Shanghai Stock Exchange","CAD","4.80","CNY"
"002080","SINOMA SCIENCE & TECHNOLOGY A","Materials","Equity","253,422.24","0.01","253,422.24","20,700.00","12.24","China","Shenzhen Stock Exchange","CAD","4.80","CNY"
"3090","NICHIDENBO CORP","Information Technology","Equity","252,684.83","0.01","252,684.83","36,000.00","7.02","Taiwan","Taiwan Stock Exchange","CAD","22.80","TWD"
"601727","SHANGHAI ELECTRIC GROUP LTD A","Industrials","Equity","252,733.24","0.01","252,733.24","190,800.00","1.32","China","Shanghai Stock Exchange","CAD","4.80","CNY"
"817","CHINA JINMAO HOLDINGS GROUP LTD","Real Estate","Equity","252,873.51","0.01","252,873.51","1,192,000.00","0.21","China","Hong Kong Exchanges And Clearing Ltd","CAD","5.61","HKD"
"DIRR3","DIRECIONAL ENGENHARIA","Consumer Discretionary","Equity","252,875.03","0.01","252,875.03","92,591.00","2.73","Brazil","XBSP","CAD","3.69","BRL"
"DIA","DIAGNOSTYKA SA","Health Care","Equity","253,075.53","0.01","253,075.53","4,175.00","60.62","Poland","Warsaw Stock Exchange/Equities/Main Market","CAD","2.71","PLN"
"LLOYDSENGG","LLOYDS ENGINEERING WORKS LTD","Industrials","Equity","252,218.76","0.01","252,218.76","215,716.00","1.17","India","National Stock Exchange Of India","CAD","68.59","INR"
"BELRISE","BELRISE INDUSTRIES LTD","Consumer Discretionary","Equity","252,088.90","0.01","252,088.90","75,387.00","3.34","India","National Stock Exchange Of India","CAD","68.59","INR"
"JYOTICNC","JYOTI CNC AUTOMATION LTD","Industrials","Equity","251,586.79","0.01","251,586.79","17,594.00","14.30","India","National Stock Exchange Of India","CAD","68.59","INR"
"002648","SATELLITE CHEMICAL LTD A","Materials","Equity","251,646.86","0.01","251,646.86","45,800.00","5.49","China","Shenzhen Stock Exchange","CAD","4.80","CNY"
"KLCC","KLCC PROPERTY HOLDINGS STAPLED UNI","Real Estate","Equity","250,898.50","0.01","250,898.50","85,600.00","2.93","Malaysia","Bursa Malaysia","CAD","2.93","MYR"
"237690","ST PHARM LTD","Health Care","Equity","250,996.96","0.01","250,996.96","2,698.00","93.03","Korea (South)","Korea Exchange (Kosdaq)","CAD","987.85","KRW"
"178320","SEOJIN SYSTEM LTD","Information Technology","Equity","251,055.73","0.01","251,055.73","7,241.00","34.67","Korea (South)","Korea Exchange (Kosdaq)","CAD","987.85","KRW"
"029780","SAMSUNG CARD LTD","Financials","Equity","251,191.38","0.01","251,191.38","5,595.00","44.90","Korea (South)","Korea Exchange (Stock Market)","CAD","987.85","KRW"
"4003","UNITED ELECTRONICS","Consumer Discretionary","Equity","250,371.20","0.01","250,371.20","10,112.00","24.76","Saudi Arabia","Saudi Stock Exchange","CAD","2.69","SAR"
"2646","STARLUX AIRLINES LTD","Industrials","Equity","250,513.32","0.01","250,513.32","282,000.00","0.89","Taiwan","Taiwan Stock Exchange","CAD","22.80","TWD"
"3339","LONKING HOLDINGS LTD","Industrials","Equity","250,570.25","0.01","250,570.25","424,000.00","0.59","China","Hong Kong Exchanges And Clearing Ltd","CAD","5.61","HKD"
"600549","XIAMEN TUNGSTEN LTD A","Materials","Equity","249,953.04","0.01","249,953.04","24,100.00","10.37","China","Shanghai Stock Exchange","CAD","4.80","CNY"
"001740","SK NETWORKS LTD","Industrials","Equity","249,603.38","0.01","249,603.38","39,076.00","6.39","Korea (South)","Korea Exchange (Stock Market)","CAD","987.85","KRW"
"011170","LOTTE CHEMICAL","Materials","Equity","249,759.02","0.01","249,759.02","3,973.00","62.86","Korea (South)","Korea Exchange (Stock Market)","CAD","987.85","KRW"
"1164","CGN MINING COMPANY LTD","Energy","Equity","248,362.37","0.01","248,362.37","665,000.00","0.37","China","Hong Kong Exchanges And Clearing Ltd","CAD","5.61","HKD"
"601012","LONGI GREEN ENERGY TECHNOLOGY A","Information Technology","Equity","248,506.21","0.01","248,506.21","108,400.00","2.29","China","Shanghai Stock Exchange","CAD","4.80","CNY"
"VOLTAMP","VOLTAMP TRANSFORMERS LTD","Industrials","Equity","248,526.78","0.01","248,526.78","1,588.00","156.50","India","National Stock Exchange Of India","CAD","68.59","INR"
"688002","RAYTRON TECHNOLOGY LTD A","Information Technology","Equity","248,678.09","0.01","248,678.09","6,444.00","38.59","China","Shanghai Stock Exchange","CAD","4.80","CNY"
"081660","MISTO HOLDINGS CORP","Consumer Discretionary","Equity","248,690.33","0.01","248,690.33","6,348.00","39.18","Korea (South)","Korea Exchange (Stock Market)","CAD","987.85","KRW"
"9921","GIANT MANUFACTURING","Consumer Discretionary","Equity","248,736.63","0.01","248,736.63","63,000.00","3.95","Taiwan","Taiwan Stock Exchange","CAD","22.80","TWD"
"EXCL","XLSMART TELECOM SEJAHTERA","Communication","Equity","247,897.39","0.01","247,897.39","1,218,700.00","0.20","Indonesia","Indonesia Stock Exchange","CAD","12,683.66","IDR"
"APTUS","APTUS VALUE HOUSING FINANCE INDIA","Financials","Equity","248,176.74","0.01","248,176.74","71,179.00","3.49","India","National Stock Exchange Of India","CAD","68.59","INR"
"3227","PIXART IMAGING","Information Technology","Equity","248,188.27","0.01","248,188.27","31,000.00","8.01","Taiwan","Gretai Securities Market","CAD","22.80","TWD"
"2869","GREENTOWN SERVICE GROUP LTD","Real Estate","Equity","247,382.77","0.01","247,382.77","336,000.00","0.74","China","Hong Kong Exchanges And Clearing Ltd","CAD","5.61","HKD"
"AGUAS.A","AGUAS ANDINAS SA","Utilities","Equity","247,060.54","0.01","247,060.54","505,012.00","0.49","Chile","Santiago Stock Exchange","CAD","684.77","CLP"
"PARAS","PARAS DEFENCE AND SPACE TECHNOLOGI","Industrials","Equity","247,127.20","0.01","247,127.20","12,365.00","19.99","India","National Stock Exchange Of India","CAD","68.59","INR"
"1952","EVEREST MEDICINES","Health Care","Equity","246,521.72","0.01","246,521.72","52,500.00","4.70","China","Hong Kong Exchanges And Clearing Ltd","CAD","5.61","HKD"
"AURE3","AUREN ENERGIA SA","Utilities","Equity","246,839.79","0.01","246,839.79","76,226.00","3.24","Brazil","XBSP","CAD","3.69","BRL"
"6472","BORA PHARMACEUTICALS","Health Care","Equity","245,936.69","0.01","245,936.69","13,191.00","18.64","Taiwan","Taiwan Stock Exchange","CAD","22.80","TWD"
"6666","EVERGRANDE PROPERTY SERVICES GROUP","Real Estate","Equity","246,016.32","0.01","246,016.32","1,179,500.00","0.21","China","Hong Kong Exchanges And Clearing Ltd","CAD","5.61","HKD"
"UJJIVANSFB","UJJIVAN SMALL FINANCE BANK LTD","Financials","Equity","246,079.54","0.01","246,079.54","263,863.00","0.93","India","National Stock Exchange Of India","CAD","68.59","INR"
"2381","ARABIAN DRILLING CO","Energy","Equity","246,224.36","0.01","246,224.36","7,088.00","34.74","Saudi Arabia","Saudi Stock Exchange","CAD","2.69","SAR"
"DOMS","DOMS INDUSTRIES LTD","Industrials","Equity","245,586.60","0.01","245,586.60","7,940.00","30.93","India","National Stock Exchange Of India","CAD","68.59","INR"
"688249","NEXCHIP SEMICONDUCTOR CORP A","Information Technology","Equity","245,593.20","0.01","245,593.20","33,629.00","7.30","China","Shanghai Stock Exchange","CAD","4.80","CNY"
"CAPLIPOINT","CAPLIN POINT LABORATORIES LTD","Health Care","Equity","245,680.34","0.01","245,680.34","6,490.00","37.86","India","National Stock Exchange Of India","CAD","68.59","INR"
"APR","AUTO PARTNER SA","Consumer Discretionary","Equity","245,817.72","0.01","245,817.72","21,506.00","11.43","Poland","Warsaw Stock Exchange/Equities/Main Market","CAD","2.71","PLN"
"600160","ZHEJIANG JU HUA LTD A","Materials","Equity","245,830.52","0.01","245,830.52","33,700.00","7.29","China","Shanghai Stock Exchange","CAD","4.80","CNY"
"BPCC","BOUBYAN PETROCHM","Materials","Equity","245,913.04","0.01","245,913.04","73,176.00","3.36","Kuwait","Kuwait Stock Exchange","CAD","0.22","KWD"
"165","CHINA EVERBRIGHT LTD","Financials","Equity","244,988.59","0.01","244,988.59","230,000.00","1.07","China","Hong Kong Exchanges And Clearing Ltd","CAD","5.61","HKD"
"2388","VIA TECHNOLOGIES","Information Technology","Equity","244,612.95","0.01","244,612.95","80,000.00","3.06","Taiwan","Taiwan Stock Exchange","CAD","22.80","TWD"
"BLUESTONE","BLUESTONE JEWELLERY AND LIFESTYLE","Consumer Discretionary","Equity","243,484.30","0.01","243,484.30","20,093.00","12.12","India","National Stock Exchange Of India","CAD","68.59","INR"
"001120","LX INTERNATIONAL CORP","Industrials","Equity","242,841.84","0.01","242,841.84","5,739.00","42.31","Korea (South)","Korea Exchange (Stock Market)","CAD","987.85","KRW"
"BURSA","BURSA MALAYSIA","Financials","Equity","242,869.65","0.01","242,869.65","88,200.00","2.75","Malaysia","Bursa Malaysia","CAD","2.93","MYR"
"1060","DAMAI ENTERTAINMENT HOLDINGS LTD","Communication","Equity","243,018.70","0.01","243,018.70","2,840,000.00","0.09","China","Hong Kong Exchanges And Clearing Ltd","CAD","5.61","HKD"
"2616","CSTONE PHARMACEUTICALS","Health Care","Equity","242,171.92","0.01","242,171.92","252,500.00","0.96","China","Hong Kong Exchanges And Clearing Ltd","CAD","5.61","HKD"
"140860","PARKSYSTEMS CORP","Information Technology","Equity","241,677.49","0.01","241,677.49","920.00","262.69","Korea (South)","Korea Exchange (Kosdaq)","CAD","987.85","KRW"
"ADMIE","ADMIE HOLDING COMPANY SA SHRS","Utilities","Equity","241,819.63","0.01","241,819.63","34,925.00","6.92","Greece","Athens Exchange S.A. Cash Market","CAD","0.62","EUR"
"CSNA3","COMPANHIA SIDERURGICA NACIONAL SA","Materials","Equity","241,161.05","0.01","241,161.05","142,272.00","1.70","Brazil","XBSP","CAD","3.69","BRL"
"NBCC","NBCC INDIA LTD","Industrials","Equity","241,546.96","0.01","241,546.96","201,734.00","1.20","India","National Stock Exchange Of India","CAD","68.59","INR"
"JSE","JOHANNESBURG STOCK EXCHANGE LTD","Financials","Equity","240,655.35","0.01","240,655.35","18,159.00","13.25","South Africa","Johannesburg Stock Exchange","CAD","11.63","ZAR"
"USIM5","USINAS SIDERURGICAS DE MINAS GERAI","Materials","Equity","241,070.52","0.01","241,070.52","125,369.00","1.92","Brazil","XBSP","CAD","3.69","BRL"
"1951","JINXIN FERTILITY GROUP","Health Care","Equity","241,079.56","0.01","241,079.56","645,500.00","0.37","China","Hong Kong Exchanges And Clearing Ltd","CAD","5.61","HKD"
"EAST","EASTERN CO.","Consumer Staples","Equity","240,512.63","0.00","240,512.63","279,691.00","0.86","Egypt","Egyptian Exchange","CAD","37.24","EGP"
"INOXINDIA","INOX INDIA LTD","Industrials","Equity","240,625.99","0.00","240,625.99","8,192.00","29.37","India","National Stock Exchange Of India","CAD","68.59","INR"
"CANFINHOME","CAN FIN HOMES LTD","Financials","Equity","239,908.11","0.00","239,908.11","21,250.00","11.29","India","National Stock Exchange Of India","CAD","68.59","INR"
"1795","LOTUS PHARMACEUTICAL LTD","Health Care","Equity","239,971.62","0.00","239,971.62","30,390.00","7.90","Taiwan","Taiwan Stock Exchange","CAD","22.80","TWD"
"4005","NATIONAL MEDICAL CARE","Health Care","Equity","239,417.46","0.00","239,417.46","5,372.00","44.57","Saudi Arabia","Saudi Stock Exchange","CAD","2.69","SAR"
"300661","SG MICRO CORP A","Information Technology","Equity","239,605.12","0.00","239,605.12","9,863.00","24.29","China","Shenzhen Stock Exchange","CAD","4.80","CNY"
"4763","JINAN ACETATE CHEMICAL","Materials","Equity","238,801.38","0.00","238,801.38","114,120.00","2.09","Taiwan","Taiwan Stock Exchange","CAD","22.80","TWD"
"3576","UNITED RENEWABLE ENERGY","Information Technology","Equity","238,831.03","0.00","238,831.03","334,000.00","0.72","Taiwan","Taiwan Stock Exchange","CAD","22.80","TWD"
"TLI.R","THAI LIFE INSURANCE PUBLIC COMPANY","Financials","Equity","238,881.20","0.00","238,881.20","495,600.00","0.48","Thailand","Stock Exchange Of Thailand","CAD","23.86","THB"
"JUBLPHARMA","JUBILANT PHARMOVA LTD","Health Care","Equity","238,886.13","0.00","238,886.13","16,190.00","14.76","India","National Stock Exchange Of India","CAD","68.59","INR"
"ASTRAMICRO","ASTRA MICROWAVE PRODUCTS LTD","Information Technology","Equity","238,358.65","0.00","238,358.65","10,169.00","23.44","India","National Stock Exchange Of India","CAD","68.59","INR"
"VIVA3","VIVARA PARTICIPACOES SA","Consumer Discretionary","Equity","238,391.06","0.00","238,391.06","39,258.00","6.07","Brazil","XBSP","CAD","3.69","BRL"
"MBK.R","MBK NON-VOTING DR PCL","Real Estate","Equity","237,930.61","0.00","237,930.61","260,400.00","0.91","Thailand","Stock Exchange Of Thailand","CAD","23.86","THB"
"956","CHINA SUNTIEN GREEN ENERGY CORP LT","Energy","Equity","238,123.39","0.00","238,123.39","406,000.00","0.59","China","Hong Kong Exchanges And Clearing Ltd","CAD","5.61","HKD"
"600673","GUANGDONG HEC TECHNOLOGY HOLDING L","Materials","Equity","237,690.40","0.00","237,690.40","35,900.00","6.62","China","Shanghai Stock Exchange","CAD","4.80","CNY"
"603296","HUAQIN TECHNOLOGY A","Information Technology","Equity","236,813.03","0.00","236,813.03","14,280.00","16.58","China","Shanghai Stock Exchange","CAD","4.80","CNY"
"697","SHOUCHENG HOLDINGS","Real Estate","Equity","237,039.50","0.00","237,039.50","996,000.00","0.24","China","Hong Kong Exchanges And Clearing Ltd","CAD","5.61","HKD"
"ETIHADENERGY","ETIHAD ENERGY HOLDING","Energy","Equity","237,096.85","0.00","237,096.85","206,849.00","1.15","United Arab Emirates","Dubai Financial Market","CAD","2.63","AED"
"1833","PING AN HEALTHCARE AND TECHNOLOGY","Consumer Staples","Equity","237,209.57","0.00","237,209.57","221,400.00","1.07","China","Hong Kong Exchanges And Clearing Ltd","CAD","5.61","HKD"
"1907","YFY INC","Materials","Equity","236,424.82","0.00","236,424.82","183,000.00","1.29","Taiwan","Taiwan Stock Exchange","CAD","22.80","TWD"
"601689","NINGBO TUOPU GROUP CLS LTD A","Consumer Discretionary","Equity","236,649.91","0.00","236,649.91","25,925.00","9.13","China","Shanghai Stock Exchange","CAD","4.80","CNY"
"2270","SAUDI DAIRY AND FOODSTUFF","Consumer Staples","Equity","236,666.25","0.00","236,666.25","3,122.00","75.81","Saudi Arabia","Saudi Stock Exchange","CAD","2.69","SAR"
"073240","KUMHO TIREINC INC","Consumer Discretionary","Equity","235,739.78","0.00","235,739.78","33,173.00","7.11","Korea (South)","Korea Exchange (Stock Market)","CAD","987.85","KRW"
"AETHER","AETHER INDUSTRIES","Health Care","Equity","234,432.47","0.00","234,432.47","9,906.00","23.67","India","National Stock Exchange Of India","CAD","68.59","INR"
"AHGAZ.E","AHLATCI DOGAL GAZ DAGITIM ENERJI V","Utilities","Equity","233,989.84","0.00","233,989.84","198,710.00","1.18","Turkey","Istanbul Stock Exchange","CAD","34.80","TRY"
"DCP","DIS-CHEM PHARMACIES LTD","Consumer Staples","Equity","234,021.67","0.00","234,021.67","101,981.00","2.29","South Africa","Johannesburg Stock Exchange","CAD","11.63","ZAR"
"GPW","GPW SA","Financials","Equity","234,215.62","0.00","234,215.62","6,655.00","35.19","Poland","Warsaw Stock Exchange/Equities/Main Market","CAD","2.71","PLN"
"600988","CHIFENG JILONG GOLD MINING GROUP A","Materials","Equity","233,786.69","0.00","233,786.69","25,800.00","9.06","China","Shanghai Stock Exchange","CAD","4.80","CNY"
"002311","GUANGDONG HAID GROUP LTD A","Consumer Staples","Equity","232,998.82","0.00","232,998.82","26,500.00","8.79","China","Shenzhen Stock Exchange","CAD","4.80","CNY"
"PGSUS.E","PEGASUS HAVA TASIMACILIGI A","Industrials","Equity","233,168.58","0.00","233,168.58","54,025.00","4.32","Turkey","Istanbul Stock Exchange","CAD","34.80","TRY"
"PETKM.E","PETKIM PETROKIMYA HOLDING A","Materials","Equity","233,173.97","0.00","233,173.97","376,729.00","0.62","Turkey","Istanbul Stock Exchange","CAD","34.80","TRY"
"4210","SAUDI RESEARCH AND MEDIA GROUP","Communication","Equity","233,385.41","0.00","233,385.41","10,715.00","21.78","Saudi Arabia","Saudi Stock Exchange","CAD","2.69","SAR"
"LTTS","L&T TECHNOLOGY SERVICES LTD","Industrials","Equity","231,998.03","0.00","231,998.03","4,787.00","48.46","India","National Stock Exchange Of India","CAD","68.59","INR"
"035900","JYP ENTERTAINMENT CORPORATION CORP","Communication","Equity","232,378.66","0.00","232,378.66","5,947.00","39.07","Korea (South)","Korea Exchange (Kosdaq)","CAD","987.85","KRW"
"001309","SHENZHEN TECHWINSEMI TECHNOLOGY LT","Information Technology","Equity","231,836.72","0.00","231,836.72","2,800.00","82.80","China","Shenzhen Stock Exchange","CAD","4.80","CNY"
"600436","ZHANGZHOU PIENTZEHUANG PHARMACEUTI","Health Care","Equity","231,063.24","0.00","231,063.24","9,400.00","24.58","China","Shanghai Stock Exchange","CAD","4.80","CNY"
"ALIVUS","ALIVUS LIFE SCIENCES LTD","Health Care","Equity","231,074.31","0.00","231,074.31","11,421.00","20.23","India","National Stock Exchange Of India","CAD","68.59","INR"
"2838","UNION BANK OF TAIWAN","Financials","Equity","231,139.23","0.00","231,139.23","241,691.00","0.96","Taiwan","Taiwan Stock Exchange","CAD","22.80","TWD"
"8081","GLOBAL MIXED-MODE TECHNOLOGY INC","Information Technology","Equity","231,232.94","0.00","231,232.94","21,000.00","11.01","Taiwan","Taiwan Stock Exchange","CAD","22.80","TWD"
"000938","UNISPLENDOUR CORP LTD A","Information Technology","Equity","230,575.95","0.00","230,575.95","33,700.00","6.84","China","Shenzhen Stock Exchange","CAD","4.80","CNY"
"371","BEIJING ENTERPRISES WATER GROUP LT","Utilities","Equity","230,824.98","0.00","230,824.98","830,000.00","0.28","China","Hong Kong Exchanges And Clearing Ltd","CAD","5.61","HKD"
"301217","ANHUI TONGGUAN COPPER FOIL GROUP L","Materials","Equity","230,983.76","0.00","230,983.76","9,900.00","23.33","China","Shenzhen Stock Exchange","CAD","4.80","CNY"
"GPIL","GODAWARI POWER AND ISPAT LTD","Materials","Equity","230,097.87","0.00","230,097.87","66,207.00","3.48","India","National Stock Exchange Of India","CAD","68.59","INR"
"VIO","VIOHALCO SA","Materials","Equity","229,722.36","0.00","229,722.36","9,675.00","23.74","Greece","Athens Exchange S.A. Cash Market","CAD","0.62","EUR"
"4322","RETAL URBAN DEVELOPMENT","Real Estate","Equity","229,886.41","0.00","229,886.41","66,319.00","3.47","Saudi Arabia","Saudi Stock Exchange","CAD","2.69","SAR"
"2472","LELON ELECTRONICS CORP","Information Technology","Equity","228,666.61","0.00","228,666.61","25,000.00","9.15","Taiwan","Taiwan Stock Exchange","CAD","22.80","TWD"
"000301","JIANGSU EASTERN SHENGHONG LTD A","Materials","Equity","228,709.83","0.00","228,709.83","81,700.00","2.80","China","Shenzhen Stock Exchange","CAD","4.80","CNY"
"SELEC.E","SELCUK ECZA DEPOSU TICARET VE SANA","Health Care","Equity","228,295.94","0.00","228,295.94","33,594.00","6.80","Turkey","Istanbul Stock Exchange","CAD","34.80","TRY"
"CREDITACC","CREDITACCESS GRAMEEN LTD","Financials","Equity","228,423.60","0.00","228,423.60","11,430.00","19.98","India","National Stock Exchange Of India","CAD","68.59","INR"
"F&N","FRASER & NEAVE HOLDINGS","Consumer Staples","Equity","228,546.71","0.00","228,546.71","29,300.00","7.80","Malaysia","Bursa Malaysia","CAD","2.93","MYR"
"AIA","ATHENS INTERNATIONAL AIRPORT","Industrials","Equity","227,835.02","0.00","227,835.02","12,584.00","18.10","Greece","Athens Exchange S.A. Cash Market","CAD","0.62","EUR"
"688519","NANYA NEW MATERIAL TECHNOLOGY LTD","Information Technology","Equity","227,869.92","0.00","227,869.92","3,442.00","66.20","China","Shanghai Stock Exchange","CAD","4.80","CNY"
"PWL","PHYSICSWALLAH LTD","Consumer Discretionary","Equity","228,016.10","0.00","228,016.10","122,381.00","1.86","India","National Stock Exchange Of India","CAD","68.59","INR"
"323280","TAESUNG COLTD LTD","Information Technology","Equity","227,015.02","0.00","227,015.02","4,945.00","45.91","Korea (South)","Korea Exchange (Kosdaq)","CAD","987.85","KRW"
"2602","ONEWO INC H","Real Estate","Equity","227,038.15","0.00","227,038.15","67,100.00","3.38","China","Hong Kong Exchanges And Clearing Ltd","CAD","5.61","HKD"
"460","SIHUAN PHARMACEUTICAL HOLDINGS GRO","Health Care","Equity","227,085.75","0.00","227,085.75","1,757,000.00","0.13","China","Hong Kong Exchanges And Clearing Ltd","CAD","5.61","HKD"
"995","ANHUI EXPRESSWAY LTD H","Industrials","Equity","226,332.56","0.00","226,332.56","80,000.00","2.83","China","Hong Kong Exchanges And Clearing Ltd","CAD","5.61","HKD"
"7734","ABLEPRINT TECHNOLOGY LTD","Information Technology","Equity","226,363.49","0.00","226,363.49","2,000.00","113.18","Taiwan","Gretai Securities Market","CAD","22.80","TWD"
"CBG.R","CARABAO GROUP PCL SHS NON-VOTING D","Consumer Staples","Equity","226,476.94","0.00","226,476.94","97,800.00","2.32","Thailand","Stock Exchange Of Thailand","CAD","23.86","THB"
"SHRIPISTON","SPR AUTO TECHNOLOGIES LTD","Consumer Discretionary","Equity","225,749.91","0.00","225,749.91","3,531.00","63.93","India","National Stock Exchange Of India","CAD","68.59","INR"
"SONATSOFTW","SONATA SOFTWARE LTD","Information Technology","Equity","225,766.16","0.00","225,766.16","54,983.00","4.11","India","National Stock Exchange Of India","CAD","68.59","INR"
"GODFRYPHLP","GODFREY PHILLIPS INDIA LTD","Consumer Staples","Equity","225,819.14","0.00","225,819.14","7,972.00","28.33","India","National Stock Exchange Of India","CAD","68.59","INR"
"131970","DOOSAN TESNA INC","Information Technology","Equity","225,954.48","0.00","225,954.48","2,829.00","79.87","Korea (South)","Korea Exchange (Kosdaq)","CAD","987.85","KRW"
"WHIRL","WHIRLPOOL OF INDIA LTD","Consumer Discretionary","Equity","226,174.73","0.00","226,174.73","21,328.00","10.60","India","National Stock Exchange Of India","CAD","68.59","INR"
"OSK","OSK HOLDINGS","Real Estate","Equity","225,594.67","0.00","225,594.67","346,150.00","0.65","Malaysia","Bursa Malaysia","CAD","2.93","MYR"
"SGP","SYNERGY GRID AND DEVELOPMENT PHILS","Utilities","Equity","225,079.65","0.00","225,079.65","436,100.00","0.52","Philippines","Philippine Stock Exchange Inc.","CAD","44.85","PHP"
"008930","HANMI SCIENCE","Health Care","Equity","224,396.95","0.00","224,396.95","4,355.00","51.53","Korea (South)","Korea Exchange (Stock Market)","CAD","987.85","KRW"
"020150","ILJIN MATERIALS","Information Technology","Equity","224,458.80","0.00","224,458.80","5,642.00","39.78","Korea (South)","Korea Exchange (Stock Market)","CAD","987.85","KRW"
"475150","SK ETERNIX LTD","Utilities","Equity","224,521.41","0.00","224,521.41","4,531.00","49.55","Korea (South)","Korea Exchange (Stock Market)","CAD","987.85","KRW"
"CASTROLIND","CASTROL INDIA LTD","Materials","Equity","224,629.00","0.00","224,629.00","80,367.00","2.80","India","National Stock Exchange Of India","CAD","68.59","INR"
"MEDC","MEDCO ENERGI INTERNASIONAL","Energy","Equity","223,982.88","0.00","223,982.88","1,862,900.00","0.12","Indonesia","Indonesia Stock Exchange","CAD","12,683.66","IDR"
"002001","ZHEJIANG NHU A","Materials","Equity","224,219.34","0.00","224,219.34","40,700.00","5.51","China","Shenzhen Stock Exchange","CAD","4.80","CNY"
"002600","LINGYI ITECH (GUANGDONG) A","Information Technology","Equity","224,224.98","0.00","224,224.98","86,200.00","2.60","China","Shenzhen Stock Exchange","CAD","4.80","CNY"
"CENTEL.R","CENTRAL PLAZA HOTEL NON-VOTING DR","Consumer Discretionary","Equity","223,331.34","0.00","223,331.34","123,200.00","1.81","Thailand","Stock Exchange Of Thailand","CAD","23.86","THB"
"601958","JINDUICHENG MOLYBDENUM LTD A","Materials","Equity","223,534.73","0.00","223,534.73","53,500.00","4.18","China","Shanghai Stock Exchange","CAD","4.80","CNY"
"PARADEEP","PARADEEP PHOSPHATES LTD","Materials","Equity","223,587.90","0.00","223,587.90","99,711.00","2.24","India","National Stock Exchange Of India","CAD","68.59","INR"
"SUNREIT","SUNWAY REITS UNITS TRUST","Real Estate","Equity","222,859.30","0.00","222,859.30","318,600.00","0.70","Malaysia","Bursa Malaysia","CAD","2.93","MYR"
"071970","HD-HYUNDAI MARINE ENGINE LTD","Industrials","Equity","222,906.94","0.00","222,906.94","4,284.00","52.03","Korea (South)","Korea Exchange (Stock Market)","CAD","987.85","KRW"
"CHALET","CHALET HOTELS LTD","Consumer Discretionary","Equity","222,950.08","0.00","222,950.08","18,156.00","12.28","India","National Stock Exchange Of India","CAD","68.59","INR"
"ORVR3","ORIZON VALORIZACAO DE RESIDUOS SA","Industrials","Equity","222,543.02","0.00","222,543.02","48,496.00","4.59","Brazil","XBSP","CAD","3.69","BRL"
"600795","GD POWER DEVELOPMENT LTD A","Utilities","Equity","222,627.11","0.00","222,627.11","202,900.00","1.10","China","Shanghai Stock Exchange","CAD","4.80","CNY"
"319400","HUYNDAI MOVEX LTD","Industrials","Equity","222,790.32","0.00","222,790.32","10,189.00","21.87","Korea (South)","Korea Exchange (Kosdaq)","CAD","987.85","KRW"
"SAR","SAR CASH(COMMITTED)","Cash and/or Derivatives","Cash","222,079.14","0.00","222,079.14","596,461.00","37.23","Saudi Arabia","-","CAD","2.69","SAR"
"2190","SUSTAINED INFRASTRUCTURE HOLDING C","Industrials","Equity","222,003.53","0.00","222,003.53","15,691.00","14.15","Saudi Arabia","Saudi Stock Exchange","CAD","2.69","SAR"
"GODREJAGRO","GODREJ AGROVET LTD","Consumer Staples","Equity","222,075.39","0.00","222,075.39","23,306.00","9.53","India","National Stock Exchange Of India","CAD","68.59","INR"
"601127","SERES GROUP A","Consumer Discretionary","Equity","222,138.58","0.00","222,138.58","22,600.00","9.83","China","Shanghai Stock Exchange","CAD","4.80","CNY"
"JPPOWER","JAIPRAKASH POWER VENTURES LTD","Utilities","Equity","222,261.01","0.00","222,261.01","999,052.00","0.22","India","National Stock Exchange Of India","CAD","68.59","INR"
"6979","ZJLD GROUP INC","Consumer Staples","Equity","222,324.32","0.00","222,324.32","165,400.00","1.34","China","Hong Kong Exchanges And Clearing Ltd","CAD","5.61","HKD"
"CCL","CCL PRODUCTS INDIA LTD","Consumer Staples","Equity","221,634.73","0.00","221,634.73","14,311.00","15.49","India","National Stock Exchange Of India","CAD","68.59","INR"
"005070","COSMOAM&T LTD","Information Technology","Equity","221,745.02","0.00","221,745.02","5,449.00","40.69","Korea (South)","Korea Exchange (Stock Market)","CAD","987.85","KRW"
"CEMPRO","CEMINDIA PROJECTS LTD","Industrials","Equity","220,982.58","0.00","220,982.58","12,077.00","18.30","India","National Stock Exchange Of India","CAD","68.59","INR"
"6004","CATRION CATERING HOLDING CO","Industrials","Equity","221,008.85","0.00","221,008.85","8,710.00","25.37","Saudi Arabia","Saudi Stock Exchange","CAD","2.69","SAR"
"BFIN","BFI FINANCE INDONESIA","Financials","Equity","221,157.23","0.00","221,157.23","2,847,800.00","0.08","Indonesia","Indonesia Stock Exchange","CAD","12,683.66","IDR"
"1440","TAINAN SPINNING LTD","Consumer Discretionary","Equity","221,263.73","0.00","221,263.73","375,000.00","0.59","Taiwan","Taiwan Stock Exchange","CAD","22.80","TWD"
"ACC","ACC LTD","Materials","Equity","220,399.47","0.00","220,399.47","12,266.00","17.97","India","National Stock Exchange Of India","CAD","68.59","INR"
"KLBF","KALBE FARMA","Health Care","Equity","220,542.43","0.00","220,542.43","3,609,400.00","0.06","Indonesia","Indonesia Stock Exchange","CAD","12,683.66","IDR"
"1215","CHAROEN POKPHAND ENTERPRISE(TAIWAN","Consumer Staples","Equity","220,616.67","0.00","220,616.67","47,000.00","4.69","Taiwan","Taiwan Stock Exchange","CAD","22.80","TWD"
"MINEROS","MINEROS","Materials","Equity","220,631.23","0.00","220,631.23","24,252.00","9.10","Colombia","Bolsa De Valores De Colombia","CAD","2,253.38","COP"
"IEX","INDIAN ENERGY EXCHANGE LTDINARY","Financials","Equity","220,703.12","0.00","220,703.12","133,498.00","1.65","India","National Stock Exchange Of India","CAD","68.59","INR"
"7799","HERON NEUTRON MEDICAL CORP","Health Care","Equity","220,221.85","0.00","220,221.85","10,000.00","22.02","Taiwan","Taiwan Stock Exchange","CAD","22.80","TWD"
"PTRO","PETROSEA","Materials","Equity","219,110.07","0.00","219,110.07","521,900.00","0.42","Indonesia","Indonesia Stock Exchange","CAD","12,683.66","IDR"
"SCIENTX","SCIENTEX","Materials","Equity","219,260.82","0.00","219,260.82","170,900.00","1.28","Malaysia","Bursa Malaysia","CAD","2.93","MYR"
"BRSR6","BANCO DO ESTADO DO RIO GRANDE DO S","Financials","Equity","218,575.14","0.00","218,575.14","53,337.00","4.10","Brazil","XBSP","CAD","3.69","BRL"
"RCR","RL COMMERCIAL REIT INC","Real Estate","Equity","218,748.10","0.00","218,748.10","1,442,900.00","0.15","Philippines","Philippine Stock Exchange Inc.","CAD","44.85","PHP"
"4123","CENTER LABORATORIES INC","Health Care","Equity","218,885.53","0.00","218,885.53","161,998.00","1.35","Taiwan","Gretai Securities Market","CAD","22.80","TWD"
"120110","KOLON INDUSTRY INC","Materials","Equity","218,089.38","0.00","218,089.38","3,854.00","56.59","Korea (South)","Korea Exchange (Stock Market)","CAD","987.85","KRW"
"WAHA","WAHA CAPITAL","Financials","Equity","218,095.49","0.00","218,095.49","270,150.00","0.81","United Arab Emirates","Abu Dhabi Securities Exchange","CAD","2.63","AED"
"000975","SHANJIN INTERNATIONAL GOLD LTD A","Materials","Equity","218,159.36","0.00","218,159.36","41,800.00","5.22","China","Shenzhen Stock Exchange","CAD","4.80","CNY"
"688200","BEIJING HUAFENG TEST & CONTROL TEC","Information Technology","Equity","218,464.87","0.00","218,464.87","2,936.00","74.41","China","Shanghai Stock Exchange","CAD","4.80","CNY"
"6584","NAN JUEN INTERNATIONAL","Industrials","Equity","217,545.84","0.00","217,545.84","9,000.00","24.17","Taiwan","Gretai Securities Market","CAD","22.80","TWD"
"WELSPUNLIV","WELSPUN LIVING LTD","Consumer Discretionary","Equity","217,764.34","0.00","217,764.34","70,375.00","3.09","India","National Stock Exchange Of India","CAD","68.59","INR"
"UNISEM","UNISEM M","Information Technology","Equity","217,930.42","0.00","217,930.42","153,900.00","1.42","Malaysia","Bursa Malaysia","CAD","2.93","MYR"
"EMAMILTD","EMAMI LTD","Consumer Staples","Equity","217,321.58","0.00","217,321.58","39,635.00","5.48","India","National Stock Exchange Of India","CAD","68.59","INR"
"TEJASNET","TEJAS NETWORKS LTD","Information Technology","Equity","216,646.10","0.00","216,646.10","28,346.00","7.64","India","National Stock Exchange Of India","CAD","68.59","INR"
"GRAPHITE","GRAPHITE INDIA LTD","Industrials","Equity","216,672.62","0.00","216,672.62","18,256.00","11.87","India","National Stock Exchange Of India","CAD","68.59","INR"
"3362","ABILITY OPTO-ELECTRONICS TECHNOLOG","Information Technology","Equity","216,892.20","0.00","216,892.20","28,252.00","7.68","Taiwan","Gretai Securities Market","CAD","22.80","TWD"
"2157","LEPU BIOPHARMA LTD H","Health Care","Equity","216,910.95","0.00","216,910.95","310,000.00","0.70","China","Hong Kong Exchanges And Clearing Ltd","CAD","5.61","HKD"
"002202","GOLDWIND SCIENCE&TECHNOLOGY LTD A","Industrials","Equity","216,257.36","0.00","216,257.36","56,900.00","3.80","China","Shenzhen Stock Exchange","CAD","4.80","CNY"
"3718","COREINTELLIGENCE HOLDINGS","Information Technology","Equity","216,523.70","0.00","216,523.70","77,000.00","2.81","Taiwan","Gretai Securities Market","CAD","22.80","TWD"
"VOLARA","CONTROLADORA VUELA COMPANIA DE AVI","Industrials","Equity","215,606.65","0.00","215,606.65","238,878.00","0.90","Mexico","Bolsa Mexicana De Valores","CAD","12.29","MXN"
"IQ","IQIYI ADS REPRESENTING CLASS A IN","Communication","Equity","215,955.20","0.00","215,955.20","140,366.00","1.54","China","NASDAQ","CAD","0.71","USD"
"2171","CARSGEN THERAPEUTICS LTD","Health Care","Equity","215,983.94","0.00","215,983.94","98,500.00","2.19","China","Hong Kong Exchanges And Clearing Ltd","CAD","5.61","HKD"
"CCU","COMPANIA CERVECERIAS UNIDAS SA","Consumer Staples","Equity","215,156.05","0.00","215,156.05","27,642.00","7.78","Chile","Santiago Stock Exchange","CAD","684.77","CLP"
"532527","RAMKRISHNA FORGINGS LTD","Materials","Equity","215,482.68","0.00","215,482.68","20,952.00","10.28","India","Bse Ltd","CAD","68.59","INR"
"6191","GLOBAL BRANDS MANUFACTURE LTD","Information Technology","Equity","215,553.63","0.00","215,553.63","59,776.00","3.61","Taiwan","Taiwan Stock Exchange","CAD","22.80","TWD"
"GGRM","GUDANG GARAM","Consumer Staples","Equity","214,823.65","0.00","214,823.65","155,700.00","1.38","Indonesia","Indonesia Stock Exchange","CAD","12,683.66","IDR"
"SUMICHEM","SUMITOMO CHEMICAL INDIA LTD","Materials","Equity","214,860.44","0.00","214,860.44","32,359.00","6.64","India","National Stock Exchange Of India","CAD","68.59","INR"
"601111","AIR CHINA A","Industrials","Equity","214,964.89","0.00","214,964.89","178,600.00","1.20","China","Shanghai Stock Exchange","CAD","4.80","CNY"
"300620","ADVANCED FIBER RESOURCES (ZHUHAI)","Information Technology","Equity","215,005.15","0.00","215,005.15","3,500.00","61.43","China","Shenzhen Stock Exchange","CAD","4.80","CNY"
"853","MICROPORT SCIENTIFIC CORP","Health Care","Equity","214,432.99","0.00","214,432.99","198,000.00","1.08","China","Hong Kong Exchanges And Clearing Ltd","CAD","5.61","HKD"
"600875","DONGFANG ELECTRIC CORP LTD A","Industrials","Equity","214,593.59","0.00","214,593.59","42,900.00","5.00","China","Shanghai Stock Exchange","CAD","4.80","CNY"
"BALRAMCHIN","BALRAMPUR CHINI MILLS LTD","Consumer Staples","Equity","213,842.68","0.00","213,842.68","21,708.00","9.85","India","National Stock Exchange Of India","CAD","68.59","INR"
"002436","SHENZHEN FASTPRINT CIRCUIT TECH LT","Information Technology","Equity","213,996.58","0.00","213,996.58","24,900.00","8.59","China","Shenzhen Stock Exchange","CAD","4.80","CNY"
"688037","KINGSEMI LTD A","Information Technology","Equity","212,988.22","0.00","212,988.22","2,951.00","72.17","China","Shanghai Stock Exchange","CAD","4.80","CNY"
"YNS","YINSON HOLDINGS","Energy","Equity","213,136.31","0.00","213,136.31","304,700.00","0.70","Malaysia","Bursa Malaysia","CAD","2.93","MYR"
"340","TONGGUAN GOLD GROUP LTD","Materials","Equity","213,165.48","0.00","213,165.48","438,000.00","0.49","China","Hong Kong Exchanges And Clearing Ltd","CAD","5.61","HKD"
"009970","YOUNGONE HOLDINGS LTD","Consumer Discretionary","Equity","212,570.91","0.00","212,570.91","1,244.00","170.88","Korea (South)","Korea Exchange (Stock Market)","CAD","987.85","KRW"
"4772","TAIWAN SPECIALITY CHEMICALS CORP","Materials","Equity","211,886.76","0.00","211,886.76","20,000.00","10.59","Taiwan","Gretai Securities Market","CAD","22.80","TWD"
"SKFINDUS","SKF INDIA (INDUSTRIAL) LTD","Industrials","Equity","212,143.51","0.00","212,143.51","4,949.00","42.87","India","National Stock Exchange Of India","CAD","68.59","INR"
"002466","TIANQI LITHIUM INDUSTRIES A","Materials","Equity","211,296.90","0.00","211,296.90","23,700.00","8.92","China","Shenzhen Stock Exchange","CAD","4.80","CNY"
"002185","TIANSHUI HUATIAN TECHNOLOGY LTD A","Information Technology","Equity","210,947.50","0.00","210,947.50","61,700.00","3.42","China","Shenzhen Stock Exchange","CAD","4.80","CNY"
"TIGR","UP FINTECH HOLDING ADR CLASS A","Financials","Equity","211,113.01","0.00","211,113.01","31,844.00","6.63","China","NASDAQ","CAD","0.71","USD"
"3900","GREENTOWN CHINA","Real Estate","Equity","211,201.38","0.00","211,201.38","209,500.00","1.01","China","Hong Kong Exchanges And Clearing Ltd","CAD","5.61","HKD"
"HARTA","HARTALEGA HOLDINGS","Health Care","Equity","210,453.32","0.00","210,453.32","531,700.00","0.40","Malaysia","Bursa Malaysia","CAD","2.93","MYR"
"601868","CHINA ENERGY ENGINEERING CORP LTD","Industrials","Equity","210,609.99","0.00","210,609.99","412,100.00","0.51","China","Shanghai Stock Exchange","CAD","4.80","CNY"
"BYLOT","BALLYS INTRALOT SA","Consumer Discretionary","Equity","210,684.83","0.00","210,684.83","121,883.00","1.73","Greece","Athens Exchange S.A. Cash Market","CAD","0.62","EUR"
"300628","YEALINK NETWORK TECHNOLOGY LTD A","Information Technology","Equity","209,963.84","0.00","209,963.84","24,260.00","8.65","China","Shenzhen Stock Exchange","CAD","4.80","CNY"
"688313","HENAN SHIJIA PHOTONS TECHNOLOGY LT","Information Technology","Equity","210,150.82","0.00","210,150.82","6,273.00","33.50","China","Shanghai Stock Exchange","CAD","4.80","CNY"
"1277","KINETIC DEVELOPMENT GROUP LTD","Energy","Equity","210,159.84","0.00","210,159.84","614,000.00","0.34","China","Hong Kong Exchanges And Clearing Ltd","CAD","5.61","HKD"
"601021","SPRING AIRLINES A","Industrials","Equity","210,187.79","0.00","210,187.79","24,100.00","8.72","China","Shanghai Stock Exchange","CAD","4.80","CNY"
"INTELLECT","INTELLECT DESIGN ARENA LTD","Information Technology","Equity","209,387.00","0.00","209,387.00","22,052.00","9.50","India","National Stock Exchange Of India","CAD","68.59","INR"
"1918","SUNAC CHINA HOLDINGS","Real Estate","Equity","209,654.44","0.00","209,654.44","2,119,000.00","0.10","China","Hong Kong Exchanges And Clearing Ltd","CAD","5.61","HKD"
"KIB","KUWAIT INTERNATIONAL BANK","Financials","Equity","208,626.00","0.00","208,626.00","181,109.00","1.15","Kuwait","Kuwait Stock Exchange","CAD","0.22","KWD"
"000630","TONGLING NONFERROUS METALS GROUP L","Materials","Equity","208,832.94","0.00","208,832.94","166,300.00","1.26","China","Shenzhen Stock Exchange","CAD","4.80","CNY"
"300666","KONFOONG MATERIALS INTERNATIONAL L","Information Technology","Equity","208,089.08","0.00","208,089.08","4,000.00","52.02","China","Shenzhen Stock Exchange","CAD","4.80","CNY"
"218410","RFHIC CORP","Information Technology","Equity","207,524.98","0.00","207,524.98","3,839.00","54.06","Korea (South)","Korea Exchange (Kosdaq)","CAD","987.85","KRW"
"030530","WONIK HOLDINGS","Information Technology","Equity","207,542.59","0.00","207,542.59","8,040.00","25.81","Korea (South)","Korea Exchange (Kosdaq)","CAD","987.85","KRW"
"LEMONTREE","LEMON TREE HOTELS","Consumer Discretionary","Equity","207,577.11","0.00","207,577.11","136,828.00","1.52","India","National Stock Exchange Of India","CAD","68.59","INR"
"300054","HUBEI DINGLONG LTD A","Materials","Equity","207,784.53","0.00","207,784.53","14,000.00","14.84","China","Shenzhen Stock Exchange","CAD","4.80","CNY"
"VGUARD","V GUARD INDUSTRIES LTD","Industrials","Equity","207,173.64","0.00","207,173.64","43,043.00","4.81","India","National Stock Exchange Of India","CAD","68.59","INR"
"NCC","NCC LTD","Industrials","Equity","206,429.78","0.00","206,429.78","104,422.00","1.98","India","National Stock Exchange Of India","CAD","68.59","INR"
"TVSHLTD","TVS HOLDINGS","Consumer Discretionary","Equity","206,616.05","0.00","206,616.05","1,100.00","187.83","India","National Stock Exchange Of India","CAD","68.59","INR"
"3010","WAH LEE INDUSTRIAL","Information Technology","Equity","206,710.23","0.00","206,710.23","38,000.00","5.44","Taiwan","Taiwan Stock Exchange","CAD","22.80","TWD"
"SARDAEN","SARDA ENERGY AND MINERALS LTD","Materials","Equity","206,141.50","0.00","206,141.50","27,892.00","7.39","India","National Stock Exchange Of India","CAD","68.59","INR"
"AGARWALEYE","DR AGARWALS HEALTH CARE","Health Care","Equity","206,198.25","0.00","206,198.25","28,279.00","7.29","India","National Stock Exchange Of India","CAD","68.59","INR"
"512","GRAND PHARMACEUTICAL GROUP LTD","Health Care","Equity","205,633.54","0.00","205,633.54","233,500.00","0.88","China","Hong Kong Exchanges And Clearing Ltd","CAD","5.61","HKD"
"00088K","HANWHA P PREF","Industrials","Equity","205,696.15","0.00","205,696.15","4,838.00","42.52","Korea (South)","Korea Exchange (Stock Market)","CAD","987.85","KRW"
"603256","GRACE FABRIC TECHNOLOGY LTD A","Materials","Equity","205,933.01","0.00","205,933.01","6,800.00","30.28","China","Shanghai Stock Exchange","CAD","4.80","CNY"
"007070","GS RETAIL LTD","Consumer Staples","Equity","205,003.73","0.00","205,003.73","8,438.00","24.30","Korea (South)","Korea Exchange (Stock Market)","CAD","987.85","KRW"
"004000","LOTTE FINE CHEMICALS LTD","Materials","Equity","205,034.71","0.00","205,034.71","4,516.00","45.40","Korea (South)","Korea Exchange (Stock Market)","CAD","987.85","KRW"
"5522","FARGLORY LAND DEVELOPMENT LTD","Real Estate","Equity","205,038.82","0.00","205,038.82","77,000.00","2.66","Taiwan","Taiwan Stock Exchange","CAD","22.80","TWD"
"301511","JIUJIANG DEFU TECHNOLOGY LTD A","Industrials","Equity","205,190.40","0.00","205,190.40","9,200.00","22.30","China","Shenzhen Stock Exchange","CAD","4.80","CNY"
"093370","FOOSUNG LTD","Materials","Equity","204,583.89","0.00","204,583.89","13,646.00","14.99","Korea (South)","Korea Exchange (Stock Market)","CAD","987.85","KRW"
"PRICOLLTD","PRICOL LTD","Consumer Discretionary","Equity","204,742.79","0.00","204,742.79","18,663.00","10.97","India","National Stock Exchange Of India","CAD","68.59","INR"
"601179","CHINA XD ELECTRIC LTD A","Industrials","Equity","204,858.94","0.00","204,858.94","81,500.00","2.51","China","Shanghai Stock Exchange","CAD","4.80","CNY"
"AVL","ADITYA VISION LTD","Consumer Discretionary","Equity","204,895.03","0.00","204,895.03","22,194.00","9.23","India","National Stock Exchange Of India","CAD","68.59","INR"
"298020","HYOSUNG TNC CORP","Materials","Equity","204,031.92","0.00","204,031.92","624.00","326.97","Korea (South)","Korea Exchange (Stock Market)","CAD","987.85","KRW"
"HONAUT","HONEYWELL AUTOMATION INDIA LTD","Information Technology","Equity","204,203.19","0.00","204,203.19","413.00","494.44","India","National Stock Exchange Of India","CAD","68.59","INR"
"MEDPLUS","MEDPLUS HEALTH SERVICES","Consumer Staples","Equity","204,219.68","0.00","204,219.68","21,419.00","9.53","India","National Stock Exchange Of India","CAD","68.59","INR"
"002241","GOERTEK A","Information Technology","Equity","204,492.85","0.00","204,492.85","44,000.00","4.65","China","Shenzhen Stock Exchange","CAD","4.80","CNY"
"601699","SHANXI LUAN ENVIRONMENTAL ENERGY D","Energy","Equity","203,940.07","0.00","203,940.07","63,900.00","3.19","China","Shanghai Stock Exchange","CAD","4.80","CNY"
"005850","SL CORP","Consumer Discretionary","Equity","203,309.64","0.00","203,309.64","3,977.00","51.12","Korea (South)","Korea Exchange (Stock Market)","CAD","987.85","KRW"
"GODIGIT","GO DIGIT GENERAL INSURANCE","Financials","Equity","202,666.66","0.00","202,666.66","54,409.00","3.72","India","National Stock Exchange Of India","CAD","68.59","INR"
"ABLBL","ADITYA BIRLA LIFESTYLE BRANDS LTD","Consumer Discretionary","Equity","202,811.97","0.00","202,811.97","168,808.00","1.20","India","National Stock Exchange Of India","CAD","68.59","INR"
"SMTO3","SAO MARTINHO SA","Consumer Staples","Equity","202,928.40","0.00","202,928.40","38,175.00","5.32","Brazil","XBSP","CAD","3.69","BRL"
"EIDPARRY","EID PARRY INDIA LTD","Materials","Equity","202,310.72","0.00","202,310.72","19,737.00","10.25","India","National Stock Exchange Of India","CAD","68.59","INR"
"AWC.R","ASSET WORLD CORP NON-VOTING DR","Consumer Discretionary","Equity","201,677.45","0.00","201,677.45","1,593,300.00","0.13","Thailand","Stock Exchange Of Thailand","CAD","23.86","THB"
"6887","SUNSHINE LAKE PHARMA LTD CLASS H","Health Care","Equity","201,837.39","0.00","201,837.39","30,633.00","6.59","China","Hong Kong Exchanges And Clearing Ltd","CAD","5.61","HKD"
"1681","CONSUN PHARMACEUTICAL GROUP LTD","Health Care","Equity","201,913.03","0.00","201,913.03","86,000.00","2.35","China","Hong Kong Exchanges And Clearing Ltd","CAD","5.61","HKD"
"546","FUFENG GROUP LTD","Materials","Equity","201,945.12","0.00","201,945.12","256,000.00","0.79","China","Hong Kong Exchanges And Clearing Ltd","CAD","5.61","HKD"
"PASS3","COMPASS GAS E ENERGIA SA","Utilities","Equity","202,020.25","0.00","202,020.25","32,232.00","6.27","Brazil","XBSP","CAD","3.69","BRL"
"STC","KUWAIT TELECOMMUNICATIONS","Communication","Equity","201,234.80","0.00","201,234.80","72,267.00","2.78","Kuwait","Kuwait Stock Exchange","CAD","0.22","KWD"
"ENGINERSIN","ENGINEERS INDIA LTD","Industrials","Equity","200,824.42","0.00","200,824.42","52,228.00","3.85","India","National Stock Exchange Of India","CAD","68.59","INR"
"CEATLTD","CEAT","Consumer Discretionary","Equity","200,384.89","0.00","200,384.89","4,006.00","50.02","India","National Stock Exchange Of India","CAD","68.59","INR"
"DYNAMATECH","DYNAMATIC TECHNOLOGIES LTD","Consumer Discretionary","Equity","200,392.33","0.00","200,392.33","1,163.00","172.31","India","National Stock Exchange Of India","CAD","68.59","INR"
"011210","HYUNDAI WIA CORP","Consumer Discretionary","Equity","200,627.54","0.00","200,627.54","3,610.00","55.58","Korea (South)","Korea Exchange (Stock Market)","CAD","987.85","KRW"
"000636","GUANGDONG FENGHUA ADVANCED TECHNOL","Information Technology","Equity","199,708.65","0.00","199,708.65","16,900.00","11.82","China","Shenzhen Stock Exchange","CAD","4.80","CNY"
"AFE","AECI","Materials","Equity","199,756.19","0.00","199,756.19","22,572.00","8.85","South Africa","Johannesburg Stock Exchange","CAD","11.63","ZAR"
"051600","KEPCO PLANT SERVICE & ENGINEERING","Industrials","Equity","200,018.74","0.00","200,018.74","4,151.00","48.19","Korea (South)","Korea Exchange (Stock Market)","CAD","987.85","KRW"
"ENJSA.E","ENERJISA ENERJI","Utilities","Equity","200,084.12","0.00","200,084.12","62,450.00","3.20","Turkey","Istanbul Stock Exchange","CAD","34.80","TRY"
"POLYMED","POLY MEDICURE","Health Care","Equity","200,101.94","0.00","200,101.94","8,014.00","24.97","India","National Stock Exchange Of India","CAD","68.59","INR"
"002128","INNER MONGOLIA DIAN TOU ENERGY COR","Energy","Equity","199,271.22","0.00","199,271.22","34,400.00","5.79","China","Shenzhen Stock Exchange","CAD","4.80","CNY"
"300475","SHANNON SEMICONDUCTOR TECHNOLOGY L","Information Technology","Equity","198,454.77","0.00","198,454.77","5,800.00","34.22","China","Shenzhen Stock Exchange","CAD","4.80","CNY"
"J&KBANK","JAMMU AND KASHMIR BANK LTD","Financials","Equity","198,610.16","0.00","198,610.16","92,499.00","2.15","India","National Stock Exchange Of India","CAD","68.59","INR"
"CIEINDIA","CIE AUTOMOTIVE INDIA LTD","Consumer Discretionary","Equity","198,644.73","0.00","198,644.73","35,327.00","5.62","India","National Stock Exchange Of India","CAD","68.59","INR"
"TECHNOE","TECHNO ELECTRIC AND ENGINEERING LT","Industrials","Equity","198,668.63","0.00","198,668.63","13,839.00","14.36","India","National Stock Exchange Of India","CAD","68.59","INR"
"3673","TPK HOLDING LTD","Information Technology","Equity","198,717.31","0.00","198,717.31","71,000.00","2.80","Taiwan","Taiwan Stock Exchange","CAD","22.80","TWD"
"ABREL","ADITYA BIRLA REAL ESTATE LTD","Real Estate","Equity","197,923.43","0.00","197,923.43","10,797.00","18.33","India","National Stock Exchange Of India","CAD","68.59","INR"
"000080","HITEJINRO","Consumer Staples","Equity","197,986.60","0.00","197,986.60","13,004.00","15.23","Korea (South)","Korea Exchange (Stock Market)","CAD","987.85","KRW"
"1322","AL MASANE AL KOBRA MINING","Materials","Equity","198,144.10","0.00","198,144.10","6,775.00","29.25","Saudi Arabia","Saudi Stock Exchange","CAD","2.69","SAR"
"600039","SICHUAN ROAD & BRIDGE LTD A","Industrials","Equity","197,484.50","0.00","197,484.50","107,460.00","1.84","China","Shanghai Stock Exchange","CAD","4.80","CNY"
"INDIAMART","INDIAMART INTERMESH","Industrials","Equity","197,653.84","0.00","197,653.84","8,154.00","24.24","India","National Stock Exchange Of India","CAD","68.59","INR"
"EDELWEISS","EDELWEISS FINANCIAL SERVICES LTD","Financials","Equity","197,755.66","0.00","197,755.66","105,693.00","1.87","India","National Stock Exchange Of India","CAD","68.59","INR"
"600415","ZHEJIANG CHINA COMMODITIES CITY GR","Consumer Discretionary","Equity","196,821.45","0.00","196,821.45","81,200.00","2.42","China","Shanghai Stock Exchange","CAD","4.80","CNY"
"068760","CELLTRION PHARM INC","Health Care","Equity","196,864.00","0.00","196,864.00","4,961.00","39.68","Korea (South)","Korea Exchange (Kosdaq)","CAD","987.85","KRW"
"HEIM","HEINEKEN MALAYSIA","Consumer Staples","Equity","197,139.02","0.00","197,139.02","39,900.00","4.94","Malaysia","Bursa Malaysia","CAD","2.93","MYR"
"3413","FOXSEMICON INTEGRATED TECHNOLOGY","Information Technology","Equity","197,234.55","0.00","197,234.55","16,000.00","12.33","Taiwan","Taiwan Stock Exchange","CAD","22.80","TWD"
"TI","TILAKNAGAR INDUSTRIES","Consumer Staples","Equity","197,241.27","0.00","197,241.27","24,877.00","7.93","India","National Stock Exchange Of India","CAD","68.59","INR"
"002409","JIANGSU YOKE TECHNOLOGY A","Materials","Equity","196,672.51","0.00","196,672.51","7,000.00","28.10","China","Shenzhen Stock Exchange","CAD","4.80","CNY"
"183300","KOMICO LTD","Information Technology","Equity","196,717.01","0.00","196,717.01","6,655.00","29.56","Korea (South)","Korea Exchange (Kosdaq)","CAD","987.85","KRW"
"AVALON","AVALON TECHNOLOGIES LTD","Information Technology","Equity","196,721.88","0.00","196,721.88","6,051.00","32.51","India","National Stock Exchange Of India","CAD","68.59","INR"
"4919","NUVOTON TECHNOLOGY","Information Technology","Equity","196,751.99","0.00","196,751.99","39,000.00","5.04","Taiwan","Taiwan Stock Exchange","CAD","22.80","TWD"
"2256","ABBISKO CAYMAN","Health Care","Equity","195,844.69","0.00","195,844.69","133,000.00","1.47","China","Hong Kong Exchanges And Clearing Ltd","CAD","5.61","HKD"
"BRAV3","BRAVA ENERGIA","Energy","Equity","196,118.41","0.00","196,118.41","41,274.00","4.75","Brazil","XBSP","CAD","3.69","BRL"
"BAYERCROP","BAYER CROPSCIENCE LTD","Materials","Equity","196,165.85","0.00","196,165.85","3,456.00","56.76","India","National Stock Exchange Of India","CAD","68.59","INR"
"EIHOTEL","EIH","Consumer Discretionary","Equity","195,527.85","0.00","195,527.85","44,721.00","4.37","India","National Stock Exchange Of India","CAD","68.59","INR"
"000210","DL LTD","Materials","Equity","195,081.84","0.00","195,081.84","3,549.00","54.97","Korea (South)","Korea Exchange (Stock Market)","CAD","987.85","KRW"
"2038","FIH MOBILE LTD","Information Technology","Equity","194,485.56","0.00","194,485.56","68,700.00","2.83","Hong Kong","Hong Kong Exchanges And Clearing Ltd","CAD","5.61","HKD"
"AREIT","AREIT INC","Real Estate","Equity","194,529.51","0.00","194,529.51","233,300.00","0.83","Philippines","Philippine Stock Exchange Inc.","CAD","44.85","PHP"
"INCO","VALE INDONESIA","Materials","Equity","194,599.36","0.00","194,599.36","527,400.00","0.37","Indonesia","Indonesia Stock Exchange","CAD","12,683.66","IDR"
"SPALI.R","SUPALAI NON-VOTING DR PCL","Real Estate","Equity","194,681.43","0.00","194,681.43","288,500.00","0.67","Thailand","Stock Exchange Of Thailand","CAD","23.86","THB"
"1114","BRILLIANCE CHINA AUTOMOTIVE HOLDIN","Consumer Discretionary","Equity","194,297.30","0.00","194,297.30","630,000.00","0.31","China","Hong Kong Exchanges And Clearing Ltd","CAD","5.61","HKD"
"SPSETIA","S P SETIA","Real Estate","Equity","193,565.79","0.00","193,565.79","709,100.00","0.27","Malaysia","Bursa Malaysia","CAD","2.93","MYR"
"300548","EVERPROX TECHNOLOGIES LTD A","Information Technology","Equity","193,070.02","0.00","193,070.02","4,000.00","48.27","China","Shenzhen Stock Exchange","CAD","4.80","CNY"
"DQ","DAQO NEW ENERGY ADR REPRESENTING","Information Technology","Equity","193,289.40","0.00","193,289.40","11,584.00","16.69","China","New York Stock Exchange Inc.","CAD","0.71","USD"
"STGT.R","SRI TRANG GLOVES (THAILAND) PCL NO","Health Care","Equity","193,336.85","0.00","193,336.85","431,100.00","0.45","Thailand","Stock Exchange Of Thailand","CAD","23.86","THB"
"SAPR4","CIA SANEAMENTO PREF","Utilities","Equity","192,627.39","0.00","192,627.39","105,222.00","1.83","Brazil","XBSP","CAD","3.69","BRL"
"NRE","NATIONAL REAL ESTATE","Real Estate","Equity","192,744.72","0.00","192,744.72","314,814.00","0.61","Kuwait","Kuwait Stock Exchange","CAD","0.22","KWD"
"METROPOLIS","METROPOLIS HEALTHCARE LTD","Health Care","Equity","192,934.81","0.00","192,934.81","22,572.00","8.55","India","National Stock Exchange Of India","CAD","68.59","INR"
"DEVYANI","DEVYANI INTERNATIONAL","Consumer Discretionary","Equity","192,013.63","0.00","192,013.63","95,089.00","2.02","India","National Stock Exchange Of India","CAD","68.59","INR"
"ABCB4","BANCO ABC BRASIL PREF SA","Financials","Equity","191,929.36","0.00","191,929.36","28,341.00","6.77","Brazil","XBSP","CAD","3.69","BRL"
"GUBRF.E","GUBRE FABRIKALARI A","Materials","Equity","191,971.54","0.00","191,971.54","15,564.00","12.33","Turkey","Istanbul Stock Exchange","CAD","34.80","TRY"
"023590","DAOU TECHNOLOGY INC","Financials","Equity","191,045.88","0.00","191,045.88","4,724.00","40.44","Korea (South)","Korea Exchange (Stock Market)","CAD","987.85","KRW"
"GRSE","GARDEN REACH SHIPBUILDERS & ENGINE","Industrials","Equity","191,330.77","0.00","191,330.77","5,609.00","34.11","India","National Stock Exchange Of India","CAD","68.59","INR"
"1514","ALLIS ELECTRIC LTD","Industrials","Equity","191,360.02","0.00","191,360.02","43,189.00","4.43","Taiwan","Taiwan Stock Exchange","CAD","22.80","TWD"
"THB","THB CASH","Cash and/or Derivatives","Cash","190,650.01","0.00","190,650.01","4,548,665.00","4.19","Thailand","-","CAD","23.86","THB"
"017960","HANKUK CARBON","Materials","Equity","190,745.43","0.00","190,745.43","8,805.00","21.66","Korea (South)","Korea Exchange (Stock Market)","CAD","987.85","KRW"
"DANHOS13","FIBRA DANHOS REIT","Real Estate","Equity","190,049.43","0.00","190,049.43","79,861.00","2.38","Mexico","Bolsa Mexicana De Valores","CAD","12.29","MXN"
"CONCHATORO","VINA CONCHA Y TORO INC","Consumer Staples","Equity","190,163.35","0.00","190,163.35","140,019.00","1.36","Chile","Santiago Stock Exchange","CAD","684.77","CLP"
"600105","JIANG SU ETERN LTD A","Information Technology","Equity","190,205.55","0.00","190,205.55","20,200.00","9.42","China","Shanghai Stock Exchange","CAD","4.80","CNY"
"MCEMENT","MALAYAN CEMENT","Materials","Equity","190,303.07","0.00","190,303.07","102,900.00","1.85","Malaysia","Bursa Malaysia","CAD","2.93","MYR"
"002821","ASYMCHEM LABORATORIES (TIANJIN) LT","Health Care","Equity","190,351.36","0.00","190,351.36","4,900.00","38.85","China","Shenzhen Stock Exchange","CAD","4.80","CNY"
"688469","UNITED NOVA TECHNOLOGY LTD A","Information Technology","Equity","190,433.01","0.00","190,433.01","108,294.00","1.76","China","Shanghai Stock Exchange","CAD","4.80","CNY"
"UWC","UWC","Industrials","Equity","190,498.93","0.00","190,498.93","88,900.00","2.14","Malaysia","Bursa Malaysia","CAD","2.93","MYR"
"KRDMD.E","KARDEMIR KARABUK DEMIR CELIK SANAY","Materials","Equity","189,671.53","0.00","189,671.53","149,746.00","1.27","Turkey","Istanbul Stock Exchange","CAD","34.80","TRY"
"SASA.E","SASA POLYESTER SANAYI A","Materials","Equity","189,720.56","0.00","189,720.56","2,728,310.00","0.07","Turkey","Istanbul Stock Exchange","CAD","34.80","TRY"
"38","FIRST TRACTOR LTD H","Industrials","Equity","189,113.19","0.00","189,113.19","116,000.00","1.63","China","Hong Kong Exchanges And Clearing Ltd","CAD","5.61","HKD"
"300866","ANKER INNOVATIONS TECHNOLOGY LTD A","Information Technology","Equity","189,184.09","0.00","189,184.09","7,230.00","26.17","China","Shenzhen Stock Exchange","CAD","4.80","CNY"
"325","BLOKS GROUP LTD","Consumer Discretionary","Equity","189,203.22","0.00","189,203.22","15,900.00","11.90","China","Hong Kong Exchanges And Clearing Ltd","CAD","5.61","HKD"
"EPL","EPL","Materials","Equity","189,204.18","0.00","189,204.18","56,085.00","3.37","India","National Stock Exchange Of India","CAD","68.59","INR"
"NAZARA","NAZARA TECHNOLOGIES","Communication","Equity","189,470.40","0.00","189,470.40","35,847.00","5.29","India","National Stock Exchange Of India","CAD","68.59","INR"
"9966","ALPHAMAB ONCOLOGY","Health Care","Equity","188,692.47","0.00","188,692.47","138,000.00","1.37","China","Hong Kong Exchanges And Clearing Ltd","CAD","5.61","HKD"
"BLDN","BALADNA COMPANY","Consumer Staples","Equity","188,725.83","0.00","188,725.83","391,159.00","0.48","Qatar","Qatar Exchange","CAD","2.60","QAR"
"HUMANSOFT","HUMAN SOFT","Consumer Discretionary","Equity","188,729.59","0.00","188,729.59","17,784.00","10.61","Kuwait","Kuwait Stock Exchange","CAD","0.22","KWD"
"PGOLD","PURE GOLD PRICE CLUB INC","Consumer Staples","Equity","188,748.53","0.00","188,748.53","210,600.00","0.90","Philippines","Philippine Stock Exchange Inc.","CAD","44.85","PHP"
"1773","SHINY CHEMICAL INDUSTRIAL LTD","Materials","Equity","188,776.62","0.00","188,776.62","26,400.00","7.15","Taiwan","Taiwan Stock Exchange","CAD","22.80","TWD"
"EQUITASBNK","EQUITAS SMALL FINANCE BANK LTD","Financials","Equity","188,265.04","0.00","188,265.04","179,033.00","1.05","India","National Stock Exchange Of India","CAD","68.59","INR"
"TOASO.E","TOFAS TURK OTOMOBIL FABRIKASI A","Consumer Discretionary","Equity","188,266.96","0.00","188,266.96","22,829.00","8.25","Turkey","Istanbul Stock Exchange","CAD","34.80","TRY"
"826","TIANGONG INTERNATIONAL LTD","Materials","Equity","187,695.94","0.00","187,695.94","338,000.00","0.56","China","Hong Kong Exchanges And Clearing Ltd","CAD","5.61","HKD"
"483650","DALBA GLOBAL LTD","Consumer Staples","Equity","187,761.97","0.00","187,761.97","1,074.00","174.82","Korea (South)","Korea Exchange (Stock Market)","CAD","987.85","KRW"
"TITAGARH","TITAGARH RAIL SYSTEMS LTD","Industrials","Equity","187,804.11","0.00","187,804.11","15,574.00","12.06","India","National Stock Exchange Of India","CAD","68.59","INR"
"002709","GUANGZHOU TINCI MATERIALS TECHNOLO","Materials","Equity","187,928.50","0.00","187,928.50","27,400.00","6.86","China","Shenzhen Stock Exchange","CAD","4.80","CNY"
"BSOFT","BIRLASOFT","Information Technology","Equity","188,088.60","0.00","188,088.60","45,460.00","4.14","India","National Stock Exchange Of India","CAD","68.59","INR"
"BURG","BURGAN BANK","Financials","Equity","187,311.38","0.00","187,311.38","228,187.00","0.82","Kuwait","Kuwait Stock Exchange","CAD","0.22","KWD"
"HCI","HOSKEN CONSOLIDATED LTD","Industrials","Equity","187,368.27","0.00","187,368.27","13,791.00","13.59","South Africa","Johannesburg Stock Exchange","CAD","11.63","ZAR"
"2070","SAUDI PHARMACEUTICAL INDUST AND ME","Health Care","Equity","187,376.77","0.00","187,376.77","15,278.00","12.26","Saudi Arabia","Saudi Stock Exchange","CAD","2.69","SAR"
"GENM","GENTING MALAYSIA","Consumer Discretionary","Equity","187,430.70","0.00","187,430.70","366,200.00","0.51","Malaysia","Bursa Malaysia","CAD","2.93","MYR"
"000895","HENAN SHUANGHUI INVESTMENT & DEVEL","Consumer Staples","Equity","186,797.06","0.00","186,797.06","38,400.00","4.86","China","Shenzhen Stock Exchange","CAD","4.80","CNY"
"PRUDENT","PRUDENT CORPORATE ADVISORY SERVICE","Financials","Equity","186,841.01","0.00","186,841.01","3,860.00","48.40","India","National Stock Exchange Of India","CAD","68.59","INR"
"7751","HORNG TERNG AUTOMATION LTD","Information Technology","Equity","186,881.49","0.00","186,881.49","3,000.00","62.29","Taiwan","Gretai Securities Market","CAD","22.80","TWD"
"2666","GENERTEC UNIVERSAL MEDICAL GROUP L","Health Care","Equity","187,109.87","0.00","187,109.87","233,500.00","0.80","China","Hong Kong Exchanges And Clearing Ltd","CAD","5.61","HKD"
"600048","POLY DEVELOPMENTS AND HOLDINGS GRO","Real Estate","Equity","187,137.49","0.00","187,137.49","178,000.00","1.05","China","Shanghai Stock Exchange","CAD","4.80","CNY"
"688126","NATIONAL SILICON INDUSTRY GROUP LT","Information Technology","Equity","186,252.64","0.00","186,252.64","37,706.00","4.94","China","Shanghai Stock Exchange","CAD","4.80","CNY"
"CML","CORONATION FUND MANAGERS LTD","Financials","Equity","186,392.18","0.00","186,392.18","50,311.00","3.70","South Africa","Johannesburg Stock Exchange","CAD","11.63","ZAR"
"SOUTHBANK","SOUTH INDIAN BANK LTD","Financials","Equity","185,735.50","0.00","185,735.50","277,684.00","0.67","India","National Stock Exchange Of India","CAD","68.59","INR"
"601077","CHONGQING RURAL COMMERCIAL BANK LT","Financials","Equity","186,092.42","0.00","186,092.42","136,200.00","1.37","China","Shanghai Stock Exchange","CAD","4.80","CNY"
"2439","MERRY ELECTRONICS","Consumer Discretionary","Equity","186,161.20","0.00","186,161.20","53,513.00","3.48","Taiwan","Taiwan Stock Exchange","CAD","22.80","TWD"
"JPFA","JAPFA COMFEED INDONESIA","Consumer Staples","Equity","185,235.50","0.00","185,235.50","1,012,700.00","0.18","Indonesia","Indonesia Stock Exchange","CAD","12,683.66","IDR"
"601319","THE PEOPLES INSURANCE COMPANY (GRO","Financials","Equity","185,275.75","0.00","185,275.75","115,500.00","1.60","China","Shanghai Stock Exchange","CAD","4.80","CNY"
"SUPRAJIT","SUPRAJIT ENGINEERING LTD","Consumer Discretionary","Equity","185,616.20","0.00","185,616.20","26,265.00","7.07","India","National Stock Exchange Of India","CAD","68.59","INR"
"600011","HUANENG POWER INTERNATIONAL INC A","Utilities","Equity","184,575.70","0.00","184,575.70","130,700.00","1.41","China","Shanghai Stock Exchange","CAD","4.80","CNY"
"8070","CHANG WAH ELECTROMATERIALS INC","Information Technology","Equity","184,617.85","0.00","184,617.85","84,000.00","2.20","Taiwan","Taiwan Stock Exchange","CAD","22.80","TWD"
"2201","YULON MOTOR LTD","Consumer Discretionary","Equity","184,691.13","0.00","184,691.13","137,584.00","1.34","Taiwan","Taiwan Stock Exchange","CAD","22.80","TWD"
"9941","YULON FINANCE CORP","Financials","Equity","183,889.63","0.00","183,889.63","51,943.00","3.54","Taiwan","Taiwan Stock Exchange","CAD","22.80","TWD"
"2669","CHINA OVERSEAS PROPERTY HOLDINGS","Real Estate","Equity","183,908.57","0.00","183,908.57","315,000.00","0.58","China","Hong Kong Exchanges And Clearing Ltd","CAD","5.61","HKD"
"302440","SK BIOSCIENCE","Health Care","Equity","184,030.56","0.00","184,030.56","5,015.00","36.70","Korea (South)","Korea Exchange (Stock Market)","CAD","987.85","KRW"
"MOMO","HELLO GROUP ADR","Communication","Equity","183,752.96","0.00","183,752.96","26,812.00","6.85","China","NASDAQ","CAD","0.71","USD"
"URBANCO","URBAN COMPANY","Consumer Discretionary","Equity","183,059.08","0.00","183,059.08","77,124.00","2.37","India","National Stock Exchange Of India","CAD","68.59","INR"
"1368","XTEP INTERNATIONAL LTD","Consumer Discretionary","Equity","183,178.56","0.00","183,178.56","294,000.00","0.62","China","Hong Kong Exchanges And Clearing Ltd","CAD","5.61","HKD"
"CHENNPETRO","CHENNAI PETROLEUM CORPORATION LTD","Energy","Equity","182,347.00","0.00","182,347.00","8,845.00","20.62","India","National Stock Exchange Of India","CAD","68.59","INR"
"3596","ARCADYAN TECHNOLOGY CORP","Information Technology","Equity","182,406.86","0.00","182,406.86","27,000.00","6.76","Taiwan","Taiwan Stock Exchange","CAD","22.80","TWD"
"JKLAKSHMI","JK LAKSHMI CEMENT","Materials","Equity","182,468.21","0.00","182,468.21","24,522.00","7.44","India","National Stock Exchange Of India","CAD","68.59","INR"
"688396","CHINA RESOURCES MICROELECTRONICS L","Information Technology","Equity","182,707.55","0.00","182,707.55","15,016.00","12.17","China","Shanghai Stock Exchange","CAD","4.80","CNY"
"605499","EASTROC BEVERAGE (GROUP) LTD A","Consumer Staples","Equity","182,748.46","0.00","182,748.46","7,904.00","23.12","China","Shanghai Stock Exchange","CAD","4.80","CNY"
"002851","SHENZHEN MEGMEET ELECTRICAL LTD A","Industrials","Equity","182,015.99","0.00","182,015.99","7,200.00","25.28","China","Shenzhen Stock Exchange","CAD","4.80","CNY"
"RLO","REUNERT","Industrials","Equity","182,070.55","0.00","182,070.55","40,160.00","4.53","South Africa","Johannesburg Stock Exchange","CAD","11.63","ZAR"
"600233","YTO EXPRESS GROUP LTD A","Industrials","Equity","182,153.88","0.00","182,153.88","49,700.00","3.67","China","Shanghai Stock Exchange","CAD","4.80","CNY"
"MYNLD","MAYNILAD WATER SERVICES INC","Utilities","Equity","182,286.22","0.00","182,286.22","469,900.00","0.39","Philippines","Philippine Stock Exchange Inc.","CAD","44.85","PHP"
"1302","LIFETECH SCIENTIFIC CORP","Health Care","Equity","181,390.50","0.00","181,390.50","740,000.00","0.25","China","Hong Kong Exchanges And Clearing Ltd","CAD","5.61","HKD"
"603893","ROCKCHIP ELECTRONICS LTD A","Information Technology","Equity","181,440.26","0.00","181,440.26","4,800.00","37.80","China","Shanghai Stock Exchange","CAD","4.80","CNY"
"6548","CHANG WAH TECHNOLOGY LTD","Information Technology","Equity","181,538.26","0.00","181,538.26","57,000.00","3.18","Taiwan","Gretai Securities Market","CAD","22.80","TWD"
"UNIP6","UNIPAR PARTICIPACOES PREF CLASS B","Materials","Equity","181,666.11","0.00","181,666.11","11,625.00","15.63","Brazil","XBSP","CAD","3.69","BRL"
"9898","WEIBO CLASS A CORP","Communication","Equity","181,726.06","0.00","181,726.06","19,871.00","9.15","China","Hong Kong Exchanges And Clearing Ltd","CAD","5.61","HKD"
"TRMET.E","TR ANADOLU METAL MADENCILIK ISLETM","Materials","Equity","181,732.51","0.00","181,732.51","47,913.00","3.79","Turkey","Istanbul Stock Exchange","CAD","34.80","TRY"
"601669","POWER CONSTRUCTION CORPORATION OF","Industrials","Equity","180,896.03","0.00","180,896.03","187,300.00","0.97","China","Shanghai Stock Exchange","CAD","4.80","CNY"
"601577","BANK OF CHANGSHA LTD A","Financials","Equity","181,101.71","0.00","181,101.71","88,500.00","2.05","China","Shanghai Stock Exchange","CAD","4.80","CNY"
"RYGYO.E","REYSAS GAYRIMENKUL YATIRIM ORTAKLI","Real Estate","Equity","180,418.09","0.00","180,418.09","146,222.00","1.23","Turkey","Istanbul Stock Exchange","CAD","34.80","TRY"
"SLCE3","SLC AGRICOLA SA","Consumer Staples","Equity","180,556.53","0.00","180,556.53","37,068.00","4.87","Brazil","XBSP","CAD","3.69","BRL"
"600703","SANAN OPTOELECTRONICS LTD A","Information Technology","Equity","180,791.94","0.00","180,791.94","67,500.00","2.68","China","Shanghai Stock Exchange","CAD","4.80","CNY"
"002837","SHENZHEN ENVICOOL TECHNOLOGY LTD A","Industrials","Equity","180,848.26","0.00","180,848.26","14,040.00","12.88","China","Shenzhen Stock Exchange","CAD","4.80","CNY"
"9636","JF SMARTINVEST HOLDINGS LTD","Financials","Equity","180,342.98","0.00","180,342.98","36,600.00","4.93","China","Hong Kong Exchanges And Clearing Ltd","CAD","5.61","HKD"
"600601","FOUNDER TECHNOLOGY GROUP LTD A","Information Technology","Equity","179,809.44","0.00","179,809.44","59,000.00","3.05","China","Shanghai Stock Exchange","CAD","4.80","CNY"
"FWRY","FAWRY FOR BANKING TECHNOLOGY AND E","Financials","Equity","179,113.98","0.00","179,113.98","351,951.00","0.51","Egypt","Egyptian Exchange","CAD","37.24","EGP"
"JSWDULUX","JSW DULUX LTD","Materials","Equity","179,126.01","0.00","179,126.01","3,997.00","44.82","India","National Stock Exchange Of India","CAD","68.59","INR"
"300015","AIER EYE HOSPITAL GROUP LTD A","Health Care","Equity","179,205.11","0.00","179,205.11","108,062.00","1.66","China","Shenzhen Stock Exchange","CAD","4.80","CNY"
"PTBA","TAMBANG BATUBARA BUKIT ASAM","Energy","Equity","178,715.46","0.00","178,715.46","721,900.00","0.25","Indonesia","Indonesia Stock Exchange","CAD","12,683.66","IDR"
"BJC.R","BERLI JUCKER NON-VOTING DR PCL","Consumer Staples","Equity","178,802.54","0.00","178,802.54","237,000.00","0.75","Thailand","Stock Exchange Of Thailand","CAD","23.86","THB"
"002636","GOLDENMAX INTERNATIONAL GROUP LTD","Information Technology","Equity","178,877.01","0.00","178,877.01","10,800.00","16.56","China","Shenzhen Stock Exchange","CAD","4.80","CNY"
"003540","DAISHIN SECURITIES LTD","Financials","Equity","178,967.07","0.00","178,967.07","6,684.00","26.78","Korea (South)","Korea Exchange (Stock Market)","CAD","987.85","KRW"
"2476","G SHANK ENTERPRISE LTD","Industrials","Equity","178,239.31","0.00","178,239.31","34,000.00","5.24","Taiwan","Taiwan Stock Exchange","CAD","22.80","TWD"
"2014","CHUNG HUNG STEEL CORP","Materials","Equity","177,877.40","0.00","177,877.40","245,000.00","0.73","Taiwan","Taiwan Stock Exchange","CAD","22.80","TWD"
"601456","GUOLIAN MINSHENG SECURITIES LTD A","Financials","Equity","177,214.69","0.00","177,214.69","98,900.00","1.79","China","Shanghai Stock Exchange","CAD","4.80","CNY"
"600219","SHANDONG NANSHAN ALUMINIUM LTD A","Materials","Equity","177,305.01","0.00","177,305.01","182,400.00","0.97","China","Shanghai Stock Exchange","CAD","4.80","CNY"
"688766","PUYA SEMICONDUCTOR (SHANGHAI) LTD","Information Technology","Equity","177,423.89","0.00","177,423.89","2,177.00","81.50","China","Shanghai Stock Exchange","CAD","4.80","CNY"
"2186","LUYE PHARMA GROUP","Health Care","Equity","176,684.15","0.00","176,684.15","583,000.00","0.30","China","Hong Kong Exchanges And Clearing Ltd","CAD","5.61","HKD"
"VOLCABC1","VOLCAN COMPANIA MINERA B PREF","Materials","Equity","176,833.69","0.00","176,833.69","494,517.00","0.36","Peru","Bolsa De Valores De Lima","CAD","2.41","PEN"
"KTKBANK","KARNATAKA BANK LTD","Financials","Equity","176,850.09","0.00","176,850.09","38,645.00","4.58","India","National Stock Exchange Of India","CAD","68.59","INR"
"600066","YUTONG BUS LTD A","Industrials","Equity","176,854.86","0.00","176,854.86","32,200.00","5.49","China","Shanghai Stock Exchange","CAD","4.80","CNY"
"LTE","LIGHTHOUSE PROPERTIES PLC","Real Estate","Equity","176,949.00","0.00","176,949.00","250,984.00","0.71","South Africa","Johannesburg Stock Exchange","CAD","11.63","ZAR"
"000831","CHINA RARE EARTH RESOURCES AND TEC","Materials","Equity","177,012.77","0.00","177,012.77","15,900.00","11.13","China","Shenzhen Stock Exchange","CAD","4.80","CNY"
"000999","CHINA RESOURCES SANJIU MEDICAL AND","Health Care","Equity","176,262.22","0.00","176,262.22","35,444.00","4.97","China","Shenzhen Stock Exchange","CAD","4.80","CNY"
"AXREIT","AXIS REITS UNITS TRUST","Real Estate","Equity","176,338.41","0.00","176,338.41","282,400.00","0.62","Malaysia","Bursa Malaysia","CAD","2.93","MYR"
"TEGA","TEGA INDUSTRIES LTD","Industrials","Equity","176,344.71","0.00","176,344.71","6,300.00","27.99","India","National Stock Exchange Of India","CAD","68.59","INR"
"BTG.R","BETAGRO NON-VOTING DR PCL","Consumer Staples","Equity","176,471.32","0.00","176,471.32","203,400.00","0.87","Thailand","Stock Exchange Of Thailand","CAD","23.86","THB"
"SUNTV","SUN TV NETWORK LTD","Communication","Equity","176,480.72","0.00","176,480.72","25,844.00","6.83","India","National Stock Exchange Of India","CAD","68.59","INR"
"PIK","PICK N PAY STORES LTD","Consumer Staples","Equity","176,520.54","0.00","176,520.54","108,917.00","1.62","South Africa","Johannesburg Stock Exchange","CAD","11.63","ZAR"
"601991","DATANG INTERNATIONAL POWER GENERAT","Utilities","Equity","175,650.00","0.00","175,650.00","153,100.00","1.15","China","Shanghai Stock Exchange","CAD","4.80","CNY"
"688629","SICHUAN HUAFENG TECHNOLOGY LTD A","Industrials","Equity","175,888.30","0.00","175,888.30","6,398.00","27.49","China","Shanghai Stock Exchange","CAD","4.80","CNY"
"2363","SILICON INTEGRATED SYSTEM","Information Technology","Equity","175,906.37","0.00","175,906.37","75,800.00","2.32","Taiwan","Taiwan Stock Exchange","CAD","22.80","TWD"
"300567","WUHAN JINGCE ELECTRONIC GROUP LTD","Information Technology","Equity","175,129.96","0.00","175,129.96","4,100.00","42.71","China","Shenzhen Stock Exchange","CAD","4.80","CNY"
"688506","SICHUAN BIOKIN PHARMACEUTICAL A","Health Care","Equity","175,403.03","0.00","175,403.03","3,438.00","51.02","China","Shanghai Stock Exchange","CAD","4.80","CNY"
"AKSA.E","AKSA AKRILIK KIMYA SANAYI A","Consumer Discretionary","Equity","175,540.54","0.00","175,540.54","549,373.00","0.32","Turkey","Istanbul Stock Exchange","CAD","34.80","TRY"
"ARZAN","ARZAN INVESTMENT AND FINANCIAL","Financials","Equity","174,567.48","0.00","174,567.48","120,287.00","1.45","Kuwait","Kuwait Stock Exchange","CAD","0.22","KWD"
"2515","BES ENGINEERING","Industrials","Equity","173,916.56","0.00","173,916.56","329,001.00","0.53","Taiwan","Taiwan Stock Exchange","CAD","22.80","TWD"
"600958","ORIENT SECURITIES A","Financials","Equity","173,928.23","0.00","173,928.23","95,400.00","1.82","China","Shanghai Stock Exchange","CAD","4.80","CNY"
"WBC","WE BUY CARS HLDS LTD","Consumer Discretionary","Equity","173,936.72","0.00","173,936.72","69,377.00","2.51","South Africa","Johannesburg Stock Exchange","CAD","11.63","ZAR"
"688409","SHENYANG FORTUNE PRECISION EQUIPME","Information Technology","Equity","174,001.03","0.00","174,001.03","4,482.00","38.82","China","Shanghai Stock Exchange","CAD","4.80","CNY"
"TBOTEK","TBO TEK","Consumer Discretionary","Equity","173,026.34","0.00","173,026.34","7,203.00","24.02","India","National Stock Exchange Of India","CAD","68.59","INR"
"006280","GC BIOPHARMA CORP","Health Care","Equity","173,148.35","0.00","173,148.35","1,394.00","124.21","Korea (South)","Korea Exchange (Stock Market)","CAD","987.85","KRW"
"000703","HENGYI PETROCHEMICAL LTD A","Materials","Equity","172,347.47","0.00","172,347.47","46,600.00","3.70","China","Shenzhen Stock Exchange","CAD","4.80","CNY"
"004990","LOTTE","Industrials","Equity","172,512.42","0.00","172,512.42","6,844.00","25.21","Korea (South)","Korea Exchange (Stock Market)","CAD","987.85","KRW"
"001389","DELTON TECHNOLOGY (GUANGZHOU) INC","Information Technology","Equity","171,769.03","0.00","171,769.03","4,900.00","35.05","China","Shenzhen Stock Exchange","CAD","4.80","CNY"
"BBTN","PT BANK TABUNGAN NEGARA","Financials","Equity","171,814.93","0.00","171,814.93","1,862,600.00","0.09","Indonesia","Indonesia Stock Exchange","CAD","12,683.66","IDR"
"041510","SM ENTERTAINMENT LTD","Communication","Equity","172,192.32","0.00","172,192.32","2,082.00","82.71","Korea (South)","Korea Exchange (Kosdaq)","CAD","987.85","KRW"
"2539","SAKURA DEVELOPMENT LTD","Real Estate","Equity","172,218.85","0.00","172,218.85","114,121.00","1.51","Taiwan","Taiwan Stock Exchange","CAD","22.80","TWD"
"LTG","LT GROUP","Industrials","Equity","171,463.10","0.00","171,463.10","510,000.00","0.34","Philippines","Philippine Stock Exchange Inc.","CAD","44.85","PHP"
"600115","CHINA EASTERN AIRLINES CORP LTD A","Industrials","Equity","171,556.26","0.00","171,556.26","245,500.00","0.70","China","Shanghai Stock Exchange","CAD","4.80","CNY"
"000708","CITIC PACIFIC SPECIAL STEEL GROUP","Materials","Equity","170,789.66","0.00","170,789.66","62,500.00","2.73","China","Shenzhen Stock Exchange","CAD","4.80","CNY"
"3877","CSSC (HONG KONG) SHIPPING LTD","Financials","Equity","170,861.83","0.00","170,861.83","392,000.00","0.44","China","Hong Kong Exchanges And Clearing Ltd","CAD","5.61","HKD"
"002625","KUANG-CHI TECHNOLOGIES LTD A","Industrials","Equity","170,976.15","0.00","170,976.15","29,200.00","5.86","China","Shenzhen Stock Exchange","CAD","4.80","CNY"
"001430","SEAH BESTEEL HDS CORP","Materials","Equity","171,200.32","0.00","171,200.32","3,721.00","46.01","Korea (South)","Korea Exchange (Stock Market)","CAD","987.85","KRW"
"000021","SHENZHEN KAIFA TECHNOLOGY LTD A","Information Technology","Equity","170,368.29","0.00","170,368.29","23,000.00","7.41","China","Shenzhen Stock Exchange","CAD","4.80","CNY"
"4001","ABDULLAH AL OTHAIM MARKETS","Consumer Staples","Equity","170,574.34","0.00","170,574.34","98,311.00","1.74","Saudi Arabia","Saudi Stock Exchange","CAD","2.69","SAR"
"290650","L&C BIO LTD","Health Care","Equity","169,883.36","0.00","169,883.36","3,609.00","47.07","Korea (South)","Korea Exchange (Kosdaq)","CAD","987.85","KRW"
"DOAS.E","DOGUS OTOMOTIV SERVIS VE TICARET A","Consumer Discretionary","Equity","169,892.31","0.00","169,892.31","37,683.00","4.51","Turkey","Istanbul Stock Exchange","CAD","34.80","TRY"
"001720","SHINYOUNG SECURITIES LTD","Financials","Equity","169,984.49","0.00","169,984.49","1,196.00","142.13","Korea (South)","Korea Exchange (Stock Market)","CAD","987.85","KRW"
"2498","ROBOSENSE TECHNOLOGY LTD","Information Technology","Equity","170,257.31","0.00","170,257.31","58,700.00","2.90","China","Hong Kong Exchanges And Clearing Ltd","CAD","5.61","HKD"
"600378","HAOHUA CHEMICAL SCIENCE & TECHNOLO","Materials","Equity","170,296.75","0.00","170,296.75","17,300.00","9.84","China","Shanghai Stock Exchange","CAD","4.80","CNY"
"601233","TONGKUN GROUP A","Materials","Equity","169,348.25","0.00","169,348.25","34,400.00","4.92","China","Shanghai Stock Exchange","CAD","4.80","CNY"
"2329","ORIENT SEMICONDUCTOR ELECTRONICS","Information Technology","Equity","169,377.80","0.00","169,377.80","90,000.00","1.88","Taiwan","Taiwan Stock Exchange","CAD","22.80","TWD"
"2320","AL BABTAIN POWER AND TELECOMMUNICA","Industrials","Equity","169,542.52","0.00","169,542.52","7,851.00","21.60","Saudi Arabia","Saudi Stock Exchange","CAD","2.69","SAR"
"LTFOODS","LT FOODS LTD","Consumer Staples","Equity","169,718.47","0.00","169,718.47","27,593.00","6.15","India","National Stock Exchange Of India","CAD","68.59","INR"
"DFM","DUBAI FINANCIAL MARKET","Financials","Equity","168,916.96","0.00","168,916.96","312,377.00","0.54","United Arab Emirates","Dubai Financial Market","CAD","2.63","AED"
"2013","WEIMOB INC","Information Technology","Equity","169,000.68","0.00","169,000.68","1,185,000.00","0.14","China","Hong Kong Exchanges And Clearing Ltd","CAD","5.61","HKD"
"1830","LEEJAM SPORTS","Consumer Discretionary","Equity","169,014.26","0.00","169,014.26","5,632.00","30.01","Saudi Arabia","Saudi Stock Exchange","CAD","2.69","SAR"
"002064","HUAFON CHEMICAL LTD A","Materials","Equity","169,067.06","0.00","169,067.06","82,200.00","2.06","China","Shenzhen Stock Exchange","CAD","4.80","CNY"
"2007","COUNTRY GARDEN HOLDINGS LTD","Real Estate","Equity","169,126.90","0.00","169,126.90","5,548,000.00","0.03","China","Hong Kong Exchanges And Clearing Ltd","CAD","5.61","HKD"
"PAVREIT","PAVILION REAL ESTATE INVESTMENT TR","Real Estate","Equity","169,271.11","0.00","169,271.11","318,000.00","0.53","Malaysia","Bursa Malaysia","CAD","2.93","MYR"
"EMCURE","EMCURE PHARMACEUTICALS LTD","Health Care","Equity","167,918.24","0.00","167,918.24","6,031.00","27.84","India","National Stock Exchange Of India","CAD","68.59","INR"
"3899","CIMC ENRIC HOLDINGS","Industrials","Equity","168,002.37","0.00","168,002.37","124,000.00","1.35","China","Hong Kong Exchanges And Clearing Ltd","CAD","5.61","HKD"
"000066","CHINA GREATWALL TECHNOLOGY GROUP L","Information Technology","Equity","168,098.12","0.00","168,098.12","58,100.00","2.89","China","Shenzhen Stock Exchange","CAD","4.80","CNY"
"POMO4","MARCOPOLO PREF","Industrials","Equity","168,255.88","0.00","168,255.88","144,276.00","1.17","Brazil","XBSP","CAD","3.69","BRL"
"002050","ZHEJIANG SANHUA INTELLIGENT CONTRO","Industrials","Equity","168,362.00","0.00","168,362.00","23,300.00","7.23","China","Shenzhen Stock Exchange","CAD","4.80","CNY"
"688048","SUZHOU EVERBRIGHT PHOTONICS LTD A","Information Technology","Equity","167,470.08","0.00","167,470.08","2,447.00","68.44","China","Shanghai Stock Exchange","CAD","4.80","CNY"
"ZYDUSWELL","ZYDUS WELLNESS LTD","Consumer Staples","Equity","167,659.86","0.00","167,659.86","21,057.00","7.96","India","National Stock Exchange Of India","CAD","68.59","INR"
"AKRA","AKR CORPORINDO","Energy","Equity","167,726.36","0.00","167,726.36","1,447,200.00","0.12","Indonesia","Indonesia Stock Exchange","CAD","12,683.66","IDR"
"026960","DONG SUH INC","Consumer Staples","Equity","167,057.97","0.00","167,057.97","6,459.00","25.86","Korea (South)","Korea Exchange (Stock Market)","CAD","987.85","KRW"
"GTCAP","GT CAPITAL HOLDINGS","Industrials","Equity","167,327.54","0.00","167,327.54","18,120.00","9.23","Philippines","Philippine Stock Exchange Inc.","CAD","44.85","PHP"
"TURSG.E","TURKIYE SIGORTA ANONIM SIRKETI","Financials","Equity","166,467.88","0.00","166,467.88","965,548.00","0.17","Turkey","Istanbul Stock Exchange","CAD","34.80","TRY"
"BECTORFOOD","MRS BECTORS FOOD SPECIALITIES","Consumer Staples","Equity","166,487.30","0.00","166,487.30","51,718.00","3.22","India","National Stock Exchange Of India","CAD","68.59","INR"
"181710","NHN CORP","Communication","Equity","166,732.56","0.00","166,732.56","2,910.00","57.30","Korea (South)","Korea Exchange (Stock Market)","CAD","987.85","KRW"
"MWC","MANILA WATER","Utilities","Equity","166,915.00","0.00","166,915.00","220,200.00","0.76","Philippines","Philippine Stock Exchange Inc.","CAD","44.85","PHP"
"6055","CHINA TOBACCO INTERNATIONAL (HK) L","Consumer Discretionary","Equity","165,624.23","0.00","165,624.23","41,000.00","4.04","China","Hong Kong Exchanges And Clearing Ltd","CAD","5.61","HKD"
"601360","360 SECURITY TECHNOLOGY INC A","Information Technology","Equity","165,821.90","0.00","165,821.90","91,900.00","1.80","China","Shanghai Stock Exchange","CAD","4.80","CNY"
"601108","CAITONG SECURITIES LTD A","Financials","Equity","165,890.11","0.00","165,890.11","94,900.00","1.75","China","Shanghai Stock Exchange","CAD","4.80","CNY"
"SOBHA","SOBHA LTD","Real Estate","Equity","165,111.29","0.00","165,111.29","9,522.00","17.34","India","National Stock Exchange Of India","CAD","68.59","INR"
"FIRSTCRY","BRAINBEES SOLUTIONS","Consumer Discretionary","Equity","165,206.02","0.00","165,206.02","66,954.00","2.47","India","National Stock Exchange Of India","CAD","68.59","INR"
"600096","YUNNAN YUNTIANHUA LTD A","Materials","Equity","165,234.70","0.00","165,234.70","28,000.00","5.90","China","Shanghai Stock Exchange","CAD","4.80","CNY"
"BLACKBUCK","BLACKBUCK LTD","Information Technology","Equity","165,300.32","0.00","165,300.32","18,542.00","8.91","India","National Stock Exchange Of India","CAD","68.59","INR"
"MAGEN.E","MARGUN ENERJI URETIM SANAYI & TICA","Utilities","Equity","165,472.84","0.00","165,472.84","190,306.00","0.87","Turkey","Istanbul Stock Exchange","CAD","34.80","TRY"
"600803","ENN NATURAL GAS LTD A","Utilities","Equity","164,525.05","0.00","164,525.05","42,200.00","3.90","China","Shanghai Stock Exchange","CAD","4.80","CNY"
"002736","GUOSEN SECURITIES A","Financials","Equity","164,740.32","0.00","164,740.32","81,000.00","2.03","China","Shenzhen Stock Exchange","CAD","4.80","CNY"
"2005","SSY GROUP LTD","Health Care","Equity","164,039.41","0.00","164,039.41","334,000.00","0.49","China","Hong Kong Exchanges And Clearing Ltd","CAD","5.61","HKD"
"300418","KUNLUN TECH A","Communication","Equity","164,239.68","0.00","164,239.68","18,100.00","9.07","China","Shenzhen Stock Exchange","CAD","4.80","CNY"
"601117","CHINA NATIONAL CHEMICAL ENGINEERIN","Industrials","Equity","164,291.83","0.00","164,291.83","110,000.00","1.49","China","Shanghai Stock Exchange","CAD","4.80","CNY"
"ITMAX","ITMAX SYSTEM","Information Technology","Equity","164,398.53","0.00","164,398.53","109,500.00","1.50","Malaysia","Bursa Malaysia","CAD","2.93","MYR"
"SPLPETRO","SUPREME PETROCHEM LTD","Materials","Equity","163,557.88","0.00","163,557.88","13,902.00","11.77","India","National Stock Exchange Of India","CAD","68.59","INR"
"GRAVITA","GRAVITA INDIA LTD","Materials","Equity","163,737.58","0.00","163,737.58","6,969.00","23.50","India","National Stock Exchange Of India","CAD","68.59","INR"
"DUBAIRESI","DUBAI RESIDENTIAL REIT UNIT","Real Estate","Equity","163,966.95","0.00","163,966.95","336,388.00","0.49","United Arab Emirates","Dubai Financial Market","CAD","2.63","AED"
"ITMG","INDO TAMBANGRAYA MEGAH","Energy","Equity","164,010.24","0.00","164,010.24","78,500.00","2.09","Indonesia","Indonesia Stock Exchange","CAD","12,683.66","IDR"
"VAMO3","VAMOS LOCACAO DE CAMINHOES MAQUINA","Industrials","Equity","164,022.83","0.00","164,022.83","180,531.00","0.91","Brazil","XBSP","CAD","3.69","BRL"
"300765","CSPC INNOVATION PHARMACEUTICAL A","Health Care","Equity","163,190.77","0.00","163,190.77","18,080.00","9.03","China","Shenzhen Stock Exchange","CAD","4.80","CNY"
"688017","LEADER HARMONIOUS DRIVE SYSTEMS A","Industrials","Equity","162,656.48","0.00","162,656.48","2,683.00","60.62","China","Shanghai Stock Exchange","CAD","4.80","CNY"
"097230","HJ SHIPBUILDING & CONSTRUCTION LTD","Industrials","Equity","162,157.27","0.00","162,157.27","10,308.00","15.73","Korea (South)","Korea Exchange (Stock Market)","CAD","987.85","KRW"
"601198","DONGXING SECURITIES A","Financials","Equity","162,284.22","0.00","162,284.22","59,600.00","2.72","China","Shanghai Stock Exchange","CAD","4.80","CNY"
"601916","CHINA ZHESHANG BANK LTD A","Financials","Equity","162,314.66","0.00","162,314.66","266,480.00","0.61","China","Shanghai Stock Exchange","CAD","4.80","CNY"
"600023","ZHEJIANG ZHENENG ELECTRIC POWER LT","Utilities","Equity","161,809.10","0.00","161,809.10","153,300.00","1.06","China","Shanghai Stock Exchange","CAD","4.80","CNY"
"ACEN","ACEN CORPORATION","Utilities","Equity","162,007.75","0.00","162,007.75","2,763,000.00","0.06","Philippines","Philippine Stock Exchange Inc.","CAD","44.85","PHP"
"603799","ZHEJIANG HUAYOU COBALT LTD A","Industrials","Equity","161,446.56","0.00","161,446.56","22,000.00","7.34","China","Shanghai Stock Exchange","CAD","4.80","CNY"
"GPPL","GUJARAT PIPAVAV PORT LTD","Industrials","Equity","161,608.84","0.00","161,608.84","68,179.00","2.37","India","National Stock Exchange Of India","CAD","68.59","INR"
"2359","SOLOMON TECHNOLOGY","Information Technology","Equity","160,911.10","0.00","160,911.10","28,000.00","5.75","Taiwan","Taiwan Stock Exchange","CAD","22.80","TWD"
"001965","CHINA MERCHANTS EXPRESSWAY NETWORK","Industrials","Equity","161,017.47","0.00","161,017.47","75,900.00","2.12","China","Shenzhen Stock Exchange","CAD","4.80","CNY"
"900905","LAO FENG XIANG LTD B","Consumer Discretionary","Equity","161,029.37","0.00","161,029.37","42,800.00","3.76","China","Shanghai Stock Exchange","CAD","0.71","USD"
"002078","SHANDONG SUNPAPER LTD A","Materials","Equity","161,039.16","0.00","161,039.16","54,100.00","2.98","China","Shenzhen Stock Exchange","CAD","4.80","CNY"
"4031","SAUDI GROUND SERVICES","Industrials","Equity","161,065.42","0.00","161,065.42","19,762.00","8.15","Saudi Arabia","Saudi Stock Exchange","CAD","2.69","SAR"
"601877","ZHEJIANG CHINT ELECTRICS LTD A","Industrials","Equity","161,073.37","0.00","161,073.37","31,300.00","5.15","China","Shanghai Stock Exchange","CAD","4.80","CNY"
"002422","SICHUAN KELUN PHARMACEUTICAL LTD A","Health Care","Equity","161,118.22","0.00","161,118.22","19,300.00","8.35","China","Shenzhen Stock Exchange","CAD","4.80","CNY"
"002008","HANS LASER TECHNOLOGY LTD A","Industrials","Equity","160,195.18","0.00","160,195.18","8,100.00","19.78","China","Shenzhen Stock Exchange","CAD","4.80","CNY"
"KPROJ","KUWAIT PROJECTS","Financials","Equity","160,256.07","0.00","160,256.07","464,339.00","0.35","Kuwait","Kuwait Stock Exchange","CAD","0.22","KWD"
"300124","SHENZHEN INOVANCE TECHNOLOGY A","Industrials","Equity","160,347.45","0.00","160,347.45","14,900.00","10.76","China","Shenzhen Stock Exchange","CAD","4.80","CNY"
"800","WERIDE INC","Consumer Discretionary","Equity","160,427.64","0.00","160,427.64","60,600.00","2.65","China","Hong Kong Exchanges And Clearing Ltd","CAD","5.61","HKD"
"395400","SK REITS LTD","Real Estate","Equity","160,505.50","0.00","160,505.50","30,609.00","5.24","Korea (South)","Korea Exchange (Stock Market)","CAD","987.85","KRW"
"2419","DEKON FOOD AND AGRICULTURE GROUP H","Consumer Staples","Equity","159,394.56","0.00","159,394.56","15,700.00","10.15","China","Hong Kong Exchanges And Clearing Ltd","CAD","5.61","HKD"
"NSLNISP","NMDC STEEL LTD","Materials","Equity","159,405.37","0.00","159,405.37","262,586.00","0.61","India","National Stock Exchange Of India","CAD","68.59","INR"
"SGML","SIGMA LITHIUM","Materials","Equity","159,510.21","0.00","159,510.21","12,843.00","12.42","Brazil","NASDAQ","CAD","0.71","USD"
"SEDEMAC","SEDEMAC MECHATRONICS LTD","Information Technology","Equity","158,539.05","0.00","158,539.05","3,496.00","45.35","India","National Stock Exchange Of India","CAD","68.59","INR"
"CGCL","CAPRI GLOBAL CAPITAL LTD","Financials","Equity","158,619.55","0.00","158,619.55","41,472.00","3.82","India","National Stock Exchange Of India","CAD","68.59","INR"
"NY1","NINETY ONE LTD","Financials","Equity","157,883.32","0.00","157,883.32","42,419.00","3.72","South Africa","Johannesburg Stock Exchange","CAD","11.63","ZAR"
"000426","INNER MONGOLIA XINGYE SILVER&TIN M","Materials","Equity","157,971.73","0.00","157,971.73","21,900.00","7.21","China","Shenzhen Stock Exchange","CAD","4.80","CNY"
"EA.R","ENERGY ABSOLUTE NON-VOTING DR PCL","Utilities","Equity","158,058.43","0.00","158,058.43","1,309,400.00","0.12","Thailand","Stock Exchange Of Thailand","CAD","23.86","THB"
"3014","INTEGRATED TECHNOLOGY EXPRESS INC","Information Technology","Equity","158,125.43","0.00","158,125.43","27,000.00","5.86","Taiwan","Taiwan Stock Exchange","CAD","22.80","TWD"
"MALAKOF","MALAKOFF CORPORATION CORP","Utilities","Equity","158,167.90","0.00","158,167.90","602,000.00","0.26","Malaysia","Bursa Malaysia","CAD","2.93","MYR"
"MAHSCOOTER","MAHARASHTRA SCOOTERS LTD","Financials","Equity","158,173.37","0.00","158,173.37","825.00","191.73","India","National Stock Exchange Of India","CAD","68.59","INR"
"2727","WOWPRIME","Consumer Discretionary","Equity","157,300.34","0.00","157,300.34","15,796.00","9.96","Taiwan","Taiwan Stock Exchange","CAD","22.80","TWD"
"601607","SHANGHAI PHARMACEUTICALS HOLDING L","Health Care","Equity","157,423.12","0.00","157,423.12","46,700.00","3.37","China","Shanghai Stock Exchange","CAD","4.80","CNY"
"IRBR3","IRB BRASIL RESSEGUROS SA","Financials","Equity","156,966.55","0.00","156,966.55","9,491.00","16.54","Brazil","XBSP","CAD","3.69","BRL"
"ADIB","ABU DHABI ISLAMIC BANK EGYPT","Financials","Equity","157,066.78","0.00","157,066.78","108,306.00","1.45","Egypt","Egyptian Exchange","CAD","37.24","EGP"
"601555","SOOCHOW SECURITIES CO LTD A","Financials","Equity","157,174.47","0.00","157,174.47","91,000.00","1.73","China","Shanghai Stock Exchange","CAD","4.80","CNY"
"TIMETECHNO","TIME TECHNOPLAST LTD","Materials","Equity","157,221.79","0.00","157,221.79","61,787.00","2.54","India","National Stock Exchange Of India","CAD","68.59","INR"
"000960","YUNNAN TIN LTD A","Materials","Equity","156,402.86","0.00","156,402.86","22,700.00","6.89","China","Shenzhen Stock Exchange","CAD","4.80","CNY"
"600498","FIBERHOME TELECOMMUNICATION TECHNO","Information Technology","Equity","156,691.77","0.00","156,691.77","17,300.00","9.06","China","Shanghai Stock Exchange","CAD","4.80","CNY"
"ALG","ALI ALGHANIM SONS AUTOMOTIVE","Consumer Discretionary","Equity","156,775.09","0.00","156,775.09","38,282.00","4.10","Kuwait","Kuwait Stock Exchange","CAD","0.22","KWD"
"600460","HANGZHOU SILAN MICROELECTRONICS LT","Information Technology","Equity","156,149.42","0.00","156,149.42","23,400.00","6.67","China","Shanghai Stock Exchange","CAD","4.80","CNY"
"2428","THINKING ELECTRONIC INDUSTRIAL LTD","Information Technology","Equity","156,304.87","0.00","156,304.87","14,000.00","11.16","Taiwan","Taiwan Stock Exchange","CAD","22.80","TWD"
"AEGN","AEGEAN AIRLINES","Industrials","Equity","155,406.16","0.00","155,406.16","8,715.00","17.83","Greece","Athens Exchange S.A. Cash Market","CAD","0.62","EUR"
"GREATEC","GREATECH TECHNOLOGY","Information Technology","Equity","155,574.65","0.00","155,574.65","178,800.00","0.87","Malaysia","Bursa Malaysia","CAD","2.93","MYR"
"LUMAXTECH","LUMAX AUTO TECHNOLOGIES","Consumer Discretionary","Equity","155,660.91","0.00","155,660.91","5,291.00","29.42","India","National Stock Exchange Of India","CAD","68.59","INR"
"ECOR3","ECORODOVIAS INFRAESTRUTURA E LOGIS","Industrials","Equity","155,681.93","0.00","155,681.93","70,003.00","2.22","Brazil","XBSP","CAD","3.69","BRL"
"ENTEL","EMPRESA NACIONAL DE TELECOMUNICACI","Communication","Equity","154,929.17","0.00","154,929.17","26,676.00","5.81","Chile","Santiago Stock Exchange","CAD","684.77","CLP"
"4264","FLYNAS","Industrials","Equity","155,075.95","0.00","155,075.95","9,566.00","16.21","Saudi Arabia","Saudi Stock Exchange","CAD","2.69","SAR"
"002484","NANTONG JIANGHAI CAPACITOR LTD A","Information Technology","Equity","155,352.15","0.00","155,352.15","12,400.00","12.53","China","Shenzhen Stock Exchange","CAD","4.80","CNY"
"CABLE","GULF CABLE AND ELECTRICAL INDUSTRI","Industrials","Equity","154,475.32","0.00","154,475.32","20,048.00","7.71","Kuwait","Kuwait Stock Exchange","CAD","0.22","KWD"
"002790","AMOREG","Consumer Staples","Equity","154,549.08","0.00","154,549.08","5,718.00","27.03","Korea (South)","Korea Exchange (Stock Market)","CAD","987.85","KRW"
"688141","JOULWATT TECHNOLOGY LTD A","Information Technology","Equity","154,672.85","0.00","154,672.85","6,591.00","23.47","China","Shanghai Stock Exchange","CAD","4.80","CNY"
"5234","DAXIN MATERIALS CORP","Materials","Equity","154,769.46","0.00","154,769.46","12,000.00","12.90","Taiwan","Taiwan Stock Exchange","CAD","22.80","TWD"
"CLP","CLP CASH","Cash and/or Derivatives","Cash","154,216.86","0.00","154,216.86","105,602,687.00","0.15","Chile","-","CAD","684.77","CLP"
"2597","RUENTEX ENGINEERING & CONSTRUCTION","Industrials","Equity","153,927.17","0.00","153,927.17","20,400.00","7.55","Taiwan","Taiwan Stock Exchange","CAD","22.80","TWD"
"OPA","OPTASIA LTD","Financials","Equity","154,103.19","0.00","154,103.19","122,848.00","1.25","South Africa","Johannesburg Stock Exchange","CAD","11.63","ZAR"
"MGL","MAHANAGAR GAS","Utilities","Equity","154,246.84","0.00","154,246.84","9,877.00","15.62","India","National Stock Exchange Of India","CAD","68.59","INR"
"KIRLPNU","KIRLOSKAR PNEUMATIC CO LTD","Industrials","Equity","154,281.21","0.00","154,281.21","15,252.00","10.12","India","National Stock Exchange Of India","CAD","68.59","INR"
"RPOWER","RELIANCE POWER LTD","Utilities","Equity","153,440.24","0.00","153,440.24","499,996.00","0.31","India","National Stock Exchange Of India","CAD","68.59","INR"
"601901","FOUNDER SECURITIES LTD A","Financials","Equity","153,476.02","0.00","153,476.02","109,000.00","1.41","China","Shanghai Stock Exchange","CAD","4.80","CNY"
"002236","ZHEJIANG DAHUA TECHNOLOGY LTD A","Information Technology","Equity","153,499.18","0.00","153,499.18","46,900.00","3.27","China","Shenzhen Stock Exchange","CAD","4.80","CNY"
"CHOICEIN","CHOICE INTERNATIONAL LTD","Financials","Equity","153,532.74","0.00","153,532.74","14,270.00","10.76","India","National Stock Exchange Of India","CAD","68.59","INR"
"SRE","SALHIYA REAL EST","Real Estate","Equity","153,642.27","0.00","153,642.27","91,315.00","1.68","Kuwait","Kuwait Stock Exchange","CAD","0.22","KWD"
"600221","HAINAN AIRLINES HOLDING LTD A","Industrials","Equity","152,996.04","0.00","152,996.04","596,300.00","0.26","China","Shanghai Stock Exchange","CAD","4.80","CNY"
"VGI.R","VGI NON-VOTING DR PCL","Communication","Equity","153,126.27","0.00","153,126.27","3,690,300.00","0.04","Thailand","Stock Exchange Of Thailand","CAD","23.86","THB"
"5469","HANNSTAR BOARD CORP","Information Technology","Equity","153,204.21","0.00","153,204.21","47,840.00","3.20","Taiwan","Taiwan Stock Exchange","CAD","22.80","TWD"
"CANHLIFE","CANARA HSBC ORIENTAL BANK OF COMME","Financials","Equity","153,414.56","0.00","153,414.56","67,734.00","2.26","India","National Stock Exchange Of India","CAD","68.59","INR"
"600585","ANHUI CONCH CEMENT A","Materials","Equity","152,653.73","0.00","152,653.73","43,200.00","3.53","China","Shanghai Stock Exchange","CAD","4.80","CNY"
"JPG","JOHOR PLANTATIONS GROUP","Consumer Staples","Equity","152,699.21","0.00","152,699.21","234,300.00","0.65","Malaysia","Bursa Malaysia","CAD","2.93","MYR"
"600029","CHINA SOUTHERN AIRLINES LTD A","Industrials","Equity","152,879.02","0.00","152,879.02","150,800.00","1.01","China","Shanghai Stock Exchange","CAD","4.80","CNY"
"601216","INNER MONGOLIA JUNZHENG ENERGY & C","Materials","Equity","152,114.92","0.00","152,114.92","157,500.00","0.97","China","Shanghai Stock Exchange","CAD","4.80","CNY"
"8086","ADVANCED WIRELESS SEMICONDUCTOR","Information Technology","Equity","151,610.90","0.00","151,610.90","32,000.00","4.74","Taiwan","Gretai Securities Market","CAD","22.80","TWD"
"SOKM.E","SOK MARKETLER TICARET","Consumer Staples","Equity","151,768.91","0.00","151,768.91","92,419.00","1.64","Turkey","Istanbul Stock Exchange","CAD","34.80","TRY"
"688187","ZHUZHOU CRRC TIMES ELECTRIC LTD A","Industrials","Equity","151,775.20","0.00","151,775.20","16,194.00","9.37","China","Shanghai Stock Exchange","CAD","4.80","CNY"
"ECOWLD","ECO WORLD DEVELOPMENT GROUP","Real Estate","Equity","151,854.01","0.00","151,854.01","229,400.00","0.66","Malaysia","Bursa Malaysia","CAD","2.93","MYR"
"4020","SAUDI REAL ESTATE","Real Estate","Equity","151,911.62","0.00","151,911.62","26,391.00","5.76","Saudi Arabia","Saudi Stock Exchange","CAD","2.69","SAR"
"IFCI","IFCI LTD","Financials","Equity","151,274.94","0.00","151,274.94","134,601.00","1.12","India","National Stock Exchange Of India","CAD","68.59","INR"
"APX","APEX MINING CLASS A INC","Materials","Equity","151,284.90","0.00","151,284.90","370,400.00","0.41","Philippines","Philippine Stock Exchange Inc.","CAD","44.85","PHP"
"601058","SAILUN GROUP A","Consumer Discretionary","Equity","151,417.16","0.00","151,417.16","52,600.00","2.88","China","Shanghai Stock Exchange","CAD","4.80","CNY"
"AKSEN.E","AKSA ENERJI URETIM A","Utilities","Equity","151,450.48","0.00","151,450.48","76,944.00","1.97","Turkey","Istanbul Stock Exchange","CAD","34.80","TRY"
"BAATABAK","PHILIP MORRIS","Consumer Staples","Equity","150,546.10","0.00","150,546.10","122.00","1,233.98","Czech Republic","Prague Stock Exchange","CAD","15.14","CZK"
"GMDCLTD","GUJARAT MINERAL DEVELOPMENT CORPOR","Energy","Equity","150,639.53","0.00","150,639.53","18,816.00","8.01","India","National Stock Exchange Of India","CAD","68.59","INR"
"688019","ANJI MICROELECTRONICS TECHNOLOGY (","Information Technology","Equity","150,745.47","0.00","150,745.47","3,142.00","47.98","China","Shanghai Stock Exchange","CAD","4.80","CNY"
"300782","MAXSCEND MICROELECTRONICS LTD A","Information Technology","Equity","150,955.12","0.00","150,955.12","10,100.00","14.95","China","Shenzhen Stock Exchange","CAD","4.80","CNY"
"6177","DA-LI CONSTRUCTION LTD","Real Estate","Equity","150,988.27","0.00","150,988.27","72,231.00","2.09","Taiwan","Taiwan Stock Exchange","CAD","22.80","TWD"
"KEC","KEC INTERNATIONAL LTD","Industrials","Equity","150,992.91","0.00","150,992.91","25,767.00","5.86","India","National Stock Exchange Of India","CAD","68.59","INR"
"LABB","GENOMMA LAB INTERNATIONAL","Health Care","Equity","150,138.31","0.00","150,138.31","146,758.00","1.02","Mexico","Bolsa Mexicana De Valores","CAD","12.29","MXN"
"LAMDA","LAMDA DEVELOPMENT SA","Real Estate","Equity","150,190.41","0.00","150,190.41","14,781.00","10.16","Greece","Athens Exchange S.A. Cash Market","CAD","0.62","EUR"
"192080","DOUBLEU GAMES","Consumer Discretionary","Equity","150,237.27","0.00","150,237.27","2,524.00","59.52","Korea (South)","Korea Exchange (Stock Market)","CAD","987.85","KRW"
"300285","SHANDONG SINOCERA FUNCTIONAL MATER","Materials","Equity","150,315.55","0.00","150,315.55","10,900.00","13.79","China","Shenzhen Stock Exchange","CAD","4.80","CNY"
"RLX","RLX TECHNOLOGY AMERICAN DEPOSITARY","Consumer Staples","Equity","150,318.79","0.00","150,318.79","62,485.00","2.41","China","New York Stock Exchange Inc.","CAD","0.71","USD"
"DOHOL.E","DOGAN SIRKETLER GRUBU HOLDING A","Consumer Discretionary","Equity","150,401.85","0.00","150,401.85","250,919.00","0.60","Turkey","Istanbul Stock Exchange","CAD","34.80","TRY"
"2328","PAN-INTERNATIONAL INDUSTRIAL CORP","Information Technology","Equity","150,465.92","0.00","150,465.92","74,000.00","2.03","Taiwan","Taiwan Stock Exchange","CAD","22.80","TWD"
"ENERY.E","ENERYA ENERJI A.S.","Utilities","Equity","150,514.41","0.00","150,514.41","413,751.00","0.36","Turkey","Istanbul Stock Exchange","CAD","34.80","TRY"
"9985","WEILONG DELICIOUS GLOBAL HOLDINGS","Consumer Staples","Equity","149,701.09","0.00","149,701.09","121,000.00","1.24","China","Hong Kong Exchanges And Clearing Ltd","CAD","5.61","HKD"
"4150","ARRIYADH DEVELOPMENT","Real Estate","Equity","149,716.34","0.00","149,716.34","24,326.00","6.15","Saudi Arabia","Saudi Stock Exchange","CAD","2.69","SAR"
"601377","INDUSTRIAL SECURITIES LTD A","Financials","Equity","149,730.65","0.00","149,730.65","122,700.00","1.22","China","Shanghai Stock Exchange","CAD","4.80","CNY"
"AZZA3","AZZAS","Consumer Discretionary","Equity","149,776.44","0.00","149,776.44","37,289.00","4.02","Brazil","XBSP","CAD","3.69","BRL"
"036540","SFA SEMICON LTD","Information Technology","Equity","149,910.09","0.00","149,910.09","17,120.00","8.76","Korea (South)","Korea Exchange (Kosdaq)","CAD","987.85","KRW"
"322000","HD HYUNDAI ENERGY SOLUTIONS LTD","Information Technology","Equity","149,911.41","0.00","149,911.41","1,231.00","121.78","Korea (South)","Korea Exchange (Stock Market)","CAD","987.85","KRW"
"2696","SHANGHAI HENLIUS BIOTECH H","Health Care","Equity","149,918.58","0.00","149,918.58","14,400.00","10.41","China","Hong Kong Exchanges And Clearing Ltd","CAD","5.61","HKD"
"300454","SANGFOR TECHNOLOGIES INC A","Information Technology","Equity","149,115.07","0.00","149,115.07","5,200.00","28.68","China","Shenzhen Stock Exchange","CAD","4.80","CNY"
"3306","JNBY DESIGN LTD","Consumer Discretionary","Equity","149,348.11","0.00","149,348.11","38,500.00","3.88","China","Hong Kong Exchanges And Clearing Ltd","CAD","5.61","HKD"
"462870","SHIFT UP","Communication","Equity","149,391.79","0.00","149,391.79","4,730.00","31.58","Korea (South)","Korea Exchange (Stock Market)","CAD","987.85","KRW"
"BIMB","BANK ISLAM MALAYSIA","Financials","Equity","149,403.73","0.00","149,403.73","209,500.00","0.71","Malaysia","Bursa Malaysia","CAD","2.93","MYR"
"002027","FOCUS MEDIA INFORMATION TECHNOLOGY","Communication","Equity","149,406.69","0.00","149,406.69","153,700.00","0.97","China","Shenzhen Stock Exchange","CAD","4.80","CNY"
"ZENSARTECH","ZENSAR TECHNOLOGIES LTD","Information Technology","Equity","149,561.67","0.00","149,561.67","23,218.00","6.44","India","National Stock Exchange Of India","CAD","68.59","INR"
"CLEANMAX","CLEAN MAX ENVIRO ENERGY SOLUTIONS","Utilities","Equity","148,698.86","0.00","148,698.86","7,900.00","18.82","India","National Stock Exchange Of India","CAD","68.59","INR"
"1831","MAHARAH HUMAN RESOURCES CO","Industrials","Equity","148,735.83","0.00","148,735.83","92,045.00","1.62","Saudi Arabia","Saudi Stock Exchange","CAD","2.69","SAR"
"VTL","VARDHMAN TEXTILES LTD","Consumer Discretionary","Equity","148,759.83","0.00","148,759.83","18,179.00","8.18","India","National Stock Exchange Of India","CAD","68.59","INR"
"VOGL","VEDANTA OIL AND GAS LTD","Energy","Equity","148,797.83","0.00","148,797.83","293,037.00","0.51","India","National Stock Exchange Of India","CAD","68.59","INR"
"214370","CAREGEN LTD","Health Care","Equity","149,017.65","0.00","149,017.65","3,608.00","41.30","Korea (South)","Korea Exchange (Kosdaq)","CAD","987.85","KRW"
"9914","MERIDA INDUSTRY","Consumer Discretionary","Equity","148,276.86","0.00","148,276.86","50,000.00","2.97","Taiwan","Taiwan Stock Exchange","CAD","22.80","TWD"
"001979","CHINA MERCHANTS SHEKOU INDUSTRIAL","Real Estate","Equity","148,317.81","0.00","148,317.81","106,600.00","1.39","China","Shenzhen Stock Exchange","CAD","4.80","CNY"
"ANSGR.E","ANADOLU ANONIM TURK SIGORTA SIRKET","Financials","Equity","148,348.77","0.00","148,348.77","196,152.00","0.76","Turkey","Istanbul Stock Exchange","CAD","34.80","TRY"
"AP.R","AP THAILAND NON-VOTING DR PCL","Real Estate","Equity","148,457.25","0.00","148,457.25","440,000.00","0.34","Thailand","Stock Exchange Of Thailand","CAD","23.86","THB"
"4291","NATIONAL FOR LEARNING AND EDUCATIO","Consumer Discretionary","Equity","147,733.30","0.00","147,733.30","2,869.00","51.49","Saudi Arabia","Saudi Stock Exchange","CAD","2.69","SAR"
"000617","CNPC CAPITAL LTD A","Financials","Equity","147,737.49","0.00","147,737.49","104,000.00","1.42","China","Shenzhen Stock Exchange","CAD","4.80","CNY"
"002595","SHANDONG HIMILE MECHANICAL SCIENCE","Industrials","Equity","147,755.83","0.00","147,755.83","18,270.00","8.09","China","Shenzhen Stock Exchange","CAD","4.80","CNY"
"MERS","AL MEERA CONSUMER GOODS COMPANY","Consumer Staples","Equity","147,799.66","0.00","147,799.66","28,929.00","5.11","Qatar","Qatar Exchange","CAD","2.60","QAR"
"330590","LOTTE REIT LTD","Real Estate","Equity","148,008.63","0.00","148,008.63","36,690.00","4.03","Korea (South)","Korea Exchange (Stock Market)","CAD","987.85","KRW"
"1434","FORMOSA TAFFETA LTD","Consumer Discretionary","Equity","147,215.23","0.00","147,215.23","188,000.00","0.78","Taiwan","Taiwan Stock Exchange","CAD","22.80","TWD"
"6640","GALLANT MICRO MACHINING CO LTD","Information Technology","Equity","147,399.48","0.00","147,399.48","3,000.00","49.13","Taiwan","Gretai Securities Market","CAD","22.80","TWD"
"GNFC","GUJARAT NARMADA VALLEY FERTILIZERS","Materials","Equity","147,642.95","0.00","147,642.95","17,316.00","8.53","India","National Stock Exchange Of India","CAD","68.59","INR"
"601788","EVERBRIGHT SECURITIES LTD A","Financials","Equity","145,688.01","0.00","145,688.01","50,500.00","2.88","China","Shanghai Stock Exchange","CAD","4.80","CNY"
"2211","EVERGREEN STEEL CORP","Materials","Equity","144,789.28","0.00","144,789.28","41,000.00","3.53","Taiwan","Taiwan Stock Exchange","CAD","22.80","TWD"
"3788","HANKING GOLD INTERNATIONAL LTD","Materials","Equity","144,898.47","0.00","144,898.47","254,000.00","0.57","China","Hong Kong Exchanges And Clearing Ltd","CAD","5.61","HKD"
"1361","361 DEGREES INTERNATIONAL LTD","Consumer Discretionary","Equity","144,947.50","0.00","144,947.50","185,000.00","0.78","China","Hong Kong Exchanges And Clearing Ltd","CAD","5.61","HKD"
"CENTURYPLY","CENTURY PLYBOARDS INDIA LTD","Materials","Equity","144,528.04","0.00","144,528.04","13,789.00","10.48","India","National Stock Exchange Of India","CAD","68.59","INR"
"2374","ABILITY ENTERPRISE","Consumer Discretionary","Equity","144,558.71","0.00","144,558.71","49,330.00","2.93","Taiwan","Taiwan Stock Exchange","CAD","22.80","TWD"
"8200","SAUDI REINSURANCE","Financials","Equity","144,571.92","0.00","144,571.92","13,473.00","10.73","Saudi Arabia","Saudi Stock Exchange","CAD","2.69","SAR"
"688110","DOSILICON LTD A","Information Technology","Equity","144,596.00","0.00","144,596.00","6,000.00","24.10","China","Shanghai Stock Exchange","CAD","4.80","CNY"
"SPACE42","SPACE42 PLC","Communication","Equity","144,636.29","0.00","144,636.29","175,840.00","0.82","United Arab Emirates","Abu Dhabi Securities Exchange","CAD","2.63","AED"
"300395","HUBEI FEILIHUA QUARTZ GLASS LTD A","Materials","Equity","144,107.88","0.00","144,107.88","7,200.00","20.01","China","Shenzhen Stock Exchange","CAD","4.80","CNY"
"TVO.R","THAI VEGETABLE OIL NON-VOTING DR P","Consumer Staples","Equity","144,192.56","0.00","144,192.56","125,100.00","1.15","Thailand","Stock Exchange Of Thailand","CAD","23.86","THB"
"300136","SHENZHEN SUNWAY COMMUNICATION LTD","Information Technology","Equity","144,233.04","0.00","144,233.04","12,000.00","12.02","China","Shenzhen Stock Exchange","CAD","4.80","CNY"
"EMMVEE","EMMVEE PHOTOVOLTAIC POWER LTD","Information Technology","Equity","143,557.45","0.00","143,557.45","30,252.00","4.75","India","National Stock Exchange Of India","CAD","68.59","INR"
"031210","SEOUL GUARANTEE INSURANCE","Financials","Equity","142,849.07","0.00","142,849.07","3,336.00","42.82","Korea (South)","Korea Exchange (Stock Market)","CAD","987.85","KRW"
"JMFINANCIL","JM FINANCIAL LTD","Financials","Equity","143,022.84","0.00","143,022.84","80,078.00","1.79","India","National Stock Exchange Of India","CAD","68.59","INR"
"KRI","KRI KRI MILK INDUSTRY","Consumer Staples","Equity","143,288.57","0.00","143,288.57","2,736.00","52.37","Greece","Athens Exchange S.A. Cash Market","CAD","0.62","EUR"
"KSB","KSB LTD","Industrials","Equity","142,411.04","0.00","142,411.04","12,559.00","11.34","India","National Stock Exchange Of India","CAD","68.59","INR"
"001800","ORION HOLDINGS","Consumer Staples","Equity","142,600.35","0.00","142,600.35","5,797.00","24.60","Korea (South)","Korea Exchange (Stock Market)","CAD","987.85","KRW"
"5388","SERCOMM CORP","Information Technology","Equity","142,644.09","0.00","142,644.09","44,000.00","3.24","Taiwan","Taiwan Stock Exchange","CAD","22.80","TWD"
"7786","DONG FANG OFFSHORE LTD","Industrials","Equity","142,727.45","0.00","142,727.45","27,000.00","5.29","Taiwan","Taiwan Stock Exchange","CAD","22.80","TWD"
"300751","SUZHOU MAXWELL TECHNOLOGIES LTD A","Information Technology","Equity","142,733.22","0.00","142,733.22","3,500.00","40.78","China","Shenzhen Stock Exchange","CAD","4.80","CNY"
"688172","BEIJING YANDONG MICRO ELECTRONIC L","Information Technology","Equity","142,790.19","0.00","142,790.19","15,324.00","9.32","China","Shanghai Stock Exchange","CAD","4.80","CNY"
"RYSAS.E","REYSASIMACILIK VE LOJISTIK TICARET","Industrials","Equity","141,888.78","0.00","141,888.78","207,475.00","0.68","Turkey","Istanbul Stock Exchange","CAD","34.80","TRY"
"AAVAS","AAVAS FINANCIERS LTD","Financials","Equity","141,999.65","0.00","141,999.65","7,540.00","18.83","India","National Stock Exchange Of India","CAD","68.59","INR"
"AFCONS","AFCONS INFRASTRUCTURE","Industrials","Equity","142,104.47","0.00","142,104.47","36,466.00","3.90","India","National Stock Exchange Of India","CAD","68.59","INR"
"002517","KINGNET NETWORK LTD A","Communication","Equity","142,148.73","0.00","142,148.73","41,200.00","3.45","China","Shenzhen Stock Exchange","CAD","4.80","CNY"
"CAP","CAP","Materials","Equity","142,155.41","0.00","142,155.41","18,060.00","7.87","Chile","Santiago Stock Exchange","CAD","684.77","CLP"
"CMRY","CISARUA MOUNTAIN DAIRY","Consumer Staples","Equity","142,272.74","0.00","142,272.74","403,700.00","0.35","Indonesia","Indonesia Stock Exchange","CAD","12,683.66","IDR"
"666","REPT BATTERO ENERGY H","Industrials","Equity","141,461.41","0.00","141,461.41","87,200.00","1.62","China","Hong Kong Exchanges And Clearing Ltd","CAD","5.61","HKD"
"TABREED","TABREED","Utilities","Equity","141,680.62","0.00","141,680.62","155,022.00","0.91","United Arab Emirates","Dubai Financial Market","CAD","2.63","AED"
"THELEELA","LEELA PALACES HOTELS & RESORTS","Consumer Discretionary","Equity","141,778.03","0.00","141,778.03","18,349.00","7.73","India","National Stock Exchange Of India","CAD","68.59","INR"
"347","ANGANG STEEL LTD H","Materials","Equity","141,867.87","0.00","141,867.87","692,000.00","0.21","China","Hong Kong Exchanges And Clearing Ltd","CAD","5.61","HKD"
"000157","ZOOMLION HEAVY INDUSTRY SCIENCE AN","Industrials","Equity","140,960.56","0.00","140,960.56","109,700.00","1.28","China","Shenzhen Stock Exchange","CAD","4.80","CNY"
"9958","CENTURY IRON AND STEEL INDUSTRIAL","Materials","Equity","141,120.42","0.00","141,120.42","35,004.00","4.03","Taiwan","Taiwan Stock Exchange","CAD","22.80","TWD"
"600061","SDIC CAPITAL LTD A","Financials","Equity","141,259.69","0.00","141,259.69","109,400.00","1.29","China","Shanghai Stock Exchange","CAD","4.80","CNY"
"RLC","ROBINSONS LAND CORP","Real Estate","Equity","140,763.47","0.00","140,763.47","371,400.00","0.38","Philippines","Philippine Stock Exchange Inc.","CAD","44.85","PHP"
"4019","SPECIALIZED MEDICAL","Health Care","Equity","140,793.13","0.00","140,793.13","23,371.00","6.02","Saudi Arabia","Saudi Stock Exchange","CAD","2.69","SAR"
"002049","UNIGROUP GUOXIN MICROELECTRONICS L","Information Technology","Equity","140,840.20","0.00","140,840.20","11,300.00","12.46","China","Shenzhen Stock Exchange","CAD","4.80","CNY"
"600196","SHANGHAI FOSUN PHARMACEUTICAL (GRO","Health Care","Equity","140,841.24","0.00","140,841.24","31,000.00","4.54","China","Shanghai Stock Exchange","CAD","4.80","CNY"
"600741","HUAYU AUTOMOTIVE SYSTEMS LTD A","Consumer Discretionary","Equity","140,276.77","0.00","140,276.77","44,300.00","3.17","China","Shanghai Stock Exchange","CAD","4.80","CNY"
"AMAGI","AMAGI MEDIA LABS LTD","Communication","Equity","140,378.58","0.00","140,378.58","16,765.00","8.37","India","National Stock Exchange Of India","CAD","68.59","INR"
"002074","GOTION HIGH-TECH LTD A","Industrials","Equity","139,659.53","0.00","139,659.53","25,900.00","5.39","China","Shenzhen Stock Exchange","CAD","4.80","CNY"
"AADHARHFC","AADHAR HOUSING FINANCE LTD","Financials","Equity","139,697.34","0.00","139,697.34","20,416.00","6.84","India","National Stock Exchange Of India","CAD","68.59","INR"
"CLEAN","CLEAN SCIENCE AND TECHNOLOGY","Materials","Equity","139,918.65","0.00","139,918.65","11,589.00","12.07","India","National Stock Exchange Of India","CAD","68.59","INR"
"PCBL","PCBL CHEMICAL LTD","Materials","Equity","139,932.60","0.00","139,932.60","29,139.00","4.80","India","National Stock Exchange Of India","CAD","68.59","INR"
"MAVI.E","MAVI GIYIM SANAYI VE TICARET","Consumer Discretionary","Equity","139,007.35","0.00","139,007.35","128,251.00","1.08","Turkey","Istanbul Stock Exchange","CAD","34.80","TRY"
"MEZZAN","MEZZAN HOLDING CO","Consumer Staples","Equity","139,174.75","0.00","139,174.75","26,455.00","5.26","Kuwait","Kuwait Stock Exchange","CAD","0.22","KWD"
"005440","HYUNDAI G F HOLDINGS LTD","Industrials","Equity","139,201.40","0.00","139,201.40","10,521.00","13.23","Korea (South)","Korea Exchange (Stock Market)","CAD","987.85","KRW"
"4017","DR SOLIMAN ABDEL KADER FAKEEH HOSP","Health Care","Equity","139,320.28","0.00","139,320.28","10,005.00","13.93","Saudi Arabia","Saudi Stock Exchange","CAD","2.69","SAR"
"TSFINV","TSF INVESTMENTS LTD","Consumer Discretionary","Equity","139,383.49","0.00","139,383.49","21,439.00","6.50","India","National Stock Exchange Of India","CAD","68.59","INR"
"002532","TIANSHAN ALUMINUM GROUP LTD A","Materials","Equity","139,411.30","0.00","139,411.30","52,500.00","2.66","China","Shenzhen Stock Exchange","CAD","4.80","CNY"
"CBAV3","COMPANHIA BRASILEIRA DE ALUMINIO","Materials","Equity","138,546.43","0.00","138,546.43","45,611.00","3.04","Brazil","XBSP","CAD","3.69","BRL"
"6049","POLY PROPERTY SERVICES LTD H","Real Estate","Equity","138,758.83","0.00","138,758.83","29,000.00","4.78","China","Hong Kong Exchanges And Clearing Ltd","CAD","5.61","HKD"
"ULKER.E","ULKER BISKUVI SANAYI A","Consumer Staples","Equity","138,097.53","0.00","138,097.53","53,638.00","2.57","Turkey","Istanbul Stock Exchange","CAD","34.80","TRY"
"MI","MI TECHNOVATION","Information Technology","Equity","138,231.55","0.00","138,231.55","72,471.00","1.91","Malaysia","Bursa Malaysia","CAD","2.93","MYR"
"007810","KOREA CIRCUIT LTD","Information Technology","Equity","138,334.09","0.00","138,334.09","2,633.00","52.54","Korea (South)","Korea Exchange (Stock Market)","CAD","987.85","KRW"
"LU","LUFAX HLDG AMERICAN DEPOSITARY SHA","Financials","Equity","138,500.51","0.00","138,500.51","83,919.00","1.65","China","New York Stock Exchange Inc.","CAD","0.71","USD"
"3030","SAUDI CEMENT","Materials","Equity","137,753.96","0.00","137,753.96","13,376.00","10.30","Saudi Arabia","Saudi Stock Exchange","CAD","2.69","SAR"
"6078","HYGEIA HEALTHCARE HOLDINGS","Health Care","Equity","137,801.87","0.00","137,801.87","79,200.00","1.74","China","Hong Kong Exchanges And Clearing Ltd","CAD","5.61","HKD"
"4105","TTY BIOPHARM LTD","Health Care","Equity","137,923.80","0.00","137,923.80","40,000.00","3.45","Taiwan","Gretai Securities Market","CAD","22.80","TWD"
"420770","GIGAVIS LTD","Information Technology","Equity","137,065.98","0.00","137,065.98","1,354.00","101.23","Korea (South)","Korea Exchange (Kosdaq)","CAD","987.85","KRW"
"IIFLCAPS","IIFL CAPITAL SERVICES LTD","Financials","Equity","137,151.80","0.00","137,151.80","27,920.00","4.91","India","National Stock Exchange Of India","CAD","68.59","INR"
"GILLETTE","GILLETTE INDIA LTD","Consumer Staples","Equity","137,313.32","0.00","137,313.32","1,289.00","106.53","India","National Stock Exchange Of India","CAD","68.59","INR"
"FFB","FARM FRESH","Consumer Staples","Equity","137,333.17","0.00","137,333.17","206,400.00","0.67","Malaysia","Bursa Malaysia","CAD","2.93","MYR"
"8131","FORMOSA ADVANCED TECHNOLOGIES LTD","Information Technology","Equity","137,410.54","0.00","137,410.54","53,000.00","2.59","Taiwan","Taiwan Stock Exchange","CAD","22.80","TWD"
"GMAT3","GRUPO MATEUS","Consumer Staples","Equity","137,521.81","0.00","137,521.81","102,853.00","1.34","Brazil","XBSP","CAD","3.69","BRL"
"LACOMERUBC","LA COMER UBC","Consumer Staples","Equity","136,740.00","0.00","136,740.00","52,113.00","2.62","Mexico","Bolsa Mexicana De Valores","CAD","12.29","MXN"
"2081","ALKHORAYEF WATER & POWER TECHNOLOG","Utilities","Equity","137,046.12","0.00","137,046.12","3,943.00","34.76","Saudi Arabia","Saudi Stock Exchange","CAD","2.69","SAR"
"6993","BLUE MOON GROUP HOLDINGS LTD","Consumer Staples","Equity","136,280.87","0.00","136,280.87","205,500.00","0.66","China","Hong Kong Exchanges And Clearing Ltd","CAD","5.61","HKD"
"JUBLINGREA","JUBILANT INGREVIA LTD","Materials","Equity","136,282.80","0.00","136,282.80","14,762.00","9.23","India","National Stock Exchange Of India","CAD","68.59","INR"
"BRSAN.E","BORUSAN MANNESMANN BORU SANAYI VE","Materials","Equity","135,683.11","0.00","135,683.11","7,090.00","19.14","Turkey","Istanbul Stock Exchange","CAD","34.80","TRY"
"601618","METALLURGICAL CORP OF CHINA LTD A","Industrials","Equity","135,712.23","0.00","135,712.23","259,200.00","0.52","China","Shanghai Stock Exchange","CAD","4.80","CNY"
"000120","CJ LOGISTICS","Industrials","Equity","135,719.21","0.00","135,719.21","1,883.00","72.08","Korea (South)","Korea Exchange (Stock Market)","CAD","987.85","KRW"
"2897","O-BANK","Financials","Equity","135,719.39","0.00","135,719.39","275,000.00","0.49","Taiwan","Taiwan Stock Exchange","CAD","22.80","TWD"
"548","SHENZHEN EXPRESSWAY CORP LTD H","Industrials","Equity","135,756.75","0.00","135,756.75","114,000.00","1.19","China","Hong Kong Exchanges And Clearing Ltd","CAD","5.61","HKD"
"SAWAD.R","SRISAWAD CORPORATION PCL NON-VOTIN","Financials","Equity","135,813.48","0.00","135,813.48","142,120.00","0.96","Thailand","Stock Exchange Of Thailand","CAD","23.86","THB"
"VISL","VEDANTA IRON AND STEEL","Materials","Equity","135,938.75","0.00","135,938.75","293,037.00","0.46","India","National Stock Exchange Of India","CAD","68.59","INR"
"5439","FIRST HI-TEC ENTERPRISE LTD","Information Technology","Equity","136,015.50","0.00","136,015.50","13,000.00","10.46","Taiwan","Gretai Securities Market","CAD","22.80","TWD"
"SIMH3","SIMPAR","Industrials","Equity","136,085.17","0.00","136,085.17","67,715.00","2.01","Brazil","XBSP","CAD","3.69","BRL"
"FIBRAMQ12","MACQUARIE MEXICO REAL ESTATE MANAG","Real Estate","Equity","135,264.90","0.00","135,264.90","38,163.00","3.54","Mexico","Bolsa Mexicana De Valores","CAD","12.29","MXN"
"BOS","BANK OF SHARJAH","Financials","Equity","135,398.90","0.00","135,398.90","192,193.00","0.70","United Arab Emirates","Abu Dhabi Securities Exchange","CAD","2.63","AED"
"600027","HUADIAN POWER INTERNATIONAL CORP L","Utilities","Equity","135,406.01","0.00","135,406.01","135,800.00","1.00","China","Shanghai Stock Exchange","CAD","4.80","CNY"
"2233","WEST CHINA CEMENT LTD","Materials","Equity","135,432.30","0.00","135,432.30","428,000.00","0.32","China","Hong Kong Exchanges And Clearing Ltd","CAD","5.61","HKD"
"2648","ANJOY FOODS GROUP LTD CLASS H","Consumer Staples","Equity","135,446.56","0.00","135,446.56","12,600.00","10.75","China","Hong Kong Exchanges And Clearing Ltd","CAD","5.61","HKD"
"002601","LB GROUP LTD A","Materials","Equity","135,532.00","0.00","135,532.00","43,200.00","3.14","China","Shenzhen Stock Exchange","CAD","4.80","CNY"
"3983","CHINA BLUECHEMICAL LTD H","Materials","Equity","134,858.27","0.00","134,858.27","394,000.00","0.34","China","Hong Kong Exchanges And Clearing Ltd","CAD","5.61","HKD"
"JSWHL","JSW HOLDINGS LTD","Financials","Equity","134,870.75","0.00","134,870.75","830.00","162.49","India","National Stock Exchange Of India","CAD","68.59","INR"
"MAHLIFE","MAHINDRA LIFESPACE DEVELOPERS LTD","Real Estate","Equity","134,211.71","0.00","134,211.71","25,312.00","5.30","India","National Stock Exchange Of India","CAD","68.59","INR"
"570","CHINA TRADITIONAL CHI MEDICINE CO","Health Care","Equity","134,237.88","0.00","134,237.88","600,000.00","0.22","China","Hong Kong Exchanges And Clearing Ltd","CAD","5.61","HKD"
"006040","DONGWON INDUSTRIES LTD","Consumer Staples","Equity","133,719.10","0.00","133,719.10","3,649.00","36.65","Korea (South)","Korea Exchange (Stock Market)","CAD","987.85","KRW"
"7040","ETIHAD ATHEEB TELECOMMUNICATION","Communication","Equity","133,267.20","0.00","133,267.20","4,256.00","31.31","Saudi Arabia","Saudi Stock Exchange","CAD","2.69","SAR"
"INDGN","INDEGENE LTD","Health Care","Equity","133,269.63","0.00","133,269.63","15,448.00","8.63","India","National Stock Exchange Of India","CAD","68.59","INR"
"DTC","DUBAI TAXI COMPANY PJSC","Industrials","Equity","133,301.62","0.00","133,301.62","159,840.00","0.83","United Arab Emirates","Dubai Financial Market","CAD","2.63","AED"
"002850","SHENZHEN KEDALI INDUSTRY A","Consumer Discretionary","Equity","133,454.36","0.00","133,454.36","3,800.00","35.12","China","Shenzhen Stock Exchange","CAD","4.80","CNY"
"ANURAS","ANUPAM RASAYAN INDIA LTD","Materials","Equity","132,729.12","0.00","132,729.12","7,707.00","17.22","India","National Stock Exchange Of India","CAD","68.59","INR"
"MINDACORP","MINDA CORPORATION LTD","Consumer Discretionary","Equity","132,857.44","0.00","132,857.44","13,377.00","9.93","India","National Stock Exchange Of India","CAD","68.59","INR"
"2245","LYGEND RESOURCES & TECHNOLOGY CLS","Materials","Equity","132,954.33","0.00","132,954.33","45,200.00","2.94","China","Hong Kong Exchanges And Clearing Ltd","CAD","5.61","HKD"
"MAHSING","MAH SING GROUP","Real Estate","Equity","133,095.59","0.00","133,095.59","378,700.00","0.35","Malaysia","Bursa Malaysia","CAD","2.93","MYR"
"VEDPOWER","VEDANTA POWER","Utilities","Equity","132,478.34","0.00","132,478.34","293,037.00","0.45","India","National Stock Exchange Of India","CAD","68.59","INR"
"TABGD.E","TAB GIDA SANAYI VE TICARET AS","Consumer Discretionary","Equity","132,535.69","0.00","132,535.69","19,924.00","6.65","Turkey","Istanbul Stock Exchange","CAD","34.80","TRY"
"ALEC","ALEC HOLDINGS","Industrials","Equity","132,709.94","0.00","132,709.94","264,012.00","0.50","United Arab Emirates","Dubai Financial Market","CAD","2.63","AED"
"4340","AL RAJHI REIT UNITS","Real Estate","Equity","131,925.05","0.00","131,925.05","45,897.00","2.87","Saudi Arabia","Saudi Stock Exchange","CAD","2.69","SAR"
"173","K WAH INTERNATIONAL HOLDINGS LTD","Real Estate","Equity","131,946.21","0.00","131,946.21","371,000.00","0.36","China","Hong Kong Exchanges And Clearing Ltd","CAD","5.61","HKD"
"SJVN","SJVN LTD","Utilities","Equity","131,501.36","0.00","131,501.36","139,306.00","0.94","India","National Stock Exchange Of India","CAD","68.59","INR"
"HCC","HINDUSTAN CONSTRUCTION COMPANY LTD","Industrials","Equity","131,576.39","0.00","131,576.39","418,609.00","0.31","India","National Stock Exchange Of India","CAD","68.59","INR"
"HUF","HUF CASH","Cash and/or Derivatives","Cash","131,108.38","0.00","131,108.38","29,612,819.00","0.44","Hungary","-","CAD","225.87","HUF"
"688036","SHENZHEN TRANSSION HOLDINGS A","Information Technology","Equity","130,821.15","0.00","130,821.15","11,989.00","10.91","China","Shanghai Stock Exchange","CAD","4.80","CNY"
"BTS.R","BTS GROUP HOLDINGS NON-VOTING DR","Industrials","Equity","130,550.64","0.00","130,550.64","1,541,966.00","0.08","Thailand","Stock Exchange Of Thailand","CAD","23.86","THB"
"601231","UNIVERSAL SCIENTIFIC INDUSTRIAL (S","Information Technology","Equity","130,614.51","0.00","130,614.51","23,700.00","5.51","China","Shanghai Stock Exchange","CAD","4.80","CNY"
"IAM","INVERSIONES AGUAS METROPOLITANAS S","Utilities","Equity","130,640.78","0.00","130,640.78","93,618.00","1.40","Chile","Santiago Stock Exchange","CAD","684.77","CLP"
"OSP.R","OSOTSPA PCL NON-VOTING DR","Consumer Staples","Equity","130,706.92","0.00","130,706.92","192,500.00","0.68","Thailand","Stock Exchange Of Thailand","CAD","23.86","THB"
"TENNIND","TENNECO CLEAN AIR INDIA LTD","Consumer Discretionary","Equity","129,440.04","0.00","129,440.04","17,272.00","7.49","India","National Stock Exchange Of India","CAD","68.59","INR"
"KIRLOSBROS","KIRLOSKAR BROTHERS","Industrials","Equity","129,570.87","0.00","129,570.87","5,019.00","25.82","India","National Stock Exchange Of India","CAD","68.59","INR"
"4165","AL MAJED OUD CO","Consumer Staples","Equity","129,602.75","0.00","129,602.75","2,908.00","44.57","Saudi Arabia","Saudi Stock Exchange","CAD","2.69","SAR"
"301358","HUNAN YUNENG NEW ENERGY BATTERY MA","Industrials","Equity","129,717.75","0.00","129,717.75","11,700.00","11.09","China","Shenzhen Stock Exchange","CAD","4.80","CNY"
"OLECTRA","OLECTRA GREENTECH LTD","Industrials","Equity","129,803.72","0.00","129,803.72","7,506.00","17.29","India","National Stock Exchange Of India","CAD","68.59","INR"
"RGYAS.E","RONESANS GAYRIMENKUL YATIRIM AS","Real Estate","Equity","128,914.03","0.00","128,914.03","23,452.00","5.50","Turkey","Istanbul Stock Exchange","CAD","34.80","TRY"
"ZETRIX","ZETRIX AI","Industrials","Equity","129,276.34","0.00","129,276.34","1,546,400.00","0.08","Malaysia","Bursa Malaysia","CAD","2.93","MYR"
"2273","GUSHENGTANG HOLDINGS","Health Care","Equity","129,283.38","0.00","129,283.38","26,800.00","4.82","China","Hong Kong Exchanges And Clearing Ltd","CAD","5.61","HKD"
"6069","SY HOLDINGS GROUP LTD","Financials","Equity","129,298.00","0.00","129,298.00","122,000.00","1.06","China","Hong Kong Exchanges And Clearing Ltd","CAD","5.61","HKD"
"DXCO3","DEXCO SA","Materials","Equity","128,406.66","0.00","128,406.66","85,154.00","1.51","Brazil","XBSP","CAD","3.69","BRL"
"002966","BANK OF SUZHOU LTD A","Financials","Equity","128,652.65","0.00","128,652.65","68,300.00","1.88","China","Shenzhen Stock Exchange","CAD","4.80","CNY"
"CARLSBG","CARLSBERG BREWERY MALAYSIA","Consumer Staples","Equity","128,239.72","0.00","128,239.72","29,500.00","4.35","Malaysia","Bursa Malaysia","CAD","2.93","MYR"
"BAM.R","BANGKOK COMMERCIAL ASSET MANAGEMEN","Financials","Equity","127,576.41","0.00","127,576.41","454,300.00","0.28","Thailand","Stock Exchange Of Thailand","CAD","23.86","THB"
"IRCON","IRCON INTERNATIONAL LTD","Industrials","Equity","127,737.65","0.00","127,737.65","81,234.00","1.57","India","National Stock Exchange Of India","CAD","68.59","INR"
"2460","CHINA RESOURCES BEVERAGE HOLDINGS","Consumer Staples","Equity","127,042.52","0.00","127,042.52","99,600.00","1.28","China","Hong Kong Exchanges And Clearing Ltd","CAD","5.61","HKD"
"000625","CHONGQING CHANGAN AUTOMOBILE LTD A","Consumer Discretionary","Equity","127,222.91","0.00","127,222.91","85,300.00","1.49","China","Shenzhen Stock Exchange","CAD","4.80","CNY"
"HEXTAR","HEXTAR GLOBAL","Materials","Equity","126,750.53","0.00","126,750.53","476,238.00","0.27","Malaysia","Bursa Malaysia","CAD","2.93","MYR"
"688548","GUANGZHOU GUANGGANG GASES & ENERGY","Materials","Equity","126,783.63","0.00","126,783.63","20,026.00","6.33","China","Shanghai Stock Exchange","CAD","4.80","CNY"
"123","YUEXIU PROPERTY COMPANY","Real Estate","Equity","126,819.41","0.00","126,819.41","232,100.00","0.55","China","Hong Kong Exchanges And Clearing Ltd","CAD","5.61","HKD"
"8454","MOMO COM","Consumer Discretionary","Equity","126,164.74","0.00","126,164.74","11,550.00","10.92","Taiwan","Taiwan Stock Exchange","CAD","22.80","TWD"
"300390","CANMAX TECHNOLOGIES LTD A","Materials","Equity","126,348.89","0.00","126,348.89","11,500.00","10.99","China","Shenzhen Stock Exchange","CAD","4.80","CNY"
"297","SINOFERT HOLDINGS LTD","Materials","Equity","125,835.98","0.00","125,835.98","558,000.00","0.23","China","Hong Kong Exchanges And Clearing Ltd","CAD","5.61","HKD"
"300832","SHENZHEN NEW INDUSTRIES BIOMEDICAL","Health Care","Equity","125,927.31","0.00","125,927.31","12,300.00","10.24","China","Shenzhen Stock Exchange","CAD","4.80","CNY"
"751","SKYWORTH GROUP LTD","Consumer Discretionary","Equity","125,238.78","0.00","125,238.78","182,000.00","0.69","China","Hong Kong Exchanges And Clearing Ltd","CAD","5.61","HKD"
"000963","HUADONG MEDICINE A","Health Care","Equity","125,461.30","0.00","125,461.30","23,000.00","5.45","China","Shenzhen Stock Exchange","CAD","4.80","CNY"
"506","CHINA FOODS LTD","Consumer Staples","Equity","124,675.44","0.00","124,675.44","188,000.00","0.66","China","Hong Kong Exchanges And Clearing Ltd","CAD","5.61","HKD"
"BIRLACORPN","BIRLA LTD","Materials","Equity","124,806.99","0.00","124,806.99","10,554.00","11.83","India","National Stock Exchange Of India","CAD","68.59","INR"
"THYROCARE","THYROCARE TECHNOLOGIES","Health Care","Equity","124,931.07","0.00","124,931.07","15,323.00","8.15","India","National Stock Exchange Of India","CAD","68.59","INR"
"2285","CHERVON HOLDINGS LTD","Consumer Discretionary","Equity","124,948.55","0.00","124,948.55","27,400.00","4.56","China","Hong Kong Exchanges And Clearing Ltd","CAD","5.61","HKD"
"EMBDL","EMBASSY DEVELOPMENTS LTD","Real Estate","Equity","124,374.36","0.00","124,374.36","155,367.00","0.80","India","National Stock Exchange Of India","CAD","68.59","INR"
"CNH","CNH CASH","Cash and/or Derivatives","Cash","123,834.23","0.00","123,834.23","593,650.00","20.86","China","-","CAD","4.79","CNH"
"MATRIX","MATRIX CONCEPTS HOLDINGS","Real Estate","Equity","123,998.39","0.00","123,998.39","316,000.00","0.39","Malaysia","Bursa Malaysia","CAD","2.93","MYR"
"CVKMD.E","CVK MADEN ISLETMELERI SANAYI VE TI","Materials","Equity","123,325.06","0.00","123,325.06","303,312.00","0.41","Turkey","Istanbul Stock Exchange","CAD","34.80","TRY"
"TOWR","SARANA MENARA NUSANTARA","Communication","Equity","122,692.79","0.00","122,692.79","3,520,800.00","0.03","Indonesia","Indonesia Stock Exchange","CAD","12,683.66","IDR"
"JSWCEMENT","JSW CEMENT LTD","Materials","Equity","122,809.41","0.00","122,809.41","72,221.00","1.70","India","National Stock Exchange Of India","CAD","68.59","INR"
"1798","CHINA DATANG CORPORATION RENEWABLE","Utilities","Equity","122,145.78","0.00","122,145.78","662,000.00","0.18","China","Hong Kong Exchanges And Clearing Ltd","CAD","5.61","HKD"
"TRIDENT","TRIDENT LTD","Consumer Discretionary","Equity","122,172.41","0.00","122,172.41","363,092.00","0.34","India","National Stock Exchange Of India","CAD","68.59","INR"
"MGLU3","MAGAZINE LUIZA SA","Consumer Discretionary","Equity","122,335.25","0.00","122,335.25","77,905.00","1.57","Brazil","XBSP","CAD","3.69","BRL"
"688331","REMEGEN A","Health Care","Equity","122,345.70","0.00","122,345.70","5,139.00","23.81","China","Shanghai Stock Exchange","CAD","4.80","CNY"
"600845","SHANGHAI BAOSIGHT SOFTWARE LTD A","Information Technology","Equity","122,557.54","0.00","122,557.54","34,972.00","3.50","China","Shanghai Stock Exchange","CAD","4.80","CNY"
"CK.R","CH KARNCHANG NON-VOTING DR PCL","Industrials","Equity","122,577.40","0.00","122,577.40","164,300.00","0.75","Thailand","Stock Exchange Of Thailand","CAD","23.86","THB"
"002812","YUNNAN ENERGY NEW MATERIAL (GROUP)","Materials","Equity","121,900.53","0.00","121,900.53","12,200.00","9.99","China","Shenzhen Stock Exchange","CAD","4.80","CNY"
"4050","SAUDI AUTOMOTIVE SERVICES","Consumer Discretionary","Equity","121,980.97","0.00","121,980.97","7,619.00","16.01","Saudi Arabia","Saudi Stock Exchange","CAD","2.69","SAR"
"688387","CICT MOBILE COMMUNICATION TECHNOLO","Information Technology","Equity","120,265.96","0.00","120,265.96","47,219.00","2.55","China","Shanghai Stock Exchange","CAD","4.80","CNY"
"2556","MARKETINGFORCE MANAGEMENT LTD","Information Technology","Equity","120,565.41","0.00","120,565.41","13,300.00","9.07","China","Hong Kong Exchanges And Clearing Ltd","CAD","5.61","HKD"
"300058","BLUEFOCUS INTELLIGENT COMMUNICATIO","Communication","Equity","119,828.74","0.00","119,828.74","44,600.00","2.69","China","Shenzhen Stock Exchange","CAD","4.80","CNY"
"ACE","ACTION CONSTRUCTION EQUIPMENT LTD","Industrials","Equity","119,342.10","0.00","119,342.10","6,790.00","17.58","India","National Stock Exchange Of India","CAD","68.59","INR"
"002304","JIANGSU YANGHE BREWERY JOINT-STOCK","Consumer Staples","Equity","119,536.08","0.00","119,536.08","15,100.00","7.92","China","Shenzhen Stock Exchange","CAD","4.80","CNY"
"688047","LOONGSON TECHNOLOGY CORP LTD A","Information Technology","Equity","119,553.03","0.00","119,553.03","5,737.00","20.84","China","Shanghai Stock Exchange","CAD","4.80","CNY"
"KSL","KSL HOLDINGS","Real Estate","Equity","119,703.15","0.00","119,703.15","130,900.00","0.91","Malaysia","Bursa Malaysia","CAD","2.93","MYR"
"2520","KINDOM CONSTRUCTION LTD","Real Estate","Equity","118,955.33","0.00","118,955.33","72,600.00","1.64","Taiwan","Taiwan Stock Exchange","CAD","22.80","TWD"
"PWON","PAKUWON JATI","Real Estate","Equity","119,076.52","0.00","119,076.52","5,593,800.00","0.02","Indonesia","Indonesia Stock Exchange","CAD","12,683.66","IDR"
"2128","CHINA LESSO GROUP HOLDINGS LTD","Industrials","Equity","119,177.57","0.00","119,177.57","216,000.00","0.55","China","Hong Kong Exchanges And Clearing Ltd","CAD","5.61","HKD"
"688223","JINKO SOLAR LTD A","Information Technology","Equity","118,293.61","0.00","118,293.61","151,628.00","0.78","China","Shanghai Stock Exchange","CAD","4.80","CNY"
"UDCD","UNITED DEVELOPMENT","Real Estate","Equity","118,450.58","0.00","118,450.58","403,604.00","0.29","Qatar","Qatar Exchange","CAD","2.60","QAR"
"855","CHINA WATER AFFAIRS GROUP LTD","Utilities","Equity","118,722.98","0.00","118,722.98","158,000.00","0.75","China","Hong Kong Exchanges And Clearing Ltd","CAD","5.61","HKD"
"4007","AL HAMMADI HOLDING","Health Care","Equity","117,831.02","0.00","117,831.02","13,856.00","8.50","Saudi Arabia","Saudi Stock Exchange","CAD","2.69","SAR"
"UTIAMC","UTI ASSET MANAGEM LTD","Financials","Equity","117,478.59","0.00","117,478.59","8,971.00","13.10","India","National Stock Exchange Of India","CAD","68.59","INR"
"8415","BRIGHTON-BEST INTERNATION (TAIWAN)","Industrials","Equity","117,551.09","0.00","117,551.09","77,000.00","1.53","Taiwan","Gretai Securities Market","CAD","22.80","TWD"
"CERA","CERA SANITARYWARE LTD","Industrials","Equity","116,987.57","0.00","116,987.57","1,435.00","81.52","India","National Stock Exchange Of India","CAD","68.59","INR"
"TANLA","TANLA PLATFORMS LTD","Information Technology","Equity","117,029.14","0.00","117,029.14","16,212.00","7.22","India","National Stock Exchange Of India","CAD","68.59","INR"
"2903","FAR EASTERN DEPARTMENT STORES LTD","Consumer Discretionary","Equity","117,044.40","0.00","117,044.40","121,000.00","0.97","Taiwan","Taiwan Stock Exchange","CAD","22.80","TWD"
"2820","CHINA BILLS FINANCE CORP","Financials","Equity","117,123.37","0.00","117,123.37","153,000.00","0.77","Taiwan","Taiwan Stock Exchange","CAD","22.80","TWD"
"688122","WESTERN SUPERCONDUCTING TECHNOLOGI","Materials","Equity","117,136.05","0.00","117,136.05","11,358.00","10.31","China","Shanghai Stock Exchange","CAD","4.80","CNY"
"069620","DAEWOONG PHARMACEUTICAL","Health Care","Equity","117,176.23","0.00","117,176.23","1,040.00","112.67","Korea (South)","Korea Exchange (Stock Market)","CAD","987.85","KRW"
"2040","SAUDI CERAMIC","Industrials","Equity","117,179.88","0.00","117,179.88","13,364.00","8.77","Saudi Arabia","Saudi Stock Exchange","CAD","2.69","SAR"
"012630","HDC HOLDINGS LTD","Industrials","Equity","116,437.85","0.00","116,437.85","4,268.00","27.28","Korea (South)","Korea Exchange (Stock Market)","CAD","987.85","KRW"
"6664","GROUP UP INDUSTRIAL","Industrials","Equity","116,515.78","0.00","116,515.78","8,000.00","14.56","Taiwan","Gretai Securities Market","CAD","22.80","TWD"
"6865","FLAT GLASS GROUP LTD H","Information Technology","Equity","116,754.87","0.00","116,754.87","114,000.00","1.02","China","Hong Kong Exchanges And Clearing Ltd","CAD","5.61","HKD"
"PGHL","PROCTER & GAMBLE HEALTH LTD","Health Care","Equity","115,990.21","0.00","115,990.21","1,464.00","79.23","India","National Stock Exchange Of India","CAD","68.59","INR"
"2507","CIRRUS AIRCRAFT LTD","Industrials","Equity","116,107.75","0.00","116,107.75","15,000.00","7.74","China","Hong Kong Exchanges And Clearing Ltd","CAD","5.61","HKD"
"002920","HUIZHOU DESAY SV AUTOMOTIVE LTD A","Consumer Discretionary","Equity","116,238.77","0.00","116,238.77","6,600.00","17.61","China","Shenzhen Stock Exchange","CAD","4.80","CNY"
"601212","BAIYIN NONFERROUS GROUP LTD A","Materials","Equity","116,297.59","0.00","116,297.59","92,000.00","1.26","China","Shanghai Stock Exchange","CAD","4.80","CNY"
"002653","HAISCO PHARMACEUTICAL GROUP A","Health Care","Equity","115,809.89","0.00","115,809.89","8,900.00","13.01","China","Shenzhen Stock Exchange","CAD","4.80","CNY"
"1083","TOWNGAS SMART ENERGY LTD","Utilities","Equity","115,840.34","0.00","115,840.34","228,000.00","0.51","China","Hong Kong Exchanges And Clearing Ltd","CAD","5.61","HKD"
"FINEORG","FINE ORGANIC INDUSTRIES LTD","Materials","Equity","115,199.02","0.00","115,199.02","1,519.00","75.84","India","National Stock Exchange Of India","CAD","68.59","INR"
"NUHCM.E","NUH CIMENTO SANAYI A","Materials","Equity","115,272.02","0.00","115,272.02","19,112.00","6.03","Turkey","Istanbul Stock Exchange","CAD","34.80","TRY"
"301236","ISOFTSTONE INFORMATION TECHNOLOGY","Information Technology","Equity","114,874.33","0.00","114,874.33","15,100.00","7.61","China","Shenzhen Stock Exchange","CAD","4.80","CNY"
"6188","QUANTA STORAGE INC","Information Technology","Equity","114,050.35","0.00","114,050.35","42,000.00","2.72","Taiwan","Gretai Securities Market","CAD","22.80","TWD"
"119","POLY PPTY GROUP LTD","Real Estate","Equity","114,132.51","0.00","114,132.51","538,000.00","0.21","China","Hong Kong Exchanges And Clearing Ltd","CAD","5.61","HKD"
"GISS","GULF INTERNATIONAL SERVICES","Energy","Equity","114,258.21","0.00","114,258.21","167,101.00","0.68","Qatar","Qatar Exchange","CAD","2.60","QAR"
"281820","KC TECH LTD","Information Technology","Equity","113,506.22","0.00","113,506.22","1,553.00","73.09","Korea (South)","Korea Exchange (Stock Market)","CAD","987.85","KRW"
"BEEF3","MINERVA","Consumer Staples","Equity","113,692.54","0.00","113,692.54","110,027.00","1.03","Brazil","XBSP","CAD","3.69","BRL"
"000596","ANHUI GUJING DISTILLERY LTD A","Consumer Staples","Equity","113,842.39","0.00","113,842.39","5,900.00","19.30","China","Shenzhen Stock Exchange","CAD","4.80","CNY"
"003530","HANWHA SECURITIES & INVESTMENT LTD","Financials","Equity","113,877.13","0.00","113,877.13","24,455.00","4.66","Korea (South)","Korea Exchange (Stock Market)","CAD","987.85","KRW"
"TUYA","TUYA ADR REPRESENTING CLASS A","Information Technology","Equity","113,072.24","0.00","113,072.24","45,934.00","2.46","China","New York Stock Exchange Inc.","CAD","0.71","USD"
"TTEN3","TRES TENTOS AGROINDUSTRIAL SA","Consumer Staples","Equity","112,833.62","0.00","112,833.62","39,736.00","2.84","Brazil","XBSP","CAD","3.69","BRL"
"RAILTEL","RAILTEL CORP OF INDIA","Communication","Equity","112,910.10","0.00","112,910.10","29,874.00","3.78","India","National Stock Exchange Of India","CAD","68.59","INR"
"NUVOCO","NUVOCO VISTAS LTD","Materials","Equity","112,945.08","0.00","112,945.08","24,286.00","4.65","India","National Stock Exchange Of India","CAD","68.59","INR"
"MBSB","MBSB","Financials","Equity","111,801.92","0.00","111,801.92","585,100.00","0.19","Malaysia","Bursa Malaysia","CAD","2.93","MYR"
"SKFINDIA","SKF INDIA LTD","Consumer Discretionary","Equity","111,183.60","0.00","111,183.60","4,949.00","22.47","India","National Stock Exchange Of India","CAD","68.59","INR"
"2543","HWANG CHANG GENERAL CONTRACTOR LTD","Industrials","Equity","111,200.80","0.00","111,200.80","64,996.00","1.71","Taiwan","Taiwan Stock Exchange","CAD","22.80","TWD"
"2607","EVERGREEN INTERNATIONAL STORAGE &","Industrials","Equity","111,273.45","0.00","111,273.45","47,500.00","2.34","Taiwan","Taiwan Stock Exchange","CAD","22.80","TWD"
"81","CHINA OVERSEAS GRAND OCEANS GROUP","Real Estate","Equity","111,369.31","0.00","111,369.31","228,000.00","0.49","China","Hong Kong Exchanges And Clearing Ltd","CAD","5.61","HKD"
"600588","YONYOU NETWORK TECHNOLOGY LTD A","Information Technology","Equity","110,977.30","0.00","110,977.30","56,900.00","1.95","China","Shanghai Stock Exchange","CAD","4.80","CNY"
"195940","HK INNO.N CORP","Health Care","Equity","110,233.34","0.00","110,233.34","2,785.00","39.58","Korea (South)","Korea Exchange (Kosdaq)","CAD","987.85","KRW"
"SAREGAMA","SAREGAMA INDIA","Communication","Equity","109,828.69","0.00","109,828.69","15,398.00","7.13","India","National Stock Exchange Of India","CAD","68.59","INR"
"KOSSAN","KOSSAN RUBBER INDUSTRIES","Health Care","Equity","109,858.34","0.00","109,858.34","268,300.00","0.41","Malaysia","Bursa Malaysia","CAD","2.93","MYR"
"6491","PEGAVISION CORPORATION","Health Care","Equity","110,069.55","0.00","110,069.55","6,257.00","17.59","Taiwan","Taiwan Stock Exchange","CAD","22.80","TWD"
"RATEGAIN","RATEGAIN TRAVEL TECHNOLOGY","Information Technology","Equity","109,176.54","0.00","109,176.54","8,653.00","12.62","India","National Stock Exchange Of India","CAD","68.59","INR"
"300316","ZHEJIANG JINGSHENG MECHANICAL & EL","Information Technology","Equity","109,447.23","0.00","109,447.23","13,000.00","8.42","China","Shenzhen Stock Exchange","CAD","4.80","CNY"
"ALARK.E","ALARKO HOLDING A INC","Industrials","Equity","108,706.35","0.00","108,706.35","34,549.00","3.15","Turkey","Istanbul Stock Exchange","CAD","34.80","TRY"
"601878","ZHESHANG SECURITIES LTD A","Financials","Equity","108,833.54","0.00","108,833.54","58,100.00","1.87","China","Shanghai Stock Exchange","CAD","4.80","CNY"
"-","HEG LTD","Industrials","Equity","108,923.72","0.00","108,923.72","15,956.00","6.83","India","National Stock Exchange Of India","CAD","68.59","INR"
"ASHAPURMIN","ASHAPURA MINECHEM LTD","Materials","Equity","108,933.58","0.00","108,933.58","14,436.00","7.55","India","National Stock Exchange Of India","CAD","68.59","INR"
"601162","TIANFENG SECURITIES LTD A","Financials","Equity","109,015.02","0.00","109,015.02","146,800.00","0.74","China","Shanghai Stock Exchange","CAD","4.80","CNY"
"RIPLEY","RIPLEY CORPORATION CORP SA","Consumer Discretionary","Equity","109,111.67","0.00","109,111.67","169,041.00","0.65","Chile","Santiago Stock Exchange","CAD","684.77","CLP"
"4961","FITIPOWER INTEGRATED TECHNOLOGY IN","Information Technology","Equity","108,384.68","0.00","108,384.68","13,650.00","7.94","Taiwan","Taiwan Stock Exchange","CAD","22.80","TWD"
"BATAINDIA","BATA INDIA LTD","Consumer Discretionary","Equity","108,427.29","0.00","108,427.29","11,682.00","9.28","India","National Stock Exchange Of India","CAD","68.59","INR"
"600580","WOLONG ELECTRIC DRIVE GROUP LTD A","Industrials","Equity","108,497.69","0.00","108,497.69","19,200.00","5.65","China","Shanghai Stock Exchange","CAD","4.80","CNY"
"1904","CHENG LOONG CORP","Materials","Equity","108,575.51","0.00","108,575.51","99,000.00","1.10","Taiwan","Taiwan Stock Exchange","CAD","22.80","TWD"
"166090","HANA MATERIALS INC","Information Technology","Equity","108,597.15","0.00","108,597.15","1,994.00","54.46","Korea (South)","Korea Exchange (Kosdaq)","CAD","987.85","KRW"
"HAPV3","HAPVIDA PARTICIPACOES E INVESTIMEN","Health Care","Equity","108,609.61","0.00","108,609.61","62,670.00","1.73","Brazil","XBSP","CAD","3.69","BRL"
"HAPPSTMNDS","HAPPIEST MINDS TECHNOLOGIES PVT","Information Technology","Equity","108,041.28","0.00","108,041.28","22,601.00","4.78","India","National Stock Exchange Of India","CAD","68.59","INR"
"3050","SOUTHERN PROVINCE CEMENT","Materials","Equity","108,143.91","0.00","108,143.91","15,641.00","6.91","Saudi Arabia","Saudi Stock Exchange","CAD","2.69","SAR"
"475830","ORUM THERAPEUTIC","Health Care","Equity","107,195.11","0.00","107,195.11","1,983.00","54.06","Korea (South)","Korea Exchange (Kosdaq)","CAD","987.85","KRW"
"RAKPROP","RAS AL KHAIMAH PROPERTIES","Real Estate","Equity","107,260.92","0.00","107,260.92","263,240.00","0.41","United Arab Emirates","Abu Dhabi Securities Exchange","CAD","2.63","AED"
"9887","NANJING LEADS BIOLABS LTD CLASS H","Health Care","Equity","107,336.83","0.00","107,336.83","10,800.00","9.94","China","Hong Kong Exchanges And Clearing Ltd","CAD","5.61","HKD"
"600438","TONGWEI LTD A","Information Technology","Equity","107,339.56","0.00","107,339.56","46,400.00","2.31","China","Shanghai Stock Exchange","CAD","4.80","CNY"
"CIMSA.E","CIMSA CIMENTO SANAYII VE TICARET A","Materials","Equity","107,368.12","0.00","107,368.12","88,754.00","1.21","Turkey","Istanbul Stock Exchange","CAD","34.80","TRY"
"603659","SHANGHAI PUTAILAI NEW ENERGY TECHN","Materials","Equity","107,492.35","0.00","107,492.35","23,275.00","4.62","China","Shanghai Stock Exchange","CAD","4.80","CNY"
"002195","SHANGHAI STONEHILL TECHNOLOGY LTD","Information Technology","Equity","107,575.27","0.00","107,575.27","85,100.00","1.26","China","Shenzhen Stock Exchange","CAD","4.80","CNY"
"KANSAINER","KANSAI NEROLAC PAINTS LTD","Materials","Equity","107,609.67","0.00","107,609.67","40,072.00","2.69","India","National Stock Exchange Of India","CAD","68.59","INR"
"PASEU.E","PASIFIK EURASIA LOJISTIK DIS TICAR","Industrials","Equity","107,164.26","0.00","107,164.26","60,543.00","1.77","Turkey","Istanbul Stock Exchange","CAD","34.80","TRY"
"INDIACEM","INDIA CEMENTS LTD","Materials","Equity","106,464.31","0.00","106,464.31","20,764.00","5.13","India","National Stock Exchange Of India","CAD","68.59","INR"
"300919","CNGR ADVANCED MATERIAL A","Industrials","Equity","106,513.05","0.00","106,513.05","13,620.00","7.82","China","Shenzhen Stock Exchange","CAD","4.80","CNY"
"1030","SEAZEN GROUP LTD","Real Estate","Equity","106,577.39","0.00","106,577.39","424,000.00","0.25","China","Hong Kong Exchanges And Clearing Ltd","CAD","5.61","HKD"
"WEWORK","WEWORK INDIA MANAGEMENT LTD","Real Estate","Equity","106,688.89","0.00","106,688.89","10,717.00","9.96","India","National Stock Exchange Of India","CAD","68.59","INR"
"4220","EMAAR THE ECONOMIC CITY","Real Estate","Equity","105,947.64","0.00","105,947.64","29,457.00","3.60","Saudi Arabia","Saudi Stock Exchange","CAD","2.69","SAR"
"1672","ASCLETIS PHARMA","Health Care","Equity","105,997.12","0.00","105,997.12","73,000.00","1.45","China","Hong Kong Exchanges And Clearing Ltd","CAD","5.61","HKD"
"2023","YIEH PHUI ENTERPRISE","Materials","Equity","106,053.14","0.00","106,053.14","176,460.00","0.60","Taiwan","Taiwan Stock Exchange","CAD","22.80","TWD"
"YATHARTH","YATHARTH HOSPITAL & TRAUMA CARE SE","Health Care","Equity","105,343.67","0.00","105,343.67","6,738.00","15.63","India","National Stock Exchange Of India","CAD","68.59","INR"
"600515","HAINAN AIRPORT INFRASTRUCTURE LTD","Real Estate","Equity","104,919.82","0.00","104,919.82","185,600.00","0.57","China","Shanghai Stock Exchange","CAD","4.80","CNY"
"SBFC","SBFC FINANCE LTD","Financials","Equity","104,556.38","0.00","104,556.38","76,852.00","1.36","India","National Stock Exchange Of India","CAD","68.59","INR"
"032350","LOTTE TOUR DEVELOPMENT LTD","Consumer Discretionary","Equity","104,602.32","0.00","104,602.32","8,862.00","11.80","Korea (South)","Korea Exchange (Stock Market)","CAD","987.85","KRW"
"NINV","NATIONAL INVESTMENTS","Financials","Equity","104,065.61","0.00","104,065.61","78,315.00","1.33","Kuwait","Kuwait Stock Exchange","CAD","0.22","KWD"
"819","TIANNENG POWER INTERNATIONAL","Consumer Discretionary","Equity","104,154.69","0.00","104,154.69","150,000.00","0.69","China","Hong Kong Exchanges And Clearing Ltd","CAD","5.61","HKD"
"CYD","CHINA YUCHAI INTERNATIONAL LTD","Industrials","Equity","104,239.54","0.00","104,239.54","2,159.00","48.28","China","New York Stock Exchange Inc.","CAD","0.71","USD"
"601777","CHONGQING QIANLI TECHNOLOGY A","Consumer Discretionary","Equity","103,351.16","0.00","103,351.16","62,400.00","1.66","China","Shanghai Stock Exchange","CAD","4.80","CNY"
"001203","DAZHONG MINING LTD A","Materials","Equity","103,391.84","0.00","103,391.84","21,300.00","4.85","China","Shenzhen Stock Exchange","CAD","4.80","CNY"
"2595","GENFLEET THERAPEUTICS (SHANGHAI) I","Health Care","Equity","103,397.04","0.00","103,397.04","23,200.00","4.46","China","Hong Kong Exchanges And Clearing Ltd","CAD","5.61","HKD"
"002558","GIANT NETWORK GROUP A","Communication","Equity","103,506.36","0.00","103,506.36","20,000.00","5.18","China","Shenzhen Stock Exchange","CAD","4.80","CNY"
"600570","HUNDSUN TECHNOLOGIES A","Information Technology","Equity","103,726.01","0.00","103,726.01","24,900.00","4.17","China","Shanghai Stock Exchange","CAD","4.80","CNY"
"POWERMECH","POWER MECH PROJECTS LTD","Industrials","Equity","103,799.56","0.00","103,799.56","3,044.00","34.10","India","National Stock Exchange Of India","CAD","68.59","INR"
"MXN","MXN CASH","Cash and/or Derivatives","Cash","102,891.41","0.00","102,891.41","1,264,226.00","8.14","Mexico","-","CAD","12.29","MXN"
"532808","PEARL GLOBAL INDUSTRIES LTD","Consumer Discretionary","Equity","102,856.28","0.00","102,856.28","6,172.00","16.66","India","Bse Ltd","CAD","68.59","INR"
"TRIVENI","TRIVENI ENGINEERING AND INDUSTRIES","Consumer Staples","Equity","102,983.25","0.00","102,983.25","30,389.00","3.39","India","National Stock Exchange Of India","CAD","68.59","INR"
"SCI","SHIPPING CORPORATION OF INDIA LTD","Industrials","Equity","103,035.69","0.00","103,035.69","26,176.00","3.94","India","National Stock Exchange Of India","CAD","68.59","INR"
"JLHL","JUPITER LIFE LINE HOSPITALS LTD","Health Care","Equity","103,114.18","0.00","103,114.18","25,465.00","4.05","India","National Stock Exchange Of India","CAD","68.59","INR"
"SMU","SMU","Consumer Staples","Equity","103,124.02","0.00","103,124.02","600,987.00","0.17","Chile","Santiago Stock Exchange","CAD","684.77","CLP"
"TSKB.E","TURKIYE SINAI KALKINMA BANKASI A","Financials","Equity","103,159.40","0.00","103,159.40","319,971.00","0.32","Turkey","Istanbul Stock Exchange","CAD","34.80","TRY"
"060370","LS MARINE SOLUTION LTD","Industrials","Equity","103,303.92","0.00","103,303.92","3,194.00","32.34","Korea (South)","Korea Exchange (Kosdaq)","CAD","987.85","KRW"
"IXIGO","LE TRAVENUES TECHNOLOGY","Consumer Discretionary","Equity","103,319.35","0.00","103,319.35","44,277.00","2.33","India","National Stock Exchange Of India","CAD","68.59","INR"
"ISMEN.E","IS YATIRIM MENKUL DEGERLER A","Financials","Equity","103,328.24","0.00","103,328.24","103,570.00","1.00","Turkey","Istanbul Stock Exchange","CAD","34.80","TRY"
"ELECON","ELECON ENGINEERING CO LTD","Industrials","Equity","102,445.77","0.00","102,445.77","16,949.00","6.04","India","National Stock Exchange Of India","CAD","68.59","INR"
"003380","HARIM HOLDINGS LTD","Consumer Staples","Equity","102,476.41","0.00","102,476.41","9,079.00","11.29","Korea (South)","Korea Exchange (Kosdaq)","CAD","987.85","KRW"
"525","GUANGSHEN RAILWAY LTD H","Industrials","Equity","102,619.78","0.00","102,619.78","246,000.00","0.42","China","Hong Kong Exchanges And Clearing Ltd","CAD","5.61","HKD"
"600418","ANHUI JIANGHUAI AUTOMOBILE CORP LT","Consumer Discretionary","Equity","102,682.81","0.00","102,682.81","25,400.00","4.04","China","Shanghai Stock Exchange","CAD","4.80","CNY"
"BBTC","THE BOMBAY BURMAH TRADING CORPORAT","Consumer Staples","Equity","102,823.66","0.00","102,823.66","5,040.00","20.40","India","National Stock Exchange Of India","CAD","68.59","INR"
"1302","BAWAN CO","Industrials","Equity","102,010.13","0.00","102,010.13","7,619.00","13.39","Saudi Arabia","Saudi Stock Exchange","CAD","2.69","SAR"
"300803","BEIJING COMPASS TECHNOLOGY DEVELOP","Financials","Equity","102,248.93","0.00","102,248.93","6,200.00","16.49","China","Shenzhen Stock Exchange","CAD","4.80","CNY"
"2208","CSBC","Industrials","Equity","101,410.54","0.00","101,410.54","121,667.00","0.83","Taiwan","Taiwan Stock Exchange","CAD","22.80","TWD"
"6605","DEPO AUTO PARTS INDUSTRIAL","Consumer Discretionary","Equity","101,424.88","0.00","101,424.88","17,000.00","5.97","Taiwan","Taiwan Stock Exchange","CAD","22.80","TWD"
"OTKAR.E","OTOKAR OTOMOTIV SAVUNMA SANAYI","Industrials","Equity","101,528.92","0.00","101,528.92","11,528.00","8.81","Turkey","Istanbul Stock Exchange","CAD","34.80","TRY"
"OYAKC.E","OYAK CIMENTO FABRIKALARI A.S.","Materials","Equity","101,624.03","0.00","101,624.03","173,195.00","0.59","Turkey","Istanbul Stock Exchange","CAD","34.80","TRY"
"3515","ASROCK","Information Technology","Equity","101,819.70","0.00","101,819.70","11,000.00","9.26","Taiwan","Taiwan Stock Exchange","CAD","22.80","TWD"
"9890","TANWAN INC","Communication","Equity","101,841.09","0.00","101,841.09","62,400.00","1.63","China","Hong Kong Exchanges And Clearing Ltd","CAD","5.61","HKD"
"1736","JOHNSON HEALTH TECH LTD","Consumer Discretionary","Equity","101,863.57","0.00","101,863.57","18,000.00","5.66","Taiwan","Taiwan Stock Exchange","CAD","22.80","TWD"
"FRACTAL","FRACTAL ANALYTICS LTD","Information Technology","Equity","100,956.73","0.00","100,956.73","9,224.00","10.95","India","National Stock Exchange Of India","CAD","68.59","INR"
"PRIVISCL","PRIVI SPECIALITY CHEMICALS LTD","Materials","Equity","101,223.28","0.00","101,223.28","1,989.00","50.89","India","National Stock Exchange Of India","CAD","68.59","INR"
"ABUK","ABU QIR FERTILIZERS AND CHEMICAL I","Materials","Equity","100,513.79","0.00","100,513.79","40,440.00","2.49","Egypt","Egyptian Exchange","CAD","37.24","EGP"
"SWANCORP","SWAN CORP LTD","Consumer Discretionary","Equity","100,916.57","0.00","100,916.57","23,886.00","4.22","India","National Stock Exchange Of India","CAD","68.59","INR"
"MTEL","DAYAMITRA TELEKOMUNIKASI","Communication","Equity","99,981.71","0.00","99,981.71","2,653,000.00","0.04","Indonesia","Indonesia Stock Exchange","CAD","12,683.66","IDR"
"9907","TON YI INDUSTRIAL CORP","Materials","Equity","100,343.51","0.00","100,343.51","153,000.00","0.66","Taiwan","Taiwan Stock Exchange","CAD","22.80","TWD"
"2540","JSL CONSTRUCTION & DEVELOPMENT CO","Real Estate","Equity","100,402.69","0.00","100,402.69","46,004.00","2.18","Taiwan","Taiwan Stock Exchange","CAD","22.80","TWD"
"FINPIPE","FINOLEX INDUSTRIES LTD","Materials","Equity","100,423.62","0.00","100,423.62","44,605.00","2.25","India","National Stock Exchange Of India","CAD","68.59","INR"
"1723","CHINA STEEL CHEMICAL CORP","Materials","Equity","99,494.65","0.00","99,494.65","28,000.00","3.55","Taiwan","Taiwan Stock Exchange","CAD","22.80","TWD"
"VINATIORGA","VINATI ORGANICS","Materials","Equity","99,749.46","0.00","99,749.46","5,475.00","18.22","India","National Stock Exchange Of India","CAD","68.59","INR"
"600918","ZHONGTAI SECURITIES LTD A","Financials","Equity","99,013.16","0.00","99,013.16","87,900.00","1.13","China","Shanghai Stock Exchange","CAD","4.80","CNY"
"HAPPYFORGE","HAPPY FORGINGS LTD","Industrials","Equity","99,328.50","0.00","99,328.50","3,179.00","31.25","India","National Stock Exchange Of India","CAD","68.59","INR"
"JSMR","JASA MARGA","Industrials","Equity","99,429.11","0.00","99,429.11","442,500.00","0.22","Indonesia","Indonesia Stock Exchange","CAD","12,683.66","IDR"
"ALPA4","SAO PAULO ALPARGATAS PREF","Consumer Discretionary","Equity","99,452.91","0.00","99,452.91","28,626.00","3.47","Brazil","XBSP","CAD","3.69","BRL"
"600143","KINGFA SCI&TECH LTD A","Materials","Equity","99,467.90","0.00","99,467.90","36,400.00","2.73","China","Shanghai Stock Exchange","CAD","4.80","CNY"
"5009","GLORIA MATERIAL TECHNOLOGY CORP","Materials","Equity","98,527.34","0.00","98,527.34","69,000.00","1.43","Taiwan","Gretai Securities Market","CAD","22.80","TWD"
"ACI","ARCHEAN CHEMICAL INDUSTRIES LTD","Materials","Equity","98,549.89","0.00","98,549.89","14,619.00","6.74","India","National Stock Exchange Of India","CAD","68.59","INR"
"6110","TOPSPORTS INTERNATIONAL HOLDINGS","Consumer Discretionary","Equity","98,745.96","0.00","98,745.96","574,000.00","0.17","China","Hong Kong Exchanges And Clearing Ltd","CAD","5.61","HKD"
"229640","LS ECO ENERGY LTD","Industrials","Equity","98,934.51","0.00","98,934.51","1,844.00","53.65","Korea (South)","Korea Exchange (Stock Market)","CAD","987.85","KRW"
"002294","SHENZHEN SALUBRIS PHARMACEUTICALS","Health Care","Equity","98,242.18","0.00","98,242.18","15,600.00","6.30","China","Shenzhen Stock Exchange","CAD","4.80","CNY"
"EUPWR.E","EUROPOWER ENERJI & OTOMASYON TEKNO","Industrials","Equity","98,369.37","0.00","98,369.37","60,377.00","1.63","Turkey","Istanbul Stock Exchange","CAD","34.80","TRY"
"BASF","BASF INDIA LTD","Materials","Equity","98,397.87","0.00","98,397.87","1,874.00","52.51","India","National Stock Exchange Of India","CAD","68.59","INR"
"PNB","PHIL NATIONAL BANK","Financials","Equity","98,491.80","0.00","98,491.80","57,040.00","1.73","Philippines","Philippine Stock Exchange Inc.","CAD","44.85","PHP"
"688375","GUOBO ELECTRONICS LTD A","Information Technology","Equity","97,592.85","0.00","97,592.85","6,722.00","14.52","China","Shanghai Stock Exchange","CAD","4.80","CNY"
"JKTYRE","JK TYRE AND INDUSTRIES","Consumer Discretionary","Equity","97,802.24","0.00","97,802.24","19,247.00","5.08","India","National Stock Exchange Of India","CAD","68.59","INR"
"694","BEIJING CAPITAL INTERNATIONAL AIRP","Industrials","Equity","97,228.87","0.00","97,228.87","360,000.00","0.27","China","Hong Kong Exchanges And Clearing Ltd","CAD","5.61","HKD"
"6146","SPORTON INTERNATIONAL INC","Industrials","Equity","97,283.66","0.00","97,283.66","12,600.00","7.72","Taiwan","Gretai Securities Market","CAD","22.80","TWD"
"439260","DAEHAN SHIPBUILDING LTD","Industrials","Equity","97,305.86","0.00","97,305.86","2,043.00","47.63","Korea (South)","Korea Exchange (Stock Market)","CAD","987.85","KRW"
"1330","DYNAGREEN ENVIRONMENTAL PROTECTION","Industrials","Equity","97,430.32","0.00","97,430.32","86,000.00","1.13","China","Hong Kong Exchanges And Clearing Ltd","CAD","5.61","HKD"
"2362","CLEVO","Information Technology","Equity","97,524.94","0.00","97,524.94","47,000.00","2.07","Taiwan","Taiwan Stock Exchange","CAD","22.80","TWD"
"1610","COFCO JOYCOME FOODS LTD","Consumer Staples","Equity","97,549.76","0.00","97,549.76","480,000.00","0.20","China","Hong Kong Exchanges And Clearing Ltd","CAD","5.61","HKD"
"300115","SHENZHEN EVERWIN PRECISION TECHNOL","Information Technology","Equity","96,786.16","0.00","96,786.16","18,800.00","5.15","China","Shenzhen Stock Exchange","CAD","4.80","CNY"
"6890","LAI YIH FOOTWEAR LTD","Consumer Discretionary","Equity","97,059.93","0.00","97,059.93","15,000.00","6.47","Taiwan","Taiwan Stock Exchange","CAD","22.80","TWD"
"4260","UNITED INTERNATIONAL TRANSPORTATIO","Industrials","Equity","96,183.22","0.00","96,183.22","8,634.00","11.14","Saudi Arabia","Saudi Stock Exchange","CAD","2.69","SAR"
"034230","PARADISE","Consumer Discretionary","Equity","96,369.65","0.00","96,369.65","9,784.00","9.85","Korea (South)","Korea Exchange (Stock Market)","CAD","987.85","KRW"
"301269","EMPYREAN TECHNOLOGY LTD A","Information Technology","Equity","96,388.57","0.00","96,388.57","5,400.00","17.85","China","Shenzhen Stock Exchange","CAD","4.80","CNY"
"688578","SHANGHAI ALLIST PHARMACEUTICALS LT","Health Care","Equity","95,639.49","0.00","95,639.49","4,658.00","20.53","China","Shanghai Stock Exchange","CAD","4.80","CNY"
"1405","DPC DASH LTD","Consumer Discretionary","Equity","95,713.57","0.00","95,713.57","18,200.00","5.26","China","Hong Kong Exchanges And Clearing Ltd","CAD","5.61","HKD"
"934","SINOPEC KANTONS HOLDINGS LTD","Energy","Equity","95,752.79","0.00","95,752.79","144,000.00","0.66","China","Hong Kong Exchanges And Clearing Ltd","CAD","5.61","HKD"
"AJMANBANK","AJMAN BANK","Financials","Equity","95,763.97","0.00","95,763.97","171,072.00","0.56","United Arab Emirates","Dubai Financial Market","CAD","2.63","AED"
"1811","CGN NEW ENERGY HOLDINGS LTD","Utilities","Equity","95,153.80","0.00","95,153.80","256,000.00","0.37","China","Hong Kong Exchanges And Clearing Ltd","CAD","5.61","HKD"
"AVANTIFEED","AVANTI FEEDS LTD","Consumer Staples","Equity","94,702.95","0.00","94,702.95","8,427.00","11.24","India","National Stock Exchange Of India","CAD","68.59","INR"
"002939","CHINA GREATWALL SECURITIES LTD A","Financials","Equity","94,736.27","0.00","94,736.27","58,300.00","1.62","China","Shenzhen Stock Exchange","CAD","4.80","CNY"
"HBSA3","HIDROVIAS DO BRASIL","Industrials","Equity","94,801.69","0.00","94,801.69","105,604.00","0.90","Brazil","XBSP","CAD","3.69","BRL"
"ABDL","ALLIED BLENDERS AND DISTILLERS LTD","Consumer Staples","Equity","94,804.48","0.00","94,804.48","9,957.00","9.52","India","National Stock Exchange Of India","CAD","68.59","INR"
"323","MAANSHAN IRON AND STEEL LTD H","Materials","Equity","94,298.10","0.00","94,298.10","304,000.00","0.31","China","Hong Kong Exchanges And Clearing Ltd","CAD","5.61","HKD"
"1448","FU SHOU YUAN INTERNATIONAL GROUP L","Consumer Discretionary","Equity","94,565.48","0.00","94,565.48","266,000.00","0.36","China","Hong Kong Exchanges And Clearing Ltd","CAD","5.61","HKD"
"2204","CHINA MOTOR","Consumer Discretionary","Equity","94,607.66","0.00","94,607.66","41,000.00","2.31","Taiwan","Taiwan Stock Exchange","CAD","22.80","TWD"
"4310","KNOWLEDGE ECONOMIC CITY","Real Estate","Equity","94,659.95","0.00","94,659.95","13,466.00","7.03","Saudi Arabia","Saudi Stock Exchange","CAD","2.69","SAR"
"2101","NAN KANG RUBBER TIRE CORP LTD","Consumer Discretionary","Equity","93,740.02","0.00","93,740.02","70,406.00","1.33","Taiwan","Taiwan Stock Exchange","CAD","22.80","TWD"
"MAXESTATES","MAX ESTATES LTD","Real Estate","Equity","94,134.93","0.00","94,134.93","11,179.00","8.42","India","National Stock Exchange Of India","CAD","68.59","INR"
"007310","OTOKI CORP","Consumer Staples","Equity","93,293.95","0.00","93,293.95","288.00","323.94","Korea (South)","Korea Exchange (Stock Market)","CAD","987.85","KRW"
"688027","QUANTUMCTEK LTD A","Information Technology","Equity","93,404.69","0.00","93,404.69","1,281.00","72.92","China","Shanghai Stock Exchange","CAD","4.80","CNY"
"6185","CANSINO BIOLOGICS H","Health Care","Equity","93,411.74","0.00","93,411.74","20,200.00","4.62","China","Hong Kong Exchanges And Clearing Ltd","CAD","5.61","HKD"
"1227","STANDARD FOODS CORP","Consumer Staples","Equity","92,782.71","0.00","92,782.71","75,000.00","1.24","Taiwan","Taiwan Stock Exchange","CAD","22.80","TWD"
"BTCIM.E","BATICIM BATI ANADOLU SANAYI VE TIC","Materials","Equity","93,050.13","0.00","93,050.13","1,041,241.00","0.09","Turkey","Istanbul Stock Exchange","CAD","34.80","TRY"
"BBOX","BLACK BOX LTD","Information Technology","Equity","92,312.68","0.00","92,312.68","8,262.00","11.17","India","National Stock Exchange Of India","CAD","68.59","INR"
"GSFC","GUJARAT STATE FERTILIZERS AND CHEM","Materials","Equity","92,392.58","0.00","92,392.58","41,620.00","2.22","India","National Stock Exchange Of India","CAD","68.59","INR"
"089860","LOTTE RENTAL LTD","Industrials","Equity","92,393.81","0.00","92,393.81","1,878.00","49.20","Korea (South)","Korea Exchange (Stock Market)","CAD","987.85","KRW"
"000559","WANXIANG QIANCHAO LTD A","Consumer Discretionary","Equity","91,958.37","0.00","91,958.37","41,200.00","2.23","China","Shenzhen Stock Exchange","CAD","4.80","CNY"
"BGRIM.R","B.GRIMM POWER PCL NON-VOTING DR","Utilities","Equity","92,192.70","0.00","92,192.70","117,000.00","0.79","Thailand","Stock Exchange Of Thailand","CAD","23.86","THB"
"IONEXCHANG","ION EXCHANGE INDIA LTD","Industrials","Equity","91,578.73","0.00","91,578.73","14,803.00","6.19","India","National Stock Exchange Of India","CAD","68.59","INR"
"2432","SHENZHEN DOBOT TECHNOLOGY CORP LTD","Industrials","Equity","90,823.96","0.00","90,823.96","24,400.00","3.72","China","Hong Kong Exchanges And Clearing Ltd","CAD","5.61","HKD"
"EMTK","ELANG MAHKOTA TEKNOLOGI","Communication","Equity","90,993.63","0.00","90,993.63","2,336,300.00","0.04","Indonesia","Indonesia Stock Exchange","CAD","12,683.66","IDR"
"APLLTD","ALEMBIC PHARMACEUTICALS LTD","Health Care","Equity","91,025.91","0.00","91,025.91","7,559.00","12.04","India","National Stock Exchange Of India","CAD","68.59","INR"
"000240","HANKOOK & COMPANY","Consumer Discretionary","Equity","91,104.49","0.00","91,104.49","3,651.00","24.95","Korea (South)","Korea Exchange (Stock Market)","CAD","987.85","KRW"
"3868","XINYI ENERGY HOLDINGS LTD","Utilities","Equity","91,185.49","0.00","91,185.49","660,000.00","0.14","China","Hong Kong Exchanges And Clearing Ltd","CAD","5.61","HKD"
"AED","AED CASH","Cash and/or Derivatives","Cash","90,745.36","0.00","90,745.36","238,297.00","38.08","United Arab Emirates","-","CAD","2.63","AED"
"SPINNEYS","SPINNEYS HOLDING PLC","Consumer Staples","Equity","90,334.75","0.00","90,334.75","189,775.00","0.48","United Arab Emirates","Dubai Financial Market","CAD","2.63","AED"
"5534","CHONG HONG CONSTRUCTION LTD","Real Estate","Equity","90,339.98","0.00","90,339.98","27,679.00","3.26","Taiwan","Taiwan Stock Exchange","CAD","22.80","TWD"
"1313","CHINA RES BUILD MATERIAL TECH HOLD","Materials","Equity","90,490.24","0.00","90,490.24","540,000.00","0.17","China","Hong Kong Exchanges And Clearing Ltd","CAD","5.61","HKD"
"PPA","PIRAEUS PORT AUTHORITY SA","Industrials","Equity","90,500.46","0.00","90,500.46","1,191.00","75.99","Greece","Athens Exchange S.A. Cash Market","CAD","0.62","EUR"
"6592","HOTAI FINANCE LTD","Financials","Equity","90,707.91","0.00","90,707.91","34,577.00","2.62","Taiwan","Taiwan Stock Exchange","CAD","22.80","TWD"
"INDIASHLTR","INDIA SHELTER FINANCE LTD","Financials","Equity","90,769.68","0.00","90,769.68","9,290.00","9.77","India","National Stock Exchange Of India","CAD","68.59","INR"
"SAFARI","SAFARI INDUSTRIES INDIA LTD","Consumer Discretionary","Equity","90,781.49","0.00","90,781.49","4,120.00","22.03","India","National Stock Exchange Of India","CAD","68.59","INR"
"077970","STX ENGINE LTD","Industrials","Equity","90,193.97","0.00","90,193.97","3,697.00","24.40","Korea (South)","Korea Exchange (Stock Market)","CAD","987.85","KRW"
"AFFIN","AFFIN BANK","Financials","Equity","89,493.13","0.00","89,493.13","129,200.00","0.69","Malaysia","Bursa Malaysia","CAD","2.93","MYR"
"GASMSIA","GAS MALAYSIA SDN","Utilities","Equity","88,893.95","0.00","88,893.95","52,000.00","1.71","Malaysia","Bursa Malaysia","CAD","2.93","MYR"
"1808","RUN LONG CONSTRUCTION LTD","Industrials","Equity","88,988.49","0.00","88,988.49","59,400.00","1.50","Taiwan","Taiwan Stock Exchange","CAD","22.80","TWD"
"KWIL","KWALITY WALL S (INDIA) LTD","Consumer Staples","Equity","89,208.63","0.00","89,208.63","153,322.00","0.58","India","National Stock Exchange Of India","CAD","68.59","INR"
"SAR","GR SARANTIS","Consumer Staples","Equity","89,223.78","0.00","89,223.78","4,479.00","19.92","Greece","Athens Exchange S.A. Cash Market","CAD","0.62","EUR"
"HCG","HEALTHCARE GLOBAL ENTERPRISES","Health Care","Equity","88,647.48","0.00","88,647.48","8,849.00","10.02","India","National Stock Exchange Of India","CAD","68.59","INR"
"ASTRAZEN","ASTRAZENECA PHARMA INDIA LTD","Health Care","Equity","87,989.32","0.00","87,989.32","905.00","97.23","India","National Stock Exchange Of India","CAD","68.59","INR"
"2190","ZYLOX-TONBRIDGE MEDICAL TECH H","Health Care","Equity","88,308.20","0.00","88,308.20","24,000.00","3.68","China","Hong Kong Exchanges And Clearing Ltd","CAD","5.61","HKD"
"600021","SHANGHAI ELECTRIC POWER LTD A","Utilities","Equity","87,669.59","0.00","87,669.59","31,600.00","2.77","China","Shanghai Stock Exchange","CAD","4.80","CNY"
"NOAH","NOAH HOLDINGS AMERICAN DEPOSITARY","Financials","Equity","87,856.90","0.00","87,856.90","7,755.00","11.33","China","New York Stock Exchange Inc.","CAD","0.71","USD"
"INGERRAND","INGERSOLL RAND INDIA LTD","Industrials","Equity","87,099.84","0.00","87,099.84","1,414.00","61.60","India","National Stock Exchange Of India","CAD","68.59","INR"
"VESUVIUS","VESUVIUS INDIA LTD","Industrials","Equity","87,239.31","0.00","87,239.31","14,960.00","5.83","India","National Stock Exchange Of India","CAD","68.59","INR"
"1231","LIAN HWA FOODS","Consumer Staples","Equity","87,266.15","0.00","87,266.15","25,022.00","3.49","Taiwan","Taiwan Stock Exchange","CAD","22.80","TWD"
"603486","ECOVACS ROBOTICS LTD A","Consumer Discretionary","Equity","87,377.56","0.00","87,377.56","8,500.00","10.28","China","Shanghai Stock Exchange","CAD","4.80","CNY"
"020560","ASIANA AIRLINES","Industrials","Equity","86,475.72","0.00","86,475.72","10,896.00","7.94","Korea (South)","Korea Exchange (Stock Market)","CAD","987.85","KRW"
"PRAJIND","PRAJ INDUSTRIES LTD","Industrials","Equity","86,518.05","0.00","86,518.05","18,715.00","4.62","India","National Stock Exchange Of India","CAD","68.59","INR"
"BIKAJI","BIKAJI FOODS INTERNATIONAL LTD","Consumer Staples","Equity","86,620.30","0.00","86,620.30","10,751.00","8.06","India","National Stock Exchange Of India","CAD","68.59","INR"
"RCL.R","REGIONAL CONTAINER LINES NON-VOTIN","Industrials","Equity","86,148.79","0.00","86,148.79","47,800.00","1.80","Thailand","Stock Exchange Of Thailand","CAD","23.86","THB"
"ESABINDIA","ESAB INDIA LTD","Industrials","Equity","85,760.58","0.00","85,760.58","1,047.00","81.91","India","National Stock Exchange Of India","CAD","68.59","INR"
"361610","SK IE TECHNOLOGY LTD","Industrials","Equity","85,071.81","0.00","85,071.81","5,236.00","16.25","Korea (South)","Korea Exchange (Stock Market)","CAD","987.85","KRW"
"579","BEIJING JINGNENG CLEAN ENERGY LTD","Utilities","Equity","85,220.55","0.00","85,220.55","296,000.00","0.29","China","Hong Kong Exchanges And Clearing Ltd","CAD","5.61","HKD"
"4009","MIDDLE EAST HEALTHCARE","Health Care","Equity","85,226.85","0.00","85,226.85","7,671.00","11.11","Saudi Arabia","Saudi Stock Exchange","CAD","2.69","SAR"
"GARFIBRES","GARWARE TECHNICAL FIBRES LTD","Consumer Discretionary","Equity","85,282.92","0.00","85,282.92","7,315.00","11.66","India","National Stock Exchange Of India","CAD","68.59","INR"
"2172","MICROPORT NEUROTECH CORP","Health Care","Equity","84,722.29","0.00","84,722.29","59,000.00","1.44","China","Hong Kong Exchanges And Clearing Ltd","CAD","5.61","HKD"
"BCH.R","BANGKOK CHAIN HOSPITAL NON-VOTING","Health Care","Equity","84,736.31","0.00","84,736.31","175,800.00","0.48","Thailand","Stock Exchange Of Thailand","CAD","23.86","THB"
"881","ZHONGSHENG GROUP HOLDINGS","Consumer Discretionary","Equity","84,962.95","0.00","84,962.95","153,000.00","0.56","China","Hong Kong Exchanges And Clearing Ltd","CAD","5.61","HKD"
"002738","SINOMINE RESOURCE GROUP LTD A","Materials","Equity","84,997.03","0.00","84,997.03","9,200.00","9.24","China","Shenzhen Stock Exchange","CAD","4.80","CNY"
"667","CHINA EAST EDUCATION HOLDINGS LTD","Consumer Discretionary","Equity","84,295.33","0.00","84,295.33","122,500.00","0.69","China","Hong Kong Exchanges And Clearing Ltd","CAD","5.61","HKD"
"1478","Q TECHNOLOGY (GROUP) LTD","Information Technology","Equity","84,473.60","0.00","84,473.60","90,000.00","0.94","China","Hong Kong Exchanges And Clearing Ltd","CAD","5.61","HKD"
"GLOBAL.R","SIAM GLOBAL HOUSE NON-VOTING DR PC","Consumer Discretionary","Equity","83,861.66","0.00","83,861.66","312,630.00","0.27","Thailand","Stock Exchange Of Thailand","CAD","23.86","THB"
"336","HUABAO INTERNATIONAL HOLDINGS","Materials","Equity","83,890.65","0.00","83,890.65","124,000.00","0.68","China","Hong Kong Exchanges And Clearing Ltd","CAD","5.61","HKD"
"002555","37 INTERACTIVE ENTERTAINMENT NETWO","Communication","Equity","83,892.09","0.00","83,892.09","23,100.00","3.63","China","Shenzhen Stock Exchange","CAD","4.80","CNY"
"300207","SUNWODA ELECTRONIC LTD A","Industrials","Equity","83,132.79","0.00","83,132.79","19,700.00","4.22","China","Shenzhen Stock Exchange","CAD","4.80","CNY"
"MONDE","MONDE NISSIN","Consumer Staples","Equity","83,192.64","0.00","83,192.64","552,000.00","0.15","Philippines","Philippine Stock Exchange Inc.","CAD","44.85","PHP"
"107","SICHUAN EXPRESS H","Industrials","Equity","83,247.10","0.00","83,247.10","98,000.00","0.85","China","Hong Kong Exchanges And Clearing Ltd","CAD","5.61","HKD"
"HRHO","EFG-HERMES HLDGS","Financials","Equity","82,929.56","0.00","82,929.56","121,621.00","0.68","Egypt","Egyptian Exchange","CAD","37.24","EGP"
"AGTHIA","AGTHIA GROUP","Consumer Staples","Equity","82,149.41","0.00","82,149.41","64,782.00","1.27","United Arab Emirates","Abu Dhabi Securities Exchange","CAD","2.63","AED"
"JKS","JINKOSOLAR HOLDING ADR REP","Information Technology","Equity","82,200.23","0.00","82,200.23","5,462.00","15.05","China","New York Stock Exchange Inc.","CAD","0.71","USD"
"SENCO","SENCO GOLD LTD","Consumer Discretionary","Equity","82,302.24","0.00","82,302.24","16,490.00","4.99","India","National Stock Exchange Of India","CAD","68.59","INR"
"RECV3","PETRORECONCAVO","Energy","Equity","82,355.49","0.00","82,355.49","27,064.00","3.04","Brazil","XBSP","CAD","3.69","BRL"
"NEWGEN","NEWGEN SOFTWARE TECHNOLOGIES LTD","Information Technology","Equity","82,588.45","0.00","82,588.45","11,573.00","7.14","India","National Stock Exchange Of India","CAD","68.59","INR"
"ASKAUTOLTD","ASK AUTOMOTIVE LTD","Consumer Discretionary","Equity","81,809.69","0.00","81,809.69","9,067.00","9.02","India","National Stock Exchange Of India","CAD","68.59","INR"
"UPP","UNION PROPERTIES","Industrials","Equity","81,879.27","0.00","81,879.27","362,588.00","0.23","United Arab Emirates","Dubai Financial Market","CAD","2.63","AED"
"FINV","FINVOLUTION GROUP ADR CLASS A","Financials","Equity","82,106.13","0.00","82,106.13","17,368.00","4.73","China","New York Stock Exchange Inc.","CAD","0.71","USD"
"GENP","GENTING PLANTATIONS","Consumer Staples","Equity","81,308.69","0.00","81,308.69","39,000.00","2.08","Malaysia","Bursa Malaysia","CAD","2.93","MYR"
"FRAS3","FRAS-LE SA","Consumer Discretionary","Equity","81,382.77","0.00","81,382.77","12,769.00","6.37","Brazil","XBSP","CAD","3.69","BRL"
"2722","CHONGQING MACHINERY & ELECTRIC LTD","Industrials","Equity","81,088.24","0.00","81,088.24","266,000.00","0.30","China","Hong Kong Exchanges And Clearing Ltd","CAD","5.61","HKD"
"1789","AK MEDICAL HOLDINGS LTD","Health Care","Equity","81,106.07","0.00","81,106.07","94,000.00","0.86","China","Hong Kong Exchanges And Clearing Ltd","CAD","5.61","HKD"
"-","TRIVENI POWER TRANSMISSION LIMITED","Consumer Staples","Equity","80,427.53","0.00","80,427.53","10,129.00","7.94","India","National Stock Exchange Of India","CAD","68.59","INR"
"JYOTHYLAB","JYOTHY LABS LTD","Consumer Staples","Equity","80,449.07","0.00","80,449.07","28,468.00","2.83","India","National Stock Exchange Of India","CAD","68.59","INR"
"SHAKTIPUMP","SHAKTI PUMPS INDIA LTD","Industrials","Equity","80,474.85","0.00","80,474.85","11,894.00","6.77","India","National Stock Exchange Of India","CAD","68.59","INR"
"MANORAMA","MANORAMA INDUSTRIES LTD","Consumer Staples","Equity","80,653.39","0.00","80,653.39","2,853.00","28.27","India","National Stock Exchange Of India","CAD","68.59","INR"
"005300","LOTTE CHILSUNG BEVERAGE LTD","Consumer Staples","Equity","79,844.07","0.00","79,844.07","832.00","95.97","Korea (South)","Korea Exchange (Stock Market)","CAD","987.85","KRW"
"4161","BINDAWOOD HOLDING","Consumer Staples","Equity","79,877.31","0.00","79,877.31","46,638.00","1.71","Saudi Arabia","Saudi Stock Exchange","CAD","2.69","SAR"
"6808","SUN ART RETAIL GROUP LTD","Consumer Staples","Equity","79,985.19","0.00","79,985.19","433,500.00","0.18","China","Hong Kong Exchanges And Clearing Ltd","CAD","5.61","HKD"
"RITES","RITES LTD","Industrials","Equity","80,012.80","0.00","80,012.80","26,395.00","3.03","India","National Stock Exchange Of India","CAD","68.59","INR"
"ARVINDFASN","ARVIND FASHIONS LTD","Consumer Discretionary","Equity","79,398.35","0.00","79,398.35","12,813.00","6.20","India","National Stock Exchange Of India","CAD","68.59","INR"
"517","COSCO SHIPPING INTERNATIONAL (HONG","Industrials","Equity","79,490.93","0.00","79,490.93","70,000.00","1.14","China","Hong Kong Exchanges And Clearing Ltd","CAD","5.61","HKD"
"6127","JOINN LABORATORIES (CHINA) CLASS H","Health Care","Equity","78,929.74","0.00","78,929.74","19,200.00","4.11","China","Hong Kong Exchanges And Clearing Ltd","CAD","5.61","HKD"
"6017","JAHEZ INTERNATIONAL","Consumer Discretionary","Equity","79,083.55","0.00","79,083.55","17,834.00","4.43","Saudi Arabia","Saudi Stock Exchange","CAD","2.69","SAR"
"DMC","DMCI HOLDINGS INC","Industrials","Equity","78,357.17","0.00","78,357.17","425,500.00","0.18","Philippines","Philippine Stock Exchange Inc.","CAD","44.85","PHP"
"4192","AL-SAIF STORES DEVELOPMENT AND INV","Consumer Discretionary","Equity","78,640.34","0.00","78,640.34","33,957.00","2.32","Saudi Arabia","Saudi Stock Exchange","CAD","2.69","SAR"
"BLA.R","BANGKOK LIFE ASSURANCE NON-VOTING","Financials","Equity","78,658.87","0.00","78,658.87","76,600.00","1.03","Thailand","Stock Exchange Of Thailand","CAD","23.86","THB"
"IGIL","INTERNATIONAL GEMOLOGICAL INSTITUT","Industrials","Equity","78,737.71","0.00","78,737.71","17,151.00","4.59","India","National Stock Exchange Of India","CAD","68.59","INR"
"6412","CHICONY POWER TECHNOLOGY LTD","Industrials","Equity","77,911.16","0.00","77,911.16","24,000.00","3.25","Taiwan","Taiwan Stock Exchange","CAD","22.80","TWD"
"CTRA","CIPUTRA DEVELOPMENT","Real Estate","Equity","77,942.22","0.00","77,942.22","1,661,500.00","0.05","Indonesia","Indonesia Stock Exchange","CAD","12,683.66","IDR"
"9699","HANGZHOU SF TONGCHENG INDUSTRIAL L","Industrials","Equity","77,948.53","0.00","77,948.53","51,200.00","1.52","China","Hong Kong Exchanges And Clearing Ltd","CAD","5.61","HKD"
"CONCORDBIO","CONCORD BIOTECH LTD","Health Care","Equity","77,514.45","0.00","77,514.45","3,639.00","21.30","India","National Stock Exchange Of India","CAD","68.59","INR"
"GALAXYSURF","GALAXY SURFACTANTS LTD","Materials","Equity","76,864.37","0.00","76,864.37","2,336.00","32.90","India","National Stock Exchange Of India","CAD","68.59","INR"
"AARTIPHARM","AARTI PHARMALABS LTD","Health Care","Equity","77,037.25","0.00","77,037.25","6,390.00","12.06","India","National Stock Exchange Of India","CAD","68.59","INR"
"TARIL","TRANSFORMERS AND RECTIFIERS INDIA","Industrials","Equity","77,070.68","0.00","77,070.68","19,154.00","4.02","India","National Stock Exchange Of India","CAD","68.59","INR"
"ITC.R","I-TAIL CORPORATION PUBLIC COMPANY","Consumer Staples","Equity","77,154.18","0.00","77,154.18","104,000.00","0.74","Thailand","Stock Exchange Of Thailand","CAD","23.86","THB"
"006120","SK DISCOVERY","Energy","Equity","77,163.49","0.00","77,163.49","1,342.00","57.50","Korea (South)","Korea Exchange (Stock Market)","CAD","987.85","KRW"
"ALEFEDT","ALEF EDUCATION HOLDING PLC","Consumer Discretionary","Equity","77,227.25","0.00","77,227.25","208,212.00","0.37","United Arab Emirates","Abu Dhabi Securities Exchange","CAD","2.63","AED"
"4018","ALMOOSA HEALTH CO","Health Care","Equity","77,237.20","0.00","77,237.20","1,758.00","43.93","Saudi Arabia","Saudi Stock Exchange","CAD","2.69","SAR"
"1052","YUEXIU TRANSPORT INFRASTRUCTURE LT","Industrials","Equity","77,241.16","0.00","77,241.16","128,000.00","0.60","China","Hong Kong Exchanges And Clearing Ltd","CAD","5.61","HKD"
"2158","YIDU TECH INC","Health Care","Equity","76,485.29","0.00","76,485.29","124,000.00","0.62","China","Hong Kong Exchanges And Clearing Ltd","CAD","5.61","HKD"
"TTW.R","TTW PUBLIC COMPANY LIMITED NON-VOT","Utilities","Equity","75,775.23","0.00","75,775.23","179,000.00","0.42","Thailand","Stock Exchange Of Thailand","CAD","23.86","THB"
"LYDHO.E","LYDIA HOLDING A.S.","Real Estate","Equity","75,864.90","0.00","75,864.90","25,265.00","3.00","Turkey","Istanbul Stock Exchange","CAD","34.80","TRY"
"5314","MYSON CENTURY INC","Information Technology","Equity","75,868.42","0.00","75,868.42","62,322.00","1.22","Taiwan","Gretai Securities Market","CAD","22.80","TWD"
"MAPA","MAP AKTIF ADIPERKASA","Consumer Discretionary","Equity","74,974.42","0.00","74,974.42","1,430,000.00","0.05","Indonesia","Indonesia Stock Exchange","CAD","12,683.66","IDR"
"2501","CATHAY REAL ESTATE DEVELOPMENT LTD","Real Estate","Equity","75,103.55","0.00","75,103.55","80,000.00","0.94","Taiwan","Taiwan Stock Exchange","CAD","22.80","TWD"
"BA.R","BANGKOK AIRWAYS NON-VOTING DR","Industrials","Equity","74,621.77","0.00","74,621.77","94,200.00","0.79","Thailand","Stock Exchange Of Thailand","CAD","23.86","THB"
"SFL","SHEELA FOAM","Consumer Discretionary","Equity","74,851.99","0.00","74,851.99","7,629.00","9.81","India","National Stock Exchange Of India","CAD","68.59","INR"
"BLS","BLS INTERNATIONAL SERVICES","Industrials","Equity","74,328.59","0.00","74,328.59","22,387.00","3.32","India","National Stock Exchange Of India","CAD","68.59","INR"
"3092","RIYADH CEMENT CO","Materials","Equity","73,585.78","0.00","73,585.78","8,745.00","8.41","Saudi Arabia","Saudi Stock Exchange","CAD","2.69","SAR"
"000983","SHANXI COKING COAL ENERGY GROUP LT","Energy","Equity","73,035.19","0.00","73,035.19","53,700.00","1.36","China","Shenzhen Stock Exchange","CAD","4.80","CNY"
"TIPSMUSIC","TIPS MUSIC LTD","Communication","Equity","73,123.68","0.00","73,123.68","7,639.00","9.57","India","National Stock Exchange Of India","CAD","68.59","INR"
"SCCC.R","SIAM CITY CEMENT NON-VOTING DR","Materials","Equity","73,264.61","0.00","73,264.61","11,500.00","6.37","Thailand","Stock Exchange Of Thailand","CAD","23.86","THB"
"6023","YUANTA FUTURES LTD","Financials","Equity","73,352.65","0.00","73,352.65","19,001.00","3.86","Taiwan","Gretai Securities Market","CAD","22.80","TWD"
"AGI","ALLIANCE GLOBAL GROUP","Industrials","Equity","72,816.30","0.00","72,816.30","362,900.00","0.20","Philippines","Philippine Stock Exchange Inc.","CAD","44.85","PHP"
"018670","SK GAS LTD","Energy","Equity","72,063.91","0.00","72,063.91","296.00","243.46","Korea (South)","Korea Exchange (Stock Market)","CAD","987.85","KRW"
"6561","CHIEF TELECOM INC","Communication","Equity","72,199.43","0.00","72,199.43","5,200.00","13.88","Taiwan","Gretai Securities Market","CAD","22.80","TWD"
"EFIH","E-FINANCE FOR DIGITAL AND FINANCIA","Financials","Equity","71,577.82","0.00","71,577.82","111,099.00","0.64","Egypt","Egyptian Exchange","CAD","37.24","EGP"
"600536","CHINA NATIONAL SOFTWARE & SERVICE","Information Technology","Equity","71,616.62","0.00","71,616.62","11,050.00","6.48","China","Shanghai Stock Exchange","CAD","4.80","CNY"
"KIRLFER","KIRLOSKAR FERROUS INDUSTRIES LTD","Materials","Equity","71,630.08","0.00","71,630.08","10,358.00","6.92","India","National Stock Exchange Of India","CAD","68.59","INR"
"2533","BLACK SESAME INTERNATIONAL HOLDING","Information Technology","Equity","71,648.27","0.00","71,648.27","41,800.00","1.71","China","Hong Kong Exchanges And Clearing Ltd","CAD","5.61","HKD"
"AMANAT","AMANAT HOLDING","Financials","Equity","71,760.28","0.00","71,760.28","128,192.00","0.56","United Arab Emirates","Dubai Financial Market","CAD","2.63","AED"
"2858","YIXIN GROUP LTD","Financials","Equity","71,814.59","0.00","71,814.59","373,000.00","0.19","China","Hong Kong Exchanges And Clearing Ltd","CAD","5.61","HKD"
"WESTLIFE","WESTLIFE FOODWORLD LTD","Consumer Discretionary","Equity","71,824.10","0.00","71,824.10","8,973.00","8.00","India","National Stock Exchange Of India","CAD","68.59","INR"
"MANYAVAR","VEDANT FASHIONS","Consumer Discretionary","Equity","70,866.29","0.00","70,866.29","8,564.00","8.27","India","National Stock Exchange Of India","CAD","68.59","INR"
"185750","CHONG KUN DANG PHARMACEUTICAL","Health Care","Equity","70,574.20","0.00","70,574.20","1,066.00","66.20","Korea (South)","Korea Exchange (Stock Market)","CAD","987.85","KRW"
"MFCB","MEGA FIRST CORPORATION","Utilities","Equity","69,683.75","0.00","69,683.75","69,700.00","1.00","Malaysia","Bursa Malaysia","CAD","2.93","MYR"
"2707","FORMOSA INTERNATIONAL HOTELS CORP","Consumer Discretionary","Equity","69,883.15","0.00","69,883.15","9,000.00","7.76","Taiwan","Taiwan Stock Exchange","CAD","22.80","TWD"
"ALKYLAMINE","ALKYL AMINES CHEMICALS LTD","Materials","Equity","69,404.99","0.00","69,404.99","2,582.00","26.88","India","National Stock Exchange Of India","CAD","68.59","INR"
"INTP","INDOCEMENT TUNGGAL PRAKARSA","Materials","Equity","69,030.55","0.00","69,030.55","165,200.00","0.42","Indonesia","Indonesia Stock Exchange","CAD","12,683.66","IDR"
"SANOFICONR","SANOFI CONSUMER HEALTHCARE INDIA L","Health Care","Equity","69,038.26","0.00","69,038.26","1,187.00","58.16","India","National Stock Exchange Of India","CAD","68.59","INR"
"PHP","PHP CASH","Cash and/or Derivatives","Cash","68,532.19","0.00","68,532.19","3,073,941.00","2.23","Philippines","-","CAD","44.85","PHP"
"688617","APT MEDICAL INC A","Health Care","Equity","68,181.39","0.00","68,181.39","1,341.00","50.84","China","Shanghai Stock Exchange","CAD","4.80","CNY"
"600895","SHANGHAI ZHANGJIANG HI-TECH PARK D","Real Estate","Equity","68,312.32","0.00","68,312.32","11,700.00","5.84","China","Shanghai Stock Exchange","CAD","4.80","CNY"
"600352","ZHEJIANG LONGSHENG GROUP LTD A","Materials","Equity","67,883.65","0.00","67,883.65","28,200.00","2.41","China","Shanghai Stock Exchange","CAD","4.80","CNY"
"1608","HUA ENG WIRE AND CABLE LTD","Industrials","Equity","68,097.68","0.00","68,097.68","43,000.00","1.58","Taiwan","Taiwan Stock Exchange","CAD","22.80","TWD"
"JWL","JUPITER WAGONS LTD","Industrials","Equity","67,208.57","0.00","67,208.57","19,937.00","3.37","India","National Stock Exchange Of India","CAD","68.59","INR"
"ORIENT","ORIENTAL HOLDINGS","Consumer Discretionary","Equity","66,729.15","0.00","66,729.15","27,700.00","2.41","Malaysia","Bursa Malaysia","CAD","2.93","MYR"
"MEGA.R","MEGA LIFESCIENCE NON-VOTING DR","Health Care","Equity","66,978.65","0.00","66,978.65","44,700.00","1.50","Thailand","Stock Exchange Of Thailand","CAD","23.86","THB"
"VARROC","VARROC ENGINEERING LTD","Consumer Discretionary","Equity","66,490.07","0.00","66,490.07","5,390.00","12.34","India","National Stock Exchange Of India","CAD","68.59","INR"
"AYGAZ.E","AYGAZ A","Utilities","Equity","66,581.54","0.00","66,581.54","7,241.00","9.20","Turkey","Istanbul Stock Exchange","CAD","34.80","TRY"
"600642","SHENERGY LTD A","Utilities","Equity","66,632.69","0.00","66,632.69","37,100.00","1.80","China","Shanghai Stock Exchange","CAD","4.80","CNY"
"-","GSPL TRANSMISSION LIMITED","Utilities","Equity","65,825.30","0.00","65,825.30","30,101.00","2.19","India","National Stock Exchange Of India","CAD","68.59","INR"
"CNVRG","CONVERGE INFORMATION & COMMUNICATI","Communication","Equity","65,848.36","0.00","65,848.36","326,000.00","0.20","Philippines","Philippine Stock Exchange Inc.","CAD","44.85","PHP"
"RHIM","RHI MAGNESITA INDIA LTD","Materials","Equity","65,851.12","0.00","65,851.12","12,343.00","5.34","India","National Stock Exchange Of India","CAD","68.59","INR"
"LEVE3","MAHLE-METAL LEVE SA","Consumer Discretionary","Equity","65,387.72","0.00","65,387.72","7,317.00","8.94","Brazil","XBSP","CAD","3.69","BRL"
"300896","IMEIK TECHNOLOGY DEVELOPMENT LTD A","Health Care","Equity","64,832.28","0.00","64,832.28","3,500.00","18.52","China","Shenzhen Stock Exchange","CAD","4.80","CNY"
"3633","ZHONGYU ENERGY HOLDINGS","Utilities","Equity","64,922.65","0.00","64,922.65","139,000.00","0.47","China","Hong Kong Exchanges And Clearing Ltd","CAD","5.61","HKD"
"TASCO.R","TIPCO ASPHALT NON-VOTING DR PCL","Materials","Equity","65,221.43","0.00","65,221.43","91,000.00","0.72","Thailand","Stock Exchange Of Thailand","CAD","23.86","THB"
"9911","TAIWAN SAKURA CORP","Consumer Discretionary","Equity","64,355.67","0.00","64,355.67","18,000.00","3.58","Taiwan","Taiwan Stock Exchange","CAD","22.80","TWD"
"4071","ARABIAN CONTRACTING SERVICES","Communication","Equity","64,440.25","0.00","64,440.25","3,214.00","20.05","Saudi Arabia","Saudi Stock Exchange","CAD","2.69","SAR"
"ETHOSLTD","ETHOS LTD","Consumer Discretionary","Equity","64,697.25","0.00","64,697.25","1,674.00","38.65","India","National Stock Exchange Of India","CAD","68.59","INR"
"IDR","IDR CASH","Cash and/or Derivatives","Cash","63,854.55","0.00","63,854.55","809,909,400.00","0.01","Indonesia","-","CAD","12,683.66","IDR"
"900947","SHANGHAI ZHENHUA HEAVY INDUSTRY LT","Industrials","Equity","63,912.71","0.00","63,912.71","178,500.00","0.36","China","Shanghai Stock Exchange","CAD","0.71","USD"
"3617","CYBERPOWER SYSTEMS INC","Industrials","Equity","64,092.45","0.00","64,092.45","6,000.00","10.68","Taiwan","Taiwan Stock Exchange","CAD","22.80","TWD"
"811","XINHUA WINSHARE PUBLISHING AND MED","Communication","Equity","64,177.47","0.00","64,177.47","45,000.00","1.43","China","Hong Kong Exchanges And Clearing Ltd","CAD","5.61","HKD"
"1896","MAOYAN ENTERTAINMENT","Communication","Equity","63,368.48","0.00","63,368.48","89,200.00","0.71","China","Hong Kong Exchanges And Clearing Ltd","CAD","5.61","HKD"
"6719","UPI SEMICONDUCTOR","Information Technology","Equity","63,522.16","0.00","63,522.16","8,000.00","7.94","Taiwan","Taiwan Stock Exchange","CAD","22.80","TWD"
"9668","CHINA BOHAI BANK LTD H H","Financials","Equity","63,574.03","0.00","63,574.03","443,000.00","0.14","China","Hong Kong Exchanges And Clearing Ltd","CAD","5.61","HKD"
"300251","BEIJING ENLIGHT MEDIA LTD A","Communication","Equity","63,727.75","0.00","63,727.75","27,900.00","2.28","China","Shenzhen Stock Exchange","CAD","4.80","CNY"
"542323","KPI GREEN ENERGY LTD","Utilities","Equity","62,871.51","0.00","62,871.51","15,471.00","4.06","India","Bse Ltd","CAD","68.59","INR"
"4506","GOLDEN FRIENDS LTD","Industrials","Equity","62,907.99","0.00","62,907.99","12,000.00","5.24","Taiwan","Gretai Securities Market","CAD","22.80","TWD"
"600009","SHANGHAI INTERNATIONAL AIRPORT LTD","Industrials","Equity","63,277.18","0.00","63,277.18","13,500.00","4.69","China","Shanghai Stock Exchange","CAD","4.80","CNY"
"0126Z0","SAMSUNG EPIS HOLDINGS LTD","Health Care","Equity","63,279.13","0.00","63,279.13","188.00","336.59","Korea (South)","Korea Exchange (Stock Market)","CAD","987.85","KRW"
"SCC","SEMIRARA MINING AND POWER CORP","Energy","Equity","62,402.06","0.00","62,402.06","139,600.00","0.45","Philippines","Philippine Stock Exchange Inc.","CAD","44.85","PHP"
"BLUEDART","BLUE DART EXPRESS LTD","Industrials","Equity","62,286.81","0.00","62,286.81","888.00","70.14","India","National Stock Exchange Of India","CAD","68.59","INR"
"839","CHINA EDUCATION GROUP HOLDINGS","Consumer Discretionary","Equity","61,499.85","0.00","61,499.85","188,000.00","0.33","China","Hong Kong Exchanges And Clearing Ltd","CAD","5.61","HKD"
"V2RETAIL","V2 RETAIL LTD","Consumer Discretionary","Equity","61,163.39","0.00","61,163.39","19,940.00","3.07","India","National Stock Exchange Of India","CAD","68.59","INR"
"4163","AL DAWAA MEDICAL SERVICES","Consumer Staples","Equity","61,179.67","0.00","61,179.67","4,410.00","13.87","Saudi Arabia","Saudi Stock Exchange","CAD","2.69","SAR"
"VMART","V MART RETAIL","Consumer Discretionary","Equity","60,584.42","0.00","60,584.42","5,260.00","11.52","India","National Stock Exchange Of India","CAD","68.59","INR"
"WELENT","WELSPUN ENTERPRISES","Industrials","Equity","60,769.84","0.00","60,769.84","5,353.00","11.35","India","National Stock Exchange Of India","CAD","68.59","INR"
"688188","SHANGHAI FRIENDESS ELECTRONICS TEC","Information Technology","Equity","60,822.30","0.00","60,822.30","3,077.00","19.77","China","Shanghai Stock Exchange","CAD","4.80","CNY"
"003545","DAISHIN SEC PREFERRED STOCK LTD","Financials","Equity","60,103.53","0.00","60,103.53","2,932.00","20.50","Korea (South)","Korea Exchange (Stock Market)","CAD","987.85","KRW"
"AAGB","AIRASIA GROUP","Industrials","Equity","60,275.71","0.00","60,275.71","349,800.00","0.17","Malaysia","Bursa Malaysia","CAD","2.93","MYR"
"JKPAPER","JK PAPER LTD","Materials","Equity","59,556.93","0.00","59,556.93","9,772.00","6.09","India","National Stock Exchange Of India","CAD","68.59","INR"
"KOVAI","KOVAI MEDICAL CENTER AND HOSPITAL","Health Care","Equity","59,878.83","0.00","59,878.83","672.00","89.11","India","National Stock Exchange Of India","CAD","68.59","INR"
"PEN","PEN CASH","Cash and/or Derivatives","Cash","59,490.22","0.00","59,490.22","143,074.00","41.58","Peru","-","CAD","2.41","PEN"
"HAPSENG","HAP SENG CONSOLIDATED","Industrials","Equity","59,151.74","0.00","59,151.74","63,500.00","0.93","Malaysia","Bursa Malaysia","CAD","2.93","MYR"
"SANOFI","SANOFI INDIA LTD","Health Care","Equity","59,322.66","0.00","59,322.66","1,319.00","44.98","India","National Stock Exchange Of India","CAD","68.59","INR"
"603260","HOSHINE SILICON INDUSTRY LTD A","Materials","Equity","59,390.16","0.00","59,390.16","8,900.00","6.67","China","Shanghai Stock Exchange","CAD","4.80","CNY"
"MEG","MEGAWORLD CORP","Real Estate","Equity","59,397.20","0.00","59,397.20","1,211,000.00","0.05","Philippines","Philippine Stock Exchange Inc.","CAD","44.85","PHP"
"600839","SICHUAN CHANGHONG ELECTRIC LTD A","Consumer Discretionary","Equity","58,866.37","0.00","58,866.37","42,500.00","1.39","China","Shanghai Stock Exchange","CAD","4.80","CNY"
"603806","HANGZHOU FIRST APPLIED MATERIAL LT","Information Technology","Equity","58,467.50","0.00","58,467.50","19,992.00","2.92","China","Shanghai Stock Exchange","CAD","4.80","CNY"
"688472","CSI SOLAR LTD A","Information Technology","Equity","57,647.11","0.00","57,647.11","33,992.00","1.70","China","Shanghai Stock Exchange","CAD","4.80","CNY"
"308","CHINA TRAVEL INTERNATIONAL INVESTM","Consumer Discretionary","Equity","57,716.94","0.00","57,716.94","284,000.00","0.20","China","Hong Kong Exchanges And Clearing Ltd","CAD","5.61","HKD"
"7489","VOYAH AUTOMOTIVE TECHNOLOGY LTD CL","Consumer Discretionary","Equity","57,780.80","0.00","57,780.80","171,946.00","0.34","China","Hong Kong Exchanges And Clearing Ltd","CAD","5.61","HKD"
"754","HOPSON DEVELOPMENT HOLDINGS","Real Estate","Equity","57,312.62","0.00","57,312.62","145,728.00","0.39","China","Hong Kong Exchanges And Clearing Ltd","CAD","5.61","HKD"
"CSBBANK","CSB BANK LTD","Financials","Equity","57,318.78","0.00","57,318.78","11,974.00","4.79","India","National Stock Exchange Of India","CAD","68.59","INR"
"HNDFDS","HINDUSTAN FOODS LTD","Consumer Staples","Equity","57,356.64","0.00","57,356.64","6,342.00","9.04","India","National Stock Exchange Of India","CAD","68.59","INR"
"EUREKAFORB","EUREKA FORBES LTD","Consumer Discretionary","Equity","56,635.52","0.00","56,635.52","9,933.00","5.70","India","National Stock Exchange Of India","CAD","68.59","INR"
"688099","AMLOGIC (SHANGHAI) LTD A","Information Technology","Equity","56,662.66","0.00","56,662.66","3,180.00","17.82","China","Shanghai Stock Exchange","CAD","4.80","CNY"
"600157","WINTIME ENERGY GROUP LTD A","Utilities","Equity","56,691.95","0.00","56,691.95","178,800.00","0.32","China","Shanghai Stock Exchange","CAD","4.80","CNY"
"9690","TUHU CAR INC","Industrials","Equity","57,023.83","0.00","57,023.83","27,200.00","2.10","China","Hong Kong Exchanges And Clearing Ltd","CAD","5.61","HKD"
"2300","SAUDI PAPER MANUFACTURING","Materials","Equity","57,075.94","0.00","57,075.94","2,441.00","23.38","Saudi Arabia","Saudi Stock Exchange","CAD","2.69","SAR"
"ICIL","INDO COUNT INDUSTRIES LTD","Consumer Discretionary","Equity","55,668.48","0.00","55,668.48","8,768.00","6.35","India","National Stock Exchange Of India","CAD","68.59","INR"
"600298","ANGEL YEAST LTD A","Consumer Staples","Equity","55,792.47","0.00","55,792.47","6,700.00","8.33","China","Shanghai Stock Exchange","CAD","4.80","CNY"
"002129","TCL ZHONGHUAN RENEWABLE ENERGY TEC","Information Technology","Equity","55,966.34","0.00","55,966.34","31,125.00","1.80","China","Shenzhen Stock Exchange","CAD","4.80","CNY"
"2877","CHINA SHINEWAY PHARMACEUTICAL LTD","Health Care","Equity","54,746.95","0.00","54,746.95","37,000.00","1.48","China","Hong Kong Exchanges And Clearing Ltd","CAD","5.61","HKD"
"3060","YANBU CEMENT","Materials","Equity","54,846.43","0.00","54,846.43","9,893.00","5.54","Saudi Arabia","Saudi Stock Exchange","CAD","2.69","SAR"
"CAMPUS","CAMPUS ACTIVEWEAR LTD","Consumer Discretionary","Equity","54,514.76","0.00","54,514.76","17,640.00","3.09","India","National Stock Exchange Of India","CAD","68.59","INR"
"1320","SAUDI STEEL PIPE","Materials","Equity","53,745.91","0.00","53,745.91","2,580.00","20.83","Saudi Arabia","Saudi Stock Exchange","CAD","2.69","SAR"
"1907","CHINA RISUN GROUP LTD","Materials","Equity","53,759.33","0.00","53,759.33","168,000.00","0.32","China","Hong Kong Exchanges And Clearing Ltd","CAD","5.61","HKD"
"1477","OCUMENSION THERAPEUTICS","Health Care","Equity","53,886.79","0.00","53,886.79","56,500.00","0.95","China","Hong Kong Exchanges And Clearing Ltd","CAD","5.61","HKD"
"600600","TSINGTAO BREWERY LTD A","Consumer Staples","Equity","53,309.53","0.00","53,309.53","5,100.00","10.45","China","Shanghai Stock Exchange","CAD","4.80","CNY"
"2836","BANK OF KAOHSIUNG LTD","Financials","Equity","53,468.50","0.00","53,468.50","97,506.00","0.55","Taiwan","Taiwan Stock Exchange","CAD","22.80","TWD"
"002252","SHANGHAI RAAS BLOOD PRODUCTS LTD A","Health Care","Equity","52,946.36","0.00","52,946.36","51,800.00","1.02","China","Shenzhen Stock Exchange","CAD","4.80","CNY"
"OPUS","OPUS GLOBAL","Industrials","Equity","53,033.50","0.00","53,033.50","44,863.00","1.18","Hungary","Budapest Stock Exchange","CAD","225.87","HUF"
"JBMA","JBM AUTO LTD","Consumer Discretionary","Equity","52,477.57","0.00","52,477.57","6,064.00","8.65","India","National Stock Exchange Of India","CAD","68.59","INR"
"000876","NEW HOPE LIUHE LTD A","Consumer Staples","Equity","52,489.32","0.00","52,489.32","34,900.00","1.50","China","Shenzhen Stock Exchange","CAD","4.80","CNY"
"BANCOINDIA","BANCO PRODUCTS INDIA LTD","Consumer Discretionary","Equity","52,498.12","0.00","52,498.12","6,072.00","8.65","India","National Stock Exchange Of India","CAD","68.59","INR"
"GENUSPOWER","GENUS POWER INFRASTRUCTURES LTD","Information Technology","Equity","52,499.86","0.00","52,499.86","11,879.00","4.42","India","National Stock Exchange Of India","CAD","68.59","INR"
"GRINFRA","G R INFRAPROJECTS","Industrials","Equity","52,576.37","0.00","52,576.37","4,350.00","12.09","India","National Stock Exchange Of India","CAD","68.59","INR"
"MAHSEAMLES","MAHARASHTRA SEAMLESS LTD","Materials","Equity","52,655.62","0.00","52,655.62","5,015.00","10.50","India","National Stock Exchange Of India","CAD","68.59","INR"
"900925","SHANGHAI MECHANICAL & ELECTRICAL I","Industrials","Equity","51,943.77","0.00","51,943.77","27,674.00","1.88","China","Shanghai Stock Exchange","CAD","0.71","USD"
"000728","GUOYUAN SECURITIES LTD A","Financials","Equity","52,146.18","0.00","52,146.18","33,600.00","1.55","China","Shenzhen Stock Exchange","CAD","4.80","CNY"
"NESCO","NESCO LTD","Real Estate","Equity","51,589.40","0.00","51,589.40","3,272.00","15.77","India","National Stock Exchange Of India","CAD","68.59","INR"
"002340","GEM A","Industrials","Equity","50,838.48","0.00","50,838.48","39,500.00","1.29","China","Shenzhen Stock Exchange","CAD","4.80","CNY"
"600085","BEIJING TONGRENTANG LTD A","Health Care","Equity","50,858.29","0.00","50,858.29","10,500.00","4.84","China","Shanghai Stock Exchange","CAD","4.80","CNY"
"DODLA","DODLA DAIRY","Consumer Staples","Equity","50,955.22","0.00","50,955.22","3,330.00","15.30","India","National Stock Exchange Of India","CAD","68.59","INR"
"1375","CENTRAL CHINA SECURITIES LTD H","Financials","Equity","50,695.75","0.00","50,695.75","175,000.00","0.29","China","Hong Kong Exchanges And Clearing Ltd","CAD","5.61","HKD"
"601696","BOC INTERNATIONAL (CHINA) LTD A","Financials","Equity","49,862.86","0.00","49,862.86","21,400.00","2.33","China","Shanghai Stock Exchange","CAD","4.80","CNY"
"DCMSHRIRAM","DCM SHRIRAM LTD","Materials","Equity","49,908.00","0.00","49,908.00","3,479.00","14.35","India","National Stock Exchange Of India","CAD","68.59","INR"
"MDIA3","M DIAS BRANCO INDUSTRIA SA","Consumer Staples","Equity","49,971.61","0.00","49,971.61","10,864.00","4.60","Brazil","XBSP","CAD","3.69","BRL"
"ICAP","INVESTCORP CAPITAL","Financials","Equity","50,033.00","0.00","50,033.00","83,156.00","0.60","United Arab Emirates","Abu Dhabi Securities Exchange","CAD","2.63","AED"
"009450","KYUNG DONG NAVIEN LTD","Industrials","Equity","50,084.76","0.00","50,084.76","840.00","59.62","Korea (South)","Korea Exchange (Stock Market)","CAD","987.85","KRW"
"TTRAK.E","TURK TRAKTOR VE ZIRAAT MAKINELERI","Industrials","Equity","49,447.47","0.00","49,447.47","4,107.00","12.04","Turkey","Istanbul Stock Exchange","CAD","34.80","TRY"
"AVIA","AVIA AVIAN PT","Materials","Equity","49,688.94","0.00","49,688.94","1,842,800.00","0.03","Indonesia","Indonesia Stock Exchange","CAD","12,683.66","IDR"
"900901","INESA INTELLIGENT TECH INC B","Information Technology","Equity","49,781.17","0.00","49,781.17","55,700.00","0.89","China","Shanghai Stock Exchange","CAD","0.71","USD"
"PCJEWELLER","PC JEWELLER LTD","Consumer Discretionary","Equity","49,848.01","0.00","49,848.01","276,860.00","0.18","India","National Stock Exchange Of India","CAD","68.59","INR"
"6757","TIGERAIR TAIWAN LTD","Industrials","Equity","49,194.58","0.00","49,194.58","21,000.00","2.34","Taiwan","Taiwan Stock Exchange","CAD","22.80","TWD"
"AGHOL.E","ANADOLU GRUBU HOLDING A","Industrials","Equity","49,211.12","0.00","49,211.12","49,100.00","1.00","Turkey","Istanbul Stock Exchange","CAD","34.80","TRY"
"ABFRL","ADITYA BIRLA FASHION AND RETAIL","Consumer Discretionary","Equity","48,588.51","0.00","48,588.51","66,062.00","0.74","India","National Stock Exchange Of India","CAD","68.59","INR"
"4162","ALMUNAJEM FOODS","Consumer Staples","Equity","48,831.91","0.00","48,831.91","2,307.00","21.17","Saudi Arabia","Saudi Stock Exchange","CAD","2.69","SAR"
"BCPG.R","BCPG PCL NON-VOTING DR","Utilities","Equity","48,850.69","0.00","48,850.69","167,700.00","0.29","Thailand","Stock Exchange Of Thailand","CAD","23.86","THB"
"3010","ARABIAN CEMENT","Materials","Equity","48,362.08","0.00","48,362.08","6,281.00","7.70","Saudi Arabia","Saudi Stock Exchange","CAD","2.69","SAR"
"PLUS","DIGIPLUS INTERACTIVE CORP","Consumer Discretionary","Equity","47,750.16","0.00","47,750.16","236,400.00","0.20","Philippines","Philippine Stock Exchange Inc.","CAD","44.85","PHP"
"SAM","SAM ENGINEERING & EQUIPMENT M","Industrials","Equity","47,751.32","0.00","47,751.32","34,300.00","1.39","Malaysia","Bursa Malaysia","CAD","2.93","MYR"
"603606","NINGBO ORIENT WIRES & CABLES LTD A","Industrials","Equity","47,123.80","0.00","47,123.80","6,360.00","7.41","China","Shanghai Stock Exchange","CAD","4.80","CNY"
"2145","SHANGHAI CHICMAX COSMETIC CLS H H","Consumer Staples","Equity","46,796.07","0.00","46,796.07","12,500.00","3.74","China","Hong Kong Exchanges And Clearing Ltd","CAD","5.61","HKD"
"200581","WEIFU HIGH-TECHNOLOGY LTD B","Consumer Discretionary","Equity","46,192.09","0.00","46,192.09","19,600.00","2.36","China","Shenzhen Stock Exchange","CAD","5.61","HKD"
"VULC3","VULCABRAS AZALEIA","Consumer Discretionary","Equity","46,481.81","0.00","46,481.81","12,790.00","3.63","Brazil","XBSP","CAD","3.69","BRL"
"AEONTS.R","AEON THANA SINSAP (THAILAND) NON-V","Financials","Equity","45,652.07","0.00","45,652.07","11,200.00","4.08","Thailand","Stock Exchange Of Thailand","CAD","23.86","THB"
"SANDUMA","SANDUR MANGANESE AND IRON ORES LTD","Materials","Equity","45,671.80","0.00","45,671.80","17,163.00","2.66","India","National Stock Exchange Of India","CAD","68.59","INR"
"RELIGARE","RELIGARE ENTERPRISES LTD","Financials","Equity","45,687.95","0.00","45,687.95","12,541.00","3.64","India","National Stock Exchange Of India","CAD","68.59","INR"
"VINP","VINCI COMPASS INVESTMENTS LTD CLAS","Financials","Equity","45,158.32","0.00","45,158.32","3,468.00","13.02","Brazil","NASDAQ","CAD","0.71","USD"
"SIGNATURE","SIGNATUREGLOBAL (INDIA) LTD","Real Estate","Equity","45,388.74","0.00","45,388.74","4,122.00","11.01","India","National Stock Exchange Of India","CAD","68.59","INR"
"GENIL.E","GEN ILAC VE SAGLIK URUNLERI SANAYI","Health Care","Equity","44,754.01","0.00","44,754.01","173,055.00","0.26","Turkey","Istanbul Stock Exchange","CAD","34.80","TRY"
"AHLUCONT","AHLUWALIA CONTRACTS (INDIA) LTD","Industrials","Equity","43,666.68","0.00","43,666.68","5,277.00","8.27","India","National Stock Exchange Of India","CAD","68.59","INR"
"RELAXO","RELAXO FOOTWEARS LTD","Consumer Discretionary","Equity","43,757.89","0.00","43,757.89","9,568.00","4.57","India","National Stock Exchange Of India","CAD","68.59","INR"
"OTOEL","AUTOHELLAS SA","Consumer Discretionary","Equity","43,892.25","0.00","43,892.25","2,457.00","17.86","Greece","Athens Exchange S.A. Cash Market","CAD","0.62","EUR"
"900908","SHANGHAI CHLOR ALKALI CHEMICAL CLA","Materials","Equity","43,936.19","0.00","43,936.19","52,095.00","0.84","China","Shanghai Stock Exchange","CAD","0.71","USD"
"TAKAFUL","SYARIKAT TAKAFUL MALAYSIA KELUARGA","Financials","Equity","43,940.27","0.00","43,940.27","42,500.00","1.03","Malaysia","Bursa Malaysia","CAD","2.93","MYR"
"300720","HANILCMT LTD","Materials","Equity","44,065.36","0.00","44,065.36","2,664.00","16.54","Korea (South)","Korea Exchange (Stock Market)","CAD","987.85","KRW"
"AEONCR","AEON CREDIT SERVICE (M)","Financials","Equity","42,679.47","0.00","42,679.47","23,600.00","1.81","Malaysia","Bursa Malaysia","CAD","2.93","MYR"
"000786","BEIJING NEW BUILDING MATERIALS PUB","Industrials","Equity","42,601.98","0.00","42,601.98","13,000.00","3.28","China","Shenzhen Stock Exchange","CAD","4.80","CNY"
"INTB3","INTELBRAS TELECOMUNICACOES SA","Information Technology","Equity","41,942.89","0.00","41,942.89","10,499.00","3.99","Brazil","XBSP","CAD","3.69","BRL"
"003090","DAEWOONG LTD","Health Care","Equity","41,967.10","0.00","41,967.10","2,609.00","16.09","Korea (South)","Korea Exchange (Stock Market)","CAD","987.85","KRW"
"TTKPRESTIG","TTK PRESTIGE LTD","Consumer Discretionary","Equity","41,344.80","0.00","41,344.80","5,217.00","7.93","India","National Stock Exchange Of India","CAD","68.59","INR"
"003570","SNT DYNAMICS LTD","Industrials","Equity","41,517.02","0.00","41,517.02","1,434.00","28.95","Korea (South)","Korea Exchange (Stock Market)","CAD","987.85","KRW"
"WAAREERTL","WAAREE RENEWABLE TECHNOLOGIES LTD","Industrials","Equity","41,549.91","0.00","41,549.91","3,514.00","11.82","India","National Stock Exchange Of India","CAD","68.59","INR"
"2283","FIRST MILLING CO","Consumer Staples","Equity","40,744.07","0.00","40,744.07","2,129.00","19.14","Saudi Arabia","Saudi Stock Exchange","CAD","2.69","SAR"
"INOXGREEN","INOX GREEN ENERGY SERVICES LTD","Industrials","Equity","39,911.65","0.00","39,911.65","15,676.00","2.55","India","National Stock Exchange Of India","CAD","68.59","INR"
"TCI","TRANSPORT CORPORATION OF INDIA LTD","Industrials","Equity","40,042.40","0.00","40,042.40","3,323.00","12.05","India","National Stock Exchange Of India","CAD","68.59","INR"
"200869","YANTAI CHANGYU PIONEER WINE LTD B","Consumer Staples","Equity","39,273.76","0.00","39,273.76","28,100.00","1.40","China","Shenzhen Stock Exchange","CAD","5.61","HKD"
"0220W0","HANWHA MACHINERY AND SERVICE HOLDI","Industrials","Equity","39,460.61","0.00","39,460.61","5,853.00","6.74","Korea (South)","Korea Exchange (Stock Market)","CAD","987.85","KRW"
"MIDHANI","MISHRA DHATU NIGAM LTD","Materials","Equity","39,522.72","0.00","39,522.72","6,647.00","5.95","India","National Stock Exchange Of India","CAD","68.59","INR"
"BORORENEW","BOROSIL RENEWABLES LTD","Information Technology","Equity","38,336.26","0.00","38,336.26","5,852.00","6.55","India","National Stock Exchange Of India","CAD","68.59","INR"
"3316","BINJIANG SERVICE GROUP LTD","Industrials","Equity","38,372.78","0.00","38,372.78","10,500.00","3.65","China","Hong Kong Exchanges And Clearing Ltd","CAD","5.61","HKD"
"604","SHENZHEN INVESTMENT LTD","Real Estate","Equity","36,581.16","0.00","36,581.16","342,000.00","0.11","China","Hong Kong Exchanges And Clearing Ltd","CAD","5.61","HKD"
"LIDER.E","LDR TURIZM AS","Industrials","Equity","35,298.45","0.00","35,298.45","69,996.00","0.50","Turkey","Istanbul Stock Exchange","CAD","34.80","TRY"
"4083","UNITED INTERNATIONAL HOLDING","Financials","Equity","35,298.63","0.00","35,298.63","3,430.00","10.29","Saudi Arabia","Saudi Stock Exchange","CAD","2.69","SAR"
"300347","HANGZHOU TIGERMED CONSULTING LTD A","Health Care","Equity","34,487.31","0.00","34,487.31","2,900.00","11.89","China","Shenzhen Stock Exchange","CAD","4.80","CNY"
"BRKM5","BRASKEM PREF CLASS A","Materials","Equity","34,600.32","0.00","34,600.32","28,225.00","1.23","Brazil","XBSP","CAD","3.69","BRL"
"APIC","PACIFIC STRATEGIC FINANCIAL","Financials","Equity","34,782.52","0.00","34,782.52","1,070,800.00","0.03","Indonesia","Indonesia Stock Exchange","CAD","12,683.66","IDR"
"KRBL","KRBL LTD","Consumer Staples","Equity","34,915.23","0.00","34,915.23","6,057.00","5.76","India","National Stock Exchange Of India","CAD","68.59","INR"
"HEKTS.E","HEKTAS TICARET A","Materials","Equity","33,955.53","0.00","33,955.53","486,294.00","0.07","Turkey","Istanbul Stock Exchange","CAD","34.80","TRY"
"CCAVENUE","AVENUESAI LTD","Financials","Equity","33,074.72","0.00","33,074.72","139,013.00","0.24","India","National Stock Exchange Of India","CAD","68.59","INR"
"001570","KUM YANG LTD","Materials","Equity","33,176.70","0.00","33,176.70","5,093.00","6.51","Korea (South)","Korea Exchange (Stock Market)","CAD","987.85","KRW"
"TTML","TATA TELESERVICES MAHARASHTRA LTD","Communication","Equity","33,466.02","0.00","33,466.02","62,651.00","0.53","India","National Stock Exchange Of India","CAD","68.59","INR"
"2517","GUOQUAN FOOD (SHANGHAI) CLASS H LT","Consumer Staples","Equity","32,921.26","0.00","32,921.26","125,200.00","0.26","China","Hong Kong Exchanges And Clearing Ltd","CAD","5.61","HKD"
"ISGEC","ISGEC HEAVY ENGINEERING LTD","Industrials","Equity","32,963.82","0.00","32,963.82","2,938.00","11.22","India","National Stock Exchange Of India","CAD","68.59","INR"
"3613","BEIJING TONG REN TANG CHINESE MEDI","Health Care","Equity","32,088.74","0.00","32,088.74","32,000.00","1.00","China","Hong Kong Exchanges And Clearing Ltd","CAD","5.61","HKD"
"1921","DALIPAL HOLDINGS LTD","Energy","Equity","31,397.05","0.00","31,397.05","56,000.00","0.56","China","Hong Kong Exchanges And Clearing Ltd","CAD","5.61","HKD"
"PNCINFRA","PNC INFRATECH LTD","Industrials","Equity","30,108.07","0.00","30,108.07","14,799.00","2.03","India","National Stock Exchange Of India","CAD","68.59","INR"
"1232","TTET UNION","Consumer Staples","Equity","27,110.98","0.00","27,110.98","4,000.00","6.78","Taiwan","Taiwan Stock Exchange","CAD","22.80","TWD"
"WIKA","WIJAYA KARYA","Industrials","Equity","22,337.69","0.00","22,337.69","2,258,500.00","0.01","Indonesia","Indonesia Stock Exchange","CAD","12,683.66","IDR"
"QAR","QAR CASH","Cash and/or Derivatives","Cash","17,411.29","0.00","17,411.29","45,326.00","38.41","Qatar","-","CAD","2.60","QAR"
"-","IGL SPIRITS LTD","Materials","Equity","16,840.63","0.00","16,840.63","1,737.00","9.70","India","National Stock Exchange Of India","CAD","68.59","INR"
"200012","CSG HOLDING LTD B","Materials","Equity","16,267.21","0.00","16,267.21","73,000.00","0.22","China","Shenzhen Stock Exchange","CAD","5.61","HKD"
"-","ECOPRO BM CO LTD","Industrials","Equity","16,609.48","0.00","16,609.48","1,243.00","13.36","Korea (South)","Korea Exchange (Kosdaq)","CAD","987.85","KRW"
"EUR","EUR CASH","Cash and/or Derivatives","Cash","14,437.26","0.00","14,437.26","8,987.00","160.65","European Union","-","CAD","0.62","EUR"
"BANK","BANK ALADIN SYARIAH","Financials","Equity","10,255.56","0.00","10,255.56","500,300.00","0.02","Indonesia","Indonesia Stock Exchange","CAD","12,683.66","IDR"
"EGP","EGP CASH","Cash and/or Derivatives","Cash","9,863.61","0.00","9,863.61","367,281.00","2.69","Egypt","-","CAD","37.24","EGP"
"030190","NICE INFORMATION SERVICE LTD","Industrials","Equity","9,229.78","0.00","9,229.78","580.00","15.91","Korea (South)","Korea Exchange (Stock Market)","CAD","987.85","KRW"
"-","TVS HOLDINGS LTD","Consumer Discretionary","Equity","7,376.85","0.00","7,376.85","50,600.00","0.15","India","-","CAD","68.59","INR"
"ABCB10","BANCO ABC BRASIL RIGHTS SA","Financials","Equity","6,385.12","0.00","6,385.12","952.00","6.71","Brazil","XBSP","CAD","3.69","BRL"
"-","ENNATURE BIO PHARMA LIMITED","Materials","Equity","5,603.85","0.00","5,603.85","578.00","9.70","India","National Stock Exchange Of India","CAD","68.59","INR"
"016790","HYUNDAI FEED INC","Consumer Staples","Equity","5,410.55","0.00","5,410.55","11,949.00","0.45","Korea (South)","Korea Exchange (Kosdaq)","CAD","987.85","KRW"
"2676448D","L&C BIO CO LTD","Health Care","Equity","3,663.12","0.00","3,663.12","489.00","7.49","Korea (South)","Korea Exchange (Kosdaq)","CAD","987.85","KRW"
"-","INOX RENEWABLE SOLUTIONS LTD","Utilities","Equity","1,240.65","0.00","1,240.65","1,912.00","0.65","India","National Stock Exchange Of India","CAD","68.59","INR"
"532425","GENUS PRIME INFRA LTD","Real Estate","Equity","1,273.28","0.00","1,273.28","1,980.00","0.64","India","Bse Ltd","CAD","68.59","INR"
"CZK","CZK CASH","Cash and/or Derivatives","Cash","1,193.99","0.00","1,193.99","18,075.00","6.61","Czech Republic","-","CAD","15.14","CZK"
"KWD","KWD CASH","Cash and/or Derivatives","Cash","-91.28","0.00","-91.28","-20.00","453.51","Kuwait","-","CAD","0.22","KWD"
"COP","COP CASH","Cash and/or Derivatives","Cash","0.35","0.00","0.35","795.00","0.04","Colombia","-","CAD","2,253.38","COP"
"182400","NKGEN BIOTECH KOREA","Health Care","Equity","0.00","0.00","0.00","1,825.00","0.00","Korea (South)","Korea Exchange (Kosdaq)","CAD","987.85","KRW"
"6606","NEW HORIZON HEALTH LTD","Health Care","Equity","0.06","0.00","0.06","35,000.00","0.00","China","Hong Kong Exchanges And Clearing Ltd","CAD","5.61","HKD"
"INR","INR/USD","Cash and/or Derivatives","FX","-1.09","0.00","-1.09","-317,318.00","1.40","United States","-","CAD","68.60","USD"
"INR","INR/USD","Cash and/or Derivatives","FX","11.46","0.00","11.46","-198,798.00","1.40","United States","-","CAD","68.58","USD"
 