Fund Holdings as of,"Sep 17, 2026"
 
Ticker,Name,Sector,Asset Class,Market Value,Weight (%),Notional Value,Shares,Price,Location,Exchange,Currency,FX Rate,Market Currency
"EMXC","ISHARES MSCI EM EX CHINA ETF","Financials","Equity","146,071,913.39","99.96","146,071,913.39","1,052,482.00","138.79","United States","NASDAQ","CAD","0.71","USD"
"USD","USD CASH","Cash and/or Derivatives","Cash","32,844.57","0.02","32,844.57","23,483.00","139.86","United States","-","CAD","0.71","USD"
"CAD","CAD CASH","Cash and/or Derivatives","Cash","21,401.29","0.01","21,401.29","21,401.00","100.00","Canada","-","CAD","1.00","CAD"
 
Fund Holdings as of,"Sep 17, 2026"
 
Ticker,Name,Sector,Asset Class,Market Value,Weight (%),Notional Value,Shares,Price,Location,Exchange,Currency,FX Rate,Market Currency
"2330","TAIWAN SEMICONDUCTOR MANUFACTURING","Information Technology","Equity","28,057,434.70","19.20","28,057,434.70","63,205,000.00","-","Taiwan","Taiwan Stock Exchange","CAD","-","TWD"
"005930","SAMSUNG ELECTRONICS LTD","Information Technology","Equity","12,793,956.86","8.76","12,793,956.86","11,995,109.00","-","Korea (South)","Korea Exchange (Stock Market)","CAD","-","KRW"
"000660","SK HYNIX","Information Technology","Equity","10,445,120.49","7.15","10,445,120.49","1,417,030.00","-","Korea (South)","Korea Exchange (Stock Market)","CAD","-","KRW"
"2454","MEDIATEK","Information Technology","Equity","3,047,892.72","2.09","3,047,892.72","3,700,000.00","-","Taiwan","Taiwan Stock Exchange","CAD","-","TWD"
"005935","SAMSUNG ELECTRONICS NON VOTING PRE","Information Technology","Equity","1,680,878.72","1.15","1,680,878.72","2,058,575.00","-","Korea (South)","Korea Exchange (Stock Market)","CAD","-","KRW"
"2308","DELTA ELECTRONICS","Information Technology","Equity","1,541,628.37","1.05","1,541,628.37","4,998,000.00","-","Taiwan","Taiwan Stock Exchange","CAD","-","TWD"
"2317","HON HAI PRECISION INDUSTRY","Information Technology","Equity","1,443,950.08","0.99","1,443,950.08","31,489,200.00","-","Taiwan","Taiwan Stock Exchange","CAD","-","TWD"
"HDFCBANK","HDFC BANK","Financials","Equity","1,255,634.17","0.86","1,255,634.17","28,948,286.00","-","India","National Stock Exchange Of India","CAD","-","INR"
"RELIANCE","RELIANCE INDUSTRIES LTD","Energy","Equity","1,118,341.18","0.77","1,118,341.18","14,778,818.00","-","India","National Stock Exchange Of India","CAD","-","INR"
"ICICIBANK","ICICI BANK","Financials","Equity","1,106,494.74","0.76","1,106,494.74","13,496,990.00","-","India","National Stock Exchange Of India","CAD","-","INR"
"402340","SK SQUARE","Industrials","Equity","1,008,495.10","0.69","1,008,495.10","236,850.00","-","Korea (South)","Korea Exchange (Stock Market)","CAD","-","KRW"
"3711","ASE TECHNOLOGY HOLDING","Information Technology","Equity","963,242.02","0.66","963,242.02","8,570,000.00","-","Taiwan","Taiwan Stock Exchange","CAD","-","TWD"
"009150","SAMSUNG ELECTRO MECHANICS LTD","Information Technology","Equity","807,076.54","0.55","807,076.54","143,656.00","-","Korea (South)","Korea Exchange (Stock Market)","CAD","-","KRW"
"BHARTIARTL","BHARTI AIRTEL LTD","Communication","Equity","802,256.16","0.55","802,256.16","7,182,784.00","-","India","National Stock Exchange Of India","CAD","-","INR"
"VALE3","CIA VALE DO RIO DOCE SH","Materials","Equity","792,352.49","0.54","792,352.49","9,396,583.00","-","Brazil","XBSP","CAD","-","BRL"
"2303","UNITED MICRO ELECTRONICS CORP","Information Technology","Equity","784,026.39","0.54","784,026.39","29,037,000.00","-","Taiwan","Taiwan Stock Exchange","CAD","-","TWD"
"1120","AL RAJHI BANK","Financials","Equity","773,523.82","0.53","773,523.82","7,543,553.00","-","Saudi Arabia","Saudi Stock Exchange","CAD","-","SAR"
"ANG","ANGLOGOLD ASHANTI PLC","Materials","Equity","769,229.30","0.53","769,229.30","1,290,724.00","-","South Africa","Johannesburg Stock Exchange","CAD","-","ZAR"
"NU","NU HOLDINGS CLASS A","Financials","Equity","753,701.86","0.52","753,701.86","9,331,030.00","-","Brazil","New York Stock Exchange Inc.","CAD","-","USD"
"ITUB4","ITAU UNIBANCO HOLDING PREF SA","Financials","Equity","668,804.86","0.46","668,804.86","13,879,065.00","-","Brazil","XBSP","CAD","-","BRL"
"105560","KB FINANCIAL GROUP","Financials","Equity","654,445.99","0.45","654,445.99","864,570.00","-","Korea (South)","Korea Exchange (Stock Market)","CAD","-","KRW"
"PETR4","PETROLEO BRASILEIRO PREF SA","Energy","Equity","649,508.76","0.44","649,508.76","11,806,671.00","-","Brazil","XBSP","CAD","-","BRL"
"2383","ELITE MATERIAL","Information Technology","Equity","629,978.95","0.43","629,978.95","733,000.00","-","Taiwan","Taiwan Stock Exchange","CAD","-","TWD"
"2222","SAUDI ARABIAN OIL","Energy","Equity","609,572.70","0.42","609,572.70","15,350,020.00","-","Saudi Arabia","Saudi Stock Exchange","CAD","-","SAR"
"2881","FUBON FINANCIAL HOLDING","Financials","Equity","597,857.73","0.41","597,857.73","21,557,504.00","-","Taiwan","Taiwan Stock Exchange","CAD","-","TWD"
"3037","UNIMICRON TECHNOLOGY","Information Technology","Equity","595,768.91","0.41","595,768.91","3,462,282.00","-","Taiwan","Taiwan Stock Exchange","CAD","-","TWD"
"PETR3","PETROLEO BRASILEIRO SA PETROBRAS","Energy","Equity","584,068.55","0.40","584,068.55","9,557,173.00","-","Brazil","XBSP","CAD","-","BRL"
"GFI","GOLD FIELDS","Materials","Equity","580,665.07","0.40","580,665.07","2,289,804.00","-","South Africa","Johannesburg Stock Exchange","CAD","-","ZAR"
"2891","CTBC FINANCIAL HOLDING","Financials","Equity","559,382.39","0.38","559,382.39","42,918,000.00","-","Taiwan","Taiwan Stock Exchange","CAD","-","TWD"
"GMEXICOB","GRUPO MEXICO B","Materials","Equity","558,170.00","0.38","558,170.00","7,574,723.00","-","Mexico","Bolsa Mexicana De Valores","CAD","-","MXN"
"1303","NAN YA PLASTICS CORP","Materials","Equity","527,611.75","0.36","527,611.75","12,213,000.00","-","Taiwan","Taiwan Stock Exchange","CAD","-","TWD"
"005380","HYUNDAI MOTOR","Consumer Discretionary","Equity","522,148.66","0.36","522,148.66","340,529.00","-","Korea (South)","Korea Exchange (Stock Market)","CAD","-","KRW"
"055550","SHINHAN FINANCIAL GROUP","Financials","Equity","511,207.88","0.35","511,207.88","1,068,153.00","-","Korea (South)","Korea Exchange (Stock Market)","CAD","-","KRW"
"INFY","INFOSYS","Information Technology","Equity","502,779.53","0.34","502,779.53","7,807,127.00","-","India","National Stock Exchange Of India","CAD","-","INR"
"2882","CATHAY FINANCIAL HOLDING","Financials","Equity","500,442.38","0.34","500,442.38","24,409,379.00","-","Taiwan","Taiwan Stock Exchange","CAD","-","TWD"
"NPN","NASPERS LIMITED CLASS N","Consumer Discretionary","Equity","494,964.68","0.34","494,964.68","1,924,945.00","-","South Africa","Johannesburg Stock Exchange","CAD","-","ZAR"
"3017","ASIA VITAL COMPONENTS","Information Technology","Equity","482,753.07","0.33","482,753.07","828,000.00","-","Taiwan","Taiwan Stock Exchange","CAD","-","TWD"
"OTP","OTP BANK","Financials","Equity","481,438.42","0.33","481,438.42","555,864.00","-","Hungary","Budapest Stock Exchange","CAD","-","HUF"
"1180","THE SAUDI NATIONAL BANK","Financials","Equity","467,882.95","0.32","467,882.95","7,498,656.00","-","Saudi Arabia","Saudi Stock Exchange","CAD","-","SAR"
"2887","TS FINANCIAL HOLDING","Financials","Equity","467,620.02","0.32","467,620.02","57,991,907.00","-","Taiwan","Taiwan Stock Exchange","CAD","-","TWD"
"2382","QUANTA COMPUTER","Information Technology","Equity","464,596.33","0.32","464,596.33","7,378,000.00","-","Taiwan","Taiwan Stock Exchange","CAD","-","TWD"
"FSR","FIRSTRAND LTD","Financials","Equity","443,401.29","0.30","443,401.29","13,104,777.00","-","South Africa","Johannesburg Stock Exchange","CAD","-","ZAR"
"2345","ACCTON TECHNOLOGY","Information Technology","Equity","432,971.76","0.30","432,971.76","1,314,000.00","-","Taiwan","Taiwan Stock Exchange","CAD","-","TWD"
"KFH","KUWAIT FINANCE HOUSE","Financials","Equity","424,879.37","0.29","424,879.37","29,157,527.00","-","Kuwait","Kuwait Stock Exchange","CAD","-","KWD"
"M&M","MAHINDRA AND MAHINDRA LTD","Consumer Discretionary","Equity","419,241.00","0.29","419,241.00","2,240,037.00","-","India","National Stock Exchange Of India","CAD","-","INR"
"AXISBANK","AXIS BANK","Financials","Equity","418,393.78","0.29","418,393.78","5,546,389.00","-","India","National Stock Exchange Of India","CAD","-","INR"
"PKO","POWSZECHNA KASA OSZCZEDNOSCI BANK","Financials","Equity","414,698.16","0.28","414,698.16","2,245,336.00","-","Poland","Warsaw Stock Exchange/Equities/Main Market","CAD","-","PLN"
"034020","DOOSAN ENERBILITY LTD","Industrials","Equity","414,347.59","0.28","414,347.59","1,148,588.00","-","Korea (South)","Korea Exchange (Stock Market)","CAD","-","KRW"
"GFNORTEO","GPO FINANCE BANORTE","Financials","Equity","409,059.79","0.28","409,059.79","6,144,061.00","-","Mexico","Bolsa Mexicana De Valores","CAD","-","MXN"
"LT","LARSEN AND TOUBRO LTD","Industrials","Equity","403,698.95","0.28","403,698.95","1,729,834.00","-","India","National Stock Exchange Of India","CAD","-","INR"
"086790","HANA FINANCIAL GROUP","Financials","Equity","401,726.98","0.27","401,726.98","691,666.00","-","Korea (South)","Korea Exchange (Stock Market)","CAD","-","KRW"
"012450","HANWHA AEROSPACE LTD","Industrials","Equity","396,906.60","0.27","396,906.60","85,654.00","-","Korea (South)","Korea Exchange (Stock Market)","CAD","-","KRW"
"BAJFINANCE","BAJAJ FINANCE LTD","Financials","Equity","396,760.53","0.27","396,760.53","6,425,697.00","-","India","National Stock Exchange Of India","CAD","-","INR"
"2327","YAGEO","Information Technology","Equity","387,426.54","0.27","387,426.54","4,000,840.00","-","Taiwan","Taiwan Stock Exchange","CAD","-","TWD"
"BAP","CREDICORP LTD","Financials","Equity","387,236.64","0.27","387,236.64","172,801.00","-","Peru","New York Stock Exchange Inc.","CAD","-","USD"
"SBK","STANDARD BANK GROUP","Financials","Equity","375,492.46","0.26","375,492.46","3,359,748.00","-","South Africa","Johannesburg Stock Exchange","CAD","-","ZAR"
"FAB","FIRST ABU DHABI BANK","Financials","Equity","361,133.59","0.25","361,133.59","11,340,381.00","-","United Arab Emirates","Abu Dhabi Securities Exchange","CAD","-","AED"
"CPI","CAPITEC SHS","Financials","Equity","359,818.94","0.25","359,818.94","223,465.00","-","South Africa","Johannesburg Stock Exchange","CAD","-","ZAR"
"NBK","NATIONAL BANK OF KUWAIT","Financials","Equity","358,285.19","0.25","358,285.19","22,169,195.00","-","Kuwait","Kuwait Stock Exchange","CAD","-","KWD"
"VAL","VALTERRA PLATINUM LTD","Materials","Equity","356,269.40","0.24","356,269.40","677,775.00","-","South Africa","Johannesburg Stock Exchange","CAD","-","ZAR"
"KOTAKBANK","KOTAK MAHINDRA BANK LTD","Financials","Equity","354,151.35","0.24","354,151.35","13,977,165.00","-","India","National Stock Exchange Of India","CAD","-","INR"
"2360","CHROMA ATE INC","Information Technology","Equity","352,661.42","0.24","352,661.42","924,000.00","-","Taiwan","Taiwan Stock Exchange","CAD","-","TWD"
"006400","SAMSUNG SDI LTD","Information Technology","Equity","352,413.10","0.24","352,413.10","154,783.00","-","Korea (South)","Korea Exchange (Stock Market)","CAD","-","KRW"
"PKN","ORLEN","Energy","Equity","349,447.84","0.24","349,447.84","1,475,805.00","-","Poland","Warsaw Stock Exchange/Equities/Main Market","CAD","-","PLN"
"2885","YUANTA FINANCIAL HOLDING","Financials","Equity","348,250.05","0.24","348,250.05","27,571,441.00","-","Taiwan","Taiwan Stock Exchange","CAD","-","TWD"
"7010","SAUDI TELECOM","Communication","Equity","347,987.12","0.24","347,987.12","5,132,382.00","-","Saudi Arabia","Saudi Stock Exchange","CAD","-","SAR"
"DELTA.R","DELTA ELECTRONICS (THAILAND) NON-V","Information Technology","Equity","336,140.69","0.23","336,140.69","8,008,200.00","-","Thailand","Stock Exchange Of Thailand","CAD","-","THB"
"2884","E.SUN FINANCIAL HOLDING","Financials","Equity","334,709.18","0.23","334,709.18","38,655,995.00","-","Taiwan","Taiwan Stock Exchange","CAD","-","TWD"
"2059","KING SLIDE WORKS","Information Technology","Equity","328,603.38","0.22","328,603.38","146,000.00","-","Taiwan","Taiwan Stock Exchange","CAD","-","TWD"
"MTN","MTN GROUP","Communication","Equity","315,953.55","0.22","315,953.55","4,445,954.00","-","South Africa","Johannesburg Stock Exchange","CAD","-","ZAR"
"028260","SAMSUNG C&T CORP","Industrials","Equity","314,332.15","0.22","314,332.15","209,321.00","-","Korea (South)","Korea Exchange (Stock Market)","CAD","-","KRW"
"EAND","EMIRATES TELECOM","Communication","Equity","311,527.57","0.21","311,527.57","8,927,620.00","-","United Arab Emirates","Abu Dhabi Securities Exchange","CAD","-","AED"
"XTSLA","BLK CSH FND TREASURY SL AGENCY","Cash and/or Derivatives","Money Market","308,503.88","0.21","308,503.88","52,859,292.00","-","United States","-","CAD","-","USD"
"000270","KIA CORPORATION","Consumer Discretionary","Equity","304,881.30","0.21","304,881.30","596,981.00","-","Korea (South)","Korea Exchange (Stock Market)","CAD","-","KRW"
"035420","NAVER","Communication","Equity","303,318.33","0.21","303,318.33","360,829.00","-","Korea (South)","Korea Exchange (Stock Market)","CAD","-","KRW"
"6669","WIWYNN CORPORATION","Information Technology","Equity","303,099.22","0.21","303,099.22","775,526.00","-","Taiwan","Taiwan Stock Exchange","CAD","-","TWD"
"FEMSAUBD","FOMENTO ECONOMICO MEXICANO","Consumer Staples","Equity","300,703.64","0.21","300,703.64","4,288,894.00","-","Mexico","Bolsa Mexicana De Valores","CAD","-","MXN"
"2357","ASUSTEK COMPUTER INC","Information Technology","Equity","300,572.18","0.21","300,572.18","1,732,000.00","-","Taiwan","Taiwan Stock Exchange","CAD","-","TWD"
"EMAAR","EMAAR PROPERTIES","Real Estate","Equity","299,067.64","0.20","299,067.64","15,949,903.00","-","United Arab Emirates","Dubai Financial Market","CAD","-","AED"
"2408","NANYA TECHNOLOGY CORP","Information Technology","Equity","296,306.88","0.20","296,306.88","3,317,000.00","-","Taiwan","Taiwan Stock Exchange","CAD","-","TWD"
"BBDC4","BANCO BRADESCO PREF","Financials","Equity","295,488.87","0.20","295,488.87","14,385,441.00","-","Brazil","XBSP","CAD","-","BRL"
"068270","CELLTRION","Health Care","Equity","295,459.66","0.20","295,459.66","387,931.00","-","Korea (South)","Korea Exchange (Stock Market)","CAD","-","KRW"
"QNBK","QATAR NATIONAL BANK","Financials","Equity","295,050.66","0.20","295,050.66","11,362,077.00","-","Qatar","Qatar Exchange","CAD","-","QAR"
"1211","SAUDI ARABIAN MINING","Materials","Equity","292,771.94","0.20","292,771.94","3,039,347.00","-","Saudi Arabia","Saudi Stock Exchange","CAD","-","SAR"
"2883","KGI FINANCIAL HOLDING","Financials","Equity","286,622.31","0.20","286,622.31","39,489,785.00","-","Taiwan","Taiwan Stock Exchange","CAD","-","TWD"
"SBIN","STATE BANK OF INDIA","Financials","Equity","285,716.66","0.20","285,716.66","4,750,221.00","-","India","National Stock Exchange Of India","CAD","-","INR"
"5274","ASPEED TECHNOLOGY","Information Technology","Equity","283,014.33","0.19","283,014.33","84,600.00","-","Taiwan","Gretai Securities Market","CAD","-","TWD"
"2886","MEGA FINANCIAL HOLDING LTD","Financials","Equity","280,238.97","0.19","280,238.97","29,496,666.00","-","Taiwan","Taiwan Stock Exchange","CAD","-","TWD"
"TCS","TATA CONSULTANCY SERVICES LTD","Information Technology","Equity","279,114.21","0.19","279,114.21","2,095,068.00","-","India","National Stock Exchange Of India","CAD","-","INR"
"SCCO","SOUTHERN COPPER CORP","Materials","Equity","270,919.58","0.19","270,919.58","236,708.00","-","Peru","New York Stock Exchange Inc.","CAD","-","USD"
"BBCA","BANK CENTRAL ASIA","Financials","Equity","270,291.47","0.18","270,291.47","129,384,527.00","-","Indonesia","Indonesia Stock Exchange","CAD","-","IDR"
"TITAN","TITAN COMPANY LTD","Consumer Discretionary","Equity","266,376.74","0.18","266,376.74","904,486.00","-","India","National Stock Exchange Of India","CAD","-","INR"
"SUNPHARMA","SUN PHARMACEUTICAL INDUSTRIES LTD","Health Care","Equity","265,193.56","0.18","265,193.56","2,334,516.00","-","India","National Stock Exchange Of India","CAD","-","INR"
"3231","WISTRON","Information Technology","Equity","264,580.06","0.18","264,580.06","7,750,000.00","-","Taiwan","Taiwan Stock Exchange","CAD","-","TWD"
"B3SA3","B3 BRASIL BOLSA BALCAO SA","Financials","Equity","264,156.45","0.18","264,156.45","13,262,019.00","-","Brazil","XBSP","CAD","-","BRL"
"3443","GLOBAL UNICHIP","Information Technology","Equity","262,958.66","0.18","262,958.66","221,000.00","-","Taiwan","Taiwan Stock Exchange","CAD","-","TWD"
"2890","SINOPAC FINANCIAL HOLDINGS","Financials","Equity","262,476.62","0.18","262,476.62","31,205,495.00","-","Taiwan","Taiwan Stock Exchange","CAD","-","TWD"
"AMXB","AMERICA MOVIL B","Communication","Equity","261,322.65","0.18","261,322.65","38,961,576.00","-","Mexico","Bolsa Mexicana De Valores","CAD","-","MXN"
"2412","CHUNGHWA TELECOM LTD","Communication","Equity","258,868.64","0.18","258,868.64","9,753,000.00","-","Taiwan","Taiwan Stock Exchange","CAD","-","TWD"
"3008","LARGAN PRECISION LTD","Information Technology","Equity","256,765.21","0.18","256,765.21","233,000.00","-","Taiwan","Taiwan Stock Exchange","CAD","-","TWD"
"2301","LITE ON TECHNOLOGY","Information Technology","Equity","255,362.92","0.17","255,362.92","5,018,000.00","-","Taiwan","Taiwan Stock Exchange","CAD","-","TWD"
"316140","WOORI FINANCIAL GROUP INC","Financials","Equity","254,793.24","0.17","254,793.24","1,661,658.00","-","Korea (South)","Korea Exchange (Stock Market)","CAD","-","KRW"
"PBBANK","PUBLIC BANK","Financials","Equity","254,457.27","0.17","254,457.27","37,231,500.00","-","Malaysia","Bursa Malaysia","CAD","-","MYR"
"005490","POSCO","Materials","Equity","252,719.02","0.17","252,719.02","183,238.00","-","Korea (South)","Korea Exchange (Stock Market)","CAD","-","KRW"
"2344","WINBOND ELECTRONICS","Information Technology","Equity","249,768.36","0.17","249,768.36","8,026,000.00","-","Taiwan","Taiwan Stock Exchange","CAD","-","TWD"
"ETE","NATIONAL BANK OF GREECE","Financials","Equity","245,722.17","0.17","245,722.17","2,105,412.00","-","Greece","Athens Exchange S.A. Cash Market","CAD","-","EUR"
"012330","HYUNDAI MOBIS LTD","Consumer Discretionary","Equity","243,487.27","0.17","243,487.27","151,293.00","-","Korea (South)","Korea Exchange (Stock Market)","CAD","-","KRW"
"032830","SAMSUNG LIFE LTD","Financials","Equity","242,362.52","0.17","242,362.52","204,545.00","-","Korea (South)","Korea Exchange (Stock Market)","CAD","-","KRW"
"EMIRATESNBD","EMIRATES NBD","Financials","Equity","240,142.23","0.16","240,142.23","4,846,690.00","-","United Arab Emirates","Dubai Financial Market","CAD","-","AED"
"ETERNAL","ETERNAL","Consumer Discretionary","Equity","238,418.58","0.16","238,418.58","12,158,137.00","-","India","National Stock Exchange Of India","CAD","-","INR"
"ITSA4","ITAUSA INVESTIMENTOS ITAU PREF SA","Financials","Equity","235,467.92","0.16","235,467.92","14,683,556.00","-","Brazil","XBSP","CAD","-","BRL"
"7769","HONPRECISION INC","Information Technology","Equity","231,348.70","0.16","231,348.70","206,000.00","-","Taiwan","Taiwan Stock Exchange","CAD","-","TWD"
"CEMEXCPO","CEMEX CPO","Materials","Equity","230,063.26","0.16","230,063.26","38,600,247.00","-","Mexico","Bolsa Mexicana De Valores","CAD","-","MXN"
"MARUTI","MARUTI SUZUKI INDIA LTD","Consumer Discretionary","Equity","228,456.47","0.16","228,456.47","304,378.00","-","India","National Stock Exchange Of India","CAD","-","INR"
"066570","LG ELECTRONICS INC","Consumer Discretionary","Equity","227,141.83","0.16","227,141.83","271,722.00","-","Korea (South)","Korea Exchange (Stock Market)","CAD","-","KRW"
"NTPC","NTPC LTD","Utilities","Equity","222,043.92","0.15","222,043.92","11,074,194.00","-","India","National Stock Exchange Of India","CAD","-","INR"
"ICT","INTERNATIONAL CONTAINER TERMINAL S","Industrials","Equity","220,495.55","0.15","220,495.55","2,534,900.00","-","Philippines","Philippine Stock Exchange Inc.","CAD","-","PHP"
"6223","MPI CORP","Information Technology","Equity","220,495.55","0.15","220,495.55","219,000.00","-","Taiwan","Gretai Securities Market","CAD","-","TWD"
"CIMB","CIMB GROUP HOLDINGS","Financials","Equity","220,378.70","0.15","220,378.70","20,126,900.00","-","Malaysia","Bursa Malaysia","CAD","-","MYR"
"SHFL","SHRIRAM FINANCE LTD","Financials","Equity","219,794.41","0.15","219,794.41","3,631,054.00","-","India","National Stock Exchange Of India","CAD","-","INR"
"3653","JENTECH PRECISION INDUSTRIAL LTD","Information Technology","Equity","219,575.30","0.15","219,575.30","224,000.00","-","Taiwan","Taiwan Stock Exchange","CAD","-","TWD"
"WEGE3","WEG","Industrials","Equity","218,815.73","0.15","218,815.73","3,785,282.00","-","Brazil","XBSP","CAD","-","BRL"
"HINDUNILVR","HINDUSTAN UNILEVER LTD","Consumer Staples","Equity","218,757.30","0.15","218,757.30","1,851,522.00","-","India","National Stock Exchange Of India","CAD","-","INR"
"BPAC11","BCO BTG PACTUAL UNT SA","Financials","Equity","218,056.15","0.15","218,056.15","3,151,402.00","-","Brazil","XBSP","CAD","-","BRL"
"TATASTEEL","TATA STEEL LTD","Materials","Equity","217,530.29","0.15","217,530.29","19,091,676.00","-","India","National Stock Exchange Of India","CAD","-","INR"
"AXIA3","AXIA ENERGIA SA","Utilities","Equity","216,595.43","0.15","216,595.43","3,454,633.00","-","Brazil","XBSP","CAD","-","BRL"
"BEL","BHARAT ELECTRONICS LTD","Industrials","Equity","214,842.57","0.15","214,842.57","8,930,647.00","-","India","National Stock Exchange Of India","CAD","-","INR"
"2892","FIRST FINANCIAL HOLDING LTD","Financials","Equity","213,367.24","0.15","213,367.24","28,604,111.00","-","Taiwan","Taiwan Stock Exchange","CAD","-","TWD"
"034730","SK INC","Industrials","Equity","211,921.13","0.15","211,921.13","93,077.00","-","Korea (South)","Korea Exchange (Stock Market)","CAD","-","KRW"
"ADCB","ABU DHABI COMMERCIAL BANK","Financials","Equity","210,694.13","0.14","210,694.13","8,114,330.00","-","United Arab Emirates","Abu Dhabi Securities Exchange","CAD","-","AED"
"000810","SAMSUNG FIRE & MARINE INSURANCE LT","Financials","Equity","209,072.73","0.14","209,072.73","74,318.00","-","Korea (South)","Korea Exchange (Stock Market)","CAD","-","KRW"
"2880","HUA NAN FINANCIAL HOLDINGS","Financials","Equity","203,142.21","0.14","203,142.21","23,168,100.00","-","Taiwan","Taiwan Stock Exchange","CAD","-","TWD"
"HINDALCO","HINDALCO INDUSTRIES LTD","Materials","Equity","200,030.88","0.14","200,030.88","3,353,467.00","-","India","National Stock Exchange Of India","CAD","-","INR"
"IMP","IMPALA PLATINUM","Materials","Equity","197,971.26","0.14","197,971.26","2,318,128.00","-","South Africa","Johannesburg Stock Exchange","CAD","-","ZAR"
"ABEV3","AMBEV SA","Consumer Staples","Equity","197,153.26","0.13","197,153.26","11,203,185.00","-","Brazil","XBSP","CAD","-","BRL"
"WALMEX*","WALMART DE MEXICO V","Consumer Staples","Equity","195,006.00","0.13","195,006.00","12,425,666.00","-","Mexico","Bolsa Mexicana De Valores","CAD","-","MXN"
"PEO","BANK PEKAO SA","Financials","Equity","194,743.07","0.13","194,743.07","465,329.00","-","Poland","Warsaw Stock Exchange/Equities/Main Market","CAD","-","PLN"
"EUROB","EUROBANK SA","Financials","Equity","192,084.57","0.13","192,084.57","6,127,764.00","-","Greece","Athens Exchange S.A. Cash Market","CAD","-","EUR"
"KGH","KGHM POLSKA MIEDZ SA","Materials","Equity","188,710.30","0.13","188,710.30","359,790.00","-","Poland","Warsaw Stock Exchange/Equities/Main Market","CAD","-","PLN"
"PTT.R","PTT NON-VOTING DR","Energy","Equity","188,184.45","0.13","188,184.45","25,466,400.00","-","Thailand","Stock Exchange Of Thailand","CAD","-","THB"
"6446","PHARMAESSENTIA","Health Care","Equity","188,126.02","0.13","188,126.02","860,028.00","-","Taiwan","Taiwan Stock Exchange","CAD","-","TWD"
"TPEIR","PIRAEUS BANK SA","Financials","Equity","186,972.05","0.13","186,972.05","2,686,973.00","-","Greece","Athens Exchange S.A. Cash Market","CAD","-","EUR"
"ALE","ALLEGRO SA","Consumer Discretionary","Equity","185,233.79","0.13","185,233.79","2,435,397.00","-","Poland","Warsaw Stock Exchange/Equities/Main Market","CAD","-","PLN"
"EMBJ3","EMBRAER","Industrials","Equity","185,146.15","0.13","185,146.15","1,711,111.00","-","Brazil","XBSP","CAD","-","BRL"
"MAYBANK","MALAYAN BANKING","Financials","Equity","184,050.61","0.13","184,050.61","12,477,100.00","-","Malaysia","Bursa Malaysia","CAD","-","MYR"
"SBSP3","COMPANHIA DE SANEAMENTO BASICO DE","Utilities","Equity","183,816.90","0.13","183,816.90","6,008,975.00","-","Brazil","XBSP","CAD","-","BRL"
"373220","LG ENERGY SOLUTION LTD","Industrials","Equity","183,218.00","0.13","183,218.00","118,833.00","-","Korea (South)","Korea Exchange (Stock Market)","CAD","-","KRW"
"267260","HD HYUNDAI ELECTRIC","Industrials","Equity","179,697.67","0.12","179,697.67","59,746.00","-","Korea (South)","Korea Exchange (Stock Market)","CAD","-","KRW"
"POWERGRID","POWER GRID CORPORATION OF INDIA","Utilities","Equity","177,798.73","0.12","177,798.73","11,080,959.00","-","India","National Stock Exchange Of India","CAD","-","INR"
"ULTRACEMCO","ULTRATECH CEMENT LTD","Materials","Equity","175,870.58","0.12","175,870.58","268,577.00","-","India","National Stock Exchange Of India","CAD","-","INR"
"BBRI","BANK RAKYAT INDONESIA (PERSERO)","Financials","Equity","174,833.47","0.12","174,833.47","159,586,471.00","-","Indonesia","Indonesia Stock Exchange","CAD","-","IDR"
"HCLTECH","HCL TECHNOLOGIES LTD","Information Technology","Equity","174,672.79","0.12","174,672.79","2,281,948.00","-","India","National Stock Exchange Of India","CAD","-","INR"
"207940","SAMSUNG BIOLOGICS","Health Care","Equity","173,796.36","0.12","173,796.36","29,472.00","-","Korea (South)","Korea Exchange (Stock Market)","CAD","-","KRW"
"4958","ZHEN DING TECHNOLOGY HOLDING LTD","Information Technology","Equity","173,489.61","0.12","173,489.61","1,991,000.00","-","Taiwan","Taiwan Stock Exchange","CAD","-","TWD"
"DIVISLAB","DIVIS LABORATORIES LTD","Health Care","Equity","172,949.15","0.12","172,949.15","304,944.00","-","India","National Stock Exchange Of India","CAD","-","INR"
"ABG","ABSA GROUP","Financials","Equity","171,985.07","0.12","171,985.07","2,169,592.00","-","South Africa","Johannesburg Stock Exchange","CAD","-","ZAR"
"HAR","HARMONY GOLD MINING COMPANY LIMITE","Materials","Equity","171,459.21","0.12","171,459.21","1,466,277.00","-","South Africa","Johannesburg Stock Exchange","CAD","-","ZAR"
"1216","UNI-PRESIDENT ENTERPRISES","Consumer Staples","Equity","171,371.57","0.12","171,371.57","12,400,000.00","-","Taiwan","Taiwan Stock Exchange","CAD","-","TWD"
"3481","INNOLUX CORP","Information Technology","Equity","169,735.56","0.12","169,735.56","19,117,636.00","-","Taiwan","Taiwan Stock Exchange","CAD","-","TWD"
"2010","SAUDI BASIC INDUSTRIES","Materials","Equity","169,531.06","0.12","169,531.06","2,273,198.00","-","Saudi Arabia","Saudi Stock Exchange","CAD","-","SAR"
"033780","KT&G CORP","Consumer Staples","Equity","168,786.10","0.12","168,786.10","229,898.00","-","Korea (South)","Korea Exchange (Stock Market)","CAD","-","KRW"
"PZU","PZU SA","Financials","Equity","168,537.77","0.12","168,537.77","1,481,944.00","-","Poland","Warsaw Stock Exchange/Equities/Main Market","CAD","-","PLN"
"8299","PHISON ELECTRONICS CORP","Information Technology","Equity","166,244.44","0.11","166,244.44","461,000.00","-","Taiwan","Gretai Securities Market","CAD","-","TWD"
"010120","LS ELECTRIC LTD","Industrials","Equity","164,944.40","0.11","164,944.40","193,302.00","-","Korea (South)","Korea Exchange (Stock Market)","CAD","-","KRW"
"3665","BIZLINK HOLDING INC","Industrials","Equity","163,366.83","0.11","163,366.83","444,000.00","-","Taiwan","Taiwan Stock Exchange","CAD","-","TWD"
"2379","REALTEK SEMICONDUCTOR","Information Technology","Equity","162,300.50","0.11","162,300.50","1,240,000.00","-","Taiwan","Taiwan Stock Exchange","CAD","-","TWD"
"329180","HD HYUNDAI HEAVY INDUSTRIES LTD","Industrials","Equity","161,862.29","0.11","161,862.29","81,617.00","-","Korea (South)","Korea Exchange (Stock Market)","CAD","-","KRW"
"298040","HYOSUNG HEAVY INDUSTRIES CORP","Industrials","Equity","161,833.07","0.11","161,833.07","13,391.00","-","Korea (South)","Korea Exchange (Stock Market)","CAD","-","KRW"
"2082","ACWA POWER CO","Utilities","Equity","161,467.89","0.11","161,467.89","577,394.00","-","Saudi Arabia","Saudi Stock Exchange","CAD","-","SAR"
"PFCIBEST","GRUPO CIBEST PREF SA","Financials","Equity","161,453.29","0.11","161,453.29","1,125,025.00","-","Colombia","Bolsa De Valores De Colombia","CAD","-","COP"
"EICHERMOT","EICHER MOTORS LTD","Consumer Discretionary","Equity","160,240.89","0.11","160,240.89","351,512.00","-","India","National Stock Exchange Of India","CAD","-","INR"
"009540","HD KOREA SHIPBUILDING & OFFSHORE E","Industrials","Equity","159,583.57","0.11","159,583.57","108,401.00","-","Korea (South)","Korea Exchange (Stock Market)","CAD","-","KRW"
"1010","RIYAD BANK","Financials","Equity","157,158.77","0.11","157,158.77","5,012,669.00","-","Saudi Arabia","Saudi Stock Exchange","CAD","-","SAR"
"010140","SAMSUNG HEAVY INDUSTRIES LTD","Industrials","Equity","154,836.23","0.11","154,836.23","1,704,957.00","-","Korea (South)","Korea Exchange (Stock Market)","CAD","-","KRW"
"ADANIPORTS","ADANI PORTS AND SPECIAL ECONOMIC Z","Industrials","Equity","153,594.62","0.11","153,594.62","1,452,471.00","-","India","National Stock Exchange Of India","CAD","-","INR"
"ADVANC.R","ADVANCED INFO SERVICE NON-VOTING D","Communication","Equity","152,805.83","0.10","152,805.83","2,503,300.00","-","Thailand","Stock Exchange Of Thailand","CAD","-","THB"
"2395","ADVANTECH","Information Technology","Equity","152,615.94","0.10","152,615.94","1,215,280.00","-","Taiwan","Taiwan Stock Exchange","CAD","-","TWD"
"PRIO3","PETRO RIO","Energy","Equity","152,528.29","0.10","152,528.29","2,129,600.00","-","Brazil","XBSP","CAD","-","BRL"
"TVSMOTOR","TVS MOTOR COMPANY","Consumer Discretionary","Equity","151,593.43","0.10","151,593.43","607,543.00","-","India","National Stock Exchange Of India","CAD","-","INR"
"SQM.B","SOCIEDAD QUIMICA Y MINERA DE CHILE","Materials","Equity","150,118.11","0.10","150,118.11","358,528.00","-","Chile","Santiago Stock Exchange","CAD","-","CLP"
"2368","GOLD CIRCUIT ELECTRONICS","Information Technology","Equity","147,985.46","0.10","147,985.46","851,000.00","-","Taiwan","Taiwan Stock Exchange","CAD","-","TWD"
"1150","ALINMA BANK","Financials","Equity","147,941.63","0.10","147,941.63","3,810,288.00","-","Saudi Arabia","Saudi Stock Exchange","CAD","-","SAR"
"PE&OLES*","INDUST PENOLES","Materials","Equity","146,510.13","0.10","146,510.13","491,330.00","-","Mexico","Bolsa Mexicana De Valores","CAD","-","MXN"
"ASIANPAINT","ASIAN PAINTS","Materials","Equity","146,174.16","0.10","146,174.16","979,113.00","-","India","National Stock Exchange Of India","CAD","-","INR"
"5880","TAIWAN COOPERATIVE FINANCIAL HOLDI","Financials","Equity","146,071.91","0.10","146,071.91","28,964,060.00","-","Taiwan","Taiwan Stock Exchange","CAD","-","TWD"
"QIBK","QATAR ISLAMIC BANK","Financials","Equity","145,882.02","0.10","145,882.02","4,350,148.00","-","Qatar","Qatar Exchange","CAD","-","QAR"
"3034","NOVATEK MICROELECTRONICS","Information Technology","Equity","145,356.16","0.10","145,356.16","1,457,000.00","-","Taiwan","Taiwan Stock Exchange","CAD","-","TWD"
"INDIGO","INTERGLOBE AVIATION LTD","Industrials","Equity","143,428.01","0.10","143,428.01","486,630.00","-","India","National Stock Exchange Of India","CAD","-","INR"
"196170","ALTEOGEN INC","Health Care","Equity","143,281.94","0.10","143,281.94","133,536.00","-","Korea (South)","Korea Exchange (Kosdaq)","CAD","-","KRW"
"2449","KING YUAN ELECTRONICS","Information Technology","Equity","142,683.04","0.10","142,683.04","2,941,400.00","-","Taiwan","Taiwan Stock Exchange","CAD","-","TWD"
"DSY","DISCOVERY","Financials","Equity","140,345.89","0.10","140,345.89","1,446,184.00","-","South Africa","Johannesburg Stock Exchange","CAD","-","ZAR"
"APOLLOHOSP","APOLLO HOSPITALS ENTERPRISE","Health Care","Equity","140,039.14","0.10","140,039.14","262,527.00","-","India","National Stock Exchange Of India","CAD","-","INR"
"CHILE","BANCO DE CHILE","Financials","Equity","139,834.64","0.10","139,834.64","115,951,025.00","-","Chile","Santiago Stock Exchange","CAD","-","CLP"
"ADIB","ABU DHABI ISLAMIC BANK","Financials","Equity","139,338.00","0.10","139,338.00","3,737,631.00","-","United Arab Emirates","Abu Dhabi Securities Exchange","CAD","-","AED"
"SLM","SANLAM LIMITED LTD","Financials","Equity","137,745.81","0.09","137,745.81","4,631,148.00","-","South Africa","Johannesburg Stock Exchange","CAD","-","ZAR"
"BID","BID CORPORATION","Consumer Staples","Equity","137,219.96","0.09","137,219.96","864,987.00","-","South Africa","Johannesburg Stock Exchange","CAD","-","ZAR"
"ASELS.E","ASELSAN ELEKTRONIK SANAYI VE TICAR","Industrials","Equity","135,043.48","0.09","135,043.48","2,965,886.00","-","Turkey","Istanbul Stock Exchange","CAD","-","TRY"
"BMRI","BANK MANDIRI (PERSERO)","Financials","Equity","134,912.02","0.09","134,912.02","94,266,200.00","-","Indonesia","Indonesia Stock Exchange","CAD","-","IDR"
"1060","SAUDI AWWAL BANK","Financials","Equity","133,816.48","0.09","133,816.48","2,578,611.00","-","Saudi Arabia","Saudi Stock Exchange","CAD","-","SAR"
"051910","LG CHEM LTD","Materials","Equity","133,553.55","0.09","133,553.55","117,969.00","-","Korea (South)","Korea Exchange (Stock Market)","CAD","-","KRW"
"SHP","SHOPRITE HOLDINGS LTD","Consumer Staples","Equity","133,188.37","0.09","133,188.37","1,185,287.00","-","South Africa","Johannesburg Stock Exchange","CAD","-","ZAR"
"GRASIM","GRASIM INDUSTRIES","Materials","Equity","131,946.76","0.09","131,946.76","683,512.00","-","India","National Stock Exchange Of India","CAD","-","INR"
"LTM","LATAM AIRLINES GROUP","Industrials","Equity","131,859.12","0.09","131,859.12","873,232,747.00","-","Chile","Santiago Stock Exchange","CAD","-","CLP"
"TECHM","TECH MAHINDRA","Information Technology","Equity","131,099.54","0.09","131,099.54","1,380,545.00","-","India","National Stock Exchange Of India","CAD","-","INR"
"NESTLEIND","NESTLE INDIA LTD","Consumer Staples","Equity","127,155.60","0.09","127,155.60","1,525,004.00","-","India","National Stock Exchange Of India","CAD","-","INR"
"ALPHA","ALPHA BANK SA","Financials","Equity","126,848.85","0.09","126,848.85","3,975,412.00","-","Greece","Athens Exchange S.A. Cash Market","CAD","-","EUR"
"TMCV","TATA MOTORS LTD","Industrials","Equity","126,542.10","0.09","126,542.10","4,769,687.00","-","India","National Stock Exchange Of India","CAD","-","INR"
"HAL","HINDUSTAN AERONAUTICS LTD","Industrials","Equity","125,694.88","0.09","125,694.88","431,522.00","-","India","National Stock Exchange Of India","CAD","-","INR"
"EQTL3","EQUATORIAL SA","Utilities","Equity","125,212.84","0.09","125,212.84","2,824,652.00","-","Brazil","XBSP","CAD","-","BRL"
"VBBR3","VIBRA ENERGIA SA","Consumer Discretionary","Equity","125,022.95","0.09","125,022.95","2,801,664.00","-","Brazil","XBSP","CAD","-","BRL"
"XP","XP CLASS A INC","Financials","Equity","125,008.34","0.09","125,008.34","1,060,912.00","-","Brazil","NASDAQ","CAD","-","USD"
"SBILIFE","SBI LIFE INSURANCE COMPANY LTD","Financials","Equity","124,833.06","0.09","124,833.06","1,161,394.00","-","India","National Stock Exchange Of India","CAD","-","INR"
"EBP","ERSTE BANK POLSKA SA","Financials","Equity","123,927.41","0.08","123,927.41","106,346.00","-","Poland","Warsaw Stock Exchange/Equities/Main Market","CAD","-","PLN"
"SSW","SIBANYE STILLWATER","Materials","Equity","123,445.37","0.08","123,445.37","7,263,948.00","-","South Africa","Johannesburg Stock Exchange","CAD","-","ZAR"
"2603","EVERGREEN MARINE CORP (TAIWAN) LTD","Industrials","Equity","123,240.87","0.08","123,240.87","2,776,400.00","-","Taiwan","Taiwan Stock Exchange","CAD","-","TWD"
"SOL","SASOL","Materials","Equity","123,094.80","0.08","123,094.80","1,497,603.00","-","South Africa","Johannesburg Stock Exchange","CAD","-","ZAR"
"3661","ALCHIP TECHNOLOGIES","Information Technology","Equity","123,036.37","0.08","123,036.37","203,976.00","-","Taiwan","Taiwan Stock Exchange","CAD","-","TWD"
"TUPRS.E","TURKIYE PETROL RAFINERILERI A","Energy","Equity","122,291.41","0.08","122,291.41","2,475,512.00","-","Turkey","Istanbul Stock Exchange","CAD","-","TRY"
"ITC","ITC LTD","Consumer Staples","Equity","121,911.62","0.08","121,911.62","7,528,217.00","-","India","National Stock Exchange Of India","CAD","-","INR"
"CEZ","CEZ","Utilities","Equity","120,816.08","0.08","120,816.08","318,284.00","-","Czech Republic","Prague Stock Exchange","CAD","-","CZK"
"2020","SABIC AGRI-NUTRIENTS","Materials","Equity","119,413.79","0.08","119,413.79","605,223.00","-","Saudi Arabia","Saudi Stock Exchange","CAD","-","SAR"
"ALDAR","ALDAR PROPERTIES","Real Estate","Equity","119,311.54","0.08","119,311.54","9,235,836.00","-","United Arab Emirates","Abu Dhabi Securities Exchange","CAD","-","AED"
"JSWSTEEL","JSW STEEL","Materials","Equity","118,727.25","0.08","118,727.25","1,557,000.00","-","India","National Stock Exchange Of India","CAD","-","INR"
"TRENT","TRENT LTD","Consumer Discretionary","Equity","118,566.57","0.08","118,566.57","698,810.00","-","India","National Stock Exchange Of India","CAD","-","INR"
"042660","HANWHA OCEAN LTD","Industrials","Equity","118,347.46","0.08","118,347.46","335,149.00","-","Korea (South)","Korea Exchange (Stock Market)","CAD","-","KRW"
"NED","NEDBANK GROUP LTD","Financials","Equity","118,084.53","0.08","118,084.53","1,131,114.00","-","South Africa","Johannesburg Stock Exchange","CAD","-","ZAR"
"BAJAJ.AUTO","BAJAJ AUTO","Consumer Discretionary","Equity","117,660.93","0.08","117,660.93","168,183.00","-","India","National Stock Exchange Of India","CAD","-","INR"
"ADANIENT","ADANI ENTERPRISES","Industrials","Equity","117,398.00","0.08","117,398.00","660,158.00","-","India","National Stock Exchange Of India","CAD","-","INR"
"MAXHEALTH","MAX HEALTHCARE INSTITUTE","Health Care","Equity","116,740.67","0.08","116,740.67","1,850,495.00","-","India","National Stock Exchange Of India","CAD","-","INR"
"CHOLAFIN","CHOLAMANDALAM INVESTMENT AND FINAN","Financials","Equity","116,623.82","0.08","116,623.82","1,086,452.00","-","India","National Stock Exchange Of India","CAD","-","INR"
"1301","FORMOSA PLASTICS CORP","Materials","Equity","115,148.49","0.08","115,148.49","9,737,000.00","-","Taiwan","Taiwan Stock Exchange","CAD","-","TWD"
"GAPB","GRUPO AEROPORTUARIO DEL PACIFICO","Industrials","Equity","114,067.56","0.08","114,067.56","979,256.00","-","Mexico","Bolsa Mexicana De Valores","CAD","-","MXN"
"035720","KAKAO","Communication","Equity","112,592.23","0.08","112,592.23","795,703.00","-","Korea (South)","Korea Exchange (Stock Market)","CAD","-","KRW"
"BBAS3","BANCO DO BRASIL SA","Financials","Equity","112,051.76","0.08","112,051.76","4,346,137.00","-","Brazil","XBSP","CAD","-","BRL"
"PPC","PUBLIC POWER CORPORATION SA","Utilities","Equity","111,525.91","0.08","111,525.91","674,089.00","-","Greece","Athens Exchange S.A. Cash Market","CAD","-","EUR"
"TENAGA","TENAGA NASIONAL","Utilities","Equity","111,131.51","0.08","111,131.51","5,859,900.00","-","Malaysia","Bursa Malaysia","CAD","-","MYR"
"000150","DOOSAN CORP","Industrials","Equity","111,014.65","0.08","111,014.65","18,705.00","-","Korea (South)","Korea Exchange (Stock Market)","CAD","-","KRW"
"6488","GLOBALWAFERS LTD","Information Technology","Equity","111,014.65","0.08","111,014.65","665,000.00","-","Taiwan","Gretai Securities Market","CAD","-","TWD"
"AOT.R","AIRPORTS OF THAILAND NON-VOTING DR","Industrials","Equity","110,795.55","0.08","110,795.55","10,259,400.00","-","Thailand","Stock Exchange Of Thailand","CAD","-","THB"
"BAJAJFINSV","BAJAJ FINSERV LTD","Financials","Equity","110,474.19","0.08","110,474.19","976,795.00","-","India","National Stock Exchange Of India","CAD","-","INR"
"CIPLA","CIPLA LTD","Health Care","Equity","109,962.94","0.08","109,962.94","1,313,353.00","-","India","National Stock Exchange Of India","CAD","-","INR"
"BIMAS.E","BIM BIRLESIK MAGAZALAR A","Consumer Staples","Equity","109,553.94","0.07","109,553.94","2,185,834.00","-","Turkey","Istanbul Stock Exchange","CAD","-","TRY"
"1326","FORMOSA CHEMICALS & FIBRE CORP","Materials","Equity","107,932.54","0.07","107,932.54","8,595,000.00","-","Taiwan","Taiwan Stock Exchange","CAD","-","TWD"
"CUMMINSIND","CUMMINS INDIA LTD","Industrials","Equity","107,450.50","0.07","107,450.50","351,842.00","-","India","National Stock Exchange Of India","CAD","-","INR"
"MOTHERSON","SAMVARDHANA MOTHERSON INTERNATIONA","Consumer Discretionary","Equity","107,246.00","0.07","107,246.00","10,891,398.00","-","India","National Stock Exchange Of India","CAD","-","INR"
"PAYTM","ONE COMMUNICATIONS LTD","Financials","Equity","107,231.39","0.07","107,231.39","999,844.00","-","India","National Stock Exchange Of India","CAD","-","INR"
"LAURUSLABS","LAURUS LABS LTD","Health Care","Equity","106,661.71","0.07","106,661.71","899,981.00","-","India","National Stock Exchange Of India","CAD","-","INR"
"ADANIPOWER","ADANI POWER LTD","Utilities","Equity","105,069.53","0.07","105,069.53","8,387,744.00","-","India","National Stock Exchange Of India","CAD","-","INR"
"COALINDIA","COAL INDIA","Energy","Equity","104,777.38","0.07","104,777.38","4,120,177.00","-","India","National Stock Exchange Of India","CAD","-","INR"
"TORNTPHARM","TORRENT PHARMACEUTICALS LTD","Health Care","Equity","104,660.53","0.07","104,660.53","352,896.00","-","India","National Stock Exchange Of India","CAD","-","INR"
"1050","BANQUE SAUDI FRANSI","Financials","Equity","104,602.10","0.07","104,602.10","3,159,276.00","-","Saudi Arabia","Saudi Stock Exchange","CAD","-","SAR"
"003550","LG","Industrials","Equity","104,353.77","0.07","104,353.77","220,954.00","-","Korea (South)","Korea Exchange (Stock Market)","CAD","-","KRW"
"GULF.R","GULF DEVELOPMENT NON-VOTING DR PCL","Utilities","Equity","104,076.24","0.07","104,076.24","9,755,365.00","-","Thailand","Stock Exchange Of Thailand","CAD","-","THB"
"CIBEST","GRUPO CIBEST SA","Financials","Equity","104,017.81","0.07","104,017.81","631,114.00","-","Colombia","Bolsa De Valores De Colombia","CAD","-","COP"
"CPALL.R","CP ALL NON-VOTING DR","Consumer Staples","Equity","103,871.74","0.07","103,871.74","13,125,400.00","-","Thailand","Stock Exchange Of Thailand","CAD","-","THB"
"2002","CHINA STEEL CORP","Materials","Equity","103,638.02","0.07","103,638.02","30,277,000.00","-","Taiwan","Taiwan Stock Exchange","CAD","-","TWD"
"PMETAL","PRESS METAL ALUMINIUM HOLDINGS","Materials","Equity","102,527.88","0.07","102,527.88","9,474,200.00","-","Malaysia","Bursa Malaysia","CAD","-","MYR"
"267250","HD HYUNDAI LTD","Energy","Equity","101,943.59","0.07","101,943.59","108,473.00","-","Korea (South)","Korea Exchange (Stock Market)","CAD","-","KRW"
"2801","CHANG HWA COMMERCIAL BANK LTD","Financials","Equity","101,607.62","0.07","101,607.62","18,753,387.00","-","Taiwan","Taiwan Stock Exchange","CAD","-","TWD"
"3045","TAIWAN MOBILE","Communication","Equity","101,081.76","0.07","101,081.76","4,453,000.00","-","Taiwan","Taiwan Stock Exchange","CAD","-","TWD"
"017670","SK TELECOM","Communication","Equity","100,190.73","0.07","100,190.73","270,747.00","-","Korea (South)","Korea Exchange (Stock Market)","CAD","-","KRW"
"042700","HANMI SEMICONDUCTOR","Information Technology","Equity","100,059.26","0.07","100,059.26","105,046.00","-","Korea (South)","Korea Exchange (Stock Market)","CAD","-","KRW"
"079550","LIG DEFENSE&AEROSPACE LTD","Industrials","Equity","99,869.37","0.07","99,869.37","33,393.00","-","Korea (South)","Korea Exchange (Stock Market)","CAD","-","KRW"
"HEROMOTOCO","HERO MOTOCORP LTD","Consumer Discretionary","Equity","99,840.15","0.07","99,840.15","308,196.00","-","India","National Stock Exchange Of India","CAD","-","INR"
"000720","HYUNDAI ENGINEERING & CONSTRUCTION","Industrials","Equity","99,372.72","0.07","99,372.72","187,740.00","-","Korea (South)","Korea Exchange (Stock Market)","CAD","-","KRW"
"NPH","NORTHAM PLATINUM HLDGS LTD","Materials","Equity","99,124.40","0.07","99,124.40","921,667.00","-","South Africa","Johannesburg Stock Exchange","CAD","-","ZAR"
"TLKM","TELEKOMUNIKASI INDONESIA","Communication","Equity","98,656.97","0.07","98,656.97","115,782,100.00","-","Indonesia","Indonesia Stock Exchange","CAD","-","IDR"
"7020","ETIHAD ETISALAT","Communication","Equity","98,540.11","0.07","98,540.11","981,755.00","-","Saudi Arabia","Saudi Stock Exchange","CAD","-","SAR"
"096770","SK INNOVATION LTD","Energy","Equity","97,941.22","0.07","97,941.22","166,327.00","-","Korea (South)","Korea Exchange (Stock Market)","CAD","-","KRW"
"JIOFIN","JIO FINANCIAL SERVICES","Financials","Equity","97,634.47","0.07","97,634.47","6,999,127.00","-","India","National Stock Exchange Of India","CAD","-","INR"
"FEDERALBNK","FEDERAL BANK LTD","Financials","Equity","97,313.11","0.07","97,313.11","4,807,613.00","-","India","National Stock Exchange Of India","CAD","-","INR"
"INDHOTEL","INDIAN HOTELS LTD","Consumer Discretionary","Equity","96,845.68","0.07","96,845.68","2,190,834.00","-","India","National Stock Exchange Of India","CAD","-","INR"
"ONGC","OIL AND NATURAL GAS LTD","Energy","Equity","96,699.61","0.07","96,699.61","6,838,721.00","-","India","National Stock Exchange Of India","CAD","-","INR"
"POLICYBZR","PB FINTECH","Financials","Equity","96,378.25","0.07","96,378.25","897,610.00","-","India","National Stock Exchange Of India","CAD","-","INR"
"LPP","LPP SA","Consumer Discretionary","Equity","96,100.71","0.07","96,100.71","2,791.00","-","Poland","Warsaw Stock Exchange/Equities/Main Market","CAD","-","PLN"
"064350","HYUNDAI-ROTEM","Industrials","Equity","94,537.74","0.06","94,537.74","182,989.00","-","Korea (South)","Korea Exchange (Stock Market)","CAD","-","KRW"
"GGBR4","GERDAU PREF SA","Materials","Equity","94,289.42","0.06","94,289.42","3,206,819.00","-","Brazil","XBSP","CAD","-","BRL"
"278470","APR LTD","Consumer Staples","Equity","93,821.99","0.06","93,821.99","62,921.00","-","Korea (South)","Korea Exchange (Stock Market)","CAD","-","KRW"
"MOL","MOL HUNGARIAN OIL AND GAS","Energy","Equity","93,705.13","0.06","93,705.13","967,905.00","-","Hungary","Budapest Stock Exchange","CAD","-","HUF"
"5347","VANGUARD INTERNATIONAL SEMICONDUCT","Information Technology","Equity","93,486.02","0.06","93,486.02","3,085,718.00","-","Taiwan","Gretai Securities Market","CAD","-","TWD"
"138040","MERITZ FINANCIAL GROUP INC","Financials","Equity","93,398.38","0.06","93,398.38","174,919.00","-","Korea (South)","Korea Exchange (Stock Market)","CAD","-","KRW"
"BDMS.R","BANGKOK DUSIT MEDICAL SERVICES NON","Health Care","Equity","92,697.24","0.06","92,697.24","26,237,100.00","-","Thailand","Stock Exchange Of Thailand","CAD","-","THB"
"DRREDDY","DR REDDYS LABORATORIES","Health Care","Equity","92,682.63","0.06","92,682.63","1,296,655.00","-","India","National Stock Exchange Of India","CAD","-","INR"
"2376","GIGABYTE TECHNOLOGY LTD","Information Technology","Equity","91,309.55","0.06","91,309.55","1,405,000.00","-","Taiwan","Taiwan Stock Exchange","CAD","-","TWD"
"018260","SAMSUNG SDS","Information Technology","Equity","91,294.95","0.06","91,294.95","100,057.00","-","Korea (South)","Korea Exchange (Stock Market)","CAD","-","KRW"
"TATAPOWER","TATA POWER LTD","Utilities","Equity","91,207.30","0.06","91,207.30","4,063,011.00","-","India","National Stock Exchange Of India","CAD","-","INR"
"RENT3","LOCALIZA RENT A CAR","Industrials","Equity","91,163.48","0.06","91,163.48","2,195,054.00","-","Brazil","XBSP","CAD","-","BRL"
"TMPV","TATA MOTORS PASSENGER VEHICLES LTD","Consumer Discretionary","Equity","91,134.27","0.06","91,134.27","4,763,708.00","-","India","National Stock Exchange Of India","CAD","-","INR"
"086520","ECOPRO LTD","Industrials","Equity","90,608.41","0.06","90,608.41","260,650.00","-","Korea (South)","Korea Exchange (Kosdaq)","CAD","-","KRW"
"COMI","COMMERCIAL INTERNATIONAL BANK EGYP","Financials","Equity","90,520.76","0.06","90,520.76","6,095,951.00","-","Egypt","Egyptian Exchange","CAD","-","EGP"
"CGPOWER","CG POWER AND INDUSTRIAL SOLUTIONS","Industrials","Equity","90,520.76","0.06","90,520.76","1,690,854.00","-","India","National Stock Exchange Of India","CAD","-","INR"
"005830","DB INSURANCE LTD","Financials","Equity","90,097.16","0.06","90,097.16","110,635.00","-","Korea (South)","Korea Exchange (Stock Market)","CAD","-","KRW"
"AUBANK","AU SMALL FINANCE BANK","Financials","Equity","89,658.94","0.06","89,658.94","1,418,037.00","-","India","National Stock Exchange Of India","CAD","-","INR"
"REM","REMGRO","Financials","Equity","89,615.12","0.06","89,615.12","1,275,517.00","-","South Africa","Johannesburg Stock Exchange","CAD","-","ZAR"
"PERSISTENT","PERSISTENT SYSTEMS LTD","Information Technology","Equity","89,571.30","0.06","89,571.30","269,038.00","-","India","National Stock Exchange Of India","CAD","-","INR"
"5876","SHANGHAI COMMERCIAL","Financials","Equity","89,352.19","0.06","89,352.19","9,771,794.00","-","Taiwan","Taiwan Stock Exchange","CAD","-","TWD"
"2280","ALMARAI","Consumer Staples","Equity","88,957.80","0.06","88,957.80","1,253,426.00","-","Saudi Arabia","Saudi Stock Exchange","CAD","-","SAR"
"TATACONSUM","TATA CONSUMER PRODUCTS LTD","Consumer Staples","Equity","88,475.76","0.06","88,475.76","1,434,715.00","-","India","National Stock Exchange Of India","CAD","-","INR"
"GVT&D","GE VERNOVA T&D INDIA LTD","Industrials","Equity","88,125.19","0.06","88,125.19","333,679.00","-","India","National Stock Exchange Of India","CAD","-","INR"
"VOD","VODACOM GROUP LTD","Communication","Equity","87,789.22","0.06","87,789.22","1,583,370.00","-","South Africa","Johannesburg Stock Exchange","CAD","-","ZAR"
"CPLE3","CIA PARANAENSE DE ENERGIA COPEL","Utilities","Equity","87,745.40","0.06","87,745.40","4,812,476.00","-","Brazil","XBSP","CAD","-","BRL"
"DMART","AVENUE SUPERMARTS LTD","Consumer Staples","Equity","87,292.58","0.06","87,292.58","386,653.00","-","India","National Stock Exchange Of India","CAD","-","INR"
"KOFUBL","COCA-COLA FEMSA CLASS UBL UNITS","Consumer Staples","Equity","87,204.93","0.06","87,204.93","1,331,149.00","-","Mexico","Bolsa Mexicana De Valores","CAD","-","MXN"
"071050","KOREA INVESTMENT HOLDINGS LTD","Financials","Equity","86,854.36","0.06","86,854.36","110,779.00","-","Korea (South)","Korea Exchange (Stock Market)","CAD","-","KRW"
"INDUSINDBK","INDUSIND BANK","Financials","Equity","86,489.18","0.06","86,489.18","1,483,712.00","-","India","National Stock Exchange Of India","CAD","-","INR"
"047810","KOREA AEROSPACE INDUSTRIES","Industrials","Equity","86,386.93","0.06","86,386.93","156,820.00","-","Korea (South)","Korea Exchange (Stock Market)","CAD","-","KRW"
"AC*","ARCA CONTINENTAL","Consumer Staples","Equity","86,328.50","0.06","86,328.50","1,268,769.00","-","Mexico","Bolsa Mexicana De Valores","CAD","-","MXN"
"ADNOCGAS","ADNOC GAS PLC","Energy","Equity","86,050.96","0.06","86,050.96","16,609,933.00","-","United Arab Emirates","Abu Dhabi Securities Exchange","CAD","-","AED"
"4904","FAR EASTONE TELECOMMUNICATIONS LTD","Communication","Equity","85,890.29","0.06","85,890.29","4,406,000.00","-","Taiwan","Taiwan Stock Exchange","CAD","-","TWD"
"BVN","BUENAVENTURA ADR REPRESENTING","Materials","Equity","85,641.96","0.06","85,641.96","422,755.00","-","Peru","New York Stock Exchange Inc.","CAD","-","USD"
"BCI","BANCO DE CREDITO E INVERSION","Financials","Equity","85,320.60","0.06","85,320.60","213,434.00","-","Chile","Santiago Stock Exchange","CAD","-","CLP"
"VAML","VEDANTA ALUMINIUM METAL LTD","Materials","Equity","85,203.75","0.06","85,203.75","3,464,333.00","-","India","National Stock Exchange Of India","CAD","-","INR"
"BSANTANDER","BANCO SANTANDER CHILE","Financials","Equity","84,955.42","0.06","84,955.42","170,383,569.00","-","Chile","Santiago Stock Exchange","CAD","-","CLP"
"DIB","DB ISLAMIC BANK","Financials","Equity","84,780.14","0.06","84,780.14","7,268,228.00","-","United Arab Emirates","Dubai Financial Market","CAD","-","AED"
"086280","HYUNDAI GLOVIS LTD","Industrials","Equity","84,414.96","0.06","84,414.96","97,015.00","-","Korea (South)","Korea Exchange (Stock Market)","CAD","-","KRW"
"UGPA3","ULTRAPAR PARTICIPOES SA","Consumer Discretionary","Equity","84,312.71","0.06","84,312.71","1,916,066.00","-","Brazil","XBSP","CAD","-","BRL"
"VBL","VARUN BEVERAGES","Consumer Staples","Equity","84,312.71","0.06","84,312.71","3,335,962.00","-","India","National Stock Exchange Of India","CAD","-","INR"
"PTTEP.R","PTT EXPLORATION AND PRODUCTION NON","Energy","Equity","84,239.67","0.06","84,239.67","3,189,900.00","-","Thailand","Stock Exchange Of Thailand","CAD","-","THB"
"BRITANNIA","BRITANNIA INDUSTRIES LTD","Consumer Staples","Equity","84,078.99","0.06","84,078.99","277,430.00","-","India","National Stock Exchange Of India","CAD","-","INR"
"4938","PEGATRON","Information Technology","Equity","83,772.24","0.06","83,772.24","5,062,000.00","-","Taiwan","Taiwan Stock Exchange","CAD","-","TWD"
"SCC.R","SIAM CEMENT NON-VOTING DR PCL","Materials","Equity","83,392.46","0.06","83,392.46","1,840,900.00","-","Thailand","Stock Exchange Of Thailand","CAD","-","THB"
"SUZB3","SUZANO SA","Materials","Equity","83,114.92","0.06","83,114.92","1,549,460.00","-","Brazil","XBSP","CAD","-","BRL"
"1590","AIRTAC INTERNATIONAL GROUP","Industrials","Equity","81,683.41","0.06","81,683.41","358,439.00","-","Taiwan","Taiwan Stock Exchange","CAD","-","TWD"
"1080","ARAB NATIONAL BANK","Financials","Equity","81,435.09","0.06","81,435.09","2,303,902.00","-","Saudi Arabia","Saudi Stock Exchange","CAD","-","SAR"
"HDFCLIFE","HDFC LIFE INSURANCE COMPANY LTD","Financials","Equity","81,347.45","0.06","81,347.45","2,400,581.00","-","India","National Stock Exchange Of India","CAD","-","INR"
"BHEL","BHARAT HEAVY ELECTRICALS LTD","Industrials","Equity","80,865.41","0.06","80,865.41","3,096,855.00","-","India","National Stock Exchange Of India","CAD","-","INR"
"TWD","TWD CASH","Cash and/or Derivatives","Cash","79,667.62","0.05","79,667.62","435,235,038.00","-","Taiwan","-","CAD","-","TWD"
"GAMUDA","GAMUDA","Industrials","Equity","79,638.41","0.05","79,638.41","11,800,400.00","-","Malaysia","Bursa Malaysia","CAD","-","MYR"
"RICHTER","GEDEON RICHTER","Health Care","Equity","79,623.80","0.05","79,623.80","337,263.00","-","Hungary","Budapest Stock Exchange","CAD","-","HUF"
"NRP","NEPI ROCKCASTLE","Real Estate","Equity","79,433.91","0.05","79,433.91","1,527,355.00","-","South Africa","Johannesburg Stock Exchange","CAD","-","ZAR"
"RDOR3","REDE DOR SAO LUIZ SA","Health Care","Equity","78,440.62","0.05","78,440.62","1,866,782.00","-","Brazil","XBSP","CAD","-","BRL"
"4013","DR SULAIMAN AL HABIB MEDICAL GRP","Health Care","Equity","78,411.40","0.05","78,411.40","221,374.00","-","Saudi Arabia","Saudi Stock Exchange","CAD","-","SAR"
"5871","CHAILEASE HOLDING LTD","Financials","Equity","78,206.90","0.05","78,206.90","3,814,184.00","-","Taiwan","Taiwan Stock Exchange","CAD","-","TWD"
"MBK","MBANK SA","Financials","Equity","77,870.94","0.05","77,870.94","35,245.00","-","Poland","Warsaw Stock Exchange/Equities/Main Market","CAD","-","PLN"
"RADL3","RAIA DROGASIL","Consumer Staples","Equity","77,768.69","0.05","77,768.69","3,378,514.00","-","Brazil","XBSP","CAD","-","BRL"
"INDUSTOWER","INDUS TOWERS LTD","Communication","Equity","77,681.04","0.05","77,681.04","3,348,145.00","-","India","National Stock Exchange Of India","CAD","-","INR"
"LUPIN","LUPIN","Health Care","Equity","77,023.72","0.05","77,023.72","603,515.00","-","India","National Stock Exchange Of India","CAD","-","INR"
"BBSE3","BB SEGURIDADE SA","Financials","Equity","76,819.22","0.05","76,819.22","1,679,811.00","-","Brazil","XBSP","CAD","-","BRL"
"BPCL","BHARAT PETROLEUM","Energy","Equity","76,643.93","0.05","76,643.93","4,103,951.00","-","India","National Stock Exchange Of India","CAD","-","INR"
"ENEV3","ENEVA","Utilities","Equity","76,527.08","0.05","76,527.08","2,453,583.00","-","Brazil","XBSP","CAD","-","BRL"
"MOH","MOTOR OIL (HELLAS) CORINTH REFINER","Energy","Equity","76,395.61","0.05","76,395.61","162,911.00","-","Greece","Athens Exchange S.A. Cash Market","CAD","-","EUR"
"HDFCAMC","HDFC ASSET MANAGEMENT COMPANY LTD","Financials","Equity","76,074.25","0.05","76,074.25","523,743.00","-","India","National Stock Exchange Of India","CAD","-","INR"
"DIXON","DIXON TECHNOLOGIES (INDIA) LTD","Consumer Discretionary","Equity","75,796.72","0.05","75,796.72","93,758.00","-","India","National Stock Exchange Of India","CAD","-","INR"
"BBDC3","BANCO BRADESCO","Financials","Equity","75,679.86","0.05","75,679.86","4,171,896.00","-","Brazil","XBSP","CAD","-","BRL"
"011070","LG INNOTEK LTD","Information Technology","Equity","75,241.64","0.05","75,241.64","35,130.00","-","Korea (South)","Korea Exchange (Stock Market)","CAD","-","KRW"
"2356","INVENTEC","Information Technology","Equity","74,409.03","0.05","74,409.03","6,609,000.00","-","Taiwan","Taiwan Stock Exchange","CAD","-","TWD"
"PFC","POWER FINANCE CORPORATION LTD","Financials","Equity","73,503.39","0.05","73,503.39","3,502,835.00","-","India","National Stock Exchange Of India","CAD","-","INR"
"1140","BANK ALBILAD","Financials","Equity","73,021.35","0.05","73,021.35","1,899,078.00","-","Saudi Arabia","Saudi Stock Exchange","CAD","-","SAR"
"BHARATFORG","BHARAT FORGE","Consumer Discretionary","Equity","71,706.70","0.05","71,706.70","614,341.00","-","India","National Stock Exchange Of India","CAD","-","INR"
"010950","S-OIL","Energy","Equity","71,619.06","0.05","71,619.06","111,390.00","-","Korea (South)","Korea Exchange (Stock Market)","CAD","-","KRW"
"FUNO11","FIBRA UNO ADMINISTRACION REIT","Real Estate","Equity","71,516.81","0.05","71,516.81","7,073,628.00","-","Mexico","Bolsa Mexicana De Valores","CAD","-","MXN"
"KTB.R","KRUNG THAI BANK PUBLIC NON-VOTING","Financials","Equity","71,137.02","0.05","71,137.02","9,039,100.00","-","Thailand","Stock Exchange Of Thailand","CAD","-","THB"
"PIDILITIND","PIDILITE INDUSTRIES LTD","Materials","Equity","71,122.41","0.05","71,122.41","753,481.00","-","India","National Stock Exchange Of India","CAD","-","INR"
"BSE","BSE LTD","Financials","Equity","71,122.41","0.05","71,122.41","358,713.00","-","India","National Stock Exchange Of India","CAD","-","INR"
"BRL","BRL CASH","Cash and/or Derivatives","Cash","70,508.91","0.05","70,508.91","62,304,374.00","-","Brazil","-","CAD","-","BRL"
"ASHOKLEY","ASHOK LEYLAND","Industrials","Equity","70,085.30","0.05","70,085.30","7,263,440.00","-","India","National Stock Exchange Of India","CAD","-","INR"
"NAUKRI","INFO EDGE INDIA LTD","Communication","Equity","69,953.84","0.05","69,953.84","909,039.00","-","India","National Stock Exchange Of India","CAD","-","INR"
"DNP","DINO POLSKA","Consumer Staples","Equity","69,471.80","0.05","69,471.80","1,249,128.00","-","Poland","Warsaw Stock Exchange/Equities/Main Market","CAD","-","PLN"
"AUROPHARMA","AUROBINDO PHARMA","Health Care","Equity","68,785.26","0.05","68,785.26","669,072.00","-","India","National Stock Exchange Of India","CAD","-","INR"
"VIVT3","TELEFONICA BRASIL SA","Communication","Equity","68,770.66","0.05","68,770.66","1,966,501.00","-","Brazil","XBSP","CAD","-","BRL"
"AKBNK.E","AKBANK A","Financials","Equity","68,741.44","0.05","68,741.44","8,013,398.00","-","Turkey","Istanbul Stock Exchange","CAD","-","TRY"
"ASII","ASTRA INTERNATIONAL","Industrials","Equity","68,741.44","0.05","68,741.44","42,646,100.00","-","Indonesia","Indonesia Stock Exchange","CAD","-","IDR"
"ITUB3","ITAU UNIBANCO HOLDING SA","Financials","Equity","68,712.23","0.05","68,712.23","1,297,763.00","-","Brazil","XBSP","CAD","-","BRL"
"SUZLON","SUZLON ENERGY","Industrials","Equity","68,536.94","0.05","68,536.94","26,484,265.00","-","India","National Stock Exchange Of India","CAD","-","INR"
"015760","KOREA ELECTRIC POWER","Utilities","Equity","68,317.83","0.05","68,317.83","521,719.00","-","Korea (South)","Korea Exchange (Stock Market)","CAD","-","KRW"
"006800","MIRAE ASSET SECURITIES CO LTD","Financials","Equity","68,230.19","0.05","68,230.19","507,935.00","-","Korea (South)","Korea Exchange (Stock Market)","CAD","-","KRW"
"SOLARINDS","SOLAR INDUSTRIES INDIA LTD","Materials","Equity","68,157.15","0.05","68,157.15","59,544.00","-","India","National Stock Exchange Of India","CAD","-","INR"
"FORTIS","FORTIS HEALTHCARE LTD","Health Care","Equity","67,324.54","0.05","67,324.54","1,249,069.00","-","India","National Stock Exchange Of India","CAD","-","INR"
"2207","HOTAI MOTOR LTD","Consumer Discretionary","Equity","66,857.11","0.05","66,857.11","686,591.00","-","Taiwan","Taiwan Stock Exchange","CAD","-","TWD"
"DEWA","DUBAI ELECTRICITY AND WATER AUTHOR","Utilities","Equity","66,827.90","0.05","66,827.90","15,238,413.00","-","United Arab Emirates","Dubai Financial Market","CAD","-","AED"
"POLYCAB","POLYCAB INDIA","Industrials","Equity","66,725.65","0.05","66,725.65","133,620.00","-","India","National Stock Exchange Of India","CAD","-","INR"
"OUT","OUTSURANCE GROUP","Financials","Equity","66,667.22","0.05","66,667.22","2,172,104.00","-","South Africa","Johannesburg Stock Exchange","CAD","-","ZAR"
"KBANK.R","KASIKORNBANK PUBLIC NON-VOTING DR","Financials","Equity","66,477.33","0.05","66,477.33","1,502,300.00","-","Thailand","Stock Exchange Of Thailand","CAD","-","THB"
"MARICO","MARICO","Consumer Staples","Equity","66,477.33","0.05","66,477.33","1,337,607.00","-","India","National Stock Exchange Of India","CAD","-","INR"
"FALABELLA","FALABELLA SACI","Consumer Discretionary","Equity","66,214.40","0.05","66,214.40","1,646,544.00","-","Chile","Santiago Stock Exchange","CAD","-","CLP"
"003670","POSCO FUTURE M LTD","Industrials","Equity","65,922.25","0.05","65,922.25","85,650.00","-","Korea (South)","Korea Exchange (Stock Market)","CAD","-","KRW"
"BVT","BIDVEST GROUP","Industrials","Equity","65,907.65","0.05","65,907.65","798,091.00","-","South Africa","Johannesburg Stock Exchange","CAD","-","ZAR"
"005387","HYUNDAI MOTOR S2 PREF","Consumer Discretionary","Equity","65,805.40","0.05","65,805.40","90,050.00","-","Korea (South)","Korea Exchange (Stock Market)","CAD","-","KRW"
"FIBRAPL14","PROLOGIS PROPERTY MEXICO REIT","Real Estate","Equity","65,177.29","0.04","65,177.29","2,533,625.00","-","Mexico","Bolsa Mexicana De Valores","CAD","-","MXN"
"BDO","BDO UNIBANK","Financials","Equity","64,505.36","0.04","64,505.36","6,060,604.00","-","Philippines","Philippine Stock Exchange Inc.","CAD","-","PHP"
"LENSKART","LENSKART SOLUTIONS LTD","Consumer Discretionary","Equity","64,388.50","0.04","64,388.50","1,556,638.00","-","India","National Stock Exchange Of India","CAD","-","INR"
"IQCD","INDUSTRIES QATAR","Industrials","Equity","64,227.82","0.04","64,227.82","3,863,614.00","-","Qatar","Qatar Exchange","CAD","-","QAR"
"GCARSOA1","GRUPO CARSO SERIES A1","Industrials","Equity","64,008.71","0.04","64,008.71","1,450,694.00","-","Mexico","Bolsa Mexicana De Valores","CAD","-","MXN"
"ASURB","GRUPO AEROPORTUARIO DEL SURESTE B","Industrials","Equity","63,643.53","0.04","63,643.53","444,820.00","-","Mexico","Bolsa Mexicana De Valores","CAD","-","MXN"
"DLF","DLF LTD","Real Estate","Equity","63,512.07","0.04","63,512.07","1,631,388.00","-","India","National Stock Exchange Of India","CAD","-","INR"
"272210","HANWHA SYSTEMS LTD","Industrials","Equity","63,380.60","0.04","63,380.60","193,598.00","-","Korea (South)","Korea Exchange (Stock Market)","CAD","-","KRW"
"JINDALSTEL","JINDAL STEEL LTD","Materials","Equity","63,351.39","0.04","63,351.39","922,917.00","-","India","National Stock Exchange Of India","CAD","-","INR"
"ADNOCDRILL","ADNOC DRILLING COMPANY","Energy","Equity","63,205.32","0.04","63,205.32","6,954,579.00","-","United Arab Emirates","Abu Dhabi Securities Exchange","CAD","-","AED"
"YTLPOWR","YTL POWER INTERNATIONAL","Utilities","Equity","63,088.46","0.04","63,088.46","7,828,520.00","-","Malaysia","Bursa Malaysia","CAD","-","MYR"
"UNITDSPR","UNITED SPIRITS","Consumer Staples","Equity","62,810.92","0.04","62,810.92","742,870.00","-","India","National Stock Exchange Of India","CAD","-","INR"
"NYKAA","FSN E-COMMERCE VENTURES","Consumer Discretionary","Equity","62,752.49","0.04","62,752.49","3,186,118.00","-","India","National Stock Exchange Of India","CAD","-","INR"
"CDR","CD PROJEKT RED","Communication","Equity","62,723.28","0.04","62,723.28","170,308.00","-","Poland","Warsaw Stock Exchange/Equities/Main Market","CAD","-","PLN"
"POWERINDIA","HITACHI ENERGY INDIA LTD","Industrials","Equity","62,168.21","0.04","62,168.21","32,721.00","-","India","National Stock Exchange Of India","CAD","-","INR"
"ISA","INTERCONEXION ELECTRICA SA","Utilities","Equity","61,788.42","0.04","61,788.42","1,168,235.00","-","Colombia","Bolsa De Valores De Colombia","CAD","-","COP"
"BIMBOA","GRUPO BIMBO A","Consumer Staples","Equity","61,759.20","0.04","61,759.20","3,297,334.00","-","Mexico","Bolsa Mexicana De Valores","CAD","-","MXN"
"WIPRO","WIPRO","Information Technology","Equity","61,671.56","0.04","61,671.56","6,092,202.00","-","India","National Stock Exchange Of India","CAD","-","INR"
"APLAPOLLO","APL APOLLO TUBES LTD","Materials","Equity","61,583.92","0.04","61,583.92","471,190.00","-","India","National Stock Exchange Of India","CAD","-","INR"
"GAIL","GAIL INDIA LTD","Utilities","Equity","61,174.92","0.04","61,174.92","5,846,632.00","-","India","National Stock Exchange Of India","CAD","-","INR"
"AMBANK","AMMB HOLDINGS","Financials","Equity","60,824.34","0.04","60,824.34","6,394,500.00","-","Malaysia","Bursa Malaysia","CAD","-","MYR"
"JBS","JBS N V NV CLASS A","Consumer Staples","Equity","60,137.81","0.04","60,137.81","854,337.00","-","Brazil","New York Stock Exchange Inc.","CAD","-","USD"
"3533","LOTES","Information Technology","Equity","59,772.63","0.04","59,772.63","210,000.00","-","Taiwan","Taiwan Stock Exchange","CAD","-","TWD"
"259960","KRAFTON","Communication","Equity","59,363.63","0.04","59,363.63","69,222.00","-","Korea (South)","Korea Exchange (Stock Market)","CAD","-","KRW"
"IOC","INDIAN OIL CORP","Energy","Equity","59,349.02","0.04","59,349.02","7,265,831.00","-","India","National Stock Exchange Of India","CAD","-","INR"
"TRUE.R","TRUE CORPORATION NON-VOTING DR","Communication","Equity","59,144.52","0.04","59,144.52","26,629,482.00","-","Thailand","Stock Exchange Of Thailand","CAD","-","THB"
"RECLTD","REC","Financials","Equity","59,115.30","0.04","59,115.30","3,129,713.00","-","India","National Stock Exchange Of India","CAD","-","INR"
"7203","AL-ELM INFORMATION SECURITY COMPAN","Information Technology","Equity","59,100.70","0.04","59,100.70","61,500.00","-","Saudi Arabia","Saudi Stock Exchange","CAD","-","SAR"
"247540","ECOPRO BM LTD","Industrials","Equity","59,027.66","0.04","59,027.66","136,051.00","-","Korea (South)","Korea Exchange (Kosdaq)","CAD","-","KRW"
"IDEA","VODAFONE IDEA LTD","Communication","Equity","58,735.52","0.04","58,735.52","67,898,847.00","-","India","National Stock Exchange Of India","CAD","-","INR"
"PPH","PEPKOR HOLDINGS SHS LTD","Consumer Discretionary","Equity","58,531.02","0.04","58,531.02","9,063,618.00","-","South Africa","Johannesburg Stock Exchange","CAD","-","ZAR"
"003230","SAM YANG FOODS INC","Consumer Staples","Equity","58,078.19","0.04","58,078.19","10,674.00","-","Korea (South)","Korea Exchange (Stock Market)","CAD","-","KRW"
"RNI","REINET INVESTMENTS S.C.A.","Financials","Equity","57,888.30","0.04","57,888.30","380,948.00","-","South Africa","Johannesburg Stock Exchange","CAD","-","ZAR"
"PHOENIXLTD","PHOENIX MILLS","Real Estate","Equity","57,786.05","0.04","57,786.05","507,347.00","-","India","National Stock Exchange Of India","CAD","-","INR"
"ICICIGI","ICICI LOMBARD GENERAL INSURANCE CO","Financials","Equity","57,333.23","0.04","57,333.23","633,966.00","-","India","National Stock Exchange Of India","CAD","-","INR"
"003490","KOREAN AIR LINES LTD","Industrials","Equity","57,187.15","0.04","57,187.15","460,516.00","-","Korea (South)","Korea Exchange (Stock Market)","CAD","-","KRW"
"CPN.R","CENTRAL PATTANA NON-VOTING DR PCL","Real Estate","Equity","56,997.26","0.04","56,997.26","5,111,800.00","-","Thailand","Stock Exchange Of Thailand","CAD","-","THB"
"MIL","BANK MILLENNIUM SA","Financials","Equity","56,851.19","0.04","56,851.19","1,643,629.00","-","Poland","Warsaw Stock Exchange/Equities/Main Market","CAD","-","PLN"
"BAAKOMB","KOMERCNI BANK","Financials","Equity","56,705.12","0.04","56,705.12","191,002.00","-","Czech Republic","Prague Stock Exchange","CAD","-","CZK"
"ZAIN","MOBILE TEL","Communication","Equity","56,223.08","0.04","56,223.08","4,878,783.00","-","Kuwait","Kuwait Stock Exchange","CAD","-","KWD"
"IDFCFIRSTB","IDFC FIRST BANK LTD","Financials","Equity","56,223.08","0.04","56,223.08","10,705,523.00","-","India","National Stock Exchange Of India","CAD","-","INR"
"CBQK","COMMERCIAL BANK OF QATAR","Financials","Equity","56,018.58","0.04","56,018.58","8,380,360.00","-","Qatar","Qatar Exchange","CAD","-","QAR"
"GFINBURO","GRUPO FINANCIERO INBURSA SRIES O","Financials","Equity","55,872.51","0.04","55,872.51","3,888,184.00","-","Mexico","Bolsa Mexicana De Valores","CAD","-","MXN"
"SIGMAFA","ALFA A","Consumer Staples","Equity","55,682.61","0.04","55,682.61","9,099,219.00","-","Mexico","Bolsa Mexicana De Valores","CAD","-","MXN"
"8069","E INK HOLDINGS","Information Technology","Equity","55,054.50","0.04","55,054.50","2,067,000.00","-","Taiwan","Gretai Securities Market","CAD","-","TWD"
"GEKTERNA","GEK TERNA","Industrials","Equity","54,996.08","0.04","54,996.08","191,346.00","-","Greece","Athens Exchange S.A. Cash Market","CAD","-","EUR"
"VEDL","VEDANTA LTD","Materials","Equity","54,908.43","0.04","54,908.43","3,506,206.00","-","India","National Stock Exchange Of India","CAD","-","INR"
"CMIG4","CIA ENERGETICA DE MINAS GERAIS PRE","Utilities","Equity","54,616.29","0.04","54,616.29","4,278,233.00","-","Brazil","XBSP","CAD","-","BRL"
"SRF","SRF LTD","Materials","Equity","54,411.79","0.04","54,411.79","352,669.00","-","India","National Stock Exchange Of India","CAD","-","INR"
"YESBANK","YES BANK","Financials","Equity","54,075.82","0.04","54,075.82","38,432,245.00","-","India","National Stock Exchange Of India","CAD","-","INR"
"SCB.R","SCB X PUBLIC COMPANY LIMITED NON-V","Financials","Equity","53,929.75","0.04","53,929.75","2,042,100.00","-","Thailand","Stock Exchange Of Thailand","CAD","-","THB"
"024110","INDUSTRIAL BANK OF KOREA","Financials","Equity","53,637.61","0.04","53,637.61","630,089.00","-","Korea (South)","Korea Exchange (Stock Market)","CAD","-","KRW"
"BOUBYAN","BOUBYAN BANK","Financials","Equity","53,608.39","0.04","53,608.39","4,311,310.00","-","Kuwait","Kuwait Stock Exchange","CAD","-","KWD"
"8210","BUPA ARABIA","Financials","Equity","53,579.18","0.04","53,579.18","212,604.00","-","Saudi Arabia","Saudi Stock Exchange","CAD","-","SAR"
"GODREJCP","GODREJ CONSUMER PRODUCTS LTD","Consumer Staples","Equity","53,462.32","0.04","53,462.32","1,006,746.00","-","India","National Stock Exchange Of India","CAD","-","INR"
"5110","SAUDI ENERGY","Utilities","Equity","53,389.28","0.04","53,389.28","2,130,334.00","-","Saudi Arabia","Saudi Stock Exchange","CAD","-","SAR"
"ABB","ABB INDIA LTD","Industrials","Equity","53,214.00","0.04","53,214.00","122,671.00","-","India","National Stock Exchange Of India","CAD","-","INR"
"HLBANK","HONG LEONG BANK","Financials","Equity","53,155.57","0.04","53,155.57","1,616,100.00","-","Malaysia","Bursa Malaysia","CAD","-","MYR"
"RAIL3","RUMO SA","Industrials","Equity","52,936.46","0.04","52,936.46","3,130,709.00","-","Brazil","XBSP","CAD","-","BRL"
"DU","EMIRATES INTEGRATED TELECOMMUNICAT","Communication","Equity","52,717.35","0.04","52,717.35","2,806,494.00","-","United Arab Emirates","Dubai Financial Market","CAD","-","AED"
"HINDPETRO","HINDUSTAN PETROLEUM CORP LTD","Energy","Equity","52,425.21","0.04","52,425.21","2,458,201.00","-","India","National Stock Exchange Of India","CAD","-","INR"
"ADNOCLS","ADNOC LOGISTICS & SERVICES PLC","Energy","Equity","51,913.96","0.04","51,913.96","4,433,075.00","-","United Arab Emirates","Abu Dhabi Securities Exchange","CAD","-","AED"
"BOSCHLTD","BOSCH LTD","Consumer Discretionary","Equity","51,899.35","0.04","51,899.35","17,873.00","-","India","National Stock Exchange Of India","CAD","-","INR"
"PGE","PGE POLSKA GRUPA ENERGETYCZNA SA","Utilities","Equity","51,373.49","0.04","51,373.49","2,342,869.00","-","Poland","Warsaw Stock Exchange/Equities/Main Market","CAD","-","PLN"
"011200","HMM LTD","Industrials","Equity","51,227.42","0.04","51,227.42","584,466.00","-","Korea (South)","Korea Exchange (Stock Market)","CAD","-","KRW"
"1519","FORTUNE ELECTRIC","Industrials","Equity","51,008.31","0.03","51,008.31","395,241.00","-","Taiwan","Taiwan Stock Exchange","CAD","-","TWD"
"2618","EVA AIRWAYS","Industrials","Equity","50,613.92","0.03","50,613.92","6,576,000.00","-","Taiwan","Taiwan Stock Exchange","CAD","-","TWD"
"BH.R","BUMRUNGRAD HOSPITAL NON-VOTING DR","Health Care","Equity","50,511.67","0.03","50,511.67","1,458,500.00","-","Thailand","Stock Exchange Of Thailand","CAD","-","THB"
"IHH","IHH HEALTHCARE","Health Care","Equity","50,307.17","0.03","50,307.17","4,593,900.00","-","Malaysia","Bursa Malaysia","CAD","-","MYR"
"KIMBERA","KIMBERLY-CLARK DE MEXICO CLASS A","Consumer Staples","Equity","50,117.27","0.03","50,117.27","3,775,007.00","-","Mexico","Bolsa Mexicana De Valores","CAD","-","MXN"
"OMAB","GRUPO AEROPORTUARIO DEL CENTRO NOR","Industrials","Equity","50,073.45","0.03","50,073.45","705,894.00","-","Mexico","Bolsa Mexicana De Valores","CAD","-","MXN"
"2912","PRESIDENT CHAIN STORE CORP","Consumer Staples","Equity","50,000.42","0.03","50,000.42","1,256,000.00","-","Taiwan","Taiwan Stock Exchange","CAD","-","TWD"
"EMAARDEV","EMAAR DEVELOPMENT","Real Estate","Equity","49,971.20","0.03","49,971.20","2,357,055.00","-","United Arab Emirates","Dubai Financial Market","CAD","-","AED"
"ZAB","ZABKA GROUP SOCIETE ANONYME SA","Consumer Staples","Equity","49,795.92","0.03","49,795.92","1,026,722.00","-","Poland","Warsaw Stock Exchange/Equities/Main Market","CAD","-","PLN"
"PETGAS","PETRONAS GAS","Utilities","Equity","49,781.31","0.03","49,781.31","2,037,700.00","-","Malaysia","Bursa Malaysia","CAD","-","MYR"
"MUTHOOTFIN","MUTHOOT FINANCE LTD","Financials","Equity","49,620.63","0.03","49,620.63","294,455.00","-","India","National Stock Exchange Of India","CAD","-","INR"
"ADNOCDIST","ABU DHABI NATIONAL OIL COMPANY FOR","Consumer Discretionary","Equity","49,416.13","0.03","49,416.13","7,641,526.00","-","United Arab Emirates","Abu Dhabi Securities Exchange","CAD","-","AED"
"RHBBANK","RHB BANK","Financials","Equity","49,401.52","0.03","49,401.52","4,441,900.00","-","Malaysia","Bursa Malaysia","CAD","-","MYR"
"ORDS","OOREDOO","Communication","Equity","49,328.49","0.03","49,328.49","2,445,948.00","-","Qatar","Qatar Exchange","CAD","-","QAR"
"SDG","SD GUTHRIE","Consumer Staples","Equity","48,948.70","0.03","48,948.70","5,457,100.00","-","Malaysia","Bursa Malaysia","CAD","-","MYR"
"SIEMENS","SIEMENS LTD","Industrials","Equity","48,700.38","0.03","48,700.38","212,720.00","-","India","National Stock Exchange Of India","CAD","-","INR"
"ABCAPITAL","ADITYA BIRLA CAPITAL LTD","Financials","Equity","48,452.05","0.03","48,452.05","2,041,899.00","-","India","National Stock Exchange Of India","CAD","-","INR"
"LODHA","LODHA DEVELOPERS LTD","Real Estate","Equity","48,320.59","0.03","48,320.59","719,989.00","-","India","National Stock Exchange Of India","CAD","-","INR"
"QGTS","QATAR GAS TRANSPORT COMPANY LTD","Energy","Equity","48,072.27","0.03","48,072.27","7,306,124.00","-","Qatar","Qatar Exchange","CAD","-","QAR"
"ACP","ASSECO POLAND SA","Information Technology","Equity","47,663.27","0.03","47,663.27","136,970.00","-","Poland","Warsaw Stock Exchange/Equities/Main Market","CAD","-","PLN"
"SUNDARMFIN","SUNDARAM FINANCE LTD","Financials","Equity","47,590.23","0.03","47,590.23","167,776.00","-","India","National Stock Exchange Of India","CAD","-","INR"
"TIMS3","TIM","Communication","Equity","47,327.30","0.03","47,327.30","2,146,889.00","-","Brazil","XBSP","CAD","-","BRL"
"MOTV3","MOTIVA INFRAESTRUTURA DE MOBILIDAD","Industrials","Equity","47,312.69","0.03","47,312.69","2,597,000.00","-","Brazil","XBSP","CAD","-","BRL"
"NATIONALUM","NATIONAL ALUMINIUM CO LTD","Materials","Equity","47,152.01","0.03","47,152.01","2,178,720.00","-","India","National Stock Exchange Of India","CAD","-","INR"
"HTO","HELLENIC TELECOMMUNICATIONS ORGANI","Communication","Equity","47,093.58","0.03","47,093.58","354,818.00","-","Greece","Athens Exchange S.A. Cash Market","CAD","-","EUR"
"MALLPLAZA","PLAZA SA","Real Estate","Equity","46,816.05","0.03","46,816.05","1,969,797.00","-","Chile","Santiago Stock Exchange","CAD","-","CLP"
"BAJAJHLDNG","BAJAJ HOLDINGS AND INVESTMENT LTD","Financials","Equity","46,684.58","0.03","46,684.58","69,707.00","-","India","National Stock Exchange Of India","CAD","-","INR"
"MARK","MASRAF AL RAYAN","Financials","Equity","46,260.97","0.03","46,260.97","14,732,504.00","-","Qatar","Qatar Exchange","CAD","-","QAR"
"KCHOL.E","KOC HOLDING A","Industrials","Equity","46,246.37","0.03","46,246.37","1,763,580.00","-","Turkey","Istanbul Stock Exchange","CAD","-","TRY"
"THYAO.E","TURK HAVA YOLLARI AO A","Industrials","Equity","45,778.94","0.03","45,778.94","1,319,903.00","-","Turkey","Istanbul Stock Exchange","CAD","-","TRY"
"AIRARABIA","AIR ARABIA","Industrials","Equity","45,778.94","0.03","45,778.94","5,832,514.00","-","United Arab Emirates","Dubai Financial Market","CAD","-","AED"
"MPHASIS","MPHASIS LTD","Information Technology","Equity","45,530.62","0.03","45,530.62","322,641.00","-","India","National Stock Exchange Of India","CAD","-","INR"
"AUGO","AURA MINERALS INC","Materials","Equity","45,311.51","0.03","45,311.51","87,524.00","-","Brazil","NASDAQ","CAD","-","USD"
"IOICORP","IOI CORPORATION","Consumer Staples","Equity","45,019.36","0.03","45,019.36","6,506,100.00","-","Malaysia","Bursa Malaysia","CAD","-","MYR"
"LTM","LTM LTD","Information Technology","Equity","44,975.54","0.03","44,975.54","173,308.00","-","India","National Stock Exchange Of India","CAD","-","INR"
"BELA","JUMBO","Consumer Discretionary","Equity","44,858.68","0.03","44,858.68","265,770.00","-","Greece","Athens Exchange S.A. Cash Market","CAD","-","EUR"
"090430","AMOREPACIFIC","Consumer Staples","Equity","44,829.47","0.03","44,829.47","74,160.00","-","Korea (South)","Korea Exchange (Stock Market)","CAD","-","KRW"
"161390","HANKOOK TIRE & TECHNOLOGY LTD","Consumer Discretionary","Equity","44,610.36","0.03","44,610.36","179,292.00","-","Korea (South)","Korea Exchange (Stock Market)","CAD","-","KRW"
"ZAR","ZAR CASH","Cash and/or Derivatives","Cash","44,595.76","0.03","44,595.76","124,289,715.00","-","South Africa","-","CAD","-","ZAR"
"QIIK","QATAR INTERNATIONAL ISLAMIC BANK","Financials","Equity","44,362.04","0.03","44,362.04","2,603,420.00","-","Qatar","Qatar Exchange","CAD","-","QAR"
"BPI","BANK OF THE PHILIPPINE ISLANDS","Financials","Equity","44,289.00","0.03","44,289.00","4,760,858.00","-","Philippines","Philippine Stock Exchange Inc.","CAD","-","PHP"
"ADANIENSOL","ADANI ENERGY SOLUTIONS LTD","Utilities","Equity","44,259.79","0.03","44,259.79","524,691.00","-","India","National Stock Exchange Of India","CAD","-","INR"
"UPL","UPL","Materials","Equity","44,215.97","0.03","44,215.97","1,310,010.00","-","India","National Stock Exchange Of India","CAD","-","INR"
"SWB","SUNWAY BHD","Industrials","Equity","43,646.29","0.03","43,646.29","6,796,100.00","-","Malaysia","Bursa Malaysia","CAD","-","MYR"
"PINFRA*","PROMOTORA Y OPERADORA DE INFRAESTR","Industrials","Equity","43,485.61","0.03","43,485.61","494,868.00","-","Mexico","Bolsa Mexicana De Valores","CAD","-","MXN"
"ENGI11","ENERGISA UNITS","Utilities","Equity","43,412.57","0.03","43,412.57","736,209.00","-","Brazil","XBSP","CAD","-","BRL"
"UNIONBANK","UNION BANK OF INDIA LTD","Financials","Equity","42,959.75","0.03","42,959.75","3,964,795.00","-","India","National Stock Exchange Of India","CAD","-","INR"
"TIINDIA","TUBE INVESTMENTS OF INDIA LTD","Consumer Discretionary","Equity","42,959.75","0.03","42,959.75","271,730.00","-","India","National Stock Exchange Of India","CAD","-","INR"
"CLS","CLICKS GROUP","Consumer Staples","Equity","42,842.89","0.03","42,842.89","578,900.00","-","South Africa","Johannesburg Stock Exchange","CAD","-","ZAR"
"000100","YUHAN","Health Care","Equity","42,740.64","0.03","42,740.64","130,547.00","-","Korea (South)","Korea Exchange (Stock Market)","CAD","-","KRW"
"KLBN11","KLABIN UNITS SA","Materials","Equity","42,711.43","0.03","42,711.43","1,922,285.00","-","Brazil","XBSP","CAD","-","BRL"
"MRF","MRF LTD","Consumer Discretionary","Equity","42,696.82","0.03","42,696.82","5,634.00","-","India","National Stock Exchange Of India","CAD","-","INR"
"LTF","L&T FINANCE LTD","Financials","Equity","42,594.57","0.03","42,594.57","2,316,154.00","-","India","National Stock Exchange Of India","CAD","-","INR"
"ENRIN","SIEMENS ENERGY INDIA LTD","Industrials","Equity","42,492.32","0.03","42,492.32","224,691.00","-","India","National Stock Exchange Of India","CAD","-","INR"
"PCHEM","PETRONAS CHEMICALS GROUP","Materials","Equity","42,185.57","0.03","42,185.57","6,096,200.00","-","Malaysia","Bursa Malaysia","CAD","-","MYR"
"005385","HYUNDAI MOTOR S1 PREF","Consumer Discretionary","Equity","41,995.68","0.03","41,995.68","57,525.00","-","Korea (South)","Korea Exchange (Stock Market)","CAD","-","KRW"
"BBNI","BANK NEGARA INDONESIA","Financials","Equity","41,908.03","0.03","41,908.03","34,055,900.00","-","Indonesia","Indonesia Stock Exchange","CAD","-","IDR"
"AXIA7","AXIA ENERGIA PRF SA","Utilities","Equity","41,908.03","0.03","41,908.03","666,634.00","-","Brazil","XBSP","CAD","-","BRL"
"8010","THE COOPERATIVE INSURANCE","Financials","Equity","41,659.71","0.03","41,659.71","288,903.00","-","Saudi Arabia","Saudi Stock Exchange","CAD","-","SAR"
"352820","HYBE","Communication","Equity","41,645.10","0.03","41,645.10","59,529.00","-","Korea (South)","Korea Exchange (Stock Market)","CAD","-","KRW"
"PNB","PUNJAB NATIONAL BANK","Financials","Equity","41,382.17","0.03","41,382.17","5,839,920.00","-","India","National Stock Exchange Of India","CAD","-","INR"
"OFSS","ORACLE FINANCIAL SERVICES SOFTWARE","Information Technology","Equity","41,177.67","0.03","41,177.67","58,247.00","-","India","National Stock Exchange Of India","CAD","-","INR"
"SMPH","SM PRIME HOLDINGS","Real Estate","Equity","40,987.78","0.03","40,987.78","25,618,400.00","-","Philippines","Philippine Stock Exchange Inc.","CAD","-","PHP"
"GROWW","BILLIONBRAINS GARAGE VENTURES LTD","Financials","Equity","40,783.28","0.03","40,783.28","3,576,088.00","-","India","National Stock Exchange Of India","CAD","-","INR"
"4300","DAR AL ARKAN REAL ESTATE DEVELOPME","Real Estate","Equity","40,666.42","0.03","40,666.42","1,376,157.00","-","Saudi Arabia","Saudi Stock Exchange","CAD","-","SAR"
"SALIK","SALIK COMPANY P.J.S.C","Industrials","Equity","39,877.63","0.03","39,877.63","4,717,908.00","-","United Arab Emirates","Dubai Financial Market","CAD","-","AED"
"CENCOSUD","CENCOSUD","Consumer Staples","Equity","39,687.74","0.03","39,687.74","3,115,628.00","-","Chile","Santiago Stock Exchange","CAD","-","CLP"
"005940","NH INVESTMENT & SECURITIES","Financials","Equity","39,527.06","0.03","39,527.06","368,447.00","-","Korea (South)","Korea Exchange (Stock Market)","CAD","-","KRW"
"GMRAIRPORT","GMR AIRPORTS LTD","Industrials","Equity","39,424.81","0.03","39,424.81","6,818,252.00","-","India","National Stock Exchange Of India","CAD","-","INR"
"KLK","KUALA LUMPUR KEPONG","Consumer Staples","Equity","39,410.20","0.03","39,410.20","1,224,800.00","-","Malaysia","Bursa Malaysia","CAD","-","MYR"
"COPEC","EMPRESAS COPEC SA","Consumer Discretionary","Equity","39,395.60","0.03","39,395.60","1,005,364.00","-","Chile","Santiago Stock Exchange","CAD","-","CLP"
"2615","WAN HAI LINES","Industrials","Equity","39,395.60","0.03","39,395.60","1,786,015.00","-","Taiwan","Taiwan Stock Exchange","CAD","-","TWD"
"NMDC","NMDC LTD","Materials","Equity","39,351.77","0.03","39,351.77","8,005,993.00","-","India","National Stock Exchange Of India","CAD","-","INR"
"MANKIND","MANKIND PHARMA LTD","Health Care","Equity","39,030.42","0.03","39,030.42","278,909.00","-","India","National Stock Exchange Of India","CAD","-","INR"
"PRESTIGE","PRESTIGE ESTATES PROJECTS","Real Estate","Equity","38,811.31","0.03","38,811.31","443,075.00","-","India","National Stock Exchange Of India","CAD","-","INR"
"MISC","MISC","Industrials","Equity","38,709.06","0.03","38,709.06","3,372,800.00","-","Malaysia","Bursa Malaysia","CAD","-","MYR"
"4250","JABAL OMAR DEVELOPMENT","Consumer Discretionary","Equity","38,519.16","0.03","38,519.16","1,453,327.00","-","Saudi Arabia","Saudi Stock Exchange","CAD","-","SAR"
"EREGL.E","EREGLI DEMIR VE CELIK FABRIKALARI","Materials","Equity","38,080.95","0.03","38,080.95","8,788,891.00","-","Turkey","Istanbul Stock Exchange","CAD","-","TRY"
"BANKBARODA","BANK OF BARODA LTD","Financials","Equity","37,861.84","0.03","37,861.84","2,679,419.00","-","India","National Stock Exchange Of India","CAD","-","INR"
"4190","JARIR MARKETING","Consumer Discretionary","Equity","37,774.20","0.03","37,774.20","1,479,094.00","-","Saudi Arabia","Saudi Stock Exchange","CAD","-","SAR"
"ALKEM","ALKEM LABORATORIES LTD","Health Care","Equity","37,292.16","0.03","37,292.16","114,607.00","-","India","National Stock Exchange Of India","CAD","-","INR"
"GODREJPROP","GODREJ PROPERTIES LTD","Real Estate","Equity","37,189.91","0.03","37,189.91","364,246.00","-","India","National Stock Exchange Of India","CAD","-","INR"
"COROMANDEL","COROMANDEL INTERNATIONAL LTD","Materials","Equity","37,014.62","0.03","37,014.62","315,322.00","-","India","National Stock Exchange Of India","CAD","-","INR"
"VOLTAS","VOLTAS LTD","Industrials","Equity","37,000.02","0.03","37,000.02","535,859.00","-","India","National Stock Exchange Of India","CAD","-","INR"
"323410","KAKAOBANK","Financials","Equity","36,970.80","0.03","36,970.80","422,880.00","-","Korea (South)","Korea Exchange (Stock Market)","CAD","-","KRW"
"BDX","BUDIMEX SA","Industrials","Equity","36,737.09","0.03","36,737.09","33,336.00","-","Poland","Warsaw Stock Exchange/Equities/Main Market","CAD","-","PLN"
"1030","SAUDI INVESTMENT BANK","Financials","Equity","36,664.05","0.03","36,664.05","1,604,380.00","-","Saudi Arabia","Saudi Stock Exchange","CAD","-","SAR"
"JSL","JINDAL STAINLESS LTD","Materials","Equity","36,605.62","0.03","36,605.62","830,633.00","-","India","National Stock Exchange Of India","CAD","-","INR"
"AMBUJACEM","AMBUJA CEMENTS LTD","Materials","Equity","36,532.59","0.03","36,532.59","1,566,635.00","-","India","National Stock Exchange Of India","CAD","-","INR"
"ISCTR.E","TURKIYE IS BANKASI C","Financials","Equity","36,269.66","0.02","36,269.66","22,624,914.00","-","Turkey","Istanbul Stock Exchange","CAD","-","TRY"
"VMM","VISHAL MEGA MART","Consumer Discretionary","Equity","36,006.73","0.02","36,006.73","5,845,385.00","-","India","National Stock Exchange Of India","CAD","-","INR"
"HAVELLS","HAVELLS INDIA LTD","Industrials","Equity","35,875.26","0.02","35,875.26","540,124.00","-","India","National Stock Exchange Of India","CAD","-","INR"
"ENELCHILE","ENEL CHILE SA","Utilities","Equity","35,743.80","0.02","35,743.80","71,948,394.00","-","Chile","Santiago Stock Exchange","CAD","-","CLP"
"MONET","MONETA MONEY BNK","Financials","Equity","35,685.37","0.02","35,685.37","654,486.00","-","Czech Republic","Prague Stock Exchange","CAD","-","CZK"
"YKBNK.E","YAPI VE KREDI BANKASI A","Financials","Equity","35,524.69","0.02","35,524.69","8,389,070.00","-","Turkey","Istanbul Stock Exchange","CAD","-","TRY"
"TORNTPOWER","TORRENT POWER LTD","Utilities","Equity","35,510.08","0.02","35,510.08","457,252.00","-","India","National Stock Exchange Of India","CAD","-","INR"
"CXSE3","CAIXA SEGURIDADE PARTICIPACOES SA","Financials","Equity","35,480.87","0.02","35,480.87","1,526,206.00","-","Brazil","XBSP","CAD","-","BRL"
"BRMS","BUMI RESOURCES MINERALS","Materials","Equity","35,130.30","0.02","35,130.30","145,307,800.00","-","Indonesia","Indonesia Stock Exchange","CAD","-","IDR"
"INDIANB","INDIAN BANK","Financials","Equity","35,115.69","0.02","35,115.69","686,873.00","-","India","National Stock Exchange Of India","CAD","-","INR"
"532483","CANARA BANK LTD","Financials","Equity","35,115.69","0.02","35,115.69","4,659,802.00","-","India","Bse Ltd","CAD","-","INR"
"TCELL.E","TURKCELL ILETISIM HIZMETLERI A","Communication","Equity","35,057.26","0.02","35,057.26","2,948,920.00","-","Turkey","Istanbul Stock Exchange","CAD","-","TRY"
"CPF.R","CHAROEN POKPHAND FOODS NON-VOTING","Consumer Staples","Equity","34,998.83","0.02","34,998.83","8,775,300.00","-","Thailand","Stock Exchange Of Thailand","CAD","-","THB"
"GBK","GULF BANK","Financials","Equity","34,984.22","0.02","34,984.22","5,311,410.00","-","Kuwait","Kuwait Stock Exchange","CAD","-","KWD"
"COLPAL","COLGATE PALMOLIVE INDIA LTD","Consumer Staples","Equity","34,735.90","0.02","34,735.90","310,296.00","-","India","National Stock Exchange Of India","CAD","-","INR"
"2290","YANBU NATIONAL PETROCHEMICALS","Materials","Equity","34,692.08","0.02","34,692.08","699,918.00","-","Saudi Arabia","Saudi Stock Exchange","CAD","-","SAR"
"OBEROIRLTY","OBEROI REALTY","Real Estate","Equity","34,414.54","0.02","34,414.54","325,041.00","-","India","National Stock Exchange Of India","CAD","-","INR"
"SUPREMEIND","SUPREME INDUSTRIES LTD","Industrials","Equity","34,093.18","0.02","34,093.18","167,598.00","-","India","National Stock Exchange Of India","CAD","-","INR"
"TTB.R","TMBTHANACHART BANK NON-VOTING DR P","Financials","Equity","34,063.97","0.02","34,063.97","63,242,200.00","-","Thailand","Stock Exchange Of Thailand","CAD","-","THB"
"JSWENERGY","JSW ENERGY LTD","Utilities","Equity","33,771.83","0.02","33,771.83","1,084,219.00","-","India","National Stock Exchange Of India","CAD","-","INR"
"WAAREEENER","WAAREE ENERGIES LTD","Information Technology","Equity","33,640.36","0.02","33,640.36","223,652.00","-","India","National Stock Exchange Of India","CAD","-","INR"
"ASTOR.E","ASTOR ENERJI A.S.","Industrials","Equity","33,348.22","0.02","33,348.22","1,088,337.00","-","Turkey","Istanbul Stock Exchange","CAD","-","TRY"
"PETRONET","PETRONET LNG","Energy","Equity","33,275.18","0.02","33,275.18","1,930,077.00","-","India","National Stock Exchange Of India","CAD","-","INR"
"PAGEIND","PAGE INDUSTRIES","Consumer Discretionary","Equity","33,114.50","0.02","33,114.50","15,545.00","-","India","National Stock Exchange Of India","CAD","-","INR"
"OIL","OIL INDIA LTD","Energy","Equity","32,851.57","0.02","32,851.57","1,131,075.00","-","India","National Stock Exchange Of India","CAD","-","INR"
"MABANEE","MABANEE COMPANY","Real Estate","Equity","32,676.29","0.02","32,676.29","1,817,917.00","-","Kuwait","Kuwait Stock Exchange","CAD","-","KWD"
"NHPC","NHPC LTD","Utilities","Equity","32,647.07","0.02","32,647.07","7,135,763.00","-","India","National Stock Exchange Of India","CAD","-","INR"
"ALWN","ALLWYN AG","Consumer Discretionary","Equity","32,559.43","0.02","32,559.43","381,894.00","-","Greece","Athens Exchange S.A. Cash Market","CAD","-","EUR"
"CDB","CELCOMDIGI","Communication","Equity","32,530.22","0.02","32,530.22","8,685,100.00","-","Malaysia","Bursa Malaysia","CAD","-","MYR"
"ZYDUSLIFE","ZYDUS LIFESCIENCES LTD","Health Care","Equity","32,501.00","0.02","32,501.00","470,601.00","-","India","National Stock Exchange Of India","CAD","-","INR"
"TM","TELEKOM MALAYSIA","Communication","Equity","32,398.75","0.02","32,398.75","2,917,500.00","-","Malaysia","Bursa Malaysia","CAD","-","MYR"
"WARBABANK","WARBABANK","Financials","Equity","32,252.68","0.02","32,252.68","6,243,908.00","-","Kuwait","Kuwait Stock Exchange","CAD","-","KWD"
"TATACOMM","TATA COMMUNICATIONS LTD","Communication","Equity","32,092.00","0.02","32,092.00","294,500.00","-","India","National Stock Exchange Of India","CAD","-","INR"
"SAHOL.E","HACI OMER SABANCI HOLDING A","Financials","Equity","32,004.36","0.02","32,004.36","2,946,050.00","-","Turkey","Istanbul Stock Exchange","CAD","-","TRY"
"4100","MAKKAH CONSTRUCTION AND DEVELOPMEN","Real Estate","Equity","31,420.07","0.02","31,420.07","254,848.00","-","Saudi Arabia","Saudi Stock Exchange","CAD","-","SAR"
"SHREECEM","SHREE CEMENT LTD","Materials","Equity","30,689.71","0.02","30,689.71","22,970.00","-","India","National Stock Exchange Of India","CAD","-","INR"
"MAXIS","MAXIS","Communication","Equity","29,959.35","0.02","29,959.35","5,976,800.00","-","Malaysia","Bursa Malaysia","CAD","-","MYR"
"AC","AYALA CORP","Industrials","Equity","29,448.10","0.02","29,448.10","623,150.00","-","Philippines","Philippine Stock Exchange Inc.","CAD","-","PHP"
"GRUMAB","GRUMA","Consumer Staples","Equity","29,141.35","0.02","29,141.35","364,384.00","-","Mexico","Bolsa Mexicana De Valores","CAD","-","MXN"
"SM","SM INVESTMENTS","Industrials","Equity","29,024.49","0.02","29,024.49","583,145.00","-","Philippines","Philippine Stock Exchange Inc.","CAD","-","PHP"
"DABUR","DABUR INDIA","Consumer Staples","Equity","28,308.74","0.02","28,308.74","1,209,988.00","-","India","National Stock Exchange Of India","CAD","-","INR"
"MBRF3","MARFRIG GLOBAL FOODS SA","Consumer Staples","Equity","28,264.92","0.02","28,264.92","1,497,886.00","-","Brazil","XBSP","CAD","-","BRL"
"MINT.R","MINOR INTERNATIONAL PUBLIC NON-VOT","Consumer Discretionary","Equity","27,709.84","0.02","27,709.84","7,405,100.00","-","Thailand","Stock Exchange Of Thailand","CAD","-","THB"
"MBT","METROPOLITAN BANK AND TRUST CO","Financials","Equity","27,446.91","0.02","27,446.91","4,734,977.00","-","Philippines","Philippine Stock Exchange Inc.","CAD","-","PHP"
"ICICIPRULI","ICICI PRUDENTIAL LIFE INSURANCE CO","Financials","Equity","27,373.88","0.02","27,373.88","917,412.00","-","India","National Stock Exchange Of India","CAD","-","INR"
"PSSA3","PORTO SEGURO SA","Financials","Equity","27,315.45","0.02","27,315.45","488,448.00","-","Brazil","XBSP","CAD","-","BRL"
"MER","MANILA ELECTRIC","Utilities","Equity","27,008.70","0.02","27,008.70","599,140.00","-","Philippines","Philippine Stock Exchange Inc.","CAD","-","PHP"
"PIIND","P.I. INDUSTRIES","Materials","Equity","26,891.84","0.02","26,891.84","191,586.00","-","India","National Stock Exchange Of India","CAD","-","INR"
"CPFE3","CPFL ENERGIA","Utilities","Equity","26,161.48","0.02","26,161.48","511,732.00","-","Brazil","XBSP","CAD","-","BRL"
"BRPT","BARITO PACIFIC","Materials","Equity","26,015.41","0.02","26,015.41","49,125,605.00","-","Indonesia","Indonesia Stock Exchange","CAD","-","IDR"
"UNTR","UNITED TRACTORS","Energy","Equity","26,015.41","0.02","26,015.41","3,076,800.00","-","Indonesia","Indonesia Stock Exchange","CAD","-","IDR"
"QEWS","NEBRAS ENERGY","Utilities","Equity","25,343.48","0.02","25,343.48","1,199,338.00","-","Qatar","Qatar Exchange","CAD","-","QAR"
"DUBK","DUKHAN BANK","Financials","Equity","24,744.58","0.02","24,744.58","4,900,201.00","-","Qatar","Qatar Exchange","CAD","-","QAR"
"EGIE3","ENGIE BRASIL ENERGIA SA","Utilities","Equity","23,035.54","0.02","23,035.54","659,318.00","-","Brazil","XBSP","CAD","-","BRL"
"2382","ADES HOLDING CO","Energy","Equity","22,947.90","0.02","22,947.90","869,866.00","-","Saudi Arabia","Saudi Stock Exchange","CAD","-","SAR"
"PLN","PLN CASH","Cash and/or Derivatives","Cash","21,662.46","0.01","21,662.46","14,078,545.00","-","Poland","-","CAD","-","PLN"
"CAD","CAD CASH","Cash and/or Derivatives","Cash","21,401.29","0.01","21,401.29","214.00","100.00","Canada","-","CAD","1.00","CAD"
"HBCFT","CASH COLLATERAL USD HBCFT","Cash and/or Derivatives","Cash Collateral and Margins","21,326.50","0.01","21,326.50","3,653,000.00","-","United Kingdom","-","CAD","-","USD"
"KRW","KRW CASH","Cash and/or Derivatives","Cash","21,092.78","0.01","21,092.78","4,991,728,458.00","-","Korea (South)","-","CAD","-","KRW"
"TEL","PLDT INC","Communication","Equity","20,187.14","0.01","20,187.14","192,070.00","-","Philippines","Philippine Stock Exchange Inc.","CAD","-","PHP"
"MYR","MYR CASH","Cash and/or Derivatives","Cash","19,997.24","0.01","19,997.24","14,040,386.00","-","Malaysia","-","CAD","-","MYR"
"TMGH","TALAAT MOUSTAFA GROUP","Real Estate","Equity","18,200.56","0.01","18,200.56","1,695,984.00","-","Egypt","Egyptian Exchange","CAD","-","EGP"
"MPHC","MESAIEED PETROCHEMICAL HOLDING","Materials","Equity","18,083.70","0.01","18,083.70","10,918,166.00","-","Qatar","Qatar Exchange","CAD","-","QAR"
"032640","LG UPLUS","Communication","Equity","16,447.70","0.01","16,447.70","265,280.00","-","Korea (South)","Korea Exchange (Stock Market)","CAD","-","KRW"
"EAST","EASTERN CO.","Consumer Staples","Equity","11,641.93","0.01","11,641.93","3,244,737.00","-","Egypt","Egyptian Exchange","CAD","-","EGP"
"HUF","HUF CASH","Cash and/or Derivatives","Cash","9,275.57","0.01","9,275.57","502,086,739.00","-","Hungary","-","CAD","-","HUF"
"IDR","IDR CASH","Cash and/or Derivatives","Cash","9,246.35","0.01","9,246.35","28,117,895,317.00","-","Indonesia","-","CAD","-","IDR"
"INR","INR CASH","Cash and/or Derivatives","Cash","6,500.20","0.00","6,500.20","106,867,222.00","-","India","-","CAD","-","INR"
"PHP","PHP CASH","Cash and/or Derivatives","Cash","5,667.59","0.00","5,667.59","60,993,569.00","-","Philippines","-","CAD","-","PHP"
"TRY","TRY CASH","Cash and/or Derivatives","Cash","5,477.70","0.00","5,477.70","45,691,945.00","-","Turkey","-","CAD","-","TRY"
"MXN","MXN CASH","Cash and/or Derivatives","Cash","5,112.52","0.00","5,112.52","15,066,523.00","-","Mexico","-","CAD","-","MXN"
"CZK","CZK CASH","Cash and/or Derivatives","Cash","3,564.15","0.00","3,564.15","12,938,913.00","-","Czech Republic","-","CAD","-","CZK"
"THB","THB CASH","Cash and/or Derivatives","Cash","3,359.65","0.00","3,359.65","19,245,636.00","-","Thailand","-","CAD","-","THB"
"EUR","EUR CASH","Cash and/or Derivatives","Cash","3,272.01","0.00","3,272.01","489,003.00","-","European Union","-","CAD","-","EUR"
"028300","HLB LTD","Health Care","Equity","2,570.87","0.00","2,570.87","19,024.00","-","Korea (South)","Korea Exchange (Kosdaq)","CAD","-","KRW"
"534091","MULTI COMMODITY EXCHANGE OF INDIA","Financials","Equity","2,497.83","0.00","2,497.83","12,555.00","-","India","Bse Ltd","CAD","-","INR"
"CLP","CLP CASH","Cash and/or Derivatives","Cash","2,234.90","0.00","2,234.90","366,862,014.00","-","Chile","-","CAD","-","CLP"
"0126Z0","SAMSUNG EPIS HOLDINGS LTD","Health Care","Equity","1,796.68","0.00","1,796.68","1,278.00","-","Korea (South)","Korea Exchange (Stock Market)","CAD","-","KRW"
"SAR","SAR CASH(COMMITTED)","Cash and/or Derivatives","Cash","1,022.50","0.00","1,022.50","661,833.00","-","Saudi Arabia","-","CAD","-","SAR"
"-","ECOPRO BM CO LTD","Industrials","Equity","686.54","0.00","686.54","12,249.00","-","Korea (South)","Korea Exchange (Kosdaq)","CAD","-","KRW"
"AED","AED CASH","Cash and/or Derivatives","Cash","350.57","0.00","350.57","218,771.00","-","United Arab Emirates","-","CAD","-","AED"
"RUB","RUB CASH","Cash and/or Derivatives","Cash","102.25","0.00","102.25","1,457,324.00","-","Russian Federation","-","CAD","-","RUB"
"COP","COP CASH","Cash and/or Derivatives","Cash","14.61","0.00","14.61","9,611,076.00","-","Colombia","-","CAD","-","COP"
"SBER","SBERBANK ROSSII","Financials","Equity","0.00","0.00","0.00","4,933,827.00","0.00","Russian Federation","Standard-Classica-Forts","CAD","-","RUB"
"PHOR","PJSC PHOSAGRO GDR","Materials","Equity","0.00","0.00","0.00","433.00","-","Russian Federation","London Stock Exchange","CAD","-","USD"
"PHOJY","PJSC PHOSAGRO GDR","Materials","Equity","0.00","0.00","0.00","1.00","0.00","Russian Federation","London Stock Exchange","CAD","-","USD"
"ZAR","ZAR/USD","Cash and/or Derivatives","FX","0.00","0.00","0.00","-69,701,658.00","-","United States","-","CAD","-","USD"
"KWD","KWD CASH","Cash and/or Derivatives","Cash","0.00","0.00","0.00","0.00","-","Kuwait","-","CAD","-","KWD"
"MESZ6","MSCI EMER MKT INDEX (ICE) DEC 26","Cash and/or Derivatives","Futures","0.00","0.00","0.00","910.00","-","-","Ice Futures U.S.","CAD","-","USD"
"FIVE","X5 RETAIL GROUP GDR NV","Consumer Staples","Equity","0.00","0.00","0.00","67,732.00","0.00","Russian Federation","Standard-Classica-Forts","CAD","-","RUB"
"PLZL","POLYUS","Materials","Equity","0.00","0.00","0.00","133,970.00","0.00","Russian Federation","Standard-Classica-Forts","CAD","-","RUB"
"MTSS","MOBILNYE TELESISTEMY","Communication","Equity","0.00","0.00","0.00","418,880.00","0.00","Russian Federation","Standard-Classica-Forts","CAD","-","RUB"
"ROSN","NK ROSNEFT","Energy","Equity","0.00","0.00","0.00","532,936.00","0.00","Russian Federation","Standard-Classica-Forts","CAD","-","RUB"
"VTBR","BANK VTB","Financials","Equity","0.00","0.00","0.00","232,194.00","0.00","Russian Federation","Standard-Classica-Forts","CAD","-","RUB"
"CHMF","SEVERSTAL","Materials","Equity","0.00","0.00","0.00","109,143.00","0.00","Russian Federation","Standard-Classica-Forts","CAD","-","RUB"
"ALRS","AK ALROSA","Materials","Equity","0.00","0.00","0.00","1,271,273.00","0.00","Russian Federation","Standard-Classica-Forts","CAD","-","RUB"
"MOEX","MOSCOW EXCHANGE","Financials","Equity","0.00","0.00","0.00","631,870.00","0.00","Russian Federation","Standard-Classica-Forts","CAD","-","RUB"
"TCSG","TCS GROUP HOLDING REPR CLASS A RE","Financials","Equity","0.00","0.00","0.00","58,085.00","0.00","Russian Federation","Standard-Classica-Forts","CAD","-","RUB"
"VKCO","VK COMPANY LTD","Communication","Equity","0.00","0.00","0.00","873.00","0.00","Russian Federation","Standard-Classica-Forts","CAD","-","RUB"
"OZON","OZON HOLDINGS ADR PLC","Consumer Discretionary","Equity","0.00","0.00","0.00","534.00","0.00","Russian Federation","Standard-Classica-Forts","CAD","-","RUB"
"RUAL","UNITED COMPANY RUSAL","Materials","Equity","0.00","0.00","0.00","1,500,930.00","0.00","Russian Federation","Standard-Classica-Forts","CAD","-","RUB"
"USD","USD CASH","Cash and/or Derivatives","Cash","-150,957.72","-0.10","-150,957.72","23,483.00","-","United States","-","CAD","-","USD"
 