Fund Holdings as of,"Sep 17, 2026"
 
Ticker,Name,Sector,Asset Class,Market Value,Weight (%),Notional Value,Shares,Price,Location,Exchange,Currency,FX Rate,Market Currency
"ASML","ASML HOLDING","Information Technology","Equity","27,021,659.19","3.88","27,021,659.19","11,862.00","2,277.98","Netherlands","Euronext Amsterdam","CAD","0.62","EUR"
"IEUR","ISHARES CORE MSCI EUROPE ETF","Financials","Equity","25,196,076.34","3.62","25,196,076.34","238,351.00","105.71","United States","NYSE Arca","CAD","0.71","USD"
"HSBA","HSBC HOLDINGS PLC","Financials","Equity","15,077,906.85","2.17","15,077,906.85","525,149.00","28.71","United Kingdom","London Stock Exchange","CAD","0.54","GBP"
"ROP","ROCHE PS PAR AG","Health Care","Equity","13,167,812.55","1.89","13,167,812.55","21,471.00","613.28","Switzerland","SIX Swiss Exchange","CAD","0.59","CHF"
"SHEL","SHELL PLC","Energy","Equity","11,806,685.13","1.70","11,806,685.13","177,038.00","66.69","United Kingdom","London Stock Exchange","CAD","0.54","GBP"
"NOVN","NOVARTIS AG","Health Care","Equity","11,025,194.78","1.58","11,025,194.78","55,968.00","196.99","Switzerland","SIX Swiss Exchange","CAD","0.59","CHF"
"AZN","ASTRAZENECA PLC","Health Care","Equity","10,690,934.58","1.54","10,690,934.58","46,062.00","232.10","United Kingdom","London Stock Exchange","CAD","0.54","GBP"
"NESN","NESTLE SA","Consumer Staples","Equity","10,472,314.46","1.50","10,472,314.46","78,741.00","133.00","Switzerland","SIX Swiss Exchange","CAD","0.59","CHF"
"SIE","SIEMENS N AG","Industrials","Equity","9,459,642.81","1.36","9,459,642.81","22,087.00","428.29","Germany","Xetra","CAD","0.62","EUR"
"SAP","SAP","Information Technology","Equity","9,345,707.04","1.34","9,345,707.04","30,944.00","302.02","Germany","Xetra","CAD","0.62","EUR"
"SAN","BANCO SANTANDER","Financials","Equity","9,074,936.69","1.30","9,074,936.69","436,143.00","20.81","Spain","Bolsa De Madrid","CAD","0.62","EUR"
"ALV","ALLIANZ","Financials","Equity","8,425,215.29","1.21","8,425,215.29","11,626.00","724.68","Germany","Xetra","CAD","0.62","EUR"
"SU","SCHNEIDER ELECTRIC","Industrials","Equity","7,748,548.14","1.11","7,748,548.14","16,800.00","461.22","France","Nyse Euronext - Euronext Paris","CAD","0.62","EUR"
"TTE","TOTALENERGIES","Energy","Equity","7,640,817.40","1.10","7,640,817.40","59,729.00","127.92","France","Nyse Euronext - Euronext Paris","CAD","0.62","EUR"
"RR.","ROLLS-ROYCE HOLDINGS PLC","Industrials","Equity","7,040,317.77","1.01","7,040,317.77","254,752.00","27.64","United Kingdom","London Stock Exchange","CAD","0.54","GBP"
"BBVA","BANCO BILBAO VIZCAYA ARGENTARIA SA","Financials","Equity","6,863,108.42","0.99","6,863,108.42","169,933.00","40.39","Spain","Bolsa De Madrid","CAD","0.62","EUR"
"UBSG","UBS GROUP AG","Financials","Equity","6,764,369.65","0.97","6,764,369.65","95,105.00","71.13","Switzerland","SIX Swiss Exchange","CAD","0.59","CHF"
"ABBN","ABB LTD","Industrials","Equity","6,418,595.92","0.92","6,418,595.92","47,539.00","135.02","Switzerland","SIX Swiss Exchange","CAD","0.59","CHF"
"IBE","IBERDROLA","Utilities","Equity","6,249,733.26","0.90","6,249,733.26","189,586.00","32.96","Spain","Bolsa De Madrid","CAD","0.62","EUR"
"NOVO B","NOVO NORDISK CLASS B","Health Care","Equity","5,909,200.58","0.85","5,909,200.58","98,431.00","60.03","Denmark","Omx Nordic Exchange Copenhagen A/S","CAD","4.65","DKK"
"ULVR","UNILEVER PLC","Consumer Staples","Equity","5,733,810.74","0.82","5,733,810.74","66,276.00","86.51","United Kingdom","London Stock Exchange","CAD","0.54","GBP"
"AIR","AIRBUS GROUP","Industrials","Equity","5,660,459.74","0.81","5,660,459.74","18,023.00","314.07","France","Nyse Euronext - Euronext Paris","CAD","0.62","EUR"
"SAF","SAFRAN SA","Industrials","Equity","5,620,643.06","0.81","5,620,643.06","10,551.00","532.71","France","Nyse Euronext - Euronext Paris","CAD","0.62","EUR"
"UCG","UNICREDIT","Financials","Equity","5,578,618.97","0.80","5,578,618.97","41,498.00","134.43","Italy","Borsa Italiana","CAD","0.62","EUR"
"ENR","SIEMENS ENERGY N AG","Industrials","Equity","5,400,687.03","0.78","5,400,687.03","23,708.00","227.80","Germany","Xetra","CAD","0.62","EUR"
"BNP","BNP PARIBAS SA","Financials","Equity","5,051,660.51","0.73","5,051,660.51","30,300.00","166.72","France","Nyse Euronext - Euronext Paris","CAD","0.62","EUR"
"AI","LAIR LIQUIDE SOCIETE ANONYME POUR","Materials","Equity","5,043,935.29","0.72","5,043,935.29","19,001.00","265.45","France","Nyse Euronext - Euronext Paris","CAD","0.62","EUR"
"BP.","BP PLC","Energy","Equity","5,015,841.21","0.72","5,015,841.21","476,204.00","10.53","United Kingdom","London Stock Exchange","CAD","0.54","GBP"
"MC","LVMH","Consumer Discretionary","Equity","4,999,459.88","0.72","4,999,459.88","7,548.00","662.35","France","Nyse Euronext - Euronext Paris","CAD","0.62","EUR"
"CFR","COMPAGNIE FINANCIERE RICHEMONT SA","Consumer Discretionary","Equity","4,794,399.01","0.69","4,794,399.01","16,460.00","291.28","Switzerland","SIX Swiss Exchange","CAD","0.59","CHF"
"BATS","BRITISH AMERICAN TOBACCO","Consumer Staples","Equity","4,750,332.74","0.68","4,750,332.74","60,794.00","78.14","United Kingdom","London Stock Exchange","CAD","0.54","GBP"
"ISP","INTESA SANPAOLO","Financials","Equity","4,734,730.04","0.68","4,734,730.04","432,529.00","10.95","Italy","Borsa Italiana","CAD","0.62","EUR"
"DTE","DEUTSCHE TELEKOM N AG","Communication","Equity","4,727,355.76","0.68","4,727,355.76","103,981.00","45.46","Germany","Xetra","CAD","0.62","EUR"
"ZURN","ZURICH INSURANCE GROUP AG","Financials","Equity","4,683,680.27","0.67","4,683,680.27","4,540.00","1,031.65","Switzerland","SIX Swiss Exchange","CAD","0.59","CHF"
"INGA","ING GROEP","Financials","Equity","4,597,700.63","0.66","4,597,700.63","88,578.00","51.91","Netherlands","Euronext Amsterdam","CAD","0.62","EUR"
"OR","LOREAL SA","Consumer Staples","Equity","4,449,025.53","0.64","4,449,025.53","7,286.00","610.62","France","Nyse Euronext - Euronext Paris","CAD","0.62","EUR"
"RIO","RIO TINTO PLC","Materials","Equity","4,421,555.78","0.64","4,421,555.78","32,313.00","136.84","United Kingdom","London Stock Exchange","CAD","0.54","GBP"
"GSK","GLAXOSMITHKLINE","Health Care","Equity","4,365,735.71","0.63","4,365,735.71","123,036.00","35.48","United Kingdom","London Stock Exchange","CAD","0.54","GBP"
"SAN","SANOFI SA","Health Care","Equity","4,047,274.51","0.58","4,047,274.51","33,475.00","120.90","France","Nyse Euronext - Euronext Paris","CAD","0.62","EUR"
"LLOY","LLOYDS BANKING GROUP PLC","Financials","Equity","3,721,614.79","0.53","3,721,614.79","1,776,098.00","2.10","United Kingdom","London Stock Exchange","CAD","0.54","GBP"
"BARC","BARCLAYS PLC","Financials","Equity","3,681,739.44","0.53","3,681,739.44","411,701.00","8.94","United Kingdom","London Stock Exchange","CAD","0.54","GBP"
"IFX","INFINEON TECHNOLOGIES AG","Information Technology","Equity","3,510,577.73","0.50","3,510,577.73","40,170.00","87.39","Germany","Xetra","CAD","0.62","EUR"
"CS","AXA SA","Financials","Equity","3,488,397.57","0.50","3,488,397.57","48,190.00","72.39","France","Nyse Euronext - Euronext Paris","CAD","0.62","EUR"
"BA.","BAE SYSTEMS PLC","Industrials","Equity","3,428,212.64","0.49","3,428,212.64","89,852.00","38.15","United Kingdom","London Stock Exchange","CAD","0.54","GBP"
"ENEL","ENEL","Utilities","Equity","3,404,098.00","0.49","3,404,098.00","234,140.00","14.54","Italy","Borsa Italiana","CAD","0.62","EUR"
"SPOT","SPOTIFY TECHNOLOGY","Communication","Equity","3,333,656.93","0.48","3,333,656.93","4,507.00","739.66","Sweden","New York Stock Exchange Inc.","CAD","0.71","USD"
"NG.","NATIONAL GRID PLC","Utilities","Equity","3,261,011.61","0.47","3,261,011.61","150,855.00","21.62","United Kingdom","London Stock Exchange","CAD","0.54","GBP"
"NWG","NATWEST GROUP PLC","Financials","Equity","3,222,206.62","0.46","3,222,206.62","242,055.00","13.31","United Kingdom","London Stock Exchange","CAD","0.54","GBP"
"MUV2","MUENCHENER RUECKVERSICHERUNGS-GESE","Financials","Equity","3,180,200.29","0.46","3,180,200.29","3,877.00","820.27","Germany","Xetra","CAD","0.62","EUR"
"GLEN","GLENCORE PLC","Materials","Equity","3,081,218.15","0.44","3,081,218.15","284,363.00","10.84","United Kingdom","London Stock Exchange","CAD","0.54","GBP"
"INVE B","INVESTOR CLASS B","Financials","Equity","3,034,519.59","0.44","3,034,519.59","52,437.00","57.87","Sweden","Nasdaq Omx Nordic","CAD","7.02","SEK"
"ABI","ANHEUSER-BUSCH INBEV SA","Consumer Staples","Equity","3,000,524.74","0.43","3,000,524.74","27,195.00","110.33","Belgium","Nyse Euronext - Euronext Brussels","CAD","0.62","EUR"
"DBK","DEUTSCHE BANK AG","Financials","Equity","2,885,826.40","0.41","2,885,826.40","52,456.00","55.01","Germany","Xetra","CAD","0.62","EUR"
"ITX","INDUSTRIA DE DISENO TEXTIL SA","Consumer Discretionary","Equity","2,806,310.13","0.40","2,806,310.13","33,337.00","84.18","Spain","Bolsa De Madrid","CAD","0.62","EUR"
"NDA FI","NORDEA BANK","Financials","Equity","2,678,682.84","0.38","2,678,682.84","93,308.00","28.71","Finland","Nasdaq Omx Helsinki Ltd.","CAD","0.62","EUR"
"ARGX","ARGENX","Health Care","Equity","2,667,549.93","0.38","2,667,549.93","1,913.00","1,394.42","Belgium","Nyse Euronext - Euronext Brussels","CAD","0.62","EUR"
"DG","VINCI SA","Industrials","Equity","2,605,599.52","0.37","2,605,599.52","14,366.00","181.37","France","Nyse Euronext - Euronext Paris","CAD","0.62","EUR"
"REL","RELX PLC","Industrials","Equity","2,582,903.04","0.37","2,582,903.04","53,815.00","48.00","United Kingdom","London Stock Exchange","CAD","0.54","GBP"
"DHL","DHL AG","Industrials","Equity","2,551,995.15","0.37","2,551,995.15","28,116.00","90.77","Germany","Xetra","CAD","0.62","EUR"
"AAL","ANGLO AMERICAN PLC","Materials","Equity","2,499,945.36","0.36","2,499,945.36","33,028.00","75.69","United Kingdom","London Stock Exchange","CAD","0.54","GBP"
"DB1","DEUTSCHE BOERSE AG","Financials","Equity","2,495,600.30","0.36","2,495,600.30","5,552.00","449.49","Germany","Xetra","CAD","0.62","EUR"
"STAN","STANDARD CHARTERED PLC","Financials","Equity","2,353,231.32","0.34","2,353,231.32","53,895.00","43.66","United Kingdom","London Stock Exchange","CAD","0.54","GBP"
"RHM","RHEINMETALL AG","Industrials","Equity","2,352,453.42","0.34","2,352,453.42","1,441.00","1,632.50","Germany","Xetra","CAD","0.62","EUR"
"BAYN","BAYER AG","Health Care","Equity","2,347,553.18","0.34","2,347,553.18","29,798.00","78.78","Germany","Xetra","CAD","0.62","EUR"
"RMS","HERMES INTERNATIONAL","Consumer Discretionary","Equity","2,334,831.52","0.34","2,334,831.52","1,057.00","2,208.91","France","Nyse Euronext - Euronext Paris","CAD","0.62","EUR"
"GLE","SOCIETE GENERALE SA","Financials","Equity","2,304,829.30","0.33","2,304,829.30","19,346.00","119.14","France","Nyse Euronext - Euronext Paris","CAD","0.62","EUR"
"VOLV B","VOLVO CLASS B","Industrials","Equity","2,297,054.15","0.33","2,297,054.15","47,725.00","48.13","Sweden","Nasdaq Omx Nordic","CAD","7.02","SEK"
"BAS","BASF N","Materials","Equity","2,277,617.43","0.33","2,277,617.43","27,072.00","84.13","Germany","Xetra","CAD","0.62","EUR"
"NOKIA","NOKIA","Information Technology","Equity","2,261,918.99","0.32","2,261,918.99","152,215.00","14.86","Finland","Nasdaq Omx Helsinki Ltd.","CAD","0.62","EUR"
"CPG","COMPASS GROUP PLC","Consumer Discretionary","Equity","2,243,497.12","0.32","2,243,497.12","51,577.00","43.50","United Kingdom","London Stock Exchange","CAD","0.71","USD"
"CABK","CAIXABANK SA","Financials","Equity","2,220,736.18","0.32","2,220,736.18","106,294.00","20.89","Spain","Bolsa De Madrid","CAD","0.62","EUR"
"ATCO A","ATLAS COPCO CLASS A","Industrials","Equity","2,164,098.04","0.31","2,164,098.04","76,266.00","28.38","Sweden","Nasdaq Omx Nordic","CAD","7.02","SEK"
"SREN","SWISS RE AG","Financials","Equity","2,146,169.21","0.31","2,146,169.21","9,061.00","236.86","Switzerland","SIX Swiss Exchange","CAD","0.59","CHF"
"RACE","FERRARI","Consumer Discretionary","Equity","2,145,495.66","0.31","2,145,495.66","3,717.00","577.21","Italy","Borsa Italiana","CAD","0.62","EUR"
"ENI","ENI","Energy","Equity","2,126,621.80","0.31","2,126,621.80","54,951.00","38.70","Italy","Borsa Italiana","CAD","0.62","EUR"
"LSEG","LONDON STOCK EXCHANGE GROUP PLC","Financials","Equity","2,125,592.27","0.31","2,125,592.27","13,776.00","154.30","United Kingdom","London Stock Exchange","CAD","0.54","GBP"
"PRX","PROSUS NV CLASS N","Consumer Discretionary","Equity","2,107,122.76","0.30","2,107,122.76","36,648.00","57.50","Netherlands","Euronext Amsterdam","CAD","0.62","EUR"
"ENGI","ENGIE SA","Utilities","Equity","2,103,269.33","0.30","2,103,269.33","53,989.00","38.96","France","Nyse Euronext - Euronext Paris","CAD","0.62","EUR"
"DGE","DIAGEO PLC","Consumer Staples","Equity","2,050,789.48","0.29","2,050,789.48","67,535.00","30.37","United Kingdom","London Stock Exchange","CAD","0.54","GBP"
"EL","ESSILORLUXOTTICA SA","Health Care","Equity","2,012,646.29","0.29","2,012,646.29","8,857.00","227.24","France","Nyse Euronext - Euronext Paris","CAD","0.62","EUR"
"LONN","LONZA GROUP AG","Health Care","Equity","1,962,685.86","0.28","1,962,685.86","2,121.00","925.36","Switzerland","SIX Swiss Exchange","CAD","0.59","CHF"
"RWE","RWE AG","Utilities","Equity","1,945,760.03","0.28","1,945,760.03","19,980.00","97.38","Germany","Xetra","CAD","0.62","EUR"
"EOAN","E.ON N","Utilities","Equity","1,944,562.15","0.28","1,944,562.15","68,098.00","28.56","Germany","Xetra","CAD","0.62","EUR"
"NBIS","NEBIUS NV CLASS A","Information Technology","Equity","1,897,646.02","0.27","1,897,646.02","6,224.00","304.89","Netherlands","NASDAQ","CAD","0.71","USD"
"BN","DANONE SA","Consumer Staples","Equity","1,882,098.81","0.27","1,882,098.81","19,087.00","98.61","France","Nyse Euronext - Euronext Paris","CAD","0.62","EUR"
"HOLN","HOLCIM LTD AG","Materials","Equity","1,806,568.64","0.26","1,806,568.64","15,592.00","115.87","Switzerland","SIX Swiss Exchange","CAD","0.59","CHF"
"RKT","RECKITT BENCKISER GROUP PLC","Consumer Staples","Equity","1,786,582.88","0.26","1,786,582.88","19,110.00","93.49","United Kingdom","London Stock Exchange","CAD","0.54","GBP"
"EBS","ERSTE GROUP BANK AG","Financials","Equity","1,786,504.56","0.26","1,786,504.56","9,078.00","196.79","Austria","Wiener Boerse Ag","CAD","0.62","EUR"
"ASM","ASM INTERNATIONAL NV","Information Technology","Equity","1,782,387.77","0.26","1,782,387.77","1,403.00","1,270.40","Netherlands","Euronext Amsterdam","CAD","0.62","EUR"
"EUR","EUR CASH","Cash and/or Derivatives","Cash","1,744,239.17","0.25","1,744,239.17","1,085,746.00","160.65","European Union","-","CAD","0.62","EUR"
"TSCO","TESCO PLC","Consumer Staples","Equity","1,722,745.99","0.25","1,722,745.99","191,661.00","8.99","United Kingdom","London Stock Exchange","CAD","0.54","GBP"
"HLN","HALEON PLC","Health Care","Equity","1,711,538.18","0.25","1,711,538.18","269,786.00","6.34","United Kingdom","London Stock Exchange","CAD","0.54","GBP"
"SSE","SSE PLC","Utilities","Equity","1,710,045.30","0.25","1,710,045.30","36,818.00","46.45","United Kingdom","London Stock Exchange","CAD","0.54","GBP"
"DSV","DSV","Industrials","Equity","1,698,421.90","0.24","1,698,421.90","6,026.00","281.85","Denmark","Omx Nordic Exchange Copenhagen A/S","CAD","4.65","DKK"
"LR","LEGRAND SA","Industrials","Equity","1,693,033.54","0.24","1,693,033.54","7,732.00","218.96","France","Nyse Euronext - Euronext Paris","CAD","0.62","EUR"
"SAND","SANDVIK","Industrials","Equity","1,687,161.95","0.24","1,687,161.95","31,737.00","53.16","Sweden","Nasdaq Omx Nordic","CAD","7.02","SEK"
"PRY","PRYSMIAN","Industrials","Equity","1,649,619.85","0.24","1,649,619.85","8,441.00","195.43","Italy","Borsa Italiana","CAD","0.62","EUR"
"G","ASSICURAZIONI GENERALI","Financials","Equity","1,646,877.91","0.24","1,646,877.91","22,194.00","74.20","Italy","Borsa Italiana","CAD","0.62","EUR"
"REP","REPSOL","Energy","Equity","1,619,725.32","0.23","1,619,725.32","33,879.00","47.81","Spain","Bolsa De Madrid","CAD","0.62","EUR"
"GIVN","GIVAUDAN SA","Materials","Equity","1,565,706.96","0.22","1,565,706.96","282.00","5,552.16","Switzerland","SIX Swiss Exchange","CAD","0.59","CHF"
"SGO","COMPAGNIE DE SAINT GOBAIN SA","Industrials","Equity","1,539,179.32","0.22","1,539,179.32","13,621.00","113.00","France","Nyse Euronext - Euronext Paris","CAD","0.62","EUR"
"MBG","MERCEDES-BENZ GROUP N AG","Consumer Discretionary","Equity","1,525,200.45","0.22","1,525,200.45","20,552.00","74.21","Germany","Xetra","CAD","0.62","EUR"
"GALD","GALDERMA GROUP N AG","Health Care","Equity","1,513,745.61","0.22","1,513,745.61","5,648.00","268.01","Switzerland","SIX Swiss Exchange","CAD","0.59","CHF"
"DANSKE","DANSKE BANK","Financials","Equity","1,509,030.57","0.22","1,509,030.57","18,685.00","80.76","Denmark","Omx Nordic Exchange Copenhagen A/S","CAD","4.65","DKK"
"KBC","KBC GROEP","Financials","Equity","1,504,425.91","0.22","1,504,425.91","7,020.00","214.30","Belgium","Nyse Euronext - Euronext Brussels","CAD","0.62","EUR"
"SDZ","SANDOZ GROUP AG","Health Care","Equity","1,485,622.17","0.21","1,485,622.17","12,890.00","115.25","Switzerland","SIX Swiss Exchange","CAD","0.59","CHF"
"III","3I GROUP PLC","Financials","Equity","1,485,066.89","0.21","1,485,066.89","29,289.00","50.70","United Kingdom","London Stock Exchange","CAD","0.54","GBP"
"SWED A","SWEDBANK","Financials","Equity","1,478,331.82","0.21","1,478,331.82","25,505.00","57.96","Sweden","Nasdaq Omx Nordic","CAD","7.02","SEK"
"SEB A","SKANDINAVISKA ENSKILDA BANKEN","Financials","Equity","1,466,024.77","0.21","1,466,024.77","44,638.00","32.84","Sweden","Nasdaq Omx Nordic","CAD","7.02","SEK"
"ASSA B","ASSA ABLOY B","Industrials","Equity","1,457,366.64","0.21","1,457,366.64","29,553.00","49.31","Sweden","Nasdaq Omx Nordic","CAD","7.02","SEK"
"ORA","ORANGE SA","Communication","Equity","1,425,560.13","0.20","1,425,560.13","55,600.00","25.64","France","Nyse Euronext - Euronext Paris","CAD","0.62","EUR"
"EXPN","EXPERIAN PLC","Industrials","Equity","1,414,741.87","0.20","1,414,741.87","27,055.00","52.29","United Kingdom","London Stock Exchange","CAD","0.54","GBP"
"SIKA","SIKA AG","Materials","Equity","1,409,646.49","0.20","1,409,646.49","4,495.00","313.60","Switzerland","SIX Swiss Exchange","CAD","0.59","CHF"
"PRU","PRUDENTIAL PLC","Financials","Equity","1,402,295.65","0.20","1,402,295.65","75,556.00","18.56","United Kingdom","London Stock Exchange","CAD","0.54","GBP"
"CHF","CHF CASH","Cash and/or Derivatives","Cash","1,391,092.96","0.20","1,391,092.96","819,299.00","169.79","Switzerland","-","CAD","0.59","CHF"
"VWS","VESTAS WIND SYSTEMS","Industrials","Equity","1,384,584.59","0.20","1,384,584.59","30,636.00","45.19","Denmark","Omx Nordic Exchange Copenhagen A/S","CAD","4.65","DKK"
"MT","ARCELORMITTAL SA","Materials","Equity","1,384,133.33","0.20","1,384,133.33","13,146.00","105.29","France","Euronext Amsterdam","CAD","0.62","EUR"
"ALC","ALCON AG","Health Care","Equity","1,382,273.63","0.20","1,382,273.63","15,234.00","90.74","Switzerland","SIX Swiss Exchange","CAD","0.59","CHF"
"AD","KONINKLIJKE AHOLD DELHAIZE","Consumer Staples","Equity","1,366,965.05","0.20","1,366,965.05","26,599.00","51.39","Netherlands","Euronext Amsterdam","CAD","0.62","EUR"
"VOD","VODAFONE GROUP PLC","Communication","Equity","1,364,284.71","0.20","1,364,284.71","554,476.00","2.46","United Kingdom","London Stock Exchange","CAD","0.54","GBP"
"SLHN","SWISS LIFE HOLDING AG","Financials","Equity","1,335,979.61","0.19","1,335,979.61","841.00","1,588.56","Switzerland","SIX Swiss Exchange","CAD","0.59","CHF"
"ABN","ABN AMRO BANK NV","Financials","Equity","1,313,003.86","0.19","1,313,003.86","18,750.00","70.03","Netherlands","Euronext Amsterdam","CAD","0.62","EUR"
"STMPA","STMICROELECTRONICS","Information Technology","Equity","1,304,749.36","0.19","1,304,749.36","19,137.00","68.18","France","Nyse Euronext - Euronext Paris","CAD","0.62","EUR"
"UCB","UCB SA","Health Care","Equity","1,249,303.82","0.18","1,249,303.82","3,728.00","335.11","Belgium","Nyse Euronext - Euronext Brussels","CAD","0.62","EUR"
"AV.","AVIVA PLC","Financials","Equity","1,243,304.75","0.18","1,243,304.75","91,700.00","13.56","United Kingdom","London Stock Exchange","CAD","0.54","GBP"
"EQNR","EQUINOR","Energy","Equity","1,239,216.36","0.18","1,239,216.36","20,048.00","61.81","Norway","Oslo Bors Asa","CAD","6.73","NOK"
"A5G","AIB GROUP PLC","Financials","Equity","1,214,434.84","0.17","1,214,434.84","64,584.00","18.80","Ireland","Irish Stock Exchange - All Market","CAD","0.62","EUR"
"CBK","COMMERZBANK AG","Financials","Equity","1,208,755.07","0.17","1,208,755.07","18,035.00","67.02","Germany","Xetra","CAD","0.62","EUR"
"ADYEN","ADYEN","Financials","Equity","1,194,306.30","0.17","1,194,306.30","814.00","1,467.20","Netherlands","Euronext Amsterdam","CAD","0.62","EUR"
"AMS","AMADEUS IT GROUP","Consumer Discretionary","Equity","1,189,862.56","0.17","1,189,862.56","13,283.00","89.58","Spain","Bolsa De Madrid","CAD","0.62","EUR"
"ADS","ADIDAS N AG","Consumer Discretionary","Equity","1,176,533.71","0.17","1,176,533.71","5,143.00","228.76","Germany","Xetra","CAD","0.62","EUR"
"ERIC B","ERICSSON B","Information Technology","Equity","1,155,056.93","0.17","1,155,056.93","80,065.00","14.43","Sweden","Nasdaq Omx Nordic","CAD","7.02","SEK"
"BMPS","BANCA MONTE DEI PASCHI DI SIENA SP","Financials","Equity","1,152,294.44","0.17","1,152,294.44","60,023.00","19.20","Italy","Borsa Italiana","CAD","0.62","EUR"
"DNB","DNB BANK","Financials","Equity","1,144,613.91","0.16","1,144,613.91","24,196.00","47.31","Norway","Oslo Bors Asa","CAD","6.73","NOK"
"SAMPO","SAMPO CLASS A","Financials","Equity","1,121,207.46","0.16","1,121,207.46","73,373.00","15.28","Finland","Nasdaq Omx Helsinki Ltd.","CAD","0.62","EUR"
"ATCO B","ATLAS COPCO CLASS B","Industrials","Equity","1,103,842.90","0.16","1,103,842.90","44,924.00","24.57","Sweden","Nasdaq Omx Nordic","CAD","7.02","SEK"
"FER","FERROVIAL NV","Industrials","Equity","1,098,786.50","0.16","1,098,786.50","14,357.00","76.53","Spain","Bolsa De Madrid","CAD","0.62","EUR"
"PUB","PUBLICIS GROUPE","Communication","Equity","1,095,870.59","0.16","1,095,870.59","6,995.00","156.66","France","Nyse Euronext - Euronext Paris","CAD","0.62","EUR"
"HO","THALES SA","Industrials","Equity","1,071,913.98","0.15","1,071,913.98","2,800.00","382.82","France","Nyse Euronext - Euronext Paris","CAD","0.62","EUR"
"IMB","IMPERIAL BRANDS PLC","Consumer Staples","Equity","1,059,862.14","0.15","1,059,862.14","22,737.00","46.61","United Kingdom","London Stock Exchange","CAD","0.54","GBP"
"ML","MICHELIN","Consumer Discretionary","Equity","1,048,267.58","0.15","1,048,267.58","19,455.00","53.88","France","Nyse Euronext - Euronext Paris","CAD","0.62","EUR"
"NN","NN GROUP","Financials","Equity","1,021,183.94","0.15","1,021,183.94","7,838.00","130.29","Netherlands","Euronext Amsterdam","CAD","0.62","EUR"
"BMW","BMW","Consumer Discretionary","Equity","1,010,544.48","0.15","1,010,544.48","9,950.00","101.56","Germany","Xetra","CAD","0.62","EUR"
"LDO","LEONARDO FINMECCANICA SPA","Industrials","Equity","1,007,162.69","0.14","1,007,162.69","12,368.00","81.43","Italy","Borsa Italiana","CAD","0.62","EUR"
"AER","AERCAP HOLDINGS","Industrials","Equity","996,729.40","0.14","996,729.40","4,972.00","200.47","Netherlands","New York Stock Exchange Inc.","CAD","0.71","USD"
"BPE","BPER BANCA","Financials","Equity","995,705.30","0.14","995,705.30","42,881.00","23.22","Italy","Borsa Italiana","CAD","0.62","EUR"
"VIE","VEOLIA ENVIRON. SA","Utilities","Equity","984,178.28","0.14","984,178.28","19,079.00","51.58","France","Nyse Euronext - Euronext Paris","CAD","0.62","EUR"
"DTG","DAIMLER TRUCK HOLDING E AG","Industrials","Equity","980,078.61","0.14","980,078.61","13,787.00","71.09","Germany","Xetra","CAD","0.62","EUR"
"HEIA","HEINEKEN NV","Consumer Staples","Equity","973,515.09","0.14","973,515.09","8,492.00","114.64","Netherlands","Euronext Amsterdam","CAD","0.62","EUR"
"GBP","GBP CASH","Cash and/or Derivatives","Cash","966,134.79","0.14","966,134.79","517,328.00","186.76","United Kingdom","-","CAD","0.54","GBP"
"NXT","NEXT PLC","Consumer Discretionary","Equity","962,137.27","0.14","962,137.27","3,453.00","278.64","United Kingdom","London Stock Exchange","CAD","0.54","GBP"
"FRE","FRESENIUS N","Health Care","Equity","957,674.28","0.14","957,674.28","12,927.00","74.08","Germany","Xetra","CAD","0.62","EUR"
"NSIS B","NOVOZYMES B","Materials","Equity","952,989.50","0.14","952,989.50","10,390.00","91.72","Denmark","Omx Nordic Exchange Copenhagen A/S","CAD","4.65","DKK"
"SHB A","SVENSKA HANDELSBANKEN-A SHS","Financials","Equity","950,115.87","0.14","950,115.87","43,007.00","22.09","Sweden","Nasdaq Omx Nordic","CAD","7.02","SEK"
"BIRG","BANK OF IRELAND GROUP PLC","Financials","Equity","944,662.99","0.14","944,662.99","28,910.00","32.68","Ireland","Irish Stock Exchange - All Market","CAD","0.62","EUR"
"AENA","AENA SME SA","Industrials","Equity","939,788.77","0.13","939,788.77","22,959.00","40.93","Spain","Bolsa De Madrid","CAD","0.62","EUR"
"GEBN","GEBERIT AG","Industrials","Equity","935,537.67","0.13","935,537.67","1,011.00","925.36","Switzerland","SIX Swiss Exchange","CAD","0.59","CHF"
"IHG","INTERCONTINENTAL HOTELS GROUP PLC","Consumer Discretionary","Equity","927,599.93","0.13","927,599.93","4,322.00","214.62","United Kingdom","London Stock Exchange","CAD","0.71","USD"
"HEI","HEIDELBERG MATERIALS AG","Materials","Equity","926,475.12","0.13","926,475.12","3,946.00","234.79","Germany","Xetra","CAD","0.62","EUR"
"MTX","MTU AERO ENGINES HOLDING AG","Industrials","Equity","910,795.95","0.13","910,795.95","1,640.00","555.36","Germany","Xetra","CAD","0.62","EUR"
"SAB","BANCO DE SABADELL","Financials","Equity","906,113.92","0.13","906,113.92","152,318.00","5.95","Spain","Bolsa De Madrid","CAD","0.62","EUR"
"HBAN","HELVETIA BALOISE HOLDING N AG","Financials","Equity","896,271.56","0.13","896,271.56","2,344.00","382.37","Switzerland","SIX Swiss Exchange","CAD","0.59","CHF"
"CCEP","COCA COLA EUROPACIFIC PARTNERS PLC","Consumer Staples","Equity","884,395.26","0.13","884,395.26","6,293.00","140.54","Netherlands","NASDAQ","CAD","0.71","USD"
"LGEN","LEGAL AND GENERAL GROUP PLC","Financials","Equity","880,053.56","0.13","880,053.56","156,245.00","5.63","United Kingdom","London Stock Exchange","CAD","0.54","GBP"
"SCMN","SWISSCOM AG","Communication","Equity","876,770.60","0.13","876,770.60","769.00","1,140.15","Switzerland","SIX Swiss Exchange","CAD","0.59","CHF"
"KER","KERING SA","Consumer Discretionary","Equity","869,907.58","0.12","869,907.58","2,260.00","384.91","France","Nyse Euronext - Euronext Paris","CAD","0.62","EUR"
"HEXA B","HEXAGON CLASS B","Information Technology","Equity","863,660.35","0.12","863,660.35","63,604.00","13.58","Sweden","Nasdaq Omx Nordic","CAD","7.02","SEK"
"GMAB","GENMAB","Health Care","Equity","854,062.34","0.12","854,062.34","1,771.00","482.25","Denmark","Omx Nordic Exchange Copenhagen A/S","CAD","4.65","DKK"
"ACS","ACS ACTIVIDADES DE CONSTRUCCION Y","Industrials","Equity","827,612.97","0.12","827,612.97","5,501.00","150.45","Spain","Bolsa De Madrid","CAD","0.62","EUR"
"SAAB B","SAAB CLASS B","Industrials","Equity","827,245.22","0.12","827,245.22","9,479.00","87.27","Sweden","Nasdaq Omx Nordic","CAD","7.02","SEK"
"ACA","CREDIT AGRICOLE SA","Financials","Equity","819,877.89","0.12","819,877.89","27,431.00","29.89","France","Nyse Euronext - Euronext Paris","CAD","0.62","EUR"
"VACN","VAT GROUP AG","Industrials","Equity","819,316.01","0.12","819,316.01","811.00","1,010.26","Switzerland","SIX Swiss Exchange","CAD","0.59","CHF"
"VOW3","VOLKSWAGEN NON-VOTING PREF AG","Consumer Discretionary","Equity","814,077.45","0.12","814,077.45","6,253.00","130.19","Germany","Xetra","CAD","0.62","EUR"
"MRK","MERCK","Health Care","Equity","808,370.36","0.12","808,370.36","3,828.00","211.17","Germany","Xetra","CAD","0.62","EUR"
"CAP","CAPGEMINI","Information Technology","Equity","804,701.30","0.12","804,701.30","4,677.00","172.05","France","Nyse Euronext - Euronext Paris","CAD","0.62","EUR"
"PHIA","KONINKLIJKE PHILIPS","Health Care","Equity","802,150.26","0.12","802,150.26","23,181.00","34.60","Netherlands","Euronext Amsterdam","CAD","0.62","EUR"
"KNEBV","KONE","Industrials","Equity","799,528.85","0.11","799,528.85","9,863.00","81.06","Finland","Nasdaq Omx Helsinki Ltd.","CAD","0.62","EUR"
"WKL","WOLTERS KLUWER","Industrials","Equity","796,410.56","0.11","796,410.56","7,074.00","112.58","Netherlands","Euronext Amsterdam","CAD","0.62","EUR"
"SGSN","SGS SA","Industrials","Equity","789,401.52","0.11","789,401.52","4,981.00","158.48","Switzerland","SIX Swiss Exchange","CAD","0.59","CHF"
"KPN","KONINKLIJKE KPN NV","Communication","Equity","774,977.02","0.11","774,977.02","114,667.00","6.76","Netherlands","Euronext Amsterdam","CAD","0.62","EUR"
"BAER","JULIUS BAER GRUPPE AG","Financials","Equity","772,612.56","0.11","772,612.56","6,191.00","124.80","Switzerland","SIX Swiss Exchange","CAD","0.59","CHF"
"BAMI","BANCO BPM","Financials","Equity","771,006.83","0.11","771,006.83","29,949.00","25.74","Italy","Borsa Italiana","CAD","0.62","EUR"
"PST","POSTE ITALIANE","Financials","Equity","755,989.62","0.11","755,989.62","17,384.00","43.49","Italy","Borsa Italiana","CAD","0.62","EUR"
"HLMA","HALMA PLC","Information Technology","Equity","751,178.52","0.11","751,178.52","11,401.00","65.89","United Kingdom","London Stock Exchange","CAD","0.54","GBP"
"DSFIR","DSM FIRMENICH AG","Materials","Equity","737,722.29","0.11","737,722.29","4,972.00","148.37","Netherlands","Euronext Amsterdam","CAD","0.62","EUR"
"KRX","KINGSPAN GROUP PLC","Industrials","Equity","728,179.47","0.10","728,179.47","4,685.00","155.43","Ireland","Irish Stock Exchange - All Market","CAD","0.62","EUR"
"PGHN","PARTNERS GROUP HOLDING AG","Financials","Equity","727,535.71","0.10","727,535.71","690.00","1,054.40","Switzerland","SIX Swiss Exchange","CAD","0.59","CHF"
"UMG","UNIVERSAL MUSIC GROUP","Communication","Equity","724,834.20","0.10","724,834.20","30,610.00","23.68","Netherlands","Euronext Amsterdam","CAD","0.62","EUR"
"HNR1","HANNOVER RUECK","Financials","Equity","722,377.87","0.10","722,377.87","1,762.00","409.97","Germany","Xetra","CAD","0.62","EUR"
"ANTO","ANTOFAGASTA PLC","Materials","Equity","721,233.07","0.10","721,233.07","10,432.00","69.14","United Kingdom","London Stock Exchange","CAD","0.54","GBP"
"EDP","EDP ENERGIAS DE PORTUGAL","Utilities","Equity","712,598.04","0.10","712,598.04","91,421.00","7.79","Portugal","Nyse Euronext - Euronext Lisbon","CAD","0.62","EUR"
"WRT1V","WARTSILA","Industrials","Equity","708,365.50","0.10","708,365.50","15,163.00","46.72","Finland","Nasdaq Omx Helsinki Ltd.","CAD","0.62","EUR"
"NESTE","NESTE","Energy","Equity","703,038.39","0.10","703,038.39","12,755.00","55.12","Finland","Nasdaq Omx Helsinki Ltd.","CAD","0.62","EUR"
"ELE","ENDESA SA","Utilities","Equity","691,400.39","0.10","691,400.39","9,844.00","70.24","Spain","Bolsa De Madrid","CAD","0.62","EUR"
"TEF","TELEFONICA SA","Communication","Equity","687,960.24","0.10","687,960.24","114,136.00","6.03","Spain","Bolsa De Madrid","CAD","0.62","EUR"
"BT.A","BT GROUP PLC","Communication","Equity","687,389.17","0.10","687,389.17","176,787.00","3.89","United Kingdom","London Stock Exchange","CAD","0.54","GBP"
"EPI A","EPIROC CLASS A","Industrials","Equity","666,533.17","0.10","666,533.17","18,259.00","36.50","Sweden","Nasdaq Omx Nordic","CAD","7.02","SEK"
"ALFA","ALFA LAVAL","Industrials","Equity","665,456.59","0.10","665,456.59","8,400.00","79.22","Sweden","Nasdaq Omx Nordic","CAD","7.02","SEK"
"SGRO","SEGRO REIT PLC","Real Estate","Equity","665,376.78","0.10","665,376.78","37,806.00","17.60","United Kingdom","London Stock Exchange","CAD","0.54","GBP"
"BG","BAWAG GROUP AG","Financials","Equity","664,217.50","0.10","664,217.50","2,315.00","286.92","Austria","Wiener Boerse Ag","CAD","0.62","EUR"
"UPM","UPM-KYMMENE","Materials","Equity","663,143.40","0.10","663,143.40","15,636.00","42.41","Finland","Nasdaq Omx Helsinki Ltd.","CAD","0.62","EUR"
"TRN","TERNA RETE ELETTRICA NAZIONALE","Utilities","Equity","660,924.32","0.09","660,924.32","43,674.00","15.13","Italy","Borsa Italiana","CAD","0.62","EUR"
"KRZ","KERRY GROUP PLC","Consumer Staples","Equity","657,359.39","0.09","657,359.39","4,814.00","136.55","Ireland","Irish Stock Exchange - All Market","CAD","0.62","EUR"
"FBK","FINECOBANK BANCA FINECO","Financials","Equity","657,412.02","0.09","657,412.02","17,746.00","37.05","Italy","Borsa Italiana","CAD","0.62","EUR"
"VNA","VONOVIA SE","Real Estate","Equity","652,678.21","0.09","652,678.21","22,596.00","28.88","Germany","Xetra","CAD","0.62","EUR"
"BOL","BOLIDEN","Materials","Equity","645,511.78","0.09","645,511.78","8,399.00","76.86","Sweden","Nasdaq Omx Nordic","CAD","7.02","SEK"
"DSY","DASSAULT SYSTEMES","Information Technology","Equity","642,981.06","0.09","642,981.06","19,448.00","33.06","France","Nyse Euronext - Euronext Paris","CAD","0.62","EUR"
"KOG","KONGSBERG GRUPPEN","Industrials","Equity","641,493.09","0.09","641,493.09","13,351.00","48.05","Norway","Oslo Bors Asa","CAD","6.73","NOK"
"ESSITY B","ESSITY CLASS B","Consumer Staples","Equity","635,938.79","0.09","635,938.79","16,887.00","37.66","Sweden","Nasdaq Omx Nordic","CAD","7.02","SEK"
"LOGN","LOGITECH INTERNATIONAL","Information Technology","Equity","632,084.19","0.09","632,084.19","4,415.00","143.17","Switzerland","SIX Swiss Exchange","CAD","0.59","CHF"
"SHL","SIEMENS HEALTHINEERS AG","Health Care","Equity","618,200.76","0.09","618,200.76","10,016.00","61.72","Germany","Xetra","CAD","0.62","EUR"
"INF","INFORMA PLC","Communication","Equity","614,671.50","0.09","614,671.50","36,857.00","16.68","United Kingdom","London Stock Exchange","CAD","0.54","GBP"
"BESI","BE SEMICONDUCTOR INDUSTRIES NV","Information Technology","Equity","609,689.23","0.09","609,689.23","2,091.00","291.58","Netherlands","Euronext Amsterdam","CAD","0.62","EUR"
"NTGY","NATURGY ENERGY GROUP SA","Utilities","Equity","605,441.38","0.09","605,441.38","12,596.00","48.07","Spain","Bolsa De Madrid","CAD","0.62","EUR"
"RO","ROCHE HOLDING AG","Health Care","Equity","605,195.13","0.09","605,195.13","967.00","625.85","Switzerland","SIX Swiss Exchange","CAD","0.59","CHF"
"UU.","UNITED UTILITIES GROUP PLC","Utilities","Equity","597,030.11","0.09","597,030.11","22,966.00","26.00","United Kingdom","London Stock Exchange","CAD","0.54","GBP"
"SY1","SYMRISE AG","Materials","Equity","594,032.22","0.09","594,032.22","4,104.00","144.74","Germany","Xetra","CAD","0.62","EUR"
"SOON","SONOVA HOLDING AG","Health Care","Equity","586,940.61","0.08","586,940.61","1,471.00","399.01","Switzerland","SIX Swiss Exchange","CAD","0.59","CHF"
"CLNX","CELLNEX TELECOM","Communication","Equity","577,941.79","0.08","577,941.79","14,350.00","40.27","Spain","Bolsa De Madrid","CAD","0.62","EUR"
"ENX","EURONEXT NV","Financials","Equity","573,489.72","0.08","573,489.72","2,268.00","252.86","France","Nyse Euronext - Euronext Paris","CAD","0.62","EUR"
"AGS","AGEAS","Financials","Equity","568,280.44","0.08","568,280.44","4,603.00","123.46","Belgium","Nyse Euronext - Euronext Brussels","CAD","0.62","EUR"
"EQT","EQT","Financials","Equity","566,128.24","0.08","566,128.24","13,070.00","43.32","Sweden","Nasdaq Omx Nordic","CAD","7.02","SEK"
"RI","PERNOD RICARD SA","Consumer Staples","Equity","564,619.20","0.08","564,619.20","5,846.00","96.58","France","Nyse Euronext - Euronext Paris","CAD","0.62","EUR"
"EDV","ENDEAVOUR MINING","Materials","Equity","563,888.01","0.08","563,888.01","6,460.00","87.29","United Kingdom","London Stock Exchange","CAD","0.54","GBP"
"CCH","COCA COLA HBC AG","Consumer Staples","Equity","563,484.81","0.08","563,484.81","6,545.00","86.09","United Kingdom","London Stock Exchange","CAD","0.54","GBP"
"ADM","ADMIRAL GROUP PLC","Financials","Equity","563,379.63","0.08","563,379.63","7,747.00","72.72","United Kingdom","London Stock Exchange","CAD","0.54","GBP"
"DPLM","DIPLOMA PLC","Industrials","Equity","561,938.48","0.08","561,938.48","4,105.00","136.89","United Kingdom","London Stock Exchange","CAD","0.54","GBP"
"HEN3","HENKEL & KGAA PREF AG","Consumer Staples","Equity","559,958.23","0.08","559,958.23","4,709.00","118.91","Germany","Xetra","CAD","0.62","EUR"
"STMN","STRAUMANN HOLDING AG","Health Care","Equity","553,371.95","0.08","553,371.95","3,443.00","160.72","Switzerland","SIX Swiss Exchange","CAD","0.59","CHF"
"BKT","BANKINTER SA","Financials","Equity","551,802.02","0.08","551,802.02","20,482.00","26.94","Spain","Bolsa De Madrid","CAD","0.62","EUR"
"METSO","METSO CORPORATION","Industrials","Equity","550,960.99","0.08","550,960.99","19,553.00","28.18","Finland","Nasdaq Omx Helsinki Ltd.","CAD","0.62","EUR"
"SGE","THE SAGE GROUP","Information Technology","Equity","550,714.45","0.08","550,714.45","28,519.00","19.31","United Kingdom","London Stock Exchange","CAD","0.54","GBP"
"URW","UNIBAIL RODAMCO WE STAPLED UNITS","Real Estate","Equity","550,079.06","0.08","550,079.06","3,628.00","151.62","France","Nyse Euronext - Euronext Paris","CAD","0.62","EUR"
"ASRNL","ASR NEDERLAND","Financials","Equity","545,272.83","0.08","545,272.83","4,528.00","120.42","Netherlands","Euronext Amsterdam","CAD","0.62","EUR"
"FORTUM","FORTUM","Utilities","Equity","541,405.96","0.08","541,405.96","13,795.00","39.25","Finland","Nasdaq Omx Helsinki Ltd.","CAD","0.62","EUR"
"SRG","SNAM","Utilities","Equity","540,708.82","0.08","540,708.82","59,868.00","9.03","Italy","Borsa Italiana","CAD","0.62","EUR"
"AKRBP","AKER BP","Energy","Equity","539,520.75","0.08","539,520.75","9,882.00","54.60","Norway","Oslo Bors Asa","CAD","6.73","NOK"
"SCHP","SCHINDLER HOLDING PAR AG","Industrials","Equity","532,965.88","0.08","532,965.88","1,230.00","433.31","Switzerland","SIX Swiss Exchange","CAD","0.59","CHF"
"KNIN","KUEHNE UND NAGEL INTERNATIONAL AG","Industrials","Equity","527,501.17","0.08","527,501.17","1,435.00","367.60","Switzerland","SIX Swiss Exchange","CAD","0.59","CHF"
"AGN","AEGON","Financials","Equity","519,512.96","0.07","519,512.96","40,423.00","12.85","Netherlands","Euronext Amsterdam","CAD","0.62","EUR"
"UNI","UNIPOL ASSICURAZIONI SPA","Financials","Equity","514,007.30","0.07","514,007.30","11,278.00","45.58","Italy","Borsa Italiana","CAD","0.62","EUR"
"SPSN","SWISS PRIME SITE AG","Real Estate","Equity","510,650.30","0.07","510,650.30","2,370.00","215.46","Switzerland","SIX Swiss Exchange","CAD","0.59","CHF"
"CARL B","CARLSBERG AS CL B","Consumer Staples","Equity","508,863.09","0.07","508,863.09","2,772.00","183.57","Denmark","Omx Nordic Exchange Copenhagen A/S","CAD","4.65","DKK"
"NHY","NORSK HYDRO","Materials","Equity","502,814.17","0.07","502,814.17","39,131.00","12.85","Norway","Oslo Bors Asa","CAD","6.73","NOK"
"OMV","OMV","Energy","Equity","492,146.26","0.07","492,146.26","4,246.00","115.91","Austria","Wiener Boerse Ag","CAD","0.62","EUR"
"EVO","EVOLUTION","Consumer Discretionary","Equity","491,013.61","0.07","491,013.61","3,829.00","128.24","Sweden","Nasdaq Omx Nordic","CAD","7.02","SEK"
"CA","CARREFOUR SA","Consumer Staples","Equity","490,547.40","0.07","490,547.40","18,165.00","27.00","France","Nyse Euronext - Euronext Paris","CAD","0.62","EUR"
"TELIA","TELIA COMPANY","Communication","Equity","490,265.37","0.07","490,265.37","71,849.00","6.82","Sweden","Nasdaq Omx Nordic","CAD","7.02","SEK"
"ITRK","INTERTEK GROUP PLC","Industrials","Equity","489,918.94","0.07","489,918.94","4,492.00","109.07","United Kingdom","London Stock Exchange","CAD","0.54","GBP"
"MAERSK B","A P MOLLER MAERSK B","Industrials","Equity","488,266.00","0.07","488,266.00","100.00","4,882.66","Denmark","Omx Nordic Exchange Copenhagen A/S","CAD","4.65","DKK"
"BNZL","BUNZL","Industrials","Equity","486,648.57","0.07","486,648.57","9,878.00","49.27","United Kingdom","London Stock Exchange","CAD","0.54","GBP"
"EN","BOUYGUES SA","Industrials","Equity","485,624.07","0.07","485,624.07","6,740.00","72.05","France","Nyse Euronext - Euronext Paris","CAD","0.62","EUR"
"TIT","TELECOM ITALIA","Communication","Equity","466,787.78","0.07","466,787.78","36,897.00","12.65","Italy","Borsa Italiana","CAD","0.62","EUR"
"AKZA","AKZO NOBEL","Materials","Equity","463,817.58","0.07","463,817.58","5,110.00","90.77","Netherlands","Euronext Amsterdam","CAD","0.62","EUR"
"RTO","RENTOKIL INITIAL PLC","Industrials","Equity","460,252.13","0.07","460,252.13","75,551.00","6.09","United Kingdom","London Stock Exchange","CAD","0.54","GBP"
"GALP","GALP ENERGIA SGPS SA CLASS B","Energy","Equity","459,933.41","0.07","459,933.41","12,984.00","35.42","Portugal","Nyse Euronext - Euronext Lisbon","CAD","0.62","EUR"
"G1A","GEA GROUP AG","Industrials","Equity","458,497.69","0.07","458,497.69","4,374.00","104.82","Germany","Xetra","CAD","0.62","EUR"
"MNG","M&G PLC","Financials","Equity","457,437.62","0.07","457,437.62","71,830.00","6.37","United Kingdom","London Stock Exchange","CAD","0.54","GBP"
"SN.","SMITH AND NEPHEW PLC","Health Care","Equity","456,967.66","0.07","456,967.66","23,630.00","19.34","United Kingdom","London Stock Exchange","CAD","0.54","GBP"
"LISN","CHOCOLADEFABRIKEN LINDT & SPRUENGL","Consumer Staples","Equity","456,906.48","0.07","456,906.48","3.00","152,302.36","Switzerland","SIX Swiss Exchange","CAD","0.59","CHF"
"RYA","RYANAIR HOLDINGS PLC","Industrials","Equity","449,440.15","0.06","449,440.15","12,379.00","36.31","Ireland","Irish Stock Exchange - All Market","CAD","0.62","EUR"
"ERF","EUROFINS SCIENTIFIC","Health Care","Equity","448,824.09","0.06","448,824.09","3,634.00","123.51","France","Nyse Euronext - Euronext Paris","CAD","0.62","EUR"
"BCP","BANCO COMERCIAL PORTUGUES SA","Financials","Equity","445,653.32","0.06","445,653.32","230,597.00","1.93","Portugal","Nyse Euronext - Euronext Lisbon","CAD","0.62","EUR"
"MONC","MONCLER","Consumer Discretionary","Equity","445,005.64","0.06","445,005.64","6,297.00","70.67","Italy","Borsa Italiana","CAD","0.62","EUR"
"SVT","SEVERN TRENT PLC","Utilities","Equity","443,079.13","0.06","443,079.13","7,713.00","57.45","United Kingdom","London Stock Exchange","CAD","0.54","GBP"
"BVI","BUREAU VERITAS SA","Industrials","Equity","436,227.38","0.06","436,227.38","9,842.00","44.32","France","Nyse Euronext - Euronext Paris","CAD","0.62","EUR"
"SMIN","SMITHS GROUP PLC","Industrials","Equity","434,031.09","0.06","434,031.09","9,114.00","47.62","United Kingdom","London Stock Exchange","CAD","0.54","GBP"
"IMI","IMI PLC","Industrials","Equity","429,916.17","0.06","429,916.17","7,479.00","57.48","United Kingdom","London Stock Exchange","CAD","0.54","GBP"
"ORNBV","ORION CLASS B","Health Care","Equity","428,269.59","0.06","428,269.59","3,265.00","131.17","Finland","Nasdaq Omx Helsinki Ltd.","CAD","0.62","EUR"
"LISP","CHOCOLADEFABRIKEN LINDT & SPRUENGL","Consumer Staples","Equity","427,396.88","0.06","427,396.88","29.00","14,737.84","Switzerland","SIX Swiss Exchange","CAD","0.59","CHF"
"STLAM","STELLANTIS","Consumer Discretionary","Equity","426,337.92","0.06","426,337.92","59,832.00","7.13","Italy","Borsa Italiana","CAD","0.62","EUR"
"BEZ","BEAZLEY PLC","Financials","Equity","423,284.10","0.06","423,284.10","17,368.00","24.37","United Kingdom","London Stock Exchange","CAD","0.54","GBP"
"TEL2 B","TELE2 B","Communication","Equity","419,749.31","0.06","419,749.31","17,004.00","24.69","Sweden","Nasdaq Omx Nordic","CAD","7.02","SEK"
"SKF B","SKF B","Industrials","Equity","412,687.64","0.06","412,687.64","10,517.00","39.24","Sweden","Nasdaq Omx Nordic","CAD","7.02","SEK"
"MOWI","MOWI","Consumer Staples","Equity","412,592.74","0.06","412,592.74","13,702.00","30.11","Norway","Oslo Bors Asa","CAD","6.73","NOK"
"CNA","CENTRICA PLC","Utilities","Equity","411,303.88","0.06","411,303.88","144,418.00","2.85","United Kingdom","London Stock Exchange","CAD","0.54","GBP"
"ORSTED","ORSTED A/S","Utilities","Equity","408,475.12","0.06","408,475.12","13,981.00","29.22","Denmark","Omx Nordic Exchange Copenhagen A/S","CAD","4.65","DKK"
"AC","ACCOR SA","Consumer Discretionary","Equity","406,952.28","0.06","406,952.28","5,537.00","73.50","France","Nyse Euronext - Euronext Paris","CAD","0.62","EUR"
"MKS","MARKS AND SPENCER GROUP PLC","Consumer Staples","Equity","403,321.52","0.06","403,321.52","59,168.00","6.82","United Kingdom","London Stock Exchange","CAD","0.54","GBP"
"BEAN","BELIMO N AG","Industrials","Equity","399,445.95","0.06","399,445.95","302.00","1,322.67","Switzerland","SIX Swiss Exchange","CAD","0.59","CHF"
"LI","KLEPIERRE REIT SA","Real Estate","Equity","399,107.68","0.06","399,107.68","6,729.00","59.31","France","Nyse Euronext - Euronext Paris","CAD","0.62","EUR"
"PNDORA","PANDORA","Consumer Discretionary","Equity","397,893.30","0.06","397,893.30","2,292.00","173.60","Denmark","Omx Nordic Exchange Copenhagen A/S","CAD","4.65","DKK"
"SKA B","SKANSKA B","Industrials","Equity","396,518.17","0.06","396,518.17","10,269.00","38.61","Sweden","Nasdaq Omx Nordic","CAD","7.02","SEK"
"RBI","RAIFFEISEN BANK INTERNATIONAL AG","Financials","Equity","395,382.90","0.06","395,382.90","4,038.00","97.91","Austria","Wiener Boerse Ag","CAD","0.62","EUR"
"HEIO","HEINEKEN HOLDING NV","Consumer Staples","Equity","392,820.39","0.06","392,820.39","3,636.00","108.04","Netherlands","Euronext Amsterdam","CAD","0.62","EUR"
"WEIR","WEIR PLC","Industrials","Equity","386,860.88","0.06","386,860.88","7,741.00","49.98","United Kingdom","London Stock Exchange","CAD","0.54","GBP"
"SDLF","STANDARD LIFE PLC","Financials","Equity","384,039.05","0.06","384,039.05","21,612.00","17.77","United Kingdom","London Stock Exchange","CAD","0.54","GBP"
"TEN","TENARIS SA","Energy","Equity","382,646.78","0.05","382,646.78","9,718.00","39.37","Italy","Borsa Italiana","CAD","0.62","EUR"
"PSON","PEARSON PLC","Consumer Discretionary","Equity","381,933.53","0.05","381,933.53","16,993.00","22.48","United Kingdom","London Stock Exchange","CAD","0.54","GBP"
"STB","STOREBRAND","Financials","Equity","381,823.35","0.05","381,823.35","12,781.00","29.87","Norway","Oslo Bors Asa","CAD","6.73","NOK"
"GTT","GAZTRANSPORT & TECHNIGAZ SA","Energy","Equity","379,624.69","0.05","379,624.69","1,041.00","364.67","France","Nyse Euronext - Euronext Paris","CAD","0.62","EUR"
"MICC","MAGNUM ICE CREAM","Consumer Staples","Equity","377,401.63","0.05","377,401.63","14,152.00","26.67","Netherlands","Euronext Amsterdam","CAD","0.62","EUR"
"CON","CONTINENTAL AG","Consumer Discretionary","Equity","376,954.03","0.05","376,954.03","3,317.00","113.64","Germany","Xetra","CAD","0.62","EUR"
"TIGO","MILLICOM INTERNATIONAL CELLULAR","Communication","Equity","376,616.81","0.05","376,616.81","2,814.00","133.84","Sweden","NASDAQ","CAD","0.71","USD"
"INDU C","INDUSTRIVARDEN SERIES","Financials","Equity","376,174.47","0.05","376,174.47","4,900.00","76.77","Sweden","Nasdaq Omx Nordic","CAD","7.02","SEK"
"RXL","REXEL SA","Industrials","Equity","372,276.45","0.05","372,276.45","6,405.00","58.12","France","Nyse Euronext - Euronext Paris","CAD","0.62","EUR"
"TEL","TELENOR","Communication","Equity","370,991.96","0.05","370,991.96","18,345.00","20.22","Norway","Oslo Bors Asa","CAD","6.73","NOK"
"ADDT B","ADDTECH CLASS B","Industrials","Equity","370,938.19","0.05","370,938.19","7,889.00","47.02","Sweden","Nasdaq Omx Nordic","CAD","7.02","SEK"
"TREL B","TRELLEBORG B","Industrials","Equity","368,132.23","0.05","368,132.23","5,706.00","64.52","Sweden","Nasdaq Omx Nordic","CAD","7.02","SEK"
"TLX","TALANX AG","Financials","Equity","367,735.38","0.05","367,735.38","1,849.00","198.88","Germany","Xetra","CAD","0.62","EUR"
"QIA","QIAGEN","Health Care","Equity","367,211.67","0.05","367,211.67","5,921.00","62.02","Germany","Deutsche Boerse Xetra","CAD","0.62","EUR"
"ACLN","ACCELLERON N AG","Industrials","Equity","364,877.77","0.05","364,877.77","2,906.00","125.56","Switzerland","SIX Swiss Exchange","CAD","0.59","CHF"
"SOBI","SWEDISH ORPHAN BIOVITRUM","Health Care","Equity","364,029.12","0.05","364,029.12","5,731.00","63.52","Sweden","Nasdaq Omx Nordic","CAD","7.02","SEK"
"FRES","FRESNILLO PLC","Materials","Equity","360,786.33","0.05","360,786.33","6,431.00","56.10","United Kingdom","London Stock Exchange","CAD","0.54","GBP"
"PSPN","PSP SWISS PROPERTY AG","Real Estate","Equity","357,314.11","0.05","357,314.11","1,420.00","251.63","Switzerland","SIX Swiss Exchange","CAD","0.59","CHF"
"KBX","KNORR BREMSE AG","Industrials","Equity","354,384.97","0.05","354,384.97","2,087.00","169.80","Germany","Xetra","CAD","0.62","EUR"
"SUBC","SUBSEA","Energy","Equity","353,873.10","0.05","353,873.10","7,209.00","49.09","Norway","Oslo Bors Asa","CAD","6.73","NOK"
"MRO","MELROSE INDUSTRIES PLC","Industrials","Equity","351,978.33","0.05","351,978.33","38,788.00","9.07","United Kingdom","London Stock Exchange","CAD","0.54","GBP"
"MAERSK A","A P MOLLER MAERSK","Industrials","Equity","349,866.66","0.05","349,866.66","74.00","4,727.93","Denmark","Omx Nordic Exchange Copenhagen A/S","CAD","4.65","DKK"
"TKA","THYSSENKRUPP AG","Materials","Equity","349,518.43","0.05","349,518.43","13,960.00","25.04","Germany","Xetra","CAD","0.62","EUR"
"SPIE","SPIE SA","Industrials","Equity","348,933.93","0.05","348,933.93","4,923.00","70.88","France","Nyse Euronext - Euronext Paris","CAD","0.62","EUR"
"FME","FRESENIUS MEDICAL CARE AG","Health Care","Equity","346,534.22","0.05","346,534.22","5,531.00","62.65","Germany","Xetra","CAD","0.62","EUR"
"HEN","HENKEL AG","Consumer Staples","Equity","345,947.37","0.05","345,947.37","3,146.00","109.96","Germany","Xetra","CAD","0.62","EUR"
"FGR","EIFFAGE SA","Industrials","Equity","343,011.19","0.05","343,011.19","1,977.00","173.50","France","Nyse Euronext - Euronext Paris","CAD","0.62","EUR"
"EXO","EXOR NV","Financials","Equity","340,095.41","0.05","340,095.41","2,965.00","114.70","Netherlands","Euronext Amsterdam","CAD","0.62","EUR"
"GAW","GAMES WORKSHOP GROUP PLC","Consumer Discretionary","Equity","339,968.33","0.05","339,968.33","1,025.00","331.68","United Kingdom","London Stock Exchange","CAD","0.54","GBP"
"BNR","BRENNTAG","Industrials","Equity","338,944.49","0.05","338,944.49","3,469.00","97.71","Germany","Xetra","CAD","0.62","EUR"
"HSX","HISCOX LTD","Financials","Equity","338,375.28","0.05","338,375.28","9,354.00","36.17","United Kingdom","London Stock Exchange","CAD","0.54","GBP"
"FRO","FRONTLINE PLC","Energy","Equity","338,394.68","0.05","338,394.68","4,798.00","70.53","Norway","Oslo Bors Asa","CAD","6.73","NOK"
"BEI","BEIERSDORF AG","Consumer Staples","Equity","333,926.17","0.05","333,926.17","2,770.00","120.55","Germany","Xetra","CAD","0.62","EUR"
"ABF","ASSOCIATED BRITISH FOODS PLC","Consumer Staples","Equity","333,209.36","0.05","333,209.36","9,681.00","34.42","United Kingdom","London Stock Exchange","CAD","0.54","GBP"
"SECU B","SECURITAS B","Industrials","Equity","332,156.53","0.05","332,156.53","15,177.00","21.89","Sweden","Nasdaq Omx Nordic","CAD","7.02","SEK"
"COLO B","COLOPLAST B","Health Care","Equity","330,431.87","0.05","330,431.87","3,660.00","90.28","Denmark","Omx Nordic Exchange Copenhagen A/S","CAD","4.65","DKK"
"DCC","DCC ENERGY PLC","Energy","Equity","329,726.14","0.05","329,726.14","2,763.00","119.34","United Kingdom","London Stock Exchange","CAD","0.54","GBP"
"SBRY","SAINSBURY(J) PLC","Consumer Staples","Equity","326,456.91","0.05","326,456.91","51,489.00","6.34","United Kingdom","London Stock Exchange","CAD","0.54","GBP"
"EPI B","EPIROC CLASS B","Industrials","Equity","325,855.39","0.05","325,855.39","10,578.00","30.81","Sweden","Nasdaq Omx Nordic","CAD","7.02","SEK"
"STJ","ST JAMESS PLACE PLC","Financials","Equity","320,662.58","0.05","320,662.58","15,427.00","20.79","United Kingdom","London Stock Exchange","CAD","0.54","GBP"
"LTMC","LOTTOMATICA GROUP","Consumer Discretionary","Equity","319,674.84","0.05","319,674.84","7,215.00","44.31","Italy","Borsa Italiana","CAD","0.62","EUR"
"WISE","WISE PLC CLASS A","Financials","Equity","319,444.13","0.05","319,444.13","19,504.00","16.38","United Kingdom","London Stock Exchange","CAD","0.54","GBP"
"YAR","YARA INTERNATIONAL","Materials","Equity","319,382.97","0.05","319,382.97","4,669.00","68.40","Norway","Oslo Bors Asa","CAD","6.73","NOK"
"STERV","STORA ENSO CLASS R","Materials","Equity","312,939.51","0.04","312,939.51","18,308.00","17.09","Finland","Nasdaq Omx Helsinki Ltd.","CAD","0.62","EUR"
"SCA B","SVENSKA CELLULOSA B","Materials","Equity","312,812.47","0.04","312,812.47","18,144.00","17.24","Sweden","Nasdaq Omx Nordic","CAD","7.02","SEK"
"NKT","NKT","Industrials","Equity","312,088.05","0.04","312,088.05","1,559.00","200.18","Denmark","Omx Nordic Exchange Copenhagen A/S","CAD","4.65","DKK"
"EMSN","EMS-CHEMIE HOLDING AG","Materials","Equity","310,818.66","0.04","310,818.66","226.00","1,375.31","Switzerland","SIX Swiss Exchange","CAD","0.59","CHF"
"EDEN","EDENRED","Financials","Equity","309,035.09","0.04","309,035.09","6,606.00","46.78","France","Nyse Euronext - Euronext Paris","CAD","0.62","EUR"
"RILBA","RINGKJOBING LANDBOBANK","Financials","Equity","308,953.97","0.04","308,953.97","775.00","398.65","Denmark","Omx Nordic Exchange Copenhagen A/S","CAD","4.65","DKK"
"LIFCO B","LIFCO CLASS B","Industrials","Equity","304,905.47","0.04","304,905.47","6,975.00","43.71","Sweden","Nasdaq Omx Nordic","CAD","7.02","SEK"
"IDR","INDRA SISTEMAS SA","Information Technology","Equity","302,235.11","0.04","302,235.11","2,991.00","101.05","Spain","Bolsa De Madrid","CAD","0.62","EUR"
"KGF","KINGFISHER PLC","Consumer Discretionary","Equity","300,385.07","0.04","300,385.07","51,986.00","5.78","United Kingdom","London Stock Exchange","CAD","0.54","GBP"
"TRYG","TRYG","Financials","Equity","294,674.94","0.04","294,674.94","8,898.00","33.12","Denmark","Omx Nordic Exchange Copenhagen A/S","CAD","4.65","DKK"
"SRT3","SARTORIUS PREF AG","Health Care","Equity","292,786.23","0.04","292,786.23","734.00","398.89","Germany","Xetra","CAD","0.62","EUR"
"BGEO","LION FINANCE GROUP PLC","Financials","Equity","292,421.69","0.04","292,421.69","1,133.00","258.10","United Kingdom","London Stock Exchange","CAD","0.54","GBP"
"KESKOB","KESKO CLASS B","Consumer Staples","Equity","291,311.63","0.04","291,311.63","8,045.00","36.21","Finland","Nasdaq Omx Helsinki Ltd.","CAD","0.62","EUR"
"ORK","ORKLA","Consumer Staples","Equity","291,230.07","0.04","291,230.07","21,401.00","13.61","Norway","Oslo Bors Asa","CAD","6.73","NOK"
"AMUN","AMUNDI SA","Financials","Equity","290,617.55","0.04","290,617.55","1,961.00","148.20","France","Nyse Euronext - Euronext Paris","CAD","0.62","EUR"
"AED","AEDIFICA NV","Real Estate","Equity","288,615.46","0.04","288,615.46","2,720.00","106.11","Belgium","Nyse Euronext - Euronext Brussels","CAD","0.62","EUR"
"GET","GETLINK","Industrials","Equity","288,100.48","0.04","288,100.48","9,621.00","29.94","France","Nyse Euronext - Euronext Paris","CAD","0.62","EUR"
"HOT","HOCHTIEF AG","Industrials","Equity","287,456.22","0.04","287,456.22","456.00","630.38","Germany","Xetra","CAD","0.62","EUR"
"HM B","HENNES & MAURITZ","Consumer Discretionary","Equity","287,195.07","0.04","287,195.07","12,268.00","23.41","Sweden","Nasdaq Omx Nordic","CAD","7.02","SEK"
"GBLB","GROUPE BRUXELLES LAMBERT NV","Financials","Equity","284,551.68","0.04","284,551.68","2,368.00","120.16","Belgium","Nyse Euronext - Euronext Brussels","CAD","0.62","EUR"
"SPM","SAIPEM","Energy","Equity","283,873.22","0.04","283,873.22","40,781.00","6.96","Italy","Borsa Italiana","CAD","0.62","EUR"
"SYENS","SYENSQO NV","Materials","Equity","283,666.83","0.04","283,666.83","2,258.00","125.63","Belgium","Nyse Euronext - Euronext Brussels","CAD","0.62","EUR"
"ALSYDB","AL SYDBANK","Financials","Equity","282,817.34","0.04","282,817.34","1,868.00","151.40","Denmark","Omx Nordic Exchange Copenhagen A/S","CAD","4.65","DKK"
"BPSFT","CASH COLLATERAL BPSFT EUR","Cash and/or Derivatives","Cash Collateral and Margins","282,742.13","0.04","282,742.13","176,000.00","160.65","European Union","-","CAD","0.62","EUR"
"AM","DASSAULT AVIATION SA","Industrials","Equity","282,670.48","0.04","282,670.48","603.00","468.77","France","Nyse Euronext - Euronext Paris","CAD","0.62","EUR"
"ICG","ICG PLC","Financials","Equity","281,891.12","0.04","281,891.12","7,911.00","35.63","United Kingdom","London Stock Exchange","CAD","0.54","GBP"
"ABVX","ABIVAX SA","Health Care","Equity","280,132.71","0.04","280,132.71","1,861.00","150.53","France","Nyse Euronext - Euronext Paris","CAD","0.62","EUR"
"NIBE B","NIBE INDUSTRIER CLASS B","Industrials","Equity","279,785.18","0.04","279,785.18","45,687.00","6.12","Sweden","Nasdaq Omx Nordic","CAD","7.02","SEK"
"SCHN","SCHINDLER HOLDING AG","Industrials","Equity","277,439.52","0.04","277,439.52","651.00","426.17","Switzerland","SIX Swiss Exchange","CAD","0.59","CHF"
"KCR","KONECRANES","Industrials","Equity","277,338.80","0.04","277,338.80","5,868.00","47.26","Finland","Nasdaq Omx Helsinki Ltd.","CAD","0.62","EUR"
"IAG","INTERNATIONAL AIRLINES GROUP","Industrials","Equity","277,352.37","0.04","277,352.37","35,119.00","7.90","Spain","Bolsa De Madrid","CAD","0.62","EUR"
"JYSK","JYSKE BANK","Financials","Equity","276,951.27","0.04","276,951.27","1,161.00","238.55","Denmark","Omx Nordic Exchange Copenhagen A/S","CAD","4.65","DKK"
"SPX","SPIRAX GROUP PLC","Industrials","Equity","276,086.44","0.04","276,086.44","2,121.00","130.17","United Kingdom","London Stock Exchange","CAD","0.54","GBP"
"ACKB","ACKERMANS & VAN HAAREN NV","Industrials","Equity","275,991.66","0.04","275,991.66","627.00","440.17","Belgium","Nyse Euronext - Euronext Brussels","CAD","0.62","EUR"
"BEIJ B","BEIJER REF CLASS B","Industrials","Equity","274,599.87","0.04","274,599.87","13,865.00","19.81","Sweden","Nasdaq Omx Nordic","CAD","7.02","SEK"
"UHR","THE SWATCH GROUP AG","Consumer Discretionary","Equity","272,363.21","0.04","272,363.21","905.00","300.95","Switzerland","SIX Swiss Exchange","CAD","0.59","CHF"
"NDX1","NORDEX","Industrials","Equity","271,914.39","0.04","271,914.39","4,200.00","64.74","Germany","Xetra","CAD","0.62","EUR"
"G24","SCOUT24 N","Communication","Equity","270,852.83","0.04","270,852.83","2,254.00","120.16","Germany","Xetra","CAD","0.62","EUR"
"LOTB","LOTUS BAKERIES NV","Consumer Staples","Equity","270,789.85","0.04","270,789.85","14.00","19,341.99","Belgium","Nyse Euronext - Euronext Brussels","CAD","0.62","EUR"
"SCR","SCOR","Financials","Equity","266,180.67","0.04","266,180.67","5,067.00","52.53","France","Nyse Euronext - Euronext Paris","CAD","0.62","EUR"
"ALO","ALSTOM SA","Industrials","Equity","266,081.77","0.04","266,081.77","10,553.00","25.21","France","Nyse Euronext - Euronext Paris","CAD","0.62","EUR"
"INDT","INDUTRADE","Industrials","Equity","264,982.78","0.04","264,982.78","7,505.00","35.31","Sweden","Nasdaq Omx Nordic","CAD","7.02","SEK"
"DIM","SARTORIUS STEDIM BIOTECH SA","Health Care","Equity","264,942.39","0.04","264,942.39","841.00","315.03","France","Nyse Euronext - Euronext Paris","CAD","0.62","EUR"
"SSAB B","SSAB CLASS B","Materials","Equity","264,788.83","0.04","264,788.83","16,987.00","15.59","Sweden","Nasdaq Omx Nordic","CAD","7.02","SEK"
"SDR","SCHRODERS PLC","Financials","Equity","264,158.05","0.04","264,158.05","24,076.00","10.97","United Kingdom","London Stock Exchange","CAD","0.54","GBP"
"ELI","ELIA GROUP SA","Utilities","Equity","263,804.84","0.04","263,804.84","1,346.00","195.99","Belgium","Nyse Euronext - Euronext Brussels","CAD","0.62","EUR"
"BBY","BALFOUR BEATTY PLC","Industrials","Equity","262,635.13","0.04","262,635.13","15,488.00","16.96","United Kingdom","London Stock Exchange","CAD","0.54","GBP"
"IMCD","IMCD NV","Industrials","Equity","261,317.73","0.04","261,317.73","1,704.00","153.35","Netherlands","Euronext Amsterdam","CAD","0.62","EUR"
"ANDR","ANDRITZ AG","Industrials","Equity","260,029.10","0.04","260,029.10","1,911.00","136.07","Austria","Wiener Boerse Ag","CAD","0.62","EUR"
"ATS","AT & S AUSTRIA TECHNOLOGIE & SYSTE","Information Technology","Equity","257,592.22","0.04","257,592.22","959.00","268.60","Austria","Wiener Boerse Ag","CAD","0.62","EUR"
"ANA","ACCIONA","Utilities","Equity","256,204.86","0.04","256,204.86","766.00","334.47","Spain","Bolsa De Madrid","CAD","0.62","EUR"
"LAND","LAND SECURITIES GROUP REIT PLC","Real Estate","Equity","255,970.72","0.04","255,970.72","21,500.00","11.91","United Kingdom","London Stock Exchange","CAD","0.54","GBP"
"P911","DR ING HC F PORSCHE PRF AG","Consumer Discretionary","Equity","254,916.61","0.04","254,916.61","3,335.00","76.44","Germany","Xetra","CAD","0.62","EUR"
"ROR","ROTORK PLC","Industrials","Equity","253,313.27","0.04","253,313.27","27,990.00","9.05","United Kingdom","London Stock Exchange","CAD","0.54","GBP"
"IG","ITALGAS","Utilities","Equity","253,196.48","0.04","253,196.48","18,674.00","13.56","Italy","Borsa Italiana","CAD","0.62","EUR"
"MRL","MERLIN PROPERTIES REIT","Real Estate","Equity","252,740.94","0.04","252,740.94","12,586.00","20.08","Spain","Bolsa De Madrid","CAD","0.62","EUR"
"IPN","IPSEN SA","Health Care","Equity","252,543.67","0.04","252,543.67","1,009.00","250.29","France","Nyse Euronext - Euronext Paris","CAD","0.62","EUR"
"INDU A","INDUSTRIVARDEN A","Financials","Equity","251,056.83","0.04","251,056.83","3,236.00","77.58","Sweden","Nasdaq Omx Nordic","CAD","7.02","SEK"
"RNO","RENAULT SA","Consumer Discretionary","Equity","250,491.38","0.04","250,491.38","5,386.00","46.51","France","Nyse Euronext - Euronext Paris","CAD","0.62","EUR"
"ELISA","ELISA","Communication","Equity","248,203.41","0.04","248,203.41","4,013.00","61.85","Finland","Nasdaq Omx Helsinki Ltd.","CAD","0.62","EUR"
"CRDA","CRODA INTERNATIONAL PLC","Materials","Equity","246,773.08","0.04","246,773.08","4,119.00","59.91","United Kingdom","London Stock Exchange","CAD","0.54","GBP"
"DHER","DELIVERY HERO","Consumer Discretionary","Equity","243,958.72","0.04","243,958.72","4,148.00","58.81","Germany","Xetra","CAD","0.62","EUR"
"SBMO","SBM OFFSHORE","Energy","Equity","243,850.73","0.04","243,850.73","4,127.00","59.09","Netherlands","Euronext Amsterdam","CAD","0.62","EUR"
"BTRW","BARRATT REDROW PLC","Consumer Discretionary","Equity","243,457.61","0.03","243,457.61","41,477.00","5.87","United Kingdom","London Stock Exchange","CAD","0.54","GBP"
"AZM","AZIMUT HOLDING","Financials","Equity","243,295.24","0.03","243,295.24","3,836.00","63.42","Italy","Borsa Italiana","CAD","0.62","EUR"
"NEX","NEXANS SA","Industrials","Equity","241,236.87","0.03","241,236.87","1,085.00","222.34","France","Nyse Euronext - Euronext Paris","CAD","0.62","EUR"
"IGG","IG GROUP HOLDINGS PLC","Financials","Equity","241,137.44","0.03","241,137.44","9,819.00","24.56","United Kingdom","London Stock Exchange","CAD","0.54","GBP"
"ISS","ISS A S","Industrials","Equity","239,655.65","0.03","239,655.65","3,770.00","63.57","Denmark","Omx Nordic Exchange Copenhagen A/S","CAD","4.65","DKK"
"JMT","JERONIMO MARTINS SA","Consumer Staples","Equity","238,923.69","0.03","238,923.69","8,235.00","29.01","Portugal","Nyse Euronext - Euronext Lisbon","CAD","0.62","EUR"
"EVK","EVONIK INDUSTRIES AG","Materials","Equity","238,520.30","0.03","238,520.30","8,460.00","28.19","Germany","Xetra","CAD","0.62","EUR"
"BMED","BANCA MEDIOLANUM","Financials","Equity","237,606.82","0.03","237,606.82","6,318.00","37.61","Italy","Borsa Italiana","CAD","0.62","EUR"
"ABDN","ABERDEEN GROUP PLC","Financials","Equity","236,913.60","0.03","236,913.60","52,248.00","4.53","United Kingdom","London Stock Exchange","CAD","0.54","GBP"
"BLND","BRITISH LAND REIT","Real Estate","Equity","236,722.99","0.03","236,722.99","31,144.00","7.60","United Kingdom","London Stock Exchange","CAD","0.54","GBP"
"ZAL","ZALANDO","Consumer Discretionary","Equity","236,149.76","0.03","236,149.76","6,743.00","35.02","Germany","Xetra","CAD","0.62","EUR"
"MYCR","MYCRONIC","Information Technology","Equity","235,611.30","0.03","235,611.30","5,200.00","45.31","Sweden","Nasdaq Omx Nordic","CAD","7.02","SEK"
"LMP","LONDONMETRIC PROPERTY REIT PLC","Real Estate","Equity","235,248.77","0.03","235,248.77","69,749.00","3.37","United Kingdom","London Stock Exchange","CAD","0.54","GBP"
"AUTO","AUTOTRADER GROUP PLC","Communication","Equity","235,280.18","0.03","235,280.18","25,359.00","9.28","United Kingdom","London Stock Exchange","CAD","0.54","GBP"
"SW","SODEXO SA","Consumer Discretionary","Equity","233,235.03","0.03","233,235.03","2,501.00","93.26","France","Nyse Euronext - Euronext Paris","CAD","0.62","EUR"
"HWDN","HOWDEN JOINERY GROUP PLC","Industrials","Equity","231,282.20","0.03","231,282.20","16,263.00","14.22","United Kingdom","London Stock Exchange","CAD","0.54","GBP"
"VAR","VAR ENERGI","Energy","Equity","231,131.15","0.03","231,131.15","29,031.00","7.96","Norway","Oslo Bors Asa","CAD","6.73","NOK"
"UMI","UMICORE SA","Materials","Equity","230,175.87","0.03","230,175.87","6,454.00","35.66","Belgium","Nyse Euronext - Euronext Brussels","CAD","0.62","EUR"
"WPP","WPP PLC","Communication","Equity","229,034.49","0.03","229,034.49","31,543.00","7.26","United Kingdom","London Stock Exchange","CAD","0.54","GBP"
"HAG","HENSOLDT AG","Industrials","Equity","228,743.91","0.03","228,743.91","1,833.00","124.79","Germany","Xetra","CAD","0.62","EUR"
"VOE","VOESTALPINE AG","Materials","Equity","227,775.58","0.03","227,775.58","3,027.00","75.25","Austria","Wiener Boerse Ag","CAD","0.62","EUR"
"GJF","GJENSIDIGE FORSIKRING","Financials","Equity","227,579.16","0.03","227,579.16","5,474.00","41.57","Norway","Oslo Bors Asa","CAD","6.73","NOK"
"GETI B","GETINGE B","Health Care","Equity","226,512.57","0.03","226,512.57","6,660.00","34.01","Sweden","Nasdaq Omx Nordic","CAD","7.02","SEK"
"AZA","AVANZA BANK HOLDING","Financials","Equity","225,055.37","0.03","225,055.37","4,049.00","55.58","Sweden","Nasdaq Omx Nordic","CAD","7.02","SEK"
"WTB","WHITBREAD PLC","Consumer Discretionary","Equity","224,944.33","0.03","224,944.33","5,143.00","43.74","United Kingdom","London Stock Exchange","CAD","0.54","GBP"
"PAH3","PORSCHE AUTOMOBIL HOLDING PREF","Consumer Discretionary","Equity","223,997.89","0.03","223,997.89","4,668.00","47.99","Germany","Xetra","CAD","0.62","EUR"
"GALE","GALENICA AG","Health Care","Equity","223,943.43","0.03","223,943.43","1,591.00","140.76","Switzerland","SIX Swiss Exchange","CAD","0.59","CHF"
"GF","GEORG FISCHER AG","Industrials","Equity","221,710.43","0.03","221,710.43","2,385.00","92.96","Switzerland","SIX Swiss Exchange","CAD","0.59","CHF"
"LHA","DEUTSCHE LUFTHANSA AG","Industrials","Equity","221,028.24","0.03","221,028.24","17,924.00","12.33","Germany","Xetra","CAD","0.62","EUR"
"MTLN","METLEN ENERGY & METALS PLC","Industrials","Equity","220,814.54","0.03","220,814.54","2,937.00","75.18","Greece","London Stock Exchange","CAD","0.62","EUR"
"AIXA","AIXTRON","Information Technology","Equity","219,894.85","0.03","219,894.85","4,007.00","54.88","Germany","Xetra","CAD","0.62","EUR"
"VER","VERBUND AG","Utilities","Equity","218,157.64","0.03","218,157.64","2,185.00","99.84","Austria","Wiener Boerse Ag","CAD","0.62","EUR"
"PSN","PERSIMMON PLC","Consumer Discretionary","Equity","217,727.03","0.03","217,727.03","9,939.00","21.91","United Kingdom","London Stock Exchange","CAD","0.54","GBP"
"SQN","SWISSQUOTE GROUP HOLDING SA","Financials","Equity","215,270.70","0.03","215,270.70","3,300.00","65.23","Switzerland","SIX Swiss Exchange","CAD","0.59","CHF"
"REC","RECORDATI INDUSTRIA CHIMICA E FARM","Health Care","Equity","214,906.51","0.03","214,906.51","2,536.00","84.74","Italy","Borsa Italiana","CAD","0.62","EUR"
"INPST","INPOST SA","Industrials","Equity","212,999.22","0.03","212,999.22","8,521.00","25.00","Netherlands","Euronext Amsterdam","CAD","0.62","EUR"
"INVP","INVESTEC PLC","Financials","Equity","212,621.47","0.03","212,621.47","17,224.00","12.34","United Kingdom","London Stock Exchange","CAD","0.54","GBP"
"WDP","WAREHOUSES DE PAUW NV","Real Estate","Equity","212,467.73","0.03","212,467.73","6,274.00","33.86","Belgium","Nyse Euronext - Euronext Brussels","CAD","0.62","EUR"
"FHZN","FLUGHAFEN ZUERICH AG","Industrials","Equity","210,036.73","0.03","210,036.73","613.00","342.64","Switzerland","SIX Swiss Exchange","CAD","0.59","CHF"
"GL9","GLANBIA PLC","Consumer Staples","Equity","208,368.81","0.03","208,368.81","6,508.00","32.02","Ireland","Irish Stock Exchange - All Market","CAD","0.62","EUR"
"KBCA","KBC ANCORA NV","Financials","Equity","205,701.33","0.03","205,701.33","1,345.00","152.94","Belgium","Nyse Euronext - Euronext Brussels","CAD","0.62","EUR"
"SAVE","NORDNET","Financials","Equity","205,136.31","0.03","205,136.31","4,227.00","48.53","Sweden","Nasdaq Omx Nordic","CAD","7.02","SEK"
"LUND B","LUNDBERGFORETAGEN CLASS B","Financials","Equity","205,023.86","0.03","205,023.86","2,443.00","83.92","Sweden","Nasdaq Omx Nordic","CAD","7.02","SEK"
"CCC","COMPUTACENTER PLC","Information Technology","Equity","202,957.58","0.03","202,957.58","2,020.00","100.47","United Kingdom","London Stock Exchange","CAD","0.54","GBP"
"AVOL","AVOLTA AG","Consumer Discretionary","Equity","202,861.18","0.03","202,861.18","2,802.00","72.40","Switzerland","SIX Swiss Exchange","CAD","0.59","CHF"
"RS1","RS GROUP PLC","Industrials","Equity","201,181.54","0.03","201,181.54","14,587.00","13.79","United Kingdom","London Stock Exchange","CAD","0.54","GBP"
"RMV","RIGHTMOVE PLC","Communication","Equity","200,407.49","0.03","200,407.49","21,596.00","9.28","United Kingdom","London Stock Exchange","CAD","0.54","GBP"
"SIGN","SIG GROUP N AG","Materials","Equity","199,194.94","0.03","199,194.94","8,881.00","22.43","Switzerland","SIX Swiss Exchange","CAD","0.59","CHF"
"CTEC","CONVATEC GROUP PLC","Health Care","Equity","199,081.10","0.03","199,081.10","48,765.00","4.08","United Kingdom","London Stock Exchange","CAD","0.54","GBP"
"NDA","AURUBIS AG","Materials","Equity","198,806.92","0.03","198,806.92","734.00","270.85","Germany","Xetra","CAD","0.62","EUR"
"MAP","MAPFRE SA","Financials","Equity","198,052.25","0.03","198,052.25","27,107.00","7.31","Spain","Bolsa De Madrid","CAD","0.62","EUR"
"SB1NO","SPAREBANK SR-NORGE","Financials","Equity","197,018.82","0.03","197,018.82","5,807.00","33.93","Norway","Oslo Bors Asa","CAD","6.73","NOK"
"BARN","BARRY CALLEBAUT AG","Consumer Staples","Equity","196,220.20","0.03","196,220.20","103.00","1,905.05","Switzerland","SIX Swiss Exchange","CAD","0.59","CHF"
"MNDI","MONDI PLC","Materials","Equity","195,361.67","0.03","195,361.67","12,255.00","15.94","United Kingdom","London Stock Exchange","CAD","0.54","GBP"
"ZEG","ZEGONA COMMUNICATIONS PLC","Communication","Equity","194,801.26","0.03","194,801.26","5,578.00","34.92","United Kingdom","London Stock Exchange","CAD","0.54","GBP"
"BRBY","BURBERRY GROUP PLC","Consumer Discretionary","Equity","193,137.16","0.03","193,137.16","10,204.00","18.93","United Kingdom","London Stock Exchange","CAD","0.54","GBP"
"ADEN","ADECCO GROUP AG","Industrials","Equity","192,619.75","0.03","192,619.75","4,638.00","41.53","Switzerland","SIX Swiss Exchange","CAD","0.59","CHF"
"SOF","SOFINA SA","Financials","Equity","192,624.50","0.03","192,624.50","480.00","401.30","Belgium","Nyse Euronext - Euronext Brussels","CAD","0.62","EUR"
"BBOX","TRITAX BIG BOX REIT PLC","Real Estate","Equity","191,617.86","0.03","191,617.86","68,908.00","2.78","United Kingdom","London Stock Exchange","CAD","0.54","GBP"
"TE","TECHNIP ENERGIES","Energy","Equity","190,060.06","0.03","190,060.06","4,005.00","47.46","France","Nyse Euronext - Euronext Paris","CAD","0.62","EUR"
"EMG","MAN GROUP PLC","Financials","Equity","189,954.97","0.03","189,954.97","30,200.00","6.29","United Kingdom","London Stock Exchange","CAD","0.54","GBP"
"CAST","CASTELLUM","Real Estate","Equity","189,744.12","0.03","189,744.12","10,494.00","18.08","Sweden","Nasdaq Omx Nordic","CAD","7.02","SEK"
"VALMT","VALMET CORP","Industrials","Equity","189,382.87","0.03","189,382.87","4,148.00","45.66","Finland","Nasdaq Omx Helsinki Ltd.","CAD","0.62","EUR"
"SALM","SALMAR","Consumer Staples","Equity","187,252.58","0.03","187,252.58","2,242.00","83.52","Norway","Oslo Bors Asa","CAD","6.73","NOK"
"TEP","TELEPERFORMANCE","Industrials","Equity","186,733.15","0.03","186,733.15","1,661.00","112.42","France","Nyse Euronext - Euronext Paris","CAD","0.62","EUR"
"BCVN","BC VAUD N","Financials","Equity","185,894.72","0.03","185,894.72","871.00","213.43","Switzerland","SIX Swiss Exchange","CAD","0.59","CHF"
"DEMANT","DEMANT","Health Care","Equity","182,740.08","0.03","182,740.08","2,842.00","64.30","Denmark","Omx Nordic Exchange Copenhagen A/S","CAD","4.65","DKK"
"PAF","PAN AFRICAN RESOURCES PLC","Materials","Equity","182,398.60","0.03","182,398.60","76,843.00","2.37","United Kingdom","London Stock Exchange","CAD","0.54","GBP"
"LAGR B","LAGERCRANTZ GROUP CLASS B","Information Technology","Equity","182,272.07","0.03","182,272.07","5,852.00","31.15","Sweden","Nasdaq Omx Nordic","CAD","7.02","SEK"
"AAF","AIRTEL AFRICA PLC","Communication","Equity","180,976.64","0.03","180,976.64","27,175.00","6.66","United Kingdom","London Stock Exchange","CAD","0.54","GBP"
"AYV","AYVENS SA","Industrials","Equity","179,158.44","0.03","179,158.44","10,511.00","17.04","France","Nyse Euronext - Euronext Paris","CAD","0.62","EUR"
"AALB","AALBERTS","Industrials","Equity","177,604.76","0.03","177,604.76","2,711.00","65.51","Netherlands","Euronext Amsterdam","CAD","0.62","EUR"
"ELIS","ELIS SA","Industrials","Equity","177,503.26","0.03","177,503.26","4,889.00","36.31","France","Nyse Euronext - Euronext Paris","CAD","0.62","EUR"
"CPR","DAVIDE CAMPARI MILANO NV","Consumer Staples","Equity","177,294.70","0.03","177,294.70","18,617.00","9.52","Italy","Borsa Italiana","CAD","0.62","EUR"
"ADP","AEROPORTS DE PARIS SA","Industrials","Equity","177,244.78","0.03","177,244.78","1,015.00","174.62","France","Nyse Euronext - Euronext Paris","CAD","0.62","EUR"
"EDPR","EDP RENEWABLES SA","Utilities","Equity","177,074.04","0.03","177,074.04","8,618.00","20.55","Portugal","Nyse Euronext - Euronext Lisbon","CAD","0.62","EUR"
"RAND","RANDSTAD HOLDING","Industrials","Equity","175,896.45","0.03","175,896.45","3,008.00","58.48","Netherlands","Euronext Amsterdam","CAD","0.62","EUR"
"BGN","BANCA GENERALI","Financials","Equity","174,310.52","0.03","174,310.52","1,644.00","106.03","Italy","Borsa Italiana","CAD","0.62","EUR"
"R3NK","RENK GROUP AG","Industrials","Equity","174,231.51","0.03","174,231.51","2,709.00","64.32","Germany","Xetra","CAD","0.62","EUR"
"DRX","DRAX GROUP PLC","Utilities","Equity","172,429.66","0.02","172,429.66","11,031.00","15.63","United Kingdom","London Stock Exchange","CAD","0.54","GBP"
"FLS","FLSMIDTH AND CO CLASS B","Industrials","Equity","171,535.45","0.02","171,535.45","1,393.00","123.14","Denmark","Omx Nordic Exchange Copenhagen A/S","CAD","4.65","DKK"
"LEG","LEG IMMOBILIEN N","Real Estate","Equity","170,853.04","0.02","170,853.04","2,258.00","75.67","Germany","Xetra","CAD","0.62","EUR"
"JMAT","JOHNSON MATTHEY PLC","Materials","Equity","170,747.02","0.02","170,747.02","3,861.00","44.22","United Kingdom","London Stock Exchange","CAD","0.54","GBP"
"AKER","AKER","Industrials","Equity","169,744.49","0.02","169,744.49","719.00","236.08","Norway","Oslo Bors Asa","CAD","6.73","NOK"
"ROSE","ROSEBANK INDUSTRIES PLC","Industrials","Equity","169,500.90","0.02","169,500.90","27,587.00","6.14","United Kingdom","London Stock Exchange","CAD","0.54","GBP"
"SRP","SERCO GROUP PLC","Industrials","Equity","169,193.64","0.02","169,193.64","34,738.00","4.87","United Kingdom","London Stock Exchange","CAD","0.54","GBP"
"TEMN","TEMENOS AG","Information Technology","Equity","168,615.64","0.02","168,615.64","1,480.00","113.93","Switzerland","SIX Swiss Exchange","CAD","0.59","CHF"
"VK","VALLOUREC SA","Energy","Equity","168,551.11","0.02","168,551.11","5,509.00","30.60","France","Nyse Euronext - Euronext Paris","CAD","0.62","EUR"
"DIE","DIETEREN (D) SA","Consumer Discretionary","Equity","168,079.92","0.02","168,079.92","614.00","273.74","Belgium","Nyse Euronext - Euronext Brussels","CAD","0.62","EUR"
"A2A","A2A","Utilities","Equity","166,712.17","0.02","166,712.17","43,566.00","3.83","Italy","Borsa Italiana","CAD","0.62","EUR"
"TUB","FINANCIERE DE TUBIZE SA","Health Care","Equity","166,337.20","0.02","166,337.20","583.00","285.31","Belgium","Nyse Euronext - Euronext Brussels","CAD","0.62","EUR"
"BKG","BERKELEY GROUP HOLDINGS (THE)","Consumer Discretionary","Equity","165,533.43","0.02","165,533.43","2,638.00","62.75","United Kingdom","London Stock Exchange","CAD","0.54","GBP"
"SECT B","SECTRA CLASS B","Health Care","Equity","165,465.67","0.02","165,465.67","3,853.00","42.94","Sweden","Nasdaq Omx Nordic","CAD","7.02","SEK"
"TW.","TAYLOR WIMPEY PLC","Consumer Discretionary","Equity","164,283.97","0.02","164,283.97","108,629.00","1.51","United Kingdom","London Stock Exchange","CAD","0.54","GBP"
"EVD","CTS EVENTIM AG","Communication","Equity","163,587.21","0.02","163,587.21","1,820.00","89.88","Germany","Xetra","CAD","0.62","EUR"
"TECN","TECAN GROUP AG","Health Care","Equity","161,974.79","0.02","161,974.79","436.00","371.50","Switzerland","SIX Swiss Exchange","CAD","0.59","CHF"
"ALK B","ALK-ABELLO CLASS B","Health Care","Equity","161,357.09","0.02","161,357.09","3,773.00","42.77","Denmark","Omx Nordic Exchange Copenhagen A/S","CAD","4.65","DKK"
"AAK","AAK","Consumer Staples","Equity","161,253.37","0.02","161,253.37","5,739.00","28.10","Sweden","Nasdaq Omx Nordic","CAD","7.02","SEK"
"UNI","UNICAJA BANCO SA","Financials","Equity","161,272.86","0.02","161,272.86","27,324.00","5.90","Spain","Bolsa De Madrid","CAD","0.62","EUR"
"ALLN","ALLREAL HOLDING AG","Real Estate","Equity","160,568.25","0.02","160,568.25","482.00","333.13","Switzerland","SIX Swiss Exchange","CAD","0.59","CHF"
"AZE","AZELIS GROUP NV","Industrials","Equity","159,903.30","0.02","159,903.30","8,199.00","19.50","Belgium","Nyse Euronext - Euronext Brussels","CAD","0.62","EUR"
"QLT","QUILTER PLC","Financials","Equity","159,580.98","0.02","159,580.98","46,289.00","3.45","United Kingdom","London Stock Exchange","CAD","0.54","GBP"
"ENT","ENTAIN PLC","Consumer Discretionary","Equity","159,613.92","0.02","159,613.92","17,005.00","9.39","United Kingdom","London Stock Exchange","CAD","0.54","GBP"
"DKK","DKK CASH","Cash and/or Derivatives","Cash","158,642.18","0.02","158,642.18","738,194.00","21.49","Denmark","-","CAD","4.65","DKK"
"ENG","ENAGAS SA","Utilities","Equity","157,614.38","0.02","157,614.38","5,833.00","27.02","Spain","Bolsa De Madrid","CAD","0.62","EUR"
"GFC","GECINA SA","Real Estate","Equity","157,031.04","0.02","157,031.04","1,471.00","106.75","France","Nyse Euronext - Euronext Paris","CAD","0.62","EUR"
"SOI","SOITEC SA","Information Technology","Equity","156,616.01","0.02","156,616.01","688.00","227.64","France","Nyse Euronext - Euronext Paris","CAD","0.62","EUR"
"BAB","BABCOCK INTERNATIONAL GROUP PLC","Industrials","Equity","156,616.91","0.02","156,616.91","8,242.00","19.00","United Kingdom","London Stock Exchange","CAD","0.54","GBP"
"VEND","VEND MARKETPLACES ASA","Communication","Equity","156,099.69","0.02","156,099.69","4,421.00","35.31","Norway","Oslo Bors Asa","CAD","6.73","NOK"
"OCTV SDB","OCTAVE INTELLIGENCE SDR PLC","Information Technology","Equity","155,485.16","0.02","155,485.16","6,024.00","25.81","Sweden","Nasdaq Omx Nordic","CAD","7.02","SEK"
"NEM","NEMETSCHEK","Information Technology","Equity","155,426.16","0.02","155,426.16","1,577.00","98.56","Germany","Xetra","CAD","0.62","EUR"
"VIG","VIENNA INSURANCE GROUP AG","Financials","Equity","154,884.21","0.02","154,884.21","1,356.00","114.22","Austria","Wiener Boerse Ag","CAD","0.62","EUR"
"SUNN","SUNRISE N CLASS A LTD","Communication","Equity","154,137.43","0.02","154,137.43","2,177.00","70.80","Switzerland","SIX Swiss Exchange","CAD","0.59","CHF"
"LOOMIS","LOOMIS CLASS B","Industrials","Equity","153,780.76","0.02","153,780.76","1,957.00","78.58","Sweden","Nasdaq Omx Nordic","CAD","7.02","SEK"
"FR","VALEO","Consumer Discretionary","Equity","153,238.56","0.02","153,238.56","6,156.00","24.89","France","Nyse Euronext - Euronext Paris","CAD","0.62","EUR"
"BZU","BUZZI","Materials","Equity","153,261.11","0.02","153,261.11","2,502.00","61.25","Italy","Borsa Italiana","CAD","0.62","EUR"
"SDF","K+S N AG","Materials","Equity","153,168.77","0.02","153,168.77","5,754.00","26.62","Germany","Xetra","CAD","0.62","EUR"
"RED","REDEIA CORPORACION SA","Utilities","Equity","152,821.09","0.02","152,821.09","6,304.00","24.24","Spain","Bolsa De Madrid","CAD","0.62","EUR"
"PLUS","PLUS500","Financials","Equity","152,319.03","0.02","152,319.03","2,325.00","65.51","United Kingdom","London Stock Exchange","CAD","0.54","GBP"
"KGX","KION GROUP AG","Industrials","Equity","152,189.74","0.02","152,189.74","2,268.00","67.10","Germany","Xetra","CAD","0.62","EUR"
"BWY","BELLWAY PLC","Consumer Discretionary","Equity","151,212.10","0.02","151,212.10","3,841.00","39.37","United Kingdom","London Stock Exchange","CAD","0.54","GBP"
"SAGA B","SAGAX CLASS B","Real Estate","Equity","150,002.44","0.02","150,002.44","6,304.00","23.79","Sweden","Nasdaq Omx Nordic","CAD","7.02","SEK"
"AKE","ARKEMA SA","Materials","Equity","149,481.51","0.02","149,481.51","1,631.00","91.65","France","Nyse Euronext - Euronext Paris","CAD","0.62","EUR"
"ITV","ITV PLC","Communication","Equity","149,222.43","0.02","149,222.43","114,803.00","1.30","United Kingdom","London Stock Exchange","CAD","0.54","GBP"
"INCH","INCHCAPE PLC","Consumer Discretionary","Equity","148,946.24","0.02","148,946.24","9,750.00","15.28","United Kingdom","London Stock Exchange","CAD","0.54","GBP"
"PIRC","PIRELLI & C","Consumer Discretionary","Equity","148,708.91","0.02","148,708.91","14,475.00","10.27","Italy","Borsa Italiana","CAD","0.62","EUR"
"TGS","TGS NOPEC GEOPHYSICAL","Energy","Equity","146,133.03","0.02","146,133.03","6,811.00","21.46","Norway","Oslo Bors Asa","CAD","6.73","NOK"
"CWK","CRANSWICK PLC","Consumer Staples","Equity","145,531.25","0.02","145,531.25","1,522.00","95.62","United Kingdom","London Stock Exchange","CAD","0.54","GBP"
"ARCAD","ARCADIS NV","Industrials","Equity","144,865.05","0.02","144,865.05","2,101.00","68.95","Netherlands","Euronext Amsterdam","CAD","0.62","EUR"
"BALD B","FASTIGHETS BALDER CLASS B","Real Estate","Equity","144,656.72","0.02","144,656.72","20,096.00","7.20","Sweden","Nasdaq Omx Nordic","CAD","7.02","SEK"
"QQ.","QINETIQ GROUP PLC","Industrials","Equity","144,526.32","0.02","144,526.32","15,634.00","9.24","United Kingdom","London Stock Exchange","CAD","0.54","GBP"
"BWLPG","BW LPG LTD","Energy","Equity","144,438.08","0.02","144,438.08","3,977.00","36.32","Norway","Oslo Bors Asa","CAD","6.73","NOK"
"BIM","BIOMERIEUX SA","Health Care","Equity","144,321.54","0.02","144,321.54","1,246.00","115.83","France","Nyse Euronext - Euronext Paris","CAD","0.62","EUR"
"HER","HERA","Utilities","Equity","142,922.14","0.02","142,922.14","23,967.00","5.96","Italy","Borsa Italiana","CAD","0.62","EUR"
"RBREW","ROYAL UNIBREW","Consumer Staples","Equity","142,809.17","0.02","142,809.17","1,589.00","89.87","Denmark","Omx Nordic Exchange Copenhagen A/S","CAD","4.65","DKK"
"TCAP","TP ICAP GROUP PLC","Financials","Equity","141,799.08","0.02","141,799.08","23,248.00","6.10","United Kingdom","London Stock Exchange","CAD","0.54","GBP"
"CMBN","CEMBRA MONEY BANK AG","Financials","Equity","140,802.58","0.02","140,802.58","951.00","148.06","Switzerland","SIX Swiss Exchange","CAD","0.59","CHF"
"BKW","BKW N AG","Utilities","Equity","140,434.82","0.02","140,434.82","658.00","213.43","Switzerland","SIX Swiss Exchange","CAD","0.59","CHF"
"ACX","ACERINOX","Materials","Equity","140,388.86","0.02","140,388.86","4,940.00","28.42","Spain","Bolsa De Madrid","CAD","0.62","EUR"
"BC8","BECHTLE AG","Information Technology","Equity","139,674.61","0.02","139,674.61","2,600.00","53.72","Germany","Xetra","CAD","0.62","EUR"
"TUI1","TUI N AG","Consumer Discretionary","Equity","139,117.33","0.02","139,117.33","13,093.00","10.63","United Kingdom","Xetra","CAD","0.62","EUR"
"IP","INTERPUMP GROUP","Industrials","Equity","138,685.02","0.02","138,685.02","2,475.00","56.03","Italy","Borsa Italiana","CAD","0.62","EUR"
"SCT","SOFTCAT PLC","Information Technology","Equity","137,016.43","0.02","137,016.43","3,728.00","36.75","United Kingdom","London Stock Exchange","CAD","0.54","GBP"
"SUN","SULZER AG","Industrials","Equity","135,513.27","0.02","135,513.27","540.00","250.95","Switzerland","SIX Swiss Exchange","CAD","0.59","CHF"
"HIK","HIKMA PHARMACEUTICALS PLC","Health Care","Equity","134,663.76","0.02","134,663.76","4,518.00","29.81","United Kingdom","London Stock Exchange","CAD","0.54","GBP"
"HEIJM","KONINKLIJKE HEIJMANS DUTCH CERTIFI","Industrials","Equity","134,618.51","0.02","134,618.51","949.00","141.85","Netherlands","Euronext Amsterdam","CAD","0.62","EUR"
"UQA","UNIQA INSURANCE GROUP AG","Financials","Equity","134,451.66","0.02","134,451.66","4,466.00","30.11","Austria","Wiener Boerse Ag","CAD","0.62","EUR"
"PHP","PRIMARY HEALTH PROPERTIES REIT PLC","Real Estate","Equity","134,306.79","0.02","134,306.79","76,588.00","1.75","United Kingdom","London Stock Exchange","CAD","0.54","GBP"
"RAA","RATIONAL AG","Industrials","Equity","133,475.17","0.02","133,475.17","145.00","920.51","Germany","Xetra","CAD","0.62","EUR"
"FNTN","FREENET AG","Communication","Equity","133,388.10","0.02","133,388.10","3,308.00","40.32","Germany","Xetra","CAD","0.62","EUR"
"HUH1V","HUHTAMAKI","Materials","Equity","131,904.51","0.02","131,904.51","2,685.00","49.13","Finland","Nasdaq Omx Helsinki Ltd.","CAD","0.62","EUR"
"SFZN","SIEGFRIED HOLDING AG","Health Care","Equity","130,142.11","0.02","130,142.11","1,033.00","125.98","Switzerland","SIX Swiss Exchange","CAD","0.59","CHF"
"BME","B&M EUROPEAN VALUE RETAIL PLC","Consumer Discretionary","Equity","129,982.76","0.02","129,982.76","28,293.00","4.59","United Kingdom","London Stock Exchange","CAD","0.54","GBP"
"MOBN","MOBIMO HOLDING AG","Real Estate","Equity","129,681.81","0.02","129,681.81","223.00","581.53","Switzerland","SIX Swiss Exchange","CAD","0.59","CHF"
"IVG","IVECO GROUP NV","Industrials","Equity","129,430.67","0.02","129,430.67","5,714.00","22.65","Italy","Borsa Italiana","CAD","0.62","EUR"
"NOD","NORDIC SEMICONDUCTOR","Information Technology","Equity","128,526.87","0.02","128,526.87","4,863.00","26.43","Norway","Oslo Bors Asa","CAD","6.73","NOK"
"COV","COVIVIO SA","Real Estate","Equity","128,527.38","0.02","128,527.38","1,664.00","77.24","France","Nyse Euronext - Euronext Paris","CAD","0.62","EUR"
"GRF","GRIFOLS CLASS A","Health Care","Equity","128,088.30","0.02","128,088.30","8,213.00","15.60","Spain","Bolsa De Madrid","CAD","0.62","EUR"
"HOC","HOCHSCHILD MINING PLC","Materials","Equity","128,148.72","0.02","128,148.72","11,389.00","11.25","United Kingdom","London Stock Exchange","CAD","0.54","GBP"
"TRMD A","TORM PLC CLASS A","Energy","Equity","127,931.80","0.02","127,931.80","2,466.00","51.88","Denmark","Omx Nordic Exchange Copenhagen A/S","CAD","4.65","DKK"
"VPK","KONINKLIJKE VOPAK","Energy","Equity","127,132.69","0.02","127,132.69","1,648.00","77.14","Netherlands","Euronext Amsterdam","CAD","0.62","EUR"
"BRAV","BRAVIDA HOLDING","Industrials","Equity","127,052.28","0.02","127,052.28","6,240.00","20.36","Sweden","Nasdaq Omx Nordic","CAD","7.02","SEK"
"SFSN","SFS GROUP AG","Industrials","Equity","126,980.27","0.02","126,980.27","564.00","225.14","Switzerland","SIX Swiss Exchange","CAD","0.59","CHF"
"MTO","MITIE GROUP PLC","Industrials","Equity","126,844.95","0.02","126,844.95","32,251.00","3.93","United Kingdom","London Stock Exchange","CAD","0.54","GBP"
"VONN","VONTOBEL HOLDING AG","Financials","Equity","125,939.62","0.02","125,939.62","795.00","158.41","Switzerland","SIX Swiss Exchange","CAD","0.59","CHF"
"VATN","VALIANT HOLDING AG","Financials","Equity","125,973.75","0.02","125,973.75","492.00","256.04","Switzerland","SIX Swiss Exchange","CAD","0.59","CHF"
"SSAB A","SSAB A","Materials","Equity","125,738.69","0.02","125,738.69","8,111.00","15.50","Sweden","Nasdaq Omx Nordic","CAD","7.02","SEK"
"BAMNB","BAM GROEP KONINKLIJKE NV","Industrials","Equity","124,941.90","0.02","124,941.90","6,619.00","18.88","Netherlands","Euronext Amsterdam","CAD","0.62","EUR"
"UTDI","UNITED INTERNET AG","Communication","Equity","124,689.28","0.02","124,689.28","2,800.00","44.53","Germany","Xetra","CAD","0.62","EUR"
"OUT1V","OUTOKUMPU","Materials","Equity","124,554.20","0.02","124,554.20","14,213.00","8.76","Finland","Nasdaq Omx Helsinki Ltd.","CAD","0.62","EUR"
"IFCN","INFICON HOLDING AG","Information Technology","Equity","124,235.78","0.02","124,235.78","450.00","276.08","Switzerland","SIX Swiss Exchange","CAD","0.59","CHF"
"CVC","CVC CAPITAL PARTNERS PLC","Financials","Equity","124,143.11","0.02","124,143.11","5,917.00","20.98","Netherlands","Euronext Amsterdam","CAD","0.62","EUR"
"ZEAL","ZEALAND PHARMA","Health Care","Equity","124,025.58","0.02","124,025.58","2,040.00","60.80","Denmark","Omx Nordic Exchange Copenhagen A/S","CAD","4.65","DKK"
"SINCH","SINCH","Information Technology","Equity","123,671.86","0.02","123,671.86","18,771.00","6.59","Sweden","Nasdaq Omx Nordic","CAD","7.02","SEK"
"HBR","HARBOUR ENERGY PLC","Energy","Equity","123,053.62","0.02","123,053.62","24,278.00","5.07","United Kingdom","London Stock Exchange","CAD","0.54","GBP"
"DLG","DELONGHI","Consumer Discretionary","Equity","122,788.00","0.02","122,788.00","1,935.00","63.46","Italy","Borsa Italiana","CAD","0.62","EUR"
"MANTA","MANDATUM","Financials","Equity","121,986.84","0.02","121,986.84","12,130.00","10.06","Finland","Nasdaq Omx Helsinki Ltd.","CAD","0.62","EUR"
"MING","SPAREBANK SMNS","Financials","Equity","121,534.92","0.02","121,534.92","3,772.00","32.22","Norway","Oslo Bors Asa","CAD","6.73","NOK"
"DOFG","DOF GROUP","Energy","Equity","121,402.03","0.02","121,402.03","6,070.00","20.00","Norway","Oslo Bors Asa","CAD","6.73","NOK"
"ALLFG","ALLFUNDS GROUP PLC","Financials","Equity","121,380.11","0.02","121,380.11","8,235.00","14.74","Netherlands","Euronext Amsterdam","CAD","0.62","EUR"
"NEXI","NEXI","Financials","Equity","120,510.79","0.02","120,510.79","17,882.00","6.74","Italy","Borsa Italiana","CAD","0.62","EUR"
"BUCN","BUCHER INDUSTRIES AG","Industrials","Equity","120,451.14","0.02","120,451.14","221.00","545.03","Switzerland","SIX Swiss Exchange","CAD","0.59","CHF"
"VLK","VAN LANSCHOT KEMPEN NV","Financials","Equity","120,135.12","0.02","120,135.12","1,083.00","110.93","Netherlands","Euronext Amsterdam","CAD","0.62","EUR"
"DEC","JCDECAUX","Communication","Equity","120,040.74","0.02","120,040.74","3,013.00","39.84","France","Nyse Euronext - Euronext Paris","CAD","0.62","EUR"
"KMAR","KONGSBERG MARITIME","Industrials","Equity","119,571.87","0.02","119,571.87","13,302.00","8.99","Norway","Oslo Bors Asa","CAD","6.73","NOK"
"UTG","UNITE GROUP PLC","Real Estate","Equity","119,491.96","0.02","119,491.96","13,510.00","8.84","United Kingdom","London Stock Exchange","CAD","0.54","GBP"
"USD","USD CASH","Cash and/or Derivatives","Cash","118,994.09","0.02","118,994.09","85,078.00","139.86","United States","-","CAD","0.71","USD"
"CAN","CANAL+ SA","Communication","Equity","117,541.46","0.02","117,541.46","24,624.00","4.77","United Kingdom","London Stock Exchange","CAD","0.54","GBP"
"HMSO","HAMMERSON REIT PLC","Real Estate","Equity","117,416.95","0.02","117,416.95","17,943.00","6.54","United Kingdom","London Stock Exchange","CAD","0.54","GBP"
"RUI","RUBIS","Utilities","Equity","117,298.47","0.02","117,298.47","2,017.00","58.15","France","Nyse Euronext - Euronext Paris","CAD","0.62","EUR"
"TATE","TATE AND LYLE PLC","Consumer Staples","Equity","115,828.47","0.02","115,828.47","11,115.00","10.42","United Kingdom","London Stock Exchange","CAD","0.54","GBP"
"OSB","OSB GROUP PLC","Financials","Equity","115,626.77","0.02","115,626.77","11,964.00","9.66","United Kingdom","London Stock Exchange","CAD","0.54","GBP"
"CKN","CLARKSON PLC","Industrials","Equity","115,094.33","0.02","115,094.33","1,199.00","95.99","United Kingdom","London Stock Exchange","CAD","0.54","GBP"
"SWEC B","SWECO CLASS B","Industrials","Equity","114,678.46","0.02","114,678.46","6,283.00","18.25","Sweden","Nasdaq Omx Nordic","CAD","7.02","SEK"
"AG1","AUTO1 GROUP","Consumer Discretionary","Equity","114,401.55","0.02","114,401.55","3,841.00","29.78","Germany","Xetra","CAD","0.62","EUR"
"REY","REPLY","Information Technology","Equity","114,244.53","0.02","114,244.53","612.00","186.67","Italy","Borsa Italiana","CAD","0.62","EUR"
"BANB","BACHEM HOLDING AG","Health Care","Equity","113,690.17","0.02","113,690.17","859.00","132.35","Switzerland","SIX Swiss Exchange","CAD","0.59","CHF"
"FPE3","FUCHS PREF","Materials","Equity","113,477.78","0.02","113,477.78","1,712.00","66.28","Germany","Xetra","CAD","0.62","EUR"
"AJB","AJ BELL PLC","Financials","Equity","113,485.50","0.02","113,485.50","10,317.00","11.00","United Kingdom","London Stock Exchange","CAD","0.54","GBP"
"HIAB","HIAB CORPORATION CLASS B","Industrials","Equity","112,532.65","0.02","112,532.65","1,104.00","101.93","Finland","Nasdaq Omx Helsinki Ltd.","CAD","0.62","EUR"
"HUBN","HUBER & SUHNER AG","Industrials","Equity","111,591.13","0.02","111,591.13","383.00","291.36","Switzerland","SIX Swiss Exchange","CAD","0.59","CHF"
"OXIG","OXFORD INSTRUMENTS PLC","Information Technology","Equity","111,475.55","0.02","111,475.55","2,169.00","51.40","United Kingdom","London Stock Exchange","CAD","0.54","GBP"
"PUM","PUMA","Consumer Discretionary","Equity","111,188.34","0.02","111,188.34","3,146.00","35.34","Germany","Xetra","CAD","0.62","EUR"
"VSURE","VERISURE PLC","Industrials","Equity","110,739.97","0.02","110,739.97","7,702.00","14.38","Sweden","Nasdaq Omx Nordic","CAD","0.62","EUR"
"HTWS","HELIOS TOWERS PLC","Communication","Equity","110,742.08","0.02","110,742.08","28,454.00","3.89","United Kingdom","London Stock Exchange","CAD","0.54","GBP"
"BC","BRUNELLO CUCINELLI","Consumer Discretionary","Equity","110,654.31","0.02","110,654.31","877.00","126.17","Italy","Borsa Italiana","CAD","0.62","EUR"
"CLN","CLARIANT AG","Materials","Equity","110,468.90","0.02","110,468.90","6,167.00","17.91","Switzerland","SIX Swiss Exchange","CAD","0.59","CHF"
"KIT","KITRON","Information Technology","Equity","109,988.90","0.02","109,988.90","7,509.00","14.65","Norway","Oslo Bors Asa","CAD","6.73","NOK"
"CAF","CONSTRUCCIONES Y AUXILIAR DE FERRO","Industrials","Equity","109,841.30","0.02","109,841.30","871.00","126.11","Spain","Bolsa De Madrid","CAD","0.62","EUR"
"CMBT","CMB.TECH NV","Energy","Equity","109,147.65","0.02","109,147.65","3,762.00","29.01","Belgium","Nyse Euronext - Euronext Brussels","CAD","0.62","EUR"
"FDJU","FDJ UNITED","Consumer Discretionary","Equity","108,948.95","0.02","108,948.95","3,059.00","35.62","France","Nyse Euronext - Euronext Paris","CAD","0.62","EUR"
"KLR","KELLER GROUP PLC","Industrials","Equity","108,060.51","0.02","108,060.51","1,851.00","58.38","United Kingdom","London Stock Exchange","CAD","0.54","GBP"
"DLN","DERWENT LONDON REIT PLC","Real Estate","Equity","108,063.99","0.02","108,063.99","3,116.00","34.68","United Kingdom","London Stock Exchange","CAD","0.54","GBP"
"GRG","GREGGS PLC","Consumer Discretionary","Equity","107,935.43","0.02","107,935.43","3,218.00","33.54","United Kingdom","London Stock Exchange","CAD","0.54","GBP"
"TEG","TAG IMMOBILIEN AG","Real Estate","Equity","107,960.47","0.02","107,960.47","5,859.00","18.43","Germany","Xetra","CAD","0.62","EUR"
"SHC","SHAFTESBURY CAPITAL PLC","Real Estate","Equity","107,890.71","0.02","107,890.71","41,622.00","2.59","United Kingdom","London Stock Exchange","CAD","0.54","GBP"
"MAIRE","MAIRE SPA","Industrials","Equity","107,773.09","0.02","107,773.09","5,337.00","20.19","Italy","Borsa Italiana","CAD","0.62","EUR"
"ASMDEE B","ASMODEE GROUP CLASS B","Consumer Discretionary","Equity","107,478.06","0.02","107,478.06","4,525.00","23.75","Sweden","Nasdaq Omx Nordic","CAD","7.02","SEK"
"FTK","FLATEXDEGIRO N","Financials","Equity","107,425.95","0.02","107,425.95","2,229.00","48.19","Germany","Xetra","CAD","0.62","EUR"
"PROT","PROTECTOR FORSIKRING","Financials","Equity","106,440.03","0.02","106,440.03","1,603.00","66.40","Norway","Oslo Bors Asa","CAD","6.73","NOK"
"KEMIRA","KEMIRA","Materials","Equity","106,333.93","0.02","106,333.93","3,815.00","27.87","Finland","Nasdaq Omx Helsinki Ltd.","CAD","0.62","EUR"
"PNN","PENNON GROUP PLC","Utilities","Equity","105,537.38","0.02","105,537.38","12,216.00","8.64","United Kingdom","London Stock Exchange","CAD","0.54","GBP"
"SOL","SOL","Materials","Equity","105,260.08","0.02","105,260.08","1,227.00","85.79","Italy","Borsa Italiana","CAD","0.62","EUR"
"VIS","VISCOFAN SA","Consumer Staples","Equity","105,098.46","0.02","105,098.46","1,196.00","87.87","Spain","Bolsa De Madrid","CAD","0.62","EUR"
"COTN","COMET HOLDING AG","Information Technology","Equity","104,658.92","0.02","104,658.92","184.00","568.80","Switzerland","SIX Swiss Exchange","CAD","0.59","CHF"
"GRNG","GRANGES","Materials","Equity","104,660.96","0.02","104,660.96","4,349.00","24.07","Sweden","Nasdaq Omx Nordic","CAD","7.02","SEK"
"GBF","BILFINGER","Industrials","Equity","104,402.93","0.01","104,402.93","1,095.00","95.34","Germany","Xetra","CAD","0.62","EUR"
"HILS","HILL AND SMITH PLC","Materials","Equity","102,930.62","0.01","102,930.62","1,894.00","54.35","United Kingdom","London Stock Exchange","CAD","0.54","GBP"
"LRE","LANCASHIRE HOLDINGS","Financials","Equity","102,590.36","0.01","102,590.36","8,530.00","12.03","United Kingdom","London Stock Exchange","CAD","0.54","GBP"
"AXFO","AXFOOD","Consumer Staples","Equity","102,390.75","0.01","102,390.75","2,863.00","35.76","Sweden","Nasdaq Omx Nordic","CAD","7.02","SEK"
"APAM","APERAM SA","Materials","Equity","101,917.74","0.01","101,917.74","1,372.00","74.28","France","Euronext Amsterdam","CAD","0.62","EUR"
"HPOL B","HEXPOL CLASS B","Materials","Equity","101,675.34","0.01","101,675.34","7,480.00","13.59","Sweden","Nasdaq Omx Nordic","CAD","7.02","SEK"
"VID","VIDRALA","Materials","Equity","101,512.46","0.01","101,512.46","714.00","142.17","Spain","Bolsa De Madrid","CAD","0.62","EUR"
"FRA","FRAPORT AG","Industrials","Equity","101,358.40","0.01","101,358.40","1,042.00","97.27","Germany","Xetra","CAD","0.62","EUR"
"DKSH","DKSH HOLDING AG","Industrials","Equity","101,289.60","0.01","101,289.60","908.00","111.55","Switzerland","SIX Swiss Exchange","CAD","0.59","CHF"
"TBCG","TBC BANK GROUP PLC","Financials","Equity","100,895.93","0.01","100,895.93","1,046.00","96.46","United Kingdom","London Stock Exchange","CAD","0.54","GBP"
"SSPG","SSP GROUP PLC","Consumer Discretionary","Equity","100,714.51","0.01","100,714.51","29,341.00","3.43","United Kingdom","London Stock Exchange","CAD","0.54","GBP"
"BFIT","BASIC-FIT","Consumer Discretionary","Equity","100,468.56","0.01","100,468.56","1,935.00","51.92","Netherlands","Euronext Amsterdam","CAD","0.62","EUR"
"TWEKA","TKH GROUP","Industrials","Equity","100,175.54","0.01","100,175.54","1,181.00","84.82","Netherlands","Euronext Amsterdam","CAD","0.62","EUR"
"ROCK B","ROCKWOOL CLASS B","Industrials","Equity","100,120.49","0.01","100,120.49","2,521.00","39.71","Denmark","Omx Nordic Exchange Copenhagen A/S","CAD","4.65","DKK"
"BOY","BODYCOTE PLC","Industrials","Equity","100,003.20","0.01","100,003.20","5,575.00","17.94","United Kingdom","London Stock Exchange","CAD","0.54","GBP"
"AMV0","AUMOVIO N","Consumer Discretionary","Equity","99,883.48","0.01","99,883.48","1,658.00","60.24","Germany","Xetra","CAD","0.62","EUR"
"SOP","SOPRA STERIA GROUP","Information Technology","Equity","99,442.98","0.01","99,442.98","384.00","258.96","France","Nyse Euronext - Euronext Paris","CAD","0.62","EUR"
"DEZ","DEUTZ AG","Industrials","Equity","99,022.46","0.01","99,022.46","5,069.00","19.53","Germany","Xetra","CAD","0.62","EUR"
"CURY","CURRYS PLC","Consumer Discretionary","Equity","96,976.66","0.01","96,976.66","35,086.00","2.76","United Kingdom","London Stock Exchange","CAD","0.54","GBP"
"HLUN B","H. LUNDBECK CLASS B","Health Care","Equity","96,822.43","0.01","96,822.43","10,566.00","9.16","Denmark","Omx Nordic Exchange Copenhagen A/S","CAD","4.65","DKK"
"WIHL","WIHLBORGS FASTIGHETER","Real Estate","Equity","96,441.05","0.01","96,441.05","8,906.00","10.83","Sweden","Nasdaq Omx Nordic","CAD","7.02","SEK"
"SCYR","SACYR","Industrials","Equity","95,998.37","0.01","95,998.37","14,337.00","6.70","Spain","Bolsa De Madrid","CAD","0.62","EUR"
"WIE","WIENERBERGER AG","Materials","Equity","95,716.87","0.01","95,716.87","3,323.00","28.80","Austria","Wiener Boerse Ag","CAD","0.62","EUR"
"TKMS","TKMS AG","Industrials","Equity","95,649.41","0.01","95,649.41","698.00","137.03","Germany","Xetra","CAD","0.62","EUR"
"ALLEI","ALLEIMA","Materials","Equity","94,752.47","0.01","94,752.47","5,650.00","16.77","Sweden","Nasdaq Omx Nordic","CAD","7.02","SEK"
"SESG","SES SA FDR","Communication","Equity","94,705.87","0.01","94,705.87","11,987.00","7.90","France","Nyse Euronext - Euronext Paris","CAD","0.62","EUR"
"PUUILO","PUUILO","Consumer Discretionary","Equity","94,276.77","0.01","94,276.77","3,404.00","27.70","Finland","Nasdaq Omx Helsinki Ltd.","CAD","0.62","EUR"
"WCH","WACKER CHEMIE AG","Materials","Equity","93,984.77","0.01","93,984.77","674.00","139.44","Germany","Xetra","CAD","0.62","EUR"
"CHG","CHEMRING GROUP PLC","Industrials","Equity","93,906.12","0.01","93,906.12","9,355.00","10.04","United Kingdom","London Stock Exchange","CAD","0.54","GBP"
"EZJ","EASYJET","Industrials","Equity","93,938.38","0.01","93,938.38","7,530.00","12.48","United Kingdom","London Stock Exchange","CAD","0.54","GBP"
"LOG","LOGISTA CIA DE DISTRIBUCION INTEGR","Industrials","Equity","93,755.23","0.01","93,755.23","1,632.00","57.45","Spain","Bolsa De Madrid","CAD","0.62","EUR"
"DOKA","DORMAKABA HOLDING AG","Industrials","Equity","93,388.22","0.01","93,388.22","890.00","104.93","Switzerland","SIX Swiss Exchange","CAD","0.59","CHF"
"FOUR","4IMPRINT GROUP PLC","Communication","Equity","93,158.05","0.01","93,158.05","1,142.00","81.57","United Kingdom","London Stock Exchange","CAD","0.54","GBP"
"BAVA","BAVARIAN NORDIC","Health Care","Equity","92,797.79","0.01","92,797.79","2,082.00","44.57","Denmark","Omx Nordic Exchange Copenhagen A/S","CAD","4.65","DKK"
"GFTU","GRAFTON GROUP PLC","Industrials","Equity","92,653.99","0.01","92,653.99","5,020.00","18.46","United Kingdom","London Stock Exchange","CAD","0.54","GBP"
"KALMAR","KALMAR CORPORATION CLASS B","Industrials","Equity","92,698.16","0.01","92,698.16","1,469.00","63.10","Finland","Nasdaq Omx Helsinki Ltd.","CAD","0.62","EUR"
"GNS","GENUS PLC","Health Care","Equity","92,619.45","0.01","92,619.45","2,324.00","39.85","United Kingdom","London Stock Exchange","CAD","0.54","GBP"
"RF","EURAZEO","Financials","Equity","92,365.04","0.01","92,365.04","1,228.00","75.22","France","Nyse Euronext - Euronext Paris","CAD","0.62","EUR"
"BAKKA","BAKKAFROST","Consumer Staples","Equity","91,830.97","0.01","91,830.97","1,429.00","64.26","Norway","Oslo Bors Asa","CAD","6.73","NOK"
"JD.","JD SPORTS FASHION PLC","Consumer Discretionary","Equity","91,855.67","0.01","91,855.67","64,446.00","1.43","United Kingdom","London Stock Exchange","CAD","0.54","GBP"
"AMS","AMS-OSRAM AG","Information Technology","Equity","91,418.55","0.01","91,418.55","3,226.00","28.34","Switzerland","SIX Swiss Exchange","CAD","0.59","CHF"
"CE","CREDITO EMILIANO","Financials","Equity","91,170.07","0.01","91,170.07","2,682.00","33.99","Italy","Borsa Italiana","CAD","0.62","EUR"
"MF","WENDEL","Financials","Equity","90,615.64","0.01","90,615.64","680.00","133.26","France","Nyse Euronext - Euronext Paris","CAD","0.62","EUR"
"MGNS","MORGAN SINDALL GROUP PLC","Industrials","Equity","90,523.76","0.01","90,523.76","1,168.00","77.50","United Kingdom","London Stock Exchange","CAD","0.54","GBP"
"GN","GN STORE NORD","Consumer Discretionary","Equity","89,485.49","0.01","89,485.49","4,206.00","21.28","Denmark","Omx Nordic Exchange Copenhagen A/S","CAD","4.65","DKK"
"TIETO","TIETO","Information Technology","Equity","89,499.19","0.01","89,499.19","2,926.00","30.59","Finland","Nasdaq Omx Helsinki Ltd.","CAD","0.62","EUR"
"TOM","TOMRA SYSTEMS","Industrials","Equity","89,073.71","0.01","89,073.71","6,542.00","13.62","Norway","Oslo Bors Asa","CAD","6.73","NOK"
"BURE","BURE EQUITY","Financials","Equity","88,922.01","0.01","88,922.01","2,021.00","44.00","Sweden","Nasdaq Omx Nordic","CAD","7.02","SEK"
"SRC","SIGMAROC PLC","Materials","Equity","88,803.93","0.01","88,803.93","38,163.00","2.33","United Kingdom","London Stock Exchange","CAD","0.54","GBP"
"HOLM B","HOLMEN CLASS B","Materials","Equity","87,574.57","0.01","87,574.57","1,890.00","46.34","Sweden","Nasdaq Omx Nordic","CAD","7.02","SEK"
"CRL","CAREL","Industrials","Equity","86,961.52","0.01","86,961.52","2,074.00","41.93","Italy","Borsa Italiana","CAD","0.62","EUR"
"SZG","SALZGITTER AG","Materials","Equity","86,549.94","0.01","86,549.94","976.00","88.68","Germany","Xetra","CAD","0.62","EUR"
"GNC","GREENCORE GROUP PLC","Consumer Staples","Equity","86,017.55","0.01","86,017.55","18,708.00","4.60","United Kingdom","London Stock Exchange","CAD","0.54","GBP"
"SOLB","SOLVAY SA","Materials","Equity","85,557.61","0.01","85,557.61","2,025.00","42.25","Belgium","Nyse Euronext - Euronext Brussels","CAD","0.62","EUR"
"ELG","ELMOS SEMICONDUCTOR","Information Technology","Equity","85,605.64","0.01","85,605.64","379.00","225.87","Germany","Xetra","CAD","0.62","EUR"
"ALMB","ALM BRAND","Financials","Equity","85,280.19","0.01","85,280.19","22,885.00","3.73","Denmark","Omx Nordic Exchange Copenhagen A/S","CAD","4.65","DKK"
"ATE","ALTEN SA","Information Technology","Equity","85,020.24","0.01","85,020.24","780.00","109.00","France","Nyse Euronext - Euronext Paris","CAD","0.62","EUR"
"MTRS","MUNTERS GROUP","Industrials","Equity","84,555.39","0.01","84,555.39","4,338.00","19.49","Sweden","Nasdaq Omx Nordic","CAD","7.02","SEK"
"COA","COATS GROUP PLC","Consumer Discretionary","Equity","84,463.55","0.01","84,463.55","57,614.00","1.47","United Kingdom","London Stock Exchange","CAD","0.54","GBP"
"HMS","HMS NETWORKS","Information Technology","Equity","84,334.48","0.01","84,334.48","1,121.00","75.23","Sweden","Nasdaq Omx Nordic","CAD","7.02","SEK"
"LIGHT","SIGNIFY","Industrials","Equity","84,215.77","0.01","84,215.77","3,523.00","23.90","Netherlands","Euronext Amsterdam","CAD","0.62","EUR"
"CAMX","CAMURUS","Health Care","Equity","83,399.65","0.01","83,399.65","998.00","83.57","Sweden","Nasdaq Omx Nordic","CAD","7.02","SEK"
"DANR","DANIELI & C OFFICINE MECCANICHE SA","Industrials","Equity","83,441.06","0.01","83,441.06","1,325.00","62.97","Italy","Borsa Italiana","CAD","0.62","EUR"
"MEL","MELIA HOTELS INTERNATIONAL SA","Consumer Discretionary","Equity","83,337.09","0.01","83,337.09","5,288.00","15.76","Spain","Bolsa De Madrid","CAD","0.62","EUR"
"MELE","MELEXIS NV","Information Technology","Equity","82,433.47","0.01","82,433.47","784.00","105.14","Belgium","Nyse Euronext - Euronext Brussels","CAD","0.62","EUR"
"SRE","SIRIUS REAL ESTATE LIMITED","Real Estate","Equity","82,267.93","0.01","82,267.93","47,418.00","1.73","United Kingdom","London Stock Exchange","CAD","0.54","GBP"
"CGEO","GEORGIA CAPITAL PLC","Financials","Equity","81,799.98","0.01","81,799.98","927.00","88.24","United Kingdom","London Stock Exchange","CAD","0.54","GBP"
"ZIG","ZIGUP PLC","Industrials","Equity","81,465.71","0.01","81,465.71","10,192.00","7.99","United Kingdom","London Stock Exchange","CAD","0.54","GBP"
"RSW","RENISHAW PLC","Information Technology","Equity","81,103.85","0.01","81,103.85","840.00","96.55","United Kingdom","London Stock Exchange","CAD","0.54","GBP"
"BCHN","BURCKHARDT COMPRESSION HOLDING AG","Industrials","Equity","80,990.11","0.01","80,990.11","100.00","809.90","Switzerland","SIX Swiss Exchange","CAD","0.59","CHF"
"DOC","DO & CO AKTIENGESELLSCHAFT","Industrials","Equity","80,935.58","0.01","80,935.58","266.00","304.27","Austria","Wiener Boerse Ag","CAD","0.62","EUR"
"NCC B","NCC B","Industrials","Equity","80,544.33","0.01","80,544.33","3,137.00","25.68","Sweden","Nasdaq Omx Nordic","CAD","7.02","SEK"
"COFA","COFACE SA","Financials","Equity","80,419.28","0.01","80,419.28","3,117.00","25.80","France","Nyse Euronext - Euronext Paris","CAD","0.62","EUR"
"VIRP","VIRBAC SA","Health Care","Equity","80,333.31","0.01","80,333.31","159.00","505.24","France","Nyse Euronext - Euronext Paris","CAD","0.62","EUR"
"SVS","SAVILLS PLC","Real Estate","Equity","80,071.47","0.01","80,071.47","4,220.00","18.97","United Kingdom","London Stock Exchange","CAD","0.54","GBP"
"FAGR","FAGRON NV","Health Care","Equity","79,958.83","0.01","79,958.83","2,242.00","35.66","Belgium","Nyse Euronext - Euronext Brussels","CAD","0.62","EUR"
"EKTA B","ELEKTA B","Health Care","Equity","79,582.61","0.01","79,582.61","10,793.00","7.37","Sweden","Nasdaq Omx Nordic","CAD","7.02","SEK"
"FII","LISI SA","Industrials","Equity","79,524.92","0.01","79,524.92","787.00","101.05","France","Nyse Euronext - Euronext Paris","CAD","0.62","EUR"
"DIA","DIASORIN","Health Care","Equity","79,019.52","0.01","79,019.52","645.00","122.51","Italy","Borsa Italiana","CAD","0.62","EUR"
"MCOV B","MEDICOVER CLASS B","Health Care","Equity","78,757.95","0.01","78,757.95","2,211.00","35.62","Sweden","Nasdaq Omx Nordic","CAD","7.02","SEK"
"AF","AIR FRANCE-KLM SA","Industrials","Equity","78,759.56","0.01","78,759.56","4,278.00","18.41","France","Nyse Euronext - Euronext Paris","CAD","0.62","EUR"
"ENAV","ENAV SPA","Industrials","Equity","78,273.34","0.01","78,273.34","9,863.00","7.94","Italy","Borsa Italiana","CAD","0.62","EUR"
"THULE","THULE GROUP","Consumer Discretionary","Equity","77,915.24","0.01","77,915.24","2,726.00","28.58","Sweden","Nasdaq Omx Nordic","CAD","7.02","SEK"
"BUFAB","BUFAB","Industrials","Equity","77,537.58","0.01","77,537.58","3,915.00","19.81","Sweden","Nasdaq Omx Nordic","CAD","7.02","SEK"
"EMMN","EMMI AG","Consumer Staples","Equity","77,509.41","0.01","77,509.41","55.00","1,409.26","Switzerland","SIX Swiss Exchange","CAD","0.59","CHF"
"CLAS B","CLAS OHLSON","Consumer Discretionary","Equity","77,409.08","0.01","77,409.08","1,296.00","59.73","Sweden","Nasdaq Omx Nordic","CAD","7.02","SEK"
"SCHO","SCHOUW AND CO","Consumer Staples","Equity","77,288.73","0.01","77,288.73","444.00","174.07","Denmark","Omx Nordic Exchange Copenhagen A/S","CAD","4.65","DKK"
"TPK","TRAVIS PERKINS PLC","Industrials","Equity","77,215.06","0.01","77,215.06","6,834.00","11.30","United Kingdom","London Stock Exchange","CAD","0.54","GBP"
"BNOR","BLUENORD","Energy","Equity","76,912.94","0.01","76,912.94","875.00","87.90","Norway","Oslo Bors Asa","CAD","6.73","NOK"
"FDR","FLUIDRA SA","Industrials","Equity","76,949.75","0.01","76,949.75","2,694.00","28.56","Spain","Bolsa De Madrid","CAD","0.62","EUR"
"SAFE","SAFESTORE HOLDINGS PLC","Real Estate","Equity","76,808.66","0.01","76,808.66","7,666.00","10.02","United Kingdom","London Stock Exchange","CAD","0.54","GBP"
"AMP","AMPLIFON","Health Care","Equity","76,655.30","0.01","76,655.30","4,117.00","18.62","Italy","Borsa Italiana","CAD","0.62","EUR"
"JET2","JET2 PLC","Industrials","Equity","75,553.29","0.01","75,553.29","2,843.00","26.58","United Kingdom","London Stock Exchange","CAD","0.54","GBP"
"IOS","IONOS GROUP N","Information Technology","Equity","75,468.50","0.01","75,468.50","1,372.00","55.01","Germany","Xetra","CAD","0.62","EUR"
"BPT","BRIDGEPOINT GROUP PLC","Financials","Equity","75,363.30","0.01","75,363.30","13,327.00","5.65","United Kingdom","London Stock Exchange","CAD","0.54","GBP"
"KRN","KRONES AG","Industrials","Equity","75,297.44","0.01","75,297.44","417.00","180.57","Germany","Xetra","CAD","0.62","EUR"
"ATYM","ATALAYA MINING COPPER SA","Materials","Equity","75,188.21","0.01","75,188.21","4,010.00","18.75","United Kingdom","London Stock Exchange","CAD","0.54","GBP"
"IRE","IREN","Utilities","Equity","75,227.57","0.01","75,227.57","18,701.00","4.02","Italy","Borsa Italiana","CAD","0.62","EUR"
"SON","SONAE SA","Consumer Staples","Equity","74,761.74","0.01","74,761.74","22,108.00","3.38","Portugal","Nyse Euronext - Euronext Lisbon","CAD","0.62","EUR"
"ALIF B","ADDLIFE CLASS B","Health Care","Equity","74,527.03","0.01","74,527.03","3,205.00","23.25","Sweden","Nasdaq Omx Nordic","CAD","7.02","SEK"
"JEN","JENOPTIK N AG","Information Technology","Equity","74,243.91","0.01","74,243.91","1,170.00","63.46","Germany","Xetra","CAD","0.62","EUR"
"UPR","UNIPHAR PLC","Health Care","Equity","73,553.63","0.01","73,553.63","11,333.00","6.49","Ireland","Irish Stock Exchange - All Market","CAD","0.62","EUR"
"WALL B","WALLENSTAM CLASS B","Real Estate","Equity","73,468.95","0.01","73,468.95","13,477.00","5.45","Sweden","Nasdaq Omx Nordic","CAD","7.02","SEK"
"PAG","PARAGON GROUP OF COMPANIES","Financials","Equity","73,292.37","0.01","73,292.37","5,025.00","14.59","United Kingdom","London Stock Exchange","CAD","0.54","GBP"
"MONY","MONY GROUP PLC","Communication","Equity","73,296.85","0.01","73,296.85","20,127.00","3.64","United Kingdom","London Stock Exchange","CAD","0.54","GBP"
"SWON","SOFTWAREONE HOLDING AG","Information Technology","Equity","72,904.21","0.01","72,904.21","4,612.00","15.81","Switzerland","SIX Swiss Exchange","CAD","0.59","CHF"
"FABG","FABEGE","Real Estate","Equity","72,643.68","0.01","72,643.68","7,320.00","9.92","Sweden","Nasdaq Omx Nordic","CAD","7.02","SEK"
"BIOA B","BIOARCTIC CLASS B","Health Care","Equity","72,659.16","0.01","72,659.16","1,571.00","46.25","Sweden","Nasdaq Omx Nordic","CAD","7.02","SEK"
"BILL","BILLERUD KORSNAS","Materials","Equity","72,406.15","0.01","72,406.15","5,982.00","12.10","Sweden","Nasdaq Omx Nordic","CAD","7.02","SEK"
"BYG","BIG YELLOW GROUP PLC","Real Estate","Equity","72,449.82","0.01","72,449.82","4,646.00","15.59","United Kingdom","London Stock Exchange","CAD","0.54","GBP"
"CADLR","CADELER","Industrials","Equity","72,321.92","0.01","72,321.92","8,118.00","8.91","Norway","Oslo Bors Asa","CAD","6.73","NOK"
"EFGN","EFG INTERNATIONAL AG","Financials","Equity","72,329.03","0.01","72,329.03","2,759.00","26.22","Switzerland","SIX Swiss Exchange","CAD","0.59","CHF"
"HAS","HAYS","Industrials","Equity","72,257.05","0.01","72,257.05","58,980.00","1.23","United Kingdom","London Stock Exchange","CAD","0.54","GBP"
"LLBN","LIECHTENSTEINISCHE LANDESBANK","Financials","Equity","72,310.42","0.01","72,310.42","364.00","198.66","Switzerland","SIX Swiss Exchange","CAD","0.59","CHF"
"CHEMM","CHEMOMETEC","Health Care","Equity","71,951.11","0.01","71,951.11","642.00","112.07","Denmark","Omx Nordic Exchange Copenhagen A/S","CAD","4.65","DKK"
"TYRES","NOKIAN RENKAAT","Consumer Discretionary","Equity","71,854.48","0.01","71,854.48","2,806.00","25.61","Finland","Nasdaq Omx Helsinki Ltd.","CAD","0.62","EUR"
"GPE","GREAT PORTLAND ESTATES PLC","Real Estate","Equity","71,209.58","0.01","71,209.58","12,300.00","5.79","United Kingdom","London Stock Exchange","CAD","0.54","GBP"
"EXA","EXAIL TECHNOLOGIES SA","Industrials","Equity","71,002.81","0.01","71,002.81","355.00","200.01","France","Nyse Euronext - Euronext Paris","CAD","0.62","EUR"
"BRE","FRENI BREMBO NV","Consumer Discretionary","Equity","71,003.68","0.01","71,003.68","4,258.00","16.68","Italy","Borsa Italiana","CAD","0.62","EUR"
"COL","COLONIAL SFL SOCIMI SA","Real Estate","Equity","70,697.29","0.01","70,697.29","8,612.00","8.21","Spain","Bolsa De Madrid","CAD","0.62","EUR"
"OCDO","OCADO GROUP PLC","Consumer Staples","Equity","70,174.17","0.01","70,174.17","16,524.00","4.25","United Kingdom","London Stock Exchange","CAD","0.54","GBP"
"FRAS","FRASERS GROUP PLC","Consumer Discretionary","Equity","70,181.86","0.01","70,181.86","4,821.00","14.56","United Kingdom","London Stock Exchange","CAD","0.54","GBP"
"PFD","PREMIER FOODS PLC","Consumer Staples","Equity","70,105.19","0.01","70,105.19","19,440.00","3.61","United Kingdom","London Stock Exchange","CAD","0.54","GBP"
"MPE","M. P. EVANS GROUP PLC","Consumer Staples","Equity","69,887.36","0.01","69,887.36","1,701.00","41.09","United Kingdom","London Stock Exchange","CAD","0.54","GBP"
"WAF","SILTRONIC N AG","Information Technology","Equity","69,932.49","0.01","69,932.49","625.00","111.89","Germany","Xetra","CAD","0.62","EUR"
"EXENS","EXOSENS SA","Industrials","Equity","69,831.20","0.01","69,831.20","738.00","94.62","France","Nyse Euronext - Euronext Paris","CAD","0.62","EUR"
"RAT","RATHBONES GROUP PLC","Financials","Equity","69,718.94","0.01","69,718.94","2,313.00","30.14","United Kingdom","London Stock Exchange","CAD","0.54","GBP"
"PAAL B","PER AARSLEFF HOLDING CLASS B","Industrials","Equity","69,458.42","0.01","69,458.42","476.00","145.92","Denmark","Omx Nordic Exchange Copenhagen A/S","CAD","4.65","DKK"
"PEAB B","PEAB CLASS B","Industrials","Equity","69,513.88","0.01","69,513.88","4,928.00","14.11","Sweden","Nasdaq Omx Nordic","CAD","7.02","SEK"
"LAND","LANDIS+GYR GROUP AG","Information Technology","Equity","69,454.88","0.01","69,454.88","863.00","80.48","Switzerland","SIX Swiss Exchange","CAD","0.59","CHF"
"JUN3","JUNGHEINRICH PREF AG","Industrials","Equity","69,157.38","0.01","69,157.38","1,711.00","40.42","Germany","Xetra","CAD","0.62","EUR"
"BEKB","BEKAERT (D) SA","Materials","Equity","68,642.08","0.01","68,642.08","1,120.00","61.29","Belgium","Nyse Euronext - Euronext Brussels","CAD","0.62","EUR"
"ASHM","ASHMORE GROUP PLC","Financials","Equity","68,548.85","0.01","68,548.85","17,152.00","4.00","United Kingdom","London Stock Exchange","CAD","0.54","GBP"
"PNDX B","PANDOX","Real Estate","Equity","68,406.95","0.01","68,406.95","2,868.00","23.85","Sweden","Nasdaq Omx Nordic","CAD","7.02","SEK"
"TGYM","TECHNOGYM","Consumer Discretionary","Equity","67,591.27","0.01","67,591.27","3,326.00","20.32","Italy","Borsa Italiana","CAD","0.62","EUR"
"AMBU B","AMBU CLASS B","Health Care","Equity","67,594.54","0.01","67,594.54","4,802.00","14.08","Denmark","Omx Nordic Exchange Copenhagen A/S","CAD","4.65","DKK"
"CATE","CATENA","Real Estate","Equity","67,434.84","0.01","67,434.84","1,291.00","52.23","Sweden","Nasdaq Omx Nordic","CAD","7.02","SEK"
"GRI","GRAINGER PLC","Real Estate","Equity","67,228.87","0.01","67,228.87","21,466.00","3.13","United Kingdom","London Stock Exchange","CAD","0.54","GBP"
"VLX","VOLEX PLC","Industrials","Equity","67,172.17","0.01","67,172.17","5,858.00","11.47","United Kingdom","London Stock Exchange","CAD","0.54","GBP"
"BITTI","BITTIUM","Information Technology","Equity","67,013.74","0.01","67,013.74","1,092.00","61.37","Finland","Nasdaq Omx Helsinki Ltd.","CAD","0.62","EUR"
"CIBUS","CIBUS REAL ESTATE","Real Estate","Equity","66,676.89","0.01","66,676.89","3,380.00","19.73","Sweden","Nasdaq Omx Nordic","CAD","7.02","SEK"
"C5H","CAIRN HOMES PLC","Consumer Discretionary","Equity","65,869.76","0.01","65,869.76","15,130.00","4.35","Ireland","Irish Stock Exchange - All Market","CAD","0.62","EUR"
"PHVS","PHARVARIS N V","Health Care","Equity","65,744.94","0.01","65,744.94","1,237.00","53.15","Netherlands","NASDAQ","CAD","0.71","USD"
"NOBA","NOBA BANK GROUP","Financials","Equity","65,685.91","0.01","65,685.91","5,215.00","12.60","Sweden","Nasdaq Omx Nordic","CAD","7.02","SEK"
"FRVIA","FORVIA","Consumer Discretionary","Equity","65,114.87","0.01","65,114.87","4,170.00","15.61","France","Nyse Euronext - Euronext Paris","CAD","0.62","EUR"
"IMPN","IMPLENIA AG","Industrials","Equity","64,942.35","0.01","64,942.35","593.00","109.52","Switzerland","SIX Swiss Exchange","CAD","0.59","CHF"
"NETC","NETCOMPANY GROUP","Information Technology","Equity","64,288.13","0.01","64,288.13","936.00","68.68","Denmark","Omx Nordic Exchange Copenhagen A/S","CAD","4.65","DKK"
"VCT","VICTREX PLC","Materials","Equity","64,156.86","0.01","64,156.86","3,601.00","17.82","United Kingdom","London Stock Exchange","CAD","0.54","GBP"
"NANO","NANOBIOTIX SA","Health Care","Equity","63,991.29","0.01","63,991.29","1,306.00","49.00","France","Nyse Euronext - Euronext Paris","CAD","0.62","EUR"
"FEVR","FEVERTREE DRINKS PLC","Consumer Staples","Equity","63,996.74","0.01","63,996.74","3,980.00","16.08","United Kingdom","London Stock Exchange","CAD","0.54","GBP"
"WWI","WILH. WILHELMSEN HOLDING A","Industrials","Equity","63,806.56","0.01","63,806.56","490.00","130.22","Norway","Oslo Bors Asa","CAD","6.73","NOK"
"BOSN","BOSSARD HOLDING AG","Industrials","Equity","63,710.52","0.01","63,710.52","157.00","405.80","Switzerland","SIX Swiss Exchange","CAD","0.59","CHF"
"HOFI","HOIST FINANCE","Financials","Equity","63,608.07","0.01","63,608.07","2,165.00","29.38","Sweden","Nasdaq Omx Nordic","CAD","7.02","SEK"
"YCA","YELLOW CAKE PLC","Energy","Equity","63,533.96","0.01","63,533.96","6,000.00","10.59","United Kingdom","London Stock Exchange","CAD","0.54","GBP"
"RCO","REMY COINTREAU SA","Consumer Staples","Equity","63,333.43","0.01","63,333.43","925.00","68.47","France","Nyse Euronext - Euronext Paris","CAD","0.62","EUR"
"GRE","GRENERGY RENOVABLES","Utilities","Equity","63,167.81","0.01","63,167.81","434.00","145.55","Spain","Bolsa De Madrid","CAD","0.62","EUR"
"ODL","ODFJELL DRILLING","Energy","Equity","62,899.82","0.01","62,899.82","4,004.00","15.71","Norway","Oslo Bors Asa","CAD","6.73","NOK"
"ELN","EL EN","Health Care","Equity","62,812.32","0.01","62,812.32","2,424.00","25.91","Italy","Borsa Italiana","CAD","0.62","EUR"
"PLX","PLUXEE","Financials","Equity","62,294.52","0.01","62,294.52","2,568.00","24.26","France","Nyse Euronext - Euronext Paris","CAD","0.62","EUR"
"BRKN","BURKHALTER HOLDING AG","Industrials","Equity","62,043.86","0.01","62,043.86","301.00","206.13","Switzerland","SIX Swiss Exchange","CAD","0.59","CHF"
"IWG","INTERNATIONAL WORKPLACE GROUP PLC","Real Estate","Equity","61,946.38","0.01","61,946.38","18,593.00","3.33","United Kingdom","London Stock Exchange","CAD","0.54","GBP"
"KINV B","KINNEVIK CLASS B","Financials","Equity","61,861.25","0.01","61,861.25","7,181.00","8.61","Sweden","Nasdaq Omx Nordic","CAD","7.02","SEK"
"CIRSA","CIRSA ENTERPRISES SAU","Consumer Discretionary","Equity","61,643.44","0.01","61,643.44","1,936.00","31.84","Spain","Bolsa De Madrid","CAD","0.62","EUR"
"MONT","MONTEA NV","Real Estate","Equity","61,653.05","0.01","61,653.05","595.00","103.62","Belgium","Nyse Euronext - Euronext Brussels","CAD","0.62","EUR"
"YPSN","YPSOMED HOLDING AG","Health Care","Equity","61,450.61","0.01","61,450.61","104.00","590.87","Switzerland","SIX Swiss Exchange","CAD","0.59","CHF"
"HUFV A","HUFVUDSTADEN CLASS A","Real Estate","Equity","61,279.09","0.01","61,279.09","3,698.00","16.57","Sweden","Nasdaq Omx Nordic","CAD","7.02","SEK"
"DIA","DISTRIBUIDORA INTERNACIONAL DE ALI","Consumer Staples","Equity","61,211.10","0.01","61,211.10","882.00","69.40","Spain","Bolsa De Madrid","CAD","0.62","EUR"
"SNI","STOLT-NIELSEN LTD","Industrials","Equity","61,078.23","0.01","61,078.23","1,127.00","54.20","Norway","Oslo Bors Asa","CAD","6.73","NOK"
"WOSG","WATCHES OF SWITZERLAND GROUP PLC","Consumer Discretionary","Equity","60,978.49","0.01","60,978.49","4,936.00","12.35","United Kingdom","London Stock Exchange","CAD","0.54","GBP"
"BYIT","BYTES TECHNOLOGY GROUP PLC","Information Technology","Equity","60,718.64","0.01","60,718.64","7,225.00","8.40","United Kingdom","London Stock Exchange","CAD","0.54","GBP"
"GAMA","GAMMA COMMUNICATIONS","Communication","Equity","60,499.24","0.01","60,499.24","2,877.00","21.03","United Kingdom","London Stock Exchange","CAD","0.54","GBP"
"SHOT","SCANDIC HOTELS GROUP","Consumer Discretionary","Equity","60,264.64","0.01","60,264.64","4,747.00","12.70","Sweden","Nasdaq Omx Nordic","CAD","7.02","SEK"
"GVR","GLENVEAGH PROPERTIES PLC","Consumer Discretionary","Equity","60,019.15","0.01","60,019.15","15,966.00","3.76","Ireland","Irish Stock Exchange - All Market","CAD","0.62","EUR"
"HAUTO","HOEGH AUTOLINERS","Industrials","Equity","59,744.61","0.01","59,744.61","2,188.00","27.31","Norway","Oslo Bors Asa","CAD","6.73","NOK"
"SLR","SOLARIA ENERGIA Y MEDIO AMBIENTE S","Utilities","Equity","59,528.53","0.01","59,528.53","2,112.00","28.19","Spain","Bolsa De Madrid","CAD","0.62","EUR"
"BIOG B","BIOGAIA CLASS B","Health Care","Equity","59,022.40","0.01","59,022.40","3,832.00","15.40","Sweden","Nasdaq Omx Nordic","CAD","7.02","SEK"
"INH","INDUS HOLDING AG","Industrials","Equity","59,057.52","0.01","59,057.52","939.00","62.89","Germany","Xetra","CAD","0.62","EUR"
"SRAIL","STADLER RAIL AG","Industrials","Equity","58,895.02","0.01","58,895.02","1,157.00","50.90","Switzerland","SIX Swiss Exchange","CAD","0.59","CHF"
"KARN","KARDEX HOLDING AG","Industrials","Equity","58,455.50","0.01","58,455.50","151.00","387.12","Switzerland","SIX Swiss Exchange","CAD","0.59","CHF"
"IDL","ID LOGISTICS","Industrials","Equity","58,476.21","0.01","58,476.21","112.00","522.11","France","Nyse Euronext - Euronext Paris","CAD","0.62","EUR"
"BOSS","HUGO BOSS N AG","Consumer Discretionary","Equity","58,512.87","0.01","58,512.87","959.00","61.01","Germany","Xetra","CAD","0.62","EUR"
"MTRO","METRO BANK HOLDINGS PLC","Financials","Equity","58,332.04","0.01","58,332.04","17,469.00","3.34","United Kingdom","London Stock Exchange","CAD","0.54","GBP"
"SCATC","SCATEC SOLAR","Utilities","Equity","58,355.78","0.01","58,355.78","3,986.00","14.64","Norway","Oslo Bors Asa","CAD","6.73","NOK"
"ENO","ELECNOR","Industrials","Equity","58,144.47","0.01","58,144.47","1,149.00","50.60","Spain","Bolsa De Madrid","CAD","0.62","EUR"
"IDIA","IDORSIA N LTD","Health Care","Equity","58,038.50","0.01","58,038.50","6,976.00","8.32","Switzerland","SIX Swiss Exchange","CAD","0.59","CHF"
"SHA0","SCHAEFFLER N AG","Consumer Discretionary","Equity","57,993.34","0.01","57,993.34","5,106.00","11.36","Germany","Xetra","CAD","0.62","EUR"
"CLA B","CLOETTA","Consumer Staples","Equity","57,882.33","0.01","57,882.33","7,572.00","7.64","Sweden","Nasdaq Omx Nordic","CAD","7.02","SEK"
"ENOG","ENERGEAN PLC","Energy","Equity","57,782.89","0.01","57,782.89","3,887.00","14.87","United Kingdom","London Stock Exchange","CAD","0.54","GBP"
"JFN","JUNGFRAUBAHN HOLDING AG","Industrials","Equity","57,294.14","0.01","57,294.14","148.00","387.12","Switzerland","SIX Swiss Exchange","CAD","0.59","CHF"
"FIE","FIELMANN GROUP AG","Consumer Discretionary","Equity","57,064.43","0.01","57,064.43","936.00","60.97","Germany","Xetra","CAD","0.62","EUR"
"BETS B","BETSSON CLASS B","Consumer Discretionary","Equity","57,006.47","0.01","57,006.47","4,093.00","13.93","Sweden","Nasdaq Omx Nordic","CAD","7.02","SEK"
"RENE","REN REDES ENERGETICAS NACIONAIS SA","Utilities","Equity","56,675.72","0.01","56,675.72","9,896.00","5.73","Portugal","Nyse Euronext - Euronext Lisbon","CAD","0.62","EUR"
"AT1","AROUNDTOWN SA","Real Estate","Equity","56,623.47","0.01","56,623.47","19,735.00","2.87","Germany","Xetra","CAD","0.62","EUR"
"ERG","ERG","Utilities","Equity","56,538.14","0.01","56,538.14","1,560.00","36.24","Italy","Borsa Italiana","CAD","0.62","EUR"
"ATT","ATTENDO","Health Care","Equity","56,276.85","0.01","56,276.85","3,110.00","18.10","Sweden","Nasdaq Omx Nordic","CAD","7.02","SEK"
"KWS","KWS SAAT","Consumer Staples","Equity","56,170.90","0.01","56,170.90","450.00","124.82","Germany","Xetra","CAD","0.62","EUR"
"FCT","FINCANTIERI","Industrials","Equity","56,115.80","0.01","56,115.80","2,780.00","20.19","Italy","Borsa Italiana","CAD","0.62","EUR"
"ALSN","ALSO HOLDING AG","Information Technology","Equity","55,687.58","0.01","55,687.58","171.00","325.66","Switzerland","SIX Swiss Exchange","CAD","0.59","CHF"
"RHIM","RHI MAGNESITA","Materials","Equity","55,547.96","0.01","55,547.96","1,068.00","52.01","United Kingdom","London Stock Exchange","CAD","0.54","GBP"
"WAWI","WALLENIUS WILHELMSEN","Industrials","Equity","55,379.50","0.01","55,379.50","2,037.00","27.19","Norway","Oslo Bors Asa","CAD","6.73","NOK"
"ROVI","LABORATORIOS FARMACEUTICOS ROVI","Health Care","Equity","55,213.27","0.01","55,213.27","586.00","94.22","Spain","Bolsa De Madrid","CAD","0.62","EUR"
"BCG","BALTIC CLASSIFIEDS GROUP PLC","Communication","Equity","55,124.40","0.01","55,124.40","15,183.00","3.63","United Kingdom","London Stock Exchange","CAD","0.62","EUR"
"LINK","LINK MOBILITY GROUP HOLDING","Information Technology","Equity","55,068.67","0.01","55,068.67","15,649.00","3.52","Norway","Oslo Bors Asa","CAD","6.73","NOK"
"IPS","IPSOS SA","Communication","Equity","54,845.71","0.01","54,845.71","985.00","55.68","France","Nyse Euronext - Euronext Paris","CAD","0.62","EUR"
"SK","SEB SA","Consumer Discretionary","Equity","54,869.48","0.01","54,869.48","611.00","89.80","France","Nyse Euronext - Euronext Paris","CAD","0.62","EUR"
"FORN","FORBO HOLDING AG","Industrials","Equity","54,784.63","0.01","54,784.63","34.00","1,611.31","Switzerland","SIX Swiss Exchange","CAD","0.59","CHF"
"MTG B","MODERN TIMES GROUP MTG CLASS B","Communication","Equity","54,696.59","0.01","54,696.59","2,852.00","19.18","Sweden","Nasdaq Omx Nordic","CAD","7.02","SEK"
"IHP","INTEGRAFIN HOLDINGS","Financials","Equity","54,226.81","0.01","54,226.81","7,795.00","6.96","United Kingdom","London Stock Exchange","CAD","0.54","GBP"
"HACK","HACKSAW","Communication","Equity","54,101.26","0.01","54,101.26","4,116.00","13.14","Sweden","Nasdaq Omx Nordic","CAD","7.02","SEK"
"DNO","DNO","Energy","Equity","54,121.03","0.01","54,121.03","18,808.00","2.88","Norway","Oslo Bors Asa","CAD","6.73","NOK"
"JSG","JOHNSON SERVICE GROUP PLC","Industrials","Equity","53,585.30","0.01","53,585.30","20,959.00","2.56","United Kingdom","London Stock Exchange","CAD","0.54","GBP"
"STOR B","STORSKOGEN GROUP CLASS B","Industrials","Equity","53,613.51","0.01","53,613.51","34,176.00","1.57","Sweden","Nasdaq Omx Nordic","CAD","7.02","SEK"
"BB","BIC SA","Industrials","Equity","53,647.75","0.01","53,647.75","494.00","108.60","France","Nyse Euronext - Euronext Paris","CAD","0.62","EUR"
"CIE","CIE AUTOMOTIVE SA","Consumer Discretionary","Equity","53,543.81","0.01","53,543.81","1,277.00","41.93","Spain","Bolsa De Madrid","CAD","0.62","EUR"
"MIPS","MIPS","Consumer Discretionary","Equity","53,372.86","0.01","53,372.86","976.00","54.69","Sweden","Nasdaq Omx Nordic","CAD","7.02","SEK"
"KIE","KIER GROUP PLC","Industrials","Equity","53,415.59","0.01","53,415.59","9,534.00","5.60","United Kingdom","London Stock Exchange","CAD","0.54","GBP"
"AFX","CARL ZEISS MEDITEC AG","Health Care","Equity","53,426.89","0.01","53,426.89","1,146.00","46.62","Germany","Xetra","CAD","0.62","EUR"
"NONG","SPAREBANK NORD-NORGE","Financials","Equity","53,226.66","0.01","53,226.66","2,064.00","25.79","Norway","Oslo Bors Asa","CAD","6.73","NOK"
"CAI","CA IMMOBILIEN ANLAGEN AG","Real Estate","Equity","52,994.07","0.01","52,994.07","1,450.00","36.55","Austria","Wiener Boerse Ag","CAD","0.62","EUR"
"ITP","INTERPARFUMS SA","Consumer Staples","Equity","52,892.44","0.01","52,892.44","1,126.00","46.97","France","Nyse Euronext - Euronext Paris","CAD","0.62","EUR"
"GIMB","GIMV NV","Financials","Equity","52,666.18","0.01","52,666.18","702.00","75.02","Belgium","Nyse Euronext - Euronext Brussels","CAD","0.62","EUR"
"SNR","SENIOR PLC","Industrials","Equity","52,321.49","0.01","52,321.49","9,497.00","5.51","United Kingdom","London Stock Exchange","CAD","0.54","GBP"
"EVN","EVN AG","Utilities","Equity","52,210.26","0.01","52,210.26","1,113.00","46.91","Austria","Wiener Boerse Ag","CAD","0.62","EUR"
"ACE","ACEA","Utilities","Equity","52,144.59","0.01","52,144.59","1,588.00","32.84","Italy","Borsa Italiana","CAD","0.62","EUR"
"BONEX","BONESUPPORT HOLDING","Health Care","Equity","51,815.34","0.01","51,815.34","1,647.00","31.46","Sweden","Nasdaq Omx Nordic","CAD","7.02","SEK"
"CARM","CARMILA SA","Real Estate","Equity","51,621.00","0.01","51,621.00","2,114.00","24.42","France","Nyse Euronext - Euronext Paris","CAD","0.62","EUR"
"EPRO B","ELECTROLUX PROFESSIONAL CLASS B","Industrials","Equity","51,492.20","0.01","51,492.20","8,167.00","6.30","Sweden","Nasdaq Omx Nordic","CAD","7.02","SEK"
"2GB","2G ENERGY AG","Industrials","Equity","51,486.22","0.01","51,486.22","554.00","92.93","Germany","Xetra","CAD","0.62","EUR"
"FAN","VOLUTION GROUP PLCINARY","Industrials","Equity","51,218.70","0.01","51,218.70","4,319.00","11.86","United Kingdom","London Stock Exchange","CAD","0.54","GBP"
"LUMO","LUMO HOMES","Real Estate","Equity","51,086.03","0.01","51,086.03","4,257.00","12.00","Finland","Nasdaq Omx Helsinki Ltd.","CAD","0.62","EUR"
"EMBRAC B","EMBRACER GROUP CLASS B","Communication","Equity","51,097.37","0.01","51,097.37","4,227.00","12.09","Sweden","Nasdaq Omx Nordic","CAD","7.02","SEK"
"CRBN","CORBION NV CLASS C","Materials","Equity","51,046.26","0.01","51,046.26","1,416.00","36.05","Netherlands","Euronext Amsterdam","CAD","0.62","EUR"
"AUTO","AUTOSTORE HOLDINGS LTD","Industrials","Equity","50,712.51","0.01","50,712.51","22,135.00","2.29","Norway","Oslo Bors Asa","CAD","6.73","NOK"
"INTRUM","INTRUM JUSTITIA","Industrials","Equity","50,715.09","0.01","50,715.09","91,736.00","0.55","Sweden","Nasdaq Omx Nordic","CAD","7.02","SEK"
"FPE","FUCHS N","Materials","Equity","50,642.97","0.01","50,642.97","888.00","57.03","Germany","Xetra","CAD","0.62","EUR"
"GXI","GERRESHEIMER AG","Health Care","Equity","50,532.45","0.01","50,532.45","1,148.00","44.02","Germany","Xetra","CAD","0.62","EUR"
"PETS","PETS AT HOME PLC","Consumer Discretionary","Equity","50,437.26","0.01","50,437.26","12,632.00","3.99","United Kingdom","London Stock Exchange","CAD","0.54","GBP"
"SIX2","SIXT","Industrials","Equity","50,216.45","0.01","50,216.45","458.00","109.64","Germany","Xetra","CAD","0.62","EUR"
"ELUX B","ELECTROLUX CLASS B","Consumer Discretionary","Equity","50,116.49","0.01","50,116.49","13,273.00","3.78","Sweden","Nasdaq Omx Nordic","CAD","7.02","SEK"
"ROKO B","ROKO CLASS B","Financials","Equity","49,770.18","0.01","49,770.18","188.00","264.73","Sweden","Nasdaq Omx Nordic","CAD","7.02","SEK"
"ACT0","ALZCHEM GROUP N AG","Materials","Equity","49,462.52","0.01","49,462.52","191.00","258.96","Germany","Xetra","CAD","0.62","EUR"
"RATO B","RATOS B","Financials","Equity","49,382.41","0.01","49,382.41","9,164.00","5.39","Sweden","Nasdaq Omx Nordic","CAD","7.02","SEK"
"OVS","OVS SPA","Consumer Discretionary","Equity","49,213.52","0.01","49,213.52","5,490.00","8.96","Italy","Borsa Italiana","CAD","0.62","EUR"
"DEME","DEME GROUP NV","Industrials","Equity","49,227.98","0.01","49,227.98","168.00","293.02","Belgium","Nyse Euronext - Euronext Brussels","CAD","0.62","EUR"
"CSN","CHESNARA PLC","Financials","Equity","49,263.53","0.01","49,263.53","7,389.00","6.67","United Kingdom","London Stock Exchange","CAD","0.54","GBP"
"ATEA","ATEA","Information Technology","Equity","48,996.63","0.01","48,996.63","1,923.00","25.48","Norway","Oslo Bors Asa","CAD","6.73","NOK"
"SAX","STROEER SE","Communication","Equity","49,042.91","0.01","49,042.91","848.00","57.83","Germany","Xetra","CAD","0.62","EUR"
"TTALO","TERVEYSTALO","Health Care","Equity","48,890.31","0.01","48,890.31","3,937.00","12.42","Finland","Nasdaq Omx Helsinki Ltd.","CAD","0.62","EUR"
"KLAR","KLARNA GROUP PLC","Financials","Equity","48,840.44","0.01","48,840.44","2,505.00","19.50","Sweden","New York Stock Exchange Inc.","CAD","0.71","USD"
"VOLCAR B","VOLVO CAR CLASS B","Consumer Discretionary","Equity","48,736.29","0.01","48,736.29","18,799.00","2.59","Sweden","Nasdaq Omx Nordic","CAD","7.02","SEK"
"TRI","TRIGANO SA","Consumer Discretionary","Equity","48,743.78","0.01","48,743.78","211.00","231.01","France","Nyse Euronext - Euronext Paris","CAD","0.62","EUR"
"GROW","MOLTEN VENTURES PLC","Financials","Equity","48,571.10","0.01","48,571.10","3,876.00","12.53","United Kingdom","London Stock Exchange","CAD","0.54","GBP"
"PTEC","PLAYTECH PLC","Consumer Discretionary","Equity","48,500.58","0.01","48,500.58","5,836.00","8.31","United Kingdom","London Stock Exchange","CAD","0.54","GBP"
"LXS","LANXESS AG","Materials","Equity","48,123.64","0.01","48,123.64","2,166.00","22.22","Germany","Xetra","CAD","0.62","EUR"
"AMBEA","AMBEA","Health Care","Equity","48,036.15","0.01","48,036.15","1,932.00","24.86","Sweden","Nasdaq Omx Nordic","CAD","7.02","SEK"
"ACOMO","ACOMO","Consumer Staples","Equity","47,995.88","0.01","47,995.88","1,285.00","37.35","Netherlands","Euronext Amsterdam","CAD","0.62","EUR"
"KTN","KONTRON AG","Information Technology","Equity","47,898.38","0.01","47,898.38","1,453.00","32.96","Germany","Xetra","CAD","0.62","EUR"
"ALIG","ALIMAK GROUP","Industrials","Equity","47,438.06","0.01","47,438.06","2,747.00","17.27","Sweden","Nasdaq Omx Nordic","CAD","7.02","SEK"
"BAG","A G BARR","Consumer Staples","Equity","47,443.62","0.01","47,443.62","4,206.00","11.28","United Kingdom","London Stock Exchange","CAD","0.54","GBP"
"RET","RETAIL ESTATES NV","Real Estate","Equity","47,166.69","0.01","47,166.69","451.00","104.58","Belgium","Nyse Euronext - Euronext Brussels","CAD","0.62","EUR"
"MOON","MOONPIG GROUP PLC","Consumer Discretionary","Equity","46,829.17","0.01","46,829.17","9,491.00","4.93","United Kingdom","London Stock Exchange","CAD","0.54","GBP"
"VAHN","VAUDOISE ASSURANCES SA","Financials","Equity","46,821.45","0.01","46,821.45","36.00","1,300.60","Switzerland","SIX Swiss Exchange","CAD","0.59","CHF"
"SPOL","SPAREBANK OSTLANDET","Financials","Equity","46,561.39","0.01","46,561.39","1,523.00","30.57","Norway","Oslo Bors Asa","CAD","6.73","NOK"
"STORY B","STORYTEL CLASS B","Communication","Equity","46,484.07","0.01","46,484.07","2,810.00","16.54","Sweden","Nasdaq Omx Nordic","CAD","7.02","SEK"
"VGP","VGP NV","Real Estate","Equity","46,249.54","0.01","46,249.54","396.00","116.79","Belgium","Nyse Euronext - Euronext Brussels","CAD","0.62","EUR"
"HTRO","HEXATRONIC GROUP","Industrials","Equity","46,165.21","0.01","46,165.21","8,647.00","5.34","Sweden","Nasdaq Omx Nordic","CAD","7.02","SEK"
"COLR","COLRUYT GROUP NV","Consumer Staples","Equity","46,030.42","0.01","46,030.42","740.00","62.20","Belgium","Nyse Euronext - Euronext Brussels","CAD","0.62","EUR"
"MOZN","MOBILEZONE HOLDING","Consumer Discretionary","Equity","45,739.55","0.01","45,739.55","2,138.00","21.39","Switzerland","SIX Swiss Exchange","CAD","0.59","CHF"
"HUSQ B","HUSQVARNA","Industrials","Equity","45,741.59","0.01","45,741.59","8,856.00","5.17","Sweden","Nasdaq Omx Nordic","CAD","7.02","SEK"
"CHG","CHAPTERS GROUP AG","Information Technology","Equity","45,661.25","0.01","45,661.25","661.00","69.08","Germany","Xetra","CAD","0.62","EUR"
"VTY","VISTRY GROUP PLC","Consumer Discretionary","Equity","45,477.87","0.01","45,477.87","8,966.00","5.07","United Kingdom","London Stock Exchange","CAD","0.54","GBP"
"KNOS","KAINOS GROUP PLC","Information Technology","Equity","45,418.75","0.01","45,418.75","2,000.00","22.71","United Kingdom","London Stock Exchange","CAD","0.54","GBP"
"OHB","OHB","Industrials","Equity","45,238.74","0.01","45,238.74","160.00","282.74","Germany","Xetra","CAD","0.62","EUR"
"EGL","MOTA-ENGIL SGPS","Industrials","Equity","45,166.45","0.01","45,166.45","5,623.00","8.03","Portugal","Nyse Euronext - Euronext Lisbon","CAD","0.62","EUR"
"GEN","GENUIT GROUP PLC","Industrials","Equity","44,930.50","0.01","44,930.50","9,120.00","4.93","United Kingdom","London Stock Exchange","CAD","0.54","GBP"
"NOS","NOS SGPS SA","Communication","Equity","44,834.15","0.01","44,834.15","5,065.00","8.85","Portugal","Nyse Euronext - Euronext Lisbon","CAD","0.62","EUR"
"LUVE","LUVE","Industrials","Equity","44,622.01","0.01","44,622.01","443.00","100.73","Italy","Borsa Italiana","CAD","0.62","EUR"
"SMG","SMG AG","Communication","Equity","44,652.97","0.01","44,652.97","893.00","50.00","Switzerland","SIX Swiss Exchange","CAD","0.59","CHF"
"HAVAS","HAVAS NV","Communication","Equity","44,523.93","0.01","44,523.93","1,527.00","29.16","Netherlands","Euronext Amsterdam","CAD","0.62","EUR"
"ARG","ARGAN SA","Real Estate","Equity","44,081.43","0.01","44,081.43","379.00","116.31","France","Nyse Euronext - Euronext Paris","CAD","0.62","EUR"
"AOF","ATOSS SOFTWARE","Information Technology","Equity","43,903.11","0.01","43,903.11","299.00","146.83","Germany","Xetra","CAD","0.62","EUR"
"TKO","TIKEHAU CAPITAL","Financials","Equity","43,965.12","0.01","43,965.12","1,629.00","26.99","France","Nyse Euronext - Euronext Paris","CAD","0.62","EUR"
"RDC","REDCARE PHARMACY NV","Consumer Staples","Equity","43,880.29","0.01","43,880.29","456.00","96.23","Germany","Xetra","CAD","0.62","EUR"
"ALTRA","ALTRA FASTIGHETER","Real Estate","Equity","43,796.26","0.01","43,796.26","4,018.00","10.90","Sweden","Nasdaq Omx Nordic","CAD","7.02","SEK"
"ALHG","LOUIS HACHETTE GROUP SA","Communication","Equity","43,691.08","0.01","43,691.08","15,279.00","2.86","France","Nyse Euronext - Euronext Paris","CAD","0.62","EUR"
"POS","PORR AG","Industrials","Equity","43,568.15","0.01","43,568.15","742.00","58.72","Austria","Wiener Boerse Ag","CAD","0.62","EUR"
"ALTA","ALTAREA","Real Estate","Equity","43,607.19","0.01","43,607.19","316.00","138.00","France","Nyse Euronext - Euronext Paris","CAD","0.62","EUR"
"SMHN","SUSS MICROTEC N","Information Technology","Equity","43,209.34","0.01","43,209.34","397.00","108.84","Germany","Xetra","CAD","0.62","EUR"
"EPR","EUROPRIS","Consumer Discretionary","Equity","43,244.53","0.01","43,244.53","3,509.00","12.32","Norway","Oslo Bors Asa","CAD","6.73","NOK"
"N91","NINETY ONE PLC","Financials","Equity","43,168.63","0.01","43,168.63","10,842.00","3.98","United Kingdom","London Stock Exchange","CAD","0.54","GBP"
"DNLM","DUNELM GROUP PLC","Consumer Discretionary","Equity","42,962.23","0.01","42,962.23","3,017.00","14.24","United Kingdom","London Stock Exchange","CAD","0.54","GBP"
"INRN","INTERROLL HOLDING AG","Industrials","Equity","42,970.60","0.01","42,970.60","18.00","2,387.26","Switzerland","SIX Swiss Exchange","CAD","0.59","CHF"
"PLEJD","PLEJD","Industrials","Equity","42,867.69","0.01","42,867.69","307.00","139.63","Sweden","AKT","CAD","7.02","SEK"
"FGP","FIRSTGROUP PLC","Industrials","Equity","42,605.18","0.01","42,605.18","13,349.00","3.19","United Kingdom","London Stock Exchange","CAD","0.54","GBP"
"RRTL","RTL GROUP SA","Communication","Equity","42,514.14","0.01","42,514.14","827.00","51.41","Germany","Xetra","CAD","0.62","EUR"
"SHUR","SHURGARD SELF STORAGE LTD","Real Estate","Equity","42,388.03","0.01","42,388.03","1,130.00","37.51","Belgium","Nyse Euronext - Euronext Brussels","CAD","0.62","EUR"
"ITM","ITALMOBILIARE","Industrials","Equity","42,024.16","0.01","42,024.16","1,010.00","41.61","Italy","Borsa Italiana","CAD","0.62","EUR"
"AQ","AQ GROUP","Industrials","Equity","41,987.14","0.01","41,987.14","1,325.00","31.69","Sweden","Nasdaq Omx Nordic","CAD","7.02","SEK"
"TMV","TEAMVIEWER","Information Technology","Equity","41,992.95","0.01","41,992.95","4,037.00","10.40","Germany","Xetra","CAD","0.62","EUR"
"ECMPA","EUROCOMMERCIAL PROPERTIES","Real Estate","Equity","42,013.71","0.01","42,013.71","951.00","44.18","Netherlands","Euronext Amsterdam","CAD","0.62","EUR"
"MOVE","MEDACTA GROUP SA","Health Care","Equity","41,836.40","0.01","41,836.40","224.00","186.77","Switzerland","SIX Swiss Exchange","CAD","0.59","CHF"
"ARYN","ARYZTA AG","Consumer Staples","Equity","41,854.57","0.01","41,854.57","647.00","64.69","Switzerland","SIX Swiss Exchange","CAD","0.59","CHF"
"TRE","TECNICAS REUNIDAS SA","Energy","Equity","41,772.32","0.01","41,772.32","979.00","42.67","Spain","Bolsa De Madrid","CAD","0.62","EUR"
"VU","VUSIONGROUP SA","Information Technology","Equity","41,610.00","0.01","41,610.00","221.00","188.28","France","Nyse Euronext - Euronext Paris","CAD","0.62","EUR"
"PFSE","PFISTERER","Industrials","Equity","41,432.89","0.01","41,432.89","379.00","109.32","Germany","Xetra","CAD","0.62","EUR"
"MAU","MAUREL ET PROM SA","Energy","Equity","41,358.28","0.01","41,358.28","3,113.00","13.29","France","Nyse Euronext - Euronext Paris","CAD","0.62","EUR"
"MEDCL","MEDINCELL SA","Health Care","Equity","41,272.32","0.01","41,272.32","1,150.00","35.89","France","Nyse Euronext - Euronext Paris","CAD","0.62","EUR"
"VCT","VICAT SA","Materials","Equity","40,965.48","0.01","40,965.48","425.00","96.39","France","Nyse Euronext - Euronext Paris","CAD","0.62","EUR"
"VIV","VIVENDI","Communication","Equity","40,760.95","0.01","40,760.95","16,551.00","2.46","France","Nyse Euronext - Euronext Paris","CAD","0.62","EUR"
"TRN","TRAINLINE PLC","Consumer Discretionary","Equity","40,540.83","0.01","40,540.83","10,610.00","3.82","United Kingdom","London Stock Exchange","CAD","0.54","GBP"
"BFSA","BEFESA SA","Industrials","Equity","40,423.93","0.01","40,423.93","721.00","56.07","Germany","Xetra","CAD","0.62","EUR"
"SUPR","SUPERMARKET INCOME REIT PLC","Real Estate","Equity","40,361.62","0.01","40,361.62","25,426.00","1.59","United Kingdom","London Stock Exchange","CAD","0.54","GBP"
"SFL","SAFILO GROUP","Consumer Discretionary","Equity","40,316.71","0.01","40,316.71","14,390.00","2.80","Italy","Borsa Italiana","CAD","0.62","EUR"
"NCAB","NCAB GROUP","Information Technology","Equity","40,147.45","0.01","40,147.45","3,403.00","11.80","Sweden","Nasdaq Omx Nordic","CAD","7.02","SEK"
"HIAG","HIAG IMMOBILIEN HOLDING AG","Real Estate","Equity","39,989.08","0.01","39,989.08","184.00","217.33","Switzerland","SIX Swiss Exchange","CAD","0.59","CHF"
"ELM","ELEMENTIS PLC","Materials","Equity","39,872.17","0.01","39,872.17","12,384.00","3.22","United Kingdom","London Stock Exchange","CAD","0.54","GBP"
"DBG","DERICHEBOURG SA","Industrials","Equity","39,922.16","0.01","39,922.16","2,752.00","14.51","France","Nyse Euronext - Euronext Paris","CAD","0.62","EUR"
"LOGI B","LOGISTEA CLASS B","Real Estate","Equity","39,789.04","0.01","39,789.04","21,481.00","1.85","Sweden","Nasdaq Omx Nordic","CAD","7.02","SEK"
"BREE","BREEDON GROUP PLC","Materials","Equity","39,670.80","0.01","39,670.80","6,735.00","5.89","United Kingdom","London Stock Exchange","CAD","0.54","GBP"
"MPCC","MPC CONTAINER SHIPS","Industrials","Equity","39,506.59","0.01","39,506.59","9,313.00","4.24","Norway","Oslo Bors Asa","CAD","6.73","NOK"
"AVIO","AVIO","Industrials","Equity","39,328.63","0.01","39,328.63","853.00","46.11","Italy","Borsa Italiana","CAD","0.62","EUR"
"AUB","AUBAY SA","Information Technology","Equity","39,005.88","0.01","39,005.88","492.00","79.28","France","Nyse Euronext - Euronext Paris","CAD","0.62","EUR"
"ASKER","ASKER HEALTHCARE GROUP","Health Care","Equity","38,103.03","0.01","38,103.03","4,457.00","8.55","Sweden","Nasdaq Omx Nordic","CAD","7.02","SEK"
"DOM","DOMINOS PIZZA GROUP PLC","Consumer Discretionary","Equity","38,120.24","0.01","38,120.24","9,804.00","3.89","United Kingdom","London Stock Exchange","CAD","0.54","GBP"
"EUZ","ECKERT & ZIEGLER","Health Care","Equity","37,958.71","0.01","37,958.71","1,932.00","19.65","Germany","Xetra","CAD","0.62","EUR"
"ALM","ALMIRALL","Health Care","Equity","37,889.05","0.01","37,889.05","2,225.00","17.03","Spain","Bolsa De Madrid","CAD","0.62","EUR"
"GDWN","GOODWIN PLC","Industrials","Equity","37,736.41","0.01","37,736.41","146.00","258.47","United Kingdom","London Stock Exchange","CAD","0.54","GBP"
"MILDEF","MILDEF GROUP","Industrials","Equity","37,739.98","0.01","37,739.98","1,130.00","33.40","Sweden","Nasdaq Omx Nordic","CAD","7.02","SEK"
"CDA","COMPAGNIE DES ALPES SA","Consumer Discretionary","Equity","37,509.41","0.01","37,509.41","1,238.00","30.30","France","Nyse Euronext - Euronext Paris","CAD","0.62","EUR"
"LSG","LEROY SEAFOOD GROUP","Consumer Staples","Equity","37,483.15","0.01","37,483.15","5,901.00","6.35","Norway","Oslo Bors Asa","CAD","6.73","NOK"
"LIAB","LINDAB INTERNATIONAL","Industrials","Equity","37,360.46","0.01","37,360.46","2,118.00","17.64","Sweden","Nasdaq Omx Nordic","CAD","7.02","SEK"
"VIT B","VITEC SOFTWARE GROUP CLASS B","Information Technology","Equity","37,361.92","0.01","37,361.92","991.00","37.70","Sweden","Nasdaq Omx Nordic","CAD","7.02","SEK"
"MERY","MERCIALYS REIT SA","Real Estate","Equity","36,940.26","0.01","36,940.26","2,145.00","17.22","France","Nyse Euronext - Euronext Paris","CAD","0.62","EUR"
"FUR","FUGRO CLASS C","Industrials","Equity","36,867.68","0.01","36,867.68","2,828.00","13.04","Netherlands","Euronext Amsterdam","CAD","0.62","EUR"
"RBT","ROBERTET SA","Materials","Equity","36,868.93","0.01","36,868.93","30.00","1,228.96","France","Nyse Euronext - Euronext Paris","CAD","0.62","EUR"
"AFRY","AFRY CLASS B","Industrials","Equity","36,711.42","0.01","36,711.42","2,487.00","14.76","Sweden","Nasdaq Omx Nordic","CAD","7.02","SEK"
"VIRI","VIRIDIEN SA","Energy","Equity","36,622.17","0.01","36,622.17","242.00","151.33","France","Nyse Euronext - Euronext Paris","CAD","0.62","EUR"
"DRW3","DRAEGERWERK PREF AG","Health Care","Equity","36,579.76","0.01","36,579.76","198.00","184.74","Germany","Xetra","CAD","0.62","EUR"
"INWI","INWIDO","Industrials","Equity","36,478.29","0.01","36,478.29","1,399.00","26.07","Sweden","Nasdaq Omx Nordic","CAD","7.02","SEK"
"OERL","OC OERLIKON CORPORATION","Industrials","Equity","36,332.06","0.01","36,332.06","3,948.00","9.20","Switzerland","SIX Swiss Exchange","CAD","0.59","CHF"
"KSB3","KSB PREF","Industrials","Equity","36,088.18","0.01","36,088.18","27.00","1,336.59","Germany","Xetra","CAD","0.62","EUR"
"INTEA B","INTEA FASTIGHETER CLASS B","Real Estate","Equity","36,094.12","0.01","36,094.12","3,538.00","10.20","Sweden","Nasdaq Omx Nordic","CAD","7.02","SEK"
"DAE","DAETWYLER HOLDING INC","Industrials","Equity","35,925.65","0.01","35,925.65","169.00","212.58","Switzerland","SIX Swiss Exchange","CAD","0.59","CHF"
"AKSO","AKER SOLUTIONS","Energy","Equity","35,836.90","0.01","35,836.90","5,679.00","6.31","Norway","Oslo Bors Asa","CAD","6.73","NOK"
"SFQ","SAF-HOLLAND","Consumer Discretionary","Equity","35,762.06","0.01","35,762.06","985.00","36.31","Germany","Xetra","CAD","0.62","EUR"
"BAR","BARCO NV","Information Technology","Equity","35,426.45","0.01","35,426.45","2,978.00","11.90","Belgium","Nyse Euronext - Euronext Brussels","CAD","0.62","EUR"
"AVON","AVON TECHNOLOGIES PLC","Industrials","Equity","35,346.40","0.01","35,346.40","1,084.00","32.61","United Kingdom","London Stock Exchange","CAD","0.54","GBP"
"PPH","PPH HOTEL GROUP","Consumer Discretionary","Equity","35,227.92","0.01","35,227.92","1,241.00","28.39","United Kingdom","London Stock Exchange","CAD","0.54","GBP"
"ONT","OXFORD NANOPORE TECHNOLOGIES PLC","Health Care","Equity","35,164.04","0.01","35,164.04","11,024.00","3.19","United Kingdom","London Stock Exchange","CAD","0.54","GBP"
"VOS","VOSSLOH AG","Industrials","Equity","35,173.36","0.01","35,173.36","397.00","88.60","Germany","Xetra","CAD","0.62","EUR"
"LKFT","LAKEFRONT BIOTHER NV","Health Care","Equity","35,177.81","0.01","35,177.81","878.00","40.07","Belgium","Euronext Amsterdam","CAD","0.62","EUR"
"CFT","COMPAGNIE FINANCIERE TRADITION SA","Financials","Equity","35,001.48","0.01","35,001.48","81.00","432.12","Switzerland","SIX Swiss Exchange","CAD","0.59","CHF"
"DOM","DOMETIC GROUPINARY SHARES","Consumer Discretionary","Equity","34,861.40","0.01","34,861.40","11,051.00","3.15","Sweden","Nasdaq Omx Nordic","CAD","7.02","SEK"
"PAGE","MICHAEL PAGE PLC","Industrials","Equity","34,830.55","0.01","34,830.55","8,814.00","3.95","United Kingdom","London Stock Exchange","CAD","0.54","GBP"
"SHAW","SHAWBROOK GROUP PLC","Financials","Equity","34,843.95","0.01","34,843.95","5,980.00","5.83","United Kingdom","London Stock Exchange","CAD","0.54","GBP"
"CEM","CEMENTIR HOLDING NV","Materials","Equity","34,548.60","0.00","34,548.60","1,555.00","22.22","Italy","Borsa Italiana","CAD","0.62","EUR"
"JST","JOST WERKE","Industrials","Equity","34,562.01","0.00","34,562.01","347.00","99.60","Germany","Xetra","CAD","0.62","EUR"
"BILI A","BILIA CLASS A","Consumer Discretionary","Equity","34,445.41","0.00","34,445.41","1,578.00","21.83","Sweden","Nasdaq Omx Nordic","CAD","7.02","SEK"
"CVSG","CVS GROUP PLC","Health Care","Equity","34,484.60","0.00","34,484.60","1,401.00","24.61","United Kingdom","London Stock Exchange","CAD","0.54","GBP"
"NORBT","NORBIT","Information Technology","Equity","34,382.54","0.00","34,382.54","1,425.00","24.13","Norway","Oslo Bors Asa","CAD","6.73","NOK"
"SIVE","SIVERS SEMICONDUCTORS","Information Technology","Equity","34,346.90","0.00","34,346.90","8,046.00","4.27","Sweden","Nasdaq Omx Nordic","CAD","7.02","SEK"
"PPGN","POLYPEPTIDE N AG","Health Care","Equity","34,255.08","0.00","34,255.08","458.00","74.79","Switzerland","SIX Swiss Exchange","CAD","0.59","CHF"
"SKAN","SKAN N AG","Health Care","Equity","33,959.31","0.00","33,959.31","313.00","108.50","Switzerland","SIX Swiss Exchange","CAD","0.59","CHF"
"DNORD","DAMPSKIBSSELSKABET NORDEN","Industrials","Equity","33,904.53","0.00","33,904.53","399.00","84.97","Denmark","Omx Nordic Exchange Copenhagen A/S","CAD","4.65","DKK"
"OXB","OXFORD BIOMEDICA PLC","Health Care","Equity","33,865.50","0.00","33,865.50","3,955.00","8.56","United Kingdom","London Stock Exchange","CAD","0.54","GBP"
"CLARI","CLARIANE","Health Care","Equity","33,870.14","0.00","33,870.14","5,292.00","6.40","France","Nyse Euronext - Euronext Paris","CAD","0.62","EUR"
"SIX3","SIXT PREF","Industrials","Equity","33,492.89","0.00","33,492.89","369.00","90.77","Germany","Xetra","CAD","0.62","EUR"
"SYNSAM","SYNSAM","Consumer Discretionary","Equity","33,357.75","0.00","33,357.75","4,376.00","7.62","Sweden","Nasdaq Omx Nordic","CAD","7.02","SEK"
"ZEHN","ZEHNDER GROUP AG","Industrials","Equity","33,058.23","0.00","33,058.23","275.00","120.21","Switzerland","SIX Swiss Exchange","CAD","0.59","CHF"
"DESN","DOTTIKON ES HOLDING AG","Health Care","Equity","33,107.47","0.00","33,107.47","74.00","447.40","Switzerland","SIX Swiss Exchange","CAD","0.59","CHF"
"MCAP","MEDCAP","Health Care","Equity","32,774.14","0.00","32,774.14","434.00","75.52","Sweden","Nasdaq Omx Nordic","CAD","7.02","SEK"
"JDW","WETHERSPOON(J.D.) PLC","Consumer Discretionary","Equity","32,828.36","0.00","32,828.36","2,185.00","15.02","United Kingdom","London Stock Exchange","CAD","0.54","GBP"
"CWR","CERES POWER HOLDINGS PLC","Industrials","Equity","32,730.46","0.00","32,730.46","4,531.00","7.22","United Kingdom","London Stock Exchange","CAD","0.54","GBP"
"CBG","CLOSE BROS GROUP PLC","Financials","Equity","32,530.20","0.00","32,530.20","4,392.00","7.41","United Kingdom","London Stock Exchange","CAD","0.54","GBP"
"POST","OSTERREICHISCHE POST AG","Industrials","Equity","32,335.42","0.00","32,335.42","640.00","50.52","Austria","Wiener Boerse Ag","CAD","0.62","EUR"
"SENS","SENSIRION HOLDING AG","Information Technology","Equity","32,161.73","0.00","32,161.73","246.00","130.74","Switzerland","SIX Swiss Exchange","CAD","0.59","CHF"
"PLSV","PARATUS ENERGY SER LTD","Energy","Equity","32,186.91","0.00","32,186.91","4,406.00","7.31","Norway","Oslo Bors Asa","CAD","6.73","NOK"
"BSLN","BASILEA PHARMACEUTICA","Health Care","Equity","32,100.61","0.00","32,100.61","274.00","117.16","Switzerland","SIX Swiss Exchange","CAD","0.59","CHF"
"ELK","ELKEM","Materials","Equity","32,121.55","0.00","32,121.55","6,125.00","5.24","Norway","Oslo Bors Asa","CAD","6.73","NOK"
"FLOW","FLOW TRADERS","Financials","Equity","32,051.49","0.00","32,051.49","709.00","45.21","Netherlands","Euronext Amsterdam","CAD","0.62","EUR"
"PHM","PHARMA MAR SA","Health Care","Equity","31,928.98","0.00","31,928.98","265.00","120.49","Spain","Bolsa De Madrid","CAD","0.62","EUR"
"SZU","SUEDZUCKER AG","Consumer Staples","Equity","31,951.63","0.00","31,951.63","1,617.00","19.76","Germany","Xetra","CAD","0.62","EUR"
"YNGA","YOUNG AND COS BREWERY PLC","Consumer Discretionary","Equity","31,886.73","0.00","31,886.73","2,023.00","15.76","United Kingdom","London Stock Exchange","CAD","0.54","GBP"
"THRL","TARGET HEALTHCARE REIT PLC","Real Estate","Equity","31,728.02","0.00","31,728.02","15,278.00","2.08","United Kingdom","London Stock Exchange","CAD","0.54","GBP"
"CTT","CTT CORREIOS DE PORTUGAL","Industrials","Equity","31,546.99","0.00","31,546.99","3,054.00","10.33","Portugal","Nyse Euronext - Euronext Lisbon","CAD","0.62","EUR"
"ACAD","ACADEMEDIA","Consumer Discretionary","Equity","31,384.75","0.00","31,384.75","2,168.00","14.48","Sweden","Nasdaq Omx Nordic","CAD","7.02","SEK"
"TPE","PVA TEPLA AG","Information Technology","Equity","31,300.20","0.00","31,300.20","670.00","46.72","Germany","Xetra","CAD","0.62","EUR"
"DYVOX","DYNAVOX GROUP","Information Technology","Equity","31,311.18","0.00","31,311.18","3,050.00","10.27","Sweden","Nasdaq Omx Nordic","CAD","7.02","SEK"
"HBH","HORNBACH HOLDING AG","Consumer Discretionary","Equity","31,120.91","0.00","31,120.91","232.00","134.14","Germany","Xetra","CAD","0.62","EUR"
"VSVS","VESUVIUS","Industrials","Equity","31,131.57","0.00","31,131.57","4,520.00","6.89","United Kingdom","London Stock Exchange","CAD","0.54","GBP"
"WBD","WEBUILD","Industrials","Equity","30,951.47","0.00","30,951.47","9,775.00","3.17","Italy","Borsa Italiana","CAD","0.62","EUR"
"SVOL B","SVOLDER CLASS B","Financials","Equity","31,011.63","0.00","31,011.63","3,711.00","8.36","Sweden","Nasdaq Omx Nordic","CAD","7.02","SEK"
"NOLA B","NOLATO CLASS B","Industrials","Equity","30,914.14","0.00","30,914.14","4,117.00","7.51","Sweden","Nasdaq Omx Nordic","CAD","7.02","SEK"
"CMHC","COSMO N NV","Health Care","Equity","30,925.49","0.00","30,925.49","327.00","94.57","Switzerland","SIX Swiss Exchange","CAD","0.59","CHF"
"PROX","PROXIMUS NV","Communication","Equity","30,419.52","0.00","30,419.52","2,869.00","10.60","Belgium","Nyse Euronext - Euronext Brussels","CAD","0.62","EUR"
"EMEIS","EMEIS SA","Health Care","Equity","30,421.21","0.00","30,421.21","1,521.00","20.00","France","Nyse Euronext - Euronext Paris","CAD","0.62","EUR"
"XIOR","XIOR STUDENT HOUSING NV","Real Estate","Equity","30,339.76","0.00","30,339.76","745.00","40.72","Belgium","Nyse Euronext - Euronext Brussels","CAD","0.62","EUR"
"NORCO","NORCONSULT","Industrials","Equity","30,053.96","0.00","30,053.96","5,237.00","5.74","Norway","Oslo Bors Asa","CAD","6.73","NOK"
"MGAM","MORGAN ADVANCED MATERIALS PLC","Industrials","Equity","30,025.68","0.00","30,025.68","6,496.00","4.62","United Kingdom","London Stock Exchange","CAD","0.54","GBP"
"AERO","MONTANA N AG","Industrials","Equity","29,966.34","0.00","29,966.34","740.00","40.50","Switzerland","SIX Swiss Exchange","CAD","0.59","CHF"
"CRE","CONDUIT HOLDINGS LTD","Financials","Equity","29,855.05","0.00","29,855.05","3,327.00","8.97","United Kingdom","London Stock Exchange","CAD","0.54","GBP"
"ISN","INTERSHOP HOLDING N AG","Real Estate","Equity","29,883.14","0.00","29,883.14","110.00","271.67","Switzerland","SIX Swiss Exchange","CAD","0.59","CHF"
"CHRT","COHORT PLC","Industrials","Equity","29,365.76","0.00","29,365.76","1,306.00","22.49","United Kingdom","London Stock Exchange","CAD","0.54","GBP"
"RUSTA","RUSTA","Consumer Discretionary","Equity","29,377.89","0.00","29,377.89","2,640.00","11.13","Sweden","Nasdaq Omx Nordic","CAD","7.02","SEK"
"CICN","CICOR TECHNOLOGIES B LTD","Information Technology","Equity","29,225.71","0.00","29,225.71","132.00","221.41","Switzerland","SIX Swiss Exchange","CAD","0.59","CHF"
"AMG","AMG CRITICAL MATERIALS NV","Materials","Equity","29,271.52","0.00","29,271.52","624.00","46.91","Netherlands","Euronext Amsterdam","CAD","0.62","EUR"
"WHA","WERELDHAVE NV","Real Estate","Equity","29,075.37","0.00","29,075.37","989.00","29.40","Netherlands","Euronext Amsterdam","CAD","0.62","EUR"
"NORION","NORION BANK","Financials","Equity","29,121.21","0.00","29,121.21","2,975.00","9.79","Sweden","Nasdaq Omx Nordic","CAD","7.02","SEK"
"DUE","DUERR AG","Industrials","Equity","28,986.21","0.00","28,986.21","1,074.00","26.99","Germany","Xetra","CAD","0.62","EUR"
"ITM","ITM POWER PLC","Industrials","Equity","28,544.69","0.00","28,544.69","14,782.00","1.93","United Kingdom","London Stock Exchange","CAD","0.54","GBP"
"YACHT","FERRETTI","Consumer Discretionary","Equity","28,392.84","0.00","28,392.84","6,197.00","4.58","Italy","Borsa Italiana","CAD","0.62","EUR"
"A3M","ATRESMEDIA CORPORACION DE MEDIOS D","Communication","Equity","28,393.66","0.00","28,393.66","3,243.00","8.76","Spain","Bolsa De Madrid","CAD","0.62","EUR"
"TIP","TAMBURI INVESTMENT PARTNERS","Financials","Equity","27,943.07","0.00","27,943.07","1,997.00","13.99","Italy","Borsa Italiana","CAD","0.62","EUR"
"WAC","WACKER NEUSON N","Industrials","Equity","27,825.12","0.00","27,825.12","697.00","39.92","Germany","Xetra","CAD","0.62","EUR"
"PAL","PALFINGER AG","Industrials","Equity","27,883.03","0.00","27,883.03","570.00","48.92","Austria","Wiener Boerse Ag","CAD","0.62","EUR"
"TXGN","TX GROUP AG LTD","Communication","Equity","27,811.70","0.00","27,811.70","100.00","278.12","Switzerland","SIX Swiss Exchange","CAD","0.59","CHF"
"TRST","TRUSTPILOT GROUP PLC","Communication","Equity","27,471.40","0.00","27,471.40","6,785.00","4.05","United Kingdom","London Stock Exchange","CAD","0.54","GBP"
"HBX","HBX GROUP INTERNATIONAL PLC","Consumer Discretionary","Equity","27,375.26","0.00","27,375.26","2,395.00","11.43","Spain","Bolsa De Madrid","CAD","0.62","EUR"
"ELO","ELOPAK","Materials","Equity","27,320.72","0.00","27,320.72","5,055.00","5.40","Norway","Oslo Bors Asa","CAD","6.73","NOK"
"DSCV","DISCOVERIE GROUP","Industrials","Equity","27,036.11","0.00","27,036.11","1,856.00","14.57","United Kingdom","London Stock Exchange","CAD","0.54","GBP"
"1SXP","SCHOTT PHARMA AG","Health Care","Equity","26,834.80","0.00","26,834.80","720.00","37.27","Germany","Xetra","CAD","0.62","EUR"
"NTG","NTG NORDIC TRANSPORT GROUP","Industrials","Equity","26,837.44","0.00","26,837.44","446.00","60.17","Denmark","Omx Nordic Exchange Copenhagen A/S","CAD","4.65","DKK"
"DFDS","DFDS","Industrials","Equity","26,742.36","0.00","26,742.36","756.00","35.37","Denmark","Omx Nordic Exchange Copenhagen A/S","CAD","4.65","DKK"
"SMWH","WH SMITH PLC","Consumer Discretionary","Equity","26,572.30","0.00","26,572.30","3,715.00","7.15","United Kingdom","London Stock Exchange","CAD","0.54","GBP"
"AUSS","AUSTEVOLL SEAFOOD","Consumer Staples","Equity","26,398.17","0.00","26,398.17","2,109.00","12.52","Norway","Oslo Bors Asa","CAD","6.73","NOK"
"RECT","RECTICEL SA","Industrials","Equity","26,191.69","0.00","26,191.69","1,258.00","20.82","Belgium","Nyse Euronext - Euronext Brussels","CAD","0.62","EUR"
"PSM","PROSIEBEN SAT.1 MEDIA N","Communication","Equity","26,202.52","0.00","26,202.52","4,758.00","5.51","Germany","Xetra","CAD","0.62","EUR"
"SQZ","SERICA ENERGY PLC","Energy","Equity","26,096.13","0.00","26,096.13","5,111.00","5.11","United Kingdom","London Stock Exchange","CAD","0.54","GBP"
"NOK","NOK CASH","Cash and/or Derivatives","Cash","26,035.45","0.00","26,035.45","175,346.00","14.85","Norway","-","CAD","6.73","NOK"
"RNWH","RENEW HOLDINGS PLC","Industrials","Equity","25,937.32","0.00","25,937.32","1,557.00","16.66","United Kingdom","London Stock Exchange","CAD","0.54","GBP"
"SPI","SPIRE HEALTHCARE GROUP PLCINARY","Health Care","Equity","25,592.51","0.00","25,592.51","5,582.00","4.58","United Kingdom","London Stock Exchange","CAD","0.54","GBP"
"IPO","IP GROUP PLC","Financials","Equity","25,501.17","0.00","25,501.17","19,507.00","1.31","United Kingdom","London Stock Exchange","CAD","0.54","GBP"
"JM","JM","Consumer Discretionary","Equity","25,372.33","0.00","25,372.33","1,428.00","17.77","Sweden","Nasdaq Omx Nordic","CAD","7.02","SEK"
"PSNY","POLESTAR AUTOMOTIVE HOLDING AMERIC","Consumer Discretionary","Equity","25,297.83","0.00","25,297.83","2,278.00","11.11","Sweden","NASDAQ","CAD","0.71","USD"
"JUP","JUPITER FUND MANAGEMENT PLC","Financials","Equity","25,160.22","0.00","25,160.22","8,245.00","3.05","United Kingdom","London Stock Exchange","CAD","0.54","GBP"
"LDA","LINEA DIRECTA ASEGURADORA SA","Financials","Equity","25,066.73","0.00","25,066.73","11,490.00","2.18","Spain","Bolsa De Madrid","CAD","0.62","EUR"
"MAB","MITCHELLS AND BUTLERS PLC","Consumer Discretionary","Equity","24,909.26","0.00","24,909.26","4,859.00","5.13","United Kingdom","London Stock Exchange","CAD","0.54","GBP"
"MRN","MERSEN SA","Industrials","Equity","24,833.50","0.00","24,833.50","412.00","60.28","France","Nyse Euronext - Euronext Paris","CAD","0.62","EUR"
"ALTR","ALTRI SGPS","Materials","Equity","24,859.42","0.00","24,859.42","3,275.00","7.59","Portugal","Nyse Euronext - Euronext Lisbon","CAD","0.62","EUR"
"IVSO","INVISIO","Industrials","Equity","24,799.03","0.00","24,799.03","735.00","33.74","Sweden","Nasdaq Omx Nordic","CAD","7.02","SEK"
"NK","IMERYS SA","Materials","Equity","24,732.23","0.00","24,732.23","680.00","36.37","France","Nyse Euronext - Euronext Paris","CAD","0.62","EUR"
"HARVIA","HARVIA","Consumer Discretionary","Equity","24,653.03","0.00","24,653.03","354.00","69.64","Finland","Nasdaq Omx Helsinki Ltd.","CAD","0.62","EUR"
"S92","SMA SOLAR TECHNOLOGY AG","Industrials","Equity","24,325.46","0.00","24,325.46","268.00","90.77","Germany","Xetra","CAD","0.62","EUR"
"NEWA B","NEW WAVE GROUP CLASS B","Consumer Discretionary","Equity","24,222.59","0.00","24,222.59","1,861.00","13.02","Sweden","Nasdaq Omx Nordic","CAD","7.02","SEK"
"ENTRA","ENTRA","Real Estate","Equity","24,188.50","0.00","24,188.50","1,594.00","15.17","Norway","Oslo Bors Asa","CAD","6.73","NOK"
"RWAY","RAI WAY SPA","Communication","Equity","24,004.20","0.00","24,004.20","3,339.00","7.19","Italy","Borsa Italiana","CAD","0.62","EUR"
"POLR","POLAR CAPITAL HOLDINGS PLC","Financials","Equity","24,032.76","0.00","24,032.76","1,543.00","15.58","United Kingdom","London Stock Exchange","CAD","0.54","GBP"
"HFG","HELLOFRESH","Consumer Staples","Equity","23,940.72","0.00","23,940.72","5,493.00","4.36","Germany","Xetra","CAD","0.62","EUR"
"TEP","TELECOM PLUS PLC","Utilities","Equity","23,791.12","0.00","23,791.12","1,533.00","15.52","United Kingdom","London Stock Exchange","CAD","0.54","GBP"
"NP3","NP3 FASTIGHETER","Real Estate","Equity","23,722.99","0.00","23,722.99","688.00","34.48","Sweden","Nasdaq Omx Nordic","CAD","7.02","SEK"
"SES","SESA","Information Technology","Equity","23,759.98","0.00","23,759.98","150.00","158.40","Italy","Borsa Italiana","CAD","0.62","EUR"
"KEMPOWR","KEMPOWER","Industrials","Equity","23,649.61","0.00","23,649.61","1,487.00","15.90","Finland","Nasdaq Omx Helsinki Ltd.","CAD","0.62","EUR"
"HEM","HEMNET GROUP","Communication","Equity","23,478.33","0.00","23,478.33","2,171.00","10.81","Sweden","Nasdaq Omx Nordic","CAD","7.02","SEK"
"SKIS B","SKISTAR CLASS B","Consumer Discretionary","Equity","23,379.51","0.00","23,379.51","1,011.00","23.13","Sweden","Nasdaq Omx Nordic","CAD","7.02","SEK"
"XPS","XPS PENSIONS GROUP PLC","Financials","Equity","23,180.60","0.00","23,180.60","4,083.00","5.68","United Kingdom","London Stock Exchange","CAD","0.54","GBP"
"RSGN","R&S GROUP HOLDING AG","Industrials","Equity","23,015.73","0.00","23,015.73","784.00","29.36","Switzerland","SIX Swiss Exchange","CAD","0.59","CHF"
"INSTAL","INSTALCO","Industrials","Equity","22,981.01","0.00","22,981.01","4,075.00","5.64","Sweden","Nasdaq Omx Nordic","CAD","7.02","SEK"
"TESB","TESSENDERLO GROUP NV","Materials","Equity","22,805.72","0.00","22,805.72","676.00","33.74","Belgium","Nyse Euronext - Euronext Brussels","CAD","0.62","EUR"
"CRED A","CREADES CLASS A","Financials","Equity","22,740.96","0.00","22,740.96","1,732.00","13.13","Sweden","Nasdaq Omx Nordic","CAD","7.02","SEK"
"KURN","KUROS BIOSCIENCES AG","Health Care","Equity","22,542.71","0.00","22,542.71","767.00","29.39","Switzerland","SIX Swiss Exchange","CAD","0.59","CHF"
"GEST","GESTAMP AUTOMOCION SA","Consumer Discretionary","Equity","21,833.48","0.00","21,833.48","4,456.00","4.90","Spain","Bolsa De Madrid","CAD","0.62","EUR"
"GFT","GFT TECHNOLOGIES","Information Technology","Equity","21,739.66","0.00","21,739.66","504.00","43.13","Germany","Xetra","CAD","0.62","EUR"
"HFG","HILTON FOOD GROUP PLC","Consumer Staples","Equity","21,650.10","0.00","21,650.10","1,685.00","12.85","United Kingdom","London Stock Exchange","CAD","0.54","GBP"
"SL","SANLORENZO","Consumer Discretionary","Equity","21,552.21","0.00","21,552.21","362.00","59.54","Italy","Borsa Italiana","CAD","0.62","EUR"
"QTCOM","QT GROUP","Information Technology","Equity","21,615.06","0.00","21,615.06","406.00","53.24","Finland","Nasdaq Omx Helsinki Ltd.","CAD","0.62","EUR"
"WAVE","WAVESTONE SA","Information Technology","Equity","21,531.46","0.00","21,531.46","459.00","46.91","France","Nyse Euronext - Euronext Paris","CAD","0.62","EUR"
"OPM","OPMOBILITY","Consumer Discretionary","Equity","21,423.63","0.00","21,423.63","1,072.00","19.98","France","Nyse Euronext - Euronext Paris","CAD","0.62","EUR"
"HOME","NEINOR HOMES SA","Consumer Discretionary","Equity","21,383.98","0.00","21,383.98","850.00","25.16","Spain","Bolsa De Madrid","CAD","0.62","EUR"
"STO3","STO PREF","Materials","Equity","21,218.51","0.00","21,218.51","130.00","163.22","Germany","Xetra","CAD","0.62","EUR"
"AMS","ADVANCED MEDICAL SOLUTIONS GROUP P","Health Care","Equity","21,265.16","0.00","21,265.16","4,045.00","5.26","United Kingdom","London Stock Exchange","CAD","0.54","GBP"
"RAY B","RAYSEARCH LABORATORIES CLASS B","Health Care","Equity","21,149.80","0.00","21,149.80","841.00","25.15","Sweden","Nasdaq Omx Nordic","CAD","7.02","SEK"
"ICOS","INTERCOS","Consumer Staples","Equity","21,118.27","0.00","21,118.27","1,027.00","20.56","Italy","Borsa Italiana","CAD","0.62","EUR"
"NVG","THE NAVIGATOR COMPANY SA","Materials","Equity","21,120.35","0.00","21,120.35","4,018.00","5.26","Portugal","Nyse Euronext - Euronext Lisbon","CAD","0.62","EUR"
"HTG","HUNTING PLC","Energy","Equity","21,019.40","0.00","21,019.40","2,853.00","7.37","United Kingdom","London Stock Exchange","CAD","0.54","GBP"
"NAS","NORWEGIAN AIR SHUTTLE","Industrials","Equity","20,943.38","0.00","20,943.38","11,505.00","1.82","Norway","Oslo Bors Asa","CAD","6.73","NOK"
"KIN","KINEPOLIS NV","Communication","Equity","20,859.86","0.00","20,859.86","261.00","79.92","Belgium","Nyse Euronext - Euronext Brussels","CAD","0.62","EUR"
"VIMIAN","VIMIAN GROUP","Health Care","Equity","20,800.23","0.00","20,800.23","4,118.00","5.05","Sweden","Nasdaq Omx Nordic","CAD","7.02","SEK"
"ALFA","ALFA FINANCIAL SOFTWARE HOLDINGS P","Information Technology","Equity","20,737.56","0.00","20,737.56","6,897.00","3.01","United Kingdom","London Stock Exchange","CAD","0.54","GBP"
"JUVE","JUVENTUS FOOTBAL CLUB","Communication","Equity","20,679.05","0.00","20,679.05","6,642.00","3.11","Italy","Borsa Italiana","CAD","0.62","EUR"
"CIR","CIR SPA - COMPAGNIE INDUSTRIALI RI","Consumer Discretionary","Equity","20,496.92","0.00","20,496.92","16,463.00","1.25","Italy","Borsa Italiana","CAD","0.62","EUR"
"ARJO B","ARJO CLASS B","Health Care","Equity","20,375.18","0.00","20,375.18","5,053.00","4.03","Sweden","Nasdaq Omx Nordic","CAD","7.02","SEK"
"WLN","WORLDLINE SA","Financials","Equity","20,309.82","0.00","20,309.82","938.00","21.65","France","Nyse Euronext - Euronext Paris","CAD","0.62","EUR"
"ICAD","ICADE REIT SA","Real Estate","Equity","20,352.81","0.00","20,352.81","747.00","27.25","France","Nyse Euronext - Euronext Paris","CAD","0.62","EUR"
"VBK","VERBIO","Energy","Equity","20,090.18","0.00","20,090.18","413.00","48.64","Germany","Xetra","CAD","0.62","EUR"
"METSB","METSA BOARD CLASS B","Materials","Equity","20,125.85","0.00","20,125.85","3,689.00","5.46","Finland","Nasdaq Omx Helsinki Ltd.","CAD","0.62","EUR"
"KOF","KAUFMAN & BROAD SA","Consumer Discretionary","Equity","19,892.19","0.00","19,892.19","568.00","35.02","France","Nyse Euronext - Euronext Paris","CAD","0.62","EUR"
"YIT","YIT","Consumer Discretionary","Equity","19,934.20","0.00","19,934.20","3,223.00","6.18","Finland","Nasdaq Omx Helsinki Ltd.","CAD","0.62","EUR"
"DAN","DANIELI","Industrials","Equity","19,812.35","0.00","19,812.35","213.00","93.02","Italy","Borsa Italiana","CAD","0.62","EUR"
"MUX","MUTARES","Financials","Equity","19,669.05","0.00","19,669.05","470.00","41.85","Germany","Xetra","CAD","0.62","EUR"
"SDIP B","SDIPTECH CLASS B","Industrials","Equity","19,535.90","0.00","19,535.90","556.00","35.14","Sweden","Nasdaq Omx Nordic","CAD","7.02","SEK"
"MFEA","MFE-MEDIAFOREUROPE NV","Communication","Equity","19,212.81","0.00","19,212.81","5,025.00","3.82","Italy","Borsa Italiana","CAD","0.62","EUR"
"NA9","NAGARRO N","Information Technology","Equity","18,997.70","0.00","18,997.70","152.00","124.98","Germany","Xetra","CAD","0.62","EUR"
"PLNW","PLANISWARE SA","Information Technology","Equity","18,954.25","0.00","18,954.25","501.00","37.83","France","Nyse Euronext - Euronext Paris","CAD","0.62","EUR"
"VITR","VITROLIFE","Health Care","Equity","18,835.23","0.00","18,835.23","1,440.00","13.08","Sweden","Nasdaq Omx Nordic","CAD","7.02","SEK"
"ETL","EUTELSAT COMMUNICATIONS SA","Communication","Equity","18,720.97","0.00","18,720.97","6,449.00","2.90","France","Nyse Euronext - Euronext Paris","CAD","0.62","EUR"
"BOOZT","BOOZT","Consumer Discretionary","Equity","18,598.76","0.00","18,598.76","909.00","20.46","Sweden","Nasdaq Omx Nordic","CAD","7.02","SEK"
"BOWL","HOLLYWOOD BOWL GROUP PLC","Consumer Discretionary","Equity","18,493.34","0.00","18,493.34","4,001.00","4.62","United Kingdom","London Stock Exchange","CAD","0.54","GBP"
"GUBRA","GUBRA","Health Care","Equity","18,444.25","0.00","18,444.25","284.00","64.94","Denmark","Omx Nordic Exchange Copenhagen A/S","CAD","4.65","DKK"
"ENGCON B","ENGCON CLASS B","Industrials","Equity","18,268.50","0.00","18,268.50","1,721.00","10.62","Sweden","Nasdaq Omx Nordic","CAD","7.02","SEK"
"XVIVO","XVIVO PERFUSION","Health Care","Equity","17,489.18","0.00","17,489.18","501.00","34.91","Sweden","Nasdaq Omx Nordic","CAD","7.02","SEK"
"CWC","CEWE STIFTUNG","Industrials","Equity","17,382.22","0.00","17,382.22","100.00","173.82","Germany","Xetra","CAD","0.62","EUR"
"PHARM","PHARMING GROUP","Health Care","Equity","17,132.44","0.00","17,132.44","11,367.00","1.51","Netherlands","Euronext Amsterdam","CAD","0.62","EUR"
"SEK","SEK CASH","Cash and/or Derivatives","Cash","17,044.23","0.00","17,044.23","119,622.00","14.25","Sweden","-","CAD","7.02","SEK"
"VBG B","VBG GROUP CLASS B","Industrials","Equity","17,037.44","0.00","17,037.44","379.00","44.95","Sweden","Nasdaq Omx Nordic","CAD","7.02","SEK"
"FNAC","FNAC DARTY SA","Consumer Discretionary","Equity","16,904.28","0.00","16,904.28","305.00","55.42","France","Nyse Euronext - Euronext Paris","CAD","0.62","EUR"
"ATRLJ B","ATRIUM LJUNGBERG CLASS B","Real Estate","Equity","16,935.95","0.00","16,935.95","4,745.00","3.57","Sweden","Nasdaq Omx Nordic","CAD","7.02","SEK"
"PSG","PROSEGUR COMPANIA DE SEGURIDAD SA","Industrials","Equity","16,645.22","0.00","16,645.22","3,448.00","4.83","Spain","Bolsa De Madrid","CAD","0.62","EUR"
"DIOS","DIOS FASTIGHETER","Real Estate","Equity","16,588.54","0.00","16,588.54","1,848.00","8.98","Sweden","Nasdaq Omx Nordic","CAD","7.02","SEK"
"VH2","FRIEDRICH VORWERK GROUP","Energy","Equity","16,446.84","0.00","16,446.84","155.00","106.11","Germany","Xetra","CAD","0.62","EUR"
"STG","SCANDINAVIAN TOBACCO GROUP","Consumer Staples","Equity","16,243.01","0.00","16,243.01","1,020.00","15.92","Denmark","Omx Nordic Exchange Copenhagen A/S","CAD","4.65","DKK"
"CPI","CPI EUROPE AGE AG","Real Estate","Equity","16,169.70","0.00","16,169.70","657.00","24.61","Austria","Wiener Boerse Ag","CAD","0.62","EUR"
"XFAB","X-FAB SILICON FOUNDRIES","Information Technology","Equity","15,956.56","0.00","15,956.56","1,619.00","9.86","France","Nyse Euronext - Euronext Paris","CAD","0.62","EUR"
"AUTN","AUTONEUM HOLDING AG","Consumer Discretionary","Equity","15,841.46","0.00","15,841.46","75.00","211.22","Switzerland","SIX Swiss Exchange","CAD","0.59","CHF"
"SFER","SALVATORE FERRAGAMO","Consumer Discretionary","Equity","15,859.26","0.00","15,859.26","1,234.00","12.85","Italy","Borsa Italiana","CAD","0.62","EUR"
"CECV","CECONOMY V AG","Consumer Discretionary","Equity","15,836.64","0.00","15,836.64","2,336.00","6.78","Germany","Xetra","CAD","0.62","EUR"
"RPI","RASPBERRY PI HOLDINGS PLC","Information Technology","Equity","15,547.56","0.00","15,547.56","1,536.00","10.12","United Kingdom","London Stock Exchange","CAD","0.54","GBP"
"TROAX","TROAX GROUP","Industrials","Equity","15,357.74","0.00","15,357.74","699.00","21.97","Sweden","Nasdaq Omx Nordic","CAD","7.02","SEK"
"IRES","IRISH RESIDENTIAL PROPERTIES PLC","Real Estate","Equity","15,403.41","0.00","15,403.41","8,878.00","1.73","Ireland","Irish Stock Exchange - All Market","CAD","0.62","EUR"
"NOEJ","NORMA GROUP","Industrials","Equity","15,337.12","0.00","15,337.12","557.00","27.54","Germany","Xetra","CAD","0.62","EUR"
"UBI","UBISOFT ENTERTAINMENT SA CAT A","Communication","Equity","15,225.58","0.00","15,225.58","1,739.00","8.76","France","Nyse Euronext - Euronext Paris","CAD","0.62","EUR"
"MEGP","ME GROUP INTERNATIONAL PLC","Consumer Discretionary","Equity","14,976.36","0.00","14,976.36","6,541.00","2.29","United Kingdom","London Stock Exchange","CAD","0.54","GBP"
"PDX","PARADOX INTERACTIVE","Communication","Equity","14,796.95","0.00","14,796.95","670.00","22.08","Sweden","Nasdaq Omx Nordic","CAD","7.02","SEK"
"ENC","ENCE ENERGIA Y CELULOSA SA","Materials","Equity","14,818.66","0.00","14,818.66","3,765.00","3.94","Spain","Bolsa De Madrid","CAD","0.62","EUR"
"WKP","WORKSPACE GROUP REIT PLC","Real Estate","Equity","14,543.83","0.00","14,543.83","2,143.00","6.79","United Kingdom","London Stock Exchange","CAD","0.54","GBP"
"GBG","GB GROUP PLC","Information Technology","Equity","14,335.50","0.00","14,335.50","4,908.00","2.92","United Kingdom","London Stock Exchange","CAD","0.54","GBP"
"IF","BANCA IFIS","Financials","Equity","13,732.30","0.00","13,732.30","562.00","24.43","Italy","Borsa Italiana","CAD","0.62","EUR"
"COK","CANCOM","Information Technology","Equity","13,577.57","0.00","13,577.57","379.00","35.82","Germany","Xetra","CAD","0.62","EUR"
"COR","CORTICEIRA AMORIM SA","Materials","Equity","13,477.64","0.00","13,477.64","1,190.00","11.33","Portugal","Nyse Euronext - Euronext Lisbon","CAD","0.62","EUR"
"DOCS","DR. MARTENS","Consumer Discretionary","Equity","13,393.45","0.00","13,393.45","10,704.00","1.25","United Kingdom","London Stock Exchange","CAD","0.54","GBP"
"OCI","OCI","Materials","Equity","12,776.17","0.00","12,776.17","1,935.00","6.60","Netherlands","Euronext Amsterdam","CAD","0.62","EUR"
"PLAZ B","PLATZER FASTIGHETER HOLDING CLASS","Real Estate","Equity","12,661.49","0.00","12,661.49","1,286.00","9.85","Sweden","Nasdaq Omx Nordic","CAD","7.02","SEK"
"EVT","EVOTEC","Health Care","Equity","12,204.42","0.00","12,204.42","2,636.00","4.63","Germany","Xetra","CAD","0.62","EUR"
"TOM2","TOMTOM NV","Information Technology","Equity","12,065.89","0.00","12,065.89","1,916.00","6.30","Netherlands","Euronext Amsterdam","CAD","0.62","EUR"
"YSN","SECUNET SECURITY AG","Information Technology","Equity","12,066.34","0.00","12,066.34","37.00","326.11","Germany","Xetra","CAD","0.62","EUR"
"ARIS","ARISTON HOLDING","Industrials","Equity","11,767.42","0.00","11,767.42","1,984.00","5.93","Italy","Borsa Italiana","CAD","0.62","EUR"
"GLJ","GRENKE N AG","Financials","Equity","11,791.79","0.00","11,791.79","645.00","18.28","Germany","Xetra","CAD","0.62","EUR"
"ELIOR","ELIOR GROUP SA","Consumer Discretionary","Equity","11,674.84","0.00","11,674.84","3,789.00","3.08","France","Nyse Euronext - Euronext Paris","CAD","0.62","EUR"
"BETCO","BETTER COLLECTIVE","Consumer Discretionary","Equity","11,262.32","0.00","11,262.32","662.00","17.01","Sweden","Nasdaq Omx Nordic","CAD","7.02","SEK"
"PAT","PATRIZIA","Real Estate","Equity","10,985.01","0.00","10,985.01","991.00","11.08","Germany","Xetra","CAD","0.62","EUR"
"LNZ","LENZING AG","Materials","Equity","10,406.36","0.00","10,406.36","307.00","33.90","Austria","Wiener Boerse Ag","CAD","0.62","EUR"
"PIA","PIAGGIO & C","Consumer Discretionary","Equity","10,009.55","0.00","10,009.55","3,150.00","3.18","Italy","Borsa Italiana","CAD","0.62","EUR"
"GVS","GVS","Health Care","Equity","9,541.26","0.00","9,541.26","1,280.00","7.45","Italy","Borsa Italiana","CAD","0.62","EUR"
"ANTIN","ANTIN INFRASTRUCTURE PARTNERS","Financials","Equity","9,486.64","0.00","9,486.64","798.00","11.89","France","Nyse Euronext - Euronext Paris","CAD","0.62","EUR"
"AO.","AO WORLD","Consumer Discretionary","Equity","9,432.05","0.00","9,432.05","5,550.00","1.70","United Kingdom","London Stock Exchange","CAD","0.54","GBP"
"ZV","ZIGNAGO VETRO","Materials","Equity","9,176.83","0.00","9,176.83","859.00","10.68","Italy","Borsa Italiana","CAD","0.62","EUR"
"SLIGR","SLIGRO FOOD GROUP","Consumer Staples","Equity","9,194.26","0.00","9,194.26","560.00","16.42","Netherlands","Euronext Amsterdam","CAD","0.62","EUR"
"PEUG","PEUGEOT INVEST SA","Financials","Equity","9,127.59","0.00","9,127.59","107.00","85.30","France","Nyse Euronext - Euronext Paris","CAD","0.62","EUR"
"HYQ","HYPOPORT N","Financials","Equity","8,891.04","0.00","8,891.04","71.00","125.22","Germany","Xetra","CAD","0.62","EUR"
"DOU","DOUGLAS N AG","Consumer Discretionary","Equity","8,290.87","0.00","8,290.87","706.00","11.74","Germany","Xetra","CAD","0.62","EUR"
"EKT","ENERGIEKONTOR AG","Industrials","Equity","8,107.95","0.00","8,107.95","196.00","41.37","Germany","Xetra","CAD","0.62","EUR"
"PNE3","PNE AG","Industrials","Equity","7,733.64","0.00","7,733.64","664.00","11.65","Germany","Xetra","CAD","0.62","EUR"
"MFEB","MFE B NV","Communication","Equity","7,592.63","0.00","7,592.63","1,427.00","5.32","Italy","Borsa Italiana","CAD","0.62","EUR"
"SBB B","SAMHALLSBYGGNADSBOLAGET I NORDEN C","Real Estate","Equity","7,427.98","0.00","7,427.98","17,732.00","0.42","Sweden","Nasdaq Omx Nordic","CAD","7.02","SEK"
"ERA","ERAMET","Materials","Equity","6,189.23","0.00","6,189.23","88.00","70.33","France","Nyse Euronext - Euronext Paris","CAD","0.62","EUR"
"WUW","WUESTENROT & WUERTTEMBERGISCHE AG","Financials","Equity","5,931.80","0.00","5,931.80","255.00","23.26","Germany","Xetra","CAD","0.62","EUR"
"CMB","CEMBRE","Industrials","Equity","5,539.18","0.00","5,539.18","40.00","138.48","Italy","Borsa Italiana","CAD","0.62","EUR"
"BEN","BENETEAU SA","Consumer Discretionary","Equity","5,263.29","0.00","5,263.29","617.00","8.53","France","Nyse Euronext - Euronext Paris","CAD","0.62","EUR"
"TFI","TELEVISION FRANCAISE SA","Communication","Equity","5,135.66","0.00","5,135.66","484.00","10.61","France","Nyse Euronext - Euronext Paris","CAD","0.62","EUR"
"THG","THG PLC","Consumer Discretionary","Equity","5,109.47","0.00","5,109.47","10,539.00","0.48","United Kingdom","London Stock Exchange","CAD","0.54","GBP"
"MMT","METROPOLE TELEVISION SA","Communication","Equity","4,811.76","0.00","4,811.76","260.00","18.51","France","Nyse Euronext - Euronext Paris","CAD","0.62","EUR"
"ASC","ASCOPIAVE","Utilities","Equity","4,224.60","0.00","4,224.60","958.00","4.41","Italy","Borsa Italiana","CAD","0.62","EUR"
"DNR","INDUSTRIE DE NORA","Industrials","Equity","4,088.84","0.00","4,088.84","360.00","11.36","Italy","Borsa Italiana","CAD","0.62","EUR"
"-","NORMA GROUP ORD ACCEPTANCE LINE","Industrials","Equity","3,662.31","0.00","3,662.31","102.00","35.90","Germany","Xetra","CAD","0.62","EUR"
"CMCX","CMC MARKETS PLC","Financials","Equity","2,241.99","0.00","2,241.99","175.00","12.81","United Kingdom","London Stock Exchange","CAD","0.54","GBP"
"NOEA","NORMA GROUP RIGHTS","Industrials","Equity","310.36","0.00","310.36","328.00","0.95","Germany","Boerse Stuttgart","CAD","0.62","EUR"
"GOW","LETS GOWEX SA","Communication","Equity","0.00","0.00","0.00","49.00","0.00","Spain","Bolsa De Madrid","CAD","0.62","EUR"
"BES","BANCO ESPIRITO SANTO CLASS N SA","Financials","Equity","0.09","0.00","0.09","5,475.00","0.00","Portugal","Nyse Euronext - Euronext Lisbon","CAD","0.62","EUR"
"WBD","WEBUILD","Industrials","Equity","0.01","0.00","0.01","402.00","0.00","Italy","Borsa Italiana","CAD","0.62","EUR"
"SXOZ6","STOXX EUROPE 600 DEC 26","Cash and/or Derivatives","Futures","0.00","0.00","4,097,375.29","79.00","1,037.30","European Union","Eurex Deutschland","CAD","0.62","EUR"
"CAD","CAD CASH","Cash and/or Derivatives","Cash","-35,944.23","-0.01","-35,944.23","-35,944.00","100.00","Canada","-","CAD","1.00","CAD"
 