Fund Holdings as of,"Sep 17, 2026"
 
Ticker,Name,Sector,Asset Class,Market Value,Weight (%),Notional Value,Shares,Price,Location,Exchange,Currency,FX Rate,Market Currency
"XEF","ISHARES MSCI EAFE IMI INDEX","Other","Equity","19,994,938.00","64.80","19,994,938.00","383,780.00","52.10","Canada","Toronto Stock Exchange","CAD","1.00","CAD"
"XEC","ISHARES MSCI EMERGING MARKET","Financials","Equity","10,814,518.44","35.05","10,814,518.44","243,351.00","44.44","Canada","Toronto Stock Exchange","CAD","1.00","CAD"
"CAD","CAD CASH","Cash and/or Derivatives","Cash","49,289.47","0.16","49,289.47","49,289.00","100.00","Canada","-","CAD","1.00","CAD"
 
Fund Holdings as of,"Sep 17, 2026"
 
Ticker,Name,Sector,Asset Class,Market Value,Weight (%),Notional Value,Shares,Price,Location,Exchange,Currency,FX Rate,Market Currency
"2330","TAIWAN SEMICONDUCTOR MANUFACTURING","Information Technology","Equity","1,460,277.68","4.73","1,460,277.68","13,727.00","106.38","Taiwan","Taiwan Stock Exchange","CAD","-","TWD"
"005930","SAMSUNG ELECTRONICS LTD","Information Technology","Equity","666,086.89","2.16","666,086.89","2,606.00","255.61","Korea (South)","Korea Exchange (Stock Market)","CAD","-","KRW"
"000660","SK HYNIX","Information Technology","Equity","543,630.99","1.76","543,630.99","308.00","1,766.47","Korea (South)","Korea Exchange (Stock Market)","CAD","-","KRW"
"ASML","ASML HOLDING","Information Technology","Equity","492,356.38","1.60","492,356.38","216.00","2,277.98","Netherlands","Euronext Amsterdam","CAD","-","EUR"
"HSBA","HSBC HOLDINGS PLC","Financials","Equity","274,725.44","0.89","274,725.44","9,569.00","28.71","United Kingdom","London Stock Exchange","CAD","-","GBP"
"700","TENCENT HOLDINGS","Communication","Equity","259,691.11","0.84","259,691.11","3,420.00","75.94","China","Hong Kong Exchanges And Clearing Ltd","CAD","-","HKD"
"ROP","ROCHE PS PAR AG","Health Care","Equity","239,920.64","0.78","239,920.64","391.00","613.28","Switzerland","SIX Swiss Exchange","CAD","-","CHF"
"SHEL","SHELL PLC","Energy","Equity","215,045.28","0.70","215,045.28","3,225.00","66.69","United Kingdom","London Stock Exchange","CAD","-","GBP"
"NOVN","NOVARTIS AG","Health Care","Equity","200,878.69","0.65","200,878.69","1,020.00","196.99","Switzerland","SIX Swiss Exchange","CAD","-","CHF"
"AZN","ASTRAZENECA PLC","Health Care","Equity","195,442.10","0.63","195,442.10","842.00","232.10","United Kingdom","London Stock Exchange","CAD","-","GBP"
"8306","MITSUBISHI UFJ FINANCIAL GROUP","Financials","Equity","195,056.62","0.63","195,056.62","5,947.00","32.80","Japan","Tokyo Stock Exchange","CAD","-","JPY"
"NESN","NESTLE SA","Consumer Staples","Equity","190,808.91","0.62","190,808.91","1,435.00","133.00","Switzerland","SIX Swiss Exchange","CAD","-","CHF"
"9988","ALIBABA GROUP HOLDING","Consumer Discretionary","Equity","175,165.04","0.57","175,165.04","9,347.00","18.74","China","Hong Kong Exchanges And Clearing Ltd","CAD","-","HKD"
"SIE","SIEMENS N AG","Industrials","Equity","172,514.10","0.56","172,514.10","403.00","428.29","Germany","Xetra","CAD","-","EUR"
"SAP","SAP","Information Technology","Equity","170,450.91","0.55","170,450.91","564.00","302.02","Germany","Xetra","CAD","-","EUR"
"BHP","BHP GROUP LTD","Materials","Equity","169,478.13","0.55","169,478.13","2,829.00","59.90","Australia","Asx - All Markets","CAD","-","AUD"
"SAN","BANCO SANTANDER","Financials","Equity","165,342.75","0.54","165,342.75","7,945.00","20.81","Spain","Bolsa De Madrid","CAD","-","EUR"
"2454","MEDIATEK","Information Technology","Equity","158,739.25","0.51","158,739.25","804.00","197.41","Taiwan","Taiwan Stock Exchange","CAD","-","TWD"
"ALV","ALLIANZ","Financials","Equity","153,503.83","0.50","153,503.83","212.00","724.68","Germany","Xetra","CAD","-","EUR"
"7203","TOYOTA MOTOR","Consumer Discretionary","Equity","143,930.30","0.47","143,930.30","5,282.00","27.25","Japan","Tokyo Stock Exchange","CAD","-","JPY"
"CBA","COMMONWEALTH BANK OF AUSTRALIA","Financials","Equity","142,765.71","0.46","142,765.71","932.00","153.21","Australia","Asx - All Markets","CAD","-","AUD"
"SU","SCHNEIDER ELECTRIC","Industrials","Equity","141,168.54","0.46","141,168.54","306.00","461.22","France","Nyse Euronext - Euronext Paris","CAD","-","EUR"
"TTE","TOTALENERGIES","Energy","Equity","138,154.65","0.45","138,154.65","1,080.00","127.92","France","Nyse Euronext - Euronext Paris","CAD","-","EUR"
"RR.","ROLLS-ROYCE HOLDINGS PLC","Industrials","Equity","128,406.50","0.42","128,406.50","4,646.00","27.64","United Kingdom","London Stock Exchange","CAD","-","GBP"
"BBVA","BANCO BILBAO VIZCAYA ARGENTARIA SA","Financials","Equity","125,515.44","0.41","125,515.44","3,108.00","40.39","Spain","Bolsa De Madrid","CAD","-","EUR"
"8316","SUMITOMO MITSUI FINANCIAL GROUP","Financials","Equity","125,058.70","0.41","125,058.70","2,025.00","61.77","Japan","Tokyo Stock Exchange","CAD","-","JPY"
"UBSG","UBS GROUP AG","Financials","Equity","123,331.54","0.40","123,331.54","1,734.00","71.13","Switzerland","SIX Swiss Exchange","CAD","-","CHF"
"6501","HITACHI","Industrials","Equity","121,072.09","0.39","121,072.09","2,462.00","49.17","Japan","Tokyo Stock Exchange","CAD","-","JPY"
"ABBN","ABB LTD","Industrials","Equity","116,511.51","0.38","116,511.51","863.00","135.02","Switzerland","SIX Swiss Exchange","CAD","-","CHF"
"9984","SOFTBANK GROUP","Communication","Equity","115,981.86","0.38","115,981.86","2,067.00","56.10","Japan","Tokyo Stock Exchange","CAD","-","JPY"
"6098","RECRUIT HOLDINGS LTD","Industrials","Equity","115,608.55","0.37","115,608.55","738.00","156.66","Japan","Tokyo Stock Exchange","CAD","-","JPY"
"IBE","IBERDROLA","Utilities","Equity","113,871.30","0.37","113,871.30","3,455.00","32.96","Spain","Bolsa De Madrid","CAD","-","EUR"
"8035","TOKYO ELECTRON","Information Technology","Equity","113,341.96","0.37","113,341.96","248.00","457.73","Japan","Tokyo Stock Exchange","CAD","-","JPY"
"6857","ADVANTEST","Information Technology","Equity","110,698.18","0.36","110,698.18","408.00","271.57","Japan","Tokyo Stock Exchange","CAD","-","JPY"
"6758","SONY GROUP","Consumer Discretionary","Equity","109,180.46","0.35","109,180.46","3,239.00","33.71","Japan","Tokyo Stock Exchange","CAD","-","JPY"
"NOVO B","NOVO NORDISK CLASS B","Health Care","Equity","107,661.53","0.35","107,661.53","1,793.00","60.03","Denmark","Omx Nordic Exchange Copenhagen A/S","CAD","-","DKK"
"AIR","AIRBUS GROUP","Industrials","Equity","103,918.47","0.34","103,918.47","331.00","314.07","France","Nyse Euronext - Euronext Paris","CAD","-","EUR"
"ULVR","UNILEVER PLC","Consumer Staples","Equity","103,783.76","0.34","103,783.76","1,200.00","86.51","United Kingdom","London Stock Exchange","CAD","-","GBP"
"SAF","SAFRAN SA","Industrials","Equity","102,376.98","0.33","102,376.98","192.00","532.71","France","Nyse Euronext - Euronext Paris","CAD","-","EUR"
"UCG","UNICREDIT","Financials","Equity","101,587.11","0.33","101,587.11","756.00","134.43","Italy","Borsa Italiana","CAD","-","EUR"
"8411","MIZUHO FINANCIAL GROUP","Financials","Equity","99,211.25","0.32","99,211.25","1,292.00","76.77","Japan","Tokyo Stock Exchange","CAD","-","JPY"
"ENR","SIEMENS ENERGY N AG","Industrials","Equity","98,305.57","0.32","98,305.57","432.00","227.80","Germany","Xetra","CAD","-","EUR"
"D05","DBS GROUP HOLDINGS LTD","Financials","Equity","96,851.58","0.31","96,851.58","1,148.00","84.36","Singapore","Singapore Exchange","CAD","-","SGD"
"285A","KIOXIA HOLDINGS","Information Technology","Equity","95,689.92","0.31","95,689.92","214.00","447.94","Japan","Tokyo Stock Exchange","CAD","-","JPY"
"BP.","BP PLC","Energy","Equity","92,094.36","0.30","92,094.36","8,746.00","10.53","United Kingdom","London Stock Exchange","CAD","-","GBP"
"BNP","BNP PARIBAS SA","Financials","Equity","92,039.39","0.30","92,039.39","552.00","166.72","France","Nyse Euronext - Euronext Paris","CAD","-","EUR"
"AI","LAIR LIQUIDE SOCIETE ANONYME POUR","Materials","Equity","91,979.60","0.30","91,979.60","347.00","265.45","France","Nyse Euronext - Euronext Paris","CAD","-","EUR"
"MC","LVMH","Consumer Discretionary","Equity","91,432.08","0.30","91,432.08","138.00","662.35","France","Nyse Euronext - Euronext Paris","CAD","-","EUR"
"005935","SAMSUNG ELECTRONICS NON VOTING PRE","Information Technology","Equity","87,476.95","0.28","87,476.95","447.00","195.68","Korea (South)","Korea Exchange (Stock Market)","CAD","-","KRW"
"CFR","COMPAGNIE FINANCIERE RICHEMONT SA","Consumer Discretionary","Equity","87,191.61","0.28","87,191.61","299.00","291.28","Switzerland","SIX Swiss Exchange","CAD","-","CHF"
"BATS","BRITISH AMERICAN TOBACCO","Consumer Staples","Equity","87,087.86","0.28","87,087.86","1,115.00","78.14","United Kingdom","London Stock Exchange","CAD","-","GBP"
"ISP","INTESA SANPAOLO","Financials","Equity","86,227.24","0.28","86,227.24","7,875.00","10.95","Italy","Borsa Italiana","CAD","-","EUR"
"DTE","DEUTSCHE TELEKOM N AG","Communication","Equity","85,944.32","0.28","85,944.32","1,891.00","45.46","Germany","Xetra","CAD","-","EUR"
"ZURN","ZURICH INSURANCE GROUP AG","Financials","Equity","84,699.53","0.27","84,699.53","82.00","1,031.65","Switzerland","SIX Swiss Exchange","CAD","-","CHF"
"INGA","ING GROEP","Financials","Equity","83,048.20","0.27","83,048.20","1,600.00","51.91","Netherlands","Euronext Amsterdam","CAD","-","EUR"
"OR","LOREAL SA","Consumer Staples","Equity","81,456.59","0.26","81,456.59","133.00","610.62","France","Nyse Euronext - Euronext Paris","CAD","-","EUR"
"RIO","RIO TINTO PLC","Materials","Equity","81,279.24","0.26","81,279.24","594.00","136.84","United Kingdom","London Stock Exchange","CAD","-","GBP"
"CAD","CAD CASH","Cash and/or Derivatives","Cash","81,124.74","0.26","81,124.74","811.00","100.00","Canada","-","CAD","1.00","CAD"
"939","CHINA CONSTRUCTION BANK CORP H","Financials","Equity","80,868.90","0.26","80,868.90","47,017.00","1.72","China","Hong Kong Exchanges And Clearing Ltd","CAD","-","HKD"
"2308","DELTA ELECTRONICS","Information Technology","Equity","80,274.09","0.26","80,274.09","1,086.00","73.92","Taiwan","Taiwan Stock Exchange","CAD","-","TWD"
"GSK","GLAXOSMITHKLINE","Health Care","Equity","79,928.28","0.26","79,928.28","2,253.00","35.48","United Kingdom","London Stock Exchange","CAD","-","GBP"
"1299","AIA GROUP","Financials","Equity","79,449.65","0.26","79,449.65","5,761.00","13.79","Hong Kong","Hong Kong Exchanges And Clearing Ltd","CAD","-","HKD"
"8058","MITSUBISHI","Industrials","Equity","76,215.69","0.25","76,215.69","1,705.00","44.71","Japan","Tokyo Stock Exchange","CAD","-","JPY"
"2317","HON HAI PRECISION INDUSTRY","Information Technology","Equity","75,143.90","0.24","75,143.90","6,837.00","10.99","Taiwan","Taiwan Stock Exchange","CAD","-","TWD"
"8766","TOKIO MARINE HOLDINGS","Financials","Equity","74,228.96","0.24","74,228.96","996.00","74.52","Japan","Tokyo Stock Exchange","CAD","-","JPY"
"SAN","SANOFI SA","Health Care","Equity","73,558.50","0.24","73,558.50","608.00","120.90","France","Nyse Euronext - Euronext Paris","CAD","-","EUR"
"6861","KEYENCE","Information Technology","Equity","71,743.46","0.23","71,743.46","105.00","683.41","Japan","Tokyo Stock Exchange","CAD","-","JPY"
"LLOY","LLOYDS BANKING GROUP PLC","Financials","Equity","67,878.67","0.22","67,878.67","32,323.00","2.10","United Kingdom","London Stock Exchange","CAD","-","GBP"
"NAB","NATIONAL AUSTRALIA BANK LTD","Financials","Equity","67,723.55","0.22","67,723.55","1,736.00","39.02","Australia","Asx - All Markets","CAD","-","AUD"
"BARC","BARCLAYS PLC","Financials","Equity","67,259.67","0.22","67,259.67","7,523.00","8.94","United Kingdom","London Stock Exchange","CAD","-","GBP"
"WBC","WESTPAC BANKING CORPORATION","Financials","Equity","65,989.31","0.21","65,989.31","1,904.00","34.65","Australia","Asx - All Markets","CAD","-","AUD"
"8001","ITOCHU","Industrials","Equity","65,741.18","0.21","65,741.18","3,089.00","21.28","Japan","Tokyo Stock Exchange","CAD","-","JPY"
"HDFCBANK","HDFC BANK","Financials","Equity","65,193.57","0.21","65,193.57","6,275.00","10.39","India","National Stock Exchange Of India","CAD","-","INR"
"IFX","INFINEON TECHNOLOGIES AG","Information Technology","Equity","63,550.97","0.21","63,550.97","727.00","87.39","Germany","Xetra","CAD","-","EUR"
"CS","AXA SA","Financials","Equity","63,215.61","0.20","63,215.61","873.00","72.39","France","Nyse Euronext - Euronext Paris","CAD","-","EUR"
"ANZ","ANZ GROUP HOLDINGS LTD","Financials","Equity","63,114.42","0.20","63,114.42","1,679.00","37.58","Australia","Asx - All Markets","CAD","-","AUD"
"O39","OVERSEA-CHINESE BANKING LTD","Financials","Equity","62,516.02","0.20","62,516.02","1,823.00","34.30","Singapore","Singapore Exchange","CAD","-","SGD"
"7011","MITSUBISHI HEAVY INDUSTRIES","Industrials","Equity","62,294.54","0.20","62,294.54","1,784.00","34.91","Japan","Tokyo Stock Exchange","CAD","-","JPY"
"BA.","BAE SYSTEMS PLC","Industrials","Equity","62,247.88","0.20","62,247.88","1,632.00","38.15","United Kingdom","London Stock Exchange","CAD","-","GBP"
"9983","FAST RETAILING","Consumer Discretionary","Equity","61,956.74","0.20","61,956.74","102.00","607.97","Japan","Tokyo Stock Exchange","CAD","-","JPY"
"8031","MITSUI","Industrials","Equity","61,736.49","0.20","61,736.49","1,316.00","46.91","Japan","Tokyo Stock Exchange","CAD","-","JPY"
"ENEL","ENEL","Utilities","Equity","61,728.45","0.20","61,728.45","4,245.00","14.54","Italy","Borsa Italiana","CAD","-","EUR"
"SPOT","SPOTIFY TECHNOLOGY","Communication","Equity","60,470.51","0.20","60,470.51","82.00","739.66","Sweden","New York Stock Exchange Inc.","CAD","-","USD"
"6981","MURATA MANUFACTURING","Information Technology","Equity","60,178.78","0.20","60,178.78","902.00","66.73","Japan","Tokyo Stock Exchange","CAD","-","JPY"
"NG.","NATIONAL GRID PLC","Utilities","Equity","59,889.07","0.19","59,889.07","2,770.00","21.62","United Kingdom","London Stock Exchange","CAD","-","GBP"
"NWG","NATWEST GROUP PLC","Financials","Equity","59,027.06","0.19","59,027.06","4,435.00","13.31","United Kingdom","London Stock Exchange","CAD","-","GBP"
"RELIANCE","RELIANCE INDUSTRIES LTD","Energy","Equity","57,596.85","0.19","57,596.85","3,177.00","18.13","India","National Stock Exchange Of India","CAD","-","INR"
"MUV2","MUENCHENER RUECKVERSICHERUNGS-GESE","Financials","Equity","56,938.57","0.18","56,938.57","69.00","820.27","Germany","Xetra","CAD","-","EUR"
"GLEN","GLENCORE PLC","Materials","Equity","56,659.55","0.18","56,659.55","5,227.00","10.84","United Kingdom","London Stock Exchange","CAD","-","GBP"
"INVE B","INVESTOR CLASS B","Financials","Equity","55,774.50","0.18","55,774.50","964.00","57.87","Sweden","Nasdaq Omx Nordic","CAD","-","SEK"
"ICICIBANK","ICICI BANK","Financials","Equity","55,302.45","0.18","55,302.45","2,814.00","19.65","India","National Stock Exchange Of India","CAD","-","INR"
"ABI","ANHEUSER-BUSCH INBEV SA","Consumer Staples","Equity","55,207.46","0.18","55,207.46","500.00","110.33","Belgium","Nyse Euronext - Euronext Brussels","CAD","-","EUR"
"DBK","DEUTSCHE BANK AG","Financials","Equity","52,678.76","0.17","52,678.76","958.00","55.01","Germany","Xetra","CAD","-","EUR"
"402340","SK SQUARE","Industrials","Equity","52,515.49","0.17","52,515.49","51.00","1,020.40","Korea (South)","Korea Exchange (Stock Market)","CAD","-","KRW"
"ITX","INDUSTRIA DE DISENO TEXTIL SA","Consumer Discretionary","Equity","51,128.79","0.17","51,128.79","607.00","84.18","Spain","Bolsa De Madrid","CAD","-","EUR"
"3711","ASE TECHNOLOGY HOLDING","Information Technology","Equity","50,192.61","0.16","50,192.61","1,863.00","26.94","Taiwan","Taiwan Stock Exchange","CAD","-","TWD"
"6752","PANASONIC HOLDINGS","Consumer Discretionary","Equity","49,818.46","0.16","49,818.46","1,302.00","38.27","Japan","Tokyo Stock Exchange","CAD","-","JPY"
"6503","MITSUBISHI ELECTRIC","Industrials","Equity","49,250.90","0.16","49,250.90","1,062.00","46.37","Japan","Tokyo Stock Exchange","CAD","-","JPY"
"NDA FI","NORDEA BANK","Financials","Equity","48,952.46","0.16","48,952.46","1,705.00","28.71","Finland","Nasdaq Omx Helsinki Ltd.","CAD","-","EUR"
"1398","INDUSTRIAL AND COMMERCIAL BANK OF","Financials","Equity","48,620.47","0.16","48,620.47","36,284.00","1.34","China","Hong Kong Exchanges And Clearing Ltd","CAD","-","HKD"
"ARGX","ARGENX","Health Care","Equity","48,598.41","0.16","48,598.41","35.00","1,394.42","Belgium","Nyse Euronext - Euronext Brussels","CAD","-","EUR"
"MQG","MACQUARIE GROUP LTD DEF","Financials","Equity","48,377.93","0.16","48,377.93","203.00","238.39","Australia","Asx - All Markets","CAD","-","AUD"
"4502","TAKEDA PHARMACEUTICAL","Health Care","Equity","47,888.23","0.16","47,888.23","897.00","53.40","Japan","Tokyo Stock Exchange","CAD","-","JPY"
"DG","VINCI SA","Industrials","Equity","47,743.17","0.15","47,743.17","263.00","181.37","France","Nyse Euronext - Euronext Paris","CAD","-","EUR"
"CSL","CSL","Health Care","Equity","47,327.10","0.15","47,327.10","268.00","176.63","Australia","Asx - All Markets","CAD","-","AUD"
"4063","SHIN ETSU CHEMICAL","Materials","Equity","47,186.97","0.15","47,186.97","912.00","51.74","Japan","Tokyo Stock Exchange","CAD","-","JPY"
"REL","RELX PLC","Industrials","Equity","46,940.78","0.15","46,940.78","978.00","48.00","United Kingdom","London Stock Exchange","CAD","-","GBP"
"DHL","DHL AG","Industrials","Equity","46,496.64","0.15","46,496.64","512.00","90.77","Germany","Xetra","CAD","-","EUR"
"7974","NINTENDO","Communication","Equity","46,370.66","0.15","46,370.66","609.00","76.11","Japan","Tokyo Stock Exchange","CAD","-","JPY"
"WES","WESFARMERS","Consumer Discretionary","Equity","45,819.44","0.15","45,819.44","632.00","72.48","Australia","Asx - All Markets","CAD","-","AUD"
"DB1","DEUTSCHE BOERSE AG","Financials","Equity","45,463.83","0.15","45,463.83","101.00","449.49","Germany","Xetra","CAD","-","EUR"
"9433","KDDI","Communication","Equity","45,170.68","0.15","45,170.68","1,618.00","27.92","Japan","Tokyo Stock Exchange","CAD","-","JPY"
"AAL","ANGLO AMERICAN PLC","Materials","Equity","44,690.85","0.14","44,690.85","590.00","75.69","United Kingdom","London Stock Exchange","CAD","-","GBP"
"1810","XIAOMI","Information Technology","Equity","44,329.67","0.14","44,329.67","9,513.00","4.66","China","Hong Kong Exchanges And Clearing Ltd","CAD","-","HKD"
"BAYN","BAYER AG","Health Care","Equity","43,098.41","0.14","43,098.41","547.00","78.78","Germany","Xetra","CAD","-","EUR"
"STAN","STANDARD CHARTERED PLC","Financials","Equity","42,886.36","0.14","42,886.36","982.00","43.66","United Kingdom","London Stock Exchange","CAD","-","GBP"
"RHM","RHEINMETALL AG","Industrials","Equity","42,522.65","0.14","42,522.65","26.00","1,632.50","Germany","Xetra","CAD","-","EUR"
"RMS","HERMES INTERNATIONAL","Consumer Discretionary","Equity","42,202.73","0.14","42,202.73","19.00","2,208.91","France","Nyse Euronext - Euronext Paris","CAD","-","EUR"
"009150","SAMSUNG ELECTRO MECHANICS LTD","Information Technology","Equity","42,022.72","0.14","42,022.72","31.00","1,346.36","Korea (South)","Korea Exchange (Stock Market)","CAD","-","KRW"
"GLE","SOCIETE GENERALE SA","Financials","Equity","41,978.57","0.14","41,978.57","352.00","119.14","France","Nyse Euronext - Euronext Paris","CAD","-","EUR"
"BHARTIARTL","BHARTI AIRTEL LTD","Communication","Equity","41,874.20","0.14","41,874.20","1,564.00","26.77","India","National Stock Exchange Of India","CAD","-","INR"
"VOLV B","VOLVO CLASS B","Industrials","Equity","41,617.86","0.13","41,617.86","865.00","48.13","Sweden","Nasdaq Omx Nordic","CAD","-","SEK"
"BAS","BASF N","Materials","Equity","41,588.89","0.13","41,588.89","494.00","84.13","Germany","Xetra","CAD","-","EUR"
"NOKIA","NOKIA","Information Technology","Equity","41,574.57","0.13","41,574.57","2,798.00","14.86","Finland","Nasdaq Omx Helsinki Ltd.","CAD","-","EUR"
"VALE3","CIA VALE DO RIO DOCE SH","Materials","Equity","41,225.26","0.13","41,225.26","2,040.00","20.21","Brazil","XBSP","CAD","-","BRL"
"CPG","COMPASS GROUP PLC","Consumer Discretionary","Equity","41,183.50","0.13","41,183.50","947.00","43.50","United Kingdom","London Stock Exchange","CAD","-","USD"
"2303","UNITED MICRO ELECTRONICS CORP","Information Technology","Equity","40,815.76","0.13","40,815.76","6,308.00","6.47","Taiwan","Taiwan Stock Exchange","CAD","-","TWD"
"CABK","CAIXABANK SA","Financials","Equity","40,586.23","0.13","40,586.23","1,943.00","20.89","Spain","Bolsa De Madrid","CAD","-","EUR"
"1120","AL RAJHI BANK","Financials","Equity","40,249.88","0.13","40,249.88","1,638.00","24.57","Saudi Arabia","Saudi Stock Exchange","CAD","-","SAR"
"ANG","ANGLOGOLD ASHANTI PLC","Materials","Equity","40,184.32","0.13","40,184.32","281.00","142.82","South Africa","Johannesburg Stock Exchange","CAD","-","ZAR"
"ATCO A","ATLAS COPCO CLASS A","Industrials","Equity","39,839.56","0.13","39,839.56","1,404.00","28.38","Sweden","Nasdaq Omx Nordic","CAD","-","SEK"
"3988","BANK OF CHINA LTD H","Financials","Equity","39,807.94","0.13","39,807.94","37,204.00","1.07","China","Hong Kong Exchanges And Clearing Ltd","CAD","-","HKD"
"ENI","ENI","Energy","Equity","39,152.36","0.13","39,152.36","1,012.00","38.70","Italy","Borsa Italiana","CAD","-","EUR"
"NU","NU HOLDINGS CLASS A","Financials","Equity","39,134.90","0.13","39,134.90","2,021.00","19.36","Brazil","New York Stock Exchange Inc.","CAD","-","USD"
"RACE","FERRARI","Consumer Discretionary","Equity","38,955.36","0.13","38,955.36","67.00","577.21","Italy","Borsa Italiana","CAD","-","EUR"
"ENGI","ENGIE SA","Utilities","Equity","38,605.09","0.13","38,605.09","991.00","38.96","France","Nyse Euronext - Euronext Paris","CAD","-","EUR"
"PRX","PROSUS NV CLASS N","Consumer Discretionary","Equity","38,505.61","0.12","38,505.61","670.00","57.50","Netherlands","Euronext Amsterdam","CAD","-","EUR"
"2914","JAPAN TOBACCO","Consumer Staples","Equity","38,040.01","0.12","38,040.01","612.00","62.11","Japan","Tokyo Stock Exchange","CAD","-","JPY"
"7741","HOYA","Health Care","Equity","37,932.40","0.12","37,932.40","186.00","203.45","Japan","Tokyo Stock Exchange","CAD","-","JPY"
"LSEG","LONDON STOCK EXCHANGE GROUP PLC","Financials","Equity","37,879.11","0.12","37,879.11","245.00","154.30","United Kingdom","London Stock Exchange","CAD","-","GBP"
"EL","ESSILORLUXOTTICA SA","Health Care","Equity","37,684.92","0.12","37,684.92","166.00","227.24","France","Nyse Euronext - Euronext Paris","CAD","-","EUR"
"DGE","DIAGEO PLC","Consumer Staples","Equity","37,645.98","0.12","37,645.98","1,240.00","30.37","United Kingdom","London Stock Exchange","CAD","-","GBP"
"SREN","SWISS RE AG","Financials","Equity","37,575.51","0.12","37,575.51","159.00","236.86","Switzerland","SIX Swiss Exchange","CAD","-","CHF"
"8053","SUMITOMO","Industrials","Equity","37,477.98","0.12","37,477.98","2,263.00","16.56","Japan","Tokyo Stock Exchange","CAD","-","JPY"
"5803","FUJIKURA","Industrials","Equity","36,723.85","0.12","36,723.85","840.00","43.71","Japan","Tokyo Stock Exchange","CAD","-","JPY"
"3690","MEITUAN","Consumer Discretionary","Equity","36,466.04","0.12","36,466.04","2,805.00","13.00","China","Hong Kong Exchanges And Clearing Ltd","CAD","-","HKD"
"9434","SOFTBANK","Communication","Equity","36,245.68","0.12","36,245.68","16,038.00","2.26","Japan","Tokyo Stock Exchange","CAD","-","JPY"
"LONN","LONZA GROUP AG","Health Care","Equity","36,186.89","0.12","36,186.89","39.00","925.36","Switzerland","SIX Swiss Exchange","CAD","-","CHF"
"EOAN","E.ON N","Utilities","Equity","35,697.80","0.12","35,697.80","1,250.00","28.56","Germany","Xetra","CAD","-","EUR"
"TEVA","TEVA PHARMACEUTICAL INDUSTRIES","Health Care","Equity","35,540.33","0.12","35,540.33","648.00","54.81","Israel","New York Stock Exchange Inc.","CAD","-","USD"
"8002","MARUBENI","Industrials","Equity","35,102.09","0.11","35,102.09","779.00","45.08","Japan","Tokyo Stock Exchange","CAD","-","JPY"
"RWE","RWE AG","Utilities","Equity","34,895.31","0.11","34,895.31","358.00","97.38","Germany","Xetra","CAD","-","EUR"
"ITUB4","ITAU UNIBANCO HOLDING PREF SA","Financials","Equity","34,809.64","0.11","34,809.64","3,014.00","11.55","Brazil","XBSP","CAD","-","BRL"
"WDS","WOODSIDE ENERGY GROUP LTD","Energy","Equity","34,798.81","0.11","34,798.81","1,061.00","32.81","Australia","Asx - All Markets","CAD","-","AUD"
"RIO","RIO TINTO LTD","Materials","Equity","34,735.11","0.11","34,735.11","210.00","165.22","Australia","Asx - All Markets","CAD","-","AUD"
"BN","DANONE SA","Consumer Staples","Equity","34,704.50","0.11","34,704.50","352.00","98.61","France","Nyse Euronext - Euronext Paris","CAD","-","EUR"
"USD","USD CASH","Cash and/or Derivatives","Cash","34,677.55","0.11","34,677.55","248.00","139.86","United States","-","CAD","-","USD"
"NBIS","NEBIUS NV CLASS A","Information Technology","Equity","34,291.84","0.11","34,291.84","112.00","304.89","Netherlands","NASDAQ","CAD","-","USD"
"8591","ORIX","Financials","Equity","34,061.55","0.11","34,061.55","610.00","55.81","Japan","Tokyo Stock Exchange","CAD","-","JPY"
"PETR4","PETROLEO BRASILEIRO PREF SA","Energy","Equity","34,000.09","0.11","34,000.09","2,580.00","13.18","Brazil","XBSP","CAD","-","BRL"
"6702","FUJITSU","Information Technology","Equity","33,998.71","0.11","33,998.71","945.00","35.99","Japan","Tokyo Stock Exchange","CAD","-","JPY"
"2318","PING AN INSURANCE (GROUP) CO OF CH","Financials","Equity","33,767.61","0.11","33,767.61","3,585.00","9.42","China","Hong Kong Exchanges And Clearing Ltd","CAD","-","HKD"
"105560","KB FINANCIAL GROUP","Financials","Equity","33,760.16","0.11","33,760.16","186.00","181.40","Korea (South)","Korea Exchange (Stock Market)","CAD","-","KRW"
"EBS","ERSTE GROUP BANK AG","Financials","Equity","33,546.88","0.11","33,546.88","170.00","196.79","Austria","Wiener Boerse Ag","CAD","-","EUR"
"RKT","RECKITT BENCKISER GROUP PLC","Consumer Staples","Equity","33,307.47","0.11","33,307.47","356.00","93.49","United Kingdom","London Stock Exchange","CAD","-","GBP"
"8750","DAIICHI LIFE GROUP","Financials","Equity","33,228.27","0.11","33,228.27","1,916.00","17.34","Japan","Tokyo Stock Exchange","CAD","-","JPY"
"ASM","ASM INTERNATIONAL NV","Information Technology","Equity","33,150.52","0.11","33,150.52","26.00","1,270.40","Netherlands","Euronext Amsterdam","CAD","-","EUR"
"2383","ELITE MATERIAL","Information Technology","Equity","32,962.64","0.11","32,962.64","160.00","205.96","Taiwan","Taiwan Stock Exchange","CAD","-","TWD"
"HOLN","HOLCIM LTD AG","Materials","Equity","32,916.14","0.11","32,916.14","284.00","115.87","Switzerland","SIX Swiss Exchange","CAD","-","CHF"
"9999","NETEASE","Communication","Equity","32,370.40","0.10","32,370.40","981.00","33.00","China","Hong Kong Exchanges And Clearing Ltd","CAD","-","HKD"
"2222","SAUDI ARABIAN OIL","Energy","Equity","32,075.76","0.10","32,075.76","3,369.00","9.52","Saudi Arabia","Saudi Stock Exchange","CAD","-","SAR"
"TSCO","TESCO PLC","Consumer Staples","Equity","31,847.54","0.10","31,847.54","3,543.00","8.99","United Kingdom","London Stock Exchange","CAD","-","GBP"
"HLN","HALEON PLC","Health Care","Equity","31,672.35","0.10","31,672.35","4,996.00","6.34","United Kingdom","London Stock Exchange","CAD","-","GBP"
"8725","MS&AD INSURANCE GROUP HOLDINGS","Financials","Equity","31,493.95","0.10","31,493.95","667.00","47.24","Japan","Tokyo Stock Exchange","CAD","-","JPY"
"SSE","SSE PLC","Utilities","Equity","31,370.82","0.10","31,370.82","675.00","46.45","United Kingdom","London Stock Exchange","CAD","-","GBP"
"PDD","PDD HOLDINGS ADS","Consumer Discretionary","Equity","31,213.62","0.10","31,213.62","287.00","108.72","China","NASDAQ","CAD","-","USD"
"LR","LEGRAND SA","Industrials","Equity","31,200.50","0.10","31,200.50","142.00","218.96","France","Nyse Euronext - Euronext Paris","CAD","-","EUR"
"2881","FUBON FINANCIAL HOLDING","Financials","Equity","31,114.03","0.10","31,114.03","4,679.00","6.65","Taiwan","Taiwan Stock Exchange","CAD","-","TWD"
"388","HONG KONG EXCHANGES AND CLEARING","Financials","Equity","31,109.33","0.10","31,109.33","449.00","69.28","Hong Kong","Hong Kong Exchanges And Clearing Ltd","CAD","-","HKD"
"3037","UNIMICRON TECHNOLOGY","Information Technology","Equity","31,044.34","0.10","31,044.34","753.00","41.24","Taiwan","Taiwan Stock Exchange","CAD","-","TWD"
"7267","HONDA MOTOR","Consumer Discretionary","Equity","30,980.83","0.10","30,980.83","2,020.00","15.34","Japan","Tokyo Stock Exchange","CAD","-","JPY"
"SAND","SANDVIK","Industrials","Equity","30,633.79","0.10","30,633.79","576.00","53.16","Sweden","Nasdaq Omx Nordic","CAD","-","SEK"
"PRY","PRYSMIAN","Industrials","Equity","30,393.96","0.10","30,393.96","156.00","195.43","Italy","Borsa Italiana","CAD","-","EUR"
"6301","KOMATSU","Industrials","Equity","30,376.16","0.10","30,376.16","479.00","63.39","Japan","Tokyo Stock Exchange","CAD","-","JPY"
"PETR3","PETROLEO BRASILEIRO SA PETROBRAS","Energy","Equity","30,372.92","0.10","30,372.92","2,073.00","14.65","Brazil","XBSP","CAD","-","BRL"
"DSV","DSV","Industrials","Equity","30,366.83","0.10","30,366.83","108.00","281.85","Denmark","Omx Nordic Exchange Copenhagen A/S","CAD","-","DKK"
"GFI","GOLD FIELDS","Materials","Equity","30,304.17","0.10","30,304.17","499.00","60.77","South Africa","Johannesburg Stock Exchange","CAD","-","ZAR"
"G","ASSICURAZIONI GENERALI","Financials","Equity","30,213.91","0.10","30,213.91","407.00","74.20","Italy","Borsa Italiana","CAD","-","EUR"
"6701","NEC","Information Technology","Equity","30,187.40","0.10","30,187.40","687.00","43.97","Japan","Tokyo Stock Exchange","CAD","-","JPY"
"SE","SEA ADS REPRESENTING LTD CLASS A","Consumer Discretionary","Equity","29,726.42","0.10","29,726.42","210.00","141.64","Singapore","New York Stock Exchange Inc.","CAD","-","USD"
"1211","BYD H","Consumer Discretionary","Equity","29,684.94","0.10","29,684.94","2,051.00","14.47","China","Hong Kong Exchanges And Clearing Ltd","CAD","-","HKD"
"U11","UNITED OVERSEAS BANK LTD","Financials","Equity","29,450.19","0.10","29,450.19","641.00","45.92","Singapore","Singapore Exchange","CAD","-","SGD"
"REP","REPSOL","Energy","Equity","29,423.93","0.10","29,423.93","615.00","47.81","Spain","Bolsa De Madrid","CAD","-","EUR"
"7182","JAPAN POST BANK LTD","Financials","Equity","29,378.71","0.10","29,378.71","996.00","29.51","Japan","Tokyo Stock Exchange","CAD","-","JPY"
"5802","SUMITOMO ELECTRIC INDUSTRIES","Consumer Discretionary","Equity","29,335.64","0.10","29,335.64","1,592.00","18.43","Japan","Tokyo Stock Exchange","CAD","-","JPY"
"2891","CTBC FINANCIAL HOLDING","Financials","Equity","29,113.51","0.09","29,113.51","9,331.00","3.12","Taiwan","Taiwan Stock Exchange","CAD","-","TWD"
"GMG","GOODMAN GROUP UNITS","Real Estate","Equity","28,835.33","0.09","28,835.33","1,115.00","25.86","Australia","Asx - All Markets","CAD","-","AUD"
"GIVN","GIVAUDAN SA","Materials","Equity","28,661.49","0.09","28,661.49","5.00","5,552.16","Switzerland","SIX Swiss Exchange","CAD","-","CHF"
"8630","SOMPO HOLDINGS","Financials","Equity","28,661.05","0.09","28,661.05","456.00","62.81","Japan","Tokyo Stock Exchange","CAD","-","JPY"
"SGO","COMPAGNIE DE SAINT GOBAIN SA","Industrials","Equity","28,609.34","0.09","28,609.34","253.00","113.00","France","Nyse Euronext - Euronext Paris","CAD","-","EUR"
"GMEXICOB","GRUPO MEXICO B","Materials","Equity","28,524.25","0.09","28,524.25","1,615.00","17.66","Mexico","Bolsa Mexicana De Valores","CAD","-","MXN"
"LUMI","BANK LEUMI LE ISRAEL","Financials","Equity","28,275.89","0.09","28,275.89","785.00","36.02","Israel","Tel Aviv Stock Exchange","CAD","-","ILS"
"KBC","KBC GROEP","Financials","Equity","28,028.68","0.09","28,028.68","131.00","214.30","Belgium","Nyse Euronext - Euronext Brussels","CAD","-","EUR"
"MBG","MERCEDES-BENZ GROUP N AG","Consumer Discretionary","Equity","27,985.83","0.09","27,985.83","377.00","74.21","Germany","Xetra","CAD","-","EUR"
"9432","NTT","Communication","Equity","27,733.33","0.09","27,733.33","17,119.00","1.62","Japan","Tokyo Stock Exchange","CAD","-","JPY"
"GALD","GALDERMA GROUP N AG","Health Care","Equity","27,558.89","0.09","27,558.89","103.00","268.01","Switzerland","SIX Swiss Exchange","CAD","-","CHF"
"III","3I GROUP PLC","Financials","Equity","27,429.94","0.09","27,429.94","541.00","50.70","United Kingdom","London Stock Exchange","CAD","-","GBP"
"1303","NAN YA PLASTICS CORP","Materials","Equity","27,341.06","0.09","27,341.06","2,642.00","10.35","Taiwan","Taiwan Stock Exchange","CAD","-","TWD"
"005380","HYUNDAI MOTOR","Consumer Discretionary","Equity","27,250.22","0.09","27,250.22","74.00","367.47","Korea (South)","Korea Exchange (Stock Market)","CAD","-","KRW"
"6954","FANUC CORP","Industrials","Equity","27,146.62","0.09","27,146.62","522.00","52.03","Japan","Tokyo Stock Exchange","CAD","-","JPY"
"DANSKE","DANSKE BANK","Financials","Equity","27,090.70","0.09","27,090.70","335.00","80.76","Denmark","Omx Nordic Exchange Copenhagen A/S","CAD","-","DKK"
"SIKA","SIKA AG","Materials","Equity","26,891.33","0.09","26,891.33","86.00","313.60","Switzerland","SIX Swiss Exchange","CAD","-","CHF"
"SDZ","SANDOZ GROUP AG","Health Care","Equity","26,846.31","0.09","26,846.31","233.00","115.25","Switzerland","SIX Swiss Exchange","CAD","-","CHF"
"ASSA B","ASSA ABLOY B","Industrials","Equity","26,800.09","0.09","26,800.09","544.00","49.31","Sweden","Nasdaq Omx Nordic","CAD","-","SEK"
"6723","RENESAS ELECTRONICS CORP","Information Technology","Equity","26,773.42","0.09","26,773.42","941.00","28.45","Japan","Tokyo Stock Exchange","CAD","-","JPY"
"6762","TDK","Information Technology","Equity","26,616.03","0.09","26,616.03","1,056.00","25.20","Japan","Tokyo Stock Exchange","CAD","-","JPY"
"ORA","ORANGE SA","Communication","Equity","26,583.81","0.09","26,583.81","1,037.00","25.64","France","Nyse Euronext - Euronext Paris","CAD","-","EUR"
"055550","SHINHAN FINANCIAL GROUP","Financials","Equity","26,560.31","0.09","26,560.31","232.00","114.69","Korea (South)","Korea Exchange (Stock Market)","CAD","-","KRW"
"PRU","PRUDENTIAL PLC","Financials","Equity","26,529.14","0.09","26,529.14","1,429.00","18.56","United Kingdom","London Stock Exchange","CAD","-","GBP"
"SWED A","SWEDBANK","Financials","Equity","26,488.92","0.09","26,488.92","457.00","57.96","Sweden","Nasdaq Omx Nordic","CAD","-","SEK"
"INFY","INFOSYS","Information Technology","Equity","26,166.72","0.08","26,166.72","1,696.00","15.43","India","National Stock Exchange Of India","CAD","-","INR"
"WOW","WOOLWORTHS GROUP LTD","Consumer Staples","Equity","26,159.26","0.08","26,159.26","685.00","38.21","Australia","Asx - All Markets","CAD","-","AUD"
"2882","CATHAY FINANCIAL HOLDING","Financials","Equity","26,138.19","0.08","26,138.19","5,323.00","4.91","Taiwan","Taiwan Stock Exchange","CAD","-","TWD"
"6367","DAIKIN INDUSTRIES LTD","Industrials","Equity","26,019.81","0.08","26,019.81","140.00","185.89","Japan","Tokyo Stock Exchange","CAD","-","JPY"
"8308","RESONA HOLDINGS","Financials","Equity","25,945.36","0.08","25,945.36","1,166.00","22.26","Japan","Tokyo Stock Exchange","CAD","-","JPY"
"NPN","NASPERS LIMITED CLASS N","Consumer Discretionary","Equity","25,936.14","0.08","25,936.14","421.00","61.62","South Africa","Johannesburg Stock Exchange","CAD","-","ZAR"
"SEB A","SKANDINAVISKA ENSKILDA BANKEN","Financials","Equity","25,828.01","0.08","25,828.01","786.00","32.84","Sweden","Nasdaq Omx Nordic","CAD","-","SEK"
"AD","KONINKLIJKE AHOLD DELHAIZE","Consumer Staples","Equity","25,734.47","0.08","25,734.47","501.00","51.39","Netherlands","Euronext Amsterdam","CAD","-","EUR"
"3017","ASIA VITAL COMPONENTS","Information Technology","Equity","25,550.71","0.08","25,550.71","183.00","139.72","Taiwan","Taiwan Stock Exchange","CAD","-","TWD"
"992","LENOVO GROUP","Information Technology","Equity","25,429.66","0.08","25,429.66","4,155.00","6.12","China","Hong Kong Exchanges And Clearing Ltd","CAD","-","HKD"
"MT","ARCELORMITTAL SA","Materials","Equity","25,205.24","0.08","25,205.24","239.00","105.29","France","Euronext Amsterdam","CAD","-","EUR"
"EXPN","EXPERIAN PLC","Industrials","Equity","25,196.03","0.08","25,196.03","482.00","52.29","United Kingdom","London Stock Exchange","CAD","-","GBP"
"OTP","OTP BANK","Financials","Equity","25,107.41","0.08","25,107.41","121.00","207.56","Hungary","Budapest Stock Exchange","CAD","-","HUF"
"SLHN","SWISS LIFE HOLDING AG","Financials","Equity","24,913.51","0.08","24,913.51","16.00","1,588.56","Switzerland","SIX Swiss Exchange","CAD","-","CHF"
"8015","TOYOTA TSUSHO","Industrials","Equity","24,582.47","0.08","24,582.47","363.00","67.67","Japan","Tokyo Stock Exchange","CAD","-","JPY"
"1180","THE SAUDI NATIONAL BANK","Financials","Equity","24,495.24","0.08","24,495.24","1,638.00","14.95","Saudi Arabia","Saudi Stock Exchange","CAD","-","SAR"
"2382","QUANTA COMPUTER","Information Technology","Equity","24,457.01","0.08","24,457.01","1,621.00","15.09","Taiwan","Taiwan Stock Exchange","CAD","-","TWD"
"2887","TS FINANCIAL HOLDING","Financials","Equity","24,332.99","0.08","24,332.99","12,608.00","1.93","Taiwan","Taiwan Stock Exchange","CAD","-","TWD"
"ALC","ALCON AG","Health Care","Equity","24,304.87","0.08","24,304.87","268.00","90.74","Switzerland","SIX Swiss Exchange","CAD","-","CHF"
"VOD","VODAFONE GROUP PLC","Communication","Equity","24,157.39","0.08","24,157.39","9,820.00","2.46","United Kingdom","London Stock Exchange","CAD","-","GBP"
"STMPA","STMICROELECTRONICS","Information Technology","Equity","24,140.81","0.08","24,140.81","354.00","68.18","France","Nyse Euronext - Euronext Paris","CAD","-","EUR"
"4568","DAIICHI SANKYO LTD","Health Care","Equity","24,031.08","0.08","24,031.08","912.00","26.34","Japan","Tokyo Stock Exchange","CAD","-","JPY"
"4578","OTSUKA HOLDINGS","Health Care","Equity","23,889.76","0.08","23,889.76","237.00","100.89","Japan","Tokyo Stock Exchange","CAD","-","JPY"
"9618","JD.COM CLASS A","Consumer Discretionary","Equity","23,882.47","0.08","23,882.47","1,276.00","18.72","China","Hong Kong Exchanges And Clearing Ltd","CAD","-","HKD"
"TCL","TRANSURBAN GROUP STAPLED UNITS","Industrials","Equity","23,624.42","0.08","23,624.42","1,772.00","13.33","Australia","Asx - All Markets","CAD","-","AUD"
"8604","NOMURA HOLDINGS","Financials","Equity","23,494.36","0.08","23,494.36","1,645.00","14.28","Japan","Tokyo Stock Exchange","CAD","-","JPY"
"EQNR","EQUINOR","Energy","Equity","23,406.86","0.08","23,406.86","379.00","61.81","Norway","Oslo Bors Asa","CAD","-","NOK"
"UCB","UCB SA","Health Care","Equity","23,049.20","0.07","23,049.20","69.00","335.11","Belgium","Nyse Euronext - Euronext Brussels","CAD","-","EUR"
"VWS","VESTAS WIND SYSTEMS","Industrials","Equity","23,037.89","0.07","23,037.89","510.00","45.19","Denmark","Omx Nordic Exchange Copenhagen A/S","CAD","-","DKK"
"ABN","ABN AMRO BANK NV","Financials","Equity","22,958.65","0.07","22,958.65","328.00","70.03","Netherlands","Euronext Amsterdam","CAD","-","EUR"
"8309","SUMITOMO MITSUI TRUST GROUP","Financials","Equity","22,639.33","0.07","22,639.33","1,409.00","16.07","Japan","Tokyo Stock Exchange","CAD","-","JPY"
"ADYEN","ADYEN","Financials","Equity","22,579.64","0.07","22,579.64","15.00","1,467.20","Netherlands","Euronext Amsterdam","CAD","-","EUR"
"POLI","BANK HAPOALIM BM","Financials","Equity","22,575.41","0.07","22,575.41","612.00","36.86","Israel","Tel Aviv Stock Exchange","CAD","-","ILS"
"FSR","FIRSTRAND LTD","Financials","Equity","22,529.37","0.07","22,529.37","2,778.00","8.11","South Africa","Johannesburg Stock Exchange","CAD","-","ZAR"
"CBK","COMMERZBANK AG","Financials","Equity","22,526.77","0.07","22,526.77","336.00","67.02","Germany","Xetra","CAD","-","EUR"
"4519","CHUGAI PHARMACEUTICAL LTD","Health Care","Equity","22,446.61","0.07","22,446.61","374.00","60.02","Japan","Tokyo Stock Exchange","CAD","-","JPY"
"2345","ACCTON TECHNOLOGY","Information Technology","Equity","22,382.24","0.07","22,382.24","283.00","78.96","Taiwan","Taiwan Stock Exchange","CAD","-","TWD"
"6146","DISCO CORP","Information Technology","Equity","22,240.91","0.07","22,240.91","49.00","454.32","Japan","Tokyo Stock Exchange","CAD","-","JPY"
"KFH","KUWAIT FINANCE HOUSE","Financials","Equity","22,140.57","0.07","22,140.57","6,344.00","3.49","Kuwait","Kuwait Stock Exchange","CAD","-","KWD"
"M&M","MAHINDRA AND MAHINDRA LTD","Consumer Discretionary","Equity","21,775.94","0.07","21,775.94","486.00","44.85","India","National Stock Exchange Of India","CAD","-","INR"
"ERIC B","ERICSSON B","Information Technology","Equity","21,743.36","0.07","21,743.36","1,507.00","14.43","Sweden","Nasdaq Omx Nordic","CAD","-","SEK"
"AV.","AVIVA PLC","Financials","Equity","21,688.20","0.07","21,688.20","1,599.00","13.56","United Kingdom","London Stock Exchange","CAD","-","GBP"
"034020","DOOSAN ENERBILITY LTD","Industrials","Equity","21,674.57","0.07","21,674.57","251.00","86.45","Korea (South)","Korea Exchange (Stock Market)","CAD","-","KRW"
"PKO","POWSZECHNA KASA OSZCZEDNOSCI BANK","Financials","Equity","21,640.75","0.07","21,640.75","489.00","44.26","Poland","Warsaw Stock Exchange/Equities/Main Market","CAD","-","PLN"
"4062","IBIDEN LTD","Information Technology","Equity","21,583.18","0.07","21,583.18","130.00","165.91","Japan","Tokyo Stock Exchange","CAD","-","JPY"
"DNB","DNB BANK","Financials","Equity","21,572.51","0.07","21,572.51","456.00","47.31","Norway","Oslo Bors Asa","CAD","-","NOK"
"2802","AJINOMOTO","Consumer Staples","Equity","21,438.84","0.07","21,438.84","482.00","44.48","Japan","Tokyo Stock Exchange","CAD","-","JPY"
"AMS","AMADEUS IT GROUP","Consumer Discretionary","Equity","21,340.85","0.07","21,340.85","238.00","89.58","Spain","Bolsa De Madrid","CAD","-","EUR"
"GFNORTEO","GPO FINANCE BANORTE","Financials","Equity","21,326.73","0.07","21,326.73","1,336.00","15.96","Mexico","Bolsa Mexicana De Valores","CAD","-","MXN"
"2628","CHINA LIFE INSURANCE LTD H","Financials","Equity","21,243.81","0.07","21,243.81","4,157.00","5.11","China","Hong Kong Exchanges And Clearing Ltd","CAD","-","HKD"
"ADS","ADIDAS N AG","Consumer Discretionary","Equity","21,239.62","0.07","21,239.62","93.00","228.76","Germany","Xetra","CAD","-","EUR"
"LT","LARSEN AND TOUBRO LTD","Industrials","Equity","21,044.69","0.07","21,044.69","376.00","55.93","India","National Stock Exchange Of India","CAD","-","INR"
"AXISBANK","AXIS BANK","Financials","Equity","20,994.49","0.07","20,994.49","1,161.00","18.08","India","National Stock Exchange Of India","CAD","-","INR"
"6971","KYOCERA","Information Technology","Equity","20,914.14","0.07","20,914.14","654.00","31.96","Japan","Tokyo Stock Exchange","CAD","-","JPY"
"FER","FERROVIAL NV","Industrials","Equity","20,899.85","0.07","20,899.85","273.00","76.53","Spain","Bolsa De Madrid","CAD","-","EUR"
"4503","ASTELLAS PHARMA","Health Care","Equity","20,898.03","0.07","20,898.03","984.00","21.24","Japan","Tokyo Stock Exchange","CAD","-","JPY"
"086790","HANA FINANCIAL GROUP","Financials","Equity","20,785.83","0.07","20,785.83","149.00","139.19","Korea (South)","Korea Exchange (Stock Market)","CAD","-","KRW"
"PUB","PUBLICIS GROUPE","Communication","Equity","20,704.21","0.07","20,704.21","132.00","156.66","France","Nyse Euronext - Euronext Paris","CAD","-","EUR"
"BAJFINANCE","BAJAJ FINANCE LTD","Financials","Equity","20,567.53","0.07","20,567.53","1,390.00","14.80","India","National Stock Exchange Of India","CAD","-","INR"
"Z74","SINGAPORE TELECOMMUNICATIONS LTD","Communication","Equity","20,552.86","0.07","20,552.86","4,238.00","4.85","Singapore","Singapore Exchange","CAD","-","SGD"
"CHF","CHF CASH","Cash and/or Derivatives","Cash","20,551.86","0.07","20,551.86","121.00","169.79","Switzerland","-","CAD","-","CHF"
"A5G","AIB GROUP PLC","Financials","Equity","20,512.84","0.07","20,512.84","1,091.00","18.80","Ireland","Irish Stock Exchange - All Market","CAD","-","EUR"
"5108","BRIDGESTONE","Consumer Discretionary","Equity","20,508.64","0.07","20,508.64","603.00","34.03","Japan","Tokyo Stock Exchange","CAD","-","JPY"
"012450","HANWHA AEROSPACE LTD","Industrials","Equity","20,485.34","0.07","20,485.34","18.00","1,110.50","Korea (South)","Korea Exchange (Stock Market)","CAD","-","KRW"
"BMPS","BANCA MONTE DEI PASCHI DI SIENA SP","Financials","Equity","20,457.82","0.07","20,457.82","1,066.00","19.20","Italy","Borsa Italiana","CAD","-","EUR"
"SAMPO","SAMPO CLASS A","Financials","Equity","20,393.41","0.07","20,393.41","1,335.00","15.28","Finland","Nasdaq Omx Helsinki Ltd.","CAD","-","EUR"
"ATCO B","ATLAS COPCO CLASS B","Industrials","Equity","20,286.31","0.07","20,286.31","826.00","24.57","Sweden","Nasdaq Omx Nordic","CAD","-","SEK"
"6178","JAPAN POST HOLDINGS LTD","Financials","Equity","20,237.14","0.07","20,237.14","887.00","22.81","Japan","Tokyo Stock Exchange","CAD","-","JPY"
"2899","ZIJIN MINING GROUP LTD H","Materials","Equity","20,200.01","0.07","20,200.01","3,344.00","6.04","China","Hong Kong Exchanges And Clearing Ltd","CAD","-","HKD"
"2327","YAGEO","Information Technology","Equity","20,180.84","0.07","20,180.84","869.00","23.21","Taiwan","Taiwan Stock Exchange","CAD","-","TWD"
"857","PETROCHINA H","Energy","Equity","20,094.88","0.07","20,094.88","11,821.00","1.70","China","Hong Kong Exchanges And Clearing Ltd","CAD","-","HKD"
"BAP","CREDICORP LTD","Financials","Equity","20,039.69","0.06","20,039.69","37.00","537.02","Peru","New York Stock Exchange Inc.","CAD","-","USD"
"QBE","QBE INSURANCE GROUP","Financials","Equity","19,981.18","0.06","19,981.18","863.00","23.14","Australia","Asx - All Markets","CAD","-","AUD"
"SBK","STANDARD BANK GROUP","Financials","Equity","19,721.98","0.06","19,721.98","736.00","26.78","South Africa","Johannesburg Stock Exchange","CAD","-","ZAR"
"8802","MITSUBISHI ESTATE CO LTD","Real Estate","Equity","19,549.00","0.06","19,549.00","592.00","33.03","Japan","Tokyo Stock Exchange","CAD","-","JPY"
"IMB","IMPERIAL BRANDS PLC","Consumer Staples","Equity","19,479.01","0.06","19,479.01","418.00","46.61","United Kingdom","London Stock Exchange","CAD","-","GBP"
"3968","CHINA MERCHANTS BANK H","Financials","Equity","19,405.52","0.06","19,405.52","2,121.00","9.15","China","Hong Kong Exchanges And Clearing Ltd","CAD","-","HKD"
"ALL","ARISTOCRAT LEISURE","Consumer Discretionary","Equity","19,330.06","0.06","19,330.06","316.00","61.23","Australia","Asx - All Markets","CAD","-","AUD"
"4901","FUJIFILM HOLDINGS","Information Technology","Equity","19,293.76","0.06","19,293.76","643.00","30.00","Japan","Tokyo Stock Exchange","CAD","-","JPY"
"ML","MICHELIN","Consumer Discretionary","Equity","19,144.11","0.06","19,144.11","355.00","53.88","France","Nyse Euronext - Euronext Paris","CAD","-","EUR"
"HO","THALES SA","Industrials","Equity","19,060.24","0.06","19,060.24","50.00","382.82","France","Nyse Euronext - Euronext Paris","CAD","-","EUR"
"8801","MITSUI FUDOSAN","Real Estate","Equity","19,025.29","0.06","19,025.29","1,407.00","13.52","Japan","Tokyo Stock Exchange","CAD","-","JPY"
"BPE","BPER BANCA","Financials","Equity","19,007.17","0.06","19,007.17","819.00","23.22","Italy","Borsa Italiana","CAD","-","EUR"
"1","CK HUTCHISON HOLDINGS","Industrials","Equity","18,917.17","0.06","18,917.17","1,571.00","12.04","Hong Kong","Hong Kong Exchanges And Clearing Ltd","CAD","-","HKD"
"2388","BOC HONG KONG HOLDINGS LTD","Financials","Equity","18,896.47","0.06","18,896.47","2,041.00","9.26","Hong Kong","Hong Kong Exchanges And Clearing Ltd","CAD","-","HKD"
"FAB","FIRST ABU DHABI BANK","Financials","Equity","18,885.87","0.06","18,885.87","2,475.00","7.63","United Arab Emirates","Abu Dhabi Securities Exchange","CAD","-","AED"
"BMW","BMW","Consumer Discretionary","Equity","18,880.36","0.06","18,880.36","186.00","101.56","Germany","Xetra","CAD","-","EUR"
"DTG","DAIMLER TRUCK HOLDING E AG","Industrials","Equity","18,854.31","0.06","18,854.31","265.00","71.09","Germany","Xetra","CAD","-","EUR"
"CPI","CAPITEC SHS","Financials","Equity","18,797.10","0.06","18,797.10","49.00","385.87","South Africa","Johannesburg Stock Exchange","CAD","-","ZAR"
"NSIS B","NOVOZYMES B","Materials","Equity","18,793.02","0.06","18,793.02","205.00","91.72","Denmark","Omx Nordic Exchange Copenhagen A/S","CAD","-","DKK"
"7751","CANON","Information Technology","Equity","18,781.56","0.06","18,781.56","461.00","40.72","Japan","Tokyo Stock Exchange","CAD","-","JPY"
"6273","SMC (JAPAN) CORP","Industrials","Equity","18,666.67","0.06","18,666.67","31.00","597.46","Japan","Tokyo Stock Exchange","CAD","-","JPY"
"KOTAKBANK","KOTAK MAHINDRA BANK LTD","Financials","Equity","18,611.67","0.06","18,611.67","3,066.00","6.07","India","National Stock Exchange Of India","CAD","-","INR"
"3382","SEVEN & I HOLDINGS","Consumer Staples","Equity","18,583.92","0.06","18,583.92","1,007.00","18.45","Japan","Tokyo Stock Exchange","CAD","-","JPY"
"TSEM","TOWER SEMICONDUCTOR","Information Technology","Equity","18,582.20","0.06","18,582.20","62.00","298.60","Israel","Tel Aviv Stock Exchange","CAD","-","ILS"
"NBK","NATIONAL BANK OF KUWAIT","Financials","Equity","18,580.73","0.06","18,580.73","4,801.00","3.87","Kuwait","Kuwait Stock Exchange","CAD","-","KWD"
"9961","TRIP.COM GROUP","Consumer Discretionary","Equity","18,540.19","0.06","18,540.19","328.00","56.48","China","Hong Kong Exchanges And Clearing Ltd","CAD","-","HKD"
"006400","SAMSUNG SDI LTD","Information Technology","Equity","18,482.77","0.06","18,482.77","34.00","545.63","Korea (South)","Korea Exchange (Stock Market)","CAD","-","KRW"
"NXT","NEXT PLC","Consumer Discretionary","Equity","18,478.46","0.06","18,478.46","66.00","278.64","United Kingdom","London Stock Exchange","CAD","-","GBP"
"2885","YUANTA FINANCIAL HOLDING","Financials","Equity","18,475.75","0.06","18,475.75","6,098.00","3.03","Taiwan","Taiwan Stock Exchange","CAD","-","TWD"
"PKN","ORLEN","Energy","Equity","18,442.77","0.06","18,442.77","325.00","56.75","Poland","Warsaw Stock Exchange/Equities/Main Market","CAD","-","PLN"
"VAL","VALTERRA PLATINUM LTD","Materials","Equity","18,391.20","0.06","18,391.20","146.00","125.97","South Africa","Johannesburg Stock Exchange","CAD","-","ZAR"
"669","TECHTRONIC INDUSTRIES","Industrials","Equity","18,220.03","0.06","18,220.03","795.00","22.91","Hong Kong","Hong Kong Exchanges And Clearing Ltd","CAD","-","HKD"
"9888","BAIDU","Communication","Equity","18,207.88","0.06","18,207.88","1,169.00","15.57","China","Hong Kong Exchanges And Clearing Ltd","CAD","-","HKD"
"2360","CHROMA ATE INC","Information Technology","Equity","18,198.43","0.06","18,198.43","199.00","91.47","Taiwan","Taiwan Stock Exchange","CAD","-","TWD"
"7010","SAUDI TELECOM","Communication","Equity","18,196.48","0.06","18,196.48","1,120.00","16.25","Saudi Arabia","Saudi Stock Exchange","CAD","-","SAR"
"5020","ENEOS HOLDINGS","Energy","Equity","18,028.25","0.06","18,028.25","1,375.00","13.11","Japan","Tokyo Stock Exchange","CAD","-","JPY"
"COL","COLES GROUP LTD","Consumer Staples","Equity","18,027.56","0.06","18,027.56","770.00","23.40","Australia","Asx - All Markets","CAD","-","AUD"
"NN","NN GROUP","Financials","Equity","18,012.58","0.06","18,012.58","138.00","130.29","Netherlands","Euronext Amsterdam","CAD","-","EUR"
"HEI","HEIDELBERG MATERIALS AG","Materials","Equity","17,873.42","0.06","17,873.42","76.00","234.79","Germany","Xetra","CAD","-","EUR"
"9020","EAST JAPAN RAILWAY","Industrials","Equity","17,857.47","0.06","17,857.47","558.00","31.98","Japan","Tokyo Stock Exchange","CAD","-","JPY"
"AENA","AENA SME SA","Industrials","Equity","17,764.15","0.06","17,764.15","434.00","40.93","Spain","Bolsa De Madrid","CAD","-","EUR"
"HEIA","HEINEKEN NV","Consumer Staples","Equity","17,667.50","0.06","17,667.50","154.00","114.64","Netherlands","Euronext Amsterdam","CAD","-","EUR"
"VIE","VEOLIA ENVIRON. SA","Utilities","Equity","17,620.77","0.06","17,620.77","342.00","51.58","France","Nyse Euronext - Euronext Paris","CAD","-","EUR"
"2269","WUXI BIOLOGICS CAYMAN","Health Care","Equity","17,599.17","0.06","17,599.17","1,971.00","8.93","China","Hong Kong Exchanges And Clearing Ltd","CAD","-","HKD"
"FRE","FRESENIUS N","Health Care","Equity","17,588.98","0.06","17,588.98","237.00","74.08","Germany","Xetra","CAD","-","EUR"
"DELTA.R","DELTA ELECTRONICS (THAILAND) NON-V","Information Technology","Equity","17,566.59","0.06","17,566.59","1,746.00","10.06","Thailand","Stock Exchange Of Thailand","CAD","-","THB"
"LDO","LEONARDO FINMECCANICA SPA","Industrials","Equity","17,506.42","0.06","17,506.42","215.00","81.43","Italy","Borsa Italiana","CAD","-","EUR"
"2884","E.SUN FINANCIAL HOLDING","Financials","Equity","17,490.43","0.06","17,490.43","8,449.00","2.07","Taiwan","Taiwan Stock Exchange","CAD","-","TWD"
"SHB A","SVENSKA HANDELSBANKEN-A SHS","Financials","Equity","17,397.00","0.06","17,397.00","788.00","22.09","Sweden","Nasdaq Omx Nordic","CAD","-","SEK"
"BIRG","BANK OF IRELAND GROUP PLC","Financials","Equity","17,317.48","0.06","17,317.48","530.00","32.68","Ireland","Irish Stock Exchange - All Market","CAD","-","EUR"
"AER","AERCAP HOLDINGS","Industrials","Equity","17,305.71","0.06","17,305.71","86.00","200.47","Netherlands","New York Stock Exchange Inc.","CAD","-","USD"
"2059","KING SLIDE WORKS","Information Technology","Equity","17,262.22","0.06","17,262.22","32.00","539.37","Taiwan","Taiwan Stock Exchange","CAD","-","TWD"
"AUD","AUD CASH","Cash and/or Derivatives","Cash","17,189.18","0.06","17,189.18","173.00","99.48","Australia","-","CAD","-","AUD"
"HBAN","HELVETIA BALOISE HOLDING N AG","Financials","Equity","17,133.17","0.06","17,133.17","45.00","382.37","Switzerland","SIX Swiss Exchange","CAD","-","CHF"
"MTX","MTU AERO ENGINES HOLDING AG","Industrials","Equity","17,117.37","0.06","17,117.37","31.00","555.36","Germany","Xetra","CAD","-","EUR"
"ESLT","ELBIT SYSTEMS","Industrials","Equity","17,110.55","0.06","17,110.55","16.00","1,047.09","Israel","Tel Aviv Stock Exchange","CAD","-","ILS"
"1288","AGRICULTURAL BANK OF CHINA LTD H","Financials","Equity","17,003.23","0.06","17,003.23","15,047.00","1.13","China","Hong Kong Exchanges And Clearing Ltd","CAD","-","HKD"
"6160","BEONE MEDICINES AG","Health Care","Equity","16,676.56","0.05","16,676.56","443.00","37.62","China","Hong Kong Exchanges And Clearing Ltd","CAD","-","HKD"
"MTN","MTN GROUP","Communication","Equity","16,658.90","0.05","16,658.90","978.00","17.03","South Africa","Johannesburg Stock Exchange","CAD","-","ZAR"
"5401","NIPPON STEEL","Materials","Equity","16,631.86","0.05","16,631.86","2,636.00","6.31","Japan","Tokyo Stock Exchange","CAD","-","JPY"
"1605","INPEX","Energy","Equity","16,597.15","0.05","16,597.15","470.00","35.28","Japan","Tokyo Stock Exchange","CAD","-","JPY"
"SAAB B","SAAB CLASS B","Industrials","Equity","16,424.27","0.05","16,424.27","188.00","87.27","Sweden","Nasdaq Omx Nordic","CAD","-","SEK"
"7269","SUZUKI MOTOR","Consumer Discretionary","Equity","16,388.00","0.05","16,388.00","892.00","18.38","Japan","Tokyo Stock Exchange","CAD","-","JPY"
"028260","SAMSUNG C&T CORP","Industrials","Equity","16,371.81","0.05","16,371.81","45.00","359.87","Korea (South)","Korea Exchange (Stock Market)","CAD","-","KRW"
"LGEN","LEGAL AND GENERAL GROUP PLC","Financials","Equity","16,367.21","0.05","16,367.21","2,907.00","5.63","United Kingdom","London Stock Exchange","CAD","-","GBP"
"EAND","EMIRATES TELECOM","Communication","Equity","16,336.24","0.05","16,336.24","1,954.00","8.36","United Arab Emirates","Abu Dhabi Securities Exchange","CAD","-","AED"
"GBP","GBP CASH","Cash and/or Derivatives","Cash","16,312.55","0.05","16,312.55","87.00","186.76","United Kingdom","-","CAD","-","GBP"
"GEBN","GEBERIT AG","Industrials","Equity","16,246.26","0.05","16,246.26","18.00","925.36","Switzerland","SIX Swiss Exchange","CAD","-","CHF"
"IHG","INTERCONTINENTAL HOTELS GROUP PLC","Consumer Discretionary","Equity","16,218.70","0.05","16,218.70","76.00","214.62","United Kingdom","London Stock Exchange","CAD","-","USD"
"KER","KERING SA","Consumer Discretionary","Equity","16,119.02","0.05","16,119.02","42.00","384.91","France","Nyse Euronext - Euronext Paris","CAD","-","EUR"
"4661","ORIENTAL LAND","Consumer Discretionary","Equity","16,112.03","0.05","16,112.03","585.00","27.55","Japan","Tokyo Stock Exchange","CAD","-","JPY"
"000270","KIA CORPORATION","Consumer Discretionary","Equity","16,065.28","0.05","16,065.28","131.00","122.39","Korea (South)","Korea Exchange (Stock Market)","CAD","-","KRW"
"4543","TERUMO","Health Care","Equity","15,987.71","0.05","15,987.71","777.00","20.58","Japan","Tokyo Stock Exchange","CAD","-","JPY"
"6669","WIWYNN CORPORATION","Information Technology","Equity","15,967.27","0.05","15,967.27","170.00","93.66","Taiwan","Taiwan Stock Exchange","CAD","-","TWD"
"035420","NAVER","Communication","Equity","15,940.25","0.05","15,940.25","79.00","201.45","Korea (South)","Korea Exchange (Stock Market)","CAD","-","KRW"
"SCMN","SWISSCOM AG","Communication","Equity","15,927.89","0.05","15,927.89","14.00","1,140.15","Switzerland","SIX Swiss Exchange","CAD","-","CHF"
"5274","ASPEED TECHNOLOGY","Information Technology","Equity","15,925.13","0.05","15,925.13","20.00","801.70","Taiwan","Gretai Securities Market","CAD","-","TWD"
"GMAB","GENMAB","Health Care","Equity","15,790.98","0.05","15,790.98","33.00","482.25","Denmark","Omx Nordic Exchange Copenhagen A/S","CAD","-","DKK"
"FEMSAUBD","FOMENTO ECONOMICO MEXICANO","Consumer Staples","Equity","15,679.52","0.05","15,679.52","933.00","16.80","Mexico","Bolsa Mexicana De Valores","CAD","-","MXN"
"NST","NORTHERN STAR RESOURCES LTD","Materials","Equity","15,677.68","0.05","15,677.68","726.00","21.58","Australia","Asx - All Markets","CAD","-","AUD"
"PHIA","KONINKLIJKE PHILIPS","Health Care","Equity","15,625.81","0.05","15,625.81","452.00","34.60","Netherlands","Euronext Amsterdam","CAD","-","EUR"
"SAB","BANCO DE SABADELL","Financials","Equity","15,580.46","0.05","15,580.46","2,619.00","5.95","Spain","Bolsa De Madrid","CAD","-","EUR"
"2408","NANYA TECHNOLOGY CORP","Information Technology","Equity","15,418.37","0.05","15,418.37","720.00","21.41","Taiwan","Taiwan Stock Exchange","CAD","-","TWD"
"4452","KAO","Consumer Staples","Equity","15,402.39","0.05","15,402.39","491.00","31.37","Japan","Tokyo Stock Exchange","CAD","-","JPY"
"EVN","EVOLUTION MINING","Materials","Equity","15,389.20","0.05","15,389.20","1,179.00","13.05","Australia","Asx - All Markets","CAD","-","AUD"
"QNBK","QATAR NATIONAL BANK","Financials","Equity","15,347.43","0.05","15,347.43","2,467.00","6.22","Qatar","Qatar Exchange","CAD","-","QAR"
"HEXA B","HEXAGON CLASS B","Information Technology","Equity","15,318.85","0.05","15,318.85","1,128.00","13.58","Sweden","Nasdaq Omx Nordic","CAD","-","SEK"
"2357","ASUSTEK COMPUTER INC","Information Technology","Equity","15,313.65","0.05","15,313.65","368.00","41.59","Taiwan","Taiwan Stock Exchange","CAD","-","TWD"
"8267","AEON","Consumer Staples","Equity","15,305.43","0.05","15,305.43","1,264.00","12.11","Japan","Tokyo Stock Exchange","CAD","-","JPY"
"ACS","ACS ACTIVIDADES DE CONSTRUCCION Y","Industrials","Equity","15,305.16","0.05","15,305.16","102.00","150.45","Spain","Bolsa De Madrid","CAD","-","EUR"
"EMAAR","EMAAR PROPERTIES","Real Estate","Equity","15,300.34","0.05","15,300.34","3,408.00","4.49","United Arab Emirates","Dubai Financial Market","CAD","-","AED"
"SGSN","SGS SA","Industrials","Equity","15,288.63","0.05","15,288.63","96.00","158.48","Switzerland","SIX Swiss Exchange","CAD","-","CHF"
"STO","SANTOS","Energy","Equity","15,283.73","0.05","15,283.73","1,792.00","8.53","Australia","Asx - All Markets","CAD","-","AUD"
"VACN","VAT GROUP AG","Industrials","Equity","15,275.95","0.05","15,275.95","15.00","1,010.26","Switzerland","SIX Swiss Exchange","CAD","-","CHF"
"068270","CELLTRION","Health Care","Equity","15,217.80","0.05","15,217.80","83.00","182.52","Korea (South)","Korea Exchange (Stock Market)","CAD","-","KRW"
"BBDC4","BANCO BRADESCO PREF","Financials","Equity","15,137.52","0.05","15,137.52","3,077.00","4.92","Brazil","XBSP","CAD","-","BRL"
"6902","DENSO","Consumer Discretionary","Equity","15,134.88","0.05","15,134.88","868.00","17.43","Japan","Tokyo Stock Exchange","CAD","-","JPY"
"CCEP","COCA COLA EUROPACIFIC PARTNERS PLC","Consumer Staples","Equity","15,070.59","0.05","15,070.59","107.00","140.54","Netherlands","NASDAQ","CAD","-","USD"
"VOW3","VOLKSWAGEN NON-VOTING PREF AG","Consumer Discretionary","Equity","15,038.32","0.05","15,038.32","116.00","130.19","Germany","Xetra","CAD","-","EUR"
"16","SUN HUNG KAI PROPERTIES LTD","Real Estate","Equity","15,027.72","0.05","15,027.72","779.00","19.29","Hong Kong","Hong Kong Exchanges And Clearing Ltd","CAD","-","HKD"
"ACA","CREDIT AGRICOLE SA","Financials","Equity","14,980.30","0.05","14,980.30","501.00","29.89","France","Nyse Euronext - Euronext Paris","CAD","-","EUR"
"SBIN","STATE BANK OF INDIA","Financials","Equity","14,947.65","0.05","14,947.65","1,037.00","14.41","India","National Stock Exchange Of India","CAD","-","INR"
"1211","SAUDI ARABIAN MINING","Materials","Equity","14,830.26","0.05","14,830.26","643.00","23.08","Saudi Arabia","Saudi Stock Exchange","CAD","-","SAR"
"1088","CHINA SHENHUA ENERGY LTD H","Energy","Equity","14,818.74","0.05","14,818.74","1,859.00","7.97","China","Hong Kong Exchanges And Clearing Ltd","CAD","-","HKD"
"9503","KANSAI ELECTRIC POWER","Utilities","Equity","14,773.74","0.05","14,773.74","552.00","26.76","Japan","Tokyo Stock Exchange","CAD","-","JPY"
"2886","MEGA FINANCIAL HOLDING LTD","Financials","Equity","14,767.95","0.05","14,767.95","6,477.00","2.28","Taiwan","Taiwan Stock Exchange","CAD","-","TWD"
"BAER","JULIUS BAER GRUPPE AG","Financials","Equity","14,699.47","0.05","14,699.47","118.00","124.80","Switzerland","SIX Swiss Exchange","CAD","-","CHF"
"2883","KGI FINANCIAL HOLDING","Financials","Equity","14,630.14","0.05","14,630.14","8,408.00","1.74","Taiwan","Taiwan Stock Exchange","CAD","-","TWD"
"TCS","TATA CONSULTANCY SERVICES LTD","Information Technology","Equity","14,609.06","0.05","14,609.06","458.00","31.93","India","National Stock Exchange Of India","CAD","-","INR"
"MRK","MERCK","Health Care","Equity","14,581.99","0.05","14,581.99","69.00","211.17","Germany","Xetra","CAD","-","EUR"
"7013","IHI","Industrials","Equity","14,507.06","0.05","14,507.06","568.00","25.53","Japan","Tokyo Stock Exchange","CAD","-","JPY"
"FMG","FORTESCUE LTD","Materials","Equity","14,449.46","0.05","14,449.46","867.00","16.66","Australia","Asx - All Markets","CAD","-","AUD"
"UMG","UNIVERSAL MUSIC GROUP","Communication","Equity","14,419.09","0.05","14,419.09","609.00","23.68","Netherlands","Euronext Amsterdam","CAD","-","EUR"
"7936","ASICS","Consumer Discretionary","Equity","14,297.92","0.05","14,297.92","389.00","36.79","Japan","Tokyo Stock Exchange","CAD","-","JPY"
"CAP","CAPGEMINI","Information Technology","Equity","14,198.40","0.05","14,198.40","83.00","172.05","France","Nyse Euronext - Euronext Paris","CAD","-","EUR"
"SCCO","SOUTHERN COPPER CORP","Materials","Equity","14,195.84","0.05","14,195.84","52.00","274.29","Peru","New York Stock Exchange Inc.","CAD","-","USD"
"KNEBV","KONE","Industrials","Equity","14,172.95","0.05","14,172.95","175.00","81.06","Finland","Nasdaq Omx Helsinki Ltd.","CAD","-","EUR"
"TITAN","TITAN COMPANY LTD","Consumer Discretionary","Equity","14,094.72","0.05","14,094.72","200.00","70.58","India","National Stock Exchange Of India","CAD","-","INR"
"9101","NIPPON YUSEN","Industrials","Equity","13,952.29","0.05","13,952.29","205.00","67.95","Japan","Tokyo Stock Exchange","CAD","-","JPY"
"9022","CENTRAL JAPAN RAILWAY","Industrials","Equity","13,942.84","0.05","13,942.84","404.00","34.50","Japan","Tokyo Stock Exchange","CAD","-","JPY"
"WKL","WOLTERS KLUWER","Industrials","Equity","13,926.37","0.05","13,926.37","124.00","112.58","Netherlands","Euronext Amsterdam","CAD","-","EUR"
"2890","SINOPAC FINANCIAL HOLDINGS","Financials","Equity","13,905.68","0.05","13,905.68","6,884.00","2.02","Taiwan","Taiwan Stock Exchange","CAD","-","TWD"
"KPN","KONINKLIJKE KPN NV","Communication","Equity","13,892.05","0.05","13,892.05","2,055.00","6.76","Netherlands","Euronext Amsterdam","CAD","-","EUR"
"3008","LARGAN PRECISION LTD","Information Technology","Equity","13,879.43","0.04","13,879.43","53.00","264.09","Taiwan","Taiwan Stock Exchange","CAD","-","TWD"
"7832","BANDAI NAMCO HOLDINGS INC","Consumer Discretionary","Equity","13,850.49","0.04","13,850.49","273.00","50.75","Japan","Tokyo Stock Exchange","CAD","-","JPY"
"NESTE","NESTE","Energy","Equity","13,831.31","0.04","13,831.31","251.00","55.12","Finland","Nasdaq Omx Helsinki Ltd.","CAD","-","EUR"
"1801","INNOVENT BIOLOGICS","Health Care","Equity","13,812.36","0.04","13,812.36","806.00","17.14","China","Hong Kong Exchanges And Clearing Ltd","CAD","-","HKD"
"3443","GLOBAL UNICHIP","Information Technology","Equity","13,693.90","0.04","13,693.90","48.00","285.15","Taiwan","Taiwan Stock Exchange","CAD","-","TWD"
"3231","WISTRON","Information Technology","Equity","13,601.67","0.04","13,601.67","1,663.00","8.18","Taiwan","Taiwan Stock Exchange","CAD","-","TWD"
"BXB","BRAMBLES","Industrials","Equity","13,582.63","0.04","13,582.63","725.00","18.74","Australia","Asx - All Markets","CAD","-","AUD"
"BBCA","BANK CENTRAL ASIA","Financials","Equity","13,581.42","0.04","13,581.42","27,163.00","0.50","Indonesia","Indonesia Stock Exchange","CAD","-","IDR"
"ALFA","ALFA LAVAL","Industrials","Equity","13,562.83","0.04","13,562.83","171.00","79.22","Sweden","Nasdaq Omx Nordic","CAD","-","SEK"
"SUNPHARMA","SUN PHARMACEUTICAL INDUSTRIES LTD","Health Care","Equity","13,493.08","0.04","13,493.08","496.00","27.22","India","National Stock Exchange Of India","CAD","-","INR"
"HNR1","HANNOVER RUECK","Financials","Equity","13,463.83","0.04","13,463.83","33.00","409.97","Germany","Xetra","CAD","-","EUR"
"EUR","EUR CASH","Cash and/or Derivatives","Cash","13,457.15","0.04","13,457.15","84.00","160.65","European Union","-","CAD","-","EUR"
"ANTO","ANTOFAGASTA PLC","Materials","Equity","13,448.99","0.04","13,448.99","195.00","69.14","United Kingdom","London Stock Exchange","CAD","-","GBP"
"BAMI","BANCO BPM","Financials","Equity","13,443.81","0.04","13,443.81","522.00","25.74","Italy","Borsa Italiana","CAD","-","EUR"
"WRT1V","WARTSILA","Industrials","Equity","13,425.46","0.04","13,425.46","287.00","46.72","Finland","Nasdaq Omx Helsinki Ltd.","CAD","-","EUR"
"6920","LASERTEC","Information Technology","Equity","13,345.54","0.04","13,345.54","41.00","322.93","Japan","Tokyo Stock Exchange","CAD","-","JPY"
"AMXB","AMERICA MOVIL B","Communication","Equity","13,311.05","0.04","13,311.05","8,268.00","1.61","Mexico","Bolsa Mexicana De Valores","CAD","-","MXN"
"2412","CHUNGHWA TELECOM LTD","Communication","Equity","13,305.03","0.04","13,305.03","2,092.00","6.36","Taiwan","Taiwan Stock Exchange","CAD","-","TWD"
"KRX","KINGSPAN GROUP PLC","Industrials","Equity","13,265.32","0.04","13,265.32","85.00","155.43","Ireland","Irish Stock Exchange - All Market","CAD","-","EUR"
"B3SA3","B3 BRASIL BOLSA BALCAO SA","Financials","Equity","13,260.44","0.04","13,260.44","2,780.00","4.77","Brazil","XBSP","CAD","-","BRL"
"1925","DAIWA HOUSE INDUSTRY","Real Estate","Equity","13,257.63","0.04","13,257.63","319.00","41.54","Japan","Tokyo Stock Exchange","CAD","-","JPY"
"UPM","UPM-KYMMENE","Materials","Equity","13,241.87","0.04","13,241.87","312.00","42.41","Finland","Nasdaq Omx Helsinki Ltd.","CAD","-","EUR"
"2301","LITE ON TECHNOLOGY","Information Technology","Equity","13,218.38","0.04","13,218.38","1,083.00","12.20","Taiwan","Taiwan Stock Exchange","CAD","-","TWD"
"KRZ","KERRY GROUP PLC","Consumer Staples","Equity","13,146.89","0.04","13,146.89","96.00","136.55","Ireland","Irish Stock Exchange - All Market","CAD","-","EUR"
"316140","WOORI FINANCIAL GROUP INC","Financials","Equity","13,145.51","0.04","13,145.51","358.00","36.75","Korea (South)","Korea Exchange (Stock Market)","CAD","-","KRW"
"PST","POSTE ITALIANE","Financials","Equity","13,142.13","0.04","13,142.13","302.00","43.49","Italy","Borsa Italiana","CAD","-","EUR"
"PBBANK","PUBLIC BANK","Financials","Equity","13,113.19","0.04","13,113.19","7,996.00","1.64","Malaysia","Bursa Malaysia","CAD","-","MYR"
"2344","WINBOND ELECTRONICS","Information Technology","Equity","13,090.83","0.04","13,090.83","1,755.00","7.46","Taiwan","Taiwan Stock Exchange","CAD","-","TWD"
"5801","FURUKAWA ELECTRIC LTD","Industrials","Equity","13,087.53","0.04","13,087.53","387.00","33.79","Japan","Tokyo Stock Exchange","CAD","-","JPY"
"DSFIR","DSM FIRMENICH AG","Materials","Equity","13,067.72","0.04","13,067.72","88.00","148.37","Netherlands","Euronext Amsterdam","CAD","-","EUR"
"BT.A","BT GROUP PLC","Communication","Equity","13,066.90","0.04","13,066.90","3,359.00","3.89","United Kingdom","London Stock Exchange","CAD","-","GBP"
"BOL","BOLIDEN","Materials","Equity","13,046.22","0.04","13,046.22","170.00","76.86","Sweden","Nasdaq Omx Nordic","CAD","-","SEK"
"HLMA","HALMA PLC","Information Technology","Equity","13,013.42","0.04","13,013.42","198.00","65.89","United Kingdom","London Stock Exchange","CAD","-","GBP"
"ETE","NATIONAL BANK OF GREECE","Financials","Equity","13,009.01","0.04","13,009.01","465.00","27.97","Greece","Athens Exchange S.A. Cash Market","CAD","-","EUR"
"005490","POSCO","Materials","Equity","12,971.07","0.04","12,971.07","39.00","330.52","Korea (South)","Korea Exchange (Stock Market)","CAD","-","KRW"
"TRN","TERNA RETE ELETTRICA NAZIONALE","Utilities","Equity","12,860.64","0.04","12,860.64","850.00","15.13","Italy","Borsa Italiana","CAD","-","EUR"
"KRW","KRW CASH","Cash and/or Derivatives","Cash","12,830.05","0.04","12,830.05","128,301.00","0.10","Korea (South)","-","CAD","-","KRW"
"EMIRATESNBD","EMIRATES NBD","Financials","Equity","12,711.81","0.04","12,711.81","1,071.00","11.87","United Arab Emirates","Dubai Financial Market","CAD","-","AED"
"2","CLP HOLDINGS","Utilities","Equity","12,690.92","0.04","12,690.92","923.00","13.75","Hong Kong","Hong Kong Exchanges And Clearing Ltd","CAD","-","HKD"
"ELE","ENDESA SA","Utilities","Equity","12,644.86","0.04","12,644.86","180.00","70.24","Spain","Bolsa De Madrid","CAD","-","EUR"
"EDP","EDP ENERGIAS DE PORTUGAL","Utilities","Equity","12,584.82","0.04","12,584.82","1,616.00","7.79","Portugal","Nyse Euronext - Euronext Lisbon","CAD","-","EUR"
"EPI A","EPIROC CLASS A","Industrials","Equity","12,544.35","0.04","12,544.35","344.00","36.50","Sweden","Nasdaq Omx Nordic","CAD","-","SEK"
"012330","HYUNDAI MOBIS LTD","Consumer Discretionary","Equity","12,519.13","0.04","12,519.13","32.00","385.69","Korea (South)","Korea Exchange (Stock Market)","CAD","-","KRW"
"032830","SAMSUNG LIFE LTD","Financials","Equity","12,501.42","0.04","12,501.42","44.00","283.95","Korea (South)","Korea Exchange (Stock Market)","CAD","-","KRW"
"VNA","VONOVIA SE","Real Estate","Equity","12,478.81","0.04","12,478.81","432.00","28.88","Germany","Xetra","CAD","-","EUR"
"ITSA4","ITAUSA INVESTIMENTOS ITAU PREF SA","Financials","Equity","12,450.98","0.04","12,450.98","3,242.00","3.84","Brazil","XBSP","CAD","-","BRL"
"9735","SECOM","Industrials","Equity","12,422.11","0.04","12,422.11","213.00","58.43","Japan","Tokyo Stock Exchange","CAD","-","JPY"
"ETERNAL","ETERNAL","Consumer Discretionary","Equity","12,395.35","0.04","12,395.35","2,637.00","4.70","India","National Stock Exchange Of India","CAD","-","INR"
"SGRO","SEGRO REIT PLC","Real Estate","Equity","12,394.20","0.04","12,394.20","704.00","17.60","United Kingdom","London Stock Exchange","CAD","-","GBP"
"4004","RESONAC HOLDINGS","Materials","Equity","12,378.76","0.04","12,378.76","102.00","121.77","Japan","Tokyo Stock Exchange","CAD","-","JPY"
"8601","DAIWA SECURITIES GROUP INC","Financials","Equity","12,335.82","0.04","12,335.82","751.00","16.43","Japan","Tokyo Stock Exchange","CAD","-","JPY"
"FBK","FINECOBANK BANCA FINECO","Financials","Equity","12,329.10","0.04","12,329.10","333.00","37.05","Italy","Borsa Italiana","CAD","-","EUR"
"7769","HONPRECISION INC","Information Technology","Equity","12,302.92","0.04","12,302.92","46.00","269.14","Taiwan","Taiwan Stock Exchange","CAD","-","TWD"
"6326","KUBOTA","Industrials","Equity","12,284.32","0.04","12,284.32","491.00","25.00","Japan","Tokyo Stock Exchange","CAD","-","JPY"
"PGHN","PARTNERS GROUP HOLDING AG","Financials","Equity","12,250.48","0.04","12,250.48","12.00","1,054.40","Switzerland","SIX Swiss Exchange","CAD","-","CHF"
"TEF","TELEFONICA SA","Communication","Equity","12,230.94","0.04","12,230.94","2,028.00","6.03","Spain","Bolsa De Madrid","CAD","-","EUR"
"9104","MITSUI OSK LINES LTD","Industrials","Equity","12,022.22","0.04","12,022.22","180.00","66.80","Japan","Tokyo Stock Exchange","CAD","-","JPY"
"066570","LG ELECTRONICS INC","Consumer Discretionary","Equity","11,991.38","0.04","11,991.38","60.00","200.33","Korea (South)","Korea Exchange (Stock Market)","CAD","-","KRW"
"DSY","DASSAULT SYSTEMES","Information Technology","Equity","11,990.13","0.04","11,990.13","363.00","33.06","France","Nyse Euronext - Euronext Paris","CAD","-","EUR"
"SOON","SONOVA HOLDING AG","Health Care","Equity","11,954.34","0.04","11,954.34","30.00","399.01","Switzerland","SIX Swiss Exchange","CAD","-","CHF"
"ENX","EURONEXT NV","Financials","Equity","11,932.85","0.04","11,932.85","47.00","252.86","France","Nyse Euronext - Euronext Paris","CAD","-","EUR"
"8697","JAPAN EXCHANGE GROUP","Financials","Equity","11,929.89","0.04","11,929.89","590.00","20.23","Japan","Tokyo Stock Exchange","CAD","-","JPY"
"CEMEXCPO","CEMEX CPO","Materials","Equity","11,911.30","0.04","11,911.30","8,330.00","1.43","Mexico","Bolsa Mexicana De Valores","CAD","-","MXN"
"8795","T&D HOLDINGS","Financials","Equity","11,883.86","0.04","11,883.86","262.00","45.33","Japan","Tokyo Stock Exchange","CAD","-","JPY"
"KOG","KONGSBERG GRUPPEN","Industrials","Equity","11,844.37","0.04","11,844.37","247.00","48.05","Norway","Oslo Bors Asa","CAD","-","NOK"
"3653","JENTECH PRECISION INDUSTRIAL LTD","Information Technology","Equity","11,811.19","0.04","11,811.19","50.00","234.92","Taiwan","Taiwan Stock Exchange","CAD","-","TWD"
"2503","KIRIN HOLDINGS","Consumer Staples","Equity","11,807.74","0.04","11,807.74","454.00","25.98","Japan","Tokyo Stock Exchange","CAD","-","JPY"
"FPH","FISHER AND PAYKEL HEALTHCARE CORPO","Health Care","Equity","11,785.46","0.04","11,785.46","331.00","35.61","New Zealand","New Zealand Exchange Ltd","CAD","-","NZD"
"ESSITY B","ESSITY CLASS B","Consumer Staples","Equity","11,737.80","0.04","11,737.80","312.00","37.66","Sweden","Nasdaq Omx Nordic","CAD","-","SEK"
"MARUTI","MARUTI SUZUKI INDIA LTD","Consumer Discretionary","Equity","11,699.41","0.04","11,699.41","65.00","179.87","India","National Stock Exchange Of India","CAD","-","INR"
"S32","SOUTH32","Materials","Equity","11,603.60","0.04","11,603.60","2,412.00","4.81","Australia","Asx - All Markets","CAD","-","AUD"
"6223","MPI CORP","Information Technology","Equity","11,582.83","0.04","11,582.83","48.00","241.28","Taiwan","Gretai Securities Market","CAD","-","TWD"
"TATASTEEL","TATA STEEL LTD","Materials","Equity","11,574.05","0.04","11,574.05","4,240.00","2.73","India","National Stock Exchange Of India","CAD","-","INR"
"CPU","COMPUTERSHARE LTD","Industrials","Equity","11,541.71","0.04","11,541.71","284.00","40.68","Australia","Asx - All Markets","CAD","-","AUD"
"NTPC","NTPC LTD","Utilities","Equity","11,538.15","0.04","11,538.15","2,399.00","4.81","India","National Stock Exchange Of India","CAD","-","INR"
"WEGE3","WEG","Industrials","Equity","11,469.57","0.04","11,469.57","828.00","13.85","Brazil","XBSP","CAD","-","BRL"
"UU.","UNITED UTILITIES GROUP PLC","Utilities","Equity","11,406.11","0.04","11,406.11","439.00","26.00","United Kingdom","London Stock Exchange","CAD","-","GBP"
"2328","PICC PROPERTY AND CASUALTY LTD H","Financials","Equity","11,392.76","0.04","11,392.76","3,798.00","3.00","China","Hong Kong Exchanges And Clearing Ltd","CAD","-","HKD"
"SHL","SIEMENS HEALTHINEERS AG","Health Care","Equity","11,376.41","0.04","11,376.41","184.00","61.72","Germany","Xetra","CAD","-","EUR"
"AXIA3","AXIA ENERGIA SA","Utilities","Equity","11,346.07","0.04","11,346.07","755.00","15.03","Brazil","XBSP","CAD","-","BRL"
"ICT","INTERNATIONAL CONTAINER TERMINAL S","Industrials","Equity","11,310.67","0.04","11,310.67","542.00","20.85","Philippines","Philippine Stock Exchange Inc.","CAD","-","PHP"
"CIMB","CIMB GROUP HOLDINGS","Financials","Equity","11,307.43","0.04","11,307.43","4,316.00","2.62","Malaysia","Bursa Malaysia","CAD","-","MYR"
"TWD","TWD CASH","Cash and/or Derivatives","Cash","11,305.15","0.04","11,305.15","2,575.00","4.39","Taiwan","-","CAD","-","TWD"
"2502","ASAHI GROUP HOLDINGS","Consumer Staples","Equity","11,301.89","0.04","11,301.89","765.00","14.77","Japan","Tokyo Stock Exchange","CAD","-","JPY"
"HINDUNILVR","HINDUSTAN UNILEVER LTD","Consumer Staples","Equity","11,289.97","0.04","11,289.97","399.00","28.31","India","National Stock Exchange Of India","CAD","-","INR"
"SHFL","SHRIRAM FINANCE LTD","Financials","Equity","11,269.16","0.04","11,269.16","777.00","14.51","India","National Stock Exchange Of India","CAD","-","INR"
"SUN","SUNCORP GROUP","Financials","Equity","11,268.18","0.04","11,268.18","589.00","19.12","Australia","Asx - All Markets","CAD","-","AUD"
"LOGN","LOGITECH INTERNATIONAL","Information Technology","Equity","11,201.58","0.04","11,201.58","78.00","143.17","Switzerland","SIX Swiss Exchange","CAD","-","CHF"
"INF","INFORMA PLC","Communication","Equity","11,196.20","0.04","11,196.20","671.00","16.68","United Kingdom","London Stock Exchange","CAD","-","GBP"
"DPLM","DIPLOMA PLC","Industrials","Equity","11,178.21","0.04","11,178.21","82.00","136.89","United Kingdom","London Stock Exchange","CAD","-","GBP"
"MAYBANK","MALAYAN BANKING","Financials","Equity","11,148.77","0.04","11,148.77","3,149.00","3.54","Malaysia","Bursa Malaysia","CAD","-","MYR"
"7733","OLYMPUS","Health Care","Equity","11,112.65","0.04","11,112.65","611.00","18.18","Japan","Tokyo Stock Exchange","CAD","-","JPY"
"ORG","ORIGIN ENERGY","Utilities","Equity","11,069.72","0.04","11,069.72","948.00","11.68","Australia","Asx - All Markets","CAD","-","AUD"
"6988","NITTO DENKO","Materials","Equity","11,055.84","0.04","11,055.84","362.00","30.58","Japan","Tokyo Stock Exchange","CAD","-","JPY"
"BEL","BHARAT ELECTRONICS LTD","Industrials","Equity","11,018.24","0.04","11,018.24","1,910.00","5.77","India","National Stock Exchange Of India","CAD","-","INR"
"BG","BAWAG GROUP AG","Financials","Equity","10,981.63","0.04","10,981.63","38.00","286.92","Austria","Wiener Boerse Ag","CAD","-","EUR"
"SRG","SNAM","Utilities","Equity","10,968.59","0.04","10,968.59","1,215.00","9.03","Italy","Borsa Italiana","CAD","-","EUR"
"2892","FIRST FINANCIAL HOLDING LTD","Financials","Equity","10,965.22","0.04","10,965.22","6,126.00","1.79","Taiwan","Taiwan Stock Exchange","CAD","-","TWD"
"BESI","BE SEMICONDUCTOR INDUSTRIES NV","Information Technology","Equity","10,964.94","0.04","10,964.94","38.00","291.58","Netherlands","Euronext Amsterdam","CAD","-","EUR"
"600519","KWEICHOW MOUTAI A","Consumer Staples","Equity","10,941.98","0.04","10,941.98","41.00","264.29","China","Shanghai Stock Exchange","CAD","-","CNY"
"BPAC11","BCO BTG PACTUAL UNT SA","Financials","Equity","10,941.86","0.04","10,941.86","660.00","16.58","Brazil","XBSP","CAD","-","BRL"
"EDV","ENDEAVOUR MINING","Materials","Equity","10,941.18","0.04","10,941.18","125.00","87.29","United Kingdom","London Stock Exchange","CAD","-","GBP"
"6594","NIDEC","Industrials","Equity","10,939.19","0.04","10,939.19","447.00","24.46","Japan","Tokyo Stock Exchange","CAD","-","JPY"
"034730","SK INC","Industrials","Equity","10,884.34","0.04","10,884.34","20.00","545.63","Korea (South)","Korea Exchange (Stock Market)","CAD","-","KRW"
"RO","ROCHE HOLDING AG","Health Care","Equity","10,855.35","0.04","10,855.35","17.00","625.85","Switzerland","SIX Swiss Exchange","CAD","-","CHF"
"PHOE","PHOENIX FINANCIAL LTD","Financials","Equity","10,852.52","0.04","10,852.52","126.00","85.96","Israel","Tel Aviv Stock Exchange","CAD","-","ILS"
"ADCB","ABU DHABI COMMERCIAL BANK","Financials","Equity","10,838.60","0.04","10,838.60","1,743.00","6.22","United Arab Emirates","Abu Dhabi Securities Exchange","CAD","-","AED"
"DSCT","ISRAEL DISCOUNT BANK LTD","Financials","Equity","10,832.49","0.04","10,832.49","650.00","16.67","Israel","Tel Aviv Stock Exchange","CAD","-","ILS"
"000810","SAMSUNG FIRE & MARINE INSURANCE LT","Financials","Equity","10,767.96","0.03","10,767.96","16.00","674.19","Korea (South)","Korea Exchange (Stock Market)","CAD","-","KRW"
"NTGY","NATURGY ENERGY GROUP SA","Utilities","Equity","10,761.81","0.03","10,761.81","224.00","48.07","Spain","Bolsa De Madrid","CAD","-","EUR"
"9987","YUM CHINA HOLDINGS INC","Consumer Discretionary","Equity","10,747.38","0.03","10,747.38","184.00","58.40","China","Hong Kong Exchanges And Clearing Ltd","CAD","-","HKD"
"9532","OSAKA GAS","Utilities","Equity","10,741.54","0.03","10,741.54","193.00","55.72","Japan","Tokyo Stock Exchange","CAD","-","JPY"
"WALMEX*","WALMART DE MEXICO V","Consumer Staples","Equity","10,730.10","0.03","10,730.10","2,854.00","3.76","Mexico","Bolsa Mexicana De Valores","CAD","-","MXN"
"5713","SUMITOMO METAL MINING","Materials","Equity","10,718.37","0.03","10,718.37","128.00","83.77","Japan","Tokyo Stock Exchange","CAD","-","JPY"
"2880","HUA NAN FINANCIAL HOLDINGS","Financials","Equity","10,684.42","0.03","10,684.42","5,088.00","2.10","Taiwan","Taiwan Stock Exchange","CAD","-","TWD"
"4507","SHIONOGI","Health Care","Equity","10,680.62","0.03","10,680.62","399.00","26.78","Japan","Tokyo Stock Exchange","CAD","-","JPY"
"CLNX","CELLNEX TELECOM","Communication","Equity","10,589.82","0.03","10,589.82","263.00","40.27","Spain","Bolsa De Madrid","CAD","-","EUR"
"1802","OBAYASHI","Industrials","Equity","10,551.17","0.03","10,551.17","375.00","28.10","Japan","Tokyo Stock Exchange","CAD","-","JPY"
"175","GEELY AUTOMOBILE HOLDINGS LTD","Consumer Discretionary","Equity","10,490.54","0.03","10,490.54","3,681.00","2.85","China","Hong Kong Exchanges And Clearing Ltd","CAD","-","HKD"
"S63","SINGAPORE TECHNOLOGIES ENGINEERING","Industrials","Equity","10,451.01","0.03","10,451.01","936.00","11.17","Singapore","Singapore Exchange","CAD","-","SGD"
"EQT","EQT","Financials","Equity","10,418.54","0.03","10,418.54","241.00","43.32","Sweden","Nasdaq Omx Nordic","CAD","-","SEK"
"FORTUM","FORTUM","Utilities","Equity","10,403.81","0.03","10,403.81","265.00","39.25","Finland","Nasdaq Omx Helsinki Ltd.","CAD","-","EUR"
"9766","KONAMI GROUP","Communication","Equity","10,399.09","0.03","10,399.09","54.00","191.01","Japan","Tokyo Stock Exchange","CAD","-","JPY"
"RI","PERNOD RICARD SA","Consumer Staples","Equity","10,385.28","0.03","10,385.28","108.00","96.58","France","Nyse Euronext - Euronext Paris","CAD","-","EUR"
"TLS","TELSTRA GROUP","Communication","Equity","10,370.45","0.03","10,370.45","2,143.00","4.84","Australia","Asx - All Markets","CAD","-","AUD"
"AGS","AGEAS","Financials","Equity","10,369.28","0.03","10,369.28","84.00","123.46","Belgium","Nyse Euronext - Euronext Brussels","CAD","-","EUR"
"8830","SUMITOMO REALTY & DEVELOPMENT","Real Estate","Equity","10,343.14","0.03","10,343.14","354.00","29.21","Japan","Tokyo Stock Exchange","CAD","-","JPY"
"BN4","KEPPEL","Industrials","Equity","10,315.71","0.03","10,315.71","846.00","12.19","Singapore","Singapore Exchange","CAD","-","SGD"
"SY1","SYMRISE AG","Materials","Equity","10,301.19","0.03","10,301.19","71.00","144.74","Germany","Xetra","CAD","-","EUR"
"HEN3","HENKEL & KGAA PREF AG","Consumer Staples","Equity","10,230.67","0.03","10,230.67","86.00","118.91","Germany","Xetra","CAD","-","EUR"
"ASRNL","ASR NEDERLAND","Financials","Equity","10,204.77","0.03","10,204.77","85.00","120.42","Netherlands","Euronext Amsterdam","CAD","-","EUR"
"IMP","IMPALA PLATINUM","Materials","Equity","10,185.64","0.03","10,185.64","498.00","20.47","South Africa","Johannesburg Stock Exchange","CAD","-","ZAR"
"HINDALCO","HINDALCO INDUSTRIES LTD","Materials","Equity","10,165.87","0.03","10,165.87","711.00","14.29","India","National Stock Exchange Of India","CAD","-","INR"
"EUROB","EUROBANK SA","Financials","Equity","10,138.88","0.03","10,138.88","1,350.00","7.51","Greece","Athens Exchange S.A. Cash Market","CAD","-","EUR"
"3407","ASAHI KASEI","Materials","Equity","10,117.58","0.03","10,117.58","699.00","14.48","Japan","Tokyo Stock Exchange","CAD","-","JPY"
"ABEV3","AMBEV SA","Consumer Staples","Equity","10,072.74","0.03","10,072.74","2,387.00","4.22","Brazil","XBSP","CAD","-","BRL"
"MZTF","MIZRAHI TEFAHOT BANK LTD","Financials","Equity","10,000.37","0.03","10,000.37","91.00","110.49","Israel","Tel Aviv Stock Exchange","CAD","-","ILS"
"386","CHINA PETROLEUM AND CHEMICAL H","Energy","Equity","9,987.06","0.03","9,987.06","12,484.00","0.80","China","Hong Kong Exchanges And Clearing Ltd","CAD","-","HKD"
"1928","SEKISUI HOUSE","Consumer Discretionary","Equity","9,979.53","0.03","9,979.53","327.00","30.56","Japan","Tokyo Stock Exchange","CAD","-","JPY"
"STMN","STRAUMANN HOLDING AG","Health Care","Equity","9,885.59","0.03","9,885.59","62.00","160.72","Switzerland","SIX Swiss Exchange","CAD","-","CHF"
"SCG","SCENTRE GROUP","Real Estate","Equity","9,881.96","0.03","9,881.96","2,840.00","3.48","Australia","Asx - All Markets","CAD","-","AUD"
"6446","PHARMAESSENTIA","Health Care","Equity","9,861.00","0.03","9,861.00","188.00","52.42","Taiwan","Taiwan Stock Exchange","CAD","-","TWD"
"S68","SINGAPORE EXCHANGE","Financials","Equity","9,792.26","0.03","9,792.26","401.00","24.42","Singapore","Singapore Exchange","CAD","-","SGD"
"PEO","BANK PEKAO SA","Financials","Equity","9,782.17","0.03","9,782.17","98.00","100.29","Poland","Warsaw Stock Exchange/Equities/Main Market","CAD","-","PLN"
"823","LINK REAL ESTATE INVESTMENT TRUST","Real Estate","Equity","9,767.84","0.03","9,767.84","1,491.00","6.55","Hong Kong","Hong Kong Exchanges And Clearing Ltd","CAD","-","HKD"
"TPEIR","PIRAEUS BANK SA","Financials","Equity","9,759.71","0.03","9,759.71","585.00","16.68","Greece","Athens Exchange S.A. Cash Market","CAD","-","EUR"
"PTT.R","PTT NON-VOTING DR","Energy","Equity","9,738.95","0.03","9,738.95","5,502.00","1.77","Thailand","Stock Exchange Of Thailand","CAD","-","THB"
"IAG","INSURANCE AUSTRALIA GROUP","Financials","Equity","9,723.43","0.03","9,723.43","1,206.00","8.06","Australia","Asx - All Markets","CAD","-","AUD"
"CICT","CAPITALAND INTEGRATED COMMERCIAL T","Real Estate","Equity","9,721.50","0.03","9,721.50","3,889.00","2.50","Singapore","Singapore Exchange","CAD","-","SGD"
"6525","KOKUSAI ELECTRIC","Information Technology","Equity","9,717.06","0.03","9,717.06","131.00","74.39","Japan","Tokyo Stock Exchange","CAD","-","JPY"
"MAERSK B","A P MOLLER MAERSK B","Industrials","Equity","9,715.85","0.03","9,715.85","2.00","4,882.66","Denmark","Omx Nordic Exchange Copenhagen A/S","CAD","-","DKK"
"KGH","KGHM POLSKA MIEDZ SA","Materials","Equity","9,687.08","0.03","9,687.08","77.00","125.70","Poland","Warsaw Stock Exchange/Equities/Main Market","CAD","-","PLN"
"SGE","THE SAGE GROUP","Information Technology","Equity","9,682.21","0.03","9,682.21","501.00","19.31","United Kingdom","London Stock Exchange","CAD","-","GBP"
"9502","CHUBU ELECTRIC POWER INC","Utilities","Equity","9,681.06","0.03","9,681.06","364.00","26.63","Japan","Tokyo Stock Exchange","CAD","-","JPY"
"AKRBP","AKER BP","Energy","Equity","9,662.83","0.03","9,662.83","177.00","54.60","Norway","Oslo Bors Asa","CAD","-","NOK"
"EMBJ3","EMBRAER","Industrials","Equity","9,629.64","0.03","9,629.64","371.00","25.93","Brazil","XBSP","CAD","-","BRL"
"267260","HD HYUNDAI ELECTRIC","Industrials","Equity","9,611.97","0.03","9,611.97","13.00","720.76","Korea (South)","Korea Exchange (Stock Market)","CAD","-","KRW"
"SBSP3","COMPANHIA DE SANEAMENTO BASICO DE","Utilities","Equity","9,602.54","0.03","9,602.54","1,310.00","7.33","Brazil","XBSP","CAD","-","BRL"
"SCHP","SCHINDLER HOLDING PAR AG","Industrials","Equity","9,594.49","0.03","9,594.49","22.00","433.31","Switzerland","SIX Swiss Exchange","CAD","-","CHF"
"EN","BOUYGUES SA","Industrials","Equity","9,592.42","0.03","9,592.42","133.00","72.05","France","Nyse Euronext - Euronext Paris","CAD","-","EUR"
"UNI","UNIPOL ASSICURAZIONI SPA","Financials","Equity","9,582.91","0.03","9,582.91","210.00","45.58","Italy","Borsa Italiana","CAD","-","EUR"
"1812","KAJIMA","Industrials","Equity","9,574.16","0.03","9,574.16","210.00","45.52","Japan","Tokyo Stock Exchange","CAD","-","JPY"
"7453","RYOHIN KEIKAKU","Consumer Discretionary","Equity","9,570.36","0.03","9,570.36","269.00","35.58","Japan","Tokyo Stock Exchange","CAD","-","JPY"
"OMV","OMV","Energy","Equity","9,549.71","0.03","9,549.71","82.00","115.91","Austria","Wiener Boerse Ag","CAD","-","EUR"
"BKT","BANKINTER SA","Financials","Equity","9,543.39","0.03","9,543.39","354.00","26.94","Spain","Bolsa De Madrid","CAD","-","EUR"
"ALE","ALLEGRO SA","Consumer Discretionary","Equity","9,540.19","0.03","9,540.19","523.00","18.23","Poland","Warsaw Stock Exchange/Equities/Main Market","CAD","-","PLN"
"373220","LG ENERGY SOLUTION LTD","Industrials","Equity","9,514.41","0.03","9,514.41","26.00","369.49","Korea (South)","Korea Exchange (Stock Market)","CAD","-","KRW"
"KNIN","KUEHNE UND NAGEL INTERNATIONAL AG","Industrials","Equity","9,513.66","0.03","9,513.66","26.00","367.60","Switzerland","SIX Swiss Exchange","CAD","-","CHF"
"METSO","METSO CORPORATION","Industrials","Equity","9,495.40","0.03","9,495.40","337.00","28.18","Finland","Nasdaq Omx Helsinki Ltd.","CAD","-","EUR"
"SPSN","SWISS PRIME SITE AG","Real Estate","Equity","9,454.38","0.03","9,454.38","44.00","215.46","Switzerland","SIX Swiss Exchange","CAD","-","CHF"
"CCH","COCA COLA HBC AG","Consumer Staples","Equity","9,444.12","0.03","9,444.12","110.00","86.09","United Kingdom","London Stock Exchange","CAD","-","GBP"
"ADM","ADMIRAL GROUP PLC","Financials","Equity","9,299.23","0.03","9,299.23","128.00","72.72","United Kingdom","London Stock Exchange","CAD","-","GBP"
"6361","EBARA","Industrials","Equity","9,278.67","0.03","9,278.67","243.00","38.17","Japan","Tokyo Stock Exchange","CAD","-","JPY"
"4307","NOMURA RESEARCH INSTITUTE","Information Technology","Equity","9,255.34","0.03","9,255.34","200.00","46.29","Japan","Tokyo Stock Exchange","CAD","-","JPY"
"300750","CONTEMPORARY AMPEREX TECHNOLOGY A","Industrials","Equity","9,240.66","0.03","9,240.66","146.00","63.48","China","Shenzhen Stock Exchange","CAD","-","CNY"
"ITRK","INTERTEK GROUP PLC","Industrials","Equity","9,238.03","0.03","9,238.03","85.00","109.07","United Kingdom","London Stock Exchange","CAD","-","GBP"
"CARL B","CARLSBERG AS CL B","Consumer Staples","Equity","9,230.41","0.03","9,230.41","50.00","183.57","Denmark","Omx Nordic Exchange Copenhagen A/S","CAD","-","DKK"
"ULTRACEMCO","ULTRATECH CEMENT LTD","Materials","Equity","9,209.23","0.03","9,209.23","59.00","156.93","India","National Stock Exchange Of India","CAD","-","INR"
"ABG","ABSA GROUP","Financials","Equity","9,188.25","0.03","9,188.25","484.00","19.00","South Africa","Johannesburg Stock Exchange","CAD","-","ZAR"
"5016","JX ADVANCED METALS CORP","Materials","Equity","9,186.15","0.03","9,186.15","292.00","31.43","Japan","Tokyo Stock Exchange","CAD","-","JPY"
"RYA","RYANAIR HOLDINGS PLC","Industrials","Equity","9,135.75","0.03","9,135.75","252.00","36.31","Ireland","Irish Stock Exchange - All Market","CAD","-","EUR"
"HCLTECH","HCL TECHNOLOGIES LTD","Information Technology","Equity","9,104.43","0.03","9,104.43","496.00","18.34","India","National Stock Exchange Of India","CAD","-","INR"
"4958","ZHEN DING TECHNOLOGY HOLDING LTD","Information Technology","Equity","9,023.02","0.03","9,023.02","432.00","20.88","Taiwan","Taiwan Stock Exchange","CAD","-","TWD"
"9531","TOKYO GAS LTD","Utilities","Equity","9,008.38","0.03","9,008.38","156.00","57.92","Japan","Tokyo Stock Exchange","CAD","-","JPY"
"207940","SAMSUNG BIOLOGICS","Health Care","Equity","8,997.21","0.03","8,997.21","6.00","1,413.18","Korea (South)","Korea Exchange (Stock Market)","CAD","-","KRW"
"2010","SAUDI BASIC INDUSTRIES","Materials","Equity","8,956.65","0.03","8,956.65","501.00","17.87","Saudi Arabia","Saudi Stock Exchange","CAD","-","SAR"
"DIVISLAB","DIVIS LABORATORIES LTD","Health Care","Equity","8,934.84","0.03","8,934.84","66.00","135.92","India","National Stock Exchange Of India","CAD","-","INR"
"NVMI","NOVA","Information Technology","Equity","8,931.33","0.03","8,931.33","18.00","487.62","Israel","Tel Aviv Stock Exchange","CAD","-","ILS"
"SVT","SEVERN TRENT PLC","Utilities","Equity","8,920.97","0.03","8,920.97","155.00","57.45","United Kingdom","London Stock Exchange","CAD","-","GBP"
"BS6","YANGZIJIANG SHIPBUILDING (HOLDINGS","Industrials","Equity","8,906.10","0.03","8,906.10","1,579.00","5.64","Singapore","Singapore Exchange","CAD","-","SGD"
"2020","ANTA SPORTS PRODUCTS LTD","Consumer Discretionary","Equity","8,886.75","0.03","8,886.75","692.00","12.84","China","Hong Kong Exchanges And Clearing Ltd","CAD","-","HKD"
"033780","KT&G CORP","Consumer Staples","Equity","8,881.64","0.03","8,881.64","50.00","175.94","Korea (South)","Korea Exchange (Stock Market)","CAD","-","KRW"
"POWERGRID","POWER GRID CORPORATION OF INDIA","Utilities","Equity","8,858.64","0.03","8,858.64","2,301.00","3.85","India","National Stock Exchange Of India","CAD","-","INR"
"URW","UNIBAIL RODAMCO WE STAPLED UNITS","Real Estate","Equity","8,851.79","0.03","8,851.79","58.00","151.62","France","Nyse Euronext - Euronext Paris","CAD","-","EUR"
"HAR","HARMONY GOLD MINING COMPANY LIMITE","Materials","Equity","8,839.01","0.03","8,839.01","315.00","28.02","South Africa","Johannesburg Stock Exchange","CAD","-","ZAR"
"7735","SCREEN HOLDINGS LTD","Information Technology","Equity","8,795.37","0.03","8,795.37","79.00","110.64","Japan","Tokyo Stock Exchange","CAD","-","JPY"
"1216","UNI-PRESIDENT ENTERPRISES","Consumer Staples","Equity","8,794.97","0.03","8,794.97","2,657.00","3.31","Taiwan","Taiwan Stock Exchange","CAD","-","TWD"
"HKD","HKD CASH","Cash and/or Derivatives","Cash","8,793.39","0.03","8,793.39","493.00","17.83","Hong Kong","-","CAD","-","HKD"
"BBRI","BANK RAKYAT INDONESIA (PERSERO)","Financials","Equity","8,764.20","0.03","8,764.20","33,708.00","0.26","Indonesia","Indonesia Stock Exchange","CAD","-","IDR"
"TELIA","TELIA COMPANY","Communication","Equity","8,732.64","0.03","8,732.64","1,280.00","6.82","Sweden","Nasdaq Omx Nordic","CAD","-","SEK"
"6383","DAIFUKU","Industrials","Equity","8,730.09","0.03","8,730.09","180.00","48.46","Japan","Tokyo Stock Exchange","CAD","-","JPY"
"7186","YOKOHAMA FINANCIAL GROUP","Financials","Equity","8,726.90","0.03","8,726.90","512.00","17.04","Japan","Tokyo Stock Exchange","CAD","-","JPY"
"EVO","EVOLUTION","Consumer Discretionary","Equity","8,716.49","0.03","8,716.49","68.00","128.24","Sweden","Nasdaq Omx Nordic","CAD","-","SEK"
"NHY","NORSK HYDRO","Materials","Equity","8,700.08","0.03","8,700.08","677.00","12.85","Norway","Oslo Bors Asa","CAD","-","NOK"
"8299","PHISON ELECTRONICS CORP","Information Technology","Equity","8,695.59","0.03","8,695.59","101.00","86.42","Taiwan","Gretai Securities Market","CAD","-","TWD"
"3750","CONTEMPORARY AMPEREX TECHNOLOGY CL","Industrials","Equity","8,680.01","0.03","8,680.01","96.00","90.38","China","Hong Kong Exchanges And Clearing Ltd","CAD","-","HKD"
"3481","INNOLUX CORP","Information Technology","Equity","8,656.19","0.03","8,656.19","4,064.00","2.13","Taiwan","Taiwan Stock Exchange","CAD","-","TWD"
"1801","TAISEI","Industrials","Equity","8,621.74","0.03","8,621.74","75.00","114.32","Japan","Tokyo Stock Exchange","CAD","-","JPY"
"8473","SBI HOLDINGS INC","Financials","Equity","8,618.58","0.03","8,618.58","295.00","29.24","Japan","Tokyo Stock Exchange","CAD","-","JPY"
"EICHERMOT","EICHER MOTORS LTD","Consumer Discretionary","Equity","8,541.58","0.03","8,541.58","78.00","109.25","India","National Stock Exchange Of India","CAD","-","INR"
"7012","KAWASAKI HEAVY INDUSTRIES","Industrials","Equity","8,511.57","0.03","8,511.57","392.00","21.74","Japan","Tokyo Stock Exchange","CAD","-","JPY"
"6504","FUJI ELECTRIC","Industrials","Equity","8,482.68","0.03","8,482.68","73.00","115.67","Japan","Tokyo Stock Exchange","CAD","-","JPY"
"2082","ACWA POWER CO","Utilities","Equity","8,472.72","0.03","8,472.72","126.00","67.02","Saudi Arabia","Saudi Stock Exchange","CAD","-","SAR"
"2379","REALTEK SEMICONDUCTOR","Information Technology","Equity","8,459.13","0.03","8,459.13","270.00","31.37","Taiwan","Taiwan Stock Exchange","CAD","-","TWD"
"AGN","AEGON","Financials","Equity","8,455.03","0.03","8,455.03","658.00","12.85","Netherlands","Euronext Amsterdam","CAD","-","EUR"
"G1A","GEA GROUP AG","Industrials","Equity","8,452.13","0.03","8,452.13","81.00","104.82","Germany","Xetra","CAD","-","EUR"
"329180","HD HYUNDAI HEAVY INDUSTRIES LTD","Industrials","Equity","8,451.56","0.03","8,451.56","18.00","475.28","Korea (South)","Korea Exchange (Stock Market)","CAD","-","KRW"
"010120","LS ELECTRIC LTD","Industrials","Equity","8,441.10","0.03","8,441.10","41.00","204.49","Korea (South)","Korea Exchange (Stock Market)","CAD","-","KRW"
"MONC","MONCLER","Consumer Discretionary","Equity","8,431.08","0.03","8,431.08","119.00","70.67","Italy","Borsa Italiana","CAD","-","EUR"
"3665","BIZLINK HOLDING INC","Industrials","Equity","8,419.86","0.03","8,419.86","95.00","88.18","Taiwan","Taiwan Stock Exchange","CAD","-","TWD"
"PFCIBEST","GRUPO CIBEST PREF SA","Financials","Equity","8,408.12","0.03","8,408.12","244.00","34.39","Colombia","Bolsa De Valores De Colombia","CAD","-","COP"
"MKS","MARKS AND SPENCER GROUP PLC","Consumer Staples","Equity","8,393.78","0.03","8,393.78","1,231.00","6.82","United Kingdom","London Stock Exchange","CAD","-","GBP"
"BNZL","BUNZL","Industrials","Equity","8,380.77","0.03","8,380.77","170.00","49.27","United Kingdom","London Stock Exchange","CAD","-","GBP"
"6","POWER ASSETS HOLDINGS","Utilities","Equity","8,376.74","0.03","8,376.74","784.00","10.69","Hong Kong","Hong Kong Exchanges And Clearing Ltd","CAD","-","HKD"
"BCP","BANCO COMERCIAL PORTUGUES SA","Financials","Equity","8,368.85","0.03","8,368.85","4,336.00","1.93","Portugal","Nyse Euronext - Euronext Lisbon","CAD","-","EUR"
"CA","CARREFOUR SA","Consumer Staples","Equity","8,368.68","0.03","8,368.68","310.00","27.00","France","Nyse Euronext - Euronext Paris","CAD","-","EUR"
"BEZ","BEAZLEY PLC","Financials","Equity","8,361.88","0.03","8,361.88","343.00","24.37","United Kingdom","London Stock Exchange","CAD","-","GBP"
"2423","KE HOLDINGS","Real Estate","Equity","8,338.94","0.03","8,338.94","1,109.00","7.52","China","Hong Kong Exchanges And Clearing Ltd","CAD","-","HKD"
"1024","KUAISHOU TECHNOLOGY","Communication","Equity","8,334.83","0.03","8,334.83","1,561.00","5.34","China","Hong Kong Exchanges And Clearing Ltd","CAD","-","HKD"
"PZU","PZU SA","Financials","Equity","8,319.83","0.03","8,319.83","305.00","27.26","Poland","Warsaw Stock Exchange/Equities/Main Market","CAD","-","PLN"
"1113","CK ASSET HOLDINGS LTD","Real Estate","Equity","8,292.71","0.03","8,292.71","1,008.00","8.23","Hong Kong","Hong Kong Exchanges And Clearing Ltd","CAD","-","HKD"
"009540","HD KOREA SHIPBUILDING & OFFSHORE E","Industrials","Equity","8,243.77","0.03","8,243.77","23.00","352.79","Korea (South)","Korea Exchange (Stock Market)","CAD","-","KRW"
"1109","CHINA RESOURCES LAND","Real Estate","Equity","8,227.33","0.03","8,227.33","1,620.00","5.08","China","Hong Kong Exchanges And Clearing Ltd","CAD","-","HKD"
"6274","TAIWAN UNION TECHNOLOGY CORP","Information Technology","Equity","8,207.40","0.03","8,207.40","142.00","57.91","Taiwan","Gretai Securities Market","CAD","-","TWD"
"298040","HYOSUNG HEAVY INDUSTRIES CORP","Industrials","Equity","8,181.61","0.03","8,181.61","3.00","2,896.20","Korea (South)","Korea Exchange (Stock Market)","CAD","-","KRW"
"RTO","RENTOKIL INITIAL PLC","Industrials","Equity","8,174.19","0.03","8,174.19","1,342.00","6.09","United Kingdom","London Stock Exchange","CAD","-","GBP"
"3","HONG KONG AND CHINA GAS LTD","Utilities","Equity","8,141.68","0.03","8,141.68","6,513.00","1.25","Hong Kong","Hong Kong Exchanges And Clearing Ltd","CAD","-","HKD"
"CHKP","CHECK POINT SOFTWARE TECHNOLOGIES","Information Technology","Equity","8,111.75","0.03","8,111.75","43.00","190.54","Israel","NASDAQ","CAD","-","USD"
"1010","RIYAD BANK","Financials","Equity","8,102.21","0.03","8,102.21","1,079.00","7.51","Saudi Arabia","Saudi Stock Exchange","CAD","-","SAR"
"ADANIPORTS","ADANI PORTS AND SPECIAL ECONOMIC Z","Industrials","Equity","8,055.79","0.03","8,055.79","318.00","25.34","India","National Stock Exchange Of India","CAD","-","INR"
"010140","SAMSUNG HEAVY INDUSTRIES LTD","Industrials","Equity","8,053.55","0.03","8,053.55","370.00","21.76","Korea (South)","Korea Exchange (Stock Market)","CAD","-","KRW"
"ADVANC.R","ADVANCED INFO SERVICE NON-VOTING D","Communication","Equity","8,023.37","0.03","8,023.37","548.00","14.63","Thailand","Stock Exchange Of Thailand","CAD","-","THB"
"GALP","GALP ENERGIA SGPS SA CLASS B","Energy","Equity","8,014.44","0.03","8,014.44","226.00","35.42","Portugal","Nyse Euronext - Euronext Lisbon","CAD","-","EUR"
"AKZA","AKZO NOBEL","Materials","Equity","8,011.40","0.03","8,011.40","88.00","90.77","Netherlands","Euronext Amsterdam","CAD","-","EUR"
"2368","GOLD CIRCUIT ELECTRONICS","Information Technology","Equity","8,000.54","0.03","8,000.54","192.00","41.68","Taiwan","Taiwan Stock Exchange","CAD","-","TWD"
"SN.","SMITH AND NEPHEW PLC","Health Care","Equity","7,998.69","0.03","7,998.69","414.00","19.34","United Kingdom","London Stock Exchange","CAD","-","GBP"
"LISN","CHOCOLADEFABRIKEN LINDT & SPRUENGL","Consumer Staples","Equity","7,978.68","0.03","7,978.68","0.00","152,302.36","Switzerland","SIX Swiss Exchange","CAD","-","CHF"
"MICC","MAGNUM ICE CREAM","Consumer Staples","Equity","7,938.66","0.03","7,938.66","298.00","26.67","Netherlands","Euronext Amsterdam","CAD","-","EUR"
"2359","WUXI APPTEC H","Health Care","Equity","7,928.66","0.03","7,928.66","225.00","35.30","China","Hong Kong Exchanges And Clearing Ltd","CAD","-","HKD"
"7272","YAMAHA MOTOR","Consumer Discretionary","Equity","7,926.42","0.03","7,926.42","482.00","16.45","Japan","Tokyo Stock Exchange","CAD","-","JPY"
"ENLT","ENLIGHT RENEWABLE ENERGY","Utilities","Equity","7,916.78","0.03","7,916.78","75.00","105.60","Israel","Tel Aviv Stock Exchange","CAD","-","ILS"
"SIG","SIGMA HEALTHCARE","Health Care","Equity","7,910.69","0.03","7,910.69","3,177.00","2.49","Australia","Asx - All Markets","CAD","-","AUD"
"1347","HUA HONG GRACE SEMICONDUCTOR LTD","Information Technology","Equity","7,907.69","0.03","7,907.69","402.00","19.65","China","Hong Kong Exchanges And Clearing Ltd","CAD","-","HKD"
"BVI","BUREAU VERITAS SA","Industrials","Equity","7,896.69","0.03","7,896.69","178.00","44.32","France","Nyse Euronext - Euronext Paris","CAD","-","EUR"
"SQM.B","SOCIEDAD QUIMICA Y MINERA DE CHILE","Materials","Equity","7,883.80","0.03","7,883.80","79.00","100.34","Chile","Santiago Stock Exchange","CAD","-","CLP"
"TIT","TELECOM ITALIA","Communication","Equity","7,870.59","0.03","7,870.59","622.00","12.65","Italy","Borsa Italiana","CAD","-","EUR"
"2395","ADVANTECH","Information Technology","Equity","7,856.54","0.03","7,856.54","261.00","30.09","Taiwan","Taiwan Stock Exchange","CAD","-","TWD"
"ORNBV","ORION CLASS B","Health Care","Equity","7,856.03","0.03","7,856.03","60.00","131.17","Finland","Nasdaq Omx Helsinki Ltd.","CAD","-","EUR"
"SOL","WASHINGTON H SOUL PATTINSON & COMP","Financials","Equity","7,850.97","0.03","7,850.97","178.00","44.09","Australia","Asx - All Markets","CAD","-","AUD"
"PRIO3","PETRO RIO","Energy","Equity","7,828.92","0.03","7,828.92","456.00","17.16","Brazil","XBSP","CAD","-","BRL"
"PLS","PLS GROUP LTD","Materials","Equity","7,823.49","0.03","7,823.49","1,863.00","4.20","Australia","Asx - All Markets","CAD","-","AUD"
"TVSMOTOR","TVS MOTOR COMPANY","Consumer Discretionary","Equity","7,818.90","0.03","7,818.90","131.00","59.80","India","National Stock Exchange Of India","CAD","-","INR"
"STLAM","STELLANTIS","Consumer Discretionary","Equity","7,813.29","0.03","7,813.29","1,096.00","7.13","Italy","Borsa Italiana","CAD","-","EUR"
"MNG","M&G PLC","Financials","Equity","7,798.28","0.03","7,798.28","1,224.00","6.37","United Kingdom","London Stock Exchange","CAD","-","GBP"
"3402","TORAY INDUSTRIES","Materials","Equity","7,756.06","0.03","7,756.06","679.00","11.43","Japan","Tokyo Stock Exchange","CAD","-","JPY"
"9992","POP MART INTERNATIONAL GROUP","Consumer Discretionary","Equity","7,741.08","0.03","7,741.08","283.00","27.31","China","Hong Kong Exchanges And Clearing Ltd","CAD","-","HKD"
"4188","MITSUBISHI CHEMICAL GROUP","Materials","Equity","7,733.96","0.03","7,733.96","708.00","10.93","Japan","Tokyo Stock Exchange","CAD","-","JPY"
"LISP","CHOCOLADEFABRIKEN LINDT & SPRUENGL","Consumer Staples","Equity","7,729.49","0.03","7,729.49","1.00","14,737.84","Switzerland","SIX Swiss Exchange","CAD","-","CHF"
"SMIN","SMITHS GROUP PLC","Industrials","Equity","7,699.94","0.02","7,699.94","162.00","47.62","United Kingdom","London Stock Exchange","CAD","-","GBP"
"TKA","THYSSENKRUPP AG","Materials","Equity","7,682.36","0.02","7,682.36","307.00","25.04","Germany","Xetra","CAD","-","EUR"
"ORSTED","ORSTED A/S","Utilities","Equity","7,661.44","0.02","7,661.44","262.00","29.22","Denmark","Omx Nordic Exchange Copenhagen A/S","CAD","-","DKK"
"ASIANPAINT","ASIAN PAINTS","Materials","Equity","7,556.27","0.02","7,556.27","211.00","35.78","India","National Stock Exchange Of India","CAD","-","INR"
"4684","OBIC LTD","Information Technology","Equity","7,542.10","0.02","7,542.10","164.00","45.90","Japan","Tokyo Stock Exchange","CAD","-","JPY"
"PE&OLES*","INDUST PENOLES","Materials","Equity","7,529.56","0.02","7,529.56","105.00","71.46","Mexico","Bolsa Mexicana De Valores","CAD","-","MXN"
"QIBK","QATAR ISLAMIC BANK","Financials","Equity","7,528.00","0.02","7,528.00","936.00","8.04","Qatar","Qatar Exchange","CAD","-","QAR"
"1150","ALINMA BANK","Financials","Equity","7,527.16","0.02","7,527.16","809.00","9.30","Saudi Arabia","Saudi Stock Exchange","CAD","-","SAR"
"5880","TAIWAN COOPERATIVE FINANCIAL HOLDI","Financials","Equity","7,518.80","0.02","7,518.80","6,214.00","1.21","Taiwan","Taiwan Stock Exchange","CAD","-","TWD"
"ERF","EUROFINS SCIENTIFIC","Health Care","Equity","7,493.48","0.02","7,493.48","61.00","123.51","France","Nyse Euronext - Euronext Paris","CAD","-","EUR"
"5831","SHIZUOKA FINANCIAL GROUP INC","Financials","Equity","7,456.86","0.02","7,456.86","237.00","31.46","Japan","Tokyo Stock Exchange","CAD","-","JPY"
"MOWI","MOWI","Consumer Staples","Equity","7,454.99","0.02","7,454.99","248.00","30.11","Norway","Oslo Bors Asa","CAD","-","NOK"
"IMI","IMI PLC","Industrials","Equity","7,430.17","0.02","7,430.17","129.00","57.48","United Kingdom","London Stock Exchange","CAD","-","GBP"
"BSL","BLUESCOPE STEEL","Materials","Equity","7,424.09","0.02","7,424.09","240.00","30.87","Australia","Asx - All Markets","CAD","-","AUD"
"LYC","LYNAS RARE EARTHS","Materials","Equity","7,420.28","0.02","7,420.28","546.00","13.60","Australia","Asx - All Markets","CAD","-","AUD"
"INDIGO","INTERGLOBE AVIATION LTD","Industrials","Equity","7,419.34","0.02","7,419.34","105.00","70.63","India","National Stock Exchange Of India","CAD","-","INR"
"2449","KING YUAN ELECTRONICS","Information Technology","Equity","7,406.11","0.02","7,406.11","637.00","11.63","Taiwan","Taiwan Stock Exchange","CAD","-","TWD"
"SKF B","SKF B","Industrials","Equity","7,400.70","0.02","7,400.70","189.00","39.24","Sweden","Nasdaq Omx Nordic","CAD","-","SEK"
"196170","ALTEOGEN INC","Health Care","Equity","7,385.62","0.02","7,385.62","29.00","257.13","Korea (South)","Korea Exchange (Kosdaq)","CAD","-","KRW"
"3034","NOVATEK MICROELECTRONICS","Information Technology","Equity","7,380.07","0.02","7,380.07","309.00","23.91","Taiwan","Taiwan Stock Exchange","CAD","-","TWD"
"APA","APA GROUP UNITS","Utilities","Equity","7,378.81","0.02","7,378.81","688.00","10.72","Australia","Asx - All Markets","CAD","-","AUD"
"AC","ACCOR SA","Consumer Discretionary","Equity","7,367.58","0.02","7,367.58","100.00","73.50","France","Nyse Euronext - Euronext Paris","CAD","-","EUR"
"2601","CHINA PACIFIC INSURANCE (GROUP) H","Financials","Equity","7,360.77","0.02","7,360.77","1,452.00","5.07","China","Hong Kong Exchanges And Clearing Ltd","CAD","-","HKD"
"8331","CHIBA BANK","Financials","Equity","7,348.56","0.02","7,348.56","297.00","24.78","Japan","Tokyo Stock Exchange","CAD","-","JPY"
"4523","EISAI","Health Care","Equity","7,294.54","0.02","7,294.54","164.00","44.48","Japan","Tokyo Stock Exchange","CAD","-","JPY"
"WEIR","WEIR PLC","Industrials","Equity","7,290.26","0.02","7,290.26","146.00","49.98","United Kingdom","London Stock Exchange","CAD","-","GBP"
"CHILE","BANCO DE CHILE","Financials","Equity","7,284.99","0.02","7,284.99","25,121.00","0.29","Chile","Santiago Stock Exchange","CAD","-","CLP"
"6869","YANGTZE OPTICAL FIBRE AND CABLE JO","Information Technology","Equity","7,256.94","0.02","7,256.94","221.00","32.87","China","Hong Kong Exchanges And Clearing Ltd","CAD","-","HKD"
"GTT","GAZTRANSPORT & TECHNIGAZ SA","Energy","Equity","7,250.79","0.02","7,250.79","20.00","364.67","France","Nyse Euronext - Euronext Paris","CAD","-","EUR"
"6963","ROHM","Information Technology","Equity","7,239.36","0.02","7,239.36","180.00","40.16","Japan","Tokyo Stock Exchange","CAD","-","JPY"
"SKA B","SKANSKA B","Industrials","Equity","7,206.23","0.02","7,206.23","187.00","38.61","Sweden","Nasdaq Omx Nordic","CAD","-","SEK"
"FME","FRESENIUS MEDICAL CARE AG","Health Care","Equity","7,185.19","0.02","7,185.19","115.00","62.65","Germany","Xetra","CAD","-","EUR"
"WISE","WISE PLC CLASS A","Financials","Equity","7,157.38","0.02","7,157.38","437.00","16.38","United Kingdom","London Stock Exchange","CAD","-","GBP"
"ADIB","ABU DHABI ISLAMIC BANK","Financials","Equity","7,144.52","0.02","7,144.52","800.00","8.93","United Arab Emirates","Abu Dhabi Securities Exchange","CAD","-","AED"
"HEIO","HEINEKEN HOLDING NV","Consumer Staples","Equity","7,143.91","0.02","7,143.91","66.00","108.04","Netherlands","Euronext Amsterdam","CAD","-","EUR"
"7167","MEBUKI FINANCIAL GROUP INC","Financials","Equity","7,135.16","0.02","7,135.16","471.00","15.14","Japan","Tokyo Stock Exchange","CAD","-","JPY"
"SDLF","STANDARD LIFE PLC","Financials","Equity","7,130.97","0.02","7,130.97","401.00","17.77","United Kingdom","London Stock Exchange","CAD","-","GBP"
"APOLLOHOSP","APOLLO HOSPITALS ENTERPRISE","Health Care","Equity","7,119.40","0.02","7,119.40","56.00","127.83","India","National Stock Exchange Of India","CAD","-","INR"
"TEL","TELENOR","Communication","Equity","7,118.92","0.02","7,118.92","352.00","20.22","Norway","Oslo Bors Asa","CAD","-","NOK"
"SLM","SANLAM LIMITED LTD","Financials","Equity","7,111.82","0.02","7,111.82","997.00","7.13","South Africa","Johannesburg Stock Exchange","CAD","-","ZAR"
"SHP","SHOPRITE HOLDINGS LTD","Consumer Staples","Equity","7,107.54","0.02","7,107.54","264.00","26.93","South Africa","Johannesburg Stock Exchange","CAD","-","ZAR"
"TEL2 B","TELE2 B","Communication","Equity","7,090.89","0.02","7,090.89","287.00","24.69","Sweden","Nasdaq Omx Nordic","CAD","-","SEK"
"9633","NONGFU SPRING LTD H","Consumer Staples","Equity","7,076.19","0.02","7,076.19","1,018.00","6.95","China","Hong Kong Exchanges And Clearing Ltd","CAD","-","HKD"
"J36","JARDINE MATHESON HOLDINGS","Industrials","Equity","7,053.87","0.02","7,053.87","88.00","80.28","Hong Kong","Singapore Exchange","CAD","-","USD"
"EPI B","EPIROC CLASS B","Industrials","Equity","7,051.11","0.02","7,051.11","229.00","30.81","Sweden","Nasdaq Omx Nordic","CAD","-","SEK"
"BID","BID CORPORATION","Consumer Staples","Equity","7,044.11","0.02","7,044.11","185.00","38.02","South Africa","Johannesburg Stock Exchange","CAD","-","ZAR"
"BMRI","BANK MANDIRI (PERSERO)","Financials","Equity","7,041.02","0.02","7,041.02","20,709.00","0.34","Indonesia","Indonesia Stock Exchange","CAD","-","IDR"
"HARL","HAREL INSURANCE INVESTMENTS & FINA","Financials","Equity","7,032.40","0.02","7,032.40","76.00","92.23","Israel","Tel Aviv Stock Exchange","CAD","-","ILS"
"LI","KLEPIERRE REIT SA","Real Estate","Equity","7,031.10","0.02","7,031.10","119.00","59.31","France","Nyse Euronext - Euronext Paris","CAD","-","EUR"
"1093","CSPC PHARMACEUTICAL GROUP","Health Care","Equity","7,019.59","0.02","7,019.59","4,443.00","1.58","China","Hong Kong Exchanges And Clearing Ltd","CAD","-","HKD"
"PNDORA","PANDORA","Consumer Discretionary","Equity","7,006.69","0.02","7,006.69","40.00","173.60","Denmark","Omx Nordic Exchange Copenhagen A/S","CAD","-","DKK"
"27","GALAXY ENTERTAINMENT GROUP","Consumer Discretionary","Equity","7,004.16","0.02","7,004.16","1,201.00","5.83","Hong Kong","Hong Kong Exchanges And Clearing Ltd","CAD","-","HKD"
"MPL","MEDIBANK PRIVATE","Financials","Equity","7,003.36","0.02","7,003.36","1,526.00","4.59","Australia","Asx - All Markets","CAD","-","AUD"
"CNA","CENTRICA PLC","Utilities","Equity","6,987.19","0.02","6,987.19","2,452.00","2.85","United Kingdom","London Stock Exchange","CAD","-","GBP"
"TREL B","TRELLEBORG B","Industrials","Equity","6,981.12","0.02","6,981.12","108.00","64.52","Sweden","Nasdaq Omx Nordic","CAD","-","SEK"
"NKT","NKT","Industrials","Equity","6,974.05","0.02","6,974.05","35.00","200.18","Denmark","Omx Nordic Exchange Copenhagen A/S","CAD","-","DKK"
"TEN","TENARIS SA","Energy","Equity","6,952.61","0.02","6,952.61","177.00","39.37","Italy","Borsa Italiana","CAD","-","EUR"
"DSY","DISCOVERY","Financials","Equity","6,940.95","0.02","6,940.95","298.00","23.26","South Africa","Johannesburg Stock Exchange","CAD","-","ZAR"
"GRASIM","GRASIM INDUSTRIES","Materials","Equity","6,929.17","0.02","6,929.17","150.00","46.26","India","National Stock Exchange Of India","CAD","-","INR"
"1378","CHINA HONGQIAO GROUP LTD","Materials","Equity","6,906.82","0.02","6,906.82","1,776.00","3.89","China","Hong Kong Exchanges And Clearing Ltd","CAD","-","HKD"
"BEAN","BELIMO N AG","Industrials","Equity","6,892.59","0.02","6,892.59","5.00","1,322.67","Switzerland","SIX Swiss Exchange","CAD","-","CHF"
"1060","SAUDI AWWAL BANK","Financials","Equity","6,890.14","0.02","6,890.14","554.00","12.44","Saudi Arabia","Saudi Stock Exchange","CAD","-","SAR"
"QIA","QIAGEN","Health Care","Equity","6,887.39","0.02","6,887.39","111.00","62.02","Germany","Deutsche Boerse Xetra","CAD","-","EUR"
"LTM","LATAM AIRLINES GROUP","Industrials","Equity","6,868.37","0.02","6,868.37","171,709.00","0.04","Chile","Santiago Stock Exchange","CAD","-","CLP"
"TIGO","MILLICOM INTERNATIONAL CELLULAR","Communication","Equity","6,863.95","0.02","6,863.95","51.00","133.84","Sweden","NASDAQ","CAD","-","USD"
"SCA B","SVENSKA CELLULOSA B","Materials","Equity","6,863.32","0.02","6,863.32","398.00","17.24","Sweden","Nasdaq Omx Nordic","CAD","-","SEK"
"ALPHA","ALPHA BANK SA","Financials","Equity","6,863.07","0.02","6,863.07","897.00","7.65","Greece","Athens Exchange S.A. Cash Market","CAD","-","EUR"
"1308","SITC INTERNATIONAL HOLDINGS LTD","Industrials","Equity","6,857.27","0.02","6,857.27","803.00","8.54","Hong Kong","Hong Kong Exchanges And Clearing Ltd","CAD","-","HKD"
"300308","ZHONGJI INNOLIGHT A","Information Technology","Equity","6,849.11","0.02","6,849.11","37.00","186.90","China","Shenzhen Stock Exchange","CAD","-","CNY"
"ASELS.E","ASELSAN ELEKTRONIK SANAYI VE TICAR","Industrials","Equity","6,848.43","0.02","6,848.43","628.00","10.91","Turkey","Istanbul Stock Exchange","CAD","-","TRY"
"7532","PAN PACIFIC INTERNATIONAL HOLDINGS","Consumer Discretionary","Equity","6,841.49","0.02","6,841.49","1,048.00","6.53","Japan","Tokyo Stock Exchange","CAD","-","JPY"
"PSPN","PSP SWISS PROPERTY AG","Real Estate","Equity","6,804.32","0.02","6,804.32","27.00","251.63","Switzerland","SIX Swiss Exchange","CAD","-","CHF"
"051910","LG CHEM LTD","Materials","Equity","6,787.58","0.02","6,787.58","25.00","271.30","Korea (South)","Korea Exchange (Stock Market)","CAD","-","KRW"
"TECHM","TECH MAHINDRA","Information Technology","Equity","6,748.93","0.02","6,748.93","297.00","22.76","India","National Stock Exchange Of India","CAD","-","INR"
"INDU C","INDUSTRIVARDEN SERIES","Financials","Equity","6,747.93","0.02","6,747.93","88.00","76.77","Sweden","Nasdaq Omx Nordic","CAD","-","SEK"
"8136","SANRIO","Consumer Discretionary","Equity","6,725.79","0.02","6,725.79","605.00","11.12","Japan","Tokyo Stock Exchange","CAD","-","JPY"
"RXL","REXEL SA","Industrials","Equity","6,702.38","0.02","6,702.38","115.00","58.12","France","Nyse Euronext - Euronext Paris","CAD","-","EUR"
"9697","CAPCOM LTD","Communication","Equity","6,699.34","0.02","6,699.34","168.00","39.80","Japan","Tokyo Stock Exchange","CAD","-","JPY"
"TLX","TALANX AG","Financials","Equity","6,695.50","0.02","6,695.50","34.00","198.88","Germany","Xetra","CAD","-","EUR"
"ACKB","ACKERMANS & VAN HAAREN NV","Industrials","Equity","6,694.99","0.02","6,694.99","15.00","440.17","Belgium","Nyse Euronext - Euronext Brussels","CAD","-","EUR"
"ORI","ORICA","Materials","Equity","6,678.15","0.02","6,678.15","293.00","22.76","Australia","Asx - All Markets","CAD","-","AUD"
"LTMC","LOTTOMATICA GROUP","Consumer Discretionary","Equity","6,672.12","0.02","6,672.12","151.00","44.31","Italy","Borsa Italiana","CAD","-","EUR"
"STB","STOREBRAND","Financials","Equity","6,657.68","0.02","6,657.68","223.00","29.87","Norway","Oslo Bors Asa","CAD","-","NOK"
"RBI","RAIFFEISEN BANK INTERNATIONAL AG","Financials","Equity","6,655.73","0.02","6,655.73","68.00","97.91","Austria","Wiener Boerse Ag","CAD","-","EUR"
"EQTL3","EQUATORIAL SA","Utilities","Equity","6,651.33","0.02","6,651.33","626.00","10.62","Brazil","XBSP","CAD","-","BRL"
"4689","LY CORP","Communication","Equity","6,619.38","0.02","6,619.38","1,332.00","4.97","Japan","Tokyo Stock Exchange","CAD","-","JPY"
"CON","CONTINENTAL AG","Consumer Discretionary","Equity","6,597.88","0.02","6,597.88","58.00","113.64","Germany","Xetra","CAD","-","EUR"
"ADDT B","ADDTECH CLASS B","Industrials","Equity","6,574.10","0.02","6,574.10","140.00","47.02","Sweden","Nasdaq Omx Nordic","CAD","-","SEK"
"FRO","FRONTLINE PLC","Energy","Equity","6,563.06","0.02","6,563.06","93.00","70.53","Norway","Oslo Bors Asa","CAD","-","NOK"
"ALDAR","ALDAR PROPERTIES","Real Estate","Equity","6,557.74","0.02","6,557.74","2,115.00","3.10","United Arab Emirates","Abu Dhabi Securities Exchange","CAD","-","AED"
"EBP","ERSTE BANK POLSKA SA","Financials","Equity","6,547.46","0.02","6,547.46","23.00","279.26","Poland","Warsaw Stock Exchange/Equities/Main Market","CAD","-","PLN"
"7270","SUBARU","Consumer Discretionary","Equity","6,527.78","0.02","6,527.78","271.00","24.13","Japan","Tokyo Stock Exchange","CAD","-","JPY"
"FGR","EIFFAGE SA","Industrials","Equity","6,523.73","0.02","6,523.73","38.00","173.50","France","Nyse Euronext - Euronext Paris","CAD","-","EUR"
"SOBI","SWEDISH ORPHAN BIOVITRUM","Health Care","Equity","6,506.04","0.02","6,506.04","102.00","63.52","Sweden","Nasdaq Omx Nordic","CAD","-","SEK"
"6770","POWERCHIP SEMICONDUCTOR MANUFACTUR","Information Technology","Equity","6,491.14","0.02","6,491.14","2,080.00","3.12","Taiwan","Taiwan Stock Exchange","CAD","-","TWD"
"HAL","HINDUSTAN AERONAUTICS LTD","Industrials","Equity","6,490.36","0.02","6,490.36","93.00","69.80","India","National Stock Exchange Of India","CAD","-","INR"
"7309","SHIMANO INC","Consumer Discretionary","Equity","6,476.38","0.02","6,476.38","39.00","165.06","Japan","Tokyo Stock Exchange","CAD","-","JPY"
"998","CHINA CITIC BANK CORP LTD H","Financials","Equity","6,468.22","0.02","6,468.22","4,312.00","1.50","China","Hong Kong Exchanges And Clearing Ltd","CAD","-","HKD"
"4911","SHISEIDO","Consumer Staples","Equity","6,456.76","0.02","6,456.76","205.00","31.56","Japan","Tokyo Stock Exchange","CAD","-","JPY"
"3328","BANK OF COMMUNICATIONS LTD H","Financials","Equity","6,443.99","0.02","6,443.99","4,414.00","1.46","China","Hong Kong Exchanges And Clearing Ltd","CAD","-","HKD"
"TMCV","TATA MOTORS LTD","Industrials","Equity","6,443.51","0.02","6,443.51","1,013.00","6.36","India","National Stock Exchange Of India","CAD","-","INR"
"8354","FUKUOKA FINANCIAL GROUP","Financials","Equity","6,436.95","0.02","6,436.95","92.00","69.96","Japan","Tokyo Stock Exchange","CAD","-","JPY"
"KBX","KNORR BREMSE AG","Industrials","Equity","6,430.22","0.02","6,430.22","38.00","169.80","Germany","Xetra","CAD","-","EUR"
"ITC","ITC LTD","Consumer Staples","Equity","6,421.22","0.02","6,421.22","1,655.00","3.88","India","National Stock Exchange Of India","CAD","-","INR"
"8593","MITSUBISHI HC CAPITAL INC","Financials","Equity","6,416.16","0.02","6,416.16","509.00","12.61","Japan","Tokyo Stock Exchange","CAD","-","JPY"
"NESTLEIND","NESTLE INDIA LTD","Consumer Staples","Equity","6,412.74","0.02","6,412.74","321.00","19.98","India","National Stock Exchange Of India","CAD","-","INR"
"SSW","SIBANYE STILLWATER","Materials","Equity","6,411.32","0.02","6,411.32","1,575.00","4.07","South Africa","Johannesburg Stock Exchange","CAD","-","ZAR"
"SOL","SASOL","Materials","Equity","6,406.18","0.02","6,406.18","325.00","19.70","South Africa","Johannesburg Stock Exchange","CAD","-","ZAR"
"SBILIFE","SBI LIFE INSURANCE COMPANY LTD","Financials","Equity","6,400.78","0.02","6,400.78","248.00","25.76","India","National Stock Exchange Of India","CAD","-","INR"
"ALQ","ALS","Industrials","Equity","6,363.27","0.02","6,363.27","304.00","20.95","Australia","Asx - All Markets","CAD","-","AUD"
"2603","EVERGREEN MARINE CORP (TAIWAN) LTD","Industrials","Equity","6,352.65","0.02","6,352.65","597.00","10.64","Taiwan","Taiwan Stock Exchange","CAD","-","TWD"
"HM B","HENNES & MAURITZ","Consumer Discretionary","Equity","6,352.26","0.02","6,352.26","271.00","23.41","Sweden","Nasdaq Omx Nordic","CAD","-","SEK"
"VBBR3","VIBRA ENERGIA SA","Consumer Discretionary","Equity","6,349.06","0.02","6,349.06","594.00","10.69","Brazil","XBSP","CAD","-","BRL"
"IFT","INFRATIL LTD","Financials","Equity","6,340.80","0.02","6,340.80","553.00","11.47","New Zealand","New Zealand Exchange Ltd","CAD","-","NZD"
"MAERSK A","A P MOLLER MAERSK","Industrials","Equity","6,335.95","0.02","6,335.95","1.00","4,727.93","Denmark","Omx Nordic Exchange Copenhagen A/S","CAD","-","DKK"
"TENAGA","TENAGA NASIONAL","Utilities","Equity","6,329.01","0.02","6,329.01","1,391.00","4.55","Malaysia","Bursa Malaysia","CAD","-","MYR"
"5019","IDEMITSU KOSAN LTD","Energy","Equity","6,304.79","0.02","6,304.79","420.00","15.02","Japan","Tokyo Stock Exchange","CAD","-","JPY"
"8046","NAN YA PRINTED CIRCUIT BOARD CORP","Information Technology","Equity","6,302.41","0.02","6,302.41","135.00","46.72","Taiwan","Taiwan Stock Exchange","CAD","-","TWD"
"TUPRS.E","TURKIYE PETROL RAFINERILERI A","Energy","Equity","6,286.55","0.02","6,286.55","531.00","11.84","Turkey","Istanbul Stock Exchange","CAD","-","TRY"
"3661","ALCHIP TECHNOLOGIES","Information Technology","Equity","6,280.78","0.02","6,280.78","43.00","144.55","Taiwan","Taiwan Stock Exchange","CAD","-","TWD"
"CEZ","CEZ","Utilities","Equity","6,274.00","0.02","6,274.00","69.00","90.96","Czech Republic","Prague Stock Exchange","CAD","-","CZK"
"BAJAJ.AUTO","BAJAJ AUTO","Consumer Discretionary","Equity","6,259.06","0.02","6,259.06","37.00","167.66","India","National Stock Exchange Of India","CAD","-","INR"
"3189","KINSUS INTERCONNECT TECHNOLOGY COR","Information Technology","Equity","6,253.19","0.02","6,253.19","177.00","35.31","Taiwan","Taiwan Stock Exchange","CAD","-","TWD"
"JSWSTEEL","JSW STEEL","Materials","Equity","6,244.79","0.02","6,244.79","342.00","18.27","India","National Stock Exchange Of India","CAD","-","INR"
"XP","XP CLASS A INC","Financials","Equity","6,230.08","0.02","6,230.08","221.00","28.24","Brazil","NASDAQ","CAD","-","USD"
"042660","HANWHA OCEAN LTD","Industrials","Equity","6,193.67","0.02","6,193.67","73.00","84.63","Korea (South)","Korea Exchange (Stock Market)","CAD","-","KRW"
"SSAB B","SSAB CLASS B","Materials","Equity","6,193.51","0.02","6,193.51","397.00","15.59","Sweden","Nasdaq Omx Nordic","CAD","-","SEK"
"ABVX","ABIVAX SA","Health Care","Equity","6,190.61","0.02","6,190.61","41.00","150.53","France","Nyse Euronext - Euronext Paris","CAD","-","EUR"
"2057","ZTO EXPRESS (CAYMAN) INC","Industrials","Equity","6,189.44","0.02","6,189.44","214.00","28.97","China","Hong Kong Exchanges And Clearing Ltd","CAD","-","HKD"
"EXO","EXOR NV","Financials","Equity","6,183.39","0.02","6,183.39","54.00","114.70","Netherlands","Euronext Amsterdam","CAD","-","EUR"
"9107","KAWASAKI KISEN LTD","Industrials","Equity","6,179.17","0.02","6,179.17","194.00","31.90","Japan","Tokyo Stock Exchange","CAD","-","JPY"
"H78","HONGKONG LAND HOLDINGS LTD","Real Estate","Equity","6,175.35","0.02","6,175.35","524.00","11.78","Hong Kong","Singapore Exchange","CAD","-","USD"
"HTHT","H WORLD GROUP ADR","Consumer Discretionary","Equity","6,166.56","0.02","6,166.56","102.00","60.44","China","NASDAQ","CAD","-","USD"
"BNR","BRENNTAG","Industrials","Equity","6,153.18","0.02","6,153.18","63.00","97.71","Germany","Xetra","CAD","-","EUR"
"6532","BAYCURRENT INC","Industrials","Equity","6,150.89","0.02","6,150.89","87.00","70.41","Japan","Tokyo Stock Exchange","CAD","-","JPY"
"NED","NEDBANK GROUP LTD","Financials","Equity","6,144.94","0.02","6,144.94","246.00","25.02","South Africa","Johannesburg Stock Exchange","CAD","-","ZAR"
"CLAR","CAPITALAND ASCENDAS REIT","Real Estate","Equity","6,136.58","0.02","6,136.58","2,407.00","2.55","Singapore","Singapore Exchange","CAD","-","SGD"
"COLO B","COLOPLAST B","Health Care","Equity","6,124.82","0.02","6,124.82","68.00","90.28","Denmark","Omx Nordic Exchange Copenhagen A/S","CAD","-","DKK"
"EDEN","EDENRED","Financials","Equity","6,120.22","0.02","6,120.22","131.00","46.78","France","Nyse Euronext - Euronext Paris","CAD","-","EUR"
"6479","MINEBEA MITSUMI INC","Industrials","Equity","6,111.00","0.02","6,111.00","198.00","30.94","Japan","Tokyo Stock Exchange","CAD","-","JPY"
"CHOLAFIN","CHOLAMANDALAM INVESTMENT AND FINAN","Financials","Equity","6,088.26","0.02","6,088.26","237.00","25.72","India","National Stock Exchange Of India","CAD","-","INR"
"HEN","HENKEL AG","Consumer Staples","Equity","6,086.47","0.02","6,086.47","55.00","109.96","Germany","Xetra","CAD","-","EUR"
"ACLN","ACCELLERON N AG","Industrials","Equity","6,082.22","0.02","6,082.22","48.00","125.56","Switzerland","SIX Swiss Exchange","CAD","-","CHF"
"5706","MITSUI KINZOKU LIMITED LTD","Materials","Equity","6,068.96","0.02","6,068.96","32.00","190.70","Japan","Tokyo Stock Exchange","CAD","-","JPY"
"2020","SABIC AGRI-NUTRIENTS","Materials","Equity","6,068.56","0.02","6,068.56","128.00","47.29","Saudi Arabia","Saudi Stock Exchange","CAD","-","SAR"
"C6L","SINGAPORE AIRLINES LTD","Industrials","Equity","6,063.40","0.02","6,063.40","849.00","7.14","Singapore","Singapore Exchange","CAD","-","SGD"
"ADANIENT","ADANI ENTERPRISES","Industrials","Equity","6,049.68","0.02","6,049.68","142.00","42.62","India","National Stock Exchange Of India","CAD","-","INR"
"PSON","PEARSON PLC","Consumer Discretionary","Equity","6,037.72","0.02","6,037.72","269.00","22.48","United Kingdom","London Stock Exchange","CAD","-","GBP"
"MRO","MELROSE INDUSTRIES PLC","Industrials","Equity","6,025.96","0.02","6,025.96","664.00","9.07","United Kingdom","London Stock Exchange","CAD","-","GBP"
"KGF","KINGFISHER PLC","Consumer Discretionary","Equity","6,010.53","0.02","6,010.53","1,040.00","5.78","United Kingdom","London Stock Exchange","CAD","-","GBP"
"1301","FORMOSA PLASTICS CORP","Materials","Equity","5,996.97","0.02","5,996.97","2,119.00","2.83","Taiwan","Taiwan Stock Exchange","CAD","-","TWD"
"5411","JFE HOLDINGS","Materials","Equity","5,995.34","0.02","5,995.34","352.00","17.02","Japan","Tokyo Stock Exchange","CAD","-","JPY"
"STJ","ST JAMESS PLACE PLC","Financials","Equity","5,987.22","0.02","5,987.22","288.00","20.79","United Kingdom","London Stock Exchange","CAD","-","GBP"
"AMUN","AMUNDI SA","Financials","Equity","5,983.67","0.02","5,983.67","40.00","148.20","France","Nyse Euronext - Euronext Paris","CAD","-","EUR"
"5334","NITERRA","Consumer Discretionary","Equity","5,982.63","0.02","5,982.63","92.00","64.82","Japan","Tokyo Stock Exchange","CAD","-","JPY"
"TRENT","TRENT LTD","Consumer Discretionary","Equity","5,968.79","0.02","5,968.79","147.00","40.66","India","National Stock Exchange Of India","CAD","-","INR"
"BBAS3","BANCO DO BRASIL SA","Financials","Equity","5,963.08","0.02","5,963.08","965.00","6.18","Brazil","XBSP","CAD","-","BRL"
"PPC","PUBLIC POWER CORPORATION SA","Utilities","Equity","5,957.41","0.02","5,957.41","150.00","39.65","Greece","Athens Exchange S.A. Cash Market","CAD","-","EUR"
"2768","SOJITZ CORP","Industrials","Equity","5,957.36","0.02","5,957.36","113.00","52.88","Japan","Tokyo Stock Exchange","CAD","-","JPY"
"BIMAS.E","BIM BIRLESIK MAGAZALAR A","Consumer Staples","Equity","5,950.04","0.02","5,950.04","495.00","12.01","Turkey","Istanbul Stock Exchange","CAD","-","TRY"
"2338","WEICHAI POWER LTD H","Industrials","Equity","5,941.66","0.02","5,941.66","1,071.00","5.55","China","Hong Kong Exchanges And Clearing Ltd","CAD","-","HKD"
"GAPB","GRUPO AEROPORTUARIO DEL PACIFICO","Industrials","Equity","5,938.40","0.02","5,938.40","213.00","27.91","Mexico","Bolsa Mexicana De Valores","CAD","-","MXN"
"GAW","GAMES WORKSHOP GROUP PLC","Consumer Discretionary","Equity","5,936.55","0.02","5,936.55","18.00","331.68","United Kingdom","London Stock Exchange","CAD","-","GBP"
"9021","WEST JAPAN RAILWAY","Industrials","Equity","5,931.29","0.02","5,931.29","214.00","27.74","Japan","Tokyo Stock Exchange","CAD","-","JPY"
"267","CITIC LTD","Industrials","Equity","5,931.24","0.02","5,931.24","2,590.00","2.29","China","Hong Kong Exchanges And Clearing Ltd","CAD","-","HKD"
"600036","CHINA MERCHANTS BANK A","Financials","Equity","5,899.54","0.02","5,899.54","697.00","8.47","China","Shanghai Stock Exchange","CAD","-","CNY"
"522","ASMPT LTD","Information Technology","Equity","5,883.80","0.02","5,883.80","206.00","28.52","Hong Kong","Hong Kong Exchanges And Clearing Ltd","CAD","-","HKD"
"DIM","SARTORIUS STEDIM BIOTECH SA","Health Care","Equity","5,881.53","0.02","5,881.53","19.00","315.03","France","Nyse Euronext - Euronext Paris","CAD","-","EUR"
"HSX","HISCOX LTD","Financials","Equity","5,877.24","0.02","5,877.24","162.00","36.17","United Kingdom","London Stock Exchange","CAD","-","GBP"
"TLC","THE LOTTERY CORPORATION LTD","Consumer Discretionary","Equity","5,872.20","0.02","5,872.20","1,221.00","4.81","Australia","Asx - All Markets","CAD","-","AUD"
"BGEO","LION FINANCE GROUP PLC","Financials","Equity","5,858.34","0.02","5,858.34","23.00","258.10","United Kingdom","London Stock Exchange","CAD","-","GBP"
"AIA","AUCKLAND INTERNATIONAL AIRPORT","Industrials","Equity","5,839.63","0.02","5,839.63","865.00","6.75","New Zealand","New Zealand Exchange Ltd","CAD","-","NZD"
"AOT.R","AIRPORTS OF THAILAND NON-VOTING DR","Industrials","Equity","5,837.00","0.02","5,837.00","2,254.00","2.59","Thailand","Stock Exchange Of Thailand","CAD","-","THB"
"MAXHEALTH","MAX HEALTHCARE INSTITUTE","Health Care","Equity","5,808.23","0.02","5,808.23","384.00","15.12","India","National Stock Exchange Of India","CAD","-","INR"
"ALSYDB","AL SYDBANK","Financials","Equity","5,805.90","0.02","5,805.90","38.00","151.40","Denmark","Omx Nordic Exchange Copenhagen A/S","CAD","-","DKK"
"1326","FORMOSA CHEMICALS & FIBRE CORP","Materials","Equity","5,791.74","0.02","5,791.74","1,924.00","3.01","Taiwan","Taiwan Stock Exchange","CAD","-","TWD"
"035720","KAKAO","Communication","Equity","5,786.27","0.02","5,786.27","171.00","33.91","Korea (South)","Korea Exchange (Stock Market)","CAD","-","KRW"
"SPIE","SPIE SA","Industrials","Equity","5,776.77","0.02","5,776.77","82.00","70.88","France","Nyse Euronext - Euronext Paris","CAD","-","EUR"
"ASX","ASX LTD","Financials","Equity","5,768.55","0.02","5,768.55","105.00","55.02","Australia","Asx - All Markets","CAD","-","AUD"
"6488","GLOBALWAFERS LTD","Information Technology","Equity","5,764.01","0.02","5,764.01","144.00","40.01","Taiwan","Gretai Securities Market","CAD","-","TWD"
"SHL","SONIC HEALTHCARE","Health Care","Equity","5,757.35","0.02","5,757.35","295.00","19.52","Australia","Asx - All Markets","CAD","-","AUD"
"SUBC","SUBSEA","Energy","Equity","5,752.84","0.02","5,752.84","117.00","49.09","Norway","Oslo Bors Asa","CAD","-","NOK"
"YAR","YARA INTERNATIONAL","Materials","Equity","5,749.38","0.02","5,749.38","84.00","68.40","Norway","Oslo Bors Asa","CAD","-","NOK"
"BEIJ B","BEIJER REF CLASS B","Industrials","Equity","5,745.49","0.02","5,745.49","290.00","19.81","Sweden","Nasdaq Omx Nordic","CAD","-","SEK"
"9926","AKESO INC","Health Care","Equity","5,734.36","0.02","5,734.36","354.00","16.18","China","Hong Kong Exchanges And Clearing Ltd","CAD","-","HKD"
"7911","TOPPAN HOLDINGS","Industrials","Equity","5,733.13","0.02","5,733.13","137.00","41.80","Japan","Tokyo Stock Exchange","CAD","-","JPY"
"BAJAJFINSV","BAJAJ FINSERV LTD","Financials","Equity","5,730.88","0.02","5,730.88","211.00","27.10","India","National Stock Exchange Of India","CAD","-","INR"
"VCX","VICINITY CENTRES","Real Estate","Equity","5,721.81","0.02","5,721.81","2,435.00","2.35","Australia","Asx - All Markets","CAD","-","AUD"
"BEI","BEIERSDORF AG","Consumer Staples","Equity","5,715.87","0.02","5,715.87","47.00","120.55","Germany","Xetra","CAD","-","EUR"
"SRT3","SARTORIUS PREF AG","Health Care","Equity","5,714.33","0.02","5,714.33","14.00","398.89","Germany","Xetra","CAD","-","EUR"
"000150","DOOSAN CORP","Industrials","Equity","5,705.08","0.02","5,705.08","4.00","1,422.29","Korea (South)","Korea Exchange (Stock Market)","CAD","-","KRW"
"DCC","DCC ENERGY PLC","Energy","Equity","5,699.62","0.02","5,699.62","48.00","119.34","United Kingdom","London Stock Exchange","CAD","-","GBP"
"2099","CHINA GOLD INTERNATIONAL RESOURCES","Materials","Equity","5,696.32","0.02","5,696.32","129.00","44.00","China","Hong Kong Exchanges And Clearing Ltd","CAD","-","HKD"
"TRYG","TRYG","Financials","Equity","5,691.39","0.02","5,691.39","172.00","33.12","Denmark","Omx Nordic Exchange Copenhagen A/S","CAD","-","DKK"
"MIN","MINERAL RESOURCES","Materials","Equity","5,685.55","0.02","5,685.55","106.00","53.82","Australia","Asx - All Markets","CAD","-","AUD"
"6645","OMRON","Information Technology","Equity","5,671.83","0.02","5,671.83","104.00","54.75","Japan","Tokyo Stock Exchange","CAD","-","JPY"
"SGP","STOCKLAND STAPLED UNITS LTD","Real Estate","Equity","5,663.63","0.02","5,663.63","1,355.00","4.18","Australia","Asx - All Markets","CAD","-","AUD"
"9843","NITORI HOLDINGS","Consumer Discretionary","Equity","5,662.74","0.02","5,662.74","202.00","28.00","Japan","Tokyo Stock Exchange","CAD","-","JPY"
"3993","CHINA MOLYBDENUM H","Materials","Equity","5,654.77","0.02","5,654.77","2,041.00","2.77","China","Hong Kong Exchanges And Clearing Ltd","CAD","-","HKD"
"3081","LAND MARK CORP","Information Technology","Equity","5,642.49","0.02","5,642.49","47.00","119.32","Taiwan","Gretai Securities Market","CAD","-","TWD"
"LAND","LAND SECURITIES GROUP REIT PLC","Real Estate","Equity","5,637.26","0.02","5,637.26","473.00","11.91","United Kingdom","London Stock Exchange","CAD","-","GBP"
"AED","AEDIFICA NV","Real Estate","Equity","5,635.45","0.02","5,635.45","53.00","106.11","Belgium","Nyse Euronext - Euronext Brussels","CAD","-","EUR"
"TORNTPHARM","TORRENT PHARMACEUTICALS LTD","Health Care","Equity","5,630.66","0.02","5,630.66","79.00","71.07","India","National Stock Exchange Of India","CAD","-","INR"
"1803","SHIMIZU","Industrials","Equity","5,618.21","0.02","5,618.21","259.00","21.67","Japan","Tokyo Stock Exchange","CAD","-","JPY"
"CIPLA","CIPLA LTD","Health Care","Equity","5,616.62","0.02","5,616.62","280.00","20.06","India","National Stock Exchange Of India","CAD","-","INR"
"XRO","XERO","Information Technology","Equity","5,601.32","0.02","5,601.32","86.00","65.11","Australia","Asx - All Markets","CAD","-","AUD"
"2015","LI AUTO CLASS A","Consumer Discretionary","Equity","5,600.39","0.02","5,600.39","670.00","8.36","China","Hong Kong Exchanges And Clearing Ltd","CAD","-","HKD"
"2313","COMPEQ MANUFACTURING LTD","Information Technology","Equity","5,600.10","0.02","5,600.10","584.00","9.59","Taiwan","Taiwan Stock Exchange","CAD","-","TWD"
"6506","YASKAWA ELECTRIC","Industrials","Equity","5,589.39","0.02","5,589.39","145.00","38.61","Japan","Tokyo Stock Exchange","CAD","-","JPY"
"KESKOB","KESKO CLASS B","Consumer Staples","Equity","5,589.36","0.02","5,589.36","154.00","36.21","Finland","Nasdaq Omx Helsinki Ltd.","CAD","-","EUR"
"ALD","AMPOL","Energy","Equity","5,588.93","0.02","5,588.93","130.00","42.91","Australia","Asx - All Markets","CAD","-","AUD"
"DHER","DELIVERY HERO","Consumer Discretionary","Equity","5,578.98","0.02","5,578.98","95.00","58.81","Germany","Xetra","CAD","-","EUR"
"RHC","RAMSAY HEALTH CARE","Health Care","Equity","5,570.86","0.02","5,570.86","102.00","54.84","Australia","Asx - All Markets","CAD","-","AUD"
"MOTHERSON","SAMVARDHANA MOTHERSON INTERNATIONA","Consumer Discretionary","Equity","5,568.05","0.02","5,568.05","2,359.00","2.36","India","National Stock Exchange Of India","CAD","-","INR"
"FRES","FRESNILLO PLC","Materials","Equity","5,565.77","0.02","5,565.77","99.00","56.10","United Kingdom","London Stock Exchange","CAD","-","GBP"
"SECU B","SECURITAS B","Industrials","Equity","5,547.68","0.02","5,547.68","253.00","21.89","Sweden","Nasdaq Omx Nordic","CAD","-","SEK"
"8359","HACHIJUNI NAGANO BANK","Financials","Equity","5,512.90","0.02","5,512.90","225.00","24.46","Japan","Tokyo Stock Exchange","CAD","-","JPY"
"2002","CHINA STEEL CORP","Materials","Equity","5,509.40","0.02","5,509.40","6,719.00","0.82","Taiwan","Taiwan Stock Exchange","CAD","-","TWD"
"ADANIPOWER","ADANI POWER LTD","Utilities","Equity","5,508.38","0.02","5,508.38","1,836.00","3.00","India","National Stock Exchange Of India","CAD","-","INR"
"SFR","SANDFIRE RESOURCES","Materials","Equity","5,497.31","0.02","5,497.31","260.00","21.14","Australia","Asx - All Markets","CAD","-","AUD"
"IDR","INDRA SISTEMAS SA","Information Technology","Equity","5,496.35","0.02","5,496.35","54.00","101.05","Spain","Bolsa De Madrid","CAD","-","EUR"
"PME","PRO MEDICUS","Health Care","Equity","5,492.54","0.02","5,492.54","33.00","168.34","Australia","Asx - All Markets","CAD","-","AUD"
"IAG","INTERNATIONAL AIRLINES GROUP","Industrials","Equity","5,491.39","0.02","5,491.39","695.00","7.90","Spain","Bolsa De Madrid","CAD","-","EUR"
"LAURUSLABS","LAURUS LABS LTD","Health Care","Equity","5,486.99","0.02","5,486.99","193.00","28.40","India","National Stock Exchange Of India","CAD","-","INR"
"CUMMINSIND","CUMMINS INDIA LTD","Industrials","Equity","5,486.89","0.02","5,486.89","75.00","73.19","India","National Stock Exchange Of India","CAD","-","INR"
"1888","KINGBOARD LAMINATES HOLDINGS LTD","Information Technology","Equity","5,473.05","0.02","5,473.05","659.00","8.31","China","Hong Kong Exchanges And Clearing Ltd","CAD","-","HKD"
"ICG","ICG PLC","Financials","Equity","5,466.48","0.02","5,466.48","153.00","35.63","United Kingdom","London Stock Exchange","CAD","-","GBP"
"REC","RECORDATI INDUSTRIA CHIMICA E FARM","Health Care","Equity","5,453.99","0.02","5,453.99","64.00","84.74","Italy","Borsa Italiana","CAD","-","EUR"
"ABF","ASSOCIATED BRITISH FOODS PLC","Consumer Staples","Equity","5,450.78","0.02","5,450.78","158.00","34.42","United Kingdom","London Stock Exchange","CAD","-","GBP"
"5333","NGK","Industrials","Equity","5,448.96","0.02","5,448.96","117.00","46.48","Japan","Tokyo Stock Exchange","CAD","-","JPY"
"003550","LG","Industrials","Equity","5,441.35","0.02","5,441.35","48.00","113.18","Korea (South)","Korea Exchange (Stock Market)","CAD","-","KRW"
"3044","TRIPOD TECHNOLOGY","Information Technology","Equity","5,438.01","0.02","5,438.01","247.00","22.02","Taiwan","Taiwan Stock Exchange","CAD","-","TWD"
"PAYTM","ONE COMMUNICATIONS LTD","Financials","Equity","5,435.66","0.02","5,435.66","212.00","25.70","India","National Stock Exchange Of India","CAD","-","INR"
"1050","BANQUE SAUDI FRANSI","Financials","Equity","5,435.26","0.02","5,435.26","685.00","7.93","Saudi Arabia","Saudi Stock Exchange","CAD","-","SAR"
"2259","ZIJIN GOLD INTERNATIONAL LTD","Materials","Equity","5,428.73","0.02","5,428.73","196.00","27.63","China","Hong Kong Exchanges And Clearing Ltd","CAD","-","HKD"
"6823","HKT TRUST AND HKT UNITS LTD","Communication","Equity","5,416.91","0.02","5,416.91","2,440.00","2.22","Hong Kong","Hong Kong Exchanges And Clearing Ltd","CAD","-","HKD"
"3659","NEXON","Communication","Equity","5,394.90","0.02","5,394.90","192.00","28.09","Japan","Tokyo Stock Exchange","CAD","-","JPY"
"GULF.R","GULF DEVELOPMENT NON-VOTING DR PCL","Utilities","Equity","5,390.51","0.02","5,390.51","2,106.00","2.56","Thailand","Stock Exchange Of Thailand","CAD","-","THB"
"RILBA","RINGKJOBING LANDBOBANK","Financials","Equity","5,383.68","0.02","5,383.68","14.00","398.65","Denmark","Omx Nordic Exchange Copenhagen A/S","CAD","-","DKK"
"SPX","SPIRAX GROUP PLC","Industrials","Equity","5,377.50","0.02","5,377.50","41.00","130.17","United Kingdom","London Stock Exchange","CAD","-","GBP"
"SBRY","SAINSBURY(J) PLC","Consumer Staples","Equity","5,370.45","0.02","5,370.45","847.00","6.34","United Kingdom","London Stock Exchange","CAD","-","GBP"
"RNO","RENAULT SA","Consumer Discretionary","Equity","5,348.67","0.02","5,348.67","115.00","46.51","France","Nyse Euronext - Euronext Paris","CAD","-","EUR"
"9901","NEW ORIENTAL EDUCATION & TECHNOLOG","Consumer Discretionary","Equity","5,329.60","0.02","5,329.60","683.00","7.80","China","Hong Kong Exchanges And Clearing Ltd","CAD","-","HKD"
"NXSN","NEXT VISION STABILIZED SYSTEMS LTD","Information Technology","Equity","5,316.63","0.02","5,316.63","49.00","107.91","Israel","Tel Aviv Stock Exchange","CAD","-","ILS"
"IGG","IG GROUP HOLDINGS PLC","Financials","Equity","5,311.70","0.02","5,311.70","216.00","24.56","United Kingdom","London Stock Exchange","CAD","-","GBP"
"5844","KYOTO FINANCIAL GROUP","Financials","Equity","5,307.34","0.02","5,307.34","121.00","43.84","Japan","Tokyo Stock Exchange","CAD","-","JPY"
"7912","DAI NIPPON PRINTING","Industrials","Equity","5,301.95","0.02","5,301.95","197.00","26.93","Japan","Tokyo Stock Exchange","CAD","-","JPY"
"COALINDIA","COAL INDIA","Energy","Equity","5,291.69","0.02","5,291.69","869.00","6.09","India","National Stock Exchange Of India","CAD","-","INR"
"66","MTR CORPORATION","Industrials","Equity","5,280.72","0.02","5,280.72","915.00","5.77","Hong Kong","Hong Kong Exchanges And Clearing Ltd","CAD","-","HKD"
"042700","HANMI SEMICONDUCTOR","Information Technology","Equity","5,280.42","0.02","5,280.42","23.00","228.27","Korea (South)","Korea Exchange (Stock Market)","CAD","-","KRW"
"4612","NIPPON PAINT HOLDINGS","Materials","Equity","5,267.02","0.02","5,267.02","507.00","10.38","Japan","Tokyo Stock Exchange","CAD","-","JPY"
"267250","HD HYUNDAI LTD","Energy","Equity","5,261.12","0.02","5,261.12","23.00","225.24","Korea (South)","Korea Exchange (Stock Market)","CAD","-","KRW"
"WPP","WPP PLC","Communication","Equity","5,257.01","0.02","5,257.01","724.00","7.26","United Kingdom","London Stock Exchange","CAD","-","GBP"
"JIOFIN","JIO FINANCIAL SERVICES","Financials","Equity","5,253.03","0.02","5,253.03","1,573.00","3.34","India","National Stock Exchange Of India","CAD","-","INR"
"CPALL.R","CP ALL NON-VOTING DR","Consumer Staples","Equity","5,250.77","0.02","5,250.77","2,764.00","1.90","Thailand","Stock Exchange Of Thailand","CAD","-","THB"
"138040","MERITZ FINANCIAL GROUP INC","Financials","Equity","5,241.43","0.02","5,241.43","41.00","127.96","Korea (South)","Korea Exchange (Stock Market)","CAD","-","KRW"
"8113","UNICHARM","Consumer Staples","Equity","5,240.90","0.02","5,240.90","601.00","8.72","Japan","Tokyo Stock Exchange","CAD","-","JPY"
"LIFCO B","LIFCO CLASS B","Industrials","Equity","5,237.60","0.02","5,237.60","120.00","43.71","Sweden","Nasdaq Omx Nordic","CAD","-","SEK"
"3045","TAIWAN MOBILE","Communication","Equity","5,220.63","0.02","5,220.63","960.00","5.44","Taiwan","Taiwan Stock Exchange","CAD","-","TWD"
"2337","MACRONIX INTERNATIONAL","Information Technology","Equity","5,213.71","0.02","5,213.71","1,020.00","5.11","Taiwan","Taiwan Stock Exchange","CAD","-","TWD"
"6586","MAKITA","Industrials","Equity","5,187.65","0.02","5,187.65","108.00","48.05","Japan","Tokyo Stock Exchange","CAD","-","JPY"
"3563","FOOD & LIFE COMPANIES","Consumer Discretionary","Equity","5,187.49","0.02","5,187.49","121.00","42.80","Japan","Tokyo Stock Exchange","CAD","-","JPY"
"4021","NISSAN CHEMICAL CORP","Materials","Equity","5,182.78","0.02","5,182.78","70.00","73.61","Japan","Tokyo Stock Exchange","CAD","-","JPY"
"047810","KOREA AEROSPACE INDUSTRIES","Industrials","Equity","5,175.39","0.02","5,175.39","39.00","132.00","Korea (South)","Korea Exchange (Stock Market)","CAD","-","KRW"
"2801","CHANG HWA COMMERCIAL BANK LTD","Financials","Equity","5,170.01","0.02","5,170.01","3,977.00","1.30","Taiwan","Taiwan Stock Exchange","CAD","-","TWD"
"2801","KIKKOMAN CORP","Consumer Staples","Equity","5,168.66","0.02","5,168.66","342.00","15.12","Japan","Tokyo Stock Exchange","CAD","-","JPY"
"LPP","LPP SA","Consumer Discretionary","Equity","5,168.07","0.02","5,168.07","1.00","8,251.85","Poland","Warsaw Stock Exchange/Equities/Main Market","CAD","-","PLN"
"1177","SINO BIOPHARMACEUTICAL","Health Care","Equity","5,163.64","0.02","5,163.64","5,269.00","0.98","China","Hong Kong Exchanges And Clearing Ltd","CAD","-","HKD"
"GRAB","GRAB HOLDINGS CLASS A","Industrials","Equity","5,163.02","0.02","5,163.02","1,314.00","3.93","Singapore","NASDAQ","CAD","-","USD"
"INDT","INDUTRADE","Industrials","Equity","5,154.15","0.02","5,154.15","146.00","35.31","Sweden","Nasdaq Omx Nordic","CAD","-","SEK"
"7202","ISUZU MOTORS","Consumer Discretionary","Equity","5,148.91","0.02","5,148.91","257.00","20.03","Japan","Tokyo Stock Exchange","CAD","-","JPY"
"AZRG","AZRIELI GROUP LTD","Real Estate","Equity","5,146.59","0.02","5,146.59","28.00","180.86","Israel","Tel Aviv Stock Exchange","CAD","-","ILS"
"9147","NIPPON EXPRESS HOLDINGS","Industrials","Equity","5,138.98","0.02","5,138.98","102.00","50.50","Japan","Tokyo Stock Exchange","CAD","-","JPY"
"017670","SK TELECOM","Communication","Equity","5,134.37","0.02","5,134.37","58.00","88.68","Korea (South)","Korea Exchange (Stock Market)","CAD","-","KRW"
"2319","CHINA MENGNIU DAIRY LTD","Consumer Staples","Equity","5,134.12","0.02","5,134.12","1,594.00","3.22","China","Hong Kong Exchanges And Clearing Ltd","CAD","-","HKD"
"4755","RAKUTEN GROUP","Consumer Discretionary","Equity","5,133.36","0.02","5,133.36","801.00","6.41","Japan","Tokyo Stock Exchange","CAD","-","JPY"
"HEROMOTOCO","HERO MOTOCORP LTD","Consumer Discretionary","Equity","5,128.90","0.02","5,128.90","66.00","77.63","India","National Stock Exchange Of India","CAD","-","INR"
"6976","TAIYO YUDEN LTD","Information Technology","Equity","5,121.27","0.02","5,121.27","63.00","80.82","Japan","Tokyo Stock Exchange","CAD","-","JPY"
"POLICYBZR","PB FINTECH","Financials","Equity","5,119.05","0.02","5,119.05","199.00","25.73","India","National Stock Exchange Of India","CAD","-","INR"
"PMETAL","PRESS METAL ALUMINIUM HOLDINGS","Materials","Equity","5,116.22","0.02","5,116.22","1,975.00","2.59","Malaysia","Bursa Malaysia","CAD","-","MYR"
"STERV","STORA ENSO CLASS R","Materials","Equity","5,107.04","0.02","5,107.04","299.00","17.09","Finland","Nasdaq Omx Helsinki Ltd.","CAD","-","EUR"
"BEZQ","BEZEQ ISRAELI TELECOMMUNICATION CO","Communication","Equity","5,101.98","0.02","5,101.98","1,466.00","3.48","Israel","Tel Aviv Stock Exchange","CAD","-","ILS"
"1339","THE PEOPLES INSURANCE CO (GROUP)","Financials","Equity","5,088.54","0.02","5,088.54","4,846.00","1.05","China","Hong Kong Exchanges And Clearing Ltd","CAD","-","HKD"
"CIBEST","GRUPO CIBEST SA","Financials","Equity","5,088.15","0.02","5,088.15","129.00","39.50","Colombia","Bolsa De Valores De Colombia","CAD","-","COP"
"079550","LIG DEFENSE&AEROSPACE LTD","Industrials","Equity","5,068.45","0.02","5,068.45","7.00","716.71","Korea (South)","Korea Exchange (Stock Market)","CAD","-","KRW"
"9868","XPENG CLASS A INC","Consumer Discretionary","Equity","5,058.98","0.02","5,058.98","689.00","7.34","China","Hong Kong Exchanges And Clearing Ltd","CAD","-","HKD"
"HOT","HOCHTIEF AG","Industrials","Equity","5,057.38","0.02","5,057.38","8.00","630.38","Germany","Xetra","CAD","-","EUR"
"288","WH GROUP","Consumer Staples","Equity","5,051.96","0.02","5,051.96","4,393.00","1.15","Hong Kong","Hong Kong Exchanges And Clearing Ltd","CAD","-","HKD"
"NPH","NORTHAM PLATINUM HLDGS LTD","Materials","Equity","5,034.70","0.02","5,034.70","195.00","25.78","South Africa","Johannesburg Stock Exchange","CAD","-","ZAR"
"6448","BROTHER INDUSTRIES","Information Technology","Equity","5,032.86","0.02","5,032.86","121.00","41.44","Japan","Tokyo Stock Exchange","CAD","-","JPY"
"BDMS.R","BANGKOK DUSIT MEDICAL SERVICES NON","Health Care","Equity","5,031.17","0.02","5,031.17","5,919.00","0.85","Thailand","Stock Exchange Of Thailand","CAD","-","THB"
"8377","HOKUHOKU FINANCIAL GROUP INC","Financials","Equity","5,012.21","0.02","5,012.21","67.00","74.86","Japan","Tokyo Stock Exchange","CAD","-","JPY"
"ORK","ORKLA","Consumer Staples","Equity","5,009.82","0.02","5,009.82","368.00","13.61","Norway","Oslo Bors Asa","CAD","-","NOK"
"5347","VANGUARD INTERNATIONAL SEMICONDUCT","Information Technology","Equity","5,003.65","0.02","5,003.65","689.00","7.26","Taiwan","Gretai Securities Market","CAD","-","TWD"
"7020","ETIHAD ETISALAT","Communication","Equity","4,994.79","0.02","4,994.79","208.00","24.05","Saudi Arabia","Saudi Stock Exchange","CAD","-","SAR"
"LOTB","LOTUS BAKERIES NV","Consumer Staples","Equity","4,994.74","0.02","4,994.74","0.00","19,341.99","Belgium","Nyse Euronext - Euronext Brussels","CAD","-","EUR"
"000720","HYUNDAI ENGINEERING & CONSTRUCTION","Industrials","Equity","4,994.15","0.02","4,994.15","39.00","126.84","Korea (South)","Korea Exchange (Stock Market)","CAD","-","KRW"
"GGBR4","GERDAU PREF SA","Materials","Equity","4,980.90","0.02","4,980.90","707.00","7.05","Brazil","XBSP","CAD","-","BRL"
"INDHOTEL","INDIAN HOTELS LTD","Consumer Discretionary","Equity","4,979.20","0.02","4,979.20","470.00","10.59","India","National Stock Exchange Of India","CAD","-","INR"
"9866","NIO CLASS A","Consumer Discretionary","Equity","4,957.50","0.02","4,957.50","993.00","4.99","China","Hong Kong Exchanges And Clearing Ltd","CAD","-","HKD"
"OPCE","OPC ENERGY LTD","Utilities","Equity","4,956.83","0.02","4,956.83","114.00","43.48","Israel","Tel Aviv Stock Exchange","CAD","-","ILS"
"300","MIDEA GROUP CLASS H","Consumer Discretionary","Equity","4,954.30","0.02","4,954.30","280.00","17.68","China","Hong Kong Exchanges And Clearing Ltd","CAD","-","HKD"
"BPSFT","CASH COLLATERAL BPSFT USD","Cash and/or Derivatives","Cash Collateral and Margins","4,952.75","0.02","4,952.75","35.00","139.86","United States","-","CAD","-","USD"
"CAR","CAR GROUP","Communication","Equity","4,947.78","0.02","4,947.78","207.00","23.85","Australia","Asx - All Markets","CAD","-","AUD"
"FEDERALBNK","FEDERAL BANK LTD","Financials","Equity","4,936.36","0.02","4,936.36","1,018.00","4.85","India","National Stock Exchange Of India","CAD","-","INR"
"CLIS","CLAL INSURANCE ENTERPRISES LTD","Financials","Equity","4,935.01","0.02","4,935.01","37.00","134.15","Israel","Tel Aviv Stock Exchange","CAD","-","ILS"
"ONGC","OIL AND NATURAL GAS LTD","Energy","Equity","4,934.03","0.02","4,934.03","1,455.00","3.39","India","National Stock Exchange Of India","CAD","-","INR"
"SDR","SCHRODERS PLC","Financials","Equity","4,926.31","0.02","4,926.31","449.00","10.97","United Kingdom","London Stock Exchange","CAD","-","GBP"
"DRREDDY","DR REDDYS LABORATORIES","Health Care","Equity","4,926.07","0.02","4,926.07","288.00","17.13","India","National Stock Exchange Of India","CAD","-","INR"
"ISS","ISS A S","Industrials","Equity","4,920.77","0.02","4,920.77","77.00","63.57","Denmark","Omx Nordic Exchange Copenhagen A/S","CAD","-","DKK"
"096770","SK INNOVATION LTD","Energy","Equity","4,916.24","0.02","4,916.24","35.00","141.12","Korea (South)","Korea Exchange (Stock Market)","CAD","-","KRW"
"5201","AGC","Industrials","Equity","4,900.69","0.02","4,900.69","95.00","51.33","Japan","Tokyo Stock Exchange","CAD","-","JPY"
"PRU","PERSEUS MINING LTD","Materials","Equity","4,898.40","0.02","4,898.40","767.00","6.39","Australia","Asx - All Markets","CAD","-","AUD"
"IPN","IPSEN SA","Health Care","Equity","4,894.59","0.02","4,894.59","20.00","250.29","France","Nyse Euronext - Euronext Paris","CAD","-","EUR"
"EMSN","EMS-CHEMIE HOLDING AG","Materials","Equity","4,876.63","0.02","4,876.63","4.00","1,375.31","Switzerland","SIX Swiss Exchange","CAD","-","CHF"
"PAH3","PORSCHE AUTOMOBIL HOLDING PREF","Consumer Discretionary","Equity","4,866.25","0.02","4,866.25","101.00","47.99","Germany","Xetra","CAD","-","EUR"
"SPM","SAIPEM","Energy","Equity","4,856.25","0.02","4,856.25","698.00","6.96","Italy","Borsa Italiana","CAD","-","EUR"
"COH","COCHLEAR","Health Care","Equity","4,855.78","0.02","4,855.78","36.00","135.68","Australia","Asx - All Markets","CAD","-","AUD"
"4204","SEKISUI CHEMICAL","Industrials","Equity","4,850.99","0.02","4,850.99","213.00","22.79","Japan","Tokyo Stock Exchange","CAD","-","JPY"
"9042","HANKYU HANSHIN HOLDINGS","Industrials","Equity","4,827.96","0.02","4,827.96","115.00","42.00","Japan","Tokyo Stock Exchange","CAD","-","JPY"
"TLKM","TELEKOMUNIKASI INDONESIA","Communication","Equity","4,827.37","0.02","4,827.37","24,137.00","0.20","Indonesia","Indonesia Stock Exchange","CAD","-","IDR"
"ELISA","ELISA","Communication","Equity","4,825.87","0.02","4,825.87","78.00","61.85","Finland","Nasdaq Omx Helsinki Ltd.","CAD","-","EUR"
"IMCD","IMCD NV","Industrials","Equity","4,823.88","0.02","4,823.88","31.00","153.35","Netherlands","Euronext Amsterdam","CAD","-","EUR"
"REA","REA GROUP LTD","Communication","Equity","4,811.55","0.02","4,811.55","30.00","158.39","Australia","Asx - All Markets","CAD","-","AUD"
"MOL","MOL HUNGARIAN OIL AND GAS","Energy","Equity","4,797.92","0.02","4,797.92","207.00","23.20","Hungary","Budapest Stock Exchange","CAD","-","HUF"
"064350","HYUNDAI-ROTEM","Industrials","Equity","4,794.75","0.02","4,794.75","39.00","123.80","Korea (South)","Korea Exchange (Stock Market)","CAD","-","KRW"
"600900","CHINA YANGTZE POWER LTD A","Utilities","Equity","4,794.55","0.02","4,794.55","807.00","5.94","China","Shanghai Stock Exchange","CAD","-","CNY"
"018260","SAMSUNG SDS","Information Technology","Equity","4,794.35","0.02","4,794.35","22.00","218.66","Korea (South)","Korea Exchange (Stock Market)","CAD","-","KRW"
"688256","CAMBRICON TECHNOLOGIES CORPORATION","Information Technology","Equity","4,787.77","0.02","4,787.77","21.00","230.71","China","Shanghai Stock Exchange","CAD","-","CNY"
"278470","APR LTD","Consumer Staples","Equity","4,787.10","0.02","4,787.10","13.00","357.34","Korea (South)","Korea Exchange (Stock Market)","CAD","-","KRW"
"6841","YOKOGAWA ELECTRIC","Information Technology","Equity","4,775.74","0.02","4,775.74","114.00","42.06","Japan","Tokyo Stock Exchange","CAD","-","JPY"
"ALO","ALSTOM SA","Industrials","Equity","4,770.93","0.02","4,770.93","189.00","25.21","France","Nyse Euronext - Euronext Paris","CAD","-","EUR"
"JYSK","JYSKE BANK","Financials","Equity","4,768.03","0.02","4,768.03","20.00","238.55","Denmark","Omx Nordic Exchange Copenhagen A/S","CAD","-","DKK"
"2376","GIGABYTE TECHNOLOGY LTD","Information Technology","Equity","4,767.64","0.02","4,767.64","306.00","15.57","Taiwan","Taiwan Stock Exchange","CAD","-","TWD"
"COFORGE","COFORGE","Information Technology","Equity","4,767.12","0.02","4,767.12","182.00","26.14","India","National Stock Exchange Of India","CAD","-","INR"
"7259","AISIN","Consumer Discretionary","Equity","4,750.38","0.02","4,750.38","232.00","20.51","Japan","Tokyo Stock Exchange","CAD","-","JPY"
"ADNOCGAS","ADNOC GAS PLC","Energy","Equity","4,735.71","0.02","4,735.71","3,819.00","1.24","United Arab Emirates","Abu Dhabi Securities Exchange","CAD","-","AED"
"ELI","ELIA GROUP SA","Utilities","Equity","4,732.76","0.02","4,732.76","24.00","195.99","Belgium","Nyse Euronext - Euronext Brussels","CAD","-","EUR"
"3436","SUMCO","Information Technology","Equity","4,726.60","0.02","4,726.60","184.00","25.75","Japan","Tokyo Stock Exchange","CAD","-","JPY"
"SCR","SCOR","Financials","Equity","4,714.72","0.02","4,714.72","90.00","52.53","France","Nyse Euronext - Euronext Paris","CAD","-","EUR"
"8334","GUNMA BANK","Financials","Equity","4,705.62","0.02","4,705.62","179.00","26.22","Japan","Tokyo Stock Exchange","CAD","-","JPY"
"KCR","KONECRANES","Industrials","Equity","4,699.17","0.02","4,699.17","99.00","47.26","Finland","Nasdaq Omx Helsinki Ltd.","CAD","-","EUR"
"NICE","NICE","Information Technology","Equity","4,694.42","0.02","4,694.42","31.00","150.84","Israel","Tel Aviv Stock Exchange","CAD","-","ILS"
"GET","GETLINK","Industrials","Equity","4,694.13","0.02","4,694.13","157.00","29.94","France","Nyse Euronext - Euronext Paris","CAD","-","EUR"
"8951","NIPPON BUILDING FUND REIT","Real Estate","Equity","4,675.85","0.02","4,675.85","4.00","1,101.00","Japan","Tokyo Stock Exchange","CAD","-","JPY"
"JPY","JPY CASH","Cash and/or Derivatives","Cash","4,669.84","0.02","4,669.84","5,189.00","0.90","Japan","-","CAD","-","JPY"
"086520","ECOPRO LTD","Industrials","Equity","4,669.42","0.02","4,669.42","56.00","83.31","Korea (South)","Korea Exchange (Kosdaq)","CAD","-","KRW"
"3692","HANSOH PHARMACEUTICAL GROUP","Health Care","Equity","4,667.29","0.02","4,667.29","763.00","6.12","China","Hong Kong Exchanges And Clearing Ltd","CAD","-","HKD"
"GBLB","GROUPE BRUXELLES LAMBERT NV","Financials","Equity","4,664.66","0.02","4,664.66","39.00","120.16","Belgium","Nyse Euronext - Euronext Brussels","CAD","-","EUR"
"ANDR","ANDRITZ AG","Industrials","Equity","4,662.69","0.02","4,662.69","34.00","136.07","Austria","Wiener Boerse Ag","CAD","-","EUR"
"CPLE3","CIA PARANAENSE DE ENERGIA COPEL","Utilities","Equity","4,661.43","0.02","4,661.43","1,067.00","4.37","Brazil","XBSP","CAD","-","BRL"
"601138","FOXCONN INDUSTRIAL INTERNET LTD A","Information Technology","Equity","4,659.61","0.02","4,659.61","365.00","12.78","China","Shanghai Stock Exchange","CAD","-","CNY"
"005830","DB INSURANCE LTD","Financials","Equity","4,655.12","0.02","4,655.12","24.00","195.17","Korea (South)","Korea Exchange (Stock Market)","CAD","-","KRW"
"2269","MEIJI HOLDINGS LTD","Consumer Staples","Equity","4,649.76","0.02","4,649.76","118.00","39.24","Japan","Tokyo Stock Exchange","CAD","-","JPY"
"AC*","ARCA CONTINENTAL","Consumer Staples","Equity","4,629.70","0.02","4,629.70","284.00","16.31","Mexico","Bolsa Mexicana De Valores","CAD","-","MXN"
"TMPV","TATA MOTORS PASSENGER VEHICLES LTD","Consumer Discretionary","Equity","4,628.79","0.01","4,628.79","1,008.00","4.59","India","National Stock Exchange Of India","CAD","-","INR"
"7550","ZENSHO HOLDINGS","Consumer Discretionary","Equity","4,627.70","0.01","4,627.70","50.00","93.40","Japan","Tokyo Stock Exchange","CAD","-","JPY"
"NIBE B","NIBE INDUSTRIER CLASS B","Industrials","Equity","4,620.28","0.01","4,620.28","755.00","6.12","Sweden","Nasdaq Omx Nordic","CAD","-","SEK"
"AUBANK","AU SMALL FINANCE BANK","Financials","Equity","4,618.16","0.01","4,618.16","305.00","15.15","India","National Stock Exchange Of India","CAD","-","INR"
"GVT&D","GE VERNOVA T&D INDIA LTD","Industrials","Equity","4,616.13","0.01","4,616.13","73.00","63.29","India","National Stock Exchange Of India","CAD","-","INR"
"G24","SCOUT24 N","Communication","Equity","4,611.14","0.01","4,611.14","38.00","120.16","Germany","Xetra","CAD","-","EUR"
"TATAPOWER","TATA POWER LTD","Utilities","Equity","4,592.12","0.01","4,592.12","854.00","5.38","India","National Stock Exchange Of India","CAD","-","INR"
"1336","NEW CHINA LIFE INSURANCE COMPANY L","Financials","Equity","4,578.55","0.01","4,578.55","551.00","8.31","China","Hong Kong Exchanges And Clearing Ltd","CAD","-","HKD"
"CGPOWER","CG POWER AND INDUSTRIAL SOLUTIONS","Industrials","Equity","4,574.58","0.01","4,574.58","357.00","12.83","India","National Stock Exchange Of India","CAD","-","INR"
"BSANTANDER","BANCO SANTANDER CHILE","Financials","Equity","4,566.34","0.01","4,566.34","38,053.00","0.12","Chile","Santiago Stock Exchange","CAD","-","CLP"
"VOD","VODACOM GROUP LTD","Communication","Equity","4,555.96","0.01","4,555.96","343.00","13.29","South Africa","Johannesburg Stock Exchange","CAD","-","ZAR"
"COMI","COMMERCIAL INTERNATIONAL BANK EGYP","Financials","Equity","4,555.56","0.01","4,555.56","1,280.00","3.56","Egypt","Egyptian Exchange","CAD","-","EGP"
"NEX","NEXANS SA","Industrials","Equity","4,552.73","0.01","4,552.73","20.00","222.34","France","Nyse Euronext - Euronext Paris","CAD","-","EUR"
"8729","SONY FINANCIAL GROUP INC","Financials","Equity","4,551.47","0.01","4,551.47","3,096.00","1.47","Japan","Tokyo Stock Exchange","CAD","-","JPY"
"VAML","VEDANTA ALUMINIUM METAL LTD","Materials","Equity","4,548.80","0.01","4,548.80","772.00","5.89","India","National Stock Exchange Of India","CAD","-","INR"
"PTTEP.R","PTT EXPLORATION AND PRODUCTION NON","Energy","Equity","4,548.17","0.01","4,548.17","719.00","6.33","Thailand","Stock Exchange Of Thailand","CAD","-","THB"
"6690","HAIER SMART HOME CLASS H LTD H","Consumer Discretionary","Equity","4,547.44","0.01","4,547.44","1,239.00","3.67","China","Hong Kong Exchanges And Clearing Ltd","CAD","-","HKD"
"TNE","TECHNOLOGY ONE","Information Technology","Equity","4,546.54","0.01","4,546.54","159.00","28.64","Australia","Asx - All Markets","CAD","-","AUD"
"6239","POWERTECH TECHNOLOGY","Information Technology","Equity","4,542.47","0.01","4,542.47","377.00","12.04","Taiwan","Taiwan Stock Exchange","CAD","-","TWD"
"SYENS","SYENSQO NV","Materials","Equity","4,542.13","0.01","4,542.13","36.00","125.63","Belgium","Nyse Euronext - Euronext Brussels","CAD","-","EUR"
"RENT3","LOCALIZA RENT A CAR","Industrials","Equity","4,541.34","0.01","4,541.34","456.00","9.95","Brazil","XBSP","CAD","-","BRL"
"KOFUBL","COCA-COLA FEMSA CLASS UBL UNITS","Consumer Staples","Equity","4,536.86","0.01","4,536.86","289.00","15.70","Mexico","Bolsa Mexicana De Valores","CAD","-","MXN"
"4904","FAR EASTONE TELECOMMUNICATIONS LTD","Communication","Equity","4,536.68","0.01","4,536.68","971.00","4.67","Taiwan","Taiwan Stock Exchange","CAD","-","TWD"
"VOE","VOESTALPINE AG","Materials","Equity","4,536.26","0.01","4,536.26","60.00","75.25","Austria","Wiener Boerse Ag","CAD","-","EUR"
"BTRW","BARRATT REDROW PLC","Consumer Discretionary","Equity","4,536.25","0.01","4,536.25","773.00","5.87","United Kingdom","London Stock Exchange","CAD","-","GBP"
"P911","DR ING HC F PORSCHE PRF AG","Consumer Discretionary","Equity","4,533.78","0.01","4,533.78","59.00","76.44","Germany","Xetra","CAD","-","EUR"
"REM","REMGRO","Financials","Equity","4,533.78","0.01","4,533.78","269.00","16.84","South Africa","Johannesburg Stock Exchange","CAD","-","ZAR"
"ZAL","ZALANDO","Consumer Discretionary","Equity","4,529.47","0.01","4,529.47","129.00","35.02","Germany","Xetra","CAD","-","EUR"
"AZM","AZIMUT HOLDING","Financials","Equity","4,523.25","0.01","4,523.25","71.00","63.42","Italy","Borsa Italiana","CAD","-","EUR"
"071050","KOREA INVESTMENT HOLDINGS LTD","Financials","Equity","4,520.42","0.01","4,520.42","24.00","187.88","Korea (South)","Korea Exchange (Stock Market)","CAD","-","KRW"
"1548","GENSCRIPT BIOTECH CORP","Health Care","Equity","4,519.31","0.01","4,519.31","681.00","6.64","China","Hong Kong Exchanges And Clearing Ltd","CAD","-","HKD"
"NDX1","NORDEX","Industrials","Equity","4,512.85","0.01","4,512.85","70.00","64.74","Germany","Xetra","CAD","-","EUR"
"SUZB3","SUZANO SA","Materials","Equity","4,506.02","0.01","4,506.02","350.00","12.86","Brazil","XBSP","CAD","-","BRL"
"5876","SHANGHAI COMMERCIAL","Financials","Equity","4,505.71","0.01","4,505.71","2,057.00","2.19","Taiwan","Taiwan Stock Exchange","CAD","-","TWD"
"TATACONSUM","TATA CONSUMER PRODUCTS LTD","Consumer Staples","Equity","4,505.59","0.01","4,505.59","305.00","14.78","India","National Stock Exchange Of India","CAD","-","INR"
"DMART","AVENUE SUPERMARTS LTD","Consumer Staples","Equity","4,503.58","0.01","4,503.58","83.00","54.10","India","National Stock Exchange Of India","CAD","-","INR"
"4091","NIPPON SANSO HOLDINGS","Materials","Equity","4,501.78","0.01","4,501.78","91.00","49.46","Japan","Tokyo Stock Exchange","CAD","-","JPY"
"AVOL","AVOLTA AG","Consumer Discretionary","Equity","4,501.74","0.01","4,501.74","62.00","72.40","Switzerland","SIX Swiss Exchange","CAD","-","CHF"
"BBY","BALFOUR BEATTY PLC","Industrials","Equity","4,501.20","0.01","4,501.20","265.00","16.96","United Kingdom","London Stock Exchange","CAD","-","GBP"
"SCHN","SCHINDLER HOLDING AG","Industrials","Equity","4,494.88","0.01","4,494.88","11.00","426.17","Switzerland","SIX Swiss Exchange","CAD","-","CHF"
"NXT","NEXTDC","Information Technology","Equity","4,490.36","0.01","4,490.36","408.00","11.00","Australia","Asx - All Markets","CAD","-","AUD"
"SQN","SWISSQUOTE GROUP HOLDING SA","Financials","Equity","4,486.64","0.01","4,486.64","69.00","65.23","Switzerland","SIX Swiss Exchange","CAD","-","CHF"
"3099","ISETAN MITSUKOSHI HOLDINGS","Consumer Discretionary","Equity","4,482.93","0.01","4,482.93","152.00","29.57","Japan","Tokyo Stock Exchange","CAD","-","JPY"
"1878","DAITO TRUST CONSTRUCTION LTD","Real Estate","Equity","4,482.60","0.01","4,482.60","147.00","30.46","Japan","Tokyo Stock Exchange","CAD","-","JPY"
"RDOR3","REDE DOR SAO LUIZ SA","Health Care","Equity","4,468.95","0.01","4,468.95","444.00","10.07","Brazil","XBSP","CAD","-","BRL"
"YMM","FULL TRUCK ALLIANCE ADR CLASS A","Industrials","Equity","4,466.26","0.01","4,466.26","394.00","11.33","China","New York Stock Exchange Inc.","CAD","-","USD"
"028050","SAMSUNG E&A LTD","Industrials","Equity","4,463.37","0.01","4,463.37","86.00","51.73","Korea (South)","Korea Exchange (Stock Market)","CAD","-","KRW"
"SCC.R","SIAM CEMENT NON-VOTING DR PCL","Materials","Equity","4,463.19","0.01","4,463.19","411.00","10.86","Thailand","Stock Exchange Of Thailand","CAD","-","THB"
"DIB","DB ISLAMIC BANK","Financials","Equity","4,456.38","0.01","4,456.38","1,592.00","2.80","United Arab Emirates","Dubai Financial Market","CAD","-","AED"
"AUTO","AUTOTRADER GROUP PLC","Communication","Equity","4,453.71","0.01","4,453.71","480.00","9.28","United Kingdom","London Stock Exchange","CAD","-","GBP"
"AM","DASSAULT AVIATION SA","Industrials","Equity","4,452.48","0.01","4,452.48","9.00","468.77","France","Nyse Euronext - Euronext Paris","CAD","-","EUR"
"3626","TISI","Information Technology","Equity","4,449.68","0.01","4,449.68","122.00","36.62","Japan","Tokyo Stock Exchange","CAD","-","JPY"
"1658","POSTAL SAVINGS BANK OF CHINA LTD H","Financials","Equity","4,444.89","0.01","4,444.89","4,582.00","0.97","China","Hong Kong Exchanges And Clearing Ltd","CAD","-","HKD"
"5406","KOBE STEEL","Materials","Equity","4,432.87","0.01","4,432.87","237.00","18.72","Japan","Tokyo Stock Exchange","CAD","-","JPY"
"7752","RICOH","Information Technology","Equity","4,430.35","0.01","4,430.35","293.00","15.11","Japan","Tokyo Stock Exchange","CAD","-","JPY"
"9508","KYUSHU ELECTRIC POWER","Utilities","Equity","4,427.66","0.01","4,427.66","227.00","19.53","Japan","Tokyo Stock Exchange","CAD","-","JPY"
"HDFCLIFE","HDFC LIFE INSURANCE COMPANY LTD","Financials","Equity","4,421.32","0.01","4,421.32","544.00","8.12","India","National Stock Exchange Of India","CAD","-","INR"
"VBL","VARUN BEVERAGES","Consumer Staples","Equity","4,415.85","0.01","4,415.85","729.00","6.06","India","National Stock Exchange Of India","CAD","-","INR"
"PERSISTENT","PERSISTENT SYSTEMS LTD","Information Technology","Equity","4,414.93","0.01","4,414.93","55.00","79.79","India","National Stock Exchange Of India","CAD","-","INR"
"BVN","BUENAVENTURA ADR REPRESENTING","Materials","Equity","4,406.70","0.01","4,406.70","91.00","48.55","Peru","New York Stock Exchange Inc.","CAD","-","USD"
"ATS","AT & S AUSTRIA TECHNOLOGIE & SYSTE","Information Technology","Equity","4,402.19","0.01","4,402.19","16.00","268.60","Austria","Wiener Boerse Ag","CAD","-","EUR"
"GJF","GJENSIDIGE FORSIKRING","Financials","Equity","4,401.48","0.01","4,401.48","106.00","41.57","Norway","Oslo Bors Asa","CAD","-","NOK"
"BRITANNIA","BRITANNIA INDUSTRIES LTD","Consumer Staples","Equity","4,394.93","0.01","4,394.93","61.00","72.63","India","National Stock Exchange Of India","CAD","-","INR"
"601899","ZIJIN MINING GROUP LTD A","Materials","Equity","4,387.76","0.01","4,387.76","680.00","6.45","China","Shanghai Stock Exchange","CAD","-","CNY"
"4938","PEGATRON","Information Technology","Equity","4,387.44","0.01","4,387.44","1,105.00","3.97","Taiwan","Taiwan Stock Exchange","CAD","-","TWD"
"2280","ALMARAI","Consumer Staples","Equity","4,385.73","0.01","4,385.73","258.00","17.01","Saudi Arabia","Saudi Stock Exchange","CAD","-","SAR"
"5101","YOKOHAMA RUBBER","Consumer Discretionary","Equity","4,383.67","0.01","4,383.67","71.00","61.77","Japan","Tokyo Stock Exchange","CAD","-","JPY"
"AMP","AMP LTD","Financials","Equity","4,381.29","0.01","4,381.29","1,767.00","2.48","Australia","Asx - All Markets","CAD","-","AUD"
"UMI","UMICORE SA","Materials","Equity","4,376.98","0.01","4,376.98","123.00","35.66","Belgium","Nyse Euronext - Euronext Brussels","CAD","-","EUR"
"2409","AUO","Information Technology","Equity","4,371.73","0.01","4,371.73","3,312.00","1.32","Taiwan","Taiwan Stock Exchange","CAD","-","TWD"
"086280","HYUNDAI GLOVIS LTD","Industrials","Equity","4,368.35","0.01","4,368.35","21.00","208.53","Korea (South)","Korea Exchange (Stock Market)","CAD","-","KRW"
"BBSE3","BB SEGURIDADE SA","Financials","Equity","4,356.96","0.01","4,356.96","398.00","10.96","Brazil","XBSP","CAD","-","BRL"
"4042","TOSOH CORP","Materials","Equity","4,351.98","0.01","4,351.98","183.00","23.74","Japan","Tokyo Stock Exchange","CAD","-","JPY"
"2382","SUNNY OPTICAL TECHNOLOGY LTD","Information Technology","Equity","4,349.88","0.01","4,349.88","362.00","12.03","China","Hong Kong Exchanges And Clearing Ltd","CAD","-","HKD"
"HWDN","HOWDEN JOINERY GROUP PLC","Industrials","Equity","4,345.60","0.01","4,345.60","306.00","14.22","United Kingdom","London Stock Exchange","CAD","-","GBP"
"MNDI","MONDI PLC","Materials","Equity","4,344.42","0.01","4,344.42","273.00","15.94","United Kingdom","London Stock Exchange","CAD","-","GBP"
"3529","EMEMORY TECHNOLOGY INC","Information Technology","Equity","4,344.16","0.01","4,344.16","37.00","118.88","Taiwan","Gretai Securities Market","CAD","-","TWD"
"INDU A","INDUSTRIVARDEN A","Financials","Equity","4,331.80","0.01","4,331.80","56.00","77.58","Sweden","Nasdaq Omx Nordic","CAD","-","SEK"
"4704","TREND MICRO","Information Technology","Equity","4,329.02","0.01","4,329.02","75.00","57.96","Japan","Tokyo Stock Exchange","CAD","-","JPY"
"GAMUDA","GAMUDA","Industrials","Equity","4,307.55","0.01","4,307.55","2,659.00","1.62","Malaysia","Bursa Malaysia","CAD","-","MYR"
"GPT","GPT GROUP STAPLED UNITS","Real Estate","Equity","4,300.42","0.01","4,300.42","956.00","4.50","Australia","Asx - All Markets","CAD","-","AUD"
"688","CHINA OVERSEAS LAND INVESTMENT","Real Estate","Equity","4,300.11","0.01","4,300.11","2,019.00","2.13","China","Hong Kong Exchanges And Clearing Ltd","CAD","-","HKD"
"3289","TOKYU FUDOSAN HOLDINGS","Real Estate","Equity","4,298.29","0.01","4,298.29","367.00","11.72","Japan","Tokyo Stock Exchange","CAD","-","JPY"
"ANA","ACCIONA","Utilities","Equity","4,297.48","0.01","4,297.48","13.00","334.47","Spain","Bolsa De Madrid","CAD","-","EUR"
"4324","DENTSU GROUP","Communication","Equity","4,295.39","0.01","4,295.39","132.00","32.63","Japan","Tokyo Stock Exchange","CAD","-","JPY"
"AALB","AALBERTS","Industrials","Equity","4,280.72","0.01","4,280.72","65.00","65.51","Netherlands","Euronext Amsterdam","CAD","-","EUR"
"JMT","JERONIMO MARTINS SA","Consumer Staples","Equity","4,275.81","0.01","4,275.81","147.00","29.01","Portugal","Nyse Euronext - Euronext Lisbon","CAD","-","EUR"
"CHC","CHARTER HALL GROUP STAPLED UNITS","Real Estate","Equity","4,274.13","0.01","4,274.13","235.00","18.19","Australia","Asx - All Markets","CAD","-","AUD"
"IG","ITALGAS","Utilities","Equity","4,271.59","0.01","4,271.59","315.00","13.56","Italy","Borsa Italiana","CAD","-","EUR"
"CRDA","CRODA INTERNATIONAL PLC","Materials","Equity","4,265.84","0.01","4,265.84","71.00","59.91","United Kingdom","London Stock Exchange","CAD","-","GBP"
"ADEN","ADECCO GROUP AG","Industrials","Equity","4,257.32","0.01","4,257.32","103.00","41.53","Switzerland","SIX Swiss Exchange","CAD","-","CHF"
"FUTU","FUTU HOLDINGS ADR","Financials","Equity","4,254.54","0.01","4,254.54","27.00","155.75","Hong Kong","NASDAQ","CAD","-","USD"
"RMV","RIGHTMOVE PLC","Communication","Equity","4,251.53","0.01","4,251.53","458.00","9.28","United Kingdom","London Stock Exchange","CAD","-","GBP"
"NRP","NEPI ROCKCASTLE","Real Estate","Equity","4,251.25","0.01","4,251.25","341.00","12.46","South Africa","Johannesburg Stock Exchange","CAD","-","ZAR"
"3088","MATSUKIYOKARA","Consumer Staples","Equity","4,248.30","0.01","4,248.30","185.00","22.94","Japan","Tokyo Stock Exchange","CAD","-","JPY"
"BZ","KANZHUN AMERICAN DEPOSITORY SHARES","Industrials","Equity","4,247.44","0.01","4,247.44","205.00","20.76","China","NASDAQ","CAD","-","USD"
"5871","CHAILEASE HOLDING LTD","Financials","Equity","4,244.38","0.01","4,244.38","864.00","4.91","Taiwan","Taiwan Stock Exchange","CAD","-","TWD"
"1590","AIRTAC INTERNATIONAL GROUP","Industrials","Equity","4,243.10","0.01","4,243.10","78.00","54.62","Taiwan","Taiwan Stock Exchange","CAD","-","TWD"
"INDUSINDBK","INDUSIND BANK","Financials","Equity","4,242.95","0.01","4,242.95","304.00","13.97","India","National Stock Exchange Of India","CAD","-","INR"
"4528","ONO PHARMACEUTICAL","Health Care","Equity","4,240.58","0.01","4,240.58","198.00","21.47","Japan","Tokyo Stock Exchange","CAD","-","JPY"
"SIGN","SIG GROUP N AG","Materials","Equity","4,237.24","0.01","4,237.24","189.00","22.43","Switzerland","SIX Swiss Exchange","CAD","-","CHF"
"9962","MISUMI GROUP","Industrials","Equity","4,231.57","0.01","4,231.57","132.00","31.99","Japan","Tokyo Stock Exchange","CAD","-","JPY"
"BCI","BANCO DE CREDITO E INVERSION","Financials","Equity","4,230.48","0.01","4,230.48","44.00","95.80","Chile","Santiago Stock Exchange","CAD","-","CLP"
"UNI","UNICAJA BANCO SA","Financials","Equity","4,226.07","0.01","4,226.07","716.00","5.90","Spain","Bolsa De Madrid","CAD","-","EUR"
"MYCR","MYCRONIC","Information Technology","Equity","4,216.00","0.01","4,216.00","93.00","45.31","Sweden","Nasdaq Omx Nordic","CAD","-","SEK"
"UGPA3","ULTRAPAR PARTICIPOES SA","Consumer Discretionary","Equity","4,209.15","0.01","4,209.15","399.00","10.54","Brazil","XBSP","CAD","-","BRL"
"HAG","HENSOLDT AG","Industrials","Equity","4,207.80","0.01","4,207.80","34.00","124.79","Germany","Xetra","CAD","-","EUR"
"1944","KINDEN","Industrials","Equity","4,205.89","0.01","4,205.89","67.00","62.86","Japan","Tokyo Stock Exchange","CAD","-","JPY"
"MGR","MIRVAC GROUP STAPLED UNITS","Real Estate","Equity","4,200.61","0.01","4,200.61","2,373.00","1.77","Australia","Asx - All Markets","CAD","-","AUD"
"9501","TOKYO ELECTRIC POWER HOLDINGS INC","Utilities","Equity","4,198.42","0.01","4,198.42","841.00","4.99","Japan","Tokyo Stock Exchange","CAD","-","JPY"
"1997","WHARF REAL ESTATE INVESTMENT COMPA","Real Estate","Equity","4,197.65","0.01","4,197.65","779.00","5.39","Hong Kong","Hong Kong Exchanges And Clearing Ltd","CAD","-","HKD"
"BHEL","BHARAT HEAVY ELECTRICALS LTD","Industrials","Equity","4,196.65","0.01","4,196.65","670.00","6.26","India","National Stock Exchange Of India","CAD","-","INR"
"ABDN","ABERDEEN GROUP PLC","Financials","Equity","4,195.18","0.01","4,195.18","926.00","4.53","United Kingdom","London Stock Exchange","CAD","-","GBP"
"1080","ARAB NATIONAL BANK","Financials","Equity","4,195.07","0.01","4,195.07","495.00","8.47","Saudi Arabia","Saudi Stock Exchange","CAD","-","SAR"
"4768","OTSUKA CORP","Information Technology","Equity","4,183.25","0.01","4,183.25","128.00","32.74","Japan","Tokyo Stock Exchange","CAD","-","JPY"
"4005","SUMITOMO CHEMICAL","Materials","Equity","4,175.66","0.01","4,175.66","778.00","5.37","Japan","Tokyo Stock Exchange","CAD","-","JPY"
"LMP","LONDONMETRIC PROPERTY REIT PLC","Real Estate","Equity","4,169.63","0.01","4,169.63","1,237.00","3.37","United Kingdom","London Stock Exchange","CAD","-","GBP"
"UHR","THE SWATCH GROUP AG","Consumer Discretionary","Equity","4,156.95","0.01","4,156.95","14.00","300.95","Switzerland","SIX Swiss Exchange","CAD","-","CHF"
"RICHTER","GEDEON RICHTER","Health Care","Equity","4,150.88","0.01","4,150.88","73.00","56.58","Hungary","Budapest Stock Exchange","CAD","-","HUF"
"LHA","DEUTSCHE LUFTHANSA AG","Industrials","Equity","4,138.11","0.01","4,138.11","336.00","12.33","Germany","Xetra","CAD","-","EUR"
"BPCL","BHARAT PETROLEUM","Energy","Equity","4,132.33","0.01","4,132.33","922.00","4.48","India","National Stock Exchange Of India","CAD","-","INR"
"1171","YANKUANG ENERGY GROUP COMPANY H","Energy","Equity","4,131.23","0.01","4,131.23","1,878.00","2.20","China","Hong Kong Exchanges And Clearing Ltd","CAD","-","HKD"
"SECT B","SECTRA CLASS B","Health Care","Equity","4,124.06","0.01","4,124.06","96.00","42.94","Sweden","Nasdaq Omx Nordic","CAD","-","SEK"
"7181","JAPAN POST INSURANCE LTD","Financials","Equity","4,123.33","0.01","4,123.33","253.00","16.29","Japan","Tokyo Stock Exchange","CAD","-","JPY"
"011070","LG INNOTEK LTD","Information Technology","Equity","4,120.88","0.01","4,120.88","8.00","513.24","Korea (South)","Korea Exchange (Stock Market)","CAD","-","KRW"
"GL9","GLANBIA PLC","Consumer Staples","Equity","4,113.97","0.01","4,113.97","128.00","32.02","Ireland","Irish Stock Exchange - All Market","CAD","-","EUR"
"GF","GEORG FISCHER AG","Industrials","Equity","4,105.53","0.01","4,105.53","44.00","92.96","Switzerland","SIX Swiss Exchange","CAD","-","CHF"
"300502","EOPTOLINK TECHNOLOGY INC A","Information Technology","Equity","4,099.63","0.01","4,099.63","46.00","88.52","China","Shenzhen Stock Exchange","CAD","-","CNY"
"MRL","MERLIN PROPERTIES REIT","Real Estate","Equity","4,095.92","0.01","4,095.92","204.00","20.08","Spain","Bolsa De Madrid","CAD","-","EUR"
"MOH","MOTOR OIL (HELLAS) CORINTH REFINER","Energy","Equity","4,087.77","0.01","4,087.77","36.00","112.37","Greece","Athens Exchange S.A. Cash Market","CAD","-","EUR"
"4013","DR SULAIMAN AL HABIB MEDICAL GRP","Health Care","Equity","4,086.78","0.01","4,086.78","48.00","84.89","Saudi Arabia","Saudi Stock Exchange","CAD","-","SAR"
"GMD","GENESIS MINERALS","Materials","Equity","4,081.63","0.01","4,081.63","568.00","7.18","Australia","Asx - All Markets","CAD","-","AUD"
"MBK","MBANK SA","Financials","Equity","4,079.95","0.01","4,079.95","8.00","529.48","Poland","Warsaw Stock Exchange/Equities/Main Market","CAD","-","PLN"
"RS1","RS GROUP PLC","Industrials","Equity","4,074.50","0.01","4,074.50","295.00","13.79","United Kingdom","London Stock Exchange","CAD","-","GBP"
"3003","HULIC","Real Estate","Equity","4,054.68","0.01","4,054.68","256.00","15.84","Japan","Tokyo Stock Exchange","CAD","-","JPY"
"2404","UNITED INTEGRATED SERVICES","Industrials","Equity","4,032.13","0.01","4,032.13","89.00","45.18","Taiwan","Taiwan Stock Exchange","CAD","-","TWD"
"VAU","VAULT MINERALS","Materials","Equity","4,030.21","0.01","4,030.21","674.00","5.98","Australia","Asx - All Markets","CAD","-","AUD"
"RADL3","RAIA DROGASIL","Consumer Staples","Equity","4,029.63","0.01","4,029.63","730.00","5.52","Brazil","XBSP","CAD","-","BRL"
"BLND","BRITISH LAND REIT","Real Estate","Equity","4,024.46","0.01","4,024.46","530.00","7.60","United Kingdom","London Stock Exchange","CAD","-","GBP"
"BBDC3","BANCO BRADESCO","Financials","Equity","4,021.91","0.01","4,021.91","925.00","4.35","Brazil","XBSP","CAD","-","BRL"
"BMED","BANCA MEDIOLANUM","Financials","Equity","4,013.17","0.01","4,013.17","107.00","37.61","Italy","Borsa Italiana","CAD","-","EUR"
"MAP","MAPFRE SA","Financials","Equity","4,010.86","0.01","4,010.86","549.00","7.31","Spain","Bolsa De Madrid","CAD","-","EUR"
"3702","WPG HOLDINGS","Information Technology","Equity","4,010.52","0.01","4,010.52","824.00","4.87","Taiwan","Taiwan Stock Exchange","CAD","-","TWD"
"EVK","EVONIK INDUSTRIES AG","Materials","Equity","3,995.09","0.01","3,995.09","142.00","28.19","Germany","Xetra","CAD","-","EUR"
"DNL","DYNO NOBEL","Materials","Equity","3,990.42","0.01","3,990.42","964.00","4.14","Australia","Asx - All Markets","CAD","-","AUD"
"LUPIN","LUPIN","Health Care","Equity","3,984.35","0.01","3,984.35","130.00","30.59","India","National Stock Exchange Of India","CAD","-","INR"
"6724","SEIKO EPSON","Information Technology","Equity","3,981.61","0.01","3,981.61","140.00","28.48","Japan","Tokyo Stock Exchange","CAD","-","JPY"
"SB1NO","SPAREBANK SR-NORGE","Financials","Equity","3,981.49","0.01","3,981.49","117.00","33.93","Norway","Oslo Bors Asa","CAD","-","NOK"
"1208","MMG LTD","Materials","Equity","3,979.25","0.01","3,979.25","2,601.00","1.53","China","Hong Kong Exchanges And Clearing Ltd","CAD","-","HKD"
"ALK B","ALK-ABELLO CLASS B","Health Care","Equity","3,978.41","0.01","3,978.41","93.00","42.77","Denmark","Omx Nordic Exchange Copenhagen A/S","CAD","-","DKK"
"SGH","SGH","Industrials","Equity","3,978.12","0.01","3,978.12","109.00","36.64","Australia","Asx - All Markets","CAD","-","AUD"
"SALM","SALMAR","Consumer Staples","Equity","3,977.74","0.01","3,977.74","48.00","83.52","Norway","Oslo Bors Asa","CAD","-","NOK"
"9602","TOHO (TOKYO)","Communication","Equity","3,974.58","0.01","3,974.58","274.00","14.51","Japan","Tokyo Stock Exchange","CAD","-","JPY"
"8341","77 BANK","Financials","Equity","3,972.02","0.01","3,972.02","109.00","36.48","Japan","Tokyo Stock Exchange","CAD","-","JPY"
"1038","CHEUNG KONG INFRASTRUCTURE HOLDING","Utilities","Equity","3,962.65","0.01","3,962.65","344.00","11.53","Hong Kong","Hong Kong Exchanges And Clearing Ltd","CAD","-","HKD"
"601288","AGRICULTURAL BANK OF CHINA LTD A","Financials","Equity","3,962.36","0.01","3,962.36","2,752.00","1.44","China","Shanghai Stock Exchange","CAD","-","CNY"
"4732","USS","Consumer Discretionary","Equity","3,962.21","0.01","3,962.21","229.00","17.33","Japan","Tokyo Stock Exchange","CAD","-","JPY"
"1101","TAIWAN CEMENT","Materials","Equity","3,956.32","0.01","3,956.32","3,697.00","1.07","Taiwan","Taiwan Stock Exchange","CAD","-","TWD"
"148","KINGBOARD HOLDINGS","Information Technology","Equity","3,953.77","0.01","3,953.77","406.00","9.74","China","Hong Kong Exchanges And Clearing Ltd","CAD","-","HKD"
"601318","PING AN INSURANCE (GROUP) OF CHINA","Financials","Equity","3,949.24","0.01","3,949.24","355.00","11.13","China","Shanghai Stock Exchange","CAD","-","CNY"
"7701","SHIMADZU","Information Technology","Equity","3,947.37","0.01","3,947.37","113.00","34.85","Japan","Tokyo Stock Exchange","CAD","-","JPY"
"MTLN","METLEN ENERGY & METALS PLC","Industrials","Equity","3,937.17","0.01","3,937.17","52.00","75.18","Greece","London Stock Exchange","CAD","-","EUR"
"CEN","CONTACT ENERGY LTD","Utilities","Equity","3,936.95","0.01","3,936.95","558.00","7.06","New Zealand","New Zealand Exchange Ltd","CAD","-","NZD"
"788","CHINA TOWER CORP LTD H","Communication","Equity","3,931.49","0.01","3,931.49","2,442.00","1.61","China","Hong Kong Exchanges And Clearing Ltd","CAD","-","HKD"
"3293","INTERNATIONAL GAMES SYSTEM LTD","Communication","Equity","3,925.58","0.01","3,925.58","123.00","31.80","Taiwan","Gretai Securities Market","CAD","-","TWD"
"KBCA","KBC ANCORA NV","Financials","Equity","3,921.43","0.01","3,921.43","26.00","152.94","Belgium","Nyse Euronext - Euronext Brussels","CAD","-","EUR"
"BRL","BRL CASH","Cash and/or Derivatives","Cash","3,920.33","0.01","3,920.33","145.00","27.12","Brazil","-","CAD","-","BRL"
"688041","HYGON INFORMATION TECHNOLOGY LTD A","Information Technology","Equity","3,900.58","0.01","3,900.58","81.00","48.39","China","Shanghai Stock Exchange","CAD","-","CNY"
"LAGR B","LAGERCRANTZ GROUP CLASS B","Information Technology","Equity","3,898.37","0.01","3,898.37","125.00","31.15","Sweden","Nasdaq Omx Nordic","CAD","-","SEK"
"DIXON","DIXON TECHNOLOGIES (INDIA) LTD","Consumer Discretionary","Equity","3,890.69","0.01","3,890.69","20.00","193.75","India","National Stock Exchange Of India","CAD","-","INR"
"5830","IYOGIN HOLDINGS INC","Financials","Equity","3,876.20","0.01","3,876.20","112.00","34.53","Japan","Tokyo Stock Exchange","CAD","-","JPY"
"SBMO","SBM OFFSHORE","Energy","Equity","3,874.51","0.01","3,874.51","66.00","59.09","Netherlands","Euronext Amsterdam","CAD","-","EUR"
"2875","TOYO SUISAN LTD","Consumer Staples","Equity","3,853.27","0.01","3,853.27","43.00","89.56","Japan","Tokyo Stock Exchange","CAD","-","JPY"
"3197","SKYLARK HOLDINGS","Consumer Discretionary","Equity","3,849.37","0.01","3,849.37","131.00","29.43","Japan","Tokyo Stock Exchange","CAD","-","JPY"
"BRBY","BURBERRY GROUP PLC","Consumer Discretionary","Equity","3,848.00","0.01","3,848.00","203.00","18.93","United Kingdom","London Stock Exchange","CAD","-","GBP"
"F34","WILMAR INTERNATIONAL","Consumer Staples","Equity","3,839.23","0.01","3,839.23","939.00","4.09","Singapore","Singapore Exchange","CAD","-","SGD"
"FIBRAPL14","PROLOGIS PROPERTY MEXICO REIT","Real Estate","Equity","3,836.25","0.01","3,836.25","623.00","6.16","Mexico","Bolsa Mexicana De Valores","CAD","-","MXN"
"EMG","MAN GROUP PLC","Financials","Equity","3,836.08","0.01","3,836.08","610.00","6.29","United Kingdom","London Stock Exchange","CAD","-","GBP"
"JBH","JB HI-FI LTD","Consumer Discretionary","Equity","3,833.89","0.01","3,833.89","58.00","65.90","Australia","Asx - All Markets","CAD","-","AUD"
"1919","COSCO SHIPPING HOLDINGS LTD H","Industrials","Equity","3,830.44","0.01","3,830.44","1,281.00","2.99","China","Hong Kong Exchanges And Clearing Ltd","CAD","-","HKD"
"SOI","SOITEC SA","Information Technology","Equity","3,823.51","0.01","3,823.51","17.00","227.64","France","Nyse Euronext - Euronext Paris","CAD","-","EUR"
"GETI B","GETINGE B","Health Care","Equity","3,821.67","0.01","3,821.67","112.00","34.01","Sweden","Nasdaq Omx Nordic","CAD","-","SEK"
"6869","SYSMEX","Health Care","Equity","3,818.18","0.01","3,818.18","227.00","16.82","Japan","Tokyo Stock Exchange","CAD","-","JPY"
"VAR","VAR ENERGI","Energy","Equity","3,816.61","0.01","3,816.61","479.00","7.96","Norway","Oslo Bors Asa","CAD","-","NOK"
"015760","KOREA ELECTRIC POWER","Utilities","Equity","3,814.30","0.01","3,814.30","122.00","31.38","Korea (South)","Korea Exchange (Stock Market)","CAD","-","KRW"
"BGN","BANCA GENERALI","Financials","Equity","3,813.94","0.01","3,813.94","36.00","106.03","Italy","Borsa Italiana","CAD","-","EUR"
"836","CHINA RESOURCES POWER LTD","Utilities","Equity","3,813.42","0.01","3,813.42","1,138.00","3.35","China","Hong Kong Exchanges And Clearing Ltd","CAD","-","HKD"
"INDUSTOWER","INDUS TOWERS LTD","Communication","Equity","3,810.06","0.01","3,810.06","685.00","5.56","India","National Stock Exchange Of India","CAD","-","INR"
"FALABELLA","FALABELLA SACI","Consumer Discretionary","Equity","3,804.12","0.01","3,804.12","395.00","9.64","Chile","Santiago Stock Exchange","CAD","-","CLP"
"8952","JAPAN REAL ESTATE INVESTMENT TRUST","Real Estate","Equity","3,797.86","0.01","3,797.86","4.00","1,029.15","Japan","Tokyo Stock Exchange","CAD","-","JPY"
"1140","BANK ALBILAD","Financials","Equity","3,795.68","0.01","3,795.68","412.00","9.22","Saudi Arabia","Saudi Stock Exchange","CAD","-","SAR"
"2356","INVENTEC","Information Technology","Equity","3,794.57","0.01","3,794.57","1,405.00","2.70","Taiwan","Taiwan Stock Exchange","CAD","-","TWD"
"9005","TOKYU","Industrials","Equity","3,782.99","0.01","3,782.99","250.00","15.15","Japan","Tokyo Stock Exchange","CAD","-","JPY"
"ZAR","ZAR CASH","Cash and/or Derivatives","Cash","3,781.51","0.01","3,781.51","440.00","8.60","South Africa","-","CAD","-","ZAR"
"PFC","POWER FINANCE CORPORATION LTD","Financials","Equity","3,771.20","0.01","3,771.20","750.00","5.03","India","National Stock Exchange Of India","CAD","-","INR"
"GALE","GALENICA AG","Health Care","Equity","3,767.14","0.01","3,767.14","27.00","140.76","Switzerland","SIX Swiss Exchange","CAD","-","CHF"
"SOF","SOFINA SA","Financials","Equity","3,765.13","0.01","3,765.13","9.00","401.30","Belgium","Nyse Euronext - Euronext Brussels","CAD","-","EUR"
"FUNO11","FIBRA UNO ADMINISTRACION REIT","Real Estate","Equity","3,761.62","0.01","3,761.62","1,554.00","2.42","Mexico","Bolsa Mexicana De Valores","CAD","-","MXN"
"CWY","CLEANAWAY WASTE MANAGEMENT","Industrials","Equity","3,746.63","0.01","3,746.63","1,398.00","2.68","Australia","Asx - All Markets","CAD","-","AUD"
"ENEV3","ENEVA","Utilities","Equity","3,743.74","0.01","3,743.74","501.00","7.47","Brazil","XBSP","CAD","-","BRL"
"2513","Z AI CO LTD H","Information Technology","Equity","3,740.08","0.01","3,740.08","28.00","131.92","China","Hong Kong Exchanges And Clearing Ltd","CAD","-","HKD"
"HDFCAMC","HDFC ASSET MANAGEMENT COMPANY LTD","Financials","Equity","3,739.52","0.01","3,739.52","107.00","34.81","India","National Stock Exchange Of India","CAD","-","INR"
"SW","SODEXO SA","Consumer Discretionary","Equity","3,733.66","0.01","3,733.66","40.00","93.26","France","Nyse Euronext - Euronext Paris","CAD","-","EUR"
"QAN","QANTAS AIRWAYS","Industrials","Equity","3,719.01","0.01","3,719.01","426.00","8.73","Australia","Asx - All Markets","CAD","-","AUD"
"INVP","INVESTEC PLC","Financials","Equity","3,718.86","0.01","3,718.86","301.00","12.34","United Kingdom","London Stock Exchange","CAD","-","GBP"
"83","SINO LAND LTD","Real Estate","Equity","3,716.24","0.01","3,716.24","2,112.00","1.76","Hong Kong","Hong Kong Exchanges And Clearing Ltd","CAD","-","HKD"
"BARN","BARRY CALLEBAUT AG","Consumer Staples","Equity","3,716.14","0.01","3,716.14","2.00","1,905.05","Switzerland","SIX Swiss Exchange","CAD","-","CHF"
"ROR","ROTORK PLC","Industrials","Equity","3,710.81","0.01","3,710.81","410.00","9.05","United Kingdom","London Stock Exchange","CAD","-","GBP"
"WTB","WHITBREAD PLC","Consumer Discretionary","Equity","3,705.96","0.01","3,705.96","85.00","43.74","United Kingdom","London Stock Exchange","CAD","-","GBP"
"RMS","RAMELIUS RESOURCES","Materials","Equity","3,705.47","0.01","3,705.47","1,074.00","3.45","Australia","Asx - All Markets","CAD","-","AUD"
"4183","MITSUI CHEMICALS","Materials","Equity","3,704.18","0.01","3,704.18","185.00","20.02","Japan","Tokyo Stock Exchange","CAD","-","JPY"
"7337","HIROGIN HOLDINGS INC","Financials","Equity","3,694.17","0.01","3,694.17","172.00","21.46","Japan","Tokyo Stock Exchange","CAD","-","JPY"
"3105","WIN SEMICONDUCTORS CORP","Information Technology","Equity","3,688.51","0.01","3,688.51","179.00","20.66","Taiwan","Gretai Securities Market","CAD","-","TWD"
"6515","WINWAY TECHNOLOGY","Information Technology","Equity","3,684.21","0.01","3,684.21","14.00","268.48","Taiwan","Taiwan Stock Exchange","CAD","-","TWD"
"BVT","BIDVEST GROUP","Industrials","Equity","3,655.43","0.01","3,655.43","185.00","19.79","South Africa","Johannesburg Stock Exchange","CAD","-","ZAR"
"LOOMIS","LOOMIS CLASS B","Industrials","Equity","3,645.73","0.01","3,645.73","46.00","78.58","Sweden","Nasdaq Omx Nordic","CAD","-","SEK"
"POLYCAB","POLYCAB INDIA","Industrials","Equity","3,638.18","0.01","3,638.18","30.00","119.67","India","National Stock Exchange Of India","CAD","-","INR"
"2267","YAKULT HONSHA LTD","Consumer Staples","Equity","3,636.55","0.01","3,636.55","141.00","25.77","Japan","Tokyo Stock Exchange","CAD","-","JPY"
"AKBNK.E","AKBANK A","Financials","Equity","3,630.68","0.01","3,630.68","1,762.00","2.06","Turkey","Istanbul Stock Exchange","CAD","-","TRY"
"KTB.R","KRUNG THAI BANK PUBLIC NON-VOTING","Financials","Equity","3,625.69","0.01","3,625.69","1,918.00","1.89","Thailand","Stock Exchange Of Thailand","CAD","-","THB"
"BHARATFORG","BHARAT FORGE","Consumer Discretionary","Equity","3,624.66","0.01","3,624.66","130.00","27.97","India","National Stock Exchange Of India","CAD","-","INR"
"2207","HOTAI MOTOR LTD","Consumer Discretionary","Equity","3,621.80","0.01","3,621.80","155.00","23.34","Taiwan","Taiwan Stock Exchange","CAD","-","TWD"
"2324","COMPAL ELECTRONICS","Information Technology","Equity","3,616.78","0.01","3,616.78","2,205.00","1.64","Taiwan","Taiwan Stock Exchange","CAD","-","TWD"
"9684","SQUARE ENIX HLDG","Communication","Equity","3,614.69","0.01","3,614.69","133.00","27.14","Japan","Tokyo Stock Exchange","CAD","-","JPY"
"SUZLON","SUZLON ENERGY","Industrials","Equity","3,611.18","0.01","3,611.18","5,824.00","0.62","India","National Stock Exchange Of India","CAD","-","INR"
"LENSKART","LENSKART SOLUTIONS LTD","Consumer Discretionary","Equity","3,602.67","0.01","3,602.67","364.00","9.91","India","National Stock Exchange Of India","CAD","-","INR"
"5332","TOTO LTD","Industrials","Equity","3,598.53","0.01","3,598.53","70.00","51.35","Japan","Tokyo Stock Exchange","CAD","-","JPY"
"PIDILITIND","PIDILITE INDUSTRIES LTD","Materials","Equity","3,594.39","0.01","3,594.39","159.00","22.62","India","National Stock Exchange Of India","CAD","-","INR"
"SOLARINDS","SOLAR INDUSTRIES INDIA LTD","Materials","Equity","3,594.04","0.01","3,594.04","13.00","274.30","India","National Stock Exchange Of India","CAD","-","INR"
"BBOX","TRITAX BIG BOX REIT PLC","Real Estate","Equity","3,589.74","0.01","3,589.74","1,291.00","2.78","United Kingdom","London Stock Exchange","CAD","-","GBP"
"005387","HYUNDAI MOTOR S2 PREF","Consumer Discretionary","Equity","3,589.61","0.01","3,589.61","20.00","175.13","Korea (South)","Korea Exchange (Stock Market)","CAD","-","KRW"
"003670","POSCO FUTURE M LTD","Industrials","Equity","3,589.38","0.01","3,589.38","19.00","184.44","Korea (South)","Korea Exchange (Stock Market)","CAD","-","KRW"
"HER","HERA","Utilities","Equity","3,586.35","0.01","3,586.35","602.00","5.96","Italy","Borsa Italiana","CAD","-","EUR"
"3036","WT MICROELECTRONICS","Information Technology","Equity","3,584.76","0.01","3,584.76","401.00","8.95","Taiwan","Taiwan Stock Exchange","CAD","-","TWD"
"6305","HITACHI CONSTRUCTION MACHINERY LTD","Industrials","Equity","3,574.83","0.01","3,574.83","70.00","50.91","Japan","Tokyo Stock Exchange","CAD","-","JPY"
"601398","INDUSTRIAL AND COMMERCIAL BANK OF","Financials","Equity","3,573.85","0.01","3,573.85","2,102.00","1.70","China","Shanghai Stock Exchange","CAD","-","CNY"
"20","SENSETIME GROUP CLASS B INC","Information Technology","Equity","3,567.33","0.01","3,567.33","16,987.00","0.21","China","Hong Kong Exchanges And Clearing Ltd","CAD","-","HKD"
"006800","MIRAE ASSET SECURITIES CO LTD","Financials","Equity","3,558.88","0.01","3,558.88","111.00","32.19","Korea (South)","Korea Exchange (Stock Market)","CAD","-","KRW"
"VALMT","VALMET CORP","Industrials","Equity","3,551.84","0.01","3,551.84","78.00","45.66","Finland","Nasdaq Omx Helsinki Ltd.","CAD","-","EUR"
"DEWA","DUBAI ELECTRICITY AND WATER AUTHOR","Utilities","Equity","3,549.57","0.01","3,549.57","3,381.00","1.05","United Arab Emirates","Dubai Financial Market","CAD","-","AED"
"AUROPHARMA","AUROBINDO PHARMA","Health Care","Equity","3,546.79","0.01","3,546.79","144.00","24.64","India","National Stock Exchange Of India","CAD","-","INR"
"2611","GUOTAI HAITONG SECURITIES CO LTD H","Financials","Equity","3,540.20","0.01","3,540.20","1,321.00","2.68","China","Hong Kong Exchanges And Clearing Ltd","CAD","-","HKD"
"SAVE","NORDNET","Financials","Equity","3,538.50","0.01","3,538.50","73.00","48.53","Sweden","Nasdaq Omx Nordic","CAD","-","SEK"
"8418","YAMAGUCHI FINANCIAL GROUP","Financials","Equity","3,534.96","0.01","3,534.96","121.00","29.24","Japan","Tokyo Stock Exchange","CAD","-","JPY"
"6856","HORIBA","Information Technology","Equity","3,532.90","0.01","3,532.90","18.00","197.70","Japan","Tokyo Stock Exchange","CAD","-","JPY"
"JBS","JBS N V NV CLASS A","Consumer Staples","Equity","3,528.90","0.01","3,528.90","209.00","16.87","Brazil","New York Stock Exchange Inc.","CAD","-","USD"
"19","SWIRE PACIFIC LTD A","Industrials","Equity","3,521.15","0.01","3,521.15","198.00","17.77","Hong Kong","Hong Kong Exchanges And Clearing Ltd","CAD","-","HKD"
"VEND","VEND MARKETPLACES ASA","Communication","Equity","3,518.01","0.01","3,518.01","100.00","35.31","Norway","Oslo Bors Asa","CAD","-","NOK"
"CTEC","CONVATEC GROUP PLC","Health Care","Equity","3,514.36","0.01","3,514.36","861.00","4.08","United Kingdom","London Stock Exchange","CAD","-","GBP"
"KBANK.R","KASIKORNBANK PUBLIC NON-VOTING DR","Financials","Equity","3,509.43","0.01","3,509.43","331.00","10.60","Thailand","Stock Exchange Of Thailand","CAD","-","THB"
"AZJ","AURIZON HOLDINGS","Industrials","Equity","3,507.99","0.01","3,507.99","940.00","3.73","Australia","Asx - All Markets","CAD","-","AUD"
"EDPR","EDP RENEWABLES SA","Utilities","Equity","3,506.82","0.01","3,506.82","171.00","20.55","Portugal","Nyse Euronext - Euronext Lisbon","CAD","-","EUR"
"TLX","TELIX PHARMACEUTICALS","Health Care","Equity","3,503.12","0.01","3,503.12","202.00","17.36","Australia","Asx - All Markets","CAD","-","AUD"
"TAL","TAL EDUCATION GROUP ADR REPTG","Consumer Discretionary","Equity","3,501.12","0.01","3,501.12","214.00","16.36","China","New York Stock Exchange Inc.","CAD","-","USD"
"1942","KANDENKO LTD","Industrials","Equity","3,496.58","0.01","3,496.58","69.00","50.79","Japan","Tokyo Stock Exchange","CAD","-","JPY"
"VER","VERBUND AG","Utilities","Equity","3,496.22","0.01","3,496.22","35.00","99.84","Austria","Wiener Boerse Ag","CAD","-","EUR"
"ASHOKLEY","ASHOK LEYLAND","Industrials","Equity","3,496.09","0.01","3,496.09","1,513.00","2.31","India","National Stock Exchange Of India","CAD","-","INR"
"9024","SEIBU HOLDINGS","Industrials","Equity","3,495.95","0.01","3,495.95","107.00","32.70","Japan","Tokyo Stock Exchange","CAD","-","JPY"
"BCVN","BC VAUD N","Financials","Equity","3,491.07","0.01","3,491.07","16.00","213.43","Switzerland","SIX Swiss Exchange","CAD","-","CHF"
"FORTIS","FORTIS HEALTHCARE LTD","Health Care","Equity","3,490.35","0.01","3,490.35","270.00","12.92","India","National Stock Exchange Of India","CAD","-","INR"
"002594","BYD A","Consumer Discretionary","Equity","3,489.04","0.01","3,489.04","197.00","17.72","China","Shenzhen Stock Exchange","CAD","-","CNY"
"INPST","INPOST SA","Industrials","Equity","3,488.81","0.01","3,488.81","140.00","25.00","Netherlands","Euronext Amsterdam","CAD","-","EUR"
"6806","HIROSE ELECTRIC LTD","Information Technology","Equity","3,476.52","0.01","3,476.52","16.00","217.77","Japan","Tokyo Stock Exchange","CAD","-","JPY"
"8953","JAPAN METROPOLITAN FUND INVESTMENT","Real Estate","Equity","3,473.81","0.01","3,473.81","3.00","1,000.41","Japan","Tokyo Stock Exchange","CAD","-","JPY"
"358","JIANGXI COPPER LTD H","Materials","Equity","3,467.40","0.01","3,467.40","583.00","5.95","China","Hong Kong Exchanges And Clearing Ltd","CAD","-","HKD"
"TME","TENCENT MUSIC ENTERTAINMENT GROUP","Communication","Equity","3,462.16","0.01","3,462.16","319.00","10.87","China","New York Stock Exchange Inc.","CAD","-","USD"
"2688","ENN ENERGY HOLDINGS LTD","Utilities","Equity","3,461.62","0.01","3,461.62","396.00","8.75","China","Hong Kong Exchanges And Clearing Ltd","CAD","-","HKD"
"6415","SILERGY","Information Technology","Equity","3,459.49","0.01","3,459.49","192.00","18.03","Taiwan","Taiwan Stock Exchange","CAD","-","TWD"
"6370","KURITA WATER INDUSTRIES","Industrials","Equity","3,458.81","0.01","3,458.81","51.00","67.40","Japan","Tokyo Stock Exchange","CAD","-","JPY"
"6618","JD HEALTH INTERNATIONAL INC","Consumer Staples","Equity","3,456.66","0.01","3,456.66","558.00","6.19","China","Hong Kong Exchanges And Clearing Ltd","CAD","-","HKD"
"IQCD","INDUSTRIES QATAR","Industrials","Equity","3,456.41","0.01","3,456.41","868.00","3.98","Qatar","Qatar Exchange","CAD","-","QAR"
"1818","ZHAOJIN MINING INDUSTRY LTD H","Materials","Equity","3,450.75","0.01","3,450.75","945.00","3.65","China","Hong Kong Exchanges And Clearing Ltd","CAD","-","HKD"
"NAUKRI","INFO EDGE INDIA LTD","Communication","Equity","3,447.45","0.01","3,447.45","187.00","18.44","India","National Stock Exchange Of India","CAD","-","INR"
"OUT","OUTSURANCE GROUP","Financials","Equity","3,445.32","0.01","3,445.32","468.00","7.36","South Africa","Johannesburg Stock Exchange","CAD","-","ZAR"
"DNP","DINO POLSKA","Consumer Staples","Equity","3,443.57","0.01","3,443.57","258.00","13.33","Poland","Warsaw Stock Exchange/Equities/Main Market","CAD","-","PLN"
"DXS","DEXUS STAPLED UNITS","Real Estate","Equity","3,442.70","0.01","3,442.70","619.00","5.56","Australia","Asx - All Markets","CAD","-","AUD"
"AIXA","AIXTRON","Information Technology","Equity","3,438.09","0.01","3,438.09","63.00","54.88","Germany","Xetra","CAD","-","EUR"
"9CI","CAPITALAND INVESTMENT LTD","Real Estate","Equity","3,435.58","0.01","3,435.58","1,189.00","2.89","Singapore","Singapore Exchange","CAD","-","SGD"
"010950","S-OIL","Energy","Equity","3,429.05","0.01","3,429.05","22.00","154.07","Korea (South)","Korea Exchange (Stock Market)","CAD","-","KRW"
"ADP","AEROPORTS DE PARIS SA","Industrials","Equity","3,426.27","0.01","3,426.27","20.00","174.62","France","Nyse Euronext - Euronext Paris","CAD","-","EUR"
"AKER","AKER","Industrials","Equity","3,425.86","0.01","3,425.86","15.00","236.08","Norway","Oslo Bors Asa","CAD","-","NOK"
"ASURB","GRUPO AEROPORTUARIO DEL SURESTE B","Industrials","Equity","3,421.58","0.01","3,421.58","100.00","34.29","Mexico","Bolsa Mexicana De Valores","CAD","-","MXN"
"3908","CHINA INTERNATIONAL CAPITAL H","Financials","Equity","3,421.57","0.01","3,421.57","978.00","3.50","China","Hong Kong Exchanges And Clearing Ltd","CAD","-","HKD"
"2702","MCDONALDS HOLDINGS (JAPAN) LTD","Consumer Discretionary","Equity","3,413.25","0.01","3,413.25","48.00","71.12","Japan","Tokyo Stock Exchange","CAD","-","JPY"
"MARICO","MARICO","Consumer Staples","Equity","3,405.14","0.01","3,405.14","286.00","11.91","India","National Stock Exchange Of India","CAD","-","INR"
"BEN","BENDIGO AND ADELAIDE BANK","Financials","Equity","3,404.62","0.01","3,404.62","329.00","10.36","Australia","Asx - All Markets","CAD","-","AUD"
"AZA","AVANZA BANK HOLDING","Financials","Equity","3,402.91","0.01","3,402.91","61.00","55.58","Sweden","Nasdaq Omx Nordic","CAD","-","SEK"
"ACX","ACERINOX","Materials","Equity","3,402.35","0.01","3,402.35","120.00","28.42","Spain","Bolsa De Madrid","CAD","-","EUR"
"TE","TECHNIP ENERGIES","Energy","Equity","3,399.49","0.01","3,399.49","72.00","47.46","France","Nyse Euronext - Euronext Paris","CAD","-","EUR"
"SCT","SOFTCAT PLC","Information Technology","Equity","3,396.32","0.01","3,396.32","92.00","36.75","United Kingdom","London Stock Exchange","CAD","-","GBP"
"DLF","DLF LTD","Real Estate","Equity","3,394.16","0.01","3,394.16","364.00","9.33","India","National Stock Exchange Of India","CAD","-","INR"
"VIVT3","TELEFONICA BRASIL SA","Communication","Equity","3,392.97","0.01","3,392.97","405.00","8.38","Brazil","XBSP","CAD","-","BRL"
"007660","ISUPETASYS LTD","Information Technology","Equity","3,391.06","0.01","3,391.06","32.00","107.30","Korea (South)","Korea Exchange (Stock Market)","CAD","-","KRW"
"ZEG","ZEGONA COMMUNICATIONS PLC","Communication","Equity","3,388.34","0.01","3,388.34","97.00","34.92","United Kingdom","London Stock Exchange","CAD","-","GBP"
"7747","ASAHI INTECC","Health Care","Equity","3,386.54","0.01","3,386.54","115.00","29.47","Japan","Tokyo Stock Exchange","CAD","-","JPY"
"ITUB3","ITAU UNIBANCO HOLDING SA","Financials","Equity","3,378.08","0.01","3,378.08","266.00","12.69","Brazil","XBSP","CAD","-","BRL"
"PSN","PERSIMMON PLC","Consumer Discretionary","Equity","3,372.63","0.01","3,372.63","154.00","21.91","United Kingdom","London Stock Exchange","CAD","-","GBP"
"5991","NHK SPRING","Consumer Discretionary","Equity","3,370.88","0.01","3,370.88","114.00","29.66","Japan","Tokyo Stock Exchange","CAD","-","JPY"
"9506","TOHOKU ELECTRIC POWER","Utilities","Equity","3,367.57","0.01","3,367.57","258.00","13.07","Japan","Tokyo Stock Exchange","CAD","-","JPY"
"U14","UOL GROUP LTD","Real Estate","Equity","3,357.84","0.01","3,357.84","355.00","9.46","Singapore","Singapore Exchange","CAD","-","SGD"
"272210","HANWHA SYSTEMS LTD","Industrials","Equity","3,349.30","0.01","3,349.30","43.00","78.45","Korea (South)","Korea Exchange (Stock Market)","CAD","-","KRW"
"1911","SUMITOMO FORESTRY","Consumer Discretionary","Equity","3,336.48","0.01","3,336.48","296.00","11.27","Japan","Tokyo Stock Exchange","CAD","-","JPY"
"BDO","BDO UNIBANK","Financials","Equity","3,331.78","0.01","3,331.78","1,307.00","2.55","Philippines","Philippine Stock Exchange Inc.","CAD","-","PHP"
"MMHD","MENORAH MIVTACHIM HOLDINGS","Financials","Equity","3,330.85","0.01","3,330.85","13.00","254.42","Israel","Tel Aviv Stock Exchange","CAD","-","ILS"
"7261","MAZDA MOTOR","Consumer Discretionary","Equity","3,327.65","0.01","3,327.65","316.00","10.52","Japan","Tokyo Stock Exchange","CAD","-","JPY"
"TRUE.R","TRUE CORPORATION NON-VOTING DR","Communication","Equity","3,327.27","0.01","3,327.27","6,278.00","0.53","Thailand","Stock Exchange Of Thailand","CAD","-","THB"
"6965","HAMAMATSU PHOTONICS","Information Technology","Equity","3,322.17","0.01","3,322.17","166.00","19.98","Japan","Tokyo Stock Exchange","CAD","-","JPY"
"ASII","ASTRA INTERNATIONAL","Industrials","Equity","3,319.68","0.01","3,319.68","8,512.00","0.39","Indonesia","Indonesia Stock Exchange","CAD","-","IDR"
"002371","NAURA TECHNOLOGY GROUP LTD A","Information Technology","Equity","3,310.70","0.01","3,310.70","24.00","138.82","China","Shenzhen Stock Exchange","CAD","-","CNY"
"ICL","ICL GROUP","Materials","Equity","3,309.48","0.01","3,309.48","430.00","7.69","Israel","Tel Aviv Stock Exchange","CAD","-","ILS"
"6302","SUMITOMO HEAVY INDUSTRIES LTD","Industrials","Equity","3,305.28","0.01","3,305.28","63.00","52.42","Japan","Tokyo Stock Exchange","CAD","-","JPY"
"U96","SEMBCORP INDUSTRIES LTD","Utilities","Equity","3,304.75","0.01","3,304.75","508.00","6.50","Singapore","Singapore Exchange","CAD","-","SGD"
"6268","NABTESCO","Industrials","Equity","3,301.27","0.01","3,301.27","80.00","41.14","Japan","Tokyo Stock Exchange","CAD","-","JPY"
"2834","TAIWAN BUSINESS BANK LTD","Financials","Equity","3,300.93","0.01","3,300.93","4,026.00","0.82","Taiwan","Taiwan Stock Exchange","CAD","-","TWD"
"4186","TOKYO OHKA KOGYO","Materials","Equity","3,298.16","0.01","3,298.16","46.00","71.32","Japan","Tokyo Stock Exchange","CAD","-","JPY"
"3606","FUYAO GLASS INDUSTRY GROUP LTD H","Consumer Discretionary","Equity","3,286.48","0.01","3,286.48","334.00","9.84","China","Hong Kong Exchanges And Clearing Ltd","CAD","-","HKD"
"259960","KRAFTON","Communication","Equity","3,283.06","0.01","3,283.06","16.00","205.50","Korea (South)","Korea Exchange (Stock Market)","CAD","-","KRW"
"NEM","NEMETSCHEK","Information Technology","Equity","3,274.01","0.01","3,274.01","33.00","98.56","Germany","Xetra","CAD","-","EUR"
"3533","LOTES","Information Technology","Equity","3,272.55","0.01","3,272.55","48.00","68.22","Taiwan","Taiwan Stock Exchange","CAD","-","TWD"
"UNITDSPR","UNITED SPIRITS","Consumer Staples","Equity","3,268.97","0.01","3,268.97","161.00","20.26","India","National Stock Exchange Of India","CAD","-","INR"
"BC8","BECHTLE AG","Information Technology","Equity","3,267.25","0.01","3,267.25","61.00","53.72","Germany","Xetra","CAD","-","EUR"
"FHZN","FLUGHAFEN ZUERICH AG","Industrials","Equity","3,262.41","0.01","3,262.41","10.00","342.64","Switzerland","SIX Swiss Exchange","CAD","-","CHF"
"6113","AMADA LTD","Industrials","Equity","3,260.23","0.01","3,260.23","149.00","21.89","Japan","Tokyo Stock Exchange","CAD","-","JPY"
"247540","ECOPRO BM LTD","Industrials","Equity","3,241.35","0.01","3,241.35","31.00","103.96","Korea (South)","Korea Exchange (Kosdaq)","CAD","-","KRW"
"GLBE","GLOBAL E ONLINE","Consumer Discretionary","Equity","3,237.71","0.01","3,237.71","60.00","53.68","Israel","NASDAQ","CAD","-","USD"
"YTLPOWR","YTL POWER INTERNATIONAL","Utilities","Equity","3,235.28","0.01","3,235.28","1,676.00","1.93","Malaysia","Bursa Malaysia","CAD","-","MYR"
"MFSL","MAX FINANCIAL SERVICES LTD","Financials","Equity","3,233.49","0.01","3,233.49","143.00","22.66","India","National Stock Exchange Of India","CAD","-","INR"
"JMAT","JOHNSON MATTHEY PLC","Materials","Equity","3,229.04","0.01","3,229.04","73.00","44.22","United Kingdom","London Stock Exchange","CAD","-","GBP"
"1816","CGN POWER LTD H","Utilities","Equity","3,221.96","0.01","3,221.96","6,079.00","0.53","China","Hong Kong Exchanges And Clearing Ltd","CAD","-","HKD"
"IOC","INDIAN OIL CORP","Energy","Equity","3,220.79","0.01","3,220.79","1,643.00","1.96","India","National Stock Exchange Of India","CAD","-","INR"
"WHC","WHITEHAVEN COAL","Energy","Equity","3,218.04","0.01","3,218.04","396.00","8.12","Australia","Asx - All Markets","CAD","-","AUD"
"6481","THK LTD","Industrials","Equity","3,217.88","0.01","3,217.88","60.00","53.87","Japan","Tokyo Stock Exchange","CAD","-","JPY"
"BIMBOA","GRUPO BIMBO A","Consumer Staples","Equity","3,216.48","0.01","3,216.48","716.00","4.49","Mexico","Bolsa Mexicana De Valores","CAD","-","MXN"
"CPR","DAVIDE CAMPARI MILANO NV","Consumer Staples","Equity","3,210.09","0.01","3,210.09","337.00","9.52","Italy","Borsa Italiana","CAD","-","EUR"
"LUND B","LUNDBERGFORETAGEN CLASS B","Financials","Equity","3,208.52","0.01","3,208.52","38.00","83.92","Sweden","Nasdaq Omx Nordic","CAD","-","SEK"
"BKG","BERKELEY GROUP HOLDINGS (THE)","Consumer Discretionary","Equity","3,203.99","0.01","3,203.99","51.00","62.75","United Kingdom","London Stock Exchange","CAD","-","GBP"
"9202","ANA HOLDINGS","Industrials","Equity","3,201.96","0.01","3,201.96","119.00","26.94","Japan","Tokyo Stock Exchange","CAD","-","JPY"
"IFCN","INFICON HOLDING AG","Information Technology","Equity","3,190.27","0.01","3,190.27","12.00","276.08","Switzerland","SIX Swiss Exchange","CAD","-","CHF"
"2371","KAKAKU.COM","Communication","Equity","3,189.20","0.01","3,189.20","94.00","34.08","Japan","Tokyo Stock Exchange","CAD","-","JPY"
"TASE","TEL AVIV STOCK EXCHANGE LTD","Financials","Equity","3,185.48","0.01","3,185.48","47.00","67.97","Israel","Tel Aviv Stock Exchange","CAD","-","ILS"
"6030","CITIC SECURITIES COMPANY H","Financials","Equity","3,180.48","0.01","3,180.48","736.00","4.32","China","Hong Kong Exchanges And Clearing Ltd","CAD","-","HKD"
"NEXI","NEXI","Financials","Equity","3,176.95","0.01","3,176.95","471.00","6.74","Italy","Borsa Italiana","CAD","-","EUR"
"2871","NICHIREI","Consumer Staples","Equity","3,174.91","0.01","3,174.91","159.00","20.01","Japan","Tokyo Stock Exchange","CAD","-","JPY"
"GAIL","GAIL INDIA LTD","Utilities","Equity","3,173.96","0.01","3,173.96","1,265.00","2.51","India","National Stock Exchange Of India","CAD","-","INR"
"WDP","WAREHOUSES DE PAUW NV","Real Estate","Equity","3,171.71","0.01","3,171.71","94.00","33.86","Belgium","Nyse Euronext - Euronext Brussels","CAD","-","EUR"
"JINDALSTEL","JINDAL STEEL LTD","Materials","Equity","3,165.90","0.01","3,165.90","192.00","16.45","India","National Stock Exchange Of India","CAD","-","INR"
"NYKAA","FSN E-COMMERCE VENTURES","Consumer Discretionary","Equity","3,160.99","0.01","3,160.99","670.00","4.72","India","National Stock Exchange Of India","CAD","-","INR"
"9435","HIKARI TSUSHIN INC","Industrials","Equity","3,157.73","0.01","3,157.73","9.00","351.67","Japan","Tokyo Stock Exchange","CAD","-","JPY"
"CAST","CASTELLUM","Real Estate","Equity","3,157.57","0.01","3,157.57","175.00","18.08","Sweden","Nasdaq Omx Nordic","CAD","-","SEK"
"CDR","CD PROJEKT RED","Communication","Equity","3,155.02","0.01","3,155.02","36.00","88.27","Poland","Warsaw Stock Exchange/Equities/Main Market","CAD","-","PLN"
"BSE","BSE LTD","Financials","Equity","3,152.67","0.01","3,152.67","66.00","47.51","India","National Stock Exchange Of India","CAD","-","INR"
"HUH1V","HUHTAMAKI","Materials","Equity","3,149.97","0.01","3,149.97","64.00","49.13","Finland","Nasdaq Omx Helsinki Ltd.","CAD","-","EUR"
"9698","GDS HOLDINGS CLASS A","Information Technology","Equity","3,146.24","0.01","3,146.24","584.00","5.39","China","Hong Kong Exchanges And Clearing Ltd","CAD","-","HKD"
"BFT","BENEFIT SYSTEMS","Industrials","Equity","3,143.28","0.01","3,143.28","2.00","1,874.92","Poland","Warsaw Stock Exchange/Equities/Main Market","CAD","-","PLN"
"DIE","DIETEREN (D) SA","Consumer Discretionary","Equity","3,130.93","0.01","3,130.93","11.00","273.74","Belgium","Nyse Euronext - Euronext Brussels","CAD","-","EUR"
"BOUBYAN","BOUBYAN BANK","Financials","Equity","3,127.61","0.01","3,127.61","1,050.00","2.98","Kuwait","Kuwait Stock Exchange","CAD","-","KWD"
"3132","MACNICA HOLDINGS INC","Information Technology","Equity","3,126.72","0.01","3,126.72","88.00","35.34","Japan","Tokyo Stock Exchange","CAD","-","JPY"
"5711","MITSUBISHI MATERIALS","Materials","Equity","3,119.06","0.01","3,119.06","69.00","45.07","Japan","Tokyo Stock Exchange","CAD","-","JPY"
"INCH","INCHCAPE PLC","Consumer Discretionary","Equity","3,118.59","0.01","3,118.59","204.00","15.28","United Kingdom","London Stock Exchange","CAD","-","GBP"
"7201","NISSAN MOTOR","Consumer Discretionary","Equity","3,118.30","0.01","3,118.30","1,110.00","2.81","Japan","Tokyo Stock Exchange","CAD","-","JPY"
"APLAPOLLO","APL APOLLO TUBES LTD","Materials","Equity","3,117.79","0.01","3,117.79","100.00","31.32","India","National Stock Exchange Of India","CAD","-","INR"
"6465","HOSHIZAKI","Industrials","Equity","3,110.66","0.01","3,110.66","65.00","48.19","Japan","Tokyo Stock Exchange","CAD","-","JPY"
"IDFCFIRSTB","IDFC FIRST BANK LTD","Financials","Equity","3,109.53","0.01","3,109.53","2,468.00","1.26","India","National Stock Exchange Of India","CAD","-","INR"
"8963","INVINCIBLE INVESTMENT REIT","Real Estate","Equity","3,107.69","0.01","3,107.69","6.00","555.89","Japan","Tokyo Stock Exchange","CAD","-","JPY"
"CDA","CODAN","Information Technology","Equity","3,106.87","0.01","3,106.87","64.00","48.34","Australia","Asx - All Markets","CAD","-","AUD"
"MNDY","MONDAYCOM","Information Technology","Equity","3,106.12","0.01","3,106.12","25.00","126.28","Israel","NASDAQ","CAD","-","USD"
"6147","CHIPBOND TECHNOLOGY CORP","Information Technology","Equity","3,105.30","0.01","3,105.30","338.00","9.19","Taiwan","Gretai Securities Market","CAD","-","TWD"
"BRAV","BRAVIDA HOLDING","Industrials","Equity","3,103.72","0.01","3,103.72","152.00","20.36","Sweden","Nasdaq Omx Nordic","CAD","-","SEK"
"2413","M3 INC","Health Care","Equity","3,103.17","0.01","3,103.17","192.00","16.14","Japan","Tokyo Stock Exchange","CAD","-","JPY"
"7327","DAISHI HOKUETSU FINANCIAL GROUP","Financials","Equity","3,101.18","0.01","3,101.18","130.00","23.83","Japan","Tokyo Stock Exchange","CAD","-","JPY"
"POWERINDIA","HITACHI ENERGY INDIA LTD","Industrials","Equity","3,100.20","0.01","3,100.20","7.00","455.29","India","National Stock Exchange Of India","CAD","-","INR"
"MEL","MERIDIAN ENERGY LTD","Utilities","Equity","3,096.27","0.01","3,096.27","705.00","4.39","New Zealand","New Zealand Exchange Ltd","CAD","-","NZD"
"ISA","INTERCONEXION ELECTRICA SA","Utilities","Equity","3,095.72","0.01","3,095.72","244.00","12.67","Colombia","Bolsa De Valores De Colombia","CAD","-","COP"
"7203","AL-ELM INFORMATION SECURITY COMPAN","Information Technology","Equity","3,095.17","0.01","3,095.17","13.00","230.29","Saudi Arabia","Saudi Stock Exchange","CAD","-","SAR"
"016360","SAMSUNG SECURITIES LTD","Financials","Equity","3,094.53","0.01","3,094.53","36.00","87.06","Korea (South)","Korea Exchange (Stock Market)","CAD","-","KRW"
"7459","MEDIPAL HOLDINGS CORP","Health Care","Equity","3,090.55","0.01","3,090.55","115.00","26.89","Japan","Tokyo Stock Exchange","CAD","-","JPY"
"CAMT","CAMTEK","Information Technology","Equity","3,086.96","0.01","3,086.96","15.00","201.06","Israel","Tel Aviv Stock Exchange","CAD","-","ILS"
"TCAP","TP ICAP GROUP PLC","Financials","Equity","3,084.02","0.01","3,084.02","506.00","6.10","United Kingdom","London Stock Exchange","CAD","-","GBP"
"DRX","DRAX GROUP PLC","Utilities","Equity","3,082.80","0.01","3,082.80","197.00","15.63","United Kingdom","London Stock Exchange","CAD","-","GBP"
"DU","EMIRATES INTEGRATED TELECOMMUNICAT","Communication","Equity","3,081.23","0.01","3,081.23","685.00","4.50","United Arab Emirates","Dubai Financial Market","CAD","-","AED"
"GCARSOA1","GRUPO CARSO SERIES A1","Industrials","Equity","3,079.57","0.01","3,079.57","291.00","10.57","Mexico","Bolsa Mexicana De Valores","CAD","-","MXN"
"VATN","VALIANT HOLDING AG","Financials","Equity","3,077.98","0.01","3,077.98","12.00","256.04","Switzerland","SIX Swiss Exchange","CAD","-","CHF"
"NOD","NORDIC SEMICONDUCTOR","Information Technology","Equity","3,074.81","0.01","3,074.81","116.00","26.43","Norway","Oslo Bors Asa","CAD","-","NOK"
"12","HENDERSON LAND DEVELOPMENT LTD","Real Estate","Equity","3,073.79","0.01","3,073.79","670.00","4.59","Hong Kong","Hong Kong Exchanges And Clearing Ltd","CAD","-","HKD"
"A2A","A2A","Utilities","Equity","3,072.69","0.01","3,072.69","802.00","3.83","Italy","Borsa Italiana","CAD","-","EUR"
"CVC","CVC CAPITAL PARTNERS PLC","Financials","Equity","3,063.70","0.01","3,063.70","146.00","20.98","Netherlands","Euronext Amsterdam","CAD","-","EUR"
"1928","SANDS CHINA LTD","Consumer Discretionary","Equity","3,061.27","0.01","3,061.27","1,411.00","2.17","Hong Kong","Hong Kong Exchanges And Clearing Ltd","CAD","-","HKD"
"EMBASSY","EMBASSY OFFICE PARKS REIT UNITS","Real Estate","Equity","3,054.46","0.01","3,054.46","477.00","6.41","India","National Stock Exchange Of India","CAD","-","INR"
"FR","VALEO","Consumer Discretionary","Equity","3,052.63","0.01","3,052.63","123.00","24.89","France","Nyse Euronext - Euronext Paris","CAD","-","EUR"
"003490","KOREAN AIR LINES LTD","Industrials","Equity","3,051.74","0.01","3,051.74","103.00","29.76","Korea (South)","Korea Exchange (Stock Market)","CAD","-","KRW"
"VK","VALLOUREC SA","Energy","Equity","3,051.02","0.01","3,051.02","100.00","30.60","France","Nyse Euronext - Euronext Paris","CAD","-","EUR"
"2600","ALUMINUM CORPORATION OF CHINA LTD","Materials","Equity","3,049.46","0.01","3,049.46","2,132.00","1.43","China","Hong Kong Exchanges And Clearing Ltd","CAD","-","HKD"
"SAGA B","SAGAX CLASS B","Real Estate","Equity","3,047.54","0.01","3,047.54","128.00","23.79","Sweden","Nasdaq Omx Nordic","CAD","-","SEK"
"WIPRO","WIPRO","Information Technology","Equity","3,046.99","0.01","3,046.99","1,254.00","2.43","India","National Stock Exchange Of India","CAD","-","INR"
"IDEA","VODAFONE IDEA LTD","Communication","Equity","3,043.70","0.01","3,043.70","14,494.00","0.21","India","National Stock Exchange Of India","CAD","-","INR"
"PAF","PAN AFRICAN RESOURCES PLC","Materials","Equity","3,041.12","0.01","3,041.12","1,283.00","2.37","United Kingdom","London Stock Exchange","CAD","-","GBP"
"8368","HYAKUGO BANK","Financials","Equity","3,037.63","0.01","3,037.63","136.00","22.31","Japan","Tokyo Stock Exchange","CAD","-","JPY"
"036930","JUSUNG ENGINEERING LTD","Information Technology","Equity","3,036.98","0.01","3,036.98","15.00","206.51","Korea (South)","Korea Exchange (Kosdaq)","CAD","-","KRW"
"BAAKOMB","KOMERCNI BANK","Financials","Equity","3,032.92","0.01","3,032.92","43.00","71.15","Czech Republic","Prague Stock Exchange","CAD","-","CZK"
"6213","ITEQ CORP","Information Technology","Equity","3,027.97","0.01","3,027.97","139.00","21.72","Taiwan","Taiwan Stock Exchange","CAD","-","TWD"
"CBQK","COMMERCIAL BANK OF QATAR","Financials","Equity","3,025.43","0.01","3,025.43","1,891.00","1.60","Qatar","Qatar Exchange","CAD","-","QAR"
"2587","SUNTORY BEVERAGE & FOOD LTD","Consumer Staples","Equity","3,025.00","0.01","3,025.00","73.00","41.42","Japan","Tokyo Stock Exchange","CAD","-","JPY"
"4613","KANSAI PAINT","Materials","Equity","3,024.75","0.01","3,024.75","116.00","26.01","Japan","Tokyo Stock Exchange","CAD","-","JPY"
"BWY","BELLWAY PLC","Consumer Discretionary","Equity","3,024.18","0.01","3,024.18","77.00","39.37","United Kingdom","London Stock Exchange","CAD","-","GBP"
"HUB","HUB24","Financials","Equity","3,022.64","0.01","3,022.64","44.00","68.59","Australia","Asx - All Markets","CAD","-","AUD"
"021240","COWAY LTD","Consumer Discretionary","Equity","3,018.30","0.01","3,018.30","28.00","108.82","Korea (South)","Korea Exchange (Stock Market)","CAD","-","KRW"
"5929","SANWA HOLDINGS","Industrials","Equity","3,016.75","0.01","3,016.75","96.00","31.52","Japan","Tokyo Stock Exchange","CAD","-","JPY"
"AGL","AGL ENERGY LTD","Utilities","Equity","3,016.08","0.01","3,016.08","361.00","8.35","Australia","Asx - All Markets","CAD","-","AUD"
"WTC","WISETECH GLOBAL","Information Technology","Equity","3,012.32","0.01","3,012.32","95.00","31.72","Australia","Asx - All Markets","CAD","-","AUD"
"CPN.R","CENTRAL PATTANA NON-VOTING DR PCL","Real Estate","Equity","2,999.13","0.01","2,999.13","1,123.00","2.67","Thailand","Stock Exchange Of Thailand","CAD","-","THB"
"8972","KDX REALTY INVESTMENT REIT CORP","Real Estate","Equity","2,997.70","0.01","2,997.70","2.00","1,317.42","Japan","Tokyo Stock Exchange","CAD","-","JPY"
"PPH","PEPKOR HOLDINGS SHS LTD","Consumer Discretionary","Equity","2,995.61","0.01","2,995.61","1,933.00","1.55","South Africa","Johannesburg Stock Exchange","CAD","-","ZAR"
"003230","SAM YANG FOODS INC","Consumer Staples","Equity","2,995.51","0.01","2,995.51","2.00","1,303.85","Korea (South)","Korea Exchange (Stock Market)","CAD","-","KRW"
"3086","J.FRONT RETAILING","Consumer Discretionary","Equity","2,984.57","0.01","2,984.57","123.00","24.31","Japan","Tokyo Stock Exchange","CAD","-","JPY"
"AMBANK","AMMB HOLDINGS","Financials","Equity","2,984.19","0.01","2,984.19","1,309.00","2.28","Malaysia","Bursa Malaysia","CAD","-","MYR"
"006260","LS","Industrials","Equity","2,983.03","0.01","2,983.03","10.00","307.74","Korea (South)","Korea Exchange (Stock Market)","CAD","-","KRW"
"LEG","LEG IMMOBILIEN N","Real Estate","Equity","2,982.93","0.01","2,982.93","39.00","75.67","Germany","Xetra","CAD","-","EUR"
"1530","3SBIO INC","Health Care","Equity","2,982.91","0.01","2,982.91","1,047.00","2.85","China","Hong Kong Exchanges And Clearing Ltd","CAD","-","HKD"
"AZE","AZELIS GROUP NV","Industrials","Equity","2,979.36","0.01","2,979.36","153.00","19.50","Belgium","Nyse Euronext - Euronext Brussels","CAD","-","EUR"
"8069","E INK HOLDINGS","Information Technology","Equity","2,975.42","0.01","2,975.42","466.00","6.38","Taiwan","Gretai Securities Market","CAD","-","TWD"
"BOQ","BANK OF QUEENSLAND","Financials","Equity","2,966.44","0.01","2,966.44","451.00","6.58","Australia","Asx - All Markets","CAD","-","AUD"
"024110","INDUSTRIAL BANK OF KOREA","Financials","Equity","2,960.01","0.01","2,960.01","145.00","20.40","Korea (South)","Korea Exchange (Stock Market)","CAD","-","KRW"
"RECLTD","REC","Financials","Equity","2,959.76","0.01","2,959.76","653.00","4.53","India","National Stock Exchange Of India","CAD","-","INR"
"7180","KYUSHU FINANCIAL GROUP INC","Financials","Equity","2,958.01","0.01","2,958.01","203.00","14.59","Japan","Tokyo Stock Exchange","CAD","-","JPY"
"ADNOCDRILL","ADNOC DRILLING COMPANY","Energy","Equity","2,956.18","0.01","2,956.18","1,356.00","2.18","United Arab Emirates","Abu Dhabi Securities Exchange","CAD","-","AED"
"9660","HORIZON ROBOTICS","Information Technology","Equity","2,956.16","0.01","2,956.16","3,995.00","0.74","China","Hong Kong Exchanges And Clearing Ltd","CAD","-","HKD"
"AKE","ARKEMA SA","Materials","Equity","2,955.93","0.01","2,955.93","32.00","91.65","France","Nyse Euronext - Euronext Paris","CAD","-","EUR"
"3808","SINOTRUK (HONG KONG) LTD","Industrials","Equity","2,955.61","0.01","2,955.61","437.00","6.76","China","Hong Kong Exchanges And Clearing Ltd","CAD","-","HKD"
"ZAIN","MOBILE TEL","Communication","Equity","2,953.73","0.01","2,953.73","1,070.00","2.76","Kuwait","Kuwait Stock Exchange","CAD","-","KWD"
"SFZN","SIEGFRIED HOLDING AG","Health Care","Equity","2,952.39","0.01","2,952.39","23.00","125.98","Switzerland","SIX Swiss Exchange","CAD","-","CHF"
"8253","CREDIT SAISON","Financials","Equity","2,951.07","0.01","2,951.07","70.00","42.13","Japan","Tokyo Stock Exchange","CAD","-","JPY"
"RAND","RANDSTAD HOLDING","Industrials","Equity","2,949.76","0.01","2,949.76","50.00","58.48","Netherlands","Euronext Amsterdam","CAD","-","EUR"
"GFINBURO","GRUPO FINANCIERO INBURSA SRIES O","Financials","Equity","2,946.47","0.01","2,946.47","857.00","3.44","Mexico","Bolsa Mexicana De Valores","CAD","-","MXN"
"2181","PERSOL HOLDINGS LTD","Industrials","Equity","2,942.31","0.01","2,942.31","1,090.00","2.70","Japan","Tokyo Stock Exchange","CAD","-","JPY"
"291","CHINA RESOURCES BEER HOLDINGS LTD","Consumer Staples","Equity","2,939.08","0.01","2,939.08","907.00","3.24","China","Hong Kong Exchanges And Clearing Ltd","CAD","-","HKD"
"BIG","BIG SHOPPING CENTERS LTD","Real Estate","Equity","2,937.85","0.01","2,937.85","9.00","317.78","Israel","Tel Aviv Stock Exchange","CAD","-","ILS"
"7951","YAMAHA","Consumer Discretionary","Equity","2,937.37","0.01","2,937.37","255.00","11.54","Japan","Tokyo Stock Exchange","CAD","-","JPY"
"PHOENIXLTD","PHOENIX MILLS","Real Estate","Equity","2,935.97","0.01","2,935.97","108.00","27.29","India","National Stock Exchange Of India","CAD","-","INR"
"2018","AAC TECHNOLOGIES HOLDINGS","Information Technology","Equity","2,933.08","0.01","2,933.08","407.00","7.20","China","Hong Kong Exchanges And Clearing Ltd","CAD","-","HKD"
"DLG","DELONGHI","Consumer Discretionary","Equity","2,931.74","0.01","2,931.74","46.00","63.46","Italy","Borsa Italiana","CAD","-","EUR"
"DKK","DKK CASH","Cash and/or Derivatives","Cash","2,931.44","0.01","2,931.44","136.00","21.49","Denmark","-","CAD","-","DKK"
"SCB.R","SCB X PUBLIC COMPANY LIMITED NON-V","Financials","Equity","2,930.44","0.01","2,930.44","463.00","6.33","Thailand","Stock Exchange Of Thailand","CAD","-","THB"
"8050","SEIKO GROUP CORP","Consumer Discretionary","Equity","2,927.66","0.01","2,927.66","34.00","86.84","Japan","Tokyo Stock Exchange","CAD","-","JPY"
"MP1","MEGAPORT","Information Technology","Equity","2,924.33","0.01","2,924.33","171.00","17.14","Australia","Asx - All Markets","CAD","-","AUD"
"SDF","K+S N AG","Materials","Equity","2,919.91","0.01","2,919.91","110.00","26.62","Germany","Xetra","CAD","-","EUR"
"601328","BANK OF COMMUNICATIONS LTD A","Financials","Equity","2,918.57","0.01","2,918.57","1,847.00","1.58","China","Shanghai Stock Exchange","CAD","-","CNY"
"SIGMAFA","ALFA A","Consumer Staples","Equity","2,913.63","0.01","2,913.63","1,982.00","1.47","Mexico","Bolsa Mexicana De Valores","CAD","-","MXN"
"DEMANT","DEMANT","Health Care","Equity","2,910.50","0.01","2,910.50","45.00","64.30","Denmark","Omx Nordic Exchange Copenhagen A/S","CAD","-","DKK"
"NDA","AURUBIS AG","Materials","Equity","2,905.16","0.01","2,905.16","11.00","270.85","Germany","Xetra","CAD","-","EUR"
"2331","LI NING LTD","Consumer Discretionary","Equity","2,899.82","0.01","2,899.82","1,295.00","2.24","China","Hong Kong Exchanges And Clearing Ltd","CAD","-","HKD"
"4182","MITSUBISHI GAS CHEMICAL INC","Materials","Equity","2,899.78","0.01","2,899.78","85.00","34.22","Japan","Tokyo Stock Exchange","CAD","-","JPY"
"MGDL","MIGDAL INSURANCE AND FINANCIAL HOL","Financials","Equity","2,893.93","0.01","2,893.93","294.00","9.86","Israel","Tel Aviv Stock Exchange","CAD","-","ILS"
"SDG","SD GUTHRIE","Consumer Staples","Equity","2,892.89","0.01","2,892.89","1,346.00","2.15","Malaysia","Bursa Malaysia","CAD","-","MYR"
"ALLN","ALLREAL HOLDING AG","Real Estate","Equity","2,890.86","0.01","2,890.86","9.00","333.13","Switzerland","SIX Swiss Exchange","CAD","-","CHF"
"9201","JAPAN AIRLINES","Industrials","Equity","2,889.42","0.01","2,889.42","105.00","27.60","Japan","Tokyo Stock Exchange","CAD","-","JPY"
"CMIG4","CIA ENERGETICA DE MINAS GERAIS PRE","Utilities","Equity","2,888.60","0.01","2,888.60","944.00","3.06","Brazil","XBSP","CAD","-","BRL"
"ILS","ILS CASH","Cash and/or Derivatives","Cash","2,887.39","0.01","2,887.39","63.00","46.12","Israel","-","CAD","-","ILS"
"TUB","FINANCIERE DE TUBIZE SA","Health Care","Equity","2,885.38","0.01","2,885.38","10.00","285.31","Belgium","Nyse Euronext - Euronext Brussels","CAD","-","EUR"
"6845","AZBIL CORP","Information Technology","Equity","2,884.68","0.01","2,884.68","219.00","13.15","Japan","Tokyo Stock Exchange","CAD","-","JPY"
"MGOR","MEGA OR HOLDINGS LTD","Real Estate","Equity","2,879.61","0.01","2,879.61","13.00","223.66","Israel","Tel Aviv Stock Exchange","CAD","-","ILS"
"CWK","CRANSWICK PLC","Consumer Staples","Equity","2,878.08","0.01","2,878.08","30.00","95.62","United Kingdom","London Stock Exchange","CAD","-","GBP"
"ANN","ANSELL","Health Care","Equity","2,876.58","0.01","2,876.58","69.00","41.94","Australia","Asx - All Markets","CAD","-","AUD"
"GGP","GREATLAND RESOURCES LTD","Materials","Equity","2,875.02","0.01","2,875.02","276.00","10.42","Australia","Asx - All Markets","CAD","-","AUD"
"7276","KOITO MANUFACTURING","Consumer Discretionary","Equity","2,874.03","0.01","2,874.03","120.00","24.02","Japan","Tokyo Stock Exchange","CAD","-","JPY"
"SONACOMS","SONA BLW PRECISION FORGINGS LTD","Consumer Discretionary","Equity","2,873.67","0.01","2,873.67","253.00","11.34","India","National Stock Exchange Of India","CAD","-","INR"
"MTO","MITIE GROUP PLC","Industrials","Equity","2,870.60","0.01","2,870.60","730.00","3.93","United Kingdom","London Stock Exchange","CAD","-","GBP"
"RNI","REINET INVESTMENTS S.C.A.","Financials","Equity","2,866.14","0.01","2,866.14","79.00","36.42","South Africa","Johannesburg Stock Exchange","CAD","-","ZAR"
"GEKTERNA","GEK TERNA","Industrials","Equity","2,854.61","0.01","2,854.61","41.00","68.89","Greece","Athens Exchange S.A. Cash Market","CAD","-","EUR"
"2313","SHENZHOU INTERNATIONAL GROUP","Consumer Discretionary","Equity","2,854.19","0.01","2,854.19","458.00","6.23","China","Hong Kong Exchanges And Clearing Ltd","CAD","-","HKD"
"CCC","COMPUTACENTER PLC","Information Technology","Equity","2,851.46","0.01","2,851.46","28.00","100.47","United Kingdom","London Stock Exchange","CAD","-","GBP"
"7729","TOKYO SEIMITSU LTD","Information Technology","Equity","2,846.00","0.01","2,846.00","19.00","146.25","Japan","Tokyo Stock Exchange","CAD","-","JPY"
"9626","BILIBILI INC","Communication","Equity","2,842.40","0.01","2,842.40","139.00","20.43","China","Hong Kong Exchanges And Clearing Ltd","CAD","-","HKD"
"2268","WUXI XDC CAYMAN INC","Health Care","Equity","2,839.04","0.01","2,839.04","208.00","13.64","China","Hong Kong Exchanges And Clearing Ltd","CAD","-","HKD"
"6990","SICHUAN KELUN-BIOTECH BIOPHARM LTD","Health Care","Equity","2,838.34","0.01","2,838.34","35.00","82.25","China","Hong Kong Exchanges And Clearing Ltd","CAD","-","HKD"
"3281","GLP J-REIT REIT","Real Estate","Equity","2,832.28","0.01","2,832.28","2.00","1,202.47","Japan","Tokyo Stock Exchange","CAD","-","JPY"
"5838","RAKUTEN BANK LTD","Financials","Equity","2,829.96","0.01","2,829.96","51.00","55.47","Japan","Tokyo Stock Exchange","CAD","-","JPY"
"AAF","AIRTEL AFRICA PLC","Communication","Equity","2,828.85","0.01","2,828.85","425.00","6.66","United Kingdom","London Stock Exchange","CAD","-","GBP"
"IHH","IHH HEALTHCARE","Health Care","Equity","2,826.34","0.01","2,826.34","1,079.00","2.62","Malaysia","Bursa Malaysia","CAD","-","MYR"
"1721","COMSYS HOLDINGS CORP","Industrials","Equity","2,822.94","0.01","2,822.94","56.00","50.72","Japan","Tokyo Stock Exchange","CAD","-","JPY"
"ELIS","ELIS SA","Industrials","Equity","2,818.22","0.01","2,818.22","78.00","36.31","France","Nyse Euronext - Euronext Paris","CAD","-","EUR"
"5076","INFRONEER HOLDINGS","Industrials","Equity","2,817.92","0.01","2,817.92","110.00","25.72","Japan","Tokyo Stock Exchange","CAD","-","JPY"
"534091","MULTI COMMODITY EXCHANGE OF INDIA","Financials","Equity","2,815.23","0.01","2,815.23","59.00","47.60","India","Bse Ltd","CAD","-","INR"
"TW.","TAYLOR WIMPEY PLC","Consumer Discretionary","Equity","2,814.81","0.01","2,814.81","1,864.00","1.51","United Kingdom","London Stock Exchange","CAD","-","GBP"
"RRL","REGIS RESOURCES","Materials","Equity","2,814.72","0.01","2,814.72","374.00","7.52","Australia","Asx - All Markets","CAD","-","AUD"
"HLBANK","HONG LEONG BANK","Financials","Equity","2,812.90","0.01","2,812.90","357.00","7.88","Malaysia","Bursa Malaysia","CAD","-","MYR"
"1808","HASEKO","Consumer Discretionary","Equity","2,812.52","0.01","2,812.52","112.00","25.01","Japan","Tokyo Stock Exchange","CAD","-","JPY"
"ICICIGI","ICICI LOMBARD GENERAL INSURANCE CO","Financials","Equity","2,806.40","0.01","2,806.40","130.00","21.67","India","National Stock Exchange Of India","CAD","-","INR"
"HILS","HILL AND SMITH PLC","Materials","Equity","2,804.63","0.01","2,804.63","52.00","54.35","United Kingdom","London Stock Exchange","CAD","-","GBP"
"135","KUNLUN ENERGY LTD","Utilities","Equity","2,802.84","0.01","2,802.84","2,061.00","1.36","China","Hong Kong Exchanges And Clearing Ltd","CAD","-","HKD"
"3283","NIPPON PROLOGIS REIT","Real Estate","Equity","2,802.25","0.01","2,802.25","4.00","759.74","Japan","Tokyo Stock Exchange","CAD","-","JPY"
"IGO","IGO","Materials","Equity","2,802.18","0.01","2,802.18","408.00","6.87","Australia","Asx - All Markets","CAD","-","AUD"
"YESBANK","YES BANK","Financials","Equity","2,801.15","0.01","2,801.15","8,239.00","0.34","India","National Stock Exchange Of India","CAD","-","INR"
"601166","INDUSTRIAL BANK A","Financials","Equity","2,801.03","0.01","2,801.03","757.00","3.70","China","Shanghai Stock Exchange","CAD","-","CNY"
"ROSE","ROSEBANK INDUSTRIES PLC","Industrials","Equity","2,799.62","0.01","2,799.62","456.00","6.14","United Kingdom","London Stock Exchange","CAD","-","GBP"
"9041","KINTETSU GROUP HOLDINGS LTD","Industrials","Equity","2,799.35","0.01","2,799.35","87.00","32.10","Japan","Tokyo Stock Exchange","CAD","-","JPY"
"GFC","GECINA SA","Real Estate","Equity","2,796.74","0.01","2,796.74","26.00","106.75","France","Nyse Euronext - Euronext Paris","CAD","-","EUR"
"ZIM","ZIM INTEGRATED SHIPPING SERVICES L","Industrials","Equity","2,795.66","0.01","2,795.66","66.00","42.46","Israel","New York Stock Exchange Inc.","CAD","-","USD"
"078930","GS HOLDINGS","Industrials","Equity","2,793.67","0.01","2,793.67","24.00","115.40","Korea (South)","Korea Exchange (Stock Market)","CAD","-","KRW"
"ORDS","OOREDOO","Communication","Equity","2,792.60","0.01","2,792.60","578.00","4.83","Qatar","Qatar Exchange","CAD","-","QAR"
"5E2","SEATRIUM","Industrials","Equity","2,790.96","0.01","2,790.96","1,193.00","2.34","Singapore","Singapore Exchange","CAD","-","SGD"
"966","CHINA TAIPING INSURANCE HLDGS LTD","Financials","Equity","2,790.94","0.01","2,790.94","758.00","3.68","China","Hong Kong Exchanges And Clearing Ltd","CAD","-","HKD"
"2809","KEWPIE CORP","Consumer Staples","Equity","2,784.77","0.01","2,784.77","67.00","41.26","Japan","Tokyo Stock Exchange","CAD","-","JPY"
"3462","NOMURA REAL ESTATE MASTER FUND REI","Real Estate","Equity","2,781.13","0.01","2,781.13","2.00","1,282.40","Japan","Tokyo Stock Exchange","CAD","-","JPY"
"KGX","KION GROUP AG","Industrials","Equity","2,781.03","0.01","2,781.03","41.00","67.10","Germany","Xetra","CAD","-","EUR"
"1605","WALSIN LIHWA","Industrials","Equity","2,780.26","0.01","2,780.26","1,706.00","1.63","Taiwan","Taiwan Stock Exchange","CAD","-","TWD"
"HAFNI","HAFNIA","Energy","Equity","2,777.59","0.01","2,777.59","205.00","13.58","Singapore","Oslo Bors Asa","CAD","-","NOK"
"OMU","OLD MUTUAL LIMITED","Financials","Equity","2,775.42","0.01","2,775.42","2,313.00","1.20","South Africa","Johannesburg Stock Exchange","CAD","-","ZAR"
"9513","ELECTRIC POWER DEVELOPMENT LTD","Utilities","Equity","2,757.17","0.01","2,757.17","72.00","38.14","Japan","Tokyo Stock Exchange","CAD","-","JPY"
"AYV","AYVENS SA","Industrials","Equity","2,756.78","0.01","2,756.78","162.00","17.04","France","Nyse Euronext - Euronext Paris","CAD","-","EUR"
"BH.R","BUMRUNGRAD HOSPITAL NON-VOTING DR","Health Care","Equity","2,755.28","0.01","2,755.28","332.00","8.30","Thailand","Stock Exchange Of Thailand","CAD","-","THB"
"ENG","ENAGAS SA","Utilities","Equity","2,752.93","0.01","2,752.93","102.00","27.02","Spain","Bolsa De Madrid","CAD","-","EUR"
"SRF","SRF LTD","Materials","Equity","2,752.40","0.01","2,752.40","74.00","36.97","India","National Stock Exchange Of India","CAD","-","INR"
"ENT","ENTAIN PLC","Consumer Discretionary","Equity","2,751.81","0.01","2,751.81","293.00","9.39","United Kingdom","London Stock Exchange","CAD","-","GBP"
"2618","EVA AIRWAYS","Industrials","Equity","2,750.27","0.01","2,750.27","1,495.00","1.84","Taiwan","Taiwan Stock Exchange","CAD","-","TWD"
"BOSCHLTD","BOSCH LTD","Consumer Discretionary","Equity","2,749.31","0.01","2,749.31","4.00","695.92","India","National Stock Exchange Of India","CAD","-","INR"
"2912","PRESIDENT CHAIN STORE CORP","Consumer Staples","Equity","2,748.84","0.01","2,748.84","288.00","9.54","Taiwan","Taiwan Stock Exchange","CAD","-","TWD"
"VEDL","VEDANTA LTD","Materials","Equity","2,744.62","0.01","2,744.62","732.00","3.75","India","National Stock Exchange Of India","CAD","-","INR"
"VNT","VENTIA SERVICES GROUP LTD","Industrials","Equity","2,744.06","0.01","2,744.06","466.00","5.89","Australia","Asx - All Markets","CAD","-","AUD"
"SINCH","SINCH","Information Technology","Equity","2,737.58","0.01","2,737.58","415.00","6.59","Sweden","Nasdaq Omx Nordic","CAD","-","SEK"
"603259","WUXI APPTEC A","Health Care","Equity","2,736.46","0.01","2,736.46","82.00","33.48","China","Shanghai Stock Exchange","CAD","-","CNY"
"4536","SANTEN PHARMACEUTICAL","Health Care","Equity","2,734.86","0.01","2,734.86","172.00","15.86","Japan","Tokyo Stock Exchange","CAD","-","JPY"
"RAIL3","RUMO SA","Industrials","Equity","2,734.00","0.01","2,734.00","675.00","4.05","Brazil","XBSP","CAD","-","BRL"
"RAA","RATIONAL AG","Industrials","Equity","2,725.18","0.01","2,725.18","3.00","920.51","Germany","Xetra","CAD","-","EUR"
"6805","FOSITEK","Information Technology","Equity","2,723.25","0.01","2,723.25","30.00","91.69","Taiwan","Taiwan Stock Exchange","CAD","-","TWD"
"2609","YANG MING MARINE TRANSPORT","Industrials","Equity","2,720.39","0.01","2,720.39","1,000.00","2.72","Taiwan","Taiwan Stock Exchange","CAD","-","TWD"
"2331","ALSOK LTD","Industrials","Equity","2,719.65","0.01","2,719.65","238.00","11.41","Japan","Tokyo Stock Exchange","CAD","-","JPY"
"9007","ODAKYU ELECTRIC RAILWAY","Industrials","Equity","2,719.28","0.01","2,719.28","164.00","16.60","Japan","Tokyo Stock Exchange","CAD","-","JPY"
"TGS","TGS NOPEC GEOPHYSICAL","Energy","Equity","2,713.29","0.01","2,713.29","126.00","21.46","Norway","Oslo Bors Asa","CAD","-","NOK"
"9142","KYUSHU RAILWAY","Industrials","Equity","2,712.70","0.01","2,712.70","84.00","32.18","Japan","Tokyo Stock Exchange","CAD","-","JPY"
"5301","TOKAI CARBON LTD","Materials","Equity","2,711.27","0.01","2,711.27","145.00","18.68","Japan","Tokyo Stock Exchange","CAD","-","JPY"
"2501","SAPPORO BREWERIES LIMITED","Consumer Staples","Equity","2,710.94","0.01","2,710.94","158.00","17.14","Japan","Tokyo Stock Exchange","CAD","-","JPY"
"ABB","ABB INDIA LTD","Industrials","Equity","2,708.04","0.01","2,708.04","26.00","103.95","India","National Stock Exchange Of India","CAD","-","INR"
"MIL","BANK MILLENNIUM SA","Financials","Equity","2,707.13","0.01","2,707.13","327.00","8.29","Poland","Warsaw Stock Exchange/Equities/Main Market","CAD","-","PLN"
"QLT","QUILTER PLC","Financials","Equity","2,706.48","0.01","2,706.48","784.00","3.45","United Kingdom","London Stock Exchange","CAD","-","GBP"
"1951","EXEO GROUP INC","Industrials","Equity","2,699.63","0.01","2,699.63","114.00","23.65","Japan","Tokyo Stock Exchange","CAD","-","JPY"
"ME8U","MAPLETREE INDUSTRIAL UNITS TRUST","Real Estate","Equity","2,698.40","0.01","2,698.40","1,291.00","2.09","Singapore","Singapore Exchange","CAD","-","SGD"
"002475","LUXSHARE PRECISION INDUSTRY LTD A","Information Technology","Equity","2,697.66","0.01","2,697.66","248.00","10.87","China","Shenzhen Stock Exchange","CAD","-","CNY"
"PLUS","PLUS500","Financials","Equity","2,697.16","0.01","2,697.16","41.00","65.51","United Kingdom","London Stock Exchange","CAD","-","GBP"
"9001","TOBU RAILWAY LTD","Industrials","Equity","2,695.61","0.01","2,695.61","100.00","26.97","Japan","Tokyo Stock Exchange","CAD","-","JPY"
"HIK","HIKMA PHARMACEUTICALS PLC","Health Care","Equity","2,695.24","0.01","2,695.24","90.00","29.81","United Kingdom","London Stock Exchange","CAD","-","GBP"
"9507","SHIKOKU ELECTRIC POWER INC","Utilities","Equity","2,689.78","0.01","2,689.78","132.00","20.45","Japan","Tokyo Stock Exchange","CAD","-","JPY"
"3288","OPEN HOUSE GROUP LTD","Consumer Discretionary","Equity","2,683.25","0.01","2,683.25","38.00","69.97","Japan","Tokyo Stock Exchange","CAD","-","JPY"
"8985","JAPAN HOTEL INVESTMENT REIT","Real Estate","Equity","2,682.51","0.01","2,682.51","4.00","760.64","Japan","Tokyo Stock Exchange","CAD","-","JPY"
"MANTA","MANDATUM","Financials","Equity","2,681.14","0.01","2,681.14","267.00","10.06","Finland","Nasdaq Omx Helsinki Ltd.","CAD","-","EUR"
"2897","NISSIN FOODS HOLDINGS LTD","Consumer Staples","Equity","2,675.88","0.01","2,675.88","100.00","26.86","Japan","Tokyo Stock Exchange","CAD","-","JPY"
"2784","ALFRESA HOLDINGS CORP","Health Care","Equity","2,673.60","0.01","2,673.60","125.00","21.40","Japan","Tokyo Stock Exchange","CAD","-","JPY"
"ACP","ASSECO POLAND SA","Information Technology","Equity","2,672.33","0.01","2,672.33","32.00","83.40","Poland","Warsaw Stock Exchange/Equities/Main Market","CAD","-","PLN"
"ADNOCDIST","ABU DHABI NATIONAL OIL COMPANY FOR","Consumer Discretionary","Equity","2,660.17","0.01","2,660.17","1,716.00","1.55","United Arab Emirates","Abu Dhabi Securities Exchange","CAD","-","AED"
"BANB","BACHEM HOLDING AG","Health Care","Equity","2,659.56","0.01","2,659.56","20.00","132.35","Switzerland","SIX Swiss Exchange","CAD","-","CHF"
"EMR","EMERALD RESOURCES","Materials","Equity","2,658.97","0.01","2,658.97","393.00","6.77","Australia","Asx - All Markets","CAD","-","AUD"
"HTO","HELLENIC TELECOMMUNICATIONS ORGANI","Communication","Equity","2,658.08","0.01","2,658.08","84.00","31.81","Greece","Athens Exchange S.A. Cash Market","CAD","-","EUR"
"4751","CYBER AGENT","Communication","Equity","2,655.27","0.01","2,655.27","233.00","11.42","Japan","Tokyo Stock Exchange","CAD","-","JPY"
"TRMD A","TORM PLC CLASS A","Energy","Equity","2,654.46","0.01","2,654.46","51.00","51.88","Denmark","Omx Nordic Exchange Copenhagen A/S","CAD","-","DKK"
"2377","MICRO-STAR INTERNATIONAL","Information Technology","Equity","2,653.25","0.01","2,653.25","395.00","6.71","Taiwan","Taiwan Stock Exchange","CAD","-","TWD"
"CMM","CAPRICORN METALS LTD DEF","Materials","Equity","2,646.81","0.01","2,646.81","185.00","14.33","Australia","Asx - All Markets","CAD","-","AUD"
"TEMN","TEMENOS AG","Information Technology","Equity","2,645.08","0.01","2,645.08","23.00","113.93","Switzerland","SIX Swiss Exchange","CAD","-","CHF"
"CLN","CLARIANT AG","Materials","Equity","2,643.08","0.01","2,643.08","148.00","17.91","Switzerland","SIX Swiss Exchange","CAD","-","CHF"
"5289","INNODISK CORP","Information Technology","Equity","2,642.66","0.01","2,642.66","48.00","55.27","Taiwan","Gretai Securities Market","CAD","-","TWD"
"ZAB","ZABKA GROUP SOCIETE ANONYME SA","Consumer Staples","Equity","2,642.53","0.01","2,642.53","227.00","11.62","Poland","Warsaw Stock Exchange/Equities/Main Market","CAD","-","PLN"
"3774","INTERNET INITIATIVE JAPAN INC","Communication","Equity","2,641.13","0.01","2,641.13","86.00","30.86","Japan","Tokyo Stock Exchange","CAD","-","JPY"
"8233","TAKASHIMAYA","Consumer Discretionary","Equity","2,640.77","0.01","2,640.77","137.00","19.22","Japan","Tokyo Stock Exchange","CAD","-","JPY"
"6881","CHINA GALAXY SECURITIES LTD H","Financials","Equity","2,637.59","0.01","2,637.59","1,968.00","1.34","China","Hong Kong Exchanges And Clearing Ltd","CAD","-","HKD"
"FIBI","FIRST INTERNATIONAL BANK LTD","Financials","Equity","2,635.31","0.01","2,635.31","24.00","109.43","Israel","Tel Aviv Stock Exchange","CAD","-","ILS"
"GLENMARK","GLENMARK PHARMACEUTICALS","Health Care","Equity","2,634.16","0.01","2,634.16","75.00","35.22","India","National Stock Exchange Of India","CAD","-","INR"
"RHBBANK","RHB BANK","Financials","Equity","2,631.95","0.01","2,631.95","989.00","2.66","Malaysia","Bursa Malaysia","CAD","-","MYR"
"OCTV SDB","OCTAVE INTELLIGENCE SDR PLC","Information Technology","Equity","2,629.61","0.01","2,629.61","102.00","25.81","Sweden","Nasdaq Omx Nordic","CAD","-","SEK"
"8804","TOKYO TATEMONO","Real Estate","Equity","2,629.15","0.01","2,629.15","88.00","29.79","Japan","Tokyo Stock Exchange","CAD","-","JPY"
"WOR","WORLEY","Industrials","Equity","2,628.78","0.01","2,628.78","272.00","9.66","Australia","Asx - All Markets","CAD","-","AUD"
"BALD B","FASTIGHETS BALDER CLASS B","Real Estate","Equity","2,626.75","0.01","2,626.75","365.00","7.20","Sweden","Nasdaq Omx Nordic","CAD","-","SEK"
"3861","OJI HOLDINGS","Materials","Equity","2,623.02","0.01","2,623.02","329.00","7.98","Japan","Tokyo Stock Exchange","CAD","-","JPY"
"SDF","STEADFAST GROUP LTD","Financials","Equity","2,621.19","0.01","2,621.19","461.00","5.69","Australia","Asx - All Markets","CAD","-","AUD"
"MING","SPAREBANK SMNS","Financials","Equity","2,620.47","0.01","2,620.47","81.00","32.22","Norway","Oslo Bors Asa","CAD","-","NOK"
"3405","KURARAY","Materials","Equity","2,619.75","0.01","2,619.75","160.00","16.34","Japan","Tokyo Stock Exchange","CAD","-","JPY"
"ALLFG","ALLFUNDS GROUP PLC","Financials","Equity","2,615.95","0.01","2,615.95","177.00","14.74","Netherlands","Euronext Amsterdam","CAD","-","EUR"
"HINDPETRO","HINDUSTAN PETROLEUM CORP LTD","Energy","Equity","2,615.02","0.01","2,615.02","512.00","5.11","India","National Stock Exchange Of India","CAD","-","INR"
"M44U","MAPLETREE LOGISTICS TRUST UNITS","Real Estate","Equity","2,612.81","0.01","2,612.81","2,124.00","1.23","Singapore","Singapore Exchange","CAD","-","SGD"
"AAK","AAK","Consumer Staples","Equity","2,610.22","0.01","2,610.22","93.00","28.10","Sweden","Nasdaq Omx Nordic","CAD","-","SEK"
"5631","JAPAN STEEL WORKS LTD","Industrials","Equity","2,606.86","0.01","2,606.86","39.00","66.93","Japan","Tokyo Stock Exchange","CAD","-","JPY"
"VONN","VONTOBEL HOLDING AG","Financials","Equity","2,605.35","0.01","2,605.35","16.00","158.41","Switzerland","SIX Swiss Exchange","CAD","-","CHF"
"9069","SENKO GROUP HOLDINGS LTD","Industrials","Equity","2,605.03","0.01","2,605.03","123.00","21.24","Japan","Tokyo Stock Exchange","CAD","-","JPY"
"2282","NH FOODS","Consumer Staples","Equity","2,603.04","0.01","2,603.04","46.00","56.50","Japan","Tokyo Stock Exchange","CAD","-","JPY"
"1959","KRAFTIA CORP","Industrials","Equity","2,601.91","0.01","2,601.91","36.00","72.64","Japan","Tokyo Stock Exchange","CAD","-","JPY"
"2579","COCA-COLA BOTTLERS JAPAN HOLDINGS","Consumer Staples","Equity","2,599.12","0.01","2,599.12","74.00","34.92","Japan","Tokyo Stock Exchange","CAD","-","JPY"
"FMTY14","FIBRA MTY SAPI REIT","Real Estate","Equity","2,594.89","0.01","2,594.89","2,256.00","1.15","Mexico","Bolsa Mexicana De Valores","CAD","-","MXN"
"RADICO","RADICO KHAITAN","Consumer Staples","Equity","2,591.55","0.01","2,591.55","41.00","63.85","India","National Stock Exchange Of India","CAD","-","INR"
"BKW","BKW N AG","Utilities","Equity","2,590.76","0.01","2,590.76","12.00","213.43","Switzerland","SIX Swiss Exchange","CAD","-","CHF"
"KIMBERA","KIMBERLY-CLARK DE MEXICO CLASS A","Consumer Staples","Equity","2,589.46","0.01","2,589.46","814.00","3.18","Mexico","Bolsa Mexicana De Valores","CAD","-","MXN"
"267270","HD CONSTRUCTION EQUIPMENT LTD","Industrials","Equity","2,588.62","0.01","2,588.62","18.00","143.85","Korea (South)","Korea Exchange (Stock Market)","CAD","-","KRW"
"7762","CITIZEN WATCH LTD","Information Technology","Equity","2,588.44","0.01","2,588.44","125.00","20.79","Japan","Tokyo Stock Exchange","CAD","-","JPY"
"8210","BUPA ARABIA","Financials","Equity","2,588.37","0.01","2,588.37","43.00","60.39","Saudi Arabia","Saudi Stock Exchange","CAD","-","SAR"
"FPE3","FUCHS PREF","Materials","Equity","2,588.32","0.01","2,588.32","39.00","66.28","Germany","Xetra","CAD","-","EUR"
"R3NK","RENK GROUP AG","Industrials","Equity","2,585.90","0.01","2,585.90","40.00","64.32","Germany","Xetra","CAD","-","EUR"
"1969","TAKASAGO THERMAL ENGINEERING","Industrials","Equity","2,581.78","0.01","2,581.78","62.00","41.87","Japan","Tokyo Stock Exchange","CAD","-","JPY"
"MUTHOOTFIN","MUTHOOT FINANCE LTD","Financials","Equity","2,581.27","0.01","2,581.27","64.00","40.39","India","National Stock Exchange Of India","CAD","-","INR"
"RSW","RENISHAW PLC","Information Technology","Equity","2,580.39","0.01","2,580.39","27.00","96.55","United Kingdom","London Stock Exchange","CAD","-","GBP"
"VIPS","VIPSHOP HOLDINGS SPONSORED ADS REP","Consumer Discretionary","Equity","2,579.95","0.01","2,579.95","151.00","17.05","China","New York Stock Exchange Inc.","CAD","-","USD"
"5233","TAIHEIYO CEMENT","Materials","Equity","2,577.01","0.01","2,577.01","67.00","38.45","Japan","Tokyo Stock Exchange","CAD","-","JPY"
"GODREJCP","GODREJ CONSUMER PRODUCTS LTD","Consumer Staples","Equity","2,574.14","0.01","2,574.14","202.00","12.73","India","National Stock Exchange Of India","CAD","-","INR"
"8388","AWA BANK LTD","Financials","Equity","2,571.71","0.01","2,571.71","28.00","92.95","Japan","Tokyo Stock Exchange","CAD","-","JPY"
"3038","KOBE BUSSAN","Consumer Staples","Equity","2,568.95","0.01","2,568.95","91.00","28.23","Japan","Tokyo Stock Exchange","CAD","-","JPY"
"PETGAS","PETRONAS GAS","Utilities","Equity","2,564.59","0.01","2,564.59","438.00","5.86","Malaysia","Bursa Malaysia","CAD","-","MYR"
"2615","WAN HAI LINES","Industrials","Equity","2,564.29","0.01","2,564.29","485.00","5.29","Taiwan","Taiwan Stock Exchange","CAD","-","TWD"
"6952","CASIO COMPUTER LTD","Consumer Discretionary","Equity","2,562.85","0.01","2,562.85","133.00","19.31","Japan","Tokyo Stock Exchange","CAD","-","JPY"
"1519","FORTUNE ELECTRIC","Industrials","Equity","2,558.02","0.01","2,558.02","83.00","30.93","Taiwan","Taiwan Stock Exchange","CAD","-","TWD"
"TOTS3","TOTVS","Information Technology","Equity","2,557.19","0.01","2,557.19","272.00","9.40","Brazil","XBSP","CAD","-","BRL"
"ADNOCLS","ADNOC LOGISTICS & SERVICES PLC","Energy","Equity","2,551.57","0.01","2,551.57","908.00","2.81","United Arab Emirates","Abu Dhabi Securities Exchange","CAD","-","AED"
"6139","L & K ENGINEERING LTD","Industrials","Equity","2,549.86","0.01","2,549.86","84.00","30.53","Taiwan","Taiwan Stock Exchange","CAD","-","TWD"
"3092","ZOZO INC","Consumer Discretionary","Equity","2,549.74","0.01","2,549.74","244.00","10.43","Japan","Tokyo Stock Exchange","CAD","-","JPY"
"6257","SIGURD MICROELECTRONICS CORP","Information Technology","Equity","2,543.45","0.01","2,543.45","261.00","9.76","Taiwan","Taiwan Stock Exchange","CAD","-","TWD"
"3269","ADVANCE RESIDENCE INVESTMENT REIT","Real Estate","Equity","2,541.66","0.01","2,541.66","2.00","1,278.81","Japan","Tokyo Stock Exchange","CAD","-","JPY"
"2347","SYNNEX TECHNOLOGY INTERNATIONAL CO","Information Technology","Equity","2,541.37","0.01","2,541.37","647.00","3.93","Taiwan","Taiwan Stock Exchange","CAD","-","TWD"
"OMAB","GRUPO AEROPORTUARIO DEL CENTRO NOR","Industrials","Equity","2,536.54","0.01","2,536.54","149.00","17.00","Mexico","Bolsa Mexicana De Valores","CAD","-","MXN"
"SIEMENS","SIEMENS LTD","Industrials","Equity","2,534.26","0.01","2,534.26","46.00","54.87","India","National Stock Exchange Of India","CAD","-","INR"
"PIRC","PIRELLI & C","Consumer Discretionary","Equity","2,533.69","0.01","2,533.69","247.00","10.27","Italy","Borsa Italiana","CAD","-","EUR"
"EVD","CTS EVENTIM AG","Communication","Equity","2,531.59","0.01","2,531.59","28.00","89.88","Germany","Xetra","CAD","-","EUR"
"KTY","GRUPA KETY","Materials","Equity","2,522.39","0.01","2,522.39","5.00","465.69","Poland","Warsaw Stock Exchange/Equities/Main Market","CAD","-","PLN"
"8984","DAIWA HOUSE REIT CORP","Real Estate","Equity","2,519.32","0.01","2,519.32","2.00","1,025.56","Japan","Tokyo Stock Exchange","CAD","-","JPY"
"SUNDARMFIN","SUNDARAM FINANCE LTD","Financials","Equity","2,518.68","0.01","2,518.68","37.00","67.98","India","National Stock Exchange Of India","CAD","-","INR"
"SUN","SULZER AG","Industrials","Equity","2,514.03","0.01","2,514.03","10.00","250.95","Switzerland","SIX Swiss Exchange","CAD","-","CHF"
"GRT","GROWTHPOINT PROP LTD SHS","Real Estate","Equity","2,508.53","0.01","2,508.53","1,818.00","1.38","South Africa","Johannesburg Stock Exchange","CAD","-","ZAR"
"G13","GENTING SINGAPORE LTD","Consumer Discretionary","Equity","2,508.49","0.01","2,508.49","3,689.00","0.68","Singapore","Singapore Exchange","CAD","-","SGD"
"WGX","WESTGOLD RESOURCES","Materials","Equity","2,504.50","0.01","2,504.50","470.00","5.33","Australia","Asx - All Markets","CAD","-","AUD"
"JEN","JENOPTIK N AG","Information Technology","Equity","2,499.90","0.01","2,499.90","39.00","63.46","Germany","Xetra","CAD","-","EUR"
"1209","CHINA RESOURCES MIXC LIFESTYLE SER","Real Estate","Equity","2,499.01","0.01","2,499.01","377.00","6.63","China","Hong Kong Exchanges And Clearing Ltd","CAD","-","HKD"
"TWE","TREASURY WINE ESTATES LTD","Consumer Staples","Equity","2,498.88","0.01","2,498.88","475.00","5.26","Australia","Asx - All Markets","CAD","-","AUD"
"LTM","LTM LTD","Information Technology","Equity","2,495.88","0.01","2,495.88","40.00","62.18","India","National Stock Exchange Of India","CAD","-","INR"
"5393","NICHIAS CORP","Industrials","Equity","2,494.74","0.01","2,494.74","83.00","29.89","Japan","Tokyo Stock Exchange","CAD","-","JPY"
"VPK","KONINKLIJKE VOPAK","Energy","Equity","2,492.76","0.01","2,492.76","32.00","77.14","Netherlands","Euronext Amsterdam","CAD","-","EUR"
"SRP","SERCO GROUP PLC","Industrials","Equity","2,492.26","0.01","2,492.26","512.00","4.87","United Kingdom","London Stock Exchange","CAD","-","GBP"
"5110","SAUDI ENERGY","Utilities","Equity","2,491.90","0.01","2,491.90","415.00","6.01","Saudi Arabia","Saudi Stock Exchange","CAD","-","SAR"
"3260","ADATA TECHNOLOGY LTD","Information Technology","Equity","2,489.68","0.01","2,489.68","144.00","17.33","Taiwan","Gretai Securities Market","CAD","-","TWD"
"BELA","JUMBO","Consumer Discretionary","Equity","2,489.58","0.01","2,489.58","62.00","40.45","Greece","Athens Exchange S.A. Cash Market","CAD","-","EUR"
"000100","YUHAN","Health Care","Equity","2,487.14","0.01","2,487.14","32.00","78.45","Korea (South)","Korea Exchange (Stock Market)","CAD","-","KRW"
"PDI","PDI GOLD LIMITED LTD","Materials","Equity","2,486.31","0.01","2,486.31","572.00","4.35","Australia","Asx - All Markets","CAD","-","AUD"
"6473","JTEKT","Consumer Discretionary","Equity","2,485.75","0.01","2,485.75","133.00","18.70","Japan","Tokyo Stock Exchange","CAD","-","JPY"
"FNTN","FREENET AG","Communication","Equity","2,481.74","0.01","2,481.74","62.00","40.32","Germany","Xetra","CAD","-","EUR"
"PGE","PGE POLSKA GRUPA ENERGETYCZNA SA","Utilities","Equity","2,479.67","0.01","2,479.67","472.00","5.25","Poland","Warsaw Stock Exchange/Equities/Main Market","CAD","-","PLN"
"8996","KAORI HEAT TREATMENT LTD","Industrials","Equity","2,477.87","0.01","2,477.87","43.00","57.03","Taiwan","Taiwan Stock Exchange","CAD","-","TWD"
"9301","MITSUBISHI LOGISTICS","Industrials","Equity","2,476.83","0.01","2,476.83","176.00","14.05","Japan","Tokyo Stock Exchange","CAD","-","JPY"
"011200","HMM LTD","Industrials","Equity","2,472.14","0.01","2,472.14","118.00","21.01","Korea (South)","Korea Exchange (Stock Market)","CAD","-","KRW"
"6134","FUJI CORP","Industrials","Equity","2,470.66","0.01","2,470.66","40.00","61.67","Japan","Tokyo Stock Exchange","CAD","-","JPY"
"WIX","WIX.COM","Information Technology","Equity","2,470.23","0.01","2,470.23","22.00","111.75","Israel","NASDAQ","CAD","-","USD"
"8366","SHIGA BANK","Financials","Equity","2,467.84","0.01","2,467.84","95.00","26.04","Japan","Tokyo Stock Exchange","CAD","-","JPY"
"GRF","GRIFOLS CLASS A","Health Care","Equity","2,467.28","0.01","2,467.28","158.00","15.60","Spain","Bolsa De Madrid","CAD","-","EUR"
"5444","YAMATO KOGYO","Materials","Equity","2,467.17","0.01","2,467.17","22.00","112.52","Japan","Tokyo Stock Exchange","CAD","-","JPY"
"LRE","LANCASHIRE HOLDINGS","Financials","Equity","2,467.08","0.01","2,467.08","205.00","12.03","United Kingdom","London Stock Exchange","CAD","-","GBP"
"FLS","FLSMIDTH AND CO CLASS B","Industrials","Equity","2,462.04","0.01","2,462.04","20.00","123.14","Denmark","Omx Nordic Exchange Copenhagen A/S","CAD","-","DKK"
"8252","MARUI GROUP","Financials","Equity","2,461.00","0.01","2,461.00","94.00","26.31","Japan","Tokyo Stock Exchange","CAD","-","JPY"
"ABCAPITAL","ADITYA BIRLA CAPITAL LTD","Financials","Equity","2,459.43","0.01","2,459.43","432.00","5.69","India","National Stock Exchange Of India","CAD","-","INR"
"NATIONALUM","NATIONAL ALUMINIUM CO LTD","Materials","Equity","2,456.37","0.01","2,456.37","473.00","5.19","India","National Stock Exchange Of India","CAD","-","INR"
"HAUTO","HOEGH AUTOLINERS","Industrials","Equity","2,455.98","0.01","2,455.98","90.00","27.31","Norway","Oslo Bors Asa","CAD","-","NOK"
"TEP","TELEPERFORMANCE","Industrials","Equity","2,451.91","0.01","2,451.91","22.00","112.42","France","Nyse Euronext - Euronext Paris","CAD","-","EUR"
"PHP","PRIMARY HEALTH PROPERTIES REIT PLC","Real Estate","Equity","2,451.56","0.01","2,451.56","1,401.00","1.75","United Kingdom","London Stock Exchange","CAD","-","GBP"
"600183","SHENGYI TECHNOLOGY LTD A","Information Technology","Equity","2,446.31","0.01","2,446.31","80.00","30.46","China","Shanghai Stock Exchange","CAD","-","CNY"
"BME","B&M EUROPEAN VALUE RETAIL PLC","Consumer Discretionary","Equity","2,440.13","0.01","2,440.13","532.00","4.59","United Kingdom","London Stock Exchange","CAD","-","GBP"
"GRG","GREGGS PLC","Consumer Discretionary","Equity","2,438.12","0.01","2,438.12","73.00","33.54","United Kingdom","London Stock Exchange","CAD","-","GBP"
"AIRARABIA","AIR ARABIA","Industrials","Equity","2,437.27","0.01","2,437.27","1,296.00","1.88","United Arab Emirates","Dubai Financial Market","CAD","-","AED"
"MGNS","MORGAN SINDALL GROUP PLC","Industrials","Equity","2,432.09","0.01","2,432.09","31.00","77.50","United Kingdom","London Stock Exchange","CAD","-","GBP"
"VID","VIDRALA","Materials","Equity","2,428.47","0.01","2,428.47","17.00","142.17","Spain","Bolsa De Madrid","CAD","-","EUR"
"QGTS","QATAR GAS TRANSPORT COMPANY LTD","Energy","Equity","2,428.46","0.01","2,428.46","1,537.00","1.58","Qatar","Qatar Exchange","CAD","-","QAR"
"4912","LION","Consumer Staples","Equity","2,422.56","0.01","2,422.56","155.00","15.65","Japan","Tokyo Stock Exchange","CAD","-","JPY"
"ASMDEE B","ASMODEE GROUP CLASS B","Consumer Discretionary","Equity","2,420.78","0.01","2,420.78","102.00","23.75","Sweden","Nasdaq Omx Nordic","CAD","-","SEK"
"THYAO.E","TURK HAVA YOLLARI AO A","Industrials","Equity","2,419.15","0.01","2,419.15","291.00","8.31","Turkey","Istanbul Stock Exchange","CAD","-","TRY"
"APN","ASPEN PHARMACARE","Health Care","Equity","2,417.73","0.01","2,417.73","181.00","13.39","South Africa","Johannesburg Stock Exchange","CAD","-","ZAR"
"5714","DOWA HOLDINGS LTD","Materials","Equity","2,414.94","0.01","2,414.94","30.00","80.16","Japan","Tokyo Stock Exchange","CAD","-","JPY"
"7003","MITSUI E&S LTD","Industrials","Equity","2,409.68","0.01","2,409.68","61.00","39.52","Japan","Tokyo Stock Exchange","CAD","-","JPY"
"MCY","MERCURY NZ LTD","Utilities","Equity","2,409.65","0.01","2,409.65","439.00","5.49","New Zealand","New Zealand Exchange Ltd","CAD","-","NZD"
"6508","MEIDENSHA CORP","Industrials","Equity","2,409.53","0.01","2,409.53","25.00","96.45","Japan","Tokyo Stock Exchange","CAD","-","JPY"
"4527","ROHTO PHARMACEUTICAL LTD","Consumer Staples","Equity","2,409.14","0.01","2,409.14","94.00","25.59","Japan","Tokyo Stock Exchange","CAD","-","JPY"
"322","TINGYI (CAYMAN ISLANDS) HOLDINGS","Consumer Staples","Equity","2,408.60","0.01","2,408.60","1,142.00","2.11","China","Hong Kong Exchanges And Clearing Ltd","CAD","-","HKD"
"MARK","MASRAF AL RAYAN","Financials","Equity","2,405.42","0.01","2,405.42","3,207.00","0.75","Qatar","Qatar Exchange","CAD","-","QAR"
"LODHA","LODHA DEVELOPERS LTD","Real Estate","Equity","2,397.90","0.01","2,397.90","149.00","16.08","India","National Stock Exchange Of India","CAD","-","INR"
"BZU","BUZZI","Materials","Equity","2,397.36","0.01","2,397.36","39.00","61.25","Italy","Borsa Italiana","CAD","-","EUR"
"090430","AMOREPACIFIC","Consumer Staples","Equity","2,396.60","0.01","2,396.60","17.00","144.86","Korea (South)","Korea Exchange (Stock Market)","CAD","-","KRW"
"BAMNB","BAM GROEP KONINKLIJKE NV","Industrials","Equity","2,395.95","0.01","2,395.95","127.00","18.88","Netherlands","Euronext Amsterdam","CAD","-","EUR"
"KCHOL.E","KOC HOLDING A","Industrials","Equity","2,394.11","0.01","2,394.11","381.00","6.28","Turkey","Istanbul Stock Exchange","CAD","-","TRY"
"WAWI","WALLENIUS WILHELMSEN","Industrials","Equity","2,392.67","0.01","2,392.67","88.00","27.19","Norway","Oslo Bors Asa","CAD","-","NOK"
"VEA","VIVA ENERGY GROUP","Energy","Equity","2,392.45","0.01","2,392.45","774.00","3.09","Australia","Asx - All Markets","CAD","-","AUD"
"5021","COSMO ENERGY HOLDINGS","Energy","Equity","2,391.91","0.01","2,391.91","58.00","41.53","Japan","Tokyo Stock Exchange","CAD","-","JPY"
"TUI1","TUI N AG","Consumer Discretionary","Equity","2,389.36","0.01","2,389.36","225.00","10.63","United Kingdom","Xetra","CAD","-","EUR"
"2049","HIWIN TECHNOLOGIES CORP","Industrials","Equity","2,389.17","0.01","2,389.17","162.00","14.74","Taiwan","Taiwan Stock Exchange","CAD","-","TWD"
"5938","LIXIL","Industrials","Equity","2,387.40","0.01","2,387.40","151.00","15.78","Japan","Tokyo Stock Exchange","CAD","-","JPY"
"1963","JGC HOLDINGS CORP","Industrials","Equity","2,382.99","0.01","2,382.99","112.00","21.19","Japan","Tokyo Stock Exchange","CAD","-","JPY"
"7189","NISHI-NIPPON FINANCIAL HOLDINGS IN","Financials","Equity","2,381.66","0.01","2,381.66","53.00","44.73","Japan","Tokyo Stock Exchange","CAD","-","JPY"
"BAB","BABCOCK INTERNATIONAL GROUP PLC","Industrials","Equity","2,375.20","0.01","2,375.20","125.00","19.00","United Kingdom","London Stock Exchange","CAD","-","GBP"
"4681","RESORT TRUST","Consumer Discretionary","Equity","2,371.95","0.01","2,371.95","147.00","16.10","Japan","Tokyo Stock Exchange","CAD","-","JPY"
"ALR","ALIOR BANK SA","Financials","Equity","2,371.29","0.01","2,371.29","48.00","48.95","Poland","Warsaw Stock Exchange/Equities/Main Market","CAD","-","PLN"
"4151","KYOWA KIRIN LTD","Health Care","Equity","2,370.90","0.01","2,370.90","117.00","20.32","Japan","Tokyo Stock Exchange","CAD","-","JPY"
"23","BANK OF EAST ASIA","Financials","Equity","2,369.72","0.01","2,369.72","691.00","3.43","Hong Kong","Hong Kong Exchanges And Clearing Ltd","CAD","-","HKD"
"MPHASIS","MPHASIS LTD","Information Technology","Equity","2,369.72","0.01","2,369.72","70.00","33.82","India","National Stock Exchange Of India","CAD","-","INR"
"CMBN","CEMBRA MONEY BANK AG","Financials","Equity","2,368.28","0.01","2,368.28","16.00","148.06","Switzerland","SIX Swiss Exchange","CAD","-","CHF"
"PAZ","PAZ RETAIL AND ENERGY LTD SHR","Energy","Equity","2,362.34","0.01","2,362.34","6.00","392.53","Israel","Tel Aviv Stock Exchange","CAD","-","ILS"
"PDN","PALADIN ENERGY LTD","Energy","Equity","2,355.67","0.01","2,355.67","250.00","9.44","Australia","Asx - All Markets","CAD","-","AUD"
"UNIONBANK","UNION BANK OF INDIA LTD","Financials","Equity","2,355.28","0.01","2,355.28","906.00","2.60","India","National Stock Exchange Of India","CAD","-","INR"
"PARAUCO","PARQUE ARAUCO SA","Real Estate","Equity","2,353.66","0.01","2,353.66","413.00","5.70","Chile","Santiago Stock Exchange","CAD","-","CLP"
"8358","CO-TECH DEVELOPMENT CORP","Information Technology","Equity","2,351.98","0.01","2,351.98","112.00","20.99","Taiwan","Gretai Securities Market","CAD","-","TWD"
"CGF","CHALLENGER","Financials","Equity","2,350.90","0.01","2,350.90","235.00","9.99","Australia","Asx - All Markets","CAD","-","AUD"
"4088","AIR WATER","Materials","Equity","2,350.10","0.01","2,350.10","88.00","26.65","Japan","Tokyo Stock Exchange","CAD","-","JPY"
"NAVINFLUOR","NAVIN FLUORINE INTERNATIONAL LTD","Materials","Equity","2,349.53","0.01","2,349.53","20.00","119.84","India","National Stock Exchange Of India","CAD","-","INR"
"APARINDS","APAR INDUSTRIES LTD","Industrials","Equity","2,349.42","0.01","2,349.42","9.00","259.52","India","National Stock Exchange Of India","CAD","-","INR"
"ADANIENSOL","ADANI ENERGY SOLUTIONS LTD","Utilities","Equity","2,347.26","0.01","2,347.26","116.00","20.22","India","National Stock Exchange Of India","CAD","-","INR"
"REH","REECE","Industrials","Equity","2,346.11","0.01","2,346.11","143.00","16.46","Australia","Asx - All Markets","CAD","-","AUD"
"TIMS3","TIM","Communication","Equity","2,345.20","0.01","2,345.20","444.00","5.28","Brazil","XBSP","CAD","-","BRL"
"6324","HARMONIC DRIVE SYSTEMS","Industrials","Equity","2,345.13","0.01","2,345.13","44.00","53.61","Japan","Tokyo Stock Exchange","CAD","-","JPY"
"SWON","SOFTWAREONE HOLDING AG","Information Technology","Equity","2,345.00","0.01","2,345.00","148.00","15.81","Switzerland","SIX Swiss Exchange","CAD","-","CHF"
"VLK","VAN LANSCHOT KEMPEN NV","Financials","Equity","2,342.25","0.01","2,342.25","21.00","110.93","Netherlands","Euronext Amsterdam","CAD","-","EUR"
"OPTIMA","OPTIMA BANK S.A.","Financials","Equity","2,340.11","0.01","2,340.11","110.00","21.37","Greece","Athens Exchange S.A. Cash Market","CAD","-","EUR"
"SHC","SHAFTESBURY CAPITAL PLC","Real Estate","Equity","2,339.43","0.01","2,339.43","903.00","2.59","United Kingdom","London Stock Exchange","CAD","-","GBP"
"SRAIL","STADLER RAIL AG","Industrials","Equity","2,333.81","0.01","2,333.81","46.00","50.90","Switzerland","SIX Swiss Exchange","CAD","-","CHF"
"MALLPLAZA","PLAZA SA","Real Estate","Equity","2,332.77","0.01","2,332.77","409.00","5.70","Chile","Santiago Stock Exchange","CAD","-","CLP"
"XTB","XTB","Financials","Equity","2,331.15","0.01","2,331.15","43.00","54.29","Poland","Warsaw Stock Exchange/Equities/Main Market","CAD","-","PLN"
"AUGO","AURA MINERALS INC","Materials","Equity","2,328.30","0.01","2,328.30","19.00","124.07","Brazil","NASDAQ","CAD","-","USD"
"HUBN","HUBER & SUHNER AG","Industrials","Equity","2,326.72","0.01","2,326.72","8.00","291.36","Switzerland","SIX Swiss Exchange","CAD","-","CHF"
"MOTV3","MOTIVA INFRAESTRUTURA DE MOBILIDAD","Industrials","Equity","2,326.65","0.01","2,326.65","532.00","4.37","Brazil","XBSP","CAD","-","BRL"
"PTTGC.R","PTT GLOBAL CHEMICAL NON-VOTING DR","Materials","Equity","2,322.03","0.01","2,322.03","1,127.00","2.06","Thailand","Stock Exchange Of Thailand","CAD","-","THB"
"5832","CHUGIN FINANCIAL GROUP INC","Financials","Equity","2,318.74","0.01","2,318.74","71.00","32.61","Japan","Tokyo Stock Exchange","CAD","-","JPY"
"047040","DAEWOO ENGINEERING & CONSTRUCTION","Industrials","Equity","2,318.73","0.01","2,318.73","124.00","18.72","Korea (South)","Korea Exchange (Stock Market)","CAD","-","KRW"
"8304","AOZORA BANK","Financials","Equity","2,318.03","0.01","2,318.03","73.00","31.65","Japan","Tokyo Stock Exchange","CAD","-","JPY"
"QIIK","QATAR INTERNATIONAL ISLAMIC BANK","Financials","Equity","2,313.18","0.01","2,313.18","567.00","4.08","Qatar","Qatar Exchange","CAD","-","QAR"
"002384","SUZHOU DONGSHAN PRECISION MANUFACT","Information Technology","Equity","2,312.09","0.01","2,312.09","57.00","40.37","China","Shenzhen Stock Exchange","CAD","-","CNY"
"4631","DIC","Materials","Equity","2,310.00","0.01","2,310.00","53.00","43.49","Japan","Tokyo Stock Exchange","CAD","-","JPY"
"SWB","SUNWAY BHD","Industrials","Equity","2,307.24","0.01","2,307.24","1,498.00","1.54","Malaysia","Bursa Malaysia","CAD","-","MYR"
"RUI","RUBIS","Utilities","Equity","2,304.15","0.01","2,304.15","40.00","58.15","France","Nyse Euronext - Euronext Paris","CAD","-","EUR"
"2455","VISUAL PHOTONICS EPITAXY","Information Technology","Equity","2,303.98","0.01","2,303.98","98.00","23.43","Taiwan","Taiwan Stock Exchange","CAD","-","TWD"
"KEI","KEI INDUSTRIES LTD","Industrials","Equity","2,303.28","0.01","2,303.28","35.00","66.48","India","National Stock Exchange Of India","CAD","-","INR"
"TYRES","NOKIAN RENKAAT","Consumer Discretionary","Equity","2,303.22","0.01","2,303.22","90.00","25.61","Finland","Nasdaq Omx Helsinki Ltd.","CAD","-","EUR"
"PNN","PENNON GROUP PLC","Utilities","Equity","2,300.50","0.01","2,300.50","266.00","8.64","United Kingdom","London Stock Exchange","CAD","-","GBP"
"2474","CATCHER TECHNOLOGY","Information Technology","Equity","2,299.06","0.01","2,299.06","251.00","9.15","Taiwan","Taiwan Stock Exchange","CAD","-","TWD"
"AJBU","KEPPEL DC REIT","Real Estate","Equity","2,290.57","0.01","2,290.57","987.00","2.32","Singapore","Singapore Exchange","CAD","-","SGD"
"3064","MONOTARO LTD","Industrials","Equity","2,283.97","0.01","2,283.97","128.00","17.85","Japan","Tokyo Stock Exchange","CAD","-","JPY"
"EXX","EXXARO RESOURCES","Energy","Equity","2,283.83","0.01","2,283.83","141.00","16.25","South Africa","Johannesburg Stock Exchange","CAD","-","ZAR"
"3264","ARDENTEC CORP","Information Technology","Equity","2,283.80","0.01","2,283.80","213.00","10.73","Taiwan","Gretai Securities Market","CAD","-","TWD"
"1988","CHINA MINSHENG BANKING H","Financials","Equity","2,282.31","0.01","2,282.31","3,566.00","0.64","China","Hong Kong Exchanges And Clearing Ltd","CAD","-","HKD"
"ENGI11","ENERGISA UNITS","Utilities","Equity","2,282.30","0.01","2,282.30","162.00","14.13","Brazil","XBSP","CAD","-","BRL"
"8088","IWATANI","Energy","Equity","2,280.59","0.01","2,280.59","119.00","19.22","Japan","Tokyo Stock Exchange","CAD","-","JPY"
"300394","SUZHOU TFC OPTICAL COMMUNICATIONIN","Information Technology","Equity","2,280.34","0.01","2,280.34","39.00","57.92","China","Shenzhen Stock Exchange","CAD","-","CNY"
"039030","EO TECHNICS LTD","Information Technology","Equity","2,278.63","0.01","2,278.63","5.00","468.19","Korea (South)","Korea Exchange (Kosdaq)","CAD","-","KRW"
"TWEKA","TKH GROUP","Industrials","Equity","2,278.14","0.01","2,278.14","27.00","84.82","Netherlands","Euronext Amsterdam","CAD","-","EUR"
"BAJAJHLDNG","BAJAJ HOLDINGS AND INVESTMENT LTD","Financials","Equity","2,277.60","0.01","2,277.60","14.00","160.51","India","National Stock Exchange Of India","CAD","-","INR"
"TIINDIA","TUBE INVESTMENTS OF INDIA LTD","Consumer Discretionary","Equity","2,274.67","0.01","2,274.67","60.00","37.89","India","National Stock Exchange Of India","CAD","-","INR"
"270","GUANGDONG INVESTMENT LTD","Utilities","Equity","2,274.56","0.01","2,274.56","1,440.00","1.58","China","Hong Kong Exchanges And Clearing Ltd","CAD","-","HKD"
"1898","CHINA COAL ENERGY LTD H","Energy","Equity","2,274.14","0.01","2,274.14","1,197.00","1.90","China","Hong Kong Exchanges And Clearing Ltd","CAD","-","HKD"
"NHC","NEW HOPE CORPORATION LTD","Energy","Equity","2,272.21","0.01","2,272.21","354.00","6.41","Australia","Asx - All Markets","CAD","-","AUD"
"SCYR","SACYR","Industrials","Equity","2,271.53","0.01","2,271.53","339.00","6.70","Spain","Bolsa De Madrid","CAD","-","EUR"
"9688","ZAI LAB LTD","Health Care","Equity","2,270.48","0.01","2,270.48","647.00","3.51","China","Hong Kong Exchanges And Clearing Ltd","CAD","-","HKD"
"168","TSINGTAO BREWERY COMPANY-500 LTD H","Consumer Staples","Equity","2,268.84","0.01","2,268.84","320.00","7.08","China","Hong Kong Exchanges And Clearing Ltd","CAD","-","HKD"
"MTM","MOMENTUM GROUP","Financials","Equity","2,268.10","0.01","2,268.10","691.00","3.28","South Africa","Johannesburg Stock Exchange","CAD","-","ZAR"
"EXENS","EXOSENS SA","Industrials","Equity","2,265.93","0.01","2,265.93","24.00","94.62","France","Nyse Euronext - Euronext Paris","CAD","-","EUR"
"285","BYD ELECTRONIC (INTERNATIONAL) LTD","Information Technology","Equity","2,264.45","0.01","2,264.45","535.00","4.23","China","Hong Kong Exchanges And Clearing Ltd","CAD","-","HKD"
"1893","PENTA-OCEAN CONSTRUCTION LTD","Industrials","Equity","2,263.97","0.01","2,263.97","159.00","14.22","Japan","Tokyo Stock Exchange","CAD","-","JPY"
"DKSH","DKSH HOLDING AG","Industrials","Equity","2,263.68","0.01","2,263.68","20.00","111.55","Switzerland","SIX Swiss Exchange","CAD","-","CHF"
"688012","ADVANCED MICRO-FABRICATION EQUIPME","Information Technology","Equity","2,261.82","0.01","2,261.82","31.00","73.27","China","Shanghai Stock Exchange","CAD","-","CNY"
"6890","FERROTEC CORP","Information Technology","Equity","2,257.14","0.01","2,257.14","28.00","81.09","Japan","Tokyo Stock Exchange","CAD","-","JPY"
"138930","BNK FINANCIAL GROUP INC","Financials","Equity","2,255.78","0.01","2,255.78","142.00","15.91","Korea (South)","Korea Exchange (Stock Market)","CAD","-","KRW"
"ARCAD","ARCADIS NV","Industrials","Equity","2,253.09","0.01","2,253.09","33.00","68.95","Netherlands","Euronext Amsterdam","CAD","-","EUR"
"PUM","PUMA","Consumer Discretionary","Equity","2,252.89","0.01","2,252.89","64.00","35.34","Germany","Xetra","CAD","-","EUR"
"VIG","VIENNA INSURANCE GROUP AG","Financials","Equity","2,250.61","0.01","2,250.61","20.00","114.22","Austria","Wiener Boerse Ag","CAD","-","EUR"
"MRF","MRF LTD","Consumer Discretionary","Equity","2,249.75","0.01","2,249.75","1.00","1,816.30","India","National Stock Exchange Of India","CAD","-","INR"
"HEIJM","KONINKLIJKE HEIJMANS DUTCH CERTIFI","Industrials","Equity","2,249.05","0.01","2,249.05","16.00","141.85","Netherlands","Euronext Amsterdam","CAD","-","EUR"
"9009","KEISEI ELECTRIC RAILWAY","Industrials","Equity","2,248.75","0.01","2,248.75","180.00","12.51","Japan","Tokyo Stock Exchange","CAD","-","JPY"
"5483","SINO-AMERICAN SILICON PRODUCTS","Information Technology","Equity","2,247.12","0.01","2,247.12","282.00","7.98","Taiwan","Gretai Securities Market","CAD","-","TWD"
"039490","KIWOOM SECURITIES","Financials","Equity","2,244.47","0.01","2,244.47","8.00","266.24","Korea (South)","Korea Exchange (Stock Market)","CAD","-","KRW"
"352820","HYBE","Communication","Equity","2,242.14","0.01","2,242.14","13.00","167.64","Korea (South)","Korea Exchange (Stock Market)","CAD","-","KRW"
"1787","SHANDONG GOLD MINING LTD H","Materials","Equity","2,237.99","0.01","2,237.99","539.00","4.15","China","Hong Kong Exchanges And Clearing Ltd","CAD","-","HKD"
"BBNI","BANK NEGARA INDONESIA","Financials","Equity","2,234.32","0.01","2,234.32","7,705.00","0.29","Indonesia","Indonesia Stock Exchange","CAD","-","IDR"
"900948","INNER MONGOLIA YITAI COAL LTD B","Energy","Equity","2,230.17","0.01","2,230.17","470.00","4.75","China","Shanghai Stock Exchange","CAD","-","USD"
"PNB","PUNJAB NATIONAL BANK","Financials","Equity","2,229.03","0.01","2,229.03","1,311.00","1.70","India","National Stock Exchange Of India","CAD","-","INR"
"HOLM B","HOLMEN CLASS B","Materials","Equity","2,227.79","0.01","2,227.79","48.00","46.34","Sweden","Nasdaq Omx Nordic","CAD","-","SEK"
"RBREW","ROYAL UNIBREW","Consumer Staples","Equity","2,227.60","0.01","2,227.60","25.00","89.87","Denmark","Omx Nordic Exchange Copenhagen A/S","CAD","-","DKK"
"8012","NAGASE LTD","Industrials","Equity","2,226.60","0.01","2,226.60","213.00","10.45","Japan","Tokyo Stock Exchange","CAD","-","JPY"
"PROT","PROTECTOR FORSIKRING","Financials","Equity","2,226.45","0.01","2,226.45","34.00","66.40","Norway","Oslo Bors Asa","CAD","-","NOK"
"6269","MODEC INC","Energy","Equity","2,225.57","0.01","2,225.57","27.00","82.66","Japan","Tokyo Stock Exchange","CAD","-","JPY"
"UTDI","UNITED INTERNET AG","Communication","Equity","2,225.10","0.01","2,225.10","50.00","44.53","Germany","Xetra","CAD","-","EUR"
"BC","BRUNELLO CUCINELLI","Consumer Discretionary","Equity","2,223.87","0.01","2,223.87","18.00","126.17","Italy","Borsa Italiana","CAD","-","EUR"
"3324","AURAS TECHNOLOGY LTD","Information Technology","Equity","2,223.63","0.01","2,223.63","37.00","60.76","Taiwan","Gretai Securities Market","CAD","-","TWD"
"600030","CITIC SECURITIES A","Financials","Equity","2,222.04","0.01","2,222.04","407.00","5.46","China","Shanghai Stock Exchange","CAD","-","CNY"
"8174","NIPPON GAS LTD","Utilities","Equity","2,220.48","0.01","2,220.48","79.00","27.97","Japan","Tokyo Stock Exchange","CAD","-","JPY"
"9072","NIKKON HOLDINGS LTD","Industrials","Equity","2,218.05","0.01","2,218.05","48.00","46.29","Japan","Tokyo Stock Exchange","CAD","-","JPY"
"6531","AP MEMORY TECHNOLOGY","Information Technology","Equity","2,217.72","0.01","2,217.72","55.00","40.36","Taiwan","Taiwan Stock Exchange","CAD","-","TWD"
"VESTA*","CORPORACION INMOBILIARIA VESTA","Real Estate","Equity","2,215.90","0.01","2,215.90","474.00","4.67","Mexico","Bolsa Mexicana De Valores","CAD","-","MXN"
"BIM","BIOMERIEUX SA","Health Care","Equity","2,213.14","0.01","2,213.14","19.00","115.83","France","Nyse Euronext - Euronext Paris","CAD","-","EUR"
"028300","HLB LTD","Health Care","Equity","2,212.41","0.01","2,212.41","68.00","32.39","Korea (South)","Korea Exchange (Kosdaq)","CAD","-","KRW"
"6919","CALIWAY BIOPHARMACEUTICALS","Health Care","Equity","2,209.59","0.01","2,209.59","607.00","3.64","Taiwan","Taiwan Stock Exchange","CAD","-","TWD"
"ITV","ITV PLC","Communication","Equity","2,209.30","0.01","2,209.30","1,699.00","1.30","United Kingdom","London Stock Exchange","CAD","-","GBP"
"2027","TA CHEN STAINLESS PIPE LTD","Materials","Equity","2,206.38","0.01","2,206.38","1,066.00","2.07","Taiwan","Taiwan Stock Exchange","CAD","-","TWD"
"MLSR","MELISRON LTD","Real Estate","Equity","2,200.12","0.01","2,200.12","12.00","186.77","Israel","Tel Aviv Stock Exchange","CAD","-","ILS"
"EMAARDEV","EMAAR DEVELOPMENT","Real Estate","Equity","2,198.00","0.01","2,198.00","433.00","5.08","United Arab Emirates","Dubai Financial Market","CAD","-","AED"
"V03","VENTURE CORPORATION","Information Technology","Equity","2,192.82","0.01","2,192.82","118.00","18.52","Singapore","Singapore Exchange","CAD","-","SGD"
"SPEN","SHAPIR ENGINEERING AND INDUSTRY LT","Industrials","Equity","2,190.49","0.01","2,190.49","110.00","19.89","Israel","Tel Aviv Stock Exchange","CAD","-","ILS"
"EDV","ENDEAVOUR GROUP LTD","Consumer Staples","Equity","2,189.51","0.01","2,189.51","740.00","2.96","Australia","Asx - All Markets","CAD","-","AUD"
"IVG","IVECO GROUP NV","Industrials","Equity","2,188.50","0.01","2,188.50","97.00","22.65","Italy","Borsa Italiana","CAD","-","EUR"
"058470","LEENO INDUSTRIAL INC","Information Technology","Equity","2,187.81","0.01","2,187.81","33.00","67.22","Korea (South)","Korea Exchange (Kosdaq)","CAD","-","KRW"
"6187","ALL RING TECH","Information Technology","Equity","2,185.56","0.01","2,185.56","41.00","53.08","Taiwan","Gretai Securities Market","CAD","-","TWD"
"TECN","TECAN GROUP AG","Health Care","Equity","2,185.48","0.01","2,185.48","6.00","371.50","Switzerland","SIX Swiss Exchange","CAD","-","CHF"
"NWL","NETWEALTH GROUP LTD","Financials","Equity","2,184.56","0.01","2,184.56","118.00","18.48","Australia","Asx - All Markets","CAD","-","AUD"
"1258","CHINA NONFERROUS MINING CORPORATIO","Materials","Equity","2,182.83","0.01","2,182.83","791.00","2.76","China","Hong Kong Exchanges And Clearing Ltd","CAD","-","HKD"
"QQ.","QINETIQ GROUP PLC","Industrials","Equity","2,182.70","0.01","2,182.70","236.00","9.24","United Kingdom","London Stock Exchange","CAD","-","GBP"
"5105","TOYO TIRE","Consumer Discretionary","Equity","2,177.35","0.01","2,177.35","64.00","34.18","Japan","Tokyo Stock Exchange","CAD","-","JPY"
"360ONE","360 ONE WAM LTD","Financials","Equity","2,173.70","0.01","2,173.70","141.00","15.47","India","National Stock Exchange Of India","CAD","-","INR"
"7164","ZENKOKU HOSHO LTD","Financials","Equity","2,172.28","0.01","2,172.28","76.00","28.65","Japan","Tokyo Stock Exchange","CAD","-","JPY"
"1138","COSCO SHIPPING ENERGY TRANSPORTATI","Energy","Equity","2,169.18","0.01","2,169.18","631.00","3.44","China","Hong Kong Exchanges And Clearing Ltd","CAD","-","HKD"
"J69U","FRASERS CENTREPOINT UNITS TRUST","Real Estate","Equity","2,167.31","0.01","2,167.31","942.00","2.30","Singapore","Singapore Exchange","CAD","-","SGD"
"144","CHINA MERCHANTS PORT HOLDINGS LTD","Industrials","Equity","2,159.31","0.01","2,159.31","727.00","2.97","China","Hong Kong Exchanges And Clearing Ltd","CAD","-","HKD"
"3105","NISSHINBO HOLDINGS INC","Industrials","Equity","2,158.50","0.01","2,158.50","101.00","21.29","Japan","Tokyo Stock Exchange","CAD","-","JPY"
"DOC","DO & CO AKTIENGESELLSCHAFT","Industrials","Equity","2,157.76","0.01","2,157.76","7.00","304.27","Austria","Wiener Boerse Ag","CAD","-","EUR"
"9880","UBTECH ROBOTICS CORP LTD H","Industrials","Equity","2,157.16","0.01","2,157.16","153.00","14.14","China","Hong Kong Exchanges And Clearing Ltd","CAD","-","HKD"
"GFTU","GRAFTON GROUP PLC","Industrials","Equity","2,156.99","0.01","2,156.99","117.00","18.46","United Kingdom","London Stock Exchange","CAD","-","GBP"
"MOBN","MOBIMO HOLDING AG","Real Estate","Equity","2,155.05","0.01","2,155.05","4.00","581.53","Switzerland","SIX Swiss Exchange","CAD","-","CHF"
"1504","TECO ELECTRIC & MACHINERY","Industrials","Equity","2,152.45","0.01","2,152.45","692.00","3.11","Taiwan","Taiwan Stock Exchange","CAD","-","TWD"
"GROWW","BILLIONBRAINS GARAGE VENTURES LTD","Financials","Equity","2,151.16","0.01","2,151.16","788.00","2.73","India","National Stock Exchange Of India","CAD","-","INR"
"5901","TOYO SEIKAN GROUP HOLDINGS","Materials","Equity","2,150.83","0.01","2,150.83","51.00","41.82","Japan","Tokyo Stock Exchange","CAD","-","JPY"
"SZG","SALZGITTER AG","Materials","Equity","2,149.47","0.01","2,149.47","24.00","88.68","Germany","Xetra","CAD","-","EUR"
"763","ZTE CORP H","Information Technology","Equity","2,149.27","0.01","2,149.27","537.00","4.00","China","Hong Kong Exchanges And Clearing Ltd","CAD","-","HKD"
"APAM","APERAM SA","Materials","Equity","2,146.12","0.01","2,146.12","29.00","74.28","France","Euronext Amsterdam","CAD","-","EUR"
"3888","KINGSOFT","Communication","Equity","2,144.53","0.01","2,144.53","500.00","4.29","China","Hong Kong Exchanges And Clearing Ltd","CAD","-","HKD"
"2492","WALSIN TECHNOLOGY","Information Technology","Equity","2,143.85","0.01","2,143.85","165.00","13.03","Taiwan","Taiwan Stock Exchange","CAD","-","TWD"
"UPL","UPL","Materials","Equity","2,141.74","0.01","2,141.74","265.00","8.09","India","National Stock Exchange Of India","CAD","-","INR"
"161390","HANKOOK TIRE & TECHNOLOGY LTD","Consumer Discretionary","Equity","2,140.76","0.01","2,140.76","36.00","59.62","Korea (South)","Korea Exchange (Stock Market)","CAD","-","KRW"
"AXFO","AXFOOD","Consumer Staples","Equity","2,140.33","0.01","2,140.33","60.00","35.76","Sweden","Nasdaq Omx Nordic","CAD","-","SEK"
"902","HUANENG POWER INTERNATIONAL INC H","Utilities","Equity","2,139.40","0.01","2,139.40","2,118.00","1.01","China","Hong Kong Exchanges And Clearing Ltd","CAD","-","HKD"
"9048","NAGOYA RAILROAD","Industrials","Equity","2,139.08","0.01","2,139.08","124.00","17.26","Japan","Tokyo Stock Exchange","CAD","-","JPY"
"QNNS","QATAR NAVIGATION","Industrials","Equity","2,138.36","0.01","2,138.36","547.00","3.91","Qatar","Qatar Exchange","CAD","-","QAR"
"ALLEI","ALLEIMA","Materials","Equity","2,136.93","0.01","2,136.93","127.00","16.77","Sweden","Nasdaq Omx Nordic","CAD","-","SEK"
"3231","NOMURA REAL ESTATE HOLDINGS INC","Real Estate","Equity","2,133.88","0.01","2,133.88","257.00","8.30","Japan","Tokyo Stock Exchange","CAD","-","JPY"
"REY","REPLY","Information Technology","Equity","2,130.31","0.01","2,130.31","11.00","186.67","Italy","Borsa Italiana","CAD","-","EUR"
"603993","CHINA MOLYBDENUM A","Materials","Equity","2,129.24","0.01","2,129.24","588.00","3.62","China","Shanghai Stock Exchange","CAD","-","CNY"
"MANKIND","MANKIND PHARMA LTD","Health Care","Equity","2,127.19","0.01","2,127.19","63.00","33.53","India","National Stock Exchange Of India","CAD","-","INR"
"6871","MICRONICS JAPAN","Information Technology","Equity","2,127.08","0.01","2,127.08","19.00","113.33","Japan","Tokyo Stock Exchange","CAD","-","JPY"
"3406","GENIUS ELECTRONIC OPTICAL LTD","Information Technology","Equity","2,126.01","0.01","2,126.01","50.00","42.33","Taiwan","Taiwan Stock Exchange","CAD","-","TWD"
"KLBN11","KLABIN UNITS SA","Materials","Equity","2,121.70","0.01","2,121.70","399.00","5.32","Brazil","XBSP","CAD","-","BRL"
"GMRAIRPORT","GMR AIRPORTS LTD","Industrials","Equity","2,121.51","0.01","2,121.51","1,526.00","1.39","India","National Stock Exchange Of India","CAD","-","INR"
"BAVA","BAVARIAN NORDIC","Health Care","Equity","2,120.47","0.01","2,120.47","48.00","44.57","Denmark","Omx Nordic Exchange Copenhagen A/S","CAD","-","DKK"
"OV8","SHENG SIONG GROUP LTD","Consumer Staples","Equity","2,117.94","0.01","2,117.94","598.00","3.54","Singapore","Singapore Exchange","CAD","-","SGD"
"ALIF B","ADDLIFE CLASS B","Health Care","Equity","2,116.95","0.01","2,116.95","91.00","23.25","Sweden","Nasdaq Omx Nordic","CAD","-","SEK"
"268","KINGDEE INT L SOFTWARE GROUP LTD","Information Technology","Equity","2,116.07","0.01","2,116.07","1,628.00","1.30","China","Hong Kong Exchanges And Clearing Ltd","CAD","-","HKD"
"7282","TOYODA GOSEI","Consumer Discretionary","Equity","2,112.73","0.01","2,112.73","44.00","47.48","Japan","Tokyo Stock Exchange","CAD","-","JPY"
"CENCOSUD","CENCOSUD","Consumer Staples","Equity","2,112.59","0.01","2,112.59","693.00","3.05","Chile","Santiago Stock Exchange","CAD","-","CLP"
"NHPC","NHPC LTD","Utilities","Equity","2,108.19","0.01","2,108.19","1,917.00","1.10","India","National Stock Exchange Of India","CAD","-","INR"
"IOICORP","IOI CORPORATION","Consumer Staples","Equity","2,107.76","0.01","2,107.76","1,270.00","1.66","Malaysia","Bursa Malaysia","CAD","-","MYR"
"2812","TAICHUNG COMMERCIAL BANK","Financials","Equity","2,106.76","0.01","2,106.76","2,450.00","0.86","Taiwan","Taiwan Stock Exchange","CAD","-","TWD"
"BWLPG","BW LPG LTD","Energy","Equity","2,106.60","0.01","2,106.60","58.00","36.32","Norway","Oslo Bors Asa","CAD","-","NOK"
"5434","TOPCO SCIENTIFIC LTD","Information Technology","Equity","2,103.60","0.01","2,103.60","90.00","23.25","Taiwan","Taiwan Stock Exchange","CAD","-","TWD"
"COTN","COMET HOLDING AG","Information Technology","Equity","2,102.05","0.01","2,102.05","4.00","568.80","Switzerland","SIX Swiss Exchange","CAD","-","CHF"
"6754","ANRITSU CORP","Information Technology","Equity","2,101.10","0.01","2,101.10","75.00","28.09","Japan","Tokyo Stock Exchange","CAD","-","JPY"
"OFSS","ORACLE FINANCIAL SERVICES SOFTWARE","Information Technology","Equity","2,099.87","0.01","2,099.87","12.00","169.41","India","National Stock Exchange Of India","CAD","-","INR"
"UTG","UNITE GROUP PLC","Real Estate","Equity","2,097.76","0.01","2,097.76","237.00","8.84","United Kingdom","London Stock Exchange","CAD","-","GBP"
"240810","WONIK IPS LTD","Information Technology","Equity","2,097.70","0.01","2,097.70","18.00","119.45","Korea (South)","Korea Exchange (Kosdaq)","CAD","-","KRW"
"WOSG","WATCHES OF SWITZERLAND GROUP PLC","Consumer Discretionary","Equity","2,095.59","0.01","2,095.59","170.00","12.35","United Kingdom","London Stock Exchange","CAD","-","GBP"
"WIE","WIENERBERGER AG","Materials","Equity","2,093.56","0.01","2,093.56","73.00","28.80","Austria","Wiener Boerse Ag","CAD","-","EUR"
"4203","SUMITOMO BAKELITE LTD","Materials","Equity","2,092.58","0.01","2,092.58","30.00","69.54","Japan","Tokyo Stock Exchange","CAD","-","JPY"
"4716","ORACLE JAPAN CORP","Information Technology","Equity","2,090.67","0.01","2,090.67","25.00","83.93","Japan","Tokyo Stock Exchange","CAD","-","JPY"
"PIRAMALFIN","PIRAMAL FINANCE LTD","Financials","Equity","2,088.67","0.01","2,088.67","64.00","32.86","India","National Stock Exchange Of India","CAD","-","INR"
"3491","UNIVERSAL MICROWAVE TECHNOLOGY INC","Information Technology","Equity","2,088.00","0.01","2,088.00","32.00","65.15","Taiwan","Gretai Securities Market","CAD","-","TWD"
"IPCALAB","IPCA LABORATORIES LTD","Health Care","Equity","2,084.58","0.01","2,084.58","73.00","28.72","India","National Stock Exchange Of India","CAD","-","INR"
"PRESTIGE","PRESTIGE ESTATES PROJECTS","Real Estate","Equity","2,084.00","0.01","2,084.00","99.00","20.99","India","National Stock Exchange Of India","CAD","-","INR"
"600000","SHANGHAI PUDONG DEVELOPMENT BANK A","Financials","Equity","2,082.02","0.01","2,082.02","1,102.00","1.89","China","Shanghai Stock Exchange","CAD","-","CNY"
"CLS","CLICKS GROUP","Consumer Staples","Equity","2,080.06","0.01","2,080.06","117.00","17.74","South Africa","Johannesburg Stock Exchange","CAD","-","ZAR"
"BYG","BIG YELLOW GROUP PLC","Real Estate","Equity","2,080.03","0.01","2,080.03","133.00","15.59","United Kingdom","London Stock Exchange","CAD","-","GBP"
"S58","SATS LTD","Industrials","Equity","2,079.17","0.01","2,079.17","495.00","4.20","Singapore","Singapore Exchange","CAD","-","SGD"
"005385","HYUNDAI MOTOR S1 PREF","Consumer Discretionary","Equity","2,078.22","0.01","2,078.22","12.00","174.93","Korea (South)","Korea Exchange (Stock Market)","CAD","-","KRW"
"LTF","L&T FINANCE LTD","Financials","Equity","2,076.45","0.01","2,076.45","471.00","4.41","India","National Stock Exchange Of India","CAD","-","INR"
"277810","RAINBOW ROBOTICS","Industrials","Equity","2,075.83","0.01","2,075.83","5.00","433.77","Korea (South)","Korea Exchange (Kosdaq)","CAD","-","KRW"
"353200","DAEDUCKELECTRONICS LTD","Information Technology","Equity","2,073.90","0.01","2,073.90","20.00","101.94","Korea (South)","Korea Exchange (Stock Market)","CAD","-","KRW"
"SUNN","SUNRISE N CLASS A LTD","Communication","Equity","2,071.27","0.01","2,071.27","29.00","70.80","Switzerland","SIX Swiss Exchange","CAD","-","CHF"
"2811","KAGOME LTD","Consumer Staples","Equity","2,070.65","0.01","2,070.65","84.00","24.58","Japan","Tokyo Stock Exchange","CAD","-","JPY"
"4300","DAR AL ARKAN REAL ESTATE DEVELOPME","Real Estate","Equity","2,068.03","0.01","2,068.03","292.00","7.08","Saudi Arabia","Saudi Stock Exchange","CAD","-","SAR"
"MF","WENDEL","Financials","Equity","2,062.98","0.01","2,062.98","15.00","133.26","France","Nyse Euronext - Euronext Paris","CAD","-","EUR"
"8960","UNITED URBAN INVESTMENT REIT","Real Estate","Equity","2,060.59","0.01","2,060.59","1.00","1,394.65","Japan","Tokyo Stock Exchange","CAD","-","JPY"
"6886","HUATAI SECURITIES H","Financials","Equity","2,060.07","0.01","2,060.07","691.00","2.98","China","Hong Kong Exchanges And Clearing Ltd","CAD","-","HKD"
"6674","GS YUASA","Consumer Discretionary","Equity","2,056.43","0.01","2,056.43","42.00","48.50","Japan","Tokyo Stock Exchange","CAD","-","JPY"
"WELCORP","WELSPUN CORP LTD","Materials","Equity","2,056.37","0.01","2,056.37","57.00","35.87","India","National Stock Exchange Of India","CAD","-","INR"
"AXIA7","AXIA ENERGIA PRF SA","Utilities","Equity","2,056.19","0.01","2,056.19","136.00","15.07","Brazil","XBSP","CAD","-","BRL"
"8524","NORTH PACIFIC BANK LTD","Financials","Equity","2,055.77","0.01","2,055.77","171.00","12.03","Japan","Tokyo Stock Exchange","CAD","-","JPY"
"323410","KAKAOBANK","Financials","Equity","2,053.69","0.01","2,053.69","98.00","20.95","Korea (South)","Korea Exchange (Stock Market)","CAD","-","KRW"
"PCHEM","PETRONAS CHEMICALS GROUP","Materials","Equity","2,049.97","0.01","2,049.97","1,235.00","1.66","Malaysia","Bursa Malaysia","CAD","-","MYR"
"4250","JABAL OMAR DEVELOPMENT","Consumer Discretionary","Equity","2,048.45","0.01","2,048.45","323.00","6.35","Saudi Arabia","Saudi Stock Exchange","CAD","-","SAR"
"BUFAB","BUFAB","Industrials","Equity","2,048.10","0.01","2,048.10","103.00","19.81","Sweden","Nasdaq Omx Nordic","CAD","-","SEK"
"8954","ORIX JREIT REIT INC","Real Estate","Equity","2,047.91","0.01","2,047.91","2.00","864.81","Japan","Tokyo Stock Exchange","CAD","-","JPY"
"TKMS","TKMS AG","Industrials","Equity","2,047.11","0.01","2,047.11","15.00","137.03","Germany","Xetra","CAD","-","EUR"
"SMPH","SM PRIME HOLDINGS","Real Estate","Equity","2,042.57","0.01","2,042.57","5,375.00","0.38","Philippines","Philippine Stock Exchange Inc.","CAD","-","PHP"
"009830","HANWHA SOLUTIONS CORP","Materials","Equity","2,039.76","0.01","2,039.76","71.00","28.75","Korea (South)","Korea Exchange (Stock Market)","CAD","-","KRW"
"ZEAL","ZEALAND PHARMA","Health Care","Equity","2,039.72","0.01","2,039.72","34.00","60.80","Denmark","Omx Nordic Exchange Copenhagen A/S","CAD","-","DKK"
"N2IU","MAPLETREE PAN ASIA COMMERCIAL TRUS","Real Estate","Equity","2,038.35","0.01","2,038.35","1,533.00","1.33","Singapore","Singapore Exchange","CAD","-","SGD"
"COV","COVIVIO SA","Real Estate","Equity","2,038.19","0.01","2,038.19","26.00","77.24","France","Nyse Euronext - Euronext Paris","CAD","-","EUR"
"HBR","HARBOUR ENERGY PLC","Energy","Equity","2,036.94","0.01","2,036.94","402.00","5.07","United Kingdom","London Stock Exchange","CAD","-","GBP"
"6368","ORGANO CORP","Industrials","Equity","2,035.70","0.01","2,035.70","19.00","108.03","Japan","Tokyo Stock Exchange","CAD","-","JPY"
"300059","EAST MONEY INFORMATION LTD A","Financials","Equity","2,034.46","0.01","2,034.46","540.00","3.77","China","Shenzhen Stock Exchange","CAD","-","CNY"
"ATHERENERG","ATHER ENERGY LTD","Consumer Discretionary","Equity","2,033.25","0.01","2,033.25","90.00","22.60","India","National Stock Exchange Of India","CAD","-","INR"
"2353","ACER","Information Technology","Equity","2,032.87","0.01","2,032.87","1,432.00","1.42","Taiwan","Taiwan Stock Exchange","CAD","-","TWD"
"YKBNK.E","YAPI VE KREDI BANKASI A","Financials","Equity","2,029.82","0.01","2,029.82","2,010.00","1.01","Turkey","Istanbul Stock Exchange","CAD","-","TRY"
"4385","MERCARI","Consumer Discretionary","Equity","2,029.48","0.01","2,029.48","62.00","32.98","Japan","Tokyo Stock Exchange","CAD","-","JPY"
"5344","MARUWA (OWARIASAHI) LTD","Information Technology","Equity","2,028.88","0.01","2,028.88","4.00","487.90","Japan","Tokyo Stock Exchange","CAD","-","JPY"
"YPSN","YPSOMED HOLDING AG","Health Care","Equity","2,027.90","0.01","2,027.90","3.00","590.87","Switzerland","SIX Swiss Exchange","CAD","-","CHF"
"000333","MIDEA GROUP A","Consumer Discretionary","Equity","2,027.56","0.01","2,027.56","114.00","17.74","China","Shenzhen Stock Exchange","CAD","-","CNY"
"EZJ","EASYJET","Industrials","Equity","2,027.36","0.01","2,027.36","162.00","12.48","United Kingdom","London Stock Exchange","CAD","-","GBP"
"TPE","TAURON POLSKA ENERGIA","Utilities","Equity","2,024.93","0.01","2,024.93","596.00","3.40","Poland","Warsaw Stock Exchange/Equities/Main Market","CAD","-","PLN"
"9044","NANKAI","Industrials","Equity","2,024.10","0.01","2,024.10","70.00","29.01","Japan","Tokyo Stock Exchange","CAD","-","JPY"
"KRN","KRONES AG","Industrials","Equity","2,023.60","0.01","2,023.60","11.00","180.57","Germany","Xetra","CAD","-","EUR"
"ENRIN","SIEMENS ENERGY INDIA LTD","Industrials","Equity","2,022.49","0.01","2,022.49","45.00","45.33","India","National Stock Exchange Of India","CAD","-","INR"
"8010","THE COOPERATIVE INSURANCE","Financials","Equity","2,020.74","0.01","2,020.74","58.00","34.55","Saudi Arabia","Saudi Stock Exchange","CAD","-","SAR"
"BPI","BANK OF THE PHILIPPINE ISLANDS","Financials","Equity","2,018.30","0.01","2,018.30","905.00","2.23","Philippines","Philippine Stock Exchange Inc.","CAD","-","PHP"
"9076","SEINO HOLDINGS LTD","Industrials","Equity","2,017.67","0.01","2,017.67","81.00","24.86","Japan","Tokyo Stock Exchange","CAD","-","JPY"
"BANKBARODA","BANK OF BARODA LTD","Financials","Equity","2,014.99","0.01","2,014.99","594.00","3.39","India","National Stock Exchange Of India","CAD","-","INR"
"AG1","AUTO1 GROUP","Consumer Discretionary","Equity","2,012.29","0.01","2,012.29","68.00","29.78","Germany","Xetra","CAD","-","EUR"
"5471","DAIDO STEEL","Materials","Equity","2,010.01","0.01","2,010.01","92.00","21.84","Japan","Tokyo Stock Exchange","CAD","-","JPY"
"KIT","KITRON","Information Technology","Equity","2,009.35","0.01","2,009.35","137.00","14.65","Norway","Oslo Bors Asa","CAD","-","NOK"
"1860","MOBVISTA","Communication","Equity","2,006.54","0.01","2,006.54","998.00","2.01","Hong Kong","Hong Kong Exchanges And Clearing Ltd","CAD","-","HKD"
"DELHIVERY","DELHIVERY","Industrials","Equity","2,005.45","0.01","2,005.45","323.00","6.21","India","National Stock Exchange Of India","CAD","-","INR"
"KEMIRA","KEMIRA","Materials","Equity","2,005.38","0.01","2,005.38","72.00","27.87","Finland","Nasdaq Omx Helsinki Ltd.","CAD","-","EUR"
"1860","TODA","Industrials","Equity","2,003.48","0.01","2,003.48","146.00","13.70","Japan","Tokyo Stock Exchange","CAD","-","JPY"
"443060","HD HYUNDAI MARINE SOLUTION LTD","Industrials","Equity","2,000.35","0.01","2,000.35","8.00","244.98","Korea (South)","Korea Exchange (Stock Market)","CAD","-","KRW"
"1766","CRRC CORP LTD H","Industrials","Equity","1,997.66","0.01","1,997.66","2,220.00","0.90","China","Hong Kong Exchanges And Clearing Ltd","CAD","-","HKD"
"4980","DEXERIALS CORP","Information Technology","Equity","1,997.45","0.01","1,997.45","75.00","26.75","Japan","Tokyo Stock Exchange","CAD","-","JPY"
"SOLB","SOLVAY SA","Materials","Equity","1,997.17","0.01","1,997.17","47.00","42.25","Belgium","Nyse Euronext - Euronext Brussels","CAD","-","EUR"
"6471","NSK","Industrials","Equity","1,996.56","0.01","1,996.56","206.00","9.67","Japan","Tokyo Stock Exchange","CAD","-","JPY"
"9008","KEIO","Industrials","Equity","1,994.58","0.01","1,994.58","277.00","7.20","Japan","Tokyo Stock Exchange","CAD","-","JPY"
"3998","BOSIDENG INTERNATIONAL","Consumer Discretionary","Equity","1,994.18","0.01","1,994.18","2,732.00","0.73","China","Hong Kong Exchanges And Clearing Ltd","CAD","-","HKD"
"BRG","BREVILLE GROUP","Consumer Discretionary","Equity","1,991.21","0.01","1,991.21","66.00","30.14","Australia","Asx - All Markets","CAD","-","AUD"
"3249","INDUSTRIAL & INFRASTRUCTURE FUND I","Real Estate","Equity","1,991.21","0.01","1,991.21","2.00","1,216.84","Japan","Tokyo Stock Exchange","CAD","-","JPY"
"2212","YAMAZAKI BAKING LTD","Consumer Staples","Equity","1,988.40","0.01","1,988.40","59.00","33.90","Japan","Tokyo Stock Exchange","CAD","-","JPY"
"DLN","DERWENT LONDON REIT PLC","Real Estate","Equity","1,986.30","0.01","1,986.30","57.00","34.68","United Kingdom","London Stock Exchange","CAD","-","GBP"
"JSWENERGY","JSW ENERGY LTD","Utilities","Equity","1,986.22","0.01","1,986.22","266.00","7.46","India","National Stock Exchange Of India","CAD","-","INR"
"DLEKG","DELEK GROUP","Energy","Equity","1,985.80","0.01","1,985.80","48.00","40.95","Israel","Tel Aviv Stock Exchange","CAD","-","ILS"
"DORL","DORAL GROUP RENEWABLE ENERGY RESOU","Utilities","Equity","1,985.06","0.01","1,985.06","79.00","24.99","Israel","Tel Aviv Stock Exchange","CAD","-","ILS"
"THULE","THULE GROUP","Consumer Discretionary","Equity","1,983.06","0.01","1,983.06","69.00","28.58","Sweden","Nasdaq Omx Nordic","CAD","-","SEK"
"7716","NAKANISHI INC","Health Care","Equity","1,981.78","0.01","1,981.78","72.00","27.61","Japan","Tokyo Stock Exchange","CAD","-","JPY"
"4190","JARIR MARKETING","Consumer Discretionary","Equity","1,980.21","0.01","1,980.21","324.00","6.12","Saudi Arabia","Saudi Stock Exchange","CAD","-","SAR"
"316","ORIENT OVERSEAS (INTERNATIONAL) LT","Industrials","Equity","1,980.00","0.01","1,980.00","77.00","25.88","China","Hong Kong Exchanges And Clearing Ltd","CAD","-","HKD"
"SAE","SHUFERSAL LTD","Consumer Staples","Equity","1,977.14","0.01","1,977.14","116.00","16.98","Israel","Tel Aviv Stock Exchange","CAD","-","ILS"
"8714","SENSHU IKEDA HOLDINGS INC","Financials","Equity","1,976.42","0.01","1,976.42","201.00","9.82","Japan","Tokyo Stock Exchange","CAD","-","JPY"
"4403","NOF CORP","Materials","Equity","1,975.40","0.01","1,975.40","84.00","23.46","Japan","Tokyo Stock Exchange","CAD","-","JPY"
"EMMN","EMMI AG","Consumer Staples","Equity","1,975.05","0.01","1,975.05","1.00","1,409.26","Switzerland","SIX Swiss Exchange","CAD","-","CHF"
"6285","WISTRON NEWEB","Information Technology","Equity","1,972.41","0.01","1,972.41","198.00","9.94","Taiwan","Taiwan Stock Exchange","CAD","-","TWD"
"6442","EZCONN CORP","Information Technology","Equity","1,968.98","0.01","1,968.98","30.00","66.24","Taiwan","Taiwan Stock Exchange","CAD","-","TWD"
"NMDC","NMDC LTD","Materials","Equity","1,968.37","0.01","1,968.37","1,668.00","1.18","India","National Stock Exchange Of India","CAD","-","INR"
"PINFRA*","PROMOTORA Y OPERADORA DE INFRAESTR","Industrials","Equity","1,967.44","0.01","1,967.44","93.00","21.06","Mexico","Bolsa Mexicana De Valores","CAD","-","MXN"
"RWC","RELIANCE WORLDWIDE CORPORATION","Industrials","Equity","1,965.23","0.01","1,965.23","437.00","4.50","Australia","Asx - All Markets","CAD","-","AUD"
"1560","KINIK","Industrials","Equity","1,962.43","0.01","1,962.43","55.00","35.75","Taiwan","Taiwan Stock Exchange","CAD","-","TWD"
"532483","CANARA BANK LTD","Financials","Equity","1,961.07","0.01","1,961.07","1,083.00","1.81","India","Bse Ltd","CAD","-","INR"
"UQA","UNIQA INSURANCE GROUP AG","Financials","Equity","1,958.43","0.01","1,958.43","65.00","30.11","Austria","Wiener Boerse Ag","CAD","-","EUR"
"FDJU","FDJ UNITED","Consumer Discretionary","Equity","1,957.90","0.01","1,957.90","55.00","35.62","France","Nyse Euronext - Euronext Paris","CAD","-","EUR"
"180640","HANJIN KAL","Consumer Discretionary","Equity","1,957.69","0.01","1,957.69","14.00","141.22","Korea (South)","Korea Exchange (Stock Market)","CAD","-","KRW"
"6323","RORZE","Information Technology","Equity","1,956.24","0.01","1,956.24","65.00","30.22","Japan","Tokyo Stock Exchange","CAD","-","JPY"
"KALYANKJIL","KALYAN JEWELLERS INDIA","Consumer Discretionary","Equity","1,955.38","0.01","1,955.38","231.00","8.48","India","National Stock Exchange Of India","CAD","-","INR"
"9987","SUZUKEN LTD","Health Care","Equity","1,955.29","0.01","1,955.29","41.00","48.01","Japan","Tokyo Stock Exchange","CAD","-","JPY"
"8439","TOKYO CENTURY","Financials","Equity","1,953.47","0.01","1,953.47","80.00","24.43","Japan","Tokyo Stock Exchange","CAD","-","JPY"
"5741","UACJ","Materials","Equity","1,948.43","0.01","1,948.43","98.00","19.98","Japan","Tokyo Stock Exchange","CAD","-","JPY"
"SALIK","SALIK COMPANY P.J.S.C","Industrials","Equity","1,948.35","0.01","1,948.35","960.00","2.03","United Arab Emirates","Dubai Financial Market","CAD","-","AED"
"1414","SHO-BOND HOLDINGS LTD","Industrials","Equity","1,946.89","0.01","1,946.89","167.00","11.67","Japan","Tokyo Stock Exchange","CAD","-","JPY"
"9744","MEITEC GROUP HOLDINGS INC","Industrials","Equity","1,946.79","0.01","1,946.79","62.00","31.21","Japan","Tokyo Stock Exchange","CAD","-","JPY"
"BUCN","BUCHER INDUSTRIES AG","Industrials","Equity","1,946.33","0.01","1,946.33","4.00","545.03","Switzerland","SIX Swiss Exchange","CAD","-","CHF"
"7381","CCI GROUP INC","Financials","Equity","1,945.16","0.01","1,945.16","163.00","11.96","Japan","Tokyo Stock Exchange","CAD","-","JPY"
"FTK","FLATEXDEGIRO N","Financials","Equity","1,945.15","0.01","1,945.15","40.00","48.19","Germany","Xetra","CAD","-","EUR"
"REDINGTON","REDINGTON LTD","Information Technology","Equity","1,945.06","0.01","1,945.06","334.00","5.83","India","National Stock Exchange Of India","CAD","-","INR"
"RDF","REDEFINE PROPERTIES","Real Estate","Equity","1,943.88","0.01","1,943.88","3,738.00","0.52","South Africa","Johannesburg Stock Exchange","CAD","-","ZAR"
"1402","FAR EASTERN NEW CENTURY CORP","Industrials","Equity","1,943.53","0.01","1,943.53","1,580.00","1.23","Taiwan","Taiwan Stock Exchange","CAD","-","TWD"
"CAMX","CAMURUS","Health Care","Equity","1,939.69","0.01","1,939.69","23.00","83.57","Sweden","Nasdaq Omx Nordic","CAD","-","SEK"
"SWEC B","SWECO CLASS B","Industrials","Equity","1,939.57","0.01","1,939.57","106.00","18.25","Sweden","Nasdaq Omx Nordic","CAD","-","SEK"
"1519","J&T GLOBAL EXPRESS","Industrials","Equity","1,938.49","0.01","1,938.49","1,204.00","1.61","China","Hong Kong Exchanges And Clearing Ltd","CAD","-","HKD"
"CSMG3","COMPANHIA DE SANEAMENTO DE MINAS G","Utilities","Equity","1,937.63","0.01","1,937.63","127.00","15.21","Brazil","XBSP","CAD","-","BRL"
"4967","KOBAYASHI PHARMACEUTICAL LTD","Consumer Staples","Equity","1,935.04","0.01","1,935.04","37.00","52.64","Japan","Tokyo Stock Exchange","CAD","-","JPY"
"ATYM","ATALAYA MINING COPPER SA","Materials","Equity","1,933.06","0.01","1,933.06","103.00","18.75","United Kingdom","London Stock Exchange","CAD","-","GBP"
"9023","TOKYO METRO LTD","Industrials","Equity","1,931.44","0.01","1,931.44","139.00","13.92","Japan","Tokyo Stock Exchange","CAD","-","JPY"
"2333","GREAT WALL MOTOR COMPANY LTD H","Consumer Discretionary","Equity","1,930.97","0.01","1,930.97","1,452.00","1.33","China","Hong Kong Exchanges And Clearing Ltd","CAD","-","HKD"
"000990","DB HITEK LTD","Information Technology","Equity","1,929.23","0.01","1,929.23","15.00","126.03","Korea (South)","Korea Exchange (Stock Market)","CAD","-","KRW"
"403870","HPSP LTD","Information Technology","Equity","1,928.98","0.01","1,928.98","36.00","53.75","Korea (South)","Korea Exchange (Kosdaq)","CAD","-","KRW"
"601088","CHINA SHENHUA ENERGY LTD A","Energy","Equity","1,927.65","0.01","1,927.65","199.00","9.70","China","Shanghai Stock Exchange","CAD","-","CNY"
"8386","HYAKUJUSHI BANK","Financials","Equity","1,926.17","0.01","1,926.17","69.00","27.79","Japan","Tokyo Stock Exchange","CAD","-","JPY"
"SEK","SEEK","Communication","Equity","1,924.88","0.01","1,924.88","161.00","11.95","Australia","Asx - All Markets","CAD","-","AUD"
"HMSO","HAMMERSON REIT PLC","Real Estate","Equity","1,924.57","0.01","1,924.57","294.00","6.54","United Kingdom","London Stock Exchange","CAD","-","GBP"
"108490","ROBOTIS LTD","Information Technology","Equity","1,922.50","0.01","1,922.50","6.00","313.81","Korea (South)","Korea Exchange (Kosdaq)","CAD","-","KRW"
"KMAR","KONGSBERG MARITIME","Industrials","Equity","1,922.37","0.01","1,922.37","214.00","8.99","Norway","Oslo Bors Asa","CAD","-","NOK"
"DOW","DOWNER EDI","Industrials","Equity","1,921.66","0.01","1,921.66","292.00","6.58","Australia","Asx - All Markets","CAD","-","AUD"
"BBAJIOO","BANCO DEL BAJIO INSTITUCION DE BAN","Financials","Equity","1,920.24","0.01","1,920.24","413.00","4.65","Mexico","Bolsa Mexicana De Valores","CAD","-","MXN"
"COPEC","EMPRESAS COPEC SA","Consumer Discretionary","Equity","1,919.99","0.01","1,919.99","204.00","9.39","Chile","Santiago Stock Exchange","CAD","-","CLP"
"1332","NISSUI CORP","Consumer Staples","Equity","1,918.91","0.01","1,918.91","177.00","10.82","Japan","Tokyo Stock Exchange","CAD","-","JPY"
"1099","SINOPHARM GROUP LTD H","Health Care","Equity","1,917.24","0.01","1,917.24","715.00","2.68","China","Hong Kong Exchanges And Clearing Ltd","CAD","-","HKD"
"000858","WULIANGYE YIBIN LTD A","Consumer Staples","Equity","1,916.89","0.01","1,916.89","133.00","14.42","China","Shenzhen Stock Exchange","CAD","-","CNY"
"9064","YAMATO HOLDINGS","Industrials","Equity","1,915.27","0.01","1,915.27","106.00","18.12","Japan","Tokyo Stock Exchange","CAD","-","JPY"
"HOC","HOCHSCHILD MINING PLC","Materials","Equity","1,915.12","0.01","1,915.12","170.00","11.25","United Kingdom","London Stock Exchange","CAD","-","GBP"
"7750","SYNTEC TECHNOLOGY LTD","Industrials","Equity","1,904.69","0.01","1,904.69","23.00","83.35","Taiwan","Taiwan Stock Exchange","CAD","-","TWD"
"066970","L&F LTD","Industrials","Equity","1,904.19","0.01","1,904.19","17.00","112.67","Korea (South)","Korea Exchange (Stock Market)","CAD","-","KRW"
"6770","ALPS ALPINE","Information Technology","Equity","1,900.02","0.01","1,900.02","94.00","20.29","Japan","Tokyo Stock Exchange","CAD","-","JPY"
"9143","SG HOLDINGS LTD","Industrials","Equity","1,899.73","0.01","1,899.73","139.00","13.63","Japan","Tokyo Stock Exchange","CAD","-","JPY"
"2228","XTALPI HOLDINGS LTD","Health Care","Equity","1,896.41","0.01","1,896.41","1,542.00","1.23","China","Hong Kong Exchanges And Clearing Ltd","CAD","-","HKD"
"3391","TSURUHA HOLDINGS","Consumer Staples","Equity","1,895.81","0.01","1,895.81","95.00","19.94","Japan","Tokyo Stock Exchange","CAD","-","JPY"
"DEZ","DEUTZ AG","Industrials","Equity","1,894.23","0.01","1,894.23","97.00","19.53","Germany","Xetra","CAD","-","EUR"
"9831","YAMADA HOLDINGS","Consumer Discretionary","Equity","1,891.66","0.01","1,891.66","291.00","6.51","Japan","Tokyo Stock Exchange","CAD","-","JPY"
"1929","CHOW TAI FOOK JEWELLERY GROUP LTD","Consumer Discretionary","Equity","1,890.14","0.01","1,890.14","959.00","1.97","China","Hong Kong Exchanges And Clearing Ltd","CAD","-","HKD"
"AMV0","AUMOVIO N","Consumer Discretionary","Equity","1,886.23","0.01","1,886.23","31.00","60.24","Germany","Xetra","CAD","-","EUR"
"3769","GMO PAYMENT GATEWAY INC","Financials","Equity","1,885.42","0.01","1,885.42","24.00","79.65","Japan","Tokyo Stock Exchange","CAD","-","JPY"
"1776","GF SECURITIES H","Financials","Equity","1,882.70","0.01","1,882.70","625.00","3.01","China","Hong Kong Exchanges And Clearing Ltd","CAD","-","HKD"
"600150","CHINA CSSC HOLDINGS LTD A","Industrials","Equity","1,876.91","0.01","1,876.91","231.00","8.13","China","Shanghai Stock Exchange","CAD","-","CNY"
"ASAI3","SENDAS DISTRIBUIDORA","Consumer Staples","Equity","1,875.28","0.01","1,875.28","677.00","2.77","Brazil","XBSP","CAD","-","BRL"
"005940","NH INVESTMENT & SECURITIES","Financials","Equity","1,874.58","0.01","1,874.58","73.00","25.71","Korea (South)","Korea Exchange (Stock Market)","CAD","-","KRW"
"4118","KANEKA CORP","Materials","Equity","1,874.58","0.01","1,874.58","34.00","55.33","Japan","Tokyo Stock Exchange","CAD","-","JPY"
"4100","MAKKAH CONSTRUCTION AND DEVELOPMEN","Real Estate","Equity","1,874.12","0.01","1,874.12","63.00","29.54","Saudi Arabia","Saudi Stock Exchange","CAD","-","SAR"
"IP","INTERPUMP GROUP","Industrials","Equity","1,873.16","0.01","1,873.16","33.00","56.03","Italy","Borsa Italiana","CAD","-","EUR"
"KLK","KUALA LUMPUR KEPONG","Consumer Staples","Equity","1,869.02","0.01","1,869.02","242.00","7.71","Malaysia","Bursa Malaysia","CAD","-","MYR"
"AMOT","AMOT INVESTMENTS LTD","Real Estate","Equity","1,866.36","0.01","1,866.36","200.00","9.31","Israel","Tel Aviv Stock Exchange","CAD","-","ILS"
"6969","SMOORE INTERNATIONAL HOLDINGS","Consumer Staples","Equity","1,864.71","0.01","1,864.71","1,072.00","1.74","China","Hong Kong Exchanges And Clearing Ltd","CAD","-","HKD"
"GODREJPROP","GODREJ PROPERTIES LTD","Real Estate","Equity","1,861.72","0.01","1,861.72","76.00","24.47","India","National Stock Exchange Of India","CAD","-","INR"
"TIETO","TIETO","Information Technology","Equity","1,861.14","0.01","1,861.14","61.00","30.59","Finland","Nasdaq Omx Helsinki Ltd.","CAD","-","EUR"
"BIOCON","BIOCON","Health Care","Equity","1,859.25","0.01","1,859.25","336.00","5.54","India","National Stock Exchange Of India","CAD","-","INR"
"MRP","MR PRICE GROUP LTD","Consumer Discretionary","Equity","1,858.85","0.01","1,858.85","132.00","14.05","South Africa","Johannesburg Stock Exchange","CAD","-","ZAR"
"NEU","NEUREN PHARMACEUTICALS","Health Care","Equity","1,852.39","0.01","1,852.39","91.00","20.43","Australia","Asx - All Markets","CAD","-","AUD"
"6728","ULVAC","Information Technology","Equity","1,851.34","0.01","1,851.34","29.00","63.00","Japan","Tokyo Stock Exchange","CAD","-","JPY"
"1102","ASIA CEMENT CORP","Materials","Equity","1,850.63","0.01","1,850.63","1,194.00","1.55","Taiwan","Taiwan Stock Exchange","CAD","-","TWD"
"COA","COATS GROUP PLC","Consumer Discretionary","Equity","1,849.72","0.01","1,849.72","1,258.00","1.47","United Kingdom","London Stock Exchange","CAD","-","GBP"
"VIS","VISCOFAN SA","Consumer Staples","Equity","1,848.82","0.01","1,848.82","21.00","87.87","Spain","Bolsa De Madrid","CAD","-","EUR"
"ATEA","ATEA","Information Technology","Equity","1,848.68","0.01","1,848.68","73.00","25.48","Norway","Oslo Bors Asa","CAD","-","NOK"
"6507","SINFONIA TECHNOLOGY LTD","Industrials","Equity","1,848.51","0.01","1,848.51","16.00","112.52","Japan","Tokyo Stock Exchange","CAD","-","JPY"
"CAN","CANAL+ SA","Communication","Equity","1,847.41","0.01","1,847.41","387.00","4.77","United Kingdom","London Stock Exchange","CAD","-","GBP"
"002916","SHENNAN CIRCUITS LTD A","Information Technology","Equity","1,846.03","0.01","1,846.03","23.00","80.03","China","Shenzhen Stock Exchange","CAD","-","CNY"
"6136","OSG CORP","Industrials","Equity","1,843.10","0.01","1,843.10","59.00","31.05","Japan","Tokyo Stock Exchange","CAD","-","JPY"
"ROCK B","ROCKWOOL CLASS B","Industrials","Equity","1,841.52","0.01","1,841.52","46.00","39.71","Denmark","Omx Nordic Exchange Copenhagen A/S","CAD","-","DKK"
"3450","ELITE ADVANCED LASER CORP","Information Technology","Equity","1,840.15","0.01","1,840.15","80.00","23.03","Taiwan","Taiwan Stock Exchange","CAD","-","TWD"
"OUT1V","OUTOKUMPU","Materials","Equity","1,839.48","0.01","1,839.48","210.00","8.76","Finland","Nasdaq Omx Helsinki Ltd.","CAD","-","EUR"
"HTWS","HELIOS TOWERS PLC","Communication","Equity","1,837.26","0.01","1,837.26","472.00","3.89","United Kingdom","London Stock Exchange","CAD","-","GBP"
"MPE","M. P. EVANS GROUP PLC","Consumer Staples","Equity","1,837.25","0.01","1,837.25","45.00","41.09","United Kingdom","London Stock Exchange","CAD","-","GBP"
"COL","COLONIAL SFL SOCIMI SA","Real Estate","Equity","1,836.65","0.01","1,836.65","224.00","8.21","Spain","Bolsa De Madrid","CAD","-","EUR"
"MISC","MISC","Industrials","Equity","1,836.35","0.01","1,836.35","668.00","2.75","Malaysia","Bursa Malaysia","CAD","-","MYR"
"ALWN","ALLWYN AG","Consumer Discretionary","Equity","1,836.16","0.01","1,836.16","90.00","20.43","Greece","Athens Exchange S.A. Cash Market","CAD","-","EUR"
"914","ANHUI CONCH CEMENT H","Materials","Equity","1,834.85","0.01","1,834.85","633.00","2.90","China","Hong Kong Exchanges And Clearing Ltd","CAD","-","HKD"
"TTB.R","TMBTHANACHART BANK NON-VOTING DR P","Financials","Equity","1,833.68","0.01","1,833.68","14,105.00","0.13","Thailand","Stock Exchange Of Thailand","CAD","-","THB"
"8078","HANWA LTD","Industrials","Equity","1,832.45","0.01","1,832.45","106.00","17.31","Japan","Tokyo Stock Exchange","CAD","-","JPY"
"OIL","OIL INDIA LTD","Energy","Equity","1,828.35","0.01","1,828.35","263.00","6.96","India","National Stock Exchange Of India","CAD","-","INR"
"TOP.R","THAI OIL NON-VOTING DR","Energy","Equity","1,828.06","0.01","1,828.06","682.00","2.68","Thailand","Stock Exchange Of Thailand","CAD","-","THB"
"5110","SUMITOMO RUBBER INDUSTRIES","Consumer Discretionary","Equity","1,827.80","0.01","1,827.80","101.00","18.14","Japan","Tokyo Stock Exchange","CAD","-","JPY"
"6407","CKD CORP","Industrials","Equity","1,825.21","0.01","1,825.21","41.00","44.23","Japan","Tokyo Stock Exchange","CAD","-","JPY"
"5536","ACTER CORP LTD","Industrials","Equity","1,823.50","0.01","1,823.50","50.00","36.19","Taiwan","Gretai Securities Market","CAD","-","TWD"
"PAG","PARAGON GROUP OF COMPANIES","Financials","Equity","1,823.29","0.01","1,823.29","125.00","14.59","United Kingdom","London Stock Exchange","CAD","-","GBP"
"8346","TOHO BANK","Financials","Equity","1,823.28","0.01","1,823.28","198.00","9.19","Japan","Tokyo Stock Exchange","CAD","-","JPY"
"VMM","VISHAL MEGA MART","Consumer Discretionary","Equity","1,823.15","0.01","1,823.15","1,232.00","1.48","India","National Stock Exchange Of India","CAD","-","INR"
"GBK","GULF BANK","Financials","Equity","1,822.20","0.01","1,822.20","1,153.00","1.58","Kuwait","Kuwait Stock Exchange","CAD","-","KWD"
"ALKEM","ALKEM LABORATORIES LTD","Health Care","Equity","1,821.29","0.01","1,821.29","23.00","77.97","India","National Stock Exchange Of India","CAD","-","INR"
"7211","MITSUBISHI MOTORS","Consumer Discretionary","Equity","1,819.80","0.01","1,819.80","542.00","3.36","Japan","Tokyo Stock Exchange","CAD","-","JPY"
"6141","DMG MORI","Industrials","Equity","1,818.10","0.01","1,818.10","71.00","25.50","Japan","Tokyo Stock Exchange","CAD","-","JPY"
"004020","HYUNDAI STEEL","Materials","Equity","1,817.86","0.01","1,817.86","53.00","34.52","Korea (South)","Korea Exchange (Stock Market)","CAD","-","KRW"
"601988","BANK OF CHINA LTD A","Financials","Equity","1,817.63","0.01","1,817.63","1,327.00","1.37","China","Shanghai Stock Exchange","CAD","-","CNY"
"ELTR","ELECTRA LTD","Industrials","Equity","1,817.31","0.01","1,817.31","35.00","52.66","Israel","Tel Aviv Stock Exchange","CAD","-","ILS"
"601857","PETROCHINA A","Energy","Equity","1,816.65","0.01","1,816.65","818.00","2.22","China","Shanghai Stock Exchange","CAD","-","CNY"
"PETRONET","PETRONET LNG","Energy","Equity","1,816.62","0.01","1,816.62","440.00","4.13","India","National Stock Exchange Of India","CAD","-","INR"
"SGM","SIMS","Materials","Equity","1,816.21","0.01","1,816.21","75.00","24.20","Australia","Asx - All Markets","CAD","-","AUD"
"SSAB A","SSAB A","Materials","Equity","1,814.96","0.01","1,814.96","117.00","15.50","Sweden","Nasdaq Omx Nordic","CAD","-","SEK"
"MYR","MYR CASH","Cash and/or Derivatives","Cash","1,814.18","0.01","1,814.18","53.00","34.12","Malaysia","-","CAD","-","MYR"
"2618","JD LOGISTICS INC","Industrials","Equity","1,813.37","0.01","1,813.37","980.00","1.85","China","Hong Kong Exchanges And Clearing Ltd","CAD","-","HKD"
"2433","HAKUHODO DY HOLDINGS INC","Communication","Equity","1,812.71","0.01","1,812.71","150.00","12.05","Japan","Tokyo Stock Exchange","CAD","-","JPY"
"CE","CREDITO EMILIANO","Financials","Equity","1,809.36","0.01","1,809.36","53.00","33.99","Italy","Borsa Italiana","CAD","-","EUR"
"8358","SURUGA BANK LTD","Financials","Equity","1,809.03","0.01","1,809.03","70.00","25.86","Japan","Tokyo Stock Exchange","CAD","-","JPY"
"8","PCCW LTD","Communication","Equity","1,807.17","0.01","1,807.17","1,882.00","0.96","Hong Kong","Hong Kong Exchanges And Clearing Ltd","CAD","-","HKD"
"ISCTR.E","TURKIYE IS BANKASI C","Financials","Equity","1,806.36","0.01","1,806.36","4,754.00","0.38","Turkey","Istanbul Stock Exchange","CAD","-","TRY"
"BAKKA","BAKKAFROST","Consumer Staples","Equity","1,805.03","0.01","1,805.03","28.00","64.26","Norway","Oslo Bors Asa","CAD","-","NOK"
"C09","CITY DEVELOPMENTS","Real Estate","Equity","1,802.03","0.01","1,802.03","202.00","8.93","Singapore","Singapore Exchange","CAD","-","SGD"
"8227","SHIMAMURA LTD","Consumer Discretionary","Equity","1,799.87","0.01","1,799.87","62.00","29.06","Japan","Tokyo Stock Exchange","CAD","-","JPY"
"9934","INABA DENKISANGYO","Industrials","Equity","1,798.84","0.01","1,798.84","64.00","28.17","Japan","Tokyo Stock Exchange","CAD","-","JPY"
"FRA","FRAPORT AG","Industrials","Equity","1,798.72","0.01","1,798.72","18.00","97.27","Germany","Xetra","CAD","-","EUR"
"390","CHINA RAILWAY GROUP LTD H","Industrials","Equity","1,796.94","0.01","1,796.94","3,046.00","0.59","China","Hong Kong Exchanges And Clearing Ltd","CAD","-","HKD"
"8336","MUSASHINO BANK LTD","Financials","Equity","1,794.78","0.01","1,794.78","70.00","25.77","Japan","Tokyo Stock Exchange","CAD","-","JPY"
"PAGEIND","PAGE INDUSTRIES","Consumer Discretionary","Equity","1,791.82","0.01","1,791.82","4.00","510.55","India","National Stock Exchange Of India","CAD","-","INR"
"MTRX","MATRIX IT","Information Technology","Equity","1,789.97","0.01","1,789.97","38.00","47.31","Israel","Tel Aviv Stock Exchange","CAD","-","ILS"
"8370","THE KIYO BANK","Financials","Equity","1,789.58","0.01","1,789.58","38.00","47.15","Japan","Tokyo Stock Exchange","CAD","-","JPY"
"8544","KEIYO BANK LTD","Financials","Equity","1,789.18","0.01","1,789.18","70.00","25.56","Japan","Tokyo Stock Exchange","CAD","-","JPY"
"STRS","STRAUSS GROUP","Consumer Staples","Equity","1,788.97","0.01","1,788.97","36.00","50.36","Israel","Tel Aviv Stock Exchange","CAD","-","ILS"
"101","HANG LUNG PROPERTIES LTD","Real Estate","Equity","1,788.75","0.01","1,788.75","1,516.00","1.18","Hong Kong","Hong Kong Exchanges And Clearing Ltd","CAD","-","HKD"
"BDX","BUDIMEX SA","Industrials","Equity","1,787.38","0.01","1,787.38","7.00","264.07","Poland","Warsaw Stock Exchange/Equities/Main Market","CAD","-","PLN"
"T82U","SUNTEC REIT UNITS TRUST","Real Estate","Equity","1,785.84","0.01","1,785.84","1,191.00","1.50","Singapore","Singapore Exchange","CAD","-","SGD"
"SAILIFE","SAI LIFE SCIENCES","Health Care","Equity","1,785.15","0.01","1,785.15","79.00","22.53","India","National Stock Exchange Of India","CAD","-","INR"
"3330","LINGBAO GOLD GROUP LTD H","Materials","Equity","1,784.20","0.01","1,784.20","418.00","4.27","China","Hong Kong Exchanges And Clearing Ltd","CAD","-","HKD"
"175330","JB FINANCIAL GROUP LTD","Financials","Equity","1,783.52","0.01","1,783.52","56.00","31.94","Korea (South)","Korea Exchange (Stock Market)","CAD","-","KRW"
"136","CHINA RUYI HOLDINGS","Communication","Equity","1,779.65","0.01","1,779.65","6,845.00","0.26","China","Hong Kong Exchanges And Clearing Ltd","CAD","-","HKD"
"319660","PSK INC","Information Technology","Equity","1,778.98","0.01","1,778.98","14.00","127.75","Korea (South)","Korea Exchange (Kosdaq)","CAD","-","KRW"
"082740","HANWHA ENGINE LTD","Industrials","Equity","1,778.52","0.01","1,778.52","33.00","53.65","Korea (South)","Korea Exchange (Stock Market)","CAD","-","KRW"
"AMS","AMS-OSRAM AG","Information Technology","Equity","1,777.87","0.01","1,777.87","63.00","28.34","Switzerland","SIX Swiss Exchange","CAD","-","CHF"
"VKE","VUKILE PROPERTY REIT","Real Estate","Equity","1,776.88","0.01","1,776.88","875.00","2.03","South Africa","Johannesburg Stock Exchange","CAD","-","ZAR"
"TM","TELEKOM MALAYSIA","Communication","Equity","1,775.89","0.01","1,775.89","668.00","2.66","Malaysia","Bursa Malaysia","CAD","-","MYR"
"TBS","TIGER BRANDS","Consumer Staples","Equity","1,774.01","0.01","1,774.01","77.00","22.90","South Africa","Johannesburg Stock Exchange","CAD","-","ZAR"
"UNOMINDA","UNO MINDA LTD","Consumer Discretionary","Equity","1,773.44","0.01","1,773.44","101.00","17.57","India","National Stock Exchange Of India","CAD","-","INR"
"6951","JEOL","Information Technology","Equity","1,771.70","0.01","1,771.70","28.00","63.90","Japan","Tokyo Stock Exchange","CAD","-","JPY"
"222800","SIMMTECH","Information Technology","Equity","1,760.59","0.01","1,760.59","14.00","129.78","Korea (South)","Korea Exchange (Kosdaq)","CAD","-","KRW"
"VOLTAS","VOLTAS LTD","Industrials","Equity","1,758.34","0.01","1,758.34","106.00","16.55","India","National Stock Exchange Of India","CAD","-","INR"
"HAVELLS","HAVELLS INDIA LTD","Industrials","Equity","1,756.52","0.01","1,756.52","110.00","15.92","India","National Stock Exchange Of India","CAD","-","INR"
"4634","ARTIENCE LTD","Materials","Equity","1,756.32","0.01","1,756.32","38.00","46.43","Japan","Tokyo Stock Exchange","CAD","-","JPY"
"SMHN","SUSS MICROTEC N","Information Technology","Equity","1,755.32","0.01","1,755.32","16.00","108.84","Germany","Xetra","CAD","-","EUR"
"1961","SANKI ENGINEERING","Industrials","Equity","1,752.90","0.01","1,752.90","77.00","22.64","Japan","Tokyo Stock Exchange","CAD","-","JPY"
"INDIANB","INDIAN BANK","Financials","Equity","1,751.99","0.01","1,751.99","143.00","12.25","India","National Stock Exchange Of India","CAD","-","INR"
"8600","TOMONY HOLDINGS INC","Financials","Equity","1,751.33","0.01","1,751.33","166.00","10.52","Japan","Tokyo Stock Exchange","CAD","-","JPY"
"8876","RELO GROUP INC","Real Estate","Equity","1,751.15","0.01","1,751.15","86.00","20.29","Japan","Tokyo Stock Exchange","CAD","-","JPY"
"600276","JIANGSU HENGRUI MEDICINE LTD A","Health Care","Equity","1,750.58","0.01","1,750.58","194.00","9.02","China","Shanghai Stock Exchange","CAD","-","CNY"
"WIHL","WIHLBORGS FASTIGHETER","Real Estate","Equity","1,749.02","0.01","1,749.02","161.00","10.83","Sweden","Nasdaq Omx Nordic","CAD","-","SEK"
"TATE","TATE AND LYLE PLC","Consumer Staples","Equity","1,748.12","0.01","1,748.12","168.00","10.42","United Kingdom","London Stock Exchange","CAD","-","GBP"
"JD.","JD SPORTS FASHION PLC","Consumer Discretionary","Equity","1,747.00","0.01","1,747.00","1,222.00","1.43","United Kingdom","London Stock Exchange","CAD","-","GBP"
"AMBUJACEM","AMBUJA CEMENTS LTD","Materials","Equity","1,745.25","0.01","1,745.25","312.00","5.59","India","National Stock Exchange Of India","CAD","-","INR"
"4626","TAIYO HOLDINGS LTD","Materials","Equity","1,744.40","0.01","1,744.40","41.00","42.48","Japan","Tokyo Stock Exchange","CAD","-","JPY"
"WAF","WEST AFRICAN RESOURCES LTD","Materials","Equity","1,741.47","0.01","1,741.47","498.00","3.50","Australia","Asx - All Markets","CAD","-","AUD"
"SKBN","SHIKUN AND BINUI","Industrials","Equity","1,740.63","0.01","1,740.63","206.00","8.45","Israel","Tel Aviv Stock Exchange","CAD","-","ILS"
"ASTOR.E","ASTOR ENERJI A.S.","Industrials","Equity","1,736.86","0.01","1,736.86","237.00","7.34","Turkey","Istanbul Stock Exchange","CAD","-","TRY"
"688498","YUANJIE SEMICONDUCTOR TECHNOLOGY L","Information Technology","Equity","1,735.87","0.01","1,735.87","5.00","372.28","China","Shanghai Stock Exchange","CAD","-","CNY"
"OPL","ORANGE POLSKA SA","Communication","Equity","1,734.66","0.01","1,734.66","341.00","5.09","Poland","Warsaw Stock Exchange/Equities/Main Market","CAD","-","PLN"
"KLR","KELLER GROUP PLC","Industrials","Equity","1,734.23","0.01","1,734.23","30.00","58.38","United Kingdom","London Stock Exchange","CAD","-","GBP"
"EKTA B","ELEKTA B","Health Care","Equity","1,733.71","0.01","1,733.71","235.00","7.37","Sweden","Nasdaq Omx Nordic","CAD","-","SEK"
"CRBN","CORBION NV CLASS C","Materials","Equity","1,733.32","0.01","1,733.32","48.00","36.05","Netherlands","Euronext Amsterdam","CAD","-","EUR"
"TOM","TOMRA SYSTEMS","Industrials","Equity","1,733.06","0.01","1,733.06","127.00","13.62","Norway","Oslo Bors Asa","CAD","-","NOK"
"SAHOL.E","HACI OMER SABANCI HOLDING A","Financials","Equity","1,730.30","0.01","1,730.30","666.00","2.60","Turkey","Istanbul Stock Exchange","CAD","-","TRY"
"COROMANDEL","COROMANDEL INTERNATIONAL LTD","Materials","Equity","1,729.60","0.01","1,729.60","61.00","28.13","India","National Stock Exchange Of India","CAD","-","INR"
"HFCL","HFCL LTD","Communication","Equity","1,728.90","0.01","1,728.90","567.00","3.05","India","National Stock Exchange Of India","CAD","-","INR"
"ATE","ALTEN SA","Information Technology","Equity","1,727.14","0.01","1,727.14","16.00","109.00","France","Nyse Euronext - Euronext Paris","CAD","-","EUR"
"COLPAL","COLGATE PALMOLIVE INDIA LTD","Consumer Staples","Equity","1,725.81","0.01","1,725.81","64.00","26.83","India","National Stock Exchange Of India","CAD","-","INR"
"BOSS","HUGO BOSS N AG","Consumer Discretionary","Equity","1,725.76","0.01","1,725.76","28.00","61.01","Germany","Xetra","CAD","-","EUR"
"062040","SANIL ELECTRIC LTD","Industrials","Equity","1,724.75","0.01","1,724.75","8.00","203.47","Korea (South)","Korea Exchange (Stock Market)","CAD","-","KRW"
"MEL","MELIA HOTELS INTERNATIONAL SA","Consumer Discretionary","Equity","1,724.50","0.01","1,724.50","109.00","15.76","Spain","Bolsa De Madrid","CAD","-","EUR"
"5857","ARE HOLDINGS","Materials","Equity","1,724.10","0.01","1,724.10","53.00","32.60","Japan","Tokyo Stock Exchange","CAD","-","JPY"
"WARBABANK","WARBABANK","Financials","Equity","1,723.30","0.01","1,723.30","1,390.00","1.24","Kuwait","Kuwait Stock Exchange","CAD","-","KWD"
"300408","CHAOZHOU THREE-CIRCLE (GROUP) LTD","Information Technology","Equity","1,722.94","0.01","1,722.94","65.00","26.70","China","Shenzhen Stock Exchange","CAD","-","CNY"
"8393","MIYAZAKI BANK","Financials","Equity","1,721.47","0.01","1,721.47","70.00","24.67","Japan","Tokyo Stock Exchange","CAD","-","JPY"
"ZYDUSLIFE","ZYDUS LIFESCIENCES LTD","Health Care","Equity","1,721.26","0.01","1,721.26","104.00","16.55","India","National Stock Exchange Of India","CAD","-","INR"
"SFSN","SFS GROUP AG","Industrials","Equity","1,720.44","0.01","1,720.44","8.00","225.14","Switzerland","SIX Swiss Exchange","CAD","-","CHF"
"1070","TCL ELECTRONICS HOLDINGS LTD","Consumer Discretionary","Equity","1,719.50","0.01","1,719.50","569.00","3.02","China","Hong Kong Exchanges And Clearing Ltd","CAD","-","HKD"
"GRUPOARGOS","INVERSIONES ARGOS","Materials","Equity","1,719.23","0.01","1,719.23","192.00","8.96","Colombia","Bolsa De Valores De Colombia","CAD","-","COP"
"CPF.R","CHAROEN POKPHAND FOODS NON-VOTING","Consumer Staples","Equity","1,719.06","0.01","1,719.06","1,791.00","0.96","Thailand","Stock Exchange Of Thailand","CAD","-","THB"
"1030","SAUDI INVESTMENT BANK","Financials","Equity","1,717.82","0.01","1,717.82","313.00","5.48","Saudi Arabia","Saudi Stock Exchange","CAD","-","SAR"
"AJB","AJ BELL PLC","Financials","Equity","1,716.73","0.01","1,716.73","156.00","11.00","United Kingdom","London Stock Exchange","CAD","-","GBP"
"NCAB","NCAB GROUP","Information Technology","Equity","1,715.97","0.01","1,715.97","145.00","11.80","Sweden","Nasdaq Omx Nordic","CAD","-","SEK"
"6005","MIURA","Industrials","Equity","1,715.52","0.01","1,715.52","60.00","28.57","Japan","Tokyo Stock Exchange","CAD","-","JPY"
"OBEROIRLTY","OBEROI REALTY","Real Estate","Equity","1,714.78","0.01","1,714.78","68.00","25.38","India","National Stock Exchange Of India","CAD","-","INR"
"CXSE3","CAIXA SEGURIDADE PARTICIPACOES SA","Financials","Equity","1,714.11","0.01","1,714.11","308.00","5.57","Brazil","XBSP","CAD","-","BRL"
"3023","SINBON ELECTRONICS LTD","Information Technology","Equity","1,714.05","0.01","1,714.05","123.00","13.91","Taiwan","Taiwan Stock Exchange","CAD","-","TWD"
"001450","HYUNDAI MARINE & FIRE INSURANCE","Financials","Equity","1,708.69","0.01","1,708.69","34.00","49.91","Korea (South)","Korea Exchange (Stock Market)","CAD","-","KRW"
"8056","BIPROGY","Information Technology","Equity","1,708.33","0.01","1,708.33","39.00","43.53","Japan","Tokyo Stock Exchange","CAD","-","JPY"
"241560","DOOSAN BOBCAT INC","Industrials","Equity","1,708.31","0.01","1,708.31","28.00","61.24","Korea (South)","Korea Exchange (Stock Market)","CAD","-","KRW"
"BFIT","BASIC-FIT","Consumer Discretionary","Equity","1,707.05","0.01","1,707.05","33.00","51.92","Netherlands","Euronext Amsterdam","CAD","-","EUR"
"3006","ELITE SEMICONDUCTOR MICROELECTRONI","Information Technology","Equity","1,705.81","0.01","1,705.81","140.00","12.22","Taiwan","Taiwan Stock Exchange","CAD","-","TWD"
"4206","AICA KOGYO LTD","Materials","Equity","1,705.62","0.01","1,705.62","45.00","38.24","Japan","Tokyo Stock Exchange","CAD","-","JPY"
"6460","SEGA SAMMY HOLDINGS","Consumer Discretionary","Equity","1,704.30","0.01","1,704.30","57.00","29.77","Japan","Tokyo Stock Exchange","CAD","-","JPY"
"EREGL.E","EREGLI DEMIR VE CELIK FABRIKALARI","Materials","Equity","1,703.57","0.01","1,703.57","1,638.00","1.04","Turkey","Istanbul Stock Exchange","CAD","-","TRY"
"VSURE","VERISURE PLC","Industrials","Equity","1,702.56","0.01","1,702.56","118.00","14.38","Sweden","Nasdaq Omx Nordic","CAD","-","EUR"
"EFGN","EFG INTERNATIONAL AG","Financials","Equity","1,702.10","0.01","1,702.10","65.00","26.22","Switzerland","SIX Swiss Exchange","CAD","-","CHF"
"TITC","TITAN SA","Materials","Equity","1,701.30","0.01","1,701.30","21.00","79.65","Greece","Athens Exchange S.A. Cash Market","CAD","-","EUR"
"JSL","JINDAL STAINLESS LTD","Materials","Equity","1,700.20","0.01","1,700.20","161.00","10.56","India","National Stock Exchange Of India","CAD","-","INR"
"HIAB","HIAB CORPORATION CLASS B","Industrials","Equity","1,698.37","0.01","1,698.37","17.00","101.93","Finland","Nasdaq Omx Helsinki Ltd.","CAD","-","EUR"
"ENRG","ENERGIX RENEWABLE ENERGIES LTD","Utilities","Equity","1,696.87","0.01","1,696.87","181.00","9.37","Israel","Tel Aviv Stock Exchange","CAD","-","ILS"
"128940","HANMI PHARM LTD","Health Care","Equity","1,695.89","0.01","1,695.89","3.00","521.34","Korea (South)","Korea Exchange (Stock Market)","CAD","-","KRW"
"MONET","MONETA MONEY BNK","Financials","Equity","1,694.93","0.01","1,694.93","130.00","13.07","Czech Republic","Prague Stock Exchange","CAD","-","CZK"
"601939","CHINA CONSTRUCTION BANK CORP A","Financials","Equity","1,691.41","0.01","1,691.41","742.00","2.28","China","Shanghai Stock Exchange","CAD","-","CNY"
"DIC","DUBAI INVESTMENT","Industrials","Equity","1,688.37","0.01","1,688.37","1,164.00","1.45","United Arab Emirates","Dubai Financial Market","CAD","-","AED"
"3360","FAR EAST HORIZON","Financials","Equity","1,687.07","0.01","1,687.07","1,467.00","1.15","China","Hong Kong Exchanges And Clearing Ltd","CAD","-","HKD"
"DEC","JCDECAUX","Communication","Equity","1,686.89","0.01","1,686.89","42.00","39.84","France","Nyse Euronext - Euronext Paris","CAD","-","EUR"
"7846","PILOT","Industrials","Equity","1,686.35","0.01","1,686.35","87.00","19.28","Japan","Tokyo Stock Exchange","CAD","-","JPY"
"000001","PING AN BANK LTD A","Financials","Equity","1,686.34","0.01","1,686.34","697.00","2.42","China","Shenzhen Stock Exchange","CAD","-","CNY"
"2002","NISSHIN SEIFUN GROUP","Consumer Staples","Equity","1,686.28","0.01","1,686.28","90.00","18.72","Japan","Tokyo Stock Exchange","CAD","-","JPY"
"9364","KAMIGUMI","Industrials","Equity","1,685.47","0.01","1,685.47","38.00","44.62","Japan","Tokyo Stock Exchange","CAD","-","JPY"
"2782","SERIA LTD","Consumer Discretionary","Equity","1,685.17","0.01","1,685.17","39.00","42.97","Japan","Tokyo Stock Exchange","CAD","-","JPY"
"TORNTPOWER","TORRENT POWER LTD","Utilities","Equity","1,682.59","0.01","1,682.59","90.00","18.61","India","National Stock Exchange Of India","CAD","-","INR"
"SIQ","SMARTGROUP CORPORATION LTD","Industrials","Equity","1,682.32","0.01","1,682.32","146.00","11.53","Australia","Asx - All Markets","CAD","-","AUD"
"3706","MITAC HOLDINGS CORP","Information Technology","Equity","1,682.28","0.01","1,682.28","477.00","3.53","Taiwan","Taiwan Stock Exchange","CAD","-","TWD"
"TBCG","TBC BANK GROUP PLC","Financials","Equity","1,681.77","0.01","1,681.77","17.00","96.46","United Kingdom","London Stock Exchange","CAD","-","GBP"
"C52","COMFORTDELGRO CORPORATION","Industrials","Equity","1,679.76","0.01","1,679.76","1,226.00","1.37","Singapore","Singapore Exchange","CAD","-","SGD"
"7984","KOKUYO LTD","Industrials","Equity","1,676.91","0.01","1,676.91","205.00","8.17","Japan","Tokyo Stock Exchange","CAD","-","JPY"
"MND","MONADELPHOUS GROUP","Industrials","Equity","1,676.40","0.01","1,676.40","58.00","28.95","Australia","Asx - All Markets","CAD","-","AUD"
"8392","OITA BANK LTD","Financials","Equity","1,675.65","0.01","1,675.65","61.00","27.48","Japan","Tokyo Stock Exchange","CAD","-","JPY"
"5232","SUMITOMO OSAKA CEMENT LTD","Materials","Equity","1,675.35","0.01","1,675.35","32.00","51.83","Japan","Tokyo Stock Exchange","CAD","-","JPY"
"087010","PEPTRON INC","Health Care","Equity","1,673.19","0.01","1,673.19","11.00","149.72","Korea (South)","Korea Exchange (Kosdaq)","CAD","-","KRW"
"1303","ELECTRICAL INDUSTRIES","Industrials","Equity","1,669.15","0.01","1,669.15","291.00","5.73","Saudi Arabia","Saudi Stock Exchange","CAD","-","SAR"
"4666","PARK24","Industrials","Equity","1,668.58","0.01","1,668.58","92.00","18.23","Japan","Tokyo Stock Exchange","CAD","-","JPY"
"CEMARGOS","CEMENTOS ARGOS SA","Materials","Equity","1,667.06","0.01","1,667.06","321.00","5.20","Colombia","Bolsa De Valores De Colombia","CAD","-","COP"
"NWH","NRW HOLDINGS","Industrials","Equity","1,665.60","0.01","1,665.60","219.00","7.62","Australia","Asx - All Markets","CAD","-","AUD"
"1772","GANFENG LITHIUM LTD H","Materials","Equity","1,660.09","0.01","1,660.09","279.00","5.94","China","Hong Kong Exchanges And Clearing Ltd","CAD","-","HKD"
"8282","KS HOLDINGS CORP","Consumer Discretionary","Equity","1,659.89","0.01","1,659.89","97.00","17.17","Japan","Tokyo Stock Exchange","CAD","-","JPY"
"TCELL.E","TURKCELL ILETISIM HIZMETLERI A","Communication","Equity","1,658.80","0.01","1,658.80","582.00","2.85","Turkey","Istanbul Stock Exchange","CAD","-","TRY"
"IRE","IREN","Utilities","Equity","1,655.90","0.01","1,655.90","412.00","4.02","Italy","Borsa Italiana","CAD","-","EUR"
"3291","IIDA GROUP HOLDINGS","Consumer Discretionary","Equity","1,654.99","0.01","1,654.99","80.00","20.58","Japan","Tokyo Stock Exchange","CAD","-","JPY"
"000880","HANWHA","Industrials","Equity","1,654.67","0.01","1,654.67","12.00","139.70","Korea (South)","Korea Exchange (Stock Market)","CAD","-","KRW"
"WHL","WOOLWORTHS HOLDING LTD","Consumer Discretionary","Equity","1,653.74","0.01","1,653.74","501.00","3.30","South Africa","Johannesburg Stock Exchange","CAD","-","ZAR"
"RA","REGIONAL SAB DE CV","Financials","Equity","1,652.84","0.01","1,652.84","146.00","11.31","Mexico","Bolsa Mexicana De Valores","CAD","-","MXN"
"SOP","SOPRA STERIA GROUP","Information Technology","Equity","1,652.06","0.01","1,652.06","6.00","258.96","France","Nyse Euronext - Euronext Paris","CAD","-","EUR"
"BGL","BELLEVUE GOLD","Materials","Equity","1,651.97","0.01","1,651.97","1,066.00","1.55","Australia","Asx - All Markets","CAD","-","AUD"
"MTS","METCASH","Consumer Staples","Equity","1,651.16","0.01","1,651.16","583.00","2.83","Australia","Asx - All Markets","CAD","-","AUD"
"2542","HIGHWEALTH CONSTRUCTION CORP","Real Estate","Equity","1,649.85","0.01","1,649.85","801.00","2.06","Taiwan","Taiwan Stock Exchange","CAD","-","TWD"
"ATT","ATTENDO","Health Care","Equity","1,648.13","0.01","1,648.13","91.00","18.10","Sweden","Nasdaq Omx Nordic","CAD","-","SEK"
"8511","JAPAN SECURITIES FINANCE","Financials","Equity","1,646.44","0.01","1,646.44","73.00","22.55","Japan","Tokyo Stock Exchange","CAD","-","JPY"
"2290","YANBU NATIONAL PETROCHEMICALS","Materials","Equity","1,645.04","0.01","1,645.04","138.00","11.88","Saudi Arabia","Saudi Stock Exchange","CAD","-","SAR"
"OSB","OSB GROUP PLC","Financials","Equity","1,644.55","0.01","1,644.55","170.00","9.66","United Kingdom","London Stock Exchange","CAD","-","GBP"
"002463","WUS PRINTED CIRCUIT (KUNSHAN) A","Information Technology","Equity","1,640.31","0.01","1,640.31","64.00","25.76","China","Shenzhen Stock Exchange","CAD","-","CNY"
"BIOA B","BIOARCTIC CLASS B","Health Care","Equity","1,639.38","0.01","1,639.38","35.00","46.25","Sweden","Nasdaq Omx Nordic","CAD","-","SEK"
"CGEO","GEORGIA CAPITAL PLC","Financials","Equity","1,638.72","0.01","1,638.72","19.00","88.24","United Kingdom","London Stock Exchange","CAD","-","GBP"
"1020","BANK ALJAZIRA","Financials","Equity","1,636.95","0.01","1,636.95","372.00","4.40","Saudi Arabia","Saudi Stock Exchange","CAD","-","SAR"
"7966","LINTEC","Materials","Equity","1,633.68","0.01","1,633.68","33.00","49.75","Japan","Tokyo Stock Exchange","CAD","-","JPY"
"425","MINTH GROUP","Consumer Discretionary","Equity","1,631.69","0.01","1,631.69","381.00","4.28","China","Hong Kong Exchanges And Clearing Ltd","CAD","-","HKD"
"PNBHOUSING","PNB HOUSING FINANCE LTD","Financials","Equity","1,629.49","0.01","1,629.49","101.00","16.09","India","National Stock Exchange Of India","CAD","-","INR"
"000725","BOE TECHNOLOGY GROUP LTD A","Information Technology","Equity","1,629.43","0.01","1,629.43","1,358.00","1.20","China","Shenzhen Stock Exchange","CAD","-","CNY"
"9863","ZHEJIANG LEAPMOTOR TECHNOLOGY LTD","Consumer Discretionary","Equity","1,626.90","0.01","1,626.90","261.00","6.23","China","Hong Kong Exchanges And Clearing Ltd","CAD","-","HKD"
"603986","GIGADEVICE SEMICONDUCTOR INC A","Information Technology","Equity","1,625.82","0.01","1,625.82","21.00","77.16","China","Shanghai Stock Exchange","CAD","-","CNY"
"6787","MEIKO ELECTRONICS","Information Technology","Equity","1,625.52","0.01","1,625.52","8.00","197.21","Japan","Tokyo Stock Exchange","CAD","-","JPY"
"ENELCHILE","ENEL CHILE SA","Utilities","Equity","1,624.72","0.01","1,624.72","13,539.00","0.12","Chile","Santiago Stock Exchange","CAD","-","CLP"
"GRUMAB","GRUMA","Consumer Staples","Equity","1,622.01","0.01","1,622.01","85.00","19.17","Mexico","Bolsa Mexicana De Valores","CAD","-","MXN"
"EGIE3","ENGIE BRASIL ENERGIA SA","Utilities","Equity","1,621.28","0.01","1,621.28","193.00","8.38","Brazil","XBSP","CAD","-","BRL"
"002142","BANK OF NINGBO A","Financials","Equity","1,620.12","0.01","1,620.12","224.00","7.22","China","Shenzhen Stock Exchange","CAD","-","CNY"
"OXIG","OXFORD INSTRUMENTS PLC","Information Technology","Equity","1,619.43","0.01","1,619.43","32.00","51.40","United Kingdom","London Stock Exchange","CAD","-","GBP"
"S92","SMA SOLAR TECHNOLOGY AG","Industrials","Equity","1,619.35","0.01","1,619.35","18.00","90.77","Germany","Xetra","CAD","-","EUR"
"601601","CHINA PACIFIC INSURANCE (GROUP) A","Financials","Equity","1,616.33","0.01","1,616.33","243.00","6.65","China","Shanghai Stock Exchange","CAD","-","CNY"
"SRC","SIGMAROC PLC","Materials","Equity","1,614.38","0.01","1,614.38","693.00","2.33","United Kingdom","London Stock Exchange","CAD","-","GBP"
"3387","CREATE RESTAURANTS HOLDINGS INC","Consumer Discretionary","Equity","1,613.13","0.01","1,613.13","235.00","6.87","Japan","Tokyo Stock Exchange","CAD","-","JPY"
"ASTERDM","ASTER DM QUALITY CARE","Health Care","Equity","1,611.34","0.01","1,611.34","145.00","11.09","India","National Stock Exchange Of India","CAD","-","INR"
"ELPE","HELLENIQ ENERGY HOLDINGS S A","Energy","Equity","1,610.47","0.01","1,610.47","55.00","29.30","Greece","Athens Exchange S.A. Cash Market","CAD","-","EUR"
"MTELEKOM","MAGYAR TELEKOM","Communication","Equity","1,609.46","0.01","1,609.46","140.00","11.48","Hungary","Budapest Stock Exchange","CAD","-","HUF"
"241","ALIBABA HEALTH INFORMATION TECH","Consumer Staples","Equity","1,607.07","0.01","1,607.07","3,032.00","0.53","China","Hong Kong Exchanges And Clearing Ltd","CAD","-","HKD"
"6510","CHUNGHWA PRECISION TEST TECH LTD","Information Technology","Equity","1,605.97","0.01","1,605.97","11.00","140.38","Taiwan","Gretai Securities Market","CAD","-","TWD"
"CDB","CELCOMDIGI","Communication","Equity","1,603.31","0.01","1,603.31","1,781.00","0.90","Malaysia","Bursa Malaysia","CAD","-","MYR"
"TATACOMM","TATA COMMUNICATIONS LTD","Communication","Equity","1,602.91","0.01","1,602.91","61.00","26.12","India","National Stock Exchange Of India","CAD","-","INR"
"MABANEE","MABANEE COMPANY","Real Estate","Equity","1,594.89","0.01","1,594.89","370.00","4.31","Kuwait","Kuwait Stock Exchange","CAD","-","KWD"
"BRMS","BUMI RESOURCES MINERALS","Materials","Equity","1,594.48","0.01","1,594.48","26,575.00","0.06","Indonesia","Indonesia Stock Exchange","CAD","-","IDR"
"PTNR","PARTNER COMMUNICATIONS LTD","Communication","Equity","1,593.81","0.01","1,593.81","88.00","18.04","Israel","Tel Aviv Stock Exchange","CAD","-","ILS"
"4979","LUXNET CORP","Information Technology","Equity","1,593.78","0.01","1,593.78","65.00","24.39","Taiwan","Gretai Securities Market","CAD","-","TWD"
"5805","SWCC CORP","Industrials","Equity","1,593.11","0.01","1,593.11","14.00","116.03","Japan","Tokyo Stock Exchange","CAD","-","JPY"
"WAAREEENER","WAAREE ENERGIES LTD","Information Technology","Equity","1,593.09","0.01","1,593.09","44.00","36.05","India","National Stock Exchange Of India","CAD","-","INR"
"BIRET","BROOKFIELD INDIA REAL ESTATE TRUST","Real Estate","Equity","1,591.49","0.01","1,591.49","322.00","4.94","India","National Stock Exchange Of India","CAD","-","INR"
"HPOL B","HEXPOL CLASS B","Materials","Equity","1,591.06","0.01","1,591.06","117.00","13.59","Sweden","Nasdaq Omx Nordic","CAD","-","SEK"
"FCT","FINCANTIERI","Industrials","Equity","1,590.90","0.01","1,590.90","79.00","20.19","Italy","Borsa Italiana","CAD","-","EUR"
"MULT3","MULTIPLAN EMPREENDIMENTOS IMOBILIA","Real Estate","Equity","1,590.90","0.01","1,590.90","198.00","8.03","Brazil","XBSP","CAD","-","BRL"
"7581","SAIZERIYA LTD","Consumer Discretionary","Equity","1,590.61","0.01","1,590.61","27.00","58.28","Japan","Tokyo Stock Exchange","CAD","-","JPY"
"2588","BOC AVIATION LTD","Industrials","Equity","1,587.63","0.01","1,587.63","125.00","12.70","China","Hong Kong Exchanges And Clearing Ltd","CAD","-","HKD"
"ATAT","ATOUR LIFESTYLE HOLDINGS AMERICAN","Consumer Discretionary","Equity","1,586.93","0.01","1,586.93","35.00","44.78","China","NASDAQ","CAD","-","USD"
"GENTERA*","GENTERA SAB DE CV","Financials","Equity","1,585.72","0.01","1,585.72","525.00","3.02","Mexico","Bolsa Mexicana De Valores","CAD","-","MXN"
"FRAS","FRASERS GROUP PLC","Consumer Discretionary","Equity","1,585.35","0.01","1,585.35","109.00","14.56","United Kingdom","London Stock Exchange","CAD","-","GBP"
"1417","MIRAIT ONE CORP","Industrials","Equity","1,581.61","0.01","1,581.61","49.00","32.48","Japan","Tokyo Stock Exchange","CAD","-","JPY"
"601211","GUOTAI HAITONG SECURITIES LTD A","Financials","Equity","1,579.33","0.01","1,579.33","437.00","3.61","China","Shanghai Stock Exchange","CAD","-","CNY"
"6005","CAPITAL SECURITIES CORP","Financials","Equity","1,579.28","0.01","1,579.28","1,153.00","1.37","Taiwan","Taiwan Stock Exchange","CAD","-","TWD"
"GBF","BILFINGER","Industrials","Equity","1,578.60","0.01","1,578.60","17.00","95.34","Germany","Xetra","CAD","-","EUR"
"9969","INNOCARE PHARMA","Health Care","Equity","1,578.09","0.01","1,578.09","587.00","2.69","China","Hong Kong Exchanges And Clearing Ltd","CAD","-","HKD"
"ZIP","ZIP CO","Financials","Equity","1,575.81","0.01","1,575.81","713.00","2.21","Australia","Asx - All Markets","CAD","-","AUD"
"SUPREMEIND","SUPREME INDUSTRIES LTD","Industrials","Equity","1,574.25","0.01","1,574.25","32.00","48.76","India","National Stock Exchange Of India","CAD","-","INR"
"600309","WANHUA CHEMICAL GROUP LTD A","Materials","Equity","1,573.63","0.01","1,573.63","107.00","14.67","China","Shanghai Stock Exchange","CAD","-","CNY"
"CMBT","CMB.TECH NV","Energy","Equity","1,573.24","0.01","1,573.24","54.00","29.01","Belgium","Nyse Euronext - Euronext Brussels","CAD","-","EUR"
"2531","TAKARA HOLDINGS","Consumer Staples","Equity","1,572.39","0.01","1,572.39","69.00","22.69","Japan","Tokyo Stock Exchange","CAD","-","JPY"
"2610","CHINA AIRLINES LTD","Industrials","Equity","1,572.02","0.01","1,572.02","1,766.00","0.89","Taiwan","Taiwan Stock Exchange","CAD","-","TWD"
"EQR","EQ RESOURCES LTD","Materials","Equity","1,570.31","0.01","1,570.31","3,490.00","0.45","Australia","Asx - All Markets","CAD","-","AUD"
"INL","INVESTEC LTD","Financials","Equity","1,570.00","0.01","1,570.00","130.00","12.12","South Africa","Johannesburg Stock Exchange","CAD","-","ZAR"
"1513","CHUNG-HSIN ELECTRIC & MACHINERY MF","Industrials","Equity","1,569.91","0.01","1,569.91","217.00","7.24","Taiwan","Taiwan Stock Exchange","CAD","-","TWD"
"9706","JAPAN AIRPORT TERMINAL","Industrials","Equity","1,568.46","0.01","1,568.46","31.00","50.06","Japan","Tokyo Stock Exchange","CAD","-","JPY"
"BCHN","BURCKHARDT COMPRESSION HOLDING AG","Industrials","Equity","1,568.31","0.01","1,568.31","2.00","809.90","Switzerland","SIX Swiss Exchange","CAD","-","CHF"
"601225","SHAANXI COAL INDUSTRY LTD A","Energy","Equity","1,567.65","0.01","1,567.65","296.00","5.30","China","Shanghai Stock Exchange","CAD","-","CNY"
"392","BEIJING ENTERPRISES HOLDINGS LTD","Utilities","Equity","1,564.35","0.01","1,564.35","293.00","5.34","China","Hong Kong Exchanges And Clearing Ltd","CAD","-","HKD"
"FIBIH","FIBI BANK HOLDING LTD","Financials","Equity","1,564.23","0.01","1,564.23","11.00","140.05","Israel","Tel Aviv Stock Exchange","CAD","-","ILS"
"6135","MAKINO MILLING MACHINE LTD","Industrials","Equity","1,563.65","0.01","1,563.65","11.00","136.23","Japan","Tokyo Stock Exchange","CAD","-","JPY"
"DBG","DERICHEBOURG SA","Industrials","Equity","1,561.91","0.01","1,561.91","108.00","14.51","France","Nyse Euronext - Euronext Paris","CAD","-","EUR"
"MELE","MELEXIS NV","Information Technology","Equity","1,561.67","0.01","1,561.67","15.00","105.14","Belgium","Nyse Euronext - Euronext Brussels","CAD","-","EUR"
"257","CHINA EVERBRIGHT ENVIRONMENT GROUP","Industrials","Equity","1,561.47","0.01","1,561.47","1,774.00","0.88","China","Hong Kong Exchanges And Clearing Ltd","CAD","-","HKD"
"6417","SANKYO LTD","Consumer Discretionary","Equity","1,558.92","0.01","1,558.92","81.00","19.29","Japan","Tokyo Stock Exchange","CAD","-","JPY"
"4114","NIPPON SHOKUBAI LTD","Materials","Equity","1,558.22","0.01","1,558.22","67.00","23.41","Japan","Tokyo Stock Exchange","CAD","-","JPY"
"051900","LG H & H LTD","Consumer Staples","Equity","1,555.86","0.01","1,555.86","5.00","300.15","Korea (South)","Korea Exchange (Stock Market)","CAD","-","KRW"
"7322","SAN JU SAN FINANCIAL GROUP INC","Financials","Equity","1,554.29","0.01","1,554.29","84.00","18.54","Japan","Tokyo Stock Exchange","CAD","-","JPY"
"STNE","STONECO CLASS A","Financials","Equity","1,554.12","0.01","1,554.12","114.00","13.64","Brazil","NASDAQ","CAD","-","USD"
"BLUESTARCO","BLUE STAR LTD","Industrials","Equity","1,553.71","0.01","1,553.71","69.00","22.64","India","National Stock Exchange Of India","CAD","-","INR"
"E5H","GOLDEN AGRI RESOURCES LTD","Consumer Staples","Equity","1,552.83","0.01","1,552.83","4,197.00","0.37","Singapore","Singapore Exchange","CAD","-","SGD"
"ZIG","ZIGUP PLC","Industrials","Equity","1,552.62","0.01","1,552.62","194.00","7.99","United Kingdom","London Stock Exchange","CAD","-","GBP"
"JOYY","JOYY ADR","Communication","Equity","1,551.67","0.01","1,551.67","14.00","110.32","China","NASDAQ","CAD","-","USD"
"MTRS","MUNTERS GROUP","Industrials","Equity","1,551.27","0.01","1,551.27","80.00","19.49","Sweden","Nasdaq Omx Nordic","CAD","-","SEK"
"MVNE","MIVNE REAL ESTATE LTD","Real Estate","Equity","1,549.95","0.01","1,549.95","264.00","5.88","Israel","Tel Aviv Stock Exchange","CAD","-","ILS"
"9533","TOHO GAS","Utilities","Equity","1,549.36","0.01","1,549.36","130.00","11.92","Japan","Tokyo Stock Exchange","CAD","-","JPY"
"7184","THE FIRST BANK OF TOYAMA LTD","Financials","Equity","1,549.14","0.01","1,549.14","49.00","31.52","Japan","Tokyo Stock Exchange","CAD","-","JPY"
"KIMS","KRISHNA INSTITUTE OF MEDICAL SCIEN","Health Care","Equity","1,548.16","0.01","1,548.16","134.00","11.54","India","National Stock Exchange Of India","CAD","-","INR"
"4043","TOKUYAMA","Materials","Equity","1,547.50","0.01","1,547.50","41.00","37.71","Japan","Tokyo Stock Exchange","CAD","-","JPY"
"SANSERA","SANSERA ENGINEERING","Consumer Discretionary","Equity","1,546.46","0.01","1,546.46","26.00","58.57","India","National Stock Exchange Of India","CAD","-","INR"
"8360","YAMANASHI CHUO BANK LTD","Financials","Equity","1,545.47","0.01","1,545.47","24.00","65.65","Japan","Tokyo Stock Exchange","CAD","-","JPY"
"MI6","MINERALS 260 LTD","Materials","Equity","1,545.46","0.01","1,545.46","1,717.00","0.90","Australia","Asx - All Markets","CAD","-","AUD"
"4401","ADEKA","Materials","Equity","1,543.94","0.01","1,543.94","38.00","41.09","Japan","Tokyo Stock Exchange","CAD","-","JPY"
"AMR","AMERICANA RESTAURANTS INTERNATIONA","Consumer Discretionary","Equity","1,543.75","0.01","1,543.75","1,696.00","0.91","United Arab Emirates","Abu Dhabi Securities Exchange","CAD","-","AED"
"LOG","LOGISTA CIA DE DISTRIBUCION INTEGR","Industrials","Equity","1,543.63","0.01","1,543.63","27.00","57.45","Spain","Bolsa De Madrid","CAD","-","EUR"
"CAF","CONSTRUCCIONES Y AUXILIAR DE FERRO","Industrials","Equity","1,543.20","0.01","1,543.20","12.00","126.11","Spain","Bolsa De Madrid","CAD","-","EUR"
"189","DONGYUE GROUP LTD","Materials","Equity","1,543.00","0.01","1,543.00","718.00","2.15","China","Hong Kong Exchanges And Clearing Ltd","CAD","-","HKD"
"LREN3","LOJAS RENNER","Consumer Discretionary","Equity","1,542.52","0.00","1,542.52","511.00","3.02","Brazil","XBSP","CAD","-","BRL"
"7389","AICHI FINANCIAL GROUP INC","Financials","Equity","1,534.92","0.00","1,534.92","86.00","17.84","Japan","Tokyo Stock Exchange","CAD","-","JPY"
"MINT.R","MINOR INTERNATIONAL PUBLIC NON-VOT","Consumer Discretionary","Equity","1,531.38","0.00","1,531.38","1,702.00","0.90","Thailand","Stock Exchange Of Thailand","CAD","-","THB"
"7731","NIKON","Consumer Discretionary","Equity","1,531.27","0.00","1,531.27","98.00","15.57","Japan","Tokyo Stock Exchange","CAD","-","JPY"
"MMS","MCMILLAN SHAKESPEARE","Industrials","Equity","1,529.26","0.00","1,529.26","79.00","19.48","Australia","Asx - All Markets","CAD","-","AUD"
"8848","LEOPALACE21","Real Estate","Equity","1,528.79","0.00","1,528.79","161.00","9.52","Japan","Tokyo Stock Exchange","CAD","-","JPY"
"4902","KONICA MINOLTA","Information Technology","Equity","1,527.84","0.00","1,527.84","260.00","5.87","Japan","Tokyo Stock Exchange","CAD","-","JPY"
"7380","JUROKU FINANCIAL GROUP INC","Financials","Equity","1,527.15","0.00","1,527.15","64.00","23.70","Japan","Tokyo Stock Exchange","CAD","-","JPY"
"PNI","PINNACLE INVESTMENT MANAGEMENT GRO","Financials","Equity","1,526.87","0.00","1,526.87","112.00","13.63","Australia","Asx - All Markets","CAD","-","AUD"
"601816","BEIJING-SHANGHAI HIGH SPEED RAILWA","Industrials","Equity","1,524.75","0.00","1,524.75","1,540.00","0.99","China","Shanghai Stock Exchange","CAD","-","CNY"
"3738","VOBILE GROUP","Information Technology","Equity","1,523.59","0.00","1,523.59","2,875.00","0.53","Hong Kong","Hong Kong Exchanges And Clearing Ltd","CAD","-","HKD"
"CRL","CAREL","Industrials","Equity","1,523.26","0.00","1,523.26","36.00","41.93","Italy","Borsa Italiana","CAD","-","EUR"
"3800","GCL TECHNOLOGY HOLDINGS","Information Technology","Equity","1,520.57","0.00","1,520.57","11,697.00","0.13","China","Hong Kong Exchanges And Clearing Ltd","CAD","-","HKD"
"GN","GN STORE NORD","Consumer Discretionary","Equity","1,520.32","0.00","1,520.32","71.00","21.28","Denmark","Omx Nordic Exchange Copenhagen A/S","CAD","-","DKK"
"4506","SUMITOMO PHARMA LTD","Health Care","Equity","1,519.99","0.00","1,519.99","106.00","14.35","Japan","Tokyo Stock Exchange","CAD","-","JPY"
"JKCEMENT","J.K. CEMENT LTD","Materials","Equity","1,519.77","0.00","1,519.77","21.00","73.29","India","National Stock Exchange Of India","CAD","-","INR"
"CKN","CLARKSON PLC","Industrials","Equity","1,519.64","0.00","1,519.64","16.00","95.99","United Kingdom","London Stock Exchange","CAD","-","GBP"
"MAIRE","MAIRE SPA","Industrials","Equity","1,518.98","0.00","1,518.98","75.00","20.19","Italy","Borsa Italiana","CAD","-","EUR"
"4812","DENTSU SOKEN INC","Information Technology","Equity","1,518.66","0.00","1,518.66","59.00","25.72","Japan","Tokyo Stock Exchange","CAD","-","JPY"
"NOS","NOS SGPS SA","Communication","Equity","1,518.65","0.00","1,518.65","172.00","8.85","Portugal","Nyse Euronext - Euronext Lisbon","CAD","-","EUR"
"JET2","JET2 PLC","Industrials","Equity","1,517.67","0.00","1,517.67","57.00","26.58","United Kingdom","London Stock Exchange","CAD","-","GBP"
"FRVIA","FORVIA","Consumer Discretionary","Equity","1,516.74","0.00","1,516.74","97.00","15.61","France","Nyse Euronext - Euronext Paris","CAD","-","EUR"
"RGN","REGION GROUP STAPLED UNITS LTD","Real Estate","Equity","1,513.41","0.00","1,513.41","679.00","2.23","Australia","Asx - All Markets","CAD","-","AUD"
"IPO","IP GROUP PLC","Financials","Equity","1,511.86","0.00","1,511.86","1,154.00","1.31","United Kingdom","London Stock Exchange","CAD","-","GBP"
"139130","DGB FINANCIAL GROUP","Financials","Equity","1,509.90","0.00","1,509.90","82.00","18.50","Korea (South)","Korea Exchange (Stock Market)","CAD","-","KRW"
"2607","FUJI OIL LTD","Consumer Staples","Equity","1,509.80","0.00","1,509.80","37.00","40.73","Japan","Tokyo Stock Exchange","CAD","-","JPY"
"BITTI","BITTIUM","Information Technology","Equity","1,509.49","0.00","1,509.49","25.00","61.37","Finland","Nasdaq Omx Helsinki Ltd.","CAD","-","EUR"
"7173","TOKYO KIRABOSHI FINANCIAL GROUP IN","Financials","Equity","1,507.64","0.00","1,507.64","99.00","15.30","Japan","Tokyo Stock Exchange","CAD","-","JPY"
"WCH","WACKER CHEMIE AG","Materials","Equity","1,507.29","0.00","1,507.29","11.00","139.44","Germany","Xetra","CAD","-","EUR"
"600919","BANK OF JIANGSU CORPORATION A","Financials","Equity","1,507.15","0.00","1,507.15","600.00","2.51","China","Shanghai Stock Exchange","CAD","-","CNY"
"UNTR","UNITED TRACTORS","Energy","Equity","1,506.97","0.00","1,506.97","742.00","2.03","Indonesia","Indonesia Stock Exchange","CAD","-","IDR"
"9303","SUMITOMO WAREHOUSE LTD","Industrials","Equity","1,505.28","0.00","1,505.28","40.00","37.85","Japan","Tokyo Stock Exchange","CAD","-","JPY"
"688008","MONTAGE TECHNOLOGY A","Information Technology","Equity","1,503.69","0.00","1,503.69","37.00","40.54","China","Shanghai Stock Exchange","CAD","-","CNY"
"010060","OCI HOLDINGS COMPANY LTD","Materials","Equity","1,503.68","0.00","1,503.68","7.00","204.49","Korea (South)","Korea Exchange (Stock Market)","CAD","-","KRW"
"6862","HAIDILAO INTERNATIONAL HOLDING LTD","Consumer Discretionary","Equity","1,502.78","0.00","1,502.78","889.00","1.69","China","Hong Kong Exchanges And Clearing Ltd","CAD","-","HKD"
"TEG","TAG IMMOBILIEN AG","Real Estate","Equity","1,502.54","0.00","1,502.54","82.00","18.43","Germany","Xetra","CAD","-","EUR"
"ANANDRATHI","ANAND RATHI WEALTH LTD","Financials","Equity","1,500.04","0.00","1,500.04","47.00","32.18","India","National Stock Exchange Of India","CAD","-","INR"
"POST","OSTERREICHISCHE POST AG","Industrials","Equity","1,499.75","0.00","1,499.75","30.00","50.52","Austria","Wiener Boerse Ag","CAD","-","EUR"
"PYC","PYC THERAPEUTICS","Health Care","Equity","1,498.67","0.00","1,498.67","627.00","2.39","Australia","Asx - All Markets","CAD","-","AUD"
"GRI","GRAINGER PLC","Real Estate","Equity","1,497.52","0.00","1,497.52","478.00","3.13","United Kingdom","London Stock Exchange","CAD","-","GBP"
"APE","EAGERS AUTOMOTIVE","Consumer Discretionary","Equity","1,497.46","0.00","1,497.46","76.00","19.75","Australia","Asx - All Markets","CAD","-","AUD"
"4061","DENKA CO LTD","Materials","Equity","1,496.99","0.00","1,496.99","50.00","29.93","Japan","Tokyo Stock Exchange","CAD","-","JPY"
"6622","DAIHEN","Industrials","Equity","1,496.72","0.00","1,496.72","14.00","109.38","Japan","Tokyo Stock Exchange","CAD","-","JPY"
"NEULANDLAB","NEULAND LABORATORIES","Health Care","Equity","1,496.03","0.00","1,496.03","5.00","330.43","India","National Stock Exchange Of India","CAD","-","INR"
"FABG","FABEGE","Real Estate","Equity","1,494.26","0.00","1,494.26","151.00","9.92","Sweden","Nasdaq Omx Nordic","CAD","-","SEK"
"6409","VOLTRONIC POWER TECHNOLOGY CORP","Industrials","Equity","1,493.55","0.00","1,493.55","39.00","38.47","Taiwan","Taiwan Stock Exchange","CAD","-","TWD"
"SLR","SOLARIA ENERGIA Y MEDIO AMBIENTE S","Utilities","Equity","1,492.00","0.00","1,492.00","53.00","28.19","Spain","Bolsa De Madrid","CAD","-","EUR"
"8464","NIEN MADE ENTERPRISE","Consumer Discretionary","Equity","1,491.62","0.00","1,491.62","91.00","16.34","Taiwan","Taiwan Stock Exchange","CAD","-","TWD"
"9989","SUNDRUG LTD","Consumer Staples","Equity","1,490.77","0.00","1,490.77","45.00","33.28","Japan","Tokyo Stock Exchange","CAD","-","JPY"
"6703","OKI ELECTRIC INDUSTRY LTD","Information Technology","Equity","1,489.73","0.00","1,489.73","59.00","25.33","Japan","Tokyo Stock Exchange","CAD","-","JPY"
"142","FIRST PACIFIC","Consumer Staples","Equity","1,485.15","0.00","1,485.15","1,727.00","0.86","Hong Kong","Hong Kong Exchanges And Clearing Ltd","CAD","-","HKD"
"1719","HAZAMA ANDO CORP","Industrials","Equity","1,485.00","0.00","1,485.00","85.00","17.39","Japan","Tokyo Stock Exchange","CAD","-","JPY"
"2354","FOXCONN TECHNOLOGY LTD","Information Technology","Equity","1,483.66","0.00","1,483.66","510.00","2.91","Taiwan","Taiwan Stock Exchange","CAD","-","TWD"
"DABUR","DABUR INDIA","Consumer Staples","Equity","1,482.67","0.00","1,482.67","264.00","5.61","India","National Stock Exchange Of India","CAD","-","INR"
"8424","FUYO GENERAL LEASE","Financials","Equity","1,478.59","0.00","1,478.59","36.00","41.09","Japan","Tokyo Stock Exchange","CAD","-","JPY"
"ELUX B","ELECTROLUX CLASS B","Consumer Discretionary","Equity","1,477.03","0.00","1,477.03","391.00","3.78","Sweden","Nasdaq Omx Nordic","CAD","-","SEK"
"Q*","QUALITAS CONTROLADORA","Financials","Equity","1,475.57","0.00","1,475.57","116.00","12.77","Mexico","Bolsa Mexicana De Valores","CAD","-","MXN"
"601919","COSCO SHIPPING HOLDINGS LTD A","Industrials","Equity","1,473.05","0.00","1,473.05","435.00","3.39","China","Shanghai Stock Exchange","CAD","-","CNY"
"9031","NISHI NIPPON RAILROAD LTD","Industrials","Equity","1,472.12","0.00","1,472.12","52.00","28.28","Japan","Tokyo Stock Exchange","CAD","-","JPY"
"1815","FULLTECH FIBER GLASS CORP","Information Technology","Equity","1,471.88","0.00","1,471.88","300.00","4.91","Taiwan","Gretai Securities Market","CAD","-","TWD"
"440","DAH SING FINANCIAL HOLDINGS","Financials","Equity","1,467.65","0.00","1,467.65","181.00","8.09","Hong Kong","Hong Kong Exchanges And Clearing Ltd","CAD","-","HKD"
"KALMAR","KALMAR CORPORATION CLASS B","Industrials","Equity","1,464.83","0.00","1,464.83","23.00","63.10","Finland","Nasdaq Omx Helsinki Ltd.","CAD","-","EUR"
"MBRF3","MARFRIG GLOBAL FOODS SA","Consumer Staples","Equity","1,463.14","0.00","1,463.14","324.00","4.52","Brazil","XBSP","CAD","-","BRL"
"MBT","METROPOLITAN BANK AND TRUST CO","Financials","Equity","1,462.69","0.00","1,462.69","1,052.00","1.39","Philippines","Philippine Stock Exchange Inc.","CAD","-","PHP"
"CPFE3","CPFL ENERGIA","Utilities","Equity","1,461.69","0.00","1,461.69","119.00","12.25","Brazil","XBSP","CAD","-","BRL"
"SRL","SUNRISE ENERGY METALS","Materials","Equity","1,461.27","0.00","1,461.27","80.00","18.34","Australia","Asx - All Markets","CAD","-","AUD"
"CURY","CURRYS PLC","Consumer Discretionary","Equity","1,457.90","0.00","1,457.90","528.00","2.76","United Kingdom","London Stock Exchange","CAD","-","GBP"
"1193","CHINA RESOURCES GAS GROUP LTD","Utilities","Equity","1,457.08","0.00","1,457.08","501.00","2.91","China","Hong Kong Exchanges And Clearing Ltd","CAD","-","HKD"
"AKSO","AKER SOLUTIONS","Energy","Equity","1,456.03","0.00","1,456.03","231.00","6.31","Norway","Oslo Bors Asa","CAD","-","NOK"
"AIAENG","AIA ENGINEERING LTD","Industrials","Equity","1,455.33","0.00","1,455.33","25.00","58.07","India","National Stock Exchange Of India","CAD","-","INR"
"AUB","AUB GROUP LTD","Financials","Equity","1,454.75","0.00","1,454.75","51.00","28.43","Australia","Asx - All Markets","CAD","-","AUD"
"FOX","FOX WIZEL LTD","Consumer Discretionary","Equity","1,453.97","0.00","1,453.97","10.00","143.05","Israel","Tel Aviv Stock Exchange","CAD","-","ILS"
"2229","CALBEE","Consumer Staples","Equity","1,452.58","0.00","1,452.58","53.00","27.62","Japan","Tokyo Stock Exchange","CAD","-","JPY"
"SHA0","SCHAEFFLER N AG","Consumer Discretionary","Equity","1,450.17","0.00","1,450.17","128.00","11.36","Germany","Xetra","CAD","-","EUR"
"4922","KOSE HOLDINGS","Consumer Staples","Equity","1,449.05","0.00","1,449.05","28.00","51.64","Japan","Tokyo Stock Exchange","CAD","-","JPY"
"9995","REMEGEN H","Health Care","Equity","1,448.60","0.00","1,448.60","110.00","13.21","China","Hong Kong Exchanges And Clearing Ltd","CAD","-","HKD"
"KIRLOSENG","KIRLOSKAR OIL ENGINES LTD","Industrials","Equity","1,448.34","0.00","1,448.34","47.00","30.92","India","National Stock Exchange Of India","CAD","-","INR"
"8522","BANK OF NAGOYA LTD","Financials","Equity","1,447.54","0.00","1,447.54","22.00","64.57","Japan","Tokyo Stock Exchange","CAD","-","JPY"
"BTDR","BITDEER TECHNOLOGIES GROUP CLASS A","Information Technology","Equity","1,447.34","0.00","1,447.34","92.00","15.72","Singapore","NASDAQ","CAD","-","USD"
"SHREECEM","SHREE CEMENT LTD","Materials","Equity","1,446.81","0.00","1,446.81","5.00","320.15","India","National Stock Exchange Of India","CAD","-","INR"
"KRU","KRUK SA","Financials","Equity","1,445.62","0.00","1,445.62","10.00","142.77","Poland","Warsaw Stock Exchange/Equities/Main Market","CAD","-","PLN"
"HOFI","HOIST FINANCE","Financials","Equity","1,443.94","0.00","1,443.94","49.00","29.38","Sweden","Nasdaq Omx Nordic","CAD","-","SEK"
"2343","PACIFIC BASIN SHIPPING","Industrials","Equity","1,441.51","0.00","1,441.51","1,922.00","0.75","Hong Kong","Hong Kong Exchanges And Clearing Ltd","CAD","-","HKD"
"SRG","SRG LTD","Industrials","Equity","1,441.22","0.00","1,441.22","376.00","3.83","Australia","Asx - All Markets","CAD","-","AUD"
"867","CHINA MEDICAL SYSTEM HOLDINGS","Health Care","Equity","1,440.30","0.00","1,440.30","731.00","1.97","China","Hong Kong Exchanges And Clearing Ltd","CAD","-","HKD"
"ANDINA.B","EMBOTELLADORA ANDINA SERIES B","Consumer Staples","Equity","1,439.29","0.00","1,439.29","201.00","7.16","Chile","Santiago Stock Exchange","CAD","-","CLP"
"688072","PIOTECH INC A","Information Technology","Equity","1,437.70","0.00","1,437.70","10.00","144.77","China","Shanghai Stock Exchange","CAD","-","CNY"
"002714","MUYUAN FOODS GROUP LTD A","Consumer Staples","Equity","1,437.26","0.00","1,437.26","167.00","8.61","China","Shenzhen Stock Exchange","CAD","-","CNY"
"2525","HESAI GROUP CLASS B","Consumer Discretionary","Equity","1,432.87","0.00","1,432.87","482.00","2.97","China","Hong Kong Exchanges And Clearing Ltd","CAD","-","HKD"
"2127","NIHON M&A CENTER HOLDINGS INC","Financials","Equity","1,432.12","0.00","1,432.12","243.00","5.90","Japan","Tokyo Stock Exchange","CAD","-","JPY"
"FFB","FORTRESS REAL EST INV B LTD","Real Estate","Equity","1,431.58","0.00","1,431.58","675.00","2.12","South Africa","Johannesburg Stock Exchange","CAD","-","ZAR"
"3349","COSMOS PHARMACEUTICAL CORP","Consumer Staples","Equity","1,431.30","0.00","1,431.30","24.00","59.66","Japan","Tokyo Stock Exchange","CAD","-","JPY"
"429A","TEKSCEND PHOTOMASK CORP","Information Technology","Equity","1,428.98","0.00","1,428.98","43.00","33.05","Japan","Tokyo Stock Exchange","CAD","-","JPY"
"LLBN","LIECHTENSTEINISCHE LANDESBANK","Financials","Equity","1,428.21","0.00","1,428.21","7.00","198.66","Switzerland","SIX Swiss Exchange","CAD","-","CHF"
"JUBLFOOD","JUBILANT FOODWORKS LTD","Consumer Discretionary","Equity","1,425.33","0.00","1,425.33","204.00","7.00","India","National Stock Exchange Of India","CAD","-","INR"
"3374","XINTEC INC","Information Technology","Equity","1,423.68","0.00","1,423.68","76.00","18.82","Taiwan","Gretai Securities Market","CAD","-","TWD"
"NHF","NIB HOLDINGS LTD","Financials","Equity","1,423.64","0.00","1,423.64","218.00","6.52","Australia","Asx - All Markets","CAD","-","AUD"
"KARURVYSYA","KARUR VYSYA BANK LTD","Financials","Equity","1,423.58","0.00","1,423.58","295.00","4.83","India","National Stock Exchange Of India","CAD","-","INR"
"UPR","UNIPHAR PLC","Health Care","Equity","1,421.64","0.00","1,421.64","219.00","6.49","Ireland","Irish Stock Exchange - All Market","CAD","-","EUR"
"6121","SIMPLO TECHNOLOGY","Information Technology","Equity","1,420.77","0.00","1,420.77","87.00","16.41","Taiwan","Gretai Securities Market","CAD","-","TWD"
"2385","CHICONY ELECTRONICS LTD","Information Technology","Equity","1,420.07","0.00","1,420.07","307.00","4.63","Taiwan","Taiwan Stock Exchange","CAD","-","TWD"
"5947","RINNAI CORP","Consumer Discretionary","Equity","1,418.21","0.00","1,418.21","45.00","31.43","Japan","Tokyo Stock Exchange","CAD","-","JPY"
"ALHE","ALONY-HETZ PROPERTIES AND INVESTME","Real Estate","Equity","1,418.15","0.00","1,418.15","100.00","14.20","Israel","Tel Aviv Stock Exchange","CAD","-","ILS"
"BOY","BODYCOTE PLC","Industrials","Equity","1,417.06","0.00","1,417.06","79.00","17.94","United Kingdom","London Stock Exchange","CAD","-","GBP"
"DOKA","DORMAKABA HOLDING AG","Industrials","Equity","1,416.86","0.00","1,416.86","14.00","104.93","Switzerland","SIX Swiss Exchange","CAD","-","CHF"
"780","TONGCHENG TRAVEL HOLDINGS","Consumer Discretionary","Equity","1,415.96","0.00","1,415.96","753.00","1.88","China","Hong Kong Exchanges And Clearing Ltd","CAD","-","HKD"
"K71U","KEPPEL REIT UNITS","Real Estate","Equity","1,415.14","0.00","1,415.14","1,522.00","0.93","Singapore","Singapore Exchange","CAD","-","SGD"
"HLUN B","H. LUNDBECK CLASS B","Health Care","Equity","1,414.62","0.00","1,414.62","154.00","9.16","Denmark","Omx Nordic Exchange Copenhagen A/S","CAD","-","DKK"
"300476","VICTORY GIANT TECHNOLOGY HUIZHOU L","Information Technology","Equity","1,414.11","0.00","1,414.11","30.00","46.50","China","Shenzhen Stock Exchange","CAD","-","CNY"
"YCA","YELLOW CAKE PLC","Energy","Equity","1,413.50","0.00","1,413.50","133.00","10.59","United Kingdom","London Stock Exchange","CAD","-","GBP"
"TGYM","TECHNOGYM","Consumer Discretionary","Equity","1,412.95","0.00","1,412.95","70.00","20.32","Italy","Borsa Italiana","CAD","-","EUR"
"4205","ZEON JAPAN CORP","Materials","Equity","1,412.70","0.00","1,412.70","65.00","21.64","Japan","Tokyo Stock Exchange","CAD","-","JPY"
"PHVS","PHARVARIS N V","Health Care","Equity","1,409.05","0.00","1,409.05","27.00","53.15","Netherlands","NASDAQ","CAD","-","USD"
"375500","DL E&C LTD","Industrials","Equity","1,406.93","0.00","1,406.93","17.00","85.03","Korea (South)","Korea Exchange (Stock Market)","CAD","-","KRW"
"SGD","SGD CASH","Cash and/or Derivatives","Cash","1,405.89","0.00","1,405.89","13.00","109.65","Singapore","-","CAD","-","SGD"
"SESG","SES SA FDR","Communication","Equity","1,405.56","0.00","1,405.56","178.00","7.90","France","Nyse Euronext - Euronext Paris","CAD","-","EUR"
"AEGISLOG","AEGIS LOGISTICS LTD","Energy","Equity","1,405.48","0.00","1,405.48","71.00","19.74","India","National Stock Exchange Of India","CAD","-","INR"
"BRPT","BARITO PACIFIC","Materials","Equity","1,405.46","0.00","1,405.46","10,811.00","0.13","Indonesia","Indonesia Stock Exchange","CAD","-","IDR"
"601985","CHINA NATIONAL NUCLEAR POWER LTD A","Utilities","Equity","1,405.33","0.00","1,405.33","748.00","1.88","China","Shanghai Stock Exchange","CAD","-","CNY"
"AC","AYALA CORP","Industrials","Equity","1,403.57","0.00","1,403.57","124.00","11.33","Philippines","Philippine Stock Exchange Inc.","CAD","-","PHP"
"EXIDEIND","EXIDE INDUSTRIES LTD","Consumer Discretionary","Equity","1,403.27","0.00","1,403.27","230.00","6.10","India","National Stock Exchange Of India","CAD","-","INR"
"KCE.R","KCE ELECTRONICS NON-VOTING DR PCL","Information Technology","Equity","1,403.17","0.00","1,403.17","516.00","2.72","Thailand","Stock Exchange Of Thailand","CAD","-","THB"
"7313","TS TECH LTD","Consumer Discretionary","Equity","1,399.00","0.00","1,399.00","84.00","16.62","Japan","Tokyo Stock Exchange","CAD","-","JPY"
"1717","ETERNAL MATERIALS LTD","Materials","Equity","1,398.36","0.00","1,398.36","447.00","3.13","Taiwan","Taiwan Stock Exchange","CAD","-","TWD"
"002353","YANTAI JEREH OILFIELD SERVICES GRO","Energy","Equity","1,397.46","0.00","1,397.46","55.00","25.32","China","Shenzhen Stock Exchange","CAD","-","CNY"
"ALOS3","ALLOS SA","Real Estate","Equity","1,396.82","0.00","1,396.82","182.00","7.67","Brazil","XBSP","CAD","-","BRL"
"CHG","CHEMRING GROUP PLC","Industrials","Equity","1,395.74","0.00","1,395.74","139.00","10.04","United Kingdom","London Stock Exchange","CAD","-","GBP"
"TDPOWERSYS","TD POWER SYSTEMS LTD","Industrials","Equity","1,395.49","0.00","1,395.49","133.00","10.53","India","National Stock Exchange Of India","CAD","-","INR"
"4DX","4DMEDICAL","Health Care","Equity","1,394.33","0.00","1,394.33","369.00","3.78","Australia","Asx - All Markets","CAD","-","AUD"
"9006","KEIKYU CORP","Industrials","Equity","1,392.95","0.00","1,392.95","98.00","14.22","Japan","Tokyo Stock Exchange","CAD","-","JPY"
"6849","NIHON KOHDEN","Health Care","Equity","1,392.17","0.00","1,392.17","97.00","14.31","Japan","Tokyo Stock Exchange","CAD","-","JPY"
"006360","GS ENGINEERING & CONSTRUCTION CORP","Industrials","Equity","1,391.83","0.00","1,391.83","38.00","37.05","Korea (South)","Korea Exchange (Stock Market)","CAD","-","KRW"
"TIMECOM","TIME DOTCOM","Communication","Equity","1,391.49","0.00","1,391.49","689.00","2.02","Malaysia","Bursa Malaysia","CAD","-","MYR"
"ETOR","ETORO GROUP CLASS A","Financials","Equity","1,390.73","0.00","1,390.73","36.00","39.06","Israel","NASDAQ","CAD","-","USD"
"9468","KADOKAWA","Communication","Equity","1,389.66","0.00","1,389.66","42.00","32.91","Japan","Tokyo Stock Exchange","CAD","-","JPY"
"IDIA","IDORSIA N LTD","Health Care","Equity","1,388.77","0.00","1,388.77","167.00","8.32","Switzerland","SIX Swiss Exchange","CAD","-","CHF"
"KPIL","KALPATARU PROJECTS INTERNATIONAL","Industrials","Equity","1,387.73","0.00","1,387.73","68.00","20.40","India","National Stock Exchange Of India","CAD","-","INR"
"2162","KEYMED BIOSCIENCES","Health Care","Equity","1,385.13","0.00","1,385.13","107.00","13.00","China","Hong Kong Exchanges And Clearing Ltd","CAD","-","HKD"
"4368","FUSO CHEMICAL LTD","Materials","Equity","1,384.96","0.00","1,384.96","53.00","26.16","Japan","Tokyo Stock Exchange","CAD","-","JPY"
"600028","CHINA PETROLEUM & CHEMICAL A","Energy","Equity","1,384.32","0.00","1,384.32","1,294.00","1.07","China","Shanghai Stock Exchange","CAD","-","CNY"
"3994","MONEY FORWARD","Information Technology","Equity","1,384.06","0.00","1,384.06","25.00","54.42","Japan","Tokyo Stock Exchange","CAD","-","JPY"
"6526","SOCIONEXT","Information Technology","Equity","1,383.15","0.00","1,383.15","78.00","17.65","Japan","Tokyo Stock Exchange","CAD","-","JPY"
"7826","FURUYA METAL LTD","Information Technology","Equity","1,382.88","0.00","1,382.88","15.00","89.27","Japan","Tokyo Stock Exchange","CAD","-","JPY"
"2201","MORINAGA LTD","Consumer Staples","Equity","1,382.09","0.00","1,382.09","61.00","22.64","Japan","Tokyo Stock Exchange","CAD","-","JPY"
"DIA","DIASORIN","Health Care","Equity","1,380.72","0.00","1,380.72","11.00","122.51","Italy","Borsa Italiana","CAD","-","EUR"
"011790","SKC","Materials","Equity","1,378.34","0.00","1,378.34","16.00","87.87","Korea (South)","Korea Exchange (Stock Market)","CAD","-","KRW"
"161890","KOLMAR KOREA LTD","Consumer Staples","Equity","1,376.33","0.00","1,376.33","9.00","149.21","Korea (South)","Korea Exchange (Stock Market)","CAD","-","KRW"
"IWG","INTERNATIONAL WORKPLACE GROUP PLC","Real Estate","Equity","1,374.56","0.00","1,374.56","413.00","3.33","United Kingdom","London Stock Exchange","CAD","-","GBP"
"PHM","PHARMA MAR SA","Health Care","Equity","1,374.05","0.00","1,374.05","11.00","120.49","Spain","Bolsa De Madrid","CAD","-","EUR"
"ASTRAL","ASTRAL","Industrials","Equity","1,369.44","0.00","1,369.44","67.00","20.39","India","National Stock Exchange Of India","CAD","-","INR"
"8381","SAN IN GODO BANK LTD","Financials","Equity","1,367.80","0.00","1,367.80","59.00","23.34","Japan","Tokyo Stock Exchange","CAD","-","JPY"
"SAGA","SAGA PLC","Financials","Equity","1,366.49","0.00","1,366.49","118.00","11.54","United Kingdom","London Stock Exchange","CAD","-","GBP"
"002938","AVARY HOLDING (SHENZHEN) LTD A","Information Technology","Equity","1,366.06","0.00","1,366.06","72.00","18.92","China","Shenzhen Stock Exchange","CAD","-","CNY"
"GCC*","GRUPO CEMENTOS","Materials","Equity","1,364.87","0.00","1,364.87","92.00","14.89","Mexico","Bolsa Mexicana De Valores","CAD","-","MXN"
"8020","KANEMATSU","Industrials","Equity","1,364.32","0.00","1,364.32","64.00","21.17","Japan","Tokyo Stock Exchange","CAD","-","JPY"
"326030","SK BIOPHARMACEUTICALS LTD","Health Care","Equity","1,362.44","0.00","1,362.44","17.00","80.17","Korea (South)","Korea Exchange (Stock Market)","CAD","-","KRW"
"IDIN","IDI INSURANCE COMPANY LTD","Financials","Equity","1,361.37","0.00","1,361.37","12.00","117.18","Israel","Tel Aviv Stock Exchange","CAD","-","ILS"
"271560","ORION CORP","Consumer Staples","Equity","1,359.74","0.00","1,359.74","12.00","114.90","Korea (South)","Korea Exchange (Stock Market)","CAD","-","KRW"
"2451","TRANSCEND INFORMATION INC","Information Technology","Equity","1,359.32","0.00","1,359.32","112.00","12.15","Taiwan","Taiwan Stock Exchange","CAD","-","TWD"
"MANAPPURAM","MANAPPURAM FINANCE LTD","Financials","Equity","1,356.42","0.00","1,356.42","294.00","4.61","India","National Stock Exchange Of India","CAD","-","INR"
"LICHSGFIN","LIC HOUSING FINANCE LTD","Financials","Equity","1,356.00","0.00","1,356.00","170.00","7.96","India","National Stock Exchange Of India","CAD","-","INR"
"3110","NITTO BOSEKI LTD","Industrials","Equity","1,355.52","0.00","1,355.52","52.00","25.83","Japan","Tokyo Stock Exchange","CAD","-","JPY"
"000657","CHINA TUNGSTEN AND HIGHTECH MATERI","Materials","Equity","1,355.45","0.00","1,355.45","107.00","12.70","China","Shenzhen Stock Exchange","CAD","-","CNY"
"034220","LG DISPLAY LTD","Information Technology","Equity","1,353.04","0.00","1,353.04","160.00","8.48","Korea (South)","Korea Exchange (Stock Market)","CAD","-","KRW"
"9616","KYORITSU MAINTENANCE","Consumer Discretionary","Equity","1,352.84","0.00","1,352.84","47.00","28.99","Japan","Tokyo Stock Exchange","CAD","-","JPY"
"3618","CHONGQING RURAL COMMERCIAL BANK LT","Financials","Equity","1,352.63","0.00","1,352.63","1,230.00","1.10","China","Hong Kong Exchanges And Clearing Ltd","CAD","-","HKD"
"QFLS","QATAR FUEL","Energy","Equity","1,348.78","0.00","1,348.78","289.00","4.66","Qatar","Qatar Exchange","CAD","-","QAR"
"GRNG","GRANGES","Materials","Equity","1,347.47","0.00","1,347.47","56.00","24.07","Sweden","Nasdaq Omx Nordic","CAD","-","SEK"
"TRY","TRY CASH","Cash and/or Derivatives","Cash","1,347.17","0.00","1,347.17","469.00","2.87","Turkey","-","CAD","-","TRY"
"SIME","SIME DARBY","Industrials","Equity","1,345.12","0.00","1,345.12","1,621.00","0.83","Malaysia","Bursa Malaysia","CAD","-","MYR"
"KWS","KWS SAAT","Consumer Staples","Equity","1,344.80","0.00","1,344.80","11.00","124.82","Germany","Xetra","CAD","-","EUR"
"GRE","GRENERGY RENOVABLES","Utilities","Equity","1,344.72","0.00","1,344.72","9.00","145.55","Spain","Bolsa De Madrid","CAD","-","EUR"
"LXS","LANXESS AG","Materials","Equity","1,340.52","0.00","1,340.52","60.00","22.22","Germany","Xetra","CAD","-","EUR"
"8060","CANON MARKETING JAPAN INC","Information Technology","Equity","1,339.62","0.00","1,339.62","40.00","33.64","Japan","Tokyo Stock Exchange","CAD","-","JPY"
"SMFT3","SMARTFIT ESCOLA DE GINASTICA E DAN","Consumer Discretionary","Equity","1,338.78","0.00","1,338.78","292.00","4.59","Brazil","XBSP","CAD","-","BRL"
"ALMB","ALM BRAND","Financials","Equity","1,338.73","0.00","1,338.73","359.00","3.73","Denmark","Omx Nordic Exchange Copenhagen A/S","CAD","-","DKK"
"LIGHT","SIGNIFY","Industrials","Equity","1,338.69","0.00","1,338.69","56.00","23.90","Netherlands","Euronext Amsterdam","CAD","-","EUR"
"TPK","TRAVIS PERKINS PLC","Industrials","Equity","1,337.95","0.00","1,337.95","118.00","11.30","United Kingdom","London Stock Exchange","CAD","-","GBP"
"1476","ECLAT TEXTILE","Consumer Discretionary","Equity","1,337.77","0.00","1,337.77","107.00","12.46","Taiwan","Taiwan Stock Exchange","CAD","-","TWD"
"RED","REDEIA CORPORACION SA","Utilities","Equity","1,337.73","0.00","1,337.73","55.00","24.24","Spain","Bolsa De Madrid","CAD","-","EUR"
"FDR","FLUIDRA SA","Industrials","Equity","1,337.62","0.00","1,337.62","47.00","28.56","Spain","Bolsa De Madrid","CAD","-","EUR"
"FRTKF","FRONTKEN CORPORATION","Industrials","Equity","1,337.52","0.00","1,337.52","811.00","1.65","Malaysia","Bursa Malaysia","CAD","-","MYR"
"VOLCAR B","VOLVO CAR CLASS B","Consumer Discretionary","Equity","1,337.43","0.00","1,337.43","516.00","2.59","Sweden","Nasdaq Omx Nordic","CAD","-","SEK"
"036570","NC","Communication","Equity","1,336.26","0.00","1,336.26","6.00","207.02","Korea (South)","Korea Exchange (Stock Market)","CAD","-","KRW"
"MAXIS","MAXIS","Communication","Equity","1,335.85","0.00","1,335.85","1,113.00","1.20","Malaysia","Bursa Malaysia","CAD","-","MYR"
"SM","SM INVESTMENTS","Industrials","Equity","1,334.82","0.00","1,334.82","112.00","11.93","Philippines","Philippine Stock Exchange Inc.","CAD","-","PHP"
"DUBK","DUKHAN BANK","Financials","Equity","1,334.61","0.00","1,334.61","1,103.00","1.21","Qatar","Qatar Exchange","CAD","-","QAR"
"6181","LAOPU GOLD H","Consumer Discretionary","Equity","1,333.27","0.00","1,333.27","21.00","64.71","China","Hong Kong Exchanges And Clearing Ltd","CAD","-","HKD"
"GOAU4","METALURGICA GERDAU PREF SA","Materials","Equity","1,333.12","0.00","1,333.12","421.00","3.17","Brazil","XBSP","CAD","-","BRL"
"3279","ACTIVIA PROPERTIES REIT","Real Estate","Equity","1,332.75","0.00","1,332.75","1.00","1,178.23","Japan","Tokyo Stock Exchange","CAD","-","JPY"
"M&MFIN","MAHINDRA AND MAHINDRA FINANCIAL SE","Financials","Equity","1,332.03","0.00","1,332.03","264.00","5.04","India","National Stock Exchange Of India","CAD","-","INR"
"CEL","CELLCOM ISRAEL","Communication","Equity","1,331.10","0.00","1,331.10","77.00","17.21","Israel","Tel Aviv Stock Exchange","CAD","-","ILS"
"SCATC","SCATEC SOLAR","Utilities","Equity","1,330.83","0.00","1,330.83","91.00","14.64","Norway","Oslo Bors Asa","CAD","-","NOK"
"JST","JOST WERKE","Industrials","Equity","1,330.41","0.00","1,330.41","13.00","99.60","Germany","Xetra","CAD","-","EUR"
"NANO","NANOBIOTIX SA","Health Care","Equity","1,329.30","0.00","1,329.30","27.00","49.00","France","Nyse Euronext - Euronext Paris","CAD","-","EUR"
"192820","COSMAX INC","Consumer Staples","Equity","1,327.08","0.00","1,327.08","5.00","275.35","Korea (South)","Korea Exchange (Stock Market)","CAD","-","KRW"
"7988","NIFCO INC","Consumer Discretionary","Equity","1,326.33","0.00","1,326.33","30.00","44.52","Japan","Tokyo Stock Exchange","CAD","-","JPY"
"FBU","FLETCHER BUILDING","Industrials","Equity","1,326.29","0.00","1,326.29","450.00","2.95","New Zealand","New Zealand Exchange Ltd","CAD","-","NZD"
"MOTILALOFS","MOTILAL OSWAL FINANCIAL SERVICES","Financials","Equity","1,325.95","0.00","1,325.95","92.00","14.41","India","National Stock Exchange Of India","CAD","-","INR"
"IFS","INTERCORP FINANCIAL SERVICES INC","Financials","Equity","1,325.90","0.00","1,325.90","17.00","77.00","Peru","New York Stock Exchange Inc.","CAD","-","USD"
"6944","MEGA UNION TECHNOLOGY INC","Industrials","Equity","1,324.63","0.00","1,324.63","44.00","30.09","Taiwan","Taiwan Stock Exchange","CAD","-","TWD"
"3397","TORIDOLL HOLDINGS","Consumer Discretionary","Equity","1,322.63","0.00","1,322.63","34.00","38.97","Japan","Tokyo Stock Exchange","CAD","-","JPY"
"9065","SANKYU","Industrials","Equity","1,322.36","0.00","1,322.36","18.00","74.26","Japan","Tokyo Stock Exchange","CAD","-","JPY"
"1802","TAIWAN GLASS INDUSTRY CORP","Industrials","Equity","1,321.09","0.00","1,321.09","514.00","2.57","Taiwan","Taiwan Stock Exchange","CAD","-","TWD"
"2001","NIPPN CORP","Consumer Staples","Equity","1,320.21","0.00","1,320.21","49.00","27.12","Japan","Tokyo Stock Exchange","CAD","-","JPY"
"AMBU B","AMBU CLASS B","Health Care","Equity","1,317.57","0.00","1,317.57","94.00","14.08","Denmark","Omx Nordic Exchange Copenhagen A/S","CAD","-","DKK"
"NCC B","NCC B","Industrials","Equity","1,315.66","0.00","1,315.66","51.00","25.68","Sweden","Nasdaq Omx Nordic","CAD","-","SEK"
"1044","HENGAN INTERNATIONAL GROUP","Consumer Staples","Equity","1,312.25","0.00","1,312.25","374.00","3.51","China","Hong Kong Exchanges And Clearing Ltd","CAD","-","HKD"
"3106","KURABO INDUSTRIES","Industrials","Equity","1,311.21","0.00","1,311.21","13.00","100.40","Japan","Tokyo Stock Exchange","CAD","-","JPY"
"CATE","CATENA","Real Estate","Equity","1,309.76","0.00","1,309.76","25.00","52.23","Sweden","Nasdaq Omx Nordic","CAD","-","SEK"
"778","FORTUNE REAL ESTATE INVESTMENT TRU","Real Estate","Equity","1,309.55","0.00","1,309.55","1,701.00","0.77","Hong Kong","Hong Kong Exchanges And Clearing Ltd","CAD","-","HKD"
"4263","SAL SAUDI LOGISTICS SERVICE CO","Industrials","Equity","1,309.21","0.00","1,309.21","20.00","64.08","Saudi Arabia","Saudi Stock Exchange","CAD","-","SAR"
"8616","TOKAI TOKYO FINANCIAL HOLDINGS","Financials","Equity","1,308.86","0.00","1,308.86","163.00","8.04","Japan","Tokyo Stock Exchange","CAD","-","JPY"
"TRE","TECNICAS REUNIDAS SA","Energy","Equity","1,308.44","0.00","1,308.44","31.00","42.67","Spain","Bolsa De Madrid","CAD","-","EUR"
"ALK","ALKANE RESOURCES LTD","Materials","Equity","1,308.19","0.00","1,308.19","689.00","1.90","Australia","Asx - All Markets","CAD","-","AUD"
"ICICIPRULI","ICICI PRUDENTIAL LIFE INSURANCE CO","Financials","Equity","1,307.59","0.00","1,307.59","183.00","7.15","India","National Stock Exchange Of India","CAD","-","INR"
"LAND","LANDIS+GYR GROUP AG","Information Technology","Equity","1,307.26","0.00","1,307.26","16.00","80.48","Switzerland","SIX Swiss Exchange","CAD","-","CHF"
"1980","DAI DAN LTD","Industrials","Equity","1,306.74","0.00","1,306.74","50.00","26.11","Japan","Tokyo Stock Exchange","CAD","-","JPY"
"YAL","YANCOAL AUSTRALIA LTD","Energy","Equity","1,306.69","0.00","1,306.69","218.00","5.99","Australia","Asx - All Markets","CAD","-","AUD"
"MTARTECH","MTAR TECHNOLOGIES","Industrials","Equity","1,306.38","0.00","1,306.38","13.00","102.93","India","National Stock Exchange Of India","CAD","-","INR"
"8955","JAPAN PRIME REALTY INVESTMENT REIT","Real Estate","Equity","1,300.71","0.00","1,300.71","2.00","851.34","Japan","Tokyo Stock Exchange","CAD","-","JPY"
"8098","INABATA LTD","Industrials","Equity","1,300.50","0.00","1,300.50","32.00","41.22","Japan","Tokyo Stock Exchange","CAD","-","JPY"
"6789","VISERA TECHNOLOGIES","Information Technology","Equity","1,300.31","0.00","1,300.31","68.00","19.02","Taiwan","Taiwan Stock Exchange","CAD","-","TWD"
"IOS","IONOS GROUP N","Information Technology","Equity","1,299.83","0.00","1,299.83","24.00","55.01","Germany","Xetra","CAD","-","EUR"
"2467","C SUN MFG LTD","Industrials","Equity","1,299.16","0.00","1,299.16","57.00","22.77","Taiwan","Taiwan Stock Exchange","CAD","-","TWD"
"300604","HANGZHOU CHANG CHUAN TECHNOLOGY LT","Information Technology","Equity","1,298.33","0.00","1,298.33","23.00","55.73","China","Shenzhen Stock Exchange","CAD","-","CNY"
"683","KERRY PROPERTIES LTD","Real Estate","Equity","1,296.41","0.00","1,296.41","421.00","3.08","Hong Kong","Hong Kong Exchanges And Clearing Ltd","CAD","-","HKD"
"4516","NIPPON SHINYAKU","Health Care","Equity","1,295.64","0.00","1,295.64","41.00","31.25","Japan","Tokyo Stock Exchange","CAD","-","JPY"
"ISAE4","ISA ENERGIA BRASIL PREF SA","Utilities","Equity","1,295.12","0.00","1,295.12","175.00","7.40","Brazil","XBSP","CAD","-","BRL"
"BALKRISIND","BALKRISHNA INDUSTRIES LTD","Consumer Discretionary","Equity","1,294.93","0.00","1,294.93","41.00","31.65","India","National Stock Exchange Of India","CAD","-","INR"
"GESHIP","GREAT EASTERN SHIPPING COMPANY","Energy","Equity","1,293.79","0.00","1,293.79","62.00","20.78","India","National Stock Exchange Of India","CAD","-","INR"
"ILU","ILUKA RESOURCES","Materials","Equity","1,293.28","0.00","1,293.28","217.00","5.97","Australia","Asx - All Markets","CAD","-","AUD"
"GNS","GENUS PLC","Health Care","Equity","1,293.19","0.00","1,293.19","32.00","39.85","United Kingdom","London Stock Exchange","CAD","-","GBP"
"L1G","L1 GROUP","Financials","Equity","1,289.26","0.00","1,289.26","1,183.00","1.09","Australia","Asx - All Markets","CAD","-","AUD"
"3396","LEGEND HOLDINGS CORP H","Information Technology","Equity","1,287.95","0.00","1,287.95","365.00","3.53","China","Hong Kong Exchanges And Clearing Ltd","CAD","-","HKD"
"PRN","PERENTI LTD","Materials","Equity","1,287.77","0.00","1,287.77","583.00","2.21","Australia","Asx - All Markets","CAD","-","AUD"
"SOL","SOL","Materials","Equity","1,287.59","0.00","1,287.59","15.00","85.79","Italy","Borsa Italiana","CAD","-","EUR"
"8410","SEVEN BANK LTD","Financials","Equity","1,287.46","0.00","1,287.46","415.00","3.10","Japan","Tokyo Stock Exchange","CAD","-","JPY"
"ACUTAAS","ACUTAAS CHEMICALS LTD","Health Care","Equity","1,287.36","0.00","1,287.36","27.00","48.33","India","National Stock Exchange Of India","CAD","-","INR"
"3042","TXC","Information Technology","Equity","1,287.26","0.00","1,287.26","164.00","7.83","Taiwan","Taiwan Stock Exchange","CAD","-","TWD"
"PEAB B","PEAB CLASS B","Industrials","Equity","1,287.12","0.00","1,287.12","91.00","14.11","Sweden","Nasdaq Omx Nordic","CAD","-","SEK"
"A7RU","KEPPEL INFRA UNIT TRUST","Materials","Equity","1,285.48","0.00","1,285.48","2,255.00","0.57","Singapore","Singapore Exchange","CAD","-","SGD"
"4749","ADVANCED ECHEM MATERIALS LTD","Information Technology","Equity","1,283.24","0.00","1,283.24","40.00","32.46","Taiwan","Gretai Securities Market","CAD","-","TWD"
"AMBER","AMBER ENTERPRISES INDIA LTD","Consumer Discretionary","Equity","1,281.53","0.00","1,281.53","12.00","102.72","India","National Stock Exchange Of India","CAD","-","INR"
"DHBK","DOHA BANK","Financials","Equity","1,280.73","0.00","1,280.73","1,294.00","0.99","Qatar","Qatar Exchange","CAD","-","QAR"
"TPG","TPG TELECOM","Communication","Equity","1,279.35","0.00","1,279.35","326.00","3.92","Australia","Asx - All Markets","CAD","-","AUD"
"CJLU","NETLINK NBN TRUST UNITS","Communication","Equity","1,277.97","0.00","1,277.97","1,217.00","1.05","Singapore","Singapore Exchange","CAD","-","SGD"
"HYP","HYPROP INVS LTD","Real Estate","Equity","1,277.82","0.00","1,277.82","249.00","5.14","South Africa","Johannesburg Stock Exchange","CAD","-","ZAR"
"600887","INNER MONGOLIA YILI INDUSTRIAL GRO","Consumer Staples","Equity","1,275.67","0.00","1,275.67","230.00","5.54","China","Shanghai Stock Exchange","CAD","-","CNY"
"003690","KOREAN REINSURANCE","Financials","Equity","1,274.33","0.00","1,274.33","83.00","15.37","Korea (South)","Korea Exchange (Stock Market)","CAD","-","KRW"
"LALPATHLAB","DR LAL PATHLABS LTD","Health Care","Equity","1,273.26","0.00","1,273.26","45.00","28.06","India","National Stock Exchange Of India","CAD","-","INR"
"5703","NIPPON LIGHT METAL HOLDINGS LTD","Materials","Equity","1,273.02","0.00","1,273.02","47.00","27.08","Japan","Tokyo Stock Exchange","CAD","-","JPY"
"BILL","BILLERUD KORSNAS","Materials","Equity","1,271.80","0.00","1,271.80","105.00","12.10","Sweden","Nasdaq Omx Nordic","CAD","-","SEK"
"CLAS B","CLAS OHLSON","Consumer Discretionary","Equity","1,271.49","0.00","1,271.49","21.00","59.73","Sweden","Nasdaq Omx Nordic","CAD","-","SEK"
"CAMS","COMPUTER AGE MANAGEMENT SERVICES","Industrials","Equity","1,269.63","0.00","1,269.63","122.00","10.42","India","National Stock Exchange Of India","CAD","-","INR"
"DIALOG","DIALOG GROUP","Energy","Equity","1,269.57","0.00","1,269.57","1,840.00","0.69","Malaysia","Bursa Malaysia","CAD","-","MYR"
"PIIND","P.I. INDUSTRIES","Materials","Equity","1,268.98","0.00","1,268.98","38.00","33.63","India","National Stock Exchange Of India","CAD","-","INR"
"6376","NIKKISO LTD","Industrials","Equity","1,268.40","0.00","1,268.40","41.00","30.80","Japan","Tokyo Stock Exchange","CAD","-","JPY"
"CIP","CENTURIA INDUSTR UNITS","Real Estate","Equity","1,267.81","0.00","1,267.81","446.00","2.84","Australia","Asx - All Markets","CAD","-","AUD"
"3433","TOCALO LTD","Industrials","Equity","1,267.76","0.00","1,267.76","50.00","25.28","Japan","Tokyo Stock Exchange","CAD","-","JPY"
"600176","CHINA JUSHI LTD A","Materials","Equity","1,267.17","0.00","1,267.17","129.00","9.84","China","Shanghai Stock Exchange","CAD","-","CNY"
"ROVI","LABORATORIOS FARMACEUTICOS ROVI","Health Care","Equity","1,267.02","0.00","1,267.02","13.00","94.22","Spain","Bolsa De Madrid","CAD","-","EUR"
"MTG B","MODERN TIMES GROUP MTG CLASS B","Communication","Equity","1,265.76","0.00","1,265.76","66.00","19.18","Sweden","Nasdaq Omx Nordic","CAD","-","SEK"
"PSSA3","PORTO SEGURO SA","Financials","Equity","1,264.33","0.00","1,264.33","94.00","13.40","Brazil","XBSP","CAD","-","BRL"
"LSG","LEROY SEAFOOD GROUP","Consumer Staples","Equity","1,264.08","0.00","1,264.08","199.00","6.35","Norway","Oslo Bors Asa","CAD","-","NOK"
"601688","HUATAI SECURITIES A","Financials","Equity","1,260.20","0.00","1,260.20","333.00","3.78","China","Shanghai Stock Exchange","CAD","-","CNY"
"CROMPTON","CROMPTON GREAVES CONSUMER ELECTRIC","Consumer Discretionary","Equity","1,258.69","0.00","1,258.69","384.00","3.28","India","National Stock Exchange Of India","CAD","-","INR"
"6371","TSUBAKIMOTO CHAIN","Industrials","Equity","1,258.31","0.00","1,258.31","51.00","24.69","Japan","Tokyo Stock Exchange","CAD","-","JPY"
"IJM","IJM CORPORATION","Industrials","Equity","1,257.96","0.00","1,257.96","1,338.00","0.94","Malaysia","Bursa Malaysia","CAD","-","MYR"
"ANGELONE","ANGEL ONE LTD","Financials","Equity","1,257.76","0.00","1,257.76","293.00","4.30","India","National Stock Exchange Of India","CAD","-","INR"
"2883","CHINA OILFIELD SERVICES LTD H","Energy","Equity","1,256.72","0.00","1,256.72","931.00","1.35","China","Hong Kong Exchanges And Clearing Ltd","CAD","-","HKD"
"HYPE3","HYPERMARCAS","Health Care","Equity","1,256.55","0.00","1,256.55","196.00","6.40","Brazil","XBSP","CAD","-","BRL"
"384","CHINA GAS HOLDINGS LTD","Utilities","Equity","1,256.03","0.00","1,256.03","1,308.00","0.96","China","Hong Kong Exchanges And Clearing Ltd","CAD","-","HKD"
"AWX","AEM HOLDINGS LTD","Information Technology","Equity","1,254.90","0.00","1,254.90","126.00","9.95","Singapore","Singapore Exchange","CAD","-","SGD"
"BB","BIC SA","Industrials","Equity","1,254.85","0.00","1,254.85","12.00","108.60","France","Nyse Euronext - Euronext Paris","CAD","-","EUR"
"HINDCOPPER","HINDUSTAN COPPER LTD","Materials","Equity","1,252.78","0.00","1,252.78","177.00","7.08","India","National Stock Exchange Of India","CAD","-","INR"
"8210","CHENBRO MICOM","Information Technology","Equity","1,252.56","0.00","1,252.56","32.00","39.09","Taiwan","Taiwan Stock Exchange","CAD","-","TWD"
"000250","SAM CHUN DANG PHARM LTD","Health Care","Equity","1,250.77","0.00","1,250.77","8.00","165.51","Korea (South)","Korea Exchange (Kosdaq)","CAD","-","KRW"
"8367","NANTO BANK","Financials","Equity","1,247.71","0.00","1,247.71","69.00","17.99","Japan","Tokyo Stock Exchange","CAD","-","JPY"
"8919","KATITAS","Real Estate","Equity","1,247.15","0.00","1,247.15","40.00","31.39","Japan","Tokyo Stock Exchange","CAD","-","JPY"
"3363","FOCI FIBER OPTIC COMMUNICATIONS","Information Technology","Equity","1,246.13","0.00","1,246.13","43.00","28.73","Taiwan","Gretai Securities Market","CAD","-","TWD"
"300274","SUNGROW POWER SUPPLY LTD A","Industrials","Equity","1,245.89","0.00","1,245.89","71.00","17.66","China","Shenzhen Stock Exchange","CAD","-","CNY"
"3292","AEON REIT INVESTMENT REIT CORP","Real Estate","Equity","1,244.50","0.00","1,244.50","1.00","1,010.29","Japan","Tokyo Stock Exchange","CAD","-","JPY"
"AJANTPHARM","AJANTA PHARMA","Health Care","Equity","1,238.97","0.00","1,238.97","24.00","51.03","India","National Stock Exchange Of India","CAD","-","INR"
"2105","CHENG SHIN RUBBER INDUSTRY LTD","Consumer Discretionary","Equity","1,238.63","0.00","1,238.63","938.00","1.32","Taiwan","Taiwan Stock Exchange","CAD","-","TWD"
"002281","ACCELINK TECHNOLOGIES LTD A","Information Technology","Equity","1,238.21","0.00","1,238.21","31.00","39.89","China","Shenzhen Stock Exchange","CAD","-","CNY"
"3295","HULIC REIT INC","Real Estate","Equity","1,238.06","0.00","1,238.06","1.00","1,322.81","Japan","Tokyo Stock Exchange","CAD","-","JPY"
"8964","MITSUI FUDOSAN RETAIL FUND INVESTM","Real Estate","Equity","1,237.78","0.00","1,237.78","2.00","686.10","Japan","Tokyo Stock Exchange","CAD","-","JPY"
"4002","AL MOUWASAT MEDICAL SERVICES","Health Care","Equity","1,237.45","0.00","1,237.45","51.00","24.22","Saudi Arabia","Saudi Stock Exchange","CAD","-","SAR"
"1729","TIME INTERCONNECT TECHNOLOGY LTD","Industrials","Equity","1,236.81","0.00","1,236.81","398.00","3.11","Hong Kong","Hong Kong Exchanges And Clearing Ltd","CAD","-","HKD"
"PPT","PERPETUAL","Financials","Equity","1,233.23","0.00","1,233.23","66.00","18.63","Australia","Asx - All Markets","CAD","-","AUD"
"9904","POU CHEN","Consumer Discretionary","Equity","1,232.91","0.00","1,232.91","1,131.00","1.09","Taiwan","Taiwan Stock Exchange","CAD","-","TWD"
"7956","PIGEON","Consumer Staples","Equity","1,232.29","0.00","1,232.29","68.00","17.99","Japan","Tokyo Stock Exchange","CAD","-","JPY"
"080220","JEJU SEMICONDUCTOR CORP","Information Technology","Equity","1,232.01","0.00","1,232.01","17.00","73.39","Korea (South)","Korea Exchange (Kosdaq)","CAD","-","KRW"
"AVI","AVI","Consumer Staples","Equity","1,230.10","0.00","1,230.10","170.00","7.24","South Africa","Johannesburg Stock Exchange","CAD","-","ZAR"
"1111","SAUDI TADAWUL GROUP CO","Financials","Equity","1,228.92","0.00","1,228.92","27.00","44.90","Saudi Arabia","Saudi Stock Exchange","CAD","-","SAR"
"CHOLAHLDNG","CHOLAMANDALAM FINANCIAL HOLDINGS L","Financials","Equity","1,228.56","0.00","1,228.56","56.00","21.86","India","National Stock Exchange Of India","CAD","-","INR"
"FAN","VOLUTION GROUP PLCINARY","Industrials","Equity","1,227.94","0.00","1,227.94","104.00","11.86","United Kingdom","London Stock Exchange","CAD","-","GBP"
"TRI","TRIGANO SA","Consumer Discretionary","Equity","1,222.36","0.00","1,222.36","5.00","231.01","France","Nyse Euronext - Euronext Paris","CAD","-","EUR"
"4966","PARADE TECHNOLOGIES","Information Technology","Equity","1,222.35","0.00","1,222.35","50.00","24.39","Taiwan","Gretai Securities Market","CAD","-","TWD"
"5214","NIPPON ELECTRIC GLASS","Information Technology","Equity","1,221.73","0.00","1,221.73","28.00","44.26","Japan","Tokyo Stock Exchange","CAD","-","JPY"
"CRAFTSMAN","CRAFTSMAN AUTOMATION LTD","Industrials","Equity","1,221.66","0.00","1,221.66","8.00","159.45","India","National Stock Exchange Of India","CAD","-","INR"
"600487","HENGTONG OPTIC ELECTRIC LTD A","Information Technology","Equity","1,221.13","0.00","1,221.13","85.00","14.29","China","Shanghai Stock Exchange","CAD","-","CNY"
"SSPG","SSP GROUP PLC","Consumer Discretionary","Equity","1,221.06","0.00","1,221.06","356.00","3.43","United Kingdom","London Stock Exchange","CAD","-","GBP"
"AT1","AROUNDTOWN SA","Real Estate","Equity","1,219.62","0.00","1,219.62","425.00","2.87","Germany","Xetra","CAD","-","EUR"
"ACE","ACEA","Utilities","Equity","1,218.41","0.00","1,218.41","37.00","32.84","Italy","Borsa Italiana","CAD","-","EUR"
"SCHO","SCHOUW AND CO","Consumer Staples","Equity","1,218.28","0.00","1,218.28","7.00","174.07","Denmark","Omx Nordic Exchange Copenhagen A/S","CAD","-","DKK"
"1357","MEITU INC","Communication","Equity","1,217.37","0.00","1,217.37","1,790.00","0.68","China","Hong Kong Exchanges And Clearing Ltd","CAD","-","HKD"
"8150","CHIPMOS TECHNOLOGIES INC","Information Technology","Equity","1,215.87","0.00","1,215.87","320.00","3.80","Taiwan","Taiwan Stock Exchange","CAD","-","TWD"
"PREMIERENE","PREMIER ENERGIES LTD","Information Technology","Equity","1,214.61","0.00","1,214.61","95.00","12.83","India","National Stock Exchange Of India","CAD","-","INR"
"BIOG B","BIOGAIA CLASS B","Health Care","Equity","1,213.45","0.00","1,213.45","79.00","15.40","Sweden","Nasdaq Omx Nordic","CAD","-","SEK"
"KIE","KIER GROUP PLC","Industrials","Equity","1,212.25","0.00","1,212.25","216.00","5.60","United Kingdom","London Stock Exchange","CAD","-","GBP"
"STARHEALTH","STAR HEALTH AND ALLIED INSURANCE C","Financials","Equity","1,211.85","0.00","1,211.85","148.00","8.17","India","National Stock Exchange Of India","CAD","-","INR"
"3360","SHIP HEALTHCARE HOLDINGS INC","Health Care","Equity","1,211.37","0.00","1,211.37","54.00","22.35","Japan","Tokyo Stock Exchange","CAD","-","JPY"
"4200","ALDREES PETROLEUM AND TRANSPORT SE","Consumer Discretionary","Equity","1,211.26","0.00","1,211.26","26.00","45.72","Saudi Arabia","Saudi Stock Exchange","CAD","-","SAR"
"TAH","TABCORP HOLDINGS","Consumer Discretionary","Equity","1,211.25","0.00","1,211.25","1,331.00","0.91","Australia","Asx - All Markets","CAD","-","AUD"
"2481","PAN JIT INTERNATIONAL INC","Information Technology","Equity","1,210.18","0.00","1,210.18","169.00","7.15","Taiwan","Taiwan Stock Exchange","CAD","-","TWD"
"017800","HYUNDAI ELEVATOR LTD","Industrials","Equity","1,207.64","0.00","1,207.64","16.00","74.40","Korea (South)","Korea Exchange (Stock Market)","CAD","-","KRW"
"JYEU","LENDLEASE GLOBAL COMMERCIAL REIT U","Real Estate","Equity","1,206.69","0.00","1,206.69","2,011.00","0.60","Singapore","Singapore Exchange","CAD","-","SGD"
"EBO","EBOS GROUP","Health Care","Equity","1,204.68","0.00","1,204.68","74.00","16.20","New Zealand","New Zealand Exchange Ltd","CAD","-","NZD"
"INDF","INDOFOOD SUKSES MAKMUR","Consumer Staples","Equity","1,204.11","0.00","1,204.11","2,112.00","0.57","Indonesia","Indonesia Stock Exchange","CAD","-","IDR"
"THERMAX","THERMAX","Industrials","Equity","1,203.07","0.00","1,203.07","23.00","52.04","India","National Stock Exchange Of India","CAD","-","INR"
"ENAV","ENAV SPA","Industrials","Equity","1,202.93","0.00","1,202.93","152.00","7.94","Italy","Borsa Italiana","CAD","-","EUR"
"CVSG","CVS GROUP PLC","Health Care","Equity","1,202.44","0.00","1,202.44","49.00","24.61","United Kingdom","London Stock Exchange","CAD","-","GBP"
"3107","DAIWABO HOLDINGS LTD","Information Technology","Equity","1,200.47","0.00","1,200.47","35.00","33.96","Japan","Tokyo Stock Exchange","CAD","-","JPY"
"3131","GRAND PLASTIC TECHNOLOGY CORP","Information Technology","Equity","1,199.53","0.00","1,199.53","11.00","105.07","Taiwan","Gretai Securities Market","CAD","-","TWD"
"PROX","PROXIMUS NV","Communication","Equity","1,198.88","0.00","1,198.88","113.00","10.60","Belgium","Nyse Euronext - Euronext Brussels","CAD","-","EUR"
"300760","SHENZHEN MINDRAY BIO-MEDICAL ELECT","Health Care","Equity","1,196.14","0.00","1,196.14","37.00","32.71","China","Shenzhen Stock Exchange","CAD","-","CNY"
"151","WANT WANT CHINA HOLDINGS","Consumer Staples","Equity","1,194.01","0.00","1,194.01","2,388.00","0.50","China","Hong Kong Exchanges And Clearing Ltd","CAD","-","HKD"
"6196","MARKETECH INTERNATIONAL","Information Technology","Equity","1,193.61","0.00","1,193.61","53.00","22.64","Taiwan","Taiwan Stock Exchange","CAD","-","TWD"
"3211","DYNAPACK INTERNATIONAL TECHNOLOGY","Information Technology","Equity","1,193.13","0.00","1,193.13","75.00","15.81","Taiwan","Gretai Securities Market","CAD","-","TWD"
"NUVAMA","NUVAMA WEALTH MANAGEMENT LTD","Financials","Equity","1,193.06","0.00","1,193.06","48.00","24.60","India","National Stock Exchange Of India","CAD","-","INR"
"1785","SOLAR APPLIED MATERIALS TECHNOLOGY","Materials","Equity","1,192.63","0.00","1,192.63","283.00","4.21","Taiwan","Gretai Securities Market","CAD","-","TWD"
"2382","ADES HOLDING CO","Energy","Equity","1,192.49","0.00","1,192.49","189.00","6.32","Saudi Arabia","Saudi Stock Exchange","CAD","-","SAR"
"AF","AIR FRANCE-KLM SA","Industrials","Equity","1,191.95","0.00","1,191.95","65.00","18.41","France","Nyse Euronext - Euronext Paris","CAD","-","EUR"
"2633","TAIWAN HIGH SPEED RAIL","Industrials","Equity","1,191.60","0.00","1,191.60","1,045.00","1.14","Taiwan","Taiwan Stock Exchange","CAD","-","TWD"
"AGILITY","AGILITY GLOBAL PLC","Industrials","Equity","1,191.44","0.00","1,191.44","2,019.00","0.59","United Arab Emirates","Abu Dhabi Securities Exchange","CAD","-","AED"
"000338","WEICHAI POWER LTD A","Industrials","Equity","1,191.20","0.00","1,191.20","214.00","5.56","China","Shenzhen Stock Exchange","CAD","-","CNY"
"5269","ASMEDIA TECHNOLOGY","Information Technology","Equity","1,190.25","0.00","1,190.25","18.00","64.93","Taiwan","Taiwan Stock Exchange","CAD","-","TWD"
"4544","HU GROUP HOLDINGS INC","Health Care","Equity","1,189.35","0.00","1,189.35","36.00","32.65","Japan","Tokyo Stock Exchange","CAD","-","JPY"
"2264","MORINAGA MILK INDUSTRY","Consumer Staples","Equity","1,189.06","0.00","1,189.06","114.00","10.40","Japan","Tokyo Stock Exchange","CAD","-","JPY"
"298380","ABL BIO INC","Health Care","Equity","1,187.43","0.00","1,187.43","20.00","58.81","Korea (South)","Korea Exchange (Kosdaq)","CAD","-","KRW"
"JUP","JUPITER FUND MANAGEMENT PLC","Financials","Equity","1,184.88","0.00","1,184.88","388.00","3.05","United Kingdom","London Stock Exchange","CAD","-","GBP"
"2845","FAR EASTERN INTERNATIONAL BANK LTD","Financials","Equity","1,184.42","0.00","1,184.42","1,974.00","0.60","Taiwan","Taiwan Stock Exchange","CAD","-","TWD"
"GNC","GREENCORE GROUP PLC","Consumer Staples","Equity","1,183.20","0.00","1,183.20","257.00","4.60","United Kingdom","London Stock Exchange","CAD","-","GBP"
"9045","KEIHAN HOLDINGS LTD","Industrials","Equity","1,182.29","0.00","1,182.29","40.00","29.31","Japan","Tokyo Stock Exchange","CAD","-","JPY"
"2096","SIMCERE PHARMACEUTICAL GROUP LTD","Health Care","Equity","1,181.84","0.00","1,181.84","588.00","2.01","China","Hong Kong Exchanges And Clearing Ltd","CAD","-","HKD"
"6941","YAMAICHI ELECTRONICS LTD","Information Technology","Equity","1,181.70","0.00","1,181.70","17.00","68.88","Japan","Tokyo Stock Exchange","CAD","-","JPY"
"LUVE","LUVE","Industrials","Equity","1,181.04","0.00","1,181.04","12.00","100.73","Italy","Borsa Italiana","CAD","-","EUR"
"4208","UBE","Materials","Equity","1,180.29","0.00","1,180.29","37.00","31.49","Japan","Tokyo Stock Exchange","CAD","-","JPY"
"MSKE","MESHEK ENERGY RENEWABLE ENERGIES L","Utilities","Equity","1,180.12","0.00","1,180.12","247.00","4.78","Israel","Tel Aviv Stock Exchange","CAD","-","ILS"
"PAGS","PAGSEGURO DIGITAL LTD CLASS A","Financials","Equity","1,179.97","0.00","1,179.97","88.00","13.37","Brazil","New York Stock Exchange Inc.","CAD","-","USD"
"1861","KUMAGAI LTD","Industrials","Equity","1,178.20","0.00","1,178.20","99.00","11.89","Japan","Tokyo Stock Exchange","CAD","-","JPY"
"SNR","SENIOR PLC","Industrials","Equity","1,177.87","0.00","1,177.87","214.00","5.51","United Kingdom","London Stock Exchange","CAD","-","GBP"
"13","HUTCHMED (CHINA) LTD","Health Care","Equity","1,177.35","0.00","1,177.35","303.00","3.89","China","Hong Kong Exchanges And Clearing Ltd","CAD","-","HKD"
"601658","POSTAL SAVINGS BANK OF CHINA LTD A","Financials","Equity","1,176.51","0.00","1,176.51","1,050.00","1.12","China","Shanghai Stock Exchange","CAD","-","CNY"
"601872","CHINA MERCHANTS ENERGY SHIPPING LT","Energy","Equity","1,176.30","0.00","1,176.30","258.00","4.56","China","Shanghai Stock Exchange","CAD","-","CNY"
"LTR","LIONTOWN LTD","Materials","Equity","1,175.39","0.00","1,175.39","1,175.00","1.00","Australia","Asx - All Markets","CAD","-","AUD"
"4194","VISIONAL","Industrials","Equity","1,174.77","0.00","1,174.77","15.00","76.80","Japan","Tokyo Stock Exchange","CAD","-","JPY"
"3896","KINGSOFT CLOUD HOLDINGS LTD","Information Technology","Equity","1,173.19","0.00","1,173.19","1,348.00","0.87","China","Hong Kong Exchanges And Clearing Ltd","CAD","-","HKD"
"600031","SANY HEAVY INDUSTRY LTD A","Industrials","Equity","1,173.04","0.00","1,173.04","311.00","3.77","China","Shanghai Stock Exchange","CAD","-","CNY"
"1415","COWELL E HOLDINGS INC","Information Technology","Equity","1,172.61","0.00","1,172.61","284.00","4.13","Hong Kong","Hong Kong Exchanges And Clearing Ltd","CAD","-","HKD"
"2296","ITOHAM YONEKYU HOLDINGS","Consumer Staples","Equity","1,172.04","0.00","1,172.04","26.00","45.44","Japan","Tokyo Stock Exchange","CAD","-","JPY"
"QL","QL RESOURCES","Consumer Staples","Equity","1,170.58","0.00","1,170.58","887.00","1.32","Malaysia","Bursa Malaysia","CAD","-","MYR"
"GNZ","GOODMAN NEW ZEALAND & GOODMAN PROP","Real Estate","Equity","1,169.10","0.00","1,169.10","764.00","1.53","New Zealand","New Zealand Exchange Ltd","CAD","-","NZD"
"TKO","TIKEHAU CAPITAL","Financials","Equity","1,168.24","0.00","1,168.24","43.00","26.99","France","Nyse Euronext - Euronext Paris","CAD","-","EUR"
"103590","ILJIN ELECTRIC LTD","Industrials","Equity","1,168.24","0.00","1,168.24","16.00","71.06","Korea (South)","Korea Exchange (Stock Market)","CAD","-","KRW"
"PRTC","PRIORTECH LTD","Information Technology","Equity","1,167.61","0.00","1,167.61","9.00","137.15","Israel","Tel Aviv Stock Exchange","CAD","-","ILS"
"INRM","INROM CONSTRUCTION INDUSTRIES LTD","Industrials","Equity","1,167.38","0.00","1,167.38","97.00","12.09","Israel","Tel Aviv Stock Exchange","CAD","-","ILS"
"BRE","FRENI BREMBO NV","Consumer Discretionary","Equity","1,167.19","0.00","1,167.19","70.00","16.68","Italy","Borsa Italiana","CAD","-","EUR"
"601766","CRRC CORP LTD A","Industrials","Equity","1,167.00","0.00","1,167.00","941.00","1.24","China","Shanghai Stock Exchange","CAD","-","CNY"
"BURE","BURE EQUITY","Financials","Equity","1,166.33","0.00","1,166.33","27.00","44.00","Sweden","Nasdaq Omx Nordic","CAD","-","SEK"
"INTR","INTER AND CO INC CLASS A","Financials","Equity","1,165.42","0.00","1,165.42","153.00","7.62","Brazil","NASDAQ","CAD","-","USD"
"MPHC","MESAIEED PETROCHEMICAL HOLDING","Materials","Equity","1,164.67","0.00","1,164.67","2,912.00","0.40","Qatar","Qatar Exchange","CAD","-","QAR"
"4927","POLA ORBIS HOLDINGS","Consumer Staples","Equity","1,164.16","0.00","1,164.16","94.00","12.44","Japan","Tokyo Stock Exchange","CAD","-","JPY"
"RSG","RESOLUTE MINING","Materials","Equity","1,163.77","0.00","1,163.77","888.00","1.31","Australia","Asx - All Markets","CAD","-","AUD"
"9504","CHUGOKU ELECTRIC POWER","Utilities","Equity","1,163.38","0.00","1,163.38","115.00","10.09","Japan","Tokyo Stock Exchange","CAD","-","JPY"
"214450","PHARMARESEARCH LTD","Health Care","Equity","1,161.02","0.00","1,161.02","3.00","333.55","Korea (South)","Korea Exchange (Kosdaq)","CAD","-","KRW"
"SCOP","SCOPE METALS GROUP LTD","Industrials","Equity","1,159.25","0.00","1,159.25","9.00","129.91","Israel","Tel Aviv Stock Exchange","CAD","-","ILS"
"BSEN","BET SHEMESH ENGINES HOLDINGS LTD","Industrials","Equity","1,158.45","0.00","1,158.45","3.00","364.86","Israel","Tel Aviv Stock Exchange","CAD","-","ILS"
"FAGR","FAGRON NV","Health Care","Equity","1,157.80","0.00","1,157.80","32.00","35.66","Belgium","Nyse Euronext - Euronext Brussels","CAD","-","EUR"
"TAEE11","TRANSMISSORA ALIANCA ENERGIA ELETR","Utilities","Equity","1,156.93","0.00","1,156.93","103.00","11.26","Brazil","XBSP","CAD","-","BRL"
"CHEMM","CHEMOMETEC","Health Care","Equity","1,154.50","0.00","1,154.50","10.00","112.07","Denmark","Omx Nordic Exchange Copenhagen A/S","CAD","-","DKK"
"NOFR","O.Y. NOFAR ENERGY","Utilities","Equity","1,152.73","0.00","1,152.73","16.00","73.51","Israel","Tel Aviv Stock Exchange","CAD","-","ILS"
"ELD","ELDERS","Consumer Staples","Equity","1,150.38","0.00","1,150.38","183.00","6.29","Australia","Asx - All Markets","CAD","-","AUD"
"U10","UOB KAY HIAN HOLDINGS LTD","Financials","Equity","1,150.10","0.00","1,150.10","274.00","4.20","Singapore","Singapore Exchange","CAD","-","SGD"
"VGP","VGP NV","Real Estate","Equity","1,150.06","0.00","1,150.06","10.00","116.79","Belgium","Nyse Euronext - Euronext Brussels","CAD","-","EUR"
"CARBORUNIV","CARBORUNDUM UNIVERSAL LTD","Materials","Equity","1,149.17","0.00","1,149.17","73.00","15.80","India","National Stock Exchange Of India","CAD","-","INR"
"6834","SEIKOH GIKEN LTD","Information Technology","Equity","1,148.08","0.00","1,148.08","25.00","46.16","Japan","Tokyo Stock Exchange","CAD","-","JPY"
"3005","GETAC HOLDINGS CORP","Information Technology","Equity","1,147.64","0.00","1,147.64","222.00","5.18","Taiwan","Taiwan Stock Exchange","CAD","-","TWD"
"9449","GMO INTERNET GROUP","Information Technology","Equity","1,147.41","0.00","1,147.41","32.00","35.80","Japan","Tokyo Stock Exchange","CAD","-","JPY"
"MSB","MESOBLAST","Health Care","Equity","1,146.79","0.00","1,146.79","559.00","2.05","Australia","Asx - All Markets","CAD","-","AUD"
"BOSN","BOSSARD HOLDING AG","Industrials","Equity","1,145.81","0.00","1,145.81","3.00","405.80","Switzerland","SIX Swiss Exchange","CAD","-","CHF"
"001440","TAIHAN C&S","Industrials","Equity","1,144.75","0.00","1,144.75","40.00","28.65","Korea (South)","Korea Exchange (Stock Market)","CAD","-","KRW"
"TATATECH","TATA TECHNOLOGIES LTD","Information Technology","Equity","1,141.81","0.00","1,141.81","103.00","11.06","India","National Stock Exchange Of India","CAD","-","INR"
"SIB","SHARJAH ISLAMIC BANK","Financials","Equity","1,139.92","0.00","1,139.92","991.00","1.15","United Arab Emirates","Abu Dhabi Securities Exchange","CAD","-","AED"
"HIAG","HIAG IMMOBILIEN HOLDING AG","Real Estate","Equity","1,139.71","0.00","1,139.71","5.00","217.33","Switzerland","SIX Swiss Exchange","CAD","-","CHF"
"MTAV","MEITAV INVESTMENTS HOUSE LTD","Financials","Equity","1,137.09","0.00","1,137.09","21.00","55.20","Israel","Tel Aviv Stock Exchange","CAD","-","ILS"
"RIT1","REIT REIT LTD","Real Estate","Equity","1,135.64","0.00","1,135.64","114.00","9.94","Israel","Tel Aviv Stock Exchange","CAD","-","ILS"
"2637","WISDOM MARINE LINES LTD","Industrials","Equity","1,135.33","0.00","1,135.33","254.00","4.47","Taiwan","Taiwan Stock Exchange","CAD","-","TWD"
"8039","TAIFLEX SCIENTIFIC LTD","Information Technology","Equity","1,134.86","0.00","1,134.86","101.00","11.27","Taiwan","Taiwan Stock Exchange","CAD","-","TWD"
"ENOG","ENERGEAN PLC","Energy","Equity","1,133.83","0.00","1,133.83","76.00","14.87","United Kingdom","London Stock Exchange","CAD","-","GBP"
"PARKIN","PARKIN COMPANY","Industrials","Equity","1,133.59","0.00","1,133.59","493.00","2.30","United Arab Emirates","Dubai Financial Market","CAD","-","AED"
"ABK","AL AHLI BANK","Financials","Equity","1,133.34","0.00","1,133.34","815.00","1.39","Kuwait","Kuwait Stock Exchange","CAD","-","KWD"
"601818","CHINA EVERBRIGHT BANK LTD A","Financials","Equity","1,131.78","0.00","1,131.78","1,768.00","0.64","China","Shanghai Stock Exchange","CAD","-","CNY"
"CARTRADE","CARTRADE TECH","Consumer Discretionary","Equity","1,131.62","0.00","1,131.62","26.00","42.83","India","National Stock Exchange Of India","CAD","-","INR"
"WOCKPHARMA","WOCKHARDT","Health Care","Equity","1,130.78","0.00","1,130.78","37.00","30.21","India","National Stock Exchange Of India","CAD","-","INR"
"916","CHINA LONGYUAN POWER GROUP H","Utilities","Equity","1,129.40","0.00","1,129.40","1,228.00","0.92","China","Hong Kong Exchanges And Clearing Ltd","CAD","-","HKD"
"IIFL","IIFL FINANCE","Financials","Equity","1,128.62","0.00","1,128.62","130.00","8.70","India","National Stock Exchange Of India","CAD","-","INR"
"600406","NARI TECHNOLOGY LTD A","Industrials","Equity","1,128.04","0.00","1,128.04","246.00","4.58","China","Shanghai Stock Exchange","CAD","-","CNY"
"1503","SHIHLIN ELECTRIC AND ENGINEERING C","Industrials","Equity","1,127.96","0.00","1,127.96","130.00","8.66","Taiwan","Taiwan Stock Exchange","CAD","-","TWD"
"SON","SONAE SA","Consumer Staples","Equity","1,127.88","0.00","1,127.88","334.00","3.38","Portugal","Nyse Euronext - Euronext Lisbon","CAD","-","EUR"
"7419","NOJIMA","Consumer Discretionary","Equity","1,127.31","0.00","1,127.31","97.00","11.63","Japan","Tokyo Stock Exchange","CAD","-","JPY"
"1908","C D INTERNATIONAL INVESTMENT GROUP","Real Estate","Equity","1,125.79","0.00","1,125.79","534.00","2.11","China","Hong Kong Exchanges And Clearing Ltd","CAD","-","HKD"
"2486","I-CHIUN PRECISION INDUSTRY LTD","Information Technology","Equity","1,124.52","0.00","1,124.52","112.00","10.05","Taiwan","Taiwan Stock Exchange","CAD","-","TWD"
"VAHN","VAUDOISE ASSURANCES SA","Financials","Equity","1,121.96","0.00","1,121.96","1.00","1,300.60","Switzerland","SIX Swiss Exchange","CAD","-","CHF"
"CLBT","CELLEBRITE DI LTD","Information Technology","Equity","1,121.39","0.00","1,121.39","68.00","16.53","Israel","NASDAQ","CAD","-","USD"
"6814","FURUNO ELECTRIC LTD","Information Technology","Equity","1,121.38","0.00","1,121.38","17.00","67.62","Japan","Tokyo Stock Exchange","CAD","-","JPY"
"6271","TONG HSING ELECTRONIC INDUSTRIES","Information Technology","Equity","1,121.02","0.00","1,121.02","114.00","9.87","Taiwan","Taiwan Stock Exchange","CAD","-","TWD"
"ORA","ORORA","Materials","Equity","1,118.87","0.00","1,118.87","799.00","1.40","Australia","Asx - All Markets","CAD","-","AUD"
"AMBEA","AMBEA","Health Care","Equity","1,117.53","0.00","1,117.53","45.00","24.86","Sweden","Nasdaq Omx Nordic","CAD","-","SEK"
"2855","PRESIDENT SECURITIES CORP","Financials","Equity","1,117.53","0.00","1,117.53","486.00","2.30","Taiwan","Taiwan Stock Exchange","CAD","-","TWD"
"2371","TATUNG","Industrials","Equity","1,116.47","0.00","1,116.47","859.00","1.30","Taiwan","Taiwan Stock Exchange","CAD","-","TWD"
"052690","KEPCO ENGINEERING & CONSTRUCTION I","Industrials","Equity","1,116.45","0.00","1,116.45","8.00","139.29","Korea (South)","Korea Exchange (Stock Market)","CAD","-","KRW"
"3898","ZHUZHOU CRRC TIMES ELECTRIC LTD H","Industrials","Equity","1,116.39","0.00","1,116.39","218.00","5.11","China","Hong Kong Exchanges And Clearing Ltd","CAD","-","HKD"
"DOFG","DOF GROUP","Energy","Equity","1,116.30","0.00","1,116.30","56.00","20.00","Norway","Oslo Bors Asa","CAD","-","NOK"
"CY6U","CAPITALAND INDIA UNITS TRUST","Real Estate","Equity","1,114.72","0.00","1,114.72","1,093.00","1.02","Singapore","Singapore Exchange","CAD","-","SGD"
"DVP","DEVELOP GLOBAL","Materials","Equity","1,114.17","0.00","1,114.17","237.00","4.71","Australia","Asx - All Markets","CAD","-","AUD"
"7014","NAMURA SHIPBUILDING","Industrials","Equity","1,112.49","0.00","1,112.49","24.00","45.44","Japan","Tokyo Stock Exchange","CAD","-","JPY"
"8986","DAIWA SECURITIES LIVING INVESTMENT","Real Estate","Equity","1,112.48","0.00","1,112.48","1.00","836.07","Japan","Tokyo Stock Exchange","CAD","-","JPY"
"5904","POYA LTD","Consumer Discretionary","Equity","1,112.21","0.00","1,112.21","350.00","3.18","Taiwan","Gretai Securities Market","CAD","-","TWD"
"2026","PONY AI INC","Information Technology","Equity","1,112.16","0.00","1,112.16","118.00","9.40","China","Hong Kong Exchanges And Clearing Ltd","CAD","-","HKD"
"MMK","MAYR MELNHOF KARTON AG","Materials","Equity","1,111.72","0.00","1,111.72","9.00","118.08","Austria","Wiener Boerse Ag","CAD","-","EUR"
"095340","ISC TECHNOLOGY LTD","Information Technology","Equity","1,110.99","0.00","1,110.99","6.00","190.21","Korea (South)","Korea Exchange (Kosdaq)","CAD","-","KRW"
"3323","CHINA NATIONAL BUILDING MATERIAL L","Materials","Equity","1,110.47","0.00","1,110.47","1,851.00","0.60","China","Hong Kong Exchanges And Clearing Ltd","CAD","-","HKD"
"3933","THE UNITED LABORATORIES INTERNATIO","Health Care","Equity","1,109.86","0.00","1,109.86","798.00","1.39","Hong Kong","Hong Kong Exchanges And Clearing Ltd","CAD","-","HKD"
"3309","SEKISUI HOUSE REIT","Real Estate","Equity","1,109.70","0.00","1,109.70","2.00","643.00","Japan","Tokyo Stock Exchange","CAD","-","JPY"
"SUNDRMFAST","SUNDRAM FASTENERS LTD","Consumer Discretionary","Equity","1,109.55","0.00","1,109.55","62.00","17.88","India","National Stock Exchange Of India","CAD","-","INR"
"ROKO B","ROKO CLASS B","Financials","Equity","1,109.28","0.00","1,109.28","4.00","264.73","Sweden","Nasdaq Omx Nordic","CAD","-","SEK"
"6691","YANKEY ENGINEERING LTD","Industrials","Equity","1,108.99","0.00","1,108.99","41.00","26.76","Taiwan","Taiwan Stock Exchange","CAD","-","TWD"
"SYRMA","SYRMA SGS TECHNOLOGY","Information Technology","Equity","1,108.10","0.00","1,108.10","47.00","23.58","India","National Stock Exchange Of India","CAD","-","INR"
"1950","NIPPON DENSETSU KOGYO LTD","Industrials","Equity","1,106.94","0.00","1,106.94","30.00","37.31","Japan","Tokyo Stock Exchange","CAD","-","JPY"
"6923","STANLEY ELECTRIC","Consumer Discretionary","Equity","1,106.08","0.00","1,106.08","35.00","31.91","Japan","Tokyo Stock Exchange","CAD","-","JPY"
"300033","HITHINK ROYALFLUSH INFORMATION NET","Financials","Equity","1,104.39","0.00","1,104.39","26.00","41.94","China","Shenzhen Stock Exchange","CAD","-","CNY"
"600989","NINGXIA BAOFENG ENERGY GROUP LTD A","Materials","Equity","1,104.08","0.00","1,104.08","228.00","4.85","China","Shanghai Stock Exchange","CAD","-","CNY"
"603288","FOSHAN HAI TIAN FLAVOURING & FOOD","Consumer Staples","Equity","1,103.98","0.00","1,103.98","156.00","7.07","China","Shanghai Stock Exchange","CAD","-","CNY"
"GVYM","GAV-YAM LAND CORP LTD","Real Estate","Equity","1,102.96","0.00","1,102.96","62.00","17.65","Israel","Tel Aviv Stock Exchange","CAD","-","ILS"
"2327","NS SOLUTIONS CORP","Information Technology","Equity","1,101.37","0.00","1,101.37","31.00","35.25","Japan","Tokyo Stock Exchange","CAD","-","JPY"
"600015","HUA XIA BANK LTD A","Financials","Equity","1,099.70","0.00","1,099.70","839.00","1.31","China","Shanghai Stock Exchange","CAD","-","CNY"
"1477","MAKALOT INDUSTRIAL","Consumer Discretionary","Equity","1,099.56","0.00","1,099.56","129.00","8.51","Taiwan","Taiwan Stock Exchange","CAD","-","TWD"
"141080","LIGA CHEM BIO INC","Health Care","Equity","1,099.09","0.00","1,099.09","13.00","84.22","Korea (South)","Korea Exchange (Kosdaq)","CAD","-","KRW"
"HLAN","HILAN LTD","Industrials","Equity","1,098.85","0.00","1,098.85","10.00","112.38","Israel","Tel Aviv Stock Exchange","CAD","-","ILS"
"INR","INR CASH","Cash and/or Derivatives","Cash","1,098.57","0.00","1,098.57","752.00","1.46","India","-","CAD","-","INR"
"7867","TOMY LTD","Consumer Discretionary","Equity","1,097.78","0.00","1,097.78","30.00","36.22","Japan","Tokyo Stock Exchange","CAD","-","JPY"
"NETC","NETCOMPANY GROUP","Information Technology","Equity","1,095.93","0.00","1,095.93","16.00","68.68","Denmark","Omx Nordic Exchange Copenhagen A/S","CAD","-","DKK"
"1662","JAPAN PETROLEUM EXPLORATION","Energy","Equity","1,095.48","0.00","1,095.48","63.00","17.41","Japan","Tokyo Stock Exchange","CAD","-","JPY"
"14","HYSAN DEVELOPMENT","Real Estate","Equity","1,093.04","0.00","1,093.04","395.00","2.77","Hong Kong","Hong Kong Exchanges And Clearing Ltd","CAD","-","HKD"
"PPLPHARMA","PIRAMAL PHARMA LTD","Health Care","Equity","1,092.77","0.00","1,092.77","367.00","2.98","India","National Stock Exchange Of India","CAD","-","INR"
"CSAN3","COSAN INDUSTRIA E COMERCIO","Consumer Discretionary","Equity","1,090.70","0.00","1,090.70","1,091.00","1.00","Brazil","XBSP","CAD","-","BRL"
"002156","TONGFU MICROELECTRONICS LTD A","Information Technology","Equity","1,090.03","0.00","1,090.03","90.00","12.16","China","Shenzhen Stock Exchange","CAD","-","CNY"
"CLW","CHARTER HALL LONG WALE REIT STAPLE","Real Estate","Equity","1,088.51","0.00","1,088.51","322.00","3.38","Australia","Asx - All Markets","CAD","-","AUD"
"EB5","FIRST RESOURCES LTD","Consumer Staples","Equity","1,087.18","0.00","1,087.18","194.00","5.61","Singapore","Singapore Exchange","CAD","-","SGD"
"601009","BANK OF NANJING LTD A","Financials","Equity","1,086.94","0.00","1,086.94","442.00","2.46","China","Shanghai Stock Exchange","CAD","-","CNY"
"3466","LASALLE LOGIPORT REIT","Real Estate","Equity","1,086.31","0.00","1,086.31","1.00","1,280.60","Japan","Tokyo Stock Exchange","CAD","-","JPY"
"PPB","PPB GROUP","Consumer Staples","Equity","1,085.99","0.00","1,085.99","328.00","3.31","Malaysia","Bursa Malaysia","CAD","-","MYR"
"QEWS","NEBRAS ENERGY","Utilities","Equity","1,085.80","0.00","1,085.80","215.00","5.06","Qatar","Qatar Exchange","CAD","-","QAR"
"7030","MOBILE TELECOMMUNICATIONS","Communication","Equity","1,085.47","0.00","1,085.47","289.00","3.76","Saudi Arabia","Saudi Stock Exchange","CAD","-","SAR"
"002380","KCC","Materials","Equity","1,083.57","0.00","1,083.57","2.00","467.18","Korea (South)","Korea Exchange (Stock Market)","CAD","-","KRW"
"CSN","CHESNARA PLC","Financials","Equity","1,083.47","0.00","1,083.47","162.00","6.67","United Kingdom","London Stock Exchange","CAD","-","GBP"
"NIND","NATIONAL INDUSTRIES GROUP HOLDING","Industrials","Equity","1,082.10","0.00","1,082.10","993.00","1.09","Kuwait","Kuwait Stock Exchange","CAD","-","KWD"
"3923","RAKUS","Information Technology","Equity","1,082.09","0.00","1,082.09","111.00","9.78","Japan","Tokyo Stock Exchange","CAD","-","JPY"
"VITROX","VITROX CORPORATION","Information Technology","Equity","1,080.74","0.00","1,080.74","331.00","3.27","Malaysia","Bursa Malaysia","CAD","-","MYR"
"HVN","HARVEY NORMAN HOLDINGS LTD","Consumer Discretionary","Equity","1,080.25","0.00","1,080.25","260.00","4.15","Australia","Asx - All Markets","CAD","-","AUD"
"6457","GLORY LTD","Industrials","Equity","1,079.44","0.00","1,079.44","27.00","40.23","Japan","Tokyo Stock Exchange","CAD","-","JPY"
"PFGRUPOARG","INVERSIONES ARGOS PREF","Materials","Equity","1,079.23","0.00","1,079.23","147.00","7.35","Colombia","Bolsa De Valores De Colombia","CAD","-","COP"
"BUOU","FRASERS LOGISTICS & COMMERCIAL TRU","Real Estate","Equity","1,078.13","0.00","1,078.13","1,100.00","0.98","Singapore","Singapore Exchange","CAD","-","SGD"
"HUSQ B","HUSQVARNA","Industrials","Equity","1,076.66","0.00","1,076.66","208.00","5.17","Sweden","Nasdaq Omx Nordic","CAD","-","SEK"
"7616","COLOWIDE LTD","Consumer Discretionary","Equity","1,076.05","0.00","1,076.05","60.00","18.05","Japan","Tokyo Stock Exchange","CAD","-","JPY"
"1212","ASTRA INDUSTRIAL GROUP","Industrials","Equity","1,075.73","0.00","1,075.73","22.00","49.89","Saudi Arabia","Saudi Stock Exchange","CAD","-","SAR"
"RKH","ROCKHOPPER EXPLORATION PLC","Energy","Equity","1,074.99","0.00","1,074.99","833.00","1.29","United Kingdom","London Stock Exchange","CAD","-","GBP"
"SRE","SIRIUS REAL ESTATE LIMITED","Real Estate","Equity","1,074.06","0.00","1,074.06","621.00","1.73","United Kingdom","London Stock Exchange","CAD","-","GBP"
"ALSEA*","ALSEA DE CV","Consumer Discretionary","Equity","1,073.64","0.00","1,073.64","306.00","3.51","Mexico","Bolsa Mexicana De Valores","CAD","-","MXN"
"3481","MITSUBISHI ESTATE LOGISTICS REIT C","Real Estate","Equity","1,073.38","0.00","1,073.38","1.00","1,017.48","Japan","Tokyo Stock Exchange","CAD","-","JPY"
"601668","CHINA STATE CONSTRUCTION ENGINEERI","Industrials","Equity","1,071.70","0.00","1,071.70","1,204.00","0.89","China","Shanghai Stock Exchange","CAD","-","CNY"
"300433","LENS TECHNOLOGY A","Information Technology","Equity","1,070.66","0.00","1,070.66","153.00","6.98","China","Shenzhen Stock Exchange","CAD","-","CNY"
"ASKER","ASKER HEALTHCARE GROUP","Health Care","Equity","1,070.48","0.00","1,070.48","125.00","8.55","Sweden","Nasdaq Omx Nordic","CAD","-","SEK"
"2778","CHAMPION REAL ESTATE INVESTMENT TR","Real Estate","Equity","1,070.05","0.00","1,070.05","2,972.00","0.36","Hong Kong","Hong Kong Exchanges And Clearing Ltd","CAD","-","HKD"
"VCT","VICAT SA","Materials","Equity","1,068.92","0.00","1,068.92","11.00","96.39","France","Nyse Euronext - Euronext Paris","CAD","-","EUR"
"AIY","IFAST CORPORATION LTD","Financials","Equity","1,068.16","0.00","1,068.16","110.00","9.69","Singapore","Singapore Exchange","CAD","-","SGD"
"POONAWALLA","POONAWALLA FINCORP LTD","Financials","Equity","1,067.74","0.00","1,067.74","169.00","6.31","India","National Stock Exchange Of India","CAD","-","INR"
"SSM","SERVICE STREAM","Industrials","Equity","1,065.17","0.00","1,065.17","440.00","2.42","Australia","Asx - All Markets","CAD","-","AUD"
"2367","GIANT BIOGENE HOLDING LTD","Consumer Staples","Equity","1,064.59","0.00","1,064.59","244.00","4.36","China","Hong Kong Exchanges And Clearing Ltd","CAD","-","HKD"
"004170","SHINSEGAE INC","Consumer Discretionary","Equity","1,063.63","0.00","1,063.63","3.00","357.85","Korea (South)","Korea Exchange (Stock Market)","CAD","-","KRW"
"ODL","ODFJELL DRILLING","Energy","Equity","1,063.33","0.00","1,063.33","68.00","15.71","Norway","Oslo Bors Asa","CAD","-","NOK"
"JUN3","JUNGHEINRICH PREF AG","Industrials","Equity","1,062.98","0.00","1,062.98","26.00","40.42","Germany","Xetra","CAD","-","EUR"
"CONCOR","CONTAINER CORPORATION OF INDIA LTD","Industrials","Equity","1,060.89","0.00","1,060.89","149.00","7.12","India","National Stock Exchange Of India","CAD","-","INR"
"6214","SYSTEX CORP","Information Technology","Equity","1,060.52","0.00","1,060.52","125.00","8.47","Taiwan","Taiwan Stock Exchange","CAD","-","TWD"
"688120","HWATSING TECHNOLOGY LTD A","Information Technology","Equity","1,060.10","0.00","1,060.10","19.00","55.28","China","Shanghai Stock Exchange","CAD","-","CNY"
"2006","TUNG HO STEEL ENTERPRISE","Materials","Equity","1,060.03","0.00","1,060.03","293.00","3.62","Taiwan","Taiwan Stock Exchange","CAD","-","TWD"
"ENA","ENEA SA","Utilities","Equity","1,059.67","0.00","1,059.67","141.00","7.50","Poland","Warsaw Stock Exchange/Equities/Main Market","CAD","-","PLN"
"SMG","SMG AG","Communication","Equity","1,058.11","0.00","1,058.11","21.00","50.00","Switzerland","SIX Swiss Exchange","CAD","-","CHF"
"ELAL","EL AL ISRAEL AIRLINES","Industrials","Equity","1,057.31","0.00","1,057.31","140.00","7.54","Israel","Tel Aviv Stock Exchange","CAD","-","ILS"
"ALI","AYALA LAND","Real Estate","Equity","1,057.13","0.00","1,057.13","3,109.00","0.34","Philippines","Philippine Stock Exchange Inc.","CAD","-","PHP"
"HMN","CAPITALAND ASCOTT STAPLED UNIT TRU","Real Estate","Equity","1,057.06","0.00","1,057.06","1,162.00","0.91","Singapore","Singapore Exchange","CAD","-","SGD"
"2815","ARIAKE JAPAN LTD","Consumer Staples","Equity","1,056.07","0.00","1,056.07","22.00","47.24","Japan","Tokyo Stock Exchange","CAD","-","JPY"
"RES","RESILIENT PROP LTD","Real Estate","Equity","1,055.70","0.00","1,055.70","159.00","6.62","South Africa","Johannesburg Stock Exchange","CAD","-","ZAR"
"OVS","OVS SPA","Consumer Discretionary","Equity","1,055.49","0.00","1,055.49","118.00","8.96","Italy","Borsa Italiana","CAD","-","EUR"
"3471","MITSUI FUDOSAN LOGISTICS PARK REIT","Real Estate","Equity","1,054.01","0.00","1,054.01","1.00","916.90","Japan","Tokyo Stock Exchange","CAD","-","JPY"
"GPE","GREAT PORTLAND ESTATES PLC","Real Estate","Equity","1,052.21","0.00","1,052.21","182.00","5.79","United Kingdom","London Stock Exchange","CAD","-","GBP"
"6278","TAIWAN SURFACE MOUNTING TECHNOLOGY","Information Technology","Equity","1,051.65","0.00","1,051.65","130.00","8.07","Taiwan","Taiwan Stock Exchange","CAD","-","TWD"
"SPK","SPARK NEW ZEALAND","Communication","Equity","1,048.88","0.00","1,048.88","640.00","1.64","New Zealand","New Zealand Exchange Ltd","CAD","-","NZD"
"032640","LG UPLUS","Communication","Equity","1,048.70","0.00","1,048.70","71.00","14.86","Korea (South)","Korea Exchange (Stock Market)","CAD","-","KRW"
"TRPZ","TURPAZ INDUSTRIES LTD","Materials","Equity","1,048.20","0.00","1,048.20","40.00","26.53","Israel","Tel Aviv Stock Exchange","CAD","-","ILS"
"2730","EDION","Consumer Discretionary","Equity","1,048.05","0.00","1,048.05","46.00","22.67","Japan","Tokyo Stock Exchange","CAD","-","JPY"
"6592","MABUCHI MOTOR","Industrials","Equity","1,047.29","0.00","1,047.29","68.00","15.51","Japan","Tokyo Stock Exchange","CAD","-","JPY"
"1585","YADEA GROUP HOLDINGS","Consumer Discretionary","Equity","1,046.40","0.00","1,046.40","666.00","1.57","China","Hong Kong Exchanges And Clearing Ltd","CAD","-","HKD"
"1723","NIHON DENGI LTD","Industrials","Equity","1,045.39","0.00","1,045.39","45.00","23.35","Japan","Tokyo Stock Exchange","CAD","-","JPY"
"CUB","CITY UNION BANK LTD","Financials","Equity","1,045.27","0.00","1,045.27","309.00","3.38","India","National Stock Exchange Of India","CAD","-","INR"
"ARGO","ARGO PROPERTIES NV","Real Estate","Equity","1,045.13","0.00","1,045.13","18.00","59.12","Israel","Tel Aviv Stock Exchange","CAD","-","ILS"
"HSCL","HIMADRI SPECIALITY CHEMICAL LTD","Materials","Equity","1,044.74","0.00","1,044.74","110.00","9.53","India","National Stock Exchange Of India","CAD","-","INR"
"1229","LIEN HWA INDUSTRIAL HOLDINGS CORP","Consumer Staples","Equity","1,044.00","0.00","1,044.00","590.00","1.77","Taiwan","Taiwan Stock Exchange","CAD","-","TWD"
"CYRE3","CYRELA BRAZIL REALTY SA","Consumer Discretionary","Equity","1,042.60","0.00","1,042.60","150.00","6.96","Brazil","XBSP","CAD","-","BRL"
"3116","TOYOTA BOSHOKU CORP","Consumer Discretionary","Equity","1,038.45","0.00","1,038.45","51.00","20.37","Japan","Tokyo Stock Exchange","CAD","-","JPY"
"DANR","DANIELI & C OFFICINE MECCANICHE SA","Industrials","Equity","1,037.90","0.00","1,037.90","16.00","62.97","Italy","Borsa Italiana","CAD","-","EUR"
"MEDCL","MEDINCELL SA","Health Care","Equity","1,037.83","0.00","1,037.83","29.00","35.89","France","Nyse Euronext - Euronext Paris","CAD","-","EUR"
"2689","NINE DRAGONS PAPER HOLDINGS LTD","Materials","Equity","1,036.69","0.00","1,036.69","942.00","1.10","China","Hong Kong Exchanges And Clearing Ltd","CAD","-","HKD"
"3226","MITSUI FUDOSAN ACCOMMODATIONS FUND","Real Estate","Equity","1,036.30","0.00","1,036.30","1.00","1,039.93","Japan","Tokyo Stock Exchange","CAD","-","JPY"
"COFA","COFACE SA","Financials","Equity","1,036.11","0.00","1,036.11","40.00","25.80","France","Nyse Euronext - Euronext Paris","CAD","-","EUR"
"LULU","LULU RETAIL HOLDINGS PLC","Consumer Staples","Equity","1,034.05","0.00","1,034.05","2,954.00","0.35","United Arab Emirates","Abu Dhabi Securities Exchange","CAD","-","AED"
"2310","SAHARA INTERNATIONAL PETROCHEMICAL","Materials","Equity","1,033.99","0.00","1,033.99","226.00","4.57","Saudi Arabia","Saudi Stock Exchange","CAD","-","SAR"
"4164","AL NAHDI MEDICAL","Consumer Staples","Equity","1,033.96","0.00","1,033.96","31.00","33.77","Saudi Arabia","Saudi Stock Exchange","CAD","-","SAR"
"868","XINYI GLASS HOLDINGS","Industrials","Equity","1,033.73","0.00","1,033.73","689.00","1.50","Hong Kong","Hong Kong Exchanges And Clearing Ltd","CAD","-","HKD"
"AMP","AMPLIFON","Health Care","Equity","1,033.56","0.00","1,033.56","56.00","18.62","Italy","Borsa Italiana","CAD","-","EUR"
"C5H","CAIRN HOMES PLC","Consumer Discretionary","Equity","1,033.49","0.00","1,033.49","238.00","4.35","Ireland","Irish Stock Exchange - All Market","CAD","-","EUR"
"KLAR","KLARNA GROUP PLC","Financials","Equity","1,032.07","0.00","1,032.07","53.00","19.50","Sweden","New York Stock Exchange Inc.","CAD","-","USD"
"ALX","ATLAS ARTERIA STAPLED UNITS","Industrials","Equity","1,031.87","0.00","1,031.87","233.00","4.42","Australia","Asx - All Markets","CAD","-","AUD"
"INARI","INARI AMERTRON","Information Technology","Equity","1,031.82","0.00","1,031.82","1,186.00","0.87","Malaysia","Bursa Malaysia","CAD","-","MYR"
"2915","RUENTEX INDUSTRIES LTD","Consumer Discretionary","Equity","1,031.02","0.00","1,031.02","401.00","2.57","Taiwan","Taiwan Stock Exchange","CAD","-","TWD"
"CNI","CENTURIA CAPITAL STAPLED UNITS","Real Estate","Equity","1,030.91","0.00","1,030.91","818.00","1.26","Australia","Asx - All Markets","CAD","-","AUD"
"PAAL B","PER AARSLEFF HOLDING CLASS B","Industrials","Equity","1,029.49","0.00","1,029.49","7.00","145.92","Denmark","Omx Nordic Exchange Copenhagen A/S","CAD","-","DKK"
"ALUP11","ALUPAR INVESTIMENTO UNITS","Utilities","Equity","1,029.34","0.00","1,029.34","114.00","9.06","Brazil","XBSP","CAD","-","BRL"
"H02","HAW PAR CORPORATION LTD","Health Care","Equity","1,029.00","0.00","1,029.00","70.00","14.70","Singapore","Singapore Exchange","CAD","-","SGD"
"226950","OLIX PHARMACEUTICALS INC","Health Care","Equity","1,028.92","0.00","1,028.92","9.00","115.61","Korea (South)","Korea Exchange (Kosdaq)","CAD","-","KRW"
"3401","TEIJIN","Materials","Equity","1,028.85","0.00","1,028.85","66.00","15.60","Japan","Tokyo Stock Exchange","CAD","-","JPY"
"IMPN","IMPLENIA AG","Industrials","Equity","1,028.76","0.00","1,028.76","9.00","109.52","Switzerland","SIX Swiss Exchange","CAD","-","CHF"
"MER","MANILA ELECTRIC","Utilities","Equity","1,027.82","0.00","1,027.82","95.00","10.80","Philippines","Philippine Stock Exchange Inc.","CAD","-","PHP"
"9945","RUENTEX DEVELOPMENT LTD","Real Estate","Equity","1,027.02","0.00","1,027.02","809.00","1.27","Taiwan","Taiwan Stock Exchange","CAD","-","TWD"
"IOIPG","IOI PROPERTIES GROUP","Real Estate","Equity","1,026.55","0.00","1,026.55","808.00","1.27","Malaysia","Bursa Malaysia","CAD","-","MYR"
"KTC.R","KRUNGTHAI CARD NON-VOTING DR PCL","Financials","Equity","1,025.43","0.00","1,025.43","662.00","1.55","Thailand","Stock Exchange Of Thailand","CAD","-","THB"
"FLT","FLIGHT CENTRE TRAVEL GROUP LTD","Consumer Discretionary","Equity","1,024.69","0.00","1,024.69","96.00","10.70","Australia","Asx - All Markets","CAD","-","AUD"
"BANDHANBNK","BANDHAN BANK LTD","Financials","Equity","1,024.52","0.00","1,024.52","410.00","2.50","India","National Stock Exchange Of India","CAD","-","INR"
"600690","HAIER SMART HOME LTD A","Consumer Discretionary","Equity","1,023.39","0.00","1,023.39","237.00","4.32","China","Shanghai Stock Exchange","CAD","-","CNY"
"SHILPAMED","SHILPA MEDICARE LTD","Health Care","Equity","1,022.36","0.00","1,022.36","73.00","13.97","India","National Stock Exchange Of India","CAD","-","INR"
"ASB","ASBISC ENTERPRISES PLC","Information Technology","Equity","1,022.33","0.00","1,022.33","18.00","57.89","Poland","Warsaw Stock Exchange/Equities/Main Market","CAD","-","PLN"
"1515","NITTETSU MINING LTD","Materials","Equity","1,022.24","0.00","1,022.24","35.00","29.41","Japan","Tokyo Stock Exchange","CAD","-","JPY"
"DRD","DRDGOLD LTD","Materials","Equity","1,022.22","0.00","1,022.22","280.00","3.65","South Africa","Johannesburg Stock Exchange","CAD","-","ZAR"
"1828","FWD GROUP HOLDINGS LTD","Financials","Equity","1,021.78","0.00","1,021.78","169.00","6.03","Hong Kong","Hong Kong Exchanges And Clearing Ltd","CAD","-","HKD"
"TMGH","TALAAT MOUSTAFA GROUP","Real Estate","Equity","1,020.57","0.00","1,020.57","397.00","2.57","Egypt","Egyptian Exchange","CAD","-","EGP"
"4321","ARABIAN CENTRES COMPANY","Real Estate","Equity","1,020.12","0.00","1,020.12","174.00","5.86","Saudi Arabia","Saudi Stock Exchange","CAD","-","SAR"
"MEGACPO","MEGACABLE HOLDINGS CPO","Communication","Equity","1,016.14","0.00","1,016.14","241.00","4.22","Mexico","Bolsa Mexicana De Valores","CAD","-","MXN"
"6103","OKUMA CORP","Industrials","Equity","1,015.81","0.00","1,015.81","25.00","40.23","Japan","Tokyo Stock Exchange","CAD","-","JPY"
"IVL.R","INDORAMA VENTURES NON-VOTING DR","Materials","Equity","1,015.48","0.00","1,015.48","819.00","1.24","Thailand","Stock Exchange Of Thailand","CAD","-","THB"
"467","UNITED ENERGY GROUP","Energy","Equity","1,015.39","0.00","1,015.39","14,506.00","0.07","Hong Kong","Hong Kong Exchanges And Clearing Ltd","CAD","-","HKD"
"SVS","SAVILLS PLC","Real Estate","Equity","1,015.27","0.00","1,015.27","54.00","18.97","United Kingdom","London Stock Exchange","CAD","-","GBP"
"8313","RASAN INFORMATION TECHNOLOGY","Financials","Equity","1,015.17","0.00","1,015.17","19.00","54.81","Saudi Arabia","Saudi Stock Exchange","CAD","-","SAR"
"9436","OKINAWA CELLULAR TELEPHONE","Communication","Equity","1,014.43","0.00","1,014.43","25.00","39.96","Japan","Tokyo Stock Exchange","CAD","-","JPY"
"600111","CHINA NORTHERN RARE EARTH (GROUP)","Materials","Equity","1,013.99","0.00","1,013.99","132.00","7.66","China","Shanghai Stock Exchange","CAD","-","CNY"
"FLUOROCHEM","GUJARAT FLUOROCHEMICALS LTD","Materials","Equity","1,013.78","0.00","1,013.78","16.00","65.19","India","National Stock Exchange Of India","CAD","-","INR"
"6777","SANTEC HOLDINGS","Information Technology","Equity","1,013.03","0.00","1,013.03","6.00","177.09","Japan","Tokyo Stock Exchange","CAD","-","JPY"
"CDSL","CENTRAL DEPOSITORY SERVICES (INDIA","Financials","Equity","1,012.12","0.00","1,012.12","51.00","19.67","India","National Stock Exchange Of India","CAD","-","INR"
"EPR","EUROPRIS","Consumer Discretionary","Equity","1,010.88","0.00","1,010.88","82.00","12.32","Norway","Oslo Bors Asa","CAD","-","NOK"
"9861","YOSHINOYA HOLDINGS LTD","Consumer Discretionary","Equity","1,010.83","0.00","1,010.83","31.00","33.14","Japan","Tokyo Stock Exchange","CAD","-","JPY"
"3941","RENGO LTD","Materials","Equity","1,010.53","0.00","1,010.53","72.00","13.97","Japan","Tokyo Stock Exchange","CAD","-","JPY"
"NOBA","NOBA BANK GROUP","Financials","Equity","1,009.54","0.00","1,009.54","80.00","12.60","Sweden","Nasdaq Omx Nordic","CAD","-","SEK"
"084370","EUGENE TECHNOLOGY LTD","Information Technology","Equity","1,008.34","0.00","1,008.34","7.00","138.08","Korea (South)","Korea Exchange (Kosdaq)","CAD","-","KRW"
"NXST","NEXUS SELECT TRUST REIT UNITS","Real Estate","Equity","1,007.71","0.00","1,007.71","416.00","2.42","India","National Stock Exchange Of India","CAD","-","INR"
"ABMB","ALLIANCE BANK MALAYSIA BHD","Financials","Equity","1,005.15","0.00","1,005.15","609.00","1.65","Malaysia","Bursa Malaysia","CAD","-","MYR"
"ALTRA","ALTRA FASTIGHETER","Real Estate","Equity","1,004.88","0.00","1,004.88","92.00","10.90","Sweden","Nasdaq Omx Nordic","CAD","-","SEK"
"FORTY","FORMULA SYSTEMS LTD","Information Technology","Equity","1,004.51","0.00","1,004.51","6.00","159.97","Israel","Tel Aviv Stock Exchange","CAD","-","ILS"
"ELGIEQUIP","ELGI EQUIPMENTS LTD","Industrials","Equity","1,003.72","0.00","1,003.72","116.00","8.65","India","National Stock Exchange Of India","CAD","-","INR"
"601869","YANGTZE OPTICAL FIBRE AND CABLE JO","Information Technology","Equity","1,002.73","0.00","1,002.73","10.00","97.42","China","Shanghai Stock Exchange","CAD","-","CNY"
"ASB","AUSTAL LTD","Industrials","Equity","1,002.23","0.00","1,002.23","219.00","4.57","Australia","Asx - All Markets","CAD","-","AUD"
"RF","EURAZEO","Financials","Equity","1,002.15","0.00","1,002.15","13.00","75.22","France","Nyse Euronext - Euronext Paris","CAD","-","EUR"
"FOUR","4IMPRINT GROUP PLC","Communication","Equity","1,001.48","0.00","1,001.48","12.00","81.57","United Kingdom","London Stock Exchange","CAD","-","GBP"
"HAS","HAYS","Industrials","Equity","1,000.05","0.00","1,000.05","813.00","1.23","United Kingdom","London Stock Exchange","CAD","-","GBP"
"CPIN","CHAROEN POKPHAND INDONESIA","Consumer Staples","Equity","999.93","0.00","999.93","4,000.00","0.25","Indonesia","Indonesia Stock Exchange","CAD","-","IDR"
"PLX","PLUXEE","Financials","Equity","999.65","0.00","999.65","41.00","24.26","France","Nyse Euronext - Euronext Paris","CAD","-","EUR"
"BEM.R","BANGKOK EXPRESSWAY AND METRO PCL N","Industrials","Equity","999.46","0.00","999.46","3,446.00","0.29","Thailand","Stock Exchange Of Thailand","CAD","-","THB"
"8242","H2O RETAILING CORP","Consumer Staples","Equity","999.41","0.00","999.41","38.00","26.08","Japan","Tokyo Stock Exchange","CAD","-","JPY"
"688183","SHENGYI ELECTRONICS LTD A","Information Technology","Equity","998.48","0.00","998.48","40.00","25.10","China","Shanghai Stock Exchange","CAD","-","CNY"
"ENO","ELECNOR","Industrials","Equity","998.07","0.00","998.07","20.00","50.60","Spain","Bolsa De Madrid","CAD","-","EUR"
"1882","HAITIAN INTERNATIONAL LTD","Industrials","Equity","997.97","0.00","997.97","323.00","3.09","China","Hong Kong Exchanges And Clearing Ltd","CAD","-","HKD"
"002352","S.F. HOLDING LTD A","Industrials","Equity","997.61","0.00","997.61","156.00","6.41","China","Shenzhen Stock Exchange","CAD","-","CNY"
"TATACHEM","TATA CHEMICALS LTD","Materials","Equity","997.02","0.00","997.02","88.00","11.36","India","National Stock Exchange Of India","CAD","-","INR"
"8698","MONEX GROUP","Financials","Equity","996.83","0.00","996.83","156.00","6.40","Japan","Tokyo Stock Exchange","CAD","-","JPY"
"600809","SHANXI XINGHUACUN FEN WINE FACTORY","Consumer Staples","Equity","996.39","0.00","996.39","42.00","23.59","China","Shanghai Stock Exchange","CAD","-","CNY"
"2270","MEGMILK SNOW BRAND LTD","Consumer Staples","Equity","996.36","0.00","996.36","29.00","34.31","Japan","Tokyo Stock Exchange","CAD","-","JPY"
"558","UMS INTEGRATION LTD","Information Technology","Equity","995.26","0.00","995.26","353.00","2.82","Singapore","Singapore Exchange","CAD","-","SGD"
"5463","MARUICHI STEEL TUBE LTD","Materials","Equity","994.79","0.00","994.79","63.00","15.74","Japan","Tokyo Stock Exchange","CAD","-","JPY"
"7685","BUYSELL TECHNOLOGIES LTD","Consumer Discretionary","Equity","994.49","0.00","994.49","38.00","26.17","Japan","Tokyo Stock Exchange","CAD","-","JPY"
"9509","HOKKAIDO ELECTRIC POWER INC","Utilities","Equity","994.42","0.00","994.42","96.00","10.38","Japan","Tokyo Stock Exchange","CAD","-","JPY"
"1797","EAST BUY HOLDING LTD","Consumer Staples","Equity","991.92","0.00","991.92","222.00","4.46","China","Hong Kong Exchanges And Clearing Ltd","CAD","-","HKD"
"HUFV A","HUFVUDSTADEN CLASS A","Real Estate","Equity","991.16","0.00","991.16","60.00","16.57","Sweden","Nasdaq Omx Nordic","CAD","-","SEK"
"17","NEW WORLD DEVELOPMENT COMPANY","Real Estate","Equity","989.24","0.00","989.24","951.00","1.04","Hong Kong","Hong Kong Exchanges And Clearing Ltd","CAD","-","HKD"
"2222","KOTOBUKI SPIRITS LTD","Consumer Staples","Equity","988.97","0.00","988.97","43.00","23.21","Japan","Tokyo Stock Exchange","CAD","-","JPY"
"KGB","KELINGTON GROUP","Industrials","Equity","988.90","0.00","988.90","340.00","2.91","Malaysia","Bursa Malaysia","CAD","-","MYR"
"095610","TES LTD","Information Technology","Equity","988.64","0.00","988.64","7.00","137.98","Korea (South)","Korea Exchange (Kosdaq)","CAD","-","KRW"
"OCDO","OCADO GROUP PLC","Consumer Staples","Equity","988.54","0.00","988.54","233.00","4.25","United Kingdom","London Stock Exchange","CAD","-","GBP"
"LUMO","LUMO HOMES","Real Estate","Equity","984.61","0.00","984.61","82.00","12.00","Finland","Nasdaq Omx Helsinki Ltd.","CAD","-","EUR"
"SUPR","SUPERMARKET INCOME REIT PLC","Real Estate","Equity","984.07","0.00","984.07","619.00","1.59","United Kingdom","London Stock Exchange","CAD","-","GBP"
"6472","NTN","Industrials","Equity","983.63","0.00","983.63","286.00","3.44","Japan","Tokyo Stock Exchange","CAD","-","JPY"
"WAF","SILTRONIC N AG","Information Technology","Equity","980.22","0.00","980.22","9.00","111.89","Germany","Xetra","CAD","-","EUR"
"C2PU","PARKWAY LIFE REIT TRUST","Real Estate","Equity","978.93","0.00","978.93","221.00","4.42","Singapore","Singapore Exchange","CAD","-","SGD"
"586","CHINA CONCH VENTURE HOLDINGS LTD","Industrials","Equity","978.69","0.00","978.69","736.00","1.33","China","Hong Kong Exchanges And Clearing Ltd","CAD","-","HKD"
"STOR B","STORSKOGEN GROUP CLASS B","Industrials","Equity","978.30","0.00","978.30","623.00","1.57","Sweden","Nasdaq Omx Nordic","CAD","-","SEK"
"FTAL","FATTAL HOLDINGS LTD","Consumer Discretionary","Equity","977.64","0.00","977.64","3.00","308.05","Israel","Tel Aviv Stock Exchange","CAD","-","ILS"
"RATCH.R","RATCH GROUP PCL NON-VOTING DR","Utilities","Equity","977.45","0.00","977.45","615.00","1.59","Thailand","Stock Exchange Of Thailand","CAD","-","THB"
"336260","DOOSAN FUEL CELL LTD","Industrials","Equity","977.42","0.00","977.42","19.00","50.92","Korea (South)","Korea Exchange (Stock Market)","CAD","-","KRW"
"6516","SANYO DENKI LTD","Industrials","Equity","976.05","0.00","976.05","21.00","47.24","Japan","Tokyo Stock Exchange","CAD","-","JPY"
"9412","SKY PERFECT JSAT","Communication","Equity","975.45","0.00","975.45","53.00","18.50","Japan","Tokyo Stock Exchange","CAD","-","JPY"
"9939","TAIWAN HON CHUAN ENTERPRISE","Materials","Equity","975.14","0.00","975.14","176.00","5.55","Taiwan","Taiwan Stock Exchange","CAD","-","TWD"
"960","LONGFOR GROUP HOLDINGS","Real Estate","Equity","974.94","0.00","974.94","1,005.00","0.97","China","Hong Kong Exchanges And Clearing Ltd","CAD","-","HKD"
"2889","IBF FINANCIAL HOLDINGS LTD SHA","Financials","Equity","974.51","0.00","974.51","1,282.00","0.76","Taiwan","Taiwan Stock Exchange","CAD","-","TWD"
"IGBREIT","IGB REITS UNITS TRUST","Real Estate","Equity","974.02","0.00","974.02","1,036.00","0.94","Malaysia","Bursa Malaysia","CAD","-","MYR"
"6436","AMANO CORP","Information Technology","Equity","973.56","0.00","973.56","28.00","35.14","Japan","Tokyo Stock Exchange","CAD","-","JPY"
"8230","AL RAJHI COMPANY FOR COOPERATIVE I","Financials","Equity","972.68","0.00","972.68","47.00","20.52","Saudi Arabia","Saudi Stock Exchange","CAD","-","SAR"
"6454","MAX LTD","Industrials","Equity","971.40","0.00","971.40","56.00","17.23","Japan","Tokyo Stock Exchange","CAD","-","JPY"
"1128","WYNN MACAU","Consumer Discretionary","Equity","971.20","0.00","971.20","1,044.00","0.93","Hong Kong","Hong Kong Exchanges And Clearing Ltd","CAD","-","HKD"
"NTC","NETCARE","Health Care","Equity","971.16","0.00","971.16","623.00","1.56","South Africa","Johannesburg Stock Exchange","CAD","-","ZAR"
"547A","MUNINOVA HOLDINGS INC","Financials","Equity","970.92","0.00","970.92","245.00","3.97","Japan","Tokyo Stock Exchange","CAD","-","JPY"
"COGN3","COGNA EDUCACAO SA","Consumer Discretionary","Equity","970.85","0.00","970.85","1,566.00","0.62","Brazil","XBSP","CAD","-","BRL"
"3035","FARADAY TECHNOLOGY","Information Technology","Equity","970.71","0.00","970.71","124.00","7.85","Taiwan","Taiwan Stock Exchange","CAD","-","TWD"
"600886","SDIC POWER HOLDINGS LTD A","Utilities","Equity","968.49","0.00","968.49","322.00","3.01","China","Shanghai Stock Exchange","CAD","-","CNY"
"012750","S-1 CORP","Industrials","Equity","967.24","0.00","967.24","11.00","85.03","Korea (South)","Korea Exchange (Stock Market)","CAD","-","KRW"
"4676","FUJI MEDIA HOLDINGS INC","Communication","Equity","966.85","0.00","966.85","26.00","37.30","Japan","Tokyo Stock Exchange","CAD","-","JPY"
"6414","ENNOCONN","Information Technology","Equity","966.75","0.00","966.75","59.00","16.30","Taiwan","Taiwan Stock Exchange","CAD","-","TWD"
"SNT","SANTAM LTD","Financials","Equity","966.06","0.00","966.06","27.00","35.25","South Africa","Johannesburg Stock Exchange","CAD","-","ZAR"
"MDKA","MERDEKA COPPER GOLD","Materials","Equity","964.94","0.00","964.94","4,195.00","0.23","Indonesia","Indonesia Stock Exchange","CAD","-","IDR"
"TEL","PLDT INC","Communication","Equity","963.03","0.00","963.03","38.00","25.19","Philippines","Philippine Stock Exchange Inc.","CAD","-","PHP"
"FII","LISI SA","Industrials","Equity","961.10","0.00","961.10","10.00","101.05","France","Nyse Euronext - Euronext Paris","CAD","-","EUR"
"BRES","BARWA REAL ESTATE","Real Estate","Equity","961.04","0.00","961.04","1,105.00","0.87","Qatar","Qatar Exchange","CAD","-","QAR"
"OBM","ORA BANDA MINING LTD","Materials","Equity","960.88","0.00","960.88","677.00","1.42","Australia","Asx - All Markets","CAD","-","AUD"
"ARG","ARGAN SA","Real Estate","Equity","959.50","0.00","959.50","8.00","116.31","France","Nyse Euronext - Euronext Paris","CAD","-","EUR"
"CPS","CYFROWY POLSAT SA","Communication","Equity","958.68","0.00","958.68","156.00","6.14","Poland","Warsaw Stock Exchange/Equities/Main Market","CAD","-","PLN"
"MDV","MODIVO SA","Consumer Discretionary","Equity","958.30","0.00","958.30","30.00","31.89","Poland","Warsaw Stock Exchange/Equities/Main Market","CAD","-","PLN"
"067310","HANA MICRON INC","Information Technology","Equity","958.23","0.00","958.23","25.00","38.06","Korea (South)","Korea Exchange (Kosdaq)","CAD","-","KRW"
"ADRO","ALAMTRI RESOURCES INDONESIA","Energy","Equity","957.91","0.00","957.91","4,561.00","0.21","Indonesia","Indonesia Stock Exchange","CAD","-","IDR"
"354","CHINASOFT INTERNATIONAL","Information Technology","Equity","957.74","0.00","957.74","1,473.00","0.65","China","Hong Kong Exchanges And Clearing Ltd","CAD","-","HKD"
"4099","SHIKOKU KASEI HOLDINGS CORP","Materials","Equity","957.47","0.00","957.47","49.00","19.39","Japan","Tokyo Stock Exchange","CAD","-","JPY"
"KRE","KUWAIT REAL EST","Real Estate","Equity","956.65","0.00","956.65","559.00","1.71","Kuwait","Kuwait Stock Exchange","CAD","-","KWD"
"8112","SUPREME ELECTRONICS","Information Technology","Equity","956.21","0.00","956.21","263.00","3.63","Taiwan","Taiwan Stock Exchange","CAD","-","TWD"
"2400","XD","Communication","Equity","956.17","0.00","956.17","144.00","6.65","China","Hong Kong Exchanges And Clearing Ltd","CAD","-","HKD"
"6278","UNION TOOL","Industrials","Equity","955.78","0.00","955.78","8.00","115.31","Japan","Tokyo Stock Exchange","CAD","-","JPY"
"ISRO","ISROTEL","Consumer Discretionary","Equity","955.39","0.00","955.39","16.00","60.87","Israel","Tel Aviv Stock Exchange","CAD","-","ILS"
"688525","BIWIN STORAGE TECHNOLOGY LTD A","Information Technology","Equity","955.23","0.00","955.23","22.00","43.53","China","Shanghai Stock Exchange","CAD","-","CNY"
"ANTHEM","ANTHEM BIOSCIENCES","Health Care","Equity","955.13","0.00","955.13","71.00","13.52","India","National Stock Exchange Of India","CAD","-","INR"
"D01","DFI RETAIL GROUP HOLDINGS LTD","Consumer Staples","Equity","955.09","0.00","955.09","200.00","4.77","Hong Kong","Singapore Exchange","CAD","-","USD"
"XTSLA","BLK CSH FND TREASURY SL AGENCY","Cash and/or Derivatives","Money Market","955.02","0.00","955.02","955.00","1.00","United States","-","CAD","-","USD"
"ALPEKA","ALPEK SA DE CV","Materials","Equity","954.51","0.00","954.51","823.00","1.16","Mexico","Bolsa Mexicana De Valores","CAD","-","MXN"
"SPOL","SPAREBANK OSTLANDET","Financials","Equity","951.13","0.00","951.13","31.00","30.57","Norway","Oslo Bors Asa","CAD","-","NOK"
"KCN","KINGSGATE CONSOLIDATED","Materials","Equity","950.42","0.00","950.42","185.00","5.15","Australia","Asx - All Markets","CAD","-","AUD"
"014680","HANSOL CHEMICAL LTD","Materials","Equity","949.84","0.00","949.84","4.00","217.65","Korea (South)","Korea Exchange (Stock Market)","CAD","-","KRW"
"600489","ZHONGJIN GOLD CORP LTD A","Materials","Equity","949.66","0.00","949.66","190.00","4.99","China","Shanghai Stock Exchange","CAD","-","CNY"
"LEGN","LEGEND BIOTECH ADR REP","Health Care","Equity","949.25","0.00","949.25","39.00","24.59","China","NASDAQ","CAD","-","USD"
"CARM","CARMILA SA","Real Estate","Equity","946.98","0.00","946.98","39.00","24.42","France","Nyse Euronext - Euronext Paris","CAD","-","EUR"
"ALSN","ALSO HOLDING AG","Information Technology","Equity","946.63","0.00","946.63","3.00","325.66","Switzerland","SIX Swiss Exchange","CAD","-","CHF"
"2810","HOUSE FOODS GROUP","Consumer Staples","Equity","945.72","0.00","945.72","26.00","36.12","Japan","Tokyo Stock Exchange","CAD","-","JPY"
"VFQS","VODAFONE QATAR","Communication","Equity","943.82","0.00","943.82","953.00","0.99","Qatar","Qatar Exchange","CAD","-","QAR"
"BLSR","BLUE SQUARE REAL ESTATE LTD","Real Estate","Equity","942.27","0.00","942.27","6.00","148.03","Israel","Tel Aviv Stock Exchange","CAD","-","ILS"
"6186","CHINA FEIHE LTD","Consumer Staples","Equity","941.91","0.00","941.91","2,093.00","0.45","China","Hong Kong Exchanges And Clearing Ltd","CAD","-","HKD"
"PLEJD","PLEJD","Industrials","Equity","941.32","0.00","941.32","7.00","139.63","Sweden","AKT","CAD","-","SEK"
"GAMA","GAMMA COMMUNICATIONS","Communication","Equity","940.83","0.00","940.83","45.00","21.03","United Kingdom","London Stock Exchange","CAD","-","GBP"
"9627","AIN HOLDINGS INC","Consumer Staples","Equity","940.54","0.00","940.54","19.00","50.14","Japan","Tokyo Stock Exchange","CAD","-","JPY"
"2050","SAVOLA GROUP","Consumer Staples","Equity","937.89","0.00","937.89","98.00","9.60","Saudi Arabia","Saudi Stock Exchange","CAD","-","SAR"
"8361","OGAKI KYORITSU BANK LTD","Financials","Equity","936.58","0.00","936.58","12.00","75.44","Japan","Tokyo Stock Exchange","CAD","-","JPY"
"NATU3","NATURA SA","Consumer Staples","Equity","931.73","0.00","931.73","431.00","2.16","Brazil","XBSP","CAD","-","BRL"
"GIMB","GIMV NV","Financials","Equity","930.95","0.00","930.95","12.00","75.02","Belgium","Nyse Euronext - Euronext Brussels","CAD","-","EUR"
"440110","FADU","Information Technology","Equity","930.49","0.00","930.49","14.00","64.38","Korea (South)","Korea Exchange (Kosdaq)","CAD","-","KRW"
"4202","DAICEL","Materials","Equity","928.81","0.00","928.81","72.00","12.86","Japan","Tokyo Stock Exchange","CAD","-","JPY"
"6949","PELL BIO-MED TECHNOLOGY","Health Care","Equity","927.16","0.00","927.16","388.00","2.39","Taiwan","Taiwan Stock Exchange","CAD","-","TWD"
"116","CHOW SANG SANG HOLDINGS INTERNATIO","Consumer Discretionary","Equity","926.88","0.00","926.88","405.00","2.29","Hong Kong","Hong Kong Exchanges And Clearing Ltd","CAD","-","HKD"
"600660","FUYAO GLASS INDUSTRY GROUP LTD A","Consumer Discretionary","Equity","926.76","0.00","926.76","82.00","11.28","China","Shanghai Stock Exchange","CAD","-","CNY"
"8628","MATSUI SECURITIES","Financials","Equity","926.73","0.00","926.73","88.00","10.56","Japan","Tokyo Stock Exchange","CAD","-","JPY"
"AVIO","AVIO","Industrials","Equity","925.91","0.00","925.91","20.00","46.11","Italy","Borsa Italiana","CAD","-","EUR"
"CYIENT","CYIENT","Information Technology","Equity","925.42","0.00","925.42","60.00","15.51","India","National Stock Exchange Of India","CAD","-","INR"
"8022","MIZUNO CORP","Consumer Discretionary","Equity","924.56","0.00","924.56","25.00","36.68","Japan","Tokyo Stock Exchange","CAD","-","JPY"
"3282","COMFORIA RESIDENTIAL REIT INC","Real Estate","Equity","924.42","0.00","924.42","1.00","868.40","Japan","Tokyo Stock Exchange","CAD","-","JPY"
"8926","TAIWAN COGENERATION CORP","Utilities","Equity","921.99","0.00","921.99","357.00","2.58","Taiwan","Taiwan Stock Exchange","CAD","-","TWD"
"2330","ADVANCED PETROCHEMICAL","Materials","Equity","921.60","0.00","921.60","111.00","8.34","Saudi Arabia","Saudi Stock Exchange","CAD","-","SAR"
"MONY","MONY GROUP PLC","Communication","Equity","920.13","0.00","920.13","253.00","3.64","United Kingdom","London Stock Exchange","CAD","-","GBP"
"AIIL","AUTHUM INVESTMENT AND INFRASTRUCTU","Financials","Equity","918.51","0.00","918.51","119.00","7.69","India","National Stock Exchange Of India","CAD","-","INR"
"600188","YANKUANG ENERGY GROUP A","Energy","Equity","918.38","0.00","918.38","219.00","4.20","China","Shanghai Stock Exchange","CAD","-","CNY"
"002493","RONGSHENG PETRO CHEMICAL LTD A","Materials","Equity","918.32","0.00","918.32","340.00","2.70","China","Shenzhen Stock Exchange","CAD","-","CNY"
"TIMKEN","TIMKEN INDIA LTD","Industrials","Equity","916.94","0.00","916.94","20.00","46.43","India","National Stock Exchange Of India","CAD","-","INR"
"7649","SUGI HOLDINGS LTD","Consumer Staples","Equity","916.54","0.00","916.54","80.00","11.41","Japan","Tokyo Stock Exchange","CAD","-","JPY"
"111770","YOUNGONE","Consumer Discretionary","Equity","913.26","0.00","913.26","12.00","73.39","Korea (South)","Korea Exchange (Stock Market)","CAD","-","KRW"
"000776","GF SECURITIES A","Financials","Equity","911.41","0.00","911.41","218.00","4.18","China","Shenzhen Stock Exchange","CAD","-","CNY"
"4633","SAKATA INX","Materials","Equity","910.36","0.00","910.36","38.00","24.04","Japan","Tokyo Stock Exchange","CAD","-","JPY"
"2206","EZAKI GLICO","Consumer Staples","Equity","907.98","0.00","907.98","20.00","45.46","Japan","Tokyo Stock Exchange","CAD","-","JPY"
"6290","LONGWELL","Industrials","Equity","906.79","0.00","906.79","78.00","11.67","Taiwan","Gretai Securities Market","CAD","-","TWD"
"YHNF","YOCHANANOF LTD","Consumer Staples","Equity","906.13","0.00","906.13","6.00","157.67","Israel","Tel Aviv Stock Exchange","CAD","-","ILS"
"TOPGLOV","TOP GLOVE CORPORATION","Health Care","Equity","906.00","0.00","906.00","3,356.00","0.27","Malaysia","Bursa Malaysia","CAD","-","MYR"
"KPJ","KPJ HEALTHCARE","Health Care","Equity","904.71","0.00","904.71","1,028.00","0.88","Malaysia","Bursa Malaysia","CAD","-","MYR"
"KPRMILL","KPR MILL","Consumer Discretionary","Equity","903.97","0.00","903.97","57.00","15.97","India","National Stock Exchange Of India","CAD","-","INR"
"INRN","INTERROLL HOLDING AG","Industrials","Equity","903.06","0.00","903.06","0.00","2,387.26","Switzerland","SIX Swiss Exchange","CAD","-","CHF"
"TATAELXSI","TATA ELXSI LTD","Information Technology","Equity","901.81","0.00","901.81","18.00","49.30","India","National Stock Exchange Of India","CAD","-","INR"
"ENDURANCE","ENDURANCE TECHNOLOGIES LTD","Consumer Discretionary","Equity","901.24","0.00","901.24","23.00","39.23","India","National Stock Exchange Of India","CAD","-","INR"
"NH","NARAYANA HRUDAYALAYA","Health Care","Equity","901.07","0.00","901.07","33.00","27.24","India","National Stock Exchange Of India","CAD","-","INR"
"ATHM","AUTOHOME ADS REPRESENTING INC CLA","Communication","Equity","900.90","0.00","900.90","30.00","29.61","China","New York Stock Exchange Inc.","CAD","-","USD"
"031980","PSK HOLDINGS INC","Information Technology","Equity","899.68","0.00","899.68","5.00","168.95","Korea (South)","Korea Exchange (Kosdaq)","CAD","-","KRW"
"MEDANTA","GLOBAL HEALTH LTD","Health Care","Equity","899.55","0.00","899.55","43.00","20.76","India","National Stock Exchange Of India","CAD","-","INR"
"GLAXO","GLAXOSMITHKLINE PHARMACEUTICALS LT","Health Care","Equity","899.16","0.00","899.16","22.00","40.82","India","National Stock Exchange Of India","CAD","-","INR"
"601229","BANK OF SHANGHAI LTD A","Financials","Equity","898.19","0.00","898.19","449.00","2.00","China","Shanghai Stock Exchange","CAD","-","CNY"
"301308","SHENZHEN LONGSYS ELECTRONICS A","Information Technology","Equity","897.79","0.00","897.79","13.00","69.90","China","Shenzhen Stock Exchange","CAD","-","CNY"
"NZD","NZD CASH","Cash and/or Derivatives","Cash","896.79","0.00","896.79","11.00","80.21","New Zealand","-","CAD","-","NZD"
"7744","NORITSU KOKI LTD","Consumer Discretionary","Equity","896.68","0.00","896.68","49.00","18.24","Japan","Tokyo Stock Exchange","CAD","-","JPY"
"INTEA B","INTEA FASTIGHETER CLASS B","Real Estate","Equity","896.68","0.00","896.68","88.00","10.20","Sweden","Nasdaq Omx Nordic","CAD","-","SEK"
"6060","ZHONGAN ONLINE P & C INSURANCE COR","Financials","Equity","896.38","0.00","896.38","509.00","1.76","China","Hong Kong Exchanges And Clearing Ltd","CAD","-","HKD"
"6781","ADVANCED ENERGY SOLUTION HOLDING L","Industrials","Equity","895.77","0.00","895.77","21.00","43.69","Taiwan","Taiwan Stock Exchange","CAD","-","TWD"
"303","VTECH HOLDINGS LTD","Information Technology","Equity","895.60","0.00","895.60","103.00","8.72","Hong Kong","Hong Kong Exchanges And Clearing Ltd","CAD","-","HKD"
"GVR","GLENVEAGH PROPERTIES PLC","Consumer Discretionary","Equity","895.30","0.00","895.30","238.00","3.76","Ireland","Irish Stock Exchange - All Market","CAD","-","EUR"
"4478","FREEE KK","Information Technology","Equity","895.06","0.00","895.06","26.00","35.02","Japan","Tokyo Stock Exchange","CAD","-","JPY"
"631","SANY HEAVY EQUIPMENT INTERNATIONAL","Industrials","Equity","894.57","0.00","894.57","581.00","1.54","China","Hong Kong Exchanges And Clearing Ltd","CAD","-","HKD"
"VIRI","VIRIDIEN SA","Energy","Equity","891.95","0.00","891.95","6.00","151.33","France","Nyse Euronext - Euronext Paris","CAD","-","EUR"
"WHA","WERELDHAVE NV","Real Estate","Equity","891.92","0.00","891.92","30.00","29.40","Netherlands","Euronext Amsterdam","CAD","-","EUR"
"VLX","VOLEX PLC","Industrials","Equity","891.76","0.00","891.76","78.00","11.47","United Kingdom","London Stock Exchange","CAD","-","GBP"
"8967","JAPAN LOGISTICS FUND REIT INC","Real Estate","Equity","890.75","0.00","890.75","1.00","829.79","Japan","Tokyo Stock Exchange","CAD","-","JPY"
"MCOV B","MEDICOVER CLASS B","Health Care","Equity","889.91","0.00","889.91","25.00","35.62","Sweden","Nasdaq Omx Nordic","CAD","-","SEK"
"9401","TBS HOLDINGS INC","Communication","Equity","889.42","0.00","889.42","17.00","53.26","Japan","Tokyo Stock Exchange","CAD","-","JPY"
"HOMEFIRST","HOME FIRST FINANCE INDIA LTD","Financials","Equity","887.85","0.00","887.85","52.00","17.11","India","National Stock Exchange Of India","CAD","-","INR"
"ARVIND","ARVIND LTD","Consumer Discretionary","Equity","886.66","0.00","886.66","112.00","7.90","India","National Stock Exchange Of India","CAD","-","INR"
"009420","HANALL BIOPHARMA LTD","Health Care","Equity","886.60","0.00","886.60","18.00","48.74","Korea (South)","Korea Exchange (Stock Market)","CAD","-","KRW"
"BOLSAA","BOLSA MEXICANA DE VALORES","Financials","Equity","885.77","0.00","885.77","285.00","3.11","Mexico","Bolsa Mexicana De Valores","CAD","-","MXN"
"ORAS","ORASCOM CONSTRUCTION PLC","Industrials","Equity","885.03","0.00","885.03","37.00","23.61","Egypt","Egyptian Exchange","CAD","-","EGP"
"KARN","KARDEX HOLDING AG","Industrials","Equity","884.61","0.00","884.61","2.00","387.12","Switzerland","SIX Swiss Exchange","CAD","-","CHF"
"CRC.R","CENTRAL RETAIL CORPORATION NON-VOT","Consumer Discretionary","Equity","884.30","0.00","884.30","707.00","1.25","Thailand","Stock Exchange Of Thailand","CAD","-","THB"
"TRALT.E","KOZA ALTIN ISLETMELERI A","Materials","Equity","883.15","0.00","883.15","622.00","1.42","Turkey","Istanbul Stock Exchange","CAD","-","TRY"
"AMRT","PT SUMBER ALFARIA TRIJAYA","Consumer Staples","Equity","882.30","0.00","882.30","8,823.00","0.10","Indonesia","Indonesia Stock Exchange","CAD","-","IDR"
"1286","IMPRO PRECISION INDUSTRIES","Industrials","Equity","882.17","0.00","882.17","668.00","1.32","Hong Kong","Hong Kong Exchanges And Clearing Ltd","CAD","-","HKD"
"DALBHARAT","DALMIA BHARAT LTD","Materials","Equity","880.98","0.00","880.98","36.00","24.69","India","National Stock Exchange Of India","CAD","-","INR"
"VIRP","VIRBAC SA","Health Care","Equity","880.69","0.00","880.69","2.00","505.24","France","Nyse Euronext - Euronext Paris","CAD","-","EUR"
"JFN","JUNGFRAUBAHN HOLDING AG","Industrials","Equity","880.62","0.00","880.62","2.00","387.12","Switzerland","SIX Swiss Exchange","CAD","-","CHF"
"007390","NATURECELL LTD","Health Care","Equity","880.35","0.00","880.35","35.00","24.90","Korea (South)","Korea Exchange (Kosdaq)","CAD","-","KRW"
"6996","NICHICON CORP","Information Technology","Equity","880.30","0.00","880.30","38.00","23.00","Japan","Tokyo Stock Exchange","CAD","-","JPY"
"011780","KUMHO PETRO CHEMICAL LTD","Materials","Equity","880.26","0.00","880.26","7.00","123.40","Korea (South)","Korea Exchange (Stock Market)","CAD","-","KRW"
"WABAG","VA TECH WABAG","Utilities","Equity","880.16","0.00","880.16","29.00","30.25","India","National Stock Exchange Of India","CAD","-","INR"
"KINV B","KINNEVIK CLASS B","Financials","Equity","879.73","0.00","879.73","102.00","8.61","Sweden","Nasdaq Omx Nordic","CAD","-","SEK"
"COM7.R","COM7 NON-VOTING DR","Consumer Discretionary","Equity","878.43","0.00","878.43","686.00","1.28","Thailand","Stock Exchange Of Thailand","CAD","-","THB"
"6098","COUNTRY GARDEN SERVICES HOLDINGS L","Real Estate","Equity","878.11","0.00","878.11","954.00","0.92","China","Hong Kong Exchanges And Clearing Ltd","CAD","-","HKD"
"294870","IPARK HYUNDAI DEVELOPMENT","Industrials","Equity","876.56","0.00","876.56","37.00","23.79","Korea (South)","Korea Exchange (Stock Market)","CAD","-","KRW"
"PUUILO","PUUILO","Consumer Discretionary","Equity","876.53","0.00","876.53","32.00","27.70","Finland","Nasdaq Omx Helsinki Ltd.","CAD","-","EUR"
"000792","QINGHAI SALT LAKE INDUSTRY LTD A","Materials","Equity","875.98","0.00","875.98","168.00","5.21","China","Shenzhen Stock Exchange","CAD","-","CNY"
"4966","C UYEMURA LTD","Materials","Equity","875.02","0.00","875.02","5.00","172.51","Japan","Tokyo Stock Exchange","CAD","-","JPY"
"ELM","ELEMENTIS PLC","Materials","Equity","874.82","0.00","874.82","272.00","3.22","United Kingdom","London Stock Exchange","CAD","-","GBP"
"EXA","EXAIL TECHNOLOGIES SA","Industrials","Equity","873.13","0.00","873.13","4.00","200.01","France","Nyse Euronext - Euronext Paris","CAD","-","EUR"
"ARI","AFRICAN RAINBOW MINERAL","Materials","Equity","871.77","0.00","871.77","56.00","15.64","South Africa","Johannesburg Stock Exchange","CAD","-","ZAR"
"APOLLOTYRE","APOLLO TYRES LTD","Consumer Discretionary","Equity","870.66","0.00","870.66","145.00","6.01","India","National Stock Exchange Of India","CAD","-","INR"
"DNLM","DUNELM GROUP PLC","Consumer Discretionary","Equity","870.19","0.00","870.19","61.00","14.24","United Kingdom","London Stock Exchange","CAD","-","GBP"
"COLBUN","COLBUN MACHICURA SA","Utilities","Equity","869.85","0.00","869.85","3,954.00","0.22","Chile","Santiago Stock Exchange","CAD","-","CLP"
"1210","GREAT WALL ENTERPRISE","Consumer Staples","Equity","869.23","0.00","869.23","381.00","2.28","Taiwan","Taiwan Stock Exchange","CAD","-","TWD"
"2441","GREATEK ELECTRONICS INC","Information Technology","Equity","869.17","0.00","869.17","167.00","5.20","Taiwan","Taiwan Stock Exchange","CAD","-","TWD"
"KPG","KIWI PROPERTY GROUP LTD","Real Estate","Equity","868.87","0.00","868.87","1,224.00","0.71","New Zealand","New Zealand Exchange Ltd","CAD","-","NZD"
"1133","HARBIN ELECTRIC LTD H","Industrials","Equity","868.35","0.00","868.35","349.00","2.49","China","Hong Kong Exchanges And Clearing Ltd","CAD","-","HKD"
"HBLENGINE","HBL ENGINEERING LTD","Industrials","Equity","867.91","0.00","867.91","79.00","11.03","India","National Stock Exchange Of India","CAD","-","INR"
"PNDX B","PANDOX","Real Estate","Equity","866.74","0.00","866.74","36.00","23.85","Sweden","Nasdaq Omx Nordic","CAD","-","SEK"
"600522","JIANGSU ZHONGTIAN TECHNOLOGY LTD A","Industrials","Equity","865.56","0.00","865.56","114.00","7.59","China","Shanghai Stock Exchange","CAD","-","CNY"
"9302","MITSUI-SOKO HOLDINGS LTD","Industrials","Equity","865.48","0.00","865.48","28.00","30.74","Japan","Tokyo Stock Exchange","CAD","-","JPY"
"8609","OKASAN SECURITIES GROUP","Financials","Equity","864.53","0.00","864.53","76.00","11.36","Japan","Tokyo Stock Exchange","CAD","-","JPY"
"ELV","ELEVRA LITHIUM LTD","Materials","Equity","863.77","0.00","863.77","138.00","6.24","Australia","Asx - All Markets","CAD","-","AUD"
"BRIGADE","BRIGADE ENTERPRISES","Real Estate","Equity","862.88","0.00","862.88","95.00","9.05","India","National Stock Exchange Of India","CAD","-","INR"
"4090","TAIBA INVESTMENTS","Consumer Discretionary","Equity","862.55","0.00","862.55","125.00","6.92","Saudi Arabia","Saudi Stock Exchange","CAD","-","SAR"
"DANA","DANA GAS","Energy","Equity","862.18","0.00","862.18","2,694.00","0.32","United Arab Emirates","Abu Dhabi Securities Exchange","CAD","-","AED"
"BRAP4","BRADESPAR PREF SA","Materials","Equity","862.07","0.00","862.07","149.00","5.79","Brazil","XBSP","CAD","-","BRL"
"001040","CJ","Industrials","Equity","861.34","0.00","861.34","6.00","132.81","Korea (South)","Korea Exchange (Stock Market)","CAD","-","KRW"
"9858","CHINA YOURAN DAIRY GROUP LTD","Consumer Staples","Equity","861.29","0.00","861.29","1,148.00","0.75","China","Hong Kong Exchanges And Clearing Ltd","CAD","-","HKD"
"KSB3","KSB PREF","Industrials","Equity","861.19","0.00","861.19","1.00","1,336.59","Germany","Xetra","CAD","-","EUR"
"ORL","OIL REFINERIES","Energy","Equity","858.65","0.00","858.65","850.00","1.01","Israel","Tel Aviv Stock Exchange","CAD","-","ILS"
"SAMMAANCAP","SAMMAAN CAPITAL LTD","Financials","Equity","857.90","0.00","857.90","414.00","2.07","India","National Stock Exchange Of India","CAD","-","INR"
"SIMEPROP","SIME DARBY PROPERTY","Real Estate","Equity","857.23","0.00","857.23","1,948.00","0.44","Malaysia","Bursa Malaysia","CAD","-","MYR"
"RENE","REN REDES ENERGETICAS NACIONAIS SA","Utilities","Equity","856.61","0.00","856.61","149.00","5.73","Portugal","Nyse Euronext - Euronext Lisbon","CAD","-","EUR"
"601600","ALUMINUM CORPORATION OF CHINA LTD","Materials","Equity","856.57","0.00","856.57","448.00","1.91","China","Shanghai Stock Exchange","CAD","-","CNY"
"CYL","CATALYST METALS LTD","Materials","Equity","855.46","0.00","855.46","132.00","6.50","Australia","Asx - All Markets","CAD","-","AUD"
"968","XINYI SOLAR HOLDINGS LTD","Information Technology","Equity","854.94","0.00","854.94","2,375.00","0.36","China","Hong Kong Exchanges And Clearing Ltd","CAD","-","HKD"
"8086","NIPRO","Health Care","Equity","853.23","0.00","853.23","64.00","13.23","Japan","Tokyo Stock Exchange","CAD","-","JPY"
"AARTIIND","AARTI INDUSTRIES LTD","Materials","Equity","852.93","0.00","852.93","123.00","6.95","India","National Stock Exchange Of India","CAD","-","INR"
"603228","SHENZHEN KINWONG ELECTRONIC LTD A","Information Technology","Equity","852.36","0.00","852.36","39.00","21.75","China","Shanghai Stock Exchange","CAD","-","CNY"
"POS","PORR AG","Industrials","Equity","851.82","0.00","851.82","15.00","58.72","Austria","Wiener Boerse Ag","CAD","-","EUR"
"ZFCVINDIA","ZF COMMERCIAL VEHICLE CONTROL SYST","Consumer Discretionary","Equity","851.54","0.00","851.54","24.00","35.65","India","National Stock Exchange Of India","CAD","-","INR"
"601998","CHINA CITIC BANK CORP LTD A","Financials","Equity","851.02","0.00","851.02","458.00","1.86","China","Shanghai Stock Exchange","CAD","-","CNY"
"DEEPAKNTR","DEEPAK NITRITE LTD","Materials","Equity","850.52","0.00","850.52","36.00","23.40","India","National Stock Exchange Of India","CAD","-","INR"
"6432","TAKEUCHI MFG","Industrials","Equity","849.55","0.00","849.55","13.00","66.28","Japan","Tokyo Stock Exchange","CAD","-","JPY"
"3714","ENNOSTAR","Information Technology","Equity","848.86","0.00","848.86","296.00","2.87","Taiwan","Taiwan Stock Exchange","CAD","-","TWD"
"IGTI11","IGUATEMI UNIT SA","Real Estate","Equity","848.34","0.00","848.34","122.00","6.93","Brazil","XBSP","CAD","-","BRL"
"BWP","BWP GROUP STAPLED UNITS TRUST","Real Estate","Equity","847.85","0.00","847.85","237.00","3.58","Australia","Asx - All Markets","CAD","-","AUD"
"SHOT","SCANDIC HOTELS GROUP","Consumer Discretionary","Equity","847.17","0.00","847.17","67.00","12.70","Sweden","Nasdaq Omx Nordic","CAD","-","SEK"
"MLX","METALS X","Materials","Equity","846.37","0.00","846.37","423.00","2.00","Australia","Asx - All Markets","CAD","-","AUD"
"489790","HANWHA VISION","Information Technology","Equity","846.35","0.00","846.35","19.00","45.45","Korea (South)","Korea Exchange (Stock Market)","CAD","-","KRW"
"TFG","THE FOSCHINI GROUP","Consumer Discretionary","Equity","846.08","0.00","846.08","193.00","4.38","South Africa","Johannesburg Stock Exchange","CAD","-","ZAR"
"600999","CHINA MERCHANTS SECURITIES LTD A","Financials","Equity","845.35","0.00","845.35","235.00","3.60","China","Shanghai Stock Exchange","CAD","-","CNY"
"204320","HL MANDO CORP","Consumer Discretionary","Equity","844.13","0.00","844.13","17.00","48.89","Korea (South)","Korea Exchange (Stock Market)","CAD","-","KRW"
"000977","INSPUR ELECTRONIC INFORMATION INDU","Information Technology","Equity","843.43","0.00","843.43","58.00","14.56","China","Shenzhen Stock Exchange","CAD","-","CNY"
"8130","SANGETSU CORP","Consumer Discretionary","Equity","842.25","0.00","842.25","29.00","29.01","Japan","Tokyo Stock Exchange","CAD","-","JPY"
"2379","DIP CORP","Industrials","Equity","842.20","0.00","842.20","51.00","16.61","Japan","Tokyo Stock Exchange","CAD","-","JPY"
"417A","BLUE ZONES HOLDINGS LTD","Consumer Staples","Equity","840.23","0.00","840.23","49.00","17.29","Japan","Tokyo Stock Exchange","CAD","-","JPY"
"VTY","VISTRY GROUP PLC","Consumer Discretionary","Equity","839.69","0.00","839.69","166.00","5.07","United Kingdom","London Stock Exchange","CAD","-","GBP"
"ELG","ELMOS SEMICONDUCTOR","Information Technology","Equity","839.48","0.00","839.48","4.00","225.87","Germany","Xetra","CAD","-","EUR"
"NVG","THE NAVIGATOR COMPANY SA","Materials","Equity","839.38","0.00","839.38","160.00","5.26","Portugal","Nyse Euronext - Euronext Lisbon","CAD","-","EUR"
"TU.R","THAI UNION GROUP NON-VOTING DR","Consumer Staples","Equity","838.19","0.00","838.19","1,524.00","0.55","Thailand","Stock Exchange Of Thailand","CAD","-","THB"
"SAFE","SAFESTORE HOLDINGS PLC","Real Estate","Equity","838.17","0.00","838.17","84.00","10.02","United Kingdom","London Stock Exchange","CAD","-","GBP"
"7200","AL MOAMMAR INFORMATION SYSTEMS","Information Technology","Equity","836.97","0.00","836.97","7.00","113.63","Saudi Arabia","Saudi Stock Exchange","CAD","-","SAR"
"533581","PG ELECTROPLAST LTD","Information Technology","Equity","835.86","0.00","835.86","108.00","7.72","India","Bse Ltd","CAD","-","INR"
"688702","SUZHOU CENTEC COMMUNICATIONS LTD A","Information Technology","Equity","835.80","0.00","835.80","13.00","66.17","China","Shanghai Stock Exchange","CAD","-","CNY"
"BANPU.R","BANPU NON-VOTING DR","Energy","Equity","835.66","0.00","835.66","1,348.00","0.62","Thailand","Stock Exchange Of Thailand","CAD","-","THB"
"377300","KAKAOPAY CORP","Financials","Equity","835.42","0.00","835.42","21.00","40.49","Korea (South)","Korea Exchange (Stock Market)","CAD","-","KRW"
"6855","ASCENTAGE PHARMA GROUP INTERNATION","Health Care","Equity","834.96","0.00","834.96","156.00","5.34","China","Hong Kong Exchanges And Clearing Ltd","CAD","-","HKD"
"PFSE","PFISTERER","Industrials","Equity","834.83","0.00","834.83","8.00","109.32","Germany","Xetra","CAD","-","EUR"
"088350","HANWHA LIFE INSURANCE LTD","Financials","Equity","834.38","0.00","834.38","137.00","6.08","Korea (South)","Korea Exchange (Stock Market)","CAD","-","KRW"
"4272","NIPPON KAYAKU LTD","Materials","Equity","833.26","0.00","833.26","44.00","18.99","Japan","Tokyo Stock Exchange","CAD","-","JPY"
"PFD","PREMIER FOODS PLC","Consumer Staples","Equity","833.03","0.00","833.03","231.00","3.61","United Kingdom","London Stock Exchange","CAD","-","GBP"
"DATAPATTNS","DATA PATTERNS INDIA LTD","Industrials","Equity","832.80","0.00","832.80","13.00","64.31","India","National Stock Exchange Of India","CAD","-","INR"
"KNOS","KAINOS GROUP PLC","Information Technology","Equity","832.57","0.00","832.57","37.00","22.71","United Kingdom","London Stock Exchange","CAD","-","GBP"
"ONESOURCE","ONESOURCE SPECIALTY PHARMA LTD","Health Care","Equity","832.19","0.00","832.19","36.00","23.03","India","National Stock Exchange Of India","CAD","-","INR"
"JFC","JOLLIBEE FOODS","Consumer Discretionary","Equity","830.84","0.00","830.84","265.00","3.14","Philippines","Philippine Stock Exchange Inc.","CAD","-","PHP"
"000063","ZTE CORP A","Information Technology","Equity","830.74","0.00","830.74","125.00","6.65","China","Shenzhen Stock Exchange","CAD","-","CNY"
"AFFLE","AFFLE I LTD","Communication","Equity","830.68","0.00","830.68","37.00","22.53","India","National Stock Exchange Of India","CAD","-","INR"
"601066","CHINA SECURITIES LTD A","Financials","Equity","829.57","0.00","829.57","171.00","4.84","China","Shanghai Stock Exchange","CAD","-","CNY"
"552","CHINA COMMUNICATIONS SERVICES CORP","Industrials","Equity","829.15","0.00","829.15","1,136.00","0.73","China","Hong Kong Exchanges And Clearing Ltd","CAD","-","HKD"
"JHSF3","JHSF PARTICIPACOES SA","Real Estate","Equity","828.41","0.00","828.41","270.00","3.07","Brazil","XBSP","CAD","-","BRL"
"AKTR","AKTOR SA HOLDING COMPANY TECHNICAL","Industrials","Equity","824.91","0.00","824.91","50.00","16.35","Greece","Athens Exchange S.A. Cash Market","CAD","-","EUR"
"8850","STARTS CORP INC","Real Estate","Equity","824.84","0.00","824.84","19.00","42.88","Japan","Tokyo Stock Exchange","CAD","-","JPY"
"2250","SAUDI INDUSTRIAL INVESTMENT GROUP","Materials","Equity","824.14","0.00","824.14","190.00","4.34","Saudi Arabia","Saudi Stock Exchange","CAD","-","SAR"
"2142","HBM HOLDINGS LTD","Health Care","Equity","822.68","0.00","822.68","364.00","2.26","Hong Kong","Hong Kong Exchanges And Clearing Ltd","CAD","-","HKD"
"3030","TEST RESEARCH INC","Information Technology","Equity","822.28","0.00","822.28","71.00","11.58","Taiwan","Taiwan Stock Exchange","CAD","-","TWD"
"8923","TOSEI CORPORATION","Real Estate","Equity","821.27","0.00","821.27","54.00","15.19","Japan","Tokyo Stock Exchange","CAD","-","JPY"
"454910","DOOSAN ROBOTICS INC","Industrials","Equity","820.73","0.00","820.73","12.00","69.95","Korea (South)","Korea Exchange (Stock Market)","CAD","-","KRW"
"AQ","AQ GROUP","Industrials","Equity","819.64","0.00","819.64","26.00","31.69","Sweden","Nasdaq Omx Nordic","CAD","-","SEK"
"2083","POWER AND WATER UTILITY COMPANY FO","Utilities","Equity","819.23","0.00","819.23","50.00","16.25","Saudi Arabia","Saudi Stock Exchange","CAD","-","SAR"
"NTDU","NTT DC REIT UNITS","Real Estate","Equity","819.00","0.00","819.00","640.00","1.28","Singapore","Singapore Exchange","CAD","-","USD"
"097950","CJ CHEILJEDANG CORP","Consumer Staples","Equity","818.76","0.00","818.76","5.00","178.57","Korea (South)","Korea Exchange (Stock Market)","CAD","-","KRW"
"601100","JIANGSU HENGLI HYDRAULIC A","Industrials","Equity","818.34","0.00","818.34","42.00","19.50","China","Shanghai Stock Exchange","CAD","-","CNY"
"KEN","KENON HOLDINGS LTD","Utilities","Equity","818.07","0.00","818.07","9.00","92.51","Israel","Tel Aviv Stock Exchange","CAD","-","ILS"
"TLEVISACPO","GRUPO TELEVISA","Communication","Equity","817.74","0.00","817.74","1,258.00","0.65","Mexico","Bolsa Mexicana De Valores","CAD","-","MXN"
"4540","TSUMURA","Health Care","Equity","817.64","0.00","817.64","23.00","34.90","Japan","Tokyo Stock Exchange","CAD","-","JPY"
"6101","TSUGAMI CORP","Industrials","Equity","817.58","0.00","817.58","19.00","44.09","Japan","Tokyo Stock Exchange","CAD","-","JPY"
"BHW","BANK HANDLOWY W WARSZAWIE SA","Financials","Equity","817.47","0.00","817.47","18.00","44.54","Poland","Warsaw Stock Exchange/Equities/Main Market","CAD","-","PLN"
"3148","CREATE SD HOLDINGS LTD","Consumer Staples","Equity","816.52","0.00","816.52","27.00","30.08","Japan","Tokyo Stock Exchange","CAD","-","JPY"
"140410","MEZZION PHARMA LTD","Health Care","Equity","816.41","0.00","816.41","11.00","75.01","Korea (South)","Korea Exchange (Kosdaq)","CAD","-","KRW"
"6197","JESS-LINK PRODUCTS INC","Information Technology","Equity","816.15","0.00","816.15","61.00","13.36","Taiwan","Taiwan Stock Exchange","CAD","-","TWD"
"GGPS3","GPS PARTICIPACOES E EMPREENDIMENTO","Industrials","Equity","815.57","0.00","815.57","234.00","3.49","Brazil","XBSP","CAD","-","BRL"
"GND","GRINDROD","Industrials","Equity","815.42","0.00","815.42","327.00","2.49","South Africa","Johannesburg Stock Exchange","CAD","-","ZAR"
"IHP","INTEGRAFIN HOLDINGS","Financials","Equity","814.42","0.00","814.42","117.00","6.96","United Kingdom","London Stock Exchange","CAD","-","GBP"
"2670","ABC MART INC","Consumer Discretionary","Equity","813.60","0.00","813.60","33.00","24.32","Japan","Tokyo Stock Exchange","CAD","-","JPY"
"2146","UT GROUP LTD","Industrials","Equity","813.30","0.00","813.30","375.00","2.17","Japan","Tokyo Stock Exchange","CAD","-","JPY"
"FORCEMOT","FORCE MOTORS LTD","Industrials","Equity","812.45","0.00","812.45","3.00","257.32","India","National Stock Exchange Of India","CAD","-","INR"
"CURY3","CURY CONSTRTUTORA E INCORPORADORA","Consumer Discretionary","Equity","812.00","0.00","812.00","104.00","7.84","Brazil","XBSP","CAD","-","BRL"
"BUMI","BUMI RESOURCES","Energy","Equity","810.74","0.00","810.74","40,537.00","0.02","Indonesia","Indonesia Stock Exchange","CAD","-","IDR"
"RET","RETAIL ESTATES NV","Real Estate","Equity","809.70","0.00","809.70","8.00","104.58","Belgium","Nyse Euronext - Euronext Brussels","CAD","-","EUR"
"PTEC","PLAYTECH PLC","Consumer Discretionary","Equity","809.34","0.00","809.34","97.00","8.31","United Kingdom","London Stock Exchange","CAD","-","GBP"
"GABRIEL","GABRIEL INDIA LTD","Consumer Discretionary","Equity","809.07","0.00","809.07","43.00","18.71","India","National Stock Exchange Of India","CAD","-","INR"
"3858","JIAXIN INTERNATIONAL RESOURCES INV","Materials","Equity","808.98","0.00","808.98","86.00","9.36","Hong Kong","Hong Kong Exchanges And Clearing Ltd","CAD","-","HKD"
"TPE","PVA TEPLA AG","Information Technology","Equity","808.71","0.00","808.71","17.00","46.72","Germany","Xetra","CAD","-","EUR"
"8932","WISELINK LTD","Consumer Discretionary","Equity","808.58","0.00","808.58","207.00","3.91","Taiwan","Gretai Securities Market","CAD","-","TWD"
"GRANULES","GRANULES INDIA","Health Care","Equity","808.47","0.00","808.47","64.00","12.69","India","National Stock Exchange Of India","CAD","-","INR"
"MAXO","MAX STOCK","Consumer Discretionary","Equity","808.45","0.00","808.45","51.00","15.91","Israel","Tel Aviv Stock Exchange","CAD","-","ILS"
"6590","SHIBAURA MECHATRONICS CORP","Information Technology","Equity","808.06","0.00","808.06","25.00","32.28","Japan","Tokyo Stock Exchange","CAD","-","JPY"
"MINDSPACE","MINDSPACE BUSINESS PARKS REITS UNI","Real Estate","Equity","807.85","0.00","807.85","111.00","7.28","India","National Stock Exchange Of India","CAD","-","INR"
"3680","GUDENG PRECISION INDUSTRIAL","Information Technology","Equity","807.75","0.00","807.75","35.00","23.12","Taiwan","Gretai Securities Market","CAD","-","TWD"
"PTCIL","PTC INDUSTRIES LTD","Materials","Equity","807.49","0.00","807.49","2.00","330.50","India","National Stock Exchange Of India","CAD","-","INR"
"000500","GAON CABLE LTD","Industrials","Equity","806.60","0.00","806.60","3.00","263.71","Korea (South)","Korea Exchange (Stock Market)","CAD","-","KRW"
"268A","RIGAKU HOLDINGS","Information Technology","Equity","806.52","0.00","806.52","58.00","13.91","Japan","Tokyo Stock Exchange","CAD","-","JPY"
"179","JOHNSON ELECTRIC HOLDINGS LTD","Consumer Discretionary","Equity","804.80","0.00","804.80","245.00","3.29","Hong Kong","Hong Kong Exchanges And Clearing Ltd","CAD","-","HKD"
"OMN","OMNIA HOLDINGS","Materials","Equity","804.76","0.00","804.76","76.00","10.60","South Africa","Johannesburg Stock Exchange","CAD","-","ZAR"
"8961","MORI TRUST REIT INC","Real Estate","Equity","803.24","0.00","803.24","1.00","640.30","Japan","Tokyo Stock Exchange","CAD","-","JPY"
"NONG","SPAREBANK NORD-NORGE","Financials","Equity","802.09","0.00","802.09","31.00","25.79","Norway","Oslo Bors Asa","CAD","-","NOK"
"1321","EAST PIPES INTEGRATED COMPANY FOR","Materials","Equity","802.06","0.00","802.06","10.00","77.70","Saudi Arabia","Saudi Stock Exchange","CAD","-","SAR"
"347850","D&D PHARMATECH INC","Health Care","Equity","801.65","0.00","801.65","17.00","46.62","Korea (South)","Korea Exchange (Kosdaq)","CAD","-","KRW"
"KAYNES","KAYNES TECHNOLOGY INDIA LTD","Information Technology","Equity","801.42","0.00","801.42","16.00","51.32","India","National Stock Exchange Of India","CAD","-","INR"
"FINCABLES","FINOLEX CABLES","Industrials","Equity","800.38","0.00","800.38","39.00","20.35","India","National Stock Exchange Of India","CAD","-","INR"
"600010","INNER MONGOLIA BAOTOU STEEL UNION","Materials","Equity","800.06","0.00","800.06","1,818.00","0.44","China","Shanghai Stock Exchange","CAD","-","CNY"
"310210","VORONOI INC","Health Care","Equity","799.71","0.00","799.71","6.00","143.14","Korea (South)","Korea Exchange (Kosdaq)","CAD","-","KRW"
"601169","BANK OF BEIJING LTD A","Financials","Equity","799.53","0.00","799.53","689.00","1.16","China","Shanghai Stock Exchange","CAD","-","CNY"
"1885","TOA (TOKYO) CORP","Industrials","Equity","799.50","0.00","799.50","40.00","19.80","Japan","Tokyo Stock Exchange","CAD","-","JPY"
"ARU","ARAFURA RARE EARTHS LTD","Materials","Equity","799.26","0.00","799.26","4,702.00","0.17","Australia","Asx - All Markets","CAD","-","AUD"
"4915","PRIMAX ELECTRONICS","Information Technology","Equity","799.11","0.00","799.11","285.00","2.80","Taiwan","Taiwan Stock Exchange","CAD","-","TWD"
"1999","MAN WAH HOLDINGS LTD","Consumer Discretionary","Equity","798.70","0.00","798.70","1,566.00","0.51","Hong Kong","Hong Kong Exchanges And Clearing Ltd","CAD","-","HKD"
"3320","CHINA RESOURCES PHARMACEUTICAL GRO","Health Care","Equity","797.60","0.00","797.60","1,049.00","0.76","China","Hong Kong Exchanges And Clearing Ltd","CAD","-","HKD"
"AUTO","AUTOSTORE HOLDINGS LTD","Industrials","Equity","797.53","0.00","797.53","348.00","2.29","Norway","Oslo Bors Asa","CAD","-","NOK"
"018880","HANON SYSTEMS","Consumer Discretionary","Equity","796.12","0.00","796.12","239.00","3.33","Korea (South)","Korea Exchange (Stock Market)","CAD","-","KRW"
"VIV","VIVENDI","Communication","Equity","796.05","0.00","796.05","324.00","2.46","France","Nyse Euronext - Euronext Paris","CAD","-","EUR"
"ALTIJARIA","COMMERCIAL REAL ESTATE","Real Estate","Equity","795.96","0.00","795.96","936.00","0.85","Kuwait","Kuwait Stock Exchange","CAD","-","KWD"
"3549","KUSURI NO AOKI HOLDINGS LTD","Consumer Staples","Equity","795.62","0.00","795.62","22.00","36.82","Japan","Tokyo Stock Exchange","CAD","-","JPY"
"FIE","FIELMANN GROUP AG","Consumer Discretionary","Equity","795.55","0.00","795.55","13.00","60.97","Germany","Xetra","CAD","-","EUR"
"CMPC","EMPRESAS CMPC SA","Materials","Equity","795.23","0.00","795.23","568.00","1.40","Chile","Santiago Stock Exchange","CAD","-","CLP"
"6544","JAPAN ELEVATOR SERVICE HOLDINGS LT","Industrials","Equity","795.15","0.00","795.15","58.00","13.74","Japan","Tokyo Stock Exchange","CAD","-","JPY"
"SUL","SUPER RETAIL GROUP","Consumer Discretionary","Equity","795.06","0.00","795.06","64.00","12.35","Australia","Asx - All Markets","CAD","-","AUD"
"ITCHOTELS","ITC HOTELS LTD","Consumer Discretionary","Equity","794.21","0.00","794.21","353.00","2.25","India","National Stock Exchange Of India","CAD","-","INR"
"9605","TOEI","Communication","Equity","792.84","0.00","792.84","14.00","54.87","Japan","Tokyo Stock Exchange","CAD","-","JPY"
"INKP","INDAH KIAT PULP & PAPER","Materials","Equity","792.45","0.00","792.45","1,148.00","0.69","Indonesia","Indonesia Stock Exchange","CAD","-","IDR"
"DEME","DEME GROUP NV","Industrials","Equity","792.16","0.00","792.16","3.00","293.02","Belgium","Nyse Euronext - Euronext Brussels","CAD","-","EUR"
"8584","JACCS","Financials","Equity","791.91","0.00","791.91","24.00","33.59","Japan","Tokyo Stock Exchange","CAD","-","JPY"
"7972","ITOKI","Industrials","Equity","791.80","0.00","791.80","35.00","22.73","Japan","Tokyo Stock Exchange","CAD","-","JPY"
"CREDIA","CREDIABANK SA","Financials","Equity","791.18","0.00","791.18","521.00","1.52","Greece","Athens Exchange S.A. Cash Market","CAD","-","EUR"
"4680","ROUND ONE CORP","Consumer Discretionary","Equity","790.87","0.00","790.87","75.00","10.61","Japan","Tokyo Stock Exchange","CAD","-","JPY"
"NLCINDIA","NLC INDIA LTD","Utilities","Equity","790.11","0.00","790.11","207.00","3.82","India","National Stock Exchange Of India","CAD","-","INR"
"ANANTRAJ","ANANT RAJ LTD","Real Estate","Equity","789.94","0.00","789.94","91.00","8.70","India","National Stock Exchange Of India","CAD","-","INR"
"ARB","ARB CORPORATION","Consumer Discretionary","Equity","789.54","0.00","789.54","43.00","18.25","Australia","Asx - All Markets","CAD","-","AUD"
"HMS","HMS NETWORKS","Information Technology","Equity","789.41","0.00","789.41","10.00","75.23","Sweden","Nasdaq Omx Nordic","CAD","-","SEK"
"HDN","HOMECO DAILY NEEDS UNITS","Real Estate","Equity","788.86","0.00","788.86","717.00","1.10","Australia","Asx - All Markets","CAD","-","AUD"
"HEXW","HEXAWARE TECHNOLOGIES LTD","Information Technology","Equity","787.28","0.00","787.28","103.00","7.67","India","National Stock Exchange Of India","CAD","-","INR"
"BOURSA","BOURSA KUWAIT SECURITIES COMPANY","Financials","Equity","787.11","0.00","787.11","56.00","14.05","Kuwait","Kuwait Stock Exchange","CAD","-","KWD"
"GROW","MOLTEN VENTURES PLC","Financials","Equity","786.62","0.00","786.62","63.00","12.53","United Kingdom","London Stock Exchange","CAD","-","GBP"
"EQU","EQUITES PROP FUND LTD","Real Estate","Equity","786.59","0.00","786.59","514.00","1.53","South Africa","Johannesburg Stock Exchange","CAD","-","ZAR"
"8028","PHOENIX SILICON INTERNATIONAL CORP","Information Technology","Equity","785.51","0.00","785.51","73.00","10.70","Taiwan","Taiwan Stock Exchange","CAD","-","TWD"
"TGA","THUNGELA RESOURCES","Energy","Equity","784.83","0.00","784.83","71.00","10.99","South Africa","Johannesburg Stock Exchange","CAD","-","ZAR"
"IGRD","ESTITHMAR HOLDING","Industrials","Equity","784.10","0.00","784.10","493.00","1.59","Qatar","Qatar Exchange","CAD","-","QAR"
"5331","NORITAKE LTD","Industrials","Equity","783.91","0.00","783.91","24.00","32.33","Japan","Tokyo Stock Exchange","CAD","-","JPY"
"RBT","ROBERTET SA","Materials","Equity","783.80","0.00","783.80","1.00","1,228.96","France","Nyse Euronext - Euronext Paris","CAD","-","EUR"
"4816","TOEI ANIMATION LTD","Communication","Equity","783.33","0.00","783.33","28.00","27.88","Japan","Tokyo Stock Exchange","CAD","-","JPY"
"282330","BGF RETAIL","Consumer Staples","Equity","783.25","0.00","783.25","5.00","145.27","Korea (South)","Korea Exchange (Stock Market)","CAD","-","KRW"
"000538","YUNNAN BAIYAO GROUP LTD A","Health Care","Equity","782.96","0.00","782.96","73.00","10.72","China","Shenzhen Stock Exchange","CAD","-","CNY"
"ETEL","TELECOM EGYPT","Communication","Equity","782.17","0.00","782.17","219.00","3.57","Egypt","Egyptian Exchange","CAD","-","EGP"
"600019","BAOSHAN IRON & STEEL LTD A","Materials","Equity","782.12","0.00","782.12","657.00","1.19","China","Shanghai Stock Exchange","CAD","-","CNY"
"600050","CHINA UNITED NETWORK COMMUNICATION","Communication","Equity","781.87","0.00","781.87","888.00","0.88","China","Shanghai Stock Exchange","CAD","-","CNY"
"EUZ","ECKERT & ZIEGLER","Health Care","Equity","781.04","0.00","781.04","40.00","19.65","Germany","Xetra","CAD","-","EUR"
"8966","HEIWA REAL ESTATE REIT","Real Estate","Equity","780.95","0.00","780.95","1.00","1,176.43","Japan","Tokyo Stock Exchange","CAD","-","JPY"
"300442","RANGE INTELLIGENT COMPUTING TECHNO","Information Technology","Equity","779.61","0.00","779.61","60.00","12.98","China","Shenzhen Stock Exchange","CAD","-","CNY"
"601336","NEW CHINA LIFE INSURANCE LTD A","Financials","Equity","779.38","0.00","779.38","65.00","11.98","China","Shanghai Stock Exchange","CAD","-","CNY"
"3234","MORI HILLS INVESTMENT REIT","Real Estate","Equity","778.38","0.00","778.38","1.00","1,104.59","Japan","Tokyo Stock Exchange","CAD","-","JPY"
"AZAD","AZAD ENGINEERING LTD","Industrials","Equity","778.33","0.00","778.33","20.00","37.98","India","National Stock Exchange Of India","CAD","-","INR"
"GLAND","GLAND PHARMA LTD","Health Care","Equity","777.97","0.00","777.97","18.00","42.39","India","National Stock Exchange Of India","CAD","-","INR"
"2458","ELAN MICROELECTRONICS","Information Technology","Equity","777.69","0.00","777.69","137.00","5.66","Taiwan","Taiwan Stock Exchange","CAD","-","TWD"
"2498","HTC","Information Technology","Equity","777.65","0.00","777.65","444.00","1.75","Taiwan","Taiwan Stock Exchange","CAD","-","TWD"
"SCGP.R","SCG PACKAGING PCL NON-VOTING DR","Materials","Equity","776.48","0.00","776.48","602.00","1.29","Thailand","Stock Exchange Of Thailand","CAD","-","THB"
"600016","CHINA MINSHENG BANKING A","Financials","Equity","776.45","0.00","776.45","1,049.00","0.74","China","Shanghai Stock Exchange","CAD","-","CNY"
"GYG","GUZMAN Y GOMEZ","Consumer Discretionary","Equity","776.10","0.00","776.10","31.00","24.91","Australia","Asx - All Markets","CAD","-","AUD"
"2312","KINPO ELECTRONICS INC","Information Technology","Equity","775.84","0.00","775.84","570.00","1.36","Taiwan","Taiwan Stock Exchange","CAD","-","TWD"
"600926","BANK OF HANGZHOU A","Financials","Equity","775.69","0.00","775.69","217.00","3.57","China","Shanghai Stock Exchange","CAD","-","CNY"
"PINELABS","PINE LABS","Financials","Equity","775.61","0.00","775.61","288.00","2.69","India","National Stock Exchange Of India","CAD","-","INR"
"INA","INGENIA COMMUNITIES GROUP STAPLED","Real Estate","Equity","775.39","0.00","775.39","187.00","4.15","Australia","Asx - All Markets","CAD","-","AUD"
"SYNSAM","SYNSAM","Consumer Discretionary","Equity","774.76","0.00","774.76","102.00","7.62","Sweden","Nasdaq Omx Nordic","CAD","-","SEK"
"600584","JCET GROUP LTD A","Information Technology","Equity","774.26","0.00","774.26","55.00","14.13","China","Shanghai Stock Exchange","CAD","-","CNY"
"EMPOWER","EMIRATES CENTRAL COOLING SYSTEMS C","Utilities","Equity","772.90","0.00","772.90","1,267.00","0.61","United Arab Emirates","Dubai Financial Market","CAD","-","AED"
"1409","SHINKONG SYNTHETIC FIBERS CORP","Materials","Equity","772.90","0.00","772.90","709.00","1.09","Taiwan","Taiwan Stock Exchange","CAD","-","TWD"
"9933","CTCI","Industrials","Equity","772.01","0.00","772.01","415.00","1.86","Taiwan","Taiwan Stock Exchange","CAD","-","TWD"
"601838","BANK OF CHENGDU LTD A","Financials","Equity","771.97","0.00","771.97","187.00","4.13","China","Shanghai Stock Exchange","CAD","-","CNY"
"300857","SHARETRONIC DATA TECHNOLOGY LTD A","Information Technology","Equity","770.21","0.00","770.21","14.00","55.69","China","Shenzhen Stock Exchange","CAD","-","CNY"
"9404","NIPPON TELEVISION HOLDINGS INC","Communication","Equity","768.35","0.00","768.35","28.00","27.44","Japan","Tokyo Stock Exchange","CAD","-","JPY"
"601825","SHANGHAI RURAL COMMERCIAL BANK LTD","Financials","Equity","767.88","0.00","767.88","424.00","1.81","China","Shanghai Stock Exchange","CAD","-","CNY"
"000568","LUZHOU LAO JIAO LTD A","Consumer Staples","Equity","767.46","0.00","767.46","51.00","14.95","China","Shenzhen Stock Exchange","CAD","-","CNY"
"603268","GUANGDONG SONGFA CERAMICS LTD A","Consumer Discretionary","Equity","766.37","0.00","766.37","19.00","40.36","China","Shanghai Stock Exchange","CAD","-","CNY"
"HBH","HORNBACH HOLDING AG","Consumer Discretionary","Equity","766.31","0.00","766.31","6.00","134.14","Germany","Xetra","CAD","-","EUR"
"064760","TOKAI CARBON KOREA LTD","Information Technology","Equity","766.26","0.00","766.26","3.00","275.35","Korea (South)","Korea Exchange (Kosdaq)","CAD","-","KRW"
"7242","KYB","Consumer Discretionary","Equity","766.22","0.00","766.22","18.00","42.75","Japan","Tokyo Stock Exchange","CAD","-","JPY"
"688521","VERISILICON MICROELECTRONICS (SHAN","Information Technology","Equity","764.07","0.00","764.07","19.00","40.91","China","Shanghai Stock Exchange","CAD","-","CNY"
"VU","VUSIONGROUP SA","Information Technology","Equity","763.64","0.00","763.64","4.00","188.28","France","Nyse Euronext - Euronext Paris","CAD","-","EUR"
"COLR","COLRUYT GROUP NV","Consumer Staples","Equity","763.47","0.00","763.47","12.00","62.20","Belgium","Nyse Euronext - Euronext Brussels","CAD","-","EUR"
"1788","GUOTAI JUNAN INTERNATIONAL HOLDING","Financials","Equity","763.46","0.00","763.46","1,468.00","0.52","Hong Kong","Hong Kong Exchanges And Clearing Ltd","CAD","-","HKD"
"SUNCON","SUNWAY CONSTRUCTION GROUP","Industrials","Equity","763.05","0.00","763.05","314.00","2.43","Malaysia","Bursa Malaysia","CAD","-","MYR"
"ZENTEC","ZEN TECHNOLOGIES LTD","Industrials","Equity","762.37","0.00","762.37","31.00","24.52","India","National Stock Exchange Of India","CAD","-","INR"
"MTH","MOTUS HOLD LTD SHS","Consumer Discretionary","Equity","760.78","0.00","760.78","79.00","9.68","South Africa","Johannesburg Stock Exchange","CAD","-","ZAR"
"8585","ORIENT","Financials","Equity","760.17","0.00","760.17","97.00","7.80","Japan","Tokyo Stock Exchange","CAD","-","JPY"
"3583","SCIENTECH CORPORATION CORP","Information Technology","Equity","760.11","0.00","760.11","25.00","30.18","Taiwan","Taiwan Stock Exchange","CAD","-","TWD"
"2352","QISDA CORP","Information Technology","Equity","759.15","0.00","759.15","598.00","1.27","Taiwan","Taiwan Stock Exchange","CAD","-","TWD"
"BONEX","BONESUPPORT HOLDING","Health Care","Equity","759.01","0.00","759.01","24.00","31.46","Sweden","Nasdaq Omx Nordic","CAD","-","SEK"
"AEV","ABOITIZ EQUITY VENTURES PHP1","Utilities","Equity","757.65","0.00","757.65","924.00","0.82","Philippines","Philippine Stock Exchange Inc.","CAD","-","PHP"
"3MINDIA","3M INDIA LTD","Industrials","Equity","757.55","0.00","757.55","2.00","474.25","India","National Stock Exchange Of India","CAD","-","INR"
"ABSLAMC","ADITYA BIRLA SUN LIFE AMC LTD","Financials","Equity","757.08","0.00","757.08","48.00","15.89","India","National Stock Exchange Of India","CAD","-","INR"
"CIBUS","CIBUS REAL ESTATE","Real Estate","Equity","756.72","0.00","756.72","38.00","19.73","Sweden","Nasdaq Omx Nordic","CAD","-","SEK"
"RAINBOW","RAINBOW CHILDRENS MEDICARE LTD","Health Care","Equity","755.57","0.00","755.57","35.00","21.48","India","National Stock Exchange Of India","CAD","-","INR"
"600089","TBEA LTD A","Industrials","Equity","755.35","0.00","755.35","202.00","3.74","China","Shanghai Stock Exchange","CAD","-","CNY"
"WHA.R","WHA CORPORATION NON-VOTING DR PCL","Real Estate","Equity","755.26","0.00","755.26","3,776.00","0.20","Thailand","Stock Exchange Of Thailand","CAD","-","THB"
"CFT","COMPAGNIE FINANCIERE TRADITION SA","Financials","Equity","754.72","0.00","754.72","2.00","432.12","Switzerland","SIX Swiss Exchange","CAD","-","CHF"
"DEEPAKFERT","DEEPAK FERTILISERS AND PETROCHEMIC","Materials","Equity","754.52","0.00","754.52","39.00","19.31","India","National Stock Exchange Of India","CAD","-","INR"
"CRISIL","CRISIL LTD","Financials","Equity","753.39","0.00","753.39","11.00","66.48","India","National Stock Exchange Of India","CAD","-","INR"
"TEHOL.E","TERA YATIRIM TEKNOLOJI HOLDING A.S","Real Estate","Equity","753.32","0.00","753.32","679.00","1.11","Turkey","Istanbul Stock Exchange","CAD","-","TRY"
"6526","AIROHA TECHNOLOGY CORP","Information Technology","Equity","752.90","0.00","752.90","27.00","27.59","Taiwan","Taiwan Stock Exchange","CAD","-","TWD"
"IKS","INVENTURUS KNOWLEDGE SOLUTIONS LTD","Health Care","Equity","752.85","0.00","752.85","30.00","25.21","India","National Stock Exchange Of India","CAD","-","INR"
"RAT","RATHBONES GROUP PLC","Financials","Equity","751.78","0.00","751.78","25.00","30.14","United Kingdom","London Stock Exchange","CAD","-","GBP"
"500048","BEML LTD","Industrials","Equity","751.11","0.00","751.11","26.00","29.35","India","Bse Ltd","CAD","-","INR"
"MPI","MALAYSIAN PACIFIC INDUSTRIES","Information Technology","Equity","751.04","0.00","751.04","55.00","13.68","Malaysia","Bursa Malaysia","CAD","-","MYR"
"AADI","ADARO ANDALAN INDONESIA","Energy","Equity","750.89","0.00","750.89","766.00","0.98","Indonesia","Indonesia Stock Exchange","CAD","-","IDR"
"PHARM","PHARMING GROUP","Health Care","Equity","750.18","0.00","750.18","497.00","1.51","Netherlands","Euronext Amsterdam","CAD","-","EUR"
"688361","SKYVERSE TECHNOLOGY LTD A","Information Technology","Equity","747.52","0.00","747.52","10.00","74.83","China","Shanghai Stock Exchange","CAD","-","CNY"
"257720","SILICON2","Consumer Discretionary","Equity","747.43","0.00","747.43","18.00","42.47","Korea (South)","Korea Exchange (Kosdaq)","CAD","-","KRW"
"TRU","TRUWORTHS INTERNATIONAL","Consumer Discretionary","Equity","747.20","0.00","747.20","202.00","3.69","South Africa","Johannesburg Stock Exchange","CAD","-","ZAR"
"SAPR11","CIA SANEAMENTO DO PARANA UNITS","Utilities","Equity","745.73","0.00","745.73","81.00","9.25","Brazil","XBSP","CAD","-","BRL"
"3048","BIC CAMERA","Consumer Discretionary","Equity","744.23","0.00","744.23","47.00","15.81","Japan","Tokyo Stock Exchange","CAD","-","JPY"
"098460","KOH YOUNG TECHNOLOGY","Information Technology","Equity","743.68","0.00","743.68","26.00","28.65","Korea (South)","Korea Exchange (Kosdaq)","CAD","-","KRW"
"SFQ","SAF-HOLLAND","Consumer Discretionary","Equity","743.27","0.00","743.27","20.00","36.31","Germany","Xetra","CAD","-","EUR"
"RRKABEL","R R KABEL LTD","Industrials","Equity","742.73","0.00","742.73","21.00","34.85","India","National Stock Exchange Of India","CAD","-","INR"
"DMP","DOMINOS PIZZA ENTERPRISES","Consumer Discretionary","Equity","742.56","0.00","742.56","38.00","19.35","Australia","Asx - All Markets","CAD","-","AUD"
"AWL","AWL AGRI BUSINESS LTD","Consumer Staples","Equity","742.34","0.00","742.34","277.00","2.68","India","National Stock Exchange Of India","CAD","-","INR"
"SISE.E","TURKIYE SISE VE CAM FABRIKALARI A","Industrials","Equity","741.79","0.00","741.79","645.00","1.15","Turkey","Istanbul Stock Exchange","CAD","-","TRY"
"600346","HENGLI PETROCHEMICAL LTD A","Materials","Equity","741.41","0.00","741.41","217.00","3.42","China","Shanghai Stock Exchange","CAD","-","CNY"
"6682","PHANCY GROUP LTD H","Information Technology","Equity","741.26","0.00","741.26","161.00","4.61","China","Hong Kong Exchanges And Clearing Ltd","CAD","-","HKD"
"AVON","AVON TECHNOLOGIES PLC","Industrials","Equity","740.82","0.00","740.82","23.00","32.61","United Kingdom","London Stock Exchange","CAD","-","GBP"
"ARE&M","AMARA RAJA ENERGY & MOBILITY LTD","Industrials","Equity","740.05","0.00","740.05","64.00","11.59","India","National Stock Exchange Of India","CAD","-","INR"
"000100","TCL TECHNOLOGY GROUP A","Information Technology","Equity","739.80","0.00","739.80","732.00","1.01","China","Shenzhen Stock Exchange","CAD","-","CNY"
"2314","LEE & MAN PAPER MANUFACTURING LTD","Materials","Equity","739.65","0.00","739.65","1,174.00","0.63","China","Hong Kong Exchanges And Clearing Ltd","CAD","-","HKD"
"ECMPA","EUROCOMMERCIAL PROPERTIES","Real Estate","Equity","739.46","0.00","739.46","17.00","44.18","Netherlands","Euronext Amsterdam","CAD","-","EUR"
"600547","SHANDONG GOLD-MINING LTD A","Materials","Equity","737.87","0.00","737.87","108.00","6.85","China","Shanghai Stock Exchange","CAD","-","CNY"
"ALIG","ALIMAK GROUP","Industrials","Equity","737.81","0.00","737.81","43.00","17.27","Sweden","Nasdaq Omx Nordic","CAD","-","SEK"
"1066","SHANDONG WEIGAO GP MEDICAL POLYMER","Health Care","Equity","737.27","0.00","737.27","1,317.00","0.56","China","Hong Kong Exchanges And Clearing Ltd","CAD","-","HKD"
"300223","INGENIC SEMICONDUCTOR A","Information Technology","Equity","737.02","0.00","737.02","26.00","28.17","China","Shenzhen Stock Exchange","CAD","-","CNY"
"8129","TOHO HOLDINGS","Health Care","Equity","735.90","0.00","735.90","20.00","36.35","Japan","Tokyo Stock Exchange","CAD","-","JPY"
"EGCO.R","ELECTRICITY GENERATING NON-VOTING","Utilities","Equity","735.58","0.00","735.58","136.00","5.39","Thailand","Stock Exchange Of Thailand","CAD","-","THB"
"FIVESTAR","FIVE-STAR BUSINESS FINANCE LTD","Financials","Equity","734.26","0.00","734.26","95.00","7.74","India","National Stock Exchange Of India","CAD","-","INR"
"112610","CS WIND","Industrials","Equity","733.96","0.00","733.96","14.00","52.23","Korea (South)","Korea Exchange (Stock Market)","CAD","-","KRW"
"600905","CHINA THREE GORGES RENEWABLES(GROU","Utilities","Equity","732.63","0.00","732.63","964.00","0.76","China","Shanghai Stock Exchange","CAD","-","CNY"
"6490","PILLAR CORP","Materials","Equity","732.62","0.00","732.62","9.00","81.72","Japan","Tokyo Stock Exchange","CAD","-","JPY"
"PAMPA","PAMPA INVESTMENTS SA","Financials","Equity","732.09","0.00","732.09","36,605.00","0.02","Chile","Santiago Stock Exchange","CAD","-","CLP"
"QAMC","QATAR ALUMINIUM MANUFACTURING","Materials","Equity","731.86","0.00","731.86","1,355.00","0.54","Qatar","Qatar Exchange","CAD","-","QAR"
"EKGYO.E","EMLAK KONUT GAYRIMENKUL YATIRIM OR","Real Estate","Equity","731.49","0.00","731.49","1,330.00","0.55","Turkey","Istanbul Stock Exchange","CAD","-","TRY"
"3376","SHIN ZU SHING","Industrials","Equity","731.46","0.00","731.46","95.00","7.70","Taiwan","Taiwan Stock Exchange","CAD","-","TWD"
"2850","SHINKONG INSURANCE LTD","Financials","Equity","731.22","0.00","731.22","105.00","6.95","Taiwan","Taiwan Stock Exchange","CAD","-","TWD"
"NMDCENR","NMDC ENERGY","Energy","Equity","731.10","0.00","731.10","665.00","1.10","United Arab Emirates","Abu Dhabi Securities Exchange","CAD","-","AED"
"4665","DUSKIN LTD","Industrials","Equity","731.02","0.00","731.02","17.00","42.63","Japan","Tokyo Stock Exchange","CAD","-","JPY"
"058610","SPG LTD","Industrials","Equity","730.34","0.00","730.34","7.00","99.71","Korea (South)","Korea Exchange (Kosdaq)","CAD","-","KRW"
"SLC","SUPERLOOP","Communication","Equity","730.08","0.00","730.08","270.00","2.70","Australia","Asx - All Markets","CAD","-","AUD"
"601628","CHINA LIFE INSURANCE LTD A","Financials","Equity","730.01","0.00","730.01","94.00","7.75","China","Shanghai Stock Exchange","CAD","-","CNY"
"6412","HEIWA CORP","Consumer Discretionary","Equity","729.71","0.00","729.71","36.00","20.04","Japan","Tokyo Stock Exchange","CAD","-","JPY"
"035250","KANGWON LAND INC","Consumer Discretionary","Equity","728.79","0.00","728.79","49.00","14.80","Korea (South)","Korea Exchange (Stock Market)","CAD","-","KRW"
"9917","TAIWAN SECOM LTD","Industrials","Equity","728.69","0.00","728.69","157.00","4.65","Taiwan","Taiwan Stock Exchange","CAD","-","TWD"
"2421","SUNONWEALTH ELECTRIC MACHINE INDUS","Industrials","Equity","727.41","0.00","727.41","102.00","7.11","Taiwan","Taiwan Stock Exchange","CAD","-","TWD"
"ILC","INVERSIONES LA CONSTRUCCION SA","Financials","Equity","727.22","0.00","727.22","20.00","36.51","Chile","Santiago Stock Exchange","CAD","-","CLP"
"HMPRO.R","HOME PRODUCT CENTER NON-VOTING DR","Consumer Discretionary","Equity","726.56","0.00","726.56","2,794.00","0.26","Thailand","Stock Exchange Of Thailand","CAD","-","THB"
"WALL B","WALLENSTAM CLASS B","Real Estate","Equity","725.33","0.00","725.33","133.00","5.45","Sweden","Nasdaq Omx Nordic","CAD","-","SEK"
"4617","CHUGOKU MARINE PAINTS LTD","Materials","Equity","724.28","0.00","724.28","23.00","32.15","Japan","Tokyo Stock Exchange","CAD","-","JPY"
"DTL","DATA#3 LTD","Information Technology","Equity","724.22","0.00","724.22","68.00","10.67","Australia","Asx - All Markets","CAD","-","AUD"
"6116","HANNSTAR DISPLAY CORP","Information Technology","Equity","724.12","0.00","724.12","1,187.00","0.61","Taiwan","Taiwan Stock Exchange","CAD","-","TWD"
"NYAX","NAYAX","Information Technology","Equity","724.03","0.00","724.03","12.00","61.15","Israel","Tel Aviv Stock Exchange","CAD","-","ILS"
"HBX","HBX GROUP INTERNATIONAL PLC","Consumer Discretionary","Equity","723.82","0.00","723.82","63.00","11.43","Spain","Bolsa De Madrid","CAD","-","EUR"
"450080","ECOPRO MATERIALS LTD","Industrials","Equity","723.06","0.00","723.06","20.00","35.38","Korea (South)","Korea Exchange (Stock Market)","CAD","-","KRW"
"8422","CLEANAWAY","Industrials","Equity","722.78","0.00","722.78","640.00","1.13","Taiwan","Taiwan Stock Exchange","CAD","-","TWD"
"605117","NINGBO DEYE TECHNOLOGY CORP A","Industrials","Equity","722.38","0.00","722.38","42.00","17.29","China","Shanghai Stock Exchange","CAD","-","CNY"
"2464","MIRLE AUTOMATION CORP","Industrials","Equity","722.10","0.00","722.10","92.00","7.87","Taiwan","Taiwan Stock Exchange","CAD","-","TWD"
"STAR","STRIDES PHARMA SCIENCE LTD","Health Care","Equity","721.71","0.00","721.71","41.00","17.50","India","National Stock Exchange Of India","CAD","-","INR"
"028670","PAN OCEAN LTD","Industrials","Equity","721.12","0.00","721.12","121.00","5.95","Korea (South)","Korea Exchange (Stock Market)","CAD","-","KRW"
"551","YUE YUEN INDUSTRIAL (HOLDINGS)","Consumer Discretionary","Equity","720.88","0.00","720.88","323.00","2.23","Hong Kong","Hong Kong Exchanges And Clearing Ltd","CAD","-","HKD"
"036460","KOREA GAS","Utilities","Equity","720.57","0.00","720.57","20.00","36.85","Korea (South)","Korea Exchange (Stock Market)","CAD","-","KRW"
"3543","KOMEDA HOLDINGS","Consumer Discretionary","Equity","720.54","0.00","720.54","28.00","25.90","Japan","Tokyo Stock Exchange","CAD","-","JPY"
"GUJENERGY","GUJARAT ENERGY LTD","Utilities","Equity","720.34","0.00","720.34","206.00","3.49","India","National Stock Exchange Of India","CAD","-","INR"
"MKHZN","THE PUBLIC WAREHOUSING (AGILITY)","Industrials","Equity","719.45","0.00","719.45","1,107.00","0.65","Kuwait","Kuwait Stock Exchange","CAD","-","KWD"
"4971","MEC LTD","Materials","Equity","718.50","0.00","718.50","13.00","55.59","Japan","Tokyo Stock Exchange","CAD","-","JPY"
"1651","PRECISION TSUGAMI CHINA CORP LTD","Industrials","Equity","718.44","0.00","718.44","88.00","8.16","China","Hong Kong Exchanges And Clearing Ltd","CAD","-","HKD"
"000651","GREE ELECTRIC APPLIANCES INC OF ZH","Consumer Discretionary","Equity","717.83","0.00","717.83","91.00","7.92","China","Shenzhen Stock Exchange","CAD","-","CNY"
"2386","SINOPEC ENGINEERING GROUP LTD H H","Industrials","Equity","717.10","0.00","717.10","732.00","0.98","China","Hong Kong Exchanges And Clearing Ltd","CAD","-","HKD"
"ITM","ITM POWER PLC","Industrials","Equity","716.42","0.00","716.42","371.00","1.93","United Kingdom","London Stock Exchange","CAD","-","GBP"
"6176","RADIANT OPTO-ELECTRONICS","Information Technology","Equity","716.34","0.00","716.34","175.00","4.10","Taiwan","Taiwan Stock Exchange","CAD","-","TWD"
"FLRY3","FLEURY","Health Care","Equity","715.69","0.00","715.69","123.00","5.82","Brazil","XBSP","CAD","-","BRL"
"7240","NOK","Consumer Discretionary","Equity","715.28","0.00","715.28","26.00","27.40","Japan","Tokyo Stock Exchange","CAD","-","JPY"
"TAVHL.E","TAV HAVALIMANLARI HOLDING A","Industrials","Equity","714.59","0.00","714.59","91.00","7.87","Turkey","Istanbul Stock Exchange","CAD","-","TRY"
"000166","SHENWAN HONGYUAN GROUP LTD A","Financials","Equity","714.09","0.00","714.09","785.00","0.91","China","Shenzhen Stock Exchange","CAD","-","CNY"
"601881","CHINA GALAXY SECURITIES LTD A","Financials","Equity","713.25","0.00","713.25","286.00","2.49","China","Shanghai Stock Exchange","CAD","-","CNY"
"000408","ZANGGE MINING LTD A","Materials","Equity","712.41","0.00","712.41","48.00","14.80","China","Shenzhen Stock Exchange","CAD","-","CNY"
"GPSC.R","GLOBAL POWER SYNERGY NON-VOTING DR","Utilities","Equity","711.60","0.00","711.60","352.00","2.02","Thailand","Stock Exchange Of Thailand","CAD","-","THB"
"3019","ASIA OPTICAL","Information Technology","Equity","711.56","0.00","711.56","119.00","5.99","Taiwan","Taiwan Stock Exchange","CAD","-","TWD"
"4743","ONENESS BIOTECH LTD","Health Care","Equity","710.99","0.00","710.99","363.00","1.96","Taiwan","Gretai Securities Market","CAD","-","TWD"
"SYNGENE","SYNGENE INTERNATIONAL LTD","Health Care","Equity","710.90","0.00","710.90","128.00","5.54","India","National Stock Exchange Of India","CAD","-","INR"
"BAG","A G BARR","Consumer Staples","Equity","709.90","0.00","709.90","63.00","11.28","United Kingdom","London Stock Exchange","CAD","-","GBP"
"3532","FORMOSA SUMCO TECHNOLOGY CORP","Information Technology","Equity","709.37","0.00","709.37","37.00","19.37","Taiwan","Taiwan Stock Exchange","CAD","-","TWD"
"PGAS","PERUSAHAAN GAS NEGARA","Utilities","Equity","708.81","0.00","708.81","5,907.00","0.12","Indonesia","Indonesia Stock Exchange","CAD","-","IDR"
"2276","SHANGHAI CONANT OPTICAL CO LTD H","Health Care","Equity","707.91","0.00","707.91","99.00","7.15","China","Hong Kong Exchanges And Clearing Ltd","CAD","-","HKD"
"AMATA.R","AMATA CORPORATION NON-VOTING DR PC","Real Estate","Equity","707.30","0.00","707.30","513.00","1.38","Thailand","Stock Exchange Of Thailand","CAD","-","THB"
"BPT","BRIDGEPOINT GROUP PLC","Financials","Equity","707.11","0.00","707.11","125.00","5.65","United Kingdom","London Stock Exchange","CAD","-","GBP"
"DUE","DUERR AG","Industrials","Equity","706.99","0.00","706.99","26.00","26.99","Germany","Xetra","CAD","-","EUR"
"301526","CHONGQING POLYCOMP INTERNATIONAL C","Materials","Equity","706.66","0.00","706.66","105.00","6.71","China","Shenzhen Stock Exchange","CAD","-","CNY"
"3002","GUNZE LTD","Consumer Discretionary","Equity","705.91","0.00","705.91","19.00","36.91","Japan","Tokyo Stock Exchange","CAD","-","JPY"
"MARKSANS","MARKSANS PHARMA LTD","Health Care","Equity","704.99","0.00","704.99","151.00","4.66","India","National Stock Exchange Of India","CAD","-","INR"
"6699","ANGELALIGN TECHNOLOGY","Health Care","Equity","704.19","0.00","704.19","45.00","15.72","China","Hong Kong Exchanges And Clearing Ltd","CAD","-","HKD"
"WBO","WBH OVCON LTD","Industrials","Equity","703.67","0.00","703.67","59.00","11.99","South Africa","Johannesburg Stock Exchange","CAD","-","ZAR"
"DIMRI","YH DIMRI CONSTRUCTION AND DEVELOPM","Real Estate","Equity","703.44","0.00","703.44","4.00","171.04","Israel","Tel Aviv Stock Exchange","CAD","-","ILS"
"MFG","MAGELLAN FINANCIAL GROUP LTD","Financials","Equity","703.11","0.00","703.11","85.00","8.30","Australia","Asx - All Markets","CAD","-","AUD"
"772","CHINA LITERATURE LTD","Communication","Equity","702.62","0.00","702.62","208.00","3.37","China","Hong Kong Exchanges And Clearing Ltd","CAD","-","HKD"
"AURA","AURA INVESTMENTS LTD","Real Estate","Equity","702.26","0.00","702.26","83.00","8.44","Israel","Tel Aviv Stock Exchange","CAD","-","ILS"
"GENTING","GENTING","Consumer Discretionary","Equity","702.19","0.00","702.19","1,080.00","0.65","Malaysia","Bursa Malaysia","CAD","-","MYR"
"2252","SHANGHAI MICROPORT MEDBOT CLASS H","Health Care","Equity","701.70","0.00","701.70","186.00","3.78","China","Hong Kong Exchanges And Clearing Ltd","CAD","-","HKD"
"002460","GANFENG LITHIUM GROUP LTD A","Materials","Equity","701.29","0.00","701.29","73.00","9.58","China","Shenzhen Stock Exchange","CAD","-","CNY"
"2548","HUAKU DEVELOPMENT LTD","Real Estate","Equity","701.28","0.00","701.28","171.00","4.11","Taiwan","Taiwan Stock Exchange","CAD","-","TWD"
"103140","POONGSANORATION CORP","Materials","Equity","700.78","0.00","700.78","9.00","79.06","Korea (South)","Korea Exchange (Stock Market)","CAD","-","KRW"
"9910","FENG TAY ENTERPRISES","Consumer Discretionary","Equity","700.72","0.00","700.72","231.00","3.03","Taiwan","Taiwan Stock Exchange","CAD","-","TWD"
"BCP.R","BANGCHAK CORPORATION ORS NON-VOTIN","Energy","Equity","700.21","0.00","700.21","307.00","2.28","Thailand","Stock Exchange Of Thailand","CAD","-","THB"
"2504","GOLDSUN BUILDING MATERIALS LTD","Materials","Equity","700.17","0.00","700.17","519.00","1.35","Taiwan","Taiwan Stock Exchange","CAD","-","TWD"
"IGL","INDRAPRASTHA GAS","Utilities","Equity","699.09","0.00","699.09","322.00","2.17","India","National Stock Exchange Of India","CAD","-","INR"
"9896","MINISO GROUP HOLDING LTD","Consumer Discretionary","Equity","699.00","0.00","699.00","225.00","3.10","China","Hong Kong Exchanges And Clearing Ltd","CAD","-","HKD"
"1979","TAIKISHA LTD","Industrials","Equity","698.80","0.00","698.80","20.00","34.75","Japan","Tokyo Stock Exchange","CAD","-","JPY"
"083650","BHI LTD","Industrials","Equity","698.26","0.00","698.26","11.00","65.39","Korea (South)","Korea Exchange (Kosdaq)","CAD","-","KRW"
"DGT","DIGICO INFRASTRUCTURE REIT STAPLED","Real Estate","Equity","697.33","0.00","697.33","278.00","2.51","Australia","Asx - All Markets","CAD","-","AUD"
"8051","YAMAZEN CORP","Industrials","Equity","697.20","0.00","697.20","38.00","18.45","Japan","Tokyo Stock Exchange","CAD","-","JPY"
"2726","PAL GROUP HOLDINGS LTD","Consumer Discretionary","Equity","696.67","0.00","696.67","52.00","13.40","Japan","Tokyo Stock Exchange","CAD","-","JPY"
"ITRN","ITURAN LOCATION AND CONTROL LTD","Information Technology","Equity","694.87","0.00","694.87","9.00","73.75","Israel","NASDAQ","CAD","-","USD"
"SK","SEB SA","Consumer Discretionary","Equity","694.14","0.00","694.14","8.00","89.80","France","Nyse Euronext - Euronext Paris","CAD","-","EUR"
"BETS B","BETSSON CLASS B","Consumer Discretionary","Equity","693.94","0.00","693.94","50.00","13.93","Sweden","Nasdaq Omx Nordic","CAD","-","SEK"
"LMW","LMW LTD","Industrials","Equity","692.30","0.00","692.30","3.00","264.90","India","National Stock Exchange Of India","CAD","-","INR"
"696","TRAVELSKY TECHNOLOGY LTD H","Consumer Discretionary","Equity","692.02","0.00","692.02","446.00","1.55","China","Hong Kong Exchanges And Clearing Ltd","CAD","-","HKD"
"2230","SAUDI CHEMICAL","Health Care","Equity","691.97","0.00","691.97","246.00","2.81","Saudi Arabia","Saudi Stock Exchange","CAD","-","SAR"
"3563","MACHVISION","Information Technology","Equity","691.94","0.00","691.94","24.00","28.91","Taiwan","Taiwan Stock Exchange","CAD","-","TWD"
"2351","SDI","Information Technology","Equity","691.06","0.00","691.06","66.00","10.44","Taiwan","Taiwan Stock Exchange","CAD","-","TWD"
"CPPLUS","ADITYA INFOTECH LTD","Information Technology","Equity","690.48","0.00","690.48","14.00","49.25","India","National Stock Exchange Of India","CAD","-","INR"
"069960","HYUNDAI DEPARTMENT STORE LTD","Consumer Discretionary","Equity","690.06","0.00","690.06","7.00","102.04","Korea (South)","Korea Exchange (Stock Market)","CAD","-","KRW"
"CBG","CLOSE BROS GROUP PLC","Financials","Equity","689.73","0.00","689.73","93.00","7.41","United Kingdom","London Stock Exchange","CAD","-","GBP"
"039200","OSCOTEC INC","Health Care","Equity","689.39","0.00","689.39","18.00","37.91","Korea (South)","Korea Exchange (Kosdaq)","CAD","-","KRW"
"6282","ACBEL POLYTECH","Industrials","Equity","689.06","0.00","689.06","367.00","1.88","Taiwan","Taiwan Stock Exchange","CAD","-","TWD"
"8976","DAIWA OFFICE INVESTMENT REIT CORP","Real Estate","Equity","688.67","0.00","688.67","0.00","2,739.02","Japan","Tokyo Stock Exchange","CAD","-","JPY"
"RATNAMANI","RATNAMANI METALS AND TUBES LTD","Materials","Equity","688.51","0.00","688.51","17.00","39.40","India","National Stock Exchange Of India","CAD","-","INR"
"096530","SEEGENE INC","Health Care","Equity","687.29","0.00","687.29","20.00","34.11","Korea (South)","Korea Exchange (Kosdaq)","CAD","-","KRW"
"ORBIA*","ORBIA ADVANCE CORP SA DE CV","Materials","Equity","687.17","0.00","687.17","449.00","1.53","Mexico","Bolsa Mexicana De Valores","CAD","-","MXN"
"6670","FUSHENG PRECISION","Consumer Discretionary","Equity","686.43","0.00","686.43","57.00","12.00","Taiwan","Taiwan Stock Exchange","CAD","-","TWD"
"300014","EVE ENERGY A","Industrials","Equity","685.82","0.00","685.82","68.00","10.06","China","Shenzhen Stock Exchange","CAD","-","CNY"
"KKP.R","KIATNAKIN PHATRA BANK NON-VOTING D","Financials","Equity","685.53","0.00","685.53","138.00","4.95","Thailand","Stock Exchange Of Thailand","CAD","-","THB"
"2357","AVICHINA INDUSTRY & TECHNOLOGY LTD","Industrials","Equity","684.75","0.00","684.75","1,370.00","0.50","China","Hong Kong Exchanges And Clearing Ltd","CAD","-","HKD"
"9505","HOKURIKU ELECTRIC POWER","Utilities","Equity","684.66","0.00","684.66","66.00","10.44","Japan","Tokyo Stock Exchange","CAD","-","JPY"
"2015","FENG HSIN IRON & STEEL LTD","Materials","Equity","684.26","0.00","684.26","243.00","2.82","Taiwan","Taiwan Stock Exchange","CAD","-","TWD"
"457190","ISU SPECIALTY CHEMICAL LTD","Materials","Equity","683.79","0.00","683.79","11.00","64.89","Korea (South)","Korea Exchange (Stock Market)","CAD","-","KRW"
"CESC","CESC LTD","Utilities","Equity","683.69","0.00","683.69","332.00","2.06","India","National Stock Exchange Of India","CAD","-","INR"
"263750","PEARLABYSS","Communication","Equity","683.46","0.00","683.46","20.00","34.57","Korea (South)","Korea Exchange (Kosdaq)","CAD","-","KRW"
"AOF","ATOSS SOFTWARE","Information Technology","Equity","682.82","0.00","682.82","5.00","146.83","Germany","Xetra","CAD","-","EUR"
"MGROS.E","MIGROS TICARET A","Consumer Staples","Equity","682.80","0.00","682.80","45.00","15.07","Turkey","Istanbul Stock Exchange","CAD","-","TRY"
"4547","KISSEI PHARMACEUTICAL LTD","Health Care","Equity","682.77","0.00","682.77","19.00","36.10","Japan","Tokyo Stock Exchange","CAD","-","JPY"
"030000","CHEIL WORLDWIDE INC","Communication","Equity","682.00","0.00","682.00","39.00","17.59","Korea (South)","Korea Exchange (Stock Market)","CAD","-","KRW"
"SAGILITY","SAGILITY LTD","Industrials","Equity","681.87","0.00","681.87","1,049.00","0.65","India","National Stock Exchange Of India","CAD","-","INR"
"000933","HENAN SHENHUO COAL & POWER LTD A","Materials","Equity","681.53","0.00","681.53","123.00","5.52","China","Shenzhen Stock Exchange","CAD","-","CNY"
"2593","ITO EN LTD","Consumer Staples","Equity","681.46","0.00","681.46","23.00","29.03","Japan","Tokyo Stock Exchange","CAD","-","JPY"
"ECLERX","ECLERX SERVICES","Industrials","Equity","680.00","0.00","680.00","24.00","28.03","India","National Stock Exchange Of India","CAD","-","INR"
"INOXWIND","INOX WIND","Industrials","Equity","676.53","0.00","676.53","626.00","1.08","India","National Stock Exchange Of India","CAD","-","INR"
"BREE","BREEDON GROUP PLC","Materials","Equity","676.52","0.00","676.52","115.00","5.89","United Kingdom","London Stock Exchange","CAD","-","GBP"
"SHAILY","SHAILY ENGINEERING PLASTICS LTD","Industrials","Equity","676.35","0.00","676.35","15.00","45.30","India","National Stock Exchange Of India","CAD","-","INR"
"LHC","LIFE HEALTH","Health Care","Equity","675.64","0.00","675.64","656.00","1.03","South Africa","Johannesburg Stock Exchange","CAD","-","ZAR"
"IPS","IPSOS SA","Communication","Equity","673.20","0.00","673.20","12.00","55.68","France","Nyse Euronext - Euronext Paris","CAD","-","EUR"
"300759","PHARMARON BEIJING LTD A","Health Care","Equity","672.98","0.00","672.98","74.00","9.13","China","Shenzhen Stock Exchange","CAD","-","CNY"
"VUL","VULCAN ENERGY RESOURCES","Materials","Equity","672.58","0.00","672.58","309.00","2.18","Australia","Asx - All Markets","CAD","-","AUD"
"10","HANG LUNG GROUP LTD","Real Estate","Equity","672.57","0.00","672.57","310.00","2.17","Hong Kong","Hong Kong Exchanges And Clearing Ltd","CAD","-","HKD"
"INSTAL","INSTALCO","Industrials","Equity","672.19","0.00","672.19","119.00","5.64","Sweden","Nasdaq Omx Nordic","CAD","-","SEK"
"005290","DONGJIN SEMICHEM LTD","Materials","Equity","672.07","0.00","672.07","16.00","41.40","Korea (South)","Korea Exchange (Kosdaq)","CAD","-","KRW"
"4733","OBIC BUSINESS CONSULTANTS LTD","Information Technology","Equity","671.77","0.00","671.77","9.00","75.24","Japan","Tokyo Stock Exchange","CAD","-","JPY"
"4015","JAMJOOM PHARMA","Health Care","Equity","670.45","0.00","670.45","13.00","50.30","Saudi Arabia","Saudi Stock Exchange","CAD","-","SAR"
"2060","NATIONAL INDUSTRIALIZATION","Materials","Equity","669.72","0.00","669.72","205.00","3.26","Saudi Arabia","Saudi Stock Exchange","CAD","-","SAR"
"9606","DUALITY BIOTHERAPEUTICS INC","Health Care","Equity","669.35","0.00","669.35","20.00","32.68","China","Hong Kong Exchanges And Clearing Ltd","CAD","-","HKD"
"VIJAYA","VIJAYA DIAGNOSTIC CENTRE","Health Care","Equity","669.13","0.00","669.13","30.00","21.96","India","National Stock Exchange Of India","CAD","-","INR"
"363","SHANGHAI INDUSTRIAL HOLDINGS LTD","Industrials","Equity","668.45","0.00","668.45","280.00","2.39","China","Hong Kong Exchanges And Clearing Ltd","CAD","-","HKD"
"KFINTECH","KFIN TECHNOLOGIES LTD","Financials","Equity","668.45","0.00","668.45","51.00","13.08","India","National Stock Exchange Of India","CAD","-","INR"
"TIDLOR.R","TIDLOR HOLDINGS NON-VOTING DR PCL","Financials","Equity","667.56","0.00","667.56","890.00","0.75","Thailand","Stock Exchange Of Thailand","CAD","-","THB"
"301377","GUANGDONG DTECH TECHNOLOGY LTD A","Industrials","Equity","666.84","0.00","666.84","8.00","83.27","China","Shenzhen Stock Exchange","CAD","-","CNY"
"008770","HOTEL SHILLA LTDINARY SHARES KOREA","Consumer Discretionary","Equity","666.71","0.00","666.71","16.00","41.15","Korea (South)","Korea Exchange (Stock Market)","CAD","-","KRW"
"GRWRHITECH","GARWARE HI-TECH FILMS LTD","Materials","Equity","665.85","0.00","665.85","7.00","94.80","India","National Stock Exchange Of India","CAD","-","INR"
"1722","TAIWAN FERTILIZER","Materials","Equity","665.79","0.00","665.79","360.00","1.85","Taiwan","Taiwan Stock Exchange","CAD","-","TWD"
"FSL","FIRSTSOURCE SOLUTIONS LTD","Industrials","Equity","663.99","0.00","663.99","167.00","3.98","India","National Stock Exchange Of India","CAD","-","INR"
"DESN","DOTTIKON ES HOLDING AG","Health Care","Equity","663.84","0.00","663.84","1.00","447.40","Switzerland","SIX Swiss Exchange","CAD","-","CHF"
"4887","SAWAI GROUP HOLDINGS","Health Care","Equity","663.63","0.00","663.63","44.00","14.92","Japan","Tokyo Stock Exchange","CAD","-","JPY"
"KAJARIACER","KAJARIA CERAMICS LTD","Industrials","Equity","663.38","0.00","663.38","37.00","17.75","India","National Stock Exchange Of India","CAD","-","INR"
"2080","NATIONAL GAS AND INDUSTRIALIZATION","Utilities","Equity","662.99","0.00","662.99","29.00","23.07","Saudi Arabia","Saudi Stock Exchange","CAD","-","SAR"
"KPITTECH","KPIT TECHNOLOGIES LTD","Information Technology","Equity","662.87","0.00","662.87","81.00","8.15","India","National Stock Exchange Of India","CAD","-","INR"
"ESCORTS","ESCORTS KUBOTA","Industrials","Equity","662.29","0.00","662.29","16.00","41.26","India","National Stock Exchange Of India","CAD","-","INR"
"MPCC","MPC CONTAINER SHIPS","Industrials","Equity","661.60","0.00","661.60","156.00","4.24","Norway","Oslo Bors Asa","CAD","-","NOK"
"4004","DALLAH HEALTHCARE","Health Care","Equity","661.26","0.00","661.26","22.00","29.79","Saudi Arabia","Saudi Stock Exchange","CAD","-","SAR"
"SPRC.R","STAR PETROLEUM REFINING PCL NON-VO","Energy","Equity","660.77","0.00","660.77","1,139.00","0.58","Thailand","Stock Exchange Of Thailand","CAD","-","THB"
"688082","ACM RESEARCH (SHANGHAI) INC A","Information Technology","Equity","660.61","0.00","660.61","11.00","58.92","China","Shanghai Stock Exchange","CAD","-","CNY"
"004800","HYOSUNG","Industrials","Equity","660.25","0.00","660.25","4.00","159.94","Korea (South)","Korea Exchange (Stock Market)","CAD","-","KRW"
"MRDIY","MR D.I.Y. GROUP (M)","Consumer Discretionary","Equity","660.10","0.00","660.10","1,500.00","0.44","Malaysia","Bursa Malaysia","CAD","-","MYR"
"2350","SAUDI KAYAN PETROCHEMICAL","Materials","Equity","659.41","0.00","659.41","351.00","1.88","Saudi Arabia","Saudi Stock Exchange","CAD","-","SAR"
"HONASA","HONASA CONSUMER LTD","Consumer Staples","Equity","659.29","0.00","659.29","98.00","6.71","India","National Stock Exchange Of India","CAD","-","INR"
"RAMCOCEM","THE RAMCO CEMENTS LTD","Materials","Equity","659.06","0.00","659.06","53.00","12.52","India","National Stock Exchange Of India","CAD","-","INR"
"383220","F&F LTD","Consumer Discretionary","Equity","658.61","0.00","658.61","9.00","69.75","Korea (South)","Korea Exchange (Stock Market)","CAD","-","KRW"
"MTC.R","MUANGTHAI CAPITAL ORS NON-VOTING D","Financials","Equity","658.05","0.00","658.05","526.00","1.25","Thailand","Stock Exchange Of Thailand","CAD","-","THB"
"VH2","FRIEDRICH VORWERK GROUP","Energy","Equity","657.24","0.00","657.24","6.00","106.11","Germany","Xetra","CAD","-","EUR"
"AFX","CARL ZEISS MEDITEC AG","Health Care","Equity","656.52","0.00","656.52","14.00","46.62","Germany","Xetra","CAD","-","EUR"
"2206","SANYANG INDUSTRY","Consumer Discretionary","Equity","656.32","0.00","656.32","234.00","2.81","Taiwan","Taiwan Stock Exchange","CAD","-","TWD"
"JINDALSAW","JINDAL SAW LTD","Materials","Equity","656.14","0.00","656.14","154.00","4.25","India","National Stock Exchange Of India","CAD","-","INR"
"139480","E-MART INC","Consumer Staples","Equity","656.14","0.00","656.14","9.00","73.90","Korea (South)","Korea Exchange (Stock Market)","CAD","-","KRW"
"600026","COSCO SHIPPING ENERGY TRANSPORTATI","Energy","Equity","656.09","0.00","656.09","142.00","4.61","China","Shanghai Stock Exchange","CAD","-","CNY"
"MFEA","MFE-MEDIAFOREUROPE NV","Communication","Equity","655.87","0.00","655.87","172.00","3.82","Italy","Borsa Italiana","CAD","-","EUR"
"8154","KAGA ELECTRONICS LTD","Information Technology","Equity","655.68","0.00","655.68","14.00","45.89","Japan","Tokyo Stock Exchange","CAD","-","JPY"
"MCAP","MEDCAP","Health Care","Equity","655.51","0.00","655.51","9.00","75.52","Sweden","Nasdaq Omx Nordic","CAD","-","SEK"
"WBD","WEBUILD","Industrials","Equity","655.48","0.00","655.48","207.00","3.17","Italy","Borsa Italiana","CAD","-","EUR"
"3020","YAMAMA SAUDI CEMENT","Materials","Equity","653.66","0.00","653.66","78.00","8.40","Saudi Arabia","Saudi Stock Exchange","CAD","-","SAR"
"2282","MGM CHINA HOLDINGS LTD","Consumer Discretionary","Equity","653.55","0.00","653.55","384.00","1.70","Hong Kong","Hong Kong Exchanges And Clearing Ltd","CAD","-","HKD"
"MPARK.E","MLP SAGLIK HIZMETLERI","Health Care","Equity","653.25","0.00","653.25","52.00","12.50","Turkey","Istanbul Stock Exchange","CAD","-","TRY"
"RRTL","RTL GROUP SA","Communication","Equity","652.81","0.00","652.81","13.00","51.41","Germany","Xetra","CAD","-","EUR"
"6960","FUKUDA DENSHI","Health Care","Equity","652.53","0.00","652.53","6.00","109.20","Japan","Tokyo Stock Exchange","CAD","-","JPY"
"601006","DAQIN RAILWAY LTD A","Industrials","Equity","651.99","0.00","651.99","665.00","0.98","China","Shanghai Stock Exchange","CAD","-","CNY"
"ECL","ENGIE ENERGIA CHILE SA","Utilities","Equity","651.94","0.00","651.94","241.00","2.71","Chile","Santiago Stock Exchange","CAD","-","CLP"
"8219","AOYAMA TRADING LTD","Consumer Discretionary","Equity","651.83","0.00","651.83","94.00","6.90","Japan","Tokyo Stock Exchange","CAD","-","JPY"
"AFRY","AFRY CLASS B","Industrials","Equity","649.50","0.00","649.50","44.00","14.76","Sweden","Nasdaq Omx Nordic","CAD","-","SEK"
"AERO","MONTANA N AG","Industrials","Equity","649.47","0.00","649.47","16.00","40.50","Switzerland","SIX Swiss Exchange","CAD","-","CHF"
"CHAMBLFERT","CHAMBAL FERTILISERS AND CHEMICALS","Materials","Equity","649.16","0.00","649.16","108.00","6.03","India","National Stock Exchange Of India","CAD","-","INR"
"6616","GLOBAL NEW MATERIAL INTERNATIONAL","Materials","Equity","649.12","0.00","649.12","384.00","1.69","China","Hong Kong Exchanges And Clearing Ltd","CAD","-","HKD"
"PEKGY.E","PEKER GAYRIMENKUL YATIRIM ORTAKLIG","Real Estate","Equity","648.94","0.00","648.94","2,403.00","0.27","Turkey","Istanbul Stock Exchange","CAD","-","TRY"
"TRITURBINE","TRIVENI TURBINE LTD","Industrials","Equity","648.50","0.00","648.50","80.00","8.12","India","National Stock Exchange Of India","CAD","-","INR"
"357780","SOULBRAIN","Materials","Equity","648.49","0.00","648.49","2.00","333.55","Korea (South)","Korea Exchange (Kosdaq)","CAD","-","KRW"
"601168","WESTERN MINING LTD A","Materials","Equity","648.33","0.00","648.33","88.00","7.39","China","Shanghai Stock Exchange","CAD","-","CNY"
"004370","NONGSHIM LTD","Consumer Staples","Equity","647.79","0.00","647.79","2.00","401.88","Korea (South)","Korea Exchange (Stock Market)","CAD","-","KRW"
"4766","NAN PAO RESINS CHEMICAL CO LTD","Materials","Equity","647.76","0.00","647.76","43.00","15.00","Taiwan","Taiwan Stock Exchange","CAD","-","TWD"
"1579","YIHAI INTERNATIONAL HOLDING","Consumer Staples","Equity","647.69","0.00","647.69","265.00","2.44","China","Hong Kong Exchanges And Clearing Ltd","CAD","-","HKD"
"1316","NEXTEER AUTOMOTIVE GROUP LTD","Consumer Discretionary","Equity","647.12","0.00","647.12","770.00","0.84","China","Hong Kong Exchanges And Clearing Ltd","CAD","-","HKD"
"2851","CENTRAL REINSURANCE CORP","Financials","Equity","646.99","0.00","646.99","314.00","2.06","Taiwan","Taiwan Stock Exchange","CAD","-","TWD"
"ATUL","ATUL LTD","Materials","Equity","646.45","0.00","646.45","7.00","89.42","India","National Stock Exchange Of India","CAD","-","INR"
"SIX3","SIXT PREF","Industrials","Equity","644.44","0.00","644.44","7.00","90.77","Germany","Xetra","CAD","-","EUR"
"NAVA","NAVA","Industrials","Equity","644.38","0.00","644.38","81.00","7.97","India","National Stock Exchange Of India","CAD","-","INR"
"POLR","POLAR CAPITAL HOLDINGS PLC","Financials","Equity","644.24","0.00","644.24","41.00","15.58","United Kingdom","London Stock Exchange","CAD","-","GBP"
"QFIN","QFIN HOLDINGS ADR","Financials","Equity","644.22","0.00","644.22","56.00","11.59","China","NASDAQ","CAD","-","USD"
"IRB","IRB INFRASTRUCTURE DEVELOPERS LTD","Industrials","Equity","643.00","0.00","643.00","2,381.00","0.27","India","National Stock Exchange Of India","CAD","-","INR"
"1810","SEERA GROUP HOLDING","Consumer Discretionary","Equity","642.71","0.00","642.71","85.00","7.59","Saudi Arabia","Saudi Stock Exchange","CAD","-","SAR"
"1319","TONG YANG INDUSTRY LTD","Consumer Discretionary","Equity","642.54","0.00","642.54","183.00","3.51","Taiwan","Taiwan Stock Exchange","CAD","-","TWD"
"PVRINOX","PVR INOX LTD","Communication","Equity","642.12","0.00","642.12","35.00","18.55","India","National Stock Exchange Of India","CAD","-","INR"
"CNPF","CENTURY PACIFIC FOOD INC","Consumer Staples","Equity","641.26","0.00","641.26","891.00","0.72","Philippines","Philippine Stock Exchange Inc.","CAD","-","PHP"
"TCAP.R","THANACHART CAPITAL NON-VOTING DR P","Financials","Equity","639.79","0.00","639.79","184.00","3.48","Thailand","Stock Exchange Of Thailand","CAD","-","THB"
"MSUMI","MOTHERSON SUMI WIRING INDIA LTD","Consumer Discretionary","Equity","639.76","0.00","639.76","1,207.00","0.53","India","National Stock Exchange Of India","CAD","-","INR"
"002602","ZHEJIANG CENTURY HUATONG GROUP LTD","Communication","Equity","639.52","0.00","639.52","211.00","3.03","China","Shenzhen Stock Exchange","CAD","-","CNY"
"688146","PERIC SPECIAL GASES LTD A","Materials","Equity","639.44","0.00","639.44","14.00","47.12","China","Shanghai Stock Exchange","CAD","-","CNY"
"4107","ISE CHEMICALS CORP","Materials","Equity","638.78","0.00","638.78","18.00","35.16","Japan","Tokyo Stock Exchange","CAD","-","JPY"
"NETWEB","NETWEB TECHNOLOGIES INDIA LTD","Information Technology","Equity","638.55","0.00","638.55","10.00","66.75","India","National Stock Exchange Of India","CAD","-","INR"
"023530","LOTTE SHOPPING LTD","Consumer Discretionary","Equity","638.38","0.00","638.38","5.00","117.02","Korea (South)","Korea Exchange (Stock Market)","CAD","-","KRW"
"6925","USHIO INC","Industrials","Equity","638.06","0.00","638.06","20.00","32.47","Japan","Tokyo Stock Exchange","CAD","-","JPY"
"152","SHENZHEN INTERNATIONAL HOLDINGS","Industrials","Equity","637.06","0.00","637.06","671.00","0.95","China","Hong Kong Exchanges And Clearing Ltd","CAD","-","HKD"
"4041","NIPPON SODA LTD","Materials","Equity","636.27","0.00","636.27","18.00","35.11","Japan","Tokyo Stock Exchange","CAD","-","JPY"
"ENRG","ENERGI MEGA PERSADA","Energy","Equity","635.25","0.00","635.25","6,353.00","0.10","Indonesia","Indonesia Stock Exchange","CAD","-","IDR"
"TMB","TAMILNAD MERCANTILE BANK LTD","Financials","Equity","635.22","0.00","635.22","49.00","13.00","India","National Stock Exchange Of India","CAD","-","INR"
"000425","XCMG CONSTRUCTION MACHINERY A","Industrials","Equity","635.17","0.00","635.17","405.00","1.57","China","Shenzhen Stock Exchange","CAD","-","CNY"
"ACMESOLAR","ACME SOLAR HOLDINGS LTD","Utilities","Equity","634.98","0.00","634.98","106.00","6.00","India","National Stock Exchange Of India","CAD","-","INR"
"688111","BEIJING KINGSOFT OFFICE SOFTWARE A","Information Technology","Equity","634.61","0.00","634.61","14.00","46.53","China","Shanghai Stock Exchange","CAD","-","CNY"
"590","LUK FOOK HOLDINGS (INTERNATIONAL)","Consumer Discretionary","Equity","633.96","0.00","633.96","168.00","3.78","Hong Kong","Hong Kong Exchanges And Clearing Ltd","CAD","-","HKD"
"TRN","TRAINLINE PLC","Consumer Discretionary","Equity","633.96","0.00","633.96","166.00","3.82","United Kingdom","London Stock Exchange","CAD","-","GBP"
"VNET","VNET GROUP ADR","Information Technology","Equity","633.95","0.00","633.95","74.00","8.52","China","NASDAQ","CAD","-","USD"
"CCET.R","CAL-COMP ELECTRONICS (THAILAND) NO","Information Technology","Equity","633.73","0.00","633.73","1,668.00","0.38","Thailand","Stock Exchange Of Thailand","CAD","-","THB"
"000807","YUNNAN ALUMINIUM LTD A","Materials","Equity","633.72","0.00","633.72","113.00","5.61","China","Shenzhen Stock Exchange","CAD","-","CNY"
"9899","NETEASE CLOUD MUSIC INC","Communication","Equity","633.57","0.00","633.57","42.00","15.14","China","Hong Kong Exchanges And Clearing Ltd","CAD","-","HKD"
"ZEEL","ZEE ENTERTAINMENT ENTERPRISES","Communication","Equity","633.16","0.00","633.16","555.00","1.14","India","National Stock Exchange Of India","CAD","-","INR"
"9003","SOTETSU HOLDINGS","Industrials","Equity","631.65","0.00","631.65","26.00","23.89","Japan","Tokyo Stock Exchange","CAD","-","JPY"
"SIRI.R","SANSIRI NON-VOTING DR PCL","Real Estate","Equity","631.42","0.00","631.42","10,524.00","0.06","Thailand","Stock Exchange Of Thailand","CAD","-","THB"
"1866","CHINA XLX FERTILISER LTD","Materials","Equity","629.34","0.00","629.34","348.00","1.81","China","Hong Kong Exchanges And Clearing Ltd","CAD","-","HKD"
"007340","DN AUTOMOTIVE CORP","Consumer Discretionary","Equity","629.14","0.00","629.14","13.00","48.69","Korea (South)","Korea Exchange (Stock Market)","CAD","-","KRW"
"AEFES.E","ANADOLU EFES BIRACILIK VE MALT SAN","Consumer Staples","Equity","628.87","0.00","628.87","1,143.00","0.55","Turkey","Istanbul Stock Exchange","CAD","-","TRY"
"USHAMART","USHA MARTIN LTD","Materials","Equity","628.86","0.00","628.86","87.00","7.23","India","National Stock Exchange Of India","CAD","-","INR"
"DAE","DAETWYLER HOLDING INC","Industrials","Equity","628.15","0.00","628.15","3.00","212.58","Switzerland","SIX Swiss Exchange","CAD","-","CHF"
"BNOR","BLUENORD","Energy","Equity","627.41","0.00","627.41","7.00","87.90","Norway","Oslo Bors Asa","CAD","-","NOK"
"600674","SICHUAN CHUANTOU ENERGY LTD A","Utilities","Equity","627.28","0.00","627.28","189.00","3.32","China","Shanghai Stock Exchange","CAD","-","CNY"
"639","SHOUGANG FUSHAN RESOURCES GROUP LT","Materials","Equity","627.16","0.00","627.16","1,206.00","0.52","China","Hong Kong Exchanges And Clearing Ltd","CAD","-","HKD"
"JGS","JG SUMMIT HOLDINGS CLASS B","Industrials","Equity","627.12","0.00","627.12","1,425.00","0.44","Philippines","Philippine Stock Exchange Inc.","CAD","-","PHP"
"TMV","TEAMVIEWER","Information Technology","Equity","626.04","0.00","626.04","60.00","10.40","Germany","Xetra","CAD","-","EUR"
"688777","SUPCON TECHNOLOGY A","Information Technology","Equity","625.71","0.00","625.71","35.00","17.66","China","Shanghai Stock Exchange","CAD","-","CNY"
"145020","HUGEL","Health Care","Equity","625.09","0.00","625.09","3.00","234.35","Korea (South)","Korea Exchange (Kosdaq)","CAD","-","KRW"
"SAPPHIRE","SAPPHIRE FOODS INDIA LTD","Consumer Discretionary","Equity","624.85","0.00","624.85","184.00","3.40","India","National Stock Exchange Of India","CAD","-","INR"
"PLN","PLN CASH","Cash and/or Derivatives","Cash","624.18","0.00","624.18","17.00","36.87","Poland","-","CAD","-","PLN"
"8425","MIZUHO LEASING LIMITED LTD","Financials","Equity","623.73","0.00","623.73","50.00","12.37","Japan","Tokyo Stock Exchange","CAD","-","JPY"
"659","CTF SERVICES LTD","Industrials","Equity","623.50","0.00","623.50","452.00","1.38","Hong Kong","Hong Kong Exchanges And Clearing Ltd","CAD","-","HKD"
"1199","COSCO SHIPPING PORTS LTD","Industrials","Equity","623.33","0.00","623.33","588.00","1.06","China","Hong Kong Exchanges And Clearing Ltd","CAD","-","HKD"
"2606","U-MING MARINE TRANSPORT CORP","Industrials","Equity","623.16","0.00","623.16","184.00","3.38","Taiwan","Taiwan Stock Exchange","CAD","-","TWD"
"4373","SIMPLEX HOLDINGS INC","Information Technology","Equity","622.78","0.00","622.78","59.00","10.52","Japan","Tokyo Stock Exchange","CAD","-","JPY"
"XIOR","XIOR STUDENT HOUSING NV","Real Estate","Equity","622.61","0.00","622.61","15.00","40.72","Belgium","Nyse Euronext - Euronext Brussels","CAD","-","EUR"
"BOX","BOXER RETAIL LTD","Consumer Staples","Equity","622.40","0.00","622.40","93.00","6.69","South Africa","Johannesburg Stock Exchange","CAD","-","ZAR"
"9336","DAIEI KANKYO LTD","Industrials","Equity","621.84","0.00","621.84","18.00","34.44","Japan","Tokyo Stock Exchange","CAD","-","JPY"
"600893","AECC AVIATION POWER LTD A","Industrials","Equity","621.23","0.00","621.23","76.00","8.21","China","Shanghai Stock Exchange","CAD","-","CNY"
"1833","OKUMURA CORP","Industrials","Equity","621.10","0.00","621.10","12.00","52.45","Japan","Tokyo Stock Exchange","CAD","-","JPY"
"688271","SHANGHAI UNITED IMAGING HEALTHCARE","Health Care","Equity","621.10","0.00","621.10","30.00","20.92","China","Shanghai Stock Exchange","CAD","-","CNY"
"TISCO.R","TISCO FINANCIAL GROUP NON-VOTING D","Financials","Equity","620.44","0.00","620.44","117.00","5.32","Thailand","Stock Exchange Of Thailand","CAD","-","THB"
"ISCN","ISRAEL-CANADA LTD","Real Estate","Equity","620.38","0.00","620.38","90.00","6.93","Israel","Tel Aviv Stock Exchange","CAD","-","ILS"
"3715","DYNAMIC HOLDING LTD","Information Technology","Equity","620.20","0.00","620.20","119.00","5.20","Taiwan","Taiwan Stock Exchange","CAD","-","TWD"
"3393","WASION HOLDINGS LTD","Information Technology","Equity","619.58","0.00","619.58","252.00","2.46","China","Hong Kong Exchanges And Clearing Ltd","CAD","-","HKD"
"2645","EVERGREEN AVIATION TECHNOLOGIES CO","Industrials","Equity","619.26","0.00","619.26","82.00","7.57","Taiwan","Taiwan Stock Exchange","CAD","-","TWD"
"2356","DAH SING BANKING LTD","Financials","Equity","618.92","0.00","618.92","234.00","2.64","Hong Kong","Hong Kong Exchanges And Clearing Ltd","CAD","-","HKD"
"RDWR","RADWARE","Information Technology","Equity","618.90","0.00","618.90","14.00","42.73","Israel","NASDAQ","CAD","-","USD"
"HARVIA","HARVIA","Consumer Discretionary","Equity","618.27","0.00","618.27","9.00","69.64","Finland","Nasdaq Omx Helsinki Ltd.","CAD","-","EUR"
"NEC","NINE ENTERTAINMENT CO HOLDINGS","Communication","Equity","618.16","0.00","618.16","782.00","0.79","Australia","Asx - All Markets","CAD","-","AUD"
"CWR","CERES POWER HOLDINGS PLC","Industrials","Equity","617.36","0.00","617.36","86.00","7.22","United Kingdom","London Stock Exchange","CAD","-","GBP"
"7004","KANADEVIA","Industrials","Equity","616.23","0.00","616.23","58.00","10.64","Japan","Tokyo Stock Exchange","CAD","-","JPY"
"TATAINVEST","TATA INVESTMENT CORPORATION LTD","Financials","Equity","616.11","0.00","616.11","59.00","10.49","India","National Stock Exchange Of India","CAD","-","INR"
"141A","TRIAL HOLDINGS INC","Consumer Staples","Equity","615.29","0.00","615.29","18.00","33.41","Japan","Tokyo Stock Exchange","CAD","-","JPY"
"LINK","LINK MOBILITY GROUP HOLDING","Information Technology","Equity","614.50","0.00","614.50","175.00","3.52","Norway","Oslo Bors Asa","CAD","-","NOK"
"600362","JIANGXI COPPER LTD A","Materials","Equity","614.31","0.00","614.31","68.00","9.02","China","Shanghai Stock Exchange","CAD","-","CNY"
"601888","CHINA TOURISM GROUP DUTY FREE CORP","Consumer Discretionary","Equity","614.01","0.00","614.01","58.00","10.67","China","Shanghai Stock Exchange","CAD","-","CNY"
"RCO","REMY COINTREAU SA","Consumer Staples","Equity","613.45","0.00","613.45","9.00","68.47","France","Nyse Euronext - Euronext Paris","CAD","-","EUR"
"000988","HUAGONG TECH A","Information Technology","Equity","613.08","0.00","613.08","28.00","22.07","China","Shenzhen Stock Exchange","CAD","-","CNY"
"CADLR","CADELER","Industrials","Equity","612.12","0.00","612.12","69.00","8.91","Norway","Oslo Bors Asa","CAD","-","NOK"
"603501","OMNIVISION INTEGRATED CIRCUITS GRO","Information Technology","Equity","611.95","0.00","611.95","37.00","16.40","China","Shanghai Stock Exchange","CAD","-","CNY"
"300757","ROBOTECHNIK INTELLIGENT TECHNOLOGY","Industrials","Equity","611.76","0.00","611.76","5.00","126.82","China","Shenzhen Stock Exchange","CAD","-","CNY"
"002414","WUHAN GUIDE INFRARED LTD A","Information Technology","Equity","611.56","0.00","611.56","241.00","2.54","China","Shenzhen Stock Exchange","CAD","-","CNY"
"DTC","DATATEC LTD","Information Technology","Equity","611.17","0.00","611.17","90.00","6.76","South Africa","Johannesburg Stock Exchange","CAD","-","ZAR"
"IPH","IPH","Industrials","Equity","611.11","0.00","611.11","185.00","3.30","Australia","Asx - All Markets","CAD","-","AUD"
"PAX","PATRIA INVESTMENTS LTD CLASS A","Financials","Equity","611.03","0.00","611.03","43.00","14.06","Brazil","NASDAQ","CAD","-","USD"
"TKG","TELKOM SOC LTD SA","Communication","Equity","610.30","0.00","610.30","132.00","4.64","South Africa","Johannesburg Stock Exchange","CAD","-","ZAR"
"JSW","JASTRZEBSKA SPOLKA WEGLOWA","Materials","Equity","610.15","0.00","610.15","43.00","14.31","Poland","Warsaw Stock Exchange/Equities/Main Market","CAD","-","PLN"
"COHANCE","COHANCE LIFESCIENCES LTD","Health Care","Equity","609.78","0.00","609.78","95.00","6.41","India","National Stock Exchange Of India","CAD","-","INR"
"089030","TECHWING INC","Information Technology","Equity","609.72","0.00","609.72","13.00","46.46","Korea (South)","Korea Exchange (Kosdaq)","CAD","-","KRW"
"GNC","GRAINCORP CLASS A","Consumer Staples","Equity","609.35","0.00","609.35","93.00","6.56","Australia","Asx - All Markets","CAD","-","AUD"
"GRINDWELL","GRINDWELL NORTON LTD","Industrials","Equity","609.25","0.00","609.25","22.00","27.15","India","National Stock Exchange Of India","CAD","-","INR"
"601390","CHINA RAILWAY GROUP LTD A","Industrials","Equity","609.00","0.00","609.00","684.00","0.89","China","Shanghai Stock Exchange","CAD","-","CNY"
"YGGYO.E","YENI GIMAT REAL ESTATE INVESTMENT","Real Estate","Equity","606.72","0.00","606.72","98.00","6.22","Turkey","Istanbul Stock Exchange","CAD","-","TRY"
"9911","NEWBORN TOWN INC","Communication","Equity","606.70","0.00","606.70","357.00","1.70","China","Hong Kong Exchanges And Clearing Ltd","CAD","-","HKD"
"VAPORES","COMPANIA SUDAMERICANA DE VAPORES S","Industrials","Equity","606.43","0.00","606.43","8,663.00","0.07","Chile","Santiago Stock Exchange","CAD","-","CLP"
"1314","CHINA PETROCHEMICAL DEVELOPMENT CO","Materials","Equity","605.88","0.00","605.88","1,554.00","0.39","Taiwan","Taiwan Stock Exchange","CAD","-","TWD"
"6010","NATIONAL AGRICULTURE DEVELOPMENT","Consumer Staples","Equity","605.81","0.00","605.81","115.00","5.26","Saudi Arabia","Saudi Stock Exchange","CAD","-","SAR"
"089970","VM INC","Information Technology","Equity","605.79","0.00","605.79","11.00","53.45","Korea (South)","Korea Exchange (Kosdaq)","CAD","-","KRW"
"601995","CHINA INTERNATIONAL CAPITAL A","Financials","Equity","605.32","0.00","605.32","91.00","6.63","China","Shanghai Stock Exchange","CAD","-","CNY"
"251270","NETMARBLE","Communication","Equity","604.35","0.00","604.35","17.00","34.57","Korea (South)","Korea Exchange (Stock Market)","CAD","-","KRW"
"BYIT","BYTES TECHNOLOGY GROUP PLC","Information Technology","Equity","603.99","0.00","603.99","72.00","8.40","United Kingdom","London Stock Exchange","CAD","-","GBP"
"7611","HIDAY HIDAKA CORP","Consumer Discretionary","Equity","603.70","0.00","603.70","23.00","26.38","Japan","Tokyo Stock Exchange","CAD","-","JPY"
"1117","CHINA MODERN DAIRY HOLDINGS LTD","Consumer Staples","Equity","602.91","0.00","602.91","2,079.00","0.29","China","Hong Kong Exchanges And Clearing Ltd","CAD","-","HKD"
"2393","EVERLIGHT ELECTRONICS","Information Technology","Equity","602.63","0.00","602.63","218.00","2.77","Taiwan","Taiwan Stock Exchange","CAD","-","TWD"
"002230","IFLYTEK LTD A","Information Technology","Equity","602.57","0.00","602.57","75.00","8.00","China","Shenzhen Stock Exchange","CAD","-","CNY"
"EYDAP","ATHENS WATER SUPPLY AND SEWAGE SA","Utilities","Equity","601.89","0.00","601.89","30.00","19.86","Greece","Athens Exchange S.A. Cash Market","CAD","-","EUR"
"STA.R","SRI TRANG-AGRO INDUSTRY NON-VOTING","Consumer Discretionary","Equity","601.68","0.00","601.68","669.00","0.90","Thailand","Stock Exchange Of Thailand","CAD","-","THB"
"IDL","ID LOGISTICS","Industrials","Equity","601.26","0.00","601.26","1.00","522.11","France","Nyse Euronext - Euronext Paris","CAD","-","EUR"
"HLI","HELIA GROUP LTD","Financials","Equity","600.50","0.00","600.50","112.00","5.35","Australia","Asx - All Markets","CAD","-","AUD"
"300498","WENS FOODSTUFF GROUP","Consumer Staples","Equity","600.50","0.00","600.50","197.00","3.05","China","Shenzhen Stock Exchange","CAD","-","CNY"
"ASHM","ASHMORE GROUP PLC","Financials","Equity","600.03","0.00","600.03","150.00","4.00","United Kingdom","London Stock Exchange","CAD","-","GBP"
"3287","HOSHINO RESORTS REIT INC","Real Estate","Equity","599.71","0.00","599.71","0.00","2,119.37","Japan","Tokyo Stock Exchange","CAD","-","JPY"
"NATCOPHARM","NATCO PHARMA LTD","Health Care","Equity","599.31","0.00","599.31","50.00","11.93","India","National Stock Exchange Of India","CAD","-","INR"
"ASAHIINDIA","ASAHI INDIA GLASS LTD","Consumer Discretionary","Equity","598.82","0.00","598.82","43.00","13.86","India","National Stock Exchange Of India","CAD","-","INR"
"1609","TA YA ELECTRIC WIRE & CABLE LTD","Industrials","Equity","597.47","0.00","597.47","362.00","1.65","Taiwan","Taiwan Stock Exchange","CAD","-","TWD"
"000783","CHANGJIANG SECURITIES LTD A","Financials","Equity","596.91","0.00","596.91","345.00","1.73","China","Shenzhen Stock Exchange","CAD","-","CNY"
"ABB","AUSSIE BROADBAND","Communication","Equity","595.71","0.00","595.71","145.00","4.11","Australia","Asx - All Markets","CAD","-","AUD"
"QLTU","QUALITAU LTD","Information Technology","Equity","595.65","0.00","595.65","4.00","161.40","Israel","Tel Aviv Stock Exchange","CAD","-","ILS"
"THANGAMAYL","THANGAMAYIL JEWELLERY LTD","Consumer Discretionary","Equity","594.31","0.00","594.31","8.00","70.14","India","National Stock Exchange Of India","CAD","-","INR"
"NIC","NICKEL INDUSTRIES","Materials","Equity","593.49","0.00","593.49","761.00","0.78","Australia","Asx - All Markets","CAD","-","AUD"
"600426","SHANDONG HUALU-HENGSHENG CHEMICAL","Materials","Equity","593.20","0.00","593.20","146.00","4.05","China","Shanghai Stock Exchange","CAD","-","CNY"
"URC","UNIVERSAL ROBINA CORP","Consumer Staples","Equity","592.95","0.00","592.95","460.00","1.29","Philippines","Philippine Stock Exchange Inc.","CAD","-","PHP"
"SUDARSCHEM","SUDARSHAN CHEMICAL INDUSTRIES LTD","Materials","Equity","591.45","0.00","591.45","34.00","17.57","India","National Stock Exchange Of India","CAD","-","INR"
"688347","HUA HONG GRACE SEMICONDUCTOR LTD A","Information Technology","Equity","591.19","0.00","591.19","13.00","46.08","China","Shanghai Stock Exchange","CAD","-","CNY"
"SCHNEIDER","SCHNEIDER ELECTRIC INFRASTRUCTURE","Industrials","Equity","590.96","0.00","590.96","34.00","17.52","India","National Stock Exchange Of India","CAD","-","INR"
"LH.R","LAND AND HOUSE PUBLIC NON-VOTING D","Real Estate","Equity","590.78","0.00","590.78","3,939.00","0.15","Thailand","Stock Exchange Of Thailand","CAD","-","THB"
"RALYH.E","RAL YATIRIM HOLDING ANONIM SIRKETI","Industrials","Equity","590.58","0.00","590.58","93.00","6.32","Turkey","Istanbul Stock Exchange","CAD","-","TRY"
"022100","POSCO DX COMPANY LTD","Information Technology","Equity","590.38","0.00","590.38","28.00","21.46","Korea (South)","Korea Exchange (Stock Market)","CAD","-","KRW"
"7906","YONEX LTD","Consumer Discretionary","Equity","590.21","0.00","590.21","28.00","21.38","Japan","Tokyo Stock Exchange","CAD","-","JPY"
"214150","CLASSYS INC","Health Care","Equity","590.04","0.00","590.04","19.00","31.84","Korea (South)","Korea Exchange (Kosdaq)","CAD","-","KRW"
"9119","IINO KAIUN LTD","Industrials","Equity","588.84","0.00","588.84","37.00","16.10","Japan","Tokyo Stock Exchange","CAD","-","JPY"
"LLC","LENDLEASE GROUP STAPLED UNITS","Real Estate","Equity","587.94","0.00","587.94","224.00","2.62","Australia","Asx - All Markets","CAD","-","AUD"
"OLAELEC","OLA ELECTRIC MOBILITY LTD","Consumer Discretionary","Equity","587.32","0.00","587.32","1,088.00","0.54","India","National Stock Exchange Of India","CAD","-","INR"
"DDR","DICKER DATA LTD","Information Technology","Equity","587.25","0.00","587.25","40.00","14.74","Australia","Asx - All Markets","CAD","-","AUD"
"4084","DERAYAH FINANCIAL","Financials","Equity","587.23","0.00","587.23","76.00","7.74","Saudi Arabia","Saudi Stock Exchange","CAD","-","SAR"
"SAX","STROEER SE","Communication","Equity","586.98","0.00","586.98","10.00","57.83","Germany","Xetra","CAD","-","EUR"
"BEKB","BEKAERT (D) SA","Materials","Equity","586.75","0.00","586.75","10.00","61.29","Belgium","Nyse Euronext - Euronext Brussels","CAD","-","EUR"
"ERIS","ERIS LIFESCIENCES LTD","Health Care","Equity","586.67","0.00","586.67","31.00","19.11","India","National Stock Exchange Of India","CAD","-","INR"
"IREDA","INDIAN RENEWABLE ENERGY DEVELOPMEN","Financials","Equity","586.20","0.00","586.20","369.00","1.59","India","National Stock Exchange Of India","CAD","-","INR"
"6451","SHUNSIN TECHNOLOGY HOLDINGS LTD","Information Technology","Equity","586.13","0.00","586.13","32.00","18.38","Taiwan","Taiwan Stock Exchange","CAD","-","TWD"
"IRPC.R","IRPC NON-VOTING DR","Energy","Equity","586.02","0.00","586.02","5,327.00","0.11","Thailand","Stock Exchange Of Thailand","CAD","-","THB"
"NOK","NOK CASH","Cash and/or Derivatives","Cash","585.84","0.00","585.84","39.00","14.85","Norway","-","CAD","-","NOK"
"GXI","GERRESHEIMER AG","Health Care","Equity","585.19","0.00","585.19","13.00","44.02","Germany","Xetra","CAD","-","EUR"
"078600","DAEJOO ELECTRONIC MATERIALS LTD","Information Technology","Equity","584.55","0.00","584.55","7.00","87.36","Korea (South)","Korea Exchange (Kosdaq)","CAD","-","KRW"
"3040","QASSIM CEMENT","Materials","Equity","583.76","0.00","583.76","35.00","16.75","Saudi Arabia","Saudi Stock Exchange","CAD","-","SAR"
"2367","UNITECH PRINTED CIRCUIT BOARD","Information Technology","Equity","583.44","0.00","583.44","328.00","1.78","Taiwan","Taiwan Stock Exchange","CAD","-","TWD"
"8016","SITRONIX TECHNOLOGY CORP","Information Technology","Equity","583.10","0.00","583.10","48.00","12.11","Taiwan","Taiwan Stock Exchange","CAD","-","TWD"
"APEX","APEX INVESTMENT","Materials","Equity","582.95","0.00","582.95","402.00","1.45","United Arab Emirates","Abu Dhabi Securities Exchange","CAD","-","AED"
"6632","JVCKENWOOD CORP","Consumer Discretionary","Equity","580.97","0.00","580.97","64.00","9.08","Japan","Tokyo Stock Exchange","CAD","-","JPY"
"600104","SAIC MOTOR CORP LTD A","Consumer Discretionary","Equity","580.81","0.00","580.81","249.00","2.33","China","Shanghai Stock Exchange","CAD","-","CNY"
"002080","SINOMA SCIENCE & TECHNOLOGY A","Materials","Equity","580.70","0.00","580.70","47.00","12.24","China","Shenzhen Stock Exchange","CAD","-","CNY"
"544467","NATIONAL SECURITIES DEPOSITORY LTD","Financials","Equity","580.59","0.00","580.59","50.00","11.54","India","Bse Ltd","CAD","-","INR"
"COLT","COLT CZ GROUP","Industrials","Equity","580.25","0.00","580.25","10.00","60.05","Czech Republic","Prague Stock Exchange","CAD","-","CZK"
"817","CHINA JINMAO HOLDINGS GROUP LTD","Real Estate","Equity","579.90","0.00","579.90","2,761.00","0.21","China","Hong Kong Exchanges And Clearing Ltd","CAD","-","HKD"
"6803","ECOVE ENVIRONMENT CORP","Industrials","Equity","579.66","0.00","579.66","49.00","11.73","Taiwan","Gretai Securities Market","CAD","-","TWD"
"DIA","DIAGNOSTYKA SA","Health Care","Equity","579.06","0.00","579.06","10.00","60.62","Poland","Warsaw Stock Exchange/Equities/Main Market","CAD","-","PLN"
"DIRR3","DIRECIONAL ENGENHARIA","Consumer Discretionary","Equity","578.37","0.00","578.37","212.00","2.73","Brazil","XBSP","CAD","-","BRL"
"601727","SHANGHAI ELECTRIC GROUP LTD A","Industrials","Equity","578.19","0.00","578.19","438.00","1.32","China","Shanghai Stock Exchange","CAD","-","CNY"
"3339","LONKING HOLDINGS LTD","Industrials","Equity","578.15","0.00","578.15","980.00","0.59","China","Hong Kong Exchanges And Clearing Ltd","CAD","-","HKD"
"4914","TAKASAGO INTERNATIONAL CORP","Materials","Equity","577.85","0.00","577.85","48.00","11.97","Japan","Tokyo Stock Exchange","CAD","-","JPY"
"131290","TSE LTD","Information Technology","Equity","577.60","0.00","577.60","2.00","251.56","Korea (South)","Korea Exchange (Kosdaq)","CAD","-","KRW"
"MILDEF","MILDEF GROUP","Industrials","Equity","577.46","0.00","577.46","17.00","33.40","Sweden","Nasdaq Omx Nordic","CAD","-","SEK"
"237690","ST PHARM LTD","Health Care","Equity","576.98","0.00","576.98","6.00","93.03","Korea (South)","Korea Exchange (Kosdaq)","CAD","-","KRW"
"JYOTICNC","JYOTI CNC AUTOMATION LTD","Industrials","Equity","576.73","0.00","576.73","40.00","14.30","India","National Stock Exchange Of India","CAD","-","INR"
"3090","NICHIDENBO CORP","Information Technology","Equity","576.65","0.00","576.65","82.00","7.02","Taiwan","Taiwan Stock Exchange","CAD","-","TWD"
"002648","SATELLITE CHEMICAL LTD A","Materials","Equity","576.30","0.00","576.30","105.00","5.49","China","Shenzhen Stock Exchange","CAD","-","CNY"
"081660","MISTO HOLDINGS CORP","Consumer Discretionary","Equity","575.51","0.00","575.51","15.00","39.18","Korea (South)","Korea Exchange (Stock Market)","CAD","-","KRW"
"MGAM","MORGAN ADVANCED MATERIALS PLC","Industrials","Equity","575.36","0.00","575.36","125.00","4.62","United Kingdom","London Stock Exchange","CAD","-","GBP"
"APOTEA","APOTEA","Consumer Staples","Equity","575.33","0.00","575.33","51.00","11.18","Sweden","Nasdaq Omx Nordic","CAD","-","SEK"
"2646","STARLUX AIRLINES LTD","Industrials","Equity","574.84","0.00","574.84","646.00","0.89","Taiwan","Taiwan Stock Exchange","CAD","-","TWD"
"9759","NSD LTD","Information Technology","Equity","574.76","0.00","574.76","22.00","26.17","Japan","Tokyo Stock Exchange","CAD","-","JPY"
"178320","SEOJIN SYSTEM LTD","Information Technology","Equity","574.30","0.00","574.30","17.00","34.67","Korea (South)","Korea Exchange (Kosdaq)","CAD","-","KRW"
"KRNT","KORNIT DIGITAL","Industrials","Equity","574.13","0.00","574.13","27.00","21.51","Israel","NASDAQ","CAD","-","USD"
"LLOYDSENGG","LLOYDS ENGINEERING WORKS LTD","Industrials","Equity","573.96","0.00","573.96","491.00","1.17","India","National Stock Exchange Of India","CAD","-","INR"
"029780","SAMSUNG CARD LTD","Financials","Equity","573.85","0.00","573.85","13.00","44.90","Korea (South)","Korea Exchange (Stock Market)","CAD","-","KRW"
"4003","UNITED ELECTRONICS","Consumer Discretionary","Equity","573.79","0.00","573.79","23.00","24.76","Saudi Arabia","Saudi Stock Exchange","CAD","-","SAR"
"SEK","SEK CASH","Cash and/or Derivatives","Cash","572.86","0.00","572.86","40.00","14.25","Sweden","-","CAD","-","SEK"
"9682","DTS","Information Technology","Equity","572.30","0.00","572.30","57.00","10.00","Japan","Tokyo Stock Exchange","CAD","-","JPY"
"BELRISE","BELRISE INDUSTRIES LTD","Consumer Discretionary","Equity","572.16","0.00","572.16","171.00","3.34","India","National Stock Exchange Of India","CAD","-","INR"
"600549","XIAMEN TUNGSTEN LTD A","Materials","Equity","571.47","0.00","571.47","55.00","10.37","China","Shanghai Stock Exchange","CAD","-","CNY"
"011170","LOTTE CHEMICAL","Materials","Equity","571.39","0.00","571.39","9.00","62.86","Korea (South)","Korea Exchange (Stock Market)","CAD","-","KRW"
"PLNW","PLANISWARE SA","Information Technology","Equity","571.30","0.00","571.30","15.00","37.83","France","Nyse Euronext - Euronext Paris","CAD","-","EUR"
"8572","ACOM LTD","Financials","Equity","570.86","0.00","570.86","129.00","4.44","Japan","Tokyo Stock Exchange","CAD","-","JPY"
"1164","CGN MINING COMPANY LTD","Energy","Equity","570.03","0.00","570.03","1,541.00","0.37","China","Hong Kong Exchanges And Clearing Ltd","CAD","-","HKD"
"9921","GIANT MANUFACTURING","Consumer Discretionary","Equity","569.89","0.00","569.89","144.00","3.95","Taiwan","Taiwan Stock Exchange","CAD","-","TWD"
"688002","RAYTRON TECHNOLOGY LTD A","Information Technology","Equity","569.67","0.00","569.67","15.00","38.59","China","Shanghai Stock Exchange","CAD","-","CNY"
"APTUS","APTUS VALUE HOUSING FINANCE INDIA","Financials","Equity","568.98","0.00","568.98","163.00","3.49","India","National Stock Exchange Of India","CAD","-","INR"
"601012","LONGI GREEN ENERGY TECHNOLOGY A","Information Technology","Equity","568.56","0.00","568.56","248.00","2.29","China","Shanghai Stock Exchange","CAD","-","CNY"
"VOLTAMP","VOLTAMP TRANSFORMERS LTD","Industrials","Equity","568.52","0.00","568.52","4.00","156.50","India","National Stock Exchange Of India","CAD","-","INR"
"9166","GENDA","Consumer Discretionary","Equity","568.46","0.00","568.46","91.00","6.24","Japan","Tokyo Stock Exchange","CAD","-","JPY"
"SIVE","SIVERS SEMICONDUCTORS","Information Technology","Equity","568.23","0.00","568.23","133.00","4.27","Sweden","Nasdaq Omx Nordic","CAD","-","SEK"
"AURE3","AUREN ENERGIA SA","Utilities","Equity","568.13","0.00","568.13","175.00","3.24","Brazil","XBSP","CAD","-","BRL"
"3227","PIXART IMAGING","Information Technology","Equity","568.01","0.00","568.01","71.00","8.01","Taiwan","Gretai Securities Market","CAD","-","TWD"
"BPCC","BOUBYAN PETROCHM","Materials","Equity","567.90","0.00","567.90","169.00","3.36","Kuwait","Kuwait Stock Exchange","CAD","-","KWD"
"AGUAS.A","AGUAS ANDINAS SA","Utilities","Equity","567.51","0.00","567.51","1,158.00","0.49","Chile","Santiago Stock Exchange","CAD","-","CLP"
"1952","EVEREST MEDICINES","Health Care","Equity","567.38","0.00","567.38","121.00","4.70","China","Hong Kong Exchanges And Clearing Ltd","CAD","-","HKD"
"001740","SK NETWORKS LTD","Industrials","Equity","567.26","0.00","567.26","89.00","6.39","Korea (South)","Korea Exchange (Stock Market)","CAD","-","KRW"
"2869","GREENTOWN SERVICE GROUP LTD","Real Estate","Equity","566.42","0.00","566.42","765.00","0.74","China","Hong Kong Exchanges And Clearing Ltd","CAD","-","HKD"
"EXCL","XLSMART TELECOM SEJAHTERA","Communication","Equity","566.38","0.00","566.38","2,832.00","0.20","Indonesia","Indonesia Stock Exchange","CAD","-","IDR"
"6666","EVERGRANDE PROPERTY SERVICES GROUP","Real Estate","Equity","566.32","0.00","566.32","2,697.00","0.21","China","Hong Kong Exchanges And Clearing Ltd","CAD","-","HKD"
"6472","BORA PHARMACEUTICALS","Health Care","Equity","565.03","0.00","565.03","30.00","18.64","Taiwan","Taiwan Stock Exchange","CAD","-","TWD"
"600160","ZHEJIANG JU HUA LTD A","Materials","Equity","563.99","0.00","563.99","77.00","7.29","China","Shanghai Stock Exchange","CAD","-","CNY"
"EMBRAC B","EMBRACER GROUP CLASS B","Communication","Equity","563.95","0.00","563.95","47.00","12.09","Sweden","Nasdaq Omx Nordic","CAD","-","SEK"
"CEM","CEMENTIR HOLDING NV","Materials","Equity","563.86","0.00","563.86","25.00","22.22","Italy","Borsa Italiana","CAD","-","EUR"
"KLCC","KLCC PROPERTY HOLDINGS STAPLED UNI","Real Estate","Equity","563.85","0.00","563.85","192.00","2.93","Malaysia","Bursa Malaysia","CAD","-","MYR"
"NP3","NP3 FASTIGHETER","Real Estate","Equity","563.36","0.00","563.36","16.00","34.48","Sweden","Nasdaq Omx Nordic","CAD","-","SEK"
"UJJIVANSFB","UJJIVAN SMALL FINANCE BANK LTD","Financials","Equity","562.70","0.00","562.70","605.00","0.93","India","National Stock Exchange Of India","CAD","-","INR"
"2381","ARABIAN DRILLING CO","Energy","Equity","561.80","0.00","561.80","16.00","34.74","Saudi Arabia","Saudi Stock Exchange","CAD","-","SAR"
"BURSA","BURSA MALAYSIA","Financials","Equity","561.57","0.00","561.57","204.00","2.75","Malaysia","Bursa Malaysia","CAD","-","MYR"
"TRST","TRUSTPILOT GROUP PLC","Communication","Equity","561.28","0.00","561.28","139.00","4.05","United Kingdom","London Stock Exchange","CAD","-","GBP"
"688249","NEXCHIP SEMICONDUCTOR CORP A","Information Technology","Equity","561.21","0.00","561.21","77.00","7.30","China","Shanghai Stock Exchange","CAD","-","CNY"
"VSVS","VESUVIUS","Industrials","Equity","561.08","0.00","561.08","81.00","6.89","United Kingdom","London Stock Exchange","CAD","-","GBP"
"165","CHINA EVERBRIGHT LTD","Financials","Equity","560.97","0.00","560.97","524.00","1.07","China","Hong Kong Exchanges And Clearing Ltd","CAD","-","HKD"
"140860","PARKSYSTEMS CORP","Information Technology","Equity","560.92","0.00","560.92","2.00","262.69","Korea (South)","Korea Exchange (Kosdaq)","CAD","-","KRW"
"PARAS","PARAS DEFENCE AND SPACE TECHNOLOGI","Industrials","Equity","560.60","0.00","560.60","28.00","19.99","India","National Stock Exchange Of India","CAD","-","INR"
"APR","AUTO PARTNER SA","Consumer Discretionary","Equity","559.76","0.00","559.76","49.00","11.43","Poland","Warsaw Stock Exchange/Equities/Main Market","CAD","-","PLN"
"001120","LX INTERNATIONAL CORP","Industrials","Equity","559.12","0.00","559.12","13.00","42.31","Korea (South)","Korea Exchange (Stock Market)","CAD","-","KRW"
"5451","YODOKO LTD","Materials","Equity","558.80","0.00","558.80","43.00","12.89","Japan","Tokyo Stock Exchange","CAD","-","JPY"
"2388","VIA TECHNOLOGIES","Information Technology","Equity","557.60","0.00","557.60","182.00","3.06","Taiwan","Taiwan Stock Exchange","CAD","-","TWD"
"3097","MONOGATARI","Consumer Discretionary","Equity","557.51","0.00","557.51","12.00","47.06","Japan","Tokyo Stock Exchange","CAD","-","JPY"
"DRR","DETERRA ROYALTIES","Materials","Equity","557.21","0.00","557.21","134.00","4.16","Australia","Asx - All Markets","CAD","-","AUD"
"CRE","CONDUIT HOLDINGS LTD","Financials","Equity","557.01","0.00","557.01","62.00","8.97","United Kingdom","London Stock Exchange","CAD","-","GBP"
"JSE","JOHANNESBURG STOCK EXCHANGE LTD","Financials","Equity","556.29","0.00","556.29","42.00","13.25","South Africa","Johannesburg Stock Exchange","CAD","-","ZAR"
"1060","DAMAI ENTERTAINMENT HOLDINGS LTD","Communication","Equity","555.72","0.00","555.72","6,175.00","0.09","China","Hong Kong Exchanges And Clearing Ltd","CAD","-","HKD"
"ADMIE","ADMIE HOLDING COMPANY SA SHRS","Utilities","Equity","555.28","0.00","555.28","80.00","6.92","Greece","Athens Exchange S.A. Cash Market","CAD","-","EUR"
"2616","CSTONE PHARMACEUTICALS","Health Care","Equity","555.19","0.00","555.19","578.00","0.96","China","Hong Kong Exchanges And Clearing Ltd","CAD","-","HKD"
"HAVAS","HAVAS NV","Communication","Equity","554.89","0.00","554.89","19.00","29.16","Netherlands","Euronext Amsterdam","CAD","-","EUR"
"NBCC","NBCC INDIA LTD","Industrials","Equity","554.65","0.00","554.65","462.00","1.20","India","National Stock Exchange Of India","CAD","-","INR"
"7740","TAMRON LTD","Consumer Discretionary","Equity","553.98","0.00","553.98","45.00","12.19","Japan","Tokyo Stock Exchange","CAD","-","JPY"
"7220","MUSASHI SEIMITSU INDUSTRY LTD","Consumer Discretionary","Equity","553.91","0.00","553.91","22.00","24.71","Japan","Tokyo Stock Exchange","CAD","-","JPY"
"CSNA3","COMPANHIA SIDERURGICA NACIONAL SA","Materials","Equity","552.87","0.00","552.87","325.00","1.70","Brazil","XBSP","CAD","-","BRL"
"BLUESTONE","BLUESTONE JEWELLERY AND LIFESTYLE","Consumer Discretionary","Equity","552.55","0.00","552.55","46.00","12.12","India","National Stock Exchange Of India","CAD","-","INR"
"CAPLIPOINT","CAPLIN POINT LABORATORIES LTD","Health Care","Equity","552.19","0.00","552.19","15.00","37.86","India","National Stock Exchange Of India","CAD","-","INR"
"DOMS","DOMS INDUSTRIES LTD","Industrials","Equity","552.11","0.00","552.11","18.00","30.93","India","National Stock Exchange Of India","CAD","-","INR"
"CANFINHOME","CAN FIN HOMES LTD","Financials","Equity","551.01","0.00","551.01","49.00","11.29","India","National Stock Exchange Of India","CAD","-","INR"
"USIM5","USINAS SIDERURGICAS DE MINAS GERAI","Materials","Equity","550.98","0.00","550.98","287.00","1.92","Brazil","XBSP","CAD","-","BRL"
"8133","ITOCHU ENEX LTD","Energy","Equity","550.64","0.00","550.64","26.00","21.27","Japan","Tokyo Stock Exchange","CAD","-","JPY"
"EAST","EASTERN CO.","Consumer Staples","Equity","550.37","0.00","550.37","640.00","0.86","Egypt","Egyptian Exchange","CAD","-","EGP"
"1795","LOTUS PHARMACEUTICAL LTD","Health Care","Equity","549.72","0.00","549.72","70.00","7.90","Taiwan","Taiwan Stock Exchange","CAD","-","TWD"
"RPI","RASPBERRY PI HOLDINGS PLC","Information Technology","Equity","549.50","0.00","549.50","54.00","10.12","United Kingdom","London Stock Exchange","CAD","-","GBP"
"4005","NATIONAL MEDICAL CARE","Health Care","Equity","549.44","0.00","549.44","12.00","44.57","Saudi Arabia","Saudi Stock Exchange","CAD","-","SAR"
"1951","JINXIN FERTILITY GROUP","Health Care","Equity","549.18","0.00","549.18","1,484.00","0.37","China","Hong Kong Exchanges And Clearing Ltd","CAD","-","HKD"
"JUBLPHARMA","JUBILANT PHARMOVA LTD","Health Care","Equity","548.73","0.00","548.73","37.00","14.76","India","National Stock Exchange Of India","CAD","-","INR"
"ASTRAMICRO","ASTRA MICROWAVE PRODUCTS LTD","Information Technology","Equity","548.10","0.00","548.10","23.00","23.44","India","National Stock Exchange Of India","CAD","-","INR"
"300661","SG MICRO CORP A","Information Technology","Equity","547.46","0.00","547.46","23.00","24.29","China","Shenzhen Stock Exchange","CAD","-","CNY"
"4763","JINAN ACETATE CHEMICAL","Materials","Equity","547.17","0.00","547.17","262.00","2.09","Taiwan","Taiwan Stock Exchange","CAD","-","TWD"
"INOXINDIA","INOX INDIA LTD","Industrials","Equity","546.98","0.00","546.98","19.00","29.37","India","National Stock Exchange Of India","CAD","-","INR"
"CQR","CHARTER HALL RETAIL UNITS","Real Estate","Equity","546.72","0.00","546.72","145.00","3.77","Australia","Asx - All Markets","CAD","-","AUD"
"MBK.R","MBK NON-VOTING DR PCL","Real Estate","Equity","546.59","0.00","546.59","601.00","0.91","Thailand","Stock Exchange Of Thailand","CAD","-","THB"
"1907","YFY INC","Materials","Equity","546.20","0.00","546.20","423.00","1.29","Taiwan","Taiwan Stock Exchange","CAD","-","TWD"
"2270","SAUDI DAIRY AND FOODSTUFF","Consumer Staples","Equity","545.97","0.00","545.97","7.00","75.81","Saudi Arabia","Saudi Stock Exchange","CAD","-","SAR"
"8097","SAN-AI OBBLI LTD","Energy","Equity","545.67","0.00","545.67","24.00","22.29","Japan","Tokyo Stock Exchange","CAD","-","JPY"
"ALHG","LOUIS HACHETTE GROUP SA","Communication","Equity","545.15","0.00","545.15","191.00","2.86","France","Nyse Euronext - Euronext Paris","CAD","-","EUR"
"603296","HUAQIN TECHNOLOGY A","Information Technology","Equity","545.13","0.00","545.13","33.00","16.58","China","Shanghai Stock Exchange","CAD","-","CNY"
"KTN","KONTRON AG","Information Technology","Equity","544.91","0.00","544.91","17.00","32.96","Germany","Xetra","CAD","-","EUR"
"600673","GUANGDONG HEC TECHNOLOGY HOLDING L","Materials","Equity","544.84","0.00","544.84","82.00","6.62","China","Shanghai Stock Exchange","CAD","-","CNY"
"VIVA3","VIVARA PARTICIPACOES SA","Consumer Discretionary","Equity","544.46","0.00","544.46","90.00","6.07","Brazil","XBSP","CAD","-","BRL"
"956","CHINA SUNTIEN GREEN ENERGY CORP LT","Energy","Equity","544.00","0.00","544.00","922.00","0.59","China","Hong Kong Exchanges And Clearing Ltd","CAD","-","HKD"
"LOV","LOVISA HOLDINGS","Consumer Discretionary","Equity","543.51","0.00","543.51","24.00","23.11","Australia","Asx - All Markets","CAD","-","AUD"
"3576","UNITED RENEWABLE ENERGY","Information Technology","Equity","543.09","0.00","543.09","754.00","0.72","Taiwan","Taiwan Stock Exchange","CAD","-","TWD"
"1833","PING AN HEALTHCARE AND TECHNOLOGY","Consumer Staples","Equity","541.78","0.00","541.78","506.00","1.07","China","Hong Kong Exchanges And Clearing Ltd","CAD","-","HKD"
"601689","NINGBO TUOPU GROUP CLS LTD A","Consumer Discretionary","Equity","541.37","0.00","541.37","59.00","9.13","China","Shanghai Stock Exchange","CAD","-","CNY"
"697","SHOUCHENG HOLDINGS","Real Estate","Equity","539.57","0.00","539.57","2,248.00","0.24","China","Hong Kong Exchanges And Clearing Ltd","CAD","-","HKD"
"ETIHADENERGY","ETIHAD ENERGY HOLDING","Energy","Equity","539.34","0.00","539.34","469.00","1.15","United Arab Emirates","Dubai Financial Market","CAD","-","AED"
"073240","KUMHO TIREINC INC","Consumer Discretionary","Equity","538.11","0.00","538.11","76.00","7.11","Korea (South)","Korea Exchange (Stock Market)","CAD","-","KRW"
"XPS","XPS PENSIONS GROUP PLC","Financials","Equity","538.10","0.00","538.10","95.00","5.68","United Kingdom","London Stock Exchange","CAD","-","GBP"
"DCP","DIS-CHEM PHARMACIES LTD","Consumer Staples","Equity","537.21","0.00","537.21","235.00","2.29","South Africa","Johannesburg Stock Exchange","CAD","-","ZAR"
"TLI.R","THAI LIFE INSURANCE PUBLIC COMPANY","Financials","Equity","536.40","0.00","536.40","1,118.00","0.48","Thailand","Stock Exchange Of Thailand","CAD","-","THB"
"2838","UNION BANK OF TAIWAN","Financials","Equity","536.36","0.00","536.36","559.00","0.96","Taiwan","Taiwan Stock Exchange","CAD","-","TWD"
"ACT0","ALZCHEM GROUP N AG","Materials","Equity","535.78","0.00","535.78","2.00","258.96","Germany","Xetra","CAD","-","EUR"
"GPW","GPW SA","Financials","Equity","535.20","0.00","535.20","15.00","35.19","Poland","Warsaw Stock Exchange/Equities/Main Market","CAD","-","PLN"
"BRKN","BURKHALTER HOLDING AG","Industrials","Equity","534.87","0.00","534.87","3.00","206.13","Switzerland","SIX Swiss Exchange","CAD","-","CHF"
"600988","CHIFENG JILONG GOLD MINING GROUP A","Materials","Equity","534.33","0.00","534.33","59.00","9.06","China","Shanghai Stock Exchange","CAD","-","CNY"
"ARYN","ARYZTA AG","Consumer Staples","Equity","533.41","0.00","533.41","8.00","64.69","Switzerland","SIX Swiss Exchange","CAD","-","CHF"
"AHGAZ.E","AHLATCI DOGAL GAZ DAGITIM ENERJI V","Utilities","Equity","533.32","0.00","533.32","452.00","1.18","Turkey","Istanbul Stock Exchange","CAD","-","TRY"
"PETKM.E","PETKIM PETROKIMYA HOLDING A","Materials","Equity","532.52","0.00","532.52","859.00","0.62","Turkey","Istanbul Stock Exchange","CAD","-","TRY"
"863","OSL GROUP LTD","Financials","Equity","532.51","0.00","532.51","283.00","1.88","Hong Kong","Hong Kong Exchanges And Clearing Ltd","CAD","-","HKD"
"035900","JYP ENTERTAINMENT CORPORATION CORP","Communication","Equity","532.30","0.00","532.30","14.00","39.07","Korea (South)","Korea Exchange (Kosdaq)","CAD","-","KRW"
"PGSUS.E","PEGASUS HAVA TASIMACILIGI A","Industrials","Equity","531.84","0.00","531.84","123.00","4.32","Turkey","Istanbul Stock Exchange","CAD","-","TRY"
"002311","GUANGDONG HAID GROUP LTD A","Consumer Staples","Equity","531.84","0.00","531.84","61.00","8.79","China","Shenzhen Stock Exchange","CAD","-","CNY"
"4210","SAUDI RESEARCH AND MEDIA GROUP","Communication","Equity","531.82","0.00","531.82","24.00","21.78","Saudi Arabia","Saudi Stock Exchange","CAD","-","SAR"
"001309","SHENZHEN TECHWINSEMI TECHNOLOGY LT","Information Technology","Equity","531.35","0.00","531.35","6.00","82.80","China","Shenzhen Stock Exchange","CAD","-","CNY"
"MONT","MONTEA NV","Real Estate","Equity","530.11","0.00","530.11","5.00","103.62","Belgium","Nyse Euronext - Euronext Brussels","CAD","-","EUR"
"MAH","MACMAHON HOLDINGS","Materials","Equity","530.04","0.00","530.04","541.00","0.98","Australia","Asx - All Markets","CAD","-","AUD"
"AETHER","AETHER INDUSTRIES","Health Care","Equity","530.01","0.00","530.01","22.00","23.67","India","National Stock Exchange Of India","CAD","-","INR"
"000938","UNISPLENDOUR CORP LTD A","Information Technology","Equity","529.99","0.00","529.99","77.00","6.84","China","Shenzhen Stock Exchange","CAD","-","CNY"
"371","BEIJING ENTERPRISES WATER GROUP LT","Utilities","Equity","529.88","0.00","529.88","1,892.00","0.28","China","Hong Kong Exchanges And Clearing Ltd","CAD","-","HKD"
"DRO","DRONESHIELD","Industrials","Equity","529.77","0.00","529.77","306.00","1.73","Australia","Asx - All Markets","CAD","-","AUD"
"ONE","ONE SOFTWARE TECHNOLOGIES LTD","Information Technology","Equity","528.80","0.00","528.80","17.00","31.72","Israel","Tel Aviv Stock Exchange","CAD","-","ILS"
"VIO","VIOHALCO SA","Materials","Equity","527.81","0.00","527.81","22.00","23.74","Greece","Athens Exchange S.A. Cash Market","CAD","-","EUR"
"301217","ANHUI TONGGUAN COPPER FOIL GROUP L","Materials","Equity","527.66","0.00","527.66","23.00","23.33","China","Shenzhen Stock Exchange","CAD","-","CNY"
"F&N","FRASER & NEAVE HOLDINGS","Consumer Staples","Equity","526.17","0.00","526.17","67.00","7.80","Malaysia","Bursa Malaysia","CAD","-","MYR"
"8081","GLOBAL MIXED-MODE TECHNOLOGY INC","Information Technology","Equity","526.10","0.00","526.10","48.00","11.01","Taiwan","Taiwan Stock Exchange","CAD","-","TWD"
"600436","ZHANGZHOU PIENTZEHUANG PHARMACEUTI","Health Care","Equity","526.03","0.00","526.03","21.00","24.58","China","Shanghai Stock Exchange","CAD","-","CNY"
"000301","JIANGSU EASTERN SHENGHONG LTD A","Materials","Equity","525.75","0.00","525.75","188.00","2.80","China","Shenzhen Stock Exchange","CAD","-","CNY"
"GPIL","GODAWARI POWER AND ISPAT LTD","Materials","Equity","525.62","0.00","525.62","151.00","3.48","India","National Stock Exchange Of India","CAD","-","INR"
"CREDITACC","CREDITACCESS GRAMEEN LTD","Financials","Equity","524.98","0.00","524.98","26.00","19.98","India","National Stock Exchange Of India","CAD","-","INR"
"4322","RETAL URBAN DEVELOPMENT","Real Estate","Equity","524.15","0.00","524.15","151.00","3.47","Saudi Arabia","Saudi Stock Exchange","CAD","-","SAR"
"LTTS","L&T TECHNOLOGY SERVICES LTD","Industrials","Equity","524.02","0.00","524.02","11.00","48.46","India","National Stock Exchange Of India","CAD","-","INR"
"2472","LELON ELECTRONICS CORP","Information Technology","Equity","522.03","0.00","522.03","57.00","9.15","Taiwan","Taiwan Stock Exchange","CAD","-","TWD"
"DOM","DOMETIC GROUPINARY SHARES","Consumer Discretionary","Equity","521.42","0.00","521.42","166.00","3.15","Sweden","Nasdaq Omx Nordic","CAD","-","SEK"
"688519","NANYA NEW MATERIAL TECHNOLOGY LTD","Information Technology","Equity","520.82","0.00","520.82","8.00","66.20","China","Shanghai Stock Exchange","CAD","-","CNY"
"323280","TAESUNG COLTD LTD","Information Technology","Equity","520.64","0.00","520.64","11.00","45.91","Korea (South)","Korea Exchange (Kosdaq)","CAD","-","KRW"
"995","ANHUI EXPRESSWAY LTD H","Industrials","Equity","519.97","0.00","519.97","184.00","2.83","China","Hong Kong Exchanges And Clearing Ltd","CAD","-","HKD"
"ALIVUS","ALIVUS LIFE SCIENCES LTD","Health Care","Equity","519.70","0.00","519.70","26.00","20.23","India","National Stock Exchange Of India","CAD","-","INR"
"5930","BUNKA SHUTTER LTD","Industrials","Equity","519.09","0.00","519.09","30.00","17.26","Japan","Tokyo Stock Exchange","CAD","-","JPY"
"GODFRYPHLP","GODFREY PHILLIPS INDIA LTD","Consumer Staples","Equity","518.79","0.00","518.79","18.00","28.33","India","National Stock Exchange Of India","CAD","-","INR"
"PWL","PHYSICSWALLAH LTD","Consumer Discretionary","Equity","518.55","0.00","518.55","279.00","1.86","India","National Stock Exchange Of India","CAD","-","INR"
"AIA","ATHENS INTERNATIONAL AIRPORT","Industrials","Equity","518.53","0.00","518.53","29.00","18.10","Greece","Athens Exchange S.A. Cash Market","CAD","-","EUR"
"SUNREIT","SUNWAY REITS UNITS TRUST","Real Estate","Equity","518.41","0.00","518.41","741.00","0.70","Malaysia","Bursa Malaysia","CAD","-","MYR"
"9418","U-NEXT HOLDINGS LTD","Communication","Equity","518.40","0.00","518.40","32.00","16.09","Japan","Tokyo Stock Exchange","CAD","-","JPY"
"CU6","CLARITY PHARMACEUTICALS LTD","Health Care","Equity","518.27","0.00","518.27","248.00","2.09","Australia","Asx - All Markets","CAD","-","AUD"
"CBG.R","CARABAO GROUP PCL SHS NON-VOTING D","Consumer Staples","Equity","518.17","0.00","518.17","223.00","2.32","Thailand","Stock Exchange Of Thailand","CAD","-","THB"
"2602","ONEWO INC H","Real Estate","Equity","517.60","0.00","517.60","153.00","3.38","China","Hong Kong Exchanges And Clearing Ltd","CAD","-","HKD"
"SELEC.E","SELCUK ECZA DEPOSU TICARET VE SANA","Health Care","Equity","517.21","0.00","517.21","76.00","6.80","Turkey","Istanbul Stock Exchange","CAD","-","TRY"
"TXGN","TX GROUP AG LTD","Communication","Equity","516.92","0.00","516.92","2.00","278.12","Switzerland","SIX Swiss Exchange","CAD","-","CHF"
"1333","UMIOS CORP","Consumer Staples","Equity","516.71","0.00","516.71","44.00","11.73","Japan","Tokyo Stock Exchange","CAD","-","JPY"
"460","SIHUAN PHARMACEUTICAL HOLDINGS GRO","Health Care","Equity","516.57","0.00","516.57","3,974.00","0.13","China","Hong Kong Exchanges And Clearing Ltd","CAD","-","HKD"
"SONATSOFTW","SONATA SOFTWARE LTD","Information Technology","Equity","515.79","0.00","515.79","125.00","4.11","India","National Stock Exchange Of India","CAD","-","INR"
"7734","ABLEPRINT TECHNOLOGY LTD","Information Technology","Equity","515.43","0.00","515.43","5.00","113.18","Taiwan","Gretai Securities Market","CAD","-","TWD"
"002600","LINGYI ITECH (GUANGDONG) A","Information Technology","Equity","515.13","0.00","515.13","198.00","2.60","China","Shenzhen Stock Exchange","CAD","-","CNY"
"1766","TOKEN CORP","Consumer Discretionary","Equity","515.02","0.00","515.02","4.00","121.77","Japan","Tokyo Stock Exchange","CAD","-","JPY"
"WHIRL","WHIRLPOOL OF INDIA LTD","Consumer Discretionary","Equity","514.95","0.00","514.95","49.00","10.60","India","National Stock Exchange Of India","CAD","-","INR"
"008930","HANMI SCIENCE","Health Care","Equity","514.72","0.00","514.72","10.00","51.53","Korea (South)","Korea Exchange (Stock Market)","CAD","-","KRW"
"CENTEL.R","CENTRAL PLAZA HOTEL NON-VOTING DR","Consumer Discretionary","Equity","514.18","0.00","514.18","284.00","1.81","Thailand","Stock Exchange Of Thailand","CAD","-","THB"
"002001","ZHEJIANG NHU A","Materials","Equity","514.07","0.00","514.07","93.00","5.51","China","Shenzhen Stock Exchange","CAD","-","CNY"
"SGP","SYNERGY GRID AND DEVELOPMENT PHILS","Utilities","Equity","513.69","0.00","513.69","988.00","0.52","Philippines","Philippine Stock Exchange Inc.","CAD","-","PHP"
"OSK","OSK HOLDINGS","Real Estate","Equity","513.36","0.00","513.36","790.00","0.65","Malaysia","Bursa Malaysia","CAD","-","MYR"
"020150","ILJIN MATERIALS","Information Technology","Equity","513.16","0.00","513.16","13.00","39.78","Korea (South)","Korea Exchange (Stock Market)","CAD","-","KRW"
"LIAB","LINDAB INTERNATIONAL","Industrials","Equity","513.16","0.00","513.16","29.00","17.64","Sweden","Nasdaq Omx Nordic","CAD","-","SEK"
"CASTROLIND","CASTROL INDIA LTD","Materials","Equity","513.12","0.00","513.12","183.00","2.80","India","National Stock Exchange Of India","CAD","-","INR"
"131970","DOOSAN TESNA INC","Information Technology","Equity","513.03","0.00","513.03","6.00","79.87","Korea (South)","Korea Exchange (Kosdaq)","CAD","-","KRW"
"PARADEEP","PARADEEP PHOSPHATES LTD","Materials","Equity","512.75","0.00","512.75","229.00","2.24","India","National Stock Exchange Of India","CAD","-","INR"
"475150","SK ETERNIX LTD","Utilities","Equity","512.67","0.00","512.67","10.00","49.55","Korea (South)","Korea Exchange (Stock Market)","CAD","-","KRW"
"CHALET","CHALET HOTELS LTD","Consumer Discretionary","Equity","511.95","0.00","511.95","42.00","12.28","India","National Stock Exchange Of India","CAD","-","INR"
"071970","HD-HYUNDAI MARINE ENGINE LTD","Industrials","Equity","511.61","0.00","511.61","10.00","52.03","Korea (South)","Korea Exchange (Stock Market)","CAD","-","KRW"
"INMD","INMODE","Health Care","Equity","511.45","0.00","511.45","25.00","20.34","Israel","NASDAQ","CAD","-","USD"
"600795","GD POWER DEVELOPMENT LTD A","Utilities","Equity","510.92","0.00","510.92","464.00","1.10","China","Shanghai Stock Exchange","CAD","-","CNY"
"ACC","ACC LTD","Materials","Equity","510.49","0.00","510.49","28.00","17.97","India","National Stock Exchange Of India","CAD","-","INR"
"MEDC","MEDCO ENERGI INTERNASIONAL","Energy","Equity","510.45","0.00","510.45","4,254.00","0.12","Indonesia","Indonesia Stock Exchange","CAD","-","IDR"
"CCL","CCL PRODUCTS INDIA LTD","Consumer Staples","Equity","510.25","0.00","510.25","33.00","15.49","India","National Stock Exchange Of India","CAD","-","INR"
"SHRIPISTON","SPR AUTO TECHNOLOGIES LTD","Consumer Discretionary","Equity","509.98","0.00","509.98","8.00","63.93","India","National Stock Exchange Of India","CAD","-","INR"
"AMG","AMG CRITICAL MATERIALS NV","Materials","Equity","509.79","0.00","509.79","11.00","46.91","Netherlands","Euronext Amsterdam","CAD","-","EUR"
"601958","JINDUICHENG MOLYBDENUM LTD A","Materials","Equity","509.74","0.00","509.74","122.00","4.18","China","Shanghai Stock Exchange","CAD","-","CNY"
"BCG","BALTIC CLASSIFIEDS GROUP PLC","Communication","Equity","509.36","0.00","509.36","140.00","3.63","United Kingdom","London Stock Exchange","CAD","-","EUR"
"601127","SERES GROUP A","Consumer Discretionary","Equity","508.94","0.00","508.94","52.00","9.83","China","Shanghai Stock Exchange","CAD","-","CNY"
"6004","CATRION CATERING HOLDING CO","Industrials","Equity","508.44","0.00","508.44","20.00","25.37","Saudi Arabia","Saudi Stock Exchange","CAD","-","SAR"
"005070","COSMOAM&T LTD","Information Technology","Equity","508.12","0.00","508.12","12.00","40.69","Korea (South)","Korea Exchange (Stock Market)","CAD","-","KRW"
"RAY B","RAYSEARCH LABORATORIES CLASS B","Health Care","Equity","508.03","0.00","508.03","20.00","25.15","Sweden","Nasdaq Omx Nordic","CAD","-","SEK"
"8570","AEON FINANCIAL SERVICES LTD","Financials","Equity","507.98","0.00","507.98","34.00","14.77","Japan","Tokyo Stock Exchange","CAD","-","JPY"
"JPPOWER","JAIPRAKASH POWER VENTURES LTD","Utilities","Equity","507.42","0.00","507.42","2,306.00","0.22","India","National Stock Exchange Of India","CAD","-","INR"
"BFSA","BEFESA SA","Industrials","Equity","507.33","0.00","507.33","9.00","56.07","Germany","Xetra","CAD","-","EUR"
"KURN","KUROS BIOSCIENCES AG","Health Care","Equity","507.09","0.00","507.09","17.00","29.39","Switzerland","SIX Swiss Exchange","CAD","-","CHF"
"1215","CHAROEN POKPHAND ENTERPRISE(TAIWAN","Consumer Staples","Equity","506.76","0.00","506.76","108.00","4.69","Taiwan","Taiwan Stock Exchange","CAD","-","TWD"
"319400","HUYNDAI MOVEX LTD","Industrials","Equity","506.54","0.00","506.54","23.00","21.87","Korea (South)","Korea Exchange (Kosdaq)","CAD","-","KRW"
"FFM","FIREFLY METALS LTD","Materials","Equity","506.33","0.00","506.33","294.00","1.72","Australia","Asx - All Markets","CAD","-","AUD"
"ORVR3","ORIZON VALORIZACAO DE RESIDUOS SA","Industrials","Equity","506.32","0.00","506.32","110.00","4.59","Brazil","XBSP","CAD","-","BRL"
"RCR","RL COMMERCIAL REIT INC","Real Estate","Equity","506.19","0.00","506.19","3,375.00","0.15","Philippines","Philippine Stock Exchange Inc.","CAD","-","PHP"
"SKIS B","SKISTAR CLASS B","Consumer Discretionary","Equity","505.94","0.00","505.94","22.00","23.13","Sweden","Nasdaq Omx Nordic","CAD","-","SEK"
"8074","YUASA LTD","Industrials","Equity","505.83","0.00","505.83","9.00","58.19","Japan","Tokyo Stock Exchange","CAD","-","JPY"
"KLBF","KALBE FARMA","Health Care","Equity","505.66","0.00","505.66","8,428.00","0.06","Indonesia","Indonesia Stock Exchange","CAD","-","IDR"
"BGA","BEGA CHEESE","Consumer Staples","Equity","504.58","0.00","504.58","85.00","5.95","Australia","Asx - All Markets","CAD","-","AUD"
"7799","HERON NEUTRON MEDICAL CORP","Health Care","Equity","504.56","0.00","504.56","23.00","22.02","Taiwan","Taiwan Stock Exchange","CAD","-","TWD"
"SCIENTX","SCIENTEX","Materials","Equity","504.29","0.00","504.29","394.00","1.28","Malaysia","Bursa Malaysia","CAD","-","MYR"
"BRSR6","BANCO DO ESTADO DO RIO GRANDE DO S","Financials","Equity","504.00","0.00","504.00","123.00","4.10","Brazil","XBSP","CAD","-","BRL"
"CEMPRO","CEMINDIA PROJECTS LTD","Industrials","Equity","503.96","0.00","503.96","28.00","18.30","India","National Stock Exchange Of India","CAD","-","INR"
"IEX","INDIAN ENERGY EXCHANGE LTDINARY","Financials","Equity","503.88","0.00","503.88","305.00","1.65","India","National Stock Exchange Of India","CAD","-","INR"
"1440","TAINAN SPINNING LTD","Consumer Discretionary","Equity","503.78","0.00","503.78","854.00","0.59","Taiwan","Taiwan Stock Exchange","CAD","-","TWD"
"PTRO","PETROSEA","Materials","Equity","503.43","0.00","503.43","1,199.00","0.42","Indonesia","Indonesia Stock Exchange","CAD","-","IDR"
"6753","SHARP CORP","Consumer Discretionary","Equity","503.23","0.00","503.23","83.00","6.07","Japan","Tokyo Stock Exchange","CAD","-","JPY"
"BFIN","BFI FINANCE INDONESIA","Financials","Equity","502.69","0.00","502.69","6,284.00","0.08","Indonesia","Indonesia Stock Exchange","CAD","-","IDR"
"120110","KOLON INDUSTRY INC","Materials","Equity","502.19","0.00","502.19","9.00","56.59","Korea (South)","Korea Exchange (Stock Market)","CAD","-","KRW"
"MINEROS","MINEROS","Materials","Equity","501.94","0.00","501.94","55.00","9.10","Colombia","Bolsa De Valores De Colombia","CAD","-","COP"
"REG","REGIS HEALTHCARE LTD","Health Care","Equity","501.23","0.00","501.23","105.00","4.77","Australia","Asx - All Markets","CAD","-","AUD"
"6979","ZJLD GROUP INC","Consumer Staples","Equity","500.64","0.00","500.64","374.00","1.34","China","Hong Kong Exchanges And Clearing Ltd","CAD","-","HKD"
"WELSPUNLIV","WELSPUN LIVING LTD","Consumer Discretionary","Equity","500.52","0.00","500.52","162.00","3.09","India","National Stock Exchange Of India","CAD","-","INR"
"SAR","SAR CASH(COMMITTED)","Cash and/or Derivatives","Cash","499.49","0.00","499.49","13.00","37.23","Saudi Arabia","-","CAD","-","SAR"
"5310","TOYO TANSO LTD","Industrials","Equity","499.34","0.00","499.34","8.00","65.29","Japan","Tokyo Stock Exchange","CAD","-","JPY"
"2190","SUSTAINED INFRASTRUCTURE HOLDING C","Industrials","Equity","499.27","0.00","499.27","35.00","14.15","Saudi Arabia","Saudi Stock Exchange","CAD","-","SAR"
"CIE","CIE AUTOMOTIVE SA","Consumer Discretionary","Equity","498.86","0.00","498.86","12.00","41.93","Spain","Bolsa De Madrid","CAD","-","EUR"
"000975","SHANJIN INTERNATIONAL GOLD LTD A","Materials","Equity","498.82","0.00","498.82","96.00","5.22","China","Shenzhen Stock Exchange","CAD","-","CNY"
"688200","BEIJING HUAFENG TEST & CONTROL TEC","Information Technology","Equity","498.71","0.00","498.71","7.00","74.41","China","Shanghai Stock Exchange","CAD","-","CNY"
"EMAMILTD","EMAMI LTD","Consumer Staples","Equity","498.70","0.00","498.70","91.00","5.48","India","National Stock Exchange Of India","CAD","-","INR"
"NK","IMERYS SA","Materials","Equity","498.58","0.00","498.58","14.00","36.37","France","Nyse Euronext - Euronext Paris","CAD","-","EUR"
"4123","CENTER LABORATORIES INC","Health Care","Equity","498.57","0.00","498.57","369.00","1.35","Taiwan","Gretai Securities Market","CAD","-","TWD"
"GODREJAGRO","GODREJ AGROVET LTD","Consumer Staples","Equity","498.55","0.00","498.55","52.00","9.53","India","National Stock Exchange Of India","CAD","-","INR"
"6013","TAKUMA LTD","Industrials","Equity","497.92","0.00","497.92","18.00","27.61","Japan","Tokyo Stock Exchange","CAD","-","JPY"
"3050","DCM HOLDINGS LTD","Consumer Discretionary","Equity","497.91","0.00","497.91","34.00","14.56","Japan","Tokyo Stock Exchange","CAD","-","JPY"
"GRAPHITE","GRAPHITE INDIA LTD","Industrials","Equity","497.63","0.00","497.63","42.00","11.87","India","National Stock Exchange Of India","CAD","-","INR"
"UNISEM","UNISEM M","Information Technology","Equity","497.47","0.00","497.47","350.00","1.42","Malaysia","Bursa Malaysia","CAD","-","MYR"
"FGP","FIRSTGROUP PLC","Industrials","Equity","497.46","0.00","497.46","156.00","3.19","United Kingdom","London Stock Exchange","CAD","-","GBP"
"BALRAMCHIN","BALRAMPUR CHINI MILLS LTD","Consumer Staples","Equity","496.90","0.00","496.90","50.00","9.85","India","National Stock Exchange Of India","CAD","-","INR"
"ELN","EL EN","Health Care","Equity","495.71","0.00","495.71","19.00","25.91","Italy","Borsa Italiana","CAD","-","EUR"
"CCU","COMPANIA CERVECERIAS UNIDAS SA","Consumer Staples","Equity","495.27","0.00","495.27","64.00","7.78","Chile","Santiago Stock Exchange","CAD","-","CLP"
"WAHA","WAHA CAPITAL","Financials","Equity","494.87","0.00","494.87","611.00","0.81","United Arab Emirates","Abu Dhabi Securities Exchange","CAD","-","AED"
"2157","LEPU BIOPHARMA LTD H","Health Care","Equity","494.44","0.00","494.44","706.00","0.70","China","Hong Kong Exchanges And Clearing Ltd","CAD","-","HKD"
"6191","GLOBAL BRANDS MANUFACTURE LTD","Information Technology","Equity","494.27","0.00","494.27","137.00","3.61","Taiwan","Taiwan Stock Exchange","CAD","-","TWD"
"002202","GOLDWIND SCIENCE&TECHNOLOGY LTD A","Industrials","Equity","494.07","0.00","494.07","130.00","3.80","China","Shenzhen Stock Exchange","CAD","-","CNY"
"4587","PEPTIDREAM","Health Care","Equity","493.77","0.00","493.77","52.00","9.42","Japan","Tokyo Stock Exchange","CAD","-","JPY"
"6584","NAN JUEN INTERNATIONAL","Industrials","Equity","493.55","0.00","493.55","20.00","24.17","Taiwan","Gretai Securities Market","CAD","-","TWD"
"IMD","IMDEX LTD","Materials","Equity","493.40","0.00","493.40","153.00","3.23","Australia","Asx - All Markets","CAD","-","AUD"
"532527","RAMKRISHNA FORGINGS LTD","Materials","Equity","493.37","0.00","493.37","48.00","10.28","India","Bse Ltd","CAD","-","INR"
"5384","FUJIMI","Materials","Equity","493.36","0.00","493.36","17.00","29.01","Japan","Tokyo Stock Exchange","CAD","-","JPY"
"TEJASNET","TEJAS NETWORKS LTD","Information Technology","Equity","493.35","0.00","493.35","65.00","7.64","India","National Stock Exchange Of India","CAD","-","INR"
"VOLARA","CONTROLADORA VUELA COMPANIA DE AVI","Industrials","Equity","493.18","0.00","493.18","548.00","0.90","Mexico","Bolsa Mexicana De Valores","CAD","-","MXN"
"186A","ASTROSCALE HOLDINGS","Industrials","Equity","492.85","0.00","492.85","51.00","9.60","Japan","Tokyo Stock Exchange","CAD","-","JPY"
"2432","DENA","Communication","Equity","492.80","0.00","492.80","21.00","23.15","Japan","Tokyo Stock Exchange","CAD","-","JPY"
"SNI","STOLT-NIELSEN LTD","Industrials","Equity","492.59","0.00","492.59","9.00","54.20","Norway","Oslo Bors Asa","CAD","-","NOK"
"3362","ABILITY OPTO-ELECTRONICS TECHNOLOG","Information Technology","Equity","492.39","0.00","492.39","64.00","7.68","Taiwan","Gretai Securities Market","CAD","-","TWD"
"300620","ADVANCED FIBER RESOURCES (ZHUHAI)","Information Technology","Equity","492.39","0.00","492.39","8.00","61.43","China","Shenzhen Stock Exchange","CAD","-","CNY"
"3718","COREINTELLIGENCE HOLDINGS","Information Technology","Equity","492.09","0.00","492.09","175.00","2.81","Taiwan","Gretai Securities Market","CAD","-","TWD"
"853","MICROPORT SCIENTIFIC CORP","Health Care","Equity","492.05","0.00","492.05","456.00","1.08","China","Hong Kong Exchanges And Clearing Ltd","CAD","-","HKD"
"IQ","IQIYI ADS REPRESENTING CLASS A IN","Communication","Equity","491.71","0.00","491.71","319.00","1.54","China","NASDAQ","CAD","-","USD"
"SUMICHEM","SUMITOMO CHEMICAL INDIA LTD","Materials","Equity","491.49","0.00","491.49","74.00","6.64","India","National Stock Exchange Of India","CAD","-","INR"
"2171","CARSGEN THERAPEUTICS LTD","Health Care","Equity","491.22","0.00","491.22","224.00","2.19","China","Hong Kong Exchanges And Clearing Ltd","CAD","-","HKD"
"RNWH","RENEW HOLDINGS PLC","Industrials","Equity","490.92","0.00","490.92","29.00","16.66","United Kingdom","London Stock Exchange","CAD","-","GBP"
"600875","DONGFANG ELECTRIC CORP LTD A","Industrials","Equity","490.45","0.00","490.45","98.00","5.00","China","Shanghai Stock Exchange","CAD","-","CNY"
"009970","YOUNGONE HOLDINGS LTD","Consumer Discretionary","Equity","490.41","0.00","490.41","3.00","170.88","Korea (South)","Korea Exchange (Stock Market)","CAD","-","KRW"
"YNS","YINSON HOLDINGS","Energy","Equity","490.10","0.00","490.10","700.00","0.70","Malaysia","Bursa Malaysia","CAD","-","MYR"
"601111","AIR CHINA A","Industrials","Equity","489.98","0.00","489.98","408.00","1.20","China","Shanghai Stock Exchange","CAD","-","CNY"
"002436","SHENZHEN FASTPRINT CIRCUIT TECH LT","Information Technology","Equity","489.56","0.00","489.56","57.00","8.59","China","Shenzhen Stock Exchange","CAD","-","CNY"
"SHUR","SHURGARD SELF STORAGE LTD","Real Estate","Equity","489.54","0.00","489.54","13.00","37.51","Belgium","Nyse Euronext - Euronext Brussels","CAD","-","EUR"
"340","TONGGUAN GOLD GROUP LTD","Materials","Equity","489.53","0.00","489.53","999.00","0.49","China","Hong Kong Exchanges And Clearing Ltd","CAD","-","HKD"
"FUR","FUGRO CLASS C","Industrials","Equity","489.15","0.00","489.15","38.00","13.04","Netherlands","Euronext Amsterdam","CAD","-","EUR"
"688037","KINGSEMI LTD A","Information Technology","Equity","486.61","0.00","486.61","7.00","72.17","China","Shanghai Stock Exchange","CAD","-","CNY"
"NCK","NICK SCALI","Consumer Discretionary","Equity","485.75","0.00","485.75","34.00","14.28","Australia","Asx - All Markets","CAD","-","AUD"
"SKFINDUS","SKF INDIA (INDUSTRIAL) LTD","Industrials","Equity","485.72","0.00","485.72","11.00","42.87","India","National Stock Exchange Of India","CAD","-","INR"
"3900","GREENTOWN CHINA","Real Estate","Equity","484.40","0.00","484.40","480.00","1.01","China","Hong Kong Exchanges And Clearing Ltd","CAD","-","HKD"
"4772","TAIWAN SPECIALITY CHEMICALS CORP","Materials","Equity","484.22","0.00","484.22","46.00","10.59","Taiwan","Gretai Securities Market","CAD","-","TWD"
"GGRM","GUDANG GARAM","Consumer Staples","Equity","484.19","0.00","484.19","351.00","1.38","Indonesia","Indonesia Stock Exchange","CAD","-","IDR"
"BYLOT","BALLYS INTRALOT SA","Consumer Discretionary","Equity","483.97","0.00","483.97","280.00","1.73","Greece","Athens Exchange S.A. Cash Market","CAD","-","EUR"
"601868","CHINA ENERGY ENGINEERING CORP LTD","Industrials","Equity","483.67","0.00","483.67","948.00","0.51","China","Shanghai Stock Exchange","CAD","-","CNY"
"002466","TIANQI LITHIUM INDUSTRIES A","Materials","Equity","482.96","0.00","482.96","54.00","8.92","China","Shenzhen Stock Exchange","CAD","-","CNY"
"KIB","KUWAIT INTERNATIONAL BANK","Financials","Equity","482.36","0.00","482.36","419.00","1.15","Kuwait","Kuwait Stock Exchange","CAD","-","KWD"
"VIT B","VITEC SOFTWARE GROUP CLASS B","Information Technology","Equity","482.17","0.00","482.17","13.00","37.70","Sweden","Nasdaq Omx Nordic","CAD","-","SEK"
"EVN","EVN AG","Utilities","Equity","482.10","0.00","482.10","10.00","46.91","Austria","Wiener Boerse Ag","CAD","-","EUR"
"688313","HENAN SHIJIA PHOTONS TECHNOLOGY LT","Information Technology","Equity","481.53","0.00","481.53","14.00","33.50","China","Shanghai Stock Exchange","CAD","-","CNY"
"002185","TIANSHUI HUATIAN TECHNOLOGY LTD A","Information Technology","Equity","481.25","0.00","481.25","141.00","3.42","China","Shenzhen Stock Exchange","CAD","-","CNY"
"7483","DOSHISHA LTD","Consumer Discretionary","Equity","481.05","0.00","481.05","17.00","28.11","Japan","Tokyo Stock Exchange","CAD","-","JPY"
"1918","SUNAC CHINA HOLDINGS","Real Estate","Equity","479.71","0.00","479.71","4,797.00","0.10","China","Hong Kong Exchanges And Clearing Ltd","CAD","-","HKD"
"INTELLECT","INTELLECT DESIGN ARENA LTD","Information Technology","Equity","479.69","0.00","479.69","50.00","9.50","India","National Stock Exchange Of India","CAD","-","INR"
"TIGR","UP FINTECH HOLDING ADR CLASS A","Financials","Equity","479.53","0.00","479.53","72.00","6.63","China","NASDAQ","CAD","-","USD"
"300628","YEALINK NETWORK TECHNOLOGY LTD A","Information Technology","Equity","479.52","0.00","479.52","55.00","8.65","China","Shenzhen Stock Exchange","CAD","-","CNY"
"000630","TONGLING NONFERROUS METALS GROUP L","Materials","Equity","479.39","0.00","479.39","380.00","1.26","China","Shenzhen Stock Exchange","CAD","-","CNY"
"4046","OSAKA SODA","Materials","Equity","479.14","0.00","479.14","26.00","18.23","Japan","Tokyo Stock Exchange","CAD","-","JPY"
"HARTA","HARTALEGA HOLDINGS","Health Care","Equity","479.01","0.00","479.01","1,198.00","0.40","Malaysia","Bursa Malaysia","CAD","-","MYR"
"3010","WAH LEE INDUSTRIAL","Information Technology","Equity","478.92","0.00","478.92","88.00","5.44","Taiwan","Taiwan Stock Exchange","CAD","-","TWD"
"INWI","INWIDO","Industrials","Equity","478.71","0.00","478.71","18.00","26.07","Sweden","Nasdaq Omx Nordic","CAD","-","SEK"
"ELK","ELKEM","Materials","Equity","478.68","0.00","478.68","91.00","5.24","Norway","Oslo Bors Asa","CAD","-","NOK"
"PETS","PETS AT HOME PLC","Consumer Discretionary","Equity","478.55","0.00","478.55","120.00","3.99","United Kingdom","London Stock Exchange","CAD","-","GBP"
"7148","FINANCIAL PRODUCTS GROUP","Financials","Equity","477.50","0.00","477.50","31.00","15.62","Japan","Tokyo Stock Exchange","CAD","-","JPY"
"VGUARD","V GUARD INDUSTRIES LTD","Industrials","Equity","476.98","0.00","476.98","99.00","4.81","India","National Stock Exchange Of India","CAD","-","INR"
"300666","KONFOONG MATERIALS INTERNATIONAL L","Information Technology","Equity","476.45","0.00","476.45","9.00","52.02","China","Shenzhen Stock Exchange","CAD","-","CNY"
"601021","SPRING AIRLINES A","Industrials","Equity","476.31","0.00","476.31","55.00","8.72","China","Shanghai Stock Exchange","CAD","-","CNY"
"NCC","NCC LTD","Industrials","Equity","474.98","0.00","474.98","240.00","1.98","India","National Stock Exchange Of India","CAD","-","INR"
"1277","KINETIC DEVELOPMENT GROUP LTD","Energy","Equity","474.80","0.00","474.80","1,396.00","0.34","China","Hong Kong Exchanges And Clearing Ltd","CAD","-","HKD"
"LEMONTREE","LEMON TREE HOTELS","Consumer Discretionary","Equity","474.78","0.00","474.78","312.00","1.52","India","National Stock Exchange Of India","CAD","-","INR"
"300054","HUBEI DINGLONG LTD A","Materials","Equity","474.68","0.00","474.68","32.00","14.84","China","Shenzhen Stock Exchange","CAD","-","CNY"
"3498","KASUMIGASEKI CAPITAL LTD","Real Estate","Equity","474.50","0.00","474.50","7.00","64.66","Japan","Tokyo Stock Exchange","CAD","-","JPY"
"218410","RFHIC CORP","Information Technology","Equity","473.88","0.00","473.88","9.00","54.06","Korea (South)","Korea Exchange (Kosdaq)","CAD","-","KRW"
"ICOS","INTERCOS","Consumer Staples","Equity","473.88","0.00","473.88","23.00","20.56","Italy","Borsa Italiana","CAD","-","EUR"
"512","GRAND PHARMACEUTICAL GROUP LTD","Health Care","Equity","473.84","0.00","473.84","538.00","0.88","China","Hong Kong Exchanges And Clearing Ltd","CAD","-","HKD"
"030530","WONIK HOLDINGS","Information Technology","Equity","473.03","0.00","473.03","18.00","25.81","Korea (South)","Korea Exchange (Kosdaq)","CAD","-","KRW"
"HONAUT","HONEYWELL AUTOMATION INDIA LTD","Information Technology","Equity","472.92","0.00","472.92","1.00","494.44","India","National Stock Exchange Of India","CAD","-","INR"
"TVSHLTD","TVS HOLDINGS","Consumer Discretionary","Equity","472.20","0.00","472.20","3.00","187.83","India","National Stock Exchange Of India","CAD","-","INR"
"GILT","GILAT SATELLITE NETWORKS","Information Technology","Equity","471.95","0.00","471.95","33.00","14.18","Israel","Tel Aviv Stock Exchange","CAD","-","ILS"
"DYVOX","DYNAVOX GROUP","Information Technology","Equity","471.21","0.00","471.21","46.00","10.27","Sweden","Nasdaq Omx Nordic","CAD","-","SEK"
"603256","GRACE FABRIC TECHNOLOGY LTD A","Materials","Equity","470.94","0.00","470.94","16.00","30.28","China","Shanghai Stock Exchange","CAD","-","CNY"
"SARDAEN","SARDA ENERGY AND MINERALS LTD","Materials","Equity","470.01","0.00","470.01","64.00","7.39","India","National Stock Exchange Of India","CAD","-","INR"
"004000","LOTTE FINE CHEMICALS LTD","Materials","Equity","469.82","0.00","469.82","10.00","45.40","Korea (South)","Korea Exchange (Stock Market)","CAD","-","KRW"
"007070","GS RETAIL LTD","Consumer Staples","Equity","469.41","0.00","469.41","19.00","24.30","Korea (South)","Korea Exchange (Stock Market)","CAD","-","KRW"
"301511","JIUJIANG DEFU TECHNOLOGY LTD A","Industrials","Equity","469.33","0.00","469.33","21.00","22.30","China","Shenzhen Stock Exchange","CAD","-","CNY"
"002241","GOERTEK A","Information Technology","Equity","468.77","0.00","468.77","101.00","4.65","China","Shenzhen Stock Exchange","CAD","-","CNY"
"AGARWALEYE","DR AGARWALS HEALTH CARE","Health Care","Equity","468.54","0.00","468.54","64.00","7.29","India","National Stock Exchange Of India","CAD","-","INR"
"880","SJM HLDGS","Consumer Discretionary","Equity","468.48","0.00","468.48","1,874.00","0.25","Hong Kong","Hong Kong Exchanges And Clearing Ltd","CAD","-","HKD"
"5522","FARGLORY LAND DEVELOPMENT LTD","Real Estate","Equity","468.18","0.00","468.18","176.00","2.66","Taiwan","Taiwan Stock Exchange","CAD","-","TWD"
"601179","CHINA XD ELECTRIC LTD A","Industrials","Equity","467.96","0.00","467.96","186.00","2.51","China","Shanghai Stock Exchange","CAD","-","CNY"
"00088K","HANWHA P PREF","Industrials","Equity","467.69","0.00","467.69","11.00","42.52","Korea (South)","Korea Exchange (Stock Market)","CAD","-","KRW"
"298020","HYOSUNG TNC CORP","Materials","Equity","467.07","0.00","467.07","1.00","326.97","Korea (South)","Korea Exchange (Stock Market)","CAD","-","KRW"
"RSKD","RISKIFIED LTD CLASS A","Information Technology","Equity","466.47","0.00","466.47","53.00","8.83","Israel","New York Stock Exchange Inc.","CAD","-","USD"
"093370","FOOSUNG LTD","Materials","Equity","466.37","0.00","466.37","31.00","14.99","Korea (South)","Korea Exchange (Stock Market)","CAD","-","KRW"
"005850","SL CORP","Consumer Discretionary","Equity","466.10","0.00","466.10","9.00","51.12","Korea (South)","Korea Exchange (Stock Market)","CAD","-","KRW"
"GODIGIT","GO DIGIT GENERAL INSURANCE","Financials","Equity","465.63","0.00","465.63","125.00","3.72","India","National Stock Exchange Of India","CAD","-","INR"
"EIDPARRY","EID PARRY INDIA LTD","Materials","Equity","465.29","0.00","465.29","45.00","10.25","India","National Stock Exchange Of India","CAD","-","INR"
"MEDPLUS","MEDPLUS HEALTH SERVICES","Consumer Staples","Equity","465.27","0.00","465.27","49.00","9.53","India","National Stock Exchange Of India","CAD","-","INR"
"MAF","MA FINANCIAL GROUP","Financials","Equity","465.22","0.00","465.22","96.00","4.86","Australia","Asx - All Markets","CAD","-","AUD"
"ELS","ELSIGHT LTD","Information Technology","Equity","465.01","0.00","465.01","97.00","4.79","Australia","Asx - All Markets","CAD","-","AUD"
"AVL","ADITYA VISION LTD","Consumer Discretionary","Equity","464.98","0.00","464.98","50.00","9.23","India","National Stock Exchange Of India","CAD","-","INR"
"PRICOLLTD","PRICOL LTD","Consumer Discretionary","Equity","464.59","0.00","464.59","42.00","10.97","India","National Stock Exchange Of India","CAD","-","INR"
"601699","SHANXI LUAN ENVIRONMENTAL ENERGY D","Energy","Equity","464.54","0.00","464.54","146.00","3.19","China","Shanghai Stock Exchange","CAD","-","CNY"
"546","FUFENG GROUP LTD","Materials","Equity","464.48","0.00","464.48","588.00","0.79","China","Hong Kong Exchanges And Clearing Ltd","CAD","-","HKD"
"SMTO3","SAO MARTINHO SA","Consumer Staples","Equity","464.39","0.00","464.39","87.00","5.32","Brazil","XBSP","CAD","-","BRL"
"1681","CONSUN PHARMACEUTICAL GROUP LTD","Health Care","Equity","464.19","0.00","464.19","198.00","2.35","China","Hong Kong Exchanges And Clearing Ltd","CAD","-","HKD"
"ENGINERSIN","ENGINEERS INDIA LTD","Industrials","Equity","464.08","0.00","464.08","121.00","3.85","India","National Stock Exchange Of India","CAD","-","INR"
"STC","KUWAIT TELECOMMUNICATIONS","Communication","Equity","462.67","0.00","462.67","166.00","2.78","Kuwait","Kuwait Stock Exchange","CAD","-","KWD"
"ENJSA.E","ENERJISA ENERJI","Utilities","Equity","462.54","0.00","462.54","145.00","3.20","Turkey","Istanbul Stock Exchange","CAD","-","TRY"
"CEATLTD","CEAT","Consumer Discretionary","Equity","462.23","0.00","462.23","9.00","50.02","India","National Stock Exchange Of India","CAD","-","INR"
"AFE","AECI","Materials","Equity","461.70","0.00","461.70","52.00","8.85","South Africa","Johannesburg Stock Exchange","CAD","-","ZAR"
"051600","KEPCO PLANT SERVICE & ENGINEERING","Industrials","Equity","461.43","0.00","461.43","10.00","48.19","Korea (South)","Korea Exchange (Stock Market)","CAD","-","KRW"
"PASS3","COMPASS GAS E ENERGIA SA","Utilities","Equity","461.41","0.00","461.41","74.00","6.27","Brazil","XBSP","CAD","-","BRL"
"011210","HYUNDAI WIA CORP","Consumer Discretionary","Equity","461.04","0.00","461.04","8.00","55.58","Korea (South)","Korea Exchange (Stock Market)","CAD","-","KRW"
"ABLBL","ADITYA BIRLA LIFESTYLE BRANDS LTD","Consumer Discretionary","Equity","460.93","0.00","460.93","384.00","1.20","India","National Stock Exchange Of India","CAD","-","INR"
"BPT","BEACH ENERGY","Energy","Equity","460.89","0.00","460.89","530.00","0.87","Australia","Asx - All Markets","CAD","-","AUD"
"1322","AL MASANE AL KOBRA MINING","Materials","Equity","460.82","0.00","460.82","16.00","29.25","Saudi Arabia","Saudi Stock Exchange","CAD","-","SAR"
"6887","SUNSHINE LAKE PHARMA LTD CLASS H","Health Care","Equity","458.88","0.00","458.88","70.00","6.59","China","Hong Kong Exchanges And Clearing Ltd","CAD","-","HKD"
"POLYMED","POLY MEDICURE","Health Care","Equity","458.67","0.00","458.67","18.00","24.97","India","National Stock Exchange Of India","CAD","-","INR"
"000636","GUANGDONG FENGHUA ADVANCED TECHNOL","Information Technology","Equity","458.06","0.00","458.06","39.00","11.82","China","Shenzhen Stock Exchange","CAD","-","CNY"
"ERG","ERG","Utilities","Equity","457.99","0.00","457.99","13.00","36.24","Italy","Borsa Italiana","CAD","-","EUR"
"7226","KYOKUTO KAIHATSU KOGYO LTD","Industrials","Equity","457.51","0.00","457.51","22.00","20.90","Japan","Tokyo Stock Exchange","CAD","-","JPY"
"4956","KONISHI LTD","Materials","Equity","457.33","0.00","457.33","34.00","13.61","Japan","Tokyo Stock Exchange","CAD","-","JPY"
"300475","SHANNON SEMICONDUCTOR TECHNOLOGY L","Information Technology","Equity","456.36","0.00","456.36","13.00","34.22","China","Shenzhen Stock Exchange","CAD","-","CNY"
"2121","MIXI","Communication","Equity","455.79","0.00","455.79","13.00","34.48","Japan","Tokyo Stock Exchange","CAD","-","JPY"
"J&KBANK","JAMMU AND KASHMIR BANK LTD","Financials","Equity","455.78","0.00","455.78","212.00","2.15","India","National Stock Exchange Of India","CAD","-","INR"
"EDELWEISS","EDELWEISS FINANCIAL SERVICES LTD","Financials","Equity","455.65","0.00","455.65","244.00","1.87","India","National Stock Exchange Of India","CAD","-","INR"
"HEM","HEMNET GROUP","Communication","Equity","455.31","0.00","455.31","42.00","10.81","Sweden","Nasdaq Omx Nordic","CAD","-","SEK"
"6055","JAPAN MATERIAL","Information Technology","Equity","454.93","0.00","454.93","24.00","19.02","Japan","Tokyo Stock Exchange","CAD","-","JPY"
"CIEINDIA","CIE AUTOMOTIVE INDIA LTD","Consumer Discretionary","Equity","454.78","0.00","454.78","81.00","5.62","India","National Stock Exchange Of India","CAD","-","INR"
"ABREL","ADITYA BIRLA REAL ESTATE LTD","Real Estate","Equity","454.69","0.00","454.69","25.00","18.33","India","National Stock Exchange Of India","CAD","-","INR"
"002128","INNER MONGOLIA DIAN TOU ENERGY COR","Energy","Equity","454.53","0.00","454.53","79.00","5.79","China","Shenzhen Stock Exchange","CAD","-","CNY"
"3413","FOXSEMICON INTEGRATED TECHNOLOGY","Information Technology","Equity","454.35","0.00","454.35","37.00","12.33","Taiwan","Taiwan Stock Exchange","CAD","-","TWD"
"ONT","OXFORD NANOPORE TECHNOLOGIES PLC","Health Care","Equity","454.10","0.00","454.10","142.00","3.19","United Kingdom","London Stock Exchange","CAD","-","GBP"
"TECHNOE","TECHNO ELECTRIC AND ENGINEERING LT","Industrials","Equity","454.09","0.00","454.09","32.00","14.36","India","National Stock Exchange Of India","CAD","-","INR"
"AWC.R","ASSET WORLD CORP NON-VOTING DR","Consumer Discretionary","Equity","453.13","0.00","453.13","3,486.00","0.13","Thailand","Stock Exchange Of Thailand","CAD","-","THB"
"INDIAMART","INDIAMART INTERMESH","Industrials","Equity","452.54","0.00","452.54","19.00","24.24","India","National Stock Exchange Of India","CAD","-","INR"
"TI","TILAKNAGAR INDUSTRIES","Consumer Staples","Equity","452.18","0.00","452.18","57.00","7.93","India","National Stock Exchange Of India","CAD","-","INR"
"4919","NUVOTON TECHNOLOGY","Information Technology","Equity","451.53","0.00","451.53","90.00","5.04","Taiwan","Taiwan Stock Exchange","CAD","-","TWD"
"4521","KAKEN PHARMACEUTICAL","Health Care","Equity","451.39","0.00","451.39","13.00","35.97","Japan","Tokyo Stock Exchange","CAD","-","JPY"
"600039","SICHUAN ROAD & BRIDGE LTD A","Industrials","Equity","451.20","0.00","451.20","245.00","1.84","China","Shanghai Stock Exchange","CAD","-","CNY"
"3673","TPK HOLDING LTD","Information Technology","Equity","450.96","0.00","450.96","161.00","2.80","Taiwan","Taiwan Stock Exchange","CAD","-","TWD"
"000080","HITEJINRO","Consumer Staples","Equity","450.88","0.00","450.88","30.00","15.23","Korea (South)","Korea Exchange (Stock Market)","CAD","-","KRW"
"DYNAMATECH","DYNAMATIC TECHNOLOGIES LTD","Consumer Discretionary","Equity","450.78","0.00","450.78","3.00","172.31","India","National Stock Exchange Of India","CAD","-","INR"
"EIHOTEL","EIH","Consumer Discretionary","Equity","450.60","0.00","450.60","103.00","4.37","India","National Stock Exchange Of India","CAD","-","INR"
"AREIT","AREIT INC","Real Estate","Equity","450.55","0.00","450.55","543.00","0.83","Philippines","Philippine Stock Exchange Inc.","CAD","-","PHP"
"600415","ZHEJIANG CHINA COMMODITIES CITY GR","Consumer Discretionary","Equity","450.32","0.00","450.32","186.00","2.42","China","Shanghai Stock Exchange","CAD","-","CNY"
"6498","KITZ CORP","Industrials","Equity","449.98","0.00","449.98","26.00","17.63","Japan","Tokyo Stock Exchange","CAD","-","JPY"
"068760","CELLTRION PHARM INC","Health Care","Equity","449.91","0.00","449.91","11.00","39.68","Korea (South)","Korea Exchange (Kosdaq)","CAD","-","KRW"
"BRAV3","BRAVA ENERGIA","Energy","Equity","449.60","0.00","449.60","95.00","4.75","Brazil","XBSP","CAD","-","BRL"
"HEIM","HEINEKEN MALAYSIA","Consumer Staples","Equity","449.54","0.00","449.54","91.00","4.94","Malaysia","Bursa Malaysia","CAD","-","MYR"
"002409","JIANGSU YOKE TECHNOLOGY A","Materials","Equity","449.36","0.00","449.36","16.00","28.10","China","Shenzhen Stock Exchange","CAD","-","CNY"
"BAYERCROP","BAYER CROPSCIENCE LTD","Materials","Equity","449.27","0.00","449.27","8.00","56.76","India","National Stock Exchange Of India","CAD","-","INR"
"MIPS","MIPS","Consumer Discretionary","Equity","449.15","0.00","449.15","8.00","54.69","Sweden","Nasdaq Omx Nordic","CAD","-","SEK"
"AVALON","AVALON TECHNOLOGIES LTD","Information Technology","Equity","448.96","0.00","448.96","14.00","32.51","India","National Stock Exchange Of India","CAD","-","INR"
"4189","KH NEOCHEM","Materials","Equity","448.65","0.00","448.65","15.00","29.14","Japan","Tokyo Stock Exchange","CAD","-","JPY"
"SPALI.R","SUPALAI NON-VOTING DR PCL","Real Estate","Equity","448.57","0.00","448.57","670.00","0.67","Thailand","Stock Exchange Of Thailand","CAD","-","THB"
"2256","ABBISKO CAYMAN","Health Care","Equity","448.25","0.00","448.25","305.00","1.47","China","Hong Kong Exchanges And Clearing Ltd","CAD","-","HKD"
"9A4U","ESR REAL ESTATE INVESTMENT TRUST U","Real Estate","Equity","448.09","0.00","448.09","188.00","2.38","Singapore","Singapore Exchange","CAD","-","SGD"
"O5RU","AIMS APAC REIT","Real Estate","Equity","447.67","0.00","447.67","285.00","1.57","Singapore","Singapore Exchange","CAD","-","SGD"
"RMLI","RAMI LEVI CHAIN STORES HASHIKMA MA","Consumer Staples","Equity","447.58","0.00","447.58","3.00","158.87","Israel","Tel Aviv Stock Exchange","CAD","-","ILS"
"RDC","REDCARE PHARMACY NV","Consumer Staples","Equity","447.54","0.00","447.54","5.00","96.23","Germany","Xetra","CAD","-","EUR"
"SQZ","SERICA ENERGY PLC","Energy","Equity","446.86","0.00","446.86","87.00","5.11","United Kingdom","London Stock Exchange","CAD","-","GBP"
"2038","FIH MOBILE LTD","Information Technology","Equity","446.05","0.00","446.05","158.00","2.83","Hong Kong","Hong Kong Exchanges And Clearing Ltd","CAD","-","HKD"
"ABCB4","BANCO ABC BRASIL PREF SA","Financials","Equity","445.86","0.00","445.86","66.00","6.77","Brazil","XBSP","CAD","-","BRL"
"1114","BRILLIANCE CHINA AUTOMOTIVE HOLDIN","Consumer Discretionary","Equity","445.79","0.00","445.79","1,438.00","0.31","China","Hong Kong Exchanges And Clearing Ltd","CAD","-","HKD"
"METROPOLIS","METROPOLIS HEALTHCARE LTD","Health Care","Equity","445.52","0.00","445.52","52.00","8.55","India","National Stock Exchange Of India","CAD","-","INR"
"000210","DL LTD","Materials","Equity","445.39","0.00","445.39","8.00","54.97","Korea (South)","Korea Exchange (Stock Market)","CAD","-","KRW"
"183300","KOMICO LTD","Information Technology","Equity","444.89","0.00","444.89","15.00","29.56","Korea (South)","Korea Exchange (Kosdaq)","CAD","-","KRW"
"INCO","VALE INDONESIA","Materials","Equity","444.85","0.00","444.85","1,202.00","0.37","Indonesia","Indonesia Stock Exchange","CAD","-","IDR"
"MLCO","MELCO RESORTS ENTERTAINMENT ADR LT","Consumer Discretionary","Equity","444.36","0.00","444.36","68.00","6.55","Hong Kong","NASDAQ","CAD","-","USD"
"023590","DAOU TECHNOLOGY INC","Financials","Equity","443.94","0.00","443.94","11.00","40.44","Korea (South)","Korea Exchange (Stock Market)","CAD","-","KRW"
"JDO","JUDO CAPITAL HOLDINGS LTD","Financials","Equity","443.38","0.00","443.38","448.00","0.99","Australia","Asx - All Markets","CAD","-","AUD"
"3635","KOEI TECMO HOLDINGS","Communication","Equity","443.30","0.00","443.30","29.00","15.38","Japan","Tokyo Stock Exchange","CAD","-","JPY"
"300548","EVERPROX TECHNOLOGIES LTD A","Information Technology","Equity","442.57","0.00","442.57","9.00","48.27","China","Shenzhen Stock Exchange","CAD","-","CNY"
"YACHT","FERRETTI","Consumer Discretionary","Equity","441.89","0.00","441.89","96.00","4.58","Italy","Borsa Italiana","CAD","-","EUR"
"MERY","MERCIALYS REIT SA","Real Estate","Equity","441.82","0.00","441.82","26.00","17.22","France","Nyse Euronext - Euronext Paris","CAD","-","EUR"
"SPSETIA","S P SETIA","Real Estate","Equity","441.42","0.00","441.42","1,635.00","0.27","Malaysia","Bursa Malaysia","CAD","-","MYR"
"DEVYANI","DEVYANI INTERNATIONAL","Consumer Discretionary","Equity","441.38","0.00","441.38","219.00","2.02","India","National Stock Exchange Of India","CAD","-","INR"
"GUBRF.E","GUBRE FABRIKALARI A","Materials","Equity","440.87","0.00","440.87","36.00","12.33","Turkey","Istanbul Stock Exchange","CAD","-","TRY"
"DYL","DEEP YELLOW","Energy","Equity","440.52","0.00","440.52","339.00","1.30","Australia","Asx - All Markets","CAD","-","AUD"
"NRE","NATIONAL REAL ESTATE","Real Estate","Equity","440.49","0.00","440.49","722.00","0.61","Kuwait","Kuwait Stock Exchange","CAD","-","KWD"
"PAGE","MICHAEL PAGE PLC","Industrials","Equity","440.33","0.00","440.33","111.00","3.95","United Kingdom","London Stock Exchange","CAD","-","GBP"
"DQ","DAQO NEW ENERGY ADR REPRESENTING","Information Technology","Equity","440.32","0.00","440.32","26.00","16.69","China","New York Stock Exchange Inc.","CAD","-","USD"
"KRDMD.E","KARDEMIR KARABUK DEMIR CELIK SANAY","Materials","Equity","439.81","0.00","439.81","346.00","1.27","Turkey","Istanbul Stock Exchange","CAD","-","TRY"
"GRSE","GARDEN REACH SHIPBUILDERS & ENGINE","Industrials","Equity","439.59","0.00","439.59","13.00","34.11","India","National Stock Exchange Of India","CAD","-","INR"
"STGT.R","SRI TRANG GLOVES (THAILAND) PCL NO","Health Care","Equity","439.20","0.00","439.20","976.00","0.45","Thailand","Stock Exchange Of Thailand","CAD","-","THB"
"1514","ALLIS ELECTRIC LTD","Industrials","Equity","438.05","0.00","438.05","99.00","4.43","Taiwan","Taiwan Stock Exchange","CAD","-","TWD"
"THB","THB CASH","Cash and/or Derivatives","Cash","437.32","0.00","437.32","104.00","4.19","Thailand","-","CAD","-","THB"
"NAZARA","NAZARA TECHNOLOGIES","Communication","Equity","436.72","0.00","436.72","83.00","5.29","India","National Stock Exchange Of India","CAD","-","INR"
"017960","HANKUK CARBON","Materials","Equity","436.51","0.00","436.51","20.00","21.66","Korea (South)","Korea Exchange (Stock Market)","CAD","-","KRW"
"SIX2","SIXT","Industrials","Equity","435.97","0.00","435.97","4.00","109.64","Germany","Xetra","CAD","-","EUR"
"CONCHATORO","VINA CONCHA Y TORO INC","Consumer Staples","Equity","435.96","0.00","435.96","321.00","1.36","Chile","Santiago Stock Exchange","CAD","-","CLP"
"600105","JIANG SU ETERN LTD A","Information Technology","Equity","435.82","0.00","435.82","46.00","9.42","China","Shanghai Stock Exchange","CAD","-","CNY"
"688469","UNITED NOVA TECHNOLOGY LTD A","Information Technology","Equity","435.81","0.00","435.81","248.00","1.76","China","Shanghai Stock Exchange","CAD","-","CNY"
"SASA.E","SASA POLYESTER SANAYI A","Materials","Equity","435.78","0.00","435.78","6,225.00","0.07","Turkey","Istanbul Stock Exchange","CAD","-","TRY"
"SAPR4","CIA SANEAMENTO PREF","Utilities","Equity","435.46","0.00","435.46","238.00","1.83","Brazil","XBSP","CAD","-","BRL"
"6651","NITTO KOGYO CORP","Industrials","Equity","435.11","0.00","435.11","11.00","40.19","Japan","Tokyo Stock Exchange","CAD","-","JPY"
"MCEMENT","MALAYAN CEMENT","Materials","Equity","434.67","0.00","434.67","235.00","1.85","Malaysia","Bursa Malaysia","CAD","-","MYR"
"002821","ASYMCHEM LABORATORIES (TIANJIN) LT","Health Care","Equity","434.51","0.00","434.51","11.00","38.85","China","Shenzhen Stock Exchange","CAD","-","CNY"
"9882","YELLOW HAT LTD","Consumer Discretionary","Equity","434.45","0.00","434.45","27.00","15.91","Japan","Tokyo Stock Exchange","CAD","-","JPY"
"TOASO.E","TOFAS TURK OTOMOBIL FABRIKASI A","Consumer Discretionary","Equity","434.20","0.00","434.20","53.00","8.25","Turkey","Istanbul Stock Exchange","CAD","-","TRY"
"PGOLD","PURE GOLD PRICE CLUB INC","Consumer Staples","Equity","434.17","0.00","434.17","482.00","0.90","Philippines","Philippine Stock Exchange Inc.","CAD","-","PHP"
"NEWA B","NEW WAVE GROUP CLASS B","Consumer Discretionary","Equity","434.10","0.00","434.10","33.00","13.02","Sweden","Nasdaq Omx Nordic","CAD","-","SEK"
"300866","ANKER INNOVATIONS TECHNOLOGY LTD A","Information Technology","Equity","433.82","0.00","433.82","17.00","26.17","China","Shenzhen Stock Exchange","CAD","-","CNY"
"TITAGARH","TITAGARH RAIL SYSTEMS LTD","Industrials","Equity","433.82","0.00","433.82","36.00","12.06","India","National Stock Exchange Of India","CAD","-","INR"
"ISHO","ISRAS HOLDINGS LTD","Real Estate","Equity","433.69","0.00","433.69","2.00","188.10","Israel","Tel Aviv Stock Exchange","CAD","-","ILS"
"DANHOS13","FIBRA DANHOS REIT","Real Estate","Equity","433.26","0.00","433.26","182.00","2.38","Mexico","Bolsa Mexicana De Valores","CAD","-","MXN"
"HUMANSOFT","HUMAN SOFT","Consumer Discretionary","Equity","432.97","0.00","432.97","41.00","10.61","Kuwait","Kuwait Stock Exchange","CAD","-","KWD"
"IPX","IPERIONX","Materials","Equity","432.87","0.00","432.87","160.00","2.71","Australia","Asx - All Markets","CAD","-","AUD"
"CML","CORONATION FUND MANAGERS LTD","Financials","Equity","431.26","0.00","431.26","117.00","3.70","South Africa","Johannesburg Stock Exchange","CAD","-","ZAR"
"325","BLOKS GROUP LTD","Consumer Discretionary","Equity","431.20","0.00","431.20","36.00","11.90","China","Hong Kong Exchanges And Clearing Ltd","CAD","-","HKD"
"BURG","BURGAN BANK","Financials","Equity","431.04","0.00","431.04","526.00","0.82","Kuwait","Kuwait Stock Exchange","CAD","-","KWD"
"UWC","UWC","Industrials","Equity","431.03","0.00","431.03","201.00","2.14","Malaysia","Bursa Malaysia","CAD","-","MYR"
"215A","TIMEE","Industrials","Equity","430.96","0.00","430.96","36.00","11.85","Japan","Tokyo Stock Exchange","CAD","-","JPY"
"BLDN","BALADNA COMPANY","Consumer Staples","Equity","430.86","0.00","430.86","898.00","0.48","Qatar","Qatar Exchange","CAD","-","QAR"
"2175","SMS","Industrials","Equity","430.84","0.00","430.84","18.00","24.03","Japan","Tokyo Stock Exchange","CAD","-","JPY"
"002709","GUANGZHOU TINCI MATERIALS TECHNOLO","Materials","Equity","430.73","0.00","430.73","63.00","6.86","China","Shenzhen Stock Exchange","CAD","-","CNY"
"826","TIANGONG INTERNATIONAL LTD","Materials","Equity","430.55","0.00","430.55","769.00","0.56","China","Hong Kong Exchanges And Clearing Ltd","CAD","-","HKD"
"1773","SHINY CHEMICAL INDUSTRIAL LTD","Materials","Equity","430.53","0.00","430.53","60.00","7.15","Taiwan","Taiwan Stock Exchange","CAD","-","TWD"
"CAT","CATAPULT SPORTS LTD","Information Technology","Equity","430.24","0.00","430.24","149.00","2.89","Australia","Asx - All Markets","CAD","-","AUD"
"EPL","EPL","Materials","Equity","430.14","0.00","430.14","128.00","3.37","India","National Stock Exchange Of India","CAD","-","INR"
"2070","SAUDI PHARMACEUTICAL INDUST AND ME","Health Care","Equity","430.06","0.00","430.06","35.00","12.26","Saudi Arabia","Saudi Stock Exchange","CAD","-","SAR"
"688126","NATIONAL SILICON INDUSTRY GROUP LT","Information Technology","Equity","430.03","0.00","430.03","87.00","4.94","China","Shanghai Stock Exchange","CAD","-","CNY"
"GENM","GENTING MALAYSIA","Consumer Discretionary","Equity","429.79","0.00","429.79","843.00","0.51","Malaysia","Bursa Malaysia","CAD","-","MYR"
"38","FIRST TRACTOR LTD H","Industrials","Equity","429.75","0.00","429.75","264.00","1.63","China","Hong Kong Exchanges And Clearing Ltd","CAD","-","HKD"
"BSOFT","BIRLASOFT","Information Technology","Equity","429.58","0.00","429.58","104.00","4.14","India","National Stock Exchange Of India","CAD","-","INR"
"EQUITASBNK","EQUITAS SMALL FINANCE BANK LTD","Financials","Equity","429.35","0.00","429.35","409.00","1.05","India","National Stock Exchange Of India","CAD","-","INR"
"9936","OHSHO FOOD SERVICE CORP","Consumer Discretionary","Equity","429.03","0.00","429.03","16.00","26.40","Japan","Tokyo Stock Exchange","CAD","-","JPY"
"7157","LIFENET INSURANCE","Financials","Equity","428.72","0.00","428.72","33.00","13.13","Japan","Tokyo Stock Exchange","CAD","-","JPY"
"MAQ","MACQUARIE TECHNOLOGY GROUP","Information Technology","Equity","428.52","0.00","428.52","8.00","50.61","Australia","Asx - All Markets","CAD","-","AUD"
"483650","DALBA GLOBAL LTD","Consumer Staples","Equity","428.28","0.00","428.28","2.00","174.82","Korea (South)","Korea Exchange (Stock Market)","CAD","-","KRW"
"2666","GENERTEC UNIVERSAL MEDICAL GROUP L","Health Care","Equity","428.23","0.00","428.23","535.00","0.80","China","Hong Kong Exchanges And Clearing Ltd","CAD","-","HKD"
"SOUTHBANK","SOUTH INDIAN BANK LTD","Financials","Equity","428.13","0.00","428.13","639.00","0.67","India","National Stock Exchange Of India","CAD","-","INR"
"000895","HENAN SHUANGHUI INVESTMENT & DEVEL","Consumer Staples","Equity","428.08","0.00","428.08","88.00","4.86","China","Shenzhen Stock Exchange","CAD","-","CNY"
"SET","STONEWEG EUROPE STAPLED TRUST","Real Estate","Equity","427.29","0.00","427.29","177.00","2.41","Singapore","Singapore Exchange","CAD","-","EUR"
"9966","ALPHAMAB ONCOLOGY","Health Care","Equity","427.18","0.00","427.18","312.00","1.37","China","Hong Kong Exchanges And Clearing Ltd","CAD","-","HKD"
"FLOW","FLOW TRADERS","Financials","Equity","426.65","0.00","426.65","9.00","45.21","Netherlands","Euronext Amsterdam","CAD","-","EUR"
"3697","SHIFT INC","Information Technology","Equity","425.77","0.00","425.77","54.00","7.90","Japan","Tokyo Stock Exchange","CAD","-","JPY"
"600048","POLY DEVELOPMENTS AND HOLDINGS GRO","Real Estate","Equity","425.77","0.00","425.77","405.00","1.05","China","Shanghai Stock Exchange","CAD","-","CNY"
"NS8U","HUTCHISON PORT HOLDINGS UNITS TRUS","Industrials","Equity","425.39","0.00","425.39","1,467.00","0.29","Singapore","Singapore Exchange","CAD","-","USD"
"MOVE","MEDACTA GROUP SA","Health Care","Equity","425.38","0.00","425.38","2.00","186.77","Switzerland","SIX Swiss Exchange","CAD","-","CHF"
"7751","HORNG TERNG AUTOMATION LTD","Information Technology","Equity","425.28","0.00","425.28","7.00","62.29","Taiwan","Gretai Securities Market","CAD","-","TWD"
"MISH","MIVTACH SHAMIR HOLDINGS LTD","Financials","Equity","425.21","0.00","425.21","2.00","179.80","Israel","Tel Aviv Stock Exchange","CAD","-","ILS"
"7458","DAIICHIKOSHO LTD","Communication","Equity","424.83","0.00","424.83","25.00","17.06","Japan","Tokyo Stock Exchange","CAD","-","JPY"
"601077","CHONGQING RURAL COMMERCIAL BANK LT","Financials","Equity","424.58","0.00","424.58","310.00","1.37","China","Shanghai Stock Exchange","CAD","-","CNY"
"2439","MERRY ELECTRONICS","Consumer Discretionary","Equity","424.41","0.00","424.41","122.00","3.48","Taiwan","Taiwan Stock Exchange","CAD","-","TWD"
"8957","TOKYU REIT","Real Estate","Equity","423.82","0.00","423.82","0.00","1,644.31","Japan","Tokyo Stock Exchange","CAD","-","JPY"
"7981","TAKARA STANDARD LTD","Industrials","Equity","423.81","0.00","423.81","15.00","27.93","Japan","Tokyo Stock Exchange","CAD","-","JPY"
"8595","JAFCO GROUP","Financials","Equity","423.70","0.00","423.70","21.00","20.46","Japan","Tokyo Stock Exchange","CAD","-","JPY"
"JPFA","JAPFA COMFEED INDONESIA","Consumer Staples","Equity","422.29","0.00","422.29","2,346.00","0.18","Indonesia","Indonesia Stock Exchange","CAD","-","IDR"
"HCI","HOSKEN CONSOLIDATED LTD","Industrials","Equity","422.25","0.00","422.25","31.00","13.59","South Africa","Johannesburg Stock Exchange","CAD","-","ZAR"
"8070","CHANG WAH ELECTROMATERIALS INC","Information Technology","Equity","422.22","0.00","422.22","192.00","2.20","Taiwan","Taiwan Stock Exchange","CAD","-","TWD"
"302440","SK BIOSCIENCE","Health Care","Equity","422.22","0.00","422.22","12.00","36.70","Korea (South)","Korea Exchange (Stock Market)","CAD","-","KRW"
"2201","YULON MOTOR LTD","Consumer Discretionary","Equity","421.89","0.00","421.89","315.00","1.34","Taiwan","Taiwan Stock Exchange","CAD","-","TWD"
"9941","YULON FINANCE CORP","Financials","Equity","421.55","0.00","421.55","119.00","3.54","Taiwan","Taiwan Stock Exchange","CAD","-","TWD"
"PRUDENT","PRUDENT CORPORATE ADVISORY SERVICE","Financials","Equity","421.13","0.00","421.13","9.00","48.40","India","National Stock Exchange Of India","CAD","-","INR"
"SUPRAJIT","SUPRAJIT ENGINEERING LTD","Consumer Discretionary","Equity","420.96","0.00","420.96","60.00","7.07","India","National Stock Exchange Of India","CAD","-","INR"
"601319","THE PEOPLES INSURANCE COMPANY (GRO","Financials","Equity","420.90","0.00","420.90","263.00","1.60","China","Shanghai Stock Exchange","CAD","-","CNY"
"1368","XTEP INTERNATIONAL LTD","Consumer Discretionary","Equity","420.84","0.00","420.84","679.00","0.62","China","Hong Kong Exchanges And Clearing Ltd","CAD","-","HKD"
"2669","CHINA OVERSEAS PROPERTY HOLDINGS","Real Estate","Equity","420.67","0.00","420.67","725.00","0.58","China","Hong Kong Exchanges And Clearing Ltd","CAD","-","HKD"
"CHENNPETRO","CHENNAI PETROLEUM CORPORATION LTD","Energy","Equity","420.56","0.00","420.56","20.00","20.62","India","National Stock Exchange Of India","CAD","-","INR"
"605499","EASTROC BEVERAGE (GROUP) LTD A","Consumer Staples","Equity","420.52","0.00","420.52","18.00","23.12","China","Shanghai Stock Exchange","CAD","-","CNY"
"3596","ARCADYAN TECHNOLOGY CORP","Information Technology","Equity","419.95","0.00","419.95","62.00","6.76","Taiwan","Taiwan Stock Exchange","CAD","-","TWD"
"688396","CHINA RESOURCES MICROELECTRONICS L","Information Technology","Equity","419.48","0.00","419.48","34.00","12.17","China","Shanghai Stock Exchange","CAD","-","CNY"
"MOMO","HELLO GROUP ADR","Communication","Equity","419.43","0.00","419.43","61.00","6.85","China","NASDAQ","CAD","-","USD"
"UNIP6","UNIPAR PARTICIPACOES PREF CLASS B","Materials","Equity","418.41","0.00","418.41","27.00","15.63","Brazil","XBSP","CAD","-","BRL"
"RLO","REUNERT","Industrials","Equity","418.36","0.00","418.36","92.00","4.53","South Africa","Johannesburg Stock Exchange","CAD","-","ZAR"
"600011","HUANENG POWER INTERNATIONAL INC A","Utilities","Equity","418.31","0.00","418.31","297.00","1.41","China","Shanghai Stock Exchange","CAD","-","CNY"
"002851","SHENZHEN MEGMEET ELECTRICAL LTD A","Industrials","Equity","418.20","0.00","418.20","17.00","25.28","China","Shenzhen Stock Exchange","CAD","-","CNY"
"SLCE3","SLC AGRICOLA SA","Consumer Staples","Equity","417.74","0.00","417.74","86.00","4.87","Brazil","XBSP","CAD","-","BRL"
"603893","ROCKCHIP ELECTRONICS LTD A","Information Technology","Equity","417.55","0.00","417.55","11.00","37.80","China","Shanghai Stock Exchange","CAD","-","CNY"
"MYNLD","MAYNILAD WATER SERVICES INC","Utilities","Equity","417.36","0.00","417.36","1,070.00","0.39","Philippines","Philippine Stock Exchange Inc.","CAD","-","PHP"
"601669","POWER CONSTRUCTION CORPORATION OF","Industrials","Equity","416.88","0.00","416.88","430.00","0.97","China","Shanghai Stock Exchange","CAD","-","CNY"
"1302","LIFETECH SCIENTIFIC CORP","Health Care","Equity","416.85","0.00","416.85","1,667.00","0.25","China","Hong Kong Exchanges And Clearing Ltd","CAD","-","HKD"
"600233","YTO EXPRESS GROUP LTD A","Industrials","Equity","416.75","0.00","416.75","114.00","3.67","China","Shanghai Stock Exchange","CAD","-","CNY"
"TRMET.E","TR ANADOLU METAL MADENCILIK ISLETM","Materials","Equity","416.65","0.00","416.65","110.00","3.79","Turkey","Istanbul Stock Exchange","CAD","-","TRY"
"URBANCO","URBAN COMPANY","Consumer Discretionary","Equity","416.06","0.00","416.06","176.00","2.37","India","National Stock Exchange Of India","CAD","-","INR"
"002837","SHENZHEN ENVICOOL TECHNOLOGY LTD A","Industrials","Equity","415.60","0.00","415.60","32.00","12.88","China","Shenzhen Stock Exchange","CAD","-","CNY"
"9898","WEIBO CLASS A CORP","Communication","Equity","415.36","0.00","415.36","45.00","9.15","China","Hong Kong Exchanges And Clearing Ltd","CAD","-","HKD"
"PWH","PWR HOLDINGS","Consumer Discretionary","Equity","414.98","0.00","414.98","41.00","10.20","Australia","Asx - All Markets","CAD","-","AUD"
"600703","SANAN OPTOELECTRONICS LTD A","Information Technology","Equity","414.63","0.00","414.63","155.00","2.68","China","Shanghai Stock Exchange","CAD","-","CNY"
"003540","DAISHIN SECURITIES LTD","Financials","Equity","414.57","0.00","414.57","15.00","26.78","Korea (South)","Korea Exchange (Stock Market)","CAD","-","KRW"
"6548","CHANG WAH TECHNOLOGY LTD","Information Technology","Equity","413.93","0.00","413.93","130.00","3.18","Taiwan","Gretai Securities Market","CAD","-","TWD"
"JKLAKSHMI","JK LAKSHMI CEMENT","Materials","Equity","413.75","0.00","413.75","56.00","7.44","India","National Stock Exchange Of India","CAD","-","INR"
"7278","EXEDY CORP","Consumer Discretionary","Equity","413.69","0.00","413.69","8.00","53.79","Japan","Tokyo Stock Exchange","CAD","-","JPY"
"QTCOM","QT GROUP","Information Technology","Equity","413.57","0.00","413.57","8.00","53.24","Finland","Nasdaq Omx Helsinki Ltd.","CAD","-","EUR"
"PTBA","TAMBANG BATUBARA BUKIT ASAM","Energy","Equity","413.24","0.00","413.24","1,653.00","0.25","Indonesia","Indonesia Stock Exchange","CAD","-","IDR"
"JSWDULUX","JSW DULUX LTD","Materials","Equity","413.14","0.00","413.14","9.00","44.82","India","National Stock Exchange Of India","CAD","-","INR"
"4553","TOWA PHARMACEUTICAL","Health Care","Equity","412.55","0.00","412.55","12.00","34.04","Japan","Tokyo Stock Exchange","CAD","-","JPY"
"MAB","MITCHELLS AND BUTLERS PLC","Consumer Discretionary","Equity","412.10","0.00","412.10","80.00","5.13","United Kingdom","London Stock Exchange","CAD","-","GBP"
"600601","FOUNDER TECHNOLOGY GROUP LTD A","Information Technology","Equity","412.09","0.00","412.09","135.00","3.05","China","Shanghai Stock Exchange","CAD","-","CNY"
"FWRY","FAWRY FOR BANKING TECHNOLOGY AND E","Financials","Equity","410.74","0.00","410.74","805.00","0.51","Egypt","Egyptian Exchange","CAD","-","EGP"
"300015","AIER EYE HOSPITAL GROUP LTD A","Health Care","Equity","410.62","0.00","410.62","247.00","1.66","China","Shenzhen Stock Exchange","CAD","-","CNY"
"9636","JF SMARTINVEST HOLDINGS LTD","Financials","Equity","410.55","0.00","410.55","83.00","4.93","China","Hong Kong Exchanges And Clearing Ltd","CAD","-","HKD"
"SPI","SPIRE HEALTHCARE GROUP PLCINARY","Health Care","Equity","409.60","0.00","409.60","89.00","4.58","United Kingdom","London Stock Exchange","CAD","-","GBP"
"SLX","SILEX SYSTEMS","Industrials","Equity","409.49","0.00","409.49","95.00","4.30","Australia","Asx - All Markets","CAD","-","AUD"
"002636","GOLDENMAX INTERNATIONAL GROUP LTD","Information Technology","Equity","409.22","0.00","409.22","25.00","16.56","China","Shenzhen Stock Exchange","CAD","-","CNY"
"601577","BANK OF CHANGSHA LTD A","Financials","Equity","409.03","0.00","409.03","200.00","2.05","China","Shanghai Stock Exchange","CAD","-","CNY"
"856","VSTECS HOLDINGS LTD","Information Technology","Equity","408.86","0.00","408.86","249.00","1.64","Hong Kong","Hong Kong Exchanges And Clearing Ltd","CAD","-","HKD"
"8958","GLOBAL ONE REAL ESTATE INVESTMENT","Real Estate","Equity","408.46","0.00","408.46","0.00","1,006.70","Japan","Tokyo Stock Exchange","CAD","-","JPY"
"9793","DAISEKI LTD","Industrials","Equity","408.41","0.00","408.41","12.00","33.86","Japan","Tokyo Stock Exchange","CAD","-","JPY"
"RYGYO.E","REYSAS GAYRIMENKUL YATIRIM ORTAKLI","Real Estate","Equity","407.54","0.00","407.54","331.00","1.23","Turkey","Istanbul Stock Exchange","CAD","-","TRY"
"KTKBANK","KARNATAKA BANK LTD","Financials","Equity","406.97","0.00","406.97","89.00","4.58","India","National Stock Exchange Of India","CAD","-","INR"
"2014","CHUNG HUNG STEEL CORP","Materials","Equity","406.59","0.00","406.59","557.00","0.73","Taiwan","Taiwan Stock Exchange","CAD","-","TWD"
"AXREIT","AXIS REITS UNITS TRUST","Real Estate","Equity","406.11","0.00","406.11","655.00","0.62","Malaysia","Bursa Malaysia","CAD","-","MYR"
"6995","TOKAI RIKA","Consumer Discretionary","Equity","405.76","0.00","405.76","14.00","29.01","Japan","Tokyo Stock Exchange","CAD","-","JPY"
"688766","PUYA SEMICONDUCTOR (SHANGHAI) LTD","Information Technology","Equity","405.39","0.00","405.39","5.00","81.50","China","Shanghai Stock Exchange","CAD","-","CNY"
"PIK","PICK N PAY STORES LTD","Consumer Staples","Equity","405.36","0.00","405.36","250.00","1.62","South Africa","Johannesburg Stock Exchange","CAD","-","ZAR"
"WAC","WACKER NEUSON N","Industrials","Equity","404.98","0.00","404.98","10.00","39.92","Germany","Xetra","CAD","-","EUR"
"600066","YUTONG BUS LTD A","Industrials","Equity","404.92","0.00","404.92","74.00","5.49","China","Shanghai Stock Exchange","CAD","-","CNY"
"600219","SHANDONG NANSHAN ALUMINIUM LTD A","Materials","Equity","404.81","0.00","404.81","417.00","0.97","China","Shanghai Stock Exchange","CAD","-","CNY"
"000831","CHINA RARE EARTH RESOURCES AND TEC","Materials","Equity","404.66","0.00","404.66","36.00","11.13","China","Shenzhen Stock Exchange","CAD","-","CNY"
"601456","GUOLIAN MINSHENG SECURITIES LTD A","Financials","Equity","404.63","0.00","404.63","226.00","1.79","China","Shanghai Stock Exchange","CAD","-","CNY"
"8111","GOLDWIN INC","Consumer Discretionary","Equity","404.55","0.00","404.55","21.00","19.48","Japan","Tokyo Stock Exchange","CAD","-","JPY"
"2363","SILICON INTEGRATED SYSTEM","Information Technology","Equity","404.05","0.00","404.05","174.00","2.32","Taiwan","Taiwan Stock Exchange","CAD","-","TWD"
"HFG","HILTON FOOD GROUP PLC","Consumer Staples","Equity","403.90","0.00","403.90","31.00","12.85","United Kingdom","London Stock Exchange","CAD","-","GBP"
"SUNTV","SUN TV NETWORK LTD","Communication","Equity","403.68","0.00","403.68","59.00","6.83","India","National Stock Exchange Of India","CAD","-","INR"
"2186","LUYE PHARMA GROUP","Health Care","Equity","403.63","0.00","403.63","1,345.00","0.30","China","Hong Kong Exchanges And Clearing Ltd","CAD","-","HKD"
"2160","GNI GROUP","Health Care","Equity","403.31","0.00","403.31","15.00","26.88","Japan","Tokyo Stock Exchange","CAD","-","JPY"
"BTG.R","BETAGRO NON-VOTING DR PCL","Consumer Staples","Equity","403.13","0.00","403.13","463.00","0.87","Thailand","Stock Exchange Of Thailand","CAD","-","THB"
"688629","SICHUAN HUAFENG TECHNOLOGY LTD A","Industrials","Equity","402.72","0.00","402.72","15.00","27.49","China","Shanghai Stock Exchange","CAD","-","CNY"
"688506","SICHUAN BIOKIN PHARMACEUTICAL A","Health Care","Equity","401.99","0.00","401.99","8.00","51.02","China","Shanghai Stock Exchange","CAD","-","CNY"
"601991","DATANG INTERNATIONAL POWER GENERAT","Utilities","Equity","401.97","0.00","401.97","350.00","1.15","China","Shanghai Stock Exchange","CAD","-","CNY"
"LKFT","LAKEFRONT BIOTHER NV","Health Care","Equity","401.88","0.00","401.88","10.00","40.07","Belgium","Euronext Amsterdam","CAD","-","EUR"
"2476","G SHANK ENTERPRISE LTD","Industrials","Equity","401.88","0.00","401.88","77.00","5.24","Taiwan","Taiwan Stock Exchange","CAD","-","TWD"
"7734","RIKEN KEIKI LTD","Information Technology","Equity","401.86","0.00","401.86","13.00","31.43","Japan","Tokyo Stock Exchange","CAD","-","JPY"
"ARZAN","ARZAN INVESTMENT AND FINANCIAL","Financials","Equity","401.59","0.00","401.59","277.00","1.45","Kuwait","Kuwait Stock Exchange","CAD","-","KWD"
"2767","TSUBURAYA FIELDS HOLDINGS INC","Consumer Discretionary","Equity","401.39","0.00","401.39","17.00","23.94","Japan","Tokyo Stock Exchange","CAD","-","JPY"
"BJC.R","BERLI JUCKER NON-VOTING DR PCL","Consumer Staples","Equity","401.22","0.00","401.22","535.00","0.75","Thailand","Stock Exchange Of Thailand","CAD","-","THB"
"AKSA.E","AKSA AKRILIK KIMYA SANAYI A","Consumer Discretionary","Equity","401.05","0.00","401.05","1,253.00","0.32","Turkey","Istanbul Stock Exchange","CAD","-","TRY"
"300567","WUHAN JINGCE ELECTRONIC GROUP LTD","Information Technology","Equity","400.93","0.00","400.93","9.00","42.71","China","Shenzhen Stock Exchange","CAD","-","CNY"
"600958","ORIENT SECURITIES A","Financials","Equity","400.60","0.00","400.60","220.00","1.82","China","Shanghai Stock Exchange","CAD","-","CNY"
"BILI A","BILIA CLASS A","Consumer Discretionary","Equity","400.49","0.00","400.49","18.00","21.83","Sweden","Nasdaq Omx Nordic","CAD","-","SEK"
"6420","GALILEI HOLDINGS","Industrials","Equity","400.22","0.00","400.22","13.00","31.48","Japan","Tokyo Stock Exchange","CAD","-","JPY"
"5253","COVER CORP","Communication","Equity","400.01","0.00","400.01","27.00","14.84","Japan","Tokyo Stock Exchange","CAD","-","JPY"
"LTE","LIGHTHOUSE PROPERTIES PLC","Real Estate","Equity","399.63","0.00","399.63","563.00","0.71","South Africa","Johannesburg Stock Exchange","CAD","-","ZAR"
"2515","BES ENGINEERING","Industrials","Equity","399.37","0.00","399.37","754.00","0.53","Taiwan","Taiwan Stock Exchange","CAD","-","TWD"
"IF","BANCA IFIS","Financials","Equity","399.20","0.00","399.20","16.00","24.43","Italy","Borsa Italiana","CAD","-","EUR"
"TBOTEK","TBO TEK","Consumer Discretionary","Equity","399.10","0.00","399.10","17.00","24.02","India","National Stock Exchange Of India","CAD","-","INR"
"000999","CHINA RESOURCES SANJIU MEDICAL AND","Health Care","Equity","398.85","0.00","398.85","80.00","4.97","China","Shenzhen Stock Exchange","CAD","-","CNY"
"WBC","WE BUY CARS HLDS LTD","Consumer Discretionary","Equity","397.57","0.00","397.57","158.00","2.51","South Africa","Johannesburg Stock Exchange","CAD","-","ZAR"
"688409","SHENYANG FORTUNE PRECISION EQUIPME","Information Technology","Equity","397.37","0.00","397.37","10.00","38.82","China","Shanghai Stock Exchange","CAD","-","CNY"
"VOLCABC1","VOLCAN COMPANIA MINERA B PREF","Materials","Equity","396.89","0.00","396.89","1,102.00","0.36","Peru","Bolsa De Valores De Lima","CAD","-","PEN"
"LIN","LINDIAN RESOURCES LTD","Materials","Equity","396.41","0.00","396.41","639.00","0.62","Australia","Asx - All Markets","CAD","-","AUD"
"004990","LOTTE","Industrials","Equity","396.30","0.00","396.30","16.00","25.21","Korea (South)","Korea Exchange (Stock Market)","CAD","-","KRW"
"EPRO B","ELECTROLUX PROFESSIONAL CLASS B","Industrials","Equity","396.27","0.00","396.27","63.00","6.30","Sweden","Nasdaq Omx Nordic","CAD","-","SEK"
"006280","GC BIOPHARMA CORP","Health Care","Equity","396.17","0.00","396.17","3.00","124.21","Korea (South)","Korea Exchange (Stock Market)","CAD","-","KRW"
"ODD","ODDITY TECH CLASS A","Consumer Staples","Equity","396.02","0.00","396.02","15.00","26.95","Israel","NASDAQ","CAD","-","USD"
"041510","SM ENTERTAINMENT LTD","Communication","Equity","395.92","0.00","395.92","5.00","82.71","Korea (South)","Korea Exchange (Kosdaq)","CAD","-","KRW"
"001389","DELTON TECHNOLOGY (GUANGZHOU) INC","Information Technology","Equity","395.88","0.00","395.88","11.00","35.05","China","Shenzhen Stock Exchange","CAD","-","CNY"
"TEGA","TEGA INDUSTRIES LTD","Industrials","Equity","395.81","0.00","395.81","14.00","27.99","India","National Stock Exchange Of India","CAD","-","INR"
"MUX","MUTARES","Financials","Equity","394.38","0.00","394.38","9.00","41.85","Germany","Xetra","CAD","-","EUR"
"NAS","NORWEGIAN AIR SHUTTLE","Industrials","Equity","393.93","0.00","393.93","216.00","1.82","Norway","Oslo Bors Asa","CAD","-","NOK"
"IRE","IRESS LTD","Information Technology","Equity","393.71","0.00","393.71","70.00","5.64","Australia","Asx - All Markets","CAD","-","AUD"
"000703","HENGYI PETROCHEMICAL LTD A","Materials","Equity","393.60","0.00","393.60","106.00","3.70","China","Shenzhen Stock Exchange","CAD","-","CNY"
"SXE","SOUTHERN CROSS ELECTRICAL ENGINEER","Industrials","Equity","393.50","0.00","393.50","94.00","4.18","Australia","Asx - All Markets","CAD","-","AUD"
"600115","CHINA EASTERN AIRLINES CORP LTD A","Industrials","Equity","393.43","0.00","393.43","562.00","0.70","China","Shanghai Stock Exchange","CAD","-","CNY"
"002625","KUANG-CHI TECHNOLOGIES LTD A","Industrials","Equity","391.76","0.00","391.76","67.00","5.86","China","Shenzhen Stock Exchange","CAD","-","CNY"
"LTFOODS","LT FOODS LTD","Consumer Staples","Equity","391.12","0.00","391.12","64.00","6.15","India","National Stock Exchange Of India","CAD","-","INR"
"BBTN","PT BANK TABUNGAN NEGARA","Financials","Equity","391.07","0.00","391.07","4,345.00","0.09","Indonesia","Indonesia Stock Exchange","CAD","-","IDR"
"1820","NISHIMATSU CONSTRUCTION LTD","Industrials","Equity","390.97","0.00","390.97","8.00","51.45","Japan","Tokyo Stock Exchange","CAD","-","JPY"
"4001","ABDULLAH AL OTHAIM MARKETS","Consumer Staples","Equity","390.78","0.00","390.78","225.00","1.74","Saudi Arabia","Saudi Stock Exchange","CAD","-","SAR"
"290650","L&C BIO LTD","Health Care","Equity","390.56","0.00","390.56","8.00","47.07","Korea (South)","Korea Exchange (Kosdaq)","CAD","-","KRW"
"2539","SAKURA DEVELOPMENT LTD","Real Estate","Equity","390.50","0.00","390.50","259.00","1.51","Taiwan","Taiwan Stock Exchange","CAD","-","TWD"
"000021","SHENZHEN KAIFA TECHNOLOGY LTD A","Information Technology","Equity","389.82","0.00","389.82","53.00","7.41","China","Shenzhen Stock Exchange","CAD","-","CNY"
"2498","ROBOSENSE TECHNOLOGY LTD","Information Technology","Equity","389.76","0.00","389.76","134.00","2.90","China","Hong Kong Exchanges And Clearing Ltd","CAD","-","HKD"
"DFM","DUBAI FINANCIAL MARKET","Financials","Equity","389.63","0.00","389.63","722.00","0.54","United Arab Emirates","Dubai Financial Market","CAD","-","AED"
"CPI","CPI EUROPE AGE AG","Real Estate","Equity","389.62","0.00","389.62","16.00","24.61","Austria","Wiener Boerse Ag","CAD","-","EUR"
"2320","AL BABTAIN POWER AND TELECOMMUNICA","Industrials","Equity","389.54","0.00","389.54","18.00","21.60","Saudi Arabia","Saudi Stock Exchange","CAD","-","SAR"
"FEVR","FEVERTREE DRINKS PLC","Consumer Staples","Equity","389.47","0.00","389.47","24.00","16.08","United Kingdom","London Stock Exchange","CAD","-","GBP"
"3877","CSSC (HONG KONG) SHIPPING LTD","Financials","Equity","389.45","0.00","389.45","885.00","0.44","China","Hong Kong Exchanges And Clearing Ltd","CAD","-","HKD"
"2329","ORIENT SEMICONDUCTOR ELECTRONICS","Information Technology","Equity","388.93","0.00","388.93","207.00","1.88","Taiwan","Taiwan Stock Exchange","CAD","-","TWD"
"3899","CIMC ENRIC HOLDINGS","Industrials","Equity","388.92","0.00","388.92","288.00","1.35","China","Hong Kong Exchanges And Clearing Ltd","CAD","-","HKD"
"1830","LEEJAM SPORTS","Consumer Discretionary","Equity","388.73","0.00","388.73","13.00","30.01","Saudi Arabia","Saudi Stock Exchange","CAD","-","SAR"
"PAVREIT","PAVILION REAL ESTATE INVESTMENT TR","Real Estate","Equity","388.71","0.00","388.71","733.00","0.53","Malaysia","Bursa Malaysia","CAD","-","MYR"
"600378","HAOHUA CHEMICAL SCIENCE & TECHNOLO","Materials","Equity","388.45","0.00","388.45","39.00","9.84","China","Shanghai Stock Exchange","CAD","-","CNY"
"CAI","CA IMMOBILIEN ANLAGEN AG","Real Estate","Equity","388.21","0.00","388.21","11.00","36.55","Austria","Wiener Boerse Ag","CAD","-","EUR"
"POMO4","MARCOPOLO PREF","Industrials","Equity","388.21","0.00","388.21","332.00","1.17","Brazil","XBSP","CAD","-","BRL"
"P40U","STARHILL GLOBAL REIT UNITS TRUST","Real Estate","Equity","387.69","0.00","387.69","680.00","0.57","Singapore","Singapore Exchange","CAD","-","SGD"
"DOAS.E","DOGUS OTOMOTIV SERVIS VE TICARET A","Consumer Discretionary","Equity","387.64","0.00","387.64","86.00","4.51","Turkey","Istanbul Stock Exchange","CAD","-","TRY"
"1428","BRIGHT SMART SECURITIES & COMMODIT","Financials","Equity","387.62","0.00","387.62","313.00","1.24","Hong Kong","Hong Kong Exchanges And Clearing Ltd","CAD","-","HKD"
"LTG","LT GROUP","Industrials","Equity","386.82","0.00","386.82","1,138.00","0.34","Philippines","Philippine Stock Exchange Inc.","CAD","-","PHP"
"002064","HUAFON CHEMICAL LTD A","Materials","Equity","386.75","0.00","386.75","188.00","2.06","China","Shenzhen Stock Exchange","CAD","-","CNY"
"601233","TONGKUN GROUP A","Materials","Equity","386.74","0.00","386.74","79.00","4.92","China","Shanghai Stock Exchange","CAD","-","CNY"
"002050","ZHEJIANG SANHUA INTELLIGENT CONTRO","Industrials","Equity","386.47","0.00","386.47","53.00","7.23","China","Shenzhen Stock Exchange","CAD","-","CNY"
"7976","MITSUBISHI PENCIL LTD","Industrials","Equity","386.40","0.00","386.40","13.00","29.64","Japan","Tokyo Stock Exchange","CAD","-","JPY"
"001430","SEAH BESTEEL HDS CORP","Materials","Equity","386.05","0.00","386.05","8.00","46.01","Korea (South)","Korea Exchange (Stock Market)","CAD","-","KRW"
"026960","DONG SUH INC","Consumer Staples","Equity","385.68","0.00","385.68","15.00","25.86","Korea (South)","Korea Exchange (Stock Market)","CAD","-","KRW"
"000708","CITIC PACIFIC SPECIAL STEEL GROUP","Materials","Equity","385.05","0.00","385.05","141.00","2.73","China","Shenzhen Stock Exchange","CAD","-","CNY"
"8194","LIFE","Consumer Staples","Equity","384.73","0.00","384.73","16.00","24.56","Japan","Tokyo Stock Exchange","CAD","-","JPY"
"2013","WEIMOB INC","Information Technology","Equity","384.70","0.00","384.70","2,748.00","0.14","China","Hong Kong Exchanges And Clearing Ltd","CAD","-","HKD"
"GTCAP","GT CAPITAL HOLDINGS","Industrials","Equity","384.66","0.00","384.66","42.00","9.23","Philippines","Philippine Stock Exchange Inc.","CAD","-","PHP"
"CIA","CHAMPION IRON LTD","Materials","Equity","384.49","0.00","384.49","123.00","3.13","Australia","Asx - All Markets","CAD","-","AUD"
"2007","COUNTRY GARDEN HOLDINGS LTD","Real Estate","Equity","384.40","0.00","384.40","12,813.00","0.03","China","Hong Kong Exchanges And Clearing Ltd","CAD","-","HKD"
"688048","SUZHOU EVERBRIGHT PHOTONICS LTD A","Information Technology","Equity","384.31","0.00","384.31","6.00","68.44","China","Shanghai Stock Exchange","CAD","-","CNY"
"001720","SHINYOUNG SECURITIES LTD","Financials","Equity","384.08","0.00","384.08","3.00","142.13","Korea (South)","Korea Exchange (Stock Market)","CAD","-","KRW"
"TURSG.E","TURKIYE SIGORTA ANONIM SIRKETI","Financials","Equity","383.95","0.00","383.95","2,259.00","0.17","Turkey","Istanbul Stock Exchange","CAD","-","TRY"
"PSNY","POLESTAR AUTOMOTIVE HOLDING AMERIC","Consumer Discretionary","Equity","383.79","0.00","383.79","35.00","11.11","Sweden","NASDAQ","CAD","-","USD"
"AKRA","AKR CORPORINDO","Energy","Equity","383.61","0.00","383.61","3,197.00","0.12","Indonesia","Indonesia Stock Exchange","CAD","-","IDR"
"000066","CHINA GREATWALL TECHNOLOGY GROUP L","Information Technology","Equity","383.06","0.00","383.06","133.00","2.89","China","Shenzhen Stock Exchange","CAD","-","CNY"
"1836","STELLA INTERNATIONAL LTD","Consumer Discretionary","Equity","382.22","0.00","382.22","190.00","2.01","Hong Kong","Hong Kong Exchanges And Clearing Ltd","CAD","-","HKD"
"6055","CHINA TOBACCO INTERNATIONAL (HK) L","Consumer Discretionary","Equity","382.08","0.00","382.08","95.00","4.04","China","Hong Kong Exchanges And Clearing Ltd","CAD","-","HKD"
"BLACKBUCK","BLACKBUCK LTD","Information Technology","Equity","381.39","0.00","381.39","43.00","8.91","India","National Stock Exchange Of India","CAD","-","INR"
"601108","CAITONG SECURITIES LTD A","Financials","Equity","380.46","0.00","380.46","217.00","1.75","China","Shanghai Stock Exchange","CAD","-","CNY"
"SOBHA","SOBHA LTD","Real Estate","Equity","380.33","0.00","380.33","22.00","17.34","India","National Stock Exchange Of India","CAD","-","INR"
"601360","360 SECURITY TECHNOLOGY INC A","Information Technology","Equity","380.01","0.00","380.01","211.00","1.80","China","Shanghai Stock Exchange","CAD","-","CNY"
"BOOZT","BOOZT","Consumer Discretionary","Equity","380.00","0.00","380.00","19.00","20.46","Sweden","Nasdaq Omx Nordic","CAD","-","SEK"
"3350","METAPLANET KK","Consumer Discretionary","Equity","379.90","0.00","379.90","178.00","2.14","Japan","Tokyo Stock Exchange","CAD","-","JPY"
"EMEIS","EMEIS SA","Health Care","Equity","379.19","0.00","379.19","19.00","20.00","France","Nyse Euronext - Euronext Paris","CAD","-","EUR"
"EMCURE","EMCURE PHARMACEUTICALS LTD","Health Care","Equity","379.17","0.00","379.17","14.00","27.84","India","National Stock Exchange Of India","CAD","-","INR"
"BECTORFOOD","MRS BECTORS FOOD SPECIALITIES","Consumer Staples","Equity","379.13","0.00","379.13","118.00","3.22","India","National Stock Exchange Of India","CAD","-","INR"
"3591","WACOAL HOLDINGS","Consumer Discretionary","Equity","379.07","0.00","379.07","10.00","36.25","Japan","Tokyo Stock Exchange","CAD","-","JPY"
"MWC","MANILA WATER","Utilities","Equity","378.72","0.00","378.72","498.00","0.76","Philippines","Philippine Stock Exchange Inc.","CAD","-","PHP"
"ZYDUSWELL","ZYDUS WELLNESS LTD","Consumer Staples","Equity","378.54","0.00","378.54","48.00","7.96","India","National Stock Exchange Of India","CAD","-","INR"
"ILCO","ISRAEL CORPORATION LTD","Materials","Equity","378.29","0.00","378.29","10.00","37.08","Israel","Tel Aviv Stock Exchange","CAD","-","ILS"
"002736","GUOSEN SECURITIES A","Financials","Equity","378.23","0.00","378.23","186.00","2.03","China","Shenzhen Stock Exchange","CAD","-","CNY"
"BOWL","HOLLYWOOD BOWL GROUP PLC","Consumer Discretionary","Equity","378.20","0.00","378.20","82.00","4.62","United Kingdom","London Stock Exchange","CAD","-","GBP"
"600096","YUNNAN YUNTIANHUA LTD A","Materials","Equity","378.02","0.00","378.02","64.00","5.90","China","Shanghai Stock Exchange","CAD","-","CNY"
"ITMAX","ITMAX SYSTEM","Information Technology","Equity","377.23","0.00","377.23","251.00","1.50","Malaysia","Bursa Malaysia","CAD","-","MYR"
"DUBAIRESI","DUBAI RESIDENTIAL REIT UNIT","Real Estate","Equity","377.07","0.00","377.07","770.00","0.49","United Arab Emirates","Dubai Financial Market","CAD","-","AED"
"WEB","WEBBEDS GROUP","Consumer Discretionary","Equity","376.96","0.00","376.96","107.00","3.51","Australia","Asx - All Markets","CAD","-","AUD"
"GRAVITA","GRAVITA INDIA LTD","Materials","Equity","376.56","0.00","376.56","16.00","23.50","India","National Stock Exchange Of India","CAD","-","INR"
"300418","KUNLUN TECH A","Communication","Equity","376.39","0.00","376.39","41.00","9.07","China","Shenzhen Stock Exchange","CAD","-","CNY"
"600803","ENN NATURAL GAS LTD A","Utilities","Equity","375.98","0.00","375.98","96.00","3.90","China","Shanghai Stock Exchange","CAD","-","CNY"
"2005","SSY GROUP LTD","Health Care","Equity","375.84","0.00","375.84","767.00","0.49","China","Hong Kong Exchanges And Clearing Ltd","CAD","-","HKD"
"ITMG","INDO TAMBANGRAYA MEGAH","Energy","Equity","375.72","0.00","375.72","180.00","2.09","Indonesia","Indonesia Stock Exchange","CAD","-","IDR"
"SL","SANLORENZO","Consumer Discretionary","Equity","375.61","0.00","375.61","6.00","59.54","Italy","Borsa Italiana","CAD","-","EUR"
"CLA B","CLOETTA","Consumer Staples","Equity","374.68","0.00","374.68","49.00","7.64","Sweden","Nasdaq Omx Nordic","CAD","-","SEK"
"MAGEN.E","MARGUN ENERJI URETIM SANAYI & TICA","Utilities","Equity","374.40","0.00","374.40","430.00","0.87","Turkey","Istanbul Stock Exchange","CAD","-","TRY"
"601117","CHINA NATIONAL CHEMICAL ENGINEERIN","Industrials","Equity","374.35","0.00","374.35","251.00","1.49","China","Shanghai Stock Exchange","CAD","-","CNY"
"300765","CSPC INNOVATION PHARMACEUTICAL A","Health Care","Equity","374.27","0.00","374.27","41.00","9.03","China","Shenzhen Stock Exchange","CAD","-","CNY"
"181710","NHN CORP","Communication","Equity","374.18","0.00","374.18","7.00","57.30","Korea (South)","Korea Exchange (Stock Market)","CAD","-","KRW"
"PLAZ B","PLATZER FASTIGHETER HOLDING CLASS","Real Estate","Equity","373.94","0.00","373.94","38.00","9.85","Sweden","Nasdaq Omx Nordic","CAD","-","SEK"
"6707","SANKEN ELECTRIC","Information Technology","Equity","372.74","0.00","372.74","6.00","59.55","Japan","Tokyo Stock Exchange","CAD","-","JPY"
"SPLPETRO","SUPREME PETROCHEM LTD","Materials","Equity","372.72","0.00","372.72","32.00","11.77","India","National Stock Exchange Of India","CAD","-","INR"
"GPPL","GUJARAT PIPAVAV PORT LTD","Industrials","Equity","372.68","0.00","372.68","157.00","2.37","India","National Stock Exchange Of India","CAD","-","INR"
"VAMO3","VAMOS LOCACAO DE CAMINHOES MAQUINA","Industrials","Equity","372.27","0.00","372.27","409.00","0.91","Brazil","XBSP","CAD","-","BRL"
"097230","HJ SHIPBUILDING & CONSTRUCTION LTD","Industrials","Equity","372.12","0.00","372.12","24.00","15.73","Korea (South)","Korea Exchange (Stock Market)","CAD","-","KRW"
"1926","RAITO KOGYO LTD","Industrials","Equity","372.04","0.00","372.04","10.00","35.56","Japan","Tokyo Stock Exchange","CAD","-","JPY"
"601916","CHINA ZHESHANG BANK LTD A","Financials","Equity","371.97","0.00","371.97","610.00","0.61","China","Shanghai Stock Exchange","CAD","-","CNY"
"FIRSTCRY","BRAINBEES SOLUTIONS","Consumer Discretionary","Equity","371.76","0.00","371.76","151.00","2.47","India","National Stock Exchange Of India","CAD","-","INR"
"688017","LEADER HARMONIOUS DRIVE SYSTEMS A","Industrials","Equity","371.66","0.00","371.66","6.00","60.62","China","Shanghai Stock Exchange","CAD","-","CNY"
"MOON","MOONPIG GROUP PLC","Consumer Discretionary","Equity","371.41","0.00","371.41","75.00","4.93","United Kingdom","London Stock Exchange","CAD","-","GBP"
"DNORD","DAMPSKIBSSELSKABET NORDEN","Industrials","Equity","370.98","0.00","370.98","4.00","84.97","Denmark","Omx Nordic Exchange Copenhagen A/S","CAD","-","DKK"
"300124","SHENZHEN INOVANCE TECHNOLOGY A","Industrials","Equity","370.16","0.00","370.16","34.00","10.76","China","Shenzhen Stock Exchange","CAD","-","CNY"
"600023","ZHEJIANG ZHENENG ELECTRIC POWER LT","Utilities","Equity","370.04","0.00","370.04","349.00","1.06","China","Shanghai Stock Exchange","CAD","-","CNY"
"601198","DONGXING SECURITIES A","Financials","Equity","369.77","0.00","369.77","136.00","2.72","China","Shanghai Stock Exchange","CAD","-","CNY"
"603799","ZHEJIANG HUAYOU COBALT LTD A","Industrials","Equity","369.67","0.00","369.67","50.00","7.34","China","Shanghai Stock Exchange","CAD","-","CNY"
"4031","SAUDI GROUND SERVICES","Industrials","Equity","369.31","0.00","369.31","45.00","8.15","Saudi Arabia","Saudi Stock Exchange","CAD","-","SAR"
"002422","SICHUAN KELUN PHARMACEUTICAL LTD A","Health Care","Equity","369.23","0.00","369.23","44.00","8.35","China","Shenzhen Stock Exchange","CAD","-","CNY"
"KPROJ","KUWAIT PROJECTS","Financials","Equity","368.72","0.00","368.72","1,053.00","0.35","Kuwait","Kuwait Stock Exchange","CAD","-","KWD"
"601877","ZHEJIANG CHINT ELECTRICS LTD A","Industrials","Equity","368.58","0.00","368.58","72.00","5.15","China","Shanghai Stock Exchange","CAD","-","CNY"
"001965","CHINA MERCHANTS EXPRESSWAY NETWORK","Industrials","Equity","368.54","0.00","368.54","174.00","2.12","China","Shenzhen Stock Exchange","CAD","-","CNY"
"900905","LAO FENG XIANG LTD B","Consumer Discretionary","Equity","368.04","0.00","368.04","98.00","3.76","China","Shanghai Stock Exchange","CAD","-","USD"
"8956","NTT UD REIT INVESTMENT REIT","Real Estate","Equity","368.03","0.00","368.03","0.00","1,141.41","Japan","Tokyo Stock Exchange","CAD","-","JPY"
"KAR","KAROON ENERGY LTD","Energy","Equity","367.41","0.00","367.41","200.00","1.84","Australia","Asx - All Markets","CAD","-","AUD"
"2359","SOLOMON TECHNOLOGY","Information Technology","Equity","367.06","0.00","367.06","64.00","5.75","Taiwan","Taiwan Stock Exchange","CAD","-","TWD"
"002008","HANS LASER TECHNOLOGY LTD A","Industrials","Equity","367.03","0.00","367.03","19.00","19.78","China","Shenzhen Stock Exchange","CAD","-","CNY"
"ACEN","ACEN CORPORATION","Utilities","Equity","366.46","0.00","366.46","6,108.00","0.06","Philippines","Philippine Stock Exchange Inc.","CAD","-","PHP"
"SGML","SIGMA LITHIUM","Materials","Equity","365.69","0.00","365.69","29.00","12.42","Brazil","NASDAQ","CAD","-","USD"
"5032","ANYCOLOR","Communication","Equity","365.60","0.00","365.60","12.00","29.77","Japan","Tokyo Stock Exchange","CAD","-","JPY"
"NY1","NINETY ONE LTD","Financials","Equity","365.38","0.00","365.38","98.00","3.72","South Africa","Johannesburg Stock Exchange","CAD","-","ZAR"
"002078","SHANDONG SUNPAPER LTD A","Materials","Equity","365.26","0.00","365.26","123.00","2.98","China","Shenzhen Stock Exchange","CAD","-","CNY"
"6866","HIOKI EE CORP","Information Technology","Equity","364.90","0.00","364.90","4.00","89.35","Japan","Tokyo Stock Exchange","CAD","-","JPY"
"395400","SK REITS LTD","Real Estate","Equity","364.53","0.00","364.53","70.00","5.24","Korea (South)","Korea Exchange (Stock Market)","CAD","-","KRW"
"2760","TOKYO ELECTRON DEVICE LTD","Information Technology","Equity","364.30","0.00","364.30","10.00","37.54","Japan","Tokyo Stock Exchange","CAD","-","JPY"
"NSLNISP","NMDC STEEL LTD","Materials","Equity","363.42","0.00","363.42","596.00","0.61","India","National Stock Exchange Of India","CAD","-","INR"
"3014","INTEGRATED TECHNOLOGY EXPRESS INC","Information Technology","Equity","363.37","0.00","363.37","62.00","5.86","Taiwan","Taiwan Stock Exchange","CAD","-","TWD"
"IRBR3","IRB BRASIL RESSEGUROS SA","Financials","Equity","363.24","0.00","363.24","22.00","16.54","Brazil","XBSP","CAD","-","BRL"
"000426","INNER MONGOLIA XINGYE SILVER&TIN M","Materials","Equity","363.03","0.00","363.03","50.00","7.21","China","Shenzhen Stock Exchange","CAD","-","CNY"
"800","WERIDE INC","Consumer Discretionary","Equity","362.75","0.00","362.75","137.00","2.65","China","Hong Kong Exchanges And Clearing Ltd","CAD","-","HKD"
"VBG B","VBG GROUP CLASS B","Industrials","Equity","361.91","0.00","361.91","8.00","44.95","Sweden","Nasdaq Omx Nordic","CAD","-","SEK"
"2727","WOWPRIME","Consumer Discretionary","Equity","360.99","0.00","360.99","36.00","9.96","Taiwan","Taiwan Stock Exchange","CAD","-","TWD"
"7730","MANI","Health Care","Equity","360.16","0.00","360.16","27.00","13.12","Japan","Tokyo Stock Exchange","CAD","-","JPY"
"SEDEMAC","SEDEMAC MECHATRONICS LTD","Information Technology","Equity","359.71","0.00","359.71","8.00","45.35","India","National Stock Exchange Of India","CAD","-","INR"
"MALAKOF","MALAKOFF CORPORATION CORP","Utilities","Equity","359.32","0.00","359.32","1,382.00","0.26","Malaysia","Bursa Malaysia","CAD","-","MYR"
"600498","FIBERHOME TELECOMMUNICATION TECHNO","Information Technology","Equity","359.03","0.00","359.03","40.00","9.06","China","Shanghai Stock Exchange","CAD","-","CNY"
"ENTEL","EMPRESA NACIONAL DE TELECOMUNICACI","Communication","Equity","359.01","0.00","359.01","62.00","5.81","Chile","Santiago Stock Exchange","CAD","-","CLP"
"2428","THINKING ELECTRONIC INDUSTRIAL LTD","Information Technology","Equity","359.00","0.00","359.00","32.00","11.16","Taiwan","Taiwan Stock Exchange","CAD","-","TWD"
"GREATEC","GREATECH TECHNOLOGY","Information Technology","Equity","358.82","0.00","358.82","412.00","0.87","Malaysia","Bursa Malaysia","CAD","-","MYR"
"CGCL","CAPRI GLOBAL CAPITAL LTD","Financials","Equity","358.77","0.00","358.77","94.00","3.82","India","National Stock Exchange Of India","CAD","-","INR"
"2419","DEKON FOOD AND AGRICULTURE GROUP H","Consumer Staples","Equity","358.76","0.00","358.76","35.00","10.15","China","Hong Kong Exchanges And Clearing Ltd","CAD","-","HKD"
"2733","ARATA CORP","Consumer Discretionary","Equity","358.55","0.00","358.55","15.00","24.60","Japan","Tokyo Stock Exchange","CAD","-","JPY"
"ALG","ALI ALGHANIM SONS AUTOMOTIVE","Consumer Discretionary","Equity","357.99","0.00","357.99","87.00","4.10","Kuwait","Kuwait Stock Exchange","CAD","-","KWD"
"000960","YUNNAN TIN LTD A","Materials","Equity","357.89","0.00","357.89","52.00","6.89","China","Shenzhen Stock Exchange","CAD","-","CNY"
"8YZ","YANGZIJIANG MARITIME DEVELOPMENT L","Industrials","Equity","357.83","0.00","357.83","577.00","0.62","Singapore","Singapore Exchange","CAD","-","SGD"
"601555","SOOCHOW SECURITIES CO LTD A","Financials","Equity","357.74","0.00","357.74","207.00","1.73","China","Shanghai Stock Exchange","CAD","-","CNY"
"600460","HANGZHOU SILAN MICROELECTRONICS LT","Information Technology","Equity","357.71","0.00","357.71","54.00","6.67","China","Shanghai Stock Exchange","CAD","-","CNY"
"TIP","TAMBURI INVESTMENT PARTNERS","Financials","Equity","357.56","0.00","357.56","26.00","13.99","Italy","Borsa Italiana","CAD","-","EUR"
"ECOR3","ECORODOVIAS INFRAESTRUTURA E LOGIS","Industrials","Equity","357.51","0.00","357.51","161.00","2.22","Brazil","XBSP","CAD","-","BRL"
"MAHSCOOTER","MAHARASHTRA SCOOTERS LTD","Financials","Equity","357.05","0.00","357.05","2.00","191.73","India","National Stock Exchange Of India","CAD","-","INR"
"LUMAXTECH","LUMAX AUTO TECHNOLOGIES","Consumer Discretionary","Equity","356.75","0.00","356.75","12.00","29.42","India","National Stock Exchange Of India","CAD","-","INR"
"CABLE","GULF CABLE AND ELECTRICAL INDUSTRI","Industrials","Equity","356.40","0.00","356.40","46.00","7.71","Kuwait","Kuwait Stock Exchange","CAD","-","KWD"
"4264","FLYNAS","Industrials","Equity","356.08","0.00","356.08","22.00","16.21","Saudi Arabia","Saudi Stock Exchange","CAD","-","SAR"
"MGL","MAHANAGAR GAS","Utilities","Equity","355.97","0.00","355.97","23.00","15.62","India","National Stock Exchange Of India","CAD","-","INR"
"002790","AMOREG","Consumer Staples","Equity","355.80","0.00","355.80","13.00","27.03","Korea (South)","Korea Exchange (Stock Market)","CAD","-","KRW"
"601607","SHANGHAI PHARMACEUTICALS HOLDING L","Health Care","Equity","355.44","0.00","355.44","105.00","3.37","China","Shanghai Stock Exchange","CAD","-","CNY"
"002484","NANTONG JIANGHAI CAPACITOR LTD A","Information Technology","Equity","354.78","0.00","354.78","28.00","12.53","China","Shenzhen Stock Exchange","CAD","-","CNY"
"2602","NISSHIN OILLIO GROUP LTD","Consumer Staples","Equity","354.77","0.00","354.77","19.00","19.05","Japan","Tokyo Stock Exchange","CAD","-","JPY"
"EA.R","ENERGY ABSOLUTE NON-VOTING DR PCL","Utilities","Equity","354.72","0.00","354.72","2,956.00","0.12","Thailand","Stock Exchange Of Thailand","CAD","-","THB"
"AEGN","AEGEAN AIRLINES","Industrials","Equity","354.59","0.00","354.59","20.00","17.83","Greece","Athens Exchange S.A. Cash Market","CAD","-","EUR"
"601901","FOUNDER SECURITIES LTD A","Financials","Equity","354.40","0.00","354.40","251.00","1.41","China","Shanghai Stock Exchange","CAD","-","CNY"
"SRE","SALHIYA REAL EST","Real Estate","Equity","354.12","0.00","354.12","211.00","1.68","Kuwait","Kuwait Stock Exchange","CAD","-","KWD"
"RPOWER","RELIANCE POWER LTD","Utilities","Equity","353.79","0.00","353.79","1,141.00","0.31","India","National Stock Exchange Of India","CAD","-","INR"
"7552","HAPPINET CORP","Consumer Discretionary","Equity","353.77","0.00","353.77","10.00","36.46","Japan","Tokyo Stock Exchange","CAD","-","JPY"
"TIMETECHNO","TIME TECHNOPLAST LTD","Materials","Equity","353.77","0.00","353.77","139.00","2.54","India","National Stock Exchange Of India","CAD","-","INR"
"5234","DAXIN MATERIALS CORP","Materials","Equity","353.68","0.00","353.68","27.00","12.90","Taiwan","Taiwan Stock Exchange","CAD","-","TWD"
"4180","APPIER GROUP INC","Information Technology","Equity","353.64","0.00","353.64","26.00","13.72","Japan","Tokyo Stock Exchange","CAD","-","JPY"
"688141","JOULWATT TECHNOLOGY LTD A","Information Technology","Equity","353.41","0.00","353.41","15.00","23.47","China","Shanghai Stock Exchange","CAD","-","CNY"
"2597","RUENTEX ENGINEERING & CONSTRUCTION","Industrials","Equity","353.05","0.00","353.05","47.00","7.55","Taiwan","Taiwan Stock Exchange","CAD","-","TWD"
"ADIB","ABU DHABI ISLAMIC BANK EGYPT","Financials","Equity","352.93","0.00","352.93","243.00","1.45","Egypt","Egyptian Exchange","CAD","-","EGP"
"KIRLPNU","KIRLOSKAR PNEUMATIC CO LTD","Industrials","Equity","352.88","0.00","352.88","35.00","10.12","India","National Stock Exchange Of India","CAD","-","INR"
"ECOWLD","ECO WORLD DEVELOPMENT GROUP","Real Estate","Equity","352.81","0.00","352.81","535.00","0.66","Malaysia","Bursa Malaysia","CAD","-","MYR"
"DSCV","DISCOVERIE GROUP","Industrials","Equity","352.58","0.00","352.58","24.00","14.57","United Kingdom","London Stock Exchange","CAD","-","GBP"
"4020","SAUDI REAL ESTATE","Real Estate","Equity","352.56","0.00","352.56","61.00","5.76","Saudi Arabia","Saudi Stock Exchange","CAD","-","SAR"
"600221","HAINAN AIRLINES HOLDING LTD A","Industrials","Equity","351.08","0.00","351.08","1,350.00","0.26","China","Shanghai Stock Exchange","CAD","-","CNY"
"002236","ZHEJIANG DAHUA TECHNOLOGY LTD A","Information Technology","Equity","351.07","0.00","351.07","107.00","3.27","China","Shenzhen Stock Exchange","CAD","-","CNY"
"5469","HANNSTAR BOARD CORP","Information Technology","Equity","351.05","0.00","351.05","110.00","3.20","Taiwan","Taiwan Stock Exchange","CAD","-","TWD"
"RSGN","R&S GROUP HOLDING AG","Industrials","Equity","351.00","0.00","351.00","12.00","29.36","Switzerland","SIX Swiss Exchange","CAD","-","CHF"
"CLP","CLP CASH","Cash and/or Derivatives","Cash","350.92","0.00","350.92","2,339.00","0.15","Chile","-","CAD","-","CLP"
"1SXP","SCHOTT PHARMA AG","Health Care","Equity","350.65","0.00","350.65","9.00","37.27","Germany","Xetra","CAD","-","EUR"
"600029","CHINA SOUTHERN AIRLINES LTD A","Industrials","Equity","350.38","0.00","350.38","347.00","1.01","China","Shanghai Stock Exchange","CAD","-","CNY"
"RYM","RYMAN HEALTHCARE LTD","Health Care","Equity","349.23","0.00","349.23","224.00","1.56","New Zealand","New Zealand Exchange Ltd","CAD","-","NZD"
"CANHLIFE","CANARA HSBC ORIENTAL BANK OF COMME","Financials","Equity","349.19","0.00","349.19","155.00","2.26","India","National Stock Exchange Of India","CAD","-","INR"
"VGI.R","VGI NON-VOTING DR PCL","Communication","Equity","349.11","0.00","349.11","8,728.00","0.04","Thailand","Stock Exchange Of Thailand","CAD","-","THB"
"8818","KEIHANSHIN BUILDING LTD","Real Estate","Equity","348.85","0.00","348.85","34.00","10.17","Japan","Tokyo Stock Exchange","CAD","-","JPY"
"COK","CANCOM","Information Technology","Equity","348.39","0.00","348.39","10.00","35.82","Germany","Xetra","CAD","-","EUR"
"600585","ANHUI CONCH CEMENT A","Materials","Equity","348.22","0.00","348.22","99.00","3.53","China","Shanghai Stock Exchange","CAD","-","CNY"
"3306","JNBY DESIGN LTD","Consumer Discretionary","Equity","347.84","0.00","347.84","90.00","3.88","China","Hong Kong Exchanges And Clearing Ltd","CAD","-","HKD"
"IFCI","IFCI LTD","Financials","Equity","347.84","0.00","347.84","311.00","1.12","India","National Stock Exchange Of India","CAD","-","INR"
"ARPT","AIRPORT CITY LTD","Real Estate","Equity","347.75","0.00","347.75","14.00","24.75","Israel","Tel Aviv Stock Exchange","CAD","-","ILS"
"DOHOL.E","DOGAN SIRKETLER GRUBU HOLDING A","Consumer Discretionary","Equity","347.73","0.00","347.73","580.00","0.60","Turkey","Istanbul Stock Exchange","CAD","-","TRY"
"SOKM.E","SOK MARKETLER TICARET","Consumer Staples","Equity","347.68","0.00","347.68","212.00","1.64","Turkey","Istanbul Stock Exchange","CAD","-","TRY"
"8086","ADVANCED WIRELESS SEMICONDUCTOR","Information Technology","Equity","347.68","0.00","347.68","73.00","4.74","Taiwan","Gretai Securities Market","CAD","-","TWD"
"KEC","KEC INTERNATIONAL LTD","Industrials","Equity","347.52","0.00","347.52","59.00","5.86","India","National Stock Exchange Of India","CAD","-","INR"
"601216","INNER MONGOLIA JUNZHENG ENERGY & C","Materials","Equity","347.40","0.00","347.40","358.00","0.97","China","Shanghai Stock Exchange","CAD","-","CNY"
"SMWH","WH SMITH PLC","Consumer Discretionary","Equity","347.15","0.00","347.15","49.00","7.15","United Kingdom","London Stock Exchange","CAD","-","GBP"
"5192","MITSUBOSHI BELTING LTD","Industrials","Equity","347.11","0.00","347.11","9.00","38.84","Japan","Tokyo Stock Exchange","CAD","-","JPY"
"2328","PAN-INTERNATIONAL INDUSTRIAL CORP","Information Technology","Equity","347.02","0.00","347.02","171.00","2.03","Taiwan","Taiwan Stock Exchange","CAD","-","TWD"
"OPA","OPTASIA LTD","Financials","Equity","346.79","0.00","346.79","277.00","1.25","South Africa","Johannesburg Stock Exchange","CAD","-","ZAR"
"601058","SAILUN GROUP A","Consumer Discretionary","Equity","346.66","0.00","346.66","120.00","2.88","China","Shanghai Stock Exchange","CAD","-","CNY"
"VTL","VARDHMAN TEXTILES LTD","Consumer Discretionary","Equity","346.58","0.00","346.58","42.00","8.18","India","National Stock Exchange Of India","CAD","-","INR"
"ENERY.E","ENERYA ENERJI A.S.","Utilities","Equity","346.57","0.00","346.57","963.00","0.36","Turkey","Istanbul Stock Exchange","CAD","-","TRY"
"192080","DOUBLEU GAMES","Consumer Discretionary","Equity","346.30","0.00","346.30","6.00","59.52","Korea (South)","Korea Exchange (Stock Market)","CAD","-","KRW"
"6315","TOWA","Information Technology","Equity","346.14","0.00","346.14","18.00","18.89","Japan","Tokyo Stock Exchange","CAD","-","JPY"
"RLX","RLX TECHNOLOGY AMERICAN DEPOSITARY","Consumer Staples","Equity","346.12","0.00","346.12","144.00","2.41","China","New York Stock Exchange Inc.","CAD","-","USD"
"4150","ARRIYADH DEVELOPMENT","Real Estate","Equity","346.06","0.00","346.06","56.00","6.15","Saudi Arabia","Saudi Stock Exchange","CAD","-","SAR"
"LABB","GENOMMA LAB INTERNATIONAL","Health Care","Equity","345.81","0.00","345.81","339.00","1.02","Mexico","Bolsa Mexicana De Valores","CAD","-","MXN"
"CHOICEIN","CHOICE INTERNATIONAL LTD","Financials","Equity","345.69","0.00","345.69","32.00","10.76","India","National Stock Exchange Of India","CAD","-","INR"
"6875","MEGACHIPS","Information Technology","Equity","345.48","0.00","345.48","4.00","96.45","Japan","Tokyo Stock Exchange","CAD","-","JPY"
"688019","ANJI MICROELECTRONICS TECHNOLOGY (","Information Technology","Equity","345.27","0.00","345.27","7.00","47.98","China","Shanghai Stock Exchange","CAD","-","CNY"
"LAMDA","LAMDA DEVELOPMENT SA","Real Estate","Equity","345.26","0.00","345.26","34.00","10.16","Greece","Athens Exchange S.A. Cash Market","CAD","-","EUR"
"GMDCLTD","GUJARAT MINERAL DEVELOPMENT CORPOR","Energy","Equity","345.21","0.00","345.21","43.00","8.01","India","National Stock Exchange Of India","CAD","-","INR"
"688187","ZHUZHOU CRRC TIMES ELECTRIC LTD A","Industrials","Equity","344.61","0.00","344.61","37.00","9.37","China","Shanghai Stock Exchange","CAD","-","CNY"
"ZENSARTECH","ZENSAR TECHNOLOGIES LTD","Information Technology","Equity","344.45","0.00","344.45","53.00","6.44","India","National Stock Exchange Of India","CAD","-","INR"
"AP.R","AP THAILAND NON-VOTING DR PCL","Real Estate","Equity","344.36","0.00","344.36","1,013.00","0.34","Thailand","Stock Exchange Of Thailand","CAD","-","THB"
"300782","MAXSCEND MICROELECTRONICS LTD A","Information Technology","Equity","344.15","0.00","344.15","23.00","14.95","China","Shenzhen Stock Exchange","CAD","-","CNY"
"JPG","JOHOR PLANTATIONS GROUP","Consumer Staples","Equity","343.98","0.00","343.98","529.00","0.65","Malaysia","Bursa Malaysia","CAD","-","MYR"
"ISN","INTERSHOP HOLDING N AG","Real Estate","Equity","343.71","0.00","343.71","1.00","271.67","Switzerland","SIX Swiss Exchange","CAD","-","CHF"
"601377","INDUSTRIAL SECURITIES LTD A","Financials","Equity","343.18","0.00","343.18","281.00","1.22","China","Shanghai Stock Exchange","CAD","-","CNY"
"002027","FOCUS MEDIA INFORMATION TECHNOLOGY","Communication","Equity","343.00","0.00","343.00","354.00","0.97","China","Shenzhen Stock Exchange","CAD","-","CNY"
"6177","DA-LI CONSTRUCTION LTD","Real Estate","Equity","342.80","0.00","342.80","164.00","2.09","Taiwan","Taiwan Stock Exchange","CAD","-","TWD"
"300454","SANGFOR TECHNOLOGIES INC A","Information Technology","Equity","342.73","0.00","342.73","12.00","28.68","China","Shenzhen Stock Exchange","CAD","-","CNY"
"ZEHN","ZEHNDER GROUP AG","Industrials","Equity","342.69","0.00","342.69","3.00","120.21","Switzerland","SIX Swiss Exchange","CAD","-","CHF"
"BAATABAK","PHILIP MORRIS","Consumer Staples","Equity","342.62","0.00","342.62","0.00","1,233.98","Czech Republic","Prague Stock Exchange","CAD","-","CZK"
"AKSEN.E","AKSA ENERJI URETIM A","Utilities","Equity","342.57","0.00","342.57","174.00","1.97","Turkey","Istanbul Stock Exchange","CAD","-","TRY"
"AZZA3","AZZAS","Consumer Discretionary","Equity","342.48","0.00","342.48","85.00","4.02","Brazil","XBSP","CAD","-","BRL"
"DAN","DANIELI","Industrials","Equity","342.30","0.00","342.30","4.00","93.02","Italy","Borsa Italiana","CAD","-","EUR"
"300285","SHANDONG SINOCERA FUNCTIONAL MATER","Materials","Equity","342.29","0.00","342.29","25.00","13.79","China","Shenzhen Stock Exchange","CAD","-","CNY"
"330590","LOTTE REIT LTD","Real Estate","Equity","341.99","0.00","341.99","85.00","4.03","Korea (South)","Korea Exchange (Stock Market)","CAD","-","KRW"
"322000","HD HYUNDAI ENERGY SOLUTIONS LTD","Information Technology","Equity","341.62","0.00","341.62","3.00","121.78","Korea (South)","Korea Exchange (Stock Market)","CAD","-","KRW"
"2922","REALORD TECHNOLOGY COMPANY LTD (TE","Industrials","Equity","341.15","0.00","341.15","620.00","0.55","Hong Kong","Hong Kong Exchanges And Clearing Ltd","CAD","-","HKD"
"VOGL","VEDANTA OIL AND GAS LTD","Energy","Equity","341.12","0.00","341.12","669.00","0.51","India","National Stock Exchange Of India","CAD","-","INR"
"214370","CAREGEN LTD","Health Care","Equity","340.31","0.00","340.31","8.00","41.30","Korea (South)","Korea Exchange (Kosdaq)","CAD","-","KRW"
"ANSGR.E","ANADOLU ANONIM TURK SIGORTA SIRKET","Financials","Equity","340.25","0.00","340.25","448.00","0.76","Turkey","Istanbul Stock Exchange","CAD","-","TRY"
"MERS","AL MEERA CONSUMER GOODS COMPANY","Consumer Staples","Equity","340.17","0.00","340.17","67.00","5.11","Qatar","Qatar Exchange","CAD","-","QAR"
"GNFC","GUJARAT NARMADA VALLEY FERTILIZERS","Materials","Equity","340.16","0.00","340.16","40.00","8.53","India","National Stock Exchange Of India","CAD","-","INR"
"BIMB","BANK ISLAM MALAYSIA","Financials","Equity","340.10","0.00","340.10","479.00","0.71","Malaysia","Bursa Malaysia","CAD","-","MYR"
"001979","CHINA MERCHANTS SHEKOU INDUSTRIAL","Real Estate","Equity","340.06","0.00","340.06","245.00","1.39","China","Shenzhen Stock Exchange","CAD","-","CNY"
"1831","MAHARAH HUMAN RESOURCES CO","Industrials","Equity","339.90","0.00","339.90","210.00","1.62","Saudi Arabia","Saudi Stock Exchange","CAD","-","SAR"
"APX","APEX MINING CLASS A INC","Materials","Equity","339.58","0.00","339.58","828.00","0.41","Philippines","Philippine Stock Exchange Inc.","CAD","-","PHP"
"2696","SHANGHAI HENLIUS BIOTECH H","Health Care","Equity","339.42","0.00","339.42","33.00","10.41","China","Hong Kong Exchanges And Clearing Ltd","CAD","-","HKD"
"9985","WEILONG DELICIOUS GLOBAL HOLDINGS","Consumer Staples","Equity","339.37","0.00","339.37","274.00","1.24","China","Hong Kong Exchanges And Clearing Ltd","CAD","-","HKD"
"4291","NATIONAL FOR LEARNING AND EDUCATIO","Consumer Discretionary","Equity","338.72","0.00","338.72","7.00","51.49","Saudi Arabia","Saudi Stock Exchange","CAD","-","SAR"
"9914","MERIDA INDUSTRY","Consumer Discretionary","Equity","338.68","0.00","338.68","114.00","2.97","Taiwan","Taiwan Stock Exchange","CAD","-","TWD"
"2317","SYSTENA CORP","Information Technology","Equity","338.34","0.00","338.34","85.00","3.96","Japan","Tokyo Stock Exchange","CAD","-","JPY"
"PMV","PREMIER INVESTMENTS","Consumer Discretionary","Equity","338.33","0.00","338.33","30.00","11.19","Australia","Asx - All Markets","CAD","-","AUD"
"1434","FORMOSA TAFFETA LTD","Consumer Discretionary","Equity","338.30","0.00","338.30","434.00","0.78","Taiwan","Taiwan Stock Exchange","CAD","-","TWD"
"000617","CNPC CAPITAL LTD A","Financials","Equity","338.09","0.00","338.09","238.00","1.42","China","Shenzhen Stock Exchange","CAD","-","CNY"
"DCRU","DIGITAL CORE REIT UNITS","Real Estate","Equity","338.03","0.00","338.03","505.00","0.67","Singapore","Singapore Exchange","CAD","-","USD"
"036540","SFA SEMICON LTD","Information Technology","Equity","337.19","0.00","337.19","38.00","8.76","Korea (South)","Korea Exchange (Kosdaq)","CAD","-","KRW"
"002595","SHANDONG HIMILE MECHANICAL SCIENCE","Industrials","Equity","337.09","0.00","337.09","42.00","8.09","China","Shenzhen Stock Exchange","CAD","-","CNY"
"DRW3","DRAEGERWERK PREF AG","Health Care","Equity","336.49","0.00","336.49","2.00","184.74","Germany","Xetra","CAD","-","EUR"
"THRL","TARGET HEALTHCARE REIT PLC","Real Estate","Equity","336.09","0.00","336.09","162.00","2.08","United Kingdom","London Stock Exchange","CAD","-","GBP"
"SPACE42","SPACE42 PLC","Communication","Equity","335.73","0.00","335.73","409.00","0.82","United Arab Emirates","Abu Dhabi Securities Exchange","CAD","-","AED"
"462870","SHIFT UP","Communication","Equity","335.25","0.00","335.25","11.00","31.58","Korea (South)","Korea Exchange (Stock Market)","CAD","-","KRW"
"CLEANMAX","CLEAN MAX ENVIRO ENERGY SOLUTIONS","Utilities","Equity","334.79","0.00","334.79","18.00","18.82","India","National Stock Exchange Of India","CAD","-","INR"
"5975","TOPRE CORP","Consumer Discretionary","Equity","334.67","0.00","334.67","11.00","30.62","Japan","Tokyo Stock Exchange","CAD","-","JPY"
"601788","EVERBRIGHT SECURITIES LTD A","Financials","Equity","334.02","0.00","334.02","116.00","2.88","China","Shanghai Stock Exchange","CAD","-","CNY"
"TVO.R","THAI VEGETABLE OIL NON-VOTING DR P","Consumer Staples","Equity","333.94","0.00","333.94","290.00","1.15","Thailand","Stock Exchange Of Thailand","CAD","-","THB"
"8200","SAUDI REINSURANCE","Financials","Equity","333.73","0.00","333.73","31.00","10.73","Saudi Arabia","Saudi Stock Exchange","CAD","-","SAR"
"1361","361 DEGREES INTERNATIONAL LTD","Consumer Discretionary","Equity","333.19","0.00","333.19","427.00","0.78","China","Hong Kong Exchanges And Clearing Ltd","CAD","-","HKD"
"2374","ABILITY ENTERPRISE","Consumer Discretionary","Equity","333.11","0.00","333.11","114.00","2.93","Taiwan","Taiwan Stock Exchange","CAD","-","TWD"
"6640","GALLANT MICRO MACHINING CO LTD","Information Technology","Equity","332.90","0.00","332.90","7.00","49.13","Taiwan","Gretai Securities Market","CAD","-","TWD"
"3296","NIPPON REIT INVESTMENT REIT","Real Estate","Equity","332.38","0.00","332.38","0.00","726.51","Japan","Tokyo Stock Exchange","CAD","-","JPY"
"2211","EVERGREEN STEEL CORP","Materials","Equity","331.43","0.00","331.43","94.00","3.53","Taiwan","Taiwan Stock Exchange","CAD","-","TWD"
"CENTURYPLY","CENTURY PLYBOARDS INDIA LTD","Materials","Equity","331.27","0.00","331.27","32.00","10.48","India","National Stock Exchange Of India","CAD","-","INR"
"688110","DOSILICON LTD A","Information Technology","Equity","330.78","0.00","330.78","14.00","24.10","China","Shanghai Stock Exchange","CAD","-","CNY"
"JMFINANCIL","JM FINANCIAL LTD","Financials","Equity","330.66","0.00","330.66","185.00","1.79","India","National Stock Exchange Of India","CAD","-","INR"
"300136","SHENZHEN SUNWAY COMMUNICATION LTD","Information Technology","Equity","330.48","0.00","330.48","27.00","12.02","China","Shenzhen Stock Exchange","CAD","-","CNY"
"300395","HUBEI FEILIHUA QUARTZ GLASS LTD A","Materials","Equity","329.72","0.00","329.72","16.00","20.01","China","Shenzhen Stock Exchange","CAD","-","CNY"
"8803","HEIWA REAL ESTATE LTD","Real Estate","Equity","329.31","0.00","329.31","15.00","21.45","Japan","Tokyo Stock Exchange","CAD","-","JPY"
"5388","SERCOMM CORP","Information Technology","Equity","329.07","0.00","329.07","102.00","3.24","Taiwan","Taiwan Stock Exchange","CAD","-","TWD"
"001800","ORION HOLDINGS","Consumer Staples","Equity","327.94","0.00","327.94","13.00","24.60","Korea (South)","Korea Exchange (Stock Market)","CAD","-","KRW"
"ARYT","ARYT INDUSTRIES","Industrials","Equity","327.66","0.00","327.66","44.00","7.52","Israel","Tel Aviv Stock Exchange","CAD","-","ILS"
"AAVAS","AAVAS FINANCIERS LTD","Financials","Equity","327.31","0.00","327.31","17.00","18.83","India","National Stock Exchange Of India","CAD","-","INR"
"EMMVEE","EMMVEE PHOTOVOLTAIC POWER LTD","Information Technology","Equity","327.07","0.00","327.07","69.00","4.75","India","National Stock Exchange Of India","CAD","-","INR"
"300751","SUZHOU MAXWELL TECHNOLOGIES LTD A","Information Technology","Equity","326.92","0.00","326.92","8.00","40.78","China","Shenzhen Stock Exchange","CAD","-","CNY"
"031210","SEOUL GUARANTEE INSURANCE","Financials","Equity","326.87","0.00","326.87","8.00","42.82","Korea (South)","Korea Exchange (Stock Market)","CAD","-","KRW"
"3788","HANKING GOLD INTERNATIONAL LTD","Materials","Equity","326.65","0.00","326.65","573.00","0.57","China","Hong Kong Exchanges And Clearing Ltd","CAD","-","HKD"
"IBI","I B I INVESTMENT LTD","Financials","Equity","326.49","0.00","326.49","2.00","210.98","Israel","Tel Aviv Stock Exchange","CAD","-","ILS"
"688172","BEIJING YANDONG MICRO ELECTRONIC L","Information Technology","Equity","326.24","0.00","326.24","35.00","9.32","China","Shanghai Stock Exchange","CAD","-","CNY"
"CAP","CAP","Materials","Equity","326.19","0.00","326.19","41.00","7.87","Chile","Santiago Stock Exchange","CAD","-","CLP"
"RLC","ROBINSONS LAND CORP","Real Estate","Equity","326.02","0.00","326.02","858.00","0.38","Philippines","Philippine Stock Exchange Inc.","CAD","-","PHP"
"AFCONS","AFCONS INFRASTRUCTURE","Industrials","Equity","325.84","0.00","325.84","84.00","3.90","India","National Stock Exchange Of India","CAD","-","INR"
"9715","TRANSCOSMOS INC","Industrials","Equity","325.80","0.00","325.80","10.00","32.96","Japan","Tokyo Stock Exchange","CAD","-","JPY"
"1883","CITIC TELECOM INTL HOLDINGS LTD","Communication","Equity","325.37","0.00","325.37","757.00","0.43","Hong Kong","Hong Kong Exchanges And Clearing Ltd","CAD","-","HKD"
"DOM","DOMINOS PIZZA GROUP PLC","Consumer Discretionary","Equity","325.37","0.00","325.37","84.00","3.89","United Kingdom","London Stock Exchange","CAD","-","GBP"
"6254","NOMURA MICRO SCIENCE LTD","Industrials","Equity","325.12","0.00","325.12","11.00","28.74","Japan","Tokyo Stock Exchange","CAD","-","JPY"
"RHIM","RHI MAGNESITA","Materials","Equity","324.80","0.00","324.80","6.00","52.01","United Kingdom","London Stock Exchange","CAD","-","GBP"
"9958","CENTURY IRON AND STEEL INDUSTRIAL","Materials","Equity","324.48","0.00","324.48","81.00","4.03","Taiwan","Taiwan Stock Exchange","CAD","-","TWD"
"3569","SEIREN LTD","Consumer Discretionary","Equity","324.44","0.00","324.44","11.00","29.50","Japan","Tokyo Stock Exchange","CAD","-","JPY"
"CMRY","CISARUA MOUNTAIN DAIRY","Consumer Staples","Equity","323.78","0.00","323.78","925.00","0.35","Indonesia","Indonesia Stock Exchange","CAD","-","IDR"
"KSB","KSB LTD","Industrials","Equity","323.63","0.00","323.63","29.00","11.34","India","National Stock Exchange Of India","CAD","-","INR"
"AOV","AMOTIV LTD","Consumer Discretionary","Equity","323.17","0.00","323.17","55.00","5.86","Australia","Asx - All Markets","CAD","-","AUD"
"002517","KINGNET NETWORK LTD A","Communication","Equity","323.04","0.00","323.04","94.00","3.45","China","Shenzhen Stock Exchange","CAD","-","CNY"
"LACOMERUBC","LA COMER UBC","Consumer Staples","Equity","322.95","0.00","322.95","123.00","2.62","Mexico","Bolsa Mexicana De Valores","CAD","-","MXN"
"002049","UNIGROUP GUOXIN MICROELECTRONICS L","Information Technology","Equity","322.75","0.00","322.75","26.00","12.46","China","Shenzhen Stock Exchange","CAD","-","CNY"
"PCBL","PCBL CHEMICAL LTD","Materials","Equity","322.49","0.00","322.49","67.00","4.80","India","National Stock Exchange Of India","CAD","-","INR"
"600061","SDIC CAPITAL LTD A","Financials","Equity","322.31","0.00","322.31","250.00","1.29","China","Shanghai Stock Exchange","CAD","-","CNY"
"000157","ZOOMLION HEAVY INDUSTRY SCIENCE AN","Industrials","Equity","322.23","0.00","322.23","252.00","1.28","China","Shenzhen Stock Exchange","CAD","-","CNY"
"MAVI.E","MAVI GIYIM SANAYI VE TICARET","Consumer Discretionary","Equity","322.13","0.00","322.13","298.00","1.08","Turkey","Istanbul Stock Exchange","CAD","-","TRY"
"6736","SUN CORP","Information Technology","Equity","321.68","0.00","321.68","4.00","89.80","Japan","Tokyo Stock Exchange","CAD","-","JPY"
"RYSAS.E","REYSASIMACILIK VE LOJISTIK TICARET","Industrials","Equity","321.20","0.00","321.20","472.00","0.68","Turkey","Istanbul Stock Exchange","CAD","-","TRY"
"KRI","KRI KRI MILK INDUSTRY","Consumer Staples","Equity","321.19","0.00","321.19","6.00","52.37","Greece","Athens Exchange S.A. Cash Market","CAD","-","EUR"
"600741","HUAYU AUTOMOTIVE SYSTEMS LTD A","Consumer Discretionary","Equity","320.71","0.00","320.71","101.00","3.17","China","Shanghai Stock Exchange","CAD","-","CNY"
"4095","NIHON PARKERIZING LTD","Materials","Equity","320.69","0.00","320.69","20.00","16.07","Japan","Tokyo Stock Exchange","CAD","-","JPY"
"7786","DONG FANG OFFSHORE LTD","Industrials","Equity","320.11","0.00","320.11","61.00","5.29","Taiwan","Taiwan Stock Exchange","CAD","-","TWD"
"600196","SHANGHAI FOSUN PHARMACEUTICAL (GRO","Health Care","Equity","320.11","0.00","320.11","71.00","4.54","China","Shanghai Stock Exchange","CAD","-","CNY"
"002074","GOTION HIGH-TECH LTD A","Industrials","Equity","320.08","0.00","320.08","59.00","5.39","China","Shenzhen Stock Exchange","CAD","-","CNY"
"666","REPT BATTERO ENERGY H","Industrials","Equity","319.51","0.00","319.51","197.00","1.62","China","Hong Kong Exchanges And Clearing Ltd","CAD","-","HKD"
"6049","POLY PROPERTY SERVICES LTD H","Real Estate","Equity","319.23","0.00","319.23","67.00","4.78","China","Hong Kong Exchanges And Clearing Ltd","CAD","-","HKD"
"002532","TIANSHAN ALUMINUM GROUP LTD A","Materials","Equity","319.12","0.00","319.12","120.00","2.66","China","Shenzhen Stock Exchange","CAD","-","CNY"
"CLEAN","CLEAN SCIENCE AND TECHNOLOGY","Materials","Equity","318.04","0.00","318.04","26.00","12.07","India","National Stock Exchange Of India","CAD","-","INR"
"347","ANGANG STEEL LTD H","Materials","Equity","317.95","0.00","317.95","1,514.00","0.21","China","Hong Kong Exchanges And Clearing Ltd","CAD","-","HKD"
"TABREED","TABREED","Utilities","Equity","317.95","0.00","317.95","349.00","0.91","United Arab Emirates","Dubai Financial Market","CAD","-","AED"
"THELEELA","LEELA PALACES HOTELS & RESORTS","Consumer Discretionary","Equity","317.95","0.00","317.95","41.00","7.73","India","National Stock Exchange Of India","CAD","-","INR"
"8987","JAPAN EXCELLENT REIT INC","Real Estate","Equity","317.45","0.00","317.45","0.00","1,199.78","Japan","Tokyo Stock Exchange","CAD","-","JPY"
"GMAT3","GRUPO MATEUS","Consumer Staples","Equity","316.98","0.00","316.98","237.00","1.34","Brazil","XBSP","CAD","-","BRL"
"6078","HYGEIA HEALTHCARE HOLDINGS","Health Care","Equity","316.93","0.00","316.93","182.00","1.74","China","Hong Kong Exchanges And Clearing Ltd","CAD","-","HKD"
"AMAGI","AMAGI MEDIA LABS LTD","Communication","Equity","316.86","0.00","316.86","38.00","8.37","India","National Stock Exchange Of India","CAD","-","INR"
"4017","DR SOLIMAN ABDEL KADER FAKEEH HOSP","Health Care","Equity","316.85","0.00","316.85","23.00","13.93","Saudi Arabia","Saudi Stock Exchange","CAD","-","SAR"
"OERL","OC OERLIKON CORPORATION","Industrials","Equity","316.83","0.00","316.83","34.00","9.20","Switzerland","SIX Swiss Exchange","CAD","-","CHF"
"3030","SAUDI CEMENT","Materials","Equity","316.65","0.00","316.65","31.00","10.30","Saudi Arabia","Saudi Stock Exchange","CAD","-","SAR"
"GILLETTE","GILLETTE INDIA LTD","Consumer Staples","Equity","316.57","0.00","316.57","3.00","106.53","India","National Stock Exchange Of India","CAD","-","INR"
"4105","TTY BIOPHARM LTD","Health Care","Equity","316.11","0.00","316.11","92.00","3.45","Taiwan","Gretai Securities Market","CAD","-","TWD"
"FFB","FARM FRESH","Consumer Staples","Equity","315.96","0.00","315.96","472.00","0.67","Malaysia","Bursa Malaysia","CAD","-","MYR"
"ULKER.E","ULKER BISKUVI SANAYI A","Consumer Staples","Equity","315.92","0.00","315.92","123.00","2.57","Turkey","Istanbul Stock Exchange","CAD","-","TRY"
"4019","SPECIALIZED MEDICAL","Health Care","Equity","315.78","0.00","315.78","52.00","6.02","Saudi Arabia","Saudi Stock Exchange","CAD","-","SAR"
"JSG","JOHNSON SERVICE GROUP PLC","Industrials","Equity","315.52","0.00","315.52","123.00","2.56","United Kingdom","London Stock Exchange","CAD","-","GBP"
"CBAV3","COMPANHIA BRASILEIRA DE ALUMINIO","Materials","Equity","315.04","0.00","315.04","104.00","3.04","Brazil","XBSP","CAD","-","BRL"
"JUBLINGREA","JUBILANT INGREVIA LTD","Materials","Equity","315.03","0.00","315.03","34.00","9.23","India","National Stock Exchange Of India","CAD","-","INR"
"LU","LUFAX HLDG AMERICAN DEPOSITARY SHA","Financials","Equity","314.55","0.00","314.55","191.00","1.65","China","New York Stock Exchange Inc.","CAD","-","USD"
"AADHARHFC","AADHAR HOUSING FINANCE LTD","Financials","Equity","314.54","0.00","314.54","46.00","6.84","India","National Stock Exchange Of India","CAD","-","INR"
"6340","SHIBUYA KOGYO CORP","Industrials","Equity","314.21","0.00","314.21","6.00","48.94","Japan","Tokyo Stock Exchange","CAD","-","JPY"
"005440","HYUNDAI G F HOLDINGS LTD","Industrials","Equity","314.03","0.00","314.03","24.00","13.23","Korea (South)","Korea Exchange (Stock Market)","CAD","-","KRW"
"007810","KOREA CIRCUIT LTD","Information Technology","Equity","313.53","0.00","313.53","6.00","52.54","Korea (South)","Korea Exchange (Stock Market)","CAD","-","KRW"
"SAWAD.R","SRISAWAD CORPORATION PCL NON-VOTIN","Financials","Equity","313.46","0.00","313.46","327.00","0.96","Thailand","Stock Exchange Of Thailand","CAD","-","THB"
"2081","ALKHORAYEF WATER & POWER TECHNOLOG","Utilities","Equity","313.38","0.00","313.38","9.00","34.76","Saudi Arabia","Saudi Stock Exchange","CAD","-","SAR"
"MI","MI TECHNOVATION","Information Technology","Equity","313.16","0.00","313.16","164.00","1.91","Malaysia","Bursa Malaysia","CAD","-","MYR"
"MEZZAN","MEZZAN HOLDING CO","Consumer Staples","Equity","312.54","0.00","312.54","59.00","5.26","Kuwait","Kuwait Stock Exchange","CAD","-","KWD"
"TSFINV","TSF INVESTMENTS LTD","Consumer Discretionary","Equity","312.54","0.00","312.54","48.00","6.50","India","National Stock Exchange Of India","CAD","-","INR"
"5439","FIRST HI-TEC ENTERPRISE LTD","Information Technology","Equity","312.33","0.00","312.33","30.00","10.46","Taiwan","Gretai Securities Market","CAD","-","TWD"
"6993","BLUE MOON GROUP HOLDINGS LTD","Consumer Staples","Equity","312.08","0.00","312.08","473.00","0.66","China","Hong Kong Exchanges And Clearing Ltd","CAD","-","HKD"
"000120","CJ LOGISTICS","Industrials","Equity","311.55","0.00","311.55","4.00","72.08","Korea (South)","Korea Exchange (Stock Market)","CAD","-","KRW"
"2233","WEST CHINA CEMENT LTD","Materials","Equity","311.46","0.00","311.46","973.00","0.32","China","Hong Kong Exchanges And Clearing Ltd","CAD","-","HKD"
"VISL","VEDANTA IRON AND STEEL","Materials","Equity","311.33","0.00","311.33","677.00","0.46","India","National Stock Exchange Of India","CAD","-","INR"
"2897","O-BANK","Financials","Equity","311.21","0.00","311.21","635.00","0.49","Taiwan","Taiwan Stock Exchange","CAD","-","TWD"
"601618","METALLURGICAL CORP OF CHINA LTD A","Industrials","Equity","311.12","0.00","311.12","598.00","0.52","China","Shanghai Stock Exchange","CAD","-","CNY"
"IIFLCAPS","IIFL CAPITAL SERVICES LTD","Financials","Equity","310.82","0.00","310.82","63.00","4.91","India","National Stock Exchange Of India","CAD","-","INR"
"SIMH3","SIMPAR","Industrials","Equity","310.57","0.00","310.57","155.00","2.01","Brazil","XBSP","CAD","-","BRL"
"420770","GIGAVIS LTD","Information Technology","Equity","310.46","0.00","310.46","3.00","101.23","Korea (South)","Korea Exchange (Kosdaq)","CAD","-","KRW"
"EVT","EVOTEC","Health Care","Equity","310.46","0.00","310.46","67.00","4.63","Germany","Xetra","CAD","-","EUR"
"HUF","HUF CASH","Cash and/or Derivatives","Cash","310.36","0.00","310.36","705.00","0.44","Hungary","-","CAD","-","HUF"
"600027","HUADIAN POWER INTERNATIONAL CORP L","Utilities","Equity","310.11","0.00","310.11","310.00","1.00","China","Shanghai Stock Exchange","CAD","-","CNY"
"8131","FORMOSA ADVANCED TECHNOLOGIES LTD","Information Technology","Equity","309.51","0.00","309.51","120.00","2.59","Taiwan","Taiwan Stock Exchange","CAD","-","TWD"
"3983","CHINA BLUECHEMICAL LTD H","Materials","Equity","309.42","0.00","309.42","910.00","0.34","China","Hong Kong Exchanges And Clearing Ltd","CAD","-","HKD"
"FIBRAMQ12","MACQUARIE MEXICO REAL ESTATE MANAG","Real Estate","Equity","309.11","0.00","309.11","87.00","3.54","Mexico","Bolsa Mexicana De Valores","CAD","-","MXN"
"BRSAN.E","BORUSAN MANNESMANN BORU SANAYI VE","Materials","Equity","308.61","0.00","308.61","16.00","19.14","Turkey","Istanbul Stock Exchange","CAD","-","TRY"
"570","CHINA TRADITIONAL CHI MEDICINE CO","Health Care","Equity","308.34","0.00","308.34","1,402.00","0.22","China","Hong Kong Exchanges And Clearing Ltd","CAD","-","HKD"
"002601","LB GROUP LTD A","Materials","Equity","308.12","0.00","308.12","98.00","3.14","China","Shenzhen Stock Exchange","CAD","-","CNY"
"BOS","BANK OF SHARJAH","Financials","Equity","307.49","0.00","307.49","439.00","0.70","United Arab Emirates","Abu Dhabi Securities Exchange","CAD","-","AED"
"MAHLIFE","MAHINDRA LIFESPACE DEVELOPERS LTD","Real Estate","Equity","307.23","0.00","307.23","58.00","5.30","India","National Stock Exchange Of India","CAD","-","INR"
"EVT","EVT LTD","Communication","Equity","306.79","0.00","306.79","23.00","13.22","Australia","Asx - All Markets","CAD","-","AUD"
"INDGN","INDEGENE LTD","Health Care","Equity","306.31","0.00","306.31","35.00","8.63","India","National Stock Exchange Of India","CAD","-","INR"
"7040","ETIHAD ATHEEB TELECOMMUNICATION","Communication","Equity","306.14","0.00","306.14","10.00","31.31","Saudi Arabia","Saudi Stock Exchange","CAD","-","SAR"
"HMC","HMC CAPITAL","Financials","Equity","305.25","0.00","305.25","93.00","3.29","Australia","Asx - All Markets","CAD","-","AUD"
"SMR","STANMORE RESOURCES","Materials","Equity","305.14","0.00","305.14","110.00","2.77","Australia","Asx - All Markets","CAD","-","AUD"
"002850","SHENZHEN KEDALI INDUSTRY A","Consumer Discretionary","Equity","305.12","0.00","305.12","9.00","35.12","China","Shenzhen Stock Exchange","CAD","-","CNY"
"548","SHENZHEN EXPRESSWAY CORP LTD H","Industrials","Equity","304.97","0.00","304.97","256.00","1.19","China","Hong Kong Exchanges And Clearing Ltd","CAD","-","HKD"
"2492","INFOMART CORP","Industrials","Equity","304.86","0.00","304.86","47.00","6.47","Japan","Tokyo Stock Exchange","CAD","-","JPY"
"JSWHL","JSW HOLDINGS LTD","Financials","Equity","304.84","0.00","304.84","2.00","162.49","India","National Stock Exchange Of India","CAD","-","INR"
"DTC","DUBAI TAXI COMPANY PJSC","Industrials","Equity","304.77","0.00","304.77","367.00","0.83","United Arab Emirates","Dubai Financial Market","CAD","-","AED"
"SJVN","SJVN LTD","Utilities","Equity","304.65","0.00","304.65","324.00","0.94","India","National Stock Exchange Of India","CAD","-","INR"
"2648","ANJOY FOODS GROUP LTD CLASS H","Consumer Staples","Equity","304.59","0.00","304.59","28.00","10.75","China","Hong Kong Exchanges And Clearing Ltd","CAD","-","HKD"
"SKAN","SKAN N AG","Health Care","Equity","303.72","0.00","303.72","3.00","108.50","Switzerland","SIX Swiss Exchange","CAD","-","CHF"
"VEDPOWER","VEDANTA POWER","Utilities","Equity","303.58","0.00","303.58","675.00","0.45","India","National Stock Exchange Of India","CAD","-","INR"
"MAHSING","MAH SING GROUP","Real Estate","Equity","303.43","0.00","303.43","867.00","0.35","Malaysia","Bursa Malaysia","CAD","-","MYR"
"HCC","HINDUSTAN CONSTRUCTION COMPANY LTD","Industrials","Equity","303.18","0.00","303.18","978.00","0.31","India","National Stock Exchange Of India","CAD","-","INR"
"S59","SIA ENGINEERING LTD","Industrials","Equity","302.92","0.00","302.92","89.00","3.42","Singapore","Singapore Exchange","CAD","-","SGD"
"ALM","ALMIRALL","Health Care","Equity","302.87","0.00","302.87","18.00","17.03","Spain","Bolsa De Madrid","CAD","-","EUR"
"OSP.R","OSOTSPA PCL NON-VOTING DR","Consumer Staples","Equity","302.55","0.00","302.55","445.00","0.68","Thailand","Stock Exchange Of Thailand","CAD","-","THB"
"FORN","FORBO HOLDING AG","Industrials","Equity","302.19","0.00","302.19","0.00","1,611.31","Switzerland","SIX Swiss Exchange","CAD","-","CHF"
"IAM","INVERSIONES AGUAS METROPOLITANAS S","Utilities","Equity","301.98","0.00","301.98","216.00","1.40","Chile","Santiago Stock Exchange","CAD","-","CLP"
"TABGD.E","TAB GIDA SANAYI VE TICARET AS","Consumer Discretionary","Equity","301.57","0.00","301.57","45.00","6.65","Turkey","Istanbul Stock Exchange","CAD","-","TRY"
"BTS.R","BTS GROUP HOLDINGS NON-VOTING DR","Industrials","Equity","301.53","0.00","301.53","3,769.00","0.08","Thailand","Stock Exchange Of Thailand","CAD","-","THB"
"7564","WORKMAN LTD","Consumer Discretionary","Equity","301.52","0.00","301.52","6.00","48.13","Japan","Tokyo Stock Exchange","CAD","-","JPY"
"688036","SHENZHEN TRANSSION HOLDINGS A","Information Technology","Equity","301.51","0.00","301.51","28.00","10.91","China","Shanghai Stock Exchange","CAD","-","CNY"
"2245","LYGEND RESOURCES & TECHNOLOGY CLS","Materials","Equity","301.20","0.00","301.20","102.00","2.94","China","Hong Kong Exchanges And Clearing Ltd","CAD","-","HKD"
"006040","DONGWON INDUSTRIES LTD","Consumer Staples","Equity","300.64","0.00","300.64","8.00","36.65","Korea (South)","Korea Exchange (Stock Market)","CAD","-","KRW"
"MINDACORP","MINDA CORPORATION LTD","Consumer Discretionary","Equity","300.61","0.00","300.61","30.00","9.93","India","National Stock Exchange Of India","CAD","-","INR"
"601231","UNIVERSAL SCIENTIFIC INDUSTRIAL (S","Information Technology","Equity","299.83","0.00","299.83","54.00","5.51","China","Shanghai Stock Exchange","CAD","-","CNY"
"ANURAS","ANUPAM RASAYAN INDIA LTD","Materials","Equity","299.56","0.00","299.56","17.00","17.22","India","National Stock Exchange Of India","CAD","-","INR"
"2273","GUSHENGTANG HOLDINGS","Health Care","Equity","299.46","0.00","299.46","62.00","4.82","China","Hong Kong Exchanges And Clearing Ltd","CAD","-","HKD"
"OLECTRA","OLECTRA GREENTECH LTD","Industrials","Equity","299.19","0.00","299.19","17.00","17.29","India","National Stock Exchange Of India","CAD","-","INR"
"4340","AL RAJHI REIT UNITS","Real Estate","Equity","299.16","0.00","299.16","104.00","2.87","Saudi Arabia","Saudi Stock Exchange","CAD","-","SAR"
"GEN","GENUIT GROUP PLC","Industrials","Equity","298.02","0.00","298.02","60.00","4.93","United Kingdom","London Stock Exchange","CAD","-","GBP"
"KIRLOSBROS","KIRLOSKAR BROTHERS","Industrials","Equity","297.64","0.00","297.64","12.00","25.82","India","National Stock Exchange Of India","CAD","-","INR"
"DXCO3","DEXCO SA","Materials","Equity","297.63","0.00","297.63","197.00","1.51","Brazil","XBSP","CAD","-","BRL"
"ALEC","ALEC HOLDINGS","Industrials","Equity","297.40","0.00","297.40","595.00","0.50","United Arab Emirates","Dubai Financial Market","CAD","-","AED"
"WPR","WAYPOINT REIT STAPLED UNIT LTD","Real Estate","Equity","297.20","0.00","297.20","134.00","2.22","Australia","Asx - All Markets","CAD","-","AUD"
"6069","SY HOLDINGS GROUP LTD","Financials","Equity","296.86","0.00","296.86","280.00","1.06","China","Hong Kong Exchanges And Clearing Ltd","CAD","-","HKD"
"345","VITASOY INTERNATIONAL HOLDINGS","Consumer Staples","Equity","296.60","0.00","296.60","256.00","1.16","Hong Kong","Hong Kong Exchanges And Clearing Ltd","CAD","-","HKD"
"301358","HUNAN YUNENG NEW ENERGY BATTERY MA","Industrials","Equity","296.43","0.00","296.43","27.00","11.09","China","Shenzhen Stock Exchange","CAD","-","CNY"
"173","K WAH INTERNATIONAL HOLDINGS LTD","Real Estate","Equity","296.32","0.00","296.32","823.00","0.36","China","Hong Kong Exchanges And Clearing Ltd","CAD","-","HKD"
"CARLSBG","CARLSBERG BREWERY MALAYSIA","Consumer Staples","Equity","295.61","0.00","295.61","68.00","4.35","Malaysia","Bursa Malaysia","CAD","-","MYR"
"5482","AICHI STEEL CORP","Materials","Equity","295.11","0.00","295.11","10.00","29.41","Japan","Tokyo Stock Exchange","CAD","-","JPY"
"ZETRIX","ZETRIX AI","Industrials","Equity","294.82","0.00","294.82","3,685.00","0.08","Malaysia","Bursa Malaysia","CAD","-","MYR"
"TEP","TELECOM PLUS PLC","Utilities","Equity","294.49","0.00","294.49","19.00","15.52","United Kingdom","London Stock Exchange","CAD","-","GBP"
"RGYAS.E","RONESANS GAYRIMENKUL YATIRIM AS","Real Estate","Equity","294.39","0.00","294.39","54.00","5.50","Turkey","Istanbul Stock Exchange","CAD","-","TRY"
"TENNIND","TENNECO CLEAN AIR INDIA LTD","Consumer Discretionary","Equity","293.65","0.00","293.65","39.00","7.49","India","National Stock Exchange Of India","CAD","-","INR"
"000625","CHONGQING CHANGAN AUTOMOBILE LTD A","Consumer Discretionary","Equity","293.02","0.00","293.02","197.00","1.49","China","Shenzhen Stock Exchange","CAD","-","CNY"
"IRCON","IRCON INTERNATIONAL LTD","Industrials","Equity","292.59","0.00","292.59","186.00","1.57","India","National Stock Exchange Of India","CAD","-","INR"
"5423","TOKYO STEEL MANUFACTURING LTD","Materials","Equity","292.39","0.00","292.39","18.00","16.14","Japan","Tokyo Stock Exchange","CAD","-","JPY"
"BAM.R","BANGKOK COMMERCIAL ASSET MANAGEMEN","Financials","Equity","292.20","0.00","292.20","1,044.00","0.28","Thailand","Stock Exchange Of Thailand","CAD","-","THB"
"123","YUEXIU PROPERTY COMPANY","Real Estate","Equity","292.06","0.00","292.06","531.00","0.55","China","Hong Kong Exchanges And Clearing Ltd","CAD","-","HKD"
"SENS","SENSIRION HOLDING AG","Information Technology","Equity","291.60","0.00","291.60","2.00","130.74","Switzerland","SIX Swiss Exchange","CAD","-","CHF"
"4165","AL MAJED OUD CO","Consumer Staples","Equity","291.58","0.00","291.58","7.00","44.57","Saudi Arabia","Saudi Stock Exchange","CAD","-","SAR"
"002966","BANK OF SUZHOU LTD A","Financials","Equity","291.57","0.00","291.57","155.00","1.88","China","Shenzhen Stock Exchange","CAD","-","CNY"
"8454","MOMO COM","Consumer Discretionary","Equity","290.82","0.00","290.82","27.00","10.92","Taiwan","Taiwan Stock Exchange","CAD","-","TWD"
"297","SINOFERT HOLDINGS LTD","Materials","Equity","289.34","0.00","289.34","1,258.00","0.23","China","Hong Kong Exchanges And Clearing Ltd","CAD","-","HKD"
"ALTR","ALTRI SGPS","Materials","Equity","289.08","0.00","289.08","38.00","7.59","Portugal","Nyse Euronext - Euronext Lisbon","CAD","-","EUR"
"300390","CANMAX TECHNOLOGIES LTD A","Materials","Equity","288.96","0.00","288.96","26.00","10.99","China","Shenzhen Stock Exchange","CAD","-","CNY"
"688548","GUANGZHOU GUANGGANG GASES & ENERGY","Materials","Equity","288.94","0.00","288.94","46.00","6.33","China","Shanghai Stock Exchange","CAD","-","CNY"
"2285","CHERVON HOLDINGS LTD","Consumer Discretionary","Equity","288.88","0.00","288.88","63.00","4.56","China","Hong Kong Exchanges And Clearing Ltd","CAD","-","HKD"
"506","CHINA FOODS LTD","Consumer Staples","Equity","288.61","0.00","288.61","437.00","0.66","China","Hong Kong Exchanges And Clearing Ltd","CAD","-","HKD"
"N91","NINETY ONE PLC","Financials","Equity","287.39","0.00","287.39","72.00","3.98","United Kingdom","London Stock Exchange","CAD","-","GBP"
"300832","SHENZHEN NEW INDUSTRIES BIOMEDICAL","Health Care","Equity","287.23","0.00","287.23","28.00","10.24","China","Shenzhen Stock Exchange","CAD","-","CNY"
"WKP","WORKSPACE GROUP REIT PLC","Real Estate","Equity","287.04","0.00","287.04","42.00","6.79","United Kingdom","London Stock Exchange","CAD","-","GBP"
"NORBT","NORBIT","Information Technology","Equity","287.04","0.00","287.04","12.00","24.13","Norway","Oslo Bors Asa","CAD","-","NOK"
"751","SKYWORTH GROUP LTD","Consumer Discretionary","Equity","286.79","0.00","286.79","416.00","0.69","China","Hong Kong Exchanges And Clearing Ltd","CAD","-","HKD"
"CK.R","CH KARNCHANG NON-VOTING DR PCL","Industrials","Equity","286.63","0.00","286.63","382.00","0.75","Thailand","Stock Exchange Of Thailand","CAD","-","THB"
"2460","CHINA RESOURCES BEVERAGE HOLDINGS","Consumer Staples","Equity","285.95","0.00","285.95","223.00","1.28","China","Hong Kong Exchanges And Clearing Ltd","CAD","-","HKD"
"000963","HUADONG MEDICINE A","Health Care","Equity","285.78","0.00","285.78","52.00","5.45","China","Shenzhen Stock Exchange","CAD","-","CNY"
"ALTA","ALTAREA","Real Estate","Equity","285.44","0.00","285.44","2.00","138.00","France","Nyse Euronext - Euronext Paris","CAD","-","EUR"
"3186","NEXTAGE LTD","Consumer Discretionary","Equity","284.85","0.00","284.85","11.00","26.20","Japan","Tokyo Stock Exchange","CAD","-","JPY"
"BIRLACORPN","BIRLA LTD","Materials","Equity","284.58","0.00","284.58","24.00","11.83","India","National Stock Exchange Of India","CAD","-","INR"
"HEXTAR","HEXTAR GLOBAL","Materials","Equity","284.42","0.00","284.42","1,053.00","0.27","Malaysia","Bursa Malaysia","CAD","-","MYR"
"IVSO","INVISIO","Industrials","Equity","284.33","0.00","284.33","8.00","33.74","Sweden","Nasdaq Omx Nordic","CAD","-","SEK"
"ITP","INTERPARFUMS SA","Consumer Staples","Equity","284.18","0.00","284.18","6.00","46.97","France","Nyse Euronext - Euronext Paris","CAD","-","EUR"
"PXA","PEXA GROUP LTD","Real Estate","Equity","283.56","0.00","283.56","41.00","6.84","Australia","Asx - All Markets","CAD","-","AUD"
"TOWR","SARANA MENARA NUSANTARA","Communication","Equity","283.46","0.00","283.46","9,449.00","0.03","Indonesia","Indonesia Stock Exchange","CAD","-","IDR"
"THYROCARE","THYROCARE TECHNOLOGIES","Health Care","Equity","282.46","0.00","282.46","35.00","8.15","India","National Stock Exchange Of India","CAD","-","INR"
"990","DEEP SOURCE HOLDINGS","Industrials","Equity","281.40","0.00","281.40","2,814.00","0.10","Hong Kong","Hong Kong Exchanges And Clearing Ltd","CAD","-","HKD"
"EMBDL","EMBASSY DEVELOPMENTS LTD","Real Estate","Equity","281.29","0.00","281.29","352.00","0.80","India","National Stock Exchange Of India","CAD","-","INR"
"MGLU3","MAGAZINE LUIZA SA","Consumer Discretionary","Equity","280.87","0.00","280.87","179.00","1.57","Brazil","XBSP","CAD","-","BRL"
"TRIDENT","TRIDENT LTD","Consumer Discretionary","Equity","280.64","0.00","280.64","825.00","0.34","India","National Stock Exchange Of India","CAD","-","INR"
"CNH","CNH CASH","Cash and/or Derivatives","Cash","280.61","0.00","280.61","13.00","20.86","China","-","CAD","-","CNH"
"688331","REMEGEN A","Health Care","Equity","280.29","0.00","280.29","12.00","23.81","China","Shanghai Stock Exchange","CAD","-","CNY"
"CVKMD.E","CVK MADEN ISLETMELERI SANAYI VE TI","Materials","Equity","279.85","0.00","279.85","683.00","0.41","Turkey","Istanbul Stock Exchange","CAD","-","TRY"
"1798","CHINA DATANG CORPORATION RENEWABLE","Utilities","Equity","279.70","0.00","279.70","1,554.00","0.18","China","Hong Kong Exchanges And Clearing Ltd","CAD","-","HKD"
"002812","YUNNAN ENERGY NEW MATERIAL (GROUP)","Materials","Equity","279.28","0.00","279.28","28.00","9.99","China","Shenzhen Stock Exchange","CAD","-","CNY"
"4050","SAUDI AUTOMOTIVE SERVICES","Consumer Discretionary","Equity","279.19","0.00","279.19","17.00","16.01","Saudi Arabia","Saudi Stock Exchange","CAD","-","SAR"
"600845","SHANGHAI BAOSIGHT SOFTWARE LTD A","Information Technology","Equity","279.09","0.00","279.09","80.00","3.50","China","Shanghai Stock Exchange","CAD","-","CNY"
"ELCO","ELCO LTD","Industrials","Equity","278.48","0.00","278.48","5.00","56.03","Israel","Tel Aviv Stock Exchange","CAD","-","ILS"
"4559","ZERIA PHARMACEUTICAL LTD","Health Care","Equity","278.16","0.00","278.16","15.00","18.25","Japan","Tokyo Stock Exchange","CAD","-","JPY"
"MATRIX","MATRIX CONCEPTS HOLDINGS","Real Estate","Equity","277.93","0.00","277.93","713.00","0.39","Malaysia","Bursa Malaysia","CAD","-","MYR"
"ACE","ACTION CONSTRUCTION EQUIPMENT LTD","Industrials","Equity","277.44","0.00","277.44","16.00","17.58","India","National Stock Exchange Of India","CAD","-","INR"
"CTT","CTT CORREIOS DE PORTUGAL","Industrials","Equity","277.26","0.00","277.26","27.00","10.33","Portugal","Nyse Euronext - Euronext Lisbon","CAD","-","EUR"
"3191","JOYFUL HONDA","Consumer Discretionary","Equity","277.20","0.00","277.20","14.00","20.48","Japan","Tokyo Stock Exchange","CAD","-","JPY"
"4023","KUREHA CORP","Materials","Equity","276.13","0.00","276.13","7.00","37.94","Japan","Tokyo Stock Exchange","CAD","-","JPY"
"AUB","AUBAY SA","Information Technology","Equity","276.05","0.00","276.05","3.00","79.28","France","Nyse Euronext - Euronext Paris","CAD","-","EUR"
"2820","CHINA BILLS FINANCE CORP","Financials","Equity","275.93","0.00","275.93","358.00","0.77","Taiwan","Taiwan Stock Exchange","CAD","-","TWD"
"2556","MARKETINGFORCE MANAGEMENT LTD","Information Technology","Equity","275.88","0.00","275.88","30.00","9.07","China","Hong Kong Exchanges And Clearing Ltd","CAD","-","HKD"
"JSWCEMENT","JSW CEMENT LTD","Materials","Equity","275.77","0.00","275.77","162.00","1.70","India","National Stock Exchange Of India","CAD","-","INR"
"688387","CICT MOBILE COMMUNICATION TECHNOLO","Information Technology","Equity","275.71","0.00","275.71","108.00","2.55","China","Shanghai Stock Exchange","CAD","-","CNY"
"300058","BLUEFOCUS INTELLIGENT COMMUNICATIO","Communication","Equity","275.13","0.00","275.13","102.00","2.69","China","Shenzhen Stock Exchange","CAD","-","CNY"
"BSLN","BASILEA PHARMACEUTICA","Health Care","Equity","274.60","0.00","274.60","2.00","117.16","Switzerland","SIX Swiss Exchange","CAD","-","CHF"
"NORION","NORION BANK","Financials","Equity","274.56","0.00","274.56","28.00","9.79","Sweden","Nasdaq Omx Nordic","CAD","-","SEK"
"002304","JIANGSU YANGHE BREWERY JOINT-STOCK","Consumer Staples","Equity","274.39","0.00","274.39","35.00","7.92","China","Shenzhen Stock Exchange","CAD","-","CNY"
"2520","KINDOM CONSTRUCTION LTD","Real Estate","Equity","274.26","0.00","274.26","167.00","1.64","Taiwan","Taiwan Stock Exchange","CAD","-","TWD"
"2128","CHINA LESSO GROUP HOLDINGS LTD","Industrials","Equity","273.95","0.00","273.95","498.00","0.55","China","Hong Kong Exchanges And Clearing Ltd","CAD","-","HKD"
"ACAD","ACADEMEDIA","Consumer Discretionary","Equity","273.66","0.00","273.66","19.00","14.48","Sweden","Nasdaq Omx Nordic","CAD","-","SEK"
"2903","FAR EASTERN DEPARTMENT STORES LTD","Consumer Discretionary","Equity","273.60","0.00","273.60","282.00","0.97","Taiwan","Taiwan Stock Exchange","CAD","-","TWD"
"UDCD","UNITED DEVELOPMENT","Real Estate","Equity","273.38","0.00","273.38","943.00","0.29","Qatar","Qatar Exchange","CAD","-","QAR"
"855","CHINA WATER AFFAIRS GROUP LTD","Utilities","Equity","273.02","0.00","273.02","364.00","0.75","China","Hong Kong Exchanges And Clearing Ltd","CAD","-","HKD"
"688047","LOONGSON TECHNOLOGY CORP LTD A","Information Technology","Equity","272.49","0.00","272.49","13.00","20.84","China","Shanghai Stock Exchange","CAD","-","CNY"
"8415","BRIGHTON-BEST INTERNATION (TAIWAN)","Industrials","Equity","272.27","0.00","272.27","178.00","1.53","Taiwan","Gretai Securities Market","CAD","-","TWD"
"4007","AL HAMMADI HOLDING","Health Care","Equity","272.22","0.00","272.22","32.00","8.50","Saudi Arabia","Saudi Stock Exchange","CAD","-","SAR"
"6366","CHIYODA CORPORATION","Industrials","Equity","272.00","0.00","272.00","43.00","6.27","Japan","Tokyo Stock Exchange","CAD","-","JPY"
"UTIAMC","UTI ASSET MANAGEM LTD","Financials","Equity","272.00","0.00","272.00","21.00","13.10","India","National Stock Exchange Of India","CAD","-","INR"
"PWON","PAKUWON JATI","Real Estate","Equity","271.42","0.00","271.42","13,571.00","0.02","Indonesia","Indonesia Stock Exchange","CAD","-","IDR"
"688223","JINKO SOLAR LTD A","Information Technology","Equity","271.20","0.00","271.20","348.00","0.78","China","Shanghai Stock Exchange","CAD","-","CNY"
"069620","DAEWOONG PHARMACEUTICAL","Health Care","Equity","269.76","0.00","269.76","2.00","112.67","Korea (South)","Korea Exchange (Stock Market)","CAD","-","KRW"
"TANLA","TANLA PLATFORMS LTD","Information Technology","Equity","269.45","0.00","269.45","37.00","7.22","India","National Stock Exchange Of India","CAD","-","INR"
"2040","SAUDI CERAMIC","Industrials","Equity","269.27","0.00","269.27","31.00","8.77","Saudi Arabia","Saudi Stock Exchange","CAD","-","SAR"
"KSL","KSL HOLDINGS","Real Estate","Equity","268.20","0.00","268.20","295.00","0.91","Malaysia","Bursa Malaysia","CAD","-","MYR"
"012630","HDC HOLDINGS LTD","Industrials","Equity","268.11","0.00","268.11","10.00","27.28","Korea (South)","Korea Exchange (Stock Market)","CAD","-","KRW"
"002920","HUIZHOU DESAY SV AUTOMOTIVE LTD A","Consumer Discretionary","Equity","267.62","0.00","267.62","15.00","17.61","China","Shenzhen Stock Exchange","CAD","-","CNY"
"SES","SESA","Information Technology","Equity","267.43","0.00","267.43","2.00","158.40","Italy","Borsa Italiana","CAD","-","EUR"
"688122","WESTERN SUPERCONDUCTING TECHNOLOGI","Materials","Equity","267.37","0.00","267.37","26.00","10.31","China","Shanghai Stock Exchange","CAD","-","CNY"
"FINEORG","FINE ORGANIC INDUSTRIES LTD","Materials","Equity","267.31","0.00","267.31","4.00","75.84","India","National Stock Exchange Of India","CAD","-","INR"
"ASHG","ASHTROM GROUP","Industrials","Equity","267.23","0.00","267.23","10.00","26.27","Israel","Tel Aviv Stock Exchange","CAD","-","ILS"
"9832","AUTOBACS SEVEN LTD","Consumer Discretionary","Equity","267.18","0.00","267.18","18.00","14.64","Japan","Tokyo Stock Exchange","CAD","-","JPY"
"4975","JCU CORP","Materials","Equity","267.09","0.00","267.09","5.00","51.46","Japan","Tokyo Stock Exchange","CAD","-","JPY"
"PGHL","PROCTER & GAMBLE HEALTH LTD","Health Care","Equity","267.01","0.00","267.01","3.00","79.23","India","National Stock Exchange Of India","CAD","-","INR"
"002653","HAISCO PHARMACEUTICAL GROUP A","Health Care","Equity","266.59","0.00","266.59","20.00","13.01","China","Shenzhen Stock Exchange","CAD","-","CNY"
"6379","RAIZNEXT CORP","Industrials","Equity","266.19","0.00","266.19","9.00","28.24","Japan","Tokyo Stock Exchange","CAD","-","JPY"
"601212","BAIYIN NONFERROUS GROUP LTD A","Materials","Equity","266.05","0.00","266.05","211.00","1.26","China","Shanghai Stock Exchange","CAD","-","CNY"
"1083","TOWNGAS SMART ENERGY LTD","Utilities","Equity","265.99","0.00","265.99","522.00","0.51","China","Hong Kong Exchanges And Clearing Ltd","CAD","-","HKD"
"8214","AOKI HOLDINGS INC","Consumer Discretionary","Equity","265.27","0.00","265.27","17.00","15.58","Japan","Tokyo Stock Exchange","CAD","-","JPY"
"CHRT","COHORT PLC","Industrials","Equity","264.71","0.00","264.71","12.00","22.49","United Kingdom","London Stock Exchange","CAD","-","GBP"
"4045","TOAGOSEI LTD","Materials","Equity","264.71","0.00","264.71","16.00","16.48","Japan","Tokyo Stock Exchange","CAD","-","JPY"
"6664","GROUP UP INDUSTRIAL","Industrials","Equity","264.28","0.00","264.28","18.00","14.56","Taiwan","Gretai Securities Market","CAD","-","TWD"
"2507","CIRRUS AIRCRAFT LTD","Industrials","Equity","263.82","0.00","263.82","34.00","7.74","China","Hong Kong Exchanges And Clearing Ltd","CAD","-","HKD"
"301236","ISOFTSTONE INFORMATION TECHNOLOGY","Information Technology","Equity","263.65","0.00","263.65","35.00","7.61","China","Shenzhen Stock Exchange","CAD","-","CNY"
"CERA","CERA SANITARYWARE LTD","Industrials","Equity","262.79","0.00","262.79","3.00","81.52","India","National Stock Exchange Of India","CAD","-","INR"
"SDR","SITEMINDER LTD","Information Technology","Equity","262.32","0.00","262.32","96.00","2.74","Australia","Asx - All Markets","CAD","-","AUD"
"GISS","GULF INTERNATIONAL SERVICES","Energy","Equity","262.29","0.00","262.29","386.00","0.68","Qatar","Qatar Exchange","CAD","-","QAR"
"6865","FLAT GLASS GROUP LTD H","Information Technology","Equity","262.20","0.00","262.20","257.00","1.02","China","Hong Kong Exchanges And Clearing Ltd","CAD","-","HKD"
"6188","QUANTA STORAGE INC","Information Technology","Equity","261.90","0.00","261.90","96.00","2.72","Taiwan","Gretai Securities Market","CAD","-","TWD"
"BEEF3","MINERVA","Consumer Staples","Equity","261.90","0.00","261.90","254.00","1.03","Brazil","XBSP","CAD","-","BRL"
"NUHCM.E","NUH CIMENTO SANAYI A","Materials","Equity","261.50","0.00","261.50","43.00","6.03","Turkey","Istanbul Stock Exchange","CAD","-","TRY"
"119","POLY PPTY GROUP LTD","Real Estate","Equity","261.45","0.00","261.45","1,245.00","0.21","China","Hong Kong Exchanges And Clearing Ltd","CAD","-","HKD"
"003530","HANWHA SECURITIES & INVESTMENT LTD","Financials","Equity","261.39","0.00","261.39","56.00","4.66","Korea (South)","Korea Exchange (Stock Market)","CAD","-","KRW"
"SLIGR","SLIGRO FOOD GROUP","Consumer Staples","Equity","261.25","0.00","261.25","16.00","16.42","Netherlands","Euronext Amsterdam","CAD","-","EUR"
"TUYA","TUYA ADR REPRESENTING CLASS A","Information Technology","Equity","261.15","0.00","261.15","106.00","2.46","China","New York Stock Exchange Inc.","CAD","-","USD"
"000596","ANHUI GUJING DISTILLERY LTD A","Consumer Staples","Equity","259.90","0.00","259.90","13.00","19.30","China","Shenzhen Stock Exchange","CAD","-","CNY"
"NUVOCO","NUVOCO VISTAS LTD","Materials","Equity","259.34","0.00","259.34","56.00","4.65","India","National Stock Exchange Of India","CAD","-","INR"
"81","CHINA OVERSEAS GRAND OCEANS GROUP","Real Estate","Equity","259.27","0.00","259.27","529.00","0.49","China","Hong Kong Exchanges And Clearing Ltd","CAD","-","HKD"
"7516","KOHNAN SHOJI LTD","Consumer Discretionary","Equity","259.09","0.00","259.09","6.00","41.35","Japan","Tokyo Stock Exchange","CAD","-","JPY"
"CKF","COLLINS FOODS LTD","Consumer Discretionary","Equity","258.91","0.00","258.91","33.00","7.89","Australia","Asx - All Markets","CAD","-","AUD"
"MBSB","MBSB","Financials","Equity","258.65","0.00","258.65","1,361.00","0.19","Malaysia","Bursa Malaysia","CAD","-","MYR"
"RAILTEL","RAILTEL CORP OF INDIA","Communication","Equity","258.58","0.00","258.58","68.00","3.78","India","National Stock Exchange Of India","CAD","-","INR"
"281820","KC TECH LTD","Information Technology","Equity","257.61","0.00","257.61","4.00","73.09","Korea (South)","Korea Exchange (Stock Market)","CAD","-","KRW"
"2607","EVERGREEN INTERNATIONAL STORAGE &","Industrials","Equity","256.70","0.00","256.70","110.00","2.34","Taiwan","Taiwan Stock Exchange","CAD","-","TWD"
"8218","KOMERI LTD","Consumer Discretionary","Equity","256.03","0.00","256.03","7.00","35.65","Japan","Tokyo Stock Exchange","CAD","-","JPY"
"EQTL","EQUITAL","Energy","Equity","255.68","0.00","255.68","5.00","50.96","Israel","Tel Aviv Stock Exchange","CAD","-","ILS"
"SKFINDIA","SKF INDIA LTD","Consumer Discretionary","Equity","255.26","0.00","255.26","11.00","22.47","India","National Stock Exchange Of India","CAD","-","INR"
"7994","OKAMURA CORP","Industrials","Equity","254.63","0.00","254.63","12.00","21.34","Japan","Tokyo Stock Exchange","CAD","-","JPY"
"1941","CHUDENKO CORP","Industrials","Equity","254.61","0.00","254.61","5.00","46.70","Japan","Tokyo Stock Exchange","CAD","-","JPY"
"1904","CHENG LOONG CORP","Materials","Equity","254.50","0.00","254.50","231.00","1.10","Taiwan","Taiwan Stock Exchange","CAD","-","TWD"
"JM","JM","Consumer Discretionary","Equity","253.96","0.00","253.96","14.00","17.77","Sweden","Nasdaq Omx Nordic","CAD","-","SEK"
"2543","HWANG CHANG GENERAL CONTRACTOR LTD","Industrials","Equity","253.48","0.00","253.48","148.00","1.71","Taiwan","Taiwan Stock Exchange","CAD","-","TWD"
"SAREGAMA","SAREGAMA INDIA","Communication","Equity","253.25","0.00","253.25","36.00","7.13","India","National Stock Exchange Of India","CAD","-","INR"
"600588","YONYOU NETWORK TECHNOLOGY LTD A","Information Technology","Equity","253.24","0.00","253.24","130.00","1.95","China","Shanghai Stock Exchange","CAD","-","CNY"
"TTEN3","TRES TENTOS AGROINDUSTRIAL SA","Consumer Staples","Equity","253.06","0.00","253.06","89.00","2.84","Brazil","XBSP","CAD","-","BRL"
"DNO","DNO","Energy","Equity","253.01","0.00","253.01","88.00","2.88","Norway","Oslo Bors Asa","CAD","-","NOK"
"195940","HK INNO.N CORP","Health Care","Equity","252.92","0.00","252.92","6.00","39.58","Korea (South)","Korea Exchange (Kosdaq)","CAD","-","KRW"
"6491","PEGAVISION CORPORATION","Health Care","Equity","252.89","0.00","252.89","14.00","17.59","Taiwan","Taiwan Stock Exchange","CAD","-","TWD"
"300316","ZHEJIANG JINGSHENG MECHANICAL & EL","Information Technology","Equity","252.54","0.00","252.54","30.00","8.42","China","Shenzhen Stock Exchange","CAD","-","CNY"
"601878","ZHESHANG SECURITIES LTD A","Financials","Equity","252.47","0.00","252.47","135.00","1.87","China","Shanghai Stock Exchange","CAD","-","CNY"
"KOSSAN","KOSSAN RUBBER INDUSTRIES","Health Care","Equity","252.46","0.00","252.46","616.00","0.41","Malaysia","Bursa Malaysia","CAD","-","MYR"
"3468","STAR ASIA INVESTMENT REIT","Real Estate","Equity","252.15","0.00","252.15","1.00","493.92","Japan","Tokyo Stock Exchange","CAD","-","JPY"
"VCT","VICTREX PLC","Materials","Equity","251.44","0.00","251.44","14.00","17.82","United Kingdom","London Stock Exchange","CAD","-","GBP"
"ALARK.E","ALARKO HOLDING A INC","Industrials","Equity","251.24","0.00","251.24","80.00","3.15","Turkey","Istanbul Stock Exchange","CAD","-","TRY"
"RIPLEY","RIPLEY CORPORATION CORP SA","Consumer Discretionary","Equity","250.98","0.00","250.98","386.00","0.65","Chile","Santiago Stock Exchange","CAD","-","CLP"
"4961","FITIPOWER INTEGRATED TECHNOLOGY IN","Information Technology","Equity","250.27","0.00","250.27","32.00","7.94","Taiwan","Taiwan Stock Exchange","CAD","-","TWD"
"NOLA B","NOLATO CLASS B","Industrials","Equity","249.89","0.00","249.89","33.00","7.51","Sweden","Nasdaq Omx Nordic","CAD","-","SEK"
"-","HEG LTD","Industrials","Equity","249.61","0.00","249.61","37.00","6.83","India","National Stock Exchange Of India","CAD","-","INR"
"BATAINDIA","BATA INDIA LTD","Consumer Discretionary","Equity","249.47","0.00","249.47","27.00","9.28","India","National Stock Exchange Of India","CAD","-","INR"
"VC2","OLAM GROUP","Consumer Staples","Equity","249.22","0.00","249.22","225.00","1.11","Singapore","Singapore Exchange","CAD","-","SGD"
"HAPV3","HAPVIDA PARTICIPACOES E INVESTIMEN","Health Care","Equity","248.83","0.00","248.83","144.00","1.73","Brazil","XBSP","CAD","-","BRL"
"RATEGAIN","RATEGAIN TRAVEL TECHNOLOGY","Information Technology","Equity","248.78","0.00","248.78","20.00","12.62","India","National Stock Exchange Of India","CAD","-","INR"
"600580","WOLONG ELECTRIC DRIVE GROUP LTD A","Industrials","Equity","248.30","0.00","248.30","44.00","5.65","China","Shanghai Stock Exchange","CAD","-","CNY"
"RAKPROP","RAS AL KHAIMAH PROPERTIES","Real Estate","Equity","248.11","0.00","248.11","605.00","0.41","United Arab Emirates","Abu Dhabi Securities Exchange","CAD","-","AED"
"HAPPSTMNDS","HAPPIEST MINDS TECHNOLOGIES PVT","Information Technology","Equity","248.10","0.00","248.10","52.00","4.78","India","National Stock Exchange Of India","CAD","-","INR"
"KANSAINER","KANSAI NEROLAC PAINTS LTD","Materials","Equity","248.07","0.00","248.07","92.00","2.69","India","National Stock Exchange Of India","CAD","-","INR"
"3050","SOUTHERN PROVINCE CEMENT","Materials","Equity","247.82","0.00","247.82","36.00","6.91","Saudi Arabia","Saudi Stock Exchange","CAD","-","SAR"
"RECT","RECTICEL SA","Industrials","Equity","247.82","0.00","247.82","12.00","20.82","Belgium","Nyse Euronext - Euronext Brussels","CAD","-","EUR"
"CIMSA.E","CIMSA CIMENTO SANAYII VE TICARET A","Materials","Equity","247.66","0.00","247.66","205.00","1.21","Turkey","Istanbul Stock Exchange","CAD","-","TRY"
"603659","SHANGHAI PUTAILAI NEW ENERGY TECHN","Materials","Equity","247.51","0.00","247.51","54.00","4.62","China","Shanghai Stock Exchange","CAD","-","CNY"
"600438","TONGWEI LTD A","Information Technology","Equity","247.51","0.00","247.51","107.00","2.31","China","Shanghai Stock Exchange","CAD","-","CNY"
"ASHAPURMIN","ASHAPURA MINECHEM LTD","Materials","Equity","247.30","0.00","247.30","33.00","7.55","India","National Stock Exchange Of India","CAD","-","INR"
"AU8U","CAPITALAND CHINA TRUST","Real Estate","Equity","246.93","0.00","246.93","353.00","0.70","Singapore","Singapore Exchange","CAD","-","SGD"
"601162","TIANFENG SECURITIES LTD A","Financials","Equity","246.25","0.00","246.25","333.00","0.74","China","Shanghai Stock Exchange","CAD","-","CNY"
"2023","YIEH PHUI ENTERPRISE","Materials","Equity","245.69","0.00","245.69","409.00","0.60","Taiwan","Taiwan Stock Exchange","CAD","-","TWD"
"4220","EMAAR THE ECONOMIC CITY","Real Estate","Equity","245.63","0.00","245.63","68.00","3.60","Saudi Arabia","Saudi Stock Exchange","CAD","-","SAR"
"166090","HANA MATERIALS INC","Information Technology","Equity","245.28","0.00","245.28","5.00","54.46","Korea (South)","Korea Exchange (Kosdaq)","CAD","-","KRW"
"002195","SHANGHAI STONEHILL TECHNOLOGY LTD","Information Technology","Equity","245.27","0.00","245.27","195.00","1.26","China","Shenzhen Stock Exchange","CAD","-","CNY"
"1030","SEAZEN GROUP LTD","Real Estate","Equity","245.09","0.00","245.09","980.00","0.25","China","Hong Kong Exchanges And Clearing Ltd","CAD","-","HKD"
"6744","NOHMI BOSAI LTD","Information Technology","Equity","244.85","0.00","244.85","7.00","36.82","Japan","Tokyo Stock Exchange","CAD","-","JPY"
"475830","ORUM THERAPEUTIC","Health Care","Equity","244.39","0.00","244.39","5.00","54.06","Korea (South)","Korea Exchange (Kosdaq)","CAD","-","KRW"
"300919","CNGR ADVANCED MATERIAL A","Industrials","Equity","244.25","0.00","244.25","31.00","7.82","China","Shenzhen Stock Exchange","CAD","-","CNY"
"WEWORK","WEWORK INDIA MANAGEMENT LTD","Real Estate","Equity","243.84","0.00","243.84","24.00","9.96","India","National Stock Exchange Of India","CAD","-","INR"
"TROAX","TROAX GROUP","Industrials","Equity","243.78","0.00","243.78","11.00","21.97","Sweden","Nasdaq Omx Nordic","CAD","-","SEK"
"4443","SANSAN INC","Information Technology","Equity","243.53","0.00","243.53","13.00","19.03","Japan","Tokyo Stock Exchange","CAD","-","JPY"
"PASEU.E","PASIFIK EURASIA LOJISTIK DIS TICAR","Industrials","Equity","243.23","0.00","243.23","137.00","1.77","Turkey","Istanbul Stock Exchange","CAD","-","TRY"
"9887","NANJING LEADS BIOLABS LTD CLASS H","Health Care","Equity","243.08","0.00","243.08","24.00","9.94","China","Hong Kong Exchanges And Clearing Ltd","CAD","-","HKD"
"HOME","NEINOR HOMES SA","Consumer Discretionary","Equity","242.18","0.00","242.18","10.00","25.16","Spain","Bolsa De Madrid","CAD","-","EUR"
"7821","MAEDA KOSEN LTD","Materials","Equity","242.09","0.00","242.09","14.00","17.93","Japan","Tokyo Stock Exchange","CAD","-","JPY"
"032350","LOTTE TOUR DEVELOPMENT LTD","Consumer Discretionary","Equity","242.07","0.00","242.07","21.00","11.80","Korea (South)","Korea Exchange (Stock Market)","CAD","-","KRW"
"INDIACEM","INDIA CEMENTS LTD","Materials","Equity","241.29","0.00","241.29","47.00","5.13","India","National Stock Exchange Of India","CAD","-","INR"
"1672","ASCLETIS PHARMA","Health Care","Equity","240.93","0.00","240.93","166.00","1.45","China","Hong Kong Exchanges And Clearing Ltd","CAD","-","HKD"
"NINV","NATIONAL INVESTMENTS","Financials","Equity","240.64","0.00","240.64","181.00","1.33","Kuwait","Kuwait Stock Exchange","CAD","-","KWD"
"600515","HAINAN AIRPORT INFRASTRUCTURE LTD","Real Estate","Equity","240.59","0.00","240.59","422.00","0.57","China","Shanghai Stock Exchange","CAD","-","CNY"
"SBFC","SBFC FINANCE LTD","Financials","Equity","239.96","0.00","239.96","176.00","1.36","India","National Stock Exchange Of India","CAD","-","INR"
"CIR","CIR SPA - COMPAGNIE INDUSTRIALI RI","Consumer Discretionary","Equity","239.94","0.00","239.94","192.00","1.25","Italy","Borsa Italiana","CAD","-","EUR"
"819","TIANNENG POWER INTERNATIONAL","Consumer Discretionary","Equity","238.94","0.00","238.94","346.00","0.69","China","Hong Kong Exchanges And Clearing Ltd","CAD","-","HKD"
"YATHARTH","YATHARTH HOSPITAL & TRAUMA CARE SE","Health Care","Equity","238.62","0.00","238.62","15.00","15.63","India","National Stock Exchange Of India","CAD","-","INR"
"TSKB.E","TURKIYE SINAI KALKINMA BANKASI A","Financials","Equity","238.57","0.00","238.57","746.00","0.32","Turkey","Istanbul Stock Exchange","CAD","-","TRY"
"600570","HUNDSUN TECHNOLOGIES A","Information Technology","Equity","238.27","0.00","238.27","57.00","4.17","China","Shanghai Stock Exchange","CAD","-","CNY"
"SCI","SHIPPING CORPORATION OF INDIA LTD","Industrials","Equity","238.11","0.00","238.11","60.00","3.94","India","National Stock Exchange Of India","CAD","-","INR"
"002558","GIANT NETWORK GROUP A","Communication","Equity","238.03","0.00","238.03","46.00","5.18","China","Shenzhen Stock Exchange","CAD","-","CNY"
"7947","FP CORP","Materials","Equity","237.74","0.00","237.74","9.00","25.78","Japan","Tokyo Stock Exchange","CAD","-","JPY"
"SMU","SMU","Consumer Staples","Equity","237.64","0.00","237.64","1,398.00","0.17","Chile","Santiago Stock Exchange","CAD","-","CLP"
"ISMEN.E","IS YATIRIM MENKUL DEGERLER A","Financials","Equity","237.62","0.00","237.62","238.00","1.00","Turkey","Istanbul Stock Exchange","CAD","-","TRY"
"MXN","MXN CASH","Cash and/or Derivatives","Cash","237.52","0.00","237.52","29.00","8.14","Mexico","-","CAD","-","MXN"
"STG","SCANDINAVIAN TOBACCO GROUP","Consumer Staples","Equity","237.44","0.00","237.44","15.00","15.92","Denmark","Omx Nordic Exchange Copenhagen A/S","CAD","-","DKK"
"001203","DAZHONG MINING LTD A","Materials","Equity","237.31","0.00","237.31","49.00","4.85","China","Shenzhen Stock Exchange","CAD","-","CNY"
"601777","CHONGQING QIANLI TECHNOLOGY A","Consumer Discretionary","Equity","237.17","0.00","237.17","143.00","1.66","China","Shanghai Stock Exchange","CAD","-","CNY"
"CYD","CHINA YUCHAI INTERNATIONAL LTD","Industrials","Equity","236.84","0.00","236.84","5.00","48.28","China","New York Stock Exchange Inc.","CAD","-","USD"
"525","GUANGSHEN RAILWAY LTD H","Industrials","Equity","236.32","0.00","236.32","563.00","0.42","China","Hong Kong Exchanges And Clearing Ltd","CAD","-","HKD"
"600418","ANHUI JIANGHUAI AUTOMOBILE CORP LT","Consumer Discretionary","Equity","236.28","0.00","236.28","58.00","4.04","China","Shanghai Stock Exchange","CAD","-","CNY"
"2208","CSBC","Industrials","Equity","236.27","0.00","236.27","285.00","0.83","Taiwan","Taiwan Stock Exchange","CAD","-","TWD"
"RATO B","RATOS B","Financials","Equity","236.25","0.00","236.25","44.00","5.39","Sweden","Nasdaq Omx Nordic","CAD","-","SEK"
"2595","GENFLEET THERAPEUTICS (SHANGHAI) I","Health Care","Equity","236.21","0.00","236.21","53.00","4.46","China","Hong Kong Exchanges And Clearing Ltd","CAD","-","HKD"
"PEUG","PEUGEOT INVEST SA","Financials","Equity","235.89","0.00","235.89","3.00","85.30","France","Nyse Euronext - Euronext Paris","CAD","-","EUR"
"9746","TKC CORP","Industrials","Equity","235.82","0.00","235.82","6.00","37.22","Japan","Tokyo Stock Exchange","CAD","-","JPY"
"ELECON","ELECON ENGINEERING CO LTD","Industrials","Equity","235.79","0.00","235.79","39.00","6.04","India","National Stock Exchange Of India","CAD","-","INR"
"300803","BEIJING COMPASS TECHNOLOGY DEVELOP","Financials","Equity","235.26","0.00","235.26","14.00","16.49","China","Shenzhen Stock Exchange","CAD","-","CNY"
"OYAKC.E","OYAK CIMENTO FABRIKALARI A.S.","Materials","Equity","235.19","0.00","235.19","399.00","0.59","Turkey","Istanbul Stock Exchange","CAD","-","TRY"
"RWAY","RAI WAY SPA","Communication","Equity","235.05","0.00","235.05","33.00","7.19","Italy","Borsa Italiana","CAD","-","EUR"
"532808","PEARL GLOBAL INDUSTRIES LTD","Consumer Discretionary","Equity","234.60","0.00","234.60","14.00","16.66","India","Bse Ltd","CAD","-","INR"
"6605","DEPO AUTO PARTS INDUSTRIAL","Consumer Discretionary","Equity","233.92","0.00","233.92","39.00","5.97","Taiwan","Taiwan Stock Exchange","CAD","-","TWD"
"1736","JOHNSON HEALTH TECH LTD","Consumer Discretionary","Equity","233.86","0.00","233.86","41.00","5.66","Taiwan","Taiwan Stock Exchange","CAD","-","TWD"
"3515","ASROCK","Information Technology","Equity","233.69","0.00","233.69","25.00","9.26","Taiwan","Taiwan Stock Exchange","CAD","-","TWD"
"IXIGO","LE TRAVENUES TECHNOLOGY","Consumer Discretionary","Equity","233.54","0.00","233.54","100.00","2.33","India","National Stock Exchange Of India","CAD","-","INR"
"9907","TON YI INDUSTRIAL CORP","Materials","Equity","233.36","0.00","233.36","354.00","0.66","Taiwan","Taiwan Stock Exchange","CAD","-","TWD"
"060370","LS MARINE SOLUTION LTD","Industrials","Equity","232.94","0.00","232.94","7.00","32.34","Korea (South)","Korea Exchange (Kosdaq)","CAD","-","KRW"
"6807","JAPAN AVIATION ELECTRONICS INDUSTR","Information Technology","Equity","232.91","0.00","232.91","10.00","22.74","Japan","Tokyo Stock Exchange","CAD","-","JPY"
"FINPIPE","FINOLEX INDUSTRIES LTD","Materials","Equity","232.77","0.00","232.77","103.00","2.25","India","National Stock Exchange Of India","CAD","-","INR"
"4044","CENTRAL GLASS LTD","Industrials","Equity","232.53","0.00","232.53","6.00","40.46","Japan","Tokyo Stock Exchange","CAD","-","JPY"
"POWERMECH","POWER MECH PROJECTS LTD","Industrials","Equity","232.51","0.00","232.51","7.00","34.10","India","National Stock Exchange Of India","CAD","-","INR"
"9869","KATO SANGYO LTD","Consumer Staples","Equity","232.46","0.00","232.46","4.00","61.70","Japan","Tokyo Stock Exchange","CAD","-","JPY"
"DFDS","DFDS","Industrials","Equity","232.46","0.00","232.46","7.00","35.37","Denmark","Omx Nordic Exchange Copenhagen A/S","CAD","-","DKK"
"ALPA4","SAO PAULO ALPARGATAS PREF","Consumer Discretionary","Equity","232.06","0.00","232.06","67.00","3.47","Brazil","XBSP","CAD","-","BRL"
"SWANCORP","SWAN CORP LTD","Consumer Discretionary","Equity","231.95","0.00","231.95","55.00","4.22","India","National Stock Exchange Of India","CAD","-","INR"
"OTKAR.E","OTOKAR OTOMOTIV SAVUNMA SANAYI","Industrials","Equity","231.89","0.00","231.89","26.00","8.81","Turkey","Istanbul Stock Exchange","CAD","-","TRY"
"7224","SHINMAYWA INDUSTRIES LTD","Industrials","Equity","231.60","0.00","231.60","13.00","17.70","Japan","Tokyo Stock Exchange","CAD","-","JPY"
"TRIVENI","TRIVENI ENGINEERING AND INDUSTRIES","Consumer Staples","Equity","231.43","0.00","231.43","68.00","3.39","India","National Stock Exchange Of India","CAD","-","INR"
"JLHL","JUPITER LIFE LINE HOSPITALS LTD","Health Care","Equity","231.43","0.00","231.43","57.00","4.05","India","National Stock Exchange Of India","CAD","-","INR"
"003380","HARIM HOLDINGS LTD","Consumer Staples","Equity","231.41","0.00","231.41","20.00","11.29","Korea (South)","Korea Exchange (Kosdaq)","CAD","-","KRW"
"VINATIORGA","VINATI ORGANICS","Materials","Equity","230.87","0.00","230.87","13.00","18.22","India","National Stock Exchange Of India","CAD","-","INR"
"LDA","LINEA DIRECTA ASEGURADORA SA","Financials","Equity","230.76","0.00","230.76","106.00","2.18","Spain","Bolsa De Madrid","CAD","-","EUR"
"5009","GLORIA MATERIAL TECHNOLOGY CORP","Materials","Equity","230.58","0.00","230.58","161.00","1.43","Taiwan","Gretai Securities Market","CAD","-","TWD"
"600918","ZHONGTAI SECURITIES LTD A","Financials","Equity","230.45","0.00","230.45","204.00","1.13","China","Shanghai Stock Exchange","CAD","-","CNY"
"MTEL","DAYAMITRA TELEKOMUNIKASI","Communication","Equity","230.42","0.00","230.42","5,761.00","0.04","Indonesia","Indonesia Stock Exchange","CAD","-","IDR"
"BBTC","THE BOMBAY BURMAH TRADING CORPORAT","Consumer Staples","Equity","230.35","0.00","230.35","11.00","20.40","India","National Stock Exchange Of India","CAD","-","INR"
"FRACTAL","FRACTAL ANALYTICS LTD","Information Technology","Equity","229.98","0.00","229.98","21.00","10.95","India","National Stock Exchange Of India","CAD","-","INR"
"7476","AS ONE CORP","Health Care","Equity","229.71","0.00","229.71","10.00","22.75","Japan","Tokyo Stock Exchange","CAD","-","JPY"
"2540","JSL CONSTRUCTION & DEVELOPMENT CO","Real Estate","Equity","229.50","0.00","229.50","105.00","2.18","Taiwan","Taiwan Stock Exchange","CAD","-","TWD"
"1302","BAWAN CO","Industrials","Equity","229.27","0.00","229.27","17.00","13.39","Saudi Arabia","Saudi Stock Exchange","CAD","-","SAR"
"1723","CHINA STEEL CHEMICAL CORP","Materials","Equity","229.09","0.00","229.09","65.00","3.55","Taiwan","Taiwan Stock Exchange","CAD","-","TWD"
"9890","TANWAN INC","Communication","Equity","228.81","0.00","228.81","140.00","1.63","China","Hong Kong Exchanges And Clearing Ltd","CAD","-","HKD"
"TUA","TUAS","Communication","Equity","228.80","0.00","228.80","103.00","2.23","Australia","Asx - All Markets","CAD","-","AUD"
"BASF","BASF INDIA LTD","Materials","Equity","228.45","0.00","228.45","4.00","52.51","India","National Stock Exchange Of India","CAD","-","INR"
"PRIVISCL","PRIVI SPECIALITY CHEMICALS LTD","Materials","Equity","228.38","0.00","228.38","4.00","50.89","India","National Stock Exchange Of India","CAD","-","INR"
"JSMR","JASA MARGA","Industrials","Equity","228.38","0.00","228.38","1,038.00","0.22","Indonesia","Indonesia Stock Exchange","CAD","-","IDR"
"ABUK","ABU QIR FERTILIZERS AND CHEMICAL I","Materials","Equity","228.25","0.00","228.25","92.00","2.49","Egypt","Egyptian Exchange","CAD","-","EGP"
"4819","DIGITAL GARAGE","Information Technology","Equity","227.81","0.00","227.81","11.00","21.38","Japan","Tokyo Stock Exchange","CAD","-","JPY"
"2362","CLEVO","Information Technology","Equity","226.91","0.00","226.91","110.00","2.07","Taiwan","Taiwan Stock Exchange","CAD","-","TWD"
"4483","JMDC","Health Care","Equity","226.79","0.00","226.79","7.00","32.19","Japan","Tokyo Stock Exchange","CAD","-","JPY"
"JKTYRE","JK TYRE AND INDUSTRIES","Consumer Discretionary","Equity","226.15","0.00","226.15","45.00","5.08","India","National Stock Exchange Of India","CAD","-","INR"
"A3M","ATRESMEDIA CORPORACION DE MEDIOS D","Communication","Equity","225.91","0.00","225.91","26.00","8.76","Spain","Bolsa De Madrid","CAD","-","EUR"
"600143","KINGFA SCI&TECH LTD A","Materials","Equity","225.87","0.00","225.87","83.00","2.73","China","Shanghai Stock Exchange","CAD","-","CNY"
"ACI","ARCHEAN CHEMICAL INDUSTRIES LTD","Materials","Equity","225.83","0.00","225.83","34.00","6.74","India","National Stock Exchange Of India","CAD","-","INR"
"6110","TOPSPORTS INTERNATIONAL HOLDINGS","Consumer Discretionary","Equity","225.75","0.00","225.75","1,328.00","0.17","China","Hong Kong Exchanges And Clearing Ltd","CAD","-","HKD"
"3778","SAKURA INTERNET","Information Technology","Equity","225.53","0.00","225.53","7.00","33.18","Japan","Tokyo Stock Exchange","CAD","-","JPY"
"HAPPYFORGE","HAPPY FORGINGS LTD","Industrials","Equity","225.52","0.00","225.52","7.00","31.25","India","National Stock Exchange Of India","CAD","-","INR"
"934","SINOPEC KANTONS HOLDINGS LTD","Energy","Equity","225.52","0.00","225.52","342.00","0.66","China","Hong Kong Exchanges And Clearing Ltd","CAD","-","HKD"
"UBI","UBISOFT ENTERTAINMENT SA CAT A","Communication","Equity","225.42","0.00","225.42","26.00","8.76","France","Nyse Euronext - Euronext Paris","CAD","-","EUR"
"1610","COFCO JOYCOME FOODS LTD","Consumer Staples","Equity","225.25","0.00","225.25","1,126.00","0.20","China","Hong Kong Exchanges And Clearing Ltd","CAD","-","HKD"
"SLARL","SELLA CAPITAL REAL ESTATE LTD","Real Estate","Equity","224.91","0.00","224.91","58.00","3.86","Israel","Tel Aviv Stock Exchange","CAD","-","ILS"
"4260","UNITED INTERNATIONAL TRANSPORTATIO","Industrials","Equity","224.65","0.00","224.65","20.00","11.14","Saudi Arabia","Saudi Stock Exchange","CAD","-","SAR"
"002294","SHENZHEN SALUBRIS PHARMACEUTICALS","Health Care","Equity","224.63","0.00","224.63","36.00","6.30","China","Shenzhen Stock Exchange","CAD","-","CNY"
"6146","SPORTON INTERNATIONAL INC","Industrials","Equity","224.60","0.00","224.60","29.00","7.72","Taiwan","Gretai Securities Market","CAD","-","TWD"
"229640","LS ECO ENERGY LTD","Industrials","Equity","224.24","0.00","224.24","4.00","53.65","Korea (South)","Korea Exchange (Stock Market)","CAD","-","KRW"
"EUPWR.E","EUROPOWER ENERJI & OTOMASYON TEKNO","Industrials","Equity","224.24","0.00","224.24","138.00","1.63","Turkey","Istanbul Stock Exchange","CAD","-","TRY"
"694","BEIJING CAPITAL INTERNATIONAL AIRP","Industrials","Equity","223.82","0.00","223.82","829.00","0.27","China","Hong Kong Exchanges And Clearing Ltd","CAD","-","HKD"
"688375","GUOBO ELECTRONICS LTD A","Information Technology","Equity","223.35","0.00","223.35","15.00","14.52","China","Shanghai Stock Exchange","CAD","-","CNY"
"AJMANBANK","AJMAN BANK","Financials","Equity","223.02","0.00","223.02","398.00","0.56","United Arab Emirates","Dubai Financial Market","CAD","-","AED"
"301269","EMPYREAN TECHNOLOGY LTD A","Information Technology","Equity","222.55","0.00","222.55","12.00","17.85","China","Shenzhen Stock Exchange","CAD","-","CNY"
"034230","PARADISE","Consumer Discretionary","Equity","221.93","0.00","221.93","23.00","9.85","Korea (South)","Korea Exchange (Stock Market)","CAD","-","KRW"
"4686","JUSTSYSTEMS CORP","Information Technology","Equity","221.41","0.00","221.41","6.00","39.38","Japan","Tokyo Stock Exchange","CAD","-","JPY"
"300115","SHENZHEN EVERWIN PRECISION TECHNOL","Information Technology","Equity","221.31","0.00","221.31","43.00","5.15","China","Shenzhen Stock Exchange","CAD","-","CNY"
"1811","CGN NEW ENERGY HOLDINGS LTD","Utilities","Equity","220.92","0.00","220.92","597.00","0.37","China","Hong Kong Exchanges And Clearing Ltd","CAD","-","HKD"
"6890","LAI YIH FOOTWEAR LTD","Consumer Discretionary","Equity","220.78","0.00","220.78","34.00","6.47","Taiwan","Taiwan Stock Exchange","CAD","-","TWD"
"PNB","PHIL NATIONAL BANK","Financials","Equity","220.62","0.00","220.62","128.00","1.73","Philippines","Philippine Stock Exchange Inc.","CAD","-","PHP"
"688578","SHANGHAI ALLIST PHARMACEUTICALS LT","Health Care","Equity","220.49","0.00","220.49","11.00","20.53","China","Shanghai Stock Exchange","CAD","-","CNY"
"1405","DPC DASH LTD","Consumer Discretionary","Equity","220.34","0.00","220.34","42.00","5.26","China","Hong Kong Exchanges And Clearing Ltd","CAD","-","HKD"
"BETCO","BETTER COLLECTIVE","Consumer Discretionary","Equity","220.16","0.00","220.16","13.00","17.01","Sweden","Nasdaq Omx Nordic","CAD","-","SEK"
"YIT","YIT","Consumer Discretionary","Equity","219.93","0.00","219.93","36.00","6.18","Finland","Nasdaq Omx Helsinki Ltd.","CAD","-","EUR"
"439260","DAEHAN SHIPBUILDING LTD","Industrials","Equity","219.76","0.00","219.76","5.00","47.63","Korea (South)","Korea Exchange (Stock Market)","CAD","-","KRW"
"9830","TRUSCO NAKAYAMA CORP","Industrials","Equity","218.96","0.00","218.96","10.00","21.93","Japan","Tokyo Stock Exchange","CAD","-","JPY"
"1330","DYNAGREEN ENVIRONMENTAL PROTECTION","Industrials","Equity","218.45","0.00","218.45","193.00","1.13","China","Hong Kong Exchanges And Clearing Ltd","CAD","-","HKD"
"002939","CHINA GREATWALL SECURITIES LTD A","Financials","Equity","218.35","0.00","218.35","135.00","1.62","China","Shenzhen Stock Exchange","CAD","-","CNY"
"AVANTIFEED","AVANTI FEEDS LTD","Consumer Staples","Equity","218.06","0.00","218.06","19.00","11.24","India","National Stock Exchange Of India","CAD","-","INR"
"OCI","OCI","Materials","Equity","217.94","0.00","217.94","33.00","6.60","Netherlands","Euronext Amsterdam","CAD","-","EUR"
"9678","KANAMOTO LTD","Industrials","Equity","217.74","0.00","217.74","4.00","49.03","Japan","Tokyo Stock Exchange","CAD","-","JPY"
"PIA","PIAGGIO & C","Consumer Discretionary","Equity","217.00","0.00","217.00","68.00","3.18","Italy","Borsa Italiana","CAD","-","EUR"
"2204","CHINA MOTOR","Consumer Discretionary","Equity","216.90","0.00","216.90","94.00","2.31","Taiwan","Taiwan Stock Exchange","CAD","-","TWD"
"CQE","CHARTER HALL SOCIAL INFRASTRUCTURE","Real Estate","Equity","216.68","0.00","216.68","91.00","2.39","Australia","Asx - All Markets","CAD","-","AUD"
"007310","OTOKI CORP","Consumer Staples","Equity","216.57","0.00","216.57","1.00","323.94","Korea (South)","Korea Exchange (Stock Market)","CAD","-","KRW"
"1448","FU SHOU YUAN INTERNATIONAL GROUP L","Consumer Discretionary","Equity","216.39","0.00","216.39","601.00","0.36","China","Hong Kong Exchanges And Clearing Ltd","CAD","-","HKD"
"2659","SAN-A LTD","Consumer Staples","Equity","216.16","0.00","216.16","7.00","30.67","Japan","Tokyo Stock Exchange","CAD","-","JPY"
"2101","NAN KANG RUBBER TIRE CORP LTD","Consumer Discretionary","Equity","216.13","0.00","216.13","163.00","1.33","Taiwan","Taiwan Stock Exchange","CAD","-","TWD"
"VBK","VERBIO","Energy","Equity","215.81","0.00","215.81","4.00","48.64","Germany","Xetra","CAD","-","EUR"
"688027","QUANTUMCTEK LTD A","Information Technology","Equity","215.05","0.00","215.05","3.00","72.92","China","Shanghai Stock Exchange","CAD","-","CNY"
"BAR","BARCO NV","Information Technology","Equity","215.02","0.00","215.02","18.00","11.90","Belgium","Nyse Euronext - Euronext Brussels","CAD","-","EUR"
"1227","STANDARD FOODS CORP","Consumer Staples","Equity","214.87","0.00","214.87","173.00","1.24","Taiwan","Taiwan Stock Exchange","CAD","-","TWD"
"6185","CANSINO BIOLOGICS H","Health Care","Equity","214.46","0.00","214.46","46.00","4.62","China","Hong Kong Exchanges And Clearing Ltd","CAD","-","HKD"
"BGRIM.R","B.GRIMM POWER PCL NON-VOTING DR","Utilities","Equity","214.43","0.00","214.43","271.00","0.79","Thailand","Stock Exchange Of Thailand","CAD","-","THB"
"GSFC","GUJARAT STATE FERTILIZERS AND CHEM","Materials","Equity","213.96","0.00","213.96","96.00","2.22","India","National Stock Exchange Of India","CAD","-","INR"
"ABDL","ALLIED BLENDERS AND DISTILLERS LTD","Consumer Staples","Equity","213.79","0.00","213.79","22.00","9.52","India","National Stock Exchange Of India","CAD","-","INR"
"ETL","EUTELSAT COMMUNICATIONS SA","Communication","Equity","213.29","0.00","213.29","74.00","2.90","France","Nyse Euronext - Euronext Paris","CAD","-","EUR"
"089860","LOTTE RENTAL LTD","Industrials","Equity","213.26","0.00","213.26","4.00","49.20","Korea (South)","Korea Exchange (Stock Market)","CAD","-","KRW"
"000240","HANKOOK & COMPANY","Consumer Discretionary","Equity","213.20","0.00","213.20","9.00","24.95","Korea (South)","Korea Exchange (Stock Market)","CAD","-","KRW"
"SZU","SUEDZUCKER AG","Consumer Staples","Equity","213.10","0.00","213.10","11.00","19.76","Germany","Xetra","CAD","-","EUR"
"HBSA3","HIDROVIAS DO BRASIL","Industrials","Equity","213.05","0.00","213.05","237.00","0.90","Brazil","XBSP","CAD","-","BRL"
"APLLTD","ALEMBIC PHARMACEUTICALS LTD","Health Care","Equity","212.63","0.00","212.63","18.00","12.04","India","National Stock Exchange Of India","CAD","-","INR"
"323","MAANSHAN IRON AND STEEL LTD H","Materials","Equity","212.40","0.00","212.40","685.00","0.31","China","Hong Kong Exchanges And Clearing Ltd","CAD","-","HKD"
"4958","T HASEGAWA LTD","Materials","Equity","212.08","0.00","212.08","7.00","31.39","Japan","Tokyo Stock Exchange","CAD","-","JPY"
"4310","KNOWLEDGE ECONOMIC CITY","Real Estate","Equity","211.96","0.00","211.96","30.00","7.03","Saudi Arabia","Saudi Stock Exchange","CAD","-","SAR"
"6592","HOTAI FINANCE LTD","Financials","Equity","211.38","0.00","211.38","81.00","2.62","Taiwan","Taiwan Stock Exchange","CAD","-","TWD"
"BTCIM.E","BATICIM BATI ANADOLU SANAYI VE TIC","Materials","Equity","211.28","0.00","211.28","2,348.00","0.09","Turkey","Istanbul Stock Exchange","CAD","-","TRY"
"6966","MITSUI HIGH TEC INC","Information Technology","Equity","210.97","0.00","210.97","27.00","7.77","Japan","Tokyo Stock Exchange","CAD","-","JPY"
"MAXESTATES","MAX ESTATES LTD","Real Estate","Equity","210.88","0.00","210.88","25.00","8.42","India","National Stock Exchange Of India","CAD","-","INR"
"000559","WANXIANG QIANCHAO LTD A","Consumer Discretionary","Equity","210.80","0.00","210.80","95.00","2.23","China","Shenzhen Stock Exchange","CAD","-","CNY"
"BBOX","BLACK BOX LTD","Information Technology","Equity","210.03","0.00","210.03","19.00","11.17","India","National Stock Exchange Of India","CAD","-","INR"
"EMTK","ELANG MAHKOTA TEKNOLOGI","Communication","Equity","209.58","0.00","209.58","5,240.00","0.04","Indonesia","Indonesia Stock Exchange","CAD","-","IDR"
"9948","ARCS LTD","Consumer Staples","Equity","209.48","0.00","209.48","6.00","34.17","Japan","Tokyo Stock Exchange","CAD","-","JPY"
"5534","CHONG HONG CONSTRUCTION LTD","Real Estate","Equity","209.20","0.00","209.20","64.00","3.26","Taiwan","Taiwan Stock Exchange","CAD","-","TWD"
"2432","SHENZHEN DOBOT TECHNOLOGY CORP LTD","Industrials","Equity","207.84","0.00","207.84","56.00","3.72","China","Hong Kong Exchanges And Clearing Ltd","CAD","-","HKD"
"SAFARI","SAFARI INDUSTRIES INDIA LTD","Consumer Discretionary","Equity","207.70","0.00","207.70","9.00","22.03","India","National Stock Exchange Of India","CAD","-","INR"
"IRES","IRISH RESIDENTIAL PROPERTIES PLC","Real Estate","Equity","207.68","0.00","207.68","120.00","1.73","Ireland","Irish Stock Exchange - All Market","CAD","-","EUR"
"1313","CHINA RES BUILD MATERIAL TECH HOLD","Materials","Equity","207.44","0.00","207.44","1,220.00","0.17","China","Hong Kong Exchanges And Clearing Ltd","CAD","-","HKD"
"WLN","WORLDLINE SA","Financials","Equity","207.10","0.00","207.10","10.00","21.65","France","Nyse Euronext - Euronext Paris","CAD","-","EUR"
"9075","FUKUYAMA TRANSPORTING","Industrials","Equity","206.73","0.00","206.73","4.00","57.38","Japan","Tokyo Stock Exchange","CAD","-","JPY"
"ASTRAZEN","ASTRAZENECA PHARMA INDIA LTD","Health Care","Equity","206.28","0.00","206.28","2.00","97.23","India","National Stock Exchange Of India","CAD","-","INR"
"IONEXCHANG","ION EXCHANGE INDIA LTD","Industrials","Equity","205.48","0.00","205.48","33.00","6.19","India","National Stock Exchange Of India","CAD","-","INR"
"6877","OBARA GROUP INC","Industrials","Equity","205.44","0.00","205.44","4.00","47.42","Japan","Tokyo Stock Exchange","CAD","-","JPY"
"KWIL","KWALITY WALL S (INDIA) LTD","Consumer Staples","Equity","205.37","0.00","205.37","354.00","0.58","India","National Stock Exchange Of India","CAD","-","INR"
"1808","RUN LONG CONSTRUCTION LTD","Industrials","Equity","204.96","0.00","204.96","137.00","1.50","Taiwan","Taiwan Stock Exchange","CAD","-","TWD"
"GFT","GFT TECHNOLOGIES","Information Technology","Equity","204.74","0.00","204.74","5.00","43.13","Germany","Xetra","CAD","-","EUR"
"SAR","GR SARANTIS","Consumer Staples","Equity","204.51","0.00","204.51","10.00","19.92","Greece","Athens Exchange S.A. Cash Market","CAD","-","EUR"
"DELG","DELTA GALIL INDUSTRIES LTD","Consumer Discretionary","Equity","204.43","0.00","204.43","2.00","83.56","Israel","Tel Aviv Stock Exchange","CAD","-","ILS"
"3868","XINYI ENERGY HOLDINGS LTD","Utilities","Equity","204.39","0.00","204.39","1,460.00","0.14","China","Hong Kong Exchanges And Clearing Ltd","CAD","-","HKD"
"077970","STX ENGINE LTD","Industrials","Equity","203.93","0.00","203.93","8.00","24.40","Korea (South)","Korea Exchange (Stock Market)","CAD","-","KRW"
"AFFIN","AFFIN BANK","Financials","Equity","203.89","0.00","203.89","295.00","0.69","Malaysia","Bursa Malaysia","CAD","-","MYR"
"RCL.R","REGIONAL CONTAINER LINES NON-VOTIN","Industrials","Equity","203.68","0.00","203.68","113.00","1.80","Thailand","Stock Exchange Of Thailand","CAD","-","THB"
"2190","ZYLOX-TONBRIDGE MEDICAL TECH H","Health Care","Equity","203.48","0.00","203.48","55.00","3.68","China","Hong Kong Exchanges And Clearing Ltd","CAD","-","HKD"
"PPA","PIRAEUS PORT AUTHORITY SA","Industrials","Equity","203.31","0.00","203.31","3.00","75.99","Greece","Athens Exchange S.A. Cash Market","CAD","-","EUR"
"SPINNEYS","SPINNEYS HOLDING PLC","Consumer Staples","Equity","203.31","0.00","203.31","424.00","0.48","United Arab Emirates","Dubai Financial Market","CAD","-","AED"
"INDIASHLTR","INDIA SHELTER FINANCE LTD","Financials","Equity","203.31","0.00","203.31","21.00","9.77","India","National Stock Exchange Of India","CAD","-","INR"
"PRAJIND","PRAJ INDUSTRIES LTD","Industrials","Equity","202.53","0.00","202.53","44.00","4.62","India","National Stock Exchange Of India","CAD","-","INR"
"GASMSIA","GAS MALAYSIA SDN","Utilities","Equity","202.10","0.00","202.10","118.00","1.71","Malaysia","Bursa Malaysia","CAD","-","MYR"
"ISCD","ISRACARD LTD","Financials","Equity","201.84","0.00","201.84","40.00","5.10","Israel","Tel Aviv Stock Exchange","CAD","-","ILS"
"NOAH","NOAH HOLDINGS AMERICAN DEPOSITARY","Financials","Equity","201.80","0.00","201.80","18.00","11.33","China","New York Stock Exchange Inc.","CAD","-","USD"
"AED","AED CASH","Cash and/or Derivatives","Cash","201.79","0.00","201.79","5.00","38.08","United Arab Emirates","-","CAD","-","AED"
"600021","SHANGHAI ELECTRIC POWER LTD A","Utilities","Equity","201.78","0.00","201.78","73.00","2.77","China","Shanghai Stock Exchange","CAD","-","CNY"
"4471","SANYO CHEMICAL INDUSTRIES LTD","Materials","Equity","200.81","0.00","200.81","4.00","57.21","Japan","Tokyo Stock Exchange","CAD","-","JPY"
"ENC","ENCE ENERGIA Y CELULOSA SA","Materials","Equity","200.35","0.00","200.35","51.00","3.94","Spain","Bolsa De Madrid","CAD","-","EUR"
"INGERRAND","INGERSOLL RAND INDIA LTD","Industrials","Equity","200.32","0.00","200.32","3.00","61.60","India","National Stock Exchange Of India","CAD","-","INR"
"VESUVIUS","VESUVIUS INDIA LTD","Industrials","Equity","199.95","0.00","199.95","34.00","5.83","India","National Stock Exchange Of India","CAD","-","INR"
"603486","ECOVACS ROBOTICS LTD A","Consumer Discretionary","Equity","199.87","0.00","199.87","19.00","10.28","China","Shanghai Stock Exchange","CAD","-","CNY"
"HCG","HEALTHCARE GLOBAL ENTERPRISES","Health Care","Equity","199.73","0.00","199.73","20.00","10.02","India","National Stock Exchange Of India","CAD","-","INR"
"BIKAJI","BIKAJI FOODS INTERNATIONAL LTD","Consumer Staples","Equity","199.71","0.00","199.71","25.00","8.06","India","National Stock Exchange Of India","CAD","-","INR"
"020560","ASIANA AIRLINES","Industrials","Equity","198.67","0.00","198.67","25.00","7.94","Korea (South)","Korea Exchange (Stock Market)","CAD","-","KRW"
"4776","CYBOZU INC","Information Technology","Equity","198.63","0.00","198.63","7.00","27.30","Japan","Tokyo Stock Exchange","CAD","-","JPY"
"BCH.R","BANGKOK CHAIN HOSPITAL NON-VOTING","Health Care","Equity","198.50","0.00","198.50","414.00","0.48","Thailand","Stock Exchange Of Thailand","CAD","-","THB"
"HFG","HELLOFRESH","Consumer Staples","Equity","198.42","0.00","198.42","46.00","4.36","Germany","Xetra","CAD","-","EUR"
"3167","TOKAI HOLDINGS CORP","Industrials","Equity","198.08","0.00","198.08","16.00","12.61","Japan","Tokyo Stock Exchange","CAD","-","JPY"
"7296","FCC LTD","Consumer Discretionary","Equity","198.07","0.00","198.07","5.00","37.81","Japan","Tokyo Stock Exchange","CAD","-","JPY"
"DIA","DISTRIBUIDORA INTERNACIONAL DE ALI","Consumer Staples","Equity","197.73","0.00","197.73","3.00","69.40","Spain","Bolsa De Madrid","CAD","-","EUR"
"4009","MIDDLE EAST HEALTHCARE","Health Care","Equity","197.09","0.00","197.09","18.00","11.11","Saudi Arabia","Saudi Stock Exchange","CAD","-","SAR"
"GBG","GB GROUP PLC","Information Technology","Equity","196.39","0.00","196.39","67.00","2.92","United Kingdom","London Stock Exchange","CAD","-","GBP"
"361610","SK IE TECHNOLOGY LTD","Industrials","Equity","195.80","0.00","195.80","12.00","16.25","Korea (South)","Korea Exchange (Stock Market)","CAD","-","KRW"
"CECV","CECONOMY V AG","Consumer Discretionary","Equity","195.80","0.00","195.80","29.00","6.78","Germany","Xetra","CAD","-","EUR"
"1231","LIAN HWA FOODS","Consumer Staples","Equity","195.74","0.00","195.74","56.00","3.49","Taiwan","Taiwan Stock Exchange","CAD","-","TWD"
"VITR","VITROLIFE","Health Care","Equity","195.52","0.00","195.52","15.00","13.08","Sweden","Nasdaq Omx Nordic","CAD","-","SEK"
"3101","TOYOBO LTD","Materials","Equity","195.36","0.00","195.36","13.00","14.88","Japan","Tokyo Stock Exchange","CAD","-","JPY"
"336","HUABAO INTERNATIONAL HOLDINGS","Materials","Equity","194.87","0.00","194.87","287.00","0.68","China","Hong Kong Exchanges And Clearing Ltd","CAD","-","HKD"
"HRHO","EFG-HERMES HLDGS","Financials","Equity","194.86","0.00","194.86","287.00","0.68","Egypt","Egyptian Exchange","CAD","-","EGP"
"881","ZHONGSHENG GROUP HOLDINGS","Consumer Discretionary","Equity","194.39","0.00","194.39","347.00","0.56","China","Hong Kong Exchanges And Clearing Ltd","CAD","-","HKD"
"002555","37 INTERACTIVE ENTERTAINMENT NETWO","Communication","Equity","193.89","0.00","193.89","53.00","3.63","China","Shenzhen Stock Exchange","CAD","-","CNY"
"002738","SINOMINE RESOURCE GROUP LTD A","Materials","Equity","193.74","0.00","193.74","21.00","9.24","China","Shenzhen Stock Exchange","CAD","-","CNY"
"1478","Q TECHNOLOGY (GROUP) LTD","Information Technology","Equity","193.66","0.00","193.66","206.00","0.94","China","Hong Kong Exchanges And Clearing Ltd","CAD","-","HKD"
"667","CHINA EAST EDUCATION HOLDINGS LTD","Consumer Discretionary","Equity","192.99","0.00","192.99","280.00","0.69","China","Hong Kong Exchanges And Clearing Ltd","CAD","-","HKD"
"OPM","OPMOBILITY","Consumer Discretionary","Equity","192.54","0.00","192.54","10.00","19.98","France","Nyse Euronext - Euronext Paris","CAD","-","EUR"
"ESABINDIA","ESAB INDIA LTD","Industrials","Equity","192.50","0.00","192.50","2.00","81.91","India","National Stock Exchange Of India","CAD","-","INR"
"300207","SUNWODA ELECTRONIC LTD A","Industrials","Equity","192.32","0.00","192.32","46.00","4.22","China","Shenzhen Stock Exchange","CAD","-","CNY"
"DOU","DOUGLAS N AG","Consumer Discretionary","Equity","191.95","0.00","191.95","16.00","11.74","Germany","Xetra","CAD","-","EUR"
"GARFIBRES","GARWARE TECHNICAL FIBRES LTD","Consumer Discretionary","Equity","191.42","0.00","191.42","16.00","11.66","India","National Stock Exchange Of India","CAD","-","INR"
"579","BEIJING JINGNENG CLEAN ENERGY LTD","Utilities","Equity","191.42","0.00","191.42","660.00","0.29","China","Hong Kong Exchanges And Clearing Ltd","CAD","-","HKD"
"517","COSCO SHIPPING INTERNATIONAL (HONG","Industrials","Equity","191.42","0.00","191.42","168.00","1.14","China","Hong Kong Exchanges And Clearing Ltd","CAD","-","HKD"
"2154","OPEN UP GROUP INC","Industrials","Equity","191.10","0.00","191.10","10.00","18.35","Japan","Tokyo Stock Exchange","CAD","-","JPY"
"2172","MICROPORT NEUROTECH CORP","Health Care","Equity","191.08","0.00","191.08","133.00","1.44","China","Hong Kong Exchanges And Clearing Ltd","CAD","-","HKD"
"9601","SHOCHIKU","Communication","Equity","191.01","0.00","191.01","2.00","98.87","Japan","Tokyo Stock Exchange","CAD","-","JPY"
"DOCS","DR. MARTENS","Consumer Discretionary","Equity","190.66","0.00","190.66","153.00","1.25","United Kingdom","London Stock Exchange","CAD","-","GBP"
"NEWGEN","NEWGEN SOFTWARE TECHNOLOGIES LTD","Information Technology","Equity","190.17","0.00","190.17","27.00","7.14","India","National Stock Exchange Of India","CAD","-","INR"
"RECV3","PETRORECONCAVO","Energy","Equity","190.08","0.00","190.08","63.00","3.04","Brazil","XBSP","CAD","-","BRL"
"AGTHIA","AGTHIA GROUP","Consumer Staples","Equity","190.04","0.00","190.04","150.00","1.27","United Arab Emirates","Abu Dhabi Securities Exchange","CAD","-","AED"
"FINV","FINVOLUTION GROUP ADR CLASS A","Financials","Equity","189.52","0.00","189.52","40.00","4.73","China","New York Stock Exchange Inc.","CAD","-","USD"
"JKS","JINKOSOLAR HOLDING ADR REP","Information Technology","Equity","189.29","0.00","189.29","13.00","15.05","China","New York Stock Exchange Inc.","CAD","-","USD"
"MONDE","MONDE NISSIN","Consumer Staples","Equity","189.21","0.00","189.21","1,261.00","0.15","Philippines","Philippine Stock Exchange Inc.","CAD","-","PHP"
"CLARI","CLARIANE","Health Care","Equity","188.73","0.00","188.73","29.00","6.40","France","Nyse Euronext - Euronext Paris","CAD","-","EUR"
"GENP","GENTING PLANTATIONS","Consumer Staples","Equity","188.36","0.00","188.36","91.00","2.08","Malaysia","Bursa Malaysia","CAD","-","MYR"
"GLOBAL.R","SIAM GLOBAL HOUSE NON-VOTING DR PC","Consumer Discretionary","Equity","188.17","0.00","188.17","697.00","0.27","Thailand","Stock Exchange Of Thailand","CAD","-","THB"
"1789","AK MEDICAL HOLDINGS LTD","Health Care","Equity","187.20","0.00","187.20","218.00","0.86","China","Hong Kong Exchanges And Clearing Ltd","CAD","-","HKD"
"107","SICHUAN EXPRESS H","Industrials","Equity","187.09","0.00","187.09","220.00","0.85","China","Hong Kong Exchanges And Clearing Ltd","CAD","-","HKD"
"JDW","WETHERSPOON(J.D.) PLC","Consumer Discretionary","Equity","186.85","0.00","186.85","12.00","15.02","United Kingdom","London Stock Exchange","CAD","-","GBP"
"JYOTHYLAB","JYOTHY LABS LTD","Consumer Staples","Equity","186.69","0.00","186.69","66.00","2.83","India","National Stock Exchange Of India","CAD","-","INR"
"SENCO","SENCO GOLD LTD","Consumer Discretionary","Equity","186.53","0.00","186.53","37.00","4.99","India","National Stock Exchange Of India","CAD","-","INR"
"ASKAUTOLTD","ASK AUTOMOTIVE LTD","Consumer Discretionary","Equity","186.25","0.00","186.25","21.00","9.02","India","National Stock Exchange Of India","CAD","-","INR"
"5911","YOKOGAWA BRIDGE HOLDINGS CORP","Industrials","Equity","186.09","0.00","186.09","7.00","27.30","Japan","Tokyo Stock Exchange","CAD","-","JPY"
"NUF","NUFARM","Materials","Equity","185.72","0.00","185.72","57.00","3.25","Australia","Asx - All Markets","CAD","-","AUD"
"CMHC","COSMO N NV","Health Care","Equity","185.27","0.00","185.27","2.00","94.57","Switzerland","SIX Swiss Exchange","CAD","-","CHF"
"KIN","KINEPOLIS NV","Communication","Equity","184.70","0.00","184.70","2.00","79.92","Belgium","Nyse Euronext - Euronext Brussels","CAD","-","EUR"
"005300","LOTTE CHILSUNG BEVERAGE LTD","Consumer Staples","Equity","184.47","0.00","184.47","2.00","95.97","Korea (South)","Korea Exchange (Stock Market)","CAD","-","KRW"
"6808","SUN ART RETAIL GROUP LTD","Consumer Staples","Equity","184.45","0.00","184.45","1,025.00","0.18","China","Hong Kong Exchanges And Clearing Ltd","CAD","-","HKD"
"DMC","DMCI HOLDINGS INC","Industrials","Equity","184.22","0.00","184.22","1,023.00","0.18","Philippines","Philippine Stock Exchange Inc.","CAD","-","PHP"
"UPP","UNION PROPERTIES","Industrials","Equity","183.85","0.00","183.85","799.00","0.23","United Arab Emirates","Dubai Financial Market","CAD","-","AED"
"RITES","RITES LTD","Industrials","Equity","183.65","0.00","183.65","61.00","3.03","India","National Stock Exchange Of India","CAD","-","INR"
"2722","CHONGQING MACHINERY & ELECTRIC LTD","Industrials","Equity","183.60","0.00","183.60","612.00","0.30","China","Hong Kong Exchanges And Clearing Ltd","CAD","-","HKD"
"SMT","SUMMIT REAL ESTATE HOLDINGS LTD","Real Estate","Equity","183.27","0.00","183.27","9.00","20.85","Israel","Tel Aviv Stock Exchange","CAD","-","ILS"
"7630","ICHIBANYA","Consumer Discretionary","Equity","183.05","0.00","183.05","19.00","9.72","Japan","Tokyo Stock Exchange","CAD","-","JPY"
"6395","TADANO","Industrials","Equity","182.93","0.00","182.93","15.00","12.41","Japan","Tokyo Stock Exchange","CAD","-","JPY"
"FRAS3","FRAS-LE SA","Consumer Discretionary","Equity","182.77","0.00","182.77","29.00","6.37","Brazil","XBSP","CAD","-","BRL"
"SHAKTIPUMP","SHAKTI PUMPS INDIA LTD","Industrials","Equity","182.74","0.00","182.74","27.00","6.77","India","National Stock Exchange Of India","CAD","-","INR"
"4161","BINDAWOOD HOLDING","Consumer Staples","Equity","182.63","0.00","182.63","107.00","1.71","Saudi Arabia","Saudi Stock Exchange","CAD","-","SAR"
"3863","NIPPON PAPER INDUSTRIES","Materials","Equity","182.56","0.00","182.56","15.00","11.98","Japan","Tokyo Stock Exchange","CAD","-","JPY"
"TTW.R","TTW PUBLIC COMPANY LIMITED NON-VOT","Utilities","Equity","182.33","0.00","182.33","434.00","0.42","Thailand","Stock Exchange Of Thailand","CAD","-","THB"
"1377","SAKATA SEED CORP","Consumer Staples","Equity","182.27","0.00","182.27","5.00","39.78","Japan","Tokyo Stock Exchange","CAD","-","JPY"
"6017","JAHEZ INTERNATIONAL","Consumer Discretionary","Equity","182.23","0.00","182.23","41.00","4.43","Saudi Arabia","Saudi Stock Exchange","CAD","-","SAR"
"MRN","MERSEN SA","Industrials","Equity","182.10","0.00","182.10","3.00","60.28","France","Nyse Euronext - Euronext Paris","CAD","-","EUR"
"9672","TOKYOTOKEIBA LTD","Consumer Discretionary","Equity","181.59","0.00","181.59","4.00","44.50","Japan","Tokyo Stock Exchange","CAD","-","JPY"
"MANORAMA","MANORAMA INDUSTRIES LTD","Consumer Staples","Equity","181.58","0.00","181.58","6.00","28.27","India","National Stock Exchange Of India","CAD","-","INR"
"6127","JOINN LABORATORIES (CHINA) CLASS H","Health Care","Equity","181.04","0.00","181.04","44.00","4.11","China","Hong Kong Exchanges And Clearing Ltd","CAD","-","HKD"
"006120","SK DISCOVERY","Energy","Equity","180.98","0.00","180.98","3.00","57.50","Korea (South)","Korea Exchange (Stock Market)","CAD","-","KRW"
"1052","YUEXIU TRANSPORT INFRASTRUCTURE LT","Industrials","Equity","180.96","0.00","180.96","302.00","0.60","China","Hong Kong Exchanges And Clearing Ltd","CAD","-","HKD"
"6104","SHIBAURA MACHINE LTD","Industrials","Equity","180.88","0.00","180.88","4.00","40.68","Japan","Tokyo Stock Exchange","CAD","-","JPY"
"-","TRIVENI POWER TRANSMISSION LIMITED","Consumer Staples","Equity","180.60","0.00","180.60","23.00","7.94","India","National Stock Exchange Of India","CAD","-","INR"
"CTRA","CIPUTRA DEVELOPMENT","Real Estate","Equity","180.58","0.00","180.58","3,612.00","0.05","Indonesia","Indonesia Stock Exchange","CAD","-","IDR"
"BA.R","BANGKOK AIRWAYS NON-VOTING DR","Industrials","Equity","180.33","0.00","180.33","228.00","0.79","Thailand","Stock Exchange Of Thailand","CAD","-","THB"
"AARTIPHARM","AARTI PHARMALABS LTD","Health Care","Equity","179.88","0.00","179.88","15.00","12.06","India","National Stock Exchange Of India","CAD","-","INR"
"6727","WACOM LTD","Information Technology","Equity","179.77","0.00","179.77","24.00","7.57","Japan","Tokyo Stock Exchange","CAD","-","JPY"
"6412","CHICONY POWER TECHNOLOGY LTD","Industrials","Equity","179.56","0.00","179.56","55.00","3.25","Taiwan","Taiwan Stock Exchange","CAD","-","TWD"
"CONCORDBIO","CONCORD BIOTECH LTD","Health Care","Equity","179.42","0.00","179.42","8.00","21.30","India","National Stock Exchange Of India","CAD","-","INR"
"PSM","PROSIEBEN SAT.1 MEDIA N","Communication","Equity","179.12","0.00","179.12","33.00","5.51","Germany","Xetra","CAD","-","EUR"
"3087","DOUTOR NICHIRES HOLDINGS LTD","Consumer Discretionary","Equity","179.04","0.00","179.04","6.00","29.19","Japan","Tokyo Stock Exchange","CAD","-","JPY"
"ICAD","ICADE REIT SA","Real Estate","Equity","179.00","0.00","179.00","7.00","27.25","France","Nyse Euronext - Euronext Paris","CAD","-","EUR"
"6740","JAPAN DISPLAY","Information Technology","Equity","178.85","0.00","178.85","389.00","0.46","Japan","Tokyo Stock Exchange","CAD","-","JPY"
"ARVINDFASN","ARVIND FASHIONS LTD","Consumer Discretionary","Equity","178.65","0.00","178.65","29.00","6.20","India","National Stock Exchange Of India","CAD","-","INR"
"3865","HOKUETSU CORP","Materials","Equity","177.98","0.00","177.98","22.00","8.25","Japan","Tokyo Stock Exchange","CAD","-","JPY"
"TARIL","TRANSFORMERS AND RECTIFIERS INDIA","Industrials","Equity","177.79","0.00","177.79","44.00","4.02","India","National Stock Exchange Of India","CAD","-","INR"
"SDIP B","SDIPTECH CLASS B","Industrials","Equity","177.56","0.00","177.56","5.00","35.14","Sweden","Nasdaq Omx Nordic","CAD","-","SEK"
"AMANAT","AMANAT HOLDING","Financials","Equity","177.21","0.00","177.21","316.00","0.56","United Arab Emirates","Dubai Financial Market","CAD","-","AED"
"7545","NISHIMATSUYA CHAIN LTD","Consumer Discretionary","Equity","177.05","0.00","177.05","10.00","17.57","Japan","Tokyo Stock Exchange","CAD","-","JPY"
"2158","YIDU TECH INC","Health Care","Equity","176.98","0.00","176.98","285.00","0.62","China","Hong Kong Exchanges And Clearing Ltd","CAD","-","HKD"
"IGIL","INTERNATIONAL GEMOLOGICAL INSTITUT","Industrials","Equity","176.82","0.00","176.82","39.00","4.59","India","National Stock Exchange Of India","CAD","-","INR"
"KLS","KELSIAN GROUP","Industrials","Equity","176.34","0.00","176.34","44.00","4.03","Australia","Asx - All Markets","CAD","-","AUD"
"BLA.R","BANGKOK LIFE ASSURANCE NON-VOTING","Financials","Equity","176.28","0.00","176.28","171.00","1.03","Thailand","Stock Exchange Of Thailand","CAD","-","THB"
"4192","AL-SAIF STORES DEVELOPMENT AND INV","Consumer Discretionary","Equity","176.28","0.00","176.28","76.00","2.32","Saudi Arabia","Saudi Stock Exchange","CAD","-","SAR"
"9699","HANGZHOU SF TONGCHENG INDUSTRIAL L","Industrials","Equity","175.88","0.00","175.88","116.00","1.52","China","Hong Kong Exchanges And Clearing Ltd","CAD","-","HKD"
"2501","CATHAY REAL ESTATE DEVELOPMENT LTD","Real Estate","Equity","174.99","0.00","174.99","186.00","0.94","Taiwan","Taiwan Stock Exchange","CAD","-","TWD"
"ALEFEDT","ALEF EDUCATION HOLDING PLC","Consumer Discretionary","Equity","174.56","0.00","174.56","472.00","0.37","United Arab Emirates","Abu Dhabi Securities Exchange","CAD","-","AED"
"2695","KURA SUSHI INC","Consumer Discretionary","Equity","174.42","0.00","174.42","11.00","15.31","Japan","Tokyo Stock Exchange","CAD","-","JPY"
"ARJO B","ARJO CLASS B","Health Care","Equity","173.42","0.00","173.42","43.00","4.03","Sweden","Nasdaq Omx Nordic","CAD","-","SEK"
"GALAXYSURF","GALAXY SURFACTANTS LTD","Materials","Equity","173.03","0.00","173.03","5.00","32.90","India","National Stock Exchange Of India","CAD","-","INR"
"ITC.R","I-TAIL CORPORATION PUBLIC COMPANY","Consumer Staples","Equity","173.03","0.00","173.03","234.00","0.74","Thailand","Stock Exchange Of Thailand","CAD","-","THB"
"4018","ALMOOSA HEALTH CO","Health Care","Equity","173.03","0.00","173.03","4.00","43.93","Saudi Arabia","Saudi Stock Exchange","CAD","-","SAR"
"7780","MENICON LTD","Health Care","Equity","172.63","0.00","172.63","11.00","15.99","Japan","Tokyo Stock Exchange","CAD","-","JPY"
"AGI","ALLIANCE GLOBAL GROUP","Industrials","Equity","172.50","0.00","172.50","863.00","0.20","Philippines","Philippine Stock Exchange Inc.","CAD","-","PHP"
"018670","SK GAS LTD","Energy","Equity","172.34","0.00","172.34","1.00","243.46","Korea (South)","Korea Exchange (Stock Market)","CAD","-","KRW"
"5314","MYSON CENTURY INC","Information Technology","Equity","172.33","0.00","172.33","141.00","1.22","Taiwan","Gretai Securities Market","CAD","-","TWD"
"COR","CORTICEIRA AMORIM SA","Materials","Equity","172.22","0.00","172.22","15.00","11.33","Portugal","Nyse Euronext - Euronext Lisbon","CAD","-","EUR"
"PPGN","POLYPEPTIDE N AG","Health Care","Equity","171.91","0.00","171.91","2.00","74.79","Switzerland","SIX Swiss Exchange","CAD","-","CHF"
"SFL","SHEELA FOAM","Consumer Discretionary","Equity","171.77","0.00","171.77","18.00","9.81","India","National Stock Exchange Of India","CAD","-","INR"
"BLS","BLS INTERNATIONAL SERVICES","Industrials","Equity","171.50","0.00","171.50","52.00","3.32","India","National Stock Exchange Of India","CAD","-","INR"
"NA9","NAGARRO N","Information Technology","Equity","171.18","0.00","171.18","1.00","124.98","Germany","Xetra","CAD","-","EUR"
"PNE3","PNE AG","Industrials","Equity","171.14","0.00","171.14","15.00","11.65","Germany","Xetra","CAD","-","EUR"
"ARF","ARENA REIT STAPLED UNITS","Real Estate","Equity","170.95","0.00","170.95","80.00","2.15","Australia","Asx - All Markets","CAD","-","AUD"
"000983","SHANXI COKING COAL ENERGY GROUP LT","Energy","Equity","170.86","0.00","170.86","126.00","1.36","China","Shenzhen Stock Exchange","CAD","-","CNY"
"LYDHO.E","LYDIA HOLDING A.S.","Real Estate","Equity","170.20","0.00","170.20","57.00","3.00","Turkey","Istanbul Stock Exchange","CAD","-","TRY"
"VOS","VOSSLOH AG","Industrials","Equity","169.73","0.00","169.73","2.00","88.60","Germany","Xetra","CAD","-","EUR"
"CWC","CEWE STIFTUNG","Industrials","Equity","169.18","0.00","169.18","1.00","173.82","Germany","Xetra","CAD","-","EUR"
"MAPA","MAP AKTIF ADIPERKASA","Consumer Discretionary","Equity","168.71","0.00","168.71","3,374.00","0.05","Indonesia","Indonesia Stock Exchange","CAD","-","IDR"
"ZV","ZIGNAGO VETRO","Materials","Equity","168.28","0.00","168.28","16.00","10.68","Italy","Borsa Italiana","CAD","-","EUR"
"EFIH","E-FINANCE FOR DIGITAL AND FINANCIA","Financials","Equity","168.08","0.00","168.08","263.00","0.64","Egypt","Egyptian Exchange","CAD","-","EGP"
"WESTLIFE","WESTLIFE FOODWORLD LTD","Consumer Discretionary","Equity","167.54","0.00","167.54","21.00","8.00","India","National Stock Exchange Of India","CAD","-","INR"
"J85","CDL HOSPITALITY REIT UNITS","Real Estate","Equity","167.50","0.00","167.50","204.00","0.82","Singapore","Singapore Exchange","CAD","-","SGD"
"9956","VALOR HOLDINGS","Consumer Staples","Equity","167.33","0.00","167.33","5.00","31.03","Japan","Tokyo Stock Exchange","CAD","-","JPY"
"4369","TRI CHEMICAL LABORATORIES INC","Information Technology","Equity","166.87","0.00","166.87","6.00","26.12","Japan","Tokyo Stock Exchange","CAD","-","JPY"
"6561","CHIEF TELECOM INC","Communication","Equity","166.72","0.00","166.72","12.00","13.88","Taiwan","Gretai Securities Market","CAD","-","TWD"
"MFCB","MEGA FIRST CORPORATION","Utilities","Equity","166.11","0.00","166.11","166.00","1.00","Malaysia","Bursa Malaysia","CAD","-","MYR"
"2533","BLACK SESAME INTERNATIONAL HOLDING","Information Technology","Equity","165.50","0.00","165.50","97.00","1.71","China","Hong Kong Exchanges And Clearing Ltd","CAD","-","HKD"
"3092","RIYADH CEMENT CO","Materials","Equity","165.46","0.00","165.46","20.00","8.41","Saudi Arabia","Saudi Stock Exchange","CAD","-","SAR"
"2858","YIXIN GROUP LTD","Financials","Equity","165.40","0.00","165.40","871.00","0.19","China","Hong Kong Exchanges And Clearing Ltd","CAD","-","HKD"
"TIPSMUSIC","TIPS MUSIC LTD","Communication","Equity","165.38","0.00","165.38","17.00","9.57","India","National Stock Exchange Of India","CAD","-","INR"
"600536","CHINA NATIONAL SOFTWARE & SERVICE","Information Technology","Equity","165.36","0.00","165.36","26.00","6.48","China","Shanghai Stock Exchange","CAD","-","CNY"
"ENTRA","ENTRA","Real Estate","Equity","165.18","0.00","165.18","11.00","15.17","Norway","Oslo Bors Asa","CAD","-","NOK"
"185750","CHONG KUN DANG PHARMACEUTICAL","Health Care","Equity","164.70","0.00","164.70","2.00","66.20","Korea (South)","Korea Exchange (Stock Market)","CAD","-","KRW"
"HTG","HUNTING PLC","Energy","Equity","164.49","0.00","164.49","22.00","7.37","United Kingdom","London Stock Exchange","CAD","-","GBP"
"SCCC.R","SIAM CITY CEMENT NON-VOTING DR","Materials","Equity","164.38","0.00","164.38","26.00","6.37","Thailand","Stock Exchange Of Thailand","CAD","-","THB"
"6023","YUANTA FUTURES LTD","Financials","Equity","164.38","0.00","164.38","43.00","3.86","Taiwan","Gretai Securities Market","CAD","-","TWD"
"6750","ELECOM","Information Technology","Equity","164.37","0.00","164.37","9.00","18.21","Japan","Tokyo Stock Exchange","CAD","-","JPY"
"MANYAVAR","VEDANT FASHIONS","Consumer Discretionary","Equity","163.85","0.00","163.85","20.00","8.27","India","National Stock Exchange Of India","CAD","-","INR"
"METSB","METSA BOARD CLASS B","Materials","Equity","163.78","0.00","163.78","30.00","5.46","Finland","Nasdaq Omx Helsinki Ltd.","CAD","-","EUR"
"DANE","DANEL ADIR YEHOSHUA LTD","Industrials","Equity","163.76","0.00","163.76","1.00","196.87","Israel","Tel Aviv Stock Exchange","CAD","-","ILS"
"AUTN","AUTONEUM HOLDING AG","Consumer Discretionary","Equity","162.80","0.00","162.80","1.00","211.22","Switzerland","SIX Swiss Exchange","CAD","-","CHF"
"6804","HOSIDEN CORP","Information Technology","Equity","162.21","0.00","162.21","7.00","22.90","Japan","Tokyo Stock Exchange","CAD","-","JPY"
"7599","IDOM INC","Consumer Discretionary","Equity","161.96","0.00","161.96","15.00","11.09","Japan","Tokyo Stock Exchange","CAD","-","JPY"
"ALKYLAMINE","ALKYL AMINES CHEMICALS LTD","Materials","Equity","161.86","0.00","161.86","6.00","26.88","India","National Stock Exchange Of India","CAD","-","INR"
"8977","HANKYU HANSHIN REIT INC","Real Estate","Equity","161.73","0.00","161.73","0.00","1,198.88","Japan","Tokyo Stock Exchange","CAD","-","JPY"
"2707","FORMOSA INTERNATIONAL HOTELS CORP","Consumer Discretionary","Equity","161.43","0.00","161.43","21.00","7.76","Taiwan","Taiwan Stock Exchange","CAD","-","TWD"
"KIRLFER","KIRLOSKAR FERROUS INDUSTRIES LTD","Materials","Equity","161.14","0.00","161.14","23.00","6.92","India","National Stock Exchange Of India","CAD","-","INR"
"AUSS","AUSTEVOLL SEAFOOD","Consumer Staples","Equity","160.66","0.00","160.66","13.00","12.52","Norway","Oslo Bors Asa","CAD","-","NOK"
"INTP","INDOCEMENT TUNGGAL PRAKARSA","Materials","Equity","160.64","0.00","160.64","382.00","0.42","Indonesia","Indonesia Stock Exchange","CAD","-","IDR"
"SFER","SALVATORE FERRAGAMO","Consumer Discretionary","Equity","159.15","0.00","159.15","12.00","12.85","Italy","Borsa Italiana","CAD","-","EUR"
"MEGA.R","MEGA LIFESCIENCE NON-VOTING DR","Health Care","Equity","158.88","0.00","158.88","106.00","1.50","Thailand","Stock Exchange Of Thailand","CAD","-","THB"
"600895","SHANGHAI ZHANGJIANG HI-TECH PARK D","Real Estate","Equity","158.79","0.00","158.79","27.00","5.84","China","Shanghai Stock Exchange","CAD","-","CNY"
"BSL","RAFFLES MEDICAL GROUP LTD","Health Care","Equity","157.76","0.00","157.76","170.00","0.93","Singapore","Singapore Exchange","CAD","-","SGD"
"PHP","PHP CASH","Cash and/or Derivatives","Cash","157.66","0.00","157.66","71.00","2.23","Philippines","-","CAD","-","PHP"
"1608","HUA ENG WIRE AND CABLE LTD","Industrials","Equity","157.61","0.00","157.61","100.00","1.58","Taiwan","Taiwan Stock Exchange","CAD","-","TWD"
"688617","APT MEDICAL INC A","Health Care","Equity","156.29","0.00","156.29","3.00","50.84","China","Shanghai Stock Exchange","CAD","-","CNY"
"600352","ZHEJIANG LONGSHENG GROUP LTD A","Materials","Equity","156.05","0.00","156.05","65.00","2.41","China","Shanghai Stock Exchange","CAD","-","CNY"
"JWL","JUPITER WAGONS LTD","Industrials","Equity","155.67","0.00","155.67","46.00","3.37","India","National Stock Exchange Of India","CAD","-","INR"
"8153","MOS FOOD SERVICES INC","Consumer Discretionary","Equity","155.49","0.00","155.49","4.00","36.01","Japan","Tokyo Stock Exchange","CAD","-","JPY"
"7222","NISSAN SHATAI LTD","Consumer Discretionary","Equity","154.97","0.00","154.97","18.00","8.41","Japan","Tokyo Stock Exchange","CAD","-","JPY"
"3880","DAIO PAPER","Materials","Equity","154.94","0.00","154.94","17.00","9.14","Japan","Tokyo Stock Exchange","CAD","-","JPY"
"SANOFICONR","SANOFI CONSUMER HEALTHCARE INDIA L","Health Care","Equity","154.65","0.00","154.65","3.00","58.16","India","National Stock Exchange Of India","CAD","-","INR"
"600642","SHENERGY LTD A","Utilities","Equity","154.47","0.00","154.47","86.00","1.80","China","Shanghai Stock Exchange","CAD","-","CNY"
"CNVRG","CONVERGE INFORMATION & COMMUNICATI","Communication","Equity","152.93","0.00","152.93","765.00","0.20","Philippines","Philippine Stock Exchange Inc.","CAD","-","PHP"
"8273","IZUMI LTD","Consumer Discretionary","Equity","152.86","0.00","152.86","17.00","9.02","Japan","Tokyo Stock Exchange","CAD","-","JPY"
"RHIM","RHI MAGNESITA INDIA LTD","Materials","Equity","151.37","0.00","151.37","28.00","5.34","India","National Stock Exchange Of India","CAD","-","INR"
"3765","GUNGHO ONLINE ENTERTAINMENT","Communication","Equity","151.16","0.00","151.16","7.00","22.76","Japan","Tokyo Stock Exchange","CAD","-","JPY"
"-","GSPL TRANSMISSION LIMITED","Utilities","Equity","150.94","0.00","150.94","69.00","2.19","India","National Stock Exchange Of India","CAD","-","INR"
"AYGAZ.E","AYGAZ A","Utilities","Equity","150.90","0.00","150.90","16.00","9.20","Turkey","Istanbul Stock Exchange","CAD","-","TRY"
"VARROC","VARROC ENGINEERING LTD","Consumer Discretionary","Equity","150.40","0.00","150.40","12.00","12.34","India","National Stock Exchange Of India","CAD","-","INR"
"ORIENT","ORIENTAL HOLDINGS","Consumer Discretionary","Equity","150.32","0.00","150.32","62.00","2.41","Malaysia","Bursa Malaysia","CAD","-","MYR"
"4071","ARABIAN CONTRACTING SERVICES","Communication","Equity","149.34","0.00","149.34","7.00","20.05","Saudi Arabia","Saudi Stock Exchange","CAD","-","SAR"
"300896","IMEIK TECHNOLOGY DEVELOPMENT LTD A","Health Care","Equity","149.05","0.00","149.05","8.00","18.52","China","Shenzhen Stock Exchange","CAD","-","CNY"
"3617","CYBERPOWER SYSTEMS INC","Industrials","Equity","148.80","0.00","148.80","14.00","10.68","Taiwan","Taiwan Stock Exchange","CAD","-","TWD"
"4694","BML INC","Health Care","Equity","148.14","0.00","148.14","4.00","33.27","Japan","Tokyo Stock Exchange","CAD","-","JPY"
"7864","FUJI SEAL INTERNATIONAL INC","Materials","Equity","147.97","0.00","147.97","5.00","30.49","Japan","Tokyo Stock Exchange","CAD","-","JPY"
"DNR","INDUSTRIE DE NORA","Industrials","Equity","147.34","0.00","147.34","13.00","11.36","Italy","Borsa Italiana","CAD","-","EUR"
"ATRLJ B","ATRIUM LJUNGBERG CLASS B","Real Estate","Equity","147.20","0.00","147.20","41.00","3.57","Sweden","Nasdaq Omx Nordic","CAD","-","SEK"
"300251","BEIJING ENLIGHT MEDIA LTD A","Communication","Equity","147.16","0.00","147.16","65.00","2.28","China","Shenzhen Stock Exchange","CAD","-","CNY"
"LEVE3","MAHLE-METAL LEVE SA","Consumer Discretionary","Equity","147.08","0.00","147.08","16.00","8.94","Brazil","XBSP","CAD","-","BRL"
"1896","MAOYAN ENTERTAINMENT","Communication","Equity","146.80","0.00","146.80","207.00","0.71","China","Hong Kong Exchanges And Clearing Ltd","CAD","-","HKD"
"EKT","ENERGIEKONTOR AG","Industrials","Equity","146.78","0.00","146.78","4.00","41.37","Germany","Xetra","CAD","-","EUR"
"542323","KPI GREEN ENERGY LTD","Utilities","Equity","146.25","0.00","146.25","36.00","4.06","India","Bse Ltd","CAD","-","INR"
"IDR","IDR CASH","Cash and/or Derivatives","Cash","146.22","0.00","146.22","14,622.00","0.01","Indonesia","-","CAD","-","IDR"
"TASCO.R","TIPCO ASPHALT NON-VOTING DR PCL","Materials","Equity","146.00","0.00","146.00","203.00","0.72","Thailand","Stock Exchange Of Thailand","CAD","-","THB"
"3633","ZHONGYU ENERGY HOLDINGS","Utilities","Equity","146.00","0.00","146.00","311.00","0.47","China","Hong Kong Exchanges And Clearing Ltd","CAD","-","HKD"
"6719","UPI SEMICONDUCTOR","Information Technology","Equity","145.98","0.00","145.98","18.00","7.94","Taiwan","Taiwan Stock Exchange","CAD","-","TWD"
"8968","FUKUOKA REIT CORP","Real Estate","Equity","145.61","0.00","145.61","0.00","1,552.71","Japan","Tokyo Stock Exchange","CAD","-","JPY"
"BLUEDART","BLUE DART EXPRESS LTD","Industrials","Equity","145.50","0.00","145.50","2.00","70.14","India","National Stock Exchange Of India","CAD","-","INR"
"600009","SHANGHAI INTERNATIONAL AIRPORT LTD","Industrials","Equity","144.94","0.00","144.94","31.00","4.69","China","Shanghai Stock Exchange","CAD","-","CNY"
"9911","TAIWAN SAKURA CORP","Consumer Discretionary","Equity","144.91","0.00","144.91","40.00","3.58","Taiwan","Taiwan Stock Exchange","CAD","-","TWD"
"ETHOSLTD","ETHOS LTD","Consumer Discretionary","Equity","144.91","0.00","144.91","4.00","38.65","India","National Stock Exchange Of India","CAD","-","INR"
"SCC","SEMIRARA MINING AND POWER CORP","Energy","Equity","144.76","0.00","144.76","322.00","0.45","Philippines","Philippine Stock Exchange Inc.","CAD","-","PHP"
"0126Z0","SAMSUNG EPIS HOLDINGS LTD","Health Care","Equity","144.55","0.00","144.55","0.00","336.59","Korea (South)","Korea Exchange (Stock Market)","CAD","-","KRW"
"900947","SHANGHAI ZHENHUA HEAVY INDUSTRY LT","Industrials","Equity","143.83","0.00","143.83","400.00","0.36","China","Shanghai Stock Exchange","CAD","-","USD"
"811","XINHUA WINSHARE PUBLISHING AND MED","Communication","Equity","143.83","0.00","143.83","101.00","1.43","China","Hong Kong Exchanges And Clearing Ltd","CAD","-","HKD"
"4985","EARTH CORP","Consumer Staples","Equity","143.75","0.00","143.75","3.00","42.93","Japan","Tokyo Stock Exchange","CAD","-","JPY"
"XVIVO","XVIVO PERFUSION","Health Care","Equity","143.45","0.00","143.45","4.00","34.91","Sweden","Nasdaq Omx Nordic","CAD","-","SEK"
"4928","NOEVIR HOLDINGS LTD","Consumer Staples","Equity","142.85","0.00","142.85","3.00","43.42","Japan","Tokyo Stock Exchange","CAD","-","JPY"
"9668","CHINA BOHAI BANK LTD H H","Financials","Equity","142.75","0.00","142.75","1,020.00","0.14","China","Hong Kong Exchanges And Clearing Ltd","CAD","-","HKD"
"VMART","V MART RETAIL","Consumer Discretionary","Equity","142.72","0.00","142.72","12.00","11.52","India","National Stock Exchange Of India","CAD","-","INR"
"1112","HEALTH AND HAPPINESS (H&H) INTERNA","Consumer Staples","Equity","142.50","0.00","142.50","48.00","3.00","Hong Kong","Hong Kong Exchanges And Clearing Ltd","CAD","-","HKD"
"839","CHINA EDUCATION GROUP HOLDINGS","Consumer Discretionary","Equity","142.32","0.00","142.32","431.00","0.33","China","Hong Kong Exchanges And Clearing Ltd","CAD","-","HKD"
"688188","SHANGHAI FRIENDESS ELECTRONICS TEC","Information Technology","Equity","142.19","0.00","142.19","7.00","19.77","China","Shanghai Stock Exchange","CAD","-","CNY"
"JKPAPER","JK PAPER LTD","Materials","Equity","142.05","0.00","142.05","23.00","6.09","India","National Stock Exchange Of India","CAD","-","INR"
"4506","GOLDEN FRIENDS LTD","Industrials","Equity","141.67","0.00","141.67","27.00","5.24","Taiwan","Gretai Securities Market","CAD","-","TWD"
"4163","AL DAWAA MEDICAL SERVICES","Consumer Staples","Equity","140.57","0.00","140.57","10.00","13.87","Saudi Arabia","Saudi Stock Exchange","CAD","-","SAR"
"MEG","MEGAWORLD CORP","Real Estate","Equity","139.63","0.00","139.63","2,793.00","0.05","Philippines","Philippine Stock Exchange Inc.","CAD","-","PHP"
"V2RETAIL","V2 RETAIL LTD","Consumer Discretionary","Equity","139.03","0.00","139.03","45.00","3.07","India","National Stock Exchange Of India","CAD","-","INR"
"2685","AND ST HD LTD","Consumer Discretionary","Equity","138.33","0.00","138.33","5.00","28.51","Japan","Tokyo Stock Exchange","CAD","-","JPY"
"1720","TOKYU CONSTRUCTION LTD","Industrials","Equity","138.31","0.00","138.31","12.00","11.13","Japan","Tokyo Stock Exchange","CAD","-","JPY"
"1835","TOTETSU KOGYO LTD","Industrials","Equity","138.17","0.00","138.17","4.00","35.65","Japan","Tokyo Stock Exchange","CAD","-","JPY"
"1407","WEST HOLDINGS","Industrials","Equity","137.39","0.00","137.39","7.00","20.12","Japan","Tokyo Stock Exchange","CAD","-","JPY"
"603260","HOSHINE SILICON INDUSTRY LTD A","Materials","Equity","137.32","0.00","137.32","21.00","6.67","China","Shanghai Stock Exchange","CAD","-","CNY"
"1686","SUNEVISION HOLDINGS LTD","Information Technology","Equity","137.13","0.00","137.13","140.00","0.98","Hong Kong","Hong Kong Exchanges And Clearing Ltd","CAD","-","HKD"
"SANOFI","SANOFI INDIA LTD","Health Care","Equity","136.93","0.00","136.93","3.00","44.98","India","National Stock Exchange Of India","CAD","-","INR"
"AAGB","AIRASIA GROUP","Industrials","Equity","136.38","0.00","136.38","802.00","0.17","Malaysia","Bursa Malaysia","CAD","-","MYR"
"2836","BANK OF KAOHSIUNG LTD","Financials","Equity","136.31","0.00","136.31","248.00","0.55","Taiwan","Taiwan Stock Exchange","CAD","-","TWD"
"WELENT","WELSPUN ENTERPRISES","Industrials","Equity","136.26","0.00","136.26","12.00","11.35","India","National Stock Exchange Of India","CAD","-","INR"
"DIOS","DIOS FASTIGHETER","Real Estate","Equity","136.22","0.00","136.22","15.00","8.98","Sweden","Nasdaq Omx Nordic","CAD","-","SEK"
"603806","HANGZHOU FIRST APPLIED MATERIAL LT","Information Technology","Equity","136.02","0.00","136.02","47.00","2.92","China","Shanghai Stock Exchange","CAD","-","CNY"
"600839","SICHUAN CHANGHONG ELECTRIC LTD A","Consumer Discretionary","Equity","135.71","0.00","135.71","98.00","1.39","China","Shanghai Stock Exchange","CAD","-","CNY"
"003545","DAISHIN SEC PREFERRED STOCK LTD","Financials","Equity","135.18","0.00","135.18","7.00","20.50","Korea (South)","Korea Exchange (Stock Market)","CAD","-","KRW"
"308","CHINA TRAVEL INTERNATIONAL INVESTM","Consumer Discretionary","Equity","135.00","0.00","135.00","675.00","0.20","China","Hong Kong Exchanges And Clearing Ltd","CAD","-","HKD"
"8276","HEIWADO LTD","Consumer Staples","Equity","134.19","0.00","134.19","5.00","24.44","Japan","Tokyo Stock Exchange","CAD","-","JPY"
"KOVAI","KOVAI MEDICAL CENTER AND HOSPITAL","Health Care","Equity","134.10","0.00","134.10","2.00","89.11","India","National Stock Exchange Of India","CAD","-","INR"
"688472","CSI SOLAR LTD A","Information Technology","Equity","133.67","0.00","133.67","79.00","1.70","China","Shanghai Stock Exchange","CAD","-","CNY"
"HSN","HANSEN TECHNOLOGIES","Information Technology","Equity","133.38","0.00","133.38","40.00","3.35","Australia","Asx - All Markets","CAD","-","AUD"
"PEN","PEN CASH","Cash and/or Derivatives","Cash","133.02","0.00","133.02","3.00","41.58","Peru","-","CAD","-","PEN"
"HAPSENG","HAP SENG CONSOLIDATED","Industrials","Equity","133.02","0.00","133.02","143.00","0.93","Malaysia","Bursa Malaysia","CAD","-","MYR"
"754","HOPSON DEVELOPMENT HOLDINGS","Real Estate","Equity","133.00","0.00","133.00","341.00","0.39","China","Hong Kong Exchanges And Clearing Ltd","CAD","-","HKD"
"7489","VOYAH AUTOMOTIVE TECHNOLOGY LTD CL","Consumer Discretionary","Equity","132.51","0.00","132.51","390.00","0.34","China","Hong Kong Exchanges And Clearing Ltd","CAD","-","HKD"
"688099","AMLOGIC (SHANGHAI) LTD A","Information Technology","Equity","132.02","0.00","132.02","7.00","17.82","China","Shanghai Stock Exchange","CAD","-","CNY"
"600157","WINTIME ENERGY GROUP LTD A","Utilities","Equity","131.76","0.00","131.76","412.00","0.32","China","Shanghai Stock Exchange","CAD","-","CNY"
"2300","SAUDI PAPER MANUFACTURING","Materials","Equity","131.45","0.00","131.45","6.00","23.38","Saudi Arabia","Saudi Stock Exchange","CAD","-","SAR"
"6737","EIZO CORP","Information Technology","Equity","130.89","0.00","130.89","5.00","28.74","Japan","Tokyo Stock Exchange","CAD","-","JPY"
"002129","TCL ZHONGHUAN RENEWABLE ENERGY TEC","Information Technology","Equity","130.48","0.00","130.48","72.00","1.80","China","Shenzhen Stock Exchange","CAD","-","CNY"
"2877","CHINA SHINEWAY PHARMACEUTICAL LTD","Health Care","Equity","130.29","0.00","130.29","88.00","1.48","China","Hong Kong Exchanges And Clearing Ltd","CAD","-","HKD"
"YF8","YANGZIJIANG FINANCIAL HOLDING LTD","Financials","Equity","129.93","0.00","129.93","591.00","0.22","Singapore","Singapore Exchange","CAD","-","SGD"
"600298","ANGEL YEAST LTD A","Consumer Staples","Equity","129.79","0.00","129.79","16.00","8.33","China","Shanghai Stock Exchange","CAD","-","CNY"
"ARIS","ARISTON HOLDING","Industrials","Equity","129.63","0.00","129.63","22.00","5.93","Italy","Borsa Italiana","CAD","-","EUR"
"VIMIAN","VIMIAN GROUP","Health Care","Equity","129.52","0.00","129.52","26.00","5.05","Sweden","Nasdaq Omx Nordic","CAD","-","SEK"
"CSBBANK","CSB BANK LTD","Financials","Equity","129.14","0.00","129.14","27.00","4.79","India","National Stock Exchange Of India","CAD","-","INR"
"BEN","BENETEAU SA","Consumer Discretionary","Equity","128.88","0.00","128.88","15.00","8.53","France","Nyse Euronext - Euronext Paris","CAD","-","EUR"
"HNDFDS","HINDUSTAN FOODS LTD","Consumer Staples","Equity","128.69","0.00","128.69","14.00","9.04","India","National Stock Exchange Of India","CAD","-","INR"
"3060","YANBU CEMENT","Materials","Equity","128.61","0.00","128.61","23.00","5.54","Saudi Arabia","Saudi Stock Exchange","CAD","-","SAR"
"NAN","NANOSONICS","Health Care","Equity","128.60","0.00","128.60","45.00","2.87","Australia","Asx - All Markets","CAD","-","AUD"
"4534","MOCHIDA PHARMACEUTICAL","Health Care","Equity","127.97","0.00","127.97","4.00","29.90","Japan","Tokyo Stock Exchange","CAD","-","JPY"
"9757","FUNAI SOKEN HOLDINGS INC","Industrials","Equity","127.77","0.00","127.77","12.00","10.75","Japan","Tokyo Stock Exchange","CAD","-","JPY"
"EUREKAFORB","EUREKA FORBES LTD","Consumer Discretionary","Equity","127.61","0.00","127.61","22.00","5.70","India","National Stock Exchange Of India","CAD","-","INR"
"9690","TUHU CAR INC","Industrials","Equity","127.61","0.00","127.61","61.00","2.10","China","Hong Kong Exchanges And Clearing Ltd","CAD","-","HKD"
"ICIL","INDO COUNT INDUSTRIES LTD","Consumer Discretionary","Equity","127.03","0.00","127.03","20.00","6.35","India","National Stock Exchange Of India","CAD","-","INR"
"1907","CHINA RISUN GROUP LTD","Materials","Equity","126.35","0.00","126.35","395.00","0.32","China","Hong Kong Exchanges And Clearing Ltd","CAD","-","HKD"
"9716","NOMURA LTD","Industrials","Equity","126.07","0.00","126.07","11.00","11.32","Japan","Tokyo Stock Exchange","CAD","-","JPY"
"1320","SAUDI STEEL PIPE","Materials","Equity","125.66","0.00","125.66","6.00","20.83","Saudi Arabia","Saudi Stock Exchange","CAD","-","SAR"
"FNAC","FNAC DARTY SA","Consumer Discretionary","Equity","125.59","0.00","125.59","2.00","55.42","France","Nyse Euronext - Euronext Paris","CAD","-","EUR"
"600600","TSINGTAO BREWERY LTD A","Consumer Staples","Equity","124.74","0.00","124.74","12.00","10.45","China","Shanghai Stock Exchange","CAD","-","CNY"
"ERA","ERAMET","Materials","Equity","124.24","0.00","124.24","2.00","70.33","France","Nyse Euronext - Euronext Paris","CAD","-","EUR"
"AMS","ADVANCED MEDICAL SOLUTIONS GROUP P","Health Care","Equity","123.46","0.00","123.46","23.00","5.26","United Kingdom","London Stock Exchange","CAD","-","GBP"
"000728","GUOYUAN SECURITIES LTD A","Financials","Equity","123.45","0.00","123.45","80.00","1.55","China","Shenzhen Stock Exchange","CAD","-","CNY"
"GEST","GESTAMP AUTOMOCION SA","Consumer Discretionary","Equity","123.44","0.00","123.44","25.00","4.90","Spain","Bolsa De Madrid","CAD","-","EUR"
"JBMA","JBM AUTO LTD","Consumer Discretionary","Equity","123.32","0.00","123.32","14.00","8.65","India","National Stock Exchange Of India","CAD","-","INR"
"002252","SHANGHAI RAAS BLOOD PRODUCTS LTD A","Health Care","Equity","123.13","0.00","123.13","121.00","1.02","China","Shenzhen Stock Exchange","CAD","-","CNY"
"GENUSPOWER","GENUS POWER INFRASTRUCTURES LTD","Information Technology","Equity","122.65","0.00","122.65","28.00","4.42","India","National Stock Exchange Of India","CAD","-","INR"
"CAMPUS","CAMPUS ACTIVEWEAR LTD","Consumer Discretionary","Equity","122.20","0.00","122.20","40.00","3.09","India","National Stock Exchange Of India","CAD","-","INR"
"MAHSEAMLES","MAHARASHTRA SEAMLESS LTD","Materials","Equity","122.13","0.00","122.13","12.00","10.50","India","National Stock Exchange Of India","CAD","-","INR"
"000876","NEW HOPE LIUHE LTD A","Consumer Staples","Equity","121.54","0.00","121.54","81.00","1.50","China","Shenzhen Stock Exchange","CAD","-","CNY"
"1477","OCUMENSION THERAPEUTICS","Health Care","Equity","121.12","0.00","121.12","127.00","0.95","China","Hong Kong Exchanges And Clearing Ltd","CAD","-","HKD"
"9699","NISHIO HOLDINGS LTD","Industrials","Equity","120.71","0.00","120.71","3.00","42.48","Japan","Tokyo Stock Exchange","CAD","-","JPY"
"1762","TAKAMATSU CONSTRUCTION GROUP LTD","Industrials","Equity","119.41","0.00","119.41","3.00","38.44","Japan","Tokyo Stock Exchange","CAD","-","JPY"
"CC3","STARHUB LTD","Communication","Equity","119.07","0.00","119.07","98.00","1.22","Singapore","Singapore Exchange","CAD","-","SGD"
"KEMPOWR","KEMPOWER","Industrials","Equity","119.02","0.00","119.02","7.00","15.90","Finland","Nasdaq Omx Helsinki Ltd.","CAD","-","EUR"
"OPUS","OPUS GLOBAL","Industrials","Equity","118.96","0.00","118.96","101.00","1.18","Hungary","Budapest Stock Exchange","CAD","-","HUF"
"BANCOINDIA","BANCO PRODUCTS INDIA LTD","Consumer Discretionary","Equity","118.82","0.00","118.82","14.00","8.65","India","National Stock Exchange Of India","CAD","-","INR"
"009450","KYUNG DONG NAVIEN LTD","Industrials","Equity","118.23","0.00","118.23","2.00","59.62","Korea (South)","Korea Exchange (Stock Market)","CAD","-","KRW"
"GRINFRA","G R INFRAPROJECTS","Industrials","Equity","117.88","0.00","117.88","10.00","12.09","India","National Stock Exchange Of India","CAD","-","INR"
"DODLA","DODLA DAIRY","Consumer Staples","Equity","117.77","0.00","117.77","8.00","15.30","India","National Stock Exchange Of India","CAD","-","INR"
"9010","FUJI KYUKO","Consumer Discretionary","Equity","117.42","0.00","117.42","5.00","23.89","Japan","Tokyo Stock Exchange","CAD","-","JPY"
"601696","BOC INTERNATIONAL (CHINA) LTD A","Financials","Equity","117.40","0.00","117.40","50.00","2.33","China","Shanghai Stock Exchange","CAD","-","CNY"
"5943","NORITZ CORP","Consumer Discretionary","Equity","117.33","0.00","117.33","6.00","20.13","Japan","Tokyo Stock Exchange","CAD","-","JPY"
"MDIA3","M DIAS BRANCO INDUSTRIA SA","Consumer Staples","Equity","116.99","0.00","116.99","25.00","4.60","Brazil","XBSP","CAD","-","BRL"
"600085","BEIJING TONGRENTANG LTD A","Health Care","Equity","116.90","0.00","116.90","24.00","4.84","China","Shanghai Stock Exchange","CAD","-","CNY"
"002340","GEM A","Industrials","Equity","116.81","0.00","116.81","91.00","1.29","China","Shenzhen Stock Exchange","CAD","-","CNY"
"900925","SHANGHAI MECHANICAL & ELECTRICAL I","Industrials","Equity","116.80","0.00","116.80","62.00","1.88","China","Shanghai Stock Exchange","CAD","-","USD"
"3046","JINS HOLDINGS INC","Consumer Discretionary","Equity","116.64","0.00","116.64","2.00","52.80","Japan","Tokyo Stock Exchange","CAD","-","JPY"
"9037","HAMAKYOREX","Industrials","Equity","115.97","0.00","115.97","7.00","16.60","Japan","Tokyo Stock Exchange","CAD","-","JPY"
"2337","ICHIGO INC","Real Estate","Equity","115.81","0.00","115.81","31.00","3.68","Japan","Tokyo Stock Exchange","CAD","-","JPY"
"NESCO","NESCO LTD","Real Estate","Equity","115.72","0.00","115.72","7.00","15.77","India","National Stock Exchange Of India","CAD","-","INR"
"9974","BELC","Consumer Staples","Equity","115.46","0.00","115.46","2.00","62.86","Japan","Tokyo Stock Exchange","CAD","-","JPY"
"BCPG.R","BCPG PCL NON-VOTING DR","Utilities","Equity","115.26","0.00","115.26","397.00","0.29","Thailand","Stock Exchange Of Thailand","CAD","-","THB"
"PCJEWELLER","PC JEWELLER LTD","Consumer Discretionary","Equity","114.64","0.00","114.64","637.00","0.18","India","National Stock Exchange Of India","CAD","-","INR"
"3010","ARABIAN CEMENT","Materials","Equity","114.45","0.00","114.45","15.00","7.70","Saudi Arabia","Saudi Stock Exchange","CAD","-","SAR"
"900901","INESA INTELLIGENT TECH INC B","Information Technology","Equity","114.40","0.00","114.40","129.00","0.89","China","Shanghai Stock Exchange","CAD","-","USD"
"8975","ICHIGO OFFICE REIT INVESTMENT REIT","Real Estate","Equity","114.31","0.00","114.31","0.00","839.67","Japan","Tokyo Stock Exchange","CAD","-","JPY"
"ABFRL","ADITYA BIRLA FASHION AND RETAIL","Consumer Discretionary","Equity","114.30","0.00","114.30","154.00","0.74","India","National Stock Exchange Of India","CAD","-","INR"
"6757","TIGERAIR TAIWAN LTD","Industrials","Equity","113.71","0.00","113.71","49.00","2.34","Taiwan","Taiwan Stock Exchange","CAD","-","TWD"
"4162","ALMUNAJEM FOODS","Consumer Staples","Equity","113.65","0.00","113.65","5.00","21.17","Saudi Arabia","Saudi Stock Exchange","CAD","-","SAR"
"1375","CENTRAL CHINA SECURITIES LTD H","Financials","Equity","113.55","0.00","113.55","392.00","0.29","China","Hong Kong Exchanges And Clearing Ltd","CAD","-","HKD"
"6080","M&A CAPITAL PARTNERS LTD","Financials","Equity","113.50","0.00","113.50","3.00","38.84","Japan","Tokyo Stock Exchange","CAD","-","JPY"
"5122","OKAMOTO INDUSTRIES INC","Materials","Equity","113.21","0.00","113.21","2.00","56.85","Japan","Tokyo Stock Exchange","CAD","-","JPY"
"GOZ","GROWTHPOINT PROPERTIES AUSTRALIA R","Real Estate","Equity","112.92","0.00","112.92","56.00","2.01","Australia","Asx - All Markets","CAD","-","AUD"
"DCMSHRIRAM","DCM SHRIRAM LTD","Materials","Equity","112.47","0.00","112.47","8.00","14.35","India","National Stock Exchange Of India","CAD","-","INR"
"ICAP","INVESTCORP CAPITAL","Financials","Equity","112.47","0.00","112.47","187.00","0.60","United Arab Emirates","Abu Dhabi Securities Exchange","CAD","-","AED"
"HYQ","HYPOPORT N","Financials","Equity","112.09","0.00","112.09","1.00","125.22","Germany","Xetra","CAD","-","EUR"
"TTRAK.E","TURK TRAKTOR VE ZIRAAT MAKINELERI","Industrials","Equity","111.39","0.00","111.39","9.00","12.04","Turkey","Istanbul Stock Exchange","CAD","-","TRY"
"AVIA","AVIA AVIAN PT","Materials","Equity","111.39","0.00","111.39","3,713.00","0.03","Indonesia","Indonesia Stock Exchange","CAD","-","IDR"
"AGHOL.E","ANADOLU GRUBU HOLDING A","Industrials","Equity","110.31","0.00","110.31","110.00","1.00","Turkey","Istanbul Stock Exchange","CAD","-","TRY"
"603606","NINGBO ORIENT WIRES & CABLES LTD A","Industrials","Equity","110.15","0.00","110.15","15.00","7.41","China","Shanghai Stock Exchange","CAD","-","CNY"
"6588","TOSHIBA TEC CORP","Information Technology","Equity","110.11","0.00","110.11","4.00","26.34","Japan","Tokyo Stock Exchange","CAD","-","JPY"
"S08","SINGAPORE POST","Industrials","Equity","110.00","0.00","110.00","333.00","0.33","Singapore","Singapore Exchange","CAD","-","SGD"
"PLUS","DIGIPLUS INTERACTIVE CORP","Consumer Discretionary","Equity","109.80","0.00","109.80","549.00","0.20","Philippines","Philippine Stock Exchange Inc.","CAD","-","PHP"
"8871","GOLDCREST LTD","Real Estate","Equity","108.97","0.00","108.97","4.00","29.01","Japan","Tokyo Stock Exchange","CAD","-","JPY"
"SAM","SAM ENGINEERING & EQUIPMENT M","Industrials","Equity","108.38","0.00","108.38","78.00","1.39","Malaysia","Bursa Malaysia","CAD","-","MYR"
"RELIGARE","RELIGARE ENTERPRISES LTD","Financials","Equity","108.26","0.00","108.26","30.00","3.64","India","National Stock Exchange Of India","CAD","-","INR"
"BWO","BW OFFSHORE LTD","Energy","Equity","108.17","0.00","108.17","18.00","6.18","Norway","Oslo Bors Asa","CAD","-","NOK"
"2145","SHANGHAI CHICMAX COSMETIC CLS H H","Consumer Staples","Equity","107.86","0.00","107.86","29.00","3.74","China","Hong Kong Exchanges And Clearing Ltd","CAD","-","HKD"
"9842","ARCLANDS CORP","Consumer Discretionary","Equity","106.29","0.00","106.29","6.00","17.04","Japan","Tokyo Stock Exchange","CAD","-","JPY"
"SBB B","SAMHALLSBYGGNADSBOLAGET I NORDEN C","Real Estate","Equity","105.91","0.00","105.91","252.00","0.42","Sweden","Nasdaq Omx Nordic","CAD","-","SEK"
"Q5T","FAR EAST HOSPITALITY TRUST STAPLED","Real Estate","Equity","104.16","0.00","104.16","177.00","0.59","Singapore","Singapore Exchange","CAD","-","SGD"
"900908","SHANGHAI CHLOR ALKALI CHEMICAL CLA","Materials","Equity","103.99","0.00","103.99","124.00","0.84","China","Shanghai Stock Exchange","CAD","-","USD"
"300720","HANILCMT LTD","Materials","Equity","103.99","0.00","103.99","6.00","16.54","Korea (South)","Korea Exchange (Stock Market)","CAD","-","KRW"
"200581","WEIFU HIGH-TECHNOLOGY LTD B","Consumer Discretionary","Equity","103.82","0.00","103.82","44.00","2.36","China","Shenzhen Stock Exchange","CAD","-","HKD"
"VULC3","VULCABRAS AZALEIA","Consumer Discretionary","Equity","103.82","0.00","103.82","29.00","3.63","Brazil","XBSP","CAD","-","BRL"
"2281","PRIMA MEAT PACKERS LTD","Consumer Staples","Equity","103.81","0.00","103.81","5.00","21.98","Japan","Tokyo Stock Exchange","CAD","-","JPY"
"SANDUMA","SANDUR MANGANESE AND IRON ORES LTD","Materials","Equity","103.36","0.00","103.36","39.00","2.66","India","National Stock Exchange Of India","CAD","-","INR"
"AEONTS.R","AEON THANA SINSAP (THAILAND) NON-V","Financials","Equity","102.74","0.00","102.74","25.00","4.08","Thailand","Stock Exchange Of Thailand","CAD","-","THB"
"SIGNATURE","SIGNATUREGLOBAL (INDIA) LTD","Real Estate","Equity","102.65","0.00","102.65","9.00","11.01","India","National Stock Exchange Of India","CAD","-","INR"
"GENIL.E","GEN ILAC VE SAGLIK URUNLERI SANAYI","Health Care","Equity","101.93","0.00","101.93","392.00","0.26","Turkey","Istanbul Stock Exchange","CAD","-","TRY"
"RELAXO","RELAXO FOOTWEARS LTD","Consumer Discretionary","Equity","101.84","0.00","101.84","22.00","4.57","India","National Stock Exchange Of India","CAD","-","INR"
"VINP","VINCI COMPASS INVESTMENTS LTD CLAS","Financials","Equity","101.66","0.00","101.66","8.00","13.02","Brazil","NASDAQ","CAD","-","USD"
"2678","ASKUL CORP","Consumer Discretionary","Equity","101.28","0.00","101.28","9.00","11.31","Japan","Tokyo Stock Exchange","CAD","-","JPY"
"8179","ROYAL HOLDINGS LTD","Consumer Discretionary","Equity","100.31","0.00","100.31","8.00","11.93","Japan","Tokyo Stock Exchange","CAD","-","JPY"
"000786","BEIJING NEW BUILDING MATERIALS PUB","Industrials","Equity","99.24","0.00","99.24","30.00","3.28","China","Shenzhen Stock Exchange","CAD","-","CNY"
"OTOEL","AUTOHELLAS SA","Consumer Discretionary","Equity","99.10","0.00","99.10","6.00","17.86","Greece","Athens Exchange S.A. Cash Market","CAD","-","EUR"
"INTB3","INTELBRAS TELECOMUNICACOES SA","Information Technology","Equity","99.02","0.00","99.02","25.00","3.99","Brazil","XBSP","CAD","-","BRL"
"TTKPRESTIG","TTK PRESTIGE LTD","Consumer Discretionary","Equity","98.68","0.00","98.68","12.00","7.93","India","National Stock Exchange Of India","CAD","-","INR"
"PDX","PARADOX INTERACTIVE","Communication","Equity","98.63","0.00","98.63","4.00","22.08","Sweden","Nasdaq Omx Nordic","CAD","-","SEK"
"TAKAFUL","SYARIKAT TAKAFUL MALAYSIA KELUARGA","Financials","Equity","98.41","0.00","98.41","96.00","1.03","Malaysia","Bursa Malaysia","CAD","-","MYR"
"AHLUCONT","AHLUWALIA CONTRACTS (INDIA) LTD","Industrials","Equity","98.41","0.00","98.41","12.00","8.27","India","National Stock Exchange Of India","CAD","-","INR"
"003090","DAEWOONG LTD","Health Care","Equity","97.82","0.00","97.82","6.00","16.09","Korea (South)","Korea Exchange (Stock Market)","CAD","-","KRW"
"WAAREERTL","WAAREE RENEWABLE TECHNOLOGIES LTD","Industrials","Equity","97.58","0.00","97.58","8.00","11.82","India","National Stock Exchange Of India","CAD","-","INR"
"2590","DYDO GROUP HOLDINGS INC","Consumer Staples","Equity","96.94","0.00","96.94","4.00","27.44","Japan","Tokyo Stock Exchange","CAD","-","JPY"
"AEONCR","AEON CREDIT SERVICE (M)","Financials","Equity","96.25","0.00","96.25","53.00","1.81","Malaysia","Bursa Malaysia","CAD","-","MYR"
"2283","FIRST MILLING CO","Consumer Staples","Equity","95.47","0.00","95.47","5.00","19.14","Saudi Arabia","Saudi Stock Exchange","CAD","-","SAR"
"WUW","WUESTENROT & WUERTTEMBERGISCHE AG","Financials","Equity","93.98","0.00","93.98","4.00","23.26","Germany","Xetra","CAD","-","EUR"
"003570","SNT DYNAMICS LTD","Industrials","Equity","93.00","0.00","93.00","3.00","28.95","Korea (South)","Korea Exchange (Stock Market)","CAD","-","KRW"
"TEA","TASMEA","Industrials","Equity","92.50","0.00","92.50","10.00","9.22","Australia","Asx - All Markets","CAD","-","AUD"
"BORORENEW","BOROSIL RENEWABLES LTD","Information Technology","Equity","91.39","0.00","91.39","14.00","6.55","India","National Stock Exchange Of India","CAD","-","INR"
"NOEJ","NORMA GROUP","Industrials","Equity","90.88","0.00","90.88","3.00","27.54","Germany","Xetra","CAD","-","EUR"
"INOXGREEN","INOX GREEN ENERGY SERVICES LTD","Industrials","Equity","90.47","0.00","90.47","35.00","2.55","India","National Stock Exchange Of India","CAD","-","INR"
"0220W0","HANWHA MACHINERY AND SERVICE HOLDI","Industrials","Equity","90.38","0.00","90.38","13.00","6.74","Korea (South)","Korea Exchange (Stock Market)","CAD","-","KRW"
"TCI","TRANSPORT CORPORATION OF INDIA LTD","Industrials","Equity","89.76","0.00","89.76","7.00","12.05","India","National Stock Exchange Of India","CAD","-","INR"
"GVS","GVS","Health Care","Equity","89.68","0.00","89.68","12.00","7.45","Italy","Borsa Italiana","CAD","-","EUR"
"MIDHANI","MISHRA DHATU NIGAM LTD","Materials","Equity","89.40","0.00","89.40","15.00","5.95","India","National Stock Exchange Of India","CAD","-","INR"
"200869","YANTAI CHANGYU PIONEER WINE LTD B","Consumer Staples","Equity","88.68","0.00","88.68","63.00","1.40","China","Shenzhen Stock Exchange","CAD","-","HKD"
"AO.","AO WORLD","Consumer Discretionary","Equity","88.16","0.00","88.16","52.00","1.70","United Kingdom","London Stock Exchange","CAD","-","GBP"
"ANTIN","ANTIN INFRASTRUCTURE PARTNERS","Financials","Equity","87.36","0.00","87.36","7.00","11.89","France","Nyse Euronext - Euronext Paris","CAD","-","EUR"
"3222","UNITED SUPER MARKETS HOLDINGS INC","Consumer Staples","Equity","87.01","0.00","87.01","11.00","7.62","Japan","Tokyo Stock Exchange","CAD","-","JPY"
"3316","BINJIANG SERVICE GROUP LTD","Industrials","Equity","86.52","0.00","86.52","24.00","3.65","China","Hong Kong Exchanges And Clearing Ltd","CAD","-","HKD"
"604","SHENZHEN INVESTMENT LTD","Real Estate","Equity","85.64","0.00","85.64","779.00","0.11","China","Hong Kong Exchanges And Clearing Ltd","CAD","-","HKD"
"7965","ZOJIRUSHI","Consumer Discretionary","Equity","85.07","0.00","85.07","6.00","13.26","Japan","Tokyo Stock Exchange","CAD","-","JPY"
"MOZN","MOBILEZONE HOLDING","Consumer Discretionary","Equity","82.30","0.00","82.30","4.00","21.39","Switzerland","SIX Swiss Exchange","CAD","-","CHF"
"7575","JAPAN LIFELINE","Health Care","Equity","82.18","0.00","82.18","6.00","14.14","Japan","Tokyo Stock Exchange","CAD","-","JPY"
"KOF","KAUFMAN & BROAD SA","Consumer Discretionary","Equity","81.75","0.00","81.75","2.00","35.02","France","Nyse Euronext - Euronext Paris","CAD","-","EUR"
"300347","HANGZHOU TIGERMED CONSULTING LTD A","Health Care","Equity","80.98","0.00","80.98","7.00","11.89","China","Shenzhen Stock Exchange","CAD","-","CNY"
"3076","AI HOLDINGS CORP","Information Technology","Equity","80.66","0.00","80.66","3.00","27.21","Japan","Tokyo Stock Exchange","CAD","-","JPY"
"TESB","TESSENDERLO GROUP NV","Materials","Equity","80.34","0.00","80.34","2.00","33.74","Belgium","Nyse Euronext - Euronext Brussels","CAD","-","EUR"
"4083","UNITED INTERNATIONAL HOLDING","Financials","Equity","79.92","0.00","79.92","8.00","10.29","Saudi Arabia","Saudi Stock Exchange","CAD","-","SAR"
"LIDER.E","LDR TURIZM AS","Industrials","Equity","79.49","0.00","79.49","159.00","0.50","Turkey","Istanbul Stock Exchange","CAD","-","TRY"
"BRKM5","BRASKEM PREF CLASS A","Materials","Equity","79.14","0.00","79.14","64.00","1.23","Brazil","XBSP","CAD","-","BRL"
"CCAVENUE","AVENUESAI LTD","Financials","Equity","78.57","0.00","78.57","327.00","0.24","India","National Stock Exchange Of India","CAD","-","INR"
"HEKTS.E","HEKTAS TICARET A","Materials","Equity","78.36","0.00","78.36","1,119.00","0.07","Turkey","Istanbul Stock Exchange","CAD","-","TRY"
"TTML","TATA TELESERVICES MAHARASHTRA LTD","Communication","Equity","78.32","0.00","78.32","148.00","0.53","India","National Stock Exchange Of India","CAD","-","INR"
"KRBL","KRBL LTD","Consumer Staples","Equity","77.86","0.00","77.86","14.00","5.76","India","National Stock Exchange Of India","CAD","-","INR"
"APIC","PACIFIC STRATEGIC FINANCIAL","Financials","Equity","77.86","0.00","77.86","2,595.00","0.03","Indonesia","Indonesia Stock Exchange","CAD","-","IDR"
"001570","KUM YANG LTD","Materials","Equity","76.85","0.00","76.85","12.00","6.51","Korea (South)","Korea Exchange (Stock Market)","CAD","-","KRW"
"9543","SHIZUOKA GAS LTD","Utilities","Equity","76.83","0.00","76.83","6.00","12.48","Japan","Tokyo Stock Exchange","CAD","-","JPY"
"LNZ","LENZING AG","Materials","Equity","76.54","0.00","76.54","2.00","33.90","Austria","Wiener Boerse Ag","CAD","-","EUR"
"3613","BEIJING TONG REN TANG CHINESE MEDI","Health Care","Equity","76.31","0.00","76.31","76.00","1.00","China","Hong Kong Exchanges And Clearing Ltd","CAD","-","HKD"
"2517","GUOQUAN FOOD (SHANGHAI) CLASS H LT","Consumer Staples","Equity","74.07","0.00","74.07","285.00","0.26","China","Hong Kong Exchanges And Clearing Ltd","CAD","-","HKD"
"Z25","YANLORD LAND GROUP LTD","Real Estate","Equity","73.89","0.00","73.89","134.00","0.55","Singapore","Singapore Exchange","CAD","-","SGD"
"ISGEC","ISGEC HEAVY ENGINEERING LTD","Industrials","Equity","73.54","0.00","73.54","7.00","11.22","India","National Stock Exchange Of India","CAD","-","INR"
"9039","SAKAI MOVING SERVICE LTD","Industrials","Equity","72.81","0.00","72.81","3.00","27.39","Japan","Tokyo Stock Exchange","CAD","-","JPY"
"SKG","STORAGE KING GROUP UNITS","Real Estate","Equity","72.05","0.00","72.05","67.00","1.07","Australia","Asx - All Markets","CAD","-","AUD"
"1921","DALIPAL HOLDINGS LTD","Energy","Equity","70.29","0.00","70.29","126.00","0.56","China","Hong Kong Exchanges And Clearing Ltd","CAD","-","HKD"
"200","MELCO INTERNATIONAL DEVELOPMENT","Consumer Discretionary","Equity","70.21","0.00","70.21","138.00","0.51","Hong Kong","Hong Kong Exchanges And Clearing Ltd","CAD","-","HKD"
"4996","KUMIAI CHEMICAL INDUSTRY LTD","Materials","Equity","70.20","0.00","70.20","11.00","6.18","Japan","Tokyo Stock Exchange","CAD","-","JPY"
"6474","NACHI-FUJIKOSHI CORP","Industrials","Equity","70.04","0.00","70.04","1.00","48.05","Japan","Tokyo Stock Exchange","CAD","-","JPY"
"XFAB","X-FAB SILICON FOUNDRIES","Information Technology","Equity","69.71","0.00","69.71","7.00","9.86","France","Nyse Euronext - Euronext Paris","CAD","-","EUR"
"GLJ","GRENKE N AG","Financials","Equity","69.65","0.00","69.65","4.00","18.28","Germany","Xetra","CAD","-","EUR"
"THG","THG PLC","Consumer Discretionary","Equity","69.36","0.00","69.36","145.00","0.48","United Kingdom","London Stock Exchange","CAD","-","GBP"
"MFEB","MFE B NV","Communication","Equity","69.19","0.00","69.19","13.00","5.32","Italy","Borsa Italiana","CAD","-","EUR"
"CMW","CROMWELL PROPERTY GROUP STAPLED UN","Real Estate","Equity","68.71","0.00","68.71","196.00","0.35","Australia","Asx - All Markets","CAD","-","AUD"
"JUVE","JUVENTUS FOOTBAL CLUB","Communication","Equity","67.46","0.00","67.46","22.00","3.11","Italy","Borsa Italiana","CAD","-","EUR"
"PNCINFRA","PNC INFRATECH LTD","Industrials","Equity","67.05","0.00","67.05","33.00","2.03","India","National Stock Exchange Of India","CAD","-","INR"
"PAT","PATRIZIA","Real Estate","Equity","64.18","0.00","64.18","6.00","11.08","Germany","Xetra","CAD","-","EUR"
"NTML","NETO MALINDA TRADING LTD","Consumer Staples","Equity","62.48","0.00","62.48","1.00","55.85","Israel","Tel Aviv Stock Exchange","CAD","-","ILS"
"167A","RYOYO RYOSAN HOLDINGS INC","Information Technology","Equity","62.10","0.00","62.10","2.00","29.55","Japan","Tokyo Stock Exchange","CAD","-","JPY"
"7943","NICHIHA CORP","Industrials","Equity","61.72","0.00","61.72","2.00","27.57","Japan","Tokyo Stock Exchange","CAD","-","JPY"
"1232","TTET UNION","Consumer Staples","Equity","61.25","0.00","61.25","9.00","6.78","Taiwan","Taiwan Stock Exchange","CAD","-","TWD"
"MMT","METROPOLE TELEVISION SA","Communication","Equity","60.49","0.00","60.49","3.00","18.51","France","Nyse Euronext - Euronext Paris","CAD","-","EUR"
"ABG","ABACUS GROUP UNIT","Real Estate","Equity","57.61","0.00","57.61","69.00","0.84","Australia","Asx - All Markets","CAD","-","AUD"
"9090","AZ-COM MARUWA HOLDINGS","Industrials","Equity","57.15","0.00","57.15","7.00","8.26","Japan","Tokyo Stock Exchange","CAD","-","JPY"
"TOM2","TOMTOM NV","Information Technology","Equity","56.08","0.00","56.08","9.00","6.30","Netherlands","Euronext Amsterdam","CAD","-","EUR"
"CBO","COBRAM ESTATE OLIVES","Consumer Staples","Equity","53.81","0.00","53.81","18.00","2.94","Australia","Asx - All Markets","CAD","-","AUD"
"GNP","GENUSPLUS GROUP LTD","Industrials","Equity","50.17","0.00","50.17","6.00","8.37","Australia","Asx - All Markets","CAD","-","AUD"
"WIKA","WIJAYA KARYA","Industrials","Equity","49.75","0.00","49.75","4,975.00","0.01","Indonesia","Indonesia Stock Exchange","CAD","-","IDR"
"AIR","AIR NEW ZEALAND LTD","Industrials","Equity","42.89","0.00","42.89","143.00","0.30","New Zealand","New Zealand Exchange Ltd","CAD","-","NZD"
"ELIOR","ELIOR GROUP SA","Consumer Discretionary","Equity","41.34","0.00","41.34","13.00","3.08","France","Nyse Euronext - Euronext Paris","CAD","-","EUR"
"SGAFT","CASH COLLATERAL USD SGAFT","Cash and/or Derivatives","Cash Collateral and Margins","40.30","0.00","40.30","0.00","100.00","United States","-","CAD","-","USD"
"QAR","QAR CASH","Cash and/or Derivatives","Cash","40.17","0.00","40.17","1.00","38.41","Qatar","-","CAD","-","QAR"
"-","IGL SPIRITS LTD","Materials","Equity","37.85","0.00","37.85","4.00","9.70","India","National Stock Exchange Of India","CAD","-","INR"
"-","ECOPRO BM CO LTD","Industrials","Equity","37.42","0.00","37.42","3.00","13.36","Korea (South)","Korea Exchange (Kosdaq)","CAD","-","KRW"
"200012","CSG HOLDING LTD B","Materials","Equity","36.85","0.00","36.85","168.00","0.22","China","Shenzhen Stock Exchange","CAD","-","HKD"
"BANK","BANK ALADIN SYARIAH","Financials","Equity","23.02","0.00","23.02","1,151.00","0.02","Indonesia","Indonesia Stock Exchange","CAD","-","IDR"
"-","NORMA GROUP ORD ACCEPTANCE LINE","Industrials","Equity","22.68","0.00","22.68","1.00","35.90","Germany","Xetra","CAD","-","EUR"
"EGP","EGP CASH","Cash and/or Derivatives","Cash","21.41","0.00","21.41","8.00","2.69","Egypt","-","CAD","-","EGP"
"030190","NICE INFORMATION SERVICE LTD","Industrials","Equity","21.21","0.00","21.21","1.00","15.91","Korea (South)","Korea Exchange (Stock Market)","CAD","-","KRW"
"SGAFT","CASH COLLATERAL EUR SGAFT","Cash and/or Derivatives","Cash Collateral and Margins","18.97","0.00","18.97","0.00","114.86","European Union","-","CAD","-","EUR"
"OXB","OXFORD BIOMEDICA PLC","Health Care","Equity","18.32","0.00","18.32","2.00","8.56","United Kingdom","London Stock Exchange","CAD","-","GBP"
"-","TVS HOLDINGS LTD","Consumer Discretionary","Equity","16.52","0.00","16.52","110.00","0.15","India","-","CAD","-","INR"
"ABCB10","BANCO ABC BRASIL RIGHTS SA","Financials","Equity","14.59","0.00","14.59","2.00","6.71","Brazil","XBSP","CAD","-","BRL"
"-","ENNATURE BIO PHARMA LIMITED","Materials","Equity","12.98","0.00","12.98","1.00","9.70","India","National Stock Exchange Of India","CAD","-","INR"
"016790","HYUNDAI FEED INC","Consumer Staples","Equity","12.17","0.00","12.17","27.00","0.45","Korea (South)","Korea Exchange (Kosdaq)","CAD","-","KRW"
"UBFUT","CASH COLLATERAL JPY UBFUT","Cash and/or Derivatives","Cash Collateral and Margins","11.39","0.00","11.39","18.00","0.64","Japan","-","CAD","-","JPY"
"CZK","CZK CASH","Cash and/or Derivatives","Cash","10.11","0.00","10.11","2.00","6.61","Czech Republic","-","CAD","-","CZK"
"IEYHO.E","ISSIKLAR ENERJI YAPI HOLDING A","Consumer Discretionary","Equity","9.28","0.00","9.28","2.00","3.83","Turkey","Istanbul Stock Exchange","CAD","-","TRY"
"2676448D","L&C BIO CO LTD","Health Care","Equity","8.85","0.00","8.85","1.00","7.49","Korea (South)","Korea Exchange (Kosdaq)","CAD","-","KRW"
"EOS","ELECTRO OPTIC SYSTEMS HOLDINGS","Industrials","Equity","6.65","0.00","6.65","1.00","7.11","Australia","Asx - All Markets","CAD","-","AUD"
"WWI","WILH. WILHELMSEN HOLDING A","Industrials","Equity","6.32","0.00","6.32","0.00","93.10","Norway","Oslo Bors Asa","CAD","-","NOK"
"UBFUT","CASH COLLATERAL GBP UBFUT","Cash and/or Derivatives","Cash Collateral and Margins","6.17","0.00","6.17","0.00","133.53","United Kingdom","-","CAD","-","GBP"
"UBFUT","CASH COLLATERAL AUD UBFUT","Cash and/or Derivatives","Cash Collateral and Margins","5.93","0.00","5.93","0.00","71.12","Australia","-","CAD","-","AUD"
"FPE","FUCHS N","Materials","Equity","5.58","0.00","5.58","0.00","40.78","Germany","Xetra","CAD","-","EUR"
"1396","GBA AI COMPUTING TECH -500 LTD","Information Technology","Equity","5.42","0.00","5.42","4.00","1.43","China","Hong Kong Exchanges And Clearing Ltd","CAD","-","HKD"
"DRTS","ALPHA TAU MEDICAL LTD","Health Care","Equity","5.03","0.00","5.03","0.00","15.49","Israel","NASDAQ","CAD","-","USD"
"CIRSA","CIRSA ENTERPRISES SAU","Consumer Discretionary","Equity","4.70","0.00","4.70","0.00","22.77","Spain","Bolsa De Madrid","CAD","-","EUR"
"ALLIANZ","ALLIANZ MALAYSIA","Financials","Equity","4.66","0.00","4.66","1.00","5.15","Malaysia","Bursa Malaysia","CAD","-","MYR"
"HACK","HACKSAW","Communication","Equity","4.61","0.00","4.61","0.00","9.40","Sweden","Nasdaq Omx Nordic","CAD","-","SEK"
"7350","OKINAWA FINANCIAL GROUP INC","Financials","Equity","4.49","0.00","4.49","0.00","50.47","Japan","Tokyo Stock Exchange","CAD","-","JPY"
"TTALO","TERVEYSTALO","Health Care","Equity","4.43","0.00","4.43","0.00","8.88","Finland","Nasdaq Omx Helsinki Ltd.","CAD","-","EUR"
"6250","YAMABIKO CORP","Industrials","Equity","4.40","0.00","4.40","0.00","28.60","Japan","Tokyo Stock Exchange","CAD","-","JPY"
"3696","INSILICO MEDICINE CAYMAN TOPCO","Health Care","Equity","4.40","0.00","4.40","1.00","6.85","Hong Kong","Hong Kong Exchanges And Clearing Ltd","CAD","-","HKD"
"OHB","OHB","Industrials","Equity","4.28","0.00","4.28","0.00","202.15","Germany","Xetra","CAD","-","EUR"
"CMCX","CMC MARKETS PLC","Financials","Equity","4.08","0.00","4.08","0.00","9.16","United Kingdom","London Stock Exchange","CAD","-","GBP"
"INH","INDUS HOLDING AG","Industrials","Equity","4.05","0.00","4.05","0.00","44.97","Germany","Xetra","CAD","-","EUR"
"HTRO","HEXATRONIC GROUP","Industrials","Equity","3.86","0.00","3.86","1.00","3.82","Sweden","Nasdaq Omx Nordic","CAD","-","SEK"
"MTRO","METRO BANK HOLDINGS PLC","Financials","Equity","3.77","0.00","3.77","2.00","2.39","United Kingdom","London Stock Exchange","CAD","-","GBP"
"7806","MTG LTD","Consumer Staples","Equity","3.76","0.00","3.76","0.00","50.47","Japan","Tokyo Stock Exchange","CAD","-","JPY"
"1783","ENVISION GREENWISE HOLDINGS LTD","Industrials","Equity","3.65","0.00","3.65","7.00","0.54","Hong Kong","Hong Kong Exchanges And Clearing Ltd","CAD","-","HKD"
"8345","BANK OF IWATE LTD","Financials","Equity","3.61","0.00","3.61","0.00","17.39","Japan","Tokyo Stock Exchange","CAD","-","JPY"
"9824","SENSHU ELECTRIC LTD","Industrials","Equity","3.55","0.00","3.55","0.00","50.98","Japan","Tokyo Stock Exchange","CAD","-","JPY"
"INTRUM","INTRUM JUSTITIA","Industrials","Equity","3.55","0.00","3.55","9.00","0.40","Sweden","Nasdaq Omx Nordic","CAD","-","SEK"
"EGL","MOTA-ENGIL SGPS","Industrials","Equity","3.53","0.00","3.53","1.00","5.74","Portugal","Nyse Euronext - Euronext Lisbon","CAD","-","EUR"
"7287","NIPPON SEIKI LTD","Consumer Discretionary","Equity","3.46","0.00","3.46","0.00","17.75","Japan","Tokyo Stock Exchange","CAD","-","JPY"
"PSG","PROSEGUR COMPANIA DE SEGURIDAD SA","Industrials","Equity","3.41","0.00","3.41","1.00","3.45","Spain","Bolsa De Madrid","CAD","-","EUR"
"9722","FUJITA KANKO","Consumer Discretionary","Equity","3.38","0.00","3.38","0.00","17.50","Japan","Tokyo Stock Exchange","CAD","-","JPY"
"532425","GENUS PRIME INFRA LTD","Real Estate","Equity","3.36","0.00","3.36","5.00","0.64","India","Bse Ltd","CAD","-","INR"
"BDB","BANCO DI DESIO E DELLA BRIANZA","Financials","Equity","3.34","0.00","3.34","0.00","21.64","Italy","Borsa Italiana","CAD","-","EUR"
"2805","S&B FOODS INC","Consumer Staples","Equity","3.34","0.00","3.34","0.00","49.89","Japan","Tokyo Stock Exchange","CAD","-","JPY"
"VASTB","VASTNED BELGIUM NV","Real Estate","Equity","3.27","0.00","3.27","0.00","32.39","Belgium","Nyse Euronext - Euronext Brussels","CAD","-","EUR"
"-","INOX RENEWABLE SOLUTIONS LTD","Utilities","Equity","3.26","0.00","3.26","5.00","0.65","India","National Stock Exchange Of India","CAD","-","INR"
"CHG","CHAPTERS GROUP AG","Information Technology","Equity","3.23","0.00","3.23","0.00","49.39","Germany","Xetra","CAD","-","EUR"
"7456","MATSUDA SANGYO LTD","Industrials","Equity","3.21","0.00","3.21","0.00","45.14","Japan","Tokyo Stock Exchange","CAD","-","JPY"
"TLSY","TELSYS LTD","Information Technology","Equity","3.17","0.00","3.17","0.00","120.74","Israel","Tel Aviv Stock Exchange","CAD","-","ILS"
"5186","NITTA CORP","Industrials","Equity","3.07","0.00","3.07","0.00","44.17","Japan","Tokyo Stock Exchange","CAD","-","JPY"
"9110","NS UNITED KAIUN KAISHA LTD","Industrials","Equity","2.99","0.00","2.99","0.00","67.42","Japan","Tokyo Stock Exchange","CAD","-","JPY"
"ELO","ELOPAK","Materials","Equity","2.99","0.00","2.99","1.00","3.86","Norway","Oslo Bors Asa","CAD","-","NOK"
"MAU","MAUREL ET PROM SA","Energy","Equity","2.98","0.00","2.98","0.00","9.50","France","Nyse Euronext - Euronext Paris","CAD","-","EUR"
"4047","KANTO DENKA KOGYO LTD","Materials","Equity","2.95","0.00","2.95","0.00","13.72","Japan","Tokyo Stock Exchange","CAD","-","JPY"
"GDWN","GOODWIN PLC","Industrials","Equity","2.90","0.00","2.90","0.00","184.80","United Kingdom","London Stock Exchange","CAD","-","GBP"
"6330","TOYO ENGINEERING","Industrials","Equity","2.88","0.00","2.88","0.00","18.00","Japan","Tokyo Stock Exchange","CAD","-","JPY"
"2510","T.S. LINES","Industrials","Equity","2.84","0.00","2.84","2.00","1.79","Hong Kong","Hong Kong Exchanges And Clearing Ltd","CAD","-","HKD"
"SVOL B","SVOLDER CLASS B","Financials","Equity","2.83","0.00","2.83","0.00","5.97","Sweden","Nasdaq Omx Nordic","CAD","-","SEK"
"P8Z","BUMITAMA AGRI","Consumer Staples","Equity","2.82","0.00","2.82","2.00","1.87","Singapore","Singapore Exchange","CAD","-","SGD"
"LAPD","LAPIDOTH CAPITAL LTD","Energy","Equity","2.82","0.00","2.82","0.00","25.83","Israel","Tel Aviv Stock Exchange","CAD","-","ILS"
"SHAW","SHAWBROOK GROUP PLC","Financials","Equity","2.68","0.00","2.68","1.00","4.17","United Kingdom","London Stock Exchange","CAD","-","GBP"
"APN","APPLIED NUTRITION PLC","Consumer Staples","Equity","2.67","0.00","2.67","1.00","3.72","United Kingdom","London Stock Exchange","CAD","-","GBP"
"8337","CHIBA KOGYO BANK LTD","Financials","Equity","2.66","0.00","2.66","0.00","17.36","Japan","Tokyo Stock Exchange","CAD","-","JPY"
"BVS","BRAVURA SOLUTIONS","Information Technology","Equity","2.63","0.00","2.63","1.00","2.25","Australia","Asx - All Markets","CAD","-","AUD"
"3445","RS TECHNOLOGIES","Information Technology","Equity","2.60","0.00","2.60","0.00","36.66","Japan","Tokyo Stock Exchange","CAD","-","JPY"
"BIOMAR","BIOMAR GROUP","Consumer Staples","Equity","2.58","0.00","2.58","0.00","19.67","Denmark","Omx Nordic Exchange Copenhagen A/S","CAD","-","DKK"
"AEP","AEP PLANTATIONS PLC","Consumer Staples","Equity","2.58","0.00","2.58","1.00","2.71","United Kingdom","London Stock Exchange","CAD","-","GBP"
"TFI","TELEVISION FRANCAISE SA","Communication","Equity","2.56","0.00","2.56","0.00","7.59","France","Nyse Euronext - Euronext Paris","CAD","-","EUR"
"MOL","MOLTIPLY GROUP","Financials","Equity","2.56","0.00","2.56","0.00","41.00","Italy","Borsa Italiana","CAD","-","EUR"
"PLSV","PARATUS ENERGY SER LTD","Energy","Equity","2.56","0.00","2.56","0.00","5.22","Norway","Oslo Bors Asa","CAD","-","NOK"
"290A","SYNSPECTIVE","Industrials","Equity","2.56","0.00","2.56","0.00","9.18","Japan","Tokyo Stock Exchange","CAD","-","JPY"
"AFPR","AFI PROPERTIES LTD","Real Estate","Equity","2.55","0.00","2.55","0.00","60.34","Israel","Tel Aviv Stock Exchange","CAD","-","ILS"
"5715","FURUKAWA LTD","Industrials","Equity","2.51","0.00","2.51","0.00","26.29","Japan","Tokyo Stock Exchange","CAD","-","JPY"
"GCT","G CITY LTD","Real Estate","Equity","2.51","0.00","2.51","1.00","3.73","Israel","Tel Aviv Stock Exchange","CAD","-","ILS"
"SAGA D","SAGAX CLASS D","Real Estate","Equity","2.50","0.00","2.50","1.00","3.40","Sweden","Nasdaq Omx Nordic","CAD","-","SEK"
"GYC","GRAND CITY PROPERTIES SA","Real Estate","Equity","2.48","0.00","2.48","0.00","9.04","Germany","Xetra","CAD","-","EUR"
"LOGI B","LOGISTEA CLASS B","Real Estate","Equity","2.47","0.00","2.47","2.00","1.32","Sweden","Nasdaq Omx Nordic","CAD","-","SEK"
"2GB","2G ENERGY AG","Industrials","Equity","2.43","0.00","2.43","0.00","66.45","Germany","Xetra","CAD","-","EUR"
"MGH","MAAS GROUP HOLDINGS","Industrials","Equity","2.41","0.00","2.41","1.00","4.03","Australia","Asx - All Markets","CAD","-","AUD"
"1952","SHIN NIPPON AIR TECHNOLOGIES LTD","Industrials","Equity","2.37","0.00","2.37","0.00","21.00","Japan","Tokyo Stock Exchange","CAD","-","JPY"
"ETD_JPY","ETD JPY BALANCE WITH R93531","Cash and/or Derivatives","Cash","2.36","0.00","2.36","4.00","0.64","Japan","-","CAD","-","JPY"
"8131","MITSUUROKO GROUP HOLDINGS LTD","Energy","Equity","2.32","0.00","2.32","0.00","16.62","Japan","Tokyo Stock Exchange","CAD","-","JPY"
"STORY B","STORYTEL CLASS B","Communication","Equity","2.31","0.00","2.31","0.00","11.83","Sweden","Nasdaq Omx Nordic","CAD","-","SEK"
"RPOL","RP OPTICAL LAB LTD","Information Technology","Equity","2.29","0.00","2.29","0.00","9.41","Israel","Tel Aviv Stock Exchange","CAD","-","ILS"
"7283","AISAN INDUSTRY","Consumer Discretionary","Equity","2.27","0.00","2.27","0.00","13.82","Japan","Tokyo Stock Exchange","CAD","-","JPY"
"NTG","NTG NORDIC TRANSPORT GROUP","Industrials","Equity","2.27","0.00","2.27","0.00","43.02","Denmark","Omx Nordic Exchange Copenhagen A/S","CAD","-","DKK"
"8C8U","CENTURION ACCOMMODATION REIT UNITS","Real Estate","Equity","2.27","0.00","2.27","3.00","0.85","Singapore","Singapore Exchange","CAD","-","SGD"
"DIS","DAMICO INTERNATIONAL SHIPPING SA","Energy","Equity","2.21","0.00","2.21","0.00","9.70","Italy","Borsa Italiana","CAD","-","EUR"
"PUBLI","PPI PUBLIC PROPERTY INVEST","Real Estate","Equity","2.21","0.00","2.21","1.00","1.91","Sweden","Nasdaq Omx Nordic","CAD","-","SEK"
"AFRE","AFRICA ISRAEL RESIDENCES LTD","Real Estate","Equity","2.20","0.00","2.20","0.00","78.21","Israel","Tel Aviv Stock Exchange","CAD","-","ILS"
"4784","GMO INTERNET INC","Communication","Equity","2.19","0.00","2.19","1.00","3.44","Japan","Tokyo Stock Exchange","CAD","-","JPY"
"ISRS","ISRAS INVESTMENT COMPANY LTD","Real Estate","Equity","2.19","0.00","2.19","0.00","276.99","Israel","Tel Aviv Stock Exchange","CAD","-","ILS"
"V1NC","VINCORION","Industrials","Equity","2.19","0.00","2.19","0.00","20.89","Germany","Xetra","CAD","-","EUR"
"YNGA","YOUNG AND COS BREWERY PLC","Consumer Discretionary","Equity","2.16","0.00","2.16","0.00","11.27","United Kingdom","London Stock Exchange","CAD","-","GBP"
"MOVI3","MOVIDA PARTICIPACOES SA","Industrials","Equity","2.15","0.00","2.15","1.00","1.55","Brazil","XBSP","CAD","-","BRL"
"AFHL","AFCON HOLDINGS LTD","Industrials","Equity","2.12","0.00","2.12","0.00","175.84","Israel","Tel Aviv Stock Exchange","CAD","-","ILS"
"1AST","ASTA ENERGY SOLUTIONS AG","Industrials","Equity","2.12","0.00","2.12","0.00","70.06","Germany","Deutsche Boerse Xetra","CAD","-","EUR"
"1965","TECHNO RYOWA LTD","Industrials","Equity","2.09","0.00","2.09","0.00","45.91","Japan","Tokyo Stock Exchange","CAD","-","JPY"
"SFL","SAFILO GROUP","Consumer Discretionary","Equity","2.08","0.00","2.08","1.00","2.00","Italy","Borsa Italiana","CAD","-","EUR"
"NOEA","NORMA GROUP RIGHTS","Industrials","Equity","2.05","0.00","2.05","2.00","0.95","Germany","Boerse Stuttgart","CAD","-","EUR"
"485A","POWERX INC","Industrials","Equity","2.05","0.00","2.05","0.00","13.59","Japan","Tokyo Stock Exchange","CAD","-","JPY"
"1304","FORTIOR TECHNOLOGY (SHENZHEN) LTD","Information Technology","Equity","2.04","0.00","2.04","0.00","16.09","China","Hong Kong Exchanges And Clearing Ltd","CAD","-","HKD"
"FSG","FORESIGHT GROUP HOLDINGS LTD","Financials","Equity","2.03","0.00","2.03","0.00","5.96","United Kingdom","London Stock Exchange","CAD","-","GBP"
"8566","RICOH LEASING","Financials","Equity","2.01","0.00","2.01","0.00","44.56","Japan","Tokyo Stock Exchange","CAD","-","JPY"
"CRED A","CREADES CLASS A","Financials","Equity","2.01","0.00","2.01","0.00","9.39","Sweden","Nasdaq Omx Nordic","CAD","-","SEK"
"9247","TRE HOLDINGS CORP","Industrials","Equity","2.01","0.00","2.01","0.00","11.60","Japan","Tokyo Stock Exchange","CAD","-","JPY"
"MEGP","ME GROUP INTERNATIONAL PLC","Consumer Discretionary","Equity","2.00","0.00","2.00","1.00","1.64","United Kingdom","London Stock Exchange","CAD","-","GBP"
"PPH","PPH HOTEL GROUP","Consumer Discretionary","Equity","2.00","0.00","2.00","0.00","20.30","United Kingdom","London Stock Exchange","CAD","-","GBP"
"F03","FOOD EMPIRE HOLDINGS LTD","Consumer Staples","Equity","1.99","0.00","1.99","1.00","1.64","Singapore","Singapore Exchange","CAD","-","SGD"
"1968","TAIHEI DENGYO LTD","Industrials","Equity","1.97","0.00","1.97","0.00","16.64","Japan","Tokyo Stock Exchange","CAD","-","JPY"
"SILEX","SILEX MICROSYSTEMS","Information Technology","Equity","1.95","0.00","1.95","0.00","16.53","Sweden","Nasdaq Omx Nordic","CAD","-","SEK"
"CICN","CICOR TECHNOLOGIES B LTD","Information Technology","Equity","1.93","0.00","1.93","0.00","158.30","Switzerland","SIX Swiss Exchange","CAD","-","CHF"
"AMRM","AMRAM AVRAHAM CONSTRUCTION COMPANY","Real Estate","Equity","1.93","0.00","1.93","0.00","14.00","Israel","Tel Aviv Stock Exchange","CAD","-","ILS"
"1879","SHINNIHON CORP","Industrials","Equity","1.90","0.00","1.90","0.00","15.00","Japan","Tokyo Stock Exchange","CAD","-","JPY"
"2109","MITSUI DM SUGAR","Consumer Staples","Equity","1.88","0.00","1.88","0.00","24.91","Japan","Tokyo Stock Exchange","CAD","-","JPY"
"IVA","INVENTIVA SA","Health Care","Equity","1.88","0.00","1.88","0.00","3.81","France","Nyse Euronext - Euronext Paris","CAD","-","EUR"
"NWL","NEWPRINCES","Consumer Staples","Equity","1.86","0.00","1.86","0.00","21.94","Italy","Borsa Italiana","CAD","-","EUR"
"SBEN","SHIKUN & BINUI ENERGY LTD","Industrials","Equity","1.86","0.00","1.86","1.00","1.35","Israel","Tel Aviv Stock Exchange","CAD","-","ILS"
"8278","FUJI (EHIME) LTD","Consumer Staples","Equity","1.85","0.00","1.85","0.00","13.22","Japan","Tokyo Stock Exchange","CAD","-","JPY"
"SEM","SEMAPA SGPS SA","Materials","Equity","1.84","0.00","1.84","0.00","24.01","Portugal","Nyse Euronext - Euronext Lisbon","CAD","-","EUR"
"1946","TOENEC CORP","Industrials","Equity","1.78","0.00","1.78","0.00","14.41","Japan","Tokyo Stock Exchange","CAD","-","JPY"
"6235","OPTORUN LTD","Information Technology","Equity","1.78","0.00","1.78","0.00","15.31","Japan","Tokyo Stock Exchange","CAD","-","JPY"
"41","GREAT EAGLE HOLDINGS LTD","Real Estate","Equity","1.77","0.00","1.77","1.00","1.84","Hong Kong","Hong Kong Exchanges And Clearing Ltd","CAD","-","HKD"
"9551","METAWATER LTD","Industrials","Equity","1.76","0.00","1.76","0.00","20.06","Japan","Tokyo Stock Exchange","CAD","-","JPY"
"AZRM","AZORIM INVESTMENT DEVELOPMENT AND","Consumer Discretionary","Equity","1.74","0.00","1.74","0.00","5.56","Israel","Tel Aviv Stock Exchange","CAD","-","ILS"
"H22","HONG LEONG ASIA LTD","Industrials","Equity","1.74","0.00","1.74","1.00","2.23","Singapore","Singapore Exchange","CAD","-","SGD"
"ECILC.E","EIS ECZACIBASI ILAC SINAI VE FINAN","Consumer Staples","Equity","1.72","0.00","1.72","1.00","1.32","Turkey","Istanbul Stock Exchange","CAD","-","TRY"
"BWE","BW ENERGY LTD","Energy","Equity","1.69","0.00","1.69","0.00","6.13","Norway","Oslo Bors Asa","CAD","-","NOK"
"WA1","WA1 RESOURCES LTD","Materials","Equity","1.69","0.00","1.69","0.00","7.03","Australia","Asx - All Markets","CAD","-","AUD"
"BSL","BASLER AG","Information Technology","Equity","1.68","0.00","1.68","0.00","25.38","Germany","Xetra","CAD","-","EUR"
"YSN","SECUNET SECURITY AG","Information Technology","Equity","1.68","0.00","1.68","0.00","233.16","Germany","Xetra","CAD","-","EUR"
"DBV","DBV TECHNOLOGIES SA","Health Care","Equity","1.68","0.00","1.68","1.00","2.55","France","Nyse Euronext - Euronext Paris","CAD","-","EUR"
"AYAL","AYALON INSURANCE COMPANY","Financials","Equity","1.66","0.00","1.66","0.00","60.01","Israel","Tel Aviv Stock Exchange","CAD","-","ILS"
"RAJA","RUKUN RAHARJA","Energy","Equity","1.64","0.00","1.64","41.00","0.04","Indonesia","Indonesia Stock Exchange","CAD","-","IDR"
"7433","HAKUTO LTD","Information Technology","Equity","1.64","0.00","1.64","0.00","35.57","Japan","Tokyo Stock Exchange","CAD","-","JPY"
"MRIN","Y D MORE INVESTMENTS LTD","Financials","Equity","1.62","0.00","1.62","0.00","15.00","Israel","Tel Aviv Stock Exchange","CAD","-","ILS"
"9409","TV ASAHI HOLDINGS CORP","Communication","Equity","1.62","0.00","1.62","0.00","20.29","Japan","Tokyo Stock Exchange","CAD","-","JPY"
"1523","PLOVER BAY TECHNOLOGIES LTD","Information Technology","Equity","1.62","0.00","1.62","2.00","0.95","Hong Kong","Hong Kong Exchanges And Clearing Ltd","CAD","-","HKD"
"9887","MATSUYA FOODS HOLDINGS LTD","Consumer Discretionary","Equity","1.61","0.00","1.61","0.00","33.71","Japan","Tokyo Stock Exchange","CAD","-","JPY"
"6961","ENPLAS CORP","Information Technology","Equity","1.57","0.00","1.57","0.00","60.93","Japan","Tokyo Stock Exchange","CAD","-","JPY"
"4432","WINGARC1ST","Information Technology","Equity","1.57","0.00","1.57","0.00","21.51","Japan","Tokyo Stock Exchange","CAD","-","JPY"
"CDA","COMPAGNIE DES ALPES SA","Consumer Discretionary","Equity","1.52","0.00","1.52","0.00","21.66","France","Nyse Euronext - Euronext Paris","CAD","-","EUR"
"PHN","PHARMANUTRA","Consumer Staples","Equity","1.52","0.00","1.52","0.00","84.19","Italy","Borsa Italiana","CAD","-","EUR"
"NCH2","THYSSENKRUPP NUCERA AG","Industrials","Equity","1.52","0.00","1.52","0.00","9.59","Germany","Xetra","CAD","-","EUR"
"ASY","ASSYSTEM SA","Industrials","Equity","1.50","0.00","1.50","0.00","47.21","France","Nyse Euronext - Euronext Paris","CAD","-","EUR"
"AP4","RIVERSTONE HOLDINGS LTD","Health Care","Equity","1.49","0.00","1.49","2.00","0.63","Singapore","Singapore Exchange","CAD","-","SGD"
"1663","K&O ENERGY GROUP INC","Utilities","Equity","1.48","0.00","1.48","0.00","12.66","Japan","Tokyo Stock Exchange","CAD","-","JPY"
"HANZA","HANZA","Information Technology","Equity","1.46","0.00","1.46","0.00","15.71","Sweden","Nasdaq Omx Nordic","CAD","-","SEK"
"ENGCON B","ENGCON CLASS B","Industrials","Equity","1.45","0.00","1.45","0.00","7.59","Sweden","Nasdaq Omx Nordic","CAD","-","SEK"
"ALFA","ALFA FINANCIAL SOFTWARE HOLDINGS P","Information Technology","Equity","1.42","0.00","1.42","1.00","2.15","United Kingdom","London Stock Exchange","CAD","-","GBP"
"2004","SHOWA SANGYO LTD","Consumer Staples","Equity","1.41","0.00","1.41","0.00","25.55","Japan","Tokyo Stock Exchange","CAD","-","JPY"
"VAC","PIERRE ET VACANCES SA","Consumer Discretionary","Equity","1.40","0.00","1.40","1.00","2.14","France","Nyse Euronext - Euronext Paris","CAD","-","EUR"
"G92","CHINA AVIATION OIL CORP LTD","Energy","Equity","1.37","0.00","1.37","1.00","1.06","Singapore","Singapore Exchange","CAD","-","SGD"
"EWG","W.A.G PAYMENT SOLUTIONS PLC","Financials","Equity","1.35","0.00","1.35","1.00","1.31","United Kingdom","London Stock Exchange","CAD","-","GBP"
"DNYA","DANYA CEBUS LTD","Industrials","Equity","1.35","0.00","1.35","0.00","34.22","Israel","Tel Aviv Stock Exchange","CAD","-","ILS"
"1310","HKBN LTD","Communication","Equity","1.35","0.00","1.35","2.00","0.70","Hong Kong","Hong Kong Exchanges And Clearing Ltd","CAD","-","HKD"
"2384","SBS HOLDINGS","Industrials","Equity","1.34","0.00","1.34","0.00","33.26","Japan","Tokyo Stock Exchange","CAD","-","JPY"
"PRSK","PRASHKOVSKY INVESTMENTS & CONSTRUC","Real Estate","Equity","1.31","0.00","1.31","0.00","44.35","Israel","Tel Aviv Stock Exchange","CAD","-","ILS"
"WAVE","WAVESTONE SA","Information Technology","Equity","1.29","0.00","1.29","0.00","33.54","France","Nyse Euronext - Euronext Paris","CAD","-","EUR"
"GUBRA","GUBRA","Health Care","Equity","1.29","0.00","1.29","0.00","46.43","Denmark","Omx Nordic Exchange Copenhagen A/S","CAD","-","DKK"
"AL2SI","2CRSI SA","Information Technology","Equity","1.27","0.00","1.27","0.00","33.03","France","Nyse Euronext - Euronext Paris","CAD","-","EUR"
"FQT","FREQUENTIS AG","Industrials","Equity","1.27","0.00","1.27","0.00","77.19","Austria","Wiener Boerse Ag","CAD","-","EUR"
"7970","SHIN ETSU POLYMER LTD","Materials","Equity","1.23","0.00","1.23","0.00","14.46","Japan","Tokyo Stock Exchange","CAD","-","JPY"
"4071","PLUS ALPHA CONSULTING","Information Technology","Equity","1.21","0.00","1.21","0.00","13.62","Japan","Tokyo Stock Exchange","CAD","-","JPY"
"7944","ROLAND CORP","Consumer Discretionary","Equity","1.17","0.00","1.17","0.00","24.27","Japan","Tokyo Stock Exchange","CAD","-","JPY"
"CRSM","CARASSO MOTORS","Consumer Discretionary","Equity","1.17","0.00","1.17","0.00","8.94","Israel","Tel Aviv Stock Exchange","CAD","-","ILS"
"6947","ZUKEN INC","Information Technology","Equity","1.13","0.00","1.13","0.00","32.17","Japan","Tokyo Stock Exchange","CAD","-","JPY"
"VGN","VIRGIN AUSTRALIA HOLDINGS LTD","Industrials","Equity","1.13","0.00","1.13","1.00","1.94","Australia","Asx - All Markets","CAD","-","AUD"
"1871","PS CONSTRUCTION","Industrials","Equity","1.11","0.00","1.11","0.00","14.13","Japan","Tokyo Stock Exchange","CAD","-","JPY"
"9708","IMPERIAL HOTEL LTD","Consumer Discretionary","Equity","1.10","0.00","1.10","0.00","6.11","Japan","Tokyo Stock Exchange","CAD","-","JPY"
"2124","JAC RECRUITMENT LTD","Industrials","Equity","1.10","0.00","1.10","0.00","6.75","Japan","Tokyo Stock Exchange","CAD","-","JPY"
"SCHP","SECHE ENVIRONNEMENT SA","Industrials","Equity","1.09","0.00","1.09","0.00","97.40","France","Nyse Euronext - Euronext Paris","CAD","-","EUR"
"ITM","ITALMOBILIARE","Industrials","Equity","1.07","0.00","1.07","0.00","29.75","Italy","Borsa Italiana","CAD","-","EUR"
"ASC","ASCOPIAVE","Utilities","Equity","1.06","0.00","1.06","0.00","3.15","Italy","Borsa Italiana","CAD","-","EUR"
"FIA1S","FINNAIR","Industrials","Equity","1.05","0.00","1.05","0.00","5.18","Finland","Nasdaq Omx Helsinki Ltd.","CAD","-","EUR"
"6455","MORITA HOLDINGS CORP","Industrials","Equity","1.03","0.00","1.03","0.00","16.48","Japan","Tokyo Stock Exchange","CAD","-","JPY"
"STO3","STO PREF","Materials","Equity","1.01","0.00","1.01","0.00","116.70","Germany","Xetra","CAD","-","EUR"
"ODINE.E","ODINE SOLUTIONS TEKNOLOJI TICARET","Information Technology","Equity","1.00","0.00","1.00","0.00","10.55","Turkey","Istanbul Stock Exchange","CAD","-","TRY"
"WIFI","SOLUSI SINERGI DIGITAL","Communication","Equity","1.00","0.00","1.00","9.00","0.11","Indonesia","Indonesia Stock Exchange","CAD","-","IDR"
"OU8","CENTURION CORP LTD","Real Estate","Equity","0.97","0.00","0.97","1.00","1.18","Singapore","Singapore Exchange","CAD","-","SGD"
"9267","GENKY DRUGSTORES LTD","Consumer Staples","Equity","0.94","0.00","0.94","0.00","22.54","Japan","Tokyo Stock Exchange","CAD","-","JPY"
"PAL","PALFINGER AG","Industrials","Equity","0.93","0.00","0.93","0.00","34.97","Austria","Wiener Boerse Ag","CAD","-","EUR"
"BRE","BRAZILIAN RARE EARTHS LTD","Materials","Equity","0.87","0.00","0.87","0.00","2.55","Australia","Asx - All Markets","CAD","-","AUD"
"6523","PHC HOLDINGS","Health Care","Equity","0.79","0.00","0.79","0.00","8.69","Japan","Tokyo Stock Exchange","CAD","-","JPY"
"4293","SEPTENI HOLDINGS LTD","Communication","Equity","0.78","0.00","0.78","0.00","3.30","Japan","Tokyo Stock Exchange","CAD","-","JPY"
"9658","SUPER HI INTERNATIONAL HOLDING","Consumer Discretionary","Equity","0.76","0.00","0.76","1.00","1.20","Singapore","Hong Kong Exchanges And Clearing Ltd","CAD","-","HKD"
"2232","CRYSTAL INTERNATIONAL GROUP LTD","Consumer Discretionary","Equity","0.75","0.00","0.75","1.00","0.82","Hong Kong","Hong Kong Exchanges And Clearing Ltd","CAD","-","HKD"
"RNK","RANK GROUP PLC","Consumer Discretionary","Equity","0.71","0.00","0.71","1.00","1.15","United Kingdom","London Stock Exchange","CAD","-","GBP"
"WIIT","WIIT","Information Technology","Equity","0.67","0.00","0.67","0.00","34.57","Italy","Borsa Italiana","CAD","-","EUR"
"3201","JAPAN WOOL TEXTILE LTD","Consumer Discretionary","Equity","0.64","0.00","0.64","0.00","12.80","Japan","Tokyo Stock Exchange","CAD","-","JPY"
"6183","BELLSYSTEM24 HOLDINGS","Industrials","Equity","0.64","0.00","0.64","0.00","8.82","Japan","Tokyo Stock Exchange","CAD","-","JPY"
"7512","AEON HOKKAIDO CORP","Consumer Staples","Equity","0.59","0.00","0.59","0.00","5.54","Japan","Tokyo Stock Exchange","CAD","-","JPY"
"9025","KONOIKE TRANSPORT LTD","Industrials","Equity","0.59","0.00","0.59","0.00","19.15","Japan","Tokyo Stock Exchange","CAD","-","JPY"
"5273","MITANI SEKISAN LTD","Materials","Equity","0.58","0.00","0.58","0.00","13.86","Japan","Tokyo Stock Exchange","CAD","-","JPY"
"7177","GMO FINANCIAL HOLDINGS INC","Financials","Equity","0.58","0.00","0.58","0.00","7.47","Japan","Tokyo Stock Exchange","CAD","-","JPY"
"BSOKE.E","BATICIM CIMENTO SANAYI A.S.","Materials","Equity","0.57","0.00","0.57","2.00","0.33","Turkey","Istanbul Stock Exchange","CAD","-","TRY"
"9347","NIPPON KANZAI HOLDINGS LTD","Industrials","Equity","0.56","0.00","0.56","0.00","19.26","Japan","Tokyo Stock Exchange","CAD","-","JPY"
"WSKT","WASKITA KARYA PERSERO CLS A","Industrials","Equity","0.55","0.00","0.55","135,029,644.00","0.00","Indonesia","Indonesia Stock Exchange","CAD","-","IDR"
"8255","AXIAL RETAILING INC","Consumer Staples","Equity","0.52","0.00","0.52","0.00","8.67","Japan","Tokyo Stock Exchange","CAD","-","JPY"
"7595","ARGO GRAPHICS INC","Information Technology","Equity","0.46","0.00","0.46","0.00","8.25","Japan","Tokyo Stock Exchange","CAD","-","JPY"
"8892","ES-CON JAPAN","Consumer Discretionary","Equity","0.44","0.00","0.44","0.00","7.25","Japan","Tokyo Stock Exchange","CAD","-","JPY"
"ELCRE","ELECTRA REAL ESTATE LTD","Real Estate","Equity","0.39","0.00","0.39","0.00","7.32","Israel","Tel Aviv Stock Exchange","CAD","-","ILS"
"MBB","MBB","Industrials","Equity","0.34","0.00","0.34","0.00","199.86","Germany","Xetra","CAD","-","EUR"
"7917","ZACROS CORP","Materials","Equity","0.31","0.00","0.31","0.00","8.06","Japan","Tokyo Stock Exchange","CAD","-","JPY"
"6689","CHONGQING HONGJIU FRUIT CLASS H LT","Consumer Staples","Equity","0.22","0.00","0.22","3.00","0.07","China","Hong Kong Exchanges And Clearing Ltd","CAD","-","HKD"
"ALKLC.E","ALTINKILIC GIDA VE SUT SANAYI TICA","Consumer Staples","Equity","0.14","0.00","0.14","0.00","8.65","Turkey","Istanbul Stock Exchange","CAD","-","TRY"
"MOVI9","MOVIDA PARTICIPACOES SA RIGHTS","Industrials","Equity","0.12","0.00","0.12","0.00","1.61","Brazil","XBSP","CAD","-","BRL"
"CRPU","SASSEUR REIT UNITS TRUST","Real Estate","Equity","0.11","0.00","0.11","0.00","0.50","Singapore","Singapore Exchange","CAD","-","SGD"
"RUB","RUB CASH","Cash and/or Derivatives","Cash","0.10","0.00","0.10","0.00","1.18","Russian Federation","-","CAD","-","RUB"
"SBER","SBERBANK ROSSII","Financials","Equity","0.02","0.00","0.02","91,862,230.00","0.00","Russian Federation","Standard-Classica-Forts","CAD","-","RUB"
"CBOM","MOS CREDIT BANK","Financials","Equity","0.02","0.00","0.02","131,641,331.00","0.00","Russian Federation","Standard-Classica-Forts","CAD","-","RUB"
"FFGRP","FOLLI FOLLIE S.A. SA","Consumer Discretionary","Equity","0.00","0.00","0.00","343,633.00","0.00","Greece","Athens Exchange S.A. Cash Market","CAD","-","EUR"
"-","China Common Rich Renewable Energy Prvt","Information Technology","Equity","0.00","0.00","0.00","8,046.00","0.00","China","Hong Kong Exchanges And Clearing Ltd","CAD","-","HKD"
"PHOR","PJSC PHOSAGRO GDR","Materials","Equity","0.00","0.00","0.00","0.00","0.01","Russian Federation","London Stock Exchange","CAD","-","USD"
"PHOJY","PJSC PHOSAGRO GDR","Materials","Equity","0.00","0.00","0.00","1.00","0.00","Russian Federation","London Stock Exchange","CAD","-","USD"
"-","KANGMEI PHARMACEUTICAL RIGHTS OF I","Health Care","Equity","0.00","0.00","0.00","507,679.00","0.00","China","NO MARKET (E.G. UNLISTED)","CAD","-","CNH"
"INR","INR/USD","Cash and/or Derivatives","FX","0.00","0.00","0.00","0.00","1.00","United States","-","CAD","-","USD"
"INR","INR/USD","Cash and/or Derivatives","FX","0.00","0.00","0.00","0.00","1.00","United States","-","CAD","-","USD"
"ZAR","ZAR/USD","Cash and/or Derivatives","FX","0.00","0.00","0.00","0.00","1.00","United States","-","CAD","-","USD"
"COP","COP/USD","Cash and/or Derivatives","FX","0.00","0.00","0.00","0.00","1.00","United States","-","CAD","-","USD"
"IDR","IDR/USD","Cash and/or Derivatives","FX","0.00","0.00","0.00","0.00","1.00","United States","-","CAD","-","USD"
"INR","INR/USD","Cash and/or Derivatives","FX","0.00","0.00","0.00","0.00","1.00","United States","-","CAD","-","USD"
"INR","INR/USD","Cash and/or Derivatives","FX","0.00","0.00","0.00","0.00","1.00","United States","-","CAD","-","USD"
"COP","COP/USD","Cash and/or Derivatives","FX","0.00","0.00","0.00","0.00","1.00","United States","-","CAD","-","USD"
"AED","AED/USD","Cash and/or Derivatives","FX","0.00","0.00","0.00","0.00","1.00","United States","-","CAD","-","USD"
"AED","AED/USD","Cash and/or Derivatives","FX","0.00","0.00","0.00","0.00","1.00","United States","-","CAD","-","USD"
"SAR","SAR/USD","Cash and/or Derivatives","FX","0.00","0.00","0.00","0.00","1.00","United States","-","CAD","-","USD"
"AED","AED/USD","Cash and/or Derivatives","FX","0.00","0.00","0.00","0.00","1.00","United States","-","CAD","-","USD"
"SAR","SAR/USD","Cash and/or Derivatives","FX","0.00","0.00","0.00","0.00","1.00","United States","-","CAD","-","USD"
"SAR","SAR/USD","Cash and/or Derivatives","FX","0.00","0.00","0.00","0.00","1.00","United States","-","CAD","-","USD"
"AED","AED/USD","Cash and/or Derivatives","FX","0.00","0.00","0.00","0.00","1.00","United States","-","CAD","-","USD"
"AED","AED/USD","Cash and/or Derivatives","FX","0.00","0.00","0.00","0.00","1.00","United States","-","CAD","-","USD"
"AED","AED/USD","Cash and/or Derivatives","FX","0.00","0.00","0.00","0.00","1.00","United States","-","CAD","-","USD"
"AED","AED/USD","Cash and/or Derivatives","FX","0.00","0.00","0.00","0.00","1.00","United States","-","CAD","-","USD"
"AED","AED/USD","Cash and/or Derivatives","FX","0.00","0.00","0.00","0.00","1.00","United States","-","CAD","-","USD"
"AED","AED/USD","Cash and/or Derivatives","FX","0.00","0.00","0.00","0.00","1.00","United States","-","CAD","-","USD"
"EGP","EGP/USD","Cash and/or Derivatives","FX","0.00","0.00","0.00","0.00","1.00","United States","-","CAD","-","USD"
"COP","COP/USD","Cash and/or Derivatives","FX","0.00","0.00","0.00","0.00","1.00","United States","-","CAD","-","USD"
"ETD_USD","ETD USD BALANCE WITH R93531","Cash and/or Derivatives","Cash","0.00","0.00","0.00","0.00","100.00","United States","-","CAD","-","USD"
"MESZ6","MSCI EMER MKT INDEX (ICE) DEC 26","Cash and/or Derivatives","Futures","0.00","0.00","0.00","0.00","1,716.20","-","Ice Futures U.S.","CAD","-","USD"
"MYRX","HANSON INTERNATIONAL","Real Estate","Equity","0.00","0.00","0.00","783,666,700.00","0.00","Indonesia","Indonesia Stock Exchange","CAD","-","IDR"
"053320","TERA RESOURCE LTD","Communication","Equity","0.00","0.00","0.00","9,822.00","0.00","Korea (South)","Korea Exchange (Kosdaq)","CAD","-","KRW"
"SUGI","SUGIH ENERGY","Energy","Equity","0.00","0.00","0.00","27,492,211.00","0.00","Indonesia","Indonesia Stock Exchange","CAD","-","IDR"
"587","HUA HAN HEALTH INDUSTRY HOLDINGS L","Health Care","Equity","0.00","0.00","0.00","19,424,288.00","0.00","China","Hong Kong Exchanges And Clearing Ltd","CAD","-","HKD"
"2349","RITEK CORP","Information Technology","Equity","0.00","0.00","0.00","0.00","0.33","Taiwan","Taiwan Stock Exchange","CAD","-","TWD"
"IIKP","INTI AGRI RESOURCES","Consumer Staples","Equity","0.00","0.00","0.00","291,349,000.00","0.00","Indonesia","Indonesia Stock Exchange","CAD","-","IDR"
"1886","CHINA HUIYUAN JUICE GROUP LTD","Consumer Staples","Equity","0.00","0.00","0.00","10,877,000.00","0.00","China","Hong Kong Exchanges And Clearing Ltd","CAD","-","HKD"
"TRAM","TRADA ALAM MINERA","Industrials","Equity","0.00","0.00","0.00","280,960,700.00","0.00","Indonesia","Indonesia Stock Exchange","CAD","-","IDR"
"2268","YOUYUAN INTERNATIONAL HOLDINGS LTD","Materials","Equity","0.00","0.00","0.00","4,800,100.00","0.00","China","Hong Kong Exchanges And Clearing Ltd","CAD","-","HKD"
"1333","CHINA ZHONGWANG HOLDINGS LTD","Materials","Equity","0.00","0.00","0.00","2,334,641.00","0.00","China","Hong Kong Exchanges And Clearing Ltd","CAD","-","HKD"
"3777","CHINA FIBER OPTIC NETWORK SYSTEM G","Information Technology","Equity","0.00","0.00","0.00","10,394,800.00","0.00","China","Hong Kong Exchanges And Clearing Ltd","CAD","-","HKD"
"3662","XPEC ENTERTAINMENT INC","Communication","Equity","0.00","0.00","0.00","31,000.00","0.00","Taiwan","Gretai Securities Market","CAD","-","TWD"
"FIVE","X5 RETAIL GROUP GDR NV","Consumer Staples","Equity","0.00","0.00","0.00","1,023,928.00","0.00","Russian Federation","Standard-Classica-Forts","CAD","-","RUB"
"67","CHINA LUMENA NEW MATERIALS CORP","Materials","Equity","0.00","0.00","0.00","43,450.00","0.00","Hong Kong","Hong Kong Exchanges And Clearing Ltd","CAD","-","HKD"
"940","CHINA ANIMAL HEALTHCARE LTD","Health Care","Equity","0.00","0.00","0.00","1,237,000.00","0.00","China","Hong Kong Exchanges And Clearing Ltd","CAD","-","HKD"
"773","CHINA METAL RECYCLING (HOLDINGS) L","Materials","Equity","0.00","0.00","0.00","62,400.00","0.00","China","Hong Kong Exchanges And Clearing Ltd","CAD","-","HKD"
"PLZL","POLYUS","Materials","Equity","0.00","0.00","0.00","2,907,870.00","0.00","Russian Federation","Standard-Classica-Forts","CAD","-","RUB"
"AFLT","AEROFLOT ROSSIYSKIYE AVIALINII","Industrials","Equity","0.00","0.00","0.00","12,448,217.00","0.00","Russian Federation","Standard-Classica-Forts","CAD","-","RUB"
"MTSS","MOBILNYE TELESISTEMY","Communication","Equity","0.00","0.00","0.00","7,617,292.00","0.00","Russian Federation","Standard-Classica-Forts","CAD","-","RUB"
"FEES","FSK YEES","Utilities","Equity","0.00","0.00","0.00","2,175,770,000.00","0.00","Russian Federation","Standard-Classica-Forts","CAD","-","RUB"
"ROSN","NK ROSNEFT","Energy","Equity","0.00","0.00","0.00","9,721,202.00","0.00","Russian Federation","Standard-Classica-Forts","CAD","-","RUB"
"VTBR","BANK VTB","Financials","Equity","0.00","0.00","0.00","5,137,107.00","0.00","Russian Federation","Standard-Classica-Forts","CAD","-","RUB"
"AFKS","AFK SISTEMA","Communication","Equity","0.00","0.00","0.00","30,748,700.00","0.00","Russian Federation","Standard-Classica-Forts","CAD","-","RUB"
"CHMF","SEVERSTAL","Materials","Equity","0.00","0.00","0.00","1,835,503.00","0.00","Russian Federation","Standard-Classica-Forts","CAD","-","RUB"
"ALRS","AK ALROSA","Materials","Equity","0.00","0.00","0.00","22,555,750.00","0.00","Russian Federation","Standard-Classica-Forts","CAD","-","RUB"
"POOL","POOL ADVISTA INDONESIA","Financials","Equity","0.00","0.00","0.00","12,679,400.00","0.00","Indonesia","Indonesia Stock Exchange","CAD","-","IDR"
"-","SUPERB SUMMIT INTERNATIONAL TIMBER","Industrials","Equity","0.00","0.00","0.00","998,771.00","0.00","China","Hong Kong Exchanges And Clearing Ltd","CAD","-","HKD"
"MOEX","MOSCOW EXCHANGE","Financials","Equity","0.00","0.00","0.00","12,320,031.00","0.00","Russian Federation","Standard-Classica-Forts","CAD","-","RUB"
"198","SMI HOLDINGS GROUP LTD","Communication","Equity","0.00","0.00","0.00","11,875,953.00","0.00","China","Hong Kong Exchanges And Clearing Ltd","CAD","-","HKD"
"TCSG","TCS GROUP HOLDING REPR CLASS A RE","Financials","Equity","0.00","0.00","0.00","1,042,828.00","0.00","Russian Federation","Standard-Classica-Forts","CAD","-","RUB"
"VKCO","VK COMPANY LTD","Communication","Equity","0.00","0.00","0.00","956,753.00","0.00","Russian Federation","Standard-Classica-Forts","CAD","-","RUB"
"SGZH","SEGEZHA GROUP","Materials","Equity","0.00","0.00","0.00","34,454,100.00","0.00","Russian Federation","Standard-Classica-Forts","CAD","-","RUB"
"OZON","OZON HOLDINGS ADR PLC","Consumer Discretionary","Equity","0.00","0.00","0.00","453,223.00","0.00","Russian Federation","Standard-Classica-Forts","CAD","-","RUB"
"FLOT","SOVKOMFLOT","Energy","Equity","0.00","0.00","0.00","4,464,400.00","0.00","Russian Federation","Standard-Classica-Forts","CAD","-","RUB"
"RUAL","UNITED COMPANY RUSAL","Materials","Equity","0.00","0.00","0.00","26,465,860.00","0.00","Russian Federation","Standard-Classica-Forts","CAD","-","RUB"
"KTLEV.E","KATILIMEVIM TASARRUF FINANSMAN A.S","Financials","Equity","0.00","0.00","0.00","0.00","0.51","Turkey","Istanbul Stock Exchange","CAD","-","TRY"
"AGRO","ROS AGRO GDR PLC","Consumer Staples","Equity","0.00","0.00","0.00","300,309.00","0.00","Russian Federation","Standard-Classica-Forts","CAD","-","RUB"
"6452","PHARMALLY LTD","Health Care","Equity","0.00","0.00","0.00","597,543.00","0.00","Taiwan","Taiwan Stock Exchange","CAD","-","TWD"
"1363","CT ENVIRONMENTAL GROUP LTD","Industrials","Equity","0.00","0.00","0.00","33,362,000.00","0.00","China","Hong Kong Exchanges And Clearing Ltd","CAD","-","HKD"
"2662","MH DEVELOPMENT LTD","Information Technology","Equity","0.00","0.00","0.00","3,308,000.00","0.00","China","Hong Kong Exchanges And Clearing Ltd","CAD","-","HKD"
"933","BRIGHTOIL PETROLEUM (HOLDINGS) LTD","Energy","Equity","0.00","0.00","0.00","6,240,000.00","0.00","Hong Kong","Hong Kong Exchanges And Clearing Ltd","CAD","-","HKD"
"GBP","GBP/USD","Cash and/or Derivatives","FX","0.00","0.00","0.00","0.00","1.00","United States","-","CAD","-","USD"
"JPY","JPY/USD","Cash and/or Derivatives","FX","0.00","0.00","0.00","0.00","1.00","United States","-","CAD","-","USD"
"ETD_JPY","ETD JPY BALANCE WITH R30382","Cash and/or Derivatives","Cash","0.00","0.00","0.00","0.00","0.64","Japan","-","CAD","-","JPY"
"ETD_EUR","ETD EUR BALANCE WITH R93531","Cash and/or Derivatives","Cash","0.00","0.00","0.00","0.00","114.86","European Union","-","CAD","-","EUR"
"ETD_GBP","ETD GBP BALANCE WITH R30382","Cash and/or Derivatives","Cash","0.00","0.00","0.00","0.00","133.53","United Kingdom","-","CAD","-","GBP"
"WBD","WEBUILD","Industrials","Equity","0.00","0.00","0.00","4,001.00","0.00","Italy","Borsa Italiana","CAD","-","EUR"
"404","HSIN CHONG GROUP HOLDINGS LTD","Industrials","Equity","0.00","0.00","0.00","7,490,000.00","0.00","Hong Kong","Hong Kong Exchanges And Clearing Ltd","CAD","-","HKD"
"ORNP","ORION RETAIL PROPERTIES LTD","Real Estate","Equity","0.00","0.00","0.00","0.00","0.84","Israel","Tel Aviv Stock Exchange","CAD","-","ILS"
"MFSZ6","MSCI EAFE INDEX DEC 26","Cash and/or Derivatives","Futures","0.00","0.00","0.00","0.00","4,476.63","-","Ice Futures U.S.","CAD","-","USD"
"FFX","FIREFINCH LTD","Materials","Equity","0.00","0.00","0.00","5,815,203.00","0.00","Australia","Asx - All Markets","CAD","-","AUD"
"NMC","NMC HEALTH PLC","Health Care","Equity","0.00","0.00","0.00","11,765.00","0.00","United Kingdom","London Stock Exchange","CAD","-","GBP"
"AZRT","REIT AZORIM - H.F LTD","Real Estate","Equity","0.00","0.00","0.00","0.00","1.97","Israel","Tel Aviv Stock Exchange","CAD","-","ILS"
"TPZ6","TOPIX INDEX DEC 26","Cash and/or Derivatives","Futures","0.00","0.00","0.00","0.00","26.24","-","Osaka Securities Exchange","CAD","-","JPY"
"VGZ6","EURO STOXX 50 DEC 26","Cash and/or Derivatives","Futures","0.00","0.00","0.00","0.00","7,290.12","European Union","Eurex Deutschland","CAD","-","EUR"
"XPZ6","SPI 200 DEC 26","Cash and/or Derivatives","Futures","0.00","0.00","0.00","0.00","6,238.35","-","Asx - Trade24","CAD","-","AUD"
"Z Z6","FTSE 100 INDEX DEC 26","Cash and/or Derivatives","Futures","0.00","0.00","0.00","0.00","14,539.60","-","IFLL","CAD","-","GBP"
"INR","INR/USD","Cash and/or Derivatives","FX","0.00","0.00","0.00","0.00","1.40","United States","-","CAD","-","USD"
"INR","INR/USD","Cash and/or Derivatives","FX","0.00","0.00","0.00","0.00","1.40","United States","-","CAD","-","USD"
"6606","NEW HORIZON HEALTH LTD","Health Care","Equity","0.00","0.00","0.00","35,000.00","0.00","China","Hong Kong Exchanges And Clearing Ltd","CAD","-","HKD"
"182400","NKGEN BIOTECH KOREA","Health Care","Equity","0.00","0.00","0.00","1,825.00","0.00","Korea (South)","Korea Exchange (Kosdaq)","CAD","-","KRW"
"KWD","KWD CASH","Cash and/or Derivatives","Cash","-0.69","0.00","-0.69","0.00","453.51","Kuwait","-","CAD","-","KWD"
"COP","COP CASH","Cash and/or Derivatives","Cash","-1.08","0.00","-1.08","-27.00","0.04","Colombia","-","CAD","-","COP"
 