Fund Holdings as of,"Sep 17, 2026"
 
Ticker,Name,Sector,Asset Class,Market Value,Weight (%),Notional Value,Shares,Price,Location,Exchange,Currency,FX Rate,Market Currency
"ITOT","ISHARES CORE S&P TOTAL U.S. STOCK","Financials","Equity","6,957,165,404.33","99.70","6,957,165,404.33","29,927,203.00","232.47","United States","NYSE Arca","CAD","0.71","USD"
"USD","USD CASH","Cash and/or Derivatives","Cash","18,055,954.72","0.26","18,055,954.72","12,909,559.00","139.86","United States","-","CAD","0.71","USD"
"CAD","CAD CASH","Cash and/or Derivatives","Cash","2,579,956.02","0.04","2,579,956.02","2,579,956.00","100.00","Canada","-","CAD","1.00","CAD"
 
Fund Holdings as of,"Sep 17, 2026"
 
Ticker,Name,Sector,Asset Class,Market Value,Weight (%),Notional Value,Shares,Price,Location,Exchange,Currency,FX Rate,Market Currency
"NVDA","NVIDIA","Information Technology","Equity","500,648,753.96","7.17","500,648,753.96","31,486,074.00","-","United States","NASDAQ","CAD","-","USD"
"AAPL","APPLE","Information Technology","Equity","466,446,633.12","6.68","466,446,633.12","19,093,026.00","-","United States","NASDAQ","CAD","-","USD"
"MSFT","MICROSOFT","Information Technology","Equity","348,421,800.61","4.99","348,421,800.61","9,655,990.00","-","United States","NASDAQ","CAD","-","USD"
"AMZN","AMAZON.COM INC","Consumer Discretionary","Equity","231,754,311.08","3.32","231,754,311.08","12,727,061.00","-","United States","NASDAQ","CAD","-","USD"
"GOOGL","ALPHABET CLASS A","Communication","Equity","191,770,090.07","2.75","191,770,090.07","7,616,243.00","-","United States","NASDAQ","CAD","-","USD"
"AVGO","BROADCOM INC","Information Technology","Equity","154,956,945.05","2.22","154,956,945.05","6,154,741.00","-","United States","NASDAQ","CAD","-","USD"
"GOOG","ALPHABET CLASS C","Communication","Equity","153,242,003.78","2.20","153,242,003.78","6,150,733.00","-","United States","NASDAQ","CAD","-","USD"
"META","META PLATFORMS CLASS A","Communication","Equity","141,233,240.57","2.02","141,233,240.57","2,855,342.00","-","United States","NASDAQ","CAD","-","USD"
"MU","MICRON TECHNOLOGY","Information Technology","Equity","103,895,525.28","1.49","103,895,525.28","1,466,167.00","-","United States","NASDAQ","CAD","-","USD"
"TSLA","TESLA INC","Consumer Discretionary","Equity","97,214,559.34","1.39","97,214,559.34","3,661,970.00","-","United States","NASDAQ","CAD","-","USD"
"JPM","JPMORGAN CHASE & CO","Financials","Equity","88,188,332.95","1.26","88,188,332.95","3,482,609.00","-","United States","New York Stock Exchange Inc.","CAD","-","USD"
"BRK B","BERKSHIRE HATHAWAY INC CLASS B","Financials","Equity","87,849,518.99","1.26","87,849,518.99","2,379,865.00","-","United States","New York Stock Exchange Inc.","CAD","-","USD"
"LLY","ELI LILLY","Health Care","Equity","85,902,208.40","1.23","85,902,208.40","1,028,223.00","-","United States","New York Stock Exchange Inc.","CAD","-","USD"
"AMD","ADVANCED MICRO DEVICES","Information Technology","Equity","83,781,664.38","1.20","83,781,664.38","2,120,237.00","-","United States","NASDAQ","CAD","-","USD"
"XOM","EXXONMOBIL HOLDINGS CORP","Energy","Equity","63,722,069.37","0.91","63,722,069.37","5,383,792.00","-","United States","New York Stock Exchange Inc.","CAD","-","USD"
"JNJ","JOHNSON & JOHNSON","Health Care","Equity","61,241,144.19","0.88","61,241,144.19","3,126,295.00","-","United States","New York Stock Exchange Inc.","CAD","-","USD"
"V","VISA CLASS A","Financials","Equity","57,836,307.44","0.83","57,836,307.44","2,156,673.00","-","United States","New York Stock Exchange Inc.","CAD","-","USD"
"INTC","INTEL CORPORATION","Information Technology","Equity","50,655,817.03","0.73","50,655,817.03","6,422,497.00","-","United States","NASDAQ","CAD","-","USD"
"WMT","WALMART INC","Consumer Staples","Equity","44,176,608.88","0.63","44,176,608.88","5,706,470.00","-","United States","NASDAQ","CAD","-","USD"
"ABBV","ABBVIE","Health Care","Equity","43,974,155.37","0.63","43,974,155.37","2,297,542.00","-","United States","New York Stock Exchange Inc.","CAD","-","USD"
"MA","MASTERCARD CLASS A","Financials","Equity","42,975,106.42","0.62","42,975,106.42","1,047,883.00","-","United States","New York Stock Exchange Inc.","CAD","-","USD"
"CSCO","CISCO SYSTEMS INC","Information Technology","Equity","41,006,924.33","0.59","41,006,924.33","5,131,195.00","-","United States","NASDAQ","CAD","-","USD"
"PLTR","PALANTIR TECHNOLOGIES CLASS A","Information Technology","Equity","38,134,310.73","0.55","38,134,310.73","2,984,818.00","-","United States","NASDAQ","CAD","-","USD"
"COST","COSTCO WHOLESALE CORP","Consumer Staples","Equity","37,346,759.61","0.54","37,346,759.61","576,303.00","-","United States","NASDAQ","CAD","-","USD"
"CVX","CHEVRON","Energy","Equity","37,286,927.98","0.53","37,286,927.98","2,431,135.00","-","United States","New York Stock Exchange Inc.","CAD","-","USD"
"BAC","BANK OF AMERICA","Financials","Equity","35,893,407.75","0.51","35,893,407.75","8,510,274.00","-","United States","New York Stock Exchange Inc.","CAD","-","USD"
"CAT","CATERPILLAR INC","Industrials","Equity","34,738,518.30","0.50","34,738,518.30","600,070.00","-","United States","New York Stock Exchange Inc.","CAD","-","USD"
"MRK","MERCK & CO INC","Health Care","Equity","34,324,566.96","0.49","34,324,566.96","3,217,749.00","-","United States","New York Stock Exchange Inc.","CAD","-","USD"
"PG","PROCTER & GAMBLE","Consumer Staples","Equity","32,344,557.68","0.46","32,344,557.68","3,023,854.00","-","United States","New York Stock Exchange Inc.","CAD","-","USD"
"UNH","UNITEDHEALTH GROUP INC","Health Care","Equity","32,103,839.76","0.46","32,103,839.76","1,180,276.00","-","United States","New York Stock Exchange Inc.","CAD","-","USD"
"KO","COCA-COLA","Consumer Staples","Equity","32,069,749.65","0.46","32,069,749.65","5,023,607.00","-","United States","New York Stock Exchange Inc.","CAD","-","USD"
"LRCX","LAM RESEARCH","Information Technology","Equity","31,744,154.31","0.45","31,744,154.31","1,625,988.00","-","United States","NASDAQ","CAD","-","USD"
"AMAT","APPLIED MATERIAL INC","Information Technology","Equity","31,214,018.30","0.45","31,214,018.30","1,031,563.00","-","United States","NASDAQ","CAD","-","USD"
"GE","GE AEROSPACE","Industrials","Equity","30,818,155.59","0.44","30,818,155.59","1,356,180.00","-","United States","New York Stock Exchange Inc.","CAD","-","USD"
"NFLX","NETFLIX","Communication","Equity","29,910,245.51","0.43","29,910,245.51","5,478,582.00","-","United States","NASDAQ","CAD","-","USD"
"PANW","PALO ALTO NETWORKS","Information Technology","Equity","28,650,302.85","0.41","28,650,302.85","1,053,746.00","-","United States","NASDAQ","CAD","-","USD"
"HD","HOME DEPOT","Consumer Discretionary","Equity","28,474,982.28","0.41","28,474,982.28","1,298,465.00","-","United States","New York Stock Exchange Inc.","CAD","-","USD"
"PM","PHILIP MORRIS INTERNATIONAL INC","Consumer Staples","Equity","27,971,979.22","0.40","27,971,979.22","2,025,686.00","-","United States","New York Stock Exchange Inc.","CAD","-","USD"
"GS","GOLDMAN SACHS GROUP","Financials","Equity","26,435,141.39","0.38","26,435,141.39","383,259.00","-","United States","New York Stock Exchange Inc.","CAD","-","USD"
"WFC","WELLS FARGO","Financials","Equity","25,113,279.96","0.36","25,113,279.96","3,986,887.00","-","United States","New York Stock Exchange Inc.","CAD","-","USD"
"RTX","RTX","Industrials","Equity","24,535,835.23","0.35","24,535,835.23","1,748,791.00","-","United States","New York Stock Exchange Inc.","CAD","-","USD"
"ORCL","ORACLE","Information Technology","Equity","24,089,880.93","0.35","24,089,880.93","2,206,680.00","-","United States","New York Stock Exchange Inc.","CAD","-","USD"
"CRWD","CROWDSTRIKE HOLDINGS CLASS A","Information Technology","Equity","23,577,833.56","0.34","23,577,833.56","1,323,727.00","-","United States","NASDAQ","CAD","-","USD"
"GEV","GE VERNOVA","Industrials","Equity","23,449,821.71","0.34","23,449,821.71","349,726.00","-","United States","New York Stock Exchange Inc.","CAD","-","USD"
"TMO","THERMO FISHER SCIENTIFIC INC","Health Care","Equity","23,072,047.63","0.33","23,072,047.63","483,451.00","-","United States","New York Stock Exchange Inc.","CAD","-","USD"
"MS","MORGAN STANLEY","Financials","Equity","22,996,910.24","0.33","22,996,910.24","1,558,717.00","-","United States","New York Stock Exchange Inc.","CAD","-","USD"
"XTSLA","BLK CSH FND TREASURY SL AGENCY","Cash and/or Derivatives","Money Market","22,825,068.26","0.33","22,825,068.26","314,856,074.00","-","United States","-","CAD","-","USD"
"SNDK","SANDISK","Information Technology","Equity","22,541,911.63","0.32","22,541,911.63","192,614.00","-","United States","NASDAQ","CAD","-","USD"
"TXN","TEXAS INSTRUMENT INC","Information Technology","Equity","22,123,090.27","0.32","22,123,090.27","1,182,214.00","-","United States","NASDAQ","CAD","-","USD"
"C","CITIGROUP","Financials","Equity","21,323,711.96","0.31","21,323,711.96","2,216,650.00","-","United States","New York Stock Exchange Inc.","CAD","-","USD"
"IBM","INTERNATIONAL BUSINESS MACHINES","Information Technology","Equity","21,060,731.11","0.30","21,060,731.11","1,221,944.00","-","United States","New York Stock Exchange Inc.","CAD","-","USD"
"KLAC","KLA","Information Technology","Equity","20,796,358.83","0.30","20,796,358.83","1,697,686.00","-","United States","NASDAQ","CAD","-","USD"
"LIN","LINDE PLC","Materials","Equity","19,927,408.87","0.29","19,927,408.87","599,562.00","-","United States","NASDAQ","CAD","-","USD"
"MRVL","MARVELL TECHNOLOGY","Information Technology","Equity","19,878,708.71","0.28","19,878,708.71","1,138,936.00","-","United States","NASDAQ","CAD","-","USD"
"ANET","ARISTA NETWORKS","Information Technology","Equity","19,427,188.68","0.28","19,427,188.68","1,343,106.00","-","United States","New York Stock Exchange Inc.","CAD","-","USD"
"AMGN","AMGEN INC","Health Care","Equity","19,358,312.74","0.28","19,358,312.74","703,147.00","-","United States","NASDAQ","CAD","-","USD"
"VZ","VERIZON COMMUNICATIONS INC","Communication","Equity","18,950,622.84","0.27","18,950,622.84","5,408,985.00","-","United States","New York Stock Exchange Inc.","CAD","-","USD"
"QCOM","QUALCOMM","Information Technology","Equity","18,747,473.62","0.27","18,747,473.62","1,370,435.00","-","United States","NASDAQ","CAD","-","USD"
"CRM","SALESFORCE","Information Technology","Equity","18,735,646.43","0.27","18,735,646.43","1,064,226.00","-","United States","New York Stock Exchange Inc.","CAD","-","USD"
"APH","AMPHENOL CORP CLASS A","Information Technology","Equity","18,171,420.32","0.26","18,171,420.32","3,198,472.00","-","United States","New York Stock Exchange Inc.","CAD","-","USD"
"GILD","GILEAD SCIENCES","Health Care","Equity","17,693,463.06","0.25","17,693,463.06","1,617,540.00","-","United States","NASDAQ","CAD","-","USD"
"DIS","WALT DISNEY","Communication","Equity","17,266,293.10","0.25","17,266,293.10","2,260,835.00","-","United States","New York Stock Exchange Inc.","CAD","-","USD"
"PEP","PEPSICO","Consumer Staples","Equity","17,181,415.68","0.25","17,181,415.68","1,773,213.00","-","United States","NASDAQ","CAD","-","USD"
"STX","SEAGATE TECHNOLOGY HOLDINGS PLC","Information Technology","Equity","16,981,745.04","0.24","16,981,745.04","291,674.00","-","United States","NASDAQ","CAD","-","USD"
"ABT","ABBOTT LABORATORIES","Health Care","Equity","16,784,161.54","0.24","16,784,161.54","2,264,761.00","-","United States","New York Stock Exchange Inc.","CAD","-","USD"
"ADI","ANALOG DEVICES","Information Technology","Equity","16,686,065.51","0.24","16,686,065.51","634,711.00","-","United States","NASDAQ","CAD","-","USD"
"T","AT&T","Communication","Equity","16,627,625.32","0.24","16,627,625.32","9,033,871.00","-","United States","New York Stock Exchange Inc.","CAD","-","USD"
"MCD","MCDONALDS CORP","Consumer Discretionary","Equity","16,603,275.24","0.24","16,603,275.24","921,720.00","-","United States","New York Stock Exchange Inc.","CAD","-","USD"
"DE","DEERE","Industrials","Equity","16,265,852.72","0.23","16,265,852.72","327,255.00","-","United States","New York Stock Exchange Inc.","CAD","-","USD"
"SCHW","CHARLES SCHWAB","Financials","Equity","16,154,538.07","0.23","16,154,538.07","2,129,819.00","-","United States","New York Stock Exchange Inc.","CAD","-","USD"
"DELL","DELL TECHNOLOGIES INC CLASS C","Information Technology","Equity","16,048,789.15","0.23","16,048,789.15","376,254.00","-","United States","New York Stock Exchange Inc.","CAD","-","USD"
"NEE","NEXTERA ENERGY","Utilities","Equity","15,997,306.13","0.23","15,997,306.13","2,714,951.00","-","United States","New York Stock Exchange Inc.","CAD","-","USD"
"UNP","UNION PACIFIC","Industrials","Equity","15,771,198.26","0.23","15,771,198.26","770,152.00","-","United States","New York Stock Exchange Inc.","CAD","-","USD"
"AXP","AMERICAN EXPRESS","Financials","Equity","15,618,140.62","0.22","15,618,140.62","692,349.00","-","United States","New York Stock Exchange Inc.","CAD","-","USD"
"WELL","WELLTOWER","Real Estate","Equity","15,428,905.72","0.22","15,428,905.72","916,371.00","-","United States","New York Stock Exchange Inc.","CAD","-","USD"
"COP","CONOCOPHILLIPS","Energy","Equity","15,263,325.18","0.22","15,263,325.18","1,580,833.00","-","United States","New York Stock Exchange Inc.","CAD","-","USD"
"ETN","EATON PLC","Industrials","Equity","15,003,822.91","0.22","15,003,822.91","505,474.00","-","United States","New York Stock Exchange Inc.","CAD","-","USD"
"PFE","PFIZER","Health Care","Equity","14,886,246.82","0.21","14,886,246.82","7,429,231.00","-","United States","New York Stock Exchange Inc.","CAD","-","USD"
"BA","BOEING","Industrials","Equity","14,650,398.91","0.21","14,650,398.91","1,025,834.00","-","United States","New York Stock Exchange Inc.","CAD","-","USD"
"BLK","BLACKROCK","Financials","Equity","14,370,025.14","0.21","14,370,025.14","188,074.00","-","United States","New York Stock Exchange Inc.","CAD","-","USD"
"WDC","WESTERN DIGITAL CORP","Information Technology","Equity","13,775,187.50","0.20","13,775,187.50","448,291.00","-","United States","NASDAQ","CAD","-","USD"
"UBER","UBER TECHNOLOGIES","Industrials","Equity","13,607,519.81","0.20","13,607,519.81","2,648,663.00","-","United States","New York Stock Exchange Inc.","CAD","-","USD"
"NOW","SERVICENOW","Information Technology","Equity","13,466,289.36","0.19","13,466,289.36","1,341,484.00","-","United States","New York Stock Exchange Inc.","CAD","-","USD"
"TJX","TJX","Consumer Discretionary","Equity","13,166,435.53","0.19","13,166,435.53","1,435,165.00","-","United States","New York Stock Exchange Inc.","CAD","-","USD"
"ISRG","INTUITIVE SURGICAL","Health Care","Equity","12,842,231.62","0.18","12,842,231.62","461,878.00","-","United States","NASDAQ","CAD","-","USD"
"DHR","DANAHER","Health Care","Equity","12,641,865.26","0.18","12,641,865.26","820,665.00","-","United States","New York Stock Exchange Inc.","CAD","-","USD"
"NEM","NEWMONT","Materials","Equity","12,506,896.25","0.18","12,506,896.25","1,387,005.00","-","United States","New York Stock Exchange Inc.","CAD","-","USD"
"BKNG","BOOKING HOLDINGS","Consumer Discretionary","Equity","12,430,367.43","0.18","12,430,367.43","1,005,550.00","-","United States","NASDAQ","CAD","-","USD"
"VRTX","VERTEX PHARMACEUTICALS","Health Care","Equity","12,378,884.40","0.18","12,378,884.40","330,707.00","-","United States","NASDAQ","CAD","-","USD"
"BMY","BRISTOL MYERS SQUIBB","Health Care","Equity","12,101,989.22","0.17","12,101,989.22","2,656,518.00","-","United States","New York Stock Exchange Inc.","CAD","-","USD"
"PLD","PROLOGIS REIT","Real Estate","Equity","12,080,422.01","0.17","12,080,422.01","1,232,710.00","-","United States","New York Stock Exchange Inc.","CAD","-","USD"
"PGR","PROGRESSIVE","Financials","Equity","11,914,841.47","0.17","11,914,841.47","759,919.00","-","United States","New York Stock Exchange Inc.","CAD","-","USD"
"COF","CAPITAL ONE FINANCIAL CORP","Financials","Equity","11,860,575.58","0.17","11,860,575.58","809,785.00","-","United States","New York Stock Exchange Inc.","CAD","-","USD"
"MPC","MARATHON PETROLEUM","Energy","Equity","11,634,467.71","0.17","11,634,467.71","380,344.00","-","United States","New York Stock Exchange Inc.","CAD","-","USD"
"CB","CHUBB","Financials","Equity","11,609,421.91","0.17","11,609,421.91","468,402.00","-","United States","New York Stock Exchange Inc.","CAD","-","USD"
"SPGI","S&P GLOBAL","Financials","Equity","11,571,853.22","0.17","11,571,853.22","395,008.00","-","United States","New York Stock Exchange Inc.","CAD","-","USD"
"VLO","VALERO ENERGY CORP","Energy","Equity","11,550,286.00","0.17","11,550,286.00","386,216.00","-","United States","New York Stock Exchange Inc.","CAD","-","USD"
"MDT","MEDTRONIC PLC","Health Care","Equity","11,274,782.25","0.16","11,274,782.25","1,676,457.00","-","United States","New York Stock Exchange Inc.","CAD","-","USD"
"SNOW","SNOWFLAKE","Information Technology","Equity","11,029,890.03","0.16","11,029,890.03","449,627.00","-","United States","New York Stock Exchange Inc.","CAD","-","USD"
"ACN","ACCENTURE PLC CLASS A","Information Technology","Equity","11,011,105.69","0.16","11,011,105.69","798,214.00","-","United States","New York Stock Exchange Inc.","CAD","-","USD"
"PH","PARKER-HANNIFIN","Industrials","Equity","10,987,451.32","0.16","10,987,451.32","163,800.00","-","United States","New York Stock Exchange Inc.","CAD","-","USD"
"MO","ALTRIA GROUP INC","Consumer Staples","Equity","10,961,709.81","0.16","10,961,709.81","2,169,428.00","-","United States","New York Stock Exchange Inc.","CAD","-","USD"
"GLW","CORNING","Information Technology","Equity","10,921,358.25","0.16","10,921,358.25","1,019,306.00","-","United States","New York Stock Exchange Inc.","CAD","-","USD"
"CVS","CVS HEALTH","Health Care","Equity","10,860,135.20","0.16","10,860,135.20","1,659,587.00","-","United States","New York Stock Exchange Inc.","CAD","-","USD"
"SBUX","STARBUCKS CORP","Consumer Discretionary","Equity","10,387,743.67","0.15","10,387,743.67","1,482,299.00","-","United States","NASDAQ","CAD","-","USD"
"PSX","PHILLIPS 66","Energy","Equity","10,382,873.65","0.15","10,382,873.65","522,338.00","-","United States","New York Stock Exchange Inc.","CAD","-","USD"
"LOW","LOWES COMPANIES INC","Consumer Discretionary","Equity","10,271,559.00","0.15","10,271,559.00","729,655.00","-","United States","New York Stock Exchange Inc.","CAD","-","USD"
"ADP","AUTOMATIC DATA PROCESSING INC","Industrials","Equity","10,243,034.62","0.15","10,243,034.62","519,003.00","-","United States","NASDAQ","CAD","-","USD"
"LMT","LOCKHEED MARTIN CORP","Industrials","Equity","10,240,251.76","0.15","10,240,251.76","262,512.00","-","United States","New York Stock Exchange Inc.","CAD","-","USD"
"FTNT","FORTINET","Information Technology","Equity","10,117,805.65","0.14","10,117,805.65","808,737.00","-","United States","NASDAQ","CAD","-","USD"
"NET","CLOUDFLARE CLASS A","Information Technology","Equity","10,043,363.98","0.14","10,043,363.98","414,877.00","-","United States","New York Stock Exchange Inc.","CAD","-","USD"
"MCK","MCKESSON CORP","Health Care","Equity","9,933,440.76","0.14","9,933,440.76","155,786.00","-","United States","New York Stock Exchange Inc.","CAD","-","USD"
"BNY","BANK OF NEW YORK MELLON CORP","Financials","Equity","9,925,787.88","0.14","9,925,787.88","894,806.00","-","United States","New York Stock Exchange Inc.","CAD","-","USD"
"FCX","FREEPORT MCMORAN INC","Materials","Equity","9,601,583.97","0.14","9,601,583.97","1,869,366.00","-","United States","New York Stock Exchange Inc.","CAD","-","USD"
"ADBE","ADOBE INC","Information Technology","Equity","9,600,192.54","0.14","9,600,192.54","524,106.00","-","United States","NASDAQ","CAD","-","USD"
"EQIX","EQUINIX REIT","Real Estate","Equity","9,538,969.49","0.14","9,538,969.49","128,255.00","-","United States","NASDAQ","CAD","-","USD"
"CME","CME GROUP CLASS A","Financials","Equity","9,279,467.22","0.13","9,279,467.22","472,089.00","-","United States","NASDAQ","CAD","-","USD"
"SYK","STRYKER","Health Care","Equity","9,102,059.50","0.13","9,102,059.50","448,206.00","-","United States","New York Stock Exchange Inc.","CAD","-","USD"
"SO","SOUTHERN","Utilities","Equity","9,094,406.62","0.13","9,094,406.62","1,445,920.00","-","United States","New York Stock Exchange Inc.","CAD","-","USD"
"TT","TRANE TECHNOLOGIES PLC","Industrials","Equity","8,838,382.93","0.13","8,838,382.93","287,997.00","-","United States","New York Stock Exchange Inc.","CAD","-","USD"
"USB","US BANCORP","Financials","Equity","8,832,817.20","0.13","8,832,817.20","2,022,360.00","-","United States","New York Stock Exchange Inc.","CAD","-","USD"
"BX","BLACKSTONE","Financials","Equity","8,798,727.09","0.13","8,798,727.09","967,806.00","-","United States","New York Stock Exchange Inc.","CAD","-","USD"
"PNC","PNC FINANCIAL SERVICES GROUP","Financials","Equity","8,798,727.09","0.13","8,798,727.09","523,156.00","-","United States","New York Stock Exchange Inc.","CAD","-","USD"
"VRT","VERTIV HOLDINGS CLASS A","Industrials","Equity","8,760,462.68","0.13","8,760,462.68","500,413.00","-","United States","New York Stock Exchange Inc.","CAD","-","USD"
"PWR","QUANTA SERVICES INC","Industrials","Equity","8,738,199.75","0.13","8,738,199.75","195,504.00","-","United States","New York Stock Exchange Inc.","CAD","-","USD"
"SPCX","SPACE EXPLORATION TECHNOLOGIES COR","Communication","Equity","8,645,669.45","0.12","8,645,669.45","770,359.00","-","United States","NASDAQ","CAD","-","USD"
"DUK","DUKE ENERGY CORP","Utilities","Equity","8,537,137.67","0.12","8,537,137.67","993,428.00","-","United States","New York Stock Exchange Inc.","CAD","-","USD"
"HWM","HOWMET AEROSPACE","Industrials","Equity","8,502,351.84","0.12","8,502,351.84","519,494.00","-","United States","New York Stock Exchange Inc.","CAD","-","USD"
"ELV","ELEVANCE HEALTH INC","Health Care","Equity","8,496,786.11","0.12","8,496,786.11","282,940.00","-","United States","New York Stock Exchange Inc.","CAD","-","USD"
"GD","GENERAL DYNAMICS CORP","Industrials","Equity","8,475,218.90","0.12","8,475,218.90","328,442.00","-","United States","New York Stock Exchange Inc.","CAD","-","USD"
"CSX","CSX","Industrials","Equity","8,361,121.38","0.12","8,361,121.38","2,407,769.00","-","United States","NASDAQ","CAD","-","USD"
"WMB","WILLIAMS","Energy","Equity","8,274,156.82","0.12","8,274,156.82","1,589,495.00","-","United States","New York Stock Exchange Inc.","CAD","-","USD"
"HOOD","ROBINHOOD MARKETS CLASS A","Financials","Equity","8,205,280.88","0.12","8,205,280.88","1,030,763.00","-","United States","NASDAQ","CAD","-","USD"
"ICE","INTERCONTINENTAL EXCHANGE INC","Financials","Equity","8,187,192.25","0.12","8,187,192.25","736,718.00","-","United States","New York Stock Exchange Inc.","CAD","-","USD"
"INTU","INTUIT","Information Technology","Equity","8,157,972.15","0.12","8,157,972.15","359,375.00","-","United States","NASDAQ","CAD","-","USD"
"APP","APPLOVIN CLASS A","Communication","Equity","8,137,100.66","0.12","8,137,100.66","349,020.00","-","United States","NASDAQ","CAD","-","USD"
"JCI","JOHNSON CONTROLS INTERNATIONAL PLC","Industrials","Equity","8,128,056.34","0.12","8,128,056.34","794,878.00","-","United States","New York Stock Exchange Inc.","CAD","-","USD"
"MMM","3M","Industrials","Equity","8,113,446.29","0.12","8,113,446.29","679,514.00","-","United States","New York Stock Exchange Inc.","CAD","-","USD"
"MRSH","MARSH","Financials","Equity","7,936,734.29","0.11","7,936,734.29","627,135.00","-","United States","New York Stock Exchange Inc.","CAD","-","USD"
"CEG","CONSTELLATION ENERGY CORP","Utilities","Equity","7,917,254.23","0.11","7,917,254.23","415,592.00","-","United States","NASDAQ","CAD","-","USD"
"EMR","EMERSON ELECTRIC","Industrials","Equity","7,778,806.64","0.11","7,778,806.64","727,969.00","-","United States","New York Stock Exchange Inc.","CAD","-","USD"
"CMCSA","COMCAST CLASS A","Communication","Equity","7,696,712.09","0.11","7,696,712.09","4,634,243.00","-","United States","NASDAQ","CAD","-","USD"
"AMT","AMERICAN TOWER REIT","Real Estate","Equity","7,693,929.22","0.11","7,693,929.22","604,495.00","-","United States","New York Stock Exchange Inc.","CAD","-","USD"
"HPE","HEWLETT PACKARD ENTERPRISE","Information Technology","Equity","7,646,620.50","0.11","7,646,620.50","1,728,085.00","-","United States","New York Stock Exchange Inc.","CAD","-","USD"
"TRV","TRAVELERS COMPANIES","Financials","Equity","7,579,831.71","0.11","7,579,831.71","275,519.00","-","United States","New York Stock Exchange Inc.","CAD","-","USD"
"MDLZ","MONDELEZ INTERNATIONAL INC CLASS A","Consumer Staples","Equity","7,503,302.89","0.11","7,503,302.89","1,668,362.00","-","United States","NASDAQ","CAD","-","USD"
"REGN","REGENERON PHARMACEUTICALS","Health Care","Equity","7,451,819.86","0.11","7,451,819.86","130,206.00","-","United States","NASDAQ","CAD","-","USD"
"WM","WASTE MANAGEMENT INC","Industrials","Equity","7,366,246.73","0.11","7,366,246.73","476,307.00","-","United States","New York Stock Exchange Inc.","CAD","-","USD"
"SLB","SLB","Energy","Equity","7,348,853.82","0.11","7,348,853.82","1,946,458.00","-","United States","New York Stock Exchange Inc.","CAD","-","USD"
"GM","GENERAL MOTORS","Consumer Discretionary","Equity","7,348,158.10","0.11","7,348,158.10","1,170,174.00","-","United States","New York Stock Exchange Inc.","CAD","-","USD"
"DDOG","DATADOG INC CLASS A","Information Technology","Equity","7,344,679.52","0.11","7,344,679.52","429,307.00","-","United States","NASDAQ","CAD","-","USD"
"TMUS","T MOBILE US INC","Communication","Equity","7,288,326.48","0.10","7,288,326.48","604,008.00","-","United States","NASDAQ","CAD","-","USD"
"CDNS","CADENCE DESIGN SYSTEMS","Information Technology","Equity","7,286,239.33","0.10","7,286,239.33","357,974.00","-","United States","NASDAQ","CAD","-","USD"
"EOG","EOG RESOURCES","Energy","Equity","7,250,062.07","0.10","7,250,062.07","687,500.00","-","United States","New York Stock Exchange Inc.","CAD","-","USD"
"MSI","MOTOROLA SOLUTIONS INC","Information Technology","Equity","7,148,487.45","0.10","7,148,487.45","214,525.00","-","United States","New York Stock Exchange Inc.","CAD","-","USD"
"UPS","UNITED PARCEL SERVICE INC CLASS B","Industrials","Equity","7,025,345.63","0.10","7,025,345.63","967,429.00","-","United States","New York Stock Exchange Inc.","CAD","-","USD"
"ROST","ROSS STORES INC","Consumer Discretionary","Equity","6,959,948.27","0.10","6,959,948.27","418,389.00","-","United States","NASDAQ","CAD","-","USD"
"DASH","DOORDASH CLASS A","Consumer Discretionary","Equity","6,946,033.94","0.10","6,946,033.94","492,497.00","-","United States","NASDAQ","CAD","-","USD"
"BE","BLOOM ENERGY CLASS A","Industrials","Equity","6,914,726.70","0.10","6,914,726.70","339,747.00","-","United States","New York Stock Exchange Inc.","CAD","-","USD"
"SHW","SHERWIN WILLIAMS","Materials","Equity","6,910,552.40","0.10","6,910,552.40","297,020.00","-","United States","New York Stock Exchange Inc.","CAD","-","USD"
"SNPS","SYNOPSYS","Information Technology","Equity","6,895,246.63","0.10","6,895,246.63","249,529.00","-","United States","NASDAQ","CAD","-","USD"
"CI","CIGNA","Health Care","Equity","6,886,202.32","0.10","6,886,202.32","344,160.00","-","United States","New York Stock Exchange Inc.","CAD","-","USD"
"MAR","MARRIOTT INTERNATIONAL CLASS A","Consumer Discretionary","Equity","6,877,158.00","0.10","6,877,158.00","284,036.00","-","United States","NASDAQ","CAD","-","USD"
"TGT","TARGET CORP","Consumer Staples","Equity","6,841,676.46","0.10","6,841,676.46","590,499.00","-","United States","New York Stock Exchange Inc.","CAD","-","USD"
"CMI","CUMMINS INC","Industrials","Equity","6,811,064.93","0.10","6,811,064.93","179,344.00","-","United States","New York Stock Exchange Inc.","CAD","-","USD"
"NSC","NORFOLK SOUTHERN CORP","Industrials","Equity","6,760,973.34","0.10","6,760,973.34","292,397.00","-","United States","New York Stock Exchange Inc.","CAD","-","USD"
"ORLY","OREILLY AUTOMOTIVE INC","Consumer Discretionary","Equity","6,612,090.00","0.09","6,612,090.00","1,074,502.00","-","United States","NASDAQ","CAD","-","USD"
"WBD","WARNER BROS. DISCOVERY SERIES A","Communication","Equity","6,598,871.39","0.09","6,598,871.39","3,223,194.00","-","United States","NASDAQ","CAD","-","USD"
"NOC","NORTHROP GRUMMAN CORP","Industrials","Equity","6,589,131.35","0.09","6,589,131.35","173,454.00","-","United States","New York Stock Exchange Inc.","CAD","-","USD"
"MCO","MOODYS CORP","Financials","Equity","6,553,649.81","0.09","6,553,649.81","195,740.00","-","United States","New York Stock Exchange Inc.","CAD","-","USD"
"LITE","LUMENTUM HOLDINGS","Information Technology","Equity","6,544,605.50","0.09","6,544,605.50","101,024.00","-","United States","NASDAQ","CAD","-","USD"
"CL","COLGATE-PALMOLIVE","Consumer Staples","Equity","6,539,039.76","0.09","6,539,039.76","1,028,233.00","-","United States","New York Stock Exchange Inc.","CAD","-","USD"
"ABNB","AIRBNB CLASS A","Consumer Discretionary","Equity","6,535,561.18","0.09","6,535,561.18","543,317.00","-","United States","NASDAQ","CAD","-","USD"
"ITW","ILLINOIS TOOL INC","Industrials","Equity","6,513,298.25","0.09","6,513,298.25","335,852.00","-","United States","New York Stock Exchange Inc.","CAD","-","USD"
"HLT","HILTON WORLDWIDE HOLDINGS","Consumer Discretionary","Equity","6,486,861.02","0.09","6,486,861.02","295,779.00","-","United States","New York Stock Exchange Inc.","CAD","-","USD"
"ECL","ECOLAB","Materials","Equity","6,456,249.50","0.09","6,456,249.50","327,814.00","-","United States","New York Stock Exchange Inc.","CAD","-","USD"
"KKR","KKR AND CO INC","Financials","Equity","6,406,853.62","0.09","6,406,853.62","900,126.00","-","United States","New York Stock Exchange Inc.","CAD","-","USD"
"FDX","FEDEX CORP","Industrials","Equity","6,347,717.71","0.09","6,347,717.71","286,258.00","-","United States","New York Stock Exchange Inc.","CAD","-","USD"
"CTAS","CINTAS","Industrials","Equity","6,326,846.22","0.09","6,326,846.22","440,851.00","-","United States","NASDAQ","CAD","-","USD"
"HCA","HCA HEALTHCARE","Health Care","Equity","6,299,017.56","0.09","6,299,017.56","202,531.00","-","United States","New York Stock Exchange Inc.","CAD","-","USD"
"AEP","AMERICAN ELECTRIC POWER INC","Utilities","Equity","6,201,617.24","0.09","6,201,617.24","703,426.00","-","United States","NASDAQ","CAD","-","USD"
"SPG","SIMON PROPERTY GROUP REIT INC","Real Estate","Equity","6,129,958.44","0.09","6,129,958.44","413,565.00","-","United States","New York Stock Exchange Inc.","CAD","-","USD"
"BSX","BOSTON SCIENTIFIC CORP","Health Care","Equity","6,125,088.42","0.09","6,125,088.42","1,940,149.00","-","United States","New York Stock Exchange Inc.","CAD","-","USD"
"HON","HONEYWELL INTERNATIONAL INC","Industrials","Equity","6,121,609.84","0.09","6,121,609.84","408,927.00","-","United States","NASDAQ","CAD","-","USD"
"DLR","DIGITAL REALTY TRUST REIT","Real Estate","Equity","6,052,038.19","0.09","6,052,038.19","453,083.00","-","United States","New York Stock Exchange Inc.","CAD","-","USD"
"ALL","ALLSTATE CORP","Financials","Equity","6,044,385.30","0.09","6,044,385.30","330,601.00","-","United States","New York Stock Exchange Inc.","CAD","-","USD"
"APD","AIR PRODUCTS AND CHEMICALS","Materials","Equity","6,017,252.36","0.09","6,017,252.36","290,109.00","-","United States","New York Stock Exchange Inc.","CAD","-","USD"
"MNST","MONSTER BEVERAGE","Consumer Staples","Equity","5,983,857.96","0.09","5,983,857.96","1,854,532.00","-","United States","NASDAQ","CAD","-","USD"
"AON","AON PLC CLASS A","Financials","Equity","5,961,595.03","0.09","5,961,595.03","277,770.00","-","United States","New York Stock Exchange Inc.","CAD","-","USD"
"URI","UNITED RENTALS","Industrials","Equity","5,931,679.22","0.09","5,931,679.22","81,615.00","-","United States","New York Stock Exchange Inc.","CAD","-","USD"
"RCL","ROYAL CARIBBEAN GROUP","Consumer Discretionary","Equity","5,864,194.72","0.08","5,864,194.72","323,915.00","-","United States","New York Stock Exchange Inc.","CAD","-","USD"
"AJG","ARTHUR J GALLAGHER","Financials","Equity","5,858,628.99","0.08","5,858,628.99","334,755.00","-","United States","New York Stock Exchange Inc.","CAD","-","USD"
"PCAR","PACCAR INC","Industrials","Equity","5,825,930.31","0.08","5,825,930.31","684,780.00","-","United States","NASDAQ","CAD","-","USD"
"KMI","KINDER MORGAN","Energy","Equity","5,779,317.30","0.08","5,779,317.30","2,546,143.00","-","United States","New York Stock Exchange Inc.","CAD","-","USD"
"TRGP","TARGA RESOURCES","Energy","Equity","5,759,141.52","0.08","5,759,141.52","278,698.00","-","United States","New York Stock Exchange Inc.","CAD","-","USD"
"TFC","TRUIST FINANCIAL","Financials","Equity","5,730,617.14","0.08","5,730,617.14","1,631,662.00","-","United States","New York Stock Exchange Inc.","CAD","-","USD"
"NUE","NUCOR","Materials","Equity","5,697,222.75","0.08","5,697,222.75","296,404.00","-","United States","New York Stock Exchange Inc.","CAD","-","USD"
"TEL","TE CONNECTIVITY PLC","Information Technology","Equity","5,695,831.32","0.08","5,695,831.32","380,291.00","-","United States","New York Stock Exchange Inc.","CAD","-","USD"
"TDG","TRANSDIGM GROUP","Industrials","Equity","5,665,915.51","0.08","5,665,915.51","72,641.00","-","United States","New York Stock Exchange Inc.","CAD","-","USD"
"COR","CENCORA","Health Care","Equity","5,642,956.86","0.08","5,642,956.86","251,569.00","-","United States","New York Stock Exchange Inc.","CAD","-","USD"
"OKE","ONEOK","Energy","Equity","5,548,339.41","0.08","5,548,339.41","821,070.00","-","United States","New York Stock Exchange Inc.","CAD","-","USD"
"CRH","CRH PUBLIC LIMITED PLC","Materials","Equity","5,485,029.20","0.08","5,485,029.20","872,670.00","-","United States","New York Stock Exchange Inc.","CAD","-","USD"
"APO","APOLLO GLOBAL MANAGEMENT","Financials","Equity","5,482,942.06","0.08","5,482,942.06","600,258.00","-","United States","New York Stock Exchange Inc.","CAD","-","USD"
"COHR","COHERENT","Information Technology","Equity","5,448,156.23","0.08","5,448,156.23","253,925.00","-","United States","New York Stock Exchange Inc.","CAD","-","USD"
"NXPI","NXP SEMICONDUCTORS NV","Information Technology","Equity","5,421,719.00","0.08","5,421,719.00","328,101.00","-","United States","NASDAQ","CAD","-","USD"
"MPWR","MONOLITHIC POWER SYSTEMS INC","Information Technology","Equity","5,414,066.12","0.08","5,414,066.12","63,855.00","-","United States","NASDAQ","CAD","-","USD"
"KEYS","KEYSIGHT TECHNOLOGIES","Information Technology","Equity","5,351,451.63","0.08","5,351,451.63","222,716.00","-","United States","New York Stock Exchange Inc.","CAD","-","USD"
"D","DOMINION ENERGY","Utilities","Equity","5,339,624.45","0.08","5,339,624.45","1,145,762.00","-","United States","New York Stock Exchange Inc.","CAD","-","USD"
"FAST","FASTENAL","Industrials","Equity","5,311,795.79","0.08","5,311,795.79","1,489,907.00","-","United States","NASDAQ","CAD","-","USD"
"LNG","CHENIERE ENERGY","Energy","Equity","5,302,055.75","0.08","5,302,055.75","271,051.00","-","United States","New York Stock Exchange Inc.","CAD","-","USD"
"MRNA","MODERNA","Health Care","Equity","5,277,009.96","0.08","5,277,009.96","460,516.00","-","United States","NASDAQ","CAD","-","USD"
"DVN","DEVON ENERGY","Energy","Equity","5,276,314.24","0.08","5,276,314.24","1,493,847.00","-","United States","New York Stock Exchange Inc.","CAD","-","USD"
"BKR","BAKER HUGHES CLASS A","Energy","Equity","5,254,747.03","0.08","5,254,747.03","1,281,447.00","-","United States","NASDAQ","CAD","-","USD"
"TER","TERADYNE","Information Technology","Equity","5,210,916.89","0.07","5,210,916.89","203,563.00","-","United States","NASDAQ","CAD","-","USD"
"FIX","COMFORT SYSTEMS USA","Industrials","Equity","5,205,351.16","0.07","5,205,351.16","45,621.00","-","United States","New York Stock Exchange Inc.","CAD","-","USD"
"GWW","WW GRAINGER INC","Industrials","Equity","5,162,216.73","0.07","5,162,216.73","56,398.00","-","United States","New York Stock Exchange Inc.","CAD","-","USD"
"CTVA","CORTEVA","Materials","Equity","5,123,952.32","0.07","5,123,952.32","866,973.00","-","United States","New York Stock Exchange Inc.","CAD","-","USD"
"SRE","SEMPRA","Utilities","Equity","5,067,599.28","0.07","5,067,599.28","850,660.00","-","United States","New York Stock Exchange Inc.","CAD","-","USD"
"AME","AMETEK INC","Industrials","Equity","5,066,207.85","0.07","5,066,207.85","298,253.00","-","United States","New York Stock Exchange Inc.","CAD","-","USD"
"AFL","AFLAC","Financials","Equity","5,061,337.83","0.07","5,061,337.83","598,749.00","-","United States","New York Stock Exchange Inc.","CAD","-","USD"
"O","REALTY INCOME REIT","Real Estate","Equity","5,048,119.22","0.07","5,048,119.22","1,214,860.00","-","United States","New York Stock Exchange Inc.","CAD","-","USD"
"MET","METLIFE","Financials","Equity","5,035,596.32","0.07","5,035,596.32","713,570.00","-","United States","New York Stock Exchange Inc.","CAD","-","USD"
"F","FORD MOTOR CO","Consumer Discretionary","Equity","5,018,899.12","0.07","5,018,899.12","5,087,062.00","-","United States","New York Stock Exchange Inc.","CAD","-","USD"
"HONA","HONEYWELL AEROSPACE INC","Industrials","Equity","4,991,766.18","0.07","4,991,766.18","411,981.00","-","United States","NASDAQ","CAD","-","USD"
"CAH","CARDINAL HEALTH","Health Care","Equity","4,981,330.43","0.07","4,981,330.43","303,590.00","-","United States","New York Stock Exchange Inc.","CAD","-","USD"
"NTRA","NATERA","Health Care","Equity","4,977,851.85","0.07","4,977,851.85","187,456.00","-","United States","NASDAQ","CAD","-","USD"
"DAL","DELTA AIR LINES","Industrials","Equity","4,864,450.05","0.07","4,864,450.05","844,753.00","-","United States","New York Stock Exchange Inc.","CAD","-","USD"
"EW","EDWARDS LIFESCIENCES","Health Care","Equity","4,817,837.04","0.07","4,817,837.04","753,066.00","-","United States","New York Stock Exchange Inc.","CAD","-","USD"
"STT","STATE STREET","Financials","Equity","4,785,138.37","0.07","4,785,138.37","360,569.00","-","United States","New York Stock Exchange Inc.","CAD","-","USD"
"BDX","BECTON DICKINSON","Health Care","Equity","4,726,698.18","0.07","4,726,698.18","359,489.00","-","United States","New York Stock Exchange Inc.","CAD","-","USD"
"EBAY","EBAY","Consumer Discretionary","Equity","4,712,088.13","0.07","4,712,088.13","575,704.00","-","United States","NASDAQ","CAD","-","USD"
"PSA","PUBLIC STORAGE REIT","Real Estate","Equity","4,696,782.36","0.07","4,696,782.36","215,410.00","-","United States","New York Stock Exchange Inc.","CAD","-","USD"
"CIEN","CIENA","Information Technology","Equity","4,591,729.17","0.07","4,591,729.17","184,002.00","-","United States","New York Stock Exchange Inc.","CAD","-","USD"
"AMP","AMERIPRISE FINANCE INC","Financials","Equity","4,587,554.87","0.07","4,587,554.87","115,963.00","-","United States","New York Stock Exchange Inc.","CAD","-","USD"
"FITB","FIFTH THIRD BANCORP","Financials","Equity","4,503,373.17","0.06","4,503,373.17","1,166,116.00","-","United States","New York Stock Exchange Inc.","CAD","-","USD"
"USD","USD CASH","Cash and/or Derivatives","Cash","4,490,177.90","0.06","4,490,177.90","12,909,559.00","-","United States","-","CAD","-","USD"
"CVNA","CARVANA CLASS A","Consumer Discretionary","Equity","4,442,845.83","0.06","4,442,845.83","930,804.00","-","United States","New York Stock Exchange Inc.","CAD","-","USD"
"WAB","WESTINGHOUSE AIR BRAKE TECHNOLOGIE","Industrials","Equity","4,440,062.96","0.06","4,440,062.96","219,675.00","-","United States","New York Stock Exchange Inc.","CAD","-","USD"
"ETR","ENTERGY CORP","Utilities","Equity","4,415,017.17","0.06","4,415,017.17","589,526.00","-","United States","New York Stock Exchange Inc.","CAD","-","USD"
"AZO","AUTOZONE","Consumer Discretionary","Equity","4,407,364.28","0.06","4,407,364.28","21,375.00","-","United States","New York Stock Exchange Inc.","CAD","-","USD"
"PYPL","PAYPAL HOLDINGS","Financials","Equity","4,400,407.12","0.06","4,400,407.12","1,146,583.00","-","United States","NASDAQ","CAD","-","USD"
"LHX","L3HARRIS TECHNOLOGIES","Industrials","Equity","4,378,839.91","0.06","4,378,839.91","241,175.00","-","United States","New York Stock Exchange Inc.","CAD","-","USD"
"HUM","HUMANA","Health Care","Equity","4,357,968.41","0.06","4,357,968.41","156,335.00","-","United States","New York Stock Exchange Inc.","CAD","-","USD"
"VMRK","VIVMARK RESIDENTIAL","Real Estate","Equity","4,356,576.98","0.06","4,356,576.98","953,685.00","-","United States","New York Stock Exchange Inc.","CAD","-","USD"
"ADSK","AUTODESK","Information Technology","Equity","4,322,486.87","0.06","4,322,486.87","272,729.00","-","United States","NASDAQ","CAD","-","USD"
"VST","VISTRA","Utilities","Equity","4,301,615.37","0.06","4,301,615.37","413,327.00","-","United States","New York Stock Exchange Inc.","CAD","-","USD"
"ROK","ROCKWELL AUTOMATION INC","Industrials","Equity","4,297,441.07","0.06","4,297,441.07","144,562.00","-","United States","New York Stock Exchange Inc.","CAD","-","USD"
"XEL","XCEL ENERGY INC","Utilities","Equity","4,292,571.05","0.06","4,292,571.05","804,244.00","-","United States","NASDAQ","CAD","-","USD"
"IQV","IQVIA HOLDINGS","Health Care","Equity","4,248,740.91","0.06","4,248,740.91","217,517.00","-","United States","New York Stock Exchange Inc.","CAD","-","USD"
"GRMN","GARMIN","Consumer Discretionary","Equity","4,241,088.03","0.06","4,241,088.03","212,463.00","-","United States","New York Stock Exchange Inc.","CAD","-","USD"
"A","AGILENT TECHNOLOGIES INC","Health Care","Equity","4,174,299.24","0.06","4,174,299.24","368,298.00","-","United States","New York Stock Exchange Inc.","CAD","-","USD"
"NKE","NIKE CLASS B","Consumer Discretionary","Equity","4,136,730.55","0.06","4,136,730.55","1,569,343.00","-","United States","New York Stock Exchange Inc.","CAD","-","USD"
"MSTR","STRATEGY INC CLASS A","Information Technology","Equity","4,123,511.94","0.06","4,123,511.94","430,132.00","-","United States","NASDAQ","CAD","-","USD"
"RSG","REPUBLIC SERVICES INC","Industrials","Equity","4,099,857.57","0.06","4,099,857.57","258,318.00","-","United States","New York Stock Exchange Inc.","CAD","-","USD"
"CMG","CHIPOTLE MEXICAN GRILL","Consumer Discretionary","Equity","4,058,114.58","0.06","4,058,114.58","1,670,527.00","-","United States","New York Stock Exchange Inc.","CAD","-","USD"
"KDP","KEURIG DR PEPPER INC","Consumer Staples","Equity","4,058,114.58","0.06","4,058,114.58","1,781,156.00","-","United States","NASDAQ","CAD","-","USD"
"EXC","EXELON CORP","Utilities","Equity","4,046,287.40","0.06","4,046,287.40","1,308,965.00","-","United States","NASDAQ","CAD","-","USD"
"CARR","CARRIER GLOBAL","Industrials","Equity","4,015,675.87","0.06","4,015,675.87","1,018,534.00","-","United States","New York Stock Exchange Inc.","CAD","-","USD"
"OXY","OCCIDENTAL PETROLEUM CORP","Energy","Equity","4,009,414.42","0.06","4,009,414.42","932,843.00","-","United States","New York Stock Exchange Inc.","CAD","-","USD"
"VTR","VENTAS REIT","Real Estate","Equity","4,008,022.99","0.06","4,008,022.99","630,323.00","-","United States","New York Stock Exchange Inc.","CAD","-","USD"
"WAT","WATERS CORP","Health Care","Equity","3,998,978.67","0.06","3,998,978.67","128,377.00","-","United States","New York Stock Exchange Inc.","CAD","-","USD"
"ADM","ARCHER DANIELS MIDLAND","Consumer Staples","Equity","3,992,021.51","0.06","3,992,021.51","625,155.00","-","United States","New York Stock Exchange Inc.","CAD","-","USD"
"FERG","FERGUSON ENTERPRISES INC","Industrials","Equity","3,914,101.26","0.06","3,914,101.26","252,001.00","-","United States","New York Stock Exchange Inc.","CAD","-","USD"
"XYZ","BLOCK CLASS A","Financials","Equity","3,868,183.96","0.06","3,868,183.96","697,795.00","-","United States","New York Stock Exchange Inc.","CAD","-","USD"
"NDAQ","NASDAQ INC","Financials","Equity","3,861,922.52","0.06","3,861,922.52","583,428.00","-","United States","NASDAQ","CAD","-","USD"
"PRU","PRUDENTIAL FINANCIAL INC","Financials","Equity","3,851,486.77","0.06","3,851,486.77","450,524.00","-","United States","New York Stock Exchange Inc.","CAD","-","USD"
"CBRE","CBRE GROUP CLASS A","Real Estate","Equity","3,829,919.56","0.05","3,829,919.56","379,231.00","-","United States","New York Stock Exchange Inc.","CAD","-","USD"
"WDAY","WORKDAY CLASS A","Information Technology","Equity","3,809,743.78","0.05","3,809,743.78","263,708.00","-","United States","NASDAQ","CAD","-","USD"
"AIG","AMERICAN INTERNATIONAL GROUP","Financials","Equity","3,791,655.15","0.05","3,791,655.15","691,069.00","-","United States","New York Stock Exchange Inc.","CAD","-","USD"
"MSCI","MSCI","Financials","Equity","3,786,089.41","0.05","3,786,089.41","95,041.00","-","United States","New York Stock Exchange Inc.","CAD","-","USD"
"FLEX","FLEX LTD","Information Technology","Equity","3,778,436.53","0.05","3,778,436.53","478,067.00","-","United States","NASDAQ","CAD","-","USD"
"IDXX","IDEXX LABORATORIES","Health Care","Equity","3,756,173.60","0.05","3,756,173.60","102,295.00","-","United States","NASDAQ","CAD","-","USD"
"VEEV","VEEVA SYSTEMS CLASS A","Health Care","Equity","3,752,695.02","0.05","3,752,695.02","196,268.00","-","United States","New York Stock Exchange Inc.","CAD","-","USD"
"RVMD","REVOLUTION MEDICINES","Health Care","Equity","3,717,213.48","0.05","3,717,213.48","260,388.00","-","United States","NASDAQ","CAD","-","USD"
"ALAB","ASTERA LABS","Information Technology","Equity","3,692,167.68","0.05","3,692,167.68","173,495.00","-","United States","NASDAQ","CAD","-","USD"
"IBKR","INTERACTIVE BROKERS GROUP INC CLAS","Financials","Equity","3,686,601.95","0.05","3,686,601.95","575,365.00","-","United States","NASDAQ","CAD","-","USD"
"ED","CONSOLIDATED EDISON","Utilities","Equity","3,683,819.08","0.05","3,683,819.08","474,581.00","-","United States","New York Stock Exchange Inc.","CAD","-","USD"
"NTAP","NETAPP INC","Information Technology","Equity","3,661,556.15","0.05","3,661,556.15","256,508.00","-","United States","NASDAQ","CAD","-","USD"
"COIN","COINBASE GLOBAL INC CLASS A","Financials","Equity","3,660,164.72","0.05","3,660,164.72","290,239.00","-","United States","NASDAQ","CAD","-","USD"
"MCHP","MICROCHIP TECHNOLOGY INC","Information Technology","Equity","3,621,204.59","0.05","3,621,204.59","705,328.00","-","United States","NASDAQ","CAD","-","USD"
"FANG","DIAMONDBACK ENERGY","Energy","Equity","3,571,808.72","0.05","3,571,808.72","250,194.00","-","United States","NASDAQ","CAD","-","USD"
"SYY","SYSCO","Consumer Staples","Equity","3,565,547.27","0.05","3,565,547.27","621,671.00","-","United States","New York Stock Exchange Inc.","CAD","-","USD"
"PAYX","PAYCHEX","Industrials","Equity","3,557,198.67","0.05","3,557,198.67","421,152.00","-","United States","NASDAQ","CAD","-","USD"
"ROP","ROPER TECHNOLOGIES","Information Technology","Equity","3,529,370.01","0.05","3,529,370.01","129,919.00","-","United States","NASDAQ","CAD","-","USD"
"TWLO","TWILIO CLASS A","Information Technology","Equity","3,516,847.11","0.05","3,516,847.11","197,031.00","-","United States","New York Stock Exchange Inc.","CAD","-","USD"
"ILMN","ILLUMINA INC","Health Care","Equity","3,507,802.80","0.05","3,507,802.80","197,369.00","-","United States","NASDAQ","CAD","-","USD"
"HIG","HARTFORD INSURANCE GROUP","Financials","Equity","3,496,671.33","0.05","3,496,671.33","362,268.00","-","United States","New York Stock Exchange Inc.","CAD","-","USD"
"YUM","YUM BRANDS","Consumer Discretionary","Equity","3,473,712.69","0.05","3,473,712.69","352,966.00","-","United States","New York Stock Exchange Inc.","CAD","-","USD"
"DHI","D R HORTON","Consumer Discretionary","Equity","3,460,494.07","0.05","3,460,494.07","340,032.00","-","United States","New York Stock Exchange Inc.","CAD","-","USD"
"TTWO","TAKE TWO INTERACTIVE SOFTWARE","Communication","Equity","3,445,188.31","0.05","3,445,188.31","225,633.00","-","United States","NASDAQ","CAD","-","USD"
"AXON","AXON ENTERPRISE","Industrials","Equity","3,444,492.59","0.05","3,444,492.59","104,767.00","-","United States","NASDAQ","CAD","-","USD"
"PEG","PUBLIC SERVICE ENTERPRISE GROUP","Utilities","Equity","3,432,665.41","0.05","3,432,665.41","667,131.00","-","United States","New York Stock Exchange Inc.","CAD","-","USD"
"UAL","UNITED AIRLINES HOLDINGS","Industrials","Equity","3,285,173.50","0.05","3,285,173.50","420,979.00","-","United States","NASDAQ","CAD","-","USD"
"RKLB","ROCKET LAB CORP","Industrials","Equity","3,254,561.98","0.05","3,254,561.98","661,914.00","-","United States","NASDAQ","CAD","-","USD"
"KVUE","KENVUE","Consumer Staples","Equity","3,251,083.39","0.05","3,251,083.39","2,509,644.00","-","United States","New York Stock Exchange Inc.","CAD","-","USD"
"KR","KROGER","Consumer Staples","Equity","3,223,254.73","0.05","3,223,254.73","731,880.00","-","United States","New York Stock Exchange Inc.","CAD","-","USD"
"IRM","IRON MOUNTAIN INC","Real Estate","Equity","3,192,643.20","0.05","3,192,643.20","386,341.00","-","United States","New York Stock Exchange Inc.","CAD","-","USD"
"WEC","WEC ENERGY GROUP","Utilities","Equity","3,190,556.05","0.05","3,190,556.05","420,222.00","-","United States","New York Stock Exchange Inc.","CAD","-","USD"
"DXCM","DEXCOM INC","Health Care","Equity","3,186,381.76","0.05","3,186,381.76","499,886.00","-","United States","NASDAQ","CAD","-","USD"
"ACGL","ARCH CAPITAL GROUP","Financials","Equity","3,178,033.16","0.05","3,178,033.16","453,343.00","-","United States","NASDAQ","CAD","-","USD"
"STLD","STEEL DYNAMICS INC","Materials","Equity","3,139,768.75","0.04","3,139,768.75","176,511.00","-","United States","NASDAQ","CAD","-","USD"
"MTB","M&T BANK","Financials","Equity","3,130,724.43","0.04","3,130,724.43","190,807.00","-","United States","New York Stock Exchange Inc.","CAD","-","USD"
"RMD","RESMED","Health Care","Equity","3,130,724.43","0.04","3,130,724.43","189,082.00","-","United States","New York Stock Exchange Inc.","CAD","-","USD"
"P","EVERPURE INC CLASS A","Information Technology","Equity","3,095,938.60","0.04","3,095,938.60","410,694.00","-","United States","New York Stock Exchange Inc.","CAD","-","USD"
"ALNY","ALNYLAM PHARMACEUTICALS","Health Care","Equity","3,086,894.29","0.04","3,086,894.29","173,458.00","-","United States","NASDAQ","CAD","-","USD"
"NTRS","NORTHERN TRUST","Financials","Equity","3,078,545.69","0.04","3,078,545.69","240,032.00","-","United States","NASDAQ","CAD","-","USD"
"EXPE","EXPEDIA GROUP","Consumer Discretionary","Equity","3,072,979.96","0.04","3,072,979.96","148,964.00","-","United States","NASDAQ","CAD","-","USD"
"EME","EMCOR GROUP","Industrials","Equity","3,072,284.24","0.04","3,072,284.24","58,114.00","-","United States","New York Stock Exchange Inc.","CAD","-","USD"
"HBAN","HUNTINGTON BANCSHARES INC","Financials","Equity","3,063,935.64","0.04","3,063,935.64","2,661,556.00","-","United States","NASDAQ","CAD","-","USD"
"CCI","CROWN CASTLE INC","Real Estate","Equity","3,061,848.49","0.04","3,061,848.49","572,781.00","-","United States","New York Stock Exchange Inc.","CAD","-","USD"
"BIIB","BIOGEN","Health Care","Equity","3,040,977.00","0.04","3,040,977.00","191,508.00","-","United States","NASDAQ","CAD","-","USD"
"KMB","KIMBERLY CLARK","Consumer Staples","Equity","3,016,626.92","0.04","3,016,626.92","423,775.00","-","United States","NASDAQ","CAD","-","USD"
"RBLX","ROBLOX CLASS A","Communication","Equity","3,011,061.19","0.04","3,011,061.19","874,451.00","-","United States","New York Stock Exchange Inc.","CAD","-","USD"
"OKTA","OKTA CLASS A","Information Technology","Equity","3,006,886.89","0.04","3,006,886.89","218,263.00","-","United States","NASDAQ","CAD","-","USD"
"ODFL","OLD DOMINION FREIGHT LINE","Industrials","Equity","3,000,625.44","0.04","3,000,625.44","236,422.00","-","United States","NASDAQ","CAD","-","USD"
"VMC","VULCAN MATERIALS","Materials","Equity","2,997,146.86","0.04","2,997,146.86","169,083.00","-","United States","New York Stock Exchange Inc.","CAD","-","USD"
"HPQ","HP INC","Information Technology","Equity","2,988,798.26","0.04","2,988,798.26","1,189,423.00","-","United States","New York Stock Exchange Inc.","CAD","-","USD"
"MDB","MONGODB CLASS A","Information Technology","Equity","2,979,058.23","0.04","2,979,058.23","104,461.00","-","United States","NASDAQ","CAD","-","USD"
"EQT","EQT","Energy","Equity","2,956,099.58","0.04","2,956,099.58","809,977.00","-","United States","New York Stock Exchange Inc.","CAD","-","USD"
"CNC","CENTENE CORP","Health Care","Equity","2,954,012.43","0.04","2,954,012.43","607,256.00","-","United States","New York Stock Exchange Inc.","CAD","-","USD"
"JBL","JABIL","Information Technology","Equity","2,948,446.70","0.04","2,948,446.70","137,447.00","-","United States","New York Stock Exchange Inc.","CAD","-","USD"
"TEAM","ATLASSIAN CORP CLASS A","Information Technology","Equity","2,915,052.30","0.04","2,915,052.30","208,851.00","-","United States","NASDAQ","CAD","-","USD"
"ZTS","ZOETIS INC CLASS A","Health Care","Equity","2,882,353.63","0.04","2,882,353.63","544,494.00","-","United States","New York Stock Exchange Inc.","CAD","-","USD"
"SUNB","SUNBELT RENTALS HOLDINGS INC","Industrials","Equity","2,833,653.47","0.04","2,833,653.47","528,481.00","-","United States","New York Stock Exchange Inc.","CAD","-","USD"
"MLM","MARTIN MARIETTA MATERIALS","Materials","Equity","2,803,041.94","0.04","2,803,041.94","78,199.00","-","United States","New York Stock Exchange Inc.","CAD","-","USD"
"WTW","WILLIS TOWERS WATSON","Financials","Equity","2,782,170.45","0.04","2,782,170.45","123,410.00","-","United States","NASDAQ","CAD","-","USD"
"GEHC","GE HEALTHCARE TECHNOLOGIES","Health Care","Equity","2,778,691.86","0.04","2,778,691.86","594,714.00","-","United States","NASDAQ","CAD","-","USD"
"CTSH","COGNIZANT TECHNOLOGY SOLUTIONS CLA","Information Technology","Equity","2,777,996.15","0.04","2,777,996.15","619,259.00","-","United States","NASDAQ","CAD","-","USD"
"EXR","EXTRA SPACE STORAGE REIT","Real Estate","Equity","2,772,430.41","0.04","2,772,430.41","275,091.00","-","United States","New York Stock Exchange Inc.","CAD","-","USD"
"PCG","PG&E CORP","Utilities","Equity","2,752,950.35","0.04","2,752,950.35","2,838,172.00","-","United States","New York Stock Exchange Inc.","CAD","-","USD"
"FTI","TECHNIPFMC PLC","Energy","Equity","2,732,078.85","0.04","2,732,078.85","518,052.00","-","United States","New York Stock Exchange Inc.","CAD","-","USD"
"AEE","AMEREN","Utilities","Equity","2,715,381.66","0.04","2,715,381.66","360,548.00","-","United States","New York Stock Exchange Inc.","CAD","-","USD"
"MTD","METTLER TOLEDO","Health Care","Equity","2,691,727.29","0.04","2,691,727.29","26,325.00","-","United States","New York Stock Exchange Inc.","CAD","-","USD"
"HAL","HALLIBURTON","Energy","Equity","2,689,640.15","0.04","2,689,640.15","1,090,391.00","-","United States","New York Stock Exchange Inc.","CAD","-","USD"
"CCL","CARNIVAL CORP LTD","Consumer Discretionary","Equity","2,676,421.53","0.04","2,676,421.53","1,665,104.00","-","United States","New York Stock Exchange Inc.","CAD","-","USD"
"RJF","RAYMOND JAMES","Financials","Equity","2,652,071.45","0.04","2,652,071.45","223,405.00","-","United States","New York Stock Exchange Inc.","CAD","-","USD"
"CFG","CITIZENS FINANCIAL GROUP INC","Financials","Equity","2,651,375.74","0.04","2,651,375.74","542,750.00","-","United States","New York Stock Exchange Inc.","CAD","-","USD"
"TDY","TELEDYNE TECHNOLOGIES INC","Information Technology","Equity","2,622,155.64","0.04","2,622,155.64","60,082.00","-","United States","New York Stock Exchange Inc.","CAD","-","USD"
"CBOE","CBOE GLOBAL MARKETS","Financials","Equity","2,606,154.16","0.04","2,606,154.16","134,804.00","-","United States","Cboe BZX","CAD","-","USD"
"VICI","VICI PPTYS INC","Real Estate","Equity","2,601,979.86","0.04","2,601,979.86","1,488,754.00","-","United States","New York Stock Exchange Inc.","CAD","-","USD"
"DG","DOLLAR GENERAL CORP","Consumer Staples","Equity","2,592,935.55","0.04","2,592,935.55","286,235.00","-","United States","New York Stock Exchange Inc.","CAD","-","USD"
"DTE","DTE ENERGY","Utilities","Equity","2,584,586.95","0.04","2,584,586.95","273,302.00","-","United States","New York Stock Exchange Inc.","CAD","-","USD"
"CAD","CAD CASH","Cash and/or Derivatives","Cash","2,579,956.02","0.04","2,579,956.02","25,800.00","100.00","Canada","-","CAD","1.00","CAD"
"CRDO","CREDO TECHNOLOGY GROUP HOLDING LTD","Information Technology","Equity","2,568,585.47","0.04","2,568,585.47","210,575.00","-","United States","NASDAQ","CAD","-","USD"
"ATO","ATMOS ENERGY","Utilities","Equity","2,567,889.75","0.04","2,567,889.75","218,593.00","-","United States","New York Stock Exchange Inc.","CAD","-","USD"
"INSM","INSMED","Health Care","Equity","2,553,975.42","0.04","2,553,975.42","284,147.00","-","United States","NASDAQ","CAD","-","USD"
"AWK","AMERICAN WATER WORKS","Utilities","Equity","2,533,103.92","0.04","2,533,103.92","252,769.00","-","United States","New York Stock Exchange Inc.","CAD","-","USD"
"DGX","QUEST DIAGNOSTICS INC","Health Care","Equity","2,533,103.92","0.04","2,533,103.92","141,195.00","-","United States","New York Stock Exchange Inc.","CAD","-","USD"
"ON","ON SEMICONDUCTOR CORP","Information Technology","Equity","2,524,059.61","0.04","2,524,059.61","509,714.00","-","United States","NASDAQ","CAD","-","USD"
"CINF","CINCINNATI FINANCIAL","Financials","Equity","2,510,840.99","0.04","2,510,840.99","203,850.00","-","United States","NASDAQ","CAD","-","USD"
"LYV","LIVE NATION ENTERTAINMENT","Communication","Equity","2,501,100.96","0.04","2,501,100.96","204,935.00","-","United States","New York Stock Exchange Inc.","CAD","-","USD"
"ARES","ARES MANAGEMENT CLASS A","Financials","Equity","2,494,839.51","0.04","2,494,839.51","274,642.00","-","United States","New York Stock Exchange Inc.","CAD","-","USD"
"FISV","FISERV INC","Financials","Equity","2,493,448.08","0.04","2,493,448.08","697,759.00","-","United States","NASDAQ","CAD","-","USD"
"CPAY","CORPAY","Financials","Equity","2,492,752.36","0.04","2,492,752.36","85,057.00","-","United States","New York Stock Exchange Inc.","CAD","-","USD"
"LPLA","LPL FINANCIAL HOLDINGS","Financials","Equity","2,491,360.93","0.04","2,491,360.93","104,172.00","-","United States","NASDAQ","CAD","-","USD"
"LH","LABCORP HOLDINGS","Health Care","Equity","2,477,446.60","0.04","2,477,446.60","105,901.00","-","United States","New York Stock Exchange Inc.","CAD","-","USD"
"CPRT","COPART INC","Industrials","Equity","2,476,750.88","0.04","2,476,750.88","1,151,780.00","-","United States","NASDAQ","CAD","-","USD"
"OTIS","OTIS WORLDWIDE","Industrials","Equity","2,464,227.99","0.04","2,464,227.99","494,861.00","-","United States","New York Stock Exchange Inc.","CAD","-","USD"
"IR","INGERSOLL RAND INC","Industrials","Equity","2,458,662.25","0.04","2,458,662.25","466,856.00","-","United States","New York Stock Exchange Inc.","CAD","-","USD"
"WST","WEST PHARMACEUTICAL SERVICES","Health Care","Equity","2,439,877.91","0.03","2,439,877.91","91,803.00","-","United States","New York Stock Exchange Inc.","CAD","-","USD"
"ES","EVERSOURCE ENERGY","Utilities","Equity","2,435,703.61","0.03","2,435,703.61","487,053.00","-","United States","New York Stock Exchange Inc.","CAD","-","USD"
"DOV","DOVER CORP","Industrials","Equity","2,432,920.74","0.03","2,432,920.74","177,328.00","-","United States","New York Stock Exchange Inc.","CAD","-","USD"
"WSM","WILLIAMS SONOMA INC","Consumer Discretionary","Equity","2,423,876.43","0.03","2,423,876.43","152,712.00","-","United States","New York Stock Exchange Inc.","CAD","-","USD"
"XYL","XYLEM INC","Industrials","Equity","2,405,787.80","0.03","2,405,787.80","308,405.00","-","United States","New York Stock Exchange Inc.","CAD","-","USD"
"CNP","CENTERPOINT ENERGY","Utilities","Equity","2,381,437.72","0.03","2,381,437.72","851,821.00","-","United States","New York Stock Exchange Inc.","CAD","-","USD"
"SYF","SYNCHRONY FINANCIAL","Financials","Equity","2,376,567.70","0.03","2,376,567.70","440,569.00","-","United States","New York Stock Exchange Inc.","CAD","-","USD"
"ATI","ATI","Industrials","Equity","2,350,826.19","0.03","2,350,826.19","176,591.00","-","United States","New York Stock Exchange Inc.","CAD","-","USD"
"HSY","HERSHEY FOODS","Consumer Staples","Equity","2,349,434.76","0.03","2,349,434.76","192,548.00","-","United States","New York Stock Exchange Inc.","CAD","-","USD"
"PPL","PPL CORP","Utilities","Equity","2,339,694.73","0.03","2,339,694.73","960,615.00","-","United States","New York Stock Exchange Inc.","CAD","-","USD"
"EXPD","EXPEDITORS INTERNATIONAL OF WASHIN","Industrials","Equity","2,337,607.58","0.03","2,337,607.58","170,559.00","-","United States","New York Stock Exchange Inc.","CAD","-","USD"
"VRSN","VERISIGN","Information Technology","Equity","2,325,084.68","0.03","2,325,084.68","106,186.00","-","United States","NASDAQ","CAD","-","USD"
"FFIV","F5","Information Technology","Equity","2,316,736.08","0.03","2,316,736.08","73,522.00","-","United States","NASDAQ","CAD","-","USD"
"NVT","NVENT ELECTRIC PLC","Industrials","Equity","2,306,300.33","0.03","2,306,300.33","210,202.00","-","United States","New York Stock Exchange Inc.","CAD","-","USD"
"Q","QNITY ELECTRONICS","Information Technology","Equity","2,298,647.45","0.03","2,298,647.45","270,690.00","-","United States","New York Stock Exchange Inc.","CAD","-","USD"
"ZM","ZOOM COMMUNICATIONS CLASS A","Information Technology","Equity","2,298,647.45","0.03","2,298,647.45","344,103.00","-","United States","NASDAQ","CAD","-","USD"
"GH","GUARDANT HEALTH","Health Care","Equity","2,293,081.72","0.03","2,293,081.72","172,742.00","-","United States","NASDAQ","CAD","-","USD"
"RF","REGIONS FINANCIAL","Financials","Equity","2,288,907.42","0.03","2,288,907.42","1,108,548.00","-","United States","New York Stock Exchange Inc.","CAD","-","USD"
"FE","FIRSTENERGY CORP","Utilities","Equity","2,265,948.77","0.03","2,265,948.77","683,465.00","-","United States","New York Stock Exchange Inc.","CAD","-","USD"
"SW","SMURFIT WESTROCK PLC","Materials","Equity","2,240,902.98","0.03","2,240,902.98","679,719.00","-","United States","New York Stock Exchange Inc.","CAD","-","USD"
"DRI","DARDEN RESTAURANTS INC","Consumer Discretionary","Equity","2,239,511.54","0.03","2,239,511.54","149,410.00","-","United States","New York Stock Exchange Inc.","CAD","-","USD"
"PPG","PPG INDUSTRIES","Materials","Equity","2,232,554.38","0.03","2,232,554.38","292,054.00","-","United States","New York Stock Exchange Inc.","CAD","-","USD"
"ULTA","ULTA BEAUTY INC","Consumer Discretionary","Equity","2,229,771.51","0.03","2,229,771.51","56,571.00","-","United States","NASDAQ","CAD","-","USD"
"HUBB","HUBBELL INC","Industrials","Equity","2,214,465.75","0.03","2,214,465.75","68,910.00","-","United States","New York Stock Exchange Inc.","CAD","-","USD"
"VLTO","VERALTO CORP","Industrials","Equity","2,210,987.17","0.03","2,210,987.17","320,226.00","-","United States","New York Stock Exchange Inc.","CAD","-","USD"
"TPR","TAPESTRY","Consumer Discretionary","Equity","2,200,551.42","0.03","2,200,551.42","261,613.00","-","United States","New York Stock Exchange Inc.","CAD","-","USD"
"PFG","PRINCIPAL FINANCIAL GROUP INC","Financials","Equity","2,198,464.27","0.03","2,198,464.27","261,591.00","-","United States","NASDAQ","CAD","-","USD"
"EL","ESTEE LAUDER INC CLASS A","Consumer Staples","Equity","2,176,897.06","0.03","2,176,897.06","319,937.00","-","United States","New York Stock Exchange Inc.","CAD","-","USD"
"VRSK","VERISK ANALYTICS","Industrials","Equity","2,164,374.16","0.03","2,164,374.16","169,155.00","-","United States","NASDAQ","CAD","-","USD"
"RPRX","ROYALTY PHARMA PLC CLASS A","Health Care","Equity","2,160,199.86","0.03","2,160,199.86","505,725.00","-","United States","NASDAQ","CAD","-","USD"
"CHD","CHURCH AND DWIGHT INC","Consumer Staples","Equity","2,127,501.18","0.03","2,127,501.18","308,795.00","-","United States","New York Stock Exchange Inc.","CAD","-","USD"
"MKL","MARKEL GROUP","Financials","Equity","2,124,022.60","0.03","2,124,022.60","16,411.00","-","United States","New York Stock Exchange Inc.","CAD","-","USD"
"THC","TENET HEALTHCARE CORP","Health Care","Equity","2,120,544.02","0.03","2,120,544.02","111,672.00","-","United States","New York Stock Exchange Inc.","CAD","-","USD"
"NRG","NRG ENERGY INC","Utilities","Equity","2,118,456.87","0.03","2,118,456.87","275,052.00","-","United States","New York Stock Exchange Inc.","CAD","-","USD"
"OMC","OMNICOM GROUP INC","Communication","Equity","2,110,108.27","0.03","2,110,108.27","370,343.00","-","United States","New York Stock Exchange Inc.","CAD","-","USD"
"SMCI","SUPER MICRO COMPUTER INC","Information Technology","Equity","2,105,933.97","0.03","2,105,933.97","719,944.00","-","United States","NASDAQ","CAD","-","USD"
"FICO","FAIR ISAAC","Information Technology","Equity","2,103,846.82","0.03","2,103,846.82","30,035.00","-","United States","New York Stock Exchange Inc.","CAD","-","USD"
"PHM","PULTEGROUP","Consumer Discretionary","Equity","2,101,759.67","0.03","2,101,759.67","243,982.00","-","United States","New York Stock Exchange Inc.","CAD","-","USD"
"CASY","CASEYS GENERAL STORES INC","Consumer Staples","Equity","2,091,323.92","0.03","2,091,323.92","47,495.00","-","United States","NASDAQ","CAD","-","USD"
"TROW","T ROWE PRICE GROUP","Financials","Equity","2,071,148.14","0.03","2,071,148.14","277,773.00","-","United States","NASDAQ","CAD","-","USD"
"IFF","INTERNATIONAL FLAVORS & FRAGRANCES","Materials","Equity","2,045,406.63","0.03","2,045,406.63","332,350.00","-","United States","New York Stock Exchange Inc.","CAD","-","USD"
"SOFI","SOFI TECHNOLOGIES","Financials","Equity","2,036,362.31","0.03","2,036,362.31","1,678,968.00","-","United States","NASDAQ","CAD","-","USD"
"FSLR","FIRST SOLAR","Information Technology","Equity","2,035,666.60","0.03","2,035,666.60","139,596.00","-","United States","NASDAQ","CAD","-","USD"
"EXE","EXPAND ENERGY","Energy","Equity","2,013,403.67","0.03","2,013,403.67","314,440.00","-","United States","NASDAQ","CAD","-","USD"
"CW","CURTISS WRIGHT","Industrials","Equity","1,998,793.62","0.03","1,998,793.62","48,596.00","-","United States","New York Stock Exchange Inc.","CAD","-","USD"
"INCY","INCYTE CORP","Health Care","Equity","1,998,097.90","0.03","1,998,097.90","216,009.00","-","United States","NASDAQ","CAD","-","USD"
"DOW","DOW","Materials","Equity","1,993,923.60","0.03","1,993,923.60","932,814.00","-","United States","New York Stock Exchange Inc.","CAD","-","USD"
"EIX","EDISON INTERNATIONAL","Utilities","Equity","1,993,923.60","0.03","1,993,923.60","495,652.00","-","United States","New York Stock Exchange Inc.","CAD","-","USD"
"CRWV","COREWEAVE CLASS A","Information Technology","Equity","1,991,140.74","0.03","1,991,140.74","343,866.00","-","United States","NASDAQ","CAD","-","USD"
"UTHR","UNITED THERAPEUTICS","Health Care","Equity","1,986,966.44","0.03","1,986,966.44","55,111.00","-","United States","NASDAQ","CAD","-","USD"
"KHC","KRAFT HEINZ","Consumer Staples","Equity","1,983,487.86","0.03","1,983,487.86","1,106,318.00","-","United States","New York Stock Exchange Inc.","CAD","-","USD"
"WRB","WR BERKLEY","Financials","Equity","1,975,834.97","0.03","1,975,834.97","388,854.00","-","United States","New York Stock Exchange Inc.","CAD","-","USD"
"PKG","PACKAGING CORP OF AMERICA","Materials","Equity","1,963,312.08","0.03","1,963,312.08","114,972.00","-","United States","New York Stock Exchange Inc.","CAD","-","USD"
"CDE","COEUR MINING","Materials","Equity","1,957,050.63","0.03","1,957,050.63","1,351,045.00","-","United States","New York Stock Exchange Inc.","CAD","-","USD"
"FWONK","LIBERTY MEDIA FORMULA ONE SERIES C","Communication","Equity","1,956,354.91","0.03","1,956,354.91","286,584.00","-","United States","NASDAQ","CAD","-","USD"
"AFRM","AFFIRM HOLDINGS CLASS A","Financials","Equity","1,954,963.48","0.03","1,954,963.48","383,773.00","-","United States","NASDAQ","CAD","-","USD"
"DLTR","DOLLAR TREE INC","Consumer Staples","Equity","1,946,614.88","0.03","1,946,614.88","234,685.00","-","United States","NASDAQ","CAD","-","USD"
"XPO","XPO","Industrials","Equity","1,938,266.28","0.03","1,938,266.28","152,506.00","-","United States","New York Stock Exchange Inc.","CAD","-","USD"
"ENTG","ENTEGRIS INC","Information Technology","Equity","1,935,483.42","0.03","1,935,483.42","198,287.00","-","United States","NASDAQ","CAD","-","USD"
"STE","STERIS","Health Care","Equity","1,935,483.42","0.03","1,935,483.42","128,349.00","-","United States","New York Stock Exchange Inc.","CAD","-","USD"
"ROKU","ROKU CLASS A","Communication","Equity","1,932,700.55","0.03","1,932,700.55","172,999.00","-","United States","NASDAQ","CAD","-","USD"
"NI","NISOURCE","Utilities","Equity","1,930,613.40","0.03","1,930,613.40","650,935.00","-","United States","New York Stock Exchange Inc.","CAD","-","USD"
"RS","RELIANCE STEEL & ALUMINUM","Materials","Equity","1,928,526.25","0.03","1,928,526.25","66,409.00","-","United States","New York Stock Exchange Inc.","CAD","-","USD"
"ZS","ZSCALER","Information Technology","Equity","1,927,830.53","0.03","1,927,830.53","134,656.00","-","United States","NASDAQ","CAD","-","USD"
"RGLD","ROYAL GOLD","Materials","Equity","1,926,439.10","0.03","1,926,439.10","105,691.00","-","United States","NASDAQ","CAD","-","USD"
"CF","CF INDUSTRIES HOLDINGS INC","Materials","Equity","1,922,960.52","0.03","1,922,960.52","198,223.00","-","United States","New York Stock Exchange Inc.","CAD","-","USD"
"USFD","US FOODS HOLDING","Consumer Staples","Equity","1,913,916.20","0.03","1,913,916.20","286,450.00","-","United States","New York Stock Exchange Inc.","CAD","-","USD"
"CRS","CARPENTER TECHNOLOGY","Industrials","Equity","1,902,784.74","0.03","1,902,784.74","64,529.00","-","United States","New York Stock Exchange Inc.","CAD","-","USD"
"TPL","TEXAS PACIFIC LAND","Energy","Equity","1,900,697.59","0.03","1,900,697.59","75,518.00","-","United States","New York Stock Exchange Inc.","CAD","-","USD"
"VTRS","VIATRIS","Health Care","Equity","1,894,436.14","0.03","1,894,436.14","1,525,383.00","-","United States","NASDAQ","CAD","-","USD"
"FTAI","FTAI AVIATION","Industrials","Equity","1,886,783.26","0.03","1,886,783.26","133,442.00","-","United States","NASDAQ","CAD","-","USD"
"RDDT","REDDIT CLASS A","Communication","Equity","1,884,000.39","0.03","1,884,000.39","170,036.00","-","United States","New York Stock Exchange Inc.","CAD","-","USD"
"GPN","GLOBAL PAYMENTS INC","Financials","Equity","1,878,434.66","0.03","1,878,434.66","303,364.00","-","United States","New York Stock Exchange Inc.","CAD","-","USD"
"AMRZ","AMRIZE AG","Materials","Equity","1,871,477.49","0.03","1,871,477.49","675,952.00","-","United States","New York Stock Exchange Inc.","CAD","-","USD"
"SNX","TD SYNNEX","Information Technology","Equity","1,862,433.18","0.03","1,862,433.18","97,164.00","-","United States","New York Stock Exchange Inc.","CAD","-","USD"
"CMS","CMS ENERGY","Utilities","Equity","1,852,693.15","0.03","1,852,693.15","386,033.00","-","United States","New York Stock Exchange Inc.","CAD","-","USD"
"LUV","SOUTHWEST AIRLINES","Industrials","Equity","1,851,997.43","0.03","1,851,997.43","633,238.00","-","United States","New York Stock Exchange Inc.","CAD","-","USD"
"GIS","GENERAL MILLS INC","Consumer Staples","Equity","1,850,606.00","0.03","1,850,606.00","696,334.00","-","United States","New York Stock Exchange Inc.","CAD","-","USD"
"AMCR","AMCOR PLC","Materials","Equity","1,849,910.28","0.03","1,849,910.28","602,054.00","-","United States","New York Stock Exchange Inc.","CAD","-","USD"
"BRO","BROWN & BROWN INC","Financials","Equity","1,842,953.12","0.03","1,842,953.12","390,337.00","-","United States","New York Stock Exchange Inc.","CAD","-","USD"
"EFX","EQUIFAX","Industrials","Equity","1,827,647.35","0.03","1,827,647.35","156,411.00","-","United States","New York Stock Exchange Inc.","CAD","-","USD"
"KEY","KEYCORP","Financials","Equity","1,827,647.35","0.03","1,827,647.35","1,203,265.00","-","United States","New York Stock Exchange Inc.","CAD","-","USD"
"FCNCA","FIRST CITIZENS BANCSHARES CLASS A","Financials","Equity","1,821,385.90","0.03","1,821,385.90","11,848.00","-","United States","NASDAQ","CAD","-","USD"
"CPNG","COUPANG CLASS A","Consumer Discretionary","Equity","1,819,994.47","0.03","1,819,994.47","1,736,323.00","-","United States","New York Stock Exchange Inc.","CAD","-","USD"
"SBAC","SBA COMMUNICATIONS REIT CORP CLASS","Real Estate","Equity","1,815,820.17","0.03","1,815,820.17","138,279.00","-","United States","NASDAQ","CAD","-","USD"
"BR","BROADRIDGE FINANCIAL SOLUTIONS INC","Industrials","Equity","1,806,775.86","0.03","1,806,775.86","151,663.00","-","United States","New York Stock Exchange Inc.","CAD","-","USD"
"WWD","WOODWARD","Industrials","Equity","1,799,122.97","0.03","1,799,122.97","77,665.00","-","United States","NASDAQ","CAD","-","USD"
"CDW","CDW","Information Technology","Equity","1,797,035.82","0.03","1,797,035.82","166,145.00","-","United States","NASDAQ","CAD","-","USD"
"FIS","FIDELITY NATIONAL INFORMATION SERV","Financials","Equity","1,792,861.52","0.03","1,792,861.52","678,992.00","-","United States","New York Stock Exchange Inc.","CAD","-","USD"
"IP","INTERNATIONAL PAPER","Materials","Equity","1,792,861.52","0.03","1,792,861.52","695,559.00","-","United States","New York Stock Exchange Inc.","CAD","-","USD"
"SNA","SNAP ON INC","Industrials","Equity","1,792,861.52","0.03","1,792,861.52","66,551.00","-","United States","New York Stock Exchange Inc.","CAD","-","USD"
"EVRG","EVERGY","Utilities","Equity","1,755,988.55","0.03","1,755,988.55","299,660.00","-","United States","NASDAQ","CAD","-","USD"
"NTNX","NUTANIX CLASS A","Information Technology","Equity","1,739,987.07","0.02","1,739,987.07","343,046.00","-","United States","NASDAQ","CAD","-","USD"
"ROIV","ROIVANT SCIENCES LTD","Health Care","Equity","1,735,812.77","0.02","1,735,812.77","598,893.00","-","United States","NASDAQ","CAD","-","USD"
"GPC","GENUINE PARTS","Consumer Discretionary","Equity","1,724,681.30","0.02","1,724,681.30","181,784.00","-","United States","New York Stock Exchange Inc.","CAD","-","USD"
"BBY","BEST BUY","Consumer Discretionary","Equity","1,721,898.44","0.02","1,721,898.44","251,140.00","-","United States","New York Stock Exchange Inc.","CAD","-","USD"
"ZBH","ZIMMER BIOMET HOLDINGS","Health Care","Equity","1,721,898.44","0.02","1,721,898.44","251,969.00","-","United States","New York Stock Exchange Inc.","CAD","-","USD"
"CHRW","CH ROBINSON WORLDWIDE","Industrials","Equity","1,714,245.56","0.02","1,714,245.56","153,740.00","-","United States","NASDAQ","CAD","-","USD"
"HEI A","HEICO CLASS A","Industrials","Equity","1,709,375.54","0.02","1,709,375.54","106,746.00","-","United States","New York Stock Exchange Inc.","CAD","-","USD"
"L","LOEWS","Financials","Equity","1,703,809.81","0.02","1,703,809.81","216,855.00","-","United States","New York Stock Exchange Inc.","CAD","-","USD"
"PR","PERMIAN RESOURCES CLASS A","Energy","Equity","1,703,809.81","0.02","1,703,809.81","1,013,196.00","-","United States","New York Stock Exchange Inc.","CAD","-","USD"
"ITT","ITT INC","Industrials","Equity","1,692,678.34","0.02","1,692,678.34","115,116.00","-","United States","New York Stock Exchange Inc.","CAD","-","USD"
"DINO","HF SINCLAIR","Energy","Equity","1,676,676.86","0.02","1,676,676.86","198,355.00","-","United States","New York Stock Exchange Inc.","CAD","-","USD"
"EWBC","EAST WEST BANCORP","Financials","Equity","1,669,023.98","0.02","1,669,023.98","183,027.00","-","United States","NASDAQ","CAD","-","USD"
"JBHT","JB HUNT TRANSPORT SERVICES","Industrials","Equity","1,664,153.96","0.02","1,664,153.96","96,926.00","-","United States","NASDAQ","CAD","-","USD"
"DD","DUPONT DE NEMOURS","Industrials","Equity","1,660,675.38","0.02","1,660,675.38","178,312.00","-","United States","New York Stock Exchange Inc.","CAD","-","USD"
"LNT","ALLIANT ENERGY CORP","Utilities","Equity","1,650,239.63","0.02","1,650,239.63","341,607.00","-","United States","NASDAQ","CAD","-","USD"
"RBRK","RUBRIK CLASS A","Information Technology","Equity","1,648,848.20","0.02","1,648,848.20","210,920.00","-","United States","New York Stock Exchange Inc.","CAD","-","USD"
"OVV","OVINTIV","Energy","Equity","1,641,891.04","0.02","1,641,891.04","359,606.00","-","United States","New York Stock Exchange Inc.","CAD","-","USD"
"TSCO","TRACTOR SUPPLY","Consumer Discretionary","Equity","1,641,195.32","0.02","1,641,195.32","689,741.00","-","United States","NASDAQ","CAD","-","USD"
"MTSI","MACOM TECHNOLOGY SOLUTIONS","Information Technology","Equity","1,624,498.12","0.02","1,624,498.12","85,166.00","-","United States","NASDAQ","CAD","-","USD"
"J","JACOBS SOLUTIONS INC","Industrials","Equity","1,619,628.11","0.02","1,619,628.11","155,002.00","-","United States","New York Stock Exchange Inc.","CAD","-","USD"
"STZ","CONSTELLATION BRANDS CLASS A","Consumer Staples","Equity","1,609,888.07","0.02","1,609,888.07","181,389.00","-","United States","New York Stock Exchange Inc.","CAD","-","USD"
"ESS","ESSEX PROPERTY TRUST REIT","Real Estate","Equity","1,609,192.36","0.02","1,609,192.36","81,955.00","-","United States","New York Stock Exchange Inc.","CAD","-","USD"
"LEN","LENNAR A CLASS A","Consumer Discretionary","Equity","1,593,190.88","0.02","1,593,190.88","275,709.00","-","United States","New York Stock Exchange Inc.","CAD","-","USD"
"DT","DYNATRACE INC","Information Technology","Equity","1,587,625.15","0.02","1,587,625.15","392,318.00","-","United States","New York Stock Exchange Inc.","CAD","-","USD"
"GEN","GEN DIGITAL","Information Technology","Equity","1,574,406.53","0.02","1,574,406.53","718,985.00","-","United States","NASDAQ","CAD","-","USD"
"NVR","NVR","Consumer Discretionary","Equity","1,570,927.95","0.02","1,570,927.95","3,471.00","-","United States","New York Stock Exchange Inc.","CAD","-","USD"
"RVTY","REVVITY","Health Care","Equity","1,570,232.23","0.02","1,570,232.23","147,590.00","-","United States","New York Stock Exchange Inc.","CAD","-","USD"
"ZBRA","ZEBRA TECHNOLOGIES CORP CLASS A","Information Technology","Equity","1,568,145.08","0.02","1,568,145.08","62,191.00","-","United States","NASDAQ","CAD","-","USD"
"FTV","FORTIVE","Industrials","Equity","1,566,057.93","0.02","1,566,057.93","392,247.00","-","United States","New York Stock Exchange Inc.","CAD","-","USD"
"LYB","LYONDELLBASELL INDUSTRIES CLASS A","Materials","Equity","1,563,970.78","0.02","1,563,970.78","335,735.00","-","United States","New York Stock Exchange Inc.","CAD","-","USD"
"SMTC","SEMTECH","Information Technology","Equity","1,558,405.05","0.02","1,558,405.05","120,623.00","-","United States","NASDAQ","CAD","-","USD"
"SSNC","SS AND C TECHNOLOGIES HOLDINGS","Industrials","Equity","1,554,230.75","0.02","1,554,230.75","267,866.00","-","United States","NASDAQ","CAD","-","USD"
"IEX","IDEX","Industrials","Equity","1,547,969.30","0.02","1,547,969.30","96,216.00","-","United States","New York Stock Exchange Inc.","CAD","-","USD"
"LDOS","LEIDOS HOLDINGS","Industrials","Equity","1,545,186.44","0.02","1,545,186.44","162,735.00","-","United States","New York Stock Exchange Inc.","CAD","-","USD"
"WCC","WESCO INTERNATIONAL","Industrials","Equity","1,543,099.29","0.02","1,543,099.29","62,721.00","-","United States","New York Stock Exchange Inc.","CAD","-","USD"
"ASTS","AST SPACEMOBILE CLASS A","Communication","Equity","1,541,012.14","0.02","1,541,012.14","338,959.00","-","United States","NASDAQ","CAD","-","USD"
"NDSN","NORDSON","Industrials","Equity","1,533,359.26","0.02","1,533,359.26","67,852.00","-","United States","NASDAQ","CAD","-","USD"
"FLUT","FLUTTER ENTERTAINMENT PLC","Consumer Discretionary","Equity","1,527,097.81","0.02","1,527,097.81","227,764.00","-","United States","New York Stock Exchange Inc.","CAD","-","USD"
"BG","BUNGE GLOBAL SA","Consumer Staples","Equity","1,525,706.37","0.02","1,525,706.37","176,391.00","-","United States","New York Stock Exchange Inc.","CAD","-","USD"
"MKSI","MKS","Information Technology","Equity","1,522,923.51","0.02","1,522,923.51","87,446.00","-","United States","NASDAQ","CAD","-","USD"
"RGA","REINSURANCE GROUP OF AMERICA","Financials","Equity","1,518,053.49","0.02","1,518,053.49","85,188.00","-","United States","New York Stock Exchange Inc.","CAD","-","USD"
"BALL","BALL CORP","Materials","Equity","1,509,704.89","0.02","1,509,704.89","342,769.00","-","United States","New York Stock Exchange Inc.","CAD","-","USD"
"APA","APA","Energy","Equity","1,506,922.03","0.02","1,506,922.03","457,225.00","-","United States","NASDAQ","CAD","-","USD"
"IONQ","IONQ","Information Technology","Equity","1,481,876.23","0.02","1,481,876.23","506,772.00","-","United States","New York Stock Exchange Inc.","CAD","-","USD"
"RBA","RB GLOBAL","Industrials","Equity","1,478,397.65","0.02","1,478,397.65","242,546.00","-","Canada","New York Stock Exchange Inc.","CAD","-","USD"
"RBC","RBC BEARINGS","Industrials","Equity","1,478,397.65","0.02","1,478,397.65","41,247.00","-","United States","New York Stock Exchange Inc.","CAD","-","USD"
"JLL","JONES LANG LASALLE","Real Estate","Equity","1,474,223.35","0.02","1,474,223.35","60,367.00","-","United States","New York Stock Exchange Inc.","CAD","-","USD"
"WY","WEYERHAEUSER REIT","Real Estate","Equity","1,467,266.18","0.02","1,467,266.18","934,611.00","-","United States","New York Stock Exchange Inc.","CAD","-","USD"
"AKAM","AKAMAI TECHNOLOGIES INC","Information Technology","Equity","1,460,309.02","0.02","1,460,309.02","188,158.00","-","United States","NASDAQ","CAD","-","USD"
"STRL","STERLING INFRASTRUCTURE","Industrials","Equity","1,456,134.72","0.02","1,456,134.72","39,717.00","-","United States","NASDAQ","CAD","-","USD"
"CLH","CLEAN HARBORS INC","Industrials","Equity","1,455,439.00","0.02","1,455,439.00","63,624.00","-","United States","New York Stock Exchange Inc.","CAD","-","USD"
"NBIX","NEUROCRINE BIOSCIENCES","Health Care","Equity","1,443,611.82","0.02","1,443,611.82","131,156.00","-","United States","NASDAQ","CAD","-","USD"
"PTC","PTC","Information Technology","Equity","1,440,133.24","0.02","1,440,133.24","147,790.00","-","United States","NASDAQ","CAD","-","USD"
"JAZZ","JAZZ PHARMACEUTICALS PLC","Health Care","Equity","1,438,046.09","0.02","1,438,046.09","81,349.00","-","United States","NASDAQ","CAD","-","USD"
"CHTR","CHARTER COMMUNICATIONS CLASS A","Communication","Equity","1,435,958.94","0.02","1,435,958.94","148,543.00","-","United States","NASDAQ","CAD","-","USD"
"INVH","INVITATION HOMES","Real Estate","Equity","1,430,393.21","0.02","1,430,393.21","726,668.00","-","United States","New York Stock Exchange Inc.","CAD","-","USD"
"KIM","KIMCO REALTY REIT CORP","Real Estate","Equity","1,426,914.62","0.02","1,426,914.62","872,235.00","-","United States","New York Stock Exchange Inc.","CAD","-","USD"
"ARMK","ARAMARK","Consumer Discretionary","Equity","1,426,218.91","0.02","1,426,218.91","345,741.00","-","United States","New York Stock Exchange Inc.","CAD","-","USD"
"LSCC","LATTICE SEMICONDUCTOR","Information Technology","Equity","1,418,566.03","0.02","1,418,566.03","180,282.00","-","United States","NASDAQ","CAD","-","USD"
"SGI","SOMNIGROUP INTERNATIONAL","Consumer Discretionary","Equity","1,411,608.86","0.02","1,411,608.86","299,332.00","-","United States","New York Stock Exchange Inc.","CAD","-","USD"
"BURL","BURLINGTON STORES","Consumer Discretionary","Equity","1,408,130.28","0.02","1,408,130.28","81,090.00","-","United States","New York Stock Exchange Inc.","CAD","-","USD"
"IOT","SAMSARA CLASS A","Information Technology","Equity","1,405,347.41","0.02","1,405,347.41","484,666.00","-","United States","New York Stock Exchange Inc.","CAD","-","USD"
"WPC","W. P. CAREY REIT","Real Estate","Equity","1,405,347.41","0.02","1,405,347.41","291,476.00","-","United States","New York Stock Exchange Inc.","CAD","-","USD"
"EG","EVEREST GROUP","Financials","Equity","1,396,998.81","0.02","1,396,998.81","50,684.00","-","United States","New York Stock Exchange Inc.","CAD","-","USD"
"EXEL","EXELIXIS INC","Health Care","Equity","1,394,215.95","0.02","1,394,215.95","328,774.00","-","United States","NASDAQ","CAD","-","USD"
"U","UNITY SOFTWARE","Information Technology","Equity","1,386,563.07","0.02","1,386,563.07","457,099.00","-","United States","New York Stock Exchange Inc.","CAD","-","USD"
"TSN","TYSON FOODS INC CLASS A","Consumer Staples","Equity","1,382,388.77","0.02","1,382,388.77","364,913.00","-","United States","New York Stock Exchange Inc.","CAD","-","USD"
"RIVN","RIVIAN AUTOMOTIVE INC CLASS A","Consumer Discretionary","Equity","1,376,127.32","0.02","1,376,127.32","1,232,445.00","-","United States","NASDAQ","CAD","-","USD"
"UNM","UNUM","Financials","Equity","1,374,735.88","0.02","1,374,735.88","198,282.00","-","United States","New York Stock Exchange Inc.","CAD","-","USD"
"TOST","TOAST CLASS A","Financials","Equity","1,368,474.44","0.02","1,368,474.44","615,760.00","-","United States","New York Stock Exchange Inc.","CAD","-","USD"
"NLY","ANNALY CAPITAL MANAGEMENT REIT","Financials","Equity","1,366,387.29","0.02","1,366,387.29","884,613.00","-","United States","New York Stock Exchange Inc.","CAD","-","USD"
"PNFP","PINNACLE FINANCIAL PARTNERS","Financials","Equity","1,362,908.70","0.02","1,362,908.70","194,253.00","-","United States","New York Stock Exchange Inc.","CAD","-","USD"
"DOC","HEALTHPEAK PROPERTIES INC","Real Estate","Equity","1,350,385.80","0.02","1,350,385.80","908,727.00","-","United States","New York Stock Exchange Inc.","CAD","-","USD"
"TYL","TYLER TECHNOLOGIES","Information Technology","Equity","1,350,385.80","0.02","1,350,385.80","54,543.00","-","United States","New York Stock Exchange Inc.","CAD","-","USD"
"TRU","TRANSUNION","Industrials","Equity","1,349,690.09","0.02","1,349,690.09","254,598.00","-","United States","New York Stock Exchange Inc.","CAD","-","USD"
"APG","API GROUP","Industrials","Equity","1,344,820.07","0.02","1,344,820.07","501,140.00","-","United States","New York Stock Exchange Inc.","CAD","-","USD"
"LECO","LINCOLN ELECTRIC HOLDINGS","Industrials","Equity","1,334,384.32","0.02","1,334,384.32","71,619.00","-","United States","NASDAQ","CAD","-","USD"
"PFGC","PERFORMANCE FOOD GROUP","Consumer Staples","Equity","1,330,905.74","0.02","1,330,905.74","203,215.00","-","United States","New York Stock Exchange Inc.","CAD","-","USD"
"TXT","TEXTRON INC","Industrials","Equity","1,326,035.73","0.02","1,326,035.73","226,036.00","-","United States","New York Stock Exchange Inc.","CAD","-","USD"
"HST","HOST HOTELS & RESORTS REIT","Real Estate","Equity","1,321,861.43","0.02","1,321,861.43","832,631.00","-","United States","NASDAQ","CAD","-","USD"
"OHI","OMEGA HEALTHCARE INVESTORS REIT","Real Estate","Equity","1,319,774.28","0.02","1,319,774.28","384,417.00","-","United States","New York Stock Exchange Inc.","CAD","-","USD"
"SWK","STANLEY BLACK & DECKER INC","Industrials","Equity","1,319,774.28","0.02","1,319,774.28","204,275.00","-","United States","New York Stock Exchange Inc.","CAD","-","USD"
"CACI","CACI INTERNATIONAL INC CLASS A","Industrials","Equity","1,317,687.13","0.02","1,317,687.13","28,625.00","-","United States","New York Stock Exchange Inc.","CAD","-","USD"
"MAS","MASCO","Industrials","Equity","1,311,425.68","0.02","1,311,425.68","265,098.00","-","United States","New York Stock Exchange Inc.","CAD","-","USD"
"MAA","MID AMERICA APARTMENT COMMUNITIES","Real Estate","Equity","1,308,642.81","0.02","1,308,642.81","148,994.00","-","United States","New York Stock Exchange Inc.","CAD","-","USD"
"MEDP","MEDPACE HOLDINGS","Health Care","Equity","1,307,251.38","0.02","1,307,251.38","29,317.00","-","United States","NASDAQ","CAD","-","USD"
"DOCU","DOCUSIGN","Information Technology","Equity","1,303,077.08","0.02","1,303,077.08","254,396.00","-","United States","NASDAQ","CAD","-","USD"
"GL","GLOBE LIFE","Financials","Equity","1,303,077.08","0.02","1,303,077.08","104,341.00","-","United States","New York Stock Exchange Inc.","CAD","-","USD"
"AIZ","ASSURANT INC","Financials","Equity","1,299,598.50","0.02","1,299,598.50","63,152.00","-","United States","New York Stock Exchange Inc.","CAD","-","USD"
"CRL","CHARLES RIVER LABORATORIES INTERNA","Health Care","Equity","1,299,598.50","0.02","1,299,598.50","63,630.00","-","United States","New York Stock Exchange Inc.","CAD","-","USD"
"SWKS","SKYWORKS SOLUTIONS","Information Technology","Equity","1,297,511.35","0.02","1,297,511.35","195,999.00","-","United States","NASDAQ","CAD","-","USD"
"BMNR","BITMINE IMMERSION TECHNOLOGIES","Information Technology","Equity","1,294,728.48","0.02","1,294,728.48","747,621.00","-","United States","New York Stock Exchange Inc.","CAD","-","USD"
"TRMB","TRIMBLE INC","Information Technology","Equity","1,292,641.33","0.02","1,292,641.33","311,093.00","-","United States","NASDAQ","CAD","-","USD"
"RNR","RENAISSANCERE HOLDING","Financials","Equity","1,291,249.90","0.02","1,291,249.90","54,172.00","-","United States","New York Stock Exchange Inc.","CAD","-","USD"
"IVZ","INVESCO LTD","Financials","Equity","1,282,901.30","0.02","1,282,901.30","585,650.00","-","United States","New York Stock Exchange Inc.","CAD","-","USD"
"FN","FABRINET","Information Technology","Equity","1,282,901.30","0.02","1,282,901.30","46,458.00","-","United States","New York Stock Exchange Inc.","CAD","-","USD"
"ALB","ALBEMARLE CORP","Materials","Equity","1,278,031.28","0.02","1,278,031.28","153,240.00","-","United States","New York Stock Exchange Inc.","CAD","-","USD"
"EQH","EQUITABLE HOLDINGS","Financials","Equity","1,275,248.42","0.02","1,275,248.42","325,592.00","-","United States","New York Stock Exchange Inc.","CAD","-","USD"
"BWXT","BWX TECHNOLOGIES INC","Industrials","Equity","1,263,421.24","0.02","1,263,421.24","119,118.00","-","United States","New York Stock Exchange Inc.","CAD","-","USD"
"MLI","MUELLER INDUSTRIES INC","Industrials","Equity","1,259,246.94","0.02","1,259,246.94","287,958.00","-","United States","New York Stock Exchange Inc.","CAD","-","USD"
"SITM","SITIME","Information Technology","Equity","1,258,551.22","0.02","1,258,551.22","29,002.00","-","United States","NASDAQ","CAD","-","USD"
"TLN","TALEN ENERGY CORP","Utilities","Equity","1,257,159.79","0.02","1,257,159.79","59,123.00","-","United States","NASDAQ","CAD","-","USD"
"FDXF","FEDEX FREIGHT HOLDING COMPANY INC","Industrials","Equity","1,250,202.62","0.02","1,250,202.62","140,919.00","-","United States","New York Stock Exchange Inc.","CAD","-","USD"
"GDDY","GODADDY CLASS A","Information Technology","Equity","1,248,811.19","0.02","1,248,811.19","175,492.00","-","United States","New York Stock Exchange Inc.","CAD","-","USD"
"SUI","SUN COMMUNITIES REIT INC","Real Estate","Equity","1,246,724.04","0.02","1,246,724.04","149,644.00","-","United States","New York Stock Exchange Inc.","CAD","-","USD"
"FIVE","FIVE BELOW","Consumer Discretionary","Equity","1,237,679.73","0.02","1,237,679.73","72,117.00","-","United States","NASDAQ","CAD","-","USD"
"SJM","JM SMUCKER","Consumer Staples","Equity","1,236,288.29","0.02","1,236,288.29","137,839.00","-","United States","New York Stock Exchange Inc.","CAD","-","USD"
"BWA","BORGWARNER","Consumer Discretionary","Equity","1,233,505.43","0.02","1,233,505.43","266,821.00","-","United States","New York Stock Exchange Inc.","CAD","-","USD"
"CSL","CARLISLE COMPANIES","Industrials","Equity","1,232,809.71","0.02","1,232,809.71","53,078.00","-","United States","New York Stock Exchange Inc.","CAD","-","USD"
"SOLV","SOLVENTUM","Health Care","Equity","1,226,548.26","0.02","1,226,548.26","193,322.00","-","United States","New York Stock Exchange Inc.","CAD","-","USD"
"ALLE","ALLEGION PLC","Industrials","Equity","1,223,765.39","0.02","1,223,765.39","109,888.00","-","United States","New York Stock Exchange Inc.","CAD","-","USD"
"DTM","DT MIDSTREAM","Energy","Equity","1,216,808.23","0.02","1,216,808.23","133,285.00","-","United States","New York Stock Exchange Inc.","CAD","-","USD"
"MTZ","MASTEC INC","Industrials","Equity","1,212,633.93","0.02","1,212,633.93","80,506.00","-","United States","New York Stock Exchange Inc.","CAD","-","USD"
"HALO","HALOZYME THERAPEUTICS","Health Care","Equity","1,211,938.21","0.02","1,211,938.21","152,445.00","-","United States","NASDAQ","CAD","-","USD"
"MDLN","MEDLINE CLASS A","Health Care","Equity","1,211,938.21","0.02","1,211,938.21","520,409.00","-","United States","NASDAQ","CAD","-","USD"
"AVY","AVERY DENNISON CORP","Materials","Equity","1,210,546.78","0.02","1,210,546.78","97,626.00","-","United States","New York Stock Exchange Inc.","CAD","-","USD"
"ECHO","ECHOSTAR CLASS A","Communication","Equity","1,210,546.78","0.02","1,210,546.78","177,487.00","-","United States","NASDAQ","CAD","-","USD"
"RL","RALPH LAUREN CLASS A","Consumer Discretionary","Equity","1,208,459.63","0.02","1,208,459.63","50,044.00","-","United States","New York Stock Exchange Inc.","CAD","-","USD"
"MANH","MANHATTAN ASSOCIATES","Information Technology","Equity","1,201,502.47","0.02","1,201,502.47","78,598.00","-","United States","NASDAQ","CAD","-","USD"
"BMRN","BIOMARIN PHARMACEUTICAL","Health Care","Equity","1,197,328.17","0.02","1,197,328.17","253,752.00","-","United States","NASDAQ","CAD","-","USD"
"MKC","MCCORMICK & CO NON-VOTING","Consumer Staples","Equity","1,196,632.45","0.02","1,196,632.45","332,209.00","-","United States","New York Stock Exchange Inc.","CAD","-","USD"
"RPM","RPM INTERNATIONAL INC","Materials","Equity","1,195,241.02","0.02","1,195,241.02","166,257.00","-","United States","New York Stock Exchange Inc.","CAD","-","USD"
"IT","GARTNER","Information Technology","Equity","1,192,458.15","0.02","1,192,458.15","87,605.00","-","United States","New York Stock Exchange Inc.","CAD","-","USD"
"HL","HECLA MINING","Materials","Equity","1,191,066.72","0.02","1,191,066.72","866,543.00","-","United States","New York Stock Exchange Inc.","CAD","-","USD"
"LAMR","LAMAR ADVERTISING COMPANY CLAS","Real Estate","Equity","1,191,066.72","0.02","1,191,066.72","111,921.00","-","United States","NASDAQ","CAD","-","USD"
"PEN","PENUMBRA","Health Care","Equity","1,177,152.39","0.02","1,177,152.39","50,921.00","-","United States","New York Stock Exchange Inc.","CAD","-","USD"
"ONTO","ONTO INNOVATION","Information Technology","Equity","1,173,673.80","0.02","1,173,673.80","64,752.00","-","United States","New York Stock Exchange Inc.","CAD","-","USD"
"AA","ALCOA CORP","Materials","Equity","1,168,803.79","0.02","1,168,803.79","343,267.00","-","United States","New York Stock Exchange Inc.","CAD","-","USD"
"EHC","ENCOMPASS HEALTH","Health Care","Equity","1,166,020.92","0.02","1,166,020.92","130,617.00","-","United States","New York Stock Exchange Inc.","CAD","-","USD"
"RKT","ROCKET COMPANIES INC CLASS A","Financials","Equity","1,165,325.21","0.02","1,165,325.21","1,278,829.00","-","United States","New York Stock Exchange Inc.","CAD","-","USD"
"LVS","LAS VEGAS SANDS","Consumer Discretionary","Equity","1,161,846.62","0.02","1,161,846.62","394,104.00","-","United States","New York Stock Exchange Inc.","CAD","-","USD"
"NXT","NEXTPOWER INC","Industrials","Equity","1,160,455.19","0.02","1,160,455.19","192,004.00","-","United States","NASDAQ","CAD","-","USD"
"CNH","CNH INDUSTRIAL N.V.","Industrials","Equity","1,159,759.47","0.02","1,159,759.47","1,180,903.00","-","United States","New York Stock Exchange Inc.","CAD","-","USD"
"FOXA","FOX CLASS A","Communication","Equity","1,156,280.89","0.02","1,156,280.89","245,446.00","-","United States","NASDAQ","CAD","-","USD"
"CCK","CROWN HOLDINGS INC","Materials","Equity","1,155,585.17","0.02","1,155,585.17","144,162.00","-","United States","New York Stock Exchange Inc.","CAD","-","USD"
"GNRC","GENERAC HOLDINGS","Industrials","Equity","1,155,585.17","0.02","1,155,585.17","76,916.00","-","United States","New York Stock Exchange Inc.","CAD","-","USD"
"GWRE","GUIDEWIRE SOFTWARE","Information Technology","Equity","1,147,932.29","0.02","1,147,932.29","109,223.00","-","United States","New York Stock Exchange Inc.","CAD","-","USD"
"TOL","TOLL BROTHERS INC","Consumer Discretionary","Equity","1,146,540.86","0.02","1,146,540.86","117,762.00","-","United States","New York Stock Exchange Inc.","CAD","-","USD"
"CSGP","COSTAR GROUP","Real Estate","Equity","1,145,845.14","0.02","1,145,845.14","539,470.00","-","United States","NASDAQ","CAD","-","USD"
"WTRG","ESSENTIAL UTILITIES INC","Utilities","Equity","1,141,670.84","0.02","1,141,670.84","378,387.00","-","United States","New York Stock Exchange Inc.","CAD","-","USD"
"TKO","TKO GROUP HOLDINGS INC CLASS A","Communication","Equity","1,135,409.39","0.02","1,135,409.39","82,724.00","-","United States","New York Stock Exchange Inc.","CAD","-","USD"
"BAX","BAXTER INTERNATIONAL","Health Care","Equity","1,132,626.53","0.02","1,132,626.53","678,735.00","-","United States","New York Stock Exchange Inc.","CAD","-","USD"
"GGG","GRACO","Industrials","Equity","1,132,626.53","0.02","1,132,626.53","203,958.00","-","United States","New York Stock Exchange Inc.","CAD","-","USD"
"TTMI","TTM TECHNOLOGIES INC","Information Technology","Equity","1,129,843.66","0.02","1,129,843.66","135,774.00","-","United States","NASDAQ","CAD","-","USD"
"HAS","HASBRO","Consumer Discretionary","Equity","1,121,495.06","0.02","1,121,495.06","174,303.00","-","United States","NASDAQ","CAD","-","USD"
"TW","TRADEWEB MARKETS INC CLASS A","Financials","Equity","1,120,103.63","0.02","1,120,103.63","151,421.00","-","United States","NASDAQ","CAD","-","USD"
"HUBS","HUBSPOT","Information Technology","Equity","1,118,016.48","0.02","1,118,016.48","67,165.00","-","United States","New York Stock Exchange Inc.","CAD","-","USD"
"REG","REGENCY CENTERS REIT CORP","Real Estate","Equity","1,114,537.90","0.02","1,114,537.90","210,267.00","-","United States","NASDAQ","CAD","-","USD"
"BJ","BJS WHOLESALE CLUB HOLDINGS","Consumer Staples","Equity","1,111,059.32","0.02","1,111,059.32","164,157.00","-","United States","New York Stock Exchange Inc.","CAD","-","USD"
"BBIO","BRIDGEBIO PHARMA","Health Care","Equity","1,109,667.88","0.02","1,109,667.88","227,370.00","-","United States","NASDAQ","CAD","-","USD"
"FHN","FIRST HORIZON","Financials","Equity","1,099,232.13","0.02","1,099,232.13","631,688.00","-","United States","New York Stock Exchange Inc.","CAD","-","USD"
"SF","STIFEL FINANCIAL","Financials","Equity","1,093,666.40","0.02","1,093,666.40","199,832.00","-","United States","New York Stock Exchange Inc.","CAD","-","USD"
"SN","SHARKNINJA","Consumer Discretionary","Equity","1,092,274.97","0.02","1,092,274.97","90,655.00","-","United States","New York Stock Exchange Inc.","CAD","-","USD"
"ELAN","ELANCO ANIMAL HEALTH","Health Care","Equity","1,088,796.39","0.02","1,088,796.39","660,497.00","-","United States","New York Stock Exchange Inc.","CAD","-","USD"
"AIT","APPLIED INDUSTRIAL TECHNOLOGIES","Industrials","Equity","1,086,709.24","0.02","1,086,709.24","47,283.00","-","United States","New York Stock Exchange Inc.","CAD","-","USD"
"ELS","EQUITY LIFESTYLE PROPERTIES REIT I","Real Estate","Equity","1,086,013.52","0.02","1,086,013.52","245,180.00","-","United States","New York Stock Exchange Inc.","CAD","-","USD"
"LII","LENNOX INTERNATIONAL","Industrials","Equity","1,081,839.22","0.02","1,081,839.22","41,558.00","-","United States","New York Stock Exchange Inc.","CAD","-","USD"
"W","WAYFAIR CLASS A","Consumer Discretionary","Equity","1,081,143.50","0.02","1,081,143.50","145,536.00","-","United States","New York Stock Exchange Inc.","CAD","-","USD"
"TECH","BIO TECHNE","Health Care","Equity","1,079,752.07","0.02","1,079,752.07","205,690.00","-","United States","NASDAQ","CAD","-","USD"
"ALLY","ALLY FINANCIAL INC","Financials","Equity","1,075,577.77","0.02","1,075,577.77","365,518.00","-","United States","New York Stock Exchange Inc.","CAD","-","USD"
"GLPI","GAMING AND LEISURE PROPERTIES REIT","Real Estate","Equity","1,068,620.61","0.02","1,068,620.61","367,568.00","-","United States","NASDAQ","CAD","-","USD"
"AGNC","AGNC INVESTMENT REIT","Financials","Equity","1,063,750.59","0.02","1,063,750.59","1,480,887.00","-","United States","NASDAQ","CAD","-","USD"
"DECK","DECKERS OUTDOOR","Consumer Discretionary","Equity","1,063,750.59","0.02","1,063,750.59","184,084.00","-","United States","New York Stock Exchange Inc.","CAD","-","USD"
"NYT","NEW YORK TIMES CLASS A","Communication","Equity","1,061,663.44","0.02","1,061,663.44","209,450.00","-","United States","New York Stock Exchange Inc.","CAD","-","USD"
"PNW","PINNACLE WEST","Utilities","Equity","1,056,793.42","0.02","1,056,793.42","152,500.00","-","United States","New York Stock Exchange Inc.","CAD","-","USD"
"TXRH","TEXAS ROADHOUSE INC","Consumer Discretionary","Equity","1,056,097.71","0.02","1,056,097.71","87,351.00","-","United States","NASDAQ","CAD","-","USD"
"DKNG","DRAFTKINGS CLASS A","Consumer Discretionary","Equity","1,054,706.28","0.02","1,054,706.28","647,608.00","-","United States","NASDAQ","CAD","-","USD"
"COKE","COCA COLA CONSOLIDATED INC","Consumer Staples","Equity","1,052,619.13","0.02","1,052,619.13","72,979.00","-","United States","NASDAQ","CAD","-","USD"
"HEI","HEICO","Industrials","Equity","1,047,053.39","0.02","1,047,053.39","48,732.00","-","United States","New York Stock Exchange Inc.","CAD","-","USD"
"NWSA","NEWS CLASS A","Communication","Equity","1,046,357.68","0.01","1,046,357.68","478,197.00","-","United States","NASDAQ","CAD","-","USD"
"JKHY","JACK HENRY AND ASSOCIATES INC","Financials","Equity","1,041,487.66","0.01","1,041,487.66","91,986.00","-","United States","NASDAQ","CAD","-","USD"
"SCI","SERVICE","Consumer Discretionary","Equity","1,034,530.50","0.01","1,034,530.50","180,491.00","-","United States","New York Stock Exchange Inc.","CAD","-","USD"
"CORT","CORCEPT THERAPEUTICS","Health Care","Equity","1,031,051.91","0.01","1,031,051.91","123,858.00","-","United States","NASDAQ","CAD","-","USD"
"ARW","ARROW ELECTRONICS","Information Technology","Equity","1,022,703.31","0.01","1,022,703.31","65,615.00","-","United States","New York Stock Exchange Inc.","CAD","-","USD"
"AVTR","AVANTOR","Health Care","Equity","1,019,224.73","0.01","1,019,224.73","886,222.00","-","United States","New York Stock Exchange Inc.","CAD","-","USD"
"HII","HUNTINGTON INGALLS INDUSTRIES","Industrials","Equity","1,016,441.87","0.01","1,016,441.87","50,603.00","-","United States","New York Stock Exchange Inc.","CAD","-","USD"
"KNX","KNIGHT-SWIFT TRANSPORTATION HOLDIN","Industrials","Equity","1,016,441.87","0.01","1,016,441.87","210,313.00","-","United States","New York Stock Exchange Inc.","CAD","-","USD"
"DOCN","DIGITALOCEAN HOLDINGS","Information Technology","Equity","1,015,746.15","0.01","1,015,746.15","105,377.00","-","United States","New York Stock Exchange Inc.","CAD","-","USD"
"WSO","WATSCO","Industrials","Equity","1,005,310.40","0.01","1,005,310.40","45,425.00","-","United States","New York Stock Exchange Inc.","CAD","-","USD"
"DAR","DARLING INGREDIENTS","Consumer Staples","Equity","1,002,527.53","0.01","1,002,527.53","208,007.00","-","United States","New York Stock Exchange Inc.","CAD","-","USD"
"FNF","FIDELITY NATIONAL FINANCIAL INC","Financials","Equity","1,001,831.82","0.01","1,001,831.82","320,902.00","-","United States","New York Stock Exchange Inc.","CAD","-","USD"
"AES","AES","Utilities","Equity","1,000,440.39","0.01","1,000,440.39","929,061.00","-","United States","New York Stock Exchange Inc.","CAD","-","USD"
"CG","CARLYLE GROUP INC","Financials","Equity","999,744.67","0.01","999,744.67","343,288.00","-","United States","NASDAQ","CAD","-","USD"
"MOH","MOLINA HEALTHCARE INC","Health Care","Equity","997,657.52","0.01","997,657.52","67,107.00","-","United States","New York Stock Exchange Inc.","CAD","-","USD"
"BEN","FRANKLIN TEMPLETON","Financials","Equity","993,483.22","0.01","993,483.22","414,276.00","-","United States","New York Stock Exchange Inc.","CAD","-","USD"
"AR","ANTERO RESOURCES","Energy","Equity","990,700.35","0.01","990,700.35","383,889.00","-","United States","New York Stock Exchange Inc.","CAD","-","USD"
"OGE","OGE ENERGY","Utilities","Equity","990,700.35","0.01","990,700.35","295,138.00","-","United States","New York Stock Exchange Inc.","CAD","-","USD"
"SANM","SANMINA","Information Technology","Equity","990,004.64","0.01","990,004.64","69,642.00","-","United States","NASDAQ","CAD","-","USD"
"EGP","EASTGROUP PROPERTIES REIT","Real Estate","Equity","989,308.92","0.01","989,308.92","67,671.00","-","United States","New York Stock Exchange Inc.","CAD","-","USD"
"LULU","LULULEMON ATHLETICA","Consumer Discretionary","Equity","985,134.62","0.01","985,134.62","136,758.00","-","United States","NASDAQ","CAD","-","USD"
"COO","COOPER","Health Care","Equity","982,351.76","0.01","982,351.76","251,914.00","-","United States","NASDAQ","CAD","-","USD"
"BPOP","POPULAR","Financials","Equity","980,264.61","0.01","980,264.61","84,005.00","-","United States","NASDAQ","CAD","-","USD"
"MDGL","MADRIGAL PHARMACEUTICALS","Health Care","Equity","973,307.44","0.01","973,307.44","25,124.00","-","United States","NASDAQ","CAD","-","USD"
"FDS","FACTSET RESEARCH SYSTEMS","Financials","Equity","967,045.99","0.01","967,045.99","47,834.00","-","United States","New York Stock Exchange Inc.","CAD","-","USD"
"MTCH","MATCH GROUP INC","Communication","Equity","967,045.99","0.01","967,045.99","304,836.00","-","United States","NASDAQ","CAD","-","USD"
"EVR","EVERCORE CLASS A","Financials","Equity","962,871.69","0.01","962,871.69","50,584.00","-","United States","New York Stock Exchange Inc.","CAD","-","USD"
"CGNX","COGNEX","Information Technology","Equity","961,480.26","0.01","961,480.26","217,916.00","-","United States","NASDAQ","CAD","-","USD"
"LFUS","LITTELFUSE","Information Technology","Equity","961,480.26","0.01","961,480.26","33,014.00","-","United States","NASDAQ","CAD","-","USD"
"CFR","CULLEN FROST BANKERS","Financials","Equity","960,088.83","0.01","960,088.83","82,983.00","-","United States","New York Stock Exchange Inc.","CAD","-","USD"
"AHR","AMERICAN HEALTHCARE REIT","Real Estate","Equity","959,393.11","0.01","959,393.11","249,072.00","-","United States","New York Stock Exchange Inc.","CAD","-","USD"
"SSB","SOUTHSTATE BANK CORP","Financials","Equity","957,305.96","0.01","957,305.96","127,345.00","-","United States","New York Stock Exchange Inc.","CAD","-","USD"
"MOG A","MOOG INC CLASS A","Industrials","Equity","956,610.24","0.01","956,610.24","37,093.00","-","United States","New York Stock Exchange Inc.","CAD","-","USD"
"UDR","UDR REIT","Real Estate","Equity","955,914.53","0.01","955,914.53","385,564.00","-","United States","New York Stock Exchange Inc.","CAD","-","USD"
"OC","OWENS CORNING","Industrials","Equity","954,523.09","0.01","954,523.09","105,777.00","-","United States","New York Stock Exchange Inc.","CAD","-","USD"
"CLX","CLOROX","Consumer Staples","Equity","953,131.66","0.01","953,131.66","154,688.00","-","United States","New York Stock Exchange Inc.","CAD","-","USD"
"WTFC","WINTRUST FINANCIAL","Financials","Equity","953,131.66","0.01","953,131.66","88,893.00","-","United States","NASDAQ","CAD","-","USD"
"ALGN","ALIGN TECHNOLOGY","Health Care","Equity","949,653.08","0.01","949,653.08","87,493.00","-","United States","NASDAQ","CAD","-","USD"
"TWST","TWIST BIOSCIENCE","Health Care","Equity","943,391.63","0.01","943,391.63","83,661.00","-","United States","NASDAQ","CAD","-","USD"
"PODD","INSULET","Health Care","Equity","942,695.91","0.01","942,695.91","91,892.00","-","United States","NASDAQ","CAD","-","USD"
"RRX","REGAL REXNORD","Industrials","Equity","941,304.48","0.01","941,304.48","87,802.00","-","United States","New York Stock Exchange Inc.","CAD","-","USD"
"ENSG","ENSIGN GROUP","Health Care","Equity","937,825.90","0.01","937,825.90","73,935.00","-","United States","NASDAQ","CAD","-","USD"
"AFG","AMERICAN FINANCIAL GROUP","Financials","Equity","935,738.75","0.01","935,738.75","90,338.00","-","United States","New York Stock Exchange Inc.","CAD","-","USD"
"DCI","DONALDSON","Industrials","Equity","926,694.43","0.01","926,694.43","148,523.00","-","United States","New York Stock Exchange Inc.","CAD","-","USD"
"ALSN","ALLISON TRANSMISSION HOLDINGS","Industrials","Equity","925,998.72","0.01","925,998.72","106,630.00","-","United States","New York Stock Exchange Inc.","CAD","-","USD"
"MOD","MODINE MANUFACTURING","Industrials","Equity","925,998.72","0.01","925,998.72","69,108.00","-","United States","New York Stock Exchange Inc.","CAD","-","USD"
"VSAT","VIASAT INC","Information Technology","Equity","925,998.72","0.01","925,998.72","174,943.00","-","United States","NASDAQ","CAD","-","USD"
"AMH","AMERICAN HOMES RENT REIT CLASS A","Real Estate","Equity","921,824.42","0.01","921,824.42","406,436.00","-","United States","New York Stock Exchange Inc.","CAD","-","USD"
"CPT","CAMDEN PROPERTY TRUST REIT","Real Estate","Equity","920,432.98","0.01","920,432.98","125,823.00","-","United States","New York Stock Exchange Inc.","CAD","-","USD"
"QXO","QXO INC","Industrials","Equity","916,954.40","0.01","916,954.40","1,086,628.00","-","United States","New York Stock Exchange Inc.","CAD","-","USD"
"PRI","PRIMERICA","Financials","Equity","914,867.25","0.01","914,867.25","43,480.00","-","United States","New York Stock Exchange Inc.","CAD","-","USD"
"ARWR","ARROWHEAD PHARMACEUTICALS","Health Care","Equity","913,475.82","0.01","913,475.82","186,044.00","-","United States","NASDAQ","CAD","-","USD"
"GKOS","GLAUKOS","Health Care","Equity","913,475.82","0.01","913,475.82","78,045.00","-","United States","New York Stock Exchange Inc.","CAD","-","USD"
"CYTK","CYTOKINETICS","Health Care","Equity","912,780.10","0.01","912,780.10","180,149.00","-","United States","NASDAQ","CAD","-","USD"
"UMBF","UMB FINANCIAL","Financials","Equity","912,084.38","0.01","912,084.38","93,372.00","-","United States","NASDAQ","CAD","-","USD"
"AEIS","ADVANCED ENERGY INDUSTRIES","Information Technology","Equity","911,388.67","0.01","911,388.67","49,405.00","-","United States","NASDAQ","CAD","-","USD"
"ROL","ROLLINS INC","Industrials","Equity","909,301.52","0.01","909,301.52","380,006.00","-","United States","New York Stock Exchange Inc.","CAD","-","USD"
"QRVO","QORVO","Information Technology","Equity","907,910.09","0.01","907,910.09","104,831.00","-","United States","NASDAQ","CAD","-","USD"
"ZION","ZIONS BANCORPORATION","Financials","Equity","905,127.22","0.01","905,127.22","189,997.00","-","United States","NASDAQ","CAD","-","USD"
"CR","CRANE","Industrials","Equity","896,778.62","0.01","896,778.62","62,551.00","-","United States","New York Stock Exchange Inc.","CAD","-","USD"
"UHS","UNIVERSAL HEALTH SERVICES INC CLAS","Health Care","Equity","896,082.90","0.01","896,082.90","68,411.00","-","United States","New York Stock Exchange Inc.","CAD","-","USD"
"RRC","RANGE RESOURCES","Energy","Equity","893,995.75","0.01","893,995.75","315,426.00","-","United States","New York Stock Exchange Inc.","CAD","-","USD"
"BAH","BOOZ ALLEN HAMILTON HOLDING CLASS","Industrials","Equity","889,821.46","0.01","889,821.46","155,560.00","-","United States","New York Stock Exchange Inc.","CAD","-","USD"
"RMBS","RAMBUS","Information Technology","Equity","889,125.74","0.01","889,125.74","142,803.00","-","United States","NASDAQ","CAD","-","USD"
"RGEN","REPLIGEN","Health Care","Equity","886,342.87","0.01","886,342.87","68,591.00","-","United States","NASDAQ","CAD","-","USD"
"SEIC","SEI INVESTMENTS","Financials","Equity","886,342.87","0.01","886,342.87","116,644.00","-","United States","NASDAQ","CAD","-","USD"
"TTEK","TETRA TECH","Industrials","Equity","882,864.29","0.01","882,864.29","337,266.00","-","United States","NASDAQ","CAD","-","USD"
"WTS","WATTS WATER TECHNOLOGIES CLASS A","Industrials","Equity","881,472.86","0.01","881,472.86","34,684.00","-","United States","New York Stock Exchange Inc.","CAD","-","USD"
"FLS","FLOWSERVE","Industrials","Equity","880,777.14","0.01","880,777.14","164,735.00","-","United States","New York Stock Exchange Inc.","CAD","-","USD"
"PAYC","PAYCOM SOFTWARE","Industrials","Equity","880,777.14","0.01","880,777.14","53,755.00","-","United States","New York Stock Exchange Inc.","CAD","-","USD"
"ORI","OLD REPUBLIC INTERNATIONAL","Financials","Equity","878,689.99","0.01","878,689.99","299,348.00","-","United States","New York Stock Exchange Inc.","CAD","-","USD"
"PNR","PENTAIR","Industrials","Equity","876,602.84","0.01","876,602.84","216,964.00","-","United States","New York Stock Exchange Inc.","CAD","-","USD"
"AXSM","AXSOME THERAPEUTICS","Health Care","Equity","875,211.41","0.01","875,211.41","56,331.00","-","United States","NASDAQ","CAD","-","USD"
"BXP","BXP","Real Estate","Equity","874,515.69","0.01","874,515.69","188,731.00","-","United States","New York Stock Exchange Inc.","CAD","-","USD"
"COLB","COLUMBIA BANKING SYSTEM INC","Financials","Equity","874,515.69","0.01","874,515.69","402,821.00","-","United States","NASDAQ","CAD","-","USD"
"GME","GAMESTOP CLASS A","Consumer Discretionary","Equity","873,819.97","0.01","873,819.97","529,468.00","-","United States","New York Stock Exchange Inc.","CAD","-","USD"
"SOLS","SOLSTICE ADVANCED MATERIALS INC","Materials","Equity","873,819.97","0.01","873,819.97","205,050.00","-","United States","NASDAQ","CAD","-","USD"
"TXG","10X GENOMICS CLASS A","Health Care","Equity","873,124.26","0.01","873,124.26","156,535.00","-","United States","NASDAQ","CAD","-","USD"
"VMI","VALMONT INDS","Industrials","Equity","873,124.26","0.01","873,124.26","25,494.00","-","United States","New York Stock Exchange Inc.","CAD","-","USD"
"APTV","APTIV PLC","Consumer Discretionary","Equity","871,732.83","0.01","871,732.83","275,593.00","-","United States","New York Stock Exchange Inc.","CAD","-","USD"
"HUT","HUT CORP","Information Technology","Equity","865,471.38","0.01","865,471.38","131,162.00","-","United States","NASDAQ","CAD","-","USD"
"OSK","OSHKOSH CORP","Industrials","Equity","861,992.79","0.01","861,992.79","82,079.00","-","United States","New York Stock Exchange Inc.","CAD","-","USD"
"DPZ","DOMINOS PIZZA","Consumer Discretionary","Equity","859,209.93","0.01","859,209.93","39,826.00","-","United States","NASDAQ","CAD","-","USD"
"SAIA","SAIA INC","Industrials","Equity","856,427.06","0.01","856,427.06","34,565.00","-","United States","NASDAQ","CAD","-","USD"
"CTRE","CARETRUST REIT","Real Estate","Equity","854,339.91","0.01","854,339.91","308,816.00","-","United States","New York Stock Exchange Inc.","CAD","-","USD"
"AYI","ACUITY","Industrials","Equity","853,644.20","0.01","853,644.20","39,303.00","-","United States","New York Stock Exchange Inc.","CAD","-","USD"
"KRYS","KRYSTAL BIOTECH","Health Care","Equity","853,644.20","0.01","853,644.20","34,768.00","-","United States","NASDAQ","CAD","-","USD"
"SPXC","SPX TECHNOLOGIES INC","Industrials","Equity","852,948.48","0.01","852,948.48","65,501.00","-","United States","New York Stock Exchange Inc.","CAD","-","USD"
"VOYA","VOYA FINANCIAL","Financials","Equity","852,948.48","0.01","852,948.48","118,170.00","-","United States","New York Stock Exchange Inc.","CAD","-","USD"
"AMG","AFFILIATED MANAGERS GROUP","Financials","Equity","850,165.61","0.01","850,165.61","33,289.00","-","United States","New York Stock Exchange Inc.","CAD","-","USD"
"CRBG","COREBRIDGE FINANCIAL INC","Financials","Equity","847,382.75","0.01","847,382.75","335,040.00","-","United States","New York Stock Exchange Inc.","CAD","-","USD"
"CUBE","CUBESMART REIT","Real Estate","Equity","847,382.75","0.01","847,382.75","290,963.00","-","United States","New York Stock Exchange Inc.","CAD","-","USD"
"R","RYDER SYSTEM","Industrials","Equity","846,687.03","0.01","846,687.03","48,869.00","-","United States","New York Stock Exchange Inc.","CAD","-","USD"
"TTC","TORO","Industrials","Equity","846,687.03","0.01","846,687.03","126,697.00","-","United States","New York Stock Exchange Inc.","CAD","-","USD"
"KTOS","KRATOS DEFENSE AND SECURITY SOLUTI","Industrials","Equity","845,991.31","0.01","845,991.31","244,859.00","-","United States","NASDAQ","CAD","-","USD"
"PINS","PINTEREST CLASS A","Communication","Equity","845,991.31","0.01","845,991.31","637,187.00","-","United States","New York Stock Exchange Inc.","CAD","-","USD"
"BTSG","BRIGHTSPRING HEALTH SERVICES INC","Health Care","Equity","843,904.16","0.01","843,904.16","205,685.00","-","United States","NASDAQ","CAD","-","USD"
"WMS","ADVANCED DRAINAGE SYSTEMS INC","Industrials","Equity","836,947.00","0.01","836,947.00","91,905.00","-","United States","New York Stock Exchange Inc.","CAD","-","USD"
"FOX","FOX CLASS B","Communication","Equity","836,947.00","0.01","836,947.00","197,526.00","-","United States","NASDAQ","CAD","-","USD"
"ONB","OLD NATIONAL BANCORP","Financials","Equity","836,251.28","0.01","836,251.28","455,741.00","-","United States","NASDAQ","CAD","-","USD"
"MUSA","MURPHY USA","Consumer Discretionary","Equity","828,598.40","0.01","828,598.40","21,863.00","-","United States","New York Stock Exchange Inc.","CAD","-","USD"
"REXR","REXFORD INDUSTRIAL REALTY REIT","Real Estate","Equity","823,728.38","0.01","823,728.38","295,739.00","-","United States","New York Stock Exchange Inc.","CAD","-","USD"
"ARE","ALEXANDRIA REAL ESTATE EQUITIES RE","Real Estate","Equity","820,945.52","0.01","820,945.52","200,931.00","-","United States","New York Stock Exchange Inc.","CAD","-","USD"
"PTGX","PROTAGONIST THERAPEUTICS","Health Care","Equity","818,858.37","0.01","818,858.37","78,577.00","-","United States","NASDAQ","CAD","-","USD"
"AAL","AMERICAN AIRLINES GROUP","Industrials","Equity","816,075.50","0.01","816,075.50","869,771.00","-","United States","NASDAQ","CAD","-","USD"
"FORM","FORMFACTOR INC","Information Technology","Equity","816,075.50","0.01","816,075.50","100,935.00","-","United States","NASDAQ","CAD","-","USD"
"EAT","BRINKER INTERNATIONAL INC","Consumer Discretionary","Equity","810,509.77","0.01","810,509.77","56,031.00","-","United States","New York Stock Exchange Inc.","CAD","-","USD"
"FCFS","FIRSTCASH HOLDINGS INC","Financials","Equity","807,031.19","0.01","807,031.19","50,825.00","-","United States","NASDAQ","CAD","-","USD"
"PB","PROSPERITY BANCSHARES","Financials","Equity","802,856.89","0.01","802,856.89","157,402.00","-","United States","New York Stock Exchange Inc.","CAD","-","USD"
"SM","SM ENERGY","Energy","Equity","802,161.17","0.01","802,161.17","299,435.00","-","United States","New York Stock Exchange Inc.","CAD","-","USD"
"DY","DYCOM INDUSTRIES INC","Industrials","Equity","800,769.74","0.01","800,769.74","38,697.00","-","United States","New York Stock Exchange Inc.","CAD","-","USD"
"BRX","BRIXMOR PROPERTY GROUP REIT INC","Real Estate","Equity","800,074.02","0.01","800,074.02","393,570.00","-","United States","New York Stock Exchange Inc.","CAD","-","USD"
"VNOM","VIPER ENERGY INC CLASS A","Energy","Equity","796,595.44","0.01","796,595.44","255,924.00","-","United States","NASDAQ","CAD","-","USD"
"TEM","TEMPUS AI CLASS A","Health Care","Equity","790,333.99","0.01","790,333.99","135,691.00","-","United States","NASDAQ","CAD","-","USD"
"ESTC","ELASTIC","Information Technology","Equity","789,638.27","0.01","789,638.27","122,441.00","-","United States","New York Stock Exchange Inc.","CAD","-","USD"
"FRT","FEDERAL REALTY INVESTMENT TRUST RE","Real Estate","Equity","789,638.27","0.01","789,638.27","97,441.00","-","United States","New York Stock Exchange Inc.","CAD","-","USD"
"IDCC","INTERDIGITAL INC","Information Technology","Equity","784,072.54","0.01","784,072.54","33,606.00","-","United States","NASDAQ","CAD","-","USD"
"WAL","WESTERN ALLIANCE","Financials","Equity","781,985.39","0.01","781,985.39","135,796.00","-","United States","New York Stock Exchange Inc.","CAD","-","USD"
"GMED","GLOBUS MEDICAL CLASS A","Health Care","Equity","781,289.67","0.01","781,289.67","145,297.00","-","United States","New York Stock Exchange Inc.","CAD","-","USD"
"UGI","UGI","Utilities","Equity","778,506.81","0.01","778,506.81","281,521.00","-","United States","New York Stock Exchange Inc.","CAD","-","USD"
"ADC","AGREE REALTY REIT","Real Estate","Equity","777,115.38","0.01","777,115.38","157,246.00","-","United States","New York Stock Exchange Inc.","CAD","-","USD"
"RHP","RYMAN HOSPITALITY PROPERTIES REIT","Real Estate","Equity","777,115.38","0.01","777,115.38","88,873.00","-","United States","New York Stock Exchange Inc.","CAD","-","USD"
"ACM","AECOM","Industrials","Equity","773,636.79","0.01","773,636.79","168,315.00","-","United States","New York Stock Exchange Inc.","CAD","-","USD"
"CHRD","CHORD ENERGY","Energy","Equity","772,941.08","0.01","772,941.08","72,876.00","-","United States","NASDAQ","CAD","-","USD"
"KMX","CARMAX INC","Consumer Discretionary","Equity","772,245.36","0.01","772,245.36","182,447.00","-","United States","New York Stock Exchange Inc.","CAD","-","USD"
"KNSL","KINSALE CAPITAL GROUP INC","Financials","Equity","772,245.36","0.01","772,245.36","29,637.00","-","United States","New York Stock Exchange Inc.","CAD","-","USD"
"ATR","APTARGROUP","Materials","Equity","770,158.21","0.01","770,158.21","84,672.00","-","United States","New York Stock Exchange Inc.","CAD","-","USD"
"S","SENTINELONE INC CLASS A","Information Technology","Equity","770,158.21","0.01","770,158.21","457,999.00","-","United States","New York Stock Exchange Inc.","CAD","-","USD"
"DKS","DICKS SPORTING","Consumer Discretionary","Equity","768,071.06","0.01","768,071.06","85,526.00","-","United States","New York Stock Exchange Inc.","CAD","-","USD"
"FR","FIRST INDUSTRIAL REALTY TRUST","Real Estate","Equity","764,592.48","0.01","764,592.48","169,062.00","-","United States","New York Stock Exchange Inc.","CAD","-","USD"
"PRAX","PRAXIS PRECISION MEDICINES","Health Care","Equity","764,592.48","0.01","764,592.48","33,974.00","-","United States","NASDAQ","CAD","-","USD"
"AUR","AURORA INNOVATION CLASS A","Information Technology","Equity","763,201.04","0.01","763,201.04","1,621,943.00","-","United States","NASDAQ","CAD","-","USD"
"HSIC","HENRY SCHEIN","Health Care","Equity","763,201.04","0.01","763,201.04","123,817.00","-","United States","NASDAQ","CAD","-","USD"
"CNM","CORE & MAIN INC CLASS A","Industrials","Equity","759,026.75","0.01","759,026.75","243,999.00","-","United States","New York Stock Exchange Inc.","CAD","-","USD"
"MOS","MOSAIC","Materials","Equity","759,026.75","0.01","759,026.75","412,284.00","-","United States","New York Stock Exchange Inc.","CAD","-","USD"
"VIAV","VIAVI SOLUTIONS","Information Technology","Equity","759,026.75","0.01","759,026.75","301,405.00","-","United States","NASDAQ","CAD","-","USD"
"ALV","AUTOLIV","Consumer Discretionary","Equity","757,635.31","0.01","757,635.31","88,949.00","-","United States","New York Stock Exchange Inc.","CAD","-","USD"
"PCVX","VAXCYTE","Health Care","Equity","749,982.43","0.01","749,982.43","171,319.00","-","United States","NASDAQ","CAD","-","USD"
"HQY","HEALTHEQUITY","Health Care","Equity","745,808.13","0.01","745,808.13","108,877.00","-","United States","NASDAQ","CAD","-","USD"
"ALKS","ALKERMES","Health Care","Equity","745,112.41","0.01","745,112.41","220,072.00","-","United States","NASDAQ","CAD","-","USD"
"CBSH","COMMERCE BANCSHARES","Financials","Equity","743,025.27","0.01","743,025.27","178,339.00","-","United States","NASDAQ","CAD","-","USD"
"IONS","IONIS PHARMACEUTICALS","Health Care","Equity","740,938.12","0.01","740,938.12","218,554.00","-","United States","NASDAQ","CAD","-","USD"
"JEF","JEFFERIES FINANCIAL GROUP INC","Financials","Equity","736,763.82","0.01","736,763.82","212,275.00","-","United States","New York Stock Exchange Inc.","CAD","-","USD"
"FLR","FLUOR CORP","Industrials","Equity","729,110.93","0.01","729,110.93","183,086.00","-","United States","New York Stock Exchange Inc.","CAD","-","USD"
"THG","HANOVER INSURANCE GROUP","Financials","Equity","728,415.22","0.01","728,415.22","43,858.00","-","United States","New York Stock Exchange Inc.","CAD","-","USD"
"RAL","RALLIANT","Information Technology","Equity","724,240.92","0.01","724,240.92","148,400.00","-","United States","New York Stock Exchange Inc.","CAD","-","USD"
"ESI","ELEMENT SOLUTIONS INC","Materials","Equity","723,545.20","0.01","723,545.20","301,042.00","-","United States","New York Stock Exchange Inc.","CAD","-","USD"
"CMC","COMMERCIAL METALS","Materials","Equity","717,283.75","0.01","717,283.75","147,492.00","-","United States","New York Stock Exchange Inc.","CAD","-","USD"
"NOV","NOV","Energy","Equity","715,892.32","0.01","715,892.32","481,116.00","-","United States","New York Stock Exchange Inc.","CAD","-","USD"
"EMN","EASTMAN CHEMICAL","Materials","Equity","713,805.17","0.01","713,805.17","148,625.00","-","United States","New York Stock Exchange Inc.","CAD","-","USD"
"KEX","KIRBY CORP","Industrials","Equity","711,022.30","0.01","711,022.30","70,858.00","-","United States","New York Stock Exchange Inc.","CAD","-","USD"
"AM","ANTERO MIDSTREAM","Energy","Equity","710,326.59","0.01","710,326.59","461,133.00","-","United States","New York Stock Exchange Inc.","CAD","-","USD"
"TGTX","TG THERAPEUTICS","Health Care","Equity","706,152.29","0.01","706,152.29","172,437.00","-","United States","NASDAQ","CAD","-","USD"
"NFG","NATIONAL FUEL GAS","Utilities","Equity","704,760.86","0.01","704,760.86","121,645.00","-","United States","New York Stock Exchange Inc.","CAD","-","USD"
"KYMR","KYMERA THERAPEUTICS","Health Care","Equity","704,065.14","0.01","704,065.14","81,984.00","-","United States","NASDAQ","CAD","-","USD"
"FAF","FIRST AMERICAN FINANCIAL CORP","Financials","Equity","699,890.84","0.01","699,890.84","134,122.00","-","United States","New York Stock Exchange Inc.","CAD","-","USD"
"AAOI","APPLIED OPTOELECTRONICS","Information Technology","Equity","699,195.12","0.01","699,195.12","98,380.00","-","United States","NASDAQ","CAD","-","USD"
"AVT","AVNET INC","Information Technology","Equity","698,499.41","0.01","698,499.41","103,473.00","-","United States","NASDAQ","CAD","-","USD"
"CART","MAPLEBEAR","Consumer Staples","Equity","698,499.41","0.01","698,499.41","212,175.00","-","United States","NASDAQ","CAD","-","USD"
"VG","VENTURE GLOBAL CLASS A","Energy","Equity","697,803.69","0.01","697,803.69","667,220.00","-","United States","New York Stock Exchange Inc.","CAD","-","USD"
"SLAB","SILICON LABORATORIES","Information Technology","Equity","693,629.39","0.01","693,629.39","43,570.00","-","United States","NASDAQ","CAD","-","USD"
"SYRE","SPYRE THERAPEUTICS INC","Health Care","Equity","692,933.67","0.01","692,933.67","103,169.00","-","United States","NASDAQ","CAD","-","USD"
"NNN","NNN REIT","Real Estate","Equity","692,237.96","0.01","692,237.96","229,206.00","-","United States","New York Stock Exchange Inc.","CAD","-","USD"
"RIOT","RIOT PLATFORMS","Information Technology","Equity","692,237.96","0.01","692,237.96","436,638.00","-","United States","NASDAQ","CAD","-","USD"
"CLF","CLEVELAND CLIFFS INC","Materials","Equity","688,063.66","0.01","688,063.66","744,057.00","-","United States","New York Stock Exchange Inc.","CAD","-","USD"
"FPS","FORGENT POWER SOLUTIONS CLASS A","Industrials","Equity","688,063.66","0.01","688,063.66","249,375.00","-","United States","New York Stock Exchange Inc.","CAD","-","USD"
"AXS","AXIS CAPITAL HOLDINGS","Financials","Equity","687,367.94","0.01","687,367.94","94,873.00","-","United States","New York Stock Exchange Inc.","CAD","-","USD"
"MSGS","MADISON SQUARE GARDEN SPORTS CLASS","Communication","Equity","685,976.51","0.01","685,976.51","23,973.00","-","United States","New York Stock Exchange Inc.","CAD","-","USD"
"SSD","SIMPSON MANUFACTURING","Industrials","Equity","685,280.79","0.01","685,280.79","54,829.00","-","United States","New York Stock Exchange Inc.","CAD","-","USD"
"IDA","IDACORP","Utilities","Equity","684,585.08","0.01","684,585.08","70,867.00","-","United States","New York Stock Exchange Inc.","CAD","-","USD"
"LAD","LITHIA MOTORS INC CLASS A","Consumer Discretionary","Equity","683,889.36","0.01","683,889.36","29,330.00","-","United States","New York Stock Exchange Inc.","CAD","-","USD"
"MGM","MGM RESORTS INTERNATIONAL","Consumer Discretionary","Equity","681,802.21","0.01","681,802.21","245,381.00","-","United States","New York Stock Exchange Inc.","CAD","-","USD"
"TKR","TIMKEN","Industrials","Equity","681,802.21","0.01","681,802.21","80,641.00","-","United States","New York Stock Exchange Inc.","CAD","-","USD"
"STAG","STAG INDUSTRIAL REIT","Real Estate","Equity","677,627.91","0.01","677,627.91","249,298.00","-","United States","New York Stock Exchange Inc.","CAD","-","USD"
"AGCO","AGCO","Industrials","Equity","676,932.19","0.01","676,932.19","76,840.00","-","United States","New York Stock Exchange Inc.","CAD","-","USD"
"CAG","CONAGRA BRANDS","Consumer Staples","Equity","674,845.04","0.01","674,845.04","613,094.00","-","United States","New York Stock Exchange Inc.","CAD","-","USD"
"BIO","BIO RAD LABORATORIES CLASS A","Health Care","Equity","673,453.61","0.01","673,453.61","24,292.00","-","United States","New York Stock Exchange Inc.","CAD","-","USD"
"GTLB","GITLAB CLASS A","Information Technology","Equity","672,757.89","0.01","672,757.89","184,700.00","-","United States","NASDAQ","CAD","-","USD"
"OMF","ONEMAIN HOLDINGS","Financials","Equity","672,062.18","0.01","672,062.18","152,139.00","-","United States","New York Stock Exchange Inc.","CAD","-","USD"
"MATX","MATSON INC","Industrials","Equity","669,975.03","0.01","669,975.03","39,367.00","-","United States","New York Stock Exchange Inc.","CAD","-","USD"
"HLI","HOULIHAN LOKEY CLASS A","Financials","Equity","669,279.31","0.01","669,279.31","69,560.00","-","United States","New York Stock Exchange Inc.","CAD","-","USD"
"FNB","FNB CORP","Financials","Equity","667,192.16","0.01","667,192.16","510,040.00","-","United States","New York Stock Exchange Inc.","CAD","-","USD"
"OSCR","OSCAR HEALTH CLASS A","Financials","Equity","667,192.16","0.01","667,192.16","287,802.00","-","United States","New York Stock Exchange Inc.","CAD","-","USD"
"FSS","FEDERAL SIGNAL CORP","Industrials","Equity","661,626.43","0.01","661,626.43","80,199.00","-","United States","New York Stock Exchange Inc.","CAD","-","USD"
"HR","HEALTHCARE REALTY TRUST INC CLASS","Real Estate","Equity","658,843.56","0.01","658,843.56","493,787.00","-","United States","New York Stock Exchange Inc.","CAD","-","USD"
"ZWS","ZURN ELKAY WATER SOLUTIONS CORP","Industrials","Equity","658,147.85","0.01","658,147.85","198,480.00","-","United States","New York Stock Exchange Inc.","CAD","-","USD"
"ACA","ARCOSA","Industrials","Equity","656,756.41","0.01","656,756.41","62,287.00","-","United States","New York Stock Exchange Inc.","CAD","-","USD"
"SNEX","STONEX GROUP INC","Financials","Equity","656,060.70","0.01","656,060.70","136,885.00","-","United States","NASDAQ","CAD","-","USD"
"BRKR","BRUKER","Health Care","Equity","654,669.26","0.01","654,669.26","143,159.00","-","United States","NASDAQ","CAD","-","USD"
"ETSY","ETSY","Consumer Discretionary","Equity","654,669.26","0.01","654,669.26","124,876.00","-","United States","New York Stock Exchange Inc.","CAD","-","USD"
"MHK","MOHAWK INDUSTRIES","Consumer Discretionary","Equity","653,973.55","0.01","653,973.55","70,244.00","-","United States","New York Stock Exchange Inc.","CAD","-","USD"
"WEX","WEX","Financials","Equity","653,277.83","0.01","653,277.83","46,172.00","-","United States","New York Stock Exchange Inc.","CAD","-","USD"
"CBRS","CEREBRAS SYSTEMS INC CLASS A","Information Technology","Equity","649,799.25","0.01","649,799.25","46,184.00","-","United States","NASDAQ","CAD","-","USD"
"AXTA","AXALTA COATING SYSTEMS","Materials","Equity","649,103.53","0.01","649,103.53","274,304.00","-","United States","New York Stock Exchange Inc.","CAD","-","USD"
"WYNN","WYNN RESORTS","Consumer Discretionary","Equity","648,407.82","0.01","648,407.82","107,843.00","-","United States","NASDAQ","CAD","-","USD"
"HXL","HEXCEL","Industrials","Equity","646,320.67","0.01","646,320.67","101,239.00","-","United States","New York Stock Exchange Inc.","CAD","-","USD"
"OWL","BLUE OWL CAPITAL CLASS A","Financials","Equity","643,537.80","0.01","643,537.80","891,387.00","-","United States","New York Stock Exchange Inc.","CAD","-","USD"
"AWI","ARMSTRONG WORLD INDUSTRIES","Industrials","Equity","641,450.65","0.01","641,450.65","55,364.00","-","United States","New York Stock Exchange Inc.","CAD","-","USD"
"TAP","MOLSON COORS BREWING CLASS B","Consumer Staples","Equity","640,754.93","0.01","640,754.93","226,079.00","-","United States","New York Stock Exchange Inc.","CAD","-","USD"
"TEX","TEREX","Industrials","Equity","637,276.35","0.01","637,276.35","151,930.00","-","United States","New York Stock Exchange Inc.","CAD","-","USD"
"APLD","APPLIED DIGITAL","Information Technology","Equity","635,884.92","0.01","635,884.92","332,586.00","-","United States","NASDAQ","CAD","-","USD"
"NEU","NEWMARKET","Materials","Equity","635,884.92","0.01","635,884.92","9,861.00","-","United States","New York Stock Exchange Inc.","CAD","-","USD"
"ESE","ESCO TECHNOLOGIES","Industrials","Equity","633,797.77","0.01","633,797.77","33,625.00","-","United States","New York Stock Exchange Inc.","CAD","-","USD"
"NCLH","NORWEGIAN CRUISE LINE HOLDINGS","Consumer Discretionary","Equity","633,797.77","0.01","633,797.77","607,838.00","-","United States","New York Stock Exchange Inc.","CAD","-","USD"
"CHE","CHEMED","Health Care","Equity","629,623.47","0.01","629,623.47","17,165.00","-","United States","New York Stock Exchange Inc.","CAD","-","USD"
"MTDR","MATADOR RESOURCES","Energy","Equity","628,232.04","0.01","628,232.04","150,348.00","-","United States","New York Stock Exchange Inc.","CAD","-","USD"
"GTES","GATES INDUSTRIAL PLC","Industrials","Equity","628,232.04","0.01","628,232.04","336,100.00","-","United States","New York Stock Exchange Inc.","CAD","-","USD"
"COMP","COMPASS INC CLASS A","Real Estate","Equity","627,536.32","0.01","627,536.32","826,166.00","-","United States","New York Stock Exchange Inc.","CAD","-","USD"
"WULF","TERAWULF","Information Technology","Equity","627,536.32","0.01","627,536.32","525,527.00","-","United States","NASDAQ","CAD","-","USD"
"TRNO","TERRENO REALTY REIT","Real Estate","Equity","627,536.32","0.01","627,536.32","130,684.00","-","United States","New York Stock Exchange Inc.","CAD","-","USD"
"MTG","MGIC INVESTMENT","Financials","Equity","623,362.02","0.01","623,362.02","289,929.00","-","United States","New York Stock Exchange Inc.","CAD","-","USD"
"QBTS","D WAVE QUANTUM","Information Technology","Equity","622,666.30","0.01","622,666.30","485,792.00","-","United States","NASDAQ","CAD","-","USD"
"LNTH","LANTHEUS HOLDINGS","Health Care","Equity","621,970.59","0.01","621,970.59","85,083.00","-","United States","NASDAQ","CAD","-","USD"
"ENS","ENERSYS","Industrials","Equity","621,274.87","0.01","621,274.87","48,793.00","-","United States","New York Stock Exchange Inc.","CAD","-","USD"
"MP","MP MATERIALS CLASS A","Materials","Equity","620,579.15","0.01","620,579.15","173,435.00","-","United States","New York Stock Exchange Inc.","CAD","-","USD"
"MSFUT","CASH COLLATERAL MSFUT USD","Cash and/or Derivatives","Cash Collateral and Margins","620,579.15","0.01","620,579.15","8,562,790.00","-","United States","-","CAD","-","USD"
"SFM","SPROUTS FARMERS MARKET INC","Consumer Staples","Equity","619,883.44","0.01","619,883.44","122,798.00","-","United States","NASDAQ","CAD","-","USD"
"UBSI","UNITED BANKSHARES","Financials","Equity","616,404.85","0.01","616,404.85","180,736.00","-","United States","NASDAQ","CAD","-","USD"
"MSA","MSA SAFETY INC","Industrials","Equity","615,709.14","0.01","615,709.14","47,554.00","-","United States","New York Stock Exchange Inc.","CAD","-","USD"
"PLXS","PLEXUS CORP","Information Technology","Equity","612,926.27","0.01","612,926.27","34,424.00","-","United States","NASDAQ","CAD","-","USD"
"SNAP","SNAP INC CLASS A","Communication","Equity","611,534.84","0.01","611,534.84","1,493,399.00","-","United States","New York Stock Exchange Inc.","CAD","-","USD"
"EPAM","EPAM SYSTEMS","Information Technology","Equity","610,839.12","0.01","610,839.12","71,991.00","-","United States","New York Stock Exchange Inc.","CAD","-","USD"
"HWC","HANCOCK WHITNEY","Financials","Equity","610,143.41","0.01","610,143.41","112,618.00","-","United States","NASDAQ","CAD","-","USD"
"LW","LAMB WESTON HOLDINGS","Consumer Staples","Equity","607,360.54","0.01","607,360.54","180,334.00","-","United States","New York Stock Exchange Inc.","CAD","-","USD"
"GATX","GATX","Industrials","Equity","605,273.39","0.01","605,273.39","46,325.00","-","United States","New York Stock Exchange Inc.","CAD","-","USD"
"TPG","TPG INC CLASS A","Financials","Equity","605,273.39","0.01","605,273.39","180,565.00","-","United States","NASDAQ","CAD","-","USD"
"MAC","MACERICH REIT","Real Estate","Equity","603,881.96","0.01","603,881.96","369,312.00","-","United States","New York Stock Exchange Inc.","CAD","-","USD"
"RYTM","RHYTHM PHARMACEUTICALS","Health Care","Equity","603,186.24","0.01","603,186.24","83,996.00","-","United States","NASDAQ","CAD","-","USD"
"VLY","VALLEY NATIONAL","Financials","Equity","603,186.24","0.01","603,186.24","608,620.00","-","United States","NASDAQ","CAD","-","USD"
"ST","SENSATA TECHNOLOGIES HOLDING PLC","Industrials","Equity","602,490.52","0.01","602,490.52","196,718.00","-","United States","New York Stock Exchange Inc.","CAD","-","USD"
"H","HYATT HOTELS CORP CLASS A","Consumer Discretionary","Equity","601,099.09","0.01","601,099.09","53,539.00","-","United States","New York Stock Exchange Inc.","CAD","-","USD"
"PBF","PBF ENERGY CLASS A","Energy","Equity","601,099.09","0.01","601,099.09","107,455.00","-","United States","New York Stock Exchange Inc.","CAD","-","USD"
"BLDR","BUILDERS FIRSTSOURCE INC","Industrials","Equity","599,707.66","0.01","599,707.66","143,390.00","-","United States","New York Stock Exchange Inc.","CAD","-","USD"
"PCTY","PAYLOCITY HOLDING CORP","Industrials","Equity","599,707.66","0.01","599,707.66","56,603.00","-","United States","NASDAQ","CAD","-","USD"
"QLYS","QUALYS","Information Technology","Equity","595,533.36","0.01","595,533.36","46,141.00","-","United States","NASDAQ","CAD","-","USD"
"ANF","ABERCROMBIE AND FITCH CLASS A","Consumer Discretionary","Equity","594,141.93","0.01","594,141.93","59,151.00","-","United States","New York Stock Exchange Inc.","CAD","-","USD"
"MXL","MAXLINEAR","Information Technology","Equity","594,141.93","0.01","594,141.93","109,264.00","-","United States","NASDAQ","CAD","-","USD"
"INGR","INGREDION INC","Consumer Staples","Equity","592,750.49","0.01","592,750.49","82,567.00","-","United States","New York Stock Exchange Inc.","CAD","-","USD"
"CROX","CROCS","Consumer Discretionary","Equity","592,054.78","0.01","592,054.78","66,427.00","-","United States","NASDAQ","CAD","-","USD"
"AOS","A O SMITH","Industrials","Equity","592,054.78","0.01","592,054.78","143,433.00","-","United States","New York Stock Exchange Inc.","CAD","-","USD"
"TXNM","TXNM ENERGY INC","Utilities","Equity","591,359.06","0.01","591,359.06","139,175.00","-","United States","New York Stock Exchange Inc.","CAD","-","USD"
"LUMN","LUMEN TECHNOLOGIES","Communication","Equity","587,880.48","0.01","587,880.48","1,251,823.00","-","United States","New York Stock Exchange Inc.","CAD","-","USD"
"PCOR","PROCORE TECHNOLOGIES INC","Information Technology","Equity","587,184.76","0.01","587,184.76","156,602.00","-","United States","New York Stock Exchange Inc.","CAD","-","USD"
"TVTX","TRAVERE THERAPEUTICS","Health Care","Equity","583,010.46","0.01","583,010.46","124,164.00","-","United States","NASDAQ","CAD","-","USD"
"ZETA","ZETA GLOBAL HOLDINGS CLASS A","Information Technology","Equity","583,010.46","0.01","583,010.46","264,946.00","-","United States","New York Stock Exchange Inc.","CAD","-","USD"
"VSXY","VICTORIA S SECRET","Consumer Discretionary","Equity","581,619.03","0.01","581,619.03","103,540.00","-","United States","New York Stock Exchange Inc.","CAD","-","USD"
"ERIE","ERIE INDEMNITY CLASS A","Financials","Equity","580,923.31","0.01","580,923.31","32,776.00","-","United States","NASDAQ","CAD","-","USD"
"LTH","LIFE TIME GROUP HOLDINGS","Consumer Discretionary","Equity","580,227.59","0.01","580,227.59","195,933.00","-","United States","New York Stock Exchange Inc.","CAD","-","USD"
"CVLT","COMMVAULT SYSTEMS","Information Technology","Equity","578,836.16","0.01","578,836.16","53,658.00","-","United States","NASDAQ","CAD","-","USD"
"TTD","TRADE DESK INC CLASS A","Communication","Equity","578,836.16","0.01","578,836.16","559,951.00","-","United States","NASDAQ","CAD","-","USD"
"ESNT","ESSENT GROUP","Financials","Equity","578,836.16","0.01","578,836.16","118,276.00","-","United States","New York Stock Exchange Inc.","CAD","-","USD"
"LKQ","LKQ CORP","Consumer Discretionary","Equity","578,140.45","0.01","578,140.45","334,668.00","-","United States","NASDAQ","CAD","-","USD"
"CRUS","CIRRUS LOGIC","Information Technology","Equity","577,444.73","0.01","577,444.73","66,213.00","-","United States","NASDAQ","CAD","-","USD"
"MGY","MAGNOLIA OIL GAS CORP CLASS A","Energy","Equity","576,749.01","0.01","576,749.01","309,822.00","-","United States","New York Stock Exchange Inc.","CAD","-","USD"
"CZR","CAESARS ENTERTAINMENT INC","Consumer Discretionary","Equity","575,357.58","0.01","575,357.58","267,343.00","-","United States","NASDAQ","CAD","-","USD"
"HOMB","HOME BANCSHARES INC","Financials","Equity","574,661.86","0.01","574,661.86","266,466.00","-","United States","New York Stock Exchange Inc.","CAD","-","USD"
"MBGL","MOBILITY GLOBAL INC","Industrials","Equity","572,574.71","0.01","572,574.71","393,746.00","-","United States","New York Stock Exchange Inc.","CAD","-","USD"
"HRL","HORMEL FOODS CORP","Consumer Staples","Equity","571,879.00","0.01","571,879.00","380,104.00","-","United States","New York Stock Exchange Inc.","CAD","-","USD"
"LGND","LIGAND PHARMACEUTICALS","Health Care","Equity","568,400.41","0.01","568,400.41","27,527.00","-","United States","NASDAQ","CAD","-","USD"
"DUOL","DUOLINGO CLASS A","Consumer Discretionary","Equity","565,617.55","0.01","565,617.55","53,059.00","-","United States","NASDAQ","CAD","-","USD"
"LSTR","LANDSTAR SYSTEM","Industrials","Equity","564,921.83","0.01","564,921.83","45,548.00","-","United States","NASDAQ","CAD","-","USD"
"CGON","CG ONCOLOGY","Health Care","Equity","562,138.96","0.01","562,138.96","102,524.00","-","United States","NASDAQ","CAD","-","USD"
"RIG","TRANSOCEAN","Energy","Equity","562,138.96","0.01","562,138.96","1,369,365.00","-","United States","New York Stock Exchange Inc.","CAD","-","USD"
"ORA","ORMAT TECH INC","Utilities","Equity","561,443.25","0.01","561,443.25","79,492.00","-","United States","New York Stock Exchange Inc.","CAD","-","USD"
"HIMS","HIMS HERS HEALTH CLASS A","Health Care","Equity","560,747.53","0.01","560,747.53","277,494.00","-","United States","New York Stock Exchange Inc.","CAD","-","USD"
"NPO","ENPRO","Industrials","Equity","560,051.82","0.01","560,051.82","26,934.00","-","United States","New York Stock Exchange Inc.","CAD","-","USD"
"LEA","LEAR","Consumer Discretionary","Equity","559,356.10","0.01","559,356.10","62,913.00","-","United States","New York Stock Exchange Inc.","CAD","-","USD"
"LYFT","LYFT CLASS A","Industrials","Equity","557,964.67","0.01","557,964.67","496,414.00","-","United States","NASDAQ","CAD","-","USD"
"PATH","UIPATH INC CLASS A","Information Technology","Equity","557,964.67","0.01","557,964.67","559,058.00","-","United States","New York Stock Exchange Inc.","CAD","-","USD"
"GBCI","GLACIER BANCORP INC","Financials","Equity","555,181.80","0.01","555,181.80","171,226.00","-","United States","New York Stock Exchange Inc.","CAD","-","USD"
"M","MACYS INC","Consumer Discretionary","Equity","555,181.80","0.01","555,181.80","353,910.00","-","United States","New York Stock Exchange Inc.","CAD","-","USD"
"DVA","DAVITA INC","Health Care","Equity","553,094.65","0.01","553,094.65","41,656.00","-","United States","New York Stock Exchange Inc.","CAD","-","USD"
"WFRD","WEATHERFORD INTERNATIONAL PLC","Energy","Equity","550,311.78","0.01","550,311.78","92,545.00","-","United States","NASDAQ","CAD","-","USD"
"COGT","COGENT BIOSCIENCES","Health Care","Equity","548,920.35","0.01","548,920.35","228,208.00","-","United States","NASDAQ","CAD","-","USD"
"RLI","RLI CORP","Financials","Equity","548,224.63","0.01","548,224.63","125,132.00","-","United States","New York Stock Exchange Inc.","CAD","-","USD"
"ECG","EVERUS CONSTRUCTION GROUP","Industrials","Equity","547,528.92","0.01","547,528.92","66,670.00","-","United States","New York Stock Exchange Inc.","CAD","-","USD"
"SWX","SOUTHWEST GAS HOLDINGS","Utilities","Equity","545,441.77","0.01","545,441.77","87,014.00","-","United States","New York Stock Exchange Inc.","CAD","-","USD"
"VRNS","VARONIS SYSTEMS","Information Technology","Equity","544,050.33","0.01","544,050.33","156,873.00","-","United States","NASDAQ","CAD","-","USD"
"NE","NOBLE CORPORATION PLC","Energy","Equity","543,354.62","0.01","543,354.62","169,607.00","-","United States","New York Stock Exchange Inc.","CAD","-","USD"
"PTCT","PTC THERAPEUTICS","Health Care","Equity","538,484.60","0.01","538,484.60","109,291.00","-","United States","NASDAQ","CAD","-","USD"
"JBTM","JBT MAREL","Industrials","Equity","537,788.89","0.01","537,788.89","67,223.00","-","United States","New York Stock Exchange Inc.","CAD","-","USD"
"KGS","KODIAK GAS SERVICES INC","Energy","Equity","537,788.89","0.01","537,788.89","127,300.00","-","United States","New York Stock Exchange Inc.","CAD","-","USD"
"EXLS","EXLSERVICE HOLDINGS","Industrials","Equity","536,397.45","0.01","536,397.45","208,570.00","-","United States","NASDAQ","CAD","-","USD"
"TFX","TELEFLEX","Health Care","Equity","536,397.45","0.01","536,397.45","58,911.00","-","United States","New York Stock Exchange Inc.","CAD","-","USD"
"RYN","RAYONIER REIT","Real Estate","Equity","535,006.02","0.01","535,006.02","369,140.00","-","United States","New York Stock Exchange Inc.","CAD","-","USD"
"UHAL B","U HAUL NON VOTING SERIES N","Industrials","Equity","534,310.30","0.01","534,310.30","130,549.00","-","United States","New York Stock Exchange Inc.","CAD","-","USD"
"STWD","STARWOOD PROPERTY TRUST REIT INC","Financials","Equity","534,310.30","0.01","534,310.30","489,058.00","-","United States","New York Stock Exchange Inc.","CAD","-","USD"
"CRSP","CRISPR THERAPEUTICS AG","Health Care","Equity","534,310.30","0.01","534,310.30","128,588.00","-","United States","NASDAQ","CAD","-","USD"
"ASB","ASSOCIATED BANCORP","Financials","Equity","532,918.87","0.01","532,918.87","246,180.00","-","United States","New York Stock Exchange Inc.","CAD","-","USD"
"FTDR","FRONTDOOR INC","Consumer Discretionary","Equity","532,223.15","0.01","532,223.15","92,356.00","-","United States","NASDAQ","CAD","-","USD"
"NJR","NEW JERSEY RESOURCES CORP","Utilities","Equity","531,527.44","0.01","531,527.44","137,151.00","-","United States","New York Stock Exchange Inc.","CAD","-","USD"
"HRB","H&R BLOCK INC","Consumer Discretionary","Equity","530,136.00","0.01","530,136.00","163,138.00","-","United States","New York Stock Exchange Inc.","CAD","-","USD"
"EXP","EAGLE MATERIALS INC","Materials","Equity","530,136.00","0.01","530,136.00","41,158.00","-","United States","New York Stock Exchange Inc.","CAD","-","USD"
"POOL","POOL","Consumer Discretionary","Equity","530,136.00","0.01","530,136.00","43,632.00","-","United States","NASDAQ","CAD","-","USD"
"SAIC","SCIENCE APPLICATIONS INTERNATIONAL","Industrials","Equity","530,136.00","0.01","530,136.00","54,733.00","-","United States","NASDAQ","CAD","-","USD"
"RNG","RINGCENTRAL INC CLASS A","Information Technology","Equity","529,440.29","0.01","529,440.29","97,687.00","-","United States","New York Stock Exchange Inc.","CAD","-","USD"
"MKTX","MARKETAXESS HOLDINGS","Financials","Equity","528,744.57","0.01","528,744.57","44,668.00","-","United States","NASDAQ","CAD","-","USD"
"RDNT","RADNET","Health Care","Equity","528,744.57","0.01","528,744.57","93,784.00","-","United States","NASDAQ","CAD","-","USD"
"ACIW","ACI WORLDWIDE","Information Technology","Equity","526,657.42","0.01","526,657.42","141,935.00","-","United States","NASDAQ","CAD","-","USD"
"BCPC","BALCHEM","Materials","Equity","525,961.70","0.01","525,961.70","43,776.00","-","United States","NASDAQ","CAD","-","USD"
"CNO","CNO FINANCIAL GROUP","Financials","Equity","525,265.99","0.01","525,265.99","130,318.00","-","United States","New York Stock Exchange Inc.","CAD","-","USD"
"G","GENPACT","Industrials","Equity","525,265.99","0.01","525,265.99","207,289.00","-","United States","New York Stock Exchange Inc.","CAD","-","USD"
"CORZ","CORE SCIENTIFIC INC","Information Technology","Equity","524,570.27","0.01","524,570.27","422,074.00","-","United States","NASDAQ","CAD","-","USD"
"ELF","ELF BEAUTY","Consumer Staples","Equity","523,874.55","0.01","523,874.55","77,474.00","-","United States","New York Stock Exchange Inc.","CAD","-","USD"
"OKLO","OKLO CLASS A","Utilities","Equity","523,178.84","0.01","523,178.84","181,927.00","-","United States","New York Stock Exchange Inc.","CAD","-","USD"
"AROC","ARCHROCK","Energy","Equity","522,483.12","0.01","522,483.12","230,799.00","-","United States","New York Stock Exchange Inc.","CAD","-","USD"
"VNO","VORNADO REALTY TRUST REIT","Real Estate","Equity","522,483.12","0.01","522,483.12","207,008.00","-","United States","New York Stock Exchange Inc.","CAD","-","USD"
"EPRT","ESSENTIAL PROPERTIES REALTY TRUST","Real Estate","Equity","521,787.41","0.01","521,787.41","268,642.00","-","United States","New York Stock Exchange Inc.","CAD","-","USD"
"IESC","IES INC","Industrials","Equity","517,613.11","0.01","517,613.11","22,498.00","-","United States","NASDAQ","CAD","-","USD"
"SXT","SENSIENT TECHNOLOGIES","Materials","Equity","514,830.24","0.01","514,830.24","54,944.00","-","United States","New York Stock Exchange Inc.","CAD","-","USD"
"AMKR","AMKOR TECHNOLOGY","Information Technology","Equity","514,134.52","0.01","514,134.52","147,883.00","-","United States","NASDAQ","CAD","-","USD"
"CWST","CASELLA WASTE SYSTEMS CLASS A","Industrials","Equity","514,134.52","0.01","514,134.52","79,939.00","-","United States","NASDAQ","CAD","-","USD"
"GXO","GXO LOGISTICS","Industrials","Equity","514,134.52","0.01","514,134.52","152,168.00","-","United States","New York Stock Exchange Inc.","CAD","-","USD"
"SIRI","SIRIUSXM HOLDINGS","Communication","Equity","514,134.52","0.01","514,134.52","255,736.00","-","United States","NASDAQ","CAD","-","USD"
"VAL","VALARIS LTD","Energy","Equity","514,134.52","0.01","514,134.52","84,414.00","-","United States","New York Stock Exchange Inc.","CAD","-","USD"
"JXN","JACKSON FINANCIAL CLASS A","Financials","Equity","511,351.66","0.01","511,351.66","54,529.00","-","United States","New York Stock Exchange Inc.","CAD","-","USD"
"DBX","DROPBOX INC CLASS A","Information Technology","Equity","509,960.22","0.01","509,960.22","187,082.00","-","United States","NASDAQ","CAD","-","USD"
"AGX","ARGAN","Industrials","Equity","509,264.51","0.01","509,264.51","18,335.00","-","United States","New York Stock Exchange Inc.","CAD","-","USD"
"RGTI","RIGETTI COMPUTING","Information Technology","Equity","509,264.51","0.01","509,264.51","439,384.00","-","United States","NASDAQ","CAD","-","USD"
"AUB","ATLANTIC UNION BANKSHARES","Financials","Equity","507,177.36","0.01","507,177.36","179,478.00","-","United States","New York Stock Exchange Inc.","CAD","-","USD"
"MSM","MSC INDUSTRIAL CLASS A","Industrials","Equity","507,177.36","0.01","507,177.36","57,433.00","-","United States","New York Stock Exchange Inc.","CAD","-","USD"
"SIGI","SELECTIVE INSURANCE GROUP","Financials","Equity","507,177.36","0.01","507,177.36","80,291.00","-","United States","NASDAQ","CAD","-","USD"
"CHDN","CHURCHILL DOWNS","Consumer Discretionary","Equity","505,785.92","0.01","505,785.92","84,894.00","-","United States","NASDAQ","CAD","-","USD"
"LNC","LINCOLN NATIONAL CORP","Financials","Equity","504,394.49","0.01","504,394.49","164,472.00","-","United States","New York Stock Exchange Inc.","CAD","-","USD"
"BKH","BLACK HILLS CORP","Utilities","Equity","502,307.34","0.01","502,307.34","97,205.00","-","United States","New York Stock Exchange Inc.","CAD","-","USD"
"PRMB","PRIMO BRANDS CLASS A CORP","Consumer Staples","Equity","500,220.19","0.01","500,220.19","326,658.00","-","United States","New York Stock Exchange Inc.","CAD","-","USD"
"KRG","KITE REALTY GROUP TRUST REIT","Real Estate","Equity","498,133.04","0.01","498,133.04","270,440.00","-","United States","New York Stock Exchange Inc.","CAD","-","USD"
"MUR","MURPHY OIL CORP","Energy","Equity","497,437.33","0.01","497,437.33","182,054.00","-","United States","New York Stock Exchange Inc.","CAD","-","USD"
"VSNT","VERSANT MEDIA GROUP INC CLASS A","Communication","Equity","493,263.03","0.01","493,263.03","187,300.00","-","United States","NASDAQ","CAD","-","USD"
"MTRN","MATERION","Materials","Equity","491,175.88","0.01","491,175.88","27,058.00","-","United States","New York Stock Exchange Inc.","CAD","-","USD"
"DK","DELEK US HOLDINGS INC","Energy","Equity","489,784.44","0.01","489,784.44","82,813.00","-","United States","New York Stock Exchange Inc.","CAD","-","USD"
"AVAV","AEROVIRONMENT","Industrials","Equity","489,088.73","0.01","489,088.73","41,295.00","-","United States","NASDAQ","CAD","-","USD"
"SHC","SOTERA HEALTH COMPANY","Health Care","Equity","488,393.01","0.01","488,393.01","355,529.00","-","United States","NASDAQ","CAD","-","USD"
"AAON","AAON","Industrials","Equity","487,001.58","0.01","487,001.58","87,922.00","-","United States","NASDAQ","CAD","-","USD"
"ABCB","AMERIS BANCORP","Financials","Equity","486,305.86","0.01","486,305.86","80,769.00","-","United States","New York Stock Exchange Inc.","CAD","-","USD"
"CE","CELANESE CORP","Materials","Equity","486,305.86","0.01","486,305.86","143,312.00","-","United States","New York Stock Exchange Inc.","CAD","-","USD"
"POR","PORTLAND GENERAL ELECTRIC","Utilities","Equity","486,305.86","0.01","486,305.86","139,587.00","-","United States","New York Stock Exchange Inc.","CAD","-","USD"
"CAVA","CAVA GROUP","Consumer Discretionary","Equity","485,610.15","0.01","485,610.15","130,820.00","-","United States","New York Stock Exchange Inc.","CAD","-","USD"
"APPF","APPFOLIO CLASS A","Information Technology","Equity","484,914.43","0.01","484,914.43","30,441.00","-","United States","NASDAQ","CAD","-","USD"
"RITM","RITHM CAPITAL","Financials","Equity","484,218.71","0.01","484,218.71","703,817.00","-","United States","New York Stock Exchange Inc.","CAD","-","USD"
"BROS","DUTCH BROS CLASS A","Consumer Discretionary","Equity","483,523.00","0.01","483,523.00","166,069.00","-","United States","New York Stock Exchange Inc.","CAD","-","USD"
"VCTR","VICTORY CAPITAL HOLDINGS CLASS A","Financials","Equity","483,523.00","0.01","483,523.00","64,034.00","-","United States","NASDAQ","CAD","-","USD"
"CHWY","CHEWY INC CLASS A","Consumer Discretionary","Equity","482,131.56","0.01","482,131.56","318,186.00","-","United States","New York Stock Exchange Inc.","CAD","-","USD"
"MMSI","MERIT MEDICAL SYSTEMS INC","Health Care","Equity","482,131.56","0.01","482,131.56","77,671.00","-","United States","NASDAQ","CAD","-","USD"
"IRDM","IRIDIUM COMMUNICATIONS","Communication","Equity","481,435.85","0.01","481,435.85","139,798.00","-","United States","NASDAQ","CAD","-","USD"
"VICR","VICOR","Industrials","Equity","479,348.70","0.01","479,348.70","30,544.00","-","United States","NASDAQ","CAD","-","USD"
"SRRK","SCHOLAR ROCK HOLDING","Health Care","Equity","478,652.98","0.01","478,652.98","134,722.00","-","United States","NASDAQ","CAD","-","USD"
"CIFR","CIPHER DIGITAL INC","Information Technology","Equity","478,652.98","0.01","478,652.98","389,824.00","-","United States","NASDAQ","CAD","-","USD"
"HAE","HAEMONETICS CORP","Health Care","Equity","477,957.26","0.01","477,957.26","61,303.00","-","United States","New York Stock Exchange Inc.","CAD","-","USD"
"GVA","GRANITE CONSTRUCTION","Industrials","Equity","477,261.55","0.01","477,261.55","57,119.00","-","United States","New York Stock Exchange Inc.","CAD","-","USD"
"LLYVK","LIBERTY LIVE HOLDINGS INC SERIES C","Communication","Equity","477,261.55","0.01","477,261.55","67,345.00","-","United States","NASDAQ","CAD","-","USD"
"CRCL","CIRCLE INTERNET GROUP INC CLASS A","Information Technology","Equity","476,565.83","0.01","476,565.83","77,298.00","-","United States","New York Stock Exchange Inc.","CAD","-","USD"
"POWL","POWELL INDUSTRIES INC","Industrials","Equity","475,870.11","0.01","475,870.11","37,134.00","-","United States","NASDAQ","CAD","-","USD"
"VSEC","VSE CORP","Industrials","Equity","475,870.11","0.01","475,870.11","37,468.00","-","United States","NASDAQ","CAD","-","USD"
"Z","ZILLOW GROUP CLASS C","Real Estate","Equity","475,870.11","0.01","475,870.11","218,013.00","-","United States","NASDAQ","CAD","-","USD"
"OGS","ONE GAS","Utilities","Equity","475,174.40","0.01","475,174.40","85,942.00","-","United States","New York Stock Exchange Inc.","CAD","-","USD"
"FND","FLOOR DECOR HOLDINGS CLASS A","Consumer Discretionary","Equity","474,478.68","0.01","474,478.68","138,113.00","-","United States","New York Stock Exchange Inc.","CAD","-","USD"
"PRM","PERIMETER SOLUTIONS","Materials","Equity","474,478.68","0.01","474,478.68","203,491.00","-","United States","New York Stock Exchange Inc.","CAD","-","USD"
"PL","PLANET LABS CLASS A","Industrials","Equity","473,087.25","0.01","473,087.25","384,104.00","-","United States","New York Stock Exchange Inc.","CAD","-","USD"
"UEC","URANIUM ENERGY","Energy","Equity","473,087.25","0.01","473,087.25","644,819.00","-","United States","Nyse Mkt Llc","CAD","-","USD"
"BOX","BOX INC CLASS A","Information Technology","Equity","472,391.53","0.01","472,391.53","188,079.00","-","United States","New York Stock Exchange Inc.","CAD","-","USD"
"PI","IMPINJ","Information Technology","Equity","472,391.53","0.01","472,391.53","36,245.00","-","United States","NASDAQ","CAD","-","USD"
"SBRA","SABRA HEALTH CARE REIT","Real Estate","Equity","470,304.38","0.01","470,304.38","321,974.00","-","United States","NASDAQ","CAD","-","USD"
"ULS","UL SOLUTIONS INC CLASS A","Industrials","Equity","470,304.38","0.01","470,304.38","100,675.00","-","United States","New York Stock Exchange Inc.","CAD","-","USD"
"MTN","VAIL RESORTS","Consumer Discretionary","Equity","468,912.95","0.01","468,912.95","46,971.00","-","United States","New York Stock Exchange Inc.","CAD","-","USD"
"HASI","HA SUSTAINABLE INFRASTRUCTURE CAPI","Financials","Equity","467,521.52","0.01","467,521.52","173,515.00","-","United States","New York Stock Exchange Inc.","CAD","-","USD"
"SKY","CHAMPION HOMES INC","Consumer Discretionary","Equity","467,521.52","0.01","467,521.52","75,732.00","-","United States","New York Stock Exchange Inc.","CAD","-","USD"
"WH","WYNDHAM HOTELS RESORTS","Consumer Discretionary","Equity","467,521.52","0.01","467,521.52","93,181.00","-","United States","New York Stock Exchange Inc.","CAD","-","USD"
"RDN","RADIAN GROUP","Financials","Equity","466,130.08","0.01","466,130.08","184,640.00","-","United States","New York Stock Exchange Inc.","CAD","-","USD"
"SR","SPIRE INC","Utilities","Equity","466,130.08","0.01","466,130.08","79,991.00","-","United States","New York Stock Exchange Inc.","CAD","-","USD"
"ORKA","ORUKA THERAPEUTICS INC","Health Care","Equity","464,738.65","0.01","464,738.65","65,606.00","-","United States","NASDAQ","CAD","-","USD"
"GNTX","GENTEX","Consumer Discretionary","Equity","464,042.93","0.01","464,042.93","285,176.00","-","United States","NASDAQ","CAD","-","USD"
"PIPR","PIPER SANDLER COMPANIES","Financials","Equity","464,042.93","0.01","464,042.93","88,836.00","-","United States","New York Stock Exchange Inc.","CAD","-","USD"
"SLM","SLM CORP","Financials","Equity","464,042.93","0.01","464,042.93","256,224.00","-","United States","NASDAQ","CAD","-","USD"
"NSIT","INSIGHT ENTERPRISES INC","Information Technology","Equity","463,347.22","0.01","463,347.22","41,358.00","-","United States","NASDAQ","CAD","-","USD"
"HCC","WARRIOR MET COAL INC","Materials","Equity","463,347.22","0.01","463,347.22","69,646.00","-","United States","New York Stock Exchange Inc.","CAD","-","USD"
"WHD","CACTUS CLASS A","Energy","Equity","462,651.50","0.01","462,651.50","94,907.00","-","United States","New York Stock Exchange Inc.","CAD","-","USD"
"OZK","BANK OZK","Financials","Equity","460,564.35","0.01","460,564.35","132,730.00","-","United States","NASDAQ","CAD","-","USD"
"EBC","EASTERN BANKSHARES INC","Financials","Equity","460,564.35","0.01","460,564.35","294,605.00","-","United States","NASDAQ","CAD","-","USD"
"CSW","CSW INDUSTRIALS","Industrials","Equity","459,172.92","0.01","459,172.92","21,958.00","-","United States","New York Stock Exchange Inc.","CAD","-","USD"
"FBIN","FORTUNE BRANDS INNOVATIONS","Industrials","Equity","454,302.90","0.01","454,302.90","157,672.00","-","United States","New York Stock Exchange Inc.","CAD","-","USD"
"NOVT","NOVANTA","Information Technology","Equity","454,302.90","0.01","454,302.90","46,915.00","-","United States","NASDAQ","CAD","-","USD"
"DFTX","DEFINIUM THERAPEUTICS INC","Health Care","Equity","454,302.90","0.01","454,302.90","162,043.00","-","United States","NASDAQ","CAD","-","USD"
"CNR","CORE NATURAL RESOURCES","Energy","Equity","452,911.47","0.01","452,911.47","66,968.00","-","United States","New York Stock Exchange Inc.","CAD","-","USD"
"MIRM","MIRUM PHARMACEUTICALS","Health Care","Equity","450,824.32","0.01","450,824.32","62,919.00","-","United States","NASDAQ","CAD","-","USD"
"ENPH","ENPHASE ENERGY","Information Technology","Equity","450,128.60","0.01","450,128.60","172,435.00","-","United States","NASDAQ","CAD","-","USD"
"BGC","BGC GROUP INC CLASS A","Financials","Equity","448,737.17","0.01","448,737.17","515,945.00","-","United States","NASDAQ","CAD","-","USD"
"CNX","CNX RESOURCES","Energy","Equity","448,737.17","0.01","448,737.17","184,636.00","-","United States","New York Stock Exchange Inc.","CAD","-","USD"
"VNT","VONTIER","Information Technology","Equity","448,737.17","0.01","448,737.17","194,488.00","-","United States","New York Stock Exchange Inc.","CAD","-","USD"
"AX","AXOS FINANCIAL","Financials","Equity","448,041.45","0.01","448,041.45","67,657.00","-","United States","New York Stock Exchange Inc.","CAD","-","USD"
"WTM","WHITE MOUNTAINS INSURANCE GROUP","Financials","Equity","447,345.74","0.01","447,345.74","2,996.00","-","United States","New York Stock Exchange Inc.","CAD","-","USD"
"TCBI","TEXAS CAPITAL BANCSHARES","Financials","Equity","446,650.02","0.01","446,650.02","65,205.00","-","United States","NASDAQ","CAD","-","USD"
"CUZ","COUSINS PROPERTIES REIT INC","Real Estate","Equity","445,258.59","0.01","445,258.59","217,152.00","-","United States","New York Stock Exchange Inc.","CAD","-","USD"
"LQDA","LIQUIDIA","Health Care","Equity","445,258.59","0.01","445,258.59","89,754.00","-","United States","NASDAQ","CAD","-","USD"
"OII","OCEANEERING INTERNATIONAL INC","Energy","Equity","445,258.59","0.01","445,258.59","132,845.00","-","United States","New York Stock Exchange Inc.","CAD","-","USD"
"TREX","TREX","Industrials","Equity","444,562.87","0.01","444,562.87","141,182.00","-","United States","New York Stock Exchange Inc.","CAD","-","USD"
"UFPI","UFP INDUSTRIES","Industrials","Equity","443,867.15","0.01","443,867.15","77,213.00","-","United States","NASDAQ","CAD","-","USD"
"BSY","BENTLEY SYSTEMS INC CLASS B","Information Technology","Equity","443,171.44","0.01","443,171.44","194,579.00","-","United States","NASDAQ","CAD","-","USD"
"OLLI","OLLIES BARGAIN OUTLET HOLDINGS","Consumer Discretionary","Equity","442,475.72","0.01","442,475.72","80,101.00","-","United States","NASDAQ","CAD","-","USD"
"VIRT","VIRTU FINANCIAL INC CLASS A","Financials","Equity","442,475.72","0.01","442,475.72","106,589.00","-","United States","New York Stock Exchange Inc.","CAD","-","USD"
"SON","SONOCO PRODUCTS","Materials","Equity","441,780.00","0.01","441,780.00","124,868.00","-","United States","New York Stock Exchange Inc.","CAD","-","USD"
"BF B","BROWN FORMAN CLASS B","Consumer Staples","Equity","440,388.57","0.01","440,388.57","229,146.00","-","United States","New York Stock Exchange Inc.","CAD","-","USD"
"MARA","MARA HOLDINGS","Information Technology","Equity","440,388.57","0.01","440,388.57","522,007.00","-","United States","NASDAQ","CAD","-","USD"
"MIDD","MIDDLEBY","Industrials","Equity","440,388.57","0.01","440,388.57","54,531.00","-","United States","NASDAQ","CAD","-","USD"
"XMTR","XOMETRY CLASS A","Industrials","Equity","440,388.57","0.01","440,388.57","63,728.00","-","United States","NASDAQ","CAD","-","USD"
"BC","BRUNSWICK CORP","Consumer Discretionary","Equity","438,997.14","0.01","438,997.14","89,348.00","-","United States","New York Stock Exchange Inc.","CAD","-","USD"
"PECO","PHILLIPS EDISON AND COMPANY","Real Estate","Equity","438,997.14","0.01","438,997.14","161,988.00","-","United States","NASDAQ","CAD","-","USD"
"ACI","ALBERTSONS COMPANY CLASS A","Consumer Staples","Equity","438,301.42","0.01","438,301.42","481,098.00","-","United States","New York Stock Exchange Inc.","CAD","-","USD"
"MRCY","MERCURY SYSTEMS INC","Industrials","Equity","438,301.42","0.01","438,301.42","70,135.00","-","United States","NASDAQ","CAD","-","USD"
"GAP","GAP","Consumer Discretionary","Equity","437,605.70","0.01","437,605.70","289,332.00","-","United States","New York Stock Exchange Inc.","CAD","-","USD"
"KBR","KBR INC","Industrials","Equity","436,214.27","0.01","436,214.27","164,075.00","-","United States","New York Stock Exchange Inc.","CAD","-","USD"
"NXST","NEXSTAR MEDIA GROUP INC","Communication","Equity","434,822.84","0.01","434,822.84","36,968.00","-","United States","NASDAQ","CAD","-","USD"
"RYAN","RYAN SPECIALTY HOLDINGS CLASS A","Financials","Equity","434,822.84","0.01","434,822.84","149,716.00","-","United States","New York Stock Exchange Inc.","CAD","-","USD"
"ALK","ALASKA AIR GROUP INC","Industrials","Equity","433,431.40","0.01","433,431.40","149,463.00","-","United States","New York Stock Exchange Inc.","CAD","-","USD"
"MRP","MILLROSE PROPERTIES INC CLASS A","Real Estate","Equity","433,431.40","0.01","433,431.40","207,559.00","-","United States","New York Stock Exchange Inc.","CAD","-","USD"
"IBP","INSTALLED BUILDING PRODUCTS","Consumer Discretionary","Equity","432,735.69","0.01","432,735.69","30,000.00","-","United States","New York Stock Exchange Inc.","CAD","-","USD"
"ITGR","INTEGER HOLDINGS CORP","Health Care","Equity","432,039.97","0.01","432,039.97","47,138.00","-","United States","New York Stock Exchange Inc.","CAD","-","USD"
"EPR","EPR PROPERTIES REIT","Real Estate","Equity","431,344.26","0.01","431,344.26","104,148.00","-","United States","New York Stock Exchange Inc.","CAD","-","USD"
"CVBF","CVB FINANCIAL CORP","Financials","Equity","429,952.82","0.01","429,952.82","260,093.00","-","United States","NASDAQ","CAD","-","USD"
"FFIN","FIRST FINANCIAL BANKSHARES INC","Financials","Equity","429,257.11","0.01","429,257.11","180,167.00","-","United States","NASDAQ","CAD","-","USD"
"LAUR","LAUREATE EDUCATION","Consumer Discretionary","Equity","429,257.11","0.01","429,257.11","164,964.00","-","United States","NASDAQ","CAD","-","USD"
"MORN","MORNINGSTAR","Financials","Equity","429,257.11","0.01","429,257.11","29,205.00","-","United States","NASDAQ","CAD","-","USD"
"CELH","CELSIUS HOLDINGS","Consumer Staples","Equity","428,561.39","0.01","428,561.39","208,510.00","-","United States","NASDAQ","CAD","-","USD"
"ROAD","CONSTRUCTION PARTNERS CLASS A","Industrials","Equity","425,082.81","0.01","425,082.81","61,947.00","-","United States","NASDAQ","CAD","-","USD"
"COLD","AMERICOLD REALTY INC TRUST","Real Estate","Equity","423,691.37","0.01","423,691.37","393,172.00","-","United States","New York Stock Exchange Inc.","CAD","-","USD"
"CON","CONCENTRA GROUP HOLDINGS PARENT IN","Health Care","Equity","423,691.37","0.01","423,691.37","164,551.00","-","United States","New York Stock Exchange Inc.","CAD","-","USD"
"INSW","INTERNATIONAL SEAWAYS","Energy","Equity","423,691.37","0.01","423,691.37","52,850.00","-","United States","New York Stock Exchange Inc.","CAD","-","USD"
"ENVA","ENOVA INTERNATIONAL","Financials","Equity","422,299.94","0.01","422,299.94","32,510.00","-","United States","New York Stock Exchange Inc.","CAD","-","USD"
"PTEN","PATTERSON UTI ENERGY INC","Energy","Equity","420,908.51","0.01","420,908.51","482,839.00","-","United States","NASDAQ","CAD","-","USD"
"LIVN","LIVANOVA PLC","Health Care","Equity","420,908.51","0.01","420,908.51","74,687.00","-","United States","NASDAQ","CAD","-","USD"
"BDC","BELDEN","Information Technology","Equity","418,821.36","0.01","418,821.36","51,613.00","-","United States","New York Stock Exchange Inc.","CAD","-","USD"
"BCO","BRINKS","Industrials","Equity","418,821.36","0.01","418,821.36","54,243.00","-","United States","New York Stock Exchange Inc.","CAD","-","USD"
"INDV","INDIVIOR PHARMACEUTICALS INC","Health Care","Equity","418,125.64","0.01","418,125.64","161,672.00","-","United States","NASDAQ","CAD","-","USD"
"AIR","AAR","Industrials","Equity","417,429.92","0.01","417,429.92","51,338.00","-","United States","New York Stock Exchange Inc.","CAD","-","USD"
"PSMT","PRICESMART","Consumer Staples","Equity","416,038.49","0.01","416,038.49","34,121.00","-","United States","NASDAQ","CAD","-","USD"
"BILL","BILL HOLDINGS","Information Technology","Equity","415,342.77","0.01","415,342.77","120,437.00","-","United States","New York Stock Exchange Inc.","CAD","-","USD"
"VSH","VISHAY INTERTECHNOLOGY INC","Information Technology","Equity","414,647.06","0.01","414,647.06","179,462.00","-","United States","New York Stock Exchange Inc.","CAD","-","USD"
"FHI","FEDERATED HERMES INC CLASS B","Financials","Equity","413,255.63","0.01","413,255.63","101,180.00","-","United States","New York Stock Exchange Inc.","CAD","-","USD"
"GLXY","GALAXY DIGITAL INC CLASS A","Financials","Equity","413,255.63","0.01","413,255.63","255,803.00","-","United States","NASDAQ","CAD","-","USD"
"GSAT","GLOBALSTAR VOTING","Communication","Equity","413,255.63","0.01","413,255.63","69,095.00","-","United States","NASDAQ","CAD","-","USD"
"CVSA","COVISTA","Consumer Discretionary","Equity","412,559.91","0.01","412,559.91","44,984.00","-","United States","New York Stock Exchange Inc.","CAD","-","USD"
"CAKE","CHEESECAKE FACTORY INC","Consumer Discretionary","Equity","411,864.19","0.01","411,864.19","59,216.00","-","United States","NASDAQ","CAD","-","USD"
"HRI","HERC HOLDINGS","Industrials","Equity","411,864.19","0.01","411,864.19","40,952.00","-","United States","New York Stock Exchange Inc.","CAD","-","USD"
"MYRG","MYR GROUP INC","Industrials","Equity","410,472.76","0.01","410,472.76","20,453.00","-","United States","NASDAQ","CAD","-","USD"
"SARO","STANDARDAERO","Industrials","Equity","410,472.76","0.01","410,472.76","251,051.00","-","United States","New York Stock Exchange Inc.","CAD","-","USD"
"CRC","CALIFORNIA RESOURCES","Energy","Equity","409,777.04","0.01","409,777.04","103,877.00","-","United States","New York Stock Exchange Inc.","CAD","-","USD"
"PARR","PAR PACIFIC HOLDINGS","Energy","Equity","409,777.04","0.01","409,777.04","65,348.00","-","United States","New York Stock Exchange Inc.","CAD","-","USD"
"SIG","SIGNET JEWELERS","Consumer Discretionary","Equity","409,777.04","0.01","409,777.04","55,736.00","-","United States","New York Stock Exchange Inc.","CAD","-","USD"
"LOPE","GRAND CANYON EDUCATION INC","Consumer Discretionary","Equity","409,081.33","0.01","409,081.33","37,022.00","-","United States","NASDAQ","CAD","-","USD"
"VFC","VF CORP","Consumer Discretionary","Equity","409,081.33","0.01","409,081.33","436,553.00","-","United States","New York Stock Exchange Inc.","CAD","-","USD"
"AN","AUTONATION","Consumer Discretionary","Equity","407,689.89","0.01","407,689.89","32,185.00","-","United States","New York Stock Exchange Inc.","CAD","-","USD"
"CHEF","CHEFS WAREHOUSE INC","Consumer Staples","Equity","406,994.18","0.01","406,994.18","50,973.00","-","United States","NASDAQ","CAD","-","USD"
"HP","HELMERICH & PAYNE","Energy","Equity","404,907.03","0.01","404,907.03","134,735.00","-","United States","New York Stock Exchange Inc.","CAD","-","USD"
"CBT","CABOT CORP","Materials","Equity","403,515.59","0.01","403,515.59","71,714.00","-","United States","New York Stock Exchange Inc.","CAD","-","USD"
"GEO","GEO GROUP","Industrials","Equity","402,124.16","0.01","402,124.16","172,655.00","-","United States","New York Stock Exchange Inc.","CAD","-","USD"
"LPX","LOUISIANA PACIFIC","Industrials","Equity","402,124.16","0.01","402,124.16","84,240.00","-","United States","New York Stock Exchange Inc.","CAD","-","USD"
"KLIC","KULICKE AND SOFFA INDUSTRIES INC","Information Technology","Equity","401,428.44","0.01","401,428.44","67,642.00","-","United States","NASDAQ","CAD","-","USD"
"DNTH","DIANTHUS THERAPEUTICS INC","Health Care","Equity","400,037.01","0.01","400,037.01","54,539.00","-","United States","NASDAQ","CAD","-","USD"
"NWE","NORTHWESTERN ENERGY GROUP","Utilities","Equity","400,037.01","0.01","400,037.01","79,584.00","-","United States","NASDAQ","CAD","-","USD"
"NVST","ENVISTA HOLDINGS","Health Care","Equity","399,341.29","0.01","399,341.29","232,615.00","-","United States","New York Stock Exchange Inc.","CAD","-","USD"
"ALGM","ALLEGRO MICROSYSTEMS INC","Information Technology","Equity","398,645.58","0.01","398,645.58","166,077.00","-","United States","NASDAQ","CAD","-","USD"
"TENB","TENABLE HOLDINGS","Information Technology","Equity","395,862.71","0.01","395,862.71","151,365.00","-","United States","NASDAQ","CAD","-","USD"
"WSBC","WESBANCO","Financials","Equity","395,166.99","0.01","395,166.99","139,138.00","-","United States","NASDAQ","CAD","-","USD"
"CVCO","CAVCO INDUSTRIES","Consumer Discretionary","Equity","394,471.28","0.01","394,471.28","10,140.00","-","United States","NASDAQ","CAD","-","USD"
"MIR","MIRION TECHNOLOGIES CLASS A","Information Technology","Equity","394,471.28","0.01","394,471.28","335,209.00","-","United States","New York Stock Exchange Inc.","CAD","-","USD"
"CPB","CAMPBELL SOUP","Consumer Staples","Equity","393,775.56","0.01","393,775.56","256,587.00","-","United States","NASDAQ","CAD","-","USD"
"MTH","MERITAGE CORP","Consumer Discretionary","Equity","393,775.56","0.01","393,775.56","84,104.00","-","United States","New York Stock Exchange Inc.","CAD","-","USD"
"DIOD","DIODES","Information Technology","Equity","393,079.85","0.01","393,079.85","59,715.00","-","United States","NASDAQ","CAD","-","USD"
"MDU","MDU RESOURCES GROUP","Utilities","Equity","393,079.85","0.01","393,079.85","289,425.00","-","United States","New York Stock Exchange Inc.","CAD","-","USD"
"OUT","OUTFRONT MEDIA","Real Estate","Equity","393,079.85","0.01","393,079.85","194,528.00","-","United States","New York Stock Exchange Inc.","CAD","-","USD"
"PAG","PENSKE AUTOMOTIVE GROUP VOTING INC","Consumer Discretionary","Equity","393,079.85","0.01","393,079.85","25,268.00","-","United States","New York Stock Exchange Inc.","CAD","-","USD"
"LXP","LXP INDUSTRIAL TRUST","Real Estate","Equity","392,384.13","0.01","392,384.13","88,902.00","-","United States","New York Stock Exchange Inc.","CAD","-","USD"
"FCN","FTI CONSULTING","Industrials","Equity","390,992.70","0.01","390,992.70","38,237.00","-","United States","New York Stock Exchange Inc.","CAD","-","USD"
"KFY","KORN FERRY","Industrials","Equity","389,601.26","0.01","389,601.26","69,703.00","-","United States","New York Stock Exchange Inc.","CAD","-","USD"
"MAT","MATTEL INC","Consumer Discretionary","Equity","388,905.55","0.01","388,905.55","402,727.00","-","United States","NASDAQ","CAD","-","USD"
"AXTI","AXT","Information Technology","Equity","388,209.83","0.01","388,209.83","79,081.00","-","United States","NASDAQ","CAD","-","USD"
"TDW","TIDEWATER","Energy","Equity","388,209.83","0.01","388,209.83","61,021.00","-","United States","New York Stock Exchange Inc.","CAD","-","USD"
"PRIM","PRIMORIS SERVICES","Industrials","Equity","386,122.68","0.01","386,122.68","69,540.00","-","United States","New York Stock Exchange Inc.","CAD","-","USD"
"SFBS","SERVISFIRST BANCSHARES INC","Financials","Equity","386,122.68","0.01","386,122.68","130,120.00","-","United States","New York Stock Exchange Inc.","CAD","-","USD"
"SITE","SITEONE LANDSCAPE SUPPLY INC","Industrials","Equity","386,122.68","0.01","386,122.68","59,783.00","-","United States","New York Stock Exchange Inc.","CAD","-","USD"
"TNL","TRAVEL LEISURE","Consumer Discretionary","Equity","384,731.25","0.01","384,731.25","83,292.00","-","United States","New York Stock Exchange Inc.","CAD","-","USD"
"CATY","CATHAY GENERAL BANCORP","Financials","Equity","384,035.53","0.01","384,035.53","85,384.00","-","United States","NASDAQ","CAD","-","USD"
"ITRI","ITRON","Information Technology","Equity","383,339.81","0.01","383,339.81","57,877.00","-","United States","NASDAQ","CAD","-","USD"
"RUSHA","RUSH ENTERPRISES CLASS A","Industrials","Equity","383,339.81","0.01","383,339.81","106,470.00","-","United States","NASDAQ","CAD","-","USD"
"URBN","URBAN OUTFITTERS","Consumer Discretionary","Equity","383,339.81","0.01","383,339.81","69,725.00","-","United States","NASDAQ","CAD","-","USD"
"WMG","WARNER MUSIC GROUP CLASS A","Communication","Equity","381,948.38","0.01","381,948.38","188,541.00","-","United States","NASDAQ","CAD","-","USD"
"LAZ","LAZARD","Financials","Equity","380,556.95","0.01","380,556.95","145,663.00","-","United States","New York Stock Exchange Inc.","CAD","-","USD"
"PLNT","PLANET FITNESS INC CLASS A","Consumer Discretionary","Equity","380,556.95","0.01","380,556.95","105,243.00","-","United States","New York Stock Exchange Inc.","CAD","-","USD"
"INDB","INDEPENDENT BANK CORP","Financials","Equity","375,686.93","0.01","375,686.93","62,901.00","-","United States","NASDAQ","CAD","-","USD"
"MHO","M I HOMES INC","Consumer Discretionary","Equity","375,686.93","0.01","375,686.93","36,713.00","-","United States","New York Stock Exchange Inc.","CAD","-","USD"
"SBCF","SEACOAST BANKING OF FLORIDA","Financials","Equity","374,991.22","0.01","374,991.22","153,838.00","-","United States","NASDAQ","CAD","-","USD"
"BYD","BOYD GAMING","Consumer Discretionary","Equity","374,295.50","0.01","374,295.50","69,576.00","-","United States","New York Stock Exchange Inc.","CAD","-","USD"
"SKT","TANGER","Real Estate","Equity","374,295.50","0.01","374,295.50","144,366.00","-","United States","New York Stock Exchange Inc.","CAD","-","USD"
"ERAS","ERASCA","Health Care","Equity","372,904.07","0.01","372,904.07","335,098.00","-","United States","NASDAQ","CAD","-","USD"
"SPHR","SPHERE ENTERTAINMENT CLASS A","Communication","Equity","372,208.35","0.01","372,208.35","35,407.00","-","United States","New York Stock Exchange Inc.","CAD","-","USD"
"FELE","FRANKLIN ELECTRIC","Industrials","Equity","371,512.63","0.01","371,512.63","53,250.00","-","United States","NASDAQ","CAD","-","USD"
"IOVA","IOVANCE BIOTHERAPEUTICS INC","Health Care","Equity","371,512.63","0.01","371,512.63","511,294.00","-","United States","NASDAQ","CAD","-","USD"
"DAVE","DAVE CLASS A","Financials","Equity","370,121.20","0.01","370,121.20","14,329.00","-","United States","NASDAQ","CAD","-","USD"
"CDP","COPT DEFENSE PROPERTIES","Real Estate","Equity","368,729.77","0.01","368,729.77","147,141.00","-","United States","New York Stock Exchange Inc.","CAD","-","USD"
"OPCH","OPTION CARE HEALTH INC","Health Care","Equity","368,729.77","0.01","368,729.77","207,550.00","-","United States","NASDAQ","CAD","-","USD"
"UNF","UNIFIRST","Industrials","Equity","368,034.05","0.01","368,034.05","19,446.00","-","United States","New York Stock Exchange Inc.","CAD","-","USD"
"FULT","FULTON FINANCIAL","Financials","Equity","367,338.33","0.01","367,338.33","216,515.00","-","United States","NASDAQ","CAD","-","USD"
"IBOC","INTERNATIONAL BANCSHARES CORP","Financials","Equity","367,338.33","0.01","367,338.33","71,833.00","-","United States","NASDAQ","CAD","-","USD"
"SKYW","SKYWEST","Industrials","Equity","367,338.33","0.01","367,338.33","52,957.00","-","United States","NASDAQ","CAD","-","USD"
"ACMR","ACM RESEARCH CLASS A","Information Technology","Equity","365,946.90","0.01","365,946.90","74,552.00","-","United States","NASDAQ","CAD","-","USD"
"AWR","AMERICAN STATES WATER","Utilities","Equity","364,555.47","0.01","364,555.47","58,015.00","-","United States","New York Stock Exchange Inc.","CAD","-","USD"
"AVNT","AVIENT CORP","Materials","Equity","364,555.47","0.01","364,555.47","124,014.00","-","United States","New York Stock Exchange Inc.","CAD","-","USD"
"GFF","GRIFFON","Industrials","Equity","363,859.75","0.01","363,859.75","53,979.00","-","United States","New York Stock Exchange Inc.","CAD","-","USD"
"FIBK","FIRST INTERSTATE BANCSYSTEM","Financials","Equity","363,164.03","0.01","363,164.03","134,690.00","-","United States","NASDAQ","CAD","-","USD"
"AZZ","AZZ INC","Industrials","Equity","361,772.60","0.01","361,772.60","37,318.00","-","United States","New York Stock Exchange Inc.","CAD","-","USD"
"APLE","APPLE HOSPITALITY REIT INC","Real Estate","Equity","361,772.60","0.01","361,772.60","320,180.00","-","United States","New York Stock Exchange Inc.","CAD","-","USD"
"RHI","ROBERT HALF","Industrials","Equity","361,772.60","0.01","361,772.60","134,028.00","-","United States","New York Stock Exchange Inc.","CAD","-","USD"
"NWS","NEWS CLASS B","Communication","Equity","361,076.88","0.01","361,076.88","149,201.00","-","United States","NASDAQ","CAD","-","USD"
"WK","WORKIVA CLASS A","Information Technology","Equity","361,076.88","0.01","361,076.88","68,088.00","-","United States","New York Stock Exchange Inc.","CAD","-","USD"
"EWTX","EDGEWISE THERAPEUTICS","Health Care","Equity","360,381.17","0.01","360,381.17","105,881.00","-","United States","NASDAQ","CAD","-","USD"
"MGNI","MAGNITE","Communication","Equity","360,381.17","0.01","360,381.17","193,821.00","-","United States","NASDAQ","CAD","-","USD"
"JOBY","JOBY AVIATION CLASS A","Industrials","Equity","360,381.17","0.01","360,381.17","803,536.00","-","United States","New York Stock Exchange Inc.","CAD","-","USD"
"ACHR","ARCHER AVIATION CLASS A","Industrials","Equity","360,381.17","0.01","360,381.17","920,440.00","-","United States","New York Stock Exchange Inc.","CAD","-","USD"
"FLG","FLAGSTAR BANK NATIONAL ASSOCIATION","Financials","Equity","359,685.45","0.01","359,685.45","392,192.00","-","United States","New York Stock Exchange Inc.","CAD","-","USD"
"SLG","SL GREEN REALTY REIT CORP","Real Estate","Equity","359,685.45","0.01","359,685.45","94,730.00","-","United States","New York Stock Exchange Inc.","CAD","-","USD"
"ATMU","ATMUS FILTRATION TECHNOLOGIES","Industrials","Equity","358,294.02","0.01","358,294.02","111,708.00","-","United States","New York Stock Exchange Inc.","CAD","-","USD"
"PJT","PJT PARTNERS CLASS A","Financials","Equity","358,294.02","0.01","358,294.02","32,667.00","-","United States","New York Stock Exchange Inc.","CAD","-","USD"
"SEI","SOLARIS ENERGY INFRASTRUCTURE INC","Energy","Equity","358,294.02","0.01","358,294.02","71,380.00","-","United States","New York Stock Exchange Inc.","CAD","-","USD"
"TPC","TUTOR PERINI","Industrials","Equity","357,598.30","0.01","357,598.30","57,528.00","-","United States","New York Stock Exchange Inc.","CAD","-","USD"
"CCC","CCC INTELLIGENT SOLUTIONS HOLDINGS","Information Technology","Equity","356,902.59","0.01","356,902.59","745,590.00","-","United States","NASDAQ","CAD","-","USD"
"RELY","REMITLY GLOBAL","Financials","Equity","356,902.59","0.01","356,902.59","226,395.00","-","United States","NASDAQ","CAD","-","USD"
"CLMT","CALUMET","Energy","Equity","356,206.87","0.01","356,206.87","83,175.00","-","United States","NASDAQ","CAD","-","USD"
"ESAB","ESAB CORP","Industrials","Equity","356,206.87","0.01","356,206.87","73,654.00","-","United States","New York Stock Exchange Inc.","CAD","-","USD"
"ICUI","ICU MEDICAL","Health Care","Equity","355,511.15","0.01","355,511.15","32,092.00","-","United States","NASDAQ","CAD","-","USD"
"OPLN","OPENLANE","Industrials","Equity","354,815.44","0.01","354,815.44","142,742.00","-","United States","New York Stock Exchange Inc.","CAD","-","USD"
"CECO","CECO ENVIRONMENTAL","Industrials","Equity","354,119.72","0.01","354,119.72","68,997.00","-","United States","NASDAQ","CAD","-","USD"
"ADPT","ADAPTIVE BIOTECHNOLOGIES","Health Care","Equity","353,424.00","0.01","353,424.00","170,810.00","-","United States","NASDAQ","CAD","-","USD"
"ABG","ASBURY AUTOMOTIVE GROUP INC","Consumer Discretionary","Equity","353,424.00","0.01","353,424.00","25,964.00","-","United States","New York Stock Exchange Inc.","CAD","-","USD"
"CWEN","CLEARWAY ENERGY INC CLASS C","Utilities","Equity","352,728.29","0.01","352,728.29","157,309.00","-","United States","New York Stock Exchange Inc.","CAD","-","USD"
"PLMR","PALOMAR HOLDINGS","Financials","Equity","352,728.29","0.01","352,728.29","35,436.00","-","United States","NASDAQ","CAD","-","USD"
"NMIH","NMI HOLDINGS","Financials","Equity","352,032.57","0.01","352,032.57","113,185.00","-","United States","NASDAQ","CAD","-","USD"
"OTTR","OTTER TAIL","Utilities","Equity","352,032.57","0.01","352,032.57","54,787.00","-","United States","NASDAQ","CAD","-","USD"
"SYNA","SYNAPTICS","Information Technology","Equity","352,032.57","0.01","352,032.57","53,298.00","-","United States","NASDAQ","CAD","-","USD"
"BFAM","BRIGHT HORIZONS FAMILY SOLUTIONS","Consumer Discretionary","Equity","350,641.14","0.01","350,641.14","72,024.00","-","United States","New York Stock Exchange Inc.","CAD","-","USD"
"ONDS","ONDAS INC","Information Technology","Equity","350,641.14","0.01","350,641.14","655,018.00","-","United States","NASDAQ","CAD","-","USD"
"IRTC","IRHYTHM HOLDINGS INC","Health Care","Equity","349,249.70","0.01","349,249.70","43,154.00","-","United States","NASDAQ","CAD","-","USD"
"BRC","BRADY NONVOTING CLASS A","Industrials","Equity","347,858.27","0.00","347,858.27","56,294.00","-","United States","New York Stock Exchange Inc.","CAD","-","USD"
"BNL","BROADSTONE NET LEASE","Real Estate","Equity","347,858.27","0.00","347,858.27","249,570.00","-","United States","New York Stock Exchange Inc.","CAD","-","USD"
"THO","THOR INDUSTRIES","Consumer Discretionary","Equity","347,858.27","0.00","347,858.27","69,638.00","-","United States","New York Stock Exchange Inc.","CAD","-","USD"
"RNST","RENASANT CORP","Financials","Equity","347,162.55","0.00","347,162.55","118,236.00","-","United States","New York Stock Exchange Inc.","CAD","-","USD"
"KRC","KILROY REALTY REIT","Real Estate","Equity","346,466.84","0.00","346,466.84","138,990.00","-","United States","New York Stock Exchange Inc.","CAD","-","USD"
"BOOT","BOOT BARN HOLDINGS","Consumer Discretionary","Equity","345,771.12","0.00","345,771.12","38,866.00","-","United States","New York Stock Exchange Inc.","CAD","-","USD"
"DOCS","DOXIMITY CLASS A","Health Care","Equity","345,771.12","0.00","345,771.12","179,613.00","-","United States","New York Stock Exchange Inc.","CAD","-","USD"
"HLNE","HAMILTON LANE CLASS A","Financials","Equity","345,075.40","0.00","345,075.40","53,946.00","-","United States","NASDAQ","CAD","-","USD"
"BMI","BADGER METER","Information Technology","Equity","342,988.25","0.00","342,988.25","37,079.00","-","United States","New York Stock Exchange Inc.","CAD","-","USD"
"BBWI","BATH AND BODY WORKS","Consumer Discretionary","Equity","342,988.25","0.00","342,988.25","275,184.00","-","United States","New York Stock Exchange Inc.","CAD","-","USD"
"YOU","CLEAR SECURE CLASS A","Information Technology","Equity","342,988.25","0.00","342,988.25","118,073.00","-","United States","New York Stock Exchange Inc.","CAD","-","USD"
"WSFS","WSFS FINANCIAL","Financials","Equity","340,901.10","0.00","340,901.10","59,412.00","-","United States","NASDAQ","CAD","-","USD"
"QTWO","Q2 HOLDINGS INC","Information Technology","Equity","339,509.67","0.00","339,509.67","80,851.00","-","United States","New York Stock Exchange Inc.","CAD","-","USD"
"ADT","ADT INC","Consumer Discretionary","Equity","338,813.96","0.00","338,813.96","668,542.00","-","United States","New York Stock Exchange Inc.","CAD","-","USD"
"HIW","HIGHWOODS PROPERTIES REIT","Real Estate","Equity","338,118.24","0.00","338,118.24","151,565.00","-","United States","New York Stock Exchange Inc.","CAD","-","USD"
"VKTX","VIKING THERAPEUTICS","Health Care","Equity","338,118.24","0.00","338,118.24","159,023.00","-","United States","NASDAQ","CAD","-","USD"
"CRGY","CRESCENT ENERGY CLASS A","Energy","Equity","337,422.52","0.00","337,422.52","329,976.00","-","United States","New York Stock Exchange Inc.","CAD","-","USD"
"CXW","CORECIVIC REIT","Industrials","Equity","336,726.81","0.00","336,726.81","130,736.00","-","United States","New York Stock Exchange Inc.","CAD","-","USD"
"AGO","ASSURED GUARANTY LTD","Financials","Equity","336,726.81","0.00","336,726.81","65,349.00","-","United States","New York Stock Exchange Inc.","CAD","-","USD"
"FSLY","FASTLY CLASS A","Information Technology","Equity","336,031.09","0.00","336,031.09","188,529.00","-","United States","NASDAQ","CAD","-","USD"
"OGN","ORGANON","Health Care","Equity","335,335.37","0.00","335,335.37","338,048.00","-","United States","New York Stock Exchange Inc.","CAD","-","USD"
"CLSK","CLEANSPARK","Information Technology","Equity","332,552.51","0.00","332,552.51","343,719.00","-","United States","NASDAQ","CAD","-","USD"
"IDYA","IDEAYA BIOSCIENCES","Health Care","Equity","332,552.51","0.00","332,552.51","118,699.00","-","United States","NASDAQ","CAD","-","USD"
"STEP","STEPSTONE GROUP CLASS A","Financials","Equity","332,552.51","0.00","332,552.51","97,299.00","-","United States","NASDAQ","CAD","-","USD"
"VVV","VALVOLINE","Consumer Discretionary","Equity","332,552.51","0.00","332,552.51","169,537.00","-","United States","New York Stock Exchange Inc.","CAD","-","USD"
"ATKR","ATKORE","Industrials","Equity","331,856.79","0.00","331,856.79","48,502.00","-","United States","New York Stock Exchange Inc.","CAD","-","USD"
"CLDX","CELLDEX THERAPEUTICS","Health Care","Equity","331,856.79","0.00","331,856.79","117,337.00","-","United States","NASDAQ","CAD","-","USD"
"NIC","NICOLET BANKSHARES INC","Financials","Equity","331,856.79","0.00","331,856.79","27,256.00","-","United States","New York Stock Exchange Inc.","CAD","-","USD"
"TDS","TELEPHONE AND DATA SYSTEMS","Communication","Equity","331,856.79","0.00","331,856.79","126,805.00","-","United States","New York Stock Exchange Inc.","CAD","-","USD"
"IRT","INDEPENDENCE REALTY","Real Estate","Equity","331,161.07","0.00","331,161.07","303,799.00","-","United States","New York Stock Exchange Inc.","CAD","-","USD"
"NHC","NATIONAL HEALTHCARE CORP","Health Care","Equity","331,161.07","0.00","331,161.07","20,314.00","-","United States","Nyse Mkt Llc","CAD","-","USD"
"AMRX","AMNEAL PHARMACEUTICALS INC CLASS A","Health Care","Equity","329,769.64","0.00","329,769.64","248,959.00","-","United States","NASDAQ","CAD","-","USD"
"ASH","ASHLAND","Materials","Equity","329,769.64","0.00","329,769.64","65,231.00","-","United States","New York Stock Exchange Inc.","CAD","-","USD"
"PVH","PVH","Consumer Discretionary","Equity","329,769.64","0.00","329,769.64","61,829.00","-","United States","New York Stock Exchange Inc.","CAD","-","USD"
"CACC","CREDIT ACCEPTANCE CORP","Financials","Equity","329,073.92","0.00","329,073.92","7,681.00","-","United States","NASDAQ","CAD","-","USD"
"DAN","DANA INCORPORATED INC","Consumer Discretionary","Equity","329,073.92","0.00","329,073.92","148,743.00","-","United States","New York Stock Exchange Inc.","CAD","-","USD"
"EXPO","EXPONENT","Industrials","Equity","329,073.92","0.00","329,073.92","66,598.00","-","United States","NASDAQ","CAD","-","USD"
"GHC","GRAHAM HOLDINGS COMPANY CLASS B","Consumer Discretionary","Equity","328,378.21","0.00","328,378.21","3,992.00","-","United States","New York Stock Exchange Inc.","CAD","-","USD"
"MWA","MUELLER WATER PRODUCTS SERIES A","Industrials","Equity","328,378.21","0.00","328,378.21","207,346.00","-","United States","New York Stock Exchange Inc.","CAD","-","USD"
"CNK","CINEMARK HOLDINGS INC","Communication","Equity","327,682.49","0.00","327,682.49","130,926.00","-","United States","New York Stock Exchange Inc.","CAD","-","USD"
"RLAY","RELAY THERAPEUTICS","Health Care","Equity","326,291.06","0.00","326,291.06","234,730.00","-","United States","NASDAQ","CAD","-","USD"
"WSC","WILLSCOT HOLDINGS CLASS A","Industrials","Equity","326,291.06","0.00","326,291.06","246,045.00","-","United States","NASDAQ","CAD","-","USD"
"LRN","STRIDE INC","Consumer Discretionary","Equity","325,595.34","0.00","325,595.34","55,435.00","-","United States","New York Stock Exchange Inc.","CAD","-","USD"
"BTU","PEABODY ENERGY CORP","Energy","Equity","324,899.62","0.00","324,899.62","164,595.00","-","United States","New York Stock Exchange Inc.","CAD","-","USD"
"PEGA","PEGASYSTEMS","Information Technology","Equity","323,508.19","0.00","323,508.19","123,601.00","-","United States","NASDAQ","CAD","-","USD"
"NHI","NATIONAL HEALTH INVESTORS REIT","Real Estate","Equity","322,812.47","0.00","322,812.47","64,387.00","-","United States","New York Stock Exchange Inc.","CAD","-","USD"
"RXO","RXO INC","Industrials","Equity","322,116.76","0.00","322,116.76","220,377.00","-","United States","New York Stock Exchange Inc.","CAD","-","USD"
"ACAD","ACADIA PHARMACEUTICALS","Health Care","Equity","321,421.04","0.00","321,421.04","161,639.00","-","United States","NASDAQ","CAD","-","USD"
"DORM","DORMAN PRODUCTS","Consumer Discretionary","Equity","320,725.33","0.00","320,725.33","35,960.00","-","United States","NASDAQ","CAD","-","USD"
"KBH","KB HOME","Consumer Discretionary","Equity","320,725.33","0.00","320,725.33","91,049.00","-","United States","New York Stock Exchange Inc.","CAD","-","USD"
"YETI","YETI HOLDINGS","Consumer Discretionary","Equity","320,725.33","0.00","320,725.33","107,322.00","-","United States","New York Stock Exchange Inc.","CAD","-","USD"
"ASO","ACADEMY SPORTS AND OUTDOORS","Consumer Discretionary","Equity","320,029.61","0.00","320,029.61","88,827.00","-","United States","NASDAQ","CAD","-","USD"
"MGEE","MGE ENERGY","Utilities","Equity","320,029.61","0.00","320,029.61","58,804.00","-","United States","NASDAQ","CAD","-","USD"
"OLED","UNIVERSAL DISPLAY CORP","Information Technology","Equity","320,029.61","0.00","320,029.61","57,081.00","-","United States","NASDAQ","CAD","-","USD"
"DLB","DOLBY LABORATORIES CLASS A","Information Technology","Equity","318,638.18","0.00","318,638.18","76,482.00","-","United States","New York Stock Exchange Inc.","CAD","-","USD"
"IMVT","IMMUNOVANT","Health Care","Equity","318,638.18","0.00","318,638.18","116,656.00","-","United States","NASDAQ","CAD","-","USD"
"GNW","GENWORTH FINANCIAL INC","Financials","Equity","317,246.74","0.00","317,246.74","427,738.00","-","United States","New York Stock Exchange Inc.","CAD","-","USD"
"NBTB","NBT BANCORP","Financials","Equity","317,246.74","0.00","317,246.74","85,044.00","-","United States","NASDAQ","CAD","-","USD"
"SLGN","SILGAN HOLDINGS","Materials","Equity","316,551.03","0.00","316,551.03","114,932.00","-","United States","New York Stock Exchange Inc.","CAD","-","USD"
"NTSK","NETSKOPE CLASS A","Information Technology","Equity","315,855.31","0.00","315,855.31","253,109.00","-","United States","NASDAQ","CAD","-","USD"
"VGNT","VERSIGENT PLC","Consumer Discretionary","Equity","315,855.31","0.00","315,855.31","91,760.00","-","United States","New York Stock Exchange Inc.","CAD","-","USD"
"CELC","CELCUITY","Health Care","Equity","315,159.59","0.00","315,159.59","51,248.00","-","United States","NASDAQ","CAD","-","USD"
"TARS","TARSUS PHARMACEUTICALS","Health Care","Equity","315,159.59","0.00","315,159.59","55,016.00","-","United States","NASDAQ","CAD","-","USD"
"TOWN","TOWNEBANK","Financials","Equity","315,159.59","0.00","315,159.59","117,108.00","-","United States","NASDAQ","CAD","-","USD"
"GTX","GARRETT MOTION","Consumer Discretionary","Equity","314,463.88","0.00","314,463.88","165,261.00","-","United States","NASDAQ","CAD","-","USD"
"ACLS","AXCELIS TECHNOLOGIES","Information Technology","Equity","313,768.16","0.00","313,768.16","41,353.00","-","United States","NASDAQ","CAD","-","USD"
"SXI","STANDEX INTERNATIONAL CORP","Industrials","Equity","313,768.16","0.00","313,768.16","16,776.00","-","United States","New York Stock Exchange Inc.","CAD","-","USD"
"KTB","KONTOOR BRANDS","Consumer Discretionary","Equity","313,072.44","0.00","313,072.44","65,883.00","-","United States","New York Stock Exchange Inc.","CAD","-","USD"
"SFNC","SIMMONS FIRST NATIONAL CLASS A","Financials","Equity","312,376.73","0.00","312,376.73","188,451.00","-","United States","NASDAQ","CAD","-","USD"
"LIF","LIFE360","Information Technology","Equity","311,681.01","0.00","311,681.01","106,737.00","-","United States","NASDAQ","CAD","-","USD"
"CBU","COMMUNITY FINANCIAL SYSTEM INC","Financials","Equity","310,985.29","0.00","310,985.29","68,837.00","-","United States","New York Stock Exchange Inc.","CAD","-","USD"
"FFBC","FIRST FINANCIAL BANCORP","Financials","Equity","310,985.29","0.00","310,985.29","133,597.00","-","United States","NASDAQ","CAD","-","USD"
"PSKY","PARAMOUNT SKYDANCE CORP CLASS B","Communication","Equity","310,985.29","0.00","310,985.29","404,144.00","-","United States","NASDAQ","CAD","-","USD"
"MSGE","MADISON SQUARE GARDEN ENTERTAINMEN","Communication","Equity","309,593.86","0.00","309,593.86","55,324.00","-","United States","New York Stock Exchange Inc.","CAD","-","USD"
"AVA","AVISTA","Utilities","Equity","308,898.14","0.00","308,898.14","115,961.00","-","United States","New York Stock Exchange Inc.","CAD","-","USD"
"VCYT","VERACYTE","Health Care","Equity","308,202.43","0.00","308,202.43","104,903.00","-","United States","NASDAQ","CAD","-","USD"
"BELFB","BEL FUSE CLASS B","Information Technology","Equity","307,506.71","0.00","307,506.71","17,786.00","-","United States","NASDAQ","CAD","-","USD"
"KRMN","KARMAN HOLDINGS INC","Industrials","Equity","307,506.71","0.00","307,506.71","120,374.00","-","United States","New York Stock Exchange Inc.","CAD","-","USD"
"OSIS","OSI SYSTEMS","Information Technology","Equity","307,506.71","0.00","307,506.71","21,155.00","-","United States","NASDAQ","CAD","-","USD"
"HNI","HNI","Industrials","Equity","305,419.56","0.00","305,419.56","90,843.00","-","United States","New York Stock Exchange Inc.","CAD","-","USD"
"NATL","NCR ATLEOS","Financials","Equity","305,419.56","0.00","305,419.56","92,078.00","-","United States","New York Stock Exchange Inc.","CAD","-","USD"
"DNLI","DENALI THERAPEUTICS","Health Care","Equity","304,723.84","0.00","304,723.84","208,871.00","-","United States","NASDAQ","CAD","-","USD"
"POST","POST HOLDINGS","Consumer Staples","Equity","304,723.84","0.00","304,723.84","54,019.00","-","United States","New York Stock Exchange Inc.","CAD","-","USD"
"BFH","BREAD FINANCIAL HOLDINGS","Financials","Equity","304,028.13","0.00","304,028.13","38,718.00","-","United States","New York Stock Exchange Inc.","CAD","-","USD"
"BUSE","FIRST BUSEY","Financials","Equity","304,028.13","0.00","304,028.13","139,150.00","-","United States","NASDAQ","CAD","-","USD"
"KAI","KADANT INC","Industrials","Equity","304,028.13","0.00","304,028.13","15,702.00","-","United States","New York Stock Exchange Inc.","CAD","-","USD"
"BOKF","BOK FINANCIAL CORP","Financials","Equity","303,332.41","0.00","303,332.41","31,467.00","-","United States","NASDAQ","CAD","-","USD"
"DNOW","DNOW","Industrials","Equity","303,332.41","0.00","303,332.41","262,510.00","-","United States","New York Stock Exchange Inc.","CAD","-","USD"
"CALM","CAL MAINE FOODS","Consumer Staples","Equity","301,940.98","0.00","301,940.98","56,184.00","-","United States","NASDAQ","CAD","-","USD"
"FHB","FIRST HAWAIIAN","Financials","Equity","301,940.98","0.00","301,940.98","161,381.00","-","United States","NASDAQ","CAD","-","USD"
"AMTM","AMENTUM HOLDINGS","Industrials","Equity","300,549.55","0.00","300,549.55","205,260.00","-","United States","New York Stock Exchange Inc.","CAD","-","USD"
"TTAN","SERVICETITAN CLASS A","Information Technology","Equity","300,549.55","0.00","300,549.55","76,356.00","-","United States","NASDAQ","CAD","-","USD"
"NEOG","NEOGEN","Health Care","Equity","299,853.83","0.00","299,853.83","322,513.00","-","United States","NASDAQ","CAD","-","USD"
"ABM","ABM INDUSTRIES INC","Industrials","Equity","298,462.40","0.00","298,462.40","83,506.00","-","United States","New York Stock Exchange Inc.","CAD","-","USD"
"PK","PARK HOTELS RESORTS INC","Real Estate","Equity","298,462.40","0.00","298,462.40","273,566.00","-","United States","New York Stock Exchange Inc.","CAD","-","USD"
"SDRL","SEADRILL","Energy","Equity","297,766.68","0.00","297,766.68","85,462.00","-","United States","New York Stock Exchange Inc.","CAD","-","USD"
"CURB","CURBLINE PROPERTIES","Real Estate","Equity","297,070.96","0.00","297,070.96","142,621.00","-","United States","New York Stock Exchange Inc.","CAD","-","USD"
"LMND","LEMONADE INC","Financials","Equity","297,070.96","0.00","297,070.96","84,299.00","-","United States","New York Stock Exchange Inc.","CAD","-","USD"
"MMS","MAXIMUS","Industrials","Equity","297,070.96","0.00","297,070.96","72,105.00","-","United States","New York Stock Exchange Inc.","CAD","-","USD"
"LBRT","LIBERTY ENERGY CLASS A","Energy","Equity","294,983.81","0.00","294,983.81","212,713.00","-","United States","New York Stock Exchange Inc.","CAD","-","USD"
"LFST","LIFESTANCE HEALTH GROUP","Health Care","Equity","294,983.81","0.00","294,983.81","322,989.00","-","United States","NASDAQ","CAD","-","USD"
"PRK","PARK NATIONAL CORP","Financials","Equity","294,288.10","0.00","294,288.10","22,187.00","-","United States","Nyse Mkt Llc","CAD","-","USD"
"ARQT","ARCUTIS BIOTHERAPEUTICS","Health Care","Equity","293,592.38","0.00","293,592.38","153,032.00","-","United States","NASDAQ","CAD","-","USD"
"FRPT","FRESHPET","Consumer Staples","Equity","292,200.95","0.00","292,200.95","65,483.00","-","United States","NASDAQ","CAD","-","USD"
"KNF","KNIFE RIVER CORP","Materials","Equity","292,200.95","0.00","292,200.95","73,907.00","-","United States","New York Stock Exchange Inc.","CAD","-","USD"
"EXTR","EXTREME NETWORKS","Information Technology","Equity","291,505.23","0.00","291,505.23","180,071.00","-","United States","NASDAQ","CAD","-","USD"
"GPI","GROUP AUTOMOTIVE INC","Consumer Discretionary","Equity","291,505.23","0.00","291,505.23","15,773.00","-","United States","New York Stock Exchange Inc.","CAD","-","USD"
"MC","MOELIS CLASS A","Financials","Equity","291,505.23","0.00","291,505.23","67,479.00","-","United States","New York Stock Exchange Inc.","CAD","-","USD"
"WT","WISDOMTREE","Financials","Equity","291,505.23","0.00","291,505.23","180,978.00","-","United States","New York Stock Exchange Inc.","CAD","-","USD"
"PLUG","PLUG POWER","Industrials","Equity","290,809.51","0.00","290,809.51","1,893,346.00","-","United States","NASDAQ","CAD","-","USD"
"SHOO","STEVEN MADDEN","Consumer Discretionary","Equity","290,113.80","0.00","290,113.80","95,806.00","-","United States","NASDAQ","CAD","-","USD"
"SPSC","SPS COMMERCE","Information Technology","Equity","289,418.08","0.00","289,418.08","49,671.00","-","United States","NASDAQ","CAD","-","USD"
"KN","KNOWLES","Information Technology","Equity","286,635.21","0.00","286,635.21","111,509.00","-","United States","New York Stock Exchange Inc.","CAD","-","USD"
"TMDX","TRANSMEDICS GROUP","Health Care","Equity","286,635.21","0.00","286,635.21","45,573.00","-","United States","NASDAQ","CAD","-","USD"
"BHE","BENCHMARK ELECTRONICS INC","Information Technology","Equity","285,939.50","0.00","285,939.50","52,964.00","-","United States","New York Stock Exchange Inc.","CAD","-","USD"
"HNGE","HINGE HEALTH CLASS A","Health Care","Equity","285,939.50","0.00","285,939.50","41,648.00","-","United States","New York Stock Exchange Inc.","CAD","-","USD"
"KD","KYNDRYL HOLDINGS","Information Technology","Equity","285,939.50","0.00","285,939.50","304,680.00","-","United States","New York Stock Exchange Inc.","CAD","-","USD"
"ATRC","ATRICURE","Health Care","Equity","285,243.78","0.00","285,243.78","66,506.00","-","United States","NASDAQ","CAD","-","USD"
"CPK","CHESAPEAKE UTILITIES","Utilities","Equity","285,243.78","0.00","285,243.78","30,107.00","-","United States","New York Stock Exchange Inc.","CAD","-","USD"
"VAC","MARRIOTT VACATIONS WORLDWIDE","Consumer Discretionary","Equity","285,243.78","0.00","285,243.78","37,482.00","-","United States","New York Stock Exchange Inc.","CAD","-","USD"
"UCTT","ULTRA CLEAN HOLDINGS INC","Information Technology","Equity","285,243.78","0.00","285,243.78","58,303.00","-","United States","NASDAQ","CAD","-","USD"
"QURE","UNIQURE","Health Care","Equity","285,243.78","0.00","285,243.78","89,200.00","-","United States","NASDAQ","CAD","-","USD"
"AMLX","AMYLYX PHARMACEUTICALS","Health Care","Equity","284,548.07","0.00","284,548.07","115,683.00","-","United States","NASDAQ","CAD","-","USD"
"WAY","WAYSTAR HOLDING","Health Care","Equity","283,852.35","0.00","283,852.35","147,543.00","-","United States","NASDAQ","CAD","-","USD"
"CDNA","CAREDX","Health Care","Equity","283,156.63","0.00","283,156.63","71,995.00","-","United States","NASDAQ","CAD","-","USD"
"BANC","BANC OF CALIFORNIA","Financials","Equity","282,460.92","0.00","282,460.92","210,631.00","-","United States","New York Stock Exchange Inc.","CAD","-","USD"
"AKR","ACADIA REALTY TRUST REIT","Real Estate","Equity","281,069.48","0.00","281,069.48","200,927.00","-","United States","New York Stock Exchange Inc.","CAD","-","USD"
"ARCB","ARCBEST","Industrials","Equity","281,069.48","0.00","281,069.48","30,069.00","-","United States","NASDAQ","CAD","-","USD"
"DGII","DIGI INTERNATIONAL","Information Technology","Equity","279,678.05","0.00","279,678.05","53,055.00","-","United States","NASDAQ","CAD","-","USD"
"NOG","NORTHERN OIL AND GAS","Energy","Equity","279,678.05","0.00","279,678.05","153,263.00","-","United States","New York Stock Exchange Inc.","CAD","-","USD"
"SMMT","SUMMIT THERAPEUTICS","Health Care","Equity","279,678.05","0.00","279,678.05","217,804.00","-","United States","NASDAQ","CAD","-","USD"
"BHF","BRIGHTHOUSE FINANCIAL","Financials","Equity","278,982.33","0.00","278,982.33","77,809.00","-","United States","NASDAQ","CAD","-","USD"
"GPK","GRAPHIC PACKAGING HOLDING","Materials","Equity","278,982.33","0.00","278,982.33","391,268.00","-","United States","New York Stock Exchange Inc.","CAD","-","USD"
"PII","POLARIS INC","Consumer Discretionary","Equity","278,982.33","0.00","278,982.33","69,165.00","-","United States","New York Stock Exchange Inc.","CAD","-","USD"
"BKU","BANKUNITED","Financials","Equity","276,199.47","0.00","276,199.47","85,211.00","-","United States","New York Stock Exchange Inc.","CAD","-","USD"
"PFS","PROVIDENT FINANCIAL SERVICES INC","Financials","Equity","276,199.47","0.00","276,199.47","164,758.00","-","United States","New York Stock Exchange Inc.","CAD","-","USD"
"UNFI","UNITED NATURAL FOODS INC","Consumer Staples","Equity","276,199.47","0.00","276,199.47","82,194.00","-","United States","New York Stock Exchange Inc.","CAD","-","USD"
"WING","WINGSTOP","Consumer Discretionary","Equity","274,808.03","0.00","274,808.03","36,579.00","-","United States","NASDAQ","CAD","-","USD"
"CWK","CUSHMAN AND WAKEFIELD LTD","Real Estate","Equity","274,808.03","0.00","274,808.03","303,318.00","-","United States","New York Stock Exchange Inc.","CAD","-","USD"
"UE","URBAN EDGE PROPERTIES","Real Estate","Equity","272,720.88","0.00","272,720.88","187,360.00","-","United States","New York Stock Exchange Inc.","CAD","-","USD"
"BCC","BOISE CASCADE","Industrials","Equity","272,025.17","0.00","272,025.17","49,669.00","-","United States","New York Stock Exchange Inc.","CAD","-","USD"
"LGN","LEGENCE CLASS A","Industrials","Equity","272,025.17","0.00","272,025.17","68,619.00","-","United States","NASDAQ","CAD","-","USD"
"HTO","H2O AMERICA","Utilities","Equity","271,329.45","0.00","271,329.45","59,273.00","-","United States","NASDAQ","CAD","-","USD"
"LEU","CENTRUS ENERGY CLASS A","Energy","Equity","269,938.02","0.00","269,938.02","24,837.00","-","United States","New York Stock Exchange Inc.","CAD","-","USD"
"HOG","HARLEY DAVIDSON","Consumer Discretionary","Equity","269,938.02","0.00","269,938.02","140,512.00","-","United States","New York Stock Exchange Inc.","CAD","-","USD"
"DRS","LEONARDO DRS INC","Industrials","Equity","269,938.02","0.00","269,938.02","100,364.00","-","United States","NASDAQ","CAD","-","USD"
"FOUR","SHIFT4 PAYMENTS CLASS A","Financials","Equity","269,938.02","0.00","269,938.02","89,972.00","-","United States","New York Stock Exchange Inc.","CAD","-","USD"
"IBRX","IMMUNITYBIO","Health Care","Equity","268,546.58","0.00","268,546.58","438,022.00","-","United States","NASDAQ","CAD","-","USD"
"AEHR","AEHR TEST SYSTEMS","Information Technology","Equity","267,850.87","0.00","267,850.87","40,823.00","-","United States","NASDAQ","CAD","-","USD"
"CWT","CALIFORNIA WATER SERVICE GROUP","Utilities","Equity","267,850.87","0.00","267,850.87","77,178.00","-","United States","New York Stock Exchange Inc.","CAD","-","USD"
"ADEA","ADEIA","Information Technology","Equity","265,763.72","0.00","265,763.72","147,025.00","-","United States","NASDAQ","CAD","-","USD"
"GRAL","GRAIL INC","Health Care","Equity","265,763.72","0.00","265,763.72","45,845.00","-","United States","NASDAQ","CAD","-","USD"
"MGRC","MCGRATH RENT","Industrials","Equity","265,068.00","0.00","265,068.00","32,747.00","-","United States","NASDAQ","CAD","-","USD"
"KNTK","KINETIK HOLDINGS CLASS A","Energy","Equity","264,372.29","0.00","264,372.29","67,994.00","-","United States","New York Stock Exchange Inc.","CAD","-","USD"
"BKD","BROOKDALE SENIOR LIVING INC","Health Care","Equity","264,372.29","0.00","264,372.29","314,894.00","-","United States","New York Stock Exchange Inc.","CAD","-","USD"
"TDC","TERADATA","Information Technology","Equity","264,372.29","0.00","264,372.29","124,503.00","-","United States","New York Stock Exchange Inc.","CAD","-","USD"
"AMBA","AMBARELLA","Information Technology","Equity","264,372.29","0.00","264,372.29","54,526.00","-","United States","NASDAQ","CAD","-","USD"
"FUL","HB FULLER","Materials","Equity","263,676.57","0.00","263,676.57","72,153.00","-","United States","New York Stock Exchange Inc.","CAD","-","USD"
"AAMI","ACADIAN ASSET MANAGEMENT","Financials","Equity","262,980.85","0.00","262,980.85","40,066.00","-","United States","New York Stock Exchange Inc.","CAD","-","USD"
"DYN","DYNE THERAPEUTICS","Health Care","Equity","261,589.42","0.00","261,589.42","199,931.00","-","United States","NASDAQ","CAD","-","USD"
"FIVN","FIVE9","Information Technology","Equity","261,589.42","0.00","261,589.42","104,672.00","-","United States","NASDAQ","CAD","-","USD"
"SYM","SYMBOTIC INC CLASS A","Industrials","Equity","261,589.42","0.00","261,589.42","80,814.00","-","United States","NASDAQ","CAD","-","USD"
"USAR","USA RARE EARTH CLASS A","Materials","Equity","260,893.70","0.00","260,893.70","230,077.00","-","United States","NASDAQ","CAD","-","USD"
"POWI","POWER INTEGRATIONS","Information Technology","Equity","260,197.99","0.00","260,197.99","73,011.00","-","United States","NASDAQ","CAD","-","USD"
"TNGX","TANGO THERAPEUTICS","Health Care","Equity","258,806.55","0.00","258,806.55","151,816.00","-","United States","NASDAQ","CAD","-","USD"
"CBZ","CBIZ","Industrials","Equity","258,110.84","0.00","258,110.84","65,154.00","-","United States","New York Stock Exchange Inc.","CAD","-","USD"
"DX","DYNEX CAPITAL REIT","Financials","Equity","258,110.84","0.00","258,110.84","289,613.00","-","United States","New York Stock Exchange Inc.","CAD","-","USD"
"EFSC","ENTERPRISE FINANCIAL SERVICES CORP","Financials","Equity","258,110.84","0.00","258,110.84","57,251.00","-","United States","NASDAQ","CAD","-","USD"
"MCY","MERCURY GENERAL","Financials","Equity","258,110.84","0.00","258,110.84","35,457.00","-","United States","New York Stock Exchange Inc.","CAD","-","USD"
"UI","UBIQUITI","Information Technology","Equity","258,110.84","0.00","258,110.84","5,970.00","-","United States","New York Stock Exchange Inc.","CAD","-","USD"
"WDFC","WD-40","Consumer Staples","Equity","258,110.84","0.00","258,110.84","18,703.00","-","United States","NASDAQ","CAD","-","USD"
"ACHC","ACADIA HEALTHCARE COMPANY","Health Care","Equity","256,719.40","0.00","256,719.40","122,830.00","-","United States","NASDAQ","CAD","-","USD"
"BWIN","BALDWIN INSURANCE GROUP CLASS A","Financials","Equity","256,023.69","0.00","256,023.69","110,484.00","-","United States","NASDAQ","CAD","-","USD"
"ALRM","ALARM.COM HOLDINGS","Information Technology","Equity","255,327.97","0.00","255,327.97","65,004.00","-","United States","NASDAQ","CAD","-","USD"
"BRZE","BRAZE CLASS A","Information Technology","Equity","255,327.97","0.00","255,327.97","141,140.00","-","United States","NASDAQ","CAD","-","USD"
"CARG","CARGURUS CLASS A","Communication","Equity","255,327.97","0.00","255,327.97","104,323.00","-","United States","NASDAQ","CAD","-","USD"
"FBNC","FIRST BANCORP","Financials","Equity","255,327.97","0.00","255,327.97","56,091.00","-","United States","NASDAQ","CAD","-","USD"
"SUPN","SUPERNUS PHARMACEUTICALS","Health Care","Equity","254,632.25","0.00","254,632.25","81,766.00","-","United States","NASDAQ","CAD","-","USD"
"VC","VISTEON","Consumer Discretionary","Equity","254,632.25","0.00","254,632.25","35,876.00","-","United States","NASDAQ","CAD","-","USD"
"BOH","BANK OF HAWAII","Financials","Equity","253,936.54","0.00","253,936.54","46,907.00","-","United States","New York Stock Exchange Inc.","CAD","-","USD"
"DBRG","DIGITALBRIDGE GROUP INC CLASS A","Financials","Equity","253,240.82","0.00","253,240.82","219,759.00","-","United States","New York Stock Exchange Inc.","CAD","-","USD"
"IMNM","IMMUNOME","Health Care","Equity","252,545.10","0.00","252,545.10","145,486.00","-","United States","NASDAQ","CAD","-","USD"
"NTCT","NETSCOUT SYSTEMS","Information Technology","Equity","252,545.10","0.00","252,545.10","88,692.00","-","United States","NASDAQ","CAD","-","USD"
"NRIX","NURIX THERAPEUTICS","Health Care","Equity","251,849.39","0.00","251,849.39","136,364.00","-","United States","NASDAQ","CAD","-","USD"
"SKWD","SKYWARD SPECIALTY INSURANCE GROUP","Financials","Equity","251,849.39","0.00","251,849.39","61,306.00","-","United States","NASDAQ","CAD","-","USD"
"PSN","PARSONS CORP","Industrials","Equity","251,153.67","0.00","251,153.67","75,097.00","-","United States","New York Stock Exchange Inc.","CAD","-","USD"
"TRMK","TRUSTMARK","Financials","Equity","251,153.67","0.00","251,153.67","74,136.00","-","United States","NASDAQ","CAD","-","USD"
"PPLI","PEOPLE","Communication","Equity","250,457.95","0.00","250,457.95","93,446.00","-","United States","NASDAQ","CAD","-","USD"
"LION","LIONSGATE STUDIOS","Communication","Equity","250,457.95","0.00","250,457.95","304,647.00","-","United States","New York Stock Exchange Inc.","CAD","-","USD"
"EEFT","EURONET WORLDWIDE INC","Financials","Equity","249,066.52","0.00","249,066.52","50,594.00","-","United States","NASDAQ","CAD","-","USD"
"NEO","NEOGENOMICS","Health Care","Equity","249,066.52","0.00","249,066.52","172,594.00","-","United States","NASDAQ","CAD","-","USD"
"NWL","NEWELL BRANDS INC","Consumer Discretionary","Equity","249,066.52","0.00","249,066.52","611,615.00","-","United States","NASDAQ","CAD","-","USD"
"IRON","DISC MEDICINE","Health Care","Equity","248,370.80","0.00","248,370.80","49,475.00","-","United States","NASDAQ","CAD","-","USD"
"HAYW","HAYWARD HOLDINGS","Industrials","Equity","248,370.80","0.00","248,370.80","265,577.00","-","United States","New York Stock Exchange Inc.","CAD","-","USD"
"NGVT","INGEVITY","Materials","Equity","247,675.09","0.00","247,675.09","50,248.00","-","United States","New York Stock Exchange Inc.","CAD","-","USD"
"PENG","PENGUIN SOLUTIONS INC","Information Technology","Equity","247,675.09","0.00","247,675.09","65,084.00","-","United States","NASDAQ","CAD","-","USD"
"PRVA","PRIVIA HEALTH GROUP INC","Health Care","Equity","247,675.09","0.00","247,675.09","170,236.00","-","United States","NASDAQ","CAD","-","USD"
"VECO","VEECO INSTRUMENTS","Information Technology","Equity","247,675.09","0.00","247,675.09","82,528.00","-","United States","NASDAQ","CAD","-","USD"
"AGYS","AGILYSYS INC","Information Technology","Equity","246,979.37","0.00","246,979.37","33,347.00","-","United States","NASDAQ","CAD","-","USD"
"FRSH","FRESHWORKS CLASS A","Information Technology","Equity","246,979.37","0.00","246,979.37","268,092.00","-","United States","NASDAQ","CAD","-","USD"
"FCPT","FOUR CORNERS PROPERTY INC TRUST","Real Estate","Equity","246,283.66","0.00","246,283.66","149,925.00","-","United States","New York Stock Exchange Inc.","CAD","-","USD"
"MAN","MANPOWER","Industrials","Equity","246,283.66","0.00","246,283.66","58,879.00","-","United States","New York Stock Exchange Inc.","CAD","-","USD"
"REZI","RESIDEO TECHNOLOGIES","Industrials","Equity","245,587.94","0.00","245,587.94","182,702.00","-","United States","New York Stock Exchange Inc.","CAD","-","USD"
"APAM","ARTISAN PARTNERS ASSET MANAGEMENT","Financials","Equity","244,892.22","0.00","244,892.22","92,482.00","-","United States","New York Stock Exchange Inc.","CAD","-","USD"
"ELVN","ENLIVEN THERAPEUTICS","Health Care","Equity","244,196.51","0.00","244,196.51","66,985.00","-","United States","NASDAQ","CAD","-","USD"
"FBP","FIRST BANCORP","Financials","Equity","244,196.51","0.00","244,196.51","122,269.00","-","United States","New York Stock Exchange Inc.","CAD","-","USD"
"BEAM","BEAM THERAPEUTICS","Health Care","Equity","243,500.79","0.00","243,500.79","136,284.00","-","United States","NASDAQ","CAD","-","USD"
"COHU","COHU","Information Technology","Equity","243,500.79","0.00","243,500.79","60,989.00","-","United States","NASDAQ","CAD","-","USD"
"COCO","THE VITA COCO COMPANY","Consumer Staples","Equity","243,500.79","0.00","243,500.79","59,691.00","-","United States","NASDAQ","CAD","-","USD"
"BATRK","ATLANTA BRAVES HOLDINGS SERIES C","Communication","Equity","242,805.07","0.00","242,805.07","66,107.00","-","United States","NASDAQ","CAD","-","USD"
"DRH","DIAMONDROCK HOSPITALITY","Real Estate","Equity","242,805.07","0.00","242,805.07","273,382.00","-","United States","NASDAQ","CAD","-","USD"
"GPOR","GULFPORT ENERGY","Energy","Equity","242,805.07","0.00","242,805.07","20,730.00","-","United States","New York Stock Exchange Inc.","CAD","-","USD"
"TCBK","TRICO BANCSHARES","Financials","Equity","240,717.92","0.00","240,717.92","61,752.00","-","United States","NASDAQ","CAD","-","USD"
"UCB","UNITED COMMUNITY BANKS INC","Financials","Equity","240,717.92","0.00","240,717.92","95,857.00","-","United States","New York Stock Exchange Inc.","CAD","-","USD"
"AXGN","AXOGEN","Health Care","Equity","240,022.21","0.00","240,022.21","73,213.00","-","United States","NASDAQ","CAD","-","USD"
"NKTR","NEKTAR THERAPEUTICS","Health Care","Equity","238,630.77","0.00","238,630.77","48,152.00","-","United States","NASDAQ","CAD","-","USD"
"JOE","ST JOE","Real Estate","Equity","237,935.06","0.00","237,935.06","51,333.00","-","United States","New York Stock Exchange Inc.","CAD","-","USD"
"HWKN","HAWKINS INC","Materials","Equity","236,543.62","0.00","236,543.62","26,871.00","-","United States","NASDAQ","CAD","-","USD"
"RRR","RED ROCK RESORTS ORS CLASS A","Consumer Discretionary","Equity","236,543.62","0.00","236,543.62","61,842.00","-","United States","NASDAQ","CAD","-","USD"
"ZD","ZIFF DAVIS INC","Communication","Equity","235,847.91","0.00","235,847.91","55,017.00","-","United States","NASDAQ","CAD","-","USD"
"AAP","ADVANCE AUTO PARTS INC","Consumer Discretionary","Equity","234,456.47","0.00","234,456.47","77,081.00","-","United States","New York Stock Exchange Inc.","CAD","-","USD"
"SMG","SCOTTS MIRACLE GRO","Materials","Equity","234,456.47","0.00","234,456.47","59,973.00","-","United States","New York Stock Exchange Inc.","CAD","-","USD"
"WTTR","SELECT WATER SOLUTIONS CLASS A","Energy","Equity","234,456.47","0.00","234,456.47","158,881.00","-","United States","New York Stock Exchange Inc.","CAD","-","USD"
"ATRO","ASTRONICS","Industrials","Equity","233,760.76","0.00","233,760.76","49,714.00","-","United States","NASDAQ","CAD","-","USD"
"HURN","HURON CONSULTING GROUP","Industrials","Equity","233,760.76","0.00","233,760.76","20,462.00","-","United States","NASDAQ","CAD","-","USD"
"QS","QUANTUMSCAPE CLASS A","Consumer Discretionary","Equity","233,760.76","0.00","233,760.76","624,132.00","-","United States","NASDAQ","CAD","-","USD"
"FWONA","LIBERTY MEDIA FORMULA ONE SERIES A","Communication","Equity","233,065.04","0.00","233,065.04","37,397.00","-","United States","NASDAQ","CAD","-","USD"
"PBH","PRESTIGE CONSUMER HEALTHCARE","Health Care","Equity","233,065.04","0.00","233,065.04","69,185.00","-","United States","New York Stock Exchange Inc.","CAD","-","USD"
"TALO","TALOS ENERGY","Energy","Equity","232,369.32","0.00","232,369.32","186,986.00","-","United States","New York Stock Exchange Inc.","CAD","-","USD"
"FRME","FIRST MERCHANTS","Financials","Equity","231,673.61","0.00","231,673.61","78,123.00","-","United States","NASDAQ","CAD","-","USD"
"RSI","RUSH STREET INTERACTIVE CLASS A","Consumer Discretionary","Equity","230,977.89","0.00","230,977.89","126,224.00","-","United States","New York Stock Exchange Inc.","CAD","-","USD"
"RCUS","ARCUS BIOSCIENCES","Health Care","Equity","230,282.17","0.00","230,282.17","124,250.00","-","United States","New York Stock Exchange Inc.","CAD","-","USD"
"PLUS","EPLUS","Information Technology","Equity","230,282.17","0.00","230,282.17","34,561.00","-","United States","NASDAQ","CAD","-","USD"
"VERA","VERA THERAPEUTICS CLASS A","Health Care","Equity","230,282.17","0.00","230,282.17","92,828.00","-","United States","NASDAQ","CAD","-","USD"
"WERN","WERNER ENTERPRISES","Industrials","Equity","230,282.17","0.00","230,282.17","88,400.00","-","United States","NASDAQ","CAD","-","USD"
"LPG","DORIAN LPG","Energy","Equity","230,282.17","0.00","230,282.17","54,506.00","-","United States","New York Stock Exchange Inc.","CAD","-","USD"
"DCO","DUCOMMUN","Industrials","Equity","229,586.46","0.00","229,586.46","19,040.00","-","United States","New York Stock Exchange Inc.","CAD","-","USD"
"FBK","FB FINANCIAL","Financials","Equity","229,586.46","0.00","229,586.46","59,192.00","-","United States","New York Stock Exchange Inc.","CAD","-","USD"
"IOSP","INNOSPEC INC","Materials","Equity","228,890.74","0.00","228,890.74","33,860.00","-","United States","NASDAQ","CAD","-","USD"
"NWN","NORTHWEST NATURAL HOLDING COMPANY","Utilities","Equity","228,890.74","0.00","228,890.74","64,838.00","-","United States","New York Stock Exchange Inc.","CAD","-","USD"
"PATK","PATRICK INDUSTRIES","Consumer Discretionary","Equity","228,890.74","0.00","228,890.74","45,217.00","-","United States","NASDAQ","CAD","-","USD"
"SLS","SELLAS LIFE SCIENCES GROUP INC","Health Care","Equity","228,890.74","0.00","228,890.74","273,980.00","-","United States","NASDAQ","CAD","-","USD"
"SHO","SUNSTONE HOTEL INVESTORS REIT INC","Real Estate","Equity","228,890.74","0.00","228,890.74","286,281.00","-","United States","New York Stock Exchange Inc.","CAD","-","USD"
"AEO","AMERICAN EAGLE OUTFITTERS","Consumer Discretionary","Equity","228,195.03","0.00","228,195.03","211,132.00","-","United States","New York Stock Exchange Inc.","CAD","-","USD"
"HLIO","HELIOS TECHNOLOGIES INC","Industrials","Equity","228,195.03","0.00","228,195.03","46,268.00","-","United States","New York Stock Exchange Inc.","CAD","-","USD"
"MTX","MINERALS TECHNOLOGIES","Materials","Equity","228,195.03","0.00","228,195.03","45,854.00","-","United States","New York Stock Exchange Inc.","CAD","-","USD"
"OCFC","OCEANFIRST FINANCIAL","Financials","Equity","227,499.31","0.00","227,499.31","173,123.00","-","United States","NASDAQ","CAD","-","USD"
"KVYO","KLAVIYO SERIES A","Information Technology","Equity","226,803.59","0.00","226,803.59","197,418.00","-","United States","New York Stock Exchange Inc.","CAD","-","USD"
"SOUN","SOUNDHOUND AI CLASS A","Information Technology","Equity","226,803.59","0.00","226,803.59","522,154.00","-","United States","NASDAQ","CAD","-","USD"
"SPB","SPECTRUM BRANDS HOLDINGS","Consumer Staples","Equity","226,803.59","0.00","226,803.59","36,011.00","-","United States","New York Stock Exchange Inc.","CAD","-","USD"
"FCF","FIRST COMMONWEALTH FINANCIAL CORP","Financials","Equity","226,107.88","0.00","226,107.88","147,494.00","-","United States","New York Stock Exchange Inc.","CAD","-","USD"
"RAMP","LIVERAMP HOLDINGS INC","Information Technology","Equity","226,107.88","0.00","226,107.88","82,220.00","-","United States","New York Stock Exchange Inc.","CAD","-","USD"
"MANE","VERADERMICS","Health Care","Equity","226,107.88","0.00","226,107.88","28,726.00","-","United States","New York Stock Exchange Inc.","CAD","-","USD"
"DXPE","DXP ENTERPRISES","Industrials","Equity","225,412.16","0.00","225,412.16","16,861.00","-","United States","NASDAQ","CAD","-","USD"
"ECPG","ENCORE CAPITAL GROUP","Financials","Equity","225,412.16","0.00","225,412.16","31,002.00","-","United States","NASDAQ","CAD","-","USD"
"KMT","KENNAMETAL","Industrials","Equity","225,412.16","0.00","225,412.16","104,323.00","-","United States","New York Stock Exchange Inc.","CAD","-","USD"
"PHIN","PHINIA","Consumer Discretionary","Equity","225,412.16","0.00","225,412.16","50,201.00","-","United States","New York Stock Exchange Inc.","CAD","-","USD"
"WRBY","WARBY PARKER CLASS A","Consumer Discretionary","Equity","225,412.16","0.00","225,412.16","128,572.00","-","United States","New York Stock Exchange Inc.","CAD","-","USD"
"VRDN","VIRIDIAN THERAPEUTICS ORS","Health Care","Equity","224,716.44","0.00","224,716.44","141,232.00","-","United States","NASDAQ","CAD","-","USD"
"KALU","KAISER ALUMINIUM","Materials","Equity","224,020.73","0.00","224,020.73","19,957.00","-","United States","NASDAQ","CAD","-","USD"
"CUBI","CUSTOMERS BANCORP","Financials","Equity","223,325.01","0.00","223,325.01","39,502.00","-","United States","New York Stock Exchange Inc.","CAD","-","USD"
"IVT","INVENTRUST PROPERTIES","Real Estate","Equity","223,325.01","0.00","223,325.01","100,238.00","-","United States","New York Stock Exchange Inc.","CAD","-","USD"
"WLK","WESTLAKE CORP","Materials","Equity","223,325.01","0.00","223,325.01","43,703.00","-","United States","New York Stock Exchange Inc.","CAD","-","USD"
"ANDE","ANDERSONS INC","Consumer Staples","Equity","222,629.29","0.00","222,629.29","42,629.00","-","United States","NASDAQ","CAD","-","USD"
"CXT","CRANE NXT","Information Technology","Equity","221,237.86","0.00","221,237.86","67,408.00","-","United States","New York Stock Exchange Inc.","CAD","-","USD"
"DBD","DIEBOLD NIXDORF INC","Information Technology","Equity","221,237.86","0.00","221,237.86","48,050.00","-","United States","New York Stock Exchange Inc.","CAD","-","USD"
"SYBT","STOCK YARDS BANCORP INC","Financials","Equity","221,237.86","0.00","221,237.86","38,190.00","-","United States","NASDAQ","CAD","-","USD"
"CNOB","CONNECTONE BANCORP","Financials","Equity","220,542.14","0.00","220,542.14","96,279.00","-","United States","NASDAQ","CAD","-","USD"
"KWR","QUAKER HOUGHTON CORP","Materials","Equity","220,542.14","0.00","220,542.14","19,535.00","-","United States","New York Stock Exchange Inc.","CAD","-","USD"
"GOLF","ACUSHNET HOLDINGS CORP","Consumer Discretionary","Equity","219,846.43","0.00","219,846.43","37,226.00","-","United States","New York Stock Exchange Inc.","CAD","-","USD"
"CENX","CENTURY ALUMINUM","Materials","Equity","219,846.43","0.00","219,846.43","74,388.00","-","United States","NASDAQ","CAD","-","USD"
"UPST","UPSTART HOLDINGS","Financials","Equity","219,150.71","0.00","219,150.71","122,007.00","-","United States","NASDAQ","CAD","-","USD"
"BANR","BANNER CORP","Financials","Equity","218,454.99","0.00","218,454.99","42,593.00","-","United States","NASDAQ","CAD","-","USD"
"BBT","BEACON FINANCIAL","Financials","Equity","217,759.28","0.00","217,759.28","97,108.00","-","United States","New York Stock Exchange Inc.","CAD","-","USD"
"HGV","HILTON GRAND VACATIONS","Consumer Discretionary","Equity","217,759.28","0.00","217,759.28","80,791.00","-","United States","New York Stock Exchange Inc.","CAD","-","USD"
"TRN","TRINITY INDUSTRIES INC","Industrials","Equity","217,759.28","0.00","217,759.28","105,747.00","-","United States","New York Stock Exchange Inc.","CAD","-","USD"
"NVTS","NAVITAS SEMICONDUCTOR","Information Technology","Equity","217,759.28","0.00","217,759.28","270,005.00","-","United States","NASDAQ","CAD","-","USD"
"NCNO","NCINO","Information Technology","Equity","217,063.56","0.00","217,063.56","139,898.00","-","United States","NASDAQ","CAD","-","USD"
"LOAR","LOAR HOLDINGS","Industrials","Equity","216,367.84","0.00","216,367.84","46,432.00","-","United States","New York Stock Exchange Inc.","CAD","-","USD"
"PENN","PENN ENTERTAINMENT","Consumer Discretionary","Equity","216,367.84","0.00","216,367.84","170,692.00","-","United States","NASDAQ","CAD","-","USD"
"SHAK","SHAKE SHACK INC CLASS A","Consumer Discretionary","Equity","216,367.84","0.00","216,367.84","53,453.00","-","United States","New York Stock Exchange Inc.","CAD","-","USD"
"PRLB","PROTO LABS","Industrials","Equity","215,672.13","0.00","215,672.13","34,470.00","-","United States","New York Stock Exchange Inc.","CAD","-","USD"
"GPGI","GPGI INC CLASS A","Information Technology","Equity","215,672.13","0.00","215,672.13","240,984.00","-","United States","New York Stock Exchange Inc.","CAD","-","USD"
"MD","PEDIATRIX MEDICAL GROUP INC","Health Care","Equity","214,280.69","0.00","214,280.69","115,931.00","-","United States","New York Stock Exchange Inc.","CAD","-","USD"
"SONO","SONOS","Consumer Discretionary","Equity","214,280.69","0.00","214,280.69","183,776.00","-","United States","NASDAQ","CAD","-","USD"
"BANF","BANCFIRST CORP","Financials","Equity","213,584.98","0.00","213,584.98","27,045.00","-","United States","NASDAQ","CAD","-","USD"
"BCRX","BIOCRYST PHARMACEUTICALS","Health Care","Equity","212,193.54","0.00","212,193.54","336,555.00","-","United States","NASDAQ","CAD","-","USD"
"CALY","CALLAWAY GOLF COMPANY","Consumer Discretionary","Equity","212,193.54","0.00","212,193.54","198,163.00","-","United States","New York Stock Exchange Inc.","CAD","-","USD"
"CRVL","CORVEL","Health Care","Equity","212,193.54","0.00","212,193.54","41,502.00","-","United States","NASDAQ","CAD","-","USD"
"SRPT","SAREPTA THERAPEUTICS","Health Care","Equity","212,193.54","0.00","212,193.54","141,546.00","-","United States","NASDAQ","CAD","-","USD"
"WGS","GENEDX HOLDINGS CLASS A","Health Care","Equity","212,193.54","0.00","212,193.54","27,913.00","-","United States","NASDAQ","CAD","-","USD"
"BXMT","BLACKSTONE MORTGAGE TRUST REIT CLA","Financials","Equity","211,497.83","0.00","211,497.83","216,393.00","-","United States","New York Stock Exchange Inc.","CAD","-","USD"
"FIGS","FIGS CLASS A","Consumer Discretionary","Equity","211,497.83","0.00","211,497.83","223,507.00","-","United States","New York Stock Exchange Inc.","CAD","-","USD"
"PEB","PEBBLEBROOK HOTEL TRUST REIT","Real Estate","Equity","211,497.83","0.00","211,497.83","162,146.00","-","United States","New York Stock Exchange Inc.","CAD","-","USD"
"GRBK","GREEN BRICK PARTNERS","Consumer Discretionary","Equity","210,106.40","0.00","210,106.40","43,344.00","-","United States","New York Stock Exchange Inc.","CAD","-","USD"
"TILE","INTERFACE","Industrials","Equity","210,106.40","0.00","210,106.40","84,182.00","-","United States","NASDAQ","CAD","-","USD"
"ROG","ROGERS","Information Technology","Equity","210,106.40","0.00","210,106.40","22,134.00","-","United States","New York Stock Exchange Inc.","CAD","-","USD"
"LTC","LTC PROPERTIES REIT","Real Estate","Equity","208,714.96","0.00","208,714.96","66,287.00","-","United States","New York Stock Exchange Inc.","CAD","-","USD"
"LLYVA","LIBERTY LIVE HOLDINGS INC SERIES A","Communication","Equity","208,714.96","0.00","208,714.96","30,545.00","-","United States","NASDAQ","CAD","-","USD"
"NWBI","NORTHWEST BANCSHARES INC","Financials","Equity","208,714.96","0.00","208,714.96","187,335.00","-","United States","NASDAQ","CAD","-","USD"
"STC","STEWART INFO SERVICES CORP","Financials","Equity","208,714.96","0.00","208,714.96","44,024.00","-","United States","New York Stock Exchange Inc.","CAD","-","USD"
"SEDG","SOLAREDGE TECHNOLOGIES","Information Technology","Equity","208,714.96","0.00","208,714.96","79,935.00","-","United States","NASDAQ","CAD","-","USD"
"PAY","PAYMENTUS HOLDINGS INC CLASS A","Financials","Equity","208,019.25","0.00","208,019.25","79,333.00","-","United States","New York Stock Exchange Inc.","CAD","-","USD"
"OSW","ONESPAWORLD HOLDINGS LTD","Consumer Discretionary","Equity","208,019.25","0.00","208,019.25","131,345.00","-","United States","NASDAQ","CAD","-","USD"
"ADUS","ADDUS HOMECARE CORP","Health Care","Equity","207,323.53","0.00","207,323.53","24,249.00","-","United States","NASDAQ","CAD","-","USD"
"PGNY","PROGYNY","Health Care","Equity","206,627.81","0.00","206,627.81","105,461.00","-","United States","NASDAQ","CAD","-","USD"
"INFQ","INFLEQTION INC","Information Technology","Equity","205,932.10","0.00","205,932.10","204,624.00","-","United States","New York Stock Exchange Inc.","CAD","-","USD"
"OUST","OUSTER","Information Technology","Equity","205,932.10","0.00","205,932.10","81,228.00","-","United States","NASDAQ","CAD","-","USD"
"SMA","SMARTSTOP SELF STORAGE REIT INC","Real Estate","Equity","205,932.10","0.00","205,932.10","87,052.00","-","United States","New York Stock Exchange Inc.","CAD","-","USD"
"NMRK","NEWMARK GROUP INC CLASS A","Real Estate","Equity","205,236.38","0.00","205,236.38","204,741.00","-","United States","NASDAQ","CAD","-","USD"
"OFG","OFG BANCORP","Financials","Equity","205,236.38","0.00","205,236.38","54,209.00","-","United States","New York Stock Exchange Inc.","CAD","-","USD"
"WAFD","WAFD INC","Financials","Equity","205,236.38","0.00","205,236.38","87,090.00","-","United States","NASDAQ","CAD","-","USD"
"LCII","LCI INDUSTRIES","Consumer Discretionary","Equity","204,540.66","0.00","204,540.66","32,639.00","-","United States","New York Stock Exchange Inc.","CAD","-","USD"
"CC","CHEMOURS","Materials","Equity","203,844.95","0.00","203,844.95","194,636.00","-","United States","New York Stock Exchange Inc.","CAD","-","USD"
"LINE","LINEAGE","Real Estate","Equity","203,149.23","0.00","203,149.23","73,874.00","-","United States","NASDAQ","CAD","-","USD"
"CALX","CALIX NETWORKS","Information Technology","Equity","202,453.51","0.00","202,453.51","79,512.00","-","United States","New York Stock Exchange Inc.","CAD","-","USD"
"CLOV","CLOVER HEALTH INVESTMENTS CLASS A","Health Care","Equity","202,453.51","0.00","202,453.51","615,655.00","-","United States","NASDAQ","CAD","-","USD"
"JAN","JANUS LIVING INC CLASS A","Real Estate","Equity","202,453.51","0.00","202,453.51","92,436.00","-","United States","New York Stock Exchange Inc.","CAD","-","USD"
"TBBK","BANCORP INC","Financials","Equity","201,757.80","0.00","201,757.80","54,976.00","-","United States","NASDAQ","CAD","-","USD"
"CENTA","CENTRAL GARDEN AND PET CLASS A","Consumer Staples","Equity","201,757.80","0.00","201,757.80","79,664.00","-","United States","NASDAQ","CAD","-","USD"
"HUBG","HUB GROUP CLASS A","Industrials","Equity","201,757.80","0.00","201,757.80","83,391.00","-","United States","NASDAQ","CAD","-","USD"
"WLY","JOHN WILEY AND SONS CLASS A","Communication","Equity","201,757.80","0.00","201,757.80","56,307.00","-","United States","New York Stock Exchange Inc.","CAD","-","USD"
"ADMA","ADMA BIOLOGICS","Health Care","Equity","201,062.08","0.00","201,062.08","309,757.00","-","United States","NASDAQ","CAD","-","USD"
"LASR","NLIGHT","Information Technology","Equity","201,062.08","0.00","201,062.08","72,181.00","-","United States","NASDAQ","CAD","-","USD"
"SMR","NUSCALE POWER CORP CLASS A","Industrials","Equity","201,062.08","0.00","201,062.08","306,392.00","-","United States","New York Stock Exchange Inc.","CAD","-","USD"
"AMC","AMC ENTERTAINMENT HOLDINGS INC CLA","Communication","Equity","199,670.65","0.00","199,670.65","1,016,136.00","-","United States","New York Stock Exchange Inc.","CAD","-","USD"
"CNS","COHEN & STEERS INC","Financials","Equity","199,670.65","0.00","199,670.65","37,805.00","-","United States","New York Stock Exchange Inc.","CAD","-","USD"
"WHR","WHIRLPOOL","Consumer Discretionary","Equity","199,670.65","0.00","199,670.65","83,446.00","-","United States","New York Stock Exchange Inc.","CAD","-","USD"
"DXC","DXC TECHNOLOGY","Information Technology","Equity","198,974.93","0.00","198,974.93","240,344.00","-","United States","New York Stock Exchange Inc.","CAD","-","USD"
"MZTI","MARZETTI","Consumer Staples","Equity","198,279.21","0.00","198,279.21","27,029.00","-","United States","NASDAQ","CAD","-","USD"
"LEVI","LEVI STRAUSS CLASS A","Consumer Discretionary","Equity","198,279.21","0.00","198,279.21","137,642.00","-","United States","New York Stock Exchange Inc.","CAD","-","USD"
"DHC","DIVERSIFIED HEALTHCARE TRUST","Real Estate","Equity","197,583.50","0.00","197,583.50","335,216.00","-","United States","NASDAQ","CAD","-","USD"
"QCRH","QCR HOLDINGS INC","Financials","Equity","197,583.50","0.00","197,583.50","26,988.00","-","United States","NASDAQ","CAD","-","USD"
"ACT","ENACT HOLDINGS INC","Financials","Equity","196,192.06","0.00","196,192.06","55,885.00","-","United States","NASDAQ","CAD","-","USD"
"FTRE","FORTREA HOLDINGS INC","Health Care","Equity","196,192.06","0.00","196,192.06","133,683.00","-","United States","NASDAQ","CAD","-","USD"
"GABC","GERMAN AMERICAN BANCORP INC","Financials","Equity","196,192.06","0.00","196,192.06","55,032.00","-","United States","NASDAQ","CAD","-","USD"
"IPAR","INTERPARFUMS INC","Consumer Staples","Equity","196,192.06","0.00","196,192.06","24,414.00","-","United States","NASDAQ","CAD","-","USD"
"OLN","OLIN CORP","Materials","Equity","196,192.06","0.00","196,192.06","159,187.00","-","United States","New York Stock Exchange Inc.","CAD","-","USD"
"PAYO","PAYONEER GLOBAL INC","Financials","Equity","195,496.35","0.00","195,496.35","378,618.00","-","United States","NASDAQ","CAD","-","USD"
"AIN","ALBANY INTERNATIONAL CORP CLASS A","Industrials","Equity","195,496.35","0.00","195,496.35","45,008.00","-","United States","New York Stock Exchange Inc.","CAD","-","USD"
"NTST","NETSTREIT","Real Estate","Equity","195,496.35","0.00","195,496.35","148,029.00","-","United States","New York Stock Exchange Inc.","CAD","-","USD"
"OPEN","OPENDOOR TECHNOLOGIES CLASS A","Real Estate","Equity","195,496.35","0.00","195,496.35","1,051,982.00","-","United States","NASDAQ","CAD","-","USD"
"UFPT","UFP TECHNOLOGIES INC","Health Care","Equity","195,496.35","0.00","195,496.35","9,809.00","-","United States","NASDAQ","CAD","-","USD"
"MAIR","MADISON AIR SOLUTIONS CORP CLASS A","Industrials","Equity","194,800.63","0.00","194,800.63","113,375.00","-","United States","New York Stock Exchange Inc.","CAD","-","USD"
"XRAY","DENTSPLY SIRONA","Health Care","Equity","194,104.91","0.00","194,104.91","285,369.00","-","United States","NASDAQ","CAD","-","USD"
"HCI","HCI GROUP INC","Financials","Equity","193,409.20","0.00","193,409.20","14,187.00","-","United States","New York Stock Exchange Inc.","CAD","-","USD"
"ALGT","ALLEGIANT TRAVEL","Industrials","Equity","192,713.48","0.00","192,713.48","33,593.00","-","United States","NASDAQ","CAD","-","USD"
"VCEL","VERICEL","Health Care","Equity","192,713.48","0.00","192,713.48","66,442.00","-","United States","NASDAQ","CAD","-","USD"
"PACS","PACS GROUP","Health Care","Equity","192,017.77","0.00","192,017.77","63,078.00","-","United States","New York Stock Exchange Inc.","CAD","-","USD"
"INTA","INTAPP","Information Technology","Equity","191,322.05","0.00","191,322.05","71,910.00","-","United States","NASDAQ","CAD","-","USD"
"CAR","AVIS BUDGET GROUP INC","Industrials","Equity","190,626.33","0.00","190,626.33","22,857.00","-","United States","NASDAQ","CAD","-","USD"
"MBX","MBX BIOSCIENCES","Health Care","Equity","190,626.33","0.00","190,626.33","41,161.00","-","United States","NASDAQ","CAD","-","USD"
"NNI","NELNET CLASS A","Financials","Equity","190,626.33","0.00","190,626.33","20,789.00","-","United States","New York Stock Exchange Inc.","CAD","-","USD"
"ARXS","ARXIS CLASS A","Industrials","Equity","189,234.90","0.00","189,234.90","52,461.00","-","United States","NASDAQ","CAD","-","USD"
"RUN","SUNRUN INC","Industrials","Equity","188,539.18","0.00","188,539.18","298,471.00","-","United States","NASDAQ","CAD","-","USD"
"ARR","ARMOUR RESIDENTIAL REIT","Financials","Equity","187,843.47","0.00","187,843.47","174,155.00","-","United States","New York Stock Exchange Inc.","CAD","-","USD"
"HAPN","HAPPEN","Financials","Equity","187,843.47","0.00","187,843.47","160,552.00","-","United States","NASDAQ","CAD","-","USD"
"MLYS","MINERALYS THERAPEUTICS","Health Care","Equity","187,843.47","0.00","187,843.47","92,577.00","-","United States","NASDAQ","CAD","-","USD"
"AGIO","AGIOS PHARMACEUTICALS","Health Care","Equity","187,147.75","0.00","187,147.75","76,848.00","-","United States","NASDAQ","CAD","-","USD"
"AMR","ALPHA METALLURGICAL RESOURCE","Materials","Equity","187,147.75","0.00","187,147.75","13,952.00","-","United States","New York Stock Exchange Inc.","CAD","-","USD"
"BLBD","BLUE BIRD","Industrials","Equity","187,147.75","0.00","187,147.75","42,498.00","-","United States","NASDAQ","CAD","-","USD"
"DV","DOUBLEVERIFY HOLDINGS","Communication","Equity","187,147.75","0.00","187,147.75","191,400.00","-","United States","New York Stock Exchange Inc.","CAD","-","USD"
"EPAC","ENERPAC TOOL GROUP CLASS A","Industrials","Equity","187,147.75","0.00","187,147.75","72,460.00","-","United States","New York Stock Exchange Inc.","CAD","-","USD"
"XNCR","XENCOR","Health Care","Equity","187,147.75","0.00","187,147.75","105,100.00","-","United States","NASDAQ","CAD","-","USD"
"CHH","CHOICE HOTELS INTERNATIONAL","Consumer Discretionary","Equity","186,452.03","0.00","186,452.03","26,120.00","-","United States","New York Stock Exchange Inc.","CAD","-","USD"
"INSP","INSPIRE MEDICAL SYSTEMS","Health Care","Equity","186,452.03","0.00","186,452.03","35,306.00","-","United States","New York Stock Exchange Inc.","CAD","-","USD"
"PTON","PELOTON INTERACTIVE CLASS A INC","Consumer Discretionary","Equity","186,452.03","0.00","186,452.03","524,011.00","-","United States","NASDAQ","CAD","-","USD"
"RXRX","RECURSION PHARMACEUTICALS CLASS A","Health Care","Equity","186,452.03","0.00","186,452.03","725,854.00","-","United States","NASDAQ","CAD","-","USD"
"EVTC","EVERTEC INC","Financials","Equity","185,060.60","0.00","185,060.60","90,480.00","-","United States","New York Stock Exchange Inc.","CAD","-","USD"
"AGM","FEDERAL AGRICULTURAL MORTGAGE NON","Financials","Equity","185,060.60","0.00","185,060.60","11,440.00","-","United States","New York Stock Exchange Inc.","CAD","-","USD"
"STRA","STRATEGIC EDUCATION","Consumer Discretionary","Equity","185,060.60","0.00","185,060.60","31,730.00","-","United States","NASDAQ","CAD","-","USD"
"ACVA","ACV AUCTIONS CLASS A","Industrials","Equity","184,364.88","0.00","184,364.88","242,917.00","-","United States","New York Stock Exchange Inc.","CAD","-","USD"
"HHH","HOWARD HUGHES HOLDINGS INC","Real Estate","Equity","184,364.88","0.00","184,364.88","41,299.00","-","United States","New York Stock Exchange Inc.","CAD","-","USD"
"RH","RH","Consumer Discretionary","Equity","184,364.88","0.00","184,364.88","20,021.00","-","United States","New York Stock Exchange Inc.","CAD","-","USD"
"HTH","HILLTOP HOLDINGS","Financials","Equity","183,669.17","0.00","183,669.17","65,603.00","-","United States","New York Stock Exchange Inc.","CAD","-","USD"
"KEEL","KEEL INFRASTRUCTURE CORP","Information Technology","Equity","183,669.17","0.00","183,669.17","702,334.00","-","United States","NASDAQ","CAD","-","USD"
"LUNR","INTUITIVE MACHINES INC CLASS A","Industrials","Equity","182,973.45","0.00","182,973.45","170,396.00","-","United States","NASDAQ","CAD","-","USD"
"KSS","KOHLS CORP","Consumer Discretionary","Equity","182,973.45","0.00","182,973.45","151,215.00","-","United States","New York Stock Exchange Inc.","CAD","-","USD"
"PFSI","PENNYMAC FINANCIAL SERVICES","Financials","Equity","182,973.45","0.00","182,973.45","37,944.00","-","United States","New York Stock Exchange Inc.","CAD","-","USD"
"XXI","TWENTY ONE CAPITAL INC CLASS A","Financials","Equity","182,973.45","0.00","182,973.45","453,379.00","-","United States","New York Stock Exchange Inc.","CAD","-","USD"
"ICHR","ICHOR HOLDINGS","Information Technology","Equity","182,973.45","0.00","182,973.45","47,613.00","-","United States","NASDAQ","CAD","-","USD"
"CPRI","CAPRI HOLDINGS LTD","Consumer Discretionary","Equity","182,973.45","0.00","182,973.45","168,581.00","-","United States","New York Stock Exchange Inc.","CAD","-","USD"
"TNET","TRINET GROUPINARY","Industrials","Equity","182,277.73","0.00","182,277.73","37,225.00","-","United States","New York Stock Exchange Inc.","CAD","-","USD"
"XPRO","EXPRO LTD","Energy","Equity","182,277.73","0.00","182,277.73","153,378.00","-","United States","New York Stock Exchange Inc.","CAD","-","USD"
"IPGP","IPG PHOTONICS CORP","Information Technology","Equity","181,582.02","0.00","181,582.02","32,931.00","-","United States","NASDAQ","CAD","-","USD"
"WOR","WORTHINGTON ENTERPRISES","Industrials","Equity","181,582.02","0.00","181,582.02","41,805.00","-","United States","New York Stock Exchange Inc.","CAD","-","USD"
"ALG","ALAMO GROUP","Industrials","Equity","180,886.30","0.00","180,886.30","14,788.00","-","United States","New York Stock Exchange Inc.","CAD","-","USD"
"BLFS","BIOLIFE SOLUTIONS","Health Care","Equity","180,886.30","0.00","180,886.30","67,770.00","-","United States","NASDAQ","CAD","-","USD"
"FLYW","FLYWIRE","Financials","Equity","180,886.30","0.00","180,886.30","140,649.00","-","United States","NASDAQ","CAD","-","USD"
"NVAX","NOVAVAX","Health Care","Equity","180,190.58","0.00","180,190.58","248,949.00","-","United States","NASDAQ","CAD","-","USD"
"OBK","ORIGIN BANCORP INC","Financials","Equity","178,799.15","0.00","178,799.15","45,966.00","-","United States","New York Stock Exchange Inc.","CAD","-","USD"
"ASST","STRIVE INC CLASS A","Health Care","Equity","178,799.15","0.00","178,799.15","87,240.00","-","United States","NASDAQ","CAD","-","USD"
"NESR","NATIONAL ENERGY SERVICES REUNITED","Energy","Equity","178,799.15","0.00","178,799.15","75,805.00","-","United States","NASDAQ","CAD","-","USD"
"MFP","MIDERA FOOD PROCESSING INC","Industrials","Equity","178,103.43","0.00","178,103.43","54,531.00","-","United States","NASDAQ","CAD","-","USD"
"GRC","GORMAN-RUPP","Industrials","Equity","177,407.72","0.00","177,407.72","33,995.00","-","United States","New York Stock Exchange Inc.","CAD","-","USD"
"HOPE","HOPE BANCORP INC","Financials","Equity","177,407.72","0.00","177,407.72","175,505.00","-","United States","NASDAQ","CAD","-","USD"
"INOD","INNODATA","Industrials","Equity","177,407.72","0.00","177,407.72","43,024.00","-","United States","NASDAQ","CAD","-","USD"
"ATEN","A10 NETWORKS","Information Technology","Equity","176,712.00","0.00","176,712.00","90,609.00","-","United States","New York Stock Exchange Inc.","CAD","-","USD"
"PRDO","PERDOCEO EDUCATION","Consumer Discretionary","Equity","176,712.00","0.00","176,712.00","74,426.00","-","United States","NASDAQ","CAD","-","USD"
"EZPW","EZCORP NON VOTING INC CLASS A","Financials","Equity","176,016.28","0.00","176,016.28","76,822.00","-","United States","NASDAQ","CAD","-","USD"
"OCUL","OCULAR THERAPEUTIX","Health Care","Equity","176,016.28","0.00","176,016.28","239,654.00","-","United States","NASDAQ","CAD","-","USD"
"PEBO","PEOPLES BANCORP INC","Financials","Equity","176,016.28","0.00","176,016.28","61,465.00","-","United States","NASDAQ","CAD","-","USD"
"HE","HAWAIIAN ELECTRIC INDUSTRIES","Utilities","Equity","175,320.57","0.00","175,320.57","239,605.00","-","United States","New York Stock Exchange Inc.","CAD","-","USD"
"HMN","HORACE MANN EDUCATORS CORP","Financials","Equity","175,320.57","0.00","175,320.57","49,775.00","-","United States","New York Stock Exchange Inc.","CAD","-","USD"
"NTLA","INTELLIA THERAPEUTICS","Health Care","Equity","175,320.57","0.00","175,320.57","197,522.00","-","United States","NASDAQ","CAD","-","USD"
"RLJ","RLJ LODGING TRUST REIT","Real Estate","Equity","173,233.42","0.00","173,233.42","219,108.00","-","United States","New York Stock Exchange Inc.","CAD","-","USD"
"PRGS","PROGRESS SOFTWARE CORP","Information Technology","Equity","172,537.70","0.00","172,537.70","58,239.00","-","United States","NASDAQ","CAD","-","USD"
"AMTB","AMERANT BANCORP CLASS A","Financials","Equity","172,537.70","0.00","172,537.70","80,427.00","-","United States","New York Stock Exchange Inc.","CAD","-","USD"
"SRCE","1ST SOURCE","Financials","Equity","171,841.99","0.00","171,841.99","27,586.00","-","United States","NASDAQ","CAD","-","USD"
"MPT","MEDICAL PROPERTIES TRUST REIT","Real Estate","Equity","171,146.27","0.00","171,146.27","654,558.00","-","United States","New York Stock Exchange Inc.","CAD","-","USD"
"PRGO","PERRIGO PLC","Health Care","Equity","171,146.27","0.00","171,146.27","175,099.00","-","United States","New York Stock Exchange Inc.","CAD","-","USD"
"BHVN","BIOHAVEN","Health Care","Equity","171,146.27","0.00","171,146.27","169,851.00","-","United States","New York Stock Exchange Inc.","CAD","-","USD"
"WKC","WORLD KINECT","Energy","Equity","170,450.55","0.00","170,450.55","65,582.00","-","United States","New York Stock Exchange Inc.","CAD","-","USD"
"CVI","CVR ENERGY INC","Energy","Equity","169,754.84","0.00","169,754.84","43,319.00","-","United States","New York Stock Exchange Inc.","CAD","-","USD"
"MQ","MARQETA CLASS A","Financials","Equity","169,754.84","0.00","169,754.84","148,034.00","-","United States","NASDAQ","CAD","-","USD"
"AVPT","AVEPOINT CLASS A","Information Technology","Equity","169,059.12","0.00","169,059.12","172,657.00","-","United States","NASDAQ","CAD","-","USD"
"SMBK","SMARTFINANCIAL INC","Financials","Equity","169,059.12","0.00","169,059.12","44,938.00","-","United States","New York Stock Exchange Inc.","CAD","-","USD"
"UNIT","UNITI GROUP INC","Communication","Equity","169,059.12","0.00","169,059.12","242,144.00","-","United States","NASDAQ","CAD","-","USD"
"AZTA","AZENTA","Health Care","Equity","168,363.40","0.00","168,363.40","69,109.00","-","United States","NASDAQ","CAD","-","USD"
"KOS","KOSMOS ENERGY","Energy","Equity","168,363.40","0.00","168,363.40","819,453.00","-","United States","New York Stock Exchange Inc.","CAD","-","USD"
"SEZL","SEZZLE INC","Financials","Equity","168,363.40","0.00","168,363.40","20,556.00","-","United States","NASDAQ","CAD","-","USD"
"STOK","STOKE THERAPEUTICS","Health Care","Equity","168,363.40","0.00","168,363.40","80,209.00","-","United States","NASDAQ","CAD","-","USD"
"TRVI","TREVI THERAPEUTICS","Health Care","Equity","168,363.40","0.00","168,363.40","152,540.00","-","United States","NASDAQ","CAD","-","USD"
"TIC","TIC SOLUTIONS INC","Industrials","Equity","168,363.40","0.00","168,363.40","257,878.00","-","United States","New York Stock Exchange Inc.","CAD","-","USD"
"LOB","LIVE OAK BANCSHARES","Financials","Equity","167,667.69","0.00","167,667.69","60,393.00","-","United States","New York Stock Exchange Inc.","CAD","-","USD"
"BFLY","BUTTERFLY NETWORK CLASS A","Health Care","Equity","166,971.97","0.00","166,971.97","289,179.00","-","United States","New York Stock Exchange Inc.","CAD","-","USD"
"GEF","GREIF INC CLASS A","Materials","Equity","165,580.54","0.00","165,580.54","27,437.00","-","United States","New York Stock Exchange Inc.","CAD","-","USD"
"PURR","HYPERLIQUID STRATEGIES INC","Health Care","Equity","165,580.54","0.00","165,580.54","177,748.00","-","United States","NASDAQ","CAD","-","USD"
"NSP","INSPERITY","Industrials","Equity","164,884.82","0.00","164,884.82","45,612.00","-","United States","New York Stock Exchange Inc.","CAD","-","USD"
"PVLA","PALVELLA THERAPEUTICS INC","Health Care","Equity","164,884.82","0.00","164,884.82","14,748.00","-","United States","NASDAQ","CAD","-","USD"
"XHR","XENIA HOTELS RESORTS REIT","Real Estate","Equity","164,884.82","0.00","164,884.82","128,632.00","-","United States","New York Stock Exchange Inc.","CAD","-","USD"
"NVCR","NOVOCURE","Health Care","Equity","164,884.82","0.00","164,884.82","135,847.00","-","United States","NASDAQ","CAD","-","USD"
"PGEN","PRECIGEN","Health Care","Equity","163,493.39","0.00","163,493.39","286,966.00","-","United States","NASDAQ","CAD","-","USD"
"GNL","GLOBAL NET LEASE INC","Real Estate","Equity","162,797.67","0.00","162,797.67","252,151.00","-","United States","New York Stock Exchange Inc.","CAD","-","USD"
"TFIN","TRIUMPH FINANCIAL","Financials","Equity","162,101.95","0.00","162,101.95","35,477.00","-","United States","New York Stock Exchange Inc.","CAD","-","USD"
"DDS","DILLARDS CLASS A","Consumer Discretionary","Equity","161,406.24","0.00","161,406.24","3,515.00","-","United States","New York Stock Exchange Inc.","CAD","-","USD"
"ADNT","ADIENT PLC","Consumer Discretionary","Equity","161,406.24","0.00","161,406.24","120,533.00","-","United States","New York Stock Exchange Inc.","CAD","-","USD"
"PDFS","PDF SOLUTIONS","Information Technology","Equity","160,710.52","0.00","160,710.52","50,606.00","-","United States","NASDAQ","CAD","-","USD"
"SBET","SHARPLINK INC","Financials","Equity","160,710.52","0.00","160,710.52","268,591.00","-","United States","NASDAQ","CAD","-","USD"
"STBA","S AND T BANCORP INC","Financials","Equity","160,014.80","0.00","160,014.80","44,490.00","-","United States","NASDAQ","CAD","-","USD"
"SAFT","SAFETY INSURANCE GROUP INC","Financials","Equity","160,014.80","0.00","160,014.80","21,286.00","-","United States","NASDAQ","CAD","-","USD"
"CCS","CENTURY COMMUNITIES INC","Consumer Discretionary","Equity","159,319.09","0.00","159,319.09","36,125.00","-","United States","New York Stock Exchange Inc.","CAD","-","USD"
"EFC","ELLINGTON FINANCIAL","Financials","Equity","158,623.37","0.00","158,623.37","173,779.00","-","United States","New York Stock Exchange Inc.","CAD","-","USD"
"CTS","CTS CORP","Information Technology","Equity","157,927.65","0.00","157,927.65","37,910.00","-","United States","New York Stock Exchange Inc.","CAD","-","USD"
"INVA","INNOVIVA","Health Care","Equity","157,927.65","0.00","157,927.65","103,583.00","-","United States","NASDAQ","CAD","-","USD"
"PRCH","PORCH GROUP","Financials","Equity","157,927.65","0.00","157,927.65","136,438.00","-","United States","NASDAQ","CAD","-","USD"
"SBH","SALLY BEAUTY HOLDINGS","Consumer Discretionary","Equity","157,927.65","0.00","157,927.65","137,622.00","-","United States","New York Stock Exchange Inc.","CAD","-","USD"
"ICFI","ICF INTERNATIONAL","Industrials","Equity","157,231.94","0.00","157,231.94","25,047.00","-","United States","NASDAQ","CAD","-","USD"
"BY","BYLINE BANCORP INC","Financials","Equity","156,536.22","0.00","156,536.22","57,520.00","-","United States","New York Stock Exchange Inc.","CAD","-","USD"
"CHCO","CITY HOLDING","Financials","Equity","156,536.22","0.00","156,536.22","15,077.00","-","United States","NASDAQ","CAD","-","USD"
"KMPR","KEMPER","Financials","Equity","156,536.22","0.00","156,536.22","80,175.00","-","United States","New York Stock Exchange Inc.","CAD","-","USD"
"OMER","OMEROS","Health Care","Equity","156,536.22","0.00","156,536.22","116,966.00","-","United States","NASDAQ","CAD","-","USD"
"PLAB","PHOTRONICS","Information Technology","Equity","156,536.22","0.00","156,536.22","75,830.00","-","United States","NASDAQ","CAD","-","USD"
"LBTYK","LIBERTY GLOBAL LTD CLASS C","Communication","Equity","156,536.22","0.00","156,536.22","217,680.00","-","United States","NASDAQ","CAD","-","USD"
"ALNT","ALLIENT INC","Industrials","Equity","155,840.51","0.00","155,840.51","21,716.00","-","United States","NASDAQ","CAD","-","USD"
"AI","C3 AI CLASS A","Information Technology","Equity","155,840.51","0.00","155,840.51","199,434.00","-","United States","New York Stock Exchange Inc.","CAD","-","USD"
"QUBT","QUANTUM COMPUTING","Information Technology","Equity","155,840.51","0.00","155,840.51","255,081.00","-","United States","NASDAQ","CAD","-","USD"
"SDGR","SCHRODINGER INC","Health Care","Equity","155,144.79","0.00","155,144.79","70,860.00","-","United States","NASDAQ","CAD","-","USD"
"LMAT","LEMAITRE VASCULAR","Health Care","Equity","154,449.07","0.00","154,449.07","26,852.00","-","United States","NASDAQ","CAD","-","USD"
"GTY","GETTY REALTY REIT","Real Estate","Equity","153,753.36","0.00","153,753.36","70,767.00","-","United States","New York Stock Exchange Inc.","CAD","-","USD"
"SNDX","SYNDAX PHARMACEUTICALS","Health Care","Equity","153,753.36","0.00","153,753.36","120,098.00","-","United States","NASDAQ","CAD","-","USD"
"SPNT","SIRIUSPOINT","Financials","Equity","153,057.64","0.00","153,057.64","86,546.00","-","United States","New York Stock Exchange Inc.","CAD","-","USD"
"MLKN","MILLERKNOLL","Industrials","Equity","152,361.92","0.00","152,361.92","99,430.00","-","United States","NASDAQ","CAD","-","USD"
"ABSI","ABSCI CORP","Health Care","Equity","151,666.21","0.00","151,666.21","225,327.00","-","United States","NASDAQ","CAD","-","USD"
"FA","FIRST ADVANTAGE","Industrials","Equity","151,666.21","0.00","151,666.21","99,218.00","-","United States","NASDAQ","CAD","-","USD"
"HRMY","HARMONY BIOSCIENCES HLDG","Health Care","Equity","151,666.21","0.00","151,666.21","48,892.00","-","United States","NASDAQ","CAD","-","USD"
"OSBC","OLD SECOND BANCORP INC","Financials","Equity","151,666.21","0.00","151,666.21","84,139.00","-","United States","NASDAQ","CAD","-","USD"
"BLKB","BLACKBAUD","Information Technology","Equity","150,970.49","0.00","150,970.49","48,024.00","-","United States","NASDAQ","CAD","-","USD"
"CTRI","CENTURI HOLDINGS INC","Industrials","Equity","150,970.49","0.00","150,970.49","108,613.00","-","United States","New York Stock Exchange Inc.","CAD","-","USD"
"VSTS","VESTIS","Industrials","Equity","150,970.49","0.00","150,970.49","150,216.00","-","United States","New York Stock Exchange Inc.","CAD","-","USD"
"HUN","HUNTSMAN CORP","Materials","Equity","150,970.49","0.00","150,970.49","228,058.00","-","United States","New York Stock Exchange Inc.","CAD","-","USD"
"PDLB","PONCE FINANCIAL GROUP INC","Financials","Equity","150,274.77","0.00","150,274.77","101,931.00","-","United States","NASDAQ","CAD","-","USD"
"DCOM","DIME COMMERCIAL BANCSHARES","Financials","Equity","148,187.62","0.00","148,187.62","50,409.00","-","United States","New York Stock Exchange Inc.","CAD","-","USD"
"RARE","ULTRAGENYX PHARMACEUTICAL","Health Care","Equity","148,187.62","0.00","148,187.62","140,721.00","-","United States","NASDAQ","CAD","-","USD"
"VVX","V2X","Industrials","Equity","148,187.62","0.00","148,187.62","26,735.00","-","United States","New York Stock Exchange Inc.","CAD","-","USD"
"WWW","WOLVERINE WORLD WIDE","Consumer Discretionary","Equity","148,187.62","0.00","148,187.62","105,504.00","-","United States","New York Stock Exchange Inc.","CAD","-","USD"
"BJRI","BJS RESTAURANTS INC","Consumer Discretionary","Equity","147,491.91","0.00","147,491.91","33,883.00","-","United States","NASDAQ","CAD","-","USD"
"BXDC","BLACKSTONE DIGITAL INFRASTRUCTURE","Real Estate","Equity","147,491.91","0.00","147,491.91","104,156.00","-","United States","New York Stock Exchange Inc.","CAD","-","USD"
"IIPR","INNOVATIVE INDUSTRIAL PROPERTIES I","Real Estate","Equity","147,491.91","0.00","147,491.91","36,042.00","-","United States","New York Stock Exchange Inc.","CAD","-","USD"
"ALKT","ALKAMI TECHNOLOGY","Information Technology","Equity","146,796.19","0.00","146,796.19","108,112.00","-","United States","NASDAQ","CAD","-","USD"
"ETON","ETON PHARMACEUTCIALS INC","Health Care","Equity","146,796.19","0.00","146,796.19","35,532.00","-","United States","NASDAQ","CAD","-","USD"
"SAIL","SAILPOINT","Information Technology","Equity","146,796.19","0.00","146,796.19","100,066.00","-","United States","NASDAQ","CAD","-","USD"
"EFOR","EVERFORTH","Information Technology","Equity","146,100.47","0.00","146,100.47","61,234.00","-","United States","New York Stock Exchange Inc.","CAD","-","USD"
"HYMC","HYCROFT MINING HOLDING CORP CLASS","Materials","Equity","146,100.47","0.00","146,100.47","93,542.00","-","United States","NASDAQ","CAD","-","USD"
"KOD","KODIAK SCIENCES","Health Care","Equity","146,100.47","0.00","146,100.47","61,300.00","-","United States","NASDAQ","CAD","-","USD"
"ATEX","ANTERIX","Communication","Equity","145,404.76","0.00","145,404.76","25,910.00","-","United States","NASDAQ","CAD","-","USD"
"APPN","APPIAN CORP CLASS A","Information Technology","Equity","145,404.76","0.00","145,404.76","52,659.00","-","United States","NASDAQ","CAD","-","USD"
"CNMD","CONMED CORP","Health Care","Equity","145,404.76","0.00","145,404.76","43,401.00","-","United States","New York Stock Exchange Inc.","CAD","-","USD"
"LEN B","LENNAR CLASS B","Consumer Discretionary","Equity","145,404.76","0.00","145,404.76","25,659.00","-","United States","New York Stock Exchange Inc.","CAD","-","USD"
"MBLY","MOBILEYE GLOBAL INC CLASS A","Consumer Discretionary","Equity","145,404.76","0.00","145,404.76","249,435.00","-","United States","NASDAQ","CAD","-","USD"
"HCSG","HEALTHCARE SERVICES GROUP","Industrials","Equity","144,709.04","0.00","144,709.04","92,914.00","-","United States","NASDAQ","CAD","-","USD"
"LKFN","LAKELAND FINANCIAL CORP","Financials","Equity","144,709.04","0.00","144,709.04","33,419.00","-","United States","NASDAQ","CAD","-","USD"
"PPC","PILGRIMS PRIDE CORP","Consumer Staples","Equity","144,709.04","0.00","144,709.04","67,388.00","-","United States","NASDAQ","CAD","-","USD"
"ZG","ZILLOW GROUP CLASS A","Real Estate","Equity","144,709.04","0.00","144,709.04","65,172.00","-","United States","NASDAQ","CAD","-","USD"
"BAND","BANDWIDTH CLASS A","Communication","Equity","144,013.32","0.00","144,013.32","39,375.00","-","United States","NASDAQ","CAD","-","USD"
"ADIG","ADI GLOBAL DISTRIBUTION","Information Technology","Equity","143,317.61","0.00","143,317.61","91,351.00","-","United States","New York Stock Exchange Inc.","CAD","-","USD"
"COLM","COLUMBIA SPORTSWEAR","Consumer Discretionary","Equity","143,317.61","0.00","143,317.61","34,730.00","-","United States","NASDAQ","CAD","-","USD"
"MBIN","MERCHANTS BANCORP","Financials","Equity","143,317.61","0.00","143,317.61","38,107.00","-","United States","NASDAQ","CAD","-","USD"
"WABC","WESTAMERICA BANCORPORATION","Financials","Equity","143,317.61","0.00","143,317.61","32,758.00","-","United States","NASDAQ","CAD","-","USD"
"DCH","DAUCH CORPORATION","Consumer Discretionary","Equity","141,926.17","0.00","141,926.17","320,592.00","-","United States","New York Stock Exchange Inc.","CAD","-","USD"
"FLO","FLOWERS FOODS INC","Consumer Staples","Equity","141,926.17","0.00","141,926.17","322,134.00","-","United States","New York Stock Exchange Inc.","CAD","-","USD"
"MCRI","MONARCH CASINO AND RESORT","Consumer Discretionary","Equity","141,926.17","0.00","141,926.17","15,989.00","-","United States","NASDAQ","CAD","-","USD"
"GCT","GIGACLOUD TECHNOLOGY INC CLASS A","Consumer Discretionary","Equity","141,926.17","0.00","141,926.17","36,760.00","-","United States","NASDAQ","CAD","-","USD"
"ARLO","ARLO TECHNOLOGIES","Information Technology","Equity","141,230.46","0.00","141,230.46","145,882.00","-","United States","New York Stock Exchange Inc.","CAD","-","USD"
"GT","GOODYEAR TIRE & RUBBER","Consumer Discretionary","Equity","141,230.46","0.00","141,230.46","377,733.00","-","United States","NASDAQ","CAD","-","USD"
"LBTYA","LIBERTY GLOBAL LTD CLASS A","Communication","Equity","140,534.74","0.00","140,534.74","188,099.00","-","United States","NASDAQ","CAD","-","USD"
"ASTH","ASTRANA HEALTH","Health Care","Equity","139,839.02","0.00","139,839.02","56,169.00","-","United States","NASDAQ","CAD","-","USD"
"CAC","CAMDEN NATIONAL CORP","Financials","Equity","139,839.02","0.00","139,839.02","33,499.00","-","United States","NASDAQ","CAD","-","USD"
"ROCK","GIBRALTAR INDUSTRIES","Industrials","Equity","139,839.02","0.00","139,839.02","43,919.00","-","United States","NASDAQ","CAD","-","USD"
"AMSC","AMERICAN SUPERCONDUCTOR CORP","Industrials","Equity","139,143.31","0.00","139,143.31","65,720.00","-","United States","NASDAQ","CAD","-","USD"
"BBAI","BIGBEAR.AI HOLDINGS","Information Technology","Equity","139,143.31","0.00","139,143.31","676,426.00","-","United States","New York Stock Exchange Inc.","CAD","-","USD"
"HFWA","HERITAGE FINANCIAL CORP","Financials","Equity","139,143.31","0.00","139,143.31","68,433.00","-","United States","NASDAQ","CAD","-","USD"
"JBLU","JETBLUE AIRWAYS","Industrials","Equity","139,143.31","0.00","139,143.31","431,832.00","-","United States","NASDAQ","CAD","-","USD"
"OMCL","OMNICELL INC","Health Care","Equity","139,143.31","0.00","139,143.31","58,877.00","-","United States","NASDAQ","CAD","-","USD"
"SHBI","SHORE BANCSHARES INC","Financials","Equity","139,143.31","0.00","139,143.31","82,786.00","-","United States","NASDAQ","CAD","-","USD"
"SAM","BOSTON BEER CLASS A","Consumer Staples","Equity","138,447.59","0.00","138,447.59","11,108.00","-","United States","New York Stock Exchange Inc.","CAD","-","USD"
"ALHC","ALIGNMENT HEALTHCARE","Health Care","Equity","137,751.88","0.00","137,751.88","218,121.00","-","United States","NASDAQ","CAD","-","USD"
"EPC","EDGEWELL PERSONAL CARE","Consumer Staples","Equity","137,751.88","0.00","137,751.88","69,675.00","-","United States","New York Stock Exchange Inc.","CAD","-","USD"
"PNTG","PENNANT GROUP","Health Care","Equity","137,751.88","0.00","137,751.88","47,401.00","-","United States","NASDAQ","CAD","-","USD"
"PSNL","PERSONALIS","Health Care","Equity","137,751.88","0.00","137,751.88","116,944.00","-","United States","NASDAQ","CAD","-","USD"
"SCL","STEPAN","Materials","Equity","137,751.88","0.00","137,751.88","30,258.00","-","United States","New York Stock Exchange Inc.","CAD","-","USD"
"VIR","VIR BIOTECHNOLOGY","Health Care","Equity","137,751.88","0.00","137,751.88","173,774.00","-","United States","NASDAQ","CAD","-","USD"
"BL","BLACKLINE","Information Technology","Equity","137,056.16","0.00","137,056.16","66,427.00","-","United States","NASDAQ","CAD","-","USD"
"VISN","VISTANCE NETWORKS INC","Information Technology","Equity","137,056.16","0.00","137,056.16","292,665.00","-","United States","NASDAQ","CAD","-","USD"
"SNDR","SCHNEIDER NATIONAL CLASS B","Industrials","Equity","137,056.16","0.00","137,056.16","58,033.00","-","United States","New York Stock Exchange Inc.","CAD","-","USD"
"ZBIO","ZENAS BIOPHARMA","Health Care","Equity","137,056.16","0.00","137,056.16","59,023.00","-","United States","NASDAQ","CAD","-","USD"
"BF A","BROWN FORMAN CLASS A","Consumer Staples","Equity","136,360.44","0.00","136,360.44","70,174.00","-","United States","New York Stock Exchange Inc.","CAD","-","USD"
"NBHC","NATIONAL BANK HOLDINGS CORP CLASS","Financials","Equity","136,360.44","0.00","136,360.44","45,761.00","-","United States","New York Stock Exchange Inc.","CAD","-","USD"
"NUVB","NUVATION BIO CLASS A","Health Care","Equity","136,360.44","0.00","136,360.44","310,318.00","-","United States","New York Stock Exchange Inc.","CAD","-","USD"
"PRG","PROG HOLDINGS INC","Financials","Equity","136,360.44","0.00","136,360.44","52,594.00","-","United States","New York Stock Exchange Inc.","CAD","-","USD"
"REYN","REYNOLDS CONSUMER PRODUCTS INC","Consumer Staples","Equity","136,360.44","0.00","136,360.44","82,821.00","-","United States","NASDAQ","CAD","-","USD"
"XERS","XERIS BIOPHARMA HOLDINGS","Health Care","Equity","136,360.44","0.00","136,360.44","230,036.00","-","United States","NASDAQ","CAD","-","USD"
"DJT","TRUMP MEDIA TECHNOLOGY GROUP","Communication","Equity","135,664.73","0.00","135,664.73","216,035.00","-","United States","NASDAQ","CAD","-","USD"
"LIND","LINDBLAD EXPEDITIONS HOLDINGS","Consumer Discretionary","Equity","134,969.01","0.00","134,969.01","67,336.00","-","United States","NASDAQ","CAD","-","USD"
"CASH","PATHWARD FINANCIAL INC","Financials","Equity","134,969.01","0.00","134,969.01","24,064.00","-","United States","NASDAQ","CAD","-","USD"
"PD","PAGERDUTY","Information Technology","Equity","134,969.01","0.00","134,969.01","129,171.00","-","United States","New York Stock Exchange Inc.","CAD","-","USD"
"NBR","NABORS INDUSTRIES","Energy","Equity","134,969.01","0.00","134,969.01","21,450.00","-","United States","New York Stock Exchange Inc.","CAD","-","USD"
"RUSHB","RUSH ENTERPRISES CLASS B","Industrials","Equity","134,273.29","0.00","134,273.29","32,457.00","-","United States","NASDAQ","CAD","-","USD"
"KURA","KURA ONCOLOGY","Health Care","Equity","133,577.58","0.00","133,577.58","157,122.00","-","United States","NASDAQ","CAD","-","USD"
"MIAX","MIAMI INTERNATIONAL HOLDINGS","Financials","Equity","133,577.58","0.00","133,577.58","48,806.00","-","United States","New York Stock Exchange Inc.","CAD","-","USD"
"CNXN","PC CONNECTION INC","Information Technology","Equity","132,881.86","0.00","132,881.86","21,219.00","-","United States","NASDAQ","CAD","-","USD"
"GNK","GENCO SHIPPING AND TRADING","Industrials","Equity","132,881.86","0.00","132,881.86","65,127.00","-","United States","New York Stock Exchange Inc.","CAD","-","USD"
"CTBI","COMMUNITY TRUST BANCORP","Financials","Equity","132,186.14","0.00","132,186.14","23,886.00","-","United States","NASDAQ","CAD","-","USD"
"HLMN","HILLMAN SOLUTIONS","Industrials","Equity","132,186.14","0.00","132,186.14","253,480.00","-","United States","NASDAQ","CAD","-","USD"
"RDW","REDWIRE","Industrials","Equity","132,186.14","0.00","132,186.14","158,023.00","-","United States","New York Stock Exchange Inc.","CAD","-","USD"
"ENR","ENERGIZER HOLDINGS INC","Consumer Staples","Equity","131,490.43","0.00","131,490.43","83,290.00","-","United States","New York Stock Exchange Inc.","CAD","-","USD"
"WU","WESTERN UNION","Financials","Equity","131,490.43","0.00","131,490.43","278,126.00","-","United States","New York Stock Exchange Inc.","CAD","-","USD"
"EOSE","EOS ENERGY ENTERPRISES CLASS A","Industrials","Equity","130,794.71","0.00","130,794.71","452,666.00","-","United States","NASDAQ","CAD","-","USD"
"ANIP","ANI PHARMACEUTICALS","Health Care","Equity","130,098.99","0.00","130,098.99","23,799.00","-","United States","NASDAQ","CAD","-","USD"
"LNN","LINDSAY","Industrials","Equity","130,098.99","0.00","130,098.99","15,326.00","-","United States","New York Stock Exchange Inc.","CAD","-","USD"
"GBX","GREENBRIER","Industrials","Equity","129,403.28","0.00","129,403.28","41,809.00","-","United States","New York Stock Exchange Inc.","CAD","-","USD"
"HOS","HORNBECK OFFSHORE SERVICES","Energy","Equity","129,403.28","0.00","129,403.28","207,721.00","-","United States","New York Stock Exchange Inc.","CAD","-","USD"
"RAPP","RAPPORT THERAPEUTICS","Health Care","Equity","129,403.28","0.00","129,403.28","42,631.00","-","United States","NASDAQ","CAD","-","USD"
"UMH","UMH PROPERTIES INC","Real Estate","Equity","129,403.28","0.00","129,403.28","112,623.00","-","United States","New York Stock Exchange Inc.","CAD","-","USD"
"UVSP","UNIVEST FINANCIAL CORP","Financials","Equity","129,403.28","0.00","129,403.28","42,006.00","-","United States","NASDAQ","CAD","-","USD"
"WD","WALKER & DUNLOP INC","Financials","Equity","129,403.28","0.00","129,403.28","46,490.00","-","United States","New York Stock Exchange Inc.","CAD","-","USD"
"GSHD","GOOSEHEAD INSURANCE CLASS A","Financials","Equity","129,403.28","0.00","129,403.28","33,546.00","-","United States","NASDAQ","CAD","-","USD"
"SNDA","SONIDA SENIOR LIVING","Health Care","Equity","128,707.56","0.00","128,707.56","45,790.00","-","United States","New York Stock Exchange Inc.","CAD","-","USD"
"FRVO","FERVO ENERGY CLASS A","Utilities","Equity","128,707.56","0.00","128,707.56","106,361.00","-","United States","NASDAQ","CAD","-","USD"
"IDT","IDT CLASS B","Communication","Equity","128,707.56","0.00","128,707.56","25,697.00","-","United States","New York Stock Exchange Inc.","CAD","-","USD"
"REX","REX AMERICAN RESOURCES","Energy","Equity","128,707.56","0.00","128,707.56","41,504.00","-","United States","New York Stock Exchange Inc.","CAD","-","USD"
"NN","NEXTNAV","Information Technology","Equity","128,707.56","0.00","128,707.56","119,235.00","-","United States","NASDAQ","CAD","-","USD"
"DEI","DOUGLAS EMMETT REIT","Real Estate","Equity","128,011.84","0.00","128,011.84","171,930.00","-","United States","New York Stock Exchange Inc.","CAD","-","USD"
"USLM","UNITED STATES LIME AND MINERALS IN","Materials","Equity","128,011.84","0.00","128,011.84","15,464.00","-","United States","NASDAQ","CAD","-","USD"
"BFC","BANK FIRST CORP","Financials","Equity","127,316.13","0.00","127,316.13","11,552.00","-","United States","NASDAQ","CAD","-","USD"
"CBAN","COLONY BANKCORP INC","Financials","Equity","127,316.13","0.00","127,316.13","83,850.00","-","United States","New York Stock Exchange Inc.","CAD","-","USD"
"THFF","FIRST FINANCIAL CORPORATION CORP","Financials","Equity","127,316.13","0.00","127,316.13","22,844.00","-","United States","NASDAQ","CAD","-","USD"
"USPH","US PHYSICAL THERAPY INC","Health Care","Equity","127,316.13","0.00","127,316.13","21,113.00","-","United States","New York Stock Exchange Inc.","CAD","-","USD"
"EYE","NATIONAL VISION HOLDINGS","Consumer Discretionary","Equity","126,620.41","0.00","126,620.41","103,678.00","-","United States","NASDAQ","CAD","-","USD"
"NSSC","NAPCO SECURITY TECHNOLOGIES","Information Technology","Equity","125,924.69","0.00","125,924.69","48,375.00","-","United States","NASDAQ","CAD","-","USD"
"CMPR","CIMPRESS PLC","Industrials","Equity","125,924.69","0.00","125,924.69","21,347.00","-","United States","NASDAQ","CAD","-","USD"
"AMPL","AMPLITUDE CLASS A","Information Technology","Equity","125,228.98","0.00","125,228.98","125,096.00","-","United States","NASDAQ","CAD","-","USD"
"CNXC","CONCENTRIX","Industrials","Equity","125,228.98","0.00","125,228.98","61,014.00","-","United States","NASDAQ","CAD","-","USD"
"LZB","LA-Z-BOY INC","Consumer Discretionary","Equity","125,228.98","0.00","125,228.98","58,537.00","-","United States","New York Stock Exchange Inc.","CAD","-","USD"
"SCSC","SCANSOURCE","Information Technology","Equity","125,228.98","0.00","125,228.98","29,990.00","-","United States","NASDAQ","CAD","-","USD"
"JJSF","J AND J SNACK FOODS CORP","Consumer Staples","Equity","124,533.26","0.00","124,533.26","21,725.00","-","United States","NASDAQ","CAD","-","USD"
"MYE","MYERS INDUSTRIES INC","Materials","Equity","124,533.26","0.00","124,533.26","54,604.00","-","United States","New York Stock Exchange Inc.","CAD","-","USD"
"PCRX","PACIRA BIOSCIENCES","Health Care","Equity","124,533.26","0.00","124,533.26","69,980.00","-","United States","NASDAQ","CAD","-","USD"
"FUN","SIX FLAGS ENTERTAINMENT CORP","Consumer Discretionary","Equity","124,533.26","0.00","124,533.26","137,392.00","-","United States","New York Stock Exchange Inc.","CAD","-","USD"
"TSHA","TAYSHA GENE THERAPIES","Health Care","Equity","124,533.26","0.00","124,533.26","332,518.00","-","United States","NASDAQ","CAD","-","USD"
"SHLS","SHOALS TECHNOLOGIES GROUP CLASS A","Industrials","Equity","123,141.83","0.00","123,141.83","221,604.00","-","United States","NASDAQ","CAD","-","USD"
"AMPX","AMPRIUS TECHNOLOGIES INC","Industrials","Equity","122,446.11","0.00","122,446.11","177,205.00","-","United States","New York Stock Exchange Inc.","CAD","-","USD"
"MBC","MASTERBRAND","Industrials","Equity","122,446.11","0.00","122,446.11","258,133.00","-","United States","New York Stock Exchange Inc.","CAD","-","USD"
"SLVM","SYLVAMO CORP","Materials","Equity","122,446.11","0.00","122,446.11","45,962.00","-","United States","New York Stock Exchange Inc.","CAD","-","USD"
"TPB","TURNING POINT BRANDS","Consumer Staples","Equity","122,446.11","0.00","122,446.11","24,579.00","-","United States","New York Stock Exchange Inc.","CAD","-","USD"
"APPS","DIGITAL TURBINE","Information Technology","Equity","121,750.39","0.00","121,750.39","153,392.00","-","United States","NASDAQ","CAD","-","USD"
"ECVT","ECOVYST","Materials","Equity","121,750.39","0.00","121,750.39","157,487.00","-","United States","New York Stock Exchange Inc.","CAD","-","USD"
"PGC","PEAPACK GLADSTONE FINANCIAL CORP","Financials","Equity","121,750.39","0.00","121,750.39","37,062.00","-","United States","NASDAQ","CAD","-","USD"
"TRS","TRIMAS","Materials","Equity","121,750.39","0.00","121,750.39","43,495.00","-","United States","NASDAQ","CAD","-","USD"
"CARE","CARTER BANKSHARES INC","Financials","Equity","121,054.68","0.00","121,054.68","54,786.00","-","United States","NASDAQ","CAD","-","USD"
"MNKD","MANNKIND","Health Care","Equity","121,054.68","0.00","121,054.68","465,725.00","-","United States","NASDAQ","CAD","-","USD"
"FMC","FMC CORP","Materials","Equity","120,358.96","0.00","120,358.96","163,116.00","-","United States","New York Stock Exchange Inc.","CAD","-","USD"
"PLSE","PULSE BIOSCIENCES INC","Health Care","Equity","120,358.96","0.00","120,358.96","32,899.00","-","United States","NASDAQ","CAD","-","USD"
"DMC","DEL MONTE","Consumer Staples","Equity","120,358.96","0.00","120,358.96","53,681.00","-","United States","New York Stock Exchange Inc.","CAD","-","USD"
"DFIN","DONNELLEY FINANCIAL SOLUTIONS","Financials","Equity","119,663.24","0.00","119,663.24","34,327.00","-","United States","New York Stock Exchange Inc.","CAD","-","USD"
"UVE","UNIVERSAL INSURANCE HOLDINGS INC","Financials","Equity","119,663.24","0.00","119,663.24","37,274.00","-","United States","New York Stock Exchange Inc.","CAD","-","USD"
"GBTG","GLOBAL BUSINESS TRAVEL GROUP CLASS","Consumer Discretionary","Equity","119,663.24","0.00","119,663.24","174,802.00","-","United States","New York Stock Exchange Inc.","CAD","-","USD"
"ATEC","ALPHATEC HOLDNGS","Health Care","Equity","118,967.53","0.00","118,967.53","159,693.00","-","United States","NASDAQ","CAD","-","USD"
"AMN","AMN HEALTHCARE","Health Care","Equity","118,271.81","0.00","118,271.81","47,231.00","-","United States","New York Stock Exchange Inc.","CAD","-","USD"
"CHYM","CHIME FINANCIAL CLASS A","Financials","Equity","118,271.81","0.00","118,271.81","53,057.00","-","United States","NASDAQ","CAD","-","USD"
"DEA","EASTERLY GOVERNMENT PROPERTIES INC","Real Estate","Equity","118,271.81","0.00","118,271.81","69,792.00","-","United States","New York Stock Exchange Inc.","CAD","-","USD"
"EQBK","EQUITY BANCSHARES INC CLASS A","Financials","Equity","118,271.81","0.00","118,271.81","33,253.00","-","United States","New York Stock Exchange Inc.","CAD","-","USD"
"THRM","GENTHERM","Consumer Discretionary","Equity","118,271.81","0.00","118,271.81","43,373.00","-","United States","NASDAQ","CAD","-","USD"
"NPKI","NPK INTERNATIONAL","Industrials","Equity","118,271.81","0.00","118,271.81","128,304.00","-","United States","New York Stock Exchange Inc.","CAD","-","USD"
"ANAB","ANAPTYSBIO","Health Care","Equity","117,576.10","0.00","117,576.10","29,439.00","-","United States","NASDAQ","CAD","-","USD"
"FMBH","FIRST MID BANCSHARES INC","Financials","Equity","117,576.10","0.00","117,576.10","32,345.00","-","United States","NASDAQ","CAD","-","USD"
"WEN","WENDYS","Consumer Discretionary","Equity","117,576.10","0.00","117,576.10","232,003.00","-","United States","NASDAQ","CAD","-","USD"
"HLF","HERBALIFE LTD","Consumer Staples","Equity","117,576.10","0.00","117,576.10","138,791.00","-","United States","New York Stock Exchange Inc.","CAD","-","USD"
"AMAL","AMALGAMATED FINANCIAL CORP","Financials","Equity","116,880.38","0.00","116,880.38","34,308.00","-","United States","NASDAQ","CAD","-","USD"
"CRAI","CRA INTERNATIONAL INC","Industrials","Equity","116,880.38","0.00","116,880.38","9,715.00","-","United States","NASDAQ","CAD","-","USD"
"FISI","FINANCIAL INSTITUTIONS INC","Financials","Equity","116,880.38","0.00","116,880.38","39,637.00","-","United States","NASDAQ","CAD","-","USD"
"IMKTA","INGLES MARKETS CLASS A","Consumer Staples","Equity","116,880.38","0.00","116,880.38","19,390.00","-","United States","NASDAQ","CAD","-","USD"
"RDVT","RED VIOLET INC","Information Technology","Equity","116,880.38","0.00","116,880.38","20,952.00","-","United States","NASDAQ","CAD","-","USD"
"SPFI","SOUTH PLAINS FINANCIAL INC","Financials","Equity","116,880.38","0.00","116,880.38","36,847.00","-","United States","NASDAQ","CAD","-","USD"
"TNC","TENNANT","Industrials","Equity","116,880.38","0.00","116,880.38","24,244.00","-","United States","New York Stock Exchange Inc.","CAD","-","USD"
"YELP","YELP","Communication","Equity","116,880.38","0.00","116,880.38","79,338.00","-","United States","New York Stock Exchange Inc.","CAD","-","USD"
"GRDN","GUARDIAN PHARMACY SERVICES CLASS A","Health Care","Equity","116,184.66","0.00","116,184.66","35,544.00","-","United States","New York Stock Exchange Inc.","CAD","-","USD"
"HLIT","HARMONIC","Information Technology","Equity","116,184.66","0.00","116,184.66","145,901.00","-","United States","NASDAQ","CAD","-","USD"
"CNNE","CANNAE HOLDINGS INC","Financials","Equity","115,488.95","0.00","115,488.95","104,128.00","-","United States","New York Stock Exchange Inc.","CAD","-","USD"
"HBNC","HORIZON BANCORP INC","Financials","Equity","115,488.95","0.00","115,488.95","81,777.00","-","United States","NASDAQ","CAD","-","USD"
"WS","WORTHINGTON STEEL INC","Materials","Equity","115,488.95","0.00","115,488.95","47,221.00","-","United States","New York Stock Exchange Inc.","CAD","-","USD"
"FIGR","FIGURE TECHNOLOGY SOLUTIONS CLASS","Financials","Equity","114,793.23","0.00","114,793.23","46,968.00","-","United States","NASDAQ","CAD","-","USD"
"GIII","G III APPAREL GROUP LTD","Consumer Discretionary","Equity","114,793.23","0.00","114,793.23","57,382.00","-","United States","NASDAQ","CAD","-","USD"
"RUM","RUM GROUP CLASS A","Communication","Equity","114,793.23","0.00","114,793.23","178,236.00","-","United States","NASDAQ","CAD","-","USD"
"BKE","BUCKLE","Consumer Discretionary","Equity","114,097.51","0.00","114,097.51","39,102.00","-","United States","New York Stock Exchange Inc.","CAD","-","USD"
"ASAN","ASANA CLASS A","Information Technology","Equity","112,706.08","0.00","112,706.08","153,748.00","-","United States","New York Stock Exchange Inc.","CAD","-","USD"
"CGEM","CULLINAN THERAPEUTICS","Health Care","Equity","112,706.08","0.00","112,706.08","72,727.00","-","United States","NASDAQ","CAD","-","USD"
"ANDG","ANDERSEN GROUP INC CLASS A","Industrials","Equity","112,010.36","0.00","112,010.36","28,137.00","-","United States","New York Stock Exchange Inc.","CAD","-","USD"
"NUTX","NUTEX HEALTH INC","Health Care","Equity","112,010.36","0.00","112,010.36","7,222.00","-","United States","NASDAQ","CAD","-","USD"
"ORC","ORCHID ISLAND CAPITAL INC","Financials","Equity","112,010.36","0.00","112,010.36","254,049.00","-","United States","New York Stock Exchange Inc.","CAD","-","USD"
"FCEL","FUELCELL ENERGY INC","Industrials","Equity","111,314.65","0.00","111,314.65","86,775.00","-","United States","NASDAQ","CAD","-","USD"
"COUR","COURSERA","Consumer Discretionary","Equity","110,618.93","0.00","110,618.93","296,453.00","-","United States","New York Stock Exchange Inc.","CAD","-","USD"
"TRAX","FIRST TRACKS BIOTHERAPEUTICS INC","Health Care","Equity","110,618.93","0.00","110,618.93","39,002.00","-","United States","NASDAQ","CAD","-","USD"
"LBRX","LB PHARMACEUTICALS INC","Health Care","Equity","110,618.93","0.00","110,618.93","36,268.00","-","United States","NASDAQ","CAD","-","USD"
"MRVI","MARAVAI LIFESCIENCES HOLDINGS INC","Health Care","Equity","110,618.93","0.00","110,618.93","209,515.00","-","United States","NASDAQ","CAD","-","USD"
"NBBK","NB BANCORP INC","Financials","Equity","110,618.93","0.00","110,618.93","67,268.00","-","United States","NASDAQ","CAD","-","USD"
"BCAX","BICARA THERAPEUTICS INC","Health Care","Equity","109,923.21","0.00","109,923.21","67,249.00","-","United States","NASDAQ","CAD","-","USD"
"TNDM","TANDEM DIABETES CARE","Health Care","Equity","109,923.21","0.00","109,923.21","88,063.00","-","United States","NASDAQ","CAD","-","USD"
"GTM","ZOOMINFO TECHNOLOGIES","Communication","Equity","109,923.21","0.00","109,923.21","377,190.00","-","United States","NASDAQ","CAD","-","USD"
"BRBR","BELLRING BRANDS","Consumer Staples","Equity","109,227.50","0.00","109,227.50","165,715.00","-","United States","New York Stock Exchange Inc.","CAD","-","USD"
"BFST","BUSINESS FIRST BANCSHARES INC","Financials","Equity","109,227.50","0.00","109,227.50","48,895.00","-","United States","NASDAQ","CAD","-","USD"
"HROW","HARROW","Health Care","Equity","109,227.50","0.00","109,227.50","45,433.00","-","United States","NASDAQ","CAD","-","USD"
"WLDN","WILLDAN GROUP","Industrials","Equity","109,227.50","0.00","109,227.50","18,830.00","-","United States","NASDAQ","CAD","-","USD"
"AAT","AMERICAN ASSETS TRUST REIT","Real Estate","Equity","108,531.78","0.00","108,531.78","67,584.00","-","United States","New York Stock Exchange Inc.","CAD","-","USD"
"ORIC","ORIC PHARMACEUTICALS","Health Care","Equity","108,531.78","0.00","108,531.78","116,485.00","-","United States","NASDAQ","CAD","-","USD"
"PDM","PIEDMONT REALTY TRUST CLASS A","Real Estate","Equity","108,531.78","0.00","108,531.78","159,839.00","-","United States","New York Stock Exchange Inc.","CAD","-","USD"
"ESQ","ESQUIRE FINANCIAL HOLDINGS INC","Financials","Equity","107,836.06","0.00","107,836.06","12,023.00","-","United States","NASDAQ","CAD","-","USD"
"PRCT","PROCEPT BIOROBOTICS","Health Care","Equity","107,836.06","0.00","107,836.06","76,301.00","-","United States","NASDAQ","CAD","-","USD"
"AORT","ARTIVION","Health Care","Equity","107,140.35","0.00","107,140.35","61,918.00","-","United States","New York Stock Exchange Inc.","CAD","-","USD"
"TMP","TOMPKINS FINANCIAL CORP","Financials","Equity","107,140.35","0.00","107,140.35","15,108.00","-","United States","Nyse Mkt Llc","CAD","-","USD"
"VOR","VOR BIOPHARMA","Health Care","Equity","107,140.35","0.00","107,140.35","67,608.00","-","United States","NASDAQ","CAD","-","USD"
"INBX","INHIBRX BIOSCIENCES INC","Health Care","Equity","106,444.63","0.00","106,444.63","13,975.00","-","United States","NASDAQ","CAD","-","USD"
"IE","IVANHOE ELECTRIC","Materials","Equity","106,444.63","0.00","106,444.63","154,574.00","-","United States","Nyse Mkt Llc","CAD","-","USD"
"UPWK","UPWORK","Industrials","Equity","106,444.63","0.00","106,444.63","172,826.00","-","United States","NASDAQ","CAD","-","USD"
"CBL","CBL ASSOCIATES PROPERTIES","Real Estate","Equity","105,748.91","0.00","105,748.91","27,158.00","-","United States","New York Stock Exchange Inc.","CAD","-","USD"
"CCNE","CNB FINANCIAL CORP","Financials","Equity","105,748.91","0.00","105,748.91","42,882.00","-","United States","NASDAQ","CAD","-","USD"
"CLBK","COLUMBIA FINANCIAL INC","Financials","Equity","105,748.91","0.00","105,748.91","126,103.00","-","United States","NASDAQ","CAD","-","USD"
"ORRF","ORRSTOWN FINANCIAL SERVICES INC","Financials","Equity","105,748.91","0.00","105,748.91","34,924.00","-","United States","NASDAQ","CAD","-","USD"
"REPL","REPLIMUNE GROUP","Health Care","Equity","105,748.91","0.00","105,748.91","113,086.00","-","United States","NASDAQ","CAD","-","USD"
"TDOC","TELADOC HEALTH INC","Health Care","Equity","105,748.91","0.00","105,748.91","233,028.00","-","United States","New York Stock Exchange Inc.","CAD","-","USD"
"TRUP","TRUPANION","Financials","Equity","105,748.91","0.00","105,748.91","57,032.00","-","United States","NASDAQ","CAD","-","USD"
"MUX","MCEWEN INC","Materials","Equity","105,053.20","0.00","105,053.20","78,011.00","-","United States","New York Stock Exchange Inc.","CAD","-","USD"
"NAVN","NAVAN CLASS A","Consumer Discretionary","Equity","105,053.20","0.00","105,053.20","65,433.00","-","United States","NASDAQ","CAD","-","USD"
"SGRY","SURGERY PARTNERS","Health Care","Equity","105,053.20","0.00","105,053.20","108,507.00","-","United States","NASDAQ","CAD","-","USD"
"UTI","UNIVERSAL TECHNICAL INSTITUTE","Consumer Discretionary","Equity","105,053.20","0.00","105,053.20","69,729.00","-","United States","New York Stock Exchange Inc.","CAD","-","USD"
"LQDT","LIQUIDITY SERVICES INC","Industrials","Equity","104,357.48","0.00","104,357.48","33,313.00","-","United States","NASDAQ","CAD","-","USD"
"NBN","NORTHEAST BANK","Financials","Equity","104,357.48","0.00","104,357.48","10,903.00","-","United States","NASDAQ","CAD","-","USD"
"RYZ","RYERSON HOLDING","Materials","Equity","104,357.48","0.00","104,357.48","58,522.00","-","United States","New York Stock Exchange Inc.","CAD","-","USD"
"SAH","SONIC AUTOMOTIVE INC CLASS A","Consumer Discretionary","Equity","104,357.48","0.00","104,357.48","21,866.00","-","United States","New York Stock Exchange Inc.","CAD","-","USD"
"REAL","THE REALREAL","Consumer Discretionary","Equity","104,357.48","0.00","104,357.48","152,502.00","-","United States","NASDAQ","CAD","-","USD"
"ENOV","ENOVIS CORP","Health Care","Equity","103,661.76","0.00","103,661.76","80,520.00","-","United States","New York Stock Exchange Inc.","CAD","-","USD"
"VYX","NCR VOYIX","Information Technology","Equity","103,661.76","0.00","103,661.76","206,462.00","-","United States","New York Stock Exchange Inc.","CAD","-","USD"
"QNST","QUINSTREET INC","Communication","Equity","103,661.76","0.00","103,661.76","81,100.00","-","United States","NASDAQ","CAD","-","USD"
"RBCAA","REPUBLIC BANCORP INC CLASS A","Financials","Equity","103,661.76","0.00","103,661.76","15,197.00","-","United States","NASDAQ","CAD","-","USD"
"UFCS","UNITED FIRE GROUP INC","Financials","Equity","103,661.76","0.00","103,661.76","26,365.00","-","United States","NASDAQ","CAD","-","USD"
"UTL","UNITIL CORP","Utilities","Equity","103,661.76","0.00","103,661.76","26,863.00","-","United States","New York Stock Exchange Inc.","CAD","-","USD"
"UVV","UNIVERSAL","Consumer Staples","Equity","103,661.76","0.00","103,661.76","32,278.00","-","United States","New York Stock Exchange Inc.","CAD","-","USD"
"VTOL","BRISTOW GROUP","Energy","Equity","102,966.05","0.00","102,966.05","34,212.00","-","United States","New York Stock Exchange Inc.","CAD","-","USD"
"NWPX","NWPX INFRASTRUCTURE","Industrials","Equity","102,966.05","0.00","102,966.05","13,810.00","-","United States","NASDAQ","CAD","-","USD"
"PSTL","POSTAL REALTY TRUST CLASS A","Real Estate","Equity","102,966.05","0.00","102,966.05","58,707.00","-","United States","New York Stock Exchange Inc.","CAD","-","USD"
"PRSU","PURSUIT ATTRACTIONS AND HOSPITALIT","Consumer Discretionary","Equity","102,966.05","0.00","102,966.05","28,970.00","-","United States","New York Stock Exchange Inc.","CAD","-","USD"
"CRK","COMSTOCK RESOURCES","Energy","Equity","102,270.33","0.00","102,270.33","108,963.00","-","United States","New York Stock Exchange Inc.","CAD","-","USD"
"AGL","AGILON HEALTH","Health Care","Equity","101,574.61","0.00","101,574.61","15,701.00","-","United States","New York Stock Exchange Inc.","CAD","-","USD"
"AVBP","ARRIVENT BIOPHARMA","Health Care","Equity","101,574.61","0.00","101,574.61","49,451.00","-","United States","NASDAQ","CAD","-","USD"
"AROW","ARROW FINANCIAL CORP","Financials","Equity","101,574.61","0.00","101,574.61","36,770.00","-","United States","NASDAQ","CAD","-","USD"
"CNA","CNA FINANCIAL CORP","Financials","Equity","101,574.61","0.00","101,574.61","29,003.00","-","United States","New York Stock Exchange Inc.","CAD","-","USD"
"CBRL","CRACKER BARREL OLD COUNTRY STORE I","Consumer Discretionary","Equity","101,574.61","0.00","101,574.61","32,023.00","-","United States","NASDAQ","CAD","-","USD"
"APEI","AMERICAN PUBLIC EDUCATION","Consumer Discretionary","Equity","100,878.90","0.00","100,878.90","31,419.00","-","United States","NASDAQ","CAD","-","USD"
"AVAH","AVEANNA HEALTHCARE HOLDINGS INC","Health Care","Equity","100,878.90","0.00","100,878.90","99,663.00","-","United States","NASDAQ","CAD","-","USD"
"BHRB","BURKE HERBERT FINANCIAL SERVICES C","Financials","Equity","100,878.90","0.00","100,878.90","19,704.00","-","United States","NASDAQ","CAD","-","USD"
"CADL","CANDEL THERAPEUTICS INC","Health Care","Equity","100,878.90","0.00","100,878.90","122,471.00","-","United States","NASDAQ","CAD","-","USD"
"CRI","CARTERS","Consumer Discretionary","Equity","100,878.90","0.00","100,878.90","46,831.00","-","United States","New York Stock Exchange Inc.","CAD","-","USD"
"CBC","CENTRAL BANCOMPANY CLASS A","Financials","Equity","100,878.90","0.00","100,878.90","43,942.00","-","United States","NASDAQ","CAD","-","USD"
"DLX","DELUXE","Industrials","Equity","100,878.90","0.00","100,878.90","58,342.00","-","United States","New York Stock Exchange Inc.","CAD","-","USD"
"FMNB","FARMERS NATIONAL BANC CORP","Financials","Equity","100,878.90","0.00","100,878.90","88,726.00","-","United States","NASDAQ","CAD","-","USD"
"LADR","LADDER CAPITAL CORP CLASS A","Financials","Equity","100,878.90","0.00","100,878.90","146,259.00","-","United States","New York Stock Exchange Inc.","CAD","-","USD"
"PLPC","PREFORMED LINE PRODUCTS","Industrials","Equity","100,878.90","0.00","100,878.90","3,377.00","-","United States","NASDAQ","CAD","-","USD"
"STAA","STAAR SURGICAL","Health Care","Equity","100,878.90","0.00","100,878.90","65,459.00","-","United States","NASDAQ","CAD","-","USD"
"IART","INTEGRA LIFESCIENCES HOLDINGS","Health Care","Equity","100,183.18","0.00","100,183.18","91,612.00","-","United States","NASDAQ","CAD","-","USD"
"NEXT","NEXTDECADE","Energy","Equity","100,183.18","0.00","100,183.18","197,451.00","-","United States","NASDAQ","CAD","-","USD"
"CFFN","CAPITOL FEDERAL FINANCIAL INC","Financials","Equity","99,487.47","0.00","99,487.47","155,013.00","-","United States","NASDAQ","CAD","-","USD"
"CRVS","CORVUS PHARMACEUTICALS","Health Care","Equity","99,487.47","0.00","99,487.47","109,070.00","-","United States","NASDAQ","CAD","-","USD"
"MBWM","MERCANTILE BANK CORP","Financials","Equity","98,791.75","0.00","98,791.75","22,536.00","-","United States","NASDAQ","CAD","-","USD"
"MCB","METROPOLITAN BANK HOLDING CORP","Financials","Equity","98,791.75","0.00","98,791.75","15,374.00","-","United States","New York Stock Exchange Inc.","CAD","-","USD"
"PUMP","PROPETRO HOLDING","Energy","Equity","98,791.75","0.00","98,791.75","130,312.00","-","United States","New York Stock Exchange Inc.","CAD","-","USD"
"TFSL","TFS FINANCIAL CORP","Financials","Equity","98,791.75","0.00","98,791.75","81,070.00","-","United States","NASDAQ","CAD","-","USD"
"ABUS","ARBUTUS BIOPHARMA CORP","Health Care","Equity","98,096.03","0.00","98,096.03","266,170.00","-","United States","NASDAQ","CAD","-","USD"
"GO","GROCERY OUTLET HOLDING","Consumer Staples","Equity","98,096.03","0.00","98,096.03","116,087.00","-","United States","NASDAQ","CAD","-","USD"
"PCB","PCB BANCORP","Financials","Equity","98,096.03","0.00","98,096.03","48,755.00","-","United States","NASDAQ","CAD","-","USD"
"UTZ","UTZ BRANDS CLASS A","Consumer Staples","Equity","98,096.03","0.00","98,096.03","94,502.00","-","United States","New York Stock Exchange Inc.","CAD","-","USD"
"XPEL","XPEL","Consumer Discretionary","Equity","98,096.03","0.00","98,096.03","30,484.00","-","United States","NASDAQ","CAD","-","USD"
"BWB","BRIDGEWATER BANCSHARES INC","Financials","Equity","98,096.03","0.00","98,096.03","64,793.00","-","United States","NASDAQ","CAD","-","USD"
"AVTX","AVALO THERAPEUTICS","Health Care","Equity","97,400.32","0.00","97,400.32","80,356.00","-","United States","NASDAQ","CAD","-","USD"
"SEB","SEABOARD","Consumer Staples","Equity","97,400.32","0.00","97,400.32","316.00","-","United States","Nyse Mkt Llc","CAD","-","USD"
"HTFL","HEARTFLOW","Health Care","Equity","96,704.60","0.00","96,704.60","26,938.00","-","United States","NASDAQ","CAD","-","USD"
"NPK","NATIONAL PRESTO INDUSTRIES INC","Industrials","Equity","96,704.60","0.00","96,704.60","8,776.00","-","United States","New York Stock Exchange Inc.","CAD","-","USD"
"RCAT","RED CAT HOLDINGS INC","Industrials","Equity","96,704.60","0.00","96,704.60","188,451.00","-","United States","NASDAQ","CAD","-","USD"
"BHB","BAR HARBOR BANKSHARES","Financials","Equity","96,008.88","0.00","96,008.88","32,722.00","-","United States","Nyse Mkt Llc","CAD","-","USD"
"PLOW","DOUGLAS DYNAMICS INC","Industrials","Equity","96,008.88","0.00","96,008.88","33,297.00","-","United States","New York Stock Exchange Inc.","CAD","-","USD"
"GPRE","GREEN PLAINS","Energy","Equity","96,008.88","0.00","96,008.88","88,010.00","-","United States","NASDAQ","CAD","-","USD"
"HZO","MARINEMAX INC","Consumer Discretionary","Equity","96,008.88","0.00","96,008.88","25,360.00","-","United States","New York Stock Exchange Inc.","CAD","-","USD"
"TRIP","TRIPADVISOR","Communication","Equity","96,008.88","0.00","96,008.88","148,969.00","-","United States","NASDAQ","CAD","-","USD"
"VSTM","VERASTEM INC","Health Care","Equity","96,008.88","0.00","96,008.88","174,814.00","-","United States","NASDAQ","CAD","-","USD"
"VRTS","VIRTUS INVESTMENT PARTNERS","Financials","Equity","96,008.88","0.00","96,008.88","10,329.00","-","United States","New York Stock Exchange Inc.","CAD","-","USD"
"MSEX","MIDDLESEX WATER","Utilities","Equity","95,313.17","0.00","95,313.17","23,306.00","-","United States","NASDAQ","CAD","-","USD"
"UMAC","UNUSUAL MACHINES INC","Information Technology","Equity","95,313.17","0.00","95,313.17","55,065.00","-","United States","Nyse Mkt Llc","CAD","-","USD"
"INVX","INNOVEX INTERNATIONAL INC","Energy","Equity","94,617.45","0.00","94,617.45","44,593.00","-","United States","New York Stock Exchange Inc.","CAD","-","USD"
"NP","NEPTUNE INSURANCE HOLDINGS CLASS A","Financials","Equity","94,617.45","0.00","94,617.45","43,307.00","-","United States","New York Stock Exchange Inc.","CAD","-","USD"
"RRBI","RED RIVER BANCSHARES INC","Financials","Equity","94,617.45","0.00","94,617.45","12,750.00","-","United States","NASDAQ","CAD","-","USD"
"BKV","BKV","Energy","Equity","93,921.73","0.00","93,921.73","56,827.00","-","United States","New York Stock Exchange Inc.","CAD","-","USD"
"FG","F&G ANNUITIES AND LIFE INC","Financials","Equity","93,921.73","0.00","93,921.73","55,202.00","-","United States","New York Stock Exchange Inc.","CAD","-","USD"
"HTB","HOMETRUST BANCSHARES INC","Financials","Equity","93,921.73","0.00","93,921.73","27,489.00","-","United States","New York Stock Exchange Inc.","CAD","-","USD"
"TGLS","TECNOGLASS HOLDINGS","Industrials","Equity","93,921.73","0.00","93,921.73","35,638.00","-","United States","New York Stock Exchange Inc.","CAD","-","USD"
"MTUS","METALLUS INC","Materials","Equity","93,921.73","0.00","93,921.73","66,766.00","-","United States","New York Stock Exchange Inc.","CAD","-","USD"
"LILAK","LIBERTY LATIN AMERICA CLASS C","Communication","Equity","93,921.73","0.00","93,921.73","150,907.00","-","United States","NASDAQ","CAD","-","USD"
"PWP","PERELLA WEINBERG PARTNERS CLASS A","Financials","Equity","93,921.73","0.00","93,921.73","101,313.00","-","United States","NASDAQ","CAD","-","USD"
"ANGO","ANGIODYNAMICS","Health Care","Equity","93,226.02","0.00","93,226.02","83,932.00","-","United States","NASDAQ","CAD","-","USD"
"CSTL","CASTLE BIOSCIENCES","Health Care","Equity","93,226.02","0.00","93,226.02","34,955.00","-","United States","NASDAQ","CAD","-","USD"
"CCO","CLEAR CHANNEL OUTDOOR HOLDINGS INC","Communication","Equity","93,226.02","0.00","93,226.02","539,086.00","-","United States","New York Stock Exchange Inc.","CAD","-","USD"
"LGIH","LGI HOMES","Consumer Discretionary","Equity","92,530.30","0.00","92,530.30","25,969.00","-","United States","NASDAQ","CAD","-","USD"
"NECB","NORTHEAST COMMUNITY BANCORP INC","Financials","Equity","92,530.30","0.00","92,530.30","46,654.00","-","United States","NASDAQ","CAD","-","USD"
"TH","TARGET HOSPITALITY","Consumer Discretionary","Equity","92,530.30","0.00","92,530.30","61,394.00","-","United States","NASDAQ","CAD","-","USD"
"CASS","CASS INFORMATION SYSTEMS INC","Financials","Equity","91,834.58","0.00","91,834.58","22,760.00","-","United States","NASDAQ","CAD","-","USD"
"CERT","CERTARA","Health Care","Equity","91,834.58","0.00","91,834.58","147,172.00","-","United States","NASDAQ","CAD","-","USD"
"LCID","LUCID GROUP","Consumer Discretionary","Equity","91,834.58","0.00","91,834.58","296,714.00","-","United States","NASDAQ","CAD","-","USD"
"PRKS","UNITED PARKS AND RESORTS","Consumer Discretionary","Equity","91,834.58","0.00","91,834.58","35,557.00","-","United States","New York Stock Exchange Inc.","CAD","-","USD"
"ALH","ALLIANCE LAUNDRY HOLDINGS","Industrials","Equity","91,138.87","0.00","91,138.87","58,616.00","-","United States","New York Stock Exchange Inc.","CAD","-","USD"
"APOG","APOGEE ENTERPRISES INC","Industrials","Equity","91,138.87","0.00","91,138.87","33,391.00","-","United States","NASDAQ","CAD","-","USD"
"BLZE","BACKBLAZE INC CLASS A","Information Technology","Equity","91,138.87","0.00","91,138.87","90,954.00","-","United States","NASDAQ","CAD","-","USD"
"CSR","CENTERSPACE","Real Estate","Equity","91,138.87","0.00","91,138.87","22,110.00","-","United States","New York Stock Exchange Inc.","CAD","-","USD"
"GEF B","GREIF INC CLASS B","Materials","Equity","91,138.87","0.00","91,138.87","11,479.00","-","United States","New York Stock Exchange Inc.","CAD","-","USD"
"CLDT","CHATHAM LODGING TRUST REIT","Real Estate","Equity","90,443.15","0.00","90,443.15","97,404.00","-","United States","New York Stock Exchange Inc.","CAD","-","USD"
"AESI","ATLAS ENERGY SOLUTIONS","Energy","Equity","90,443.15","0.00","90,443.15","93,068.00","-","United States","New York Stock Exchange Inc.","CAD","-","USD"
"SMPL","THE SIMPLY GOOD FOODS COMPANY","Consumer Staples","Equity","90,443.15","0.00","90,443.15","124,202.00","-","United States","NASDAQ","CAD","-","USD"
"ACRS","ACLARIS THERAPEUTICS","Health Care","Equity","89,747.43","0.00","89,747.43","228,941.00","-","United States","NASDAQ","CAD","-","USD"
"ARDX","ARDELYX","Health Care","Equity","89,747.43","0.00","89,747.43","366,244.00","-","United States","NASDAQ","CAD","-","USD"
"DEC","DIVERSIFIED ENERGY COMPANY","Energy","Equity","89,747.43","0.00","89,747.43","88,929.00","-","United States","New York Stock Exchange Inc.","CAD","-","USD"
"TE","T1 ENERGY","Information Technology","Equity","89,747.43","0.00","89,747.43","288,933.00","-","United States","New York Stock Exchange Inc.","CAD","-","USD"
"MTW","MANITOWOC INC","Industrials","Equity","89,747.43","0.00","89,747.43","56,706.00","-","United States","New York Stock Exchange Inc.","CAD","-","USD"
"MPB","MID PENN BANCORP INC","Financials","Equity","89,747.43","0.00","89,747.43","33,593.00","-","United States","NASDAQ","CAD","-","USD"
"TRST","TRUSTCO BANK CORP","Financials","Equity","89,747.43","0.00","89,747.43","22,008.00","-","United States","NASDAQ","CAD","-","USD"
"WASH","WASHINGTON TRUST BANCORP INC","Financials","Equity","89,747.43","0.00","89,747.43","31,339.00","-","United States","NASDAQ","CAD","-","USD"
"NIQ","NIQ GLOBAL INTELLIGENCE PLC","Communication","Equity","89,747.43","0.00","89,747.43","68,893.00","-","United States","New York Stock Exchange Inc.","CAD","-","USD"
"COTY","COTY INC CLASS A","Consumer Staples","Equity","89,051.72","0.00","89,051.72","501,136.00","-","United States","New York Stock Exchange Inc.","CAD","-","USD"
"DAKT","DAKTRONICS INC","Information Technology","Equity","89,051.72","0.00","89,051.72","70,458.00","-","United States","NASDAQ","CAD","-","USD"
"EGBN","EAGLE BANCORP","Financials","Equity","89,051.72","0.00","89,051.72","43,514.00","-","United States","NASDAQ","CAD","-","USD"
"FDMT","4D MOLECULAR THERAPEUTICS INC","Health Care","Equity","89,051.72","0.00","89,051.72","83,582.00","-","United States","NASDAQ","CAD","-","USD"
"SXC","SUNCOKE ENERGY INC","Materials","Equity","89,051.72","0.00","89,051.72","127,246.00","-","United States","New York Stock Exchange Inc.","CAD","-","USD"
"VERX","VERTEX CLASS A","Information Technology","Equity","89,051.72","0.00","89,051.72","100,108.00","-","United States","NASDAQ","CAD","-","USD"
"JBIO","JADE BIOSCIENCES","Health Care","Equity","88,356.00","0.00","88,356.00","71,179.00","-","United States","NASDAQ","CAD","-","USD"
"BZH","BEAZER HOMES","Consumer Discretionary","Equity","88,356.00","0.00","88,356.00","36,609.00","-","United States","New York Stock Exchange Inc.","CAD","-","USD"
"EIG","EMPLOYERS HOLDINGS","Financials","Equity","88,356.00","0.00","88,356.00","24,608.00","-","United States","New York Stock Exchange Inc.","CAD","-","USD"
"GHM","GRAHAM CORP","Industrials","Equity","88,356.00","0.00","88,356.00","14,550.00","-","United States","New York Stock Exchange Inc.","CAD","-","USD"
"MCHB","MECHANICS BANCORP CLASS A","Financials","Equity","88,356.00","0.00","88,356.00","78,953.00","-","United States","NASDAQ","CAD","-","USD"
"IBCP","INDEPENDENT BANK CORP","Financials","Equity","88,356.00","0.00","88,356.00","33,770.00","-","United States","NASDAQ","CAD","-","USD"
"OI","O I GLASS","Materials","Equity","88,356.00","0.00","88,356.00","196,658.00","-","United States","New York Stock Exchange Inc.","CAD","-","USD"
"OPK","OPKO HEALTH","Health Care","Equity","88,356.00","0.00","88,356.00","751,229.00","-","United States","NASDAQ","CAD","-","USD"
"SMP","STANDARD MOTOR PRODUCTS INC","Consumer Discretionary","Equity","88,356.00","0.00","88,356.00","32,618.00","-","United States","New York Stock Exchange Inc.","CAD","-","USD"
"UA","UNDER ARMOUR INC CLASS C","Consumer Discretionary","Equity","88,356.00","0.00","88,356.00","251,894.00","-","United States","New York Stock Exchange Inc.","CAD","-","USD"
"AURA","AURA BIOSCIENCES","Health Care","Equity","87,660.28","0.00","87,660.28","182,863.00","-","United States","NASDAQ","CAD","-","USD"
"KOP","KOPPERS HOLDINGS INC","Materials","Equity","87,660.28","0.00","87,660.28","26,167.00","-","United States","New York Stock Exchange Inc.","CAD","-","USD"
"NAVI","NAVIENT","Financials","Equity","87,660.28","0.00","87,660.28","122,688.00","-","United States","NASDAQ","CAD","-","USD"
"GOLD","GOLD INC","Consumer Discretionary","Equity","86,964.57","0.00","86,964.57","25,616.00","-","United States","New York Stock Exchange Inc.","CAD","-","USD"
"FSUN","FIRSTSUN CAPITAL BANCORP","Financials","Equity","86,964.57","0.00","86,964.57","30,309.00","-","United States","NASDAQ","CAD","-","USD"
"UPBD","UPBOUND GROUP","Consumer Discretionary","Equity","86,964.57","0.00","86,964.57","68,049.00","-","United States","NASDAQ","CAD","-","USD"
"MWH","SOLV ENERGY CLASS A INC","Industrials","Equity","86,964.57","0.00","86,964.57","46,620.00","-","United States","NASDAQ","CAD","-","USD"
"SABR","SABRE","Consumer Discretionary","Equity","86,964.57","0.00","86,964.57","515,908.00","-","United States","NASDAQ","CAD","-","USD"
"BBSI","BARRETT BUSINESS SERVICES INC","Industrials","Equity","86,268.85","0.00","86,268.85","35,620.00","-","United States","NASDAQ","CAD","-","USD"
"CIM","CHIMERA INVESTMENT","Financials","Equity","86,268.85","0.00","86,268.85","108,160.00","-","United States","New York Stock Exchange Inc.","CAD","-","USD"
"CRSR","CORSAIR GAMING INC","Information Technology","Equity","86,268.85","0.00","86,268.85","88,323.00","-","United States","NASDAQ","CAD","-","USD"
"NX","QUANEX BUILDING PRODUCTS CORP","Industrials","Equity","86,268.85","0.00","86,268.85","57,935.00","-","United States","New York Stock Exchange Inc.","CAD","-","USD"
"PRAA","PRA GROUP INC","Financials","Equity","85,573.13","0.00","85,573.13","57,515.00","-","United States","NASDAQ","CAD","-","USD"
"PCT","PURECYCLE TECHNOLOGIES","Materials","Equity","85,573.13","0.00","85,573.13","207,004.00","-","United States","NASDAQ","CAD","-","USD"
"SEPN","SEPTERNA","Health Care","Equity","85,573.13","0.00","85,573.13","29,795.00","-","United States","NASDAQ","CAD","-","USD"
"STGW","STAGWELL CLASS A","Communication","Equity","85,573.13","0.00","85,573.13","142,455.00","-","United States","NASDAQ","CAD","-","USD"
"ANRO","ALTO NEUROSCIENCE INC","Health Care","Equity","84,877.42","0.00","84,877.42","37,736.00","-","United States","New York Stock Exchange Inc.","CAD","-","USD"
"ALT","ALTIMMUNE INC","Health Care","Equity","84,181.70","0.00","84,181.70","358,880.00","-","United States","NASDAQ","CAD","-","USD"
"AMPH","AMPHASTAR PHARMACEUTICALS","Health Care","Equity","84,181.70","0.00","84,181.70","48,762.00","-","United States","NASDAQ","CAD","-","USD"
"EE","EXCELERATE ENERGY CLASS A","Energy","Equity","84,181.70","0.00","84,181.70","31,643.00","-","United States","New York Stock Exchange Inc.","CAD","-","USD"
"FET","FORUM ENERGY TECHNOLOGIES INC","Energy","Equity","84,181.70","0.00","84,181.70","14,130.00","-","United States","New York Stock Exchange Inc.","CAD","-","USD"
"HRTG","HERITAGE INSURANCE HOLDINGS INC","Financials","Equity","84,181.70","0.00","84,181.70","32,716.00","-","United States","New York Stock Exchange Inc.","CAD","-","USD"
"JANX","JANUX THERAPEUTICS","Health Care","Equity","84,181.70","0.00","84,181.70","68,833.00","-","United States","NASDAQ","CAD","-","USD"
"BBNX","BETA BIONICS","Health Care","Equity","83,485.98","0.00","83,485.98","53,733.00","-","United States","NASDAQ","CAD","-","USD"
"CBFV","CB FINANCIAL SERVICES INC","Financials","Equity","83,485.98","0.00","83,485.98","30,856.00","-","United States","NASDAQ","CAD","-","USD"
"CTOS","CUSTOM TRUCK ONE SOURCE","Industrials","Equity","83,485.98","0.00","83,485.98","126,058.00","-","United States","New York Stock Exchange Inc.","CAD","-","USD"
"SMBC","SOUTHERN MISSOURI BANCORP INC","Financials","Equity","83,485.98","0.00","83,485.98","15,866.00","-","United States","NASDAQ","CAD","-","USD"
"TR","TOOTSIE ROLL INDUSTRIES","Consumer Staples","Equity","83,485.98","0.00","83,485.98","30,675.00","-","United States","New York Stock Exchange Inc.","CAD","-","USD"
"WSBF","WATERSTONE FINANCIAL INC","Financials","Equity","83,485.98","0.00","83,485.98","55,669.00","-","United States","NASDAQ","CAD","-","USD"
"XE","X-ENERGY INC CLASS A","Industrials","Equity","83,485.98","0.00","83,485.98","70,645.00","-","United States","NASDAQ","CAD","-","USD"
"CEVA","CEVA","Information Technology","Equity","82,790.27","0.00","82,790.27","38,132.00","-","United States","NASDAQ","CAD","-","USD"
"KFRC","KFORCE","Industrials","Equity","82,790.27","0.00","82,790.27","22,180.00","-","United States","New York Stock Exchange Inc.","CAD","-","USD"
"SLDE","SLIDE INSURANCE HOLDINGS","Financials","Equity","82,790.27","0.00","82,790.27","45,534.00","-","United States","NASDAQ","CAD","-","USD"
"TYRA","TYRA BIOSCIENCES","Health Care","Equity","82,790.27","0.00","82,790.27","46,838.00","-","United States","NASDAQ","CAD","-","USD"
"AMRC","AMERESCO INC CLASS A","Industrials","Equity","82,094.55","0.00","82,094.55","47,608.00","-","United States","New York Stock Exchange Inc.","CAD","-","USD"
"MRTN","MARTEN TRANSPORT","Industrials","Equity","82,094.55","0.00","82,094.55","83,300.00","-","United States","NASDAQ","CAD","-","USD"
"GLUE","MONTE ROSA THERAPEUTICS","Health Care","Equity","82,094.55","0.00","82,094.55","89,754.00","-","United States","NASDAQ","CAD","-","USD"
"CDRE","CADRE HOLDINGS INC","Industrials","Equity","81,398.84","0.00","81,398.84","42,872.00","-","United States","New York Stock Exchange Inc.","CAD","-","USD"
"TDAY","USA TODAY INC","Communication","Equity","81,398.84","0.00","81,398.84","177,357.00","-","United States","New York Stock Exchange Inc.","CAD","-","USD"
"AVO","MISSION PRODUCE INC","Consumer Staples","Equity","81,398.84","0.00","81,398.84","90,182.00","-","United States","NASDAQ","CAD","-","USD"
"SBSI","SOUTHSIDE BANCSHARES INC","Financials","Equity","81,398.84","0.00","81,398.84","35,637.00","-","United States","New York Stock Exchange Inc.","CAD","-","USD"
"WTI","W AND T OFFSHORE","Energy","Equity","81,398.84","0.00","81,398.84","285,855.00","-","United States","New York Stock Exchange Inc.","CAD","-","USD"
"GRND","GRINDR INC","Communication","Equity","81,398.84","0.00","81,398.84","72,367.00","-","United States","New York Stock Exchange Inc.","CAD","-","USD"
"ALRS","ALERUS FINANCIAL CORP","Financials","Equity","80,703.12","0.00","80,703.12","33,946.00","-","United States","NASDAQ","CAD","-","USD"
"ASTE","ASTEC INDUSTRIES","Industrials","Equity","80,703.12","0.00","80,703.12","27,100.00","-","United States","NASDAQ","CAD","-","USD"
"CMP","COMPASS MINERALS INTERNATIONAL","Materials","Equity","80,703.12","0.00","80,703.12","46,658.00","-","United States","New York Stock Exchange Inc.","CAD","-","USD"
"MFA","MFA FINANCIAL","Financials","Equity","80,703.12","0.00","80,703.12","131,464.00","-","United States","New York Stock Exchange Inc.","CAD","-","USD"
"MITK","MITEK SYSTEMS INC","Information Technology","Equity","80,703.12","0.00","80,703.12","64,438.00","-","United States","NASDAQ","CAD","-","USD"
"ODC","OIL DRI CORPORATION OF AMERICA","Consumer Staples","Equity","80,703.12","0.00","80,703.12","12,721.00","-","United States","New York Stock Exchange Inc.","CAD","-","USD"
"SVC","SERVICE PROPERTIES TRUST","Real Estate","Equity","80,007.40","0.00","80,007.40","168,560.00","-","United States","NASDAQ","CAD","-","USD"
"WVE","WAVE LIFE SCIENCES INC","Health Care","Equity","80,007.40","0.00","80,007.40","248,539.00","-","United States","NASDAQ","CAD","-","USD"
"CYRX","CRYOPORT","Health Care","Equity","79,311.69","0.00","79,311.69","65,342.00","-","United States","NASDAQ","CAD","-","USD"
"DC","DAKOTA GOLD CORP","Materials","Equity","79,311.69","0.00","79,311.69","180,496.00","-","United States","Nyse Mkt Llc","CAD","-","USD"
"RGR","STURM RUGER","Consumer Discretionary","Equity","79,311.69","0.00","79,311.69","27,279.00","-","United States","New York Stock Exchange Inc.","CAD","-","USD"
"CLVT","CLARIVATE PLC","Industrials","Equity","79,311.69","0.00","79,311.69","576,756.00","-","United States","New York Stock Exchange Inc.","CAD","-","USD"
"BW","BABCOCK AND WILCOX ENTERPRISES","Industrials","Equity","78,615.97","0.00","78,615.97","148,080.00","-","United States","New York Stock Exchange Inc.","CAD","-","USD"
"FOXF","FOX FACTORY HOLDING","Consumer Discretionary","Equity","78,615.97","0.00","78,615.97","55,736.00","-","United States","NASDAQ","CAD","-","USD"
"KOPN","KOPIN CORP","Information Technology","Equity","78,615.97","0.00","78,615.97","229,865.00","-","United States","NASDAQ","CAD","-","USD"
"MAZE","MAZE THERAPEUTICS","Health Care","Equity","78,615.97","0.00","78,615.97","46,307.00","-","United States","NASDAQ","CAD","-","USD"
"BETA","BETA TECHNOLOGIES CLASS A","Industrials","Equity","77,920.25","0.00","77,920.25","49,494.00","-","United States","New York Stock Exchange Inc.","CAD","-","USD"
"DGICA","DONEGAL GROUP INC CLASS A","Financials","Equity","77,920.25","0.00","77,920.25","56,959.00","-","United States","NASDAQ","CAD","-","USD"
"WMK","WEIS MARKETS","Consumer Staples","Equity","77,920.25","0.00","77,920.25","14,733.00","-","United States","New York Stock Exchange Inc.","CAD","-","USD"
"ADAM","ADAMAS","Financials","Equity","77,224.54","0.00","77,224.54","118,751.00","-","United States","NASDAQ","CAD","-","USD"
"AIP","ARTERIS INC","Information Technology","Equity","76,528.82","0.00","76,528.82","47,026.00","-","United States","NASDAQ","CAD","-","USD"
"BKSY","BLACKSKY TECHNOLOGY CLASS A","Industrials","Equity","76,528.82","0.00","76,528.82","46,332.00","-","United States","New York Stock Exchange Inc.","CAD","-","USD"
"FCBC","FIRST COMMUNITY BANKSHARES INC","Financials","Equity","76,528.82","0.00","76,528.82","22,469.00","-","United States","NASDAQ","CAD","-","USD"
"GDOT","GREEN DOT CLASS A","Financials","Equity","76,528.82","0.00","76,528.82","80,227.00","-","United States","New York Stock Exchange Inc.","CAD","-","USD"
"NVCT","NUVECTIS PHARMA INC","Health Care","Equity","76,528.82","0.00","76,528.82","49,263.00","-","United States","NASDAQ","CAD","-","USD"
"SAFE","SAFEHOLD INC","Real Estate","Equity","76,528.82","0.00","76,528.82","78,072.00","-","United States","New York Stock Exchange Inc.","CAD","-","USD"
"TTI","TETRA TECHNOLOGIES","Energy","Equity","76,528.82","0.00","76,528.82","171,766.00","-","United States","New York Stock Exchange Inc.","CAD","-","USD"
"GCMG","GCM GROSVENOR CLASS A","Financials","Equity","76,528.82","0.00","76,528.82","81,730.00","-","United States","NASDAQ","CAD","-","USD"
"WOLF","WOLFSPEED INC","Information Technology","Equity","75,833.10","0.00","75,833.10","43,993.00","-","United States","New York Stock Exchange Inc.","CAD","-","USD"
"LXFR","LUXFER HOLDINGS PLC","Industrials","Equity","75,833.10","0.00","75,833.10","60,796.00","-","United States","New York Stock Exchange Inc.","CAD","-","USD"
"HIPO","HIPPO HOLDINGS","Financials","Equity","75,833.10","0.00","75,833.10","32,548.00","-","United States","New York Stock Exchange Inc.","CAD","-","USD"
"MSBI","MIDLAND STATES BANCORP INC","Financials","Equity","75,833.10","0.00","75,833.10","31,137.00","-","United States","NASDAQ","CAD","-","USD"
"RVLV","REVOLVE GROUP CLASS A","Consumer Discretionary","Equity","75,833.10","0.00","75,833.10","49,838.00","-","United States","New York Stock Exchange Inc.","CAD","-","USD"
"RIGL","RIGEL PHARMACEUTICALS","Health Care","Equity","75,833.10","0.00","75,833.10","22,851.00","-","United States","NASDAQ","CAD","-","USD"
"MMI","MARCUS & MILLICHAP INC","Real Estate","Equity","75,137.39","0.00","75,137.39","34,006.00","-","United States","New York Stock Exchange Inc.","CAD","-","USD"
"SIBN","SI BONE","Health Care","Equity","75,137.39","0.00","75,137.39","57,395.00","-","United States","NASDAQ","CAD","-","USD"
"VPG","VISHAY PRECISION GROUP","Information Technology","Equity","75,137.39","0.00","75,137.39","16,718.00","-","United States","New York Stock Exchange Inc.","CAD","-","USD"
"WGO","WINNEBAGO INDUSTRIES","Consumer Discretionary","Equity","75,137.39","0.00","75,137.39","38,324.00","-","United States","New York Stock Exchange Inc.","CAD","-","USD"
"GLIBK","LIBERTY CAPITAL SERIES C","Communication","Equity","75,137.39","0.00","75,137.39","42,875.00","-","United States","NASDAQ","CAD","-","USD"
"BCML","BAYCOM CORP","Financials","Equity","74,441.67","0.00","74,441.67","33,735.00","-","United States","NASDAQ","CAD","-","USD"
"FLY","FIREFLY AEROSPACE","Industrials","Equity","74,441.67","0.00","74,441.67","47,134.00","-","United States","NASDAQ","CAD","-","USD"
"NTGR","NETGEAR","Information Technology","Equity","74,441.67","0.00","74,441.67","44,727.00","-","United States","NASDAQ","CAD","-","USD"
"BMRC","BANK OF MARIN BANCORP","Financials","Equity","73,745.95","0.00","73,745.95","35,712.00","-","United States","NASDAQ","CAD","-","USD"
"CCBG","CAPITAL CITY BANK INC","Financials","Equity","73,745.95","0.00","73,745.95","20,322.00","-","United States","NASDAQ","CAD","-","USD"
"MCS","THE MARCUS CORP","Communication","Equity","73,745.95","0.00","73,745.95","36,434.00","-","United States","New York Stock Exchange Inc.","CAD","-","USD"
"MNPR","MONOPAR THERAPEUTICS","Health Care","Equity","73,745.95","0.00","73,745.95","9,944.00","-","United States","NASDAQ","CAD","-","USD"
"NUAI","NEW ERA ENERGY AND DIGITAL INC","Energy","Equity","73,745.95","0.00","73,745.95","174,966.00","-","United States","NASDAQ","CAD","-","USD"
"OOMA","OOMA","Information Technology","Equity","73,745.95","0.00","73,745.95","45,615.00","-","United States","New York Stock Exchange Inc.","CAD","-","USD"
"RPD","RAPID7","Information Technology","Equity","73,745.95","0.00","73,745.95","81,589.00","-","United States","NASDAQ","CAD","-","USD"
"TRNS","TRANSCAT","Industrials","Equity","73,745.95","0.00","73,745.95","11,936.00","-","United States","NASDAQ","CAD","-","USD"
"KODK","EASTMAN KODAK","Information Technology","Equity","73,050.24","0.00","73,050.24","103,232.00","-","United States","New York Stock Exchange Inc.","CAD","-","USD"
"LYTS","LSI INDUSTRIES INC","Industrials","Equity","73,050.24","0.00","73,050.24","49,458.00","-","United States","NASDAQ","CAD","-","USD"
"PMT","PENNYMAC MORTGAGE INVESTMENT TRUST","Financials","Equity","73,050.24","0.00","73,050.24","112,784.00","-","United States","New York Stock Exchange Inc.","CAD","-","USD"
"PUBM","PUBMATIC CLASS A","Communication","Equity","73,050.24","0.00","73,050.24","58,256.00","-","United States","NASDAQ","CAD","-","USD"
"KMTS","KESTRA MEDICAL TECHNOLOGIES","Health Care","Equity","73,050.24","0.00","73,050.24","41,319.00","-","United States","NASDAQ","CAD","-","USD"
"COLL","COLLEGIUM PHARMACEUTICAL","Health Care","Equity","73,050.24","0.00","73,050.24","44,955.00","-","United States","NASDAQ","CAD","-","USD"
"BV","BRIGHTVIEW HOLDINGS","Industrials","Equity","72,354.52","0.00","72,354.52","92,110.00","-","United States","New York Stock Exchange Inc.","CAD","-","USD"
"BRSP","BRIGHTSPIRE CAPITAL CLASS A","Financials","Equity","72,354.52","0.00","72,354.52","238,953.00","-","United States","New York Stock Exchange Inc.","CAD","-","USD"
"QDEL","QUIDELORTHO CORP","Health Care","Equity","72,354.52","0.00","72,354.52","89,812.00","-","United States","NASDAQ","CAD","-","USD"
"DRVN","DRIVEN BRANDS HOLDINGS","Consumer Discretionary","Equity","72,354.52","0.00","72,354.52","81,195.00","-","United States","NASDAQ","CAD","-","USD"
"MYFW","FIRST WESTERN FINANCIAL INC","Financials","Equity","72,354.52","0.00","72,354.52","32,711.00","-","United States","NASDAQ","CAD","-","USD"
"IMMX","IMMIX BIOPHARMA","Health Care","Equity","72,354.52","0.00","72,354.52","78,723.00","-","United States","NASDAQ","CAD","-","USD"
"IVR","INVESCO MORTGAGE CAPITAL REIT INC","Financials","Equity","72,354.52","0.00","72,354.52","153,277.00","-","United States","New York Stock Exchange Inc.","CAD","-","USD"
"JBGS","JBG SMITH PROPERTIES","Real Estate","Equity","72,354.52","0.00","72,354.52","87,596.00","-","United States","New York Stock Exchange Inc.","CAD","-","USD"
"KRNY","KEARNY FINANCIAL CORP","Financials","Equity","72,354.52","0.00","72,354.52","103,668.00","-","United States","NASDAQ","CAD","-","USD"
"LXU","LSB INDUSTRIES","Materials","Equity","72,354.52","0.00","72,354.52","88,469.00","-","United States","New York Stock Exchange Inc.","CAD","-","USD"
"BPRN","PRINCETON BANCORP INC","Financials","Equity","72,354.52","0.00","72,354.52","22,980.00","-","United States","NASDAQ","CAD","-","USD"
"SLDB","SOLID BIOSCIENCES INC","Health Care","Equity","72,354.52","0.00","72,354.52","111,983.00","-","United States","NASDAQ","CAD","-","USD"
"VREX","VAREX IMAGING","Health Care","Equity","72,354.52","0.00","72,354.52","53,659.00","-","United States","NASDAQ","CAD","-","USD"
"WINA","WINMARK","Consumer Discretionary","Equity","72,354.52","0.00","72,354.52","3,395.00","-","United States","NASDAQ","CAD","-","USD"
"ALCO","ALICO INC","Consumer Staples","Equity","71,658.80","0.00","71,658.80","25,497.00","-","United States","NASDAQ","CAD","-","USD"
"FPI","FARMLAND PARTNERS INC","Real Estate","Equity","71,658.80","0.00","71,658.80","90,370.00","-","United States","New York Stock Exchange Inc.","CAD","-","USD"
"LINC","LINCOLN EDUCATIONAL SERVICES CORP","Consumer Discretionary","Equity","71,658.80","0.00","71,658.80","38,991.00","-","United States","NASDAQ","CAD","-","USD"
"NNE","NANO NUCLEAR ENERGY","Industrials","Equity","71,658.80","0.00","71,658.80","58,167.00","-","United States","NASDAQ","CAD","-","USD"
"EVLV","EVOLV TECHNOLOGIES HOLDINGS CLASS","Information Technology","Equity","70,963.09","0.00","70,963.09","194,202.00","-","United States","NASDAQ","CAD","-","USD"
"FIZZ","NATIONAL BEVERAGE","Consumer Staples","Equity","70,963.09","0.00","70,963.09","30,922.00","-","United States","NASDAQ","CAD","-","USD"
"LWLG","LIGHTWAVE LOGIC","Information Technology","Equity","70,267.37","0.00","70,267.37","192,722.00","-","United States","NASDAQ","CAD","-","USD"
"OLP","ONE LIBERTY PROPERTIES REIT INC","Real Estate","Equity","70,267.37","0.00","70,267.37","42,076.00","-","United States","New York Stock Exchange Inc.","CAD","-","USD"
"AVIR","ATEA PHARMACEUTICALS","Health Care","Equity","69,571.65","0.00","69,571.65","181,794.00","-","United States","NASDAQ","CAD","-","USD"
"CARS","CARS.COM INC","Communication","Equity","69,571.65","0.00","69,571.65","84,800.00","-","United States","New York Stock Exchange Inc.","CAD","-","USD"
"GERN","GERON","Health Care","Equity","69,571.65","0.00","69,571.65","726,470.00","-","United States","NASDAQ","CAD","-","USD"
"AVR","ANTERIS TECHNOLOGIES GLOBAL CORP","Health Care","Equity","68,875.94","0.00","68,875.94","112,486.00","-","United States","NASDAQ","CAD","-","USD"
"KELYA","KELLY SERVICES INC CLASS A","Industrials","Equity","68,875.94","0.00","68,875.94","58,501.00","-","United States","NASDAQ","CAD","-","USD"
"MLAB","MESA LABORATORIES","Health Care","Equity","68,875.94","0.00","68,875.94","7,458.00","-","United States","NASDAQ","CAD","-","USD"
"XMAX","XMAX INC","Consumer Discretionary","Equity","68,875.94","0.00","68,875.94","108,480.00","-","United States","NASDAQ","CAD","-","USD"
"OPY","OPPENHEIMER HOLDINGS NON VOTING CL","Financials","Equity","68,875.94","0.00","68,875.94","8,317.00","-","United States","New York Stock Exchange Inc.","CAD","-","USD"
"ROOT","ROOT INC CLASS A","Financials","Equity","68,875.94","0.00","68,875.94","18,760.00","-","United States","NASDAQ","CAD","-","USD"
"SG","SWEETGREEN CLASS A","Consumer Discretionary","Equity","68,875.94","0.00","68,875.94","138,459.00","-","United States","New York Stock Exchange Inc.","CAD","-","USD"
"NRGV","ENERGY VAULT HOLDINGS","Industrials","Equity","68,875.94","0.00","68,875.94","224,459.00","-","United States","New York Stock Exchange Inc.","CAD","-","USD"
"CCB","COASTAL FINANCIAL CORP","Financials","Equity","68,180.22","0.00","68,180.22","20,506.00","-","United States","NASDAQ","CAD","-","USD"
"XRN","CHIRON REAL ESTATE INC","Real Estate","Equity","68,180.22","0.00","68,180.22","26,125.00","-","United States","New York Stock Exchange Inc.","CAD","-","USD"
"MATW","MATTHEWS INTERNATIONAL CORP CLASS","Consumer Discretionary","Equity","68,180.22","0.00","68,180.22","46,584.00","-","United States","NASDAQ","CAD","-","USD"
"NWFL","NORWOOD FINANCIAL CORP","Financials","Equity","68,180.22","0.00","68,180.22","26,629.00","-","United States","NASDAQ","CAD","-","USD"
"SENEA","SENECA FOODS CLASS A","Consumer Staples","Equity","68,180.22","0.00","68,180.22","5,130.00","-","United States","NASDAQ","CAD","-","USD"
"INN","SUMMIT HOTEL PROPERTIES REIT INC","Real Estate","Equity","68,180.22","0.00","68,180.22","164,260.00","-","United States","New York Stock Exchange Inc.","CAD","-","USD"
"PAR","PAR TECHNOLOGY","Information Technology","Equity","67,484.50","0.00","67,484.50","58,005.00","-","United States","New York Stock Exchange Inc.","CAD","-","USD"
"SVRA","SAVARA","Health Care","Equity","67,484.50","0.00","67,484.50","170,929.00","-","United States","NASDAQ","CAD","-","USD"
"ACEL","ACCEL ENTERTAINMENT CLASS A","Consumer Discretionary","Equity","66,788.79","0.00","66,788.79","80,279.00","-","United States","New York Stock Exchange Inc.","CAD","-","USD"
"ANNX","ANNEXON","Health Care","Equity","66,788.79","0.00","66,788.79","220,076.00","-","United States","NASDAQ","CAD","-","USD"
"ATLC","ATLANTICUS HOLDINGS CORP","Financials","Equity","66,788.79","0.00","66,788.79","9,725.00","-","United States","NASDAQ","CAD","-","USD"
"CERS","CERUS CORP","Health Care","Equity","66,788.79","0.00","66,788.79","346,066.00","-","United States","NASDAQ","CAD","-","USD"
"GIC","GLOBAL INDUSTRIAL","Industrials","Equity","66,788.79","0.00","66,788.79","22,806.00","-","United States","New York Stock Exchange Inc.","CAD","-","USD"
"GSBC","GREAT SOUTHERN BANCORP INC","Financials","Equity","66,788.79","0.00","66,788.79","11,610.00","-","United States","NASDAQ","CAD","-","USD"
"OVID","OVID THERAPEUTICS","Health Care","Equity","66,788.79","0.00","66,788.79","342,820.00","-","United States","NASDAQ","CAD","-","USD"
"SWBI","SMITH WESSON BRANDS INC","Consumer Discretionary","Equity","66,788.79","0.00","66,788.79","68,937.00","-","United States","NASDAQ","CAD","-","USD"
"UAA","UNDER ARMOUR INC CLASS A","Consumer Discretionary","Equity","66,788.79","0.00","66,788.79","185,686.00","-","United States","New York Stock Exchange Inc.","CAD","-","USD"
"BLMN","BLOOMIN BRANDS INC","Consumer Discretionary","Equity","66,093.07","0.00","66,093.07","113,850.00","-","United States","NASDAQ","CAD","-","USD"
"CCSI","CONSENSUS CLOUD SOLUTIONS INC","Information Technology","Equity","66,093.07","0.00","66,093.07","25,287.00","-","United States","NASDAQ","CAD","-","USD"
"INDI","INDIE SEMICONDUCTOR INC CLASS A","Information Technology","Equity","66,093.07","0.00","66,093.07","291,980.00","-","United States","NASDAQ","CAD","-","USD"
"OSPN","ONESPAN","Information Technology","Equity","66,093.07","0.00","66,093.07","50,600.00","-","United States","NASDAQ","CAD","-","USD"
"BFS","SAUL CENTERS REIT INC","Real Estate","Equity","66,093.07","0.00","66,093.07","30,160.00","-","United States","New York Stock Exchange Inc.","CAD","-","USD"
"AVEX","AEVEX CORP CLASS A","Industrials","Equity","65,397.35","0.00","65,397.35","54,329.00","-","United States","New York Stock Exchange Inc.","CAD","-","USD"
"ZVRA","ZEVRA THERAPEUTICS INC","Health Care","Equity","65,397.35","0.00","65,397.35","76,500.00","-","United States","NASDAQ","CAD","-","USD"
"YEXT","YEXT","Information Technology","Equity","65,397.35","0.00","65,397.35","144,044.00","-","United States","New York Stock Exchange Inc.","CAD","-","USD"
"BLLN","BILLIONTOONE CLASS A","Health Care","Equity","64,701.64","0.00","64,701.64","8,032.00","-","United States","NASDAQ","CAD","-","USD"
"HPP","HUDSON PACIFIC PROPERTIES REIT","Real Estate","Equity","64,701.64","0.00","64,701.64","77,011.00","-","United States","New York Stock Exchange Inc.","CAD","-","USD"
"KE","KIMBALL ELECTRONICS INC","Information Technology","Equity","64,701.64","0.00","64,701.64","35,800.00","-","United States","NASDAQ","CAD","-","USD"
"LZ","LEGALZOOM COM","Industrials","Equity","64,701.64","0.00","64,701.64","147,052.00","-","United States","NASDAQ","CAD","-","USD"
"ALMS","ALUMIS","Health Care","Equity","64,005.92","0.00","64,005.92","113,421.00","-","United States","NASDAQ","CAD","-","USD"
"FBRT","FRANKLIN BSP REALTY TRUST","Financials","Equity","64,005.92","0.00","64,005.92","116,020.00","-","United States","New York Stock Exchange Inc.","CAD","-","USD"
"HNRG","HALLADOR ENERGY","Utilities","Equity","64,005.92","0.00","64,005.92","58,424.00","-","United States","NASDAQ","CAD","-","USD"
"HSTM","HEALTHSTREAM","Health Care","Equity","64,005.92","0.00","64,005.92","30,348.00","-","United States","NASDAQ","CAD","-","USD"
"LPTH","LIGHTPATH TECHNOLOGIES INC CLASS A","Information Technology","Equity","64,005.92","0.00","64,005.92","87,561.00","-","United States","NASDAQ","CAD","-","USD"
"WEAV","WEAVE COMMUNICATIONS","Information Technology","Equity","64,005.92","0.00","64,005.92","120,433.00","-","United States","New York Stock Exchange Inc.","CAD","-","USD"
"AOSL","ALPHA AND OMEGA SEMICONDUCTOR","Information Technology","Equity","64,005.92","0.00","64,005.92","34,949.00","-","United States","NASDAQ","CAD","-","USD"
"BATRA","ATLANTA BRAVES HOLDINGS SERIES A","Communication","Equity","63,310.21","0.00","63,310.21","15,601.00","-","United States","NASDAQ","CAD","-","USD"
"BWMN","BOWMAN CONSULTING GROUP","Industrials","Equity","63,310.21","0.00","63,310.21","20,656.00","-","United States","NASDAQ","CAD","-","USD"
"FLNC","FLUENCE ENERGY INC CLASS A","Industrials","Equity","63,310.21","0.00","63,310.21","114,625.00","-","United States","NASDAQ","CAD","-","USD"
"AHRT","AH REALTY INC","Real Estate","Equity","62,614.49","0.00","62,614.49","138,432.00","-","United States","New York Stock Exchange Inc.","CAD","-","USD"
"GOOD","GLADSTONE COMMERCIAL REIT CORP","Real Estate","Equity","62,614.49","0.00","62,614.49","67,670.00","-","United States","NASDAQ","CAD","-","USD"
"JBI","JANUS INTERNATIONAL GROUP","Industrials","Equity","62,614.49","0.00","62,614.49","194,022.00","-","United States","New York Stock Exchange Inc.","CAD","-","USD"
"URG","UR ENERGY INC","Energy","Equity","62,614.49","0.00","62,614.49","711,490.00","-","United States","Nyse Mkt Llc","CAD","-","USD"
"EGY","VAALCO ENERGY INC","Energy","Equity","62,614.49","0.00","62,614.49","138,597.00","-","United States","New York Stock Exchange Inc.","CAD","-","USD"
"YORW","YORK WATER","Utilities","Equity","62,614.49","0.00","62,614.49","26,115.00","-","United States","NASDAQ","CAD","-","USD"
"BKKT","BAKKT INC CLASS A","Financials","Equity","61,918.77","0.00","61,918.77","114,273.00","-","United States","New York Stock Exchange Inc.","CAD","-","USD"
"CTGO","CONTANGO SILVER AND GOLD INC","Materials","Equity","61,918.77","0.00","61,918.77","44,559.00","-","United States","Nyse Mkt Llc","CAD","-","USD"
"CVLG","COVENANT LOGISTICS GROUP INC CLASS","Industrials","Equity","61,918.77","0.00","61,918.77","24,982.00","-","United States","New York Stock Exchange Inc.","CAD","-","USD"
"HOV","HOVNANIAN ENTERPRISES CLASS A","Consumer Discretionary","Equity","61,918.77","0.00","61,918.77","7,298.00","-","United States","New York Stock Exchange Inc.","CAD","-","USD"
"MLR","MILLER INDUSTRIES INC","Industrials","Equity","61,918.77","0.00","61,918.77","15,347.00","-","United States","New York Stock Exchange Inc.","CAD","-","USD"
"MOV","MOVADO GROUP INC","Consumer Discretionary","Equity","61,918.77","0.00","61,918.77","25,648.00","-","United States","New York Stock Exchange Inc.","CAD","-","USD"
"PHR","PHREESIA","Health Care","Equity","61,918.77","0.00","61,918.77","82,971.00","-","United States","New York Stock Exchange Inc.","CAD","-","USD"
"BXC","BLUELINX HOLDINGS","Industrials","Equity","61,223.06","0.00","61,223.06","11,249.00","-","United States","New York Stock Exchange Inc.","CAD","-","USD"
"IBTA","IBOTTA CLASS A","Communication","Equity","61,223.06","0.00","61,223.06","20,193.00","-","United States","New York Stock Exchange Inc.","CAD","-","USD"
"ILPT","INDUSTRIAL LOGISTICS PROPERTIES TR","Real Estate","Equity","61,223.06","0.00","61,223.06","109,405.00","-","United States","NASDAQ","CAD","-","USD"
"JBSS","JOHN B SANFILIPPO AND SON","Consumer Staples","Equity","61,223.06","0.00","61,223.06","12,495.00","-","United States","NASDAQ","CAD","-","USD"
"ABR","ARBOR REALTY TRUST REIT","Financials","Equity","60,527.34","0.00","60,527.34","185,796.00","-","United States","New York Stock Exchange Inc.","CAD","-","USD"
"ESRT","EMPIRE STATE REALTY REIT CLASS A","Real Estate","Equity","60,527.34","0.00","60,527.34","200,330.00","-","United States","New York Stock Exchange Inc.","CAD","-","USD"
"ENVX","ENOVIX","Industrials","Equity","60,527.34","0.00","60,527.34","283,314.00","-","United States","NASDAQ","CAD","-","USD"
"IRWD","IRONWOOD PHARMA CLASS A","Health Care","Equity","60,527.34","0.00","60,527.34","197,723.00","-","United States","NASDAQ","CAD","-","USD"
"PAHC","PHIBRO ANIMAL HEALTH CORP CLASS A","Health Care","Equity","60,527.34","0.00","60,527.34","24,128.00","-","United States","NASDAQ","CAD","-","USD"
"RGNX","REGENXBIO","Health Care","Equity","60,527.34","0.00","60,527.34","101,411.00","-","United States","NASDAQ","CAD","-","USD"
"SCHL","SCHOLASTIC","Communication","Equity","60,527.34","0.00","60,527.34","23,764.00","-","United States","NASDAQ","CAD","-","USD"
"UAMY","UNITED STATES ANTIMONY CORP","Materials","Equity","60,527.34","0.00","60,527.34","181,290.00","-","United States","New York Stock Exchange Inc.","CAD","-","USD"
"HELE","HELEN OF TROY LTD","Consumer Discretionary","Equity","60,527.34","0.00","60,527.34","30,346.00","-","United States","NASDAQ","CAD","-","USD"
"CLB","CORE LABORATORIES","Energy","Equity","59,831.62","0.00","59,831.62","72,430.00","-","United States","New York Stock Exchange Inc.","CAD","-","USD"
"EVER","EVERQUOTE CLASS A","Communication","Equity","59,831.62","0.00","59,831.62","35,903.00","-","United States","NASDAQ","CAD","-","USD"
"SD","SANDRIDGE ENERGY INC","Energy","Equity","59,831.62","0.00","59,831.62","57,978.00","-","United States","New York Stock Exchange Inc.","CAD","-","USD"
"SHEN","SHENANDOAH TELECOMMUNICATIONS","Communication","Equity","59,831.62","0.00","59,831.62","72,180.00","-","United States","NASDAQ","CAD","-","USD"
"CXM","SPRINKLR CLASS A","Information Technology","Equity","59,831.62","0.00","59,831.62","146,848.00","-","United States","New York Stock Exchange Inc.","CAD","-","USD"
"NXDR","NEXTDOOR HOLDINGS CLASS A","Communication","Equity","59,831.62","0.00","59,831.62","333,771.00","-","United States","New York Stock Exchange Inc.","CAD","-","USD"
"MATV","MATIV HOLDINGS","Materials","Equity","59,135.91","0.00","59,135.91","66,910.00","-","United States","New York Stock Exchange Inc.","CAD","-","USD"
"AHCO","ADAPTHEALTH","Health Care","Equity","58,440.19","0.00","58,440.19","140,325.00","-","United States","NASDAQ","CAD","-","USD"
"ULCC","FRONTIER GROUP HOLDINGS","Industrials","Equity","58,440.19","0.00","58,440.19","136,456.00","-","United States","NASDAQ","CAD","-","USD"
"KLRA","KAILERA THERAPEUTICS INC","Health Care","Equity","58,440.19","0.00","58,440.19","62,200.00","-","United States","NASDAQ","CAD","-","USD"
"RWT","REDWOOD TRUST REIT","Financials","Equity","58,440.19","0.00","58,440.19","204,023.00","-","United States","New York Stock Exchange Inc.","CAD","-","USD"
"TBPH","THERAVANCE BIOPHARMA","Health Care","Equity","58,440.19","0.00","58,440.19","47,497.00","-","United States","NASDAQ","CAD","-","USD"
"ARVN","ARVINAS","Health Care","Equity","57,744.47","0.00","57,744.47","95,535.00","-","United States","NASDAQ","CAD","-","USD"
"BOC","BOSTON OMAHA CORP CLASS A","Communication","Equity","57,744.47","0.00","57,744.47","57,930.00","-","United States","New York Stock Exchange Inc.","CAD","-","USD"
"MRAM","EVERSPIN TECHNOLOGIES INC","Information Technology","Equity","57,744.47","0.00","57,744.47","53,535.00","-","United States","NASDAQ","CAD","-","USD"
"GCTS","GCT SEMICONDUCTOR HOLDING INC","Information Technology","Equity","57,744.47","0.00","57,744.47","384,591.00","-","United States","New York Stock Exchange Inc.","CAD","-","USD"
"IRMD","IRADIMED","Health Care","Equity","57,744.47","0.00","57,744.47","9,680.00","-","United States","NASDAQ","CAD","-","USD"
"PZZA","PAPA JOHNS INTERNATIONAL INC","Consumer Discretionary","Equity","57,744.47","0.00","57,744.47","39,681.00","-","United States","NASDAQ","CAD","-","USD"
"SANA","SANA BIOTECHNOLOGY","Health Care","Equity","57,744.47","0.00","57,744.47","256,308.00","-","United States","NASDAQ","CAD","-","USD"
"SPT","SPROUT SOCIAL CLASS A","Information Technology","Equity","57,744.47","0.00","57,744.47","73,292.00","-","United States","NASDAQ","CAD","-","USD"
"SOC","SABLE OFFSHORE CLASS A","Energy","Equity","57,744.47","0.00","57,744.47","182,405.00","-","United States","New York Stock Exchange Inc.","CAD","-","USD"
"SATL","SATELLOGIC CLASS A","Industrials","Equity","57,744.47","0.00","57,744.47","144,759.00","-","United States","NASDAQ","CAD","-","USD"
"AKTS","AKTIS ONCOLOGY INC","Health Care","Equity","57,048.76","0.00","57,048.76","34,307.00","-","United States","NASDAQ","CAD","-","USD"
"CABA","CABALETTA BIO","Health Care","Equity","57,048.76","0.00","57,048.76","305,181.00","-","United States","NASDAQ","CAD","-","USD"
"CRMD","CORMEDIX","Health Care","Equity","57,048.76","0.00","57,048.76","101,132.00","-","United States","NASDAQ","CAD","-","USD"
"OLMA","OLEMA PHARMACEUTICALS","Health Care","Equity","57,048.76","0.00","57,048.76","79,935.00","-","United States","NASDAQ","CAD","-","USD"
"RYAM","RAYONIER ADVANCED MATERIALS","Materials","Equity","57,048.76","0.00","57,048.76","94,004.00","-","United States","New York Stock Exchange Inc.","CAD","-","USD"
"FLOC","FLOWCO HOLDINGS CLASS A","Energy","Equity","56,353.04","0.00","56,353.04","38,220.00","-","United States","New York Stock Exchange Inc.","CAD","-","USD"
"IIIN","INSTEEL INDUSTRIES INC","Industrials","Equity","56,353.04","0.00","56,353.04","25,769.00","-","United States","New York Stock Exchange Inc.","CAD","-","USD"
"PKE","PARK AEROSPACE CORP","Industrials","Equity","56,353.04","0.00","56,353.04","25,615.00","-","United States","New York Stock Exchange Inc.","CAD","-","USD"
"SBGI","SINCLAIR CLASS A","Communication","Equity","56,353.04","0.00","56,353.04","56,825.00","-","United States","NASDAQ","CAD","-","USD"
"TIPT","TIPTREE INC","Financials","Equity","56,353.04","0.00","56,353.04","44,056.00","-","United States","NASDAQ","CAD","-","USD"
"TITN","TITAN MACHINERY INC","Industrials","Equity","56,353.04","0.00","56,353.04","32,207.00","-","United States","NASDAQ","CAD","-","USD"
"AMBQ","AMBIQ MICRO","Information Technology","Equity","56,353.04","0.00","56,353.04","12,530.00","-","United States","New York Stock Exchange Inc.","CAD","-","USD"
"AQST","AQUESTIVE THERAPEUTICS","Health Care","Equity","55,657.32","0.00","55,657.32","165,635.00","-","United States","NASDAQ","CAD","-","USD"
"NXRT","NEXPOINT RESIDENTIAL TRUST INC","Real Estate","Equity","55,657.32","0.00","55,657.32","36,168.00","-","United States","New York Stock Exchange Inc.","CAD","-","USD"
"CTO","CTO REALTY GROWTH INC","Real Estate","Equity","54,961.61","0.00","54,961.61","36,942.00","-","United States","New York Stock Exchange Inc.","CAD","-","USD"
"ETD","ETHAN ALLEN INTERIORS","Consumer Discretionary","Equity","54,961.61","0.00","54,961.61","35,388.00","-","United States","New York Stock Exchange Inc.","CAD","-","USD"
"ONT","ONTERRIS","Industrials","Equity","54,961.61","0.00","54,961.61","42,929.00","-","United States","New York Stock Exchange Inc.","CAD","-","USD"
"OIS","OIL STATES INTERNATIONAL","Energy","Equity","54,961.61","0.00","54,961.61","90,414.00","-","United States","New York Stock Exchange Inc.","CAD","-","USD"
"TRC","TEJON RANCH","Real Estate","Equity","54,961.61","0.00","54,961.61","47,074.00","-","United States","New York Stock Exchange Inc.","CAD","-","USD"
"VRRM","VERRA MOBILITY CLASS A","Industrials","Equity","54,961.61","0.00","54,961.61","221,777.00","-","United States","NASDAQ","CAD","-","USD"
"AMSF","AMERISAFE INC","Financials","Equity","54,265.89","0.00","54,265.89","30,287.00","-","United States","NASDAQ","CAD","-","USD"
"HIFS","HINGHAM INSTITUTION FOR SAVINGS","Financials","Equity","54,265.89","0.00","54,265.89","2,445.00","-","United States","NASDAQ","CAD","-","USD"
"JMSB","JOHN MARSHALL BANCORP INC","Financials","Equity","54,265.89","0.00","54,265.89","32,183.00","-","United States","NASDAQ","CAD","-","USD"
"ARRY","ARRAY TECHNOLOGIES INC","Industrials","Equity","53,570.17","0.00","53,570.17","174,693.00","-","United States","NASDAQ","CAD","-","USD"
"HYLN","HYLIION HOLDINGS CORP","Industrials","Equity","53,570.17","0.00","53,570.17","181,504.00","-","United States","Nyse Mkt Llc","CAD","-","USD"
"TCMD","TACTILE SYSTEMS TECHNOLOGY","Health Care","Equity","53,570.17","0.00","53,570.17","32,954.00","-","United States","NASDAQ","CAD","-","USD"
"UHAL","U HAUL HOLDING","Industrials","Equity","52,874.46","0.00","52,874.46","11,408.00","-","United States","New York Stock Exchange Inc.","CAD","-","USD"
"ASYS","AMTECH SYSTEMS INC","Information Technology","Equity","52,874.46","0.00","52,874.46","52,968.00","-","United States","NASDAQ","CAD","-","USD"
"CMCO","COLUMBUS MCKINNON CORP","Industrials","Equity","52,874.46","0.00","52,874.46","46,262.00","-","United States","NASDAQ","CAD","-","USD"
"CHCT","COMMUNITY HEALTHCARE TRUST INC","Real Estate","Equity","52,874.46","0.00","52,874.46","50,370.00","-","United States","New York Stock Exchange Inc.","CAD","-","USD"
"EBF","ENNIS INC","Industrials","Equity","52,874.46","0.00","52,874.46","34,096.00","-","United States","New York Stock Exchange Inc.","CAD","-","USD"
"MBUU","MALIBU BOATS CLASS A INC","Consumer Discretionary","Equity","52,874.46","0.00","52,874.46","30,873.00","-","United States","NASDAQ","CAD","-","USD"
"MAX","MEDIAALPHA CLASS A","Communication","Equity","52,874.46","0.00","52,874.46","69,213.00","-","United States","New York Stock Exchange Inc.","CAD","-","USD"
"WNC","WABASH NATIONAL","Industrials","Equity","52,874.46","0.00","52,874.46","60,521.00","-","United States","New York Stock Exchange Inc.","CAD","-","USD"
"HTLD","HEARTLAND EXPRESS INC","Industrials","Equity","52,178.74","0.00","52,178.74","60,078.00","-","United States","NASDAQ","CAD","-","USD"
"HNST","THE HONEST COMPANY","Consumer Staples","Equity","52,178.74","0.00","52,178.74","134,600.00","-","United States","NASDAQ","CAD","-","USD"
"IPI","INTREPID POTASH INC","Materials","Equity","52,178.74","0.00","52,178.74","18,197.00","-","United States","New York Stock Exchange Inc.","CAD","-","USD"
"MDXG","MIMEDX GROUP","Health Care","Equity","52,178.74","0.00","52,178.74","153,926.00","-","United States","NASDAQ","CAD","-","USD"
"CSV","CARRIAGE SERVICES INC","Consumer Discretionary","Equity","51,483.02","0.00","51,483.02","22,866.00","-","United States","New York Stock Exchange Inc.","CAD","-","USD"
"DCTH","DELCATH SYS INC","Health Care","Equity","51,483.02","0.00","51,483.02","43,778.00","-","United States","NASDAQ","CAD","-","USD"
"FOR","FORESTAR GROUP INC","Real Estate","Equity","51,483.02","0.00","51,483.02","27,356.00","-","United States","New York Stock Exchange Inc.","CAD","-","USD"
"IDR","IDAHO STRATEGIC RESOURCES INC","Materials","Equity","51,483.02","0.00","51,483.02","24,567.00","-","United States","Nyse Mkt Llc","CAD","-","USD"
"RPC","RIDGEPOST CAPITAL INC CLASS A","Financials","Equity","51,483.02","0.00","51,483.02","89,353.00","-","United States","New York Stock Exchange Inc.","CAD","-","USD"
"AD","ARRAY DIGITAL INFRASTRUCTURE INC","Communication","Equity","51,483.02","0.00","51,483.02","19,368.00","-","United States","New York Stock Exchange Inc.","CAD","-","USD"
"VABK","VIRGINIA NATIONAL BANKSHARES CORP","Financials","Equity","50,787.31","0.00","50,787.31","14,726.00","-","United States","NASDAQ","CAD","-","USD"
"VTS","VITESSE ENERGY INC","Energy","Equity","50,787.31","0.00","50,787.31","39,225.00","-","United States","New York Stock Exchange Inc.","CAD","-","USD"
"WRLD","WORLD ACCEPTANCE CORP","Financials","Equity","50,787.31","0.00","50,787.31","3,795.00","-","United States","NASDAQ","CAD","-","USD"
"BTBT","BIT DIGITAL","Information Technology","Equity","50,787.31","0.00","50,787.31","458,463.00","-","United States","NASDAQ","CAD","-","USD"
"NVRI","ENVIRI CORP","Industrials","Equity","50,091.59","0.00","50,091.59","33,782.00","-","United States","New York Stock Exchange Inc.","CAD","-","USD"
"GEVO","GEVO","Energy","Equity","50,091.59","0.00","50,091.59","433,939.00","-","United States","NASDAQ","CAD","-","USD"
"MCFT","MASTERCRAFT BOAT HOLDINGS INC","Consumer Discretionary","Equity","50,091.59","0.00","50,091.59","34,153.00","-","United States","NASDAQ","CAD","-","USD"
"RLMD","RELMADA THERAPEUTICS INC","Health Care","Equity","50,091.59","0.00","50,091.59","165,066.00","-","United States","NASDAQ","CAD","-","USD"
"IMSR","TERRESTRIAL ENERGY INC","Industrials","Equity","50,091.59","0.00","50,091.59","158,497.00","-","United States","NASDAQ","CAD","-","USD"
"OCGN","OCUGEN","Health Care","Equity","50,091.59","0.00","50,091.59","667,049.00","-","United States","NASDAQ","CAD","-","USD"
"ADTN","ADTRAN HOLDINGS INC","Information Technology","Equity","49,395.87","0.00","49,395.87","96,524.00","-","United States","NASDAQ","CAD","-","USD"
"CWH","CAMPING WORLD HOLDINGS INC CLASS A","Consumer Discretionary","Equity","49,395.87","0.00","49,395.87","117,736.00","-","United States","New York Stock Exchange Inc.","CAD","-","USD"
"DDD","3D SYSTEMS CORP","Industrials","Equity","49,395.87","0.00","49,395.87","191,782.00","-","United States","New York Stock Exchange Inc.","CAD","-","USD"
"TROX","TRONOX HOLDINGS PLC","Materials","Equity","49,395.87","0.00","49,395.87","158,513.00","-","United States","New York Stock Exchange Inc.","CAD","-","USD"
"ABEO","ABEONA THERAPEUTICS INC","Health Care","Equity","48,700.16","0.00","48,700.16","120,062.00","-","United States","NASDAQ","CAD","-","USD"
"FWRG","FIRST WATCH RESTAURANT GROUP","Consumer Discretionary","Equity","48,700.16","0.00","48,700.16","66,435.00","-","United States","NASDAQ","CAD","-","USD"
"MAMA","MAMAS CREATIONS INC","Consumer Staples","Equity","48,700.16","0.00","48,700.16","51,451.00","-","United States","NASDAQ","CAD","-","USD"
"SLDP","SOLID POWER CLASS A","Consumer Discretionary","Equity","48,700.16","0.00","48,700.16","263,679.00","-","United States","NASDAQ","CAD","-","USD"
"AEVA","AEVA TECHNOLOGIES","Information Technology","Equity","48,004.44","0.00","48,004.44","43,186.00","-","United States","NASDAQ","CAD","-","USD"
"ARTNA","ARTESIAN RESOURCES CORP CLASS A","Utilities","Equity","48,004.44","0.00","48,004.44","18,760.00","-","United States","NASDAQ","CAD","-","USD"
"EQPT","EQUIPMENTSHARE COM INC CLASS A","Industrials","Equity","48,004.44","0.00","48,004.44","36,285.00","-","United States","NASDAQ","CAD","-","USD"
"GDYN","GRID DYNAMICS HOLDINGS CLASS A","Information Technology","Equity","48,004.44","0.00","48,004.44","81,381.00","-","United States","NASDAQ","CAD","-","USD"
"TRTX","TPG RE FINANCE TRUST INC","Financials","Equity","48,004.44","0.00","48,004.44","90,458.00","-","United States","New York Stock Exchange Inc.","CAD","-","USD"
"DIN","DINE BRANDS GLOBAL","Consumer Discretionary","Equity","47,308.72","0.00","47,308.72","23,531.00","-","United States","New York Stock Exchange Inc.","CAD","-","USD"
"PALI","PALISADE BIO INC","Health Care","Equity","47,308.72","0.00","47,308.72","383,775.00","-","United States","NASDAQ","CAD","-","USD"
"PTRN","PATTERN GROUP SERIES A","Consumer Discretionary","Equity","47,308.72","0.00","47,308.72","33,438.00","-","United States","NASDAQ","CAD","-","USD"
"GRPN","GROUPON","Consumer Discretionary","Equity","46,613.01","0.00","46,613.01","34,152.00","-","United States","NASDAQ","CAD","-","USD"
"LMB","LIMBACH HOLDINGS INC","Industrials","Equity","46,613.01","0.00","46,613.01","12,758.00","-","United States","NASDAQ","CAD","-","USD"
"CAPR","CAPRICOR THERAPEUTICS","Health Care","Equity","45,917.29","0.00","45,917.29","67,179.00","-","United States","NASDAQ","CAD","-","USD"
"CTMX","CYTOMX THERAPEUTICS","Health Care","Equity","45,917.29","0.00","45,917.29","224,439.00","-","United States","NASDAQ","CAD","-","USD"
"RES","RPC INC","Energy","Equity","45,917.29","0.00","45,917.29","106,218.00","-","United States","New York Stock Exchange Inc.","CAD","-","USD"
"BDN","BRANDYWINE REALTY TRUST REIT","Real Estate","Equity","45,221.58","0.00","45,221.58","212,703.00","-","United States","New York Stock Exchange Inc.","CAD","-","USD"
"CCOI","COGENT COMMUNICATIONS HOLDINGS","Communication","Equity","45,221.58","0.00","45,221.58","67,315.00","-","United States","NASDAQ","CAD","-","USD"
"CTKB","CYTEK BIOSCIENCES","Health Care","Equity","45,221.58","0.00","45,221.58","119,434.00","-","United States","NASDAQ","CAD","-","USD"
"HTZ","HERTZ GLOBAL HLDGS INC","Industrials","Equity","45,221.58","0.00","45,221.58","333,886.00","-","United States","NASDAQ","CAD","-","USD"
"MEI","METHODE ELECTRONICS","Information Technology","Equity","45,221.58","0.00","45,221.58","46,378.00","-","United States","New York Stock Exchange Inc.","CAD","-","USD"
"PRME","PRIME MEDICINE","Health Care","Equity","45,221.58","0.00","45,221.58","198,839.00","-","United States","NASDAQ","CAD","-","USD"
"ALLO","ALLOGENE THERAPEUTICS","Health Care","Equity","44,525.86","0.00","44,525.86","356,870.00","-","United States","NASDAQ","CAD","-","USD"
"EVC","ENTRAVISION COMMUNICATIONS CORP CL","Communication","Equity","44,525.86","0.00","44,525.86","79,513.00","-","United States","New York Stock Exchange Inc.","CAD","-","USD"
"PHAT","PHATHOM PHARMACEUTICALS","Health Care","Equity","44,525.86","0.00","44,525.86","79,308.00","-","United States","NASDAQ","CAD","-","USD"
"RXT","RACKSPACE TECHNOLOGY INC","Information Technology","Equity","44,525.86","0.00","44,525.86","155,672.00","-","United States","NASDAQ","CAD","-","USD"
"UWMC","UWM HOLDINGS CLASS A","Financials","Equity","44,525.86","0.00","44,525.86","487,166.00","-","United States","New York Stock Exchange Inc.","CAD","-","USD"
"OXM","OXFORD INDUSTRIES INC","Consumer Discretionary","Equity","43,830.14","0.00","43,830.14","20,758.00","-","United States","New York Stock Exchange Inc.","CAD","-","USD"
"VNDA","VANDA PHARMACEUTICALS INC","Health Care","Equity","43,830.14","0.00","43,830.14","118,795.00","-","United States","NASDAQ","CAD","-","USD"
"ASPI","ASP ISOTOPES","Materials","Equity","43,134.43","0.00","43,134.43","183,441.00","-","United States","NASDAQ","CAD","-","USD"
"ASIX","ADVANSIX","Materials","Equity","43,134.43","0.00","43,134.43","35,297.00","-","United States","New York Stock Exchange Inc.","CAD","-","USD"
"CYH","COMMUNITY HEALTH SYSTEMS INC","Health Care","Equity","43,134.43","0.00","43,134.43","203,992.00","-","United States","New York Stock Exchange Inc.","CAD","-","USD"
"ENTA","ENANTA PHARMACEUTICALS INC","Health Care","Equity","43,134.43","0.00","43,134.43","47,736.00","-","United States","NASDAQ","CAD","-","USD"
"PACB","PACIFIC BIOSCIENCES OF CALIFORNIA","Health Care","Equity","43,134.43","0.00","43,134.43","431,624.00","-","United States","NASDAQ","CAD","-","USD"
"UHT","UNIVERSAL HEALTH REALTY INCOME TRU","Real Estate","Equity","43,134.43","0.00","43,134.43","14,739.00","-","United States","New York Stock Exchange Inc.","CAD","-","USD"
"CAL","CALERES INC","Consumer Discretionary","Equity","42,438.71","0.00","42,438.71","48,332.00","-","United States","New York Stock Exchange Inc.","CAD","-","USD"
"EOLS","EVOLUS INC","Health Care","Equity","42,438.71","0.00","42,438.71","72,733.00","-","United States","NASDAQ","CAD","-","USD"
"HVT","HAVERTY FURNITURE COMPANIES INC","Consumer Discretionary","Equity","42,438.71","0.00","42,438.71","21,537.00","-","United States","New York Stock Exchange Inc.","CAD","-","USD"
"OABI","OMNIAB INC","Health Care","Equity","42,438.71","0.00","42,438.71","131,080.00","-","United States","NASDAQ","CAD","-","USD"
"ALOY","REALLOYS INC","Materials","Equity","42,438.71","0.00","42,438.71","71,497.00","-","United States","NASDAQ","CAD","-","USD"
"SVV","SAVERS VALUE VILLAGE","Consumer Discretionary","Equity","42,438.71","0.00","42,438.71","63,686.00","-","United States","New York Stock Exchange Inc.","CAD","-","USD"
"LILA","LIBERTY LATIN AMERICA CLASS A","Communication","Equity","42,438.71","0.00","42,438.71","68,268.00","-","United States","NASDAQ","CAD","-","USD"
"ALX","ALEXANDERS REIT INC","Real Estate","Equity","41,742.99","0.00","41,742.99","2,331.00","-","United States","New York Stock Exchange Inc.","CAD","-","USD"
"ERII","ENERGY RECOVERY","Industrials","Equity","41,742.99","0.00","41,742.99","82,103.00","-","United States","NASDAQ","CAD","-","USD"
"AGNT","AGNT","Real Estate","Equity","41,742.99","0.00","41,742.99","149,846.00","-","United States","NASDAQ","CAD","-","USD"
"VITL","VITAL FARMS INC","Consumer Staples","Equity","41,742.99","0.00","41,742.99","49,490.00","-","United States","NASDAQ","CAD","-","USD"
"CPS","COOPER STANDARD HOLDINGS","Consumer Discretionary","Equity","41,047.28","0.00","41,047.28","24,723.00","-","United States","New York Stock Exchange Inc.","CAD","-","USD"
"KREF","KKR REAL ESTATE FINANCE INC TRUST","Financials","Equity","41,047.28","0.00","41,047.28","83,475.00","-","United States","New York Stock Exchange Inc.","CAD","-","USD"
"ACCO","ACCO BRANDS CORP","Industrials","Equity","40,351.56","0.00","40,351.56","127,951.00","-","United States","New York Stock Exchange Inc.","CAD","-","USD"
"LAND","GLADSTONE LAND REIT CORP","Real Estate","Equity","40,351.56","0.00","40,351.56","58,025.00","-","United States","NASDAQ","CAD","-","USD"
"TWI","TITAN INTERNATIONAL INC","Industrials","Equity","40,351.56","0.00","40,351.56","77,871.00","-","United States","New York Stock Exchange Inc.","CAD","-","USD"
"CWCO","CONSOLIDATED WATER LTD","Utilities","Equity","39,655.84","0.00","39,655.84","19,335.00","-","United States","NASDAQ","CAD","-","USD"
"FIP","FTAI INFRASTRUCTURE","Industrials","Equity","39,655.84","0.00","39,655.84","195,802.00","-","United States","NASDAQ","CAD","-","USD"
"SMHI","SEACOR MARINE HOLDINGS INC","Energy","Equity","39,655.84","0.00","39,655.84","58,229.00","-","United States","New York Stock Exchange Inc.","CAD","-","USD"
"ABAT","AMERICAN BATTERY TECHNOLOGY COMPAN","Materials","Equity","38,960.13","0.00","38,960.13","239,228.00","-","United States","NASDAQ","CAD","-","USD"
"TLS","TELOS CORPORATION CORP","Information Technology","Equity","38,960.13","0.00","38,960.13","128,456.00","-","United States","NASDAQ","CAD","-","USD"
"CDNL","CARDINAL INFRASTRUCTURE GROUP INC","Industrials","Equity","38,264.41","0.00","38,264.41","16,482.00","-","United States","NASDAQ","CAD","-","USD"
"MNRO","MONRO","Consumer Discretionary","Equity","38,264.41","0.00","38,264.41","43,441.00","-","United States","NASDAQ","CAD","-","USD"
"ORN","ORION GROUP INC","Industrials","Equity","38,264.41","0.00","38,264.41","58,807.00","-","United States","New York Stock Exchange Inc.","CAD","-","USD"
"METC","RAMACO RESOURCES INC CLASS A","Materials","Equity","38,264.41","0.00","38,264.41","54,071.00","-","United States","NASDAQ","CAD","-","USD"
"SFIX","STITCH FIX CLASS A","Consumer Discretionary","Equity","38,264.41","0.00","38,264.41","180,892.00","-","United States","NASDAQ","CAD","-","USD"
"XRX","XEROX HOLDINGS CORP","Information Technology","Equity","38,264.41","0.00","38,264.41","146,563.00","-","United States","NASDAQ","CAD","-","USD"
"CLNE","CLEAN ENERGY FUELS","Energy","Equity","37,568.69","0.00","37,568.69","296,121.00","-","United States","NASDAQ","CAD","-","USD"
"EVH","EVOLENT HEALTH CLASS A","Health Care","Equity","37,568.69","0.00","37,568.69","142,443.00","-","United States","New York Stock Exchange Inc.","CAD","-","USD"
"DNA","GINKGO BIOWORKS HOLDINGS CLASS A","Health Care","Equity","37,568.69","0.00","37,568.69","66,474.00","-","United States","New York Stock Exchange Inc.","CAD","-","USD"
"MYGN","MYRIAD GENETICS","Health Care","Equity","37,568.69","0.00","37,568.69","125,684.00","-","United States","NASDAQ","CAD","-","USD"
"RHLD","RESOLUTE HOLDINGS MANAGEMENT INC","Industrials","Equity","37,568.69","0.00","37,568.69","4,382.00","-","United States","New York Stock Exchange Inc.","CAD","-","USD"
"SPIR","SPIRE GLOBAL CLASS A","Industrials","Equity","37,568.69","0.00","37,568.69","42,617.00","-","United States","New York Stock Exchange Inc.","CAD","-","USD"
"STUB","STUBHUB HOLDINGS INC CLASS A","Communication","Equity","37,568.69","0.00","37,568.69","87,729.00","-","United States","New York Stock Exchange Inc.","CAD","-","USD"
"WLFC","WILLIS LEASE FINANCE","Industrials","Equity","37,568.69","0.00","37,568.69","9,435.00","-","United States","NASDAQ","CAD","-","USD"
"CNDT","CONDUENT","Industrials","Equity","36,872.98","0.00","36,872.98","300,850.00","-","United States","NASDAQ","CAD","-","USD"
"IMMR","IMMERSION CORP","Information Technology","Equity","36,872.98","0.00","36,872.98","67,951.00","-","United States","NASDAQ","CAD","-","USD"
"MEC","MAYVILLE ENGINEERING COMPANY INC","Industrials","Equity","36,177.26","0.00","36,177.26","28,575.00","-","United States","New York Stock Exchange Inc.","CAD","-","USD"
"CTEV","CLARITEV CORP CLASS A","Health Care","Equity","36,177.26","0.00","36,177.26","15,763.00","-","United States","New York Stock Exchange Inc.","CAD","-","USD"
"NEWT","NEWTEKONE","Financials","Equity","36,177.26","0.00","36,177.26","41,723.00","-","United States","NASDAQ","CAD","-","USD"
"RMR","RMR GROUP CLASS A","Real Estate","Equity","36,177.26","0.00","36,177.26","26,518.00","-","United States","NASDAQ","CAD","-","USD"
"RR","RICHTECH ROBOTICS CLASS B","Industrials","Equity","36,177.26","0.00","36,177.26","293,164.00","-","United States","NASDAQ","CAD","-","USD"
"GTN","GRAY MEDIA INC","Communication","Equity","35,481.54","0.00","35,481.54","106,135.00","-","United States","New York Stock Exchange Inc.","CAD","-","USD"
"IIIV","I3 VERTICALS CLASS A","Information Technology","Equity","35,481.54","0.00","35,481.54","32,698.00","-","United States","NASDAQ","CAD","-","USD"
"KDK","KODIAK AI INC","Consumer Discretionary","Equity","35,481.54","0.00","35,481.54","126,817.00","-","United States","NASDAQ","CAD","-","USD"
"NRC","NRC HEALTH","Health Care","Equity","35,481.54","0.00","35,481.54","23,468.00","-","United States","NASDAQ","CAD","-","USD"
"SENS","SENSEONICS HOLDINGS INC","Health Care","Equity","35,481.54","0.00","35,481.54","51,475.00","-","United States","NASDAQ","CAD","-","USD"
"CLPT","CLEARPOINT NEURO INC","Health Care","Equity","34,785.83","0.00","34,785.83","34,625.00","-","United States","NASDAQ","CAD","-","USD"
"CLW","CLEARWATER PAPER CORP","Materials","Equity","34,785.83","0.00","34,785.83","22,993.00","-","United States","New York Stock Exchange Inc.","CAD","-","USD"
"RZLT","REZOLUTE","Health Care","Equity","34,785.83","0.00","34,785.83","120,701.00","-","United States","NASDAQ","CAD","-","USD"
"ACRE","ARES COMMERCIAL REAL ESTATE REIT C","Financials","Equity","34,090.11","0.00","34,090.11","106,841.00","-","United States","New York Stock Exchange Inc.","CAD","-","USD"
"ARHS","ARHAUS CLASS A","Consumer Discretionary","Equity","34,090.11","0.00","34,090.11","62,266.00","-","United States","NASDAQ","CAD","-","USD"
"ARKO","ARKO","Consumer Discretionary","Equity","34,090.11","0.00","34,090.11","107,556.00","-","United States","NASDAQ","CAD","-","USD"
"CRNC","CERENCE","Information Technology","Equity","33,394.39","0.00","33,394.39","56,219.00","-","United States","NASDAQ","CAD","-","USD"
"FRPH","FRP HOLDINGS INC","Real Estate","Equity","33,394.39","0.00","33,394.39","21,714.00","-","United States","NASDAQ","CAD","-","USD"
"OFIX","ORTHOFIX MEDICAL","Health Care","Equity","33,394.39","0.00","33,394.39","53,418.00","-","United States","NASDAQ","CAD","-","USD"
"RPAY","REPAY HOLDINGS CORP CLASS A","Financials","Equity","33,394.39","0.00","33,394.39","115,451.00","-","United States","NASDAQ","CAD","-","USD"
"STRO","SUTRO BIOPHARMA INC","Health Care","Equity","33,394.39","0.00","33,394.39","29,472.00","-","United States","NASDAQ","CAD","-","USD"
"OEC","ORION SA","Materials","Equity","33,394.39","0.00","33,394.39","79,466.00","-","United States","New York Stock Exchange Inc.","CAD","-","USD"
"BGS","B AND G FOODS INC","Consumer Staples","Equity","32,698.68","0.00","32,698.68","147,083.00","-","United States","New York Stock Exchange Inc.","CAD","-","USD"
"CMPX","COMPASS THERAPEUTICS","Health Care","Equity","32,698.68","0.00","32,698.68","245,105.00","-","United States","NASDAQ","CAD","-","USD"
"KIDS","ORTHOPEDIATRICS CORP","Health Care","Equity","32,698.68","0.00","32,698.68","20,712.00","-","United States","NASDAQ","CAD","-","USD"
"SLP","SIMULATIONS PLUS","Health Care","Equity","32,698.68","0.00","32,698.68","24,423.00","-","United States","NASDAQ","CAD","-","USD"
"PRTA","PROTHENA PLC","Health Care","Equity","32,698.68","0.00","32,698.68","53,584.00","-","United States","NASDAQ","CAD","-","USD"
"STRZ","STARZ ENTERTAINMENT","Communication","Equity","32,698.68","0.00","32,698.68","18,194.00","-","United States","NASDAQ","CAD","-","USD"
"IVVD","INVIVYD","Health Care","Equity","32,002.96","0.00","32,002.96","590,327.00","-","United States","NASDAQ","CAD","-","USD"
"BMBL","BUMBLE CLASS A","Communication","Equity","32,002.96","0.00","32,002.96","148,452.00","-","United States","NASDAQ","CAD","-","USD"
"EYPT","EYEPOINT INC","Health Care","Equity","32,002.96","0.00","32,002.96","111,737.00","-","United States","NASDAQ","CAD","-","USD"
"NGVC","NATURAL GROCERS BY VITAMIN COTTAGE","Consumer Staples","Equity","32,002.96","0.00","32,002.96","15,198.00","-","United States","New York Stock Exchange Inc.","CAD","-","USD"
"SERV","SERVE ROBOTICS","Consumer Discretionary","Equity","32,002.96","0.00","32,002.96","102,899.00","-","United States","NASDAQ","CAD","-","USD"
"GDRX","GOODRX HOLDINGS CLASS A","Health Care","Equity","31,307.24","0.00","31,307.24","126,707.00","-","United States","NASDAQ","CAD","-","USD"
"HY","HYSTER YALE INC CLASS A","Industrials","Equity","31,307.24","0.00","31,307.24","12,932.00","-","United States","New York Stock Exchange Inc.","CAD","-","USD"
"NABL","N ABLE INC","Information Technology","Equity","31,307.24","0.00","31,307.24","107,664.00","-","United States","New York Stock Exchange Inc.","CAD","-","USD"
"OSUR","ORASURE TECHNOLOGIES INC","Health Care","Equity","31,307.24","0.00","31,307.24","124,121.00","-","United States","NASDAQ","CAD","-","USD"
"WOOF","PETCO HEALTH AND WELLNESS COMPANY","Consumer Discretionary","Equity","31,307.24","0.00","31,307.24","178,823.00","-","United States","NASDAQ","CAD","-","USD"
"SHOE","SHOE STATION GROUP INC","Consumer Discretionary","Equity","31,307.24","0.00","31,307.24","32,395.00","-","United States","NASDAQ","CAD","-","USD"
"TSSI","TSS INC","Information Technology","Equity","31,307.24","0.00","31,307.24","49,868.00","-","United States","NASDAQ","CAD","-","USD"
"ZIP","ZIPRECRUITER INC CLASS A","Communication","Equity","31,307.24","0.00","31,307.24","113,741.00","-","United States","New York Stock Exchange Inc.","CAD","-","USD"
"ASPN","ASPEN AEROGELS","Materials","Equity","30,611.53","0.00","30,611.53","82,157.00","-","United States","New York Stock Exchange Inc.","CAD","-","USD"
"CRCT","CRICUT CLASS A","Consumer Discretionary","Equity","30,611.53","0.00","30,611.53","73,345.00","-","United States","NASDAQ","CAD","-","USD"
"AIOT","POWERFLEET","Information Technology","Equity","30,611.53","0.00","30,611.53","142,742.00","-","United States","NASDAQ","CAD","-","USD"
"RCKT","ROCKET PHARMACEUTICALS","Health Care","Equity","30,611.53","0.00","30,611.53","119,927.00","-","United States","NASDAQ","CAD","-","USD"
"OSG","OCTAVE SPECIALTY GROUP INC","Financials","Equity","29,915.81","0.00","29,915.81","91,482.00","-","United States","New York Stock Exchange Inc.","CAD","-","USD"
"BLND","BLEND LABS CLASS A","Information Technology","Equity","29,915.81","0.00","29,915.81","319,646.00","-","United States","New York Stock Exchange Inc.","CAD","-","USD"
"FULC","FULCRUM THERAPEUTICS","Health Care","Equity","29,915.81","0.00","29,915.81","110,528.00","-","United States","NASDAQ","CAD","-","USD"
"PSIX","POWER SOLUTIONS INTERNATIONAL","Industrials","Equity","29,915.81","0.00","29,915.81","9,056.00","-","United States","NASDAQ","CAD","-","USD"
"RC","READY CAPITAL CORP","Financials","Equity","29,915.81","0.00","29,915.81","255,824.00","-","United States","New York Stock Exchange Inc.","CAD","-","USD"
"AVNW","AVIAT NETWORKS INC","Information Technology","Equity","29,220.09","0.00","29,220.09","19,656.00","-","United States","NASDAQ","CAD","-","USD"
"CMRC","BIGCOMMERCE HOLDINGS SERIES","Information Technology","Equity","29,220.09","0.00","29,220.09","118,478.00","-","United States","NASDAQ","CAD","-","USD"
"EGHT","8X8 INC","Information Technology","Equity","29,220.09","0.00","29,220.09","222,434.00","-","United States","NASDAQ","CAD","-","USD"
"FWRD","FORWARD AIR CORP","Industrials","Equity","29,220.09","0.00","29,220.09","26,416.00","-","United States","NASDAQ","CAD","-","USD"
"FUBO","FUBOTV CLASS A","Communication","Equity","29,220.09","0.00","29,220.09","41,044.00","-","United States","New York Stock Exchange Inc.","CAD","-","USD"
"GNE","GENIE ENERGY LTD CLASS B","Utilities","Equity","29,220.09","0.00","29,220.09","24,802.00","-","United States","New York Stock Exchange Inc.","CAD","-","USD"
"TREE","LENDINGTREE","Financials","Equity","29,220.09","0.00","29,220.09","15,602.00","-","United States","NASDAQ","CAD","-","USD"
"EBS","EMERGENT BIOSOLUTIONS","Health Care","Equity","28,524.38","0.00","28,524.38","56,345.00","-","United States","New York Stock Exchange Inc.","CAD","-","USD"
"DNUT","KRISPY KREME","Consumer Discretionary","Equity","28,524.38","0.00","28,524.38","128,171.00","-","United States","NASDAQ","CAD","-","USD"
"LXEO","LEXEO THERAPEUTICS","Health Care","Equity","27,828.66","0.00","27,828.66","91,206.00","-","United States","NASDAQ","CAD","-","USD"
"ONL","ORION PROPERTIES","Real Estate","Equity","27,828.66","0.00","27,828.66","159,082.00","-","United States","New York Stock Exchange Inc.","CAD","-","USD"
"ALIT","ALIGHT INC CLASS A","Industrials","Equity","27,132.95","0.00","27,132.95","30,107.00","-","United States","New York Stock Exchange Inc.","CAD","-","USD"
"OPTU","OPTIMUM COMMUNICATIONS INC CLASS A","Communication","Equity","27,132.95","0.00","27,132.95","359,187.00","-","United States","New York Stock Exchange Inc.","CAD","-","USD"
"BIOA","BIOAGE LABS","Health Care","Equity","27,132.95","0.00","27,132.95","45,833.00","-","United States","NASDAQ","CAD","-","USD"
"FNKO","FUNKO CLASS A","Consumer Discretionary","Equity","27,132.95","0.00","27,132.95","70,381.00","-","United States","NASDAQ","CAD","-","USD"
"LOVE","LOVESAC COMPANY","Consumer Discretionary","Equity","27,132.95","0.00","27,132.95","26,096.00","-","United States","NASDAQ","CAD","-","USD"
"HCKT","HACKETT GROUP","Information Technology","Equity","26,437.23","0.00","26,437.23","33,989.00","-","United States","NASDAQ","CAD","-","USD"
"SMRT","SMARTRENT INC CLASS A","Information Technology","Equity","26,437.23","0.00","26,437.23","315,365.00","-","United States","New York Stock Exchange Inc.","CAD","-","USD"
"DFH","DREAM FINDERS HOMES INC CLASS A","Consumer Discretionary","Equity","26,437.23","0.00","26,437.23","31,272.00","-","United States","New York Stock Exchange Inc.","CAD","-","USD"
"FC","FRANKLIN COVEY","Industrials","Equity","25,741.51","0.00","25,741.51","20,499.00","-","United States","New York Stock Exchange Inc.","CAD","-","USD"
"KRUS","KURA SUSHI USA","Consumer Discretionary","Equity","25,741.51","0.00","25,741.51","10,149.00","-","United States","NASDAQ","CAD","-","USD"
"NXH","NEIGHBORHOOD INTELLIGENCE","Consumer Discretionary","Equity","25,741.51","0.00","25,741.51","104,892.00","-","United States","NASDAQ","CAD","-","USD"
"TDUP","THREDUP CLASS A","Consumer Discretionary","Equity","25,741.51","0.00","25,741.51","147,344.00","-","United States","NASDAQ","CAD","-","USD"
"JACK","JACK IN THE BOX INC","Consumer Discretionary","Equity","25,045.80","0.00","25,045.80","26,110.00","-","United States","NASDAQ","CAD","-","USD"
"OPRX","OPTIMIZERX","Health Care","Equity","25,045.80","0.00","25,045.80","46,117.00","-","United States","NASDAQ","CAD","-","USD"
"RBBN","RIBBON COMMUNICATIONS","Information Technology","Equity","25,045.80","0.00","25,045.80","205,809.00","-","United States","NASDAQ","CAD","-","USD"
"ALTG","ALTA EQUIPMENT GROUP INC CLASS A","Industrials","Equity","24,350.08","0.00","24,350.08","54,335.00","-","United States","New York Stock Exchange Inc.","CAD","-","USD"
"RICK","RCI HOSPITALITY HOLDINGS INC","Consumer Discretionary","Equity","24,350.08","0.00","24,350.08","11,693.00","-","United States","NASDAQ","CAD","-","USD"
"SPRY","ARS PHARMACEUTICALS","Health Care","Equity","24,350.08","0.00","24,350.08","81,701.00","-","United States","NASDAQ","CAD","-","USD"
"QSI","QUANTUM SI INC CLASS A","Health Care","Equity","24,350.08","0.00","24,350.08","434,668.00","-","United States","NASDAQ","CAD","-","USD"
"AKBA","AKEBIA THERAPEUTICS INC","Health Care","Equity","23,654.36","0.00","23,654.36","364,584.00","-","United States","NASDAQ","CAD","-","USD"
"MGPI","MGP INGREDIENTS","Consumer Staples","Equity","23,654.36","0.00","23,654.36","22,346.00","-","United States","NASDAQ","CAD","-","USD"
"MPTI","M TRON INDUSTRIES INC","Information Technology","Equity","23,654.36","0.00","23,654.36","4,324.00","-","United States","Nyse Mkt Llc","CAD","-","USD"
"TMCI","TREACE MEDICAL CONCEPTS","Health Care","Equity","23,654.36","0.00","23,654.36","72,943.00","-","United States","NASDAQ","CAD","-","USD"
"USNA","USANA HEALTH SCIENCES INC","Consumer Staples","Equity","23,654.36","0.00","23,654.36","22,772.00","-","United States","New York Stock Exchange Inc.","CAD","-","USD"
"VELO","VELO3D INC","Industrials","Equity","23,654.36","0.00","23,654.36","30,497.00","-","United States","NASDAQ","CAD","-","USD"
"HDSN","HUDSON TECHNOLOGIES INC","Industrials","Equity","22,958.65","0.00","22,958.65","62,224.00","-","United States","NASDAQ","CAD","-","USD"
"MBI","MBIA INC","Financials","Equity","22,958.65","0.00","22,958.65","69,166.00","-","United States","New York Stock Exchange Inc.","CAD","-","USD"
"NCMI","NATIONAL CINEMEDIA INC","Communication","Equity","22,958.65","0.00","22,958.65","142,847.00","-","United States","NASDAQ","CAD","-","USD"
"NUS","NU SKIN ENTERPRISES CLASS A","Consumer Staples","Equity","22,958.65","0.00","22,958.65","69,588.00","-","United States","New York Stock Exchange Inc.","CAD","-","USD"
"XPER","XPERI INC","Information Technology","Equity","22,958.65","0.00","22,958.65","56,753.00","-","United States","New York Stock Exchange Inc.","CAD","-","USD"
"PTLO","PORTILLO S INC CLASS A","Consumer Discretionary","Equity","22,262.93","0.00","22,262.93","82,351.00","-","United States","NASDAQ","CAD","-","USD"
"YSS","YORK SPACE SYSTEMS INC","Industrials","Equity","22,262.93","0.00","22,262.93","34,979.00","-","United States","New York Stock Exchange Inc.","CAD","-","USD"
"AVXL","ANAVEX LIFE SCIENCES CORP","Health Care","Equity","21,567.21","0.00","21,567.21","124,249.00","-","United States","NASDAQ","CAD","-","USD"
"LUCK","LUCKY STRIKE ENTERTAINMENT CORP CL","Consumer Discretionary","Equity","19,480.06","0.00","19,480.06","49,234.00","-","United States","New York Stock Exchange Inc.","CAD","-","USD"
"LTBR","LIGHTBRIDGE CORP","Energy","Equity","19,480.06","0.00","19,480.06","39,193.00","-","United States","NASDAQ","CAD","-","USD"
"NLOP","NET LEASE OFFICE PROPERTIES","Real Estate","Equity","19,480.06","0.00","19,480.06","25,022.00","-","United States","New York Stock Exchange Inc.","CAD","-","USD"
"UPB","UPSTREAM BIO","Health Care","Equity","19,480.06","0.00","19,480.06","50,015.00","-","United States","NASDAQ","CAD","-","USD"
"ANGI","ANGI INC CLASS A","Communication","Equity","18,784.35","0.00","18,784.35","48,787.00","-","United States","NASDAQ","CAD","-","USD"
"BYND","BEYOND MEAT","Consumer Staples","Equity","18,784.35","0.00","18,784.35","22,237.00","-","United States","NASDAQ","CAD","-","USD"
"EVGO","EVGO INC CLASS A","Consumer Discretionary","Equity","18,784.35","0.00","18,784.35","173,034.00","-","United States","NASDAQ","CAD","-","USD"
"PLAY","DAVE AND BUSTERS ENTERTAINMENT","Consumer Discretionary","Equity","18,088.63","0.00","18,088.63","38,086.00","-","United States","NASDAQ","CAD","-","USD"
"LAB","STANDARD BIOTOOLS","Health Care","Equity","18,088.63","0.00","18,088.63","336,644.00","-","United States","NASDAQ","CAD","-","USD"
"RXST","RXSIGHT","Health Care","Equity","18,088.63","0.00","18,088.63","47,072.00","-","United States","NASDAQ","CAD","-","USD"
"CMTG","CLAROS MORTGAGE TRUST INC","Financials","Equity","16,697.20","0.00","16,697.20","157,513.00","-","United States","New York Stock Exchange Inc.","CAD","-","USD"
"GOGO","GOGO","Communication","Equity","16,697.20","0.00","16,697.20","89,932.00","-","United States","NASDAQ","CAD","-","USD"
"UIS","UNISYS","Information Technology","Equity","16,697.20","0.00","16,697.20","92,559.00","-","United States","New York Stock Exchange Inc.","CAD","-","USD"
"AIAI","AIAI HOLDINGS CORP CLASS A","Industrials","Equity","14,610.05","0.00","14,610.05","62,841.00","-","United States","NASDAQ","CAD","-","USD"
"DVLT","DATAVAULT AI INC","Information Technology","Equity","14,610.05","0.00","14,610.05","1,217,027.00","-","United States","NASDAQ","CAD","-","USD"
"KULR","KULR TECHNOLOGY GROUP INC","Industrials","Equity","13,914.33","0.00","13,914.33","81,362.00","-","United States","Nyse Mkt Llc","CAD","-","USD"
"LFMD","LIFEMD INC","Health Care","Equity","13,914.33","0.00","13,914.33","59,940.00","-","United States","NASDAQ","CAD","-","USD"
"LDI","LOANDEPOT INC CLASS A","Financials","Equity","13,914.33","0.00","13,914.33","261,493.00","-","United States","New York Stock Exchange Inc.","CAD","-","USD"
"SES","SES AI CLASS A","Industrials","Equity","13,218.61","0.00","13,218.61","338,814.00","-","United States","New York Stock Exchange Inc.","CAD","-","USD"
"SITC","SITE CENTERS","Real Estate","Equity","12,522.90","0.00","12,522.90","59,233.00","-","United States","New York Stock Exchange Inc.","CAD","-","USD"
"MVST","MICROVAST HOLDINGS","Industrials","Equity","12,522.90","0.00","12,522.90","275,319.00","-","United States","NASDAQ","CAD","-","USD"
"SPCE","VIRGIN GALACTIC HOLDINGS INC SHS C","Industrials","Equity","11,827.18","0.00","11,827.18","51,601.00","-","United States","New York Stock Exchange Inc.","CAD","-","USD"
"BETR","BETTER HOME FINANCE HOLDING CLASS","Financials","Equity","11,131.46","0.00","11,131.46","12,670.00","-","United States","NASDAQ","CAD","-","USD"
"SSTK","SHUTTERSTOCK","Communication","Equity","11,131.46","0.00","11,131.46","31,596.00","-","United States","New York Stock Exchange Inc.","CAD","-","USD"
"SION","SIONNA THERAPEUTICS","Health Care","Equity","11,131.46","0.00","11,131.46","21,724.00","-","United States","NASDAQ","CAD","-","USD"
"THRY","THRYV HOLDINGS INC","Information Technology","Equity","10,435.75","0.00","10,435.75","77,680.00","-","United States","NASDAQ","CAD","-","USD"
"CABO","CABLE ONE INC","Communication","Equity","9,740.03","0.00","9,740.03","7,376.00","-","United States","New York Stock Exchange Inc.","CAD","-","USD"
"ACH","ACCENDRA HEALTH","Health Care","Equity","7,652.88","0.00","7,652.88","105,616.00","-","United States","New York Stock Exchange Inc.","CAD","-","USD"
"INH","INHIBRX INC CVR","Health Care","Equity","4,870.02","0.00","4,870.02","34,925.00","-","United States","NO MARKET (E.G. UNLISTED)","CAD","-","USD"
"AKE","AKERO THERAPEUTICS CVR","Health Care","Equity","4,174.30","0.00","4,174.30","92,024.00","-","United States","NASDAQ","CAD","-","USD"
"ADRO","CHINOOK THERAPEUTICS INC CVR","Health Care","Equity","0.00","0.00","0.00","4,142.00","-","United States","NO MARKET (E.G. UNLISTED)","CAD","-","USD"
"-","AEGLEA BIOTHERAPEUTICS INC","Health Care","Equity","0.00","0.00","0.00","33,728.00","0.00","United States","NASDAQ","CAD","-","USD"
"-","BOWL AMERICA INC ESCROW","Other","Equity","0.00","0.00","0.00","686.00","0.00","United States","-","CAD","-","USD"
"HNR","HARVEST NATURAL RESOURCES INC","Energy","Equity","0.00","0.00","0.00","8,626.00","0.00","United States","New York Stock Exchange Inc.","CAD","-","USD"
"IBO","IMPACT BIOMEDICAL INC LOCKED 180 D","Health Care","Equity","0.00","0.00","0.00","6.00","-","United States","Nyse Mkt Llc","CAD","-","USD"
"-","DIANTHUS THERAPEUTICS INC CVR","Health Care","Equity","0.00","0.00","0.00","19,948.00","-","United States","NASDAQ","CAD","-","USD"
"-","OMNIAB INC $12.50 VESTING Prvt","Health Care","Equity","0.00","0.00","0.00","7,100.00","0.00","United States","NO MARKET (E.G. UNLISTED)","CAD","-","USD"
"-","OMNIAB INC $15.00 VESTING Prvt","Health Care","Equity","0.00","0.00","0.00","7,100.00","0.00","United States","NO MARKET (E.G. UNLISTED)","CAD","-","USD"
"OPENZ","OPENDOOR TECHNOLOGIES EQUITY WARRA","Real Estate","Equity","0.00","0.00","0.00","26,020.00","-","United States","NASDAQ","CAD","-","USD"
"PDLI","PDL BIOPHARMA INC","Health Care","Equity","0.00","0.00","0.00","135,868.00","0.00","United States","NASDAQ","CAD","-","USD"
"-","REXAHN PHARMACEUTICALS CVR","Health Care","Equity","0.00","0.00","0.00","266.00","-","United States","NASDAQ","CAD","-","USD"
"-","QUALIGEN THERAPEUTICS INC - CVR","Health Care","Equity","0.00","0.00","0.00","14,465.00","0.00","United States","NO MARKET (E.G. UNLISTED)","CAD","-","USD"
"SOC","SRAX INC","Information Technology","Equity","0.00","0.00","0.00","10,903.00","-","United States","NASDAQ","CAD","-","USD"
"SEEL","SEELOS THERAPEUTICS","Health Care","Equity","0.00","0.00","0.00","43.00","-","United States","NO MARKET (E.G. UNLISTED)","CAD","-","USD"
"GTXI","GTXI INC - CVR","Health Care","Equity","0.00","0.00","0.00","722.00","0.00","United States","NASDAQ","CAD","-","USD"
"-","CATALYST BIOSCIENCES INC CVR","Health Care","Equity","0.00","0.00","0.00","7,839.00","0.00","United States","NASDAQ","CAD","-","USD"
"-","CARISMA THERAPEUTICS INC","Health Care","Equity","0.00","0.00","0.00","167,980.00","0.00","United States","NO MARKET (E.G. UNLISTED)","CAD","-","USD"
"1697089D","NEUROGENE INC CVR","Health Care","Equity","0.00","0.00","0.00","10.00","0.00","United States","NASDAQ","CAD","-","USD"
"-","ARCELLX INC CVR","Health Care","Equity","0.00","0.00","0.00","57,834.00","-","United States","NO MARKET (E.G. UNLISTED)","CAD","-","USD"
"HOLX","HOLOGIC INC","Health Care","Equity","0.00","0.00","0.00","284,563.00","-","United States","NO MARKET (E.G. UNLISTED)","CAD","-","USD"
"TSE","TRINSEO PLC Prvt","Materials","Equity","0.00","0.00","0.00","66,381.00","0.00","United States","NO MARKET (E.G. UNLISTED)","CAD","-","USD"
"FAZ6","S&P MID 400 EMINI DEC 26","Cash and/or Derivatives","Futures","0.00","0.00","0.00","35.00","-","-","Index And Options Market","CAD","-","USD"
"ESZ6","S&P500 EMINI DEC 26","Cash and/or Derivatives","Futures","0.00","0.00","0.00","321.00","-","-","Index And Options Market","CAD","-","USD"
 